gene,thermostability,Wildtype_AA,position,Mutated_AA,one_letter_mutation,drug,confidence,delta_z,frequency,phenotype,Proximity_to_R_Conferring,Nearest_Mutation_Index,aa_index_dist,llr_score
gyrA,1.456820987359606,T,5,A,T5A,MXF,3) Uncertain significance,0.021835633,0.0714285714285714,Unknown,,,26.41694255168034,-0.5688432455062866
gyrA,1.456820987359606,T,5,A,T5A,LEV,3) Uncertain significance,0.021835633,0.2142857142857142,Unknown,,,26.41694255168034,-0.5688432455062866
gyrA,5.83347619319693,P,7,L,P7L,LEV,3) Uncertain significance,0.029658921,0.0,Unknown,40.5521354675293,88.0,49.27170475166683,-0.5901205539703369
gyrA,5.83347619319693,P,7,L,P7L,MXF,3) Uncertain significance,0.029658921,0.0,Unknown,40.5521354675293,88.0,49.27170475166683,-0.5901205539703369
gyrA,3.5488418964814628,P,8,A,P8A,LEV,3) Uncertain significance,0.027131217,0.0,Unknown,40.89002990722656,88.0,43.279408841284464,0.6020939350128174
gyrA,3.5488418964814628,P,8,A,P8A,MXF,3) Uncertain significance,0.027131217,0.0,Unknown,40.89002990722656,88.0,43.279408841284464,0.6020939350128174
gyrA,6.890587998999536,L,12,F,L12F,LEV,3) Uncertain significance,0.018129557,0.0,Unknown,35.47434997558594,88.0,22.8377240877722,-1.5688469409942627
gyrA,6.890587998999536,L,12,F,L12F,MXF,3) Uncertain significance,0.018129557,0.0,Unknown,35.47434997558594,88.0,22.8377240877722,-1.5688469409942627
gyrA,52.0414264120484,R,14,L,R14L,MXF,3) Uncertain significance,0.022370331,0.0,Unknown,33.42171096801758,88.0,40.57857118014128,0.8306546211242676
gyrA,52.0414264120484,R,14,L,R14L,LEV,3) Uncertain significance,0.022370331,0.0,Unknown,33.42171096801758,88.0,40.57857118014128,0.8306546211242676
gyrA,-0.0802575745929061,I,15,V,I15V,MXF,3) Uncertain significance,0.018765707,0.0,Unknown,32.68861770629883,88.0,15.178921907491468,1.357173204421997
gyrA,-0.0802575745929061,I,15,V,I15V,LEV,3) Uncertain significance,0.018765707,0.0,Unknown,32.68861770629883,88.0,15.178921907491468,1.357173204421997
gyrA,3.1654913401548583,P,17,L,P17L,LEV,3) Uncertain significance,0.022864496,0.0,Unknown,28.22919273376465,88.0,49.27170475166683,2.2414172887802124
gyrA,3.1654913401548583,P,17,L,P17L,MXF,3) Uncertain significance,0.022864496,0.0,Unknown,28.22919273376465,88.0,49.27170475166683,2.2414172887802124
gyrA,0.5185479379208573,P,17,S,P17S,MXF,3) Uncertain significance,0.023253376,0.0,Unknown,28.22919273376465,88.0,33.197952790471106,-0.1671020984649658
gyrA,0.5185479379208573,P,17,S,P17S,LEV,3) Uncertain significance,0.023253376,0.0,Unknown,28.22919273376465,88.0,33.197952790471106,-0.1671020984649658
gyrA,1.2095712527691376,E,21,Q,E21Q,MXF,5) Not assoc w R,0.019063499,0.158527749601507,Susceptible,23.73312759399414,88.0,21.817564078907125,-0.1355288028717041
gyrA,1.2095712527691376,E,21,Q,E21Q,LEV,5) Not assoc w R,0.019063499,0.1960003883118143,Susceptible,23.73312759399414,88.0,21.817564078907125,-0.1355288028717041
gyrA,2.4292882067752544,Q,22,H,Q22H,MXF,3) Uncertain significance,0.03886608,0.0,Unknown,24.739965438842773,88.0,22.559771492482422,-2.8090949058532715
gyrA,2.4292882067752544,Q,22,H,Q22H,LEV,3) Uncertain significance,0.03886608,0.0,Unknown,24.739965438842773,88.0,22.559771492482422,-2.8090949058532715
gyrA,1.7933409367813056,Q,22,R,Q22R,LEV,3) Uncertain significance,0.029179202,0.0,Unknown,24.739965438842773,88.0,22.596164034846936,-2.6516313552856445
gyrA,0.3415183916838487,Q,25,E,Q25E,LEV,3) Uncertain significance,0.025107382,0.0,Unknown,20.87117958068848,88.0,21.817564078907125,-0.7583529949188232
gyrA,0.3415183916838487,Q,25,E,Q25E,MXF,3) Uncertain significance,0.025107382,0.0,Unknown,20.87117958068848,88.0,21.817564078907125,-0.7583529949188232
gyrA,2.2407386937097726,R,26,H,R26H,MXF,3) Uncertain significance,0.030053869,0.0,Unknown,21.03564071655273,88.0,26.692906012304967,0.9033603668212892
gyrA,2.2407386937097726,R,26,H,R26H,LEV,3) Uncertain significance,0.030053869,0.0,Unknown,21.03564071655273,88.0,26.692906012304967,0.9033603668212892
gyrA,3.09282210692254,R,26,C,R26C,MXF,3) Uncertain significance,0.07404898,0.0,Unknown,21.03564071655273,88.0,40.517919150720246,-0.3945498466491699
gyrA,3.09282210692254,R,26,C,R26C,LEV,3) Uncertain significance,0.07404898,0.0,Unknown,21.03564071655273,88.0,40.517919150720246,-0.3945498466491699
gyrA,8.09702306951931,A,40,T,A40T,LEV,3) Uncertain significance,0.01783884,0.0,Unknown,14.674671173095703,94.0,26.41694255168034,0.1666293144226074
gyrA,0.4256384455557054,F,60,Y,F60Y,LEV,3) Uncertain significance,0.02834437,0.0,Unknown,12.945391654968262,94.0,23.047828349013603,0.6007652282714844
gyrA,240.65648713823973,S,62,F,S62F,LEV,3) Uncertain significance,0.022527909,0.0,Unknown,13.800773620605469,90.0,38.08678371297432,-2.9601054191589355
gyrA,240.65648713823973,S,62,F,S62F,MXF,3) Uncertain significance,0.022527909,0.0,Unknown,13.800773620605469,90.0,38.08678371297432,-2.9601054191589355
gyrA,3.185610989304223,S,69,G,S69G,LEV,3) Uncertain significance,0.017428922,0.0,Unknown,6.948422908782959,90.0,26.911928800176504,-0.3287920951843261
gyrA,3.185610989304223,S,69,G,S69G,MXF,3) Uncertain significance,0.017428922,0.0,Unknown,6.948422908782959,90.0,26.911928800176504,-0.3287920951843261
gyrA,4.786603356354817,R,65,H,R65H,MXF,3) Uncertain significance,0.029087773,0.0,Unknown,7.284006595611572,90.0,26.692906012304967,-0.1143534183502197
gyrA,4.786603356354817,R,65,H,R65H,LEV,3) Uncertain significance,0.029087773,0.0,Unknown,7.284006595611572,90.0,26.692906012304967,-0.1143534183502197
gyrA,2.042152660154443,R,68,C,R68C,MXF,3) Uncertain significance,0.08936268,0.0,Unknown,6.560360431671143,90.0,40.517919150720246,-8.610936403274536
gyrA,2.042152660154443,R,68,C,R68C,LEV,3) Uncertain significance,0.08936268,0.0,Unknown,6.560360431671143,90.0,40.517919150720246,-8.610936403274536
gyrA,9.969744369515864,G,63,A,G63A,MXF,3) Uncertain significance,0.022841983,0.0,Unknown,11.983634948730469,90.0,34.52555545602958,0.9244997501373292
gyrA,10.795391126048116,G,63,R,G63R,LEV,3) Uncertain significance,0.022654925,0.0,Unknown,11.983634948730469,90.0,44.1492475965258,-0.0155615806579589
gyrA,10.795391126048116,G,63,R,G63R,MXF,3) Uncertain significance,0.022654925,0.0,Unknown,11.983634948730469,90.0,44.1492475965258,-0.0155615806579589
gyrA,4.8860378307831525,F,64,L,F64L,LEV,3) Uncertain significance,0.018259367,0.0,Unknown,8.6624755859375,94.0,22.8377240877722,2.080718517303467
gyrA,1.495339286542503,H,70,R,H70R,MXF,3) Uncertain significance,0.026772074,0.5,Unknown,3.620197057723999,90.0,26.692906012304967,2.138374090194702
gyrA,1.495339286542503,H,70,R,H70R,LEV,3) Uncertain significance,0.026772074,1.0,Unknown,3.620197057723999,90.0,26.692906012304967,2.138374090194702
gyrA,1.7945942649264452,A,74,S,A74S,MXF,3) Uncertain significance,0.023523191,0.75,Unknown,6.361884117126465,90.0,26.48144300167584,0.3368387222290039
gyrA,1.7945942649264452,A,74,S,A74S,LEV,3) Uncertain significance,0.023523191,0.8333333333333334,Unknown,6.361884117126465,90.0,26.48144300167584,0.3368387222290039
gyrA,3.994621547043153,A,74,T,A74T,MXF,3) Uncertain significance,0.020806478,0.0,Unknown,6.361884117126465,90.0,26.41694255168034,0.5057885646820068
gyrA,3.994621547043153,A,74,T,A74T,LEV,3) Uncertain significance,0.020806478,0.0,Unknown,6.361884117126465,90.0,26.41694255168034,0.5057885646820068
gyrA,1.659254285396628,E,79,D,E79D,LEV,3) Uncertain significance,0.019446526,0.0,Unknown,9.783496856689451,88.0,23.13284454741382,-1.932658672332764
gyrA,1.659254285396628,E,79,D,E79D,MXF,3) Uncertain significance,0.019446526,0.0,Unknown,9.783496856689451,88.0,23.13284454741382,-1.932658672332764
gyrA,2.974008022696353,T,80,A,T80A,LEV,4) Not assoc w R - Interim,0.018483851,0.0,Susceptible,13.546116828918455,88.0,26.41694255168034,-1.124453067779541
gyrA,2.974008022696353,T,80,A,T80A,MXF,4) Not assoc w R - Interim,0.018483851,0.0,Susceptible,13.546116828918455,88.0,26.41694255168034,-1.124453067779541
gyrA,0.5128978713273682,E,79,K,E79K,LEV,3) Uncertain significance,0.031057376,0.0,Unknown,9.783496856689451,88.0,24.435330484711496,-1.625450611114502
gyrA,17.08604257478237,G,88,C,G88C,LEV,1) Assoc w R,0.06797354,1.0,Resistant,3.4225399494171143,90.0,41.869754062050006,-3.463876247406006
gyrA,17.08604257478237,G,88,C,G88C,MXF,1) Assoc w R,0.06797354,0.935483870967742,Resistant,3.4225399494171143,90.0,41.869754062050006,-3.463876247406006
gyrA,0.7729798578181999,A,90,G,A90G,MXF,4) Not assoc w R - Interim,0.021145554,0.0,Susceptible,1.3368444442749023,91.0,34.52555545602958,-3.383549928665161
gyrA,0.7729798578181999,A,90,G,A90G,LEV,4) Not assoc w R - Interim,0.021145554,0.0,Susceptible,1.3368444442749023,91.0,34.52555545602958,-3.383549928665161
gyrA,16.94784214867491,G,88,A,G88A,LEV,2) Assoc w R - Interim,0.01679099,0.5,Resistant,3.4225399494171143,90.0,34.52555545602958,1.307405948638916
gyrA,16.94784214867491,G,88,A,G88A,MXF,2) Assoc w R - Interim,0.01679099,0.3076923076923077,Resistant,3.4225399494171143,90.0,34.52555545602958,1.307405948638916
gyrA,0.4052717042820859,A,90,V,A90V,LEV,1) Assoc w R,0.019235695,0.904127829560586,Resistant,1.3368444442749023,91.0,27.72096759262996,-4.767709493637085
gyrA,0.4052717042820859,A,90,V,A90V,MXF,1) Assoc w R,0.019235695,0.4778106508875739,Resistant,1.3368444442749023,91.0,27.72096759262996,-4.767709493637085
gyrA,15.786441789030278,G,88,N,G88N,LEV,3) Uncertain significance,0.01808455,1.0,Unknown,3.4225399494171143,90.0,30.792138261081394,0.9776182174682616
gyrA,-0.4424026242863874,D,89,N,D89N,LEV,3) Uncertain significance,0.019091131,0.5,Unknown,1.3363823890686035,90.0,20.632582370741144,0.0674290657043457
gyrA,-0.4424026242863874,D,89,N,D89N,MXF,3) Uncertain significance,0.019091131,0.5,Unknown,1.3363823890686035,90.0,20.632582370741144,0.0674290657043457
gyrA,1.8571387282884189,D,89,G,D89G,LEV,3) Uncertain significance,0.023139613,0.4,Unknown,1.3363823890686035,90.0,34.61903783109632,1.353039264678955
gyrA,1.8571387282884189,D,89,G,D89G,MXF,3) Uncertain significance,0.023139613,0.5,Unknown,1.3363823890686035,90.0,34.61903783109632,1.353039264678955
gyrA,1.262767084873758,D,94,N,D94N,MXF,1) Assoc w R,0.023391752,0.7980295566502463,Resistant,2.977003574371338,91.0,20.632582370741144,1.15826416015625
gyrA,1.262767084873758,D,94,N,D94N,LEV,1) Assoc w R,0.023391752,0.9515418502202644,Resistant,2.977003574371338,91.0,20.632582370741144,1.15826416015625
gyrA,43.848337326275896,S,91,P,S91P,LEV,1) Assoc w R,0.021954851,0.8639455782312925,Resistant,1.3368444442749023,90.0,33.197952790471106,-1.8103294372558596
gyrA,43.848337326275896,S,91,P,S91P,MXF,1) Assoc w R,0.021954851,0.6164383561643836,Resistant,1.3368444442749023,90.0,33.197952790471106,-1.8103294372558596
gyrA,1.148505280894824,D,94,Y,D94Y,LEV,1) Assoc w R,0.03306809,0.913793103448276,Resistant,2.977003574371338,91.0,36.32517153463494,-0.5828042030334473
gyrA,1.148505280894824,D,94,Y,D94Y,MXF,1) Assoc w R,0.03306809,0.6936936936936937,Resistant,2.977003574371338,91.0,36.32517153463494,-0.5828042030334473
gyrA,0.2378511263382279,D,94,A,D94A,MXF,1) Assoc w R,0.022394208,0.5434782608695652,Resistant,2.977003574371338,91.0,32.79578065715211,6.924552708864212
gyrA,0.2378511263382279,D,94,A,D94A,LEV,1) Assoc w R,0.022394208,0.8871595330739299,Resistant,2.977003574371338,91.0,32.79578065715211,6.924552708864212
gyrA,2.1898901897393444,D,94,G,D94G,LEV,1) Assoc w R,0.026952859,0.958904109589041,Resistant,2.977003574371338,91.0,34.61903783109632,2.6010475158691406
gyrA,2.1898901897393444,D,94,G,D94G,MXF,1) Assoc w R,0.026952859,0.7136602451838879,Resistant,2.977003574371338,91.0,34.61903783109632,2.6010475158691406
gyrA,5.507041846553648,D,94,V,D94V,MXF,3) Uncertain significance,0.036413822,0.0,Unknown,2.977003574371338,91.0,42.073261479334384,3.6900808811187744
gyrA,5.507041846553648,D,94,V,D94V,LEV,3) Uncertain significance,0.036413822,1.0,Unknown,2.977003574371338,91.0,42.073261479334384,3.6900808811187744
gyrA,1.6303116331903311,D,94,H,D94H,LEV,1) Assoc w R,0.03340395,0.9411764705882352,Resistant,2.977003574371338,91.0,29.775078049524573,1.2549586296081543
gyrA,1.6303116331903311,D,94,H,D94H,MXF,1) Assoc w R,0.03340395,0.6341463414634146,Resistant,2.977003574371338,91.0,29.775078049524573,1.2549586296081543
gyrA,47.6597824241062,S,95,T,S95T,LEV,5) Not assoc w R,0.016950835,0.2003739482704892,Susceptible,1.3368861675262451,94.0,17.12767927453449,2.339137077331543
gyrA,47.6597824241062,S,95,T,S95T,MXF,5) Not assoc w R,0.016950835,0.1611659469463294,Susceptible,1.3368861675262451,94.0,17.12767927453449,2.339137077331543
gyrA,313.9726780404087,M,99,I,M99I,MXF,3) Uncertain significance,0.027322808,0.0,Unknown,5.392722606658936,94.0,24.48735007204724,-0.7305645942687988
gyrA,313.9726780404087,M,99,I,M99I,LEV,3) Uncertain significance,0.027322808,0.0,Unknown,5.392722606658936,94.0,24.48735007204724,-0.7305645942687988
gyrA,-2.5186910464838093,S,95,A,S95A,LEV,3) Uncertain significance,0.020587655,1.0,Unknown,1.3368861675262451,94.0,26.48144300167584,1.890122413635254
gyrA,-2.5186910464838093,S,95,A,S95A,MXF,3) Uncertain significance,0.020587655,0.0,Unknown,1.3368861675262451,94.0,26.48144300167584,1.890122413635254
gyrA,57.41888761456539,M,99,V,M99V,LEV,3) Uncertain significance,0.027087526,0.0,Unknown,5.392722606658936,94.0,26.61946259943389,2.0532093048095703
gyrA,2.7864753253629715,P,102,L,P102L,LEV,3) Uncertain significance,0.029312037,1.0,Unknown,4.513479232788086,94.0,49.27170475166683,2.174188137054444
gyrA,2.7864753253629715,P,102,L,P102L,MXF,3) Uncertain significance,0.029312037,1.0,Unknown,4.513479232788086,94.0,49.27170475166683,2.174188137054444
gyrA,-1.17221461686745,S,104,L,S104L,LEV,3) Uncertain significance,0.025181673,0.0,Unknown,3.303990125656128,94.0,37.32648951510237,2.285473108291626
gyrA,-1.17221461686745,S,104,L,S104L,MXF,3) Uncertain significance,0.025181673,0.0,Unknown,3.303990125656128,94.0,37.32648951510237,2.285473108291626
gyrA,3.019910408752139,R,106,C,R106C,LEV,3) Uncertain significance,0.074732125,0.0,Unknown,4.18735408782959,94.0,40.517919150720246,-2.8892507553100586
gyrA,3.019910408752139,R,106,C,R106C,MXF,3) Uncertain significance,0.074732125,0.0,Unknown,4.18735408782959,94.0,40.517919150720246,-2.8892507553100586
gyrA,7.549379063339984,P,108,S,P108S,MXF,3) Uncertain significance,0.021344278,0.0,Unknown,8.198787689208984,94.0,33.197952790471106,-1.4531316757202148
gyrA,7.549379063339984,P,108,S,P108S,LEV,3) Uncertain significance,0.021344278,0.0,Unknown,8.198787689208984,94.0,33.197952790471106,-1.4531316757202148
gyrA,4.574127742999963,L,105,R,L105R,MXF,3) Uncertain significance,0.022727886,0.3333333333333333,Unknown,4.942738056182861,94.0,40.57857118014128,3.3560329228639603
gyrA,4.574127742999963,L,105,R,L105R,LEV,3) Uncertain significance,0.022727886,0.3333333333333333,Unknown,4.942738056182861,94.0,40.57857118014128,3.3560329228639603
gyrA,1.4969931764812827,Q,113,E,Q113E,MXF,3) Uncertain significance,0.033759855,0.0,Unknown,9.861753463745115,91.0,21.817564078907125,-0.0156421661376953
gyrA,1.4969931764812827,Q,113,E,Q113E,LEV,3) Uncertain significance,0.033759855,0.0,Unknown,9.861753463745115,91.0,21.817564078907125,-0.0156421661376953
gyrA,8.524163544391286,D,111,G,D111G,LEV,3) Uncertain significance,0.034397177,0.0,Unknown,5.289326190948486,91.0,34.61903783109632,6.078703004866839
gyrA,8.524163544391286,D,111,G,D111G,MXF,3) Uncertain significance,0.034397177,0.0,Unknown,5.289326190948486,91.0,34.61903783109632,6.078703004866839
gyrA,5.502367796972067,P,119,L,P119L,MXF,3) Uncertain significance,0.036641557,0.0,Unknown,5.751189231872559,91.0,49.27170475166683,1.837122917175293
gyrA,5.502367796972067,P,119,L,P119L,LEV,3) Uncertain significance,0.036641557,0.0,Unknown,5.751189231872559,91.0,49.27170475166683,1.837122917175293
gyrA,-0.9788579765033774,A,126,E,A126E,MXF,3) Uncertain significance,0.02001612,0.0,Unknown,4.015600204467773,90.0,28.30103222386084,-3.467407464981079
gyrA,-0.9788579765033774,A,126,E,A126E,LEV,3) Uncertain significance,0.02001612,0.0,Unknown,4.015600204467773,90.0,28.30103222386084,-3.467407464981079
gyrA,1.1294782055476844,A,126,S,A126S,LEV,3) Uncertain significance,0.019504346,0.5,Unknown,4.015600204467773,90.0,26.48144300167584,-0.5335681438446045
gyrA,3.753215804879346,A,126,V,A126V,MXF,3) Uncertain significance,0.014900643,0.0,Unknown,4.015600204467773,90.0,27.72096759262996,-1.6846530437469482
gyrA,1.5223873530806031,T,135,S,T135S,MXF,3) Uncertain significance,0.017947039,1.0,Unknown,12.440960884094238,94.0,17.12767927453449,0.4066903591156006
gyrA,1.5223873530806031,T,135,S,T135S,LEV,3) Uncertain significance,0.017947039,1.0,Unknown,12.440960884094238,94.0,17.12767927453449,0.4066903591156006
gyrA,10.51630641277211,L,134,M,L134M,LEV,3) Uncertain significance,0.026754402,1.0,Unknown,15.03553867340088,94.0,24.945776373708327,-1.575169563293457
gyrA,10.51630641277211,L,134,M,L134M,MXF,3) Uncertain significance,0.026754402,0.0,Unknown,15.03553867340088,94.0,24.945776373708327,-1.575169563293457
gyrA,4.932924153585645,M,139,V,M139V,LEV,3) Uncertain significance,0.030961914,0.0,Unknown,16.728513717651367,90.0,26.61946259943389,0.5092277526855469
gyrA,6.2835041206813,E,140,G,E140G,LEV,3) Uncertain significance,0.0260204,0.0,Unknown,20.905527114868164,90.0,42.48882015717018,-1.0879840850830078
gyrA,6.2835041206813,E,140,G,E140G,MXF,3) Uncertain significance,0.0260204,0.0,Unknown,20.905527114868164,90.0,42.48882015717018,-1.0879840850830078
gyrA,5.20907297007966,M,139,T,M139T,MXF,3) Uncertain significance,0.03644263,0.0,Unknown,16.728513717651367,90.0,32.68277833750696,1.905961275100708
gyrA,5.20907297007966,M,139,T,M139T,LEV,3) Uncertain significance,0.03644263,0.0,Unknown,16.728513717651367,90.0,32.68277833750696,1.905961275100708
gyrA,-1.4884465882792028,R,143,K,R143K,LEV,3) Uncertain significance,0.035769816,0.0,Unknown,22.44068717956543,90.0,22.54394404482823,-0.6352205276489258
gyrA,2.055211287120528,L,142,V,L142V,MXF,3) Uncertain significance,0.015419742,0.0,Unknown,25.00774574279785,90.0,21.74847419041692,-1.57305908203125
gyrA,2.055211287120528,L,142,V,L142V,LEV,3) Uncertain significance,0.015419742,0.0,Unknown,25.00774574279785,90.0,21.74847419041692,-1.57305908203125
gyrA,0.2399618092269975,E,148,D,E148D,LEV,3) Uncertain significance,0.01725044,0.0,Unknown,20.993009567260746,90.0,23.13284454741382,0.0942473411560058
gyrA,0.2399618092269975,E,148,D,E148D,MXF,3) Uncertain significance,0.01725044,0.0,Unknown,20.993009567260746,90.0,23.13284454741382,0.0942473411560058
gyrA,-1.2012415827018683,E,144,Q,E144Q,LEV,3) Uncertain significance,0.030779697,0.0,Unknown,20.443050384521484,90.0,21.817564078907125,0.0524187088012695
gyrA,25.002114065208843,M,141,I,M141I,MXF,3) Uncertain significance,0.029686416,0.0,Unknown,23.66614532470703,90.0,24.48735007204724,0.5747244358062744
gyrA,25.002114065208843,M,141,I,M141I,LEV,3) Uncertain significance,0.029686416,0.0,Unknown,23.66614532470703,90.0,24.48735007204724,0.5747244358062744
gyrA,4.846342250118369,M,141,T,M141T,LEV,3) Uncertain significance,0.031183533,0.0,Unknown,23.66614532470703,90.0,32.68277833750696,-2.297361135482788
gyrA,4.846342250118369,M,141,T,M141T,MXF,3) Uncertain significance,0.031183533,0.0,Unknown,23.66614532470703,90.0,32.68277833750696,-2.297361135482788
gyrA,3.528716205759565,P,154,R,P154R,LEV,3) Uncertain significance,0.032940656,0.0,Unknown,17.243303298950195,90.0,42.60148692869801,1.1544995307922363
gyrA,3.528716205759565,P,154,R,P154R,MXF,3) Uncertain significance,0.032940656,0.0,Unknown,17.243303298950195,90.0,42.60148692869801,1.1544995307922363
gyrA,2.1585863769864773,I,153,S,I153S,LEV,3) Uncertain significance,0.020291774,0.0,Unknown,21.29534912109375,90.0,38.25058504319116,2.400069236755371
gyrA,5.714048348002507,F,152,L,F152L,MXF,3) Uncertain significance,0.01875575,0.0,Unknown,22.476213455200195,90.0,22.8377240877722,3.0283498764038086
gyrA,5.714048348002507,F,152,L,F152L,LEV,3) Uncertain significance,0.01875575,0.0,Unknown,22.476213455200195,90.0,22.8377240877722,3.0283498764038086
gyrA,2.164602495484587,P,154,L,P154L,LEV,3) Uncertain significance,0.03752709,0.0,Unknown,17.243303298950195,90.0,49.27170475166683,0.241466999053955
gyrA,3.585700309949289,G,158,S,G158S,MXF,3) Uncertain significance,0.02188268,0.0,Unknown,17.484159469604492,90.0,26.911928800176504,4.023935377597809
gyrA,3.585700309949289,G,158,S,G158S,LEV,3) Uncertain significance,0.02188268,0.0,Unknown,17.484159469604492,90.0,26.911928800176504,4.023935377597809
gyrA,2.003455227374161,T,164,M,T164M,LEV,3) Uncertain significance,0.027892169,0.0,Unknown,12.354164123535156,94.0,32.68277833750696,-0.4926133155822754
gyrA,9.301308279109437,S,168,N,S168N,LEV,3) Uncertain significance,0.023425903,0.0,Unknown,15.84889793395996,94.0,19.57151835136661,-0.6228899955749512
gyrA,72.17010561708071,S,168,T,S168T,MXF,3) Uncertain significance,0.01736414,0.0,Unknown,15.84889793395996,94.0,17.12767927453449,-0.1675248146057129
gyrA,72.17010561708071,S,168,T,S168T,LEV,3) Uncertain significance,0.01736414,0.0,Unknown,15.84889793395996,94.0,17.12767927453449,-0.1675248146057129
gyrA,3.434968792345217,A,186,T,A186T,LEV,3) Uncertain significance,0.016601529,0.0,Unknown,15.80591106414795,94.0,26.41694255168034,4.288099326193333
gyrA,3.434968792345217,A,186,T,A186T,MXF,3) Uncertain significance,0.016601529,0.0,Unknown,15.80591106414795,94.0,26.41694255168034,4.288099326193333
gyrA,8.46078045936656,I,189,M,I189M,MXF,3) Uncertain significance,0.025325714,0.0,Unknown,19.58915901184082,94.0,24.48735007204724,-0.3722124099731445
gyrA,8.46078045936656,I,189,M,I189M,LEV,3) Uncertain significance,0.025325714,0.0,Unknown,19.58915901184082,94.0,24.48735007204724,-0.3722124099731445
gyrA,1.0723827031272322,I,189,V,I189V,LEV,3) Uncertain significance,0.017966975,0.0,Unknown,19.58915901184082,94.0,15.178921907491468,1.983712673187256
gyrA,1.0723827031272322,I,189,V,I189V,MXF,3) Uncertain significance,0.017966975,0.0,Unknown,19.58915901184082,94.0,15.178921907491468,1.983712673187256
gyrA,6.8106250678501965,R,195,G,R195G,MXF,3) Uncertain significance,0.02289619,0.0,Unknown,23.504301071166992,94.0,44.1492475965258,1.7434101104736328
gyrA,6.8106250678501965,R,195,G,R195G,LEV,3) Uncertain significance,0.02289619,0.0,Unknown,23.504301071166992,94.0,44.1492475965258,1.7434101104736328
gyrA,4.077674398768295,N,193,S,N193S,LEV,3) Uncertain significance,0.019902565,0.0925925925925925,Unknown,24.821287155151367,94.0,19.57151835136661,1.475316047668457
gyrA,4.077674398768295,N,193,S,N193S,MXF,3) Uncertain significance,0.019902565,0.12,Unknown,24.821287155151367,94.0,19.57151835136661,1.475316047668457
gyrA,14.824776390704072,H,192,Q,H192Q,MXF,3) Uncertain significance,0.04080369,0.0,Unknown,22.08195686340332,94.0,22.559771492482422,-0.8115620613098145
gyrA,14.824776390704072,H,192,Q,H192Q,LEV,3) Uncertain significance,0.04080369,0.0,Unknown,22.08195686340332,94.0,22.559771492482422,-0.8115620613098145
gyrA,4.894203531767289,A,198,G,A198G,LEV,3) Uncertain significance,0.025231583,0.0,Unknown,29.268943786621094,94.0,34.52555545602958,-0.9862964153289796
gyrA,-0.9607465925671476,D,199,Y,D199Y,LEV,3) Uncertain significance,0.02831824,0.0,Unknown,28.106204986572266,94.0,36.32517153463494,-0.5191044807434082
gyrA,-1.1093821737410965,D,199,E,D199E,LEV,3) Uncertain significance,0.019206563,0.0,Unknown,28.106204986572266,94.0,23.13284454741382,0.4035201072692871
gyrA,1.5561781381850324,E,206,D,E206D,LEV,3) Uncertain significance,0.021277303,0.0,Unknown,34.02851486206055,94.0,23.13284454741382,0.040802001953125
gyrA,0.1915439133263135,D,209,E,D209E,LEV,3) Uncertain significance,0.020004096,0.0,Unknown,31.17039680480957,94.0,23.13284454741382,0.0142321586608886
gyrA,2.1965475022409464,D,209,G,D209G,LEV,3) Uncertain significance,0.02945449,0.0,Unknown,31.17039680480957,94.0,34.61903783109632,1.385923147201538
gyrA,2.1965475022409464,D,209,G,D209G,MXF,3) Uncertain significance,0.02945449,0.0,Unknown,31.17039680480957,94.0,34.61903783109632,1.385923147201538
gyrA,59.23824009234886,A,210,V,A210V,LEV,3) Uncertain significance,0.024606401,0.0,Unknown,30.3424072265625,94.0,27.72096759262996,-1.0919241905212402
gyrA,59.23824009234886,A,210,V,A210V,MXF,3) Uncertain significance,0.024606401,0.0,Unknown,30.3424072265625,94.0,27.72096759262996,-1.0919241905212402
gyrA,50.69867694439586,L,205,V,L205V,LEV,3) Uncertain significance,0.016986884,0.0,Unknown,35.5681266784668,94.0,21.74847419041692,0.2419972419738769
gyrA,50.69867694439586,L,205,V,L205V,MXF,3) Uncertain significance,0.016986884,0.0,Unknown,35.5681266784668,94.0,21.74847419041692,0.2419972419738769
gyrA,-0.779784849027692,H,208,Y,H208Y,LEV,3) Uncertain significance,0.036595006,0.0,Unknown,34.67522430419922,94.0,25.616944290458218,-1.3643369674682615
gyrA,1.985585257266848,D,211,E,D211E,LEV,3) Uncertain significance,0.021650305,0.0,Unknown,32.622352600097656,94.0,23.13284454741382,-1.1678080558776855
gyrA,1.985585257266848,D,211,E,D211E,MXF,3) Uncertain significance,0.021650305,0.0,Unknown,32.622352600097656,94.0,23.13284454741382,-1.1678080558776855
gyrA,2.637332346118228,D,211,G,D211G,LEV,3) Uncertain significance,0.02727174,0.0,Unknown,32.622352600097656,94.0,34.61903783109632,-1.0701088905334473
gyrA,2.637332346118228,D,211,G,D211G,MXF,3) Uncertain significance,0.02727174,0.0,Unknown,32.622352600097656,94.0,34.61903783109632,-1.0701088905334473
gyrA,3.8158972207234,E,214,A,E214A,LEV,3) Uncertain significance,0.02864465,0.0,Unknown,29.115074157714844,94.0,28.30103222386084,4.2321250438690186
gyrA,3.096048196536458,E,214,D,E214D,MXF,3) Uncertain significance,0.015206963,0.0,Unknown,29.115074157714844,94.0,23.13284454741382,-0.1452226638793945
gyrA,3.096048196536458,E,214,D,E214D,LEV,3) Uncertain significance,0.015206963,0.0,Unknown,29.115074157714844,94.0,23.13284454741382,-0.1452226638793945
gyrA,3.841963470814335,M,220,R,M220R,MXF,3) Uncertain significance,0.0306111,1.0,Unknown,18.957529067993164,94.0,36.69003863107888,3.607166051864624
gyrA,3.841963470814335,M,220,R,M220R,LEV,3) Uncertain significance,0.0306111,1.0,Unknown,18.957529067993164,94.0,36.69003863107888,3.607166051864624
gyrA,1.258664152281426,G,221,E,G221E,LEV,3) Uncertain significance,0.027102662,0.0,Unknown,14.72142505645752,94.0,42.48882015717018,0.5656015872955322
gyrA,-1.040284536239824,R,222,W,R222W,LEV,3) Uncertain significance,0.042463105,1.0,Unknown,13.502403259277344,94.0,38.45697518672335,-0.4232044219970703
gyrA,0.0314320898912683,K,224,E,K224E,LEV,3) Uncertain significance,0.037706863,0.0,Unknown,12.161864280700684,94.0,24.435330484711496,1.3959274291992188
gyrA,0.0314320898912683,K,224,E,K224E,MXF,3) Uncertain significance,0.037706863,0.0,Unknown,12.161864280700684,94.0,24.435330484711496,1.3959274291992188
gyrA,6.712617513303712,V,223,I,V223I,MXF,3) Uncertain significance,0.015991807,0.0,Unknown,9.854585647583008,94.0,15.178921907491468,-0.8653519153594971
gyrA,6.712617513303712,V,223,I,V223I,LEV,3) Uncertain significance,0.015991807,0.0,Unknown,9.854585647583008,94.0,15.178921907491468,-0.8653519153594971
gyrA,7.737964920205513,F,228,L,F228L,MXF,3) Uncertain significance,0.022985505,0.0,Unknown,21.765140533447266,94.0,22.8377240877722,0.8106808662414551
gyrA,7.737964920205513,F,228,L,F228L,LEV,3) Uncertain significance,0.022985505,0.0,Unknown,21.765140533447266,94.0,22.8377240877722,0.8106808662414551
gyrA,1.1599895542406102,T,230,S,T230S,MXF,3) Uncertain significance,0.017632084,0.0,Unknown,27.87801551818848,94.0,17.12767927453449,2.031214714050293
gyrA,1.1599895542406102,T,230,S,T230S,LEV,3) Uncertain significance,0.017632084,0.0,Unknown,27.87801551818848,94.0,17.12767927453449,2.031214714050293
gyrA,1.5429010214777463,A,231,S,A231S,LEV,3) Uncertain significance,0.016895505,0.0,Unknown,29.362085342407227,94.0,26.48144300167584,-0.9315800666809082
gyrA,2.4102309799918658,S,237,A,S237A,MXF,3) Uncertain significance,0.017440435,0.0,Unknown,25.271345138549805,94.0,26.48144300167584,0.9020054340362548
gyrA,2.4102309799918658,S,237,A,S237A,LEV,3) Uncertain significance,0.017440435,0.3333333333333333,Unknown,25.271345138549805,94.0,26.48144300167584,0.9020054340362548
gyrA,2.514986704085686,Q,238,H,Q238H,MXF,3) Uncertain significance,0.04212649,0.0,Unknown,22.769365310668945,94.0,22.559771492482422,-0.671360969543457
gyrA,2.514986704085686,Q,238,H,Q238H,LEV,3) Uncertain significance,0.04212649,0.0,Unknown,22.769365310668945,94.0,22.559771492482422,-0.671360969543457
gyrA,1.7621077051710472,S,237,T,S237T,LEV,3) Uncertain significance,0.01761549,0.0,Unknown,25.271345138549805,94.0,17.12767927453449,-0.1251654624938964
gyrA,91.64646199654362,G,236,V,G236V,MXF,3) Uncertain significance,0.02610016,0.5,Unknown,28.983304977416992,94.0,42.97384860101139,-2.1862053871154785
gyrA,91.64646199654362,G,236,V,G236V,LEV,3) Uncertain significance,0.02610016,0.5,Unknown,28.983304977416992,94.0,42.97384860101139,-2.1862053871154785
gyrA,5.58413161880344,V,235,A,V235A,MXF,3) Uncertain significance,0.025965491,0.0,Unknown,28.580219268798828,94.0,27.72096759262996,2.363136053085327
gyrA,5.58413161880344,V,235,A,V235A,LEV,3) Uncertain significance,0.025965491,0.0,Unknown,28.580219268798828,94.0,27.72096759262996,2.363136053085327
gyrA,39.97410503286278,T,240,I,T240I,LEV,3) Uncertain significance,0.027695302,0.0,Unknown,28.59670066833496,88.0,31.61668122731128,2.3105061054229736
gyrA,1.0649458868804231,D,242,N,D242N,LEV,3) Uncertain significance,0.022836031,0.0,Unknown,26.035877227783203,88.0,20.632582370741144,-1.275071144104004
gyrA,1.0649458868804231,D,242,N,D242N,MXF,3) Uncertain significance,0.022836031,0.0,Unknown,26.035877227783203,88.0,20.632582370741144,-1.275071144104004
gyrA,3.0173446664939547,T,246,A,T246A,LEV,3) Uncertain significance,0.016347473,0.0,Unknown,24.34700965881348,94.0,26.41694255168034,2.4732213020324707
gyrA,43.09036495496275,G,247,S,G247S,MXF,5) Not assoc w R,0.022454066,0.1018181818181818,Susceptible,18.854978561401367,94.0,26.911928800176504,0.6326751708984375
gyrA,43.09036495496275,G,247,S,G247S,LEV,5) Not assoc w R,0.022454066,0.1436781609195402,Susceptible,18.854978561401367,94.0,26.911928800176504,0.6326751708984375
gyrA,27.42475405492064,V,259,L,V259L,LEV,3) Uncertain significance,0.02140379,0.0,Unknown,39.719818115234375,94.0,21.74847419041692,-1.1923160552978516
gyrA,27.42475405492064,V,259,L,V259L,MXF,3) Uncertain significance,0.02140379,0.0,Unknown,39.719818115234375,94.0,21.74847419041692,-1.1923160552978516
gyrA,3.673267229908106,E,258,D,E258D,MXF,3) Uncertain significance,0.019901462,0.0,Unknown,39.35202026367188,94.0,23.13284454741382,-1.7646098136901855
gyrA,3.673267229908106,E,258,D,E258D,LEV,3) Uncertain significance,0.019901462,0.0,Unknown,39.35202026367188,94.0,23.13284454741382,-1.7646098136901855
gyrA,-0.3168523082049432,R,252,L,R252L,LEV,5) Not assoc w R,0.020435248,0.0465116279069767,Susceptible,25.13284111022949,94.0,40.57857118014128,4.915966868400574
gyrA,-0.3168523082049432,R,252,L,R252L,MXF,3) Uncertain significance,0.020435248,0.0,Unknown,25.13284111022949,94.0,40.57857118014128,4.915966868400574
gyrA,3.293012204154138,R,252,G,R252G,MXF,3) Uncertain significance,0.024629083,0.0,Unknown,25.13284111022949,94.0,44.1492475965258,1.2725915908813477
gyrA,3.293012204154138,R,252,G,R252G,LEV,3) Uncertain significance,0.024629083,0.0,Unknown,25.13284111022949,94.0,44.1492475965258,1.2725915908813477
gyrA,6.965837137993276,R,254,C,R254C,LEV,3) Uncertain significance,0.07438409,0.0,Unknown,27.46576499938965,94.0,40.517919150720246,3.946981430053711
gyrA,6.965837137993276,R,254,C,R254C,MXF,3) Uncertain significance,0.07438409,0.0,Unknown,27.46576499938965,94.0,40.517919150720246,3.946981430053711
gyrA,-1.309050708150835,D,262,N,D262N,LEV,3) Uncertain significance,0.024723286,0.0,Unknown,31.17788314819336,94.0,20.632582370741144,-2.19325053691864
gyrA,261.7635136871379,D,262,V,D262V,LEV,3) Uncertain significance,0.03786466,0.0,Unknown,31.17788314819336,94.0,42.073261479334384,-1.869890570640564
gyrA,21.66214054299917,T,267,I,T267I,MXF,3) Uncertain significance,0.024285138,0.0714285714285714,Unknown,18.3862247467041,94.0,31.61668122731128,-1.210028886795044
gyrA,21.66214054299917,T,267,I,T267I,LEV,3) Uncertain significance,0.024285138,0.25,Unknown,18.3862247467041,94.0,31.61668122731128,-1.210028886795044
gyrA,1.1874427553875648,T,272,I,T272I,MXF,3) Uncertain significance,0.030649628,0.3333333333333333,Unknown,14.857870101928713,91.0,31.61668122731128,-3.804728984832764
gyrA,1.1874427553875648,T,272,I,T272I,LEV,3) Uncertain significance,0.030649628,0.1666666666666666,Unknown,14.857870101928713,91.0,31.61668122731128,-3.804728984832764
gyrA,-0.5178199938147827,Q,277,R,Q277R,MXF,3) Uncertain significance,0.02682787,0.0,Unknown,19.249181747436523,91.0,22.596164034846936,-1.9367241859436035
gyrA,-0.5178199938147827,Q,277,R,Q277R,LEV,3) Uncertain significance,0.02682787,0.125,Unknown,19.249181747436523,91.0,22.596164034846936,-1.9367241859436035
gyrA,3.488219222107773,Y,276,H,Y276H,MXF,3) Uncertain significance,0.03573923,0.0,Unknown,15.683998107910156,88.0,25.616944290458218,1.6374473571777344
gyrA,3.488219222107773,Y,276,H,Y276H,LEV,3) Uncertain significance,0.03573923,0.0,Unknown,15.683998107910156,88.0,25.616944290458218,1.6374473571777344
gyrA,4.315251222708639,P,275,A,P275A,MXF,3) Uncertain significance,0.03599028,0.0,Unknown,14.599631309509276,91.0,43.279408841284464,0.6110777854919434
gyrA,4.315251222708639,P,275,A,P275A,LEV,3) Uncertain significance,0.03599028,0.5,Unknown,14.599631309509276,91.0,43.279408841284464,0.6110777854919434
gyrA,0.2224591625199536,N,282,K,N282K,LEV,3) Uncertain significance,0.035215028,0.1666666666666666,Unknown,26.91411781311035,91.0,26.3028009866802,-1.0965614318847656
gyrA,0.2224591625199536,N,282,K,N282K,MXF,3) Uncertain significance,0.035215028,0.2,Unknown,26.91411781311035,91.0,26.3028009866802,-1.0965614318847656
gyrA,1.672663329206216,I,284,V,I284V,LEV,3) Uncertain significance,0.020393502,0.0,Unknown,27.56560516357422,91.0,15.178921907491468,1.2363581657409668
gyrA,11.22428482476812,A,288,V,A288V,LEV,3) Uncertain significance,0.02552245,0.0,Unknown,35.58393096923828,88.0,27.72096759262996,-3.045106649398804
gyrA,11.22428482476812,A,288,V,A288V,MXF,3) Uncertain significance,0.02552245,0.0,Unknown,35.58393096923828,88.0,27.72096759262996,-3.045106649398804
gyrA,2.4508372808672902,A,288,D,A288D,LEV,3) Uncertain significance,0.02892427,0.2142857142857142,Unknown,35.58393096923828,88.0,32.79578065715211,1.818403720855713
gyrA,2.4508372808672902,A,288,D,A288D,MXF,3) Uncertain significance,0.02892427,0.375,Unknown,35.58393096923828,88.0,32.79578065715211,1.818403720855713
gyrA,3.24908157489358,Q,290,H,Q290H,LEV,3) Uncertain significance,0.035926804,0.0,Unknown,30.128738403320312,91.0,22.559771492482422,-1.3557696342468262
gyrA,3.24908157489358,Q,290,H,Q290H,MXF,3) Uncertain significance,0.035926804,0.0,Unknown,30.128738403320312,91.0,22.559771492482422,-1.3557696342468262
gyrA,0.7059432027572257,E,289,D,E289D,LEV,3) Uncertain significance,0.020495782,0.6666666666666666,Unknown,30.97284507751465,88.0,23.13284454741382,-1.3888778686523438
gyrA,0.7059432027572257,E,289,D,E289D,MXF,3) Uncertain significance,0.020495782,0.3529411764705882,Unknown,30.97284507751465,88.0,23.13284454741382,-1.3888778686523438
gyrA,0.1553639999674487,E,289,Q,E289Q,MXF,3) Uncertain significance,0.028626416,0.0,Unknown,30.97284507751465,88.0,21.817564078907125,1.7449617385864258
gyrA,0.1553639999674487,E,289,Q,E289Q,LEV,3) Uncertain significance,0.028626416,0.0,Unknown,30.97284507751465,88.0,21.817564078907125,1.7449617385864258
gyrA,4.672084634379644,Q,290,R,Q290R,MXF,3) Uncertain significance,0.023036845,0.0,Unknown,30.128738403320312,91.0,22.596164034846936,1.8529646396636963
gyrA,4.672084634379644,Q,290,R,Q290R,LEV,3) Uncertain significance,0.023036845,0.0,Unknown,30.128738403320312,91.0,22.596164034846936,1.8529646396636963
gyrA,1.9794507560104648,R,292,G,R292G,MXF,3) Uncertain significance,0.025644958,0.6666666666666666,Unknown,36.3273811340332,91.0,44.1492475965258,-0.7964167594909668
gyrA,1.9794507560104648,R,292,G,R292G,LEV,3) Uncertain significance,0.025644958,0.5,Unknown,36.3273811340332,91.0,44.1492475965258,-0.7964167594909668
gyrA,0.1739255750212578,R,292,L,R292L,LEV,3) Uncertain significance,0.026557462,1.0,Unknown,36.3273811340332,91.0,40.57857118014128,-1.8294332027435305
gyrA,0.1739255750212578,R,292,L,R292L,MXF,3) Uncertain significance,0.026557462,1.0,Unknown,36.3273811340332,91.0,40.57857118014128,-1.8294332027435305
gyrA,7.930460564023178,G,294,A,G294A,MXF,3) Uncertain significance,0.031244917,0.0,Unknown,33.952232360839844,91.0,34.52555545602958,0.7231442928314209
gyrA,7.930460564023178,G,294,A,G294A,LEV,3) Uncertain significance,0.031244917,0.0,Unknown,33.952232360839844,91.0,34.52555545602958,0.7231442928314209
gyrA,-0.088733645207867,D,293,Y,D293Y,MXF,3) Uncertain significance,0.03718471,0.0,Unknown,31.32746124267578,91.0,36.32517153463494,-4.21183180809021
gyrA,-0.088733645207867,D,293,Y,D293Y,LEV,3) Uncertain significance,0.03718471,0.0,Unknown,31.32746124267578,91.0,36.32517153463494,-4.21183180809021
gyrA,1.947279646104107,A,297,G,A297G,LEV,3) Uncertain significance,0.019583607,0.0,Unknown,24.512113571166992,94.0,34.52555545602958,3.338743418455124
gyrA,151.2287007367688,L,296,P,L296P,LEV,3) Uncertain significance,0.0285583,0.0,Unknown,25.53737068176269,91.0,49.27170475166683,3.949036121368408
gyrA,151.2287007367688,L,296,P,L296P,MXF,3) Uncertain significance,0.0285583,0.0,Unknown,25.53737068176269,91.0,49.27170475166683,3.949036121368408
gyrA,30.61922324580246,N,301,T,N301T,LEV,3) Uncertain significance,0.02044562,0.0,Unknown,15.99424648284912,94.0,24.234231473312622,3.62111759185791
gyrA,30.61922324580246,N,301,T,N301T,MXF,3) Uncertain significance,0.02044562,0.0,Unknown,15.99424648284912,94.0,24.234231473312622,3.62111759185791
gyrA,2.3665877485971123,Q,305,R,Q305R,MXF,3) Uncertain significance,0.020888822,0.0,Unknown,15.927864074707031,94.0,22.596164034846936,0.141270637512207
gyrA,2.3665877485971123,Q,305,R,Q305R,LEV,3) Uncertain significance,0.020888822,0.0,Unknown,15.927864074707031,94.0,22.596164034846936,0.141270637512207
gyrA,-0.3504413194200424,R,309,Q,R309Q,LEV,3) Uncertain significance,0.022611834,0.5,Unknown,24.9443588256836,94.0,22.596164034846936,0.6298904418945312
gyrA,2.42900675591909,R,309,W,R309W,MXF,3) Uncertain significance,0.048284166,1.0,Unknown,24.9443588256836,94.0,38.45697518672335,-4.8509485721588135
gyrA,2.42900675591909,R,309,W,R309W,LEV,3) Uncertain significance,0.048284166,1.0,Unknown,24.9443588256836,94.0,38.45697518672335,-4.8509485721588135
gyrA,20.15826470321599,G,311,A,G311A,LEV,3) Uncertain significance,0.022751287,0.0,Unknown,31.15167999267578,94.0,34.52555545602958,2.408015251159668
gyrA,20.15826470321599,G,311,A,G311A,MXF,3) Uncertain significance,0.022751287,0.0,Unknown,31.15167999267578,94.0,34.52555545602958,2.408015251159668
gyrA,4.355211289584986,E,317,G,E317G,MXF,3) Uncertain significance,0.026898524,0.0,Unknown,37.48265075683594,94.0,42.48882015717018,2.3538761138916016
gyrA,4.355211289584986,E,317,G,E317G,LEV,3) Uncertain significance,0.026898524,0.0,Unknown,37.48265075683594,94.0,42.48882015717018,2.3538761138916016
gyrA,3.345058773652454,I,314,V,I314V,LEV,3) Uncertain significance,0.01804628,0.0,Unknown,40.738502502441406,94.0,15.178921907491468,2.69871723651886
gyrA,3.345058773652454,I,314,V,I314V,MXF,3) Uncertain significance,0.01804628,0.0,Unknown,40.738502502441406,94.0,15.178921907491468,2.69871723651886
gyrA,-0.723672134209437,K,319,E,K319E,MXF,3) Uncertain significance,0.03371528,0.0,Unknown,35.19963836669922,94.0,24.435330484711496,-3.4536396265029907
gyrA,-0.723672134209437,K,319,E,K319E,LEV,3) Uncertain significance,0.03371528,0.0,Unknown,35.19963836669922,94.0,24.435330484711496,-3.4536396265029907
gyrA,42.52190687014013,I,318,L,I318L,LEV,3) Uncertain significance,0.017870368,0.0,Unknown,34.42162322998047,94.0,20.74950239789154,1.5275592803955078
gyrA,-0.7021372928609253,K,319,N,K319N,LEV,3) Uncertain significance,0.032810543,0.0,Unknown,35.19963836669922,94.0,26.3028009866802,-1.4459606409072876
gyrA,-0.7021372928609253,K,319,N,K319N,MXF,3) Uncertain significance,0.032810543,0.0,Unknown,35.19963836669922,94.0,26.3028009866802,-1.4459606409072876
gyrA,2.199662895699703,A,322,S,A322S,MXF,3) Uncertain significance,0.024558602,0.0,Unknown,30.73534774780273,94.0,26.48144300167584,0.9386096000671388
gyrA,2.199662895699703,A,322,S,A322S,LEV,3) Uncertain significance,0.024558602,0.0,Unknown,30.73534774780273,94.0,26.48144300167584,0.9386096000671388
gyrA,6.386372880068848,A,322,E,A322E,MXF,3) Uncertain significance,0.029698446,0.0,Unknown,30.73534774780273,94.0,28.30103222386084,1.1305177211761477
gyrA,6.386372880068848,A,322,E,A322E,LEV,3) Uncertain significance,0.029698446,0.0,Unknown,30.73534774780273,94.0,28.30103222386084,1.1305177211761477
gyrA,3.661561276542216,A,324,V,A324V,MXF,3) Uncertain significance,0.025367508,0.0,Unknown,31.50745010375977,91.0,27.72096759262996,-3.263331651687622
gyrA,3.661561276542216,A,324,V,A324V,LEV,3) Uncertain significance,0.025367508,0.0,Unknown,31.50745010375977,91.0,27.72096759262996,-3.263331651687622
gyrA,2.5505921695082634,A,324,G,A324G,MXF,3) Uncertain significance,0.030132351,0.0,Unknown,31.50745010375977,91.0,34.52555545602958,0.4509844779968261
gyrA,2.5505921695082634,A,324,G,A324G,LEV,3) Uncertain significance,0.030132351,0.0,Unknown,31.50745010375977,91.0,34.52555545602958,0.4509844779968261
gyrA,1.9143567050243744,V,326,G,V326G,LEV,3) Uncertain significance,0.02779238,0.0,Unknown,26.96168327331543,94.0,42.97384860101139,-7.148856937885284
gyrA,-0.068311553706053,V,326,L,V326L,LEV,3) Uncertain significance,0.019484375,0.0,Unknown,26.96168327331543,94.0,21.74847419041692,-0.9130875468254088
gyrA,76.67672001219535,V,327,L,V327L,LEV,3) Uncertain significance,0.017768627,0.0,Unknown,30.740459442138672,91.0,21.74847419041692,1.921100616455078
gyrA,76.67672001219535,V,327,L,V327L,MXF,3) Uncertain significance,0.017768627,0.0,Unknown,30.740459442138672,91.0,21.74847419041692,1.921100616455078
gyrA,23.571538762452747,I,328,L,I328L,LEV,3) Uncertain significance,0.019077709,0.0,Unknown,28.11639976501465,91.0,20.74950239789154,1.559659481048584
gyrA,0.8290864794623758,K,333,N,K333N,LEV,3) Uncertain significance,0.032350644,0.0,Unknown,21.135086059570312,91.0,26.3028009866802,0.244002103805542
gyrA,0.8290864794623758,K,333,N,K333N,MXF,3) Uncertain significance,0.032350644,0.0,Unknown,21.135086059570312,91.0,26.3028009866802,0.244002103805542
gyrA,0.1093532481506827,H,334,Y,H334Y,LEV,3) Uncertain significance,0.041124113,0.0,Unknown,21.625560760498047,88.0,25.616944290458218,-1.1954479217529297
gyrA,0.1093532481506827,H,334,Y,H334Y,MXF,3) Uncertain significance,0.041124113,0.0,Unknown,21.625560760498047,88.0,25.616944290458218,-1.1954479217529297
gyrA,1.0800122890186683,Q,336,K,Q336K,LEV,3) Uncertain significance,0.030776205,0.0,Unknown,20.250871658325195,88.0,20.152048757182733,-2.091151237487793
gyrA,1.0800122890186683,Q,336,K,Q336K,MXF,3) Uncertain significance,0.030776205,0.0,Unknown,20.250871658325195,88.0,20.152048757182733,-2.091151237487793
gyrA,3.326088830948265,L,346,V,L346V,LEV,3) Uncertain significance,0.022488562,0.5,Unknown,24.403366088867188,90.0,21.74847419041692,2.729541301727295
gyrA,3.326088830948265,L,346,V,L346V,MXF,3) Uncertain significance,0.022488562,0.25,Unknown,24.403366088867188,90.0,21.74847419041692,2.729541301727295
gyrA,5.249101086744304,A,347,T,A347T,LEV,3) Uncertain significance,0.026176054,1.0,Unknown,23.09422492980957,88.0,26.41694255168034,0.6676549911499023
gyrA,5.249101086744304,A,347,T,A347T,MXF,3) Uncertain significance,0.026176054,0.0,Unknown,23.09422492980957,88.0,26.41694255168034,0.6676549911499023
gyrA,1.5597641729832503,I,348,V,I348V,LEV,3) Uncertain significance,0.019183068,0.0,Unknown,23.7974796295166,88.0,15.178921907491468,0.8964042663574219
gyrA,1.5597641729832503,I,348,V,I348V,MXF,3) Uncertain significance,0.019183068,0.0,Unknown,23.7974796295166,88.0,15.178921907491468,0.8964042663574219
gyrA,28.387848146752503,A,347,V,A347V,LEV,3) Uncertain significance,0.04473616,0.0,Unknown,23.09422492980957,88.0,27.72096759262996,3.668184995651245
gyrA,28.387848146752503,A,347,V,A347V,MXF,3) Uncertain significance,0.04473616,0.0,Unknown,23.09422492980957,88.0,27.72096759262996,3.668184995651245
gyrA,11.605838596706462,G,351,A,G351A,MXF,3) Uncertain significance,0.027567767,0.0,Unknown,25.93242835998535,94.0,34.52555545602958,3.054151058197021
gyrA,11.605838596706462,G,351,A,G351A,LEV,3) Uncertain significance,0.027567767,0.0,Unknown,25.93242835998535,94.0,34.52555545602958,3.054151058197021
gyrA,3.461467380864633,V,352,M,V352M,LEV,3) Uncertain significance,0.039710596,0.0,Unknown,23.322811126708984,94.0,26.61946259943389,-1.4503164291381836
gyrA,3.461467380864633,V,352,M,V352M,MXF,3) Uncertain significance,0.039710596,0.0,Unknown,23.322811126708984,94.0,26.61946259943389,-1.4503164291381836
gyrA,2.530142533324124,V,352,L,V352L,MXF,3) Uncertain significance,0.022614447,0.0,Unknown,23.322811126708984,94.0,21.74847419041692,-0.2389588356018066
gyrA,2.530142533324124,V,352,L,V352L,LEV,3) Uncertain significance,0.022614447,0.0,Unknown,23.322811126708984,94.0,21.74847419041692,-0.2389588356018066
gyrA,14.140440279883704,G,351,W,G351W,LEV,3) Uncertain significance,0.054251604,0.0,Unknown,25.93242835998535,94.0,51.65976544782065,-2.3466696739196777
gyrA,2.3438390281764896,T,355,A,T355A,MXF,3) Uncertain significance,0.017336404,0.0,Unknown,21.968425750732425,94.0,26.41694255168034,0.7555317878723145
gyrA,2.3438390281764896,T,355,A,T355A,LEV,3) Uncertain significance,0.017336404,0.0,Unknown,21.968425750732425,94.0,26.41694255168034,0.7555317878723145
gyrA,1.773254183980271,T,355,S,T355S,LEV,3) Uncertain significance,0.022662256,0.0,Unknown,21.968425750732425,94.0,17.12767927453449,-1.3879656791687012
gyrA,2.249045470553256,T,355,M,T355M,MXF,3) Uncertain significance,0.033077624,0.0,Unknown,21.968425750732425,94.0,32.68277833750696,3.5210684537887573
gyrA,2.249045470553256,T,355,M,T355M,LEV,3) Uncertain significance,0.033077624,0.0,Unknown,21.968425750732425,94.0,32.68277833750696,3.5210684537887573
gyrA,6.529291582415681,L,358,M,L358M,LEV,3) Uncertain significance,0.031448454,0.0,Unknown,24.655412673950195,94.0,24.945776373708327,-1.2091269493103027
gyrA,0.2725977489196793,D,367,H,D367H,LEV,3) Uncertain significance,0.040984564,0.0,Unknown,26.86412239074707,94.0,29.775078049524573,6.08873838186264
gyrA,0.2725977489196793,D,367,H,D367H,MXF,3) Uncertain significance,0.040984564,0.0,Unknown,26.86412239074707,94.0,29.775078049524573,6.08873838186264
gyrA,3.32840000032661,Y,365,H,Y365H,LEV,3) Uncertain significance,0.0406899,0.0,Unknown,26.89726448059082,90.0,25.616944290458218,-0.9451227188110352
gyrA,3.32840000032661,Y,365,H,Y365H,MXF,3) Uncertain significance,0.0406899,0.0,Unknown,26.89726448059082,90.0,25.616944290458218,-0.9451227188110352
gyrA,1.6349692916364802,Y,364,H,Y364H,LEV,3) Uncertain significance,0.04132323,0.0,Unknown,27.281667709350582,94.0,25.616944290458218,-2.848726511001587
gyrA,6.720259986908786,H,368,Q,H368Q,LEV,3) Uncertain significance,0.037219353,0.25,Unknown,30.279556274414062,94.0,22.559771492482422,2.7190072536468506
gyrA,6.720259986908786,H,368,Q,H368Q,MXF,3) Uncertain significance,0.037219353,0.0,Unknown,30.279556274414062,94.0,22.559771492482422,2.7190072536468506
gyrA,-0.7220725352765385,D,367,E,D367E,LEV,3) Uncertain significance,0.019617455,0.0,Unknown,26.86412239074707,94.0,23.13284454741382,0.4365191459655761
gyrA,-0.7220725352765385,D,367,E,D367E,MXF,3) Uncertain significance,0.019617455,0.0,Unknown,26.86412239074707,94.0,23.13284454741382,0.4365191459655761
gyrA,15.450584676613287,I,362,M,I362M,MXF,3) Uncertain significance,0.03329976,0.0,Unknown,21.04911231994629,90.0,24.48735007204724,-0.3624935150146484
gyrA,15.450584676613287,I,362,M,I362M,LEV,3) Uncertain significance,0.03329976,0.0,Unknown,21.04911231994629,90.0,24.48735007204724,-0.3624935150146484
gyrA,3.9966764460364175,R,375,Q,R375Q,MXF,3) Uncertain significance,0.024014572,0.0,Unknown,34.29963302612305,90.0,22.596164034846936,-2.973810836672783
gyrA,3.9966764460364175,R,375,Q,R375Q,LEV,3) Uncertain significance,0.024014572,0.0,Unknown,34.29963302612305,90.0,22.596164034846936,-2.973810836672783
gyrA,3.974085236130577,T,377,I,T377I,MXF,3) Uncertain significance,0.027037015,0.0,Unknown,31.26187324523925,90.0,31.61668122731128,-2.185760498046875
gyrA,3.974085236130577,T,377,I,T377I,LEV,3) Uncertain significance,0.027037015,0.0,Unknown,31.26187324523925,90.0,31.61668122731128,-2.185760498046875
gyrA,2.867264120603068,Y,379,C,Y379C,MXF,3) Uncertain significance,0.09242067,0.5,Unknown,38.38530731201172,90.0,31.8876454197536,-3.8481059074401855
gyrA,2.867264120603068,Y,379,C,Y379C,LEV,3) Uncertain significance,0.09242067,0.0,Unknown,38.38530731201172,90.0,31.8876454197536,-3.8481059074401855
gyrA,4.596304579899652,R,380,G,R380G,LEV,3) Uncertain significance,0.026981326,0.0,Unknown,34.82986068725586,90.0,44.1492475965258,-3.718454837799072
gyrA,4.596304579899652,R,380,G,R380G,MXF,3) Uncertain significance,0.026981326,0.0,Unknown,34.82986068725586,90.0,44.1492475965258,-3.718454837799072
gyrA,-2.981518833978725,R,376,L,R376L,LEV,3) Uncertain significance,0.029453678,0.0,Unknown,30.82217597961425,90.0,40.57857118014128,0.1974835395812988
gyrA,95.85065957856024,A,384,V,A384V,MXF,5) Not assoc w R,0.02169918,0.0206093189964157,Susceptible,41.36089706420898,90.0,27.72096759262996,-0.4442238807678222
gyrA,95.85065957856024,A,384,V,A384V,LEV,5) Not assoc w R,0.02169918,0.0473372781065088,Susceptible,41.36089706420898,90.0,27.72096759262996,-0.4442238807678222
gyrA,2.1063122986824965,E,386,V,E386V,LEV,3) Uncertain significance,0.029830242,0.0,Unknown,45.120059967041016,90.0,40.07063541729576,-2.1653618812561035
gyrA,1.2727434686587458,I,390,T,I390T,MXF,3) Uncertain significance,0.02610152,0.0,Unknown,51.95231628417969,90.0,31.61668122731128,-2.0543174743652344
gyrA,1.2727434686587458,I,390,T,I390T,LEV,3) Uncertain significance,0.02610152,1.0,Unknown,51.95231628417969,90.0,31.61668122731128,-2.0543174743652344
gyrA,375.51508909004406,H,389,P,H389P,MXF,3) Uncertain significance,0.043645848,0.5,Unknown,49.1016731262207,90.0,40.27416020911824,-2.8725366592407227
gyrA,375.51508909004406,H,389,P,H389P,LEV,3) Uncertain significance,0.043645848,0.5,Unknown,49.1016731262207,90.0,40.27416020911824,-2.8725366592407227
gyrA,5.570308774794512,R,392,H,R392H,LEV,3) Uncertain significance,0.035115678,0.0,Unknown,50.29079055786133,90.0,26.692906012304967,-1.4007673263549805
gyrA,5.570308774794512,R,392,H,R392H,MXF,3) Uncertain significance,0.035115678,0.0,Unknown,50.29079055786133,90.0,26.692906012304967,-1.4007673263549805
gyrA,19.915016017329663,L,398,F,L398F,MXF,3) Uncertain significance,0.0264946,0.0,Unknown,54.97647476196289,90.0,22.8377240877722,-1.5224924087524414
gyrA,19.915016017329663,L,398,F,L398F,LEV,3) Uncertain significance,0.0264946,0.3333333333333333,Unknown,54.97647476196289,90.0,22.8377240877722,-1.5224924087524414
gyrA,7.142851574150882,L,401,V,L401V,MXF,3) Uncertain significance,0.01901017,0.0,Unknown,57.84820556640625,90.0,21.74847419041692,1.0907273292541504
gyrA,7.142851574150882,L,401,V,L401V,LEV,3) Uncertain significance,0.01901017,0.0,Unknown,57.84820556640625,90.0,21.74847419041692,1.0907273292541504
gyrA,1.6364379971316794,A,406,V,A406V,LEV,3) Uncertain significance,0.03321023,0.0,Unknown,58.51470184326172,90.0,27.72096759262996,0.3636212348937988
gyrA,1.6364379971316794,A,406,V,A406V,MXF,3) Uncertain significance,0.03321023,0.0,Unknown,58.51470184326172,90.0,27.72096759262996,0.3636212348937988
gyrA,-0.4466434009364093,A,406,T,A406T,LEV,3) Uncertain significance,0.030942222,0.0,Unknown,58.51470184326172,90.0,26.41694255168034,-0.6042565107345581
gyrA,-0.4466434009364093,A,406,T,A406T,MXF,3) Uncertain significance,0.030942222,0.0,Unknown,58.51470184326172,90.0,26.41694255168034,-0.6042565107345581
gyrA,0.3757593088475914,R,409,Q,R409Q,LEV,3) Uncertain significance,0.033148296,0.0,Unknown,51.45467758178711,90.0,22.596164034846936,-0.1770901679992675
gyrA,4.34213402545447,I,408,T,I408T,LEV,3) Uncertain significance,0.026402585,0.0,Unknown,50.74140167236328,90.0,31.61668122731128,0.8690586090087891
gyrA,0.1594917804577562,A,410,T,A410T,LEV,3) Uncertain significance,0.022706041,0.0,Unknown,55.97425842285156,90.0,26.41694255168034,-2.100010752677917
gyrA,-1.431764133053548,S,411,A,S411A,MXF,3) Uncertain significance,0.02908963,0.0,Unknown,54.89771270751953,90.0,26.48144300167584,0.1709463596343994
gyrA,2.8751630439235214,E,412,V,E412V,LEV,3) Uncertain significance,0.028995335,0.0,Unknown,47.52521896362305,90.0,40.07063541729576,-2.6424503326416016
gyrA,3.606184842833045,E,412,G,E412G,MXF,3) Uncertain significance,0.02539742,0.0,Unknown,47.52521896362305,90.0,42.48882015717018,-0.2019076347351074
gyrA,3.606184842833045,E,412,G,E412G,LEV,3) Uncertain significance,0.02539742,0.0,Unknown,47.52521896362305,90.0,42.48882015717018,-0.2019076347351074
gyrA,1.3687886860764138,D,415,N,D415N,MXF,3) Uncertain significance,0.026071578,0.0,Unknown,52.95444869995117,90.0,20.632582370741144,-4.5186556577682495
gyrA,1.3687886860764138,D,415,N,D415N,LEV,3) Uncertain significance,0.026071578,0.0,Unknown,52.95444869995117,90.0,20.632582370741144,-4.5186556577682495
gyrA,-0.3797353023082905,A,419,Q,A419Q,LEV,3) Uncertain significance,0.032466516,0.0,Unknown,54.03828430175781,90.0,27.93616017691385,-0.0672786235809326
gyrA,277.85829026157444,L,425,F,L425F,MXF,3) Uncertain significance,0.02634212,0.0,Unknown,46.043155670166016,90.0,22.8377240877722,-1.8630666732788088
gyrA,277.85829026157444,L,425,F,L425F,LEV,3) Uncertain significance,0.02634212,0.0,Unknown,46.043155670166016,90.0,22.8377240877722,-1.8630666732788088
gyrA,1.49451625712004,E,429,A,E429A,LEV,3) Uncertain significance,0.028701594,0.0,Unknown,47.44723129272461,90.0,28.30103222386084,1.1712794303894043
gyrA,1.49451625712004,E,429,A,E429A,MXF,3) Uncertain significance,0.028701594,0.0,Unknown,47.44723129272461,90.0,28.30103222386084,1.1712794303894043
gyrA,1.138020707738633,I,427,V,I427V,LEV,3) Uncertain significance,0.025498487,0.0,Unknown,44.65672302246094,90.0,15.178921907491468,1.8272833824157717
gyrA,1.138020707738633,I,427,V,I427V,MXF,3) Uncertain significance,0.025498487,0.0,Unknown,44.65672302246094,90.0,15.178921907491468,1.8272833824157717
gyrA,6.200730258470003,A,432,G,A432G,LEV,3) Uncertain significance,0.024155958,0.0,Unknown,46.96940994262695,90.0,34.52555545602958,-0.3543441295623779
gyrA,69.6586997563943,A,432,V,A432V,LEV,3) Uncertain significance,0.02456863,0.0,Unknown,46.96940994262695,90.0,27.72096759262996,-1.8982937335968015
gyrA,69.6586997563943,A,432,V,A432V,MXF,3) Uncertain significance,0.02456863,0.0,Unknown,46.96940994262695,90.0,27.72096759262996,-1.8982937335968015
gyrA,2.9372999397389776,D,437,G,D437G,MXF,3) Uncertain significance,0.026054408,0.0,Unknown,50.75558090209961,90.0,34.61903783109632,3.3523473739624023
gyrA,2.9372999397389776,D,437,G,D437G,LEV,3) Uncertain significance,0.026054408,0.0,Unknown,50.75558090209961,90.0,34.61903783109632,3.3523473739624023
gyrA,7.513660880286352,M,438,I,M438I,LEV,3) Uncertain significance,0.049028534,0.0,Unknown,51.39308166503906,90.0,24.48735007204724,-1.5134868621826172
gyrA,7.513660880286352,M,438,I,M438I,MXF,3) Uncertain significance,0.049028534,0.0,Unknown,51.39308166503906,90.0,24.48735007204724,-1.5134868621826172
gyrA,3.3339681205973197,A,445,V,A445V,LEV,3) Uncertain significance,0.026069349,0.0,Unknown,45.72330856323242,90.0,27.72096759262996,2.85142183303833
gyrA,3.3339681205973197,A,445,V,A445V,MXF,3) Uncertain significance,0.026069349,0.0,Unknown,45.72330856323242,90.0,27.72096759262996,2.85142183303833
gyrA,1.8444418166814105,R,450,G,R450G,LEV,3) Uncertain significance,0.03907515,1.0,Unknown,44.4487190246582,90.0,44.1492475965258,-0.1049766540527343
gyrA,1.8444418166814105,R,450,G,R450G,MXF,3) Uncertain significance,0.03907515,0.0,Unknown,44.4487190246582,90.0,44.1492475965258,-0.1049766540527343
gyrA,-0.2696915651085874,R,450,S,R450S,MXF,3) Uncertain significance,0.034735803,1.0,Unknown,44.4487190246582,90.0,31.331509629069213,1.9572834968566892
gyrA,-0.2696915651085874,R,450,S,R450S,LEV,3) Uncertain significance,0.034735803,1.0,Unknown,44.4487190246582,90.0,31.331509629069213,1.9572834968566892
gyrA,0.7157994822873661,A,456,V,A456V,MXF,3) Uncertain significance,0.029334074,0.0,Unknown,39.88941192626953,90.0,27.72096759262996,-2.407455801963806
gyrA,0.7157994822873661,A,456,V,A456V,LEV,3) Uncertain significance,0.029334074,0.0,Unknown,39.88941192626953,90.0,27.72096759262996,-2.407455801963806
gyrA,5.236199398159215,L,455,R,L455R,LEV,3) Uncertain significance,0.029321868,1.0,Unknown,34.650535583496094,90.0,40.57857118014128,1.6010396480560305
gyrA,5.236199398159215,L,455,R,L455R,MXF,3) Uncertain significance,0.029321868,1.0,Unknown,34.650535583496094,90.0,40.57857118014128,1.6010396480560305
gyrA,65.12549422792563,L,455,V,L455V,MXF,3) Uncertain significance,0.023994884,0.0,Unknown,34.650535583496094,90.0,21.74847419041692,1.4500329494476318
gyrA,65.12549422792563,L,455,V,L455V,LEV,3) Uncertain significance,0.023994884,0.0,Unknown,34.650535583496094,90.0,21.74847419041692,1.4500329494476318
gyrA,0.0723135943530906,A,463,S,A463S,LEV,5) Not assoc w R,0.031435516,0.2222222222222222,Susceptible,35.35308837890625,90.0,26.48144300167584,-0.9236083030700684
gyrA,0.0723135943530906,A,463,S,A463S,MXF,5) Not assoc w R,0.031435516,0.1976744186046511,Susceptible,35.35308837890625,90.0,26.48144300167584,-0.9236083030700684
gyrA,3.530537063667907,E,466,G,E466G,MXF,3) Uncertain significance,0.040493388,1.0,Unknown,34.970306396484375,94.0,42.48882015717018,-0.3689509630203247
gyrA,3.530537063667907,E,466,G,E466G,LEV,3) Uncertain significance,0.040493388,1.0,Unknown,34.970306396484375,94.0,42.48882015717018,-0.3689509630203247
gyrA,-0.9148527438292148,D,464,E,D464E,MXF,3) Uncertain significance,0.020759076,0.0,Unknown,39.55882263183594,94.0,23.13284454741382,-0.3653440475463867
gyrA,-0.9148527438292148,D,464,E,D464E,LEV,3) Uncertain significance,0.020759076,0.0,Unknown,39.55882263183594,94.0,23.13284454741382,-0.3653440475463867
gyrA,2.3684445403721384,I,462,V,I462V,LEV,3) Uncertain significance,0.02455362,0.1428571428571428,Unknown,34.36100387573242,94.0,15.178921907491468,1.654158115386963
gyrA,2.3684445403721384,I,462,V,I462V,MXF,3) Uncertain significance,0.02455362,0.25,Unknown,34.36100387573242,94.0,15.178921907491468,1.654158115386963
gyrA,0.3884303287222792,E,466,A,E466A,LEV,3) Uncertain significance,0.04305526,0.0,Unknown,34.970306396484375,94.0,28.30103222386084,0.6969720125198364
gyrA,0.3884303287222792,E,466,A,E466A,MXF,3) Uncertain significance,0.04305526,0.0,Unknown,34.970306396484375,94.0,28.30103222386084,0.6969720125198364
gyrA,0.927606398896387,D,467,H,D467H,MXF,3) Uncertain significance,0.05387713,0.0,Unknown,35.21369171142578,94.0,29.775078049524573,0.1247820854187011
gyrA,0.927606398896387,D,467,H,D467H,LEV,3) Uncertain significance,0.05387713,0.0,Unknown,35.21369171142578,94.0,29.775078049524573,0.1247820854187011
gyrA,1.307690346746767,I,468,V,I468V,LEV,3) Uncertain significance,0.031473268,0.0,Unknown,33.317604064941406,94.0,15.178921907491468,-0.6725537776947021
gyrA,4.680985653672906,P,472,S,P472S,LEV,3) Uncertain significance,0.044744417,0.16,Unknown,27.60616111755371,94.0,33.197952790471106,3.101984739303589
gyrA,4.680985653672906,P,472,S,P472S,MXF,3) Uncertain significance,0.044744417,0.2666666666666666,Unknown,27.60616111755371,94.0,33.197952790471106,3.101984739303589
gyrA,185.6176001455856,Q,475,P,Q475P,LEV,3) Uncertain significance,0.039424907,0.0,Unknown,26.030691146850582,94.0,37.5005576758833,-2.559478759765625
gyrA,185.6176001455856,Q,475,P,Q475P,MXF,3) Uncertain significance,0.039424907,0.0,Unknown,26.030691146850582,94.0,37.5005576758833,-2.559478759765625
gyrA,-2.192346182972869,G,477,E,G477E,MXF,3) Uncertain significance,0.02448169,0.0,Unknown,20.642805099487305,94.0,42.48882015717018,1.7562479972839355
gyrA,-2.192346182972869,G,477,E,G477E,LEV,3) Uncertain significance,0.02448169,0.0,Unknown,20.642805099487305,94.0,42.48882015717018,1.7562479972839355
gyrA,-0.7434827062027125,G,477,R,G477R,LEV,3) Uncertain significance,0.024165535,0.0,Unknown,20.642805099487305,94.0,44.1492475965258,2.658297061920166
gyrA,5.201639412563054,R,480,C,R480C,LEV,3) Uncertain significance,0.08780477,0.0,Unknown,17.623729705810547,94.0,40.517919150720246,-8.124711036682129
gyrA,31.38127458484405,V,479,M,V479M,LEV,3) Uncertain significance,0.038598675,0.0,Unknown,21.238061904907227,94.0,26.61946259943389,-1.7818620204925537
gyrA,31.38127458484405,V,479,M,V479M,MXF,3) Uncertain significance,0.038598675,0.0,Unknown,21.238061904907227,94.0,26.61946259943389,-1.7818620204925537
gyrA,1.556815114352048,D,481,A,D481A,LEV,3) Uncertain significance,0.03295465,0.0,Unknown,19.65985870361328,94.0,32.79578065715211,-1.544893503189087
gyrA,1.556815114352048,D,481,A,D481A,MXF,3) Uncertain significance,0.03295465,0.0,Unknown,19.65985870361328,94.0,32.79578065715211,-1.544893503189087
gyrA,3.174094434816197,D,481,G,D481G,MXF,3) Uncertain significance,0.032248307,0.0,Unknown,19.65985870361328,94.0,34.61903783109632,-2.3110930919647217
gyrA,3.174094434816197,D,481,G,D481G,LEV,3) Uncertain significance,0.032248307,0.0,Unknown,19.65985870361328,94.0,34.61903783109632,-2.3110930919647217
gyrA,0.8168050544868493,D,481,E,D481E,MXF,3) Uncertain significance,0.024807744,0.0,Unknown,19.65985870361328,94.0,23.13284454741382,2.2722916156053543
gyrA,0.8168050544868493,D,481,E,D481E,LEV,3) Uncertain significance,0.024807744,0.0,Unknown,19.65985870361328,94.0,23.13284454741382,2.2722916156053543
gyrA,1.6243595824641943,E,485,A,E485A,LEV,3) Uncertain significance,0.032624435,0.0,Unknown,16.952829360961914,94.0,28.30103222386084,3.846780300140381
gyrA,-0.7159063005340158,D,488,E,D488E,LEV,3) Uncertain significance,0.022089932,0.0,Unknown,18.53592300415039,94.0,23.13284454741382,1.771864652633667
gyrA,-0.7159063005340158,D,488,E,D488E,MXF,3) Uncertain significance,0.022089932,0.0,Unknown,18.53592300415039,94.0,23.13284454741382,1.771864652633667
gyrA,-0.4545188281244918,D,488,A,D488A,LEV,3) Uncertain significance,0.03121985,0.0,Unknown,18.53592300415039,94.0,32.79578065715211,0.7359559535980225
gyrA,-0.4545188281244918,D,488,A,D488A,MXF,3) Uncertain significance,0.03121985,0.0,Unknown,18.53592300415039,94.0,32.79578065715211,0.7359559535980225
gyrA,0.4502612639241761,R,489,K,R489K,MXF,3) Uncertain significance,0.040168036,0.0,Unknown,10.476755142211914,94.0,22.54394404482823,-1.6691184043884275
gyrA,0.4502612639241761,R,489,K,R489K,LEV,3) Uncertain significance,0.040168036,0.0,Unknown,10.476755142211914,94.0,22.54394404482823,-1.6691184043884275
gyrA,1.474656403136578,H,490,Y,H490Y,LEV,3) Uncertain significance,0.04806664,0.0,Unknown,17.515756607055664,94.0,25.616944290458218,-2.1741819381713867
gyrA,1.474656403136578,H,490,Y,H490Y,MXF,3) Uncertain significance,0.04806664,0.0,Unknown,17.515756607055664,94.0,25.616944290458218,-2.1741819381713867
gyrA,0.4064161970989062,R,489,S,R489S,LEV,3) Uncertain significance,0.035900194,0.0,Unknown,10.476755142211914,94.0,31.331509629069213,0.3622665405273437
gyrA,0.4064161970989062,R,489,S,R489S,MXF,3) Uncertain significance,0.035900194,0.0,Unknown,10.476755142211914,94.0,31.331509629069213,0.3622665405273437
gyrA,2.236666464803648,H,490,N,H490N,MXF,3) Uncertain significance,0.049314007,0.0,Unknown,17.515756607055664,94.0,25.720699680937056,0.0825343132019043
gyrA,2.236666464803648,H,490,N,H490N,LEV,3) Uncertain significance,0.049314007,0.0,Unknown,17.515756607055664,94.0,25.720699680937056,0.0825343132019043
gyrA,6.9212730685853785,H,490,R,H490R,LEV,3) Uncertain significance,0.047143195,1.0,Unknown,17.515756607055664,94.0,26.692906012304967,1.2621872425079346
gyrA,6.9212730685853785,H,490,R,H490R,MXF,3) Uncertain significance,0.047143195,1.0,Unknown,17.515756607055664,94.0,26.692906012304967,1.2621872425079346
gyrA,1.608509668059014,D,493,H,D493H,MXF,3) Uncertain significance,0.042946693,0.0,Unknown,27.262359619140625,94.0,29.775078049524573,1.3738789558410645
gyrA,1.608509668059014,D,493,H,D493H,LEV,3) Uncertain significance,0.042946693,0.0,Unknown,27.262359619140625,94.0,29.775078049524573,1.3738789558410645
gyrA,3.3119808215349167,R,495,C,R495C,LEV,3) Uncertain significance,0.08620348,0.0,Unknown,,,40.517919150720246,-1.6765384674072266
gyrA,0.8279287108001654,G,503,R,G503R,MXF,3) Uncertain significance,0.028186461,0.0,Unknown,,,44.1492475965258,-1.3171074390411377
gyrA,0.8279287108001654,G,503,R,G503R,LEV,3) Uncertain significance,0.028186461,0.0,Unknown,,,44.1492475965258,-1.3171074390411377
gyrA,0.0481351586397522,D,504,E,D504E,MXF,3) Uncertain significance,0.01815724,0.0,Unknown,38.81746673583984,94.0,23.13284454741382,0.6166634559631348
gyrA,0.7034122016160609,V,505,I,V505I,LEV,3) Uncertain significance,0.026436148,0.0,Unknown,44.3423957824707,94.0,15.178921907491468,-0.9047250747680664
gyrA,0.7034122016160609,V,505,I,V505I,MXF,3) Uncertain significance,0.026436148,0.0,Unknown,44.3423957824707,94.0,15.178921907491468,-0.9047250747680664
gyrA,4.469169415829583,D,507,H,D507H,LEV,3) Uncertain significance,0.03835065,0.0,Unknown,49.769805908203125,94.0,29.775078049524573,-5.045694231987
gyrA,4.469169415829583,D,507,H,D507H,MXF,3) Uncertain significance,0.03835065,0.0,Unknown,49.769805908203125,94.0,29.775078049524573,-5.045694231987
gyrA,2.7793077507798216,S,506,N,S506N,LEV,3) Uncertain significance,0.028228166,0.0,Unknown,46.92534255981445,94.0,19.57151835136661,-1.1755144596099854
gyrA,2.7793077507798216,S,506,N,S506N,MXF,3) Uncertain significance,0.028228166,0.0,Unknown,46.92534255981445,94.0,19.57151835136661,-1.1755144596099854
gyrA,2.3973725567143447,E,508,A,E508A,LEV,3) Uncertain significance,0.03612421,0.0,Unknown,51.76090240478516,94.0,28.30103222386084,-1.7726887464523315
gyrA,2.3973725567143447,E,508,A,E508A,MXF,3) Uncertain significance,0.03612421,0.0,Unknown,51.76090240478516,94.0,28.30103222386084,-1.7726887464523315
gyrA,-0.0808295416328519,D,509,N,D509N,LEV,3) Uncertain significance,0.027668867,0.0,Unknown,56.120079040527344,94.0,20.632582370741144,-2.577490329742432
gyrA,-0.0808295416328519,D,509,N,D509N,MXF,3) Uncertain significance,0.027668867,0.0,Unknown,56.120079040527344,94.0,20.632582370741144,-2.577490329742432
gyrA,1.7287993631382506,A,512,T,A512T,MXF,3) Uncertain significance,0.02339695,0.0,Unknown,58.81989669799805,94.0,26.41694255168034,0.262641429901123
gyrA,1.7287993631382506,A,512,T,A512T,LEV,3) Uncertain significance,0.02339695,0.0,Unknown,58.81989669799805,94.0,26.41694255168034,0.262641429901123
gyrA,1.6417475218687514,A,512,G,A512G,LEV,3) Uncertain significance,0.026700882,1.0,Unknown,58.81989669799805,94.0,34.52555545602958,-2.003798007965088
gyrA,2.721066132712508,A,512,V,A512V,LEV,3) Uncertain significance,0.025444444,0.0,Unknown,58.81989669799805,94.0,27.72096759262996,-1.5069756507873535
gyrA,1.874992928383904,R,513,C,R513C,LEV,3) Uncertain significance,0.080062106,0.0,Unknown,61.14617538452149,91.0,40.517919150720246,-4.223183155059815
gyrA,1.874992928383904,R,513,C,R513C,MXF,3) Uncertain significance,0.080062106,0.0,Unknown,61.14617538452149,91.0,40.517919150720246,-4.223183155059815
gyrA,0.4000585762285027,D,515,N,D515N,MXF,3) Uncertain significance,0.023955274,0.0,Unknown,64.11000061035156,91.0,20.632582370741144,-0.1429057121276855
gyrA,0.4000585762285027,D,515,N,D515N,LEV,3) Uncertain significance,0.023955274,0.0,Unknown,64.11000061035156,91.0,20.632582370741144,-0.1429057121276855
gyrA,4.958802804818561,V,516,A,V516A,LEV,3) Uncertain significance,0.03251373,0.0,Unknown,65.96046447753906,88.0,27.72096759262996,-3.164384186267853
gyrA,13.250538269347317,I,520,L,I520L,LEV,3) Uncertain significance,0.024399735,0.0,Unknown,57.06925201416016,91.0,20.74950239789154,-0.1829643249511718
gyrA,12.231508483218818,V,517,L,V517L,MXF,3) Uncertain significance,0.02555143,0.0,Unknown,62.5359992980957,88.0,21.74847419041692,-2.0347203612327576
gyrA,12.231508483218818,V,517,L,V517L,LEV,3) Uncertain significance,0.02555143,0.0,Unknown,62.5359992980957,88.0,21.74847419041692,-2.0347203612327576
gyrA,1.952654441452751,S,536,R,S536R,LEV,3) Uncertain significance,0.029328901,0.0,Unknown,,,31.331509629069213,-0.596611499786377
gyrA,1.952654441452751,S,536,R,S536R,MXF,3) Uncertain significance,0.029328901,0.0,Unknown,,,31.331509629069213,-0.596611499786377
gyrA,0.8923691283081325,V,544,L,V544L,MXF,3) Uncertain significance,0.02560328,0.0,Unknown,,,21.74847419041692,-0.6160404682159424
gyrA,0.8923691283081325,V,544,L,V544L,LEV,3) Uncertain significance,0.02560328,0.0,Unknown,,,21.74847419041692,-0.6160404682159424
gyrA,4.00867743646711,G,548,R,G548R,MXF,3) Uncertain significance,0.03279752,0.0,Unknown,68.34239959716797,91.0,44.1492475965258,-0.7846517562866211
gyrA,113.56112807439364,L,549,V,L549V,MXF,3) Uncertain significance,0.024569098,0.0,Unknown,67.34862518310547,91.0,21.74847419041692,0.3343324661254883
gyrA,113.56112807439364,L,549,V,L549V,LEV,3) Uncertain significance,0.024569098,0.0,Unknown,67.34862518310547,91.0,21.74847419041692,0.3343324661254883
gyrA,2.76844996784439,D,552,G,D552G,LEV,3) Uncertain significance,0.03426983,1.0,Unknown,65.8410415649414,94.0,34.61903783109632,-6.277711074799299
gyrA,2.76844996784439,D,552,G,D552G,MXF,3) Uncertain significance,0.03426983,0.0,Unknown,65.8410415649414,94.0,34.61903783109632,-6.277711074799299
gyrA,-0.335932221321741,T,563,S,T563S,LEV,3) Uncertain significance,0.02269483,0.0,Unknown,57.402950286865234,88.0,17.12767927453449,0.8268928527832031
gyrA,-0.335932221321741,T,563,S,T563S,MXF,3) Uncertain significance,0.02269483,0.0,Unknown,57.402950286865234,88.0,17.12767927453449,0.8268928527832031
gyrA,3.529654888297955,T,572,N,T572N,MXF,3) Uncertain significance,0.030319633,0.0,Unknown,50.24750518798828,88.0,24.234231473312622,-0.6865890026092529
gyrA,3.529654888297955,T,572,N,T572N,LEV,3) Uncertain significance,0.030319633,0.0,Unknown,50.24750518798828,88.0,24.234231473312622,-0.6865890026092529
gyrA,11.945348066803604,F,569,C,F569C,MXF,3) Uncertain significance,0.06653432,0.0,Unknown,54.3792610168457,88.0,31.49026810135259,-5.922302827239037
gyrA,11.945348066803604,F,569,C,F569C,LEV,3) Uncertain significance,0.06653432,0.0,Unknown,54.3792610168457,88.0,31.49026810135259,-5.922302827239037
gyrA,1.820825259355616,R,578,Q,R578Q,MXF,3) Uncertain significance,0.03391261,0.1666666666666666,Unknown,52.28300094604492,91.0,22.596164034846936,2.157646656036377
gyrA,1.820825259355616,R,578,Q,R578Q,LEV,3) Uncertain significance,0.03391261,0.1428571428571428,Unknown,52.28300094604492,91.0,22.596164034846936,2.157646656036377
gyrA,13.45209431582282,A,579,V,A579V,LEV,3) Uncertain significance,0.035378966,0.0,Unknown,52.38677978515625,91.0,27.72096759262996,-2.348571300506592
gyrA,13.45209431582282,A,579,V,A579V,MXF,3) Uncertain significance,0.035378966,0.0,Unknown,52.38677978515625,91.0,27.72096759262996,-2.348571300506592
gyrA,2.0048233209238333,D,583,E,D583E,LEV,3) Uncertain significance,0.020205954,0.0,Unknown,,,23.13284454741382,2.554197311401367
gyrA,4.337816899915424,E,586,G,E586G,MXF,3) Uncertain significance,0.034268826,0.0,Unknown,59.73521041870117,91.0,42.48882015717018,4.028057336807251
gyrA,4.337816899915424,E,586,G,E586G,LEV,3) Uncertain significance,0.034268826,0.0,Unknown,59.73521041870117,91.0,42.48882015717018,4.028057336807251
gyrA,4.354530781968492,A,587,D,A587D,LEV,3) Uncertain significance,0.026850263,0.0,Unknown,56.90785598754883,91.0,32.79578065715211,-0.6290040016174316
gyrA,3.3880995840361265,T,590,M,T590M,LEV,3) Uncertain significance,0.045674957,0.0,Unknown,54.61967849731445,88.0,32.68277833750696,-3.714921474456787
gyrA,3.3880995840361265,T,590,M,T590M,MXF,3) Uncertain significance,0.045674957,0.0,Unknown,54.61967849731445,88.0,32.68277833750696,-3.714921474456787
gyrA,-0.6494119553540258,T,590,A,T590A,MXF,3) Uncertain significance,0.024930656,0.5,Unknown,54.61967849731445,88.0,26.41694255168034,2.5002866685390472
gyrA,-0.6494119553540258,T,590,A,T590A,LEV,3) Uncertain significance,0.024930656,0.5,Unknown,54.61967849731445,88.0,26.41694255168034,2.5002866685390472
gyrA,1.5423118741191502,Q,594,R,Q594R,LEV,3) Uncertain significance,0.025545796,1.0,Unknown,52.296817779541016,88.0,22.596164034846936,1.3206114768981934
gyrA,14.865255922132633,V,596,M,V596M,LEV,3) Uncertain significance,0.033945985,1.0,Unknown,54.03921890258789,88.0,26.61946259943389,-2.8512129187583923
gyrA,14.865255922132633,V,596,M,V596M,MXF,3) Uncertain significance,0.033945985,1.0,Unknown,54.03921890258789,88.0,26.61946259943389,-2.8512129187583923
gyrA,-0.8168644844582786,E,605,G,E605G,LEV,3) Uncertain significance,0.039020106,0.0,Unknown,62.55047607421875,91.0,42.48882015717018,-8.533794403076172
gyrA,3.5753910084322342,Q,603,H,Q603H,LEV,3) Uncertain significance,0.042853773,0.0,Unknown,65.23970794677734,88.0,22.559771492482422,-1.7616252899169922
gyrA,2.069697499504741,R,607,C,R607C,MXF,3) Uncertain significance,0.081388034,0.0,Unknown,61.08656311035156,94.0,40.517919150720246,3.963178157806397
gyrA,2.069697499504741,R,607,C,R607C,LEV,3) Uncertain significance,0.081388034,0.0,Unknown,61.08656311035156,94.0,40.517919150720246,3.963178157806397
gyrA,-0.3257962075277874,R,607,H,R607H,LEV,3) Uncertain significance,0.047498558,0.6666666666666666,Unknown,61.08656311035156,94.0,26.692906012304967,1.253617286682129
gyrA,-0.3257962075277874,R,607,H,R607H,MXF,3) Uncertain significance,0.047498558,1.0,Unknown,61.08656311035156,94.0,26.692906012304967,1.253617286682129
gyrA,2.5302444548849508,R,615,G,R615G,LEV,3) Uncertain significance,0.028293181,0.0,Unknown,66.53038024902344,88.0,44.1492475965258,0.5991353988647461
gyrA,1.6017025630642363,R,615,L,R615L,LEV,3) Uncertain significance,0.034431484,0.0,Unknown,66.53038024902344,88.0,40.57857118014128,-2.815691471099853
gyrA,1.6017025630642363,R,615,L,R615L,MXF,3) Uncertain significance,0.034431484,0.0,Unknown,66.53038024902344,88.0,40.57857118014128,-2.815691471099853
gyrA,3.675770739092058,Q,613,E,Q613E,MXF,3) Uncertain significance,0.027055483,0.0388349514563106,Unknown,61.26005172729492,94.0,21.817564078907125,0.6119108200073242
gyrA,3.675770739092058,Q,613,E,Q613E,LEV,5) Not assoc w R,0.027055483,0.0403225806451612,Susceptible,61.26005172729492,94.0,21.817564078907125,0.6119108200073242
gyrA,0.1228150829915648,R,615,H,R615H,MXF,3) Uncertain significance,0.041304484,0.0,Unknown,66.53038024902344,88.0,26.692906012304967,-0.6693873405456543
gyrA,0.1228150829915648,R,615,H,R615H,LEV,3) Uncertain significance,0.041304484,0.0,Unknown,66.53038024902344,88.0,26.692906012304967,-0.6693873405456543
gyrA,10.473664104436692,A,620,T,A620T,LEV,3) Uncertain significance,0.02464797,0.0,Unknown,70.927978515625,88.0,26.41694255168034,-1.1013834476470947
gyrA,16.645834778618223,V,624,L,V624L,LEV,3) Uncertain significance,0.034262158,0.0,Unknown,76.31449127197266,88.0,21.74847419041692,2.953356385231018
gyrA,16.645834778618223,V,624,L,V624L,MXF,3) Uncertain significance,0.034262158,0.3333333333333333,Unknown,76.31449127197266,88.0,21.74847419041692,2.953356385231018
gyrA,4.595296276189743,N,629,K,N629K,MXF,3) Uncertain significance,0.035659663,0.0,Unknown,65.41238403320312,88.0,26.3028009866802,-0.7204961776733398
gyrA,4.595296276189743,N,629,K,N629K,LEV,3) Uncertain significance,0.035659663,0.0,Unknown,65.41238403320312,88.0,26.3028009866802,-0.7204961776733398
gyrA,66.82183873492863,A,626,V,A626V,LEV,3) Uncertain significance,0.03223785,0.0,Unknown,72.60652160644531,88.0,27.72096759262996,-2.95338773727417
gyrA,66.82183873492863,A,626,V,A626V,MXF,3) Uncertain significance,0.03223785,0.0,Unknown,72.60652160644531,88.0,27.72096759262996,-2.95338773727417
gyrA,47.99902663975581,K,633,R,K633R,MXF,3) Uncertain significance,0.02887443,0.0,Unknown,58.02423477172852,88.0,22.54394404482823,-0.1313748359680175
gyrA,1.483340675555155,K,636,E,K636E,LEV,3) Uncertain significance,0.041229833,0.0,Unknown,51.33609390258789,88.0,24.435330484711496,2.1495137214660645
gyrA,1.483340675555155,K,636,E,K636E,MXF,3) Uncertain significance,0.041229833,0.0,Unknown,51.33609390258789,88.0,24.435330484711496,2.1495137214660645
gyrA,2.331147820061119,K,636,T,K636T,LEV,3) Uncertain significance,0.033114783,0.0,Unknown,51.33609390258789,88.0,29.637803707829963,2.7223334312438965
gyrA,2.331147820061119,K,636,T,K636T,MXF,3) Uncertain significance,0.033114783,0.0,Unknown,51.33609390258789,88.0,29.637803707829963,2.7223334312438965
gyrA,1.3178502229415017,K,636,N,K636N,LEV,3) Uncertain significance,0.041489895,0.0,Unknown,51.33609390258789,88.0,26.3028009866802,-0.9305300712585448
gyrA,1.3178502229415017,K,636,N,K636N,MXF,3) Uncertain significance,0.041489895,0.0,Unknown,51.33609390258789,88.0,26.3028009866802,-0.9305300712585448
gyrA,0.4009723825706714,T,638,I,T638I,MXF,3) Uncertain significance,0.02824988,0.0,Unknown,,,31.61668122731128,-3.184737205505371
gyrA,0.4009723825706714,T,638,I,T638I,LEV,3) Uncertain significance,0.02824988,0.0,Unknown,,,31.61668122731128,-3.184737205505371
gyrA,2.85633815041706,T,638,N,T638N,MXF,3) Uncertain significance,0.0314886,0.0,Unknown,,,24.234231473312622,-0.4119596481323242
gyrA,2.85633815041706,T,638,N,T638N,LEV,3) Uncertain significance,0.0314886,0.0,Unknown,,,24.234231473312622,-0.4119596481323242
gyrA,0.3339654855398066,D,639,A,D639A,MXF,3) Uncertain significance,0.028371219,0.0,Unknown,46.54490661621094,88.0,32.79578065715211,3.679595947265625
gyrA,0.3339654855398066,D,639,A,D639A,LEV,3) Uncertain significance,0.028371219,0.0,Unknown,46.54490661621094,88.0,32.79578065715211,3.679595947265625
gyrA,2.659044383703872,D,639,G,D639G,LEV,3) Uncertain significance,0.026027313,0.0,Unknown,46.54490661621094,88.0,34.61903783109632,0.5717439651489258
gyrA,2.659044383703872,D,639,G,D639G,MXF,3) Uncertain significance,0.026027313,0.0,Unknown,46.54490661621094,88.0,34.61903783109632,0.5717439651489258
gyrA,2.9436242826500347,D,641,E,D641E,LEV,3) Uncertain significance,0.020311533,1.0,Unknown,52.27373504638672,88.0,23.13284454741382,-1.400468826293945
gyrA,2.9436242826500347,D,641,E,D641E,MXF,3) Uncertain significance,0.020311533,0.5,Unknown,52.27373504638672,88.0,23.13284454741382,-1.400468826293945
gyrA,-0.0091426072176545,F,640,V,F640V,MXF,3) Uncertain significance,0.031649068,0.0,Unknown,49.46616744995117,88.0,23.46929055924925,2.8715319633483887
gyrA,-0.0091426072176545,F,640,V,F640V,LEV,3) Uncertain significance,0.031649068,0.0,Unknown,49.46616744995117,88.0,23.46929055924925,2.8715319633483887
gyrA,3.950228613656236,S,642,C,S642C,LEV,3) Uncertain significance,0.08154042,0.0,Unknown,53.9819450378418,88.0,32.719896973736354,-2.3513622283935547
gyrA,2.3389276663925784,D,641,Y,D641Y,LEV,3) Uncertain significance,0.050883617,0.0,Unknown,52.27373504638672,88.0,36.32517153463494,-3.139337539672852
gyrA,2.3389276663925784,D,641,Y,D641Y,MXF,3) Uncertain significance,0.050883617,0.0,Unknown,52.27373504638672,88.0,36.32517153463494,-3.139337539672852
gyrA,1.3875532894652451,V,649,L,V649L,LEV,3) Uncertain significance,0.023722425,0.0,Unknown,70.46051788330078,88.0,21.74847419041692,-1.6611742973327637
gyrA,1.3875532894652451,V,649,L,V649L,MXF,3) Uncertain significance,0.023722425,0.0,Unknown,70.46051788330078,88.0,21.74847419041692,-1.6611742973327637
gyrA,1.484394531866883,V,649,M,V649M,LEV,3) Uncertain significance,0.03241387,0.0,Unknown,70.46051788330078,88.0,26.61946259943389,-2.2655177116394043
gyrA,1.484394531866883,V,649,M,V649M,MXF,3) Uncertain significance,0.03241387,0.0,Unknown,70.46051788330078,88.0,26.61946259943389,-2.2655177116394043
gyrA,3.366132903694961,V,651,A,V651A,MXF,3) Uncertain significance,0.026094558,0.0,Unknown,68.6156005859375,88.0,27.72096759262996,2.938502311706543
gyrA,3.366132903694961,V,651,A,V651A,LEV,3) Uncertain significance,0.026094558,0.0,Unknown,68.6156005859375,88.0,27.72096759262996,2.938502311706543
gyrA,4.708437173298194,V,651,I,V651I,LEV,3) Uncertain significance,0.019447017,0.0,Unknown,68.6156005859375,88.0,15.178921907491468,-1.516850471496582
gyrA,4.708437173298194,V,651,I,V651I,MXF,3) Uncertain significance,0.019447017,0.0,Unknown,68.6156005859375,88.0,15.178921907491468,-1.516850471496582
gyrA,6.702102436071641,L,653,V,L653V,MXF,3) Uncertain significance,0.0245618,1.0,Unknown,65.8094711303711,88.0,21.74847419041692,0.6010756492614746
gyrA,18.54947186555125,L,659,V,L659V,LEV,3) Uncertain significance,0.019910937,0.0,Unknown,70.6011962890625,88.0,21.74847419041692,2.9153478145599365
gyrA,18.54947186555125,L,659,V,L659V,MXF,3) Uncertain significance,0.019910937,0.0,Unknown,70.6011962890625,88.0,21.74847419041692,2.9153478145599365
gyrA,3.130668191156815,A,667,V,A667V,LEV,3) Uncertain significance,0.028668832,0.0,Unknown,77.10819244384766,88.0,27.72096759262996,-2.094752788543701
gyrA,-1.771785410470102,G,668,D,G668D,MXF,5) Not assoc w R,0.04673815,0.1610169491525423,Susceptible,80.0544662475586,88.0,34.61903783109632,2.416044950485229
gyrA,-1.771785410470102,G,668,D,G668D,LEV,5) Not assoc w R,0.04673815,0.2005605730302086,Susceptible,80.0544662475586,88.0,34.61903783109632,2.416044950485229
gyrA,-1.8374910516107548,G,668,N,G668N,MXF,3) Uncertain significance,0.042996563,0.0,Unknown,80.0544662475586,88.0,30.792138261081394,-0.696857213973999
gyrA,-1.8374910516107548,G,668,N,G668N,LEV,3) Uncertain significance,0.042996563,0.0,Unknown,80.0544662475586,88.0,30.792138261081394,-0.696857213973999
gyrA,19.91517094166204,A,676,D,A676D,LEV,3) Uncertain significance,0.07865728,0.0,Unknown,83.71887969970703,88.0,32.79578065715211,-1.356619119644165
gyrA,19.91517094166204,A,676,D,A676D,MXF,3) Uncertain significance,0.07865728,0.0,Unknown,83.71887969970703,88.0,32.79578065715211,-1.356619119644165
gyrA,22.21447950534616,A,676,V,A676V,LEV,3) Uncertain significance,0.025106505,0.5,Unknown,83.71887969970703,88.0,27.72096759262996,-3.5801711082458496
gyrA,22.21447950534616,A,676,V,A676V,MXF,3) Uncertain significance,0.025106505,0.3,Unknown,83.71887969970703,88.0,27.72096759262996,-3.5801711082458496
gyrA,-1.8422671892097924,Q,679,H,Q679H,MXF,3) Uncertain significance,0.050586935,0.0,Unknown,75.66657257080078,88.0,22.559771492482422,-0.7845478057861328
gyrA,-1.8422671892097924,Q,679,H,Q679H,LEV,3) Uncertain significance,0.050586935,0.0,Unknown,75.66657257080078,88.0,22.559771492482422,-0.7845478057861328
gyrA,9.098984175605436,F,683,L,F683L,MXF,3) Uncertain significance,0.025154594,0.0,Unknown,78.49171447753906,88.0,22.8377240877722,2.196242094039917
gyrA,9.098984175605436,F,683,L,F683L,LEV,3) Uncertain significance,0.025154594,0.0,Unknown,78.49171447753906,88.0,22.8377240877722,2.196242094039917
gyrA,-0.4969841243470227,T,686,S,T686S,MXF,3) Uncertain significance,0.029062323,0.0,Unknown,69.25696563720703,88.0,17.12767927453449,0.5678980350494385
gyrA,-0.4969841243470227,T,686,S,T686S,LEV,3) Uncertain significance,0.029062323,0.0,Unknown,69.25696563720703,88.0,17.12767927453449,0.5678980350494385
gyrA,10.293362247420418,F,683,V,F683V,MXF,3) Uncertain significance,0.03511246,0.0,Unknown,78.49171447753906,88.0,23.46929055924925,1.3394088745117188
gyrA,10.293362247420418,F,683,V,F683V,LEV,3) Uncertain significance,0.03511246,0.0,Unknown,78.49171447753906,88.0,23.46929055924925,1.3394088745117188
gyrA,2.535293387731372,D,687,N,D687N,LEV,3) Uncertain significance,0.030966679,0.0,Unknown,65.91984558105469,88.0,20.632582370741144,-2.573986768722534
gyrA,2.535293387731372,D,687,N,D687N,MXF,3) Uncertain significance,0.030966679,0.0,Unknown,65.91984558105469,88.0,20.632582370741144,-2.573986768722534
gyrA,1.0951258917107225,A,689,G,A689G,LEV,3) Uncertain significance,0.03126238,1.0,Unknown,56.2961540222168,88.0,34.52555545602958,-3.1523685455322266
gyrA,1.0951258917107225,A,689,G,A689G,MXF,3) Uncertain significance,0.03126238,0.0,Unknown,56.2961540222168,88.0,34.52555545602958,-3.1523685455322266
gyrA,102.18066835840602,A,689,V,A689V,MXF,3) Uncertain significance,0.033804275,1.0,Unknown,56.2961540222168,88.0,27.72096759262996,1.602949857711792
gyrA,16.06885091641982,L,690,V,L690V,LEV,3) Uncertain significance,0.030098632,0.0,Unknown,60.892948150634766,88.0,21.74847419041692,3.1635611057281494
gyrA,-1.0786590129985143,G,694,S,G694S,LEV,3) Uncertain significance,0.041489575,1.0,Unknown,73.50732421875,88.0,26.911928800176504,1.150468349456787
gyrA,-0.0363265708958806,A,696,T,A696T,MXF,3) Uncertain significance,0.022421539,0.0,Unknown,78.08464050292969,88.0,26.41694255168034,0.3186597824096679
gyrA,-0.0363265708958806,A,696,T,A696T,LEV,3) Uncertain significance,0.022421539,0.0,Unknown,78.08464050292969,88.0,26.41694255168034,0.3186597824096679
gyrA,0.9700771056258192,T,697,A,T697A,LEV,3) Uncertain significance,0.026317976,0.0,Unknown,79.97343444824219,88.0,26.41694255168034,2.2024080753326416
gyrA,0.9700771056258192,T,697,A,T697A,MXF,3) Uncertain significance,0.026317976,0.0,Unknown,79.97343444824219,88.0,26.41694255168034,2.2024080753326416
gyrA,22.501731263804345,S,698,L,S698L,LEV,3) Uncertain significance,0.028792221,0.0,Unknown,82.63939666748047,88.0,37.32648951510237,-1.8581514358520508
gyrA,22.501731263804345,S,698,L,S698L,MXF,3) Uncertain significance,0.028792221,0.25,Unknown,82.63939666748047,88.0,37.32648951510237,-1.8581514358520508
gyrA,70.87760668961778,G,702,S,G702S,MXF,3) Uncertain significance,0.029387781,0.0,Unknown,83.68781280517578,88.0,26.911928800176504,1.1073522567749023
gyrA,-0.4493807040310003,I,707,V,I707V,LEV,3) Uncertain significance,0.023604227,1.0,Unknown,76.60114288330078,88.0,15.178921907491468,1.4519147872924805
gyrA,53.83271617250216,F,705,L,F705L,MXF,3) Uncertain significance,0.02840376,0.0,Unknown,75.70500946044922,88.0,22.8377240877722,1.4887127876281738
gyrA,53.83271617250216,F,705,L,F705L,LEV,3) Uncertain significance,0.02840376,0.3333333333333333,Unknown,75.70500946044922,88.0,22.8377240877722,1.4887127876281738
gyrA,-4.792677288016421,M,703,V,M703V,LEV,3) Uncertain significance,0.036009204,0.0,Unknown,80.81846618652344,88.0,26.61946259943389,0.8939237594604492
gyrA,-4.792677288016421,M,703,V,M703V,MXF,3) Uncertain significance,0.036009204,0.0,Unknown,80.81846618652344,88.0,26.61946259943389,0.8939237594604492
gyrA,6.085805330657991,L,711,M,L711M,MXF,3) Uncertain significance,0.025936542,0.0,Unknown,79.07831573486328,88.0,24.945776373708327,-2.521122455596924
gyrA,6.085805330657991,L,711,M,L711M,LEV,3) Uncertain significance,0.025936542,0.0,Unknown,79.07831573486328,88.0,24.945776373708327,-2.521122455596924
gyrA,114.90471536873292,V,716,F,V716F,LEV,3) Uncertain significance,0.032371927,0.0,Unknown,83.13126373291016,91.0,23.46929055924925,-4.95195209980011
gyrA,114.90471536873292,V,716,F,V716F,MXF,3) Uncertain significance,0.032371927,0.0,Unknown,83.13126373291016,91.0,23.46929055924925,-4.95195209980011
gyrA,1.895172295581801,R,718,C,R718C,LEV,3) Uncertain significance,0.0860192,1.0,Unknown,82.67432403564453,88.0,40.517919150720246,-4.206151485443115
gyrA,-0.4128089333493108,Y,722,C,Y722C,MXF,3) Uncertain significance,0.08963633,0.0,Unknown,84.3860855102539,88.0,31.8876454197536,2.4060072898864746
gyrA,-0.4128089333493108,Y,722,C,Y722C,LEV,3) Uncertain significance,0.08963633,0.0,Unknown,84.3860855102539,88.0,31.8876454197536,2.4060072898864746
gyrA,0.4624211034723657,S,728,A,S728A,MXF,3) Uncertain significance,0.034287725,0.0,Unknown,87.37953186035156,91.0,26.48144300167584,0.5798590183258057
gyrA,0.4624211034723657,S,728,A,S728A,LEV,3) Uncertain significance,0.034287725,0.0,Unknown,87.37953186035156,91.0,26.48144300167584,0.5798590183258057
gyrA,4.090061550276687,S,728,L,S728L,LEV,3) Uncertain significance,0.04424139,0.0,Unknown,87.37953186035156,91.0,37.32648951510237,-0.4514012336730957
gyrA,4.090061550276687,S,728,L,S728L,MXF,3) Uncertain significance,0.04424139,0.0,Unknown,87.37953186035156,91.0,37.32648951510237,-0.4514012336730957
gyrA,85.47112148239012,G,729,R,G729R,LEV,3) Uncertain significance,0.035439573,0.1666666666666666,Unknown,87.57906341552734,91.0,44.1492475965258,-8.297334900125861
gyrA,85.47112148239012,G,729,R,G729R,MXF,3) Uncertain significance,0.035439573,0.0,Unknown,87.57906341552734,91.0,44.1492475965258,-8.297334900125861
gyrA,-1.714869087646548,A,736,G,A736G,MXF,3) Uncertain significance,0.024211092,0.0,Unknown,85.94048309326172,88.0,34.52555545602958,-3.472475051879883
gyrA,1.4906092648534468,E,738,D,E738D,LEV,3) Uncertain significance,0.026577916,1.0,Unknown,84.54456329345703,88.0,23.13284454741382,0.7870469689369202
gyrA,2.4024302183698865,T,735,S,T735S,LEV,3) Uncertain significance,0.021970753,0.5,Unknown,88.10747528076172,88.0,17.12767927453449,1.4971652030944824
gyrA,2.4024302183698865,T,735,S,T735S,MXF,3) Uncertain significance,0.021970753,0.0,Unknown,88.10747528076172,88.0,17.12767927453449,1.4971652030944824
gyrA,3.952445676343132,A,736,T,A736T,LEV,3) Uncertain significance,0.023116237,0.5,Unknown,85.94048309326172,88.0,26.41694255168034,-1.0022304058074951
gyrA,3.952445676343132,A,736,T,A736T,MXF,3) Uncertain significance,0.023116237,0.5,Unknown,85.94048309326172,88.0,26.41694255168034,-1.0022304058074951
gyrA,-1.2934420439087262,A,736,V,A736V,LEV,3) Uncertain significance,0.02367415,0.0,Unknown,85.94048309326172,88.0,27.72096759262996,1.5296127796173096
gyrA,-1.2934420439087262,A,736,V,A736V,MXF,3) Uncertain significance,0.02367415,0.0,Unknown,85.94048309326172,88.0,27.72096759262996,1.5296127796173096
gyrA,0.6444216733144685,E,739,Q,E739Q,MXF,3) Uncertain significance,0.03010063,1.0,Unknown,78.9126205444336,88.0,21.817564078907125,1.725935935974121
gyrA,0.6444216733144685,E,739,Q,E739Q,LEV,3) Uncertain significance,0.03010063,0.3333333333333333,Unknown,78.9126205444336,88.0,21.817564078907125,1.725935935974121
gyrA,6.875691466875992,V,742,L,V742L,LEV,3) Uncertain significance,0.019629773,0.0,Unknown,86.65290832519531,88.0,21.74847419041692,0.0615792274475097
gyrA,-1.2435628012997313,G,744,A,G744A,LEV,3) Uncertain significance,0.027219113,0.0,Unknown,88.86416625976562,88.0,34.52555545602958,0.6311612129211426
gyrA,-1.2435628012997313,G,744,A,G744A,MXF,3) Uncertain significance,0.027219113,0.0,Unknown,88.86416625976562,88.0,34.52555545602958,0.6311612129211426
gyrA,4.089885049972509,Q,743,H,Q743H,LEV,3) Uncertain significance,0.045683984,0.0,Unknown,87.25113677978516,88.0,22.559771492482422,0.4057893753051758
gyrA,4.744820345399148,V,750,A,V750A,MXF,3) Uncertain significance,0.030361123,0.0,Unknown,92.4079132080078,88.0,27.72096759262996,-1.9496519565582275
gyrA,4.744820345399148,V,750,A,V750A,LEV,3) Uncertain significance,0.030361123,0.0,Unknown,92.4079132080078,88.0,27.72096759262996,-1.9496519565582275
gyrA,72.62854824459532,R,758,P,R758P,LEV,3) Uncertain significance,0.05343085,0.0,Unknown,79.69535827636719,88.0,42.60148692869801,-0.2397830486297607
gyrA,72.62854824459532,R,758,P,R758P,MXF,3) Uncertain significance,0.05343085,0.0,Unknown,79.69535827636719,88.0,42.60148692869801,-0.2397830486297607
gyrA,25.30271207086128,G,764,R,G764R,LEV,3) Uncertain significance,0.040764026,0.0,Unknown,82.97303009033203,94.0,44.1492475965258,-6.759753227233887
gyrA,25.30271207086128,G,764,R,G764R,MXF,3) Uncertain significance,0.040764026,0.0,Unknown,82.97303009033203,94.0,44.1492475965258,-6.759753227233887
gyrA,-1.3971239530081905,D,770,G,D770G,LEV,3) Uncertain significance,0.028372463,1.0,Unknown,79.30660247802734,91.0,34.61903783109632,-1.730772614479065
gyrA,-1.3971239530081905,D,770,G,D770G,MXF,3) Uncertain significance,0.028372463,0.0,Unknown,79.30660247802734,91.0,34.61903783109632,-1.730772614479065
gyrA,3.862953457175422,L,766,S,L766S,LEV,3) Uncertain significance,0.049584832,0.0,Unknown,78.7403793334961,94.0,37.32648951510237,-0.3767528533935547
gyrA,3.862953457175422,L,766,S,L766S,MXF,3) Uncertain significance,0.049584832,0.0,Unknown,78.7403793334961,94.0,37.32648951510237,-0.3767528533935547
gyrA,-0.7055613241276433,V,768,A,V768A,MXF,3) Uncertain significance,0.04176434,0.0,Unknown,78.79376983642578,91.0,27.72096759262996,3.21277403831482
gyrA,-0.7055613241276433,V,768,A,V768A,LEV,3) Uncertain significance,0.04176434,0.0,Unknown,78.79376983642578,91.0,27.72096759262996,3.21277403831482
gyrA,21.1723902189342,G,780,C,G780C,MXF,3) Uncertain significance,0.076824434,0.0,Unknown,81.6501235961914,91.0,41.869754062050006,-7.630308300256729
gyrA,21.1723902189342,G,780,C,G780C,LEV,3) Uncertain significance,0.076824434,0.0,Unknown,81.6501235961914,91.0,41.869754062050006,-7.630308300256729
gyrA,51.53113357597749,V,783,M,V783M,LEV,3) Uncertain significance,0.031959232,0.0,Unknown,85.44628143310547,94.0,26.61946259943389,-2.084359884262085
gyrA,51.53113357597749,V,783,M,V783M,MXF,3) Uncertain significance,0.031959232,0.0,Unknown,85.44628143310547,94.0,26.61946259943389,-2.084359884262085
gyrA,22.762610327810307,V,783,L,V783L,LEV,3) Uncertain significance,0.020915752,0.0,Unknown,85.44628143310547,94.0,21.74847419041692,-0.2068457603454589
gyrA,22.762610327810307,V,783,L,V783L,MXF,3) Uncertain significance,0.020915752,0.0,Unknown,85.44628143310547,94.0,21.74847419041692,-0.2068457603454589
gyrA,6.1622057873482845,R,789,H,R789H,LEV,3) Uncertain significance,0.041761573,0.0,Unknown,93.61307525634766,88.0,26.692906012304967,-0.7733893394470215
gyrA,6.1622057873482845,R,789,H,R789H,MXF,3) Uncertain significance,0.041761573,0.0,Unknown,93.61307525634766,88.0,26.692906012304967,-0.7733893394470215
gyrA,4.69643136902846,R,789,G,R789G,MXF,3) Uncertain significance,0.043772034,0.0,Unknown,93.61307525634766,88.0,44.1492475965258,0.6419284343719482
gyrA,4.69643136902846,R,789,G,R789G,LEV,3) Uncertain significance,0.043772034,0.0,Unknown,93.61307525634766,88.0,44.1492475965258,0.6419284343719482
gyrA,2.601917866355052,A,787,G,A787G,MXF,3) Uncertain significance,0.03306093,0.0,Unknown,91.5126724243164,94.0,34.52555545602958,-2.8831210136413574
gyrA,2.601917866355052,A,787,G,A787G,LEV,3) Uncertain significance,0.03306093,0.0,Unknown,91.5126724243164,94.0,34.52555545602958,-2.8831210136413574
gyrA,2.2063235959994927,G,795,R,G795R,LEV,3) Uncertain significance,0.040428456,0.0,Unknown,91.16677856445312,88.0,44.1492475965258,7.28469436429441
gyrA,2.2063235959994927,G,795,R,G795R,MXF,3) Uncertain significance,0.040428456,0.0,Unknown,91.16677856445312,88.0,44.1492475965258,7.28469436429441
gyrA,41.16346339142831,Q,797,P,Q797P,MXF,3) Uncertain significance,0.030394655,0.0,Unknown,84.70947265625,91.0,37.5005576758833,-0.1879491806030273
gyrA,41.16346339142831,Q,797,P,Q797P,LEV,3) Uncertain significance,0.030394655,0.0,Unknown,84.70947265625,91.0,37.5005576758833,-0.1879491806030273
gyrA,1.6048279297573345,R,802,Q,R802Q,LEV,3) Uncertain significance,0.02578795,0.0,Unknown,87.97513580322266,88.0,22.596164034846936,0.7080912590026855
gyrA,1.6048279297573345,R,802,Q,R802Q,MXF,3) Uncertain significance,0.02578795,0.0,Unknown,87.97513580322266,88.0,22.596164034846936,0.7080912590026855
gyrA,1.0580539577864556,E,808,Q,E808Q,LEV,3) Uncertain significance,0.031633787,0.0,Unknown,76.29295349121094,88.0,21.817564078907125,-0.8631060123443604
gyrA,1.0580539577864556,E,808,Q,E808Q,MXF,3) Uncertain significance,0.031633787,0.0,Unknown,76.29295349121094,88.0,21.817564078907125,-0.8631060123443604
gyrA,1.818733948629756,D,810,E,D810E,LEV,3) Uncertain significance,0.024671288,1.0,Unknown,74.44044494628906,91.0,23.13284454741382,1.2743464708328247
gyrA,1.818733948629756,D,810,E,D810E,MXF,3) Uncertain significance,0.024671288,0.0,Unknown,74.44044494628906,91.0,23.13284454741382,1.2743464708328247
gyrA,37.14544475239802,A,814,T,A814T,MXF,3) Uncertain significance,0.025340255,0.0,Unknown,,,26.41694255168034,-2.4972116947174072
gyrA,37.14544475239802,A,814,T,A814T,LEV,3) Uncertain significance,0.025340255,0.5,Unknown,,,26.41694255168034,-2.4972116947174072
gyrA,0.5535173573765633,I,815,M,I815M,MXF,3) Uncertain significance,0.042894766,0.0,Unknown,,,24.48735007204724,-0.8444023132324219
gyrA,0.5535173573765633,I,815,M,I815M,LEV,3) Uncertain significance,0.042894766,0.0,Unknown,,,24.48735007204724,-0.8444023132324219
gyrA,3.383385050020252,N,818,D,N818D,MXF,3) Uncertain significance,0.022404581,0.0,Unknown,,,20.632582370741144,1.8131122589111328
gyrA,3.383385050020252,N,818,D,N818D,LEV,3) Uncertain significance,0.022404581,0.0,Unknown,,,20.632582370741144,1.8131122589111328
gyrA,-1.0491103245316251,E,820,D,E820D,MXF,3) Uncertain significance,0.029896295,0.0,Unknown,,,23.13284454741382,-0.2475630044937133
gyrA,-1.0491103245316251,E,820,D,E820D,LEV,3) Uncertain significance,0.029896295,0.0,Unknown,,,23.13284454741382,-0.2475630044937133
gyrA,6.873510823260517,D,824,E,D824E,LEV,3) Uncertain significance,0.022402454,1.0,Unknown,,,23.13284454741382,0.2615859508514404
gyrA,6.873510823260517,D,824,E,D824E,MXF,3) Uncertain significance,0.022402454,0.0,Unknown,,,23.13284454741382,0.2615859508514404
gyrA,6.607536808106488,D,824,A,D824A,LEV,3) Uncertain significance,0.031980906,0.0,Unknown,,,32.79578065715211,-0.1565439701080322
gyrA,6.858838735039285,D,824,N,D824N,LEV,3) Uncertain significance,0.03096869,1.0,Unknown,,,20.632582370741144,-2.798933982849121
gyrA,6.858838735039285,D,824,N,D824N,MXF,3) Uncertain significance,0.03096869,0.0,Unknown,,,20.632582370741144,-2.798933982849121
gyrA,0.4398772982203809,D,825,E,D825E,LEV,3) Uncertain significance,0.02711142,0.0,Unknown,,,23.13284454741382,-0.2458149194717407
gyrA,0.4398772982203809,D,825,E,D825E,MXF,3) Uncertain significance,0.02711142,0.0,Unknown,,,23.13284454741382,-0.2458149194717407
gyrA,20.283186488081128,G,823,S,G823S,MXF,3) Uncertain significance,0.021818943,0.0,Unknown,,,26.911928800176504,-0.4394145011901855
gyrA,20.283186488081128,G,823,S,G823S,LEV,3) Uncertain significance,0.021818943,0.0,Unknown,,,26.911928800176504,-0.4394145011901855
gyrA,-0.3163020103706913,N,826,D,N826D,MXF,3) Uncertain significance,0.032604456,0.0,Unknown,,,20.632582370741144,2.2820138931274414
gyrA,-0.3163020103706913,N,826,D,N826D,LEV,3) Uncertain significance,0.032604456,0.0,Unknown,,,20.632582370741144,2.2820138931274414
gyrA,15.595428306585177,N,826,I,N826I,LEV,3) Uncertain significance,0.045097515,0.0,Unknown,,,41.49721366459114,-0.4508852958679199
gyrA,15.595428306585177,N,826,I,N826I,MXF,3) Uncertain significance,0.045097515,0.0,Unknown,,,41.49721366459114,-0.4508852958679199
gyrA,3.689845777272467,N,826,H,N826H,LEV,3) Uncertain significance,0.05306747,0.0,Unknown,,,25.720699680937056,-1.0961833000183103
gyrA,3.689845777272467,N,826,H,N826H,MXF,3) Uncertain significance,0.05306747,0.0,Unknown,,,25.720699680937056,-1.0961833000183103
gyrA,9.051713443523568,D,829,E,D829E,MXF,3) Uncertain significance,0.021595454,0.0,Unknown,,,23.13284454741382,-0.0137842893600463
gyrA,9.051713443523568,D,829,E,D829E,LEV,3) Uncertain significance,0.021595454,0.3333333333333333,Unknown,,,23.13284454741382,-0.0137842893600463
gyrA,1.0000053647645473,N,831,K,N831K,LEV,3) Uncertain significance,0.046697833,0.0,Unknown,,,26.3028009866802,-0.8179612159729004
gyrA,1.0000053647645473,N,831,K,N831K,MXF,3) Uncertain significance,0.046697833,0.0,Unknown,,,26.3028009866802,-0.8179612159729004
gyrA,-0.0189062667715234,N,831,D,N831D,LEV,3) Uncertain significance,0.027599443,0.0,Unknown,,,20.632582370741144,1.902316927909851
gyrA,96.17925818866796,G,832,R,G832R,MXF,3) Uncertain significance,0.036192227,0.0,Unknown,,,44.1492475965258,-1.876398086547852
gyrA,96.17925818866796,G,832,R,G832R,LEV,3) Uncertain significance,0.036192227,0.0,Unknown,,,44.1492475965258,-1.876398086547852
gyrA,9.167156701843624,D,834,N,D834N,LEV,3) Uncertain significance,0.028140487,0.0,Unknown,,,20.632582370741144,-2.017900824546814
gyrA,2.0844353398848625,T,836,R,T836R,MXF,3) Uncertain significance,0.036787268,0.3333333333333333,Unknown,,,29.83457884844513,-0.6439497470855713
gyrA,2.0844353398848625,T,836,R,T836R,LEV,3) Uncertain significance,0.036787268,0.0,Unknown,,,29.83457884844513,-0.6439497470855713
gyrA,3.076124108110207,T,836,M,T836M,LEV,3) Uncertain significance,0.046323914,0.0,Unknown,,,32.68277833750696,-2.6351163387298584
gyrA,2.5286805966795782,T,836,K,T836K,LEV,3) Uncertain significance,0.04314269,0.0,Unknown,,,29.637803707829963,-1.0405654907226562
gyrA,2.5286805966795782,T,836,K,T836K,MXF,3) Uncertain significance,0.04314269,0.0,Unknown,,,29.637803707829963,-1.0405654907226562
