fa_atr,fa_rep,fa_sol,fa_intra_rep,fa_intra_sol_xover4,lk_ball_wtd,fa_elec,pro_close,hbond_sr_bb,hbond_lr_bb,hbond_bb_sc,hbond_sc,omega,fa_dun,p_aa_pp,ref,rama_prepro,score,variant
-1.292,0.292,1.684,0.006,0.384,0.085,0.433,0.0,0.0,0.0,0.0,0.0,-0.015,2.841,0.0,-3.523,0.0,0.8946530764309273,G503E
-0.932,0.375,1.028,0.004,0.362,-0.03,-0.183,0.0,0.0,0.0,0.0,0.0,-0.015,2.076,0.0,-2.944,0.0,-0.2593995919713734,G503D
-0.764,0.204,-0.034,0.001,0.0,0.123,-0.288,0.0,0.0,0.0,0.0,0.0,-0.015,0.0,0.0,0.526,0.0,-0.2466279456693882,G503A
-0.057,0.0,-0.316,-0.001,0.081,-0.076,-0.049,0.0,0.0,0.0,0.0,0.0,0.0,0.179,0.157,1.845,0.187,1.9511950343212447,D504H
-0.918,0.296,0.61,0.002,0.012,0.048,-0.422,0.0,0.0,0.0,0.0,0.0,-0.015,0.38,0.0,2.456,0.0,2.4509652668799617,G503C
-2.9,46.98185062436009,-0.158,0.018,0.043,0.108,0.046,0.0,0.0,0.0,0.0,0.0,-0.002,0.024,0.0,1.844,0.0,46.86522103390885,G503V
-1.012,0.365,0.717,0.021,0.537,0.038,-0.323,0.0,0.0,0.0,0.0,0.0,-0.015,1.683,0.0,0.42,0.0,2.431839672063348,G503F
0.0,0.0,0.0,0.0,0.0,0.0,0.0,0.0,0.0,0.0,0.0,0.0,0.0,0.0,0.0,0.0,0.0,0.0,G503G
-1.06,0.266,1.297,0.005,0.108,-0.193,-0.257,0.0,0.0,0.0,0.0,0.0,-0.015,1.766,0.0,0.353,0.0,2.2708104054082696,G503T
-1.242,0.238,0.791,0.017,0.173,0.078,-0.105,0.0,0.0,0.0,0.0,0.0,-0.015,0.43,0.0,0.863,0.0,1.229105507573081,G503L
-2.911,44.27363167912453,0.043,0.034,0.169,0.106,-0.056,0.0,0.0,0.0,0.0,0.0,-0.002,0.812,0.0,1.505,0.0,44.208520926566116,G503I
1.44,-0.147,-0.308,-0.018,-0.051,0.05,0.085,0.0,0.0,0.0,0.0,0.0,0.01,-0.009,0.556,-1.319,0.859,1.1505479661900608,V505A
-0.869,0.288,0.684,0.005,0.135,0.11,-0.181,5.13,0.0,0.0,0.0,0.0,0.028,0.026,0.0,-2.442,0.0,2.9133325274361823,G503P
-0.083,0.001,-0.583,0.015,-0.23,-0.015,0.551,0.0,0.0,0.0,0.0,0.0,0.0,-1.63,-0.057,3.807,0.075,1.8513602367390831,D504L
-0.907,0.29,0.845,0.005,0.336,-0.024,-0.39,0.0,0.0,0.0,0.0,0.0,-0.015,1.709,0.0,-2.139,0.0,-0.2891793574309531,G503N
-0.916,0.304,0.791,0.004,0.606,0.013,-0.332,0.0,0.0,0.0,0.0,0.0,-0.015,1.953,0.0,-1.099,0.0,1.3097286810502735,G503H
0.069,0.001,-0.494,0.006,-0.106,0.004,0.619,0.0,0.0,0.0,0.0,0.0,0.0,-0.465,0.074,2.051,0.067,1.825323809642328,D504R
0.0,0.0,0.0,0.0,0.0,0.0,0.0,0.0,0.0,0.0,0.0,0.0,0.0,0.0,0.0,0.0,0.0,0.0,V505V
-1.145,0.38,0.757,0.018,0.497,0.057,-0.235,0.0,0.0,0.0,0.0,0.0,-0.015,1.061,0.0,1.462,0.0,2.839306992135448,G503W
-1.001,0.342,0.71,0.021,0.529,0.039,-0.193,0.0,0.0,0.0,0.0,0.0,-0.015,1.774,0.0,-0.216,0.0,1.9895854346387976,G503Y
-0.663,0.005,2.17,0.001,0.609,0.088,-0.918,0.0,0.0,0.0,-0.556,0.0,0.01,1.477,0.237,-2.738,0.306,0.0291318565156188,V505R
-0.698,0.659,-1.149,0.004,0.054,0.004,1.073,2.52,0.0,0.0,0.621,0.0,-0.251,-0.047,-0.15,-1.354,0.696,1.9833201047417788,S506P
-1.315,0.308,1.131,0.011,0.257,0.0,-0.467,0.0,0.0,0.0,0.0,0.0,-0.015,1.811,0.0,-0.893,0.0,0.8279287108001654,G503R
-0.038,-0.001,-0.249,0.003,-0.046,-0.047,0.423,0.0,0.0,0.0,0.0,0.0,0.0,-0.481,0.362,0.805,0.361,1.0929186681670444,D504N
-0.967,5.03,-1.652,0.016,-0.02,-0.006,1.353,0.0,0.0,0.0,0.621,0.0,0.073,-0.065,1.224,2.932,0.981,9.523590552934934,S506V
-1.026,0.225,1.003,0.009,0.881,0.008,-0.256,0.0,0.0,0.0,0.0,0.0,-0.015,2.301,0.0,-2.25,0.0,0.8814175980771779,G503Q
0.063,0.0,-0.487,0.003,-0.12,-0.002,0.504,0.0,0.0,0.0,0.0,0.0,0.0,0.518,0.069,0.694,0.085,1.3279696792723144,D504Q
0.059,0.0,-0.461,0.002,-0.037,0.007,0.349,0.0,0.0,0.0,0.0,0.0,0.0,0.775,-0.055,-0.579,-0.012,0.0481351586397522,D504E
-1.153,0.3,0.902,0.007,0.18,0.059,-0.081,0.0,0.0,0.0,0.0,0.0,-0.015,1.212,0.0,-1.513,0.0,-0.1012455674849661,G503K
0.703,-0.106,0.623,-0.012,0.061,-0.046,0.016,0.0,0.0,0.0,0.0,0.0,0.01,0.908,0.482,-3.358,0.414,-0.3027734468705603,V505K
-1.318,0.193,0.833,0.012,0.162,0.059,-0.359,0.0,0.0,0.0,0.0,0.0,-0.015,1.069,0.0,0.859,0.0,1.496244866944494,G503M
0.5,0.008,-1.743,-0.001,-0.067,-0.063,1.611,0.0,0.0,0.0,0.621,0.0,0.0,-0.076,0.621,1.614,0.6,3.627073167231515,S506A
-0.053,0.0,-0.625,0.017,-0.08,-0.006,0.524,0.0,0.0,0.0,0.0,0.0,0.0,0.12,0.246,3.364,0.283,3.790159344407698,D504F
0.725,-0.131,0.259,-0.017,-0.041,-0.047,-0.31,0.0,0.0,0.0,0.0,0.0,0.01,0.157,0.428,0.612,0.695,2.3406466779428,V505C
-0.038,0.01,-0.628,0.003,0.176,-0.212,1.711,0.0,0.0,0.0,0.621,0.0,0.0,2.865,0.688,-2.435,0.575,3.3379736026619184,S506E
0.113,0.012,-0.872,0.001,0.281,-0.168,1.305,0.0,0.0,0.0,0.621,0.0,0.0,1.737,0.55,-0.011,0.429,3.9995466262445234,S506H
-0.776,0.269,0.727,0.001,0.026,0.01,-0.308,0.0,0.0,0.0,0.0,0.0,-0.015,0.737,0.0,-1.088,0.0,-0.4161729452277996,G503S
-0.139,0.0,-0.428,0.01,-0.212,-0.021,0.535,0.0,0.0,0.0,0.0,0.0,0.0,-0.898,0.206,3.803,0.228,3.082967203389444,D504M
-0.02,0.0,-0.62,0.015,-0.038,-0.005,0.566,0.0,0.0,0.0,0.0,0.0,0.0,-0.504,0.216,4.406,0.152,4.169902676086963,D504W
-0.181,0.013,-0.702,0.005,-0.238,-0.063,0.243,0.0,0.0,0.0,0.0,0.0,0.0,-0.951,0.297,3.297,0.319,2.038678270247715,D504T
-0.45,0.078,-0.96,0.013,-0.25,-0.029,0.526,0.0,0.0,0.0,0.0,0.0,0.017,-1.176,0.258,4.788,0.263,3.0779650656654667,D504V
0.285,0.001,-1.036,-0.003,-0.306,0.022,0.522,0.0,0.0,0.0,0.0,0.0,0.0,-1.748,0.277,3.47,0.186,1.6716908835649065,D504A
0.0,0.0,0.0,0.0,0.0,0.0,0.0,0.0,0.0,0.0,0.0,0.0,0.0,0.0,0.0,0.0,0.0,0.0,D504D
0.111,0.001,-0.578,-0.002,-0.293,0.003,0.363,0.0,0.0,0.0,0.0,0.0,0.0,-1.643,0.625,5.4,0.318,4.306006906282619,D504C
0.041,0.01,-0.946,0.005,0.041,-0.097,1.584,0.0,0.0,0.0,0.621,0.0,0.0,0.711,0.666,-0.425,0.606,2.8193940084726137,S506K
-0.792,-0.043,0.97,-0.008,-0.02,0.303,-0.443,0.0,0.0,0.0,0.0,0.0,0.01,1.869,0.447,-0.986,0.623,1.9317204198940767,V505M
0.727,-0.004,-0.579,-0.004,-0.306,0.04,0.501,0.0,0.0,0.0,0.0,0.0,0.029,-1.748,0.987,2.943,0.811,3.3997456070560474,D504G
-1.237,2.123,-1.327,0.001,-0.023,0.038,0.496,0.0,0.0,0.0,0.621,0.0,0.0,0.46,0.591,3.544,0.297,5.5867995993003206,S506C
0.084,0.0,-0.495,0.003,-0.187,0.003,0.562,0.0,0.0,0.0,0.0,0.0,0.0,-0.824,0.087,1.431,0.005,0.670911800013755,D504K
0.6,-0.133,1.792,-0.017,0.2,-0.395,-0.212,0.0,0.0,0.0,0.0,0.0,0.01,2.435,1.386,-4.789,1.078,1.9560822993070133,V505D
-0.277,-0.023,0.639,0.009,0.062,0.043,0.05,0.0,0.0,0.0,0.0,0.0,0.0,0.045,0.324,-0.339,0.168,0.7034122016160609,V505I
-0.647,0.043,-0.898,0.035,-0.188,-0.063,0.549,0.0,0.0,0.0,0.0,0.0,0.017,-0.678,0.25,4.449,0.315,3.184545781458155,D504I
0.684,-0.096,0.827,-0.013,0.206,-0.075,0.518,0.0,0.0,0.0,0.0,0.0,0.01,2.428,0.513,-5.368,0.521,0.1563528175812507,V505E
-0.431,-0.048,0.353,0.002,0.197,-0.137,0.022,0.0,0.0,0.0,0.0,0.0,0.01,1.475,0.093,-1.425,0.246,0.3586031686760407,V505F
-0.016,0.0,-0.615,0.018,-0.069,-0.006,0.476,0.0,0.0,0.0,0.0,0.0,0.0,0.114,0.225,2.727,0.187,3.041897377930696,D504Y
0.716,-0.095,0.553,-0.013,0.13,-0.057,0.164,0.0,0.0,0.0,0.0,0.0,0.01,2.459,0.444,-4.094,0.389,0.6062441108538223,V505Q
0.0,0.0,0.0,0.0,0.0,0.0,0.0,0.0,0.0,0.0,0.0,0.0,0.0,0.0,0.0,0.0,0.0,0.0,S506S
0.014,0.014,-1.108,0.018,0.144,-0.117,1.542,0.0,0.0,0.0,0.621,0.0,0.0,1.784,0.727,1.507,0.673,5.822848383282008,S506F
0.269,0.037,0.342,-0.003,-0.009,0.091,-0.121,0.0,0.0,0.0,0.0,0.0,0.01,0.15,0.643,-0.982,0.609,1.038265130493187,V505L
-0.947,0.634,-0.733,-0.001,-0.257,-0.029,1.471,1.654,0.0,0.0,0.0,0.0,0.064,-1.638,1.616,0.502,1.145,3.4809367273593352,D504P
-0.514,0.028,-1.544,0.005,-0.059,-0.106,1.53,0.0,0.0,0.0,0.621,0.0,0.0,1.069,0.781,1.947,0.562,4.322675121985867,S506M
0.235,0.001,-0.411,-0.003,-0.281,-0.049,0.268,0.0,0.0,0.0,0.0,0.0,0.0,-1.062,0.418,1.856,0.199,1.171982526012698,D504S
1.257,-0.15,0.861,-0.018,0.021,0.027,-0.914,0.0,0.0,0.0,0.0,0.0,0.01,0.399,0.218,-2.933,0.465,-0.7548421268182892,V505S
-0.105,-0.132,1.127,-0.016,0.316,-0.281,-0.114,0.0,0.0,0.0,0.0,0.0,0.01,1.541,0.252,-2.944,0.297,-0.0471057683560047,V505H
-0.114,31.866,0.211,-0.015,0.063,0.038,-0.629,45.791388470888634,0.0,0.0,0.0,0.0,0.12,-0.009,6.885,-4.286,15.584,49.40218451619983,V505P
-0.339,-0.097,0.788,0.0,0.222,-0.168,0.072,0.0,0.0,0.0,0.0,0.0,0.01,1.685,0.251,-0.382,0.698,2.740692027376668,V505W
-0.347,-0.106,-1.467,0.003,-0.071,-0.213,3.048,0.0,0.0,0.0,0.302,0.0,0.0,0.457,0.248,0.805,0.083,2.7425717896354627,D507N
1.417,3.557,-0.712,0.022,0.025,0.355,1.544,0.0,0.0,0.0,0.621,0.0,0.073,1.92,1.551,2.593,1.134,14.101197738612656,S506I
0.276,-0.127,1.392,-0.015,0.195,-0.477,0.179,0.0,0.0,0.0,0.0,0.0,0.01,1.738,0.975,-3.983,0.89,1.0545915135865016,V505N
2.059,-0.179,-0.282,-0.019,-0.051,-0.026,0.075,0.0,0.0,0.0,0.0,0.0,0.023,-0.009,1.028,-1.845,1.517,2.292331096287512,V505G
1.769,-0.18,-4.366,-0.004,-0.725,0.39,3.407,0.0,0.0,0.0,1.138,0.0,0.0,-0.49,0.208,5.4,-0.231,6.316598481754909,D507C
0.571,-0.05,0.803,-0.013,0.031,-0.091,-0.924,0.0,0.0,0.0,0.0,0.0,0.01,0.028,-0.018,-1.491,0.02,-1.1216747472592488,V505T
1.392,-0.179,-4.32,0.011,-0.695,0.353,3.334,0.0,0.0,0.0,1.138,0.0,0.0,-1.119,0.2,3.807,0.198,4.120581836829501,D507L
1.677,-0.192,-4.194,-0.003,-0.395,0.344,3.419,0.0,0.0,0.0,1.138,0.0,0.0,0.783,0.093,1.845,-0.047,4.469169415829583,D507H
-0.147,0.008,-0.526,0.007,0.486,-0.281,1.361,0.0,0.0,0.0,0.621,0.0,0.0,1.82,0.612,-1.162,0.584,3.3860133486409723,S506Q
-0.093,0.0,0.921,-0.003,0.012,-0.299,-0.004,0.0,0.0,0.0,0.0,0.0,0.0,-0.347,0.032,0.578,-0.05,0.7485227517947806,E508D
-1.094,0.08,1.661,0.003,0.225,-0.354,0.28,0.0,0.0,0.0,-0.158,0.0,0.0,2.634,0.457,-1.857,0.263,2.1415656758762225,S506D
-0.02,0.001,-0.174,-0.004,-0.275,-0.017,-0.202,0.0,0.0,0.0,0.0,0.0,0.0,-2.196,0.196,5.979,0.44,3.727947999764978,E508C
-0.458,-0.002,0.371,0.002,0.199,-0.141,0.026,0.0,0.0,0.0,0.0,0.0,0.01,1.457,0.017,-2.061,0.213,-0.3650761419016817,V505Y
2.03,-0.197,-5.233,-0.005,-0.735,0.399,3.382,0.0,0.0,0.0,1.138,0.0,0.0,-1.186,-0.043,3.47,0.002,3.022454088915879,D507A
-0.233,0.008,-1.207,0.017,-0.024,-0.129,1.519,0.0,0.0,0.0,0.621,0.0,0.0,-0.004,0.588,1.951,0.567,3.675343344147336,S506L
1.346,0.323,-4.36,0.017,-0.635,0.477,3.528,0.0,0.0,0.0,1.138,0.0,0.058,0.822,0.97,4.449,0.492,8.625331755253569,D507I
3.083,0.017,0.092,-0.013,0.204,0.291,0.188,0.0,0.0,0.0,0.0,0.0,0.0,2.988,0.448,-4.386,0.226,3.1388296025373847,L510E
2.998,-0.255,-4.43,-0.004,-0.319,0.44,4.314,0.0,0.0,0.0,1.138,0.0,0.068,-2.592,0.081,2.943,0.107,4.489756761047943,D507G
-1.544,0.245,0.503,0.005,0.17,-0.536,0.934,0.0,0.0,0.0,0.141,0.0,0.0,3.097,0.453,-1.051,0.361,2.7793077507798216,S506N
1.299,-0.007,-1.356,-0.003,-0.067,-0.159,1.61,0.0,0.0,0.0,0.621,0.0,0.179,-0.076,0.403,1.087,0.397,3.932836885083134,S506G
0.642,0.803,-4.345,0.001,-0.231,0.339,4.038,6.838,0.0,0.0,1.138,0.0,-0.037,-1.715,-1.09,0.502,0.23,7.113308804595135,D507P
1.652,-0.195,-4.18,0.001,-0.627,0.38,3.427,0.0,0.0,0.0,1.138,0.0,0.0,-0.371,0.282,1.431,0.178,3.115768081806777,D507K
-1.246,0.193,-0.434,0.01,0.244,-0.489,1.619,0.0,0.0,0.0,0.621,0.0,0.0,1.804,0.606,0.194,0.538,3.664303520958924,S506R
-0.829,0.001,-0.139,0.015,-0.033,-0.049,-0.086,0.0,0.0,0.0,0.0,0.0,0.0,-0.59,0.096,3.942,0.099,2.427783398215184,E508F
-1.058,0.0,0.094,0.015,-0.026,-0.158,-0.129,0.0,0.0,0.0,0.0,0.0,0.0,-0.452,-0.039,3.306,0.017,1.5705756818354075,E508Y
1.544,-0.189,-3.67,0.001,-0.164,0.279,2.661,0.0,0.0,0.0,1.138,0.0,0.0,1.463,0.223,-0.579,0.12,2.826386448388689,D507E
0.0,0.0,0.0,0.0,0.0,0.0,0.0,0.0,0.0,0.0,0.0,0.0,0.0,0.0,0.0,0.0,0.0,0.0,D507D
3.861,-0.096,-1.181,-0.018,-0.054,0.405,0.026,0.0,0.0,0.0,0.0,0.0,0.0,-0.092,0.547,-0.337,0.534,3.59623198898123,L510A
0.915,1.879,-2.485,0.001,-0.241,0.226,3.85,0.0,0.0,0.0,1.138,0.0,0.0,-2.57,-0.223,3.297,-0.195,5.592351852728029,D507T
-0.271,0.004,-0.037,0.004,0.008,-0.083,-0.037,0.0,0.0,0.0,0.336,0.0,0.0,-0.062,-0.02,1.441,-0.005,1.2796711463880683,S506T
0.022,0.013,-1.113,0.018,0.152,-0.119,1.58,0.0,0.0,0.0,0.621,0.0,0.0,1.76,0.735,0.871,0.748,5.290557821300013,S506Y
0.0,0.0,0.0,0.0,0.0,0.0,0.0,0.0,0.0,0.0,0.0,0.0,0.0,0.0,0.0,0.0,0.0,0.0,D509D
1.561,-0.192,-4.383,0.015,-0.533,0.386,3.528,0.0,0.0,0.0,1.138,0.0,0.0,0.657,0.397,3.364,0.17,6.1060204445641375,D507F
-0.544,0.073,-1.289,0.027,0.223,-0.158,1.459,0.0,0.0,0.0,0.621,0.0,0.0,2.283,0.723,2.55,0.823,6.794381094149799,S506W
1.577,-0.2,-4.4,0.014,-0.517,0.386,3.487,0.0,0.0,0.0,1.138,0.0,0.0,0.862,0.378,2.727,0.201,5.654254192474127,D507Y
1.348,0.258,-0.976,-0.006,-0.018,0.13,0.016,0.0,0.0,0.0,0.0,0.0,-0.081,0.366,0.049,0.981,0.266,2.333648270929644,L510V
-0.562,0.011,-0.541,0.016,-0.489,0.287,-0.975,0.0,0.0,0.0,0.0,0.0,0.0,0.11,0.665,3.364,0.436,2.3214628581265515,D509F
-0.844,0.34,-0.396,0.013,-0.249,-0.097,-0.052,0.0,0.0,0.0,0.0,0.0,-0.029,-2.166,0.2,5.367,0.343,2.427231811503248,E508V
1.533,-0.186,-4.357,0.012,-0.493,0.384,3.523,0.0,0.0,0.0,1.138,0.0,0.0,0.243,0.327,4.406,0.245,6.774415627192525,D507W
1.478,-0.19,-3.849,0.002,-0.202,0.242,3.129,0.0,0.0,0.0,1.138,0.0,0.0,1.004,0.222,0.694,0.158,3.825941562130879,D507Q
1.83,-0.183,-3.815,-0.003,-0.297,0.292,4.284,0.0,0.0,0.0,1.138,0.0,0.0,-0.839,-0.512,1.856,-0.438,3.3122591410843825,D507S
-0.444,0.0,-0.112,0.003,-0.139,0.072,-0.496,0.0,0.0,0.0,0.0,0.0,0.0,0.194,0.666,0.694,0.553,0.9932762066570148,D509Q
1.608,-0.184,-4.155,0.004,-0.549,0.377,3.639,0.0,0.0,0.0,1.138,0.0,0.0,0.255,0.13,2.051,0.058,4.372115783748427,D507R
1.116,-0.195,-3.948,0.004,-0.313,0.345,4.351,0.0,0.0,0.0,1.138,0.0,0.0,-1.575,0.313,3.803,0.001,5.039007958061575,D507M
2.729,-0.134,-5.143,0.009,-0.692,0.582,3.322,0.0,0.0,0.0,1.138,0.0,0.058,0.767,0.799,4.788,0.373,8.595194142930382,D507V
0.409,0.0,-0.538,-0.005,-0.287,0.049,-0.098,0.0,0.0,0.0,0.0,0.0,0.0,-2.322,0.641,4.049,0.499,2.3973725567143447,E508A
0.0,0.0,0.0,0.0,0.0,0.0,0.0,0.0,0.0,0.0,0.0,0.0,0.0,0.0,0.0,0.0,0.0,0.0,L510L
1.576,49.99935377077284,-0.787,-0.012,0.086,0.349,0.52,13.625,0.74,0.0,0.0,0.0,-0.057,-0.023,3.024,-3.305,5.875,49.999727762335134,L510P
0.482,0.0,-1.424,-0.004,-0.75,0.159,-0.341,0.0,0.0,0.0,0.0,0.0,0.0,-1.564,0.56,3.47,0.394,0.9824763969165816,D509A
-0.339,0.001,-0.397,-0.002,-0.333,0.183,-0.95,0.0,0.0,0.0,0.0,0.0,0.0,0.394,0.44,1.845,0.539,1.379018274342343,D509H
0.514,0.004,0.568,0.002,-0.044,0.079,0.468,0.0,0.0,0.0,0.0,0.0,0.0,3.01,0.026,-0.444,0.016,4.2001061398700585,L510F
-0.904,0.583,0.146,0.021,-0.204,-0.081,-0.038,0.0,0.0,0.0,0.0,0.0,-0.029,-1.997,0.338,5.028,0.448,3.3115324556301857,E508I
-0.04,0.001,-0.384,0.005,-0.497,0.195,-0.8,0.0,0.0,0.0,0.0,0.0,0.0,-0.186,0.724,2.051,0.616,1.685515395268112,D509R
-0.244,0.0,0.6,-0.002,-0.01,-0.258,-0.131,0.0,0.0,0.0,0.0,0.0,0.0,-0.734,0.113,1.384,0.263,0.9811580369423608,E508N
-0.564,0.0,0.266,0.007,-0.188,-0.034,-0.028,0.0,0.0,0.0,0.0,0.0,0.0,-1.499,0.487,4.381,0.418,3.245581957180889,E508M
0.0,0.0,0.0,0.0,0.0,0.0,0.0,0.0,0.0,0.0,0.0,0.0,0.0,0.0,0.0,0.0,0.0,0.0,E508E
0.389,0.134,-4.138,-0.006,-0.711,0.381,2.347,45.2,0.0,0.0,1.138,0.0,0.083,-1.483,3.105,1.081,2.592,38.12681585401071,E508P
-0.733,0.001,0.842,0.01,0.042,-0.176,-0.49,0.0,0.0,0.0,0.0,0.0,0.0,-1.243,-0.045,2.009,-0.144,0.0736195873239466,E508K
0.714,-0.006,-0.59,-0.006,-0.287,0.077,-0.109,0.0,0.0,0.0,0.0,0.0,0.029,-2.322,1.07,3.522,1.06,3.151144133764433,E508G
-0.246,0.001,0.294,0.0,-0.227,-0.126,-0.232,0.0,0.0,0.0,0.0,0.0,0.0,-2.3,-0.261,3.876,-0.13,0.6490769225268878,E508T
-0.992,0.001,1.39,0.003,0.398,-0.382,-0.696,0.0,0.0,0.0,0.0,0.0,0.0,-0.586,-0.029,1.273,-0.024,0.355954635519879,E508Q
-0.435,0.001,-0.143,0.013,-0.206,-0.045,-0.202,0.0,0.0,0.0,0.0,0.0,0.0,-2.28,-0.044,4.386,-0.046,0.9982103617646771,E508L
-0.947,0.001,-0.912,0.031,-0.632,0.126,-0.662,0.0,0.0,0.0,0.0,0.0,0.025,-0.717,1.704,4.449,1.193,3.657091592326424,D509I
-0.498,0.001,0.505,-0.002,0.127,-0.188,-0.053,0.0,0.0,0.0,0.0,0.0,0.0,-0.99,-0.099,2.423,0.243,1.4692384697364105,E508H
0.021,0.0,-0.025,0.004,-0.078,0.014,-0.183,0.0,0.0,0.0,0.0,0.0,0.0,-0.761,0.014,2.629,-0.014,1.6226711301717387,E508R
1.06,0.246,2.028,-0.015,0.254,0.231,-0.325,0.0,0.0,0.0,0.0,0.0,0.0,2.176,0.331,-1.963,0.325,4.350304903758683,L510H
0.368,0.001,-0.375,-0.004,-0.717,-0.002,-1.009,0.0,0.0,0.0,0.0,0.0,0.0,-1.258,1.018,1.856,1.049,0.9267081844278664,D509S
0.189,0.0,0.28,-0.004,-0.237,-0.068,-0.229,0.0,0.0,0.0,0.0,0.0,0.0,-2.026,0.214,2.434,0.147,0.6987711859580941,E508S
-0.35,41.339,-4.222,-0.001,-0.696,0.457,2.876,0.266,0.0,0.0,1.138,0.0,0.012,-2.176,0.056,0.502,11.031,38.17687849667451,D509P
-2.824,0.219,1.161,0.017,0.128,-0.152,0.158,0.0,0.0,0.0,0.0,0.0,0.0,-0.361,0.119,4.985,0.468,3.917891980048808,E508W
-0.07,0.001,-0.196,0.001,-0.361,0.146,0.136,0.0,0.0,0.0,0.0,0.0,0.0,0.905,0.899,-0.579,0.65,1.5309395125301537,D509E
-0.082,0.001,-0.762,-0.003,-0.733,0.178,-0.752,0.0,0.0,0.0,0.0,0.0,0.0,-1.31,1.06,5.4,1.061,4.05693100749761,D509C
-0.119,0.207,1.316,-0.006,-0.025,0.101,-0.148,0.0,0.0,0.0,0.0,0.0,0.0,0.914,0.357,-0.005,0.132,2.7250620187182903,L510M
0.049,0.016,1.906,0.001,-0.007,0.03,-0.008,0.0,0.0,0.0,0.0,0.0,0.0,2.923,0.051,-1.08,0.058,3.9419120672635017,L510Y
-0.03,0.001,-0.407,0.002,-0.579,0.188,-0.492,0.0,0.0,0.0,0.0,0.0,0.0,-0.721,0.849,1.431,0.646,0.8877547431256971,D509K
-0.051,0.0,-0.705,0.01,-0.673,-0.023,-1.088,0.0,0.0,0.0,0.0,0.0,0.0,-0.632,1.38,3.297,1.953,3.4686974920720104,D509T
3.652,-0.075,-0.068,-0.017,-0.008,0.441,-0.492,0.0,0.0,0.0,0.0,0.0,0.0,0.617,0.531,-1.952,0.388,3.0185460830606416,L510S
-0.186,0.0,-0.021,0.0,-0.443,-0.013,-0.981,0.0,0.0,0.0,0.0,0.0,0.0,0.545,0.112,0.805,0.102,-0.0808295416328519,D509N
1.063,-0.007,-1.668,-0.007,-0.75,0.316,-0.327,0.0,0.0,0.0,0.0,0.0,0.033,-1.564,1.225,2.943,1.568,2.8239759609400608,D509G
1.472,-0.036,-0.267,-0.017,-0.042,0.204,0.006,0.0,0.0,0.0,0.0,0.0,0.0,0.043,0.442,1.593,0.254,3.651758525198602,L510C
1.985,-0.11,0.869,-0.032,-0.037,0.523,-0.998,0.0,0.0,0.0,0.0,-0.464,0.004,-1.72,1.299,-0.98,1.056,1.3941622804068174,I511A
-1.159,0.19,-0.685,0.008,-0.574,0.102,-0.674,0.0,0.0,0.0,0.0,0.0,0.0,0.633,0.651,3.803,0.762,3.05889000559182,D509M
-0.618,0.254,-1.12,0.01,0.005,-0.375,1.035,0.0,0.0,0.0,0.0,0.464,0.0,1.271,0.324,-0.173,0.651,1.7287993631382506,A512T
-0.68,0.077,-1.381,0.017,-0.423,0.104,-0.406,0.0,0.0,0.0,0.0,0.0,0.0,0.55,0.805,2.727,0.568,1.959135921322172,D509Y
-0.357,0.001,-0.593,0.012,-0.652,0.228,-0.491,0.0,0.0,0.0,0.0,0.0,0.0,-1.376,0.631,3.807,0.409,1.619135440832565,D509L
0.467,0.005,1.369,-0.001,0.095,0.191,0.385,0.0,0.0,0.0,0.0,0.0,0.0,2.982,0.064,0.599,0.434,6.591391044075181,L510W
-0.387,0.608,-0.05,0.014,0.02,-0.043,-0.098,0.0,0.0,0.0,0.0,0.0,-0.081,1.247,0.044,0.642,0.328,2.243749369699799,L510I
0.765,-0.061,3.137,-0.014,0.191,0.178,-0.918,0.0,0.0,0.0,-0.187,0.0,0.0,1.411,0.738,-3.002,0.474,2.713966546228676,L510N
1.535,-0.079,4.307,-0.015,0.232,0.22,0.475,0.0,0.0,0.0,0.0,0.0,0.0,1.731,0.898,-3.808,0.622,6.1198303624645405,L510D
-0.579,0.0,-1.158,0.015,-0.689,0.2,-0.484,0.0,0.0,0.0,0.0,0.0,0.025,-1.493,1.598,4.788,1.109,3.3328894464842733,D509V
1.397,-0.069,1.238,-0.006,0.283,0.108,-0.485,0.0,0.0,0.0,0.0,0.0,0.0,1.709,0.346,-1.757,0.161,2.9245971858924804,L510R
-0.412,0.001,-0.571,0.013,-0.472,0.217,-0.755,0.0,0.0,0.0,0.0,0.0,0.0,0.052,0.579,4.406,0.732,3.791069096268984,D509W
0.877,-0.067,2.107,-0.006,0.167,0.281,-0.936,0.0,0.0,0.0,0.0,0.0,0.0,2.054,0.444,-2.377,0.143,2.6882168747707738,L510K
0.43,0.029,2.922,-0.012,0.138,0.564,-1.805,0.0,0.0,0.0,-0.901,0.0,0.0,2.611,0.453,-3.113,0.081,1.3983506451967287,L510Q
1.978,-0.049,-0.167,-0.014,0.045,0.107,-0.52,0.0,0.0,0.0,0.0,0.0,0.0,0.36,0.326,-0.51,0.42,1.9776346091076675,L510T
-0.329,0.001,0.617,0.005,0.24,-0.119,-0.001,0.0,0.0,0.0,0.0,0.0,0.0,1.651,0.346,-2.665,0.607,0.3527360483145685,A512N
1.222,-0.109,2.21,-0.029,0.221,0.108,-0.706,0.0,0.0,0.0,0.0,-0.464,0.004,0.053,1.186,-3.644,0.703,0.7550581165176027,I511N
4.557,-0.098,-1.114,-0.019,-0.054,0.54,0.013,0.0,0.0,0.0,0.0,0.0,-0.087,-0.092,1.032,-0.864,1.582,5.396279158009861,L510G
0.766,-0.174,0.773,-0.022,0.111,-0.014,-0.095,0.0,0.0,0.0,0.0,0.0,0.004,1.603,1.036,-3.755,0.51,0.7427273466115594,I511Q
-2.586,0.064,1.45,0.02,0.018,-0.241,0.195,0.0,0.0,0.0,0.0,0.0,0.0,1.997,0.217,-0.107,0.346,1.3725911333382328,A512F
-0.044,0.184,1.701,-0.025,-0.008,0.387,-1.173,0.0,0.0,0.0,0.0,-0.464,0.004,-0.375,0.92,-0.647,0.695,1.1559897364664948,I511M
2.357,-0.143,0.909,-0.033,-0.037,0.589,-0.948,0.0,0.0,0.0,0.0,-0.464,-0.023,-1.72,2.111,-1.506,2.982,4.075113613405279,I511G
0.219,-0.109,2.198,-0.013,0.196,0.359,-1.03,0.0,0.0,0.0,0.0,-0.464,0.004,-0.026,0.623,-1.086,0.391,1.2637325075114632,I511F
-0.188,0.001,0.323,0.005,0.118,-0.016,-0.043,0.0,0.0,0.0,0.0,0.0,0.0,1.037,0.14,-2.04,0.384,-0.2780921206925768,A512K
1.531,-0.109,1.473,-0.023,0.173,0.456,-1.575,0.0,0.0,0.0,0.0,-0.464,0.004,0.189,0.906,-2.399,0.574,0.7353898959365779,I511R
0.923,0.076,1.116,-0.028,0.097,0.573,-1.307,37.939,0.0,0.0,0.0,-0.464,0.04,-1.544,5.015,-3.947,3.187,41.67445889194687,I511P
1.013,-0.258,-0.113,-0.027,-0.051,0.259,-0.338,0.0,0.0,0.0,0.0,0.0,0.004,-0.408,0.863,0.951,0.744,2.6395986355455534,I511C
1.757,-0.109,1.812,-0.031,0.018,0.592,-1.77,0.0,0.0,0.0,0.0,-0.464,0.004,-1.346,1.273,-2.594,0.743,-0.1146053539424656,I511S
-2.363,0.282,2.466,0.003,0.317,-0.306,-0.242,0.0,0.0,0.0,0.0,0.0,0.0,1.051,0.012,-1.626,0.382,-0.0228322974135153,A512H
0.668,-0.266,1.323,-0.026,0.282,-0.227,-0.267,0.0,0.0,0.0,0.0,0.0,0.004,1.163,0.81,-2.605,0.619,1.4781492536999394,I511H
-0.379,0.001,0.301,0.017,0.047,-0.029,-0.146,0.0,0.0,0.0,0.0,0.0,0.0,0.167,0.065,0.336,0.356,0.7364372748679671,A512L
-0.564,0.001,0.534,0.011,0.007,-0.053,-0.179,0.0,0.0,0.0,0.0,0.0,0.0,1.315,0.275,0.332,0.281,1.962450171906994,A512M
-0.072,0.156,1.402,-0.004,0.044,0.346,-1.346,0.0,0.0,0.0,0.0,-0.464,0.0,-0.819,0.0,0.0,0.0,-0.7555739005119904,I511I
1.094,0.174,1.479,-0.026,0.016,0.451,-1.557,0.0,0.0,0.0,0.0,-0.464,0.004,-1.672,0.622,-1.152,0.562,-0.4684916243169255,I511T
1.133,-0.109,2.977,-0.032,-0.16,0.252,-1.211,0.0,0.0,0.0,0.0,-0.464,0.004,1.676,1.284,-4.45,0.784,1.6853791018252195,I511D
0.947,-0.107,1.404,-0.017,0.024,0.35,-1.254,0.0,0.0,0.0,0.0,-0.464,0.004,-1.087,0.406,-0.643,0.434,-0.002359586084367,I511L
0.0,0.0,0.0,0.0,0.0,0.0,0.0,0.0,0.0,0.0,0.0,0.0,0.0,0.0,0.0,0.0,0.0,0.0,A512A
0.435,-0.109,2.519,-0.015,0.209,0.29,-1.127,0.0,0.0,0.0,0.0,-0.464,0.004,-0.34,0.863,-0.043,0.928,3.1502697125990835,I511W
0.257,-0.001,0.117,-0.002,0.0,0.034,0.038,0.0,0.0,0.0,0.0,0.0,-0.041,0.0,0.817,-0.527,0.949,1.6417475218687514,A512G
0.029,-0.109,2.727,-0.013,0.203,0.246,-1.241,0.0,0.0,0.0,0.0,-0.464,0.004,0.007,0.708,-1.722,0.428,0.8019415500555169,I511Y
-1.272,1.227,-0.039,0.002,0.085,0.059,-0.648,0.281,0.0,0.0,0.0,0.0,-0.015,0.238,-0.785,-2.968,0.386,-3.448698786630075,A512P
0.647,0.186,1.031,-0.02,0.004,0.507,-1.243,0.0,0.0,0.0,0.0,-0.464,0.0,-1.686,0.067,0.338,0.136,-0.4951274164696997,I511V
-0.652,0.128,0.613,0.006,0.159,-0.021,-0.252,0.0,0.0,0.0,0.0,0.0,0.0,2.682,0.231,-2.776,0.43,0.548640816792954,A512Q
0.81,-0.155,1.167,-0.023,0.23,-0.011,0.148,0.0,0.0,0.0,0.0,0.0,0.004,1.555,1.029,-5.029,0.662,0.3874906427049609,I511E
-2.938,-0.093,1.434,0.023,0.01,-0.677,0.763,0.0,0.0,0.0,0.0,0.464,0.0,2.605,0.223,-0.743,0.384,1.4552655379178532,A512Y
-0.503,0.668,7.219,-0.019,0.589,0.906,-9.106,0.0,0.0,0.0,0.0,-0.496,0.004,0.805,1.011,-3.019,0.52,-1.421152901903838,I511K
-0.082,-0.156,-1.166,0.004,-0.032,-0.365,1.14,0.0,0.0,0.0,0.0,0.464,0.0,1.183,0.348,1.93,0.283,3.5518239899070068,A512C
-0.256,0.001,0.851,0.003,0.278,-0.055,-0.075,0.0,0.0,0.0,0.0,0.0,0.0,1.521,0.134,-3.471,0.322,-0.747401826734631,A512D
-0.186,0.033,0.664,0.001,0.049,-0.012,-0.35,0.0,0.0,0.0,0.0,0.0,0.0,0.474,0.069,-1.615,0.324,-0.5471126107627242,A512S
-1.064,0.117,0.299,0.028,0.081,0.007,-0.024,0.0,0.0,0.0,0.0,0.0,-0.019,0.855,0.32,0.979,0.547,2.125840159842596,A512I
-0.832,0.234,-1.347,0.019,-0.005,-0.371,1.22,0.0,0.0,0.0,0.0,0.464,-0.019,1.289,0.265,1.318,0.486,2.721066132712508,A512V
-5.123,0.459,2.669,0.018,0.124,-0.587,0.065,0.0,0.0,0.0,0.0,0.0,0.0,1.934,0.043,0.936,0.301,0.8388703860221085,A512W
-0.12,-0.156,-1.064,0.008,0.224,-0.364,1.204,0.0,0.0,0.0,0.0,0.464,0.0,3.723,0.074,-4.05,0.316,0.2585342808490622,A512E
-0.19,0.001,0.323,0.009,0.199,-0.015,0.009,0.0,0.0,0.0,0.0,0.0,0.0,1.665,0.077,-1.42,0.335,0.9922503206333886,A512R
-0.041,0.379,1.025,-0.005,-0.422,0.307,0.533,0.0,0.0,0.0,0.0,-0.77,0.0,-1.062,0.329,1.246,0.289,1.807994405132036,R513T
-0.129,49.24428852947186,-1.621,-0.012,-0.374,0.257,0.49,49.88538042378377,0.0,0.0,0.0,0.0,0.191,-1.096,7.053,-1.549,10.513,49.99949532080445,R513P
0.457,0.045,-0.975,-0.008,-0.273,0.058,1.438,0.0,0.0,0.0,0.0,0.0,0.0,-0.488,0.367,-0.62,0.293,0.293626234011981,R513K
-0.374,0.029,-0.205,-0.012,0.438,0.379,0.134,0.0,0.0,0.0,-1.046,0.0,0.0,0.21,-0.238,-0.206,-0.068,-0.95929700466354,R513H
0.714,0.018,0.295,-0.002,0.482,-0.01,2.173,0.0,0.0,0.0,0.0,0.0,0.0,1.733,0.227,-2.051,0.2,3.780664591350387,R513D
1.811,-0.142,-4.154,-0.013,-0.538,-0.21,2.783,0.0,0.0,0.0,0.0,0.464,0.0,-0.277,-0.375,1.419,0.055,0.8229313194572114,R513A
-1.261,16.254,-2.828,0.01,-0.398,0.048,2.807,0.0,0.0,0.0,0.0,0.464,0.002,0.268,1.198,2.398,1.148,20.1105704927362,R513I
4.859,-2.169,-5.965,-0.005,-0.379,-0.186,3.812,0.0,0.0,0.0,0.0,1.266,0.0,-1.847,-0.779,2.434,-0.476,0.5650054930706574,E514S
0.315,-0.182,-1.802,-0.005,-0.231,-0.506,2.339,0.0,0.0,0.0,0.0,0.464,0.0,2.018,0.256,-1.357,0.339,1.6479869782815513,R513Q
3.263,-0.302,-2.949,-0.018,-0.494,0.085,1.618,0.0,0.0,0.0,0.0,0.0,0.222,-1.096,-0.008,0.892,0.702,1.915763035856344,R513G
0.871,-0.004,-1.816,-0.015,-0.449,0.163,1.264,0.0,0.0,0.0,0.0,0.0,0.0,-1.049,-0.188,3.349,-0.25,1.874992928383904,R513C
-0.652,0.108,-1.274,-0.006,-0.343,0.15,1.252,0.0,0.0,0.0,0.0,0.0,0.0,-0.267,0.221,1.752,0.416,1.3556664533756475,R513M
0.202,0.128,-1.032,-0.007,-0.119,-0.139,1.591,0.0,0.0,0.0,0.0,-0.023,0.0,2.482,0.312,-2.63,0.312,1.0777204570918002,R513E
-0.022,0.099,0.382,-0.011,0.205,0.581,0.626,0.0,0.0,0.0,-0.935,0.0,0.0,1.291,0.258,-1.246,0.078,1.307160526175721,R513N
-0.579,0.403,-2.833,0.032,-0.306,-0.456,2.768,0.0,0.0,0.0,0.0,0.464,0.0,0.089,0.834,1.756,1.05,3.2223231840176823,R513L
-0.617,0.538,-2.476,0.026,-0.002,-0.283,2.286,0.0,0.0,0.0,0.0,0.464,0.0,2.833,-0.417,1.313,-0.204,3.4599972342418823,R513F
-2.754,3.144,-1.387,0.009,0.048,-0.282,2.365,0.0,0.0,0.0,0.0,0.464,0.0,2.037,-0.365,2.355,0.232,5.866451027858943,R513W
0.073,-0.156,-1.402,0.004,-0.044,-0.346,1.335,0.0,0.0,0.0,0.0,0.464,0.0,0.82,0.0,0.0,0.0,0.7475337581420263,R513R
-0.906,5.025,-1.1,0.006,-0.013,0.096,0.917,0.0,0.0,0.0,0.0,0.0,0.0,0.079,-0.327,0.676,-0.191,4.262633239798674,R513Y
-1.976,4.634,-3.803,0.004,-0.481,-0.165,2.815,0.0,0.0,0.0,0.0,0.464,0.002,0.015,1.261,2.737,0.916,6.423048571477466,R513V
1.624,0.024,-1.129,-0.016,-0.423,-0.108,1.356,0.0,0.0,0.0,0.0,0.0,0.0,-1.051,-0.478,-0.195,-0.323,-0.7202655998261207,R513S
2.948,0.047,-7.225,0.006,-0.374,-0.421,3.812,0.0,0.0,0.0,0.0,1.266,0.0,-1.604,-0.177,3.876,-0.262,1.8915476513678868,E514T
0.072,-0.157,-1.402,0.004,-0.044,-0.346,1.347,0.0,0.0,0.0,0.0,0.464,0.0,0.819,0.0,0.0,0.0,0.7574423417302114,E514E
1.228,4.932,-3.704,0.004,-0.36,0.279,2.845,0.0,0.0,0.0,0.0,0.802,0.0,-1.435,0.398,4.386,0.695,10.068638425922812,E514L
-1.74,0.032,0.253,0.001,0.118,-0.609,2.5,0.0,0.0,0.0,0.0,0.0,0.0,0.293,-0.397,0.694,-0.465,0.6827052276526047,D515Q
3.44,0.556,-3.08,0.013,0.301,0.48,-1.108,0.0,0.0,0.0,0.0,0.802,0.0,1.53,-0.296,2.629,-0.212,5.056101021449081,E514R
3.838,-1.823,-2.16,-0.006,-0.092,0.35,0.771,0.0,0.0,0.0,-1.037,0.802,0.0,-0.586,-0.034,0.578,-0.139,0.4616564542722017,E514D
-5.412,48.029381901628064,-4.636,0.038,0.067,-0.536,4.711,0.0,0.0,0.0,1.025,1.266,0.0,3.504,-0.827,3.942,-0.465,48.22599384347329,E514F
2.617,-0.284,-6.629,-0.008,-0.36,0.049,2.56,0.0,0.0,0.0,0.0,0.802,0.0,-2.702,-0.595,5.979,-0.493,0.9369005853692444,E514C
-0.544,4.25,-6.278,0.019,-0.342,-0.24,4.383,0.0,0.0,0.0,0.0,1.266,0.05,-1.785,0.843,5.028,0.292,6.941651059334731,E514I
-6.342,49.989865513476104,-1.411,0.036,0.055,-0.141,4.309,0.0,0.0,0.0,1.025,1.266,0.0,3.179,-0.74,3.306,-0.409,49.99140980025472,E514Y
3.188,0.819,-7.69,0.009,-0.287,-0.441,3.876,49.86624803863513,0.0,0.0,1.038,1.266,-0.043,0.196,6.802,1.081,8.756,49.93632071608657,E514P
-0.042,0.349,-1.893,0.008,-0.119,-0.213,2.981,0.0,0.0,0.0,0.0,0.802,0.0,1.133,-0.716,4.985,0.041,7.314885929458342,E514W
3.94,-1.542,-5.576,-0.01,-0.396,0.158,2.616,0.0,0.0,0.0,0.0,0.802,0.0,-2.777,-0.54,4.049,-0.076,0.6477321616081326,E514A
0.596,0.004,-2.168,0.002,-0.251,0.04,1.919,0.0,0.0,0.0,0.0,0.0,0.0,-0.077,-0.49,2.051,-0.408,1.219175990869644,D515R
6.614,-2.104,-6.429,-0.011,-0.402,0.283,2.924,0.0,0.0,0.0,0.0,0.802,-0.036,-2.754,-0.066,3.522,0.588,2.9304540080268,E514G
3.471,-1.731,-4.572,-0.001,-0.197,-0.231,3.642,0.0,0.0,0.0,-1.631,1.266,0.0,0.932,-0.095,1.384,-0.29,1.946147825445792,E514N
-0.17,0.025,-5.07,0.005,-0.292,-0.409,3.904,0.0,0.0,0.0,0.0,1.266,0.0,-0.976,-0.144,4.381,0.104,2.623282196905393,E514M
-1.11,-0.141,-1.174,-0.001,-0.109,-0.602,2.68,0.0,0.0,0.0,0.0,0.802,0.0,-0.413,-0.019,1.273,0.048,1.2361056735890088,E514Q
2.584,3.856,-6.935,0.006,-0.356,0.17,3.047,0.0,0.0,0.0,0.0,0.802,0.05,-2.7,0.65,5.367,0.138,6.6794770619633255,E514V
3.269,0.918,-2.559,0.005,0.102,0.286,-0.645,0.0,0.0,0.0,0.0,0.802,0.0,0.439,0.087,2.009,0.002,4.71514774953107,E514K
3.101,-0.674,-3.798,-0.008,-0.031,-0.124,3.131,0.0,0.0,0.0,0.0,0.802,0.0,-0.329,-0.582,2.423,-0.313,3.5987755536772283,E514H
0.277,-0.005,-2.035,-0.002,-0.274,0.055,1.502,0.0,0.0,0.0,0.0,0.0,0.0,-1.691,-0.344,5.4,-0.299,2.58645775194384,D515C
-0.316,-0.006,-0.719,0.002,-0.039,-0.058,1.11,0.0,0.0,0.0,0.0,0.0,0.0,-0.149,-0.116,0.805,-0.116,0.4000585762285027,D515N
-3.365,0.041,-1.51,0.009,-0.262,-0.105,1.557,0.0,0.0,0.0,0.0,0.0,0.0,-0.888,-0.42,3.803,-0.473,-1.6106467346711495,D515M
-2.674,0.449,-1.932,0.01,-0.214,-0.234,1.853,0.0,0.0,0.0,0.0,0.0,0.0,-0.614,-0.662,4.406,-0.212,0.1791420632582685,D515W
-0.526,-0.098,-4.032,0.014,-0.445,-0.4,3.279,0.0,0.0,0.0,0.0,0.464,0.0,-0.745,-0.835,3.807,-0.493,-0.0076679649030211,D515L
-0.345,-0.156,-3.805,0.017,-0.279,-0.406,3.147,0.0,0.0,0.0,0.0,0.464,0.0,0.661,-0.717,3.364,-0.507,1.438991678070579,D515F
0.227,-0.162,-2.668,0.006,-0.052,-0.367,3.304,0.0,0.0,0.0,0.0,0.464,0.0,1.454,-0.384,-0.579,-0.33,0.9132333569262984,D515E
1.023,-0.01,-3.097,-0.003,-0.287,0.051,1.904,0.0,0.0,0.0,0.0,0.0,0.0,-1.91,-0.236,3.47,-0.058,0.8489835231439429,D515A
-2.079,0.408,-0.327,0.016,-0.056,0.893,1.194,0.0,0.0,0.0,0.0,-0.962,0.0,-0.387,-0.68,2.727,-0.48,0.2691609429230084,D515Y
-2.915,3.579,-3.286,0.025,-0.38,-0.199,2.055,0.0,0.0,0.0,0.0,0.0,-0.055,-0.798,-0.894,4.449,-0.413,1.1690396117887758,D515I
-0.321,3.036,-2.606,-0.001,-0.314,0.192,1.374,8.719,0.0,0.0,0.0,0.0,-0.053,-2.029,1.448,0.502,1.761,11.710965128375848,D515P
-1.322,0.088,-0.449,0.003,0.07,0.529,0.633,0.0,0.0,0.0,0.0,-1.31,0.0,0.896,-0.431,1.845,-0.21,0.3451722653195475,D515H
0.607,0.001,-2.176,-0.001,-0.334,0.036,1.916,0.0,0.0,0.0,0.0,0.0,0.0,-0.71,-0.364,1.431,-0.39,0.0185551361834086,D515K
6.08,-1.134,-4.267,-0.006,-0.921,0.471,0.7,0.0,0.0,0.0,0.0,0.233,0.023,-4.013,0.863,3.522,0.815,2.364087370955985,E522G
-4.225,23.01,0.387,0.034,0.249,-0.673,0.435,0.0,0.0,0.0,1.026,0.802,0.055,3.962,0.733,-0.982,0.755,25.5693284308378,V516L
-0.597,-0.206,-1.822,0.017,-0.161,-0.064,1.782,0.0,0.0,0.0,0.0,0.014,-0.055,-0.627,-0.858,4.788,-0.43,1.783453476120826,D515V
0.0,0.0,0.0,0.0,0.0,0.0,0.0,0.0,0.0,0.0,0.0,0.0,0.0,0.0,0.0,0.0,0.0,0.0,D515D
1.938,-0.432,1.423,-0.011,-0.002,0.293,-0.014,0.0,0.0,0.0,0.0,0.015,0.027,-0.042,0.779,0.612,0.42,5.0051551397890535,V517C
-3.761,1.078,1.212,-0.002,0.233,-0.497,1.255,0.0,0.0,0.0,1.32,1.465,0.0,2.965,0.489,-1.453,0.387,4.691263539341094,T521H
2.183,-0.014,-2.611,-0.004,-0.287,0.102,1.868,0.0,0.0,0.0,0.0,0.0,-0.063,-1.91,0.291,2.943,0.95,3.4507074645865714,D515G
0.896,-0.007,-1.524,-0.003,-0.261,-0.169,1.443,0.0,0.0,0.0,0.0,0.0,0.0,-1.23,-0.199,1.856,-0.16,0.642677467541489,D515S
-4.447,8.813,7.3,0.008,0.093,0.931,1.955,0.0,0.0,0.0,-0.136,0.0,0.0,2.811,0.374,-1.867,-0.046,15.788319702764056,T519K
1.064,48.72092529091842,3.55,-0.003,0.127,0.456,0.977,49.63862897180467,0.0,0.954,0.0,0.015,0.056,2.459,4.351,-4.286,2.805,49.99715269508459,V517P
-0.092,-0.154,-2.185,0.005,-0.227,-0.313,2.644,0.0,0.0,0.0,0.0,-0.708,0.0,-0.147,-0.491,3.297,-0.135,1.4950420618695262,D515T
2.44,-1.104,-4.802,0.015,-0.613,0.267,0.643,0.0,0.0,0.0,0.0,0.233,0.0,-1.427,0.614,3.306,0.33,-0.0986086461408604,E522Y
3.991,-1.114,-2.985,-0.003,-0.232,0.203,0.558,0.0,0.0,0.0,0.0,0.233,0.0,-1.097,0.382,0.578,0.226,0.7398800405317161,E522D
-2.397,14.399,14.282,-0.017,0.422,-0.075,-5.292,0.0,0.0,0.0,-0.013,0.338,0.055,2.666,0.444,-5.368,0.536,19.980799782723352,V516E
-2.867,11.726,4.721,-0.002,0.025,-0.187,0.317,0.0,0.0,0.0,1.039,0.802,0.055,6.929,0.388,-0.986,0.614,22.57629735553155,V516M
-4.531,49.41859103498902,16.026,-0.001,0.212,0.171,-0.436,0.0,0.0,0.0,1.026,0.802,0.055,4.728,0.458,-3.358,0.471,49.68793052834425,V516K
2.383,-1.175,3.132,-0.019,0.04,0.324,-1.826,0.0,0.0,0.0,0.0,-0.464,0.055,-0.127,0.352,0.612,0.633,3.918875375571588,V516C
-4.199,37.342,0.024,0.0,0.055,0.204,0.117,0.0,0.0,0.0,0.0,0.0,0.038,4.975,0.199,-0.982,0.036,37.81136966020506,V518L
-0.052,-0.231,9.711,-0.014,0.731,0.431,-1.387,0.0,0.0,0.0,0.0,-0.464,0.055,1.343,0.847,-3.983,0.821,7.808664063382707,V516N
0.0,0.0,0.0,0.0,0.0,0.0,0.0,0.0,0.0,0.0,0.0,0.0,0.0,0.0,0.0,0.0,0.0,0.0,V516V
-5.705,10.796,7.096,0.008,0.068,0.277,-0.809,0.0,0.0,0.0,1.026,0.802,0.055,5.586,-0.051,-2.061,0.233,17.32251935383283,V516Y
-12.102,49.460653939224144,8.187,0.015,0.057,0.017,0.656,0.0,0.0,0.0,-0.014,0.0,0.027,5.019,0.53,-2.061,0.117,49.47019101448926,V517Y
2.901,0.024,5.884,-0.013,0.2,0.065,-1.009,0.0,0.0,0.0,-0.738,0.0,0.053,-0.011,0.61,-3.644,0.445,4.770980513294035,I520N
-6.904,6.459,11.551,-0.01,0.207,-0.528,-0.216,0.0,0.0,0.0,0.0,0.0,0.027,2.171,0.716,-2.944,0.363,10.892707079756974,V517H
-1.693,8.414,11.245,-0.014,0.365,0.713,-1.548,0.0,0.0,0.0,0.0,0.802,0.055,4.235,0.411,-4.094,0.449,19.34040637831299,V516Q
-3.928,21.224,13.022,0.016,0.733,0.785,-2.389,0.0,0.0,0.0,-0.738,0.0,0.053,2.231,0.692,-2.399,0.506,29.811210237592377,I520R
6.111,-1.456,6.412,-0.021,0.064,0.077,-2.178,0.0,0.0,0.0,0.0,-0.464,0.055,-0.529,0.084,-2.933,0.402,5.626426196404736,V516S
7.127,-1.442,1.654,-0.021,-0.006,0.507,-1.534,0.0,0.0,0.0,0.0,-0.464,0.055,-0.839,0.404,-1.319,0.837,4.958802804818561,V516A
-3.828,11.45,1.16,0.02,0.193,-0.226,-0.041,0.0,0.0,0.0,0.0,0.802,0.0,2.202,0.357,-0.339,0.171,11.92344457259344,V516I
-7.574,16.524,4.224,-0.007,-0.004,0.015,-0.254,0.0,0.0,0.0,0.0,0.0,0.027,3.008,0.726,-0.986,0.305,16.004327221843482,V517M
-5.111,11.194,5.091,0.008,0.062,0.324,-0.767,0.0,0.0,0.0,1.026,0.802,0.055,5.615,-0.011,-1.425,0.287,17.150374577171533,V516F
0.0,0.0,0.0,0.0,0.0,0.0,0.0,0.0,0.0,0.0,0.0,0.0,0.0,0.0,0.0,0.0,0.0,0.0,T521T
-12.806,49.746190460020436,2.709,0.011,-0.026,-0.076,6.692,0.0,0.0,0.0,1.072,0.0,0.027,3.485,0.686,-0.382,0.562,49.765233467302366,V517W
1.297,-0.432,-5.641,0.011,-0.865,0.166,0.609,0.0,0.0,0.0,0.0,0.233,0.125,-3.169,0.494,5.367,0.343,-1.4622872953711976,E522V
3.719,-1.115,-3.422,-0.001,-0.261,0.129,0.594,0.0,0.0,0.0,0.0,0.233,0.0,-1.511,0.511,1.384,0.557,0.8151573324774972,E522N
-0.112,9.504,0.289,0.039,0.073,0.152,-0.502,0.0,0.0,0.0,-0.738,0.0,0.053,4.217,0.457,-0.643,0.458,13.250538269347317,I520L
-2.636,4.535,9.899,-0.009,0.202,-0.231,-1.644,0.0,0.0,0.0,1.026,0.802,0.055,5.515,0.132,-2.944,0.308,15.011258282767244,V516H
-4.443,3.979,11.764,-0.003,0.367,0.058,-1.661,0.0,0.0,0.0,-0.191,-0.002,0.027,3.275,0.868,-4.094,0.191,10.135868135159969,V517Q
0.0,0.0,0.0,0.0,0.0,0.0,0.0,0.0,0.0,0.0,0.0,0.0,0.0,0.0,0.0,0.0,0.0,0.0,V517V
-2.79,5.978,0.314,0.019,0.103,-0.002,0.108,0.0,0.0,0.0,0.0,0.053,0.0,0.454,-0.036,-0.339,-0.092,3.769476199467249,V517I
1.72,-0.935,-5.473,0.005,-0.681,0.289,0.684,0.0,0.0,0.0,0.0,0.233,0.0,-2.278,0.218,4.381,0.392,-1.4458218590949627,E522M
10.069,-1.555,2.523,-0.023,-0.006,0.665,-1.563,0.0,0.0,0.0,0.0,-0.464,0.171,-0.839,0.884,-1.845,1.467,9.48434799423967,V516G
0.017,0.188,-0.557,0.005,-0.095,0.14,-0.511,0.0,0.0,0.0,-0.365,0.573,0.0,0.35,0.0,0.0,0.0,-0.2553673392242217,E522E
-2.55,8.232,1.405,0.043,0.155,0.362,0.108,0.0,0.0,0.0,0.0,0.053,0.027,4.94,0.302,-0.982,0.136,12.231508483218818,V517L
1.035,25.311,4.245,-0.018,0.096,0.727,-0.058,49.10380047753523,0.0,0.873,0.0,-0.464,0.351,-0.489,6.987,-4.286,6.27,49.82193580348865,V516P
8.143,-0.982,1.837,-0.014,-0.04,0.466,-0.111,0.0,0.0,0.0,0.0,0.0,-0.034,-0.022,1.836,-1.845,2.292,11.528016603233256,V517G
-2.167,19.779,18.24,-0.004,-0.083,0.737,0.378,0.0,0.0,0.0,0.893,-0.186,0.038,5.379,0.727,-3.358,0.13,40.504939103273614,V518K
5.777,-0.189,-4.268,-0.008,0.022,0.04,2.275,0.0,0.0,0.0,1.32,1.232,-0.044,-0.008,0.502,-0.354,0.504,6.801805098461728,T521G
-5.014,48.9399531216615,19.075,0.029,1.532,-1.194,2.501,0.0,0.0,0.0,0.881,0.338,0.055,12.508,0.195,-2.738,0.307,49.658182615116964,V516R
0.583,0.798,-5.766,0.021,-0.798,0.489,0.606,0.0,0.0,0.0,0.0,0.233,0.125,-2.917,0.436,5.028,0.385,-0.7768616025272195,E522I
-8.244,39.014,20.775,0.018,0.145,1.526,-1.396,0.0,0.0,0.0,0.0,0.0,0.027,5.36,0.856,-3.358,0.221,40.00461667220807,V517K
1.318,-0.407,9.993,-0.011,0.239,0.18,-2.573,0.0,0.0,0.0,0.0,0.015,0.027,2.072,1.306,-4.789,0.62,7.989402954089314,V517D
2.05,-1.298,10.95,-0.002,0.929,-0.162,-1.148,0.0,0.0,0.0,0.0,0.0,0.055,3.033,1.22,-4.789,0.988,11.82602909568766,V516D
2.433,48.08004088970911,4.121,-0.017,-0.069,0.864,0.994,49.71313472234209,0.0,1.036,0.0,0.0,0.158,-0.497,6.644,-3.947,6.473,49.997280167105785,I520P
0.985,-0.09,-3.563,-0.004,-0.067,-0.193,2.238,0.0,0.0,0.0,1.32,1.465,0.0,0.346,0.49,2.103,0.246,5.276574614440392,T521C
-2.72,0.758,4.602,0.001,0.026,0.232,0.129,0.0,0.0,0.0,1.32,1.465,0.0,1.161,0.5,-1.867,0.448,6.055194176783516,T521K
3.211,-0.161,-4.718,-0.007,0.022,0.203,2.45,0.0,0.0,0.0,1.32,1.232,0.0,-0.008,0.571,0.172,0.513,4.801056550927228,T521A
-1.529,49.956008103380825,-3.566,-0.002,-0.004,0.066,3.243,22.726,1.281,0.0,1.32,1.465,0.128,3.111,0.171,-2.795,0.999,49.98482340456769,T521P
-10.203,40.38,9.421,0.01,0.19,0.048,-0.755,0.0,0.0,0.0,1.026,0.802,0.055,5.702,0.175,-0.382,0.711,47.17935535813808,V516W
-11.788,49.9994941725083,3.075,0.016,0.222,0.583,0.187,0.0,0.0,0.0,-0.365,0.686,0.0,3.553,0.099,-0.57,-0.155,49.99939542466799,T519Y
7.662,-0.672,1.74,-0.016,-0.097,0.537,-0.585,0.0,0.0,0.0,-0.738,0.0,0.053,-2.112,1.191,-0.98,1.468,7.454526780782317,I520A
-1.761,49.93167457328415,-5.465,0.044,-0.242,0.088,4.303,0.0,0.0,0.0,2.065,1.465,-0.001,2.881,1.406,1.151,1.048,49.94831634229488,T521I
3.319,-1.894,-1.746,-0.007,-0.055,0.605,0.066,0.0,0.0,0.0,0.0,0.0,0.0,0.298,0.672,0.172,0.697,2.126653831955764,T519A
-8.407,49.929001749896194,3.677,0.043,0.057,0.581,-0.467,0.0,0.0,0.0,0.0,0.0,0.038,8.087,0.387,-2.061,0.029,49.934367315443666,V518Y
3.235,-1.115,-3.532,0.004,-0.081,0.187,0.432,0.0,0.0,0.0,0.0,0.233,0.0,-1.708,0.096,1.273,0.244,-0.7321770277117139,E522Q
4.621,-1.116,-5.072,-0.005,-0.921,0.327,0.695,0.0,0.0,0.0,0.0,0.233,0.0,-4.013,0.11,4.049,-0.026,-1.1197731243063345,E522A
5.969,-0.975,0.698,-0.013,-0.04,0.4,-0.159,0.0,0.0,0.0,0.0,0.0,0.027,-0.022,1.083,-1.319,0.725,6.375513074331025,V517A
-0.116,0.339,0.175,0.003,0.024,0.193,-0.503,0.0,0.0,0.0,-0.738,0.0,0.0,0.137,0.0,0.0,0.0,-0.4832847146558379,I520I
4.244,-0.279,7.913,-0.014,0.198,0.341,-2.623,0.0,0.0,0.0,-0.738,0.0,0.053,0.944,0.648,-4.45,0.464,6.703219127066745,I520D
-5.065,8.987,16.269,0.003,0.261,-0.214,0.654,0.0,0.0,0.0,0.893,-0.801,0.038,6.426,0.594,-2.738,0.149,25.45728538386095,V518R
8.341,-1.826,3.908,-0.015,-0.039,0.191,-0.118,0.0,0.0,0.0,0.0,0.0,-0.032,-0.045,1.573,-1.845,1.912,12.0064470765152,V518G
2.42,-0.025,5.814,-0.016,0.074,0.144,-2.043,0.0,0.0,0.0,0.0,-0.464,0.055,-0.802,-0.072,-1.491,-0.054,3.539757013135045,V516T
5.139,-0.77,4.547,-0.013,-0.005,0.261,-0.431,0.0,0.0,0.0,0.0,0.0,0.027,0.151,1.09,-2.933,0.461,7.526433847670887,V517S
2.064,-0.828,3.977,-0.007,0.012,-0.147,-0.345,0.0,0.0,0.0,0.0,0.0,0.027,0.056,0.473,-1.491,0.357,4.148414692039296,V517T
-5.954,38.044,8.959,-0.001,0.353,-0.028,-0.341,0.0,0.0,0.0,0.0,0.0,0.038,4.303,0.613,-2.944,0.3,43.343953762063165,V518H
1.109,1.323,11.417,-0.008,0.651,0.686,-0.586,0.0,0.0,0.0,-0.738,0.0,0.053,3.578,0.906,-5.029,0.688,14.053727364326164,I520E
1.061,-0.869,-3.074,-0.002,-0.869,0.133,0.078,0.0,0.0,0.0,0.0,0.233,0.0,-2.825,0.576,3.876,0.505,-1.178154620085934,E522T
4.565,-0.668,2.621,-0.015,-0.063,0.454,-0.947,0.0,0.0,0.0,-0.738,0.0,0.053,-1.802,0.605,0.951,0.988,6.006321176715915,I520C
-0.533,47.93027500476995,4.103,-0.01,0.027,0.289,0.674,47.11664994203484,0.0,1.072,0.0,0.0,0.039,1.848,3.619,-4.286,2.575,49.956968041442266,V518P
-10.412,41.238,3.661,0.01,0.019,-0.194,0.307,0.0,0.0,0.0,0.0,0.0,0.027,4.022,0.471,-1.425,0.082,37.80815312593768,V517F
1.27,0.122,10.61,-0.011,0.213,0.222,-0.604,0.0,0.0,0.0,0.0,0.0,0.038,2.422,1.17,-4.789,0.554,11.217520547024606,V518D
-1.855,42.0441438039231,0.607,-0.005,0.06,0.611,0.188,49.125491584034,0.0,1.162,0.0,0.0,0.008,0.644,7.055,-2.795,6.108,49.95243456807452,T519P
0.768,-0.136,-4.695,-0.005,-0.909,0.206,0.435,0.0,0.0,0.0,0.0,0.233,0.0,-3.465,0.652,5.979,0.527,-0.4100400812139924,E522C
-1.577,6.125,2.632,-0.006,0.012,0.658,-0.272,0.0,0.0,0.0,-0.738,0.0,0.053,1.775,0.842,-0.647,1.215,10.071838835689164,I520M
1.11,-1.084,-2.41,0.019,-0.136,0.114,0.841,0.0,0.0,0.0,0.0,0.233,0.0,-1.095,0.176,2.629,0.14,0.537344277061834,E522R
-0.635,-0.082,2.055,0.0,0.177,-0.388,2.849,0.0,0.0,0.0,1.32,1.465,0.0,2.578,0.571,-3.877,0.481,6.5145224078618185,T521E
-1.28,-0.009,0.795,0.001,0.104,-0.509,2.219,0.0,0.0,0.0,1.32,1.465,0.0,2.546,0.476,-2.603,0.431,4.95529085322994,T521Q
-2.893,4.708,11.944,-0.009,0.579,0.29,-1.315,0.0,0.0,0.0,0.0,0.0,0.038,6.698,0.731,-5.368,0.244,15.647834089663776,V518E
-1.508,49.96364535968129,-3.109,-0.001,-0.867,0.43,1.862,9.196,0.0,1.453,-0.365,0.394,-0.027,-2.881,1.377,1.081,0.647,49.97325954995267,E522P
-5.795,2.002,7.559,0.004,0.104,-0.194,1.19,0.0,0.0,0.0,0.773,1.465,0.0,1.728,0.496,-1.247,0.446,8.53134111113934,T521R
-0.294,-1.58,5.455,-0.003,0.226,0.875,-0.845,0.0,0.0,0.0,-0.365,0.341,0.0,2.964,0.959,-3.298,0.511,4.9450385929183085,T519D
-2.506,-0.264,14.668,-0.004,0.534,-0.55,-2.262,0.0,0.0,0.0,0.0,0.0,0.027,4.32,0.866,-5.368,0.365,9.825977213133,V517E
0.7,0.439,1.347,-0.002,0.185,-0.252,2.374,0.0,0.0,0.0,1.32,1.465,0.0,2.257,0.515,-3.298,0.334,7.382246488343867,T521D
-2.665,5.331,-3.827,0.009,-0.029,-0.178,2.405,0.0,0.0,0.0,1.32,1.465,0.0,0.757,0.404,0.509,0.41,5.90956300110156,T521L
-11.2,12.942,1.472,0.015,0.227,-0.142,3.016,0.0,0.0,0.0,1.561,1.465,0.0,1.812,0.494,1.109,0.705,13.47601425639698,T521W
-0.277,-0.023,7.358,-0.007,0.217,0.251,-0.62,0.0,0.0,0.0,0.0,0.015,0.027,1.635,1.123,-3.983,0.496,6.212838400176793,V517N
-1.702,20.158,-5.445,0.014,0.007,-0.004,1.565,0.0,0.0,0.0,1.32,1.465,-0.001,0.36,1.068,1.49,0.837,21.132657541333856,T521V
-9.466,45.82624302670876,-0.737,0.015,0.245,0.112,0.466,0.0,0.0,0.0,0.0,0.0,0.0,3.128,0.109,0.066,-0.14,44.71292358278339,T519F
-9.087,49.394140300548145,6.789,0.065,-0.115,0.24,0.568,0.0,0.0,0.0,0.893,0.0,0.038,11.714,0.511,-0.382,0.433,49.61926550581432,V518W
2.652,-1.106,-5.107,0.015,-0.621,0.35,0.685,0.0,0.0,0.0,0.0,0.233,0.0,-1.381,0.591,3.942,0.386,0.6380965190949155,E522F
1.857,-0.891,2.464,-0.013,-0.027,0.194,-0.161,0.0,0.0,0.0,0.0,0.0,0.038,0.578,0.69,0.612,0.284,5.626086168003326,V518C
-8.303,41.7022308112047,18.073,0.007,0.319,1.196,-1.507,0.0,0.0,0.0,0.0,-0.124,0.027,6.87,0.724,-2.738,0.254,45.232322982690306,V517R
5.117,-1.955,-0.892,-0.009,-0.055,0.692,0.228,0.0,0.0,0.0,0.0,0.0,0.069,0.298,1.557,-0.354,2.341,7.038701964723259,T519G
1.949,-0.067,0.675,-0.004,-0.008,0.177,0.032,0.0,0.0,0.0,-0.178,0.128,0.0,0.098,0.072,-1.442,0.031,1.464546302815279,T521S
4.617,-0.672,3.556,-0.011,-0.038,0.066,-1.095,0.0,0.0,0.0,-0.738,0.0,0.053,-2.073,0.689,-1.152,0.518,3.722926123867637,I520T
-5.989,6.132,-1.814,0.015,0.098,-0.655,2.762,0.0,0.0,0.0,1.561,1.465,0.0,1.796,0.521,0.066,0.503,6.4615869417158365,T521F
2.838,11.828,5.277,0.001,0.099,0.069,1.643,0.0,0.0,0.0,0.893,0.0,0.038,6.295,0.606,-0.986,0.151,28.754495295765537,V518M
-1.621,-0.115,-2.856,0.008,-0.012,0.31,0.288,0.0,0.0,0.0,0.0,0.0,0.058,-0.001,-0.589,1.49,-0.448,-3.486915364568631,T519V
1.887,-0.663,4.723,-0.007,0.012,-0.359,-0.382,0.0,0.0,0.0,0.0,0.0,0.038,0.108,0.43,-1.491,0.324,4.619922100186727,V518T
4.845,-1.693,6.167,-0.013,0.012,0.082,-0.798,0.0,0.0,0.0,0.0,0.0,0.038,0.476,0.934,-2.933,0.375,7.494620280785853,V518S
-4.358,1.494,-1.682,0.004,-0.044,0.273,0.524,0.0,0.0,0.0,0.0,0.345,0.0,2.448,0.1,0.509,0.009,-0.3789340925377473,T519L
-1.166,3.798,12.414,0.023,0.706,0.944,-3.277,0.0,0.0,0.0,-0.738,0.0,0.053,2.915,0.899,-3.019,0.533,14.087491489256308,I520K
-3.177,13.009,2.771,0.003,0.036,1.285,-0.764,0.0,0.0,0.0,-0.738,0.0,0.053,3.605,0.452,-1.086,0.357,15.807754623398637,I520F
1.958,0.16,-5.628,0.021,-0.764,0.315,0.559,0.0,0.0,0.0,0.0,0.233,0.0,-2.433,0.06,4.386,0.269,-0.8648747827674015,E522L
-7.911,22.901,4.471,-0.001,0.06,0.672,0.446,0.0,0.0,0.0,0.0,0.0,0.053,2.466,0.575,-0.043,1.406,25.096999225252148,I520W
-0.615,3.46,9.354,-0.008,0.428,1.03,-1.425,0.0,0.0,0.0,-0.365,0.34,0.053,2.406,0.808,-3.755,0.597,12.312253815285544,I520Q
2.88,-1.098,-3.478,0.01,-0.541,0.112,0.76,0.0,0.0,0.0,0.0,0.233,0.0,-1.33,0.298,2.009,0.077,-0.069022370861262,E522K
3.328,-1.115,-3.731,-0.002,-0.242,0.301,0.623,0.0,0.0,0.0,0.0,0.233,0.0,-1.979,0.492,2.423,0.337,0.6680814183954453,E522H
-7.383,49.54629008415623,1.668,0.062,0.08,0.25,-0.482,0.0,0.0,0.0,0.0,0.0,0.038,8.916,0.338,-1.425,-0.005,49.58198776999381,V518F
-0.146,1.124,-0.292,0.0,0.143,-0.296,1.875,0.0,0.0,0.0,1.32,1.465,0.0,1.971,0.405,-2.492,0.365,5.441493720010499,T521N
3.842,-1.113,-1.986,-0.005,-0.873,0.233,0.252,0.0,0.0,0.0,0.0,0.233,0.0,-3.668,0.526,2.434,0.228,0.1033954306584519,E522S
-2.83,0.667,-1.47,-0.001,-0.029,0.269,2.709,0.0,0.0,0.0,1.32,1.465,0.0,1.704,0.641,0.505,0.415,5.365881439691407,T521M
-4.244,18.714,5.162,0.002,0.077,1.143,-1.557,0.0,0.0,0.0,-0.738,0.0,0.053,3.034,0.493,-1.722,0.518,20.9389057003782,I520Y
-4.11,4.011,-0.548,-0.001,-0.018,0.529,0.48,0.0,0.0,0.0,0.0,0.0,0.0,1.449,0.32,0.505,0.242,2.859467927328865,T519M
-4.719,1.716,-3.031,0.028,0.023,0.578,0.345,0.0,0.0,0.0,0.0,0.0,0.058,1.605,-0.462,1.151,-0.371,-3.0782693346076258,T519I
9.569,-0.919,2.742,-0.017,-0.097,0.365,-0.64,0.0,0.0,0.0,-0.738,0.0,0.25,-2.112,2.204,-1.506,4.121,13.222798046920277,I520G
-6.833,7.806,0.801,0.015,0.108,-0.576,2.07,0.0,0.0,0.0,1.561,1.465,0.0,1.67,0.556,-0.57,0.582,8.653334855901448,T521Y
0.156,-1.505,-0.783,-0.007,-0.059,0.507,0.158,0.0,0.0,0.0,0.0,0.0,0.0,0.458,0.266,2.103,0.291,1.582166075104169,T519C
-0.505,4.3,7.735,-0.001,0.193,-0.027,-0.098,0.0,0.0,0.0,0.0,0.0,0.038,3.647,0.997,-3.983,0.421,12.718245823385132,V518N
-1.724,-1.455,3.425,-0.005,0.206,0.462,0.537,0.0,0.0,0.0,0.0,0.0,0.0,1.737,0.75,-2.492,0.358,1.7967454394733977,T519N
-2.717,0.857,2.954,0.003,0.147,-0.419,-0.218,0.0,0.0,0.0,0.0,0.0,0.0,4.09,0.362,-2.603,0.057,2.5122535667458123,T519Q
2.982,-0.203,0.392,-0.004,-0.053,0.372,-0.457,0.0,0.0,0.0,-0.738,0.0,0.0,-1.752,-0.037,0.338,-0.039,0.8037991392819777,I520V
-2.448,5.236,5.998,-0.006,0.381,0.272,-0.502,0.0,0.0,0.0,-0.738,0.0,0.053,1.309,0.408,-2.605,0.578,7.938683239989928,I520H
-6.785,21.503,5.671,0.012,0.388,1.042,0.564,0.0,0.0,0.0,0.0,0.0,0.0,5.497,0.123,-1.453,-0.088,26.47397155844976,T519H
0.0,0.0,0.0,0.0,0.0,0.0,0.0,0.0,0.0,0.0,0.0,0.0,0.0,0.0,0.0,0.0,0.0,0.0,V518V
5.881,-1.692,1.957,-0.013,-0.039,0.291,0.007,0.0,0.0,0.0,0.0,0.0,0.038,-0.045,0.912,-1.319,0.59,6.570055609420251,V518A
-3.576,3.352,0.332,0.018,0.035,-0.01,-0.116,0.0,0.0,0.0,0.0,0.0,0.0,1.496,-0.038,-0.339,-0.05,1.10534804431893,V518I
7.017,-0.647,4.816,-0.015,-0.037,0.109,-1.177,0.0,0.0,0.0,-0.738,0.0,0.053,-1.856,0.904,-2.594,0.661,6.498587616931104,I520S
0.276,-0.701,-5.586,0.015,-0.467,0.457,0.272,0.0,0.0,0.0,-0.365,0.573,0.0,-0.143,0.511,4.985,0.213,0.0409955397857402,E522W
-14.622,49.95724279148294,4.541,0.112,1.238,1.078,7.189,0.0,0.0,0.0,1.152,0.162,0.0,9.505,0.221,1.109,0.439,49.973667836462006,T519W
-4.847,18.986,9.084,-0.009,0.506,0.259,-1.457,0.0,0.0,0.0,0.0,0.859,0.038,6.813,0.735,-4.094,0.081,26.95562517475276,V518Q
2.61,-1.886,1.372,-0.007,-0.029,0.106,-0.164,0.0,0.0,0.0,0.0,0.0,0.0,0.93,0.511,-1.442,0.157,2.1568175647178123,T519S
-1.847,0.591,4.807,-0.002,0.222,-0.298,-1.909,0.0,0.0,0.0,0.0,0.0,0.0,3.12,0.332,-3.877,0.114,1.2545861640679732,T519E
0.0,0.0,0.0,0.0,0.0,0.0,0.0,0.0,0.0,0.0,0.0,0.0,0.0,0.0,0.0,0.0,0.0,0.0,T519T
-7.473,18.061,9.203,0.014,0.317,2.202,0.402,0.0,0.0,0.0,-0.359,-0.521,0.0,3.906,0.133,-1.247,-0.114,24.52423253515656,T519R
3.359,-1.834,-3.693,-0.004,-0.043,0.267,1.054,0.0,0.0,0.0,0.0,1.465,0.0,-0.357,0.082,0.172,-0.26,0.210004314036837,T523A
-5.765,49.999343164126294,-3.349,0.037,0.06,0.585,2.685,0.0,0.0,0.0,1.012,1.465,0.0,5.81,0.183,0.066,-0.149,49.99940900324225,T523F
0.492,-1.455,0.548,0.004,0.754,0.02,2.21,0.0,0.0,0.0,-0.365,1.465,0.0,2.629,-0.013,-3.877,-0.169,2.2436585355097804,T523E
-0.657,6.638,-4.284,0.016,-0.252,0.314,2.393,0.0,0.0,0.0,1.012,1.465,-0.135,2.569,0.899,1.151,0.271,11.399187955594243,T523I
5.863,-2.428,1.138,-0.018,-0.239,0.572,0.664,0.0,0.0,0.0,0.38,0.152,0.0,0.721,0.37,-1.297,0.087,5.964797836189632,Y525K
1.547,-0.221,0.104,-0.003,-0.007,-0.04,0.192,0.0,0.0,0.0,0.0,-0.016,0.0,0.548,-0.127,-1.442,-0.141,0.3933385034973753,T523S
-3.066,40.354,2.867,0.023,0.711,0.144,1.938,0.0,0.0,0.0,0.226,1.465,0.0,3.542,-0.011,0.509,-0.245,48.45754395681979,T523L
1.028,45.72968155206322,-3.367,-0.004,0.181,0.83,0.819,1.519,0.0,0.0,0.266,1.465,0.254,1.746,0.012,-2.795,11.354,47.44711749656217,T523P
0.379,-1.187,-0.216,0.015,0.538,0.214,0.022,0.0,0.0,0.0,0.0,1.465,0.0,1.935,0.057,-1.247,-0.19,1.784619564805098,T523R
9.375,-4.253,-3.43,-0.017,-0.109,0.022,0.071,0.0,0.0,0.0,1.025,-1.277,0.0,-1.624,0.28,0.569,0.297,0.9290376914181024,Y525T
-0.572,7.831,-4.205,0.04,0.043,0.27,1.018,0.0,0.0,0.0,0.266,1.465,-0.135,2.716,0.919,1.49,0.313,11.461407532864882,T523V
0.106,-1.429,-0.02,0.003,0.653,-0.093,0.992,0.0,0.0,0.0,0.0,1.465,0.0,1.721,-0.1,-2.603,-0.253,0.4430868983782829,T523Q
-1.762,-0.495,3.156,0.008,0.292,0.399,-2.293,0.0,0.0,0.0,0.014,0.551,0.0,1.341,0.08,-1.867,-0.125,-0.6981347201477774,T523K
-13.534,50.0,-0.549,0.041,0.228,0.321,2.886,0.0,0.0,0.0,0.876,1.465,0.0,4.394,0.047,1.109,-0.249,50.0,T523W
2.413,-2.842,-3.775,0.009,0.383,0.621,1.182,0.0,0.0,0.0,0.0,1.465,0.0,1.153,0.137,0.505,-0.307,0.944195040882846,T523M
4.779,-2.108,-3.404,-0.006,-0.043,0.29,1.108,0.0,0.0,0.0,0.0,1.465,0.206,-0.357,0.221,-0.354,0.124,1.923170847978895,T523G
0.919,-1.368,-2.238,-0.003,-0.027,0.283,0.379,0.0,0.0,0.0,0.0,1.465,0.0,-0.137,0.312,2.103,-0.282,1.4055365792304428,T523C
0.965,1.191,2.46,-0.001,0.313,0.354,3.953,0.0,0.0,0.0,0.0,1.465,0.0,3.585,-0.352,-3.298,-0.488,10.14677224092668,T523D
-3.332,5.457,3.165,0.006,0.796,0.187,1.228,0.0,0.0,0.0,-0.365,1.465,0.0,5.107,-0.022,-1.453,-0.252,11.984916507039998,T523H
6.058,-2.947,3.354,-0.021,-0.087,0.902,0.304,0.0,0.0,0.0,0.745,-0.664,0.0,1.772,0.455,-3.307,0.217,6.779241833024798,Y525E
0.339,-0.565,0.939,0.002,0.719,0.576,0.467,0.0,0.0,0.0,-0.365,0.261,0.0,4.869,-0.246,-2.492,-0.374,4.1315018404498005,T523N
-6.797,49.99651547889343,-0.703,0.036,0.06,0.457,1.901,0.0,0.0,0.0,1.01,1.465,0.0,5.515,0.148,-0.57,-0.113,49.99683538182984,T523Y
0.0,0.0,0.0,0.0,0.0,0.0,0.0,0.0,0.0,0.0,0.0,0.0,0.0,0.0,0.0,0.0,0.0,0.0,T523T
-7.048,40.85585121241573,0.8,0.174,0.116,-0.287,-0.303,0.0,0.0,0.0,0.229,0.0,0.124,-0.606,5.467,1.505,10.302,43.79167312622706,G524I
1.362,-0.471,-0.337,-0.005,-0.164,0.249,1.557,0.0,0.0,0.0,0.745,0.0,0.0,1.625,0.001,1.678,0.447,6.68596222237386,Y525W
2.317,-2.785,2.733,-0.016,0.212,0.441,-0.638,0.0,0.0,0.0,0.0,-1.555,0.0,0.101,0.293,-0.883,0.234,0.4541449037959637,Y525H
-5.675,10.554,1.352,0.018,0.112,-0.101,-0.405,0.0,0.0,0.0,0.0,0.0,0.091,0.44,2.932,0.863,2.135,12.317255364415928,G524L
15.702,-4.848,-7.492,-0.026,-0.205,0.118,1.569,0.0,0.0,0.0,1.337,0.0,-0.017,-2.094,0.976,0.215,1.499,6.73559247670903,Y525G
1.294,-1.437,4.096,-0.006,0.237,0.144,-0.396,0.0,0.0,0.0,-0.537,0.0,0.0,1.081,0.334,-0.677,0.147,4.279505575961139,Y525R
0.0,0.0,0.0,0.0,0.0,0.0,0.0,0.0,0.0,0.0,0.0,0.0,0.0,0.0,0.0,0.0,0.0,0.0,G524G
6.199,-2.811,4.378,-0.017,0.065,0.102,-2.759,0.0,0.0,0.0,0.0,0.289,0.0,-0.081,0.915,-2.728,0.593,4.145006607681466,Y525D
0.252,-0.054,-0.576,0.002,-0.006,0.07,-0.153,0.0,0.0,0.0,0.0,0.0,0.0,0.326,-0.02,0.636,-0.027,0.4496703851648362,Y525F
6.654,4.89,-6.956,-0.011,-0.172,-0.185,1.751,0.0,0.0,0.0,1.337,0.0,-0.055,-0.547,0.212,2.06,0.305,9.285296635433951,Y525V
7.86,49.99943882369115,-5.07,-0.017,-0.063,0.034,2.192,20.582,0.0,0.0,2.657,0.162,0.129,-1.383,3.131,-2.226,13.106,49.999891553832384,Y525P
5.766,5.796,-5.585,-0.006,-0.201,-0.505,2.399,0.0,0.0,0.0,2.083,0.0,-0.055,0.853,0.29,1.721,0.434,12.990500528989289,Y525I
4.961,-2.703,2.884,-0.016,0.033,0.237,-0.48,0.0,0.0,0.0,0.0,-1.523,0.0,0.346,0.723,-1.923,0.466,3.004997586132845,Y525N
-5.261,9.567,6.147,0.011,0.865,-0.084,-1.191,0.0,0.0,0.0,0.0,0.0,0.091,4.034,2.71,-3.523,1.956,15.323650684703694,G524E
13.038,-4.504,-7.641,-0.022,-0.201,0.089,1.146,0.0,0.0,0.0,0.972,0.341,0.0,-1.744,0.506,0.742,0.503,3.224277124081823,Y525A
5.894,-1.011,-7.114,-0.004,0.63,-0.465,12.443,0.0,0.0,0.0,1.517,0.0,0.0,2.292,-0.125,-1.432,-0.043,12.582698624136697,K527D
-9.538,34.775,2.013,0.03,0.257,-0.283,-0.639,0.0,0.0,0.0,0.229,0.0,0.091,1.412,2.72,0.859,2.605,34.532857640171414,G524M
12.42,-4.722,-3.376,-0.023,-0.118,0.003,-0.022,0.0,0.0,0.0,1.337,-1.178,0.0,-1.028,0.395,-0.872,0.301,3.116232237420263,Y525S
5.363,-3.284,-3.311,-0.022,-0.181,-0.536,2.372,0.0,0.0,0.0,2.083,0.0,0.0,0.744,0.351,1.075,0.166,4.820657561990174,Y525M
-10.239,41.366,8.545,0.026,0.463,-0.764,3.083,0.0,0.0,0.0,-1.195,0.464,0.091,2.856,2.468,-0.893,1.726,47.999606585952165,G524R
3.443,-1.366,-2.441,-0.008,-0.189,-0.165,1.421,0.0,0.0,0.0,0.745,0.0,0.0,1.532,0.037,1.079,-0.049,4.039710558293336,Y525L
9.191,-4.494,-5.222,-0.024,-0.194,-0.252,1.484,0.0,0.0,0.0,1.337,0.0,0.0,-2.007,0.333,2.672,0.243,3.0677961189572898,Y525C
3.713,-0.667,-3.176,-0.006,-0.075,0.154,1.02,0.0,0.0,0.0,0.0,0.0,0.0,-0.791,-0.008,0.424,-0.003,0.5860435755316757,K530S
-7.083,7.157,3.183,0.029,0.336,0.06,-0.644,0.0,0.0,0.0,0.0,0.0,0.091,2.632,2.534,-0.216,1.795,9.874276084281746,G524Y
8.322,-4.295,-1.919,-0.029,-0.33,-0.186,3.263,0.0,0.0,0.0,2.083,0.0,0.0,0.893,0.404,-2.034,0.067,6.239858184183959,Y525Q
-7.595,9.392,8.723,0.045,0.869,-0.214,0.562,0.0,0.0,0.0,0.0,0.0,0.091,3.914,2.392,-1.513,1.646,18.312385805097847,G524K
0.0,0.0,0.0,0.0,0.0,0.0,0.0,0.0,0.0,0.0,0.0,0.0,0.0,0.0,0.0,0.0,0.0,0.0,Y525Y
-5.473,49.9745267036996,0.37,0.006,0.074,0.035,-0.846,49.86479765249149,0.809,0.0,0.0,0.0,0.127,0.35,7.905,-2.442,21.041,49.99998566649171,G524P
-5.268,11.987,6.588,0.007,0.785,-0.893,-4.037,0.0,0.0,0.0,0.229,-0.418,0.091,2.488,2.203,-2.944,1.729,12.547502444031808,G524D
4.746,-0.815,-3.72,-0.005,-0.053,0.182,1.742,0.0,0.0,0.0,0.752,0.0,0.0,-0.082,0.429,0.172,0.506,3.853957241030344,T529A
0.0,0.0,0.0,0.0,0.0,0.0,0.0,0.0,0.0,0.0,0.0,0.0,0.0,0.0,0.0,0.0,0.0,0.0,K530K
-0.41,4.24,-1.852,0.01,-0.078,0.713,2.817,0.0,0.0,0.0,0.0,0.802,0.0,2.789,0.05,1.296,-0.007,10.371698804449352,K530Y
-6.068,9.234,5.121,0.013,0.804,-0.048,-3.477,0.0,0.0,0.0,-0.906,0.0,0.091,2.773,2.411,-2.25,1.725,9.425781886248387,G524Q
-5.071,43.611,0.764,0.01,0.047,-0.329,-0.889,0.0,0.0,0.0,0.229,0.0,0.091,1.184,2.621,2.456,2.267,46.99166835287781,G524C
0.0,0.0,0.0,0.0,0.0,0.0,0.0,0.0,0.0,0.0,0.0,0.0,0.0,0.0,0.0,0.0,0.0,0.0,A526A
-5.705,46.058060710329706,0.098,0.202,0.047,-0.125,-0.437,0.0,0.0,0.0,0.229,0.0,0.124,-0.82,5.24,1.844,10.272,47.42233376379017,G524V
-5.68,27.534,3.875,0.008,0.64,-0.376,1.172,0.0,0.0,0.0,1.337,0.0,0.091,3.428,1.677,-2.139,1.572,33.13810152698795,G524N
11.441,-1.443,-7.776,-0.021,-0.596,0.62,3.682,0.0,0.0,0.0,0.0,0.802,-0.007,-3.191,1.004,0.892,1.776,7.1833541210645535,R528G
10.729,-1.735,-13.801,-0.01,-0.226,-0.034,11.94,0.0,0.0,0.0,1.517,0.0,0.77,-0.947,-0.435,1.512,0.362,9.64315491263801,K527G
-0.987,45.693067820931915,-7.056,0.012,-0.024,-0.085,4.379,0.0,0.0,0.0,0.0,1.266,0.0,1.717,-0.172,1.313,-0.16,45.72618383762052,R528F
0.7,-0.538,-0.268,-0.003,0.161,-0.686,3.968,0.0,0.0,0.0,0.0,0.802,0.0,1.291,-0.082,-2.01,-0.053,3.283802004908921,K530E
-5.943,5.971,4.275,0.008,0.527,-0.537,-0.786,0.0,0.0,0.0,0.0,0.0,0.091,2.31,2.086,-1.099,1.498,8.401313501337427,G524H
-13.877,49.999934453482034,-1.341,0.047,0.303,-0.075,-0.122,0.0,0.0,0.0,0.0,0.0,0.0,5.98,-0.297,-0.107,-0.62,49.999901797390734,A526F
-8.858,39.39026682325418,-1.374,0.029,0.105,0.101,0.158,0.0,0.0,0.0,0.0,0.0,0.0,4.867,0.12,0.336,-0.26,48.50716575831973,A526L
-1.701,14.297,-0.073,0.004,0.0,-0.192,-0.782,0.0,0.0,0.0,0.0,0.0,0.091,0.0,2.822,0.526,2.129,17.122125745696735,G524A
-2.424,2.147,8.211,0.014,1.137,0.76,-2.016,0.0,0.0,0.0,0.0,0.0,0.0,6.124,0.975,-3.471,0.407,11.866224081187395,A526D
-4.082,9.51,4.025,0.012,0.11,0.159,0.913,0.0,0.0,0.0,0.0,0.0,0.091,0.689,3.758,0.353,4.133,19.6723649867264,G524T
-6.782,7.3,2.139,0.026,0.348,0.048,-0.569,0.0,0.0,0.0,0.0,0.0,0.091,2.307,2.461,0.42,1.752,9.541542849224356,G524F
-5.213,14.291,9.136,0.01,0.095,0.075,0.641,0.0,0.0,0.0,1.403,-0.391,0.0,3.204,0.206,-2.603,0.006,20.859407866043057,T529Q
-7.209,7.87,8.35,0.022,0.317,0.605,-1.819,0.0,0.0,0.0,0.0,0.0,0.0,4.282,-0.037,-4.05,-0.327,8.004924083069568,A526E
-11.407,8.951,3.503,0.028,0.409,-0.531,1.783,0.0,0.0,0.0,0.0,0.464,0.091,2.816,2.717,1.462,2.798,13.086623938825255,G524W
-8.538,16.968,-1.578,0.039,0.07,0.38,-0.002,0.0,0.0,0.0,0.0,0.0,-0.055,4.183,-0.092,0.979,-0.427,11.927185972727216,A526I
-1.067,24.918,-10.723,0.058,0.295,-0.362,11.422,0.0,0.0,0.0,1.517,0.0,0.0,3.412,-0.732,1.932,-0.484,30.187814346902428,K527F
-12.662,50.0,1.071,0.022,0.657,-0.125,1.995,0.0,0.0,0.0,0.752,0.0,0.0,3.043,-0.041,-0.57,-0.162,50.0,T529Y
-3.563,4.535,-1.528,0.044,0.193,0.596,0.258,0.0,0.0,0.0,0.0,0.0,-0.055,4.548,-0.407,1.318,-0.594,5.346826762149931,A526V
1.015,0.06,-5.08,-0.004,-0.042,0.437,1.668,0.247,0.0,0.0,0.0,0.0,-0.074,-1.084,-0.962,-0.929,0.112,-4.635216206890732,K530P
1.145,-0.718,-3.627,0.011,0.224,0.144,4.367,0.0,0.0,0.0,0.0,0.662,0.0,2.103,-0.051,0.066,-0.131,4.195486344911728,T531F
2.555,-0.778,1.879,-0.002,0.0,-0.012,-0.075,0.0,0.0,0.0,0.0,0.0,-0.113,0.0,0.731,-0.527,1.062,4.722324885842681,A526G
4.83,28.337,-12.617,-0.006,-0.126,0.028,11.976,49.922877586647,0.0,0.903,1.517,0.0,0.431,-0.597,6.599,-0.929,10.644,49.989961819838335,K527P
-2.104,49.99683531407264,-10.797,-0.01,-0.529,0.61,3.335,0.0,0.0,0.0,0.0,0.802,0.0,2.044,-0.012,1.756,-0.006,49.99614856466048,R528L
0.132,0.526,1.07,-0.003,0.262,-0.141,-0.069,0.0,0.0,0.0,-2.16,0.802,0.0,1.233,0.181,-0.626,0.239,1.446784911846521,K530N
-1.17,0.393,4.539,0.0,0.046,-0.196,-0.612,0.0,0.0,0.0,0.0,0.0,0.0,1.151,-0.149,-1.615,-0.295,2.093449226566463,A526S
-3.592,43.99494844478261,-2.819,0.014,-0.062,0.617,1.345,0.0,0.0,0.0,0.752,0.0,0.0,1.334,0.044,0.509,0.038,43.57113410267139,T529L
3.477,-0.66,-1.331,-0.015,0.361,0.277,3.856,0.0,0.0,0.0,-1.75,1.465,0.0,2.354,-0.068,-1.432,-0.022,6.512772446687222,K530D
1.509,-0.232,-12.585,0.036,0.014,-0.445,11.478,0.0,0.0,0.0,1.517,0.0,0.0,-0.576,0.52,2.376,0.764,4.375359031954986,K527L
-1.197,49.82657422437634,-12.801,0.03,-0.154,-0.232,11.468,0.0,0.0,0.0,1.517,0.0,0.27,0.36,0.805,3.018,0.895,49.852051785052275,K527I
2.832,-0.843,0.299,-0.011,-0.107,0.007,5.161,0.0,0.0,0.0,0.0,0.802,0.0,0.828,0.185,-2.63,0.184,6.707849114956275,R528E
0.0,0.0,0.0,0.0,0.0,0.0,0.0,0.0,0.0,0.0,0.0,0.0,0.0,0.0,0.0,0.0,0.0,0.0,R528R
-4.261,17.093,-8.388,0.054,0.593,-0.045,10.973,0.0,0.0,0.0,1.152,0.262,0.0,3.634,-0.687,2.975,-0.061,23.29476016693866,K527W
3.316,-0.332,-5.809,-0.017,-0.843,-0.322,4.776,0.0,0.0,0.0,0.0,0.663,0.0,-1.627,0.166,1.856,0.244,2.070053989577559,D532S
0.0,0.0,0.0,0.0,0.0,0.0,0.0,0.0,0.0,0.0,0.0,0.0,0.0,0.0,0.0,0.0,0.0,0.0,D532D
-10.374,24.194,-0.228,0.02,0.09,0.221,0.051,0.0,0.0,0.0,0.0,0.0,0.0,3.942,-0.106,0.332,-0.238,17.904251111963845,A526M
-2.221,3.467,2.821,0.005,0.094,-0.257,-0.767,0.0,0.0,0.0,0.0,0.0,0.091,1.418,2.726,-1.088,2.117,8.408430435971923,G524S
-6.512,7.85,6.614,0.005,0.349,-0.146,0.894,0.0,0.0,0.0,0.0,0.0,0.0,4.209,0.597,-2.665,0.137,11.332447089103312,A526N
5.336,5.272,-9.739,0.001,-0.151,-0.468,11.103,0.0,0.0,0.0,1.517,0.0,0.0,-0.575,-0.012,1.866,0.018,14.168262347661766,K527T
3.128,-0.923,-4.595,-0.001,0.191,-0.634,16.761,0.0,0.0,0.0,1.517,0.0,0.0,1.97,-0.043,-2.01,0.03,15.392265252773427,K527E
-0.558,47.29435331557817,-1.558,-0.003,0.046,0.193,2.837,49.73762408703543,0.0,1.379,0.752,0.0,0.021,-0.39,6.892,-2.795,7.246,49.99583214921695,T529P
2.267,-0.17,-5.042,-0.01,-0.607,-0.492,5.155,0.0,0.0,0.0,0.0,0.663,0.0,0.3,0.293,0.805,0.367,3.528951018630209,D532N
-1.587,6.663,8.287,0.006,0.734,0.534,-1.806,0.0,0.0,0.0,1.955,0.0,0.0,3.309,0.136,-3.877,0.058,14.412992835487216,T529E
3.582,-0.338,-7.643,-0.017,-0.867,-0.053,5.215,0.0,0.0,0.0,0.0,0.663,0.0,-2.018,-0.138,3.47,0.087,1.943016002522768,D532A
-3.851,2.915,1.085,0.017,0.019,0.218,-0.266,0.0,0.0,0.0,0.0,0.0,0.0,2.023,0.149,1.93,-0.045,4.195369919866039,A526C
4.954,-0.886,-8.637,0.004,0.567,-0.7,11.221,0.0,0.0,0.0,1.517,0.0,0.0,0.821,-0.071,-0.626,-0.17,7.99392580054689,K527N
-13.829,49.999955384546155,4.208,0.042,0.388,-0.047,-0.356,0.0,0.0,0.0,0.0,0.0,0.0,10.133,-0.366,-0.743,-0.599,49.99995325373071,A526Y
-3.309,38.889,1.46,0.026,0.24,0.808,1.482,49.325991606508424,0.0,1.118,0.0,0.0,-0.072,4.46,6.827,-2.968,5.542,49.9233640909108,A526P
8.191,-1.064,-11.103,-0.008,-0.155,-0.597,11.349,0.0,0.0,0.0,1.517,0.0,0.0,-0.899,-0.827,0.424,-0.614,6.215455060676391,K527S
-19.402,49.99982054599251,-0.848,0.071,0.378,-0.312,-0.167,0.0,0.0,0.0,0.0,0.0,0.0,9.509,-0.204,0.936,-0.211,49.999729611087,A526W
3.744,-0.614,1.276,-0.004,-0.025,-0.016,0.242,0.0,0.0,0.0,-0.031,0.0,0.0,0.346,0.268,-1.442,0.067,3.809902274705564,T529S
2.202,2.808,-5.603,0.01,-0.212,-0.09,3.77,0.0,0.0,0.0,0.0,0.802,-0.082,0.627,0.159,3.018,0.145,7.555071460819931,K530I
7.337,-0.809,-3.116,-0.006,-0.052,0.05,1.867,0.0,0.0,0.0,0.752,0.0,0.016,-0.432,1.387,-0.354,2.025,8.665611695339294,T529G
-0.239,0.29,-2.238,-0.003,-0.074,0.469,2.237,0.0,0.0,0.0,0.0,0.0,0.0,0.718,0.218,2.371,-0.011,3.7400123229560895,K530M
9.096,-1.265,-9.157,-0.02,-0.596,0.382,3.807,0.0,0.0,0.0,0.0,0.802,0.0,-3.191,0.323,1.419,0.538,2.1389620277022914,R528A
8.607,-1.168,-14.401,-0.008,-0.226,-0.097,11.738,0.0,0.0,0.0,1.517,0.0,0.0,-0.947,-0.753,2.039,-0.265,6.036327615750224,K527A
0.382,4.242,-4.807,0.008,-0.085,0.475,2.183,0.0,0.0,0.0,0.0,0.0,-0.082,-0.795,0.09,3.357,0.065,5.0331189510037575,K530V
2.854,-0.329,-5.772,-0.009,-0.803,-0.406,4.887,0.0,0.0,0.0,0.0,0.663,0.0,-1.968,-0.134,3.297,0.188,2.4684417112770234,D532T
-2.605,3.405,1.872,-0.002,0.143,-0.734,0.87,0.0,0.0,0.0,0.0,0.0,0.0,2.696,-0.113,0.413,0.037,5.983841572649794,K530H
-11.039,43.632,11.567,0.025,0.158,1.427,0.439,0.0,0.0,0.0,0.0,0.0,0.0,5.285,-0.019,-2.04,-0.449,48.98852315091938,A526K
5.227,-0.596,-0.055,-0.012,0.435,0.301,7.101,0.0,0.0,0.0,0.0,0.802,0.0,1.233,1.058,-2.051,0.741,14.184605084779378,R528D
-3.651,6.179,2.512,0.023,0.101,0.077,-0.478,0.0,0.0,0.0,0.0,0.0,0.0,2.31,-0.256,-0.173,-0.536,6.108728932770873,A526T
1.825,-0.459,-6.24,-0.001,0.097,-0.799,11.989,0.0,0.0,0.0,0.67,0.0,0.0,1.683,-0.113,-0.737,0.037,7.952165858842022,K527Q
0.073,7.285,-8.95,0.003,-0.458,0.787,3.628,0.0,0.0,0.0,0.0,0.802,0.003,0.569,-0.239,2.398,0.071,5.973405824652559,R528I
0.824,-0.506,-10.779,-0.002,-0.119,-0.248,11.901,0.0,0.0,0.0,1.517,0.0,0.0,0.385,-0.13,2.371,0.122,5.337072267383633,K527M
0.0,0.0,0.0,0.0,0.0,0.0,0.0,0.0,0.0,0.0,0.0,0.0,0.0,0.0,0.0,0.0,0.0,0.0,T529T
6.103,-0.788,-12.631,-0.007,-0.181,-0.226,11.333,0.0,0.0,0.0,1.517,0.0,0.0,-0.894,-0.504,3.969,-0.532,7.158137534053026,K527C
-11.373,47.40365740543162,6.617,0.031,0.442,-0.255,-0.276,0.0,0.0,0.0,0.0,0.0,0.0,6.488,-0.213,-1.626,-0.514,47.334306278678156,A526H
1.492,0.175,-3.237,-0.003,-0.072,-0.204,1.0,0.0,0.0,0.0,0.0,0.011,0.0,-0.823,0.105,1.866,0.239,0.5515044194669372,K530T
0.0,0.0,0.0,0.0,0.0,0.0,0.0,0.0,0.0,0.0,0.0,0.0,0.0,0.0,0.0,0.0,0.0,0.0,K527K
-0.457,0.269,-5.053,0.008,0.292,-0.844,8.508,0.0,0.0,0.0,1.517,0.0,0.0,0.918,-0.355,0.619,-0.292,5.128937637701142,K527R
-0.757,0.297,8.404,-0.001,0.351,0.132,-0.23,0.0,0.0,0.0,0.752,0.0,0.0,2.878,0.788,-3.298,0.512,9.82913567580738,T529D
2.554,-0.336,-6.154,0.003,-0.577,-0.146,5.422,0.0,0.0,0.0,0.0,0.663,0.0,-0.202,-0.181,3.364,0.048,4.456769707502531,D532F
4.115,-1.275,-0.413,-0.008,0.537,0.045,3.038,0.0,0.0,0.0,-0.172,0.662,0.0,3.6,-0.343,-3.298,-0.311,6.177382085849104,T531D
0.383,-0.388,-0.718,-0.001,0.026,0.078,1.335,0.0,0.0,0.0,0.0,-1.086,0.0,2.218,0.1,-0.737,0.07,1.281947482517353,K530Q
0.747,14.64,-6.126,0.001,0.756,-0.003,10.518,0.0,0.0,0.0,1.457,0.0,0.0,0.899,-0.579,0.413,-0.36,22.3630909009936,K527H
2.601,-0.338,-5.514,-0.011,-0.644,-0.104,3.987,0.0,0.0,0.0,0.0,0.663,0.0,1.217,-0.182,0.694,0.01,2.379278033488504,D532Q
-6.621,49.74313426846232,-0.048,0.025,0.215,-0.206,1.75,0.0,0.0,0.0,0.752,0.0,0.0,4.876,0.133,0.505,0.214,49.758987565521814,T529M
4.217,-0.669,-6.484,-0.006,-0.125,0.36,2.258,0.0,0.0,0.0,0.0,0.0,0.0,-1.161,-0.106,2.039,-0.318,0.0074957885175308,K530A
2.869,-0.337,-6.002,-0.014,-0.224,-0.245,5.429,0.0,0.0,0.0,0.0,0.663,0.0,-0.18,-0.172,1.845,0.008,3.6402599193664855,D532H
-0.35,-0.429,1.5,0.005,0.042,0.602,0.685,0.0,0.0,0.0,0.0,0.015,0.0,1.973,-0.438,0.505,-0.145,3.964086111305164,T531M
4.621,-0.346,-7.563,-0.019,-0.867,0.1,5.066,0.0,0.0,0.0,0.0,0.663,0.035,-2.018,0.526,2.943,0.809,3.9506963457324673,D532G
2.079,-0.105,-6.778,-0.001,-0.814,-0.347,5.461,0.0,0.0,0.0,0.0,0.663,-0.064,-2.018,-0.439,4.788,0.001,2.426184179171514,D532V
-0.404,-0.049,-2.089,-0.003,-0.025,0.227,1.571,0.0,0.0,0.0,0.752,0.0,0.0,0.299,0.094,2.103,0.245,2.72057705536497,T529C
2.517,-0.335,-6.223,0.002,-0.689,-0.232,5.451,0.0,0.0,0.0,0.0,0.663,0.0,-1.297,-0.391,3.807,-0.019,3.2530028557442847,D532L
2.556,0.47,-0.309,-0.003,-0.29,0.515,-1.126,0.0,0.0,0.0,0.0,-0.246,0.0,1.175,-0.398,-1.867,-0.48,-0.0024733322221663,T531K
-8.848,49.999802274685564,-0.344,0.024,-0.138,0.392,0.941,0.0,0.0,0.0,0.752,0.0,0.0,3.603,-0.004,0.066,-0.144,49.99977072828304,T529F
3.829,0.59,-3.269,-0.008,0.24,0.09,3.849,0.0,0.0,0.0,0.0,1.266,0.0,1.516,0.692,-1.246,0.508,8.057017291718466,R528N
-0.117,-0.479,3.144,0.007,0.227,-0.086,0.309,0.0,0.0,0.0,0.0,0.015,0.0,2.989,-0.554,-2.603,-0.291,2.559608200255866,T531Q
2.448,1.673,-5.989,0.007,-0.227,-0.138,3.859,0.0,0.0,0.0,0.0,0.802,0.0,0.244,-0.038,2.376,0.057,5.074901765294044,K530L
1.601,-0.378,-2.102,-0.002,-0.112,0.301,2.701,0.0,0.0,0.0,0.0,1.266,0.0,1.52,0.168,-0.62,0.015,4.357406840730732,R528K
0.652,-0.075,-5.48,0.034,-0.548,-0.628,5.554,0.0,0.0,0.0,0.0,0.663,-0.064,-0.857,-0.524,4.449,0.058,3.2327886903627814,D532I
-1.533,0.472,-2.037,0.012,-0.018,0.047,0.358,0.0,0.0,0.0,0.0,0.0,0.078,0.63,-0.066,1.49,-0.177,-0.7422629515958761,T531V
3.176,49.822765883380974,-6.678,-0.017,-0.479,0.228,5.26,49.58436790476455,0.0,0.963,0.0,0.802,0.097,-2.839,5.2,-1.549,4.29,49.999471598956326,R528P
-0.068,3.404,-3.167,0.011,-0.091,0.679,3.536,0.0,0.0,0.0,0.0,0.802,0.0,2.669,0.099,1.932,-0.022,9.78516264987195,K530F
1.7,-1.05,-1.355,-0.008,0.596,0.078,3.888,0.0,0.0,0.0,0.0,0.662,0.0,1.648,-0.181,-1.453,-0.193,4.333187463276772,T531H
-0.617,0.189,-4.774,0.007,-0.446,-0.691,5.323,0.0,0.0,0.0,0.0,0.663,0.0,0.121,-0.064,3.803,0.219,3.73311951053222,D532M
2.568,-0.097,-6.475,-0.017,-0.856,-0.187,4.924,0.0,0.0,0.0,0.0,0.663,0.0,-1.877,0.159,5.4,0.499,4.704165329723082,D532C
-5.067,49.99816062273569,-2.373,-0.017,-0.324,-0.157,4.796,0.0,0.0,0.0,0.0,1.266,0.0,2.691,0.056,-0.206,0.028,49.99821091839988,R528H
-18.538,50.0,0.724,0.021,1.063,-0.255,2.575,0.0,0.0,0.0,0.752,0.0,0.0,3.98,0.133,1.109,0.379,50.0,T529W
-1.699,48.64931577610181,-5.151,0.008,-0.034,-0.034,5.397,0.0,0.0,0.0,0.0,1.266,0.0,1.194,-0.217,0.676,-0.163,48.71409059693971,R528Y
-8.86,9.793,5.39,0.024,0.259,0.486,0.04,0.0,0.0,0.0,0.0,0.0,0.0,5.087,-0.079,-2.776,-0.473,8.89094007145593,A526Q
0.286,-0.552,4.264,0.006,0.331,-0.23,2.11,0.0,0.0,0.0,0.0,-0.386,0.0,3.396,-0.666,-3.877,-0.55,4.132986148807049,T531E
4.0,2.769,-8.373,-0.021,-0.576,0.581,3.251,0.0,0.0,0.0,0.0,0.802,0.0,-0.131,0.206,3.349,0.332,6.188881130740697,R528C
2.409,7.34,-9.995,-0.005,-0.534,0.594,3.62,0.0,0.0,0.0,0.0,0.802,0.003,0.506,-0.412,2.737,-0.007,7.057137783807434,R528V
-5.312,49.99999589633407,5.249,0.03,0.259,-0.977,5.788,0.0,0.0,0.0,1.688,0.0,0.0,4.637,0.187,-1.867,-0.059,49.99999720747852,T529K
1.763,1.211,-3.179,-0.012,-0.606,-0.928,1.977,0.0,0.0,0.0,0.0,0.663,0.0,0.604,-0.366,-0.579,-0.152,0.3962810922656672,D532E
-0.09,-0.516,4.934,0.0,0.172,-0.057,2.327,0.0,0.0,0.0,0.558,0.0,0.0,3.465,0.606,-2.492,0.383,9.290544903082376,T529N
-2.088,18.689,-8.285,0.046,0.283,-0.322,11.812,0.0,0.0,0.0,1.457,-0.303,0.0,2.782,-0.649,1.296,-0.478,24.23943228572682,K527Y
5.748,-0.674,-6.379,-0.007,-0.125,0.512,2.238,0.0,0.0,0.0,0.0,0.0,-0.092,-1.161,0.803,1.512,0.692,3.068834793189012,K530G
1.383,-0.631,-4.43,-0.005,-0.098,0.166,1.834,0.0,0.0,0.0,0.0,0.0,0.0,-0.654,0.16,3.969,-0.044,1.6508931360017414,K530C
-0.121,-1.165,4.102,0.001,0.458,-0.15,0.223,0.0,0.0,0.0,0.0,0.0,0.0,2.426,-0.217,-2.492,0.005,3.071312885823204,T531N
2.867,-0.338,-6.129,-0.01,-0.675,-0.25,5.686,0.0,0.0,0.0,0.0,0.663,0.0,-0.676,-0.199,1.431,-0.114,2.2552049185472924,D532K
2.903,45.080139812324575,-14.183,0.009,-0.168,0.009,11.293,0.0,0.0,0.0,1.517,0.0,0.27,-0.419,0.863,3.357,0.679,46.10831487174441,K527V
1.427,-0.326,-6.014,0.001,-0.445,-0.079,5.381,0.0,0.0,0.0,0.0,0.663,0.0,-0.589,-0.16,4.406,0.076,4.342463454707172,D532W
-5.467,31.837,-2.682,0.022,0.061,0.254,0.916,0.0,0.0,0.0,0.0,0.053,0.0,0.216,-0.571,0.509,-0.216,24.93199482251191,T531L
-6.179,45.156,-4.261,0.03,-0.016,0.094,2.087,0.0,0.0,0.0,0.616,0.0,-0.046,1.926,-0.341,1.151,-0.289,39.931112295153525,T529I
2.64,-0.338,-5.684,0.003,-0.224,-0.422,5.666,0.0,0.0,0.0,0.0,0.663,0.0,0.054,-0.207,2.051,-0.078,4.124206251211604,D532R
-15.311,35.428,9.352,0.034,0.781,0.054,1.592,0.0,0.0,0.0,0.0,0.0,0.0,9.616,-0.25,-1.42,-0.537,39.33979084296095,A526R
3.663,-1.221,-2.407,-0.004,-0.052,0.347,0.614,0.0,0.0,0.0,0.0,0.0,0.0,-0.755,-0.635,0.172,-0.606,-0.8829296418447257,T531A
2.494,21.26,-2.97,0.004,-0.372,0.799,0.135,1.845,0.0,0.0,0.0,0.663,0.037,0.349,2.205,0.502,11.436,38.38745453932904,D532P
-16.94,49.99999999778238,-3.163,0.043,-0.28,1.068,9.691,0.0,0.0,0.0,1.665,1.185,0.0,11.978,-0.088,2.355,0.265,49.99999999837538,R528W
2.518,49.37092227551245,-2.495,-0.009,-0.167,0.914,0.879,23.55,0.0,1.095,0.0,0.28,-0.009,2.072,-0.032,-2.795,-0.139,49.77371108728456,T531P
5.575,-1.242,-2.121,-0.005,-0.052,0.656,0.685,0.0,0.0,0.0,0.0,0.0,0.04,-0.755,0.11,-0.354,0.198,2.7359839494184826,T531G
2.563,-0.338,-6.122,0.003,-0.565,-0.163,5.309,0.0,0.0,0.0,0.0,0.663,0.0,-0.211,-0.115,2.727,0.059,3.8095797530513664,D532Y
1.766,1.501,0.62,0.0,-0.176,0.493,-1.111,0.0,0.0,0.0,0.0,-1.036,0.0,2.906,-0.513,-1.247,-0.405,2.798929613514588,T531R
1.55,-0.698,-3.121,-0.006,-0.289,0.294,3.793,0.0,0.0,0.0,0.0,1.266,0.0,1.774,0.189,-1.357,0.03,3.425172912337189,R528Q
-0.448,0.377,1.256,0.003,0.26,0.53,-1.665,0.0,0.0,0.0,0.0,-0.52,0.0,1.006,-0.041,0.619,-0.031,1.3472184079715817,K530R
-0.141,1.868,-0.692,0.017,0.02,1.211,5.665,0.0,0.0,0.0,0.0,0.802,0.0,2.207,-0.005,2.975,-0.047,13.88149756733992,K530W
-10.19,49.922047035051,4.874,0.103,1.487,0.35,15.765,0.0,0.0,0.0,3.341,0.0,0.0,6.768,-0.034,-1.247,-0.203,49.96635218533018,T529R
-1.754,15.982,-5.208,0.028,-0.045,0.255,1.855,0.0,0.0,0.0,0.616,0.0,-0.046,2.287,-0.529,1.49,-0.381,14.550744317813042,T529V
-0.34,-0.695,-1.331,-0.002,-0.014,0.211,0.673,0.0,0.0,0.0,0.0,0.015,0.0,-0.833,0.006,2.103,-0.035,-0.2430523458284597,T531C
-2.687,2.069,-0.301,0.019,0.018,0.104,0.34,0.0,0.0,0.0,0.0,0.0,0.078,1.294,-0.128,1.151,-0.16,1.7987538891673012,T531I
-6.486,42.647,7.843,0.001,0.136,0.211,1.772,0.0,0.0,0.0,1.403,0.0,0.0,3.672,-0.049,-1.453,-0.156,49.54108449601972,T529H
1.156,-0.467,-5.839,-0.012,-0.448,0.482,3.556,0.0,0.0,0.0,0.0,0.802,0.0,-0.064,0.1,1.752,0.175,1.1916575588785463,R528M
8.339,-1.256,-5.155,-0.02,-0.511,0.058,3.219,0.0,0.0,0.0,0.0,0.802,0.0,-2.227,0.231,-0.195,0.198,3.483319859942526,R528S
0.0,0.0,0.0,0.0,0.0,0.0,0.0,0.0,0.0,0.0,0.0,0.0,0.0,0.0,0.0,0.0,0.0,0.0,T531T
5.521,5.377,-5.439,-0.007,-0.517,0.45,3.295,0.0,0.0,0.0,0.0,0.802,0.0,-0.78,-0.104,1.246,0.134,9.978512607306357,R528T
-0.631,-0.486,-2.018,0.012,0.591,0.322,4.852,0.0,0.0,0.0,0.0,0.662,0.0,1.3,-0.226,1.109,-0.352,5.134990387006951,T531W
1.204,-1.28,-3.293,0.011,0.255,-0.007,4.503,0.0,0.0,0.0,0.0,0.662,0.0,2.298,-0.034,-0.57,-0.206,3.5443835744747503,T531Y
3.137,-1.164,0.951,-0.002,-0.004,0.236,0.07,0.0,0.0,0.0,0.0,0.0,0.0,-0.528,-0.258,-1.442,-0.368,0.6282094546261305,T531S
1.86,-0.82,-0.073,-0.016,-0.131,0.243,-0.344,0.0,0.0,0.0,0.0,0.0,0.0,0.396,0.466,1.593,0.73,3.905505599946196,L533C
-2.882,31.592,5.897,0.013,0.929,0.36,-2.469,0.0,0.0,0.0,0.0,0.0,0.126,2.533,4.448,-2.944,5.45,43.05303179430814,G541D
4.07,-1.12,-1.261,-0.017,-0.176,0.483,-0.188,0.0,0.0,0.0,0.0,0.0,0.0,-0.537,0.379,-0.337,0.26,1.5579227186225353,L533A
-1.772,0.588,4.219,-0.041,-0.068,1.393,-1.2,0.0,0.0,0.0,-1.843,-1.567,-0.001,-0.714,0.257,1.087,0.569,0.9074591086498458,S536G
2.61,-1.138,1.338,-0.011,-0.062,0.455,-1.35,0.0,0.0,0.0,0.0,0.0,0.0,0.618,0.13,-2.377,-0.052,0.1632666525852073,L533K
3.688,-1.408,0.708,-0.017,-0.177,0.177,-0.014,0.0,0.0,0.0,-0.194,0.0,0.0,0.206,0.504,-1.952,0.367,1.8913603971512885,L533S
3.128,-1.133,1.644,-0.014,0.124,0.225,-1.161,0.0,0.0,0.0,0.0,0.0,0.0,1.183,0.292,-3.808,0.053,0.5346562853861769,L533D
2.502,-1.135,0.69,-0.011,0.173,0.254,-0.45,0.0,0.0,0.0,0.0,0.0,0.0,2.086,0.045,-1.963,-0.023,2.171589042390337,L533H
5.575,-1.166,-0.672,-0.018,-0.176,0.457,-0.417,0.0,0.0,0.0,0.0,0.0,0.036,-0.537,0.886,-0.864,0.911,4.01695014049028,L533G
0.747,-0.977,-0.408,0.009,-0.105,0.238,-0.026,0.0,0.0,0.0,0.0,0.0,-0.042,-0.384,-0.309,0.642,-0.061,-0.6725575092436884,L533I
0.02,-0.027,-0.289,-0.006,-0.098,-0.021,-0.026,0.0,0.0,0.0,0.0,0.0,0.0,-0.813,-0.224,3.969,0.01,2.496507611338302,K542C
-0.841,0.243,-1.574,0.009,0.025,0.026,1.772,0.0,0.0,0.0,0.0,0.0,0.0,1.464,-0.307,1.947,0.1,2.8632708060096093,S536M
2.232,-1.12,0.106,0.032,0.05,0.386,-0.445,0.0,0.0,0.0,0.0,0.0,0.0,2.716,0.027,-0.444,0.02,3.5620973297666296,L533F
-3.177,49.9999880840168,-3.993,-0.022,-0.806,0.027,5.414,0.699,0.671,0.0,0.0,0.662,0.007,-1.37,2.315,-1.549,11.656,49.99999218229781,R535P
-0.705,0.285,-3.475,-0.003,-0.397,-0.301,3.354,0.0,0.0,0.0,0.0,0.662,0.0,-0.482,-0.127,2.355,0.136,1.304597757112674,R535W
0.699,-0.974,3.738,-0.01,0.164,-0.087,-1.539,0.0,0.0,0.0,0.0,0.0,0.0,2.257,0.05,-4.386,-0.07,-0.1582592384622785,L533E
-5.665,9.075,5.373,-0.013,0.008,1.415,-1.098,0.0,0.0,0.0,-1.843,-1.567,0.022,-0.243,-0.26,2.593,0.076,7.873783095316639,S536I
2.94,-1.147,0.967,-0.011,0.079,0.12,-0.624,0.0,0.0,0.0,0.0,0.0,0.0,0.713,0.609,-3.002,0.391,1.036467295037255,L533N
2.864,-0.032,-5.132,-0.022,-0.804,-0.13,3.322,0.0,0.0,0.0,0.0,0.662,0.0,-1.448,0.288,3.349,0.644,3.5630167628405616,R535C
2.251,-0.033,-3.422,-0.017,-0.652,0.131,1.864,0.0,0.0,0.0,0.0,-0.124,0.0,1.767,0.07,-1.357,0.128,0.6066792441675943,R535Q
1.185,-0.796,0.108,-0.012,-0.114,0.588,-0.139,0.0,0.0,0.0,0.0,0.0,0.0,0.921,0.323,-0.005,0.392,2.454353866366887,L533M
-0.362,0.048,-0.023,0.007,-0.062,0.015,0.052,0.0,0.0,0.0,0.0,0.0,0.0,-0.67,0.116,2.376,0.185,1.6821992167923554,K542L
0.861,-1.043,0.98,0.008,0.119,0.301,-0.37,0.0,0.0,0.0,0.0,0.0,0.0,2.711,0.124,0.599,0.204,4.496065493493461,L533W
-3.64,0.69,5.731,-0.034,0.303,1.502,-0.659,0.0,0.0,0.0,-1.843,-1.567,0.0,2.39,-0.551,-2.435,-0.33,-0.444475409853112,S536E
0.285,-0.846,2.457,-0.011,0.009,-0.278,-0.777,0.0,0.0,0.0,0.0,0.0,0.0,2.756,0.266,-3.113,0.088,0.840656067501186,L533Q
2.294,-0.045,-4.23,-0.02,-0.21,-0.289,3.03,0.0,0.0,0.0,0.0,0.662,0.0,-0.966,-0.037,-0.206,0.077,0.060338949312154,R535H
3.22,44.769198850396705,-3.94,-0.017,-0.197,0.448,2.46,9.899,0.0,0.0,0.0,0.802,0.052,2.175,2.738,-3.305,11.866,48.101657034566365,L533P
-1.453,0.042,2.113,0.016,0.869,-0.034,1.366,0.0,0.0,0.0,0.0,0.0,0.064,1.461,0.138,-2.944,-0.133,1.504385498157717,G540D
0.0,0.0,0.0,0.0,0.0,0.0,0.0,0.0,0.0,0.0,0.0,0.0,0.0,0.0,0.0,0.0,0.0,0.0,L533L
-3.235,38.76262105510699,0.368,0.019,0.053,0.404,-0.477,0.0,0.0,0.0,0.0,0.0,0.098,0.951,6.797,1.844,6.747,43.14718215879656,G541V
-7.072,1.492,5.925,0.017,0.153,1.717,-0.692,0.0,0.0,0.0,-1.843,-1.567,0.0,1.878,0.005,1.507,0.044,1.563635690010301,S536F
-2.994,0.497,0.473,0.027,0.078,-0.194,0.207,0.0,0.0,0.0,0.0,0.0,0.158,0.055,2.049,1.505,1.881,3.742696208854,G540I
-2.621,0.266,0.521,0.002,0.009,-0.205,-0.123,0.0,0.0,0.0,0.0,0.0,0.064,0.529,1.173,2.456,1.017,3.0871231436246944,G540C
3.371,-0.053,-6.475,-0.023,-0.849,-0.077,3.579,0.0,0.0,0.0,0.0,0.662,0.0,-2.533,0.013,1.419,0.169,-0.794989420805905,R535A
2.535,-0.03,-3.981,-0.02,-0.237,-0.493,3.505,0.0,0.0,0.0,0.0,0.662,0.0,-0.249,0.572,-1.246,0.489,1.5093960560952835,R535N
-0.966,0.539,-3.227,0.0,-0.203,0.436,2.436,0.0,0.0,0.0,1.342,0.0,0.0,-1.973,0.235,3.108,-0.121,1.607211615956544,Q537M
0.505,0.028,-2.497,0.0,-0.025,0.113,1.842,0.0,0.0,0.0,0.0,0.0,0.0,-0.653,-0.541,1.614,-0.304,0.083059128321338,S536A
-3.614,0.628,6.467,-0.04,-0.044,1.486,-3.0,0.0,0.0,0.0,-1.843,-1.567,0.0,-0.061,0.0,0.0,0.0,-1.5892110627937654,S536S
-1.336,32.895,0.25,0.02,1.131,-1.341,2.269,0.0,0.0,0.0,0.0,1.708,0.126,3.301,4.137,-2.139,4.867,45.88907756704009,G541N
2.093,-0.952,0.225,-0.008,-0.113,0.022,-0.4,0.0,0.0,0.0,0.0,0.0,0.0,-0.511,0.193,-0.51,0.188,0.2293741537873757,L533T
-0.397,0.01,-0.183,0.021,-0.035,-0.054,0.06,0.0,0.0,0.0,0.0,0.0,0.041,-0.785,0.452,3.018,-0.11,2.0377172126551386,K542I
1.272,-0.978,-0.936,0.0,-0.124,0.215,-0.025,0.0,0.0,0.0,0.0,0.0,-0.042,-0.557,-0.218,0.981,-0.082,-0.4919907618569823,L533V
2.435,-0.036,-3.477,-0.017,-0.51,-0.236,5.841,0.0,0.0,0.0,0.0,0.662,0.0,0.305,-0.119,-2.63,-0.052,2.166700594037138,R535E
1.951,-0.041,-4.602,-0.002,-0.57,-0.151,3.283,0.0,0.0,0.0,0.0,0.662,0.0,-0.931,-0.107,1.313,0.08,0.8859040551719772,R535F
2.02,-0.039,-4.44,-0.014,-0.825,-0.11,3.608,0.0,0.0,0.0,0.0,0.662,0.0,-0.814,0.118,1.752,0.319,2.237455492913682,R535M
2.24,-1.118,0.117,0.029,0.062,0.372,-0.416,0.0,0.0,0.0,0.0,0.0,0.0,2.602,0.124,-1.08,0.077,3.0128534935651032,L533Y
4.882,-0.204,-6.534,-0.024,-0.849,-0.021,3.761,0.0,0.0,0.0,0.0,0.662,-0.013,-2.533,0.604,0.892,0.873,1.497570408501815,R535G
-2.323,0.084,2.035,0.006,0.799,0.141,-1.346,0.0,0.0,0.0,0.0,0.0,0.064,2.316,1.057,-1.099,1.025,2.7574745508741216,G540H
2.177,49.999997077613095,-2.684,-0.031,-0.737,0.301,1.878,6.931,0.88,0.0,0.343,0.0,-0.023,-2.96,1.645,-2.226,3.449,49.999997956626245,Y534P
-3.546,0.684,5.362,-0.033,0.144,1.5,-1.277,0.0,0.0,0.0,-1.843,-1.567,0.0,0.698,-0.283,-0.425,-0.231,-0.8163057666965869,S536K
-5.115,39.058,0.335,0.062,1.087,-1.547,1.453,0.0,0.0,0.0,0.0,1.374,0.126,5.076,5.015,0.42,5.895,39.374232770610895,G541F
9.772,-1.852,-5.473,-0.032,-0.772,0.49,0.057,0.0,0.0,0.0,0.343,0.0,0.0,-3.3,0.049,0.742,-0.029,-0.0047779231962294,Y534A
6.378,-1.091,-10.05,0.02,-0.138,-2.122,7.174,0.0,0.0,0.0,1.843,2.229,0.0,0.989,0.29,-2.051,0.158,3.6314724261465017,R535D
1.152,1.056,-3.438,0.01,-0.069,-1.511,0.666,0.0,0.0,0.0,0.776,0.0,0.0,0.531,-0.049,0.636,0.024,-0.2141433384553011,Y534F
1.939,-1.417,2.126,-0.008,-0.006,0.114,-0.297,0.0,0.0,0.0,-0.194,0.0,0.0,1.289,0.172,-1.757,0.01,1.9728648522064989,L533R
-4.801,30.696,5.11,0.035,0.769,0.512,-2.025,0.0,0.0,0.0,0.0,0.0,0.126,2.759,4.109,-1.513,4.827,40.60551858492545,G541K
-2.671,34.121,0.999,0.003,0.04,0.338,-0.412,0.0,0.0,0.0,0.0,0.0,0.126,0.021,4.539,2.456,3.732,43.293855526624384,G541C
-4.767,35.139,1.396,0.051,0.214,0.296,-0.466,0.0,0.0,0.0,0.0,0.0,0.126,0.5,5.092,0.863,6.273,44.71679598170533,G541L
-2.611,7.713,-0.33,0.004,-0.456,1.243,2.633,0.0,0.0,0.0,0.0,0.662,0.152,-1.857,-0.423,2.398,0.135,9.264025464426595,R535I
0.885,8.19,-5.388,-0.007,-0.783,0.028,3.138,0.0,0.0,0.0,0.0,0.662,0.152,-1.994,-0.315,2.737,0.071,7.378592035983161,R535V
2.513,-0.776,0.367,-0.048,-0.316,2.034,-0.456,0.0,0.0,0.0,-0.5,-1.567,0.0,-3.144,0.211,2.775,0.174,1.2681002082317718,Q537A
-2.87,0.498,-0.073,0.018,0.04,-0.137,0.117,0.0,0.0,0.0,0.0,0.0,0.158,-0.001,1.814,1.844,1.809,3.2175775027459395,G540V
-0.816,28.409,0.024,0.001,0.0,0.061,-0.808,0.0,0.0,0.0,0.0,0.0,0.126,0.0,4.781,0.526,4.742,37.04608425008064,G541A
0.0,0.0,0.0,0.0,0.0,0.0,0.0,0.0,0.0,0.0,0.0,0.0,0.0,0.0,0.0,0.0,0.0,0.0,G541G
-3.431,0.722,5.834,-0.038,0.635,1.375,-1.324,0.0,0.0,0.0,-1.843,-1.567,0.0,2.241,-0.134,-1.857,-0.078,0.5359337333682106,S536D
-1.134,1.904,-1.264,0.001,-0.012,0.12,0.733,0.0,0.0,0.0,0.0,0.0,0.0,-0.51,0.055,3.544,0.311,3.745418924669593,S536C
-0.009,0.011,0.055,-0.001,0.154,-0.023,0.048,0.0,0.0,0.0,0.0,0.0,0.0,1.425,-0.067,-2.01,-0.054,-0.4702274053594237,K542E
-3.948,0.818,0.127,0.052,0.209,0.154,2.176,0.0,0.0,0.0,0.0,0.0,0.0,2.607,0.047,0.871,-0.006,3.106942868902252,S536Y
-3.732,0.697,5.256,-0.022,0.122,1.475,-1.258,0.0,0.0,0.0,-1.843,-1.567,0.0,0.329,-0.513,1.951,-0.06,0.8362488157639518,S536L
1.933,-0.045,-4.587,-0.003,-0.558,-0.153,3.47,0.0,0.0,0.0,0.0,0.662,0.0,-0.941,-0.036,0.676,0.106,0.5272360269605088,R535Y
-3.252,0.387,1.219,0.007,0.064,-0.164,0.149,0.0,0.0,0.0,0.0,0.0,0.064,1.177,1.32,0.859,1.232,3.062089858023341,G540M
0.0,0.0,0.0,0.0,0.0,0.0,0.0,0.0,0.0,0.0,0.0,0.0,0.0,0.0,0.0,0.0,0.0,0.0,R535R
-6.696,1.326,7.675,-0.034,0.282,1.154,-1.079,0.0,0.0,0.0,-1.843,-1.567,0.0,1.455,-0.067,-0.011,0.016,0.6113574359441145,S536H
-3.547,35.488,4.844,0.008,0.398,0.145,-0.071,0.0,0.0,0.0,0.0,0.0,0.126,3.147,4.916,-3.523,5.893,47.82605783815097,G541E
2.529,-0.04,-4.245,-0.016,-0.662,-0.088,3.11,0.0,0.0,0.0,0.0,0.662,0.0,-1.329,0.032,-0.62,-0.033,-0.6987083653367563,R535K
-7.333,41.671,1.764,0.045,1.162,-1.64,1.33,0.0,0.0,0.0,0.0,1.374,0.126,3.324,4.958,1.462,7.562,40.31136215550406,G541W
2.074,0.854,1.913,-0.028,-0.161,0.348,-1.613,0.0,0.0,0.0,0.445,0.0,0.0,-0.834,0.172,-0.883,0.107,2.3939939865404085,Y534H
-4.907,0.934,0.22,0.026,0.284,-0.259,2.507,0.0,0.0,0.0,0.0,0.0,0.0,1.581,-0.058,2.55,-0.089,2.7895869110067224,S536W
-2.573,34.542,-0.29,0.012,0.277,-0.694,2.034,0.0,0.0,0.0,0.0,1.562,0.126,1.829,4.767,0.859,6.967,49.419848179765154,G541M
0.102,0.07,-1.047,0.009,0.86,-0.022,1.781,0.0,0.0,0.0,0.0,0.0,0.0,1.587,-0.457,-1.162,-0.058,1.6628302732497104,S536Q
-0.034,-0.037,-0.107,0.008,-0.033,-0.103,0.019,0.0,0.0,0.0,0.0,0.0,0.0,-0.626,0.563,1.866,-0.022,1.4930757167281854,K542T
4.315,1.837,4.338,-0.021,0.264,1.005,-4.247,0.0,0.0,0.0,0.445,0.0,0.0,-0.924,0.1,-3.307,-0.165,3.639694251002084,Y534E
-0.666,0.047,-0.095,0.001,0.0,-0.078,0.181,0.0,0.0,0.0,0.0,0.0,0.064,0.0,1.283,0.526,1.076,2.3391396087989733,G540A
-2.663,1.998,1.011,0.025,0.377,0.06,-0.169,0.0,0.0,0.0,0.0,0.0,0.064,2.676,1.325,-0.216,1.378,5.865696970624526,G540Y
-1.455,0.419,0.804,0.006,0.237,-0.652,1.588,0.0,0.0,0.0,0.0,0.0,0.0,0.389,0.049,-1.051,0.278,0.6098528258896749,S536N
-3.491,40.76,1.112,0.024,0.055,0.416,-0.227,0.0,0.0,0.0,0.0,0.0,0.098,0.01,6.043,1.505,5.103,38.659619950828066,G541I
-2.796,0.326,2.289,0.006,0.239,-0.09,-0.428,0.0,0.0,0.0,0.0,0.0,0.064,2.613,1.277,-3.523,1.236,1.2107991184617504,G540E
-0.822,0.019,0.872,0.002,0.057,-0.248,0.055,0.0,0.0,0.0,0.0,0.0,0.064,0.152,0.479,-1.088,0.511,0.0527503040333385,G540S
-4.027,34.88,3.996,0.009,0.316,0.354,-1.158,0.0,0.0,0.0,0.0,0.0,0.126,2.894,5.208,-2.25,5.494,45.84555592191521,G541Q
-2.49,4.662,8.115,-0.005,0.104,0.246,-0.496,0.0,0.0,0.0,0.445,-1.137,0.0,-0.451,0.102,-0.677,-0.092,8.326823650962524,Y534R
0.724,-0.052,-0.404,-0.008,-0.124,-0.029,0.095,0.0,0.0,0.0,0.0,0.0,0.031,-0.864,0.965,1.512,1.294,3.141416738100702,K542G
-0.552,-0.016,0.186,0.013,-0.092,0.01,-0.056,0.0,0.0,0.0,0.0,0.0,0.0,0.588,-0.064,1.932,-0.094,1.8553112584291969,K542F
-0.353,0.116,-0.505,0.016,-0.055,-0.042,0.069,0.0,0.0,0.0,0.0,0.0,0.041,-0.83,0.382,3.357,-0.022,2.173218292378237,K542V
0.442,-0.043,-0.403,-0.007,-0.124,-0.008,-0.105,0.0,0.0,0.0,0.0,0.0,0.0,-0.864,-0.075,2.039,-0.153,0.700433750620391,K542A
5.435,-0.655,-10.97,0.034,-0.63,-1.556,6.44,0.0,0.0,0.0,1.843,2.229,0.0,-1.896,-0.21,1.756,0.061,1.8820094382518848,R535L
-0.556,-0.016,0.161,0.013,-0.058,0.008,-0.008,0.0,0.0,0.0,0.0,0.0,0.0,0.4,-0.166,1.296,-0.065,1.0101362705314614,K542Y
3.27,-0.037,-4.731,-0.023,-0.777,-0.363,3.282,0.0,0.0,0.0,0.0,0.662,0.0,-1.763,0.332,-0.195,0.348,0.0086203598301608,R535S
0.0,0.0,0.0,0.0,0.0,0.0,0.0,0.0,0.0,0.0,0.0,0.0,0.0,0.0,0.0,0.0,0.0,0.0,G540G
0.322,-0.035,-0.002,-0.006,-0.075,-0.052,-0.055,0.0,0.0,0.0,0.0,0.0,0.0,-0.757,-0.154,0.424,-0.36,-0.7475004907528273,K542S
0.193,-0.576,-4.898,0.004,-0.315,-0.624,6.356,0.0,0.0,0.0,1.072,0.0,0.0,-1.786,0.422,2.371,0.27,2.4915303399878894,K538M
-2.946,1.267,1.825,0.02,0.038,-0.122,-0.022,0.0,0.0,0.0,0.0,0.0,0.064,2.625,1.421,1.462,1.899,7.531840129373677,G540W
-3.954,0.623,6.558,-0.031,-0.001,1.36,-3.04,0.0,0.0,0.0,-1.843,-1.567,0.0,-0.415,-0.024,1.441,0.168,-0.7259726575814511,S536T
-4.346,32.862,3.539,0.012,1.056,-0.36,0.292,0.0,0.0,0.0,0.0,1.562,0.126,2.842,3.183,-1.099,5.191,44.86162739758811,G541H
-3.419,49.97639238425716,1.195,0.005,0.089,0.302,0.007,1.088,1.219,0.0,-0.156,-0.154,0.151,0.37,0.436,-2.442,5.787,49.98026401753376,G540P
-5.045,34.924,2.578,0.021,-0.007,-0.109,-0.052,0.0,0.0,0.0,0.0,0.0,0.126,3.383,4.81,-0.216,5.12,45.533965502102205,G541Y
-9.647,49.999912831775,6.095,-0.039,-0.024,1.731,0.278,7.32,0.939,0.0,-1.843,-1.567,0.01,0.066,1.145,-1.354,10.816,49.999950063279144,S536P
-2.739,0.312,1.721,0.013,0.377,-0.242,-0.113,0.0,0.0,0.0,0.0,0.0,0.064,1.328,1.245,-0.893,1.286,2.358151939127197,G540R
-0.161,6.521,-0.162,-0.003,0.006,-0.03,0.395,49.606413120405506,0.0,0.0,0.0,0.0,0.069,-0.864,6.387,-0.929,10.035,49.831495553034486,K542P
-2.674,2.294,1.044,0.026,0.38,0.055,-0.198,0.0,0.0,0.0,0.0,0.0,0.064,1.979,1.431,0.42,1.417,6.235915773305578,G540F
-0.75,-0.788,2.394,-0.011,-0.148,1.892,-0.044,0.0,0.0,0.0,-0.5,-1.567,0.0,0.066,0.186,2.669,-0.01,3.388941000724685,Q537F
-1.673,0.043,1.596,0.023,0.711,-0.141,0.456,0.0,0.0,0.0,0.0,0.0,0.064,0.939,0.31,-2.139,0.081,0.2700170494326812,G540N
-0.008,0.003,0.006,0.003,0.094,-0.006,-0.028,0.0,0.0,0.0,0.0,0.0,0.0,0.523,-0.076,0.619,-0.249,0.8839214960439676,K542R
3.215,-1.281,-10.31,0.053,-0.212,-2.301,9.346,0.0,0.0,0.0,2.915,1.567,0.0,-1.499,0.11,1.296,0.026,2.9264582264778483,K538Y
4.571,-0.852,-10.702,0.032,-0.157,-1.607,6.838,0.0,0.0,0.0,1.843,1.567,0.0,-1.407,0.265,3.969,0.016,4.375762919146837,K538C
-0.251,-0.026,0.666,-0.004,0.248,-0.211,-0.015,0.0,0.0,0.0,0.0,0.0,0.0,1.1,0.219,-0.626,0.107,1.2091845179334086,K542N
-2.512,35.087,1.411,0.011,0.069,0.181,-0.429,0.0,0.0,0.0,-0.12,0.0,0.126,0.09,4.596,0.353,5.942,44.80811401379378,G541T
1.089,0.971,-1.273,-0.064,-0.484,0.221,-2.11,0.0,0.0,0.0,-0.168,-0.154,0.0,-2.394,-0.245,1.419,-0.293,-3.483824679755571,R539A
2.352,-0.057,-3.077,-0.014,-0.756,-0.096,3.083,0.0,0.0,0.0,0.0,0.662,0.0,-2.314,-0.002,1.246,0.252,1.2813630114707166,R535T
-0.053,-0.034,1.014,-0.004,0.265,-0.083,-0.143,0.0,0.0,0.0,0.0,0.0,0.0,1.643,0.289,-1.432,0.162,1.6266954809191247,K542D
0.046,0.064,-1.091,0.01,0.28,0.015,1.494,0.0,0.0,0.0,0.0,0.0,0.0,1.534,-0.392,0.194,-0.203,1.952654441452751,S536R
-2.834,0.28,1.568,0.012,0.197,-0.224,0.154,0.0,0.0,0.0,0.0,0.0,0.064,2.01,1.342,-1.513,1.115,2.1705862290821187,G540K
-6.229,19.565,4.0,-0.022,-0.003,1.61,-1.154,0.0,0.0,0.0,-1.843,-1.567,0.022,0.613,-0.186,2.932,0.005,17.741819879219747,S536V
6.649,-1.251,2.785,-0.03,-0.096,0.734,-4.348,0.0,0.0,0.0,0.343,-0.382,0.0,-0.739,0.446,-2.728,0.154,1.5366505992061548,Y534D
-0.006,0.009,-0.047,-0.001,0.052,-0.016,-0.019,0.0,0.0,0.0,0.0,0.0,0.0,1.422,-0.016,-0.737,-0.04,0.6018745455149883,K542Q
-1.111,30.483,1.441,0.001,0.038,-0.135,-0.689,0.0,0.0,0.0,-0.073,0.0,0.126,0.744,3.556,-1.088,4.135,37.42757372781955,G541S
-3.53,48.929582976654565,2.1,0.004,0.103,0.613,-1.356,49.99580101229251,0.0,0.0,0.0,0.0,0.098,0.0,6.836,-2.442,9.328,49.9999716089637,G541P
-0.032,0.016,-0.064,0.001,-0.065,-0.015,-0.062,0.0,0.0,0.0,0.0,0.0,0.0,0.153,0.061,2.371,0.105,2.469172893062592,K542M
3.275,-1.24,-9.987,0.068,-0.074,-1.6,7.143,0.0,0.0,0.0,1.843,1.567,-0.042,0.057,0.455,3.018,0.293,4.776631550990487,K538I
0.0,0.0,0.0,0.0,0.0,0.0,0.0,0.0,0.0,0.0,0.0,0.0,0.0,0.0,0.0,0.0,0.0,0.0,K542K
-2.836,0.316,1.603,0.006,0.167,-0.372,0.473,0.0,0.0,0.0,0.0,0.0,0.064,2.475,1.27,-2.25,1.333,2.248885070127585,G540Q
-0.361,0.622,3.426,-0.027,-0.084,2.036,-0.706,0.0,0.0,0.0,-0.5,-1.567,0.0,-0.818,0.143,3.711,-0.031,5.845713150184679,Q537W
-0.38,-0.029,0.594,-0.004,0.137,-0.112,-0.056,0.0,0.0,0.0,0.0,0.0,0.0,0.549,-0.334,0.413,-0.407,0.372139331787821,K542H
-7.921,31.735,8.714,0.031,0.811,0.218,0.038,0.0,0.0,0.0,0.0,0.0,0.126,2.045,3.713,-0.893,5.864,44.48256359534014,G541R
5.899,-0.871,-11.897,0.029,-0.194,-1.604,7.522,0.0,0.0,0.0,1.843,1.567,0.0,-1.546,0.069,2.039,0.022,2.878009340225276,K538A
-2.365,0.353,0.559,0.006,0.065,-0.407,0.088,0.0,0.0,0.0,0.0,0.0,0.064,0.115,0.386,0.353,0.565,-0.2174667754444499,G540T
-1.058,0.008,0.233,0.012,0.004,-0.015,-0.057,0.0,0.0,0.0,0.0,0.0,0.0,0.461,-0.01,2.975,0.537,3.0902889339672583,K542W
-2.907,-0.276,-0.592,0.024,-0.157,-1.056,4.175,0.0,0.0,0.0,1.073,0.0,0.064,-0.814,1.229,0.863,1.057,2.6835263379117578,G540L
-0.277,-0.646,-4.362,0.014,-0.291,-0.746,6.361,0.0,0.0,0.0,1.072,0.0,0.0,-1.582,0.232,1.932,0.054,1.7637174141106016,K538F
0.194,-0.733,5.803,-0.044,0.065,1.753,-1.099,0.0,0.0,0.0,-0.5,-1.567,0.0,-0.451,-0.456,-0.695,-0.243,2.028423474295778,Q537D
4.013,47.32597218016239,-5.225,-0.016,-0.72,0.185,0.001,0.0,0.0,0.0,0.343,0.0,0.015,-2.95,0.052,2.06,0.092,47.093007153360126,Y534V
3.614,1.649,-1.437,-0.011,-0.15,0.392,-0.232,0.0,0.0,0.0,-0.136,0.0,0.0,0.745,0.241,1.075,0.268,6.018903046888681,Y534M
-1.579,30.538,1.588,0.04,-0.148,0.725,0.272,0.0,0.0,0.0,0.276,-1.567,0.026,0.129,0.972,3.754,0.46,35.484568913683574,Q537I
4.622,-0.893,-3.631,-0.063,-0.677,-0.193,-0.631,0.0,0.0,0.0,0.0,0.0,-0.031,-3.333,0.294,0.892,0.738,-2.903831953288318,R539G
6.941,-0.86,-3.63,-0.029,-0.706,0.282,-0.215,0.0,0.0,0.0,0.445,0.0,0.0,-3.021,0.463,2.672,0.61,2.9531530995365074,Y534C
1.175,49.993002342249824,-3.347,0.016,-0.637,-0.08,-0.102,0.0,0.0,0.0,0.445,0.0,0.015,-1.948,-0.077,1.721,0.21,49.992233004706,Y534I
3.796,-0.679,-11.101,0.063,-0.119,-1.589,7.205,0.0,0.0,0.0,1.843,1.567,-0.042,-0.465,0.293,3.357,0.177,4.306434089860545,K538V
9.092,-1.895,-1.565,-0.032,-0.7,0.371,-0.731,0.0,0.0,0.0,0.343,0.0,0.0,-2.605,0.544,-0.872,0.262,2.211403809252488,Y534S
2.063,-0.265,-3.665,-0.01,-0.172,-0.118,3.551,0.0,0.0,0.0,0.0,0.0,0.0,-1.26,0.155,0.424,0.205,0.9093547133147696,K538S
1.735,-0.611,-4.593,0.0,-0.047,-0.611,7.039,0.0,0.0,0.0,1.072,0.0,0.0,-0.694,-0.059,-2.01,-0.015,1.2068803308526412,K538E
4.823,-1.16,-10.221,0.043,-0.311,-2.078,8.328,0.0,0.0,0.0,2.915,1.567,0.0,-2.926,0.094,1.866,0.246,3.188292016455307,K538T
1.729,-0.63,-3.404,-0.005,0.158,-1.015,6.129,0.0,0.0,0.0,1.072,0.0,0.0,-0.665,-0.19,-1.432,0.124,1.872867964574084,K538D
2.803,2.917,-3.929,0.036,-0.42,0.572,0.233,0.0,0.0,0.0,0.445,0.0,0.0,0.448,0.009,1.079,0.027,4.221162193523583,Y534L
6.933,-0.94,-12.041,0.028,-0.194,-1.811,7.366,0.0,0.0,0.0,1.843,1.567,-0.084,-1.546,1.051,1.512,1.006,4.691663647742871,K538G
-2.167,49.99995742955138,-3.68,-0.009,-0.173,0.067,5.444,0.62,0.988,0.0,0.0,0.0,-0.066,-1.586,-0.831,-0.929,10.402,49.99996918814797,K538P
0.009,0.451,0.004,-0.001,-0.011,0.041,0.174,0.0,0.0,0.0,0.0,0.0,0.0,-0.682,0.0,0.0,0.0,-0.0147852047728065,Q537Q
-1.518,28.152,0.928,0.037,-0.304,0.725,0.297,0.0,0.0,0.0,0.276,-1.567,0.026,-0.207,1.12,4.093,0.567,32.62530525091586,Q537V
-3.629,1.414,0.517,-0.03,0.096,-0.229,-0.929,0.0,0.0,0.0,-0.012,0.0,0.0,2.114,-0.129,2.355,0.11,1.6500039615806372,R539W
12.546,-2.249,-4.442,-0.033,-0.772,0.421,-0.115,0.0,0.0,0.0,0.343,0.0,-0.024,-3.3,0.756,0.215,0.739,4.086149824279687,Y534G
-0.487,-0.189,4.336,-0.042,0.019,1.553,0.06,0.0,0.0,0.0,-0.5,-1.567,0.0,-1.168,-0.389,0.11,-0.183,1.5543721655092213,Q537N
1.465,-0.621,-3.91,-0.003,0.05,-0.959,5.951,0.0,0.0,0.0,1.072,0.0,0.0,-0.84,0.082,-0.626,0.299,1.961405527449756,K538N
-4.122,3.417,-0.71,0.017,0.199,-1.062,-1.136,0.0,0.0,0.0,0.734,-0.995,0.0,1.631,0.021,1.678,0.002,-0.3247570274925238,Y534W
-4.211,6.606,-0.004,-0.035,-0.062,-0.117,-1.854,0.0,0.0,0.0,-0.168,-0.154,0.0,0.801,-0.022,1.313,-0.149,1.9436060403008923,R539F
0.0,0.0,0.0,0.0,0.0,0.0,0.0,0.0,0.0,0.0,0.0,0.0,0.0,0.0,0.0,0.0,0.0,0.0,Y534Y
3.459,2.651,3.055,-0.001,0.582,0.432,-1.363,0.0,0.0,0.0,-0.178,0.0,0.0,0.932,0.226,-1.297,-0.117,8.381218182811494,Y534K
2.795,-1.395,-3.797,0.026,-0.094,0.391,2.68,0.0,0.0,0.0,1.342,0.0,0.0,-0.08,0.168,2.033,0.059,4.129177602170785,Q537Y
6.414,7.564,-0.599,-0.026,-0.709,0.299,-0.977,0.0,0.0,0.0,0.343,0.0,0.0,-3.28,0.273,0.569,0.191,10.06309927259258,Y534T
-2.78,3.943,-0.48,-0.027,-0.242,0.425,-1.628,0.0,0.0,0.0,-0.168,-0.154,0.0,1.305,-0.079,1.756,-0.149,1.7221472559776885,R539L
0.253,-0.64,1.739,-0.046,-0.298,2.045,-1.005,0.0,0.0,0.0,-0.5,-1.567,0.0,-2.954,0.381,4.705,-0.106,2.007321257516651,Q537C
-2.356,0.521,1.302,-0.034,-0.196,1.751,-0.227,0.0,0.0,0.0,-0.5,-1.567,0.0,-3.108,0.093,3.112,0.077,-1.130532083965818,Q537L
-4.107,49.99966304230971,3.748,-0.047,-0.25,2.063,1.135,1.222,0.891,0.0,-0.5,-1.567,0.122,-3.108,-0.031,-0.193,11.188,49.99977919243471,Q537P
0.92,-0.34,-0.789,0.025,-0.268,0.348,-2.906,0.0,0.0,0.0,-0.933,-0.154,0.048,-0.967,1.06,2.737,0.616,-0.6015614610761304,R539V
1.281,-0.563,-4.971,0.007,-0.322,-0.606,6.541,0.0,0.0,0.0,1.072,0.0,0.0,-2.747,0.161,2.376,0.188,2.41732599585896,K538L
4.668,-0.792,0.699,-0.051,-0.316,1.829,-0.402,0.0,0.0,0.0,-0.5,-1.567,0.04,-3.144,0.189,2.249,0.362,3.26430128128618,Q537G
0.027,-0.557,3.791,-0.044,0.046,1.872,-0.767,0.0,0.0,0.0,-0.5,-1.567,0.0,-0.816,0.001,1.15,-0.079,2.5571589263456644,Q537H
0.503,-0.64,-3.613,-0.005,-0.016,-0.969,5.869,0.0,0.0,0.0,1.072,0.0,0.0,-1.447,0.016,0.413,0.187,1.3723433918315775,K538H
5.461,-1.827,-2.882,-0.006,-0.228,0.178,1.62,0.0,0.0,0.0,1.342,0.0,0.0,-1.366,0.03,1.161,0.21,3.695333748257667,Q537S
-1.218,1.062,0.685,-0.013,-0.014,-0.381,-1.104,0.0,0.0,0.0,-0.012,0.0,0.0,2.632,0.126,-0.62,0.011,1.1547508253428305,R539K
5.496,-0.471,0.091,-0.027,-0.18,0.084,-0.435,0.0,0.0,0.0,0.445,0.0,0.0,-1.502,0.771,-1.923,0.458,2.8087664670999857,Y534N
0.473,-0.121,-2.235,0.001,0.036,0.257,2.602,0.0,0.0,0.0,-0.042,-0.697,0.0,0.915,0.123,-0.737,0.04,0.6158761329496656,K538Q
0.0,0.0,0.0,0.0,0.0,0.0,0.0,0.0,0.0,0.0,0.0,0.0,0.0,0.0,0.0,0.0,0.0,0.0,K538K
0.19,-0.186,-2.209,0.002,0.03,-0.203,3.346,0.0,0.0,0.0,0.0,0.0,0.0,-0.14,0.134,0.619,0.075,1.6587891861694288,K538R
2.894,1.148,3.194,-0.006,0.837,0.73,-1.419,0.0,0.0,0.0,-0.042,-1.0,0.0,1.064,0.244,-2.034,0.117,5.7292034801674845,Y534Q
-0.526,0.962,-0.293,-0.053,-0.423,0.051,-2.03,0.0,0.0,0.0,-0.168,-0.154,0.0,-1.165,0.357,3.349,0.37,0.2773942895312302,R539C
3.288,-0.818,-3.262,0.004,0.078,0.318,2.762,0.0,0.0,0.0,1.342,0.0,0.0,-1.762,0.177,0.736,0.188,3.0524060310293635,Q537K
0.938,-0.584,3.258,-0.045,0.087,0.091,-4.528,0.0,0.0,0.0,-0.776,-0.206,0.0,1.398,0.162,-2.63,0.038,-2.7978731577854887,R539E
0.371,0.827,1.91,-0.056,0.442,-0.358,-1.308,0.0,0.0,0.0,-0.012,0.0,0.0,-1.247,-0.728,-2.051,-0.539,-2.7487851356593183,R539D
-2.729,-0.186,8.84,-0.042,0.049,1.783,-4.562,0.0,0.0,0.0,-1.857,-1.567,0.0,-0.179,0.128,-1.274,0.143,-1.4521924224978875,Q537E
3.298,-1.529,-3.31,0.008,0.116,0.408,2.454,0.0,0.0,0.0,1.342,0.0,0.0,-0.311,0.129,1.356,0.084,4.047023624684925,Q537R
-3.084,0.651,-2.903,0.012,-0.212,-0.672,5.795,0.0,0.0,0.0,1.072,0.0,0.0,-0.792,0.104,2.975,0.041,2.988985798979116,K538W
-0.467,-0.187,4.987,-0.042,-0.232,2.249,-2.041,0.0,0.0,0.0,-0.789,-1.567,0.0,-3.137,0.096,2.602,0.261,1.7325094872813906,Q537T
0.0,0.0,0.0,0.0,0.0,0.0,0.0,0.0,0.0,0.0,0.0,0.0,0.0,0.0,0.0,0.0,0.0,0.0,R539R
-0.326,-0.281,-0.015,0.075,-0.22,0.275,-2.813,0.0,0.0,0.0,-0.933,-0.154,0.048,-0.795,1.215,2.398,0.793,-0.7322916222872209,R539I
-3.774,6.516,0.078,-0.033,-0.043,-0.114,-1.215,0.0,0.0,0.0,-0.012,0.0,0.0,-0.5,0.141,0.676,-0.076,1.646571454829882,R539Y
1.555,0.82,-0.318,-0.061,-0.339,-0.262,-1.772,0.0,0.0,0.0,-0.012,0.0,0.0,-1.623,0.212,-0.195,0.339,-1.6542683291561389,R539S
-1.132,1.033,2.254,-0.055,0.32,-0.262,-1.696,0.0,0.0,0.0,-0.168,-0.154,0.0,-0.871,-0.64,-1.246,-0.529,-3.1438862249068507,R539N
-0.675,0.825,0.893,-0.023,0.303,-0.02,-3.075,0.0,0.0,0.0,-0.012,0.0,0.0,0.407,-0.025,-1.357,-0.021,-2.779059694305829,R539Q
-1.261,7.32,-0.499,-0.058,-0.361,-0.015,-1.622,3.574,0.0,0.0,-0.012,0.0,-0.009,-2.706,-0.962,-1.549,0.11,1.9518389447983964,R539P
2.581,-0.554,-0.458,-0.046,-0.184,0.052,-2.818,0.0,0.0,0.0,-0.776,0.0,0.0,-1.284,0.595,1.246,1.203,-0.4413969996625155,R539T
-1.946,2.751,1.117,-0.055,0.279,-0.81,-1.142,0.0,0.0,0.0,-0.012,0.0,0.0,0.055,-0.312,-0.206,-0.119,-0.3995645419765878,R539H
-0.67,-0.501,0.048,-0.044,-0.181,0.375,-2.615,0.0,0.0,0.0,-0.776,0.0,0.0,-0.088,-0.092,1.752,0.214,-2.5786657363661334,R539M
-0.89,9.289,-0.091,0.001,0.0,0.002,-0.736,0.0,0.0,0.0,0.0,0.0,0.233,0.0,3.359,0.526,2.806,14.499144484385624,G543A
-4.409,15.851,5.479,0.015,0.365,0.381,-2.32,0.0,0.0,0.0,0.0,0.0,0.233,2.924,3.231,-1.513,3.193,23.43123855075408,G543K
-4.538,16.688,0.785,0.024,0.06,0.114,-0.164,0.0,0.0,0.0,0.0,0.0,0.094,0.03,5.099,1.505,3.449,23.14601927296883,G543I
-5.61,13.274,4.774,0.009,0.996,0.325,-1.638,0.0,0.0,0.0,0.0,0.0,0.233,1.463,2.615,-1.099,3.185,18.52670733590753,G543H
-4.565,15.05,3.697,0.01,0.288,-0.221,-0.727,0.0,0.0,0.0,0.0,0.0,0.233,2.363,4.015,-2.25,3.263,21.15678381789951,G543Q
-0.344,-0.372,-0.447,0.0,-0.161,0.068,0.088,0.0,0.0,0.0,0.0,0.0,0.0,-1.076,0.606,3.108,0.791,2.2612007389537894,Q545M
-2.639,11.649,4.195,0.011,0.989,-0.629,-2.275,0.0,0.0,0.0,0.0,0.0,0.233,3.126,3.565,-2.944,3.505,18.78682581562157,G543D
0.0,0.0,0.0,0.0,0.0,0.0,0.0,0.0,0.0,0.0,0.0,0.0,0.0,0.0,0.0,0.0,0.0,0.0,G543G
-2.616,11.953,0.697,0.003,0.044,0.055,-0.457,0.0,0.0,0.0,0.0,0.0,0.233,0.087,3.717,2.456,2.021,18.193612124262245,G543C
-3.961,15.197,4.506,0.01,0.411,-0.328,-0.947,0.0,0.0,0.0,0.0,0.0,0.233,2.434,4.024,-3.523,3.814,21.869905046766235,G543E
-0.062,0.094,0.202,0.009,0.03,0.013,0.011,0.0,0.0,0.0,0.0,0.0,0.0,0.088,0.067,-0.339,0.069,0.1840214783309193,V544I
-5.484,16.936,1.539,0.008,0.104,0.2,-0.785,0.0,0.0,0.0,0.0,0.0,0.233,1.102,3.556,0.859,4.139,22.408099744613764,G543M
-2.701,43.53951756855565,0.86,0.005,0.113,-0.013,-1.08,49.99932634776401,0.0,0.0,0.0,0.0,0.094,0.0,6.716,-2.442,10.393,49.99997114809327,G543P
0.913,-0.633,0.544,-0.003,0.173,0.083,-0.056,0.0,0.0,0.0,0.0,0.0,0.02,1.805,0.778,-2.738,0.489,1.3774259721284352,V544R
-6.981,38.231,1.899,0.025,0.495,-0.184,-0.804,0.0,0.0,0.0,0.0,0.0,0.233,1.031,3.723,0.42,3.361,41.450059437253344,G543F
-3.334,11.569,3.343,0.015,0.789,-0.469,-1.39,0.0,0.0,0.0,0.0,0.0,0.233,1.893,3.232,-2.139,3.385,17.128000976858516,G543N
-3.751,20.582,-0.021,0.019,0.057,0.113,-0.312,0.0,0.0,0.0,0.0,0.0,0.094,-0.026,6.565,1.844,4.186,29.35084311161779,G543V
-4.77,18.23,3.598,0.017,0.513,0.098,0.744,0.0,0.0,0.0,0.0,0.0,0.233,1.781,3.071,-0.893,3.601,26.223401676234403,G543R
-2.751,13.453,1.414,0.012,0.073,0.044,-0.082,0.0,0.0,0.0,0.0,0.0,0.233,0.043,3.692,0.353,3.732,20.2172849972186,G543T
-5.627,44.33935180900382,1.092,0.016,0.039,-0.1,-0.312,0.0,0.0,0.0,0.0,0.0,0.055,0.029,1.853,0.863,1.844,44.28665744502649,G546L
-4.312,39.52,1.053,0.017,0.027,0.029,-0.598,0.0,0.0,0.0,0.0,0.0,0.233,0.96,4.556,0.863,3.987,46.33448090408047,G543L
-7.264,41.271,2.731,0.025,0.481,-0.42,-0.903,0.0,0.0,0.0,0.0,0.0,0.233,1.183,3.564,-0.216,2.885,43.57081594860074,G543Y
0.618,-0.639,1.077,-0.01,0.246,-0.203,0.113,0.0,0.0,0.0,0.0,0.0,0.02,1.855,1.062,-3.983,0.719,0.8760988545275268,V544N
-1.802,0.357,0.332,0.018,0.078,0.187,-0.295,0.0,0.0,0.0,0.0,-0.037,0.0,0.173,0.6,3.711,1.047,4.3704452702186245,Q545W
1.363,-0.648,-0.017,-0.013,-0.043,0.157,-0.121,0.0,0.0,0.0,0.0,0.0,0.02,-0.041,1.318,-1.319,1.436,2.095255621958472,V544A
0.383,0.032,0.398,-0.007,0.013,0.025,-0.34,0.0,0.0,0.0,0.0,0.0,0.02,0.012,0.668,-1.491,0.525,0.2402640280723744,V544T
0.475,-0.246,-0.142,0.024,0.149,0.351,0.029,0.0,0.0,0.0,0.0,0.0,0.0,0.335,0.628,2.669,0.424,4.696284028540504,Q545F
-0.922,49.996683956670495,-0.621,-0.002,-0.179,0.266,-1.86,49.998489334385205,0.0,0.0,0.0,0.0,0.064,-2.295,5.944,-0.193,11.193,49.999999968241916,Q545P
-0.156,0.0,0.311,0.005,0.263,-0.034,-0.043,0.0,0.0,0.0,0.0,0.0,0.0,2.974,0.035,-4.05,0.287,-0.4073691965132866,A547E
2.979,-0.644,-0.468,-0.017,-0.142,0.301,-0.098,0.0,0.0,0.0,0.0,0.0,0.02,-1.047,0.813,0.612,0.916,3.227184497282906,V544C
-1.376,12.406,1.676,0.002,0.038,-0.117,-0.258,0.0,0.0,0.0,0.0,0.0,0.233,0.832,2.625,-1.088,2.422,17.39573422601154,G543S
0.19,-0.395,0.706,-0.006,0.002,0.036,0.016,0.0,0.0,0.0,0.0,0.0,0.02,1.159,0.988,-0.986,0.969,2.702826161274402,V544M
0.01,0.015,0.15,0.004,-0.018,0.052,0.006,0.0,0.0,0.0,0.0,0.0,0.0,-1.131,0.053,1.356,0.1,0.597214705262445,Q545R
-0.251,-0.241,0.579,0.002,0.044,0.158,0.143,0.0,0.0,0.0,0.0,0.0,0.02,0.3,0.593,-0.982,0.524,0.8923691283081325,V544L
-0.881,0.839,-0.773,0.011,-0.156,-0.048,-0.122,0.0,0.0,0.0,0.0,0.0,0.0,-0.885,0.911,3.112,0.77,2.77887772347151,Q545L
0.2,-0.334,0.881,-0.006,0.101,0.16,0.018,0.0,0.0,0.0,0.0,0.0,0.02,1.142,0.982,-3.358,0.531,0.3380550938010174,V544K
1.738,-0.664,0.103,-0.014,-0.043,0.165,-0.13,0.0,0.0,0.0,0.0,0.0,0.008,-0.041,2.254,-1.845,3.453,4.987076525763769,V544G
1.219,-0.551,-0.835,-0.006,-0.272,0.246,0.039,0.0,0.0,0.0,0.0,0.0,0.0,-2.306,0.474,2.775,0.485,1.27104303705039,Q545A
0.0,0.0,0.0,0.0,0.0,0.0,0.0,0.0,0.0,0.0,0.0,0.0,0.0,0.0,0.0,0.0,0.0,0.0,V544V
0.145,-0.543,2.827,-0.012,0.439,-0.071,-1.653,0.0,0.0,0.0,0.0,-0.548,0.02,3.056,1.215,-4.789,0.816,0.9038340849143652,V544D
0.91,0.317,-0.034,-0.009,0.088,0.151,0.082,46.39481733941332,0.0,0.0,0.0,0.0,0.064,-0.043,7.277,-4.286,6.656,47.66386456543965,V544P
-5.286,7.719,1.506,0.025,0.318,0.122,0.776,0.0,0.0,0.0,0.0,0.0,0.055,2.538,2.137,0.42,2.807,13.137202547055836,G546F
-1.399,-0.398,0.585,0.008,0.512,-0.126,0.181,0.0,0.0,0.0,0.0,0.0,0.02,1.991,0.737,-0.382,1.259,2.988206514008425,V544W
1.404,-0.044,2.011,-0.015,0.176,0.466,-1.215,0.0,0.0,0.0,0.0,-0.875,0.02,0.626,0.658,-2.944,0.53,0.7997837310757632,V544H
0.197,-0.617,0.404,0.007,0.221,0.027,-0.055,0.0,0.0,0.0,0.0,0.0,0.02,1.683,0.66,-2.061,0.453,0.9417198553776416,V544Y
-1.423,-0.2,0.956,0.013,-0.005,0.125,-0.27,0.0,0.0,0.0,0.0,0.0,0.02,2.65,0.645,-1.425,0.413,1.5006792179580088,V544F
-9.261,49.503023218950446,3.443,0.022,0.917,-0.598,-0.7,0.0,0.0,0.0,0.0,0.0,0.233,1.219,3.657,1.462,4.804,49.5959758721391,G543W
0.338,-0.332,1.086,-0.007,0.285,0.061,-0.386,0.0,0.0,0.0,0.0,0.0,0.02,2.476,0.99,-5.368,0.702,-0.1331530622334185,V544E
-0.294,-0.376,-0.368,0.096,-0.168,0.142,0.195,0.0,0.0,0.0,0.0,0.0,0.103,-1.898,2.511,3.754,10.231,13.929292079222703,Q545I
-0.3,0.075,0.056,0.003,0.088,-0.01,-0.244,0.272,0.0,0.0,0.0,0.0,-0.026,0.162,-0.801,-2.968,-0.041,-3.734111285141125,A547P
0.36,-0.368,0.789,-0.007,0.156,0.036,0.001,0.0,0.0,0.0,0.0,0.0,0.02,2.597,0.955,-4.094,0.632,1.0794463143878374,V544Q
-0.341,-0.699,-1.543,0.029,0.419,0.432,0.248,0.0,0.0,0.0,0.0,0.0,0.0,1.212,0.454,2.033,0.494,2.737187552056639,Q545Y
0.208,-0.146,-0.573,-0.005,-0.269,0.399,-0.348,0.0,0.0,0.0,0.0,0.0,0.0,-2.748,0.465,4.705,0.611,2.3003713239610306,Q545C
-2.567,0.239,0.586,0.003,0.031,0.077,-0.885,0.0,0.0,0.0,0.0,0.0,0.055,0.712,1.801,2.456,2.424,4.933231234555592,G546C
0.0,0.0,0.0,0.0,0.0,0.0,0.0,0.0,0.0,0.0,0.0,0.0,0.0,0.0,0.0,0.0,0.0,0.0,G546G
0.177,0.223,2.107,0.0,0.109,0.455,-2.363,0.0,0.0,0.0,0.0,-0.314,0.0,0.756,-0.345,-0.695,-0.092,0.0192425237379438,Q545D
1.264,-0.648,0.653,-0.012,-0.015,0.066,-0.421,0.0,0.0,0.0,0.0,0.0,0.02,0.699,1.097,-2.933,0.725,0.4981910240852585,V544S
0.781,-0.309,0.459,0.001,-0.209,0.259,-0.303,0.0,0.0,0.0,0.0,0.0,0.0,-2.447,1.592,2.602,2.608,5.034414787269611,Q545T
-5.453,7.541,2.062,0.024,0.322,0.116,-0.034,0.0,0.0,0.0,0.0,0.0,0.055,2.778,1.877,-0.216,2.399,11.47107387314395,G546Y
0.983,-0.528,0.292,-0.006,-0.239,0.011,-0.219,0.0,0.0,0.0,0.0,0.0,0.0,-2.154,0.331,1.161,0.484,0.11767340526319,Q545S
-4.573,1.566,3.275,0.006,0.711,0.208,0.112,0.0,0.0,0.0,0.0,0.0,0.055,2.555,1.576,-1.099,2.032,6.424769227187994,G546H
-0.048,19.886,-0.785,0.013,-0.225,0.35,0.151,0.0,0.0,0.0,0.0,0.0,0.103,-2.677,1.854,4.093,10.201,32.917374547951454,Q545V
-1.948,0.461,2.502,0.005,0.294,-0.09,-1.126,0.0,0.0,0.0,0.0,0.0,0.055,3.621,0.403,-2.944,0.394,1.6274266548862215,G546D
-0.141,-0.119,0.098,0.0,-0.099,0.037,-0.04,0.0,0.0,0.0,0.0,0.0,0.0,-1.439,0.049,0.736,0.069,-0.847819997388001,Q545K
0.061,0.096,0.303,-0.001,0.11,0.023,0.345,0.0,0.0,0.0,0.0,0.0,0.0,-0.006,0.219,-1.274,0.265,0.1422975748902217,Q545E
1.768,-0.72,-0.558,-0.009,-0.272,0.212,0.317,0.0,0.0,0.0,0.0,0.0,0.11,-2.306,0.523,2.249,0.805,2.1198137937892625,Q545G
-4.965,4.975,0.805,0.026,0.064,-0.09,-0.075,0.0,0.0,0.0,0.0,0.0,0.191,0.032,2.606,1.505,3.174,8.248996500526573,G546I
-0.435,-0.217,1.035,-0.002,0.039,-0.378,0.397,0.0,0.0,0.0,0.0,0.0,0.0,-0.636,-0.791,0.11,-0.449,-1.325652859255115,Q545N
0.298,0.0,0.033,-0.001,0.0,-0.047,0.043,0.0,0.0,0.0,0.0,0.0,-0.048,0.0,0.87,-0.527,0.986,1.6058484691543526,A547G
-1.493,-0.216,0.875,0.002,0.145,-0.101,-0.122,0.0,0.0,0.0,0.0,0.0,0.0,0.416,-0.181,1.15,0.006,0.48148581779094,Q545H
-2.791,0.916,3.264,0.012,0.473,0.344,-2.006,0.0,0.0,0.0,-0.74,0.0,0.0,1.277,-0.015,-1.626,0.37,-0.5206520334737661,A547H
0.0,0.0,0.0,0.0,0.0,0.0,0.0,0.0,0.0,0.0,0.0,0.0,0.0,0.0,0.0,0.0,0.0,0.0,Q545Q
-0.427,0.0,0.422,0.012,0.011,-0.043,-0.198,0.0,0.0,0.0,0.0,0.0,0.0,1.351,0.285,0.332,0.289,2.035772849463342,A547M
-0.3,0.0,0.256,0.019,0.047,-0.036,-0.119,0.0,0.0,0.0,0.0,0.0,0.0,0.243,0.037,0.336,0.345,0.8288982452737628,A547L
-1.061,0.18,-0.354,0.001,0.0,-0.013,0.172,0.0,0.0,0.0,0.0,0.0,0.055,0.0,1.901,0.526,1.918,3.3262537603842475,G546A
-3.959,3.748,1.052,0.005,0.096,-0.088,-0.469,5.423,0.0,0.0,0.0,0.0,0.192,0.009,1.215,-2.442,2.855,7.636578264056652,G546P
-2.406,2.235,0.751,0.013,0.057,-0.087,-1.211,0.0,0.0,0.0,-0.501,0.0,0.055,0.876,1.033,0.353,1.286,2.45627203972856,G546T
-4.155,0.778,1.698,0.011,-0.028,0.004,-0.05,0.0,0.0,0.0,0.0,0.0,0.055,2.365,1.912,0.859,2.386,5.834985682054821,G546M
-4.113,0.978,3.423,0.012,0.268,0.077,-1.695,0.0,0.0,0.0,0.0,0.0,0.055,3.356,1.998,-1.513,1.83,4.676845950360871,G546K
-4.132,3.936,3.994,0.008,0.609,-0.201,-0.762,0.0,0.0,0.0,0.0,0.0,0.055,2.758,2.02,-3.523,2.306,7.067964618432711,G546E
-3.102,0.209,2.943,0.011,0.613,-0.51,0.82,0.0,0.0,0.0,0.0,0.0,0.055,2.349,0.657,-2.139,0.599,2.505121841674395,G546N
-1.305,0.026,1.123,0.001,0.031,0.004,-1.084,0.0,0.0,0.0,-0.553,0.0,0.055,0.863,1.08,-1.088,1.154,0.3086175870504348,G546S
-4.158,5.481,-0.134,0.018,0.036,-0.075,-0.124,0.0,0.0,0.0,0.0,0.0,0.191,0.0,2.37,1.844,3.056,8.504986229638689,G546V
-0.151,0.0,0.282,0.006,0.116,-0.026,-0.052,0.0,0.0,0.0,0.0,0.0,0.0,1.11,0.102,-2.04,0.346,-0.3047703714552199,A547K
-3.892,0.871,3.081,0.01,0.229,-0.321,0.024,0.0,0.0,0.0,0.0,0.0,0.055,3.933,1.927,-2.25,2.685,6.351838433080047,G546Q
-0.157,0.0,0.288,0.009,0.197,-0.025,-0.051,0.0,0.0,0.0,0.0,0.0,0.0,1.704,0.05,-1.42,0.303,0.8982658077317183,A547R
-0.201,0.0,0.787,0.001,0.047,0.083,-0.877,0.0,0.0,0.0,0.0,0.0,0.0,0.404,0.08,-1.615,0.323,-0.9671926861491328,A547S
-4.561,1.03,3.973,0.018,0.391,-0.258,-0.206,0.0,0.0,0.0,0.0,0.0,0.055,2.729,1.824,-0.893,2.52,6.621243293980569,G546R
-0.812,0.032,0.335,0.001,0.025,0.086,-0.804,0.0,0.0,0.0,0.0,0.0,0.0,0.623,0.278,1.93,0.284,1.9791752228499035,A547C
-0.245,0.0,0.212,0.023,0.195,-0.029,-0.129,0.0,0.0,0.0,0.0,0.0,0.0,2.267,0.19,-0.107,0.316,2.6958088295979223,A547F
-0.688,0.683,0.291,0.006,0.048,0.016,-0.563,0.0,0.0,0.0,0.0,0.0,0.0,0.3,0.24,-0.173,0.595,0.7560608120469396,A547T
0.0,0.0,0.0,0.0,0.0,0.0,0.0,0.0,0.0,0.0,0.0,0.0,0.0,0.0,0.0,0.0,0.0,0.0,A547A
-6.243,1.565,1.923,0.025,0.42,0.104,1.227,0.0,0.0,0.0,0.0,0.0,0.055,3.043,1.927,1.462,3.457,8.965109680205046,G546W
-0.206,0.0,0.633,0.003,0.279,-0.031,-0.345,0.0,0.0,0.0,0.0,0.0,0.0,1.555,0.078,-3.471,0.303,-1.200062473345497,A547D
-0.253,0.0,0.449,0.005,0.241,-0.097,-0.132,0.0,0.0,0.0,0.0,0.0,0.0,1.691,0.3,-2.665,0.584,0.1256049031995871,A547N
-0.707,0.198,0.798,0.006,0.165,0.007,-0.444,0.0,0.0,0.0,0.0,0.0,0.0,2.467,0.2,-2.776,0.415,0.329192890814852,A547Q
-1.175,0.114,0.509,0.028,0.08,0.11,-0.03,0.0,0.0,0.0,0.0,0.0,-0.027,0.893,0.235,0.979,0.478,2.194218864509139,A547I
-3.514,0.295,1.169,0.016,0.039,-0.008,0.144,0.0,0.0,0.0,0.0,0.0,0.07,0.04,1.535,0.863,1.5,2.1494585783266302,G548L
-1.086,0.245,0.03,0.022,0.065,0.091,-0.077,0.0,0.0,0.0,0.0,0.0,-0.027,0.813,0.177,1.318,0.413,1.984569055643874,A547V
-0.242,0.0,0.207,0.022,0.21,-0.03,-0.072,0.0,0.0,0.0,0.0,0.0,0.0,2.354,0.171,-0.743,0.34,2.217572549167244,A547Y
-0.28,0.0,0.208,0.017,0.241,-0.025,-0.047,0.0,0.0,0.0,0.0,0.0,0.0,1.448,0.049,0.936,0.284,2.8319654936875622,A547W
-4.272,0.605,1.117,0.026,0.066,0.4,0.217,0.0,0.0,0.0,0.0,0.0,0.182,0.018,1.992,1.505,2.663,4.519128767102302,G548I
-3.136,0.152,4.768,0.02,0.945,-0.102,0.277,0.0,0.0,0.0,0.0,0.0,0.07,1.79,0.409,-2.944,0.32,2.568276576272069,G548D
0.102,0.0,-0.306,-0.005,-0.101,0.011,0.017,0.0,0.0,0.0,0.0,0.0,0.0,-0.715,-0.058,3.969,0.202,3.115229114789713,K550C
-2.437,0.19,0.829,0.003,0.031,0.253,-0.822,0.0,0.0,0.0,0.0,0.0,0.07,0.807,1.374,2.456,2.093,4.84695614813927,G548C
-4.031,0.231,3.168,0.003,0.355,-0.389,0.61,0.0,0.0,0.0,0.0,0.0,0.07,1.914,1.314,-1.099,1.835,3.980600183100933,G548H
0.0,0.0,0.0,0.0,0.0,0.0,0.0,0.0,0.0,0.0,0.0,0.0,0.0,0.0,0.0,0.0,0.0,0.0,G548G
-1.972,0.286,0.568,0.005,0.095,0.195,-0.141,16.109,0.0,0.0,0.0,0.0,0.213,0.0,1.514,-2.442,2.256,16.685977637124893,G548P
-5.397,0.34,1.692,0.021,0.216,0.057,0.798,0.0,0.0,0.0,0.0,0.0,0.07,1.656,1.626,0.42,2.329,3.828165608010067,G548F
-2.094,0.141,1.64,0.006,0.058,0.167,-1.166,0.0,0.0,0.0,0.0,0.0,0.07,0.249,0.643,0.353,0.888,0.956808928452574,G548T
-4.278,1.222,5.509,0.007,0.106,0.347,-2.067,0.0,0.0,0.0,0.0,0.0,0.07,0.883,1.571,-1.513,1.628,3.483994373954829,G548K
-7.742,0.824,2.811,0.022,0.524,0.267,1.072,0.0,0.0,0.0,0.0,0.0,0.07,3.007,1.71,1.462,3.415,7.441777902424747,G548W
0.0,0.0,0.0,0.0,0.0,0.0,0.0,0.0,0.0,0.0,0.0,0.0,0.0,0.0,0.0,0.0,0.0,0.0,K550K
-6.346,0.469,3.742,0.02,0.223,0.036,0.081,0.0,0.0,0.0,0.0,0.0,0.07,1.686,1.536,-0.216,1.909,3.2089110357100026,G548Y
-0.989,0.187,-0.019,0.001,0.0,0.167,0.28,0.0,0.0,0.0,0.0,0.0,0.07,0.0,1.702,0.526,1.807,3.7316461963774814,G548A
-2.796,0.509,0.564,0.018,0.036,0.306,-0.046,0.0,0.0,0.0,0.0,0.0,0.182,0.0,1.839,1.844,2.416,4.87078212504116,G548V
-1.708,0.033,2.586,0.001,0.031,0.171,-1.498,0.0,0.0,0.0,-0.621,0.0,0.07,0.702,0.853,-1.088,0.906,0.4370810501633286,G548S
-3.877,0.618,3.525,0.013,0.376,-0.138,-0.949,0.0,0.0,0.0,0.0,0.0,0.07,1.569,1.551,-0.893,2.146,4.00867743646711,G548R
-1.055,0.002,-0.059,0.011,0.138,-0.02,-0.021,0.0,0.0,0.0,0.0,0.0,0.0,0.78,-0.082,2.975,0.476,3.1428871530737297,K550W
-4.41,0.205,4.595,0.008,0.561,0.012,-0.945,0.0,0.0,0.0,-0.766,0.0,0.07,1.764,1.621,-2.25,2.136,2.601804990213509,G548Q
-0.273,0.001,0.219,-0.004,0.248,-0.078,-0.087,0.0,0.0,0.0,0.0,0.0,0.0,0.666,-0.055,0.413,0.133,1.1829164492895643,K550H
-3.239,0.233,4.598,0.008,0.608,-0.567,0.327,0.0,0.0,0.0,0.0,0.0,0.07,2.737,1.673,-3.523,2.014,4.938919708328399,G548E
-2.899,0.163,2.971,0.018,0.634,-0.06,0.605,0.0,0.0,0.0,0.0,0.0,0.07,1.03,0.557,-2.139,0.546,1.4961611801174968,G548N
-5.123,0.459,1.528,0.007,0.091,-0.103,0.364,0.0,0.0,0.0,0.0,0.0,0.07,2.061,1.552,0.859,2.001,3.7641454096802818,G548M
-2.032,3.741,-0.844,0.012,-0.058,-0.301,0.113,0.0,0.0,0.0,0.226,0.0,0.011,-1.248,0.04,3.357,0.14,3.156287052128505,K550V
-0.124,-0.001,0.571,-0.001,0.142,0.005,0.334,0.0,0.0,0.0,0.0,0.0,0.0,1.517,0.176,-2.01,0.111,0.7194536662365181,K550E
5.213,-0.247,-4.991,-0.005,-0.197,-0.079,1.616,0.0,0.0,0.0,0.063,0.0,0.0,-2.406,-0.053,2.775,-0.24,1.449940090095538,Q551A
0.53,-0.002,-1.436,-0.006,-0.111,0.082,0.086,0.0,0.0,0.0,0.0,0.0,0.0,-0.914,0.314,2.039,0.397,0.9787792269593184,K550A
-0.883,-0.003,1.105,0.002,0.471,-0.401,0.186,0.0,0.0,0.0,0.0,0.0,0.0,0.496,0.015,-0.737,-0.044,0.2082971907602768,K550Q
-0.604,-0.001,-0.158,0.011,-0.064,-0.004,-0.055,0.0,0.0,0.0,0.0,0.0,0.0,-0.878,-0.153,2.376,-0.02,0.4474709606571423,K550L
-2.167,29.632,-0.498,0.0,0.035,0.278,0.967,35.043,0.0,0.0,1.599,0.0,0.157,-1.052,2.063,-0.929,2.158,43.651490790056094,K550P
4.073,-1.433,1.113,-0.015,-0.022,-0.273,-0.572,0.0,0.0,0.0,0.0,0.0,0.0,1.056,-0.288,-1.952,-0.073,1.6138058658076488,L549S
1.74,-0.019,-1.402,-0.007,-0.111,0.172,0.196,0.0,0.0,0.0,0.0,0.0,-0.003,-0.914,0.454,1.512,0.722,2.341373746975705,K550G
-0.164,0.002,0.439,-0.002,0.113,-0.22,0.392,0.0,0.0,0.0,0.0,0.0,0.0,0.729,0.253,-0.626,0.261,1.1766321668260389,K550N
2.281,-0.135,-4.175,-0.004,-0.183,-0.054,1.71,0.0,0.0,0.0,0.063,0.0,0.0,-2.074,0.495,4.705,0.162,2.7911085075289748,Q551C
-0.489,0.001,-0.187,0.013,0.122,-0.033,0.016,0.0,0.0,0.0,0.0,0.0,0.0,0.65,-0.196,1.296,-0.041,1.153095953774141,K550Y
-0.494,0.001,-0.174,0.014,0.118,-0.024,-0.054,0.0,0.0,0.0,0.0,0.0,0.0,0.728,-0.217,1.932,-0.013,1.81629018347428,K550F
-0.787,0.002,2.464,-0.001,-0.034,0.435,-2.456,0.0,0.0,0.0,-0.127,-0.771,0.0,0.171,-0.374,1.866,-0.227,0.1618213439201099,K550T
1.278,9.435,-3.856,0.005,0.017,0.143,1.411,7.446,0.0,0.0,0.063,0.0,-0.04,-1.429,-0.251,-0.193,-0.069,13.96161290881048,Q551P
-0.655,-1.401,2.039,0.004,0.191,-0.632,-0.003,0.0,0.0,0.0,0.0,0.0,0.0,1.522,-0.207,-1.08,0.004,-0.2191074689067136,L549Y
-0.035,0.001,0.858,-0.004,0.139,-0.198,0.646,0.0,0.0,0.0,0.0,0.0,0.0,1.04,0.406,-1.432,0.252,1.6728313629530476,K550D
-0.925,-0.005,0.183,0.005,-0.08,0.033,0.343,0.0,0.0,0.0,0.0,0.0,0.0,0.031,0.076,2.371,0.16,2.1900266503250805,K550M
2.41,-1.464,2.313,-0.012,0.173,-0.594,-0.887,0.0,0.0,0.0,0.0,0.0,0.0,3.43,0.038,-3.002,0.019,2.4221293834157223,L549N
-0.049,0.002,0.069,0.003,0.081,-0.015,-0.067,0.0,0.0,0.0,0.0,0.0,0.0,0.586,0.008,0.619,0.054,1.2903046495703163,K550R
4.736,0.027,-3.024,-0.001,-0.142,0.086,0.813,0.0,0.0,0.0,-0.302,0.341,0.0,-1.938,0.001,1.161,-0.173,1.5854944404150046,Q551S
-3.101,9.92,1.107,0.02,0.447,-0.066,-0.567,0.0,0.0,0.0,0.226,0.0,0.011,0.623,0.228,3.018,0.4,12.26612857450516,K550I
6.176,-0.228,-4.243,-0.006,-0.197,0.021,1.673,0.0,0.0,0.0,0.063,0.0,-0.025,-2.406,0.582,2.249,0.463,4.12186555718074,Q551G
4.359,-1.465,-1.34,-0.015,-0.043,0.111,0.186,0.0,0.0,0.0,0.0,0.0,0.0,-0.043,0.335,-0.337,0.499,2.245250844215775,L549A
2.852,-1.382,0.204,-0.015,-0.034,-0.069,-0.407,0.0,0.0,0.0,0.0,0.0,0.0,0.258,-0.119,1.593,0.403,3.282666369928961,L549C
0.522,49.979389527116744,-4.128,0.015,0.269,0.237,0.423,0.0,0.0,0.0,0.226,0.0,0.022,-0.682,-0.117,0.642,0.198,49.977338342987125,L549I
-0.204,0.076,2.112,-0.006,-0.038,0.017,-1.393,0.0,0.0,0.0,0.0,0.0,0.0,-0.629,-0.114,0.424,-0.008,0.2365309606082064,K550S
0.766,-0.057,-1.914,-0.002,-0.325,-0.042,0.769,0.0,0.0,0.0,0.0,0.0,0.0,-1.476,-0.017,3.47,-0.27,0.901162931924091,D552A
0.456,0.0,-1.85,0.007,0.175,-0.35,0.755,0.0,0.0,0.0,0.063,0.0,0.0,-0.387,0.005,1.356,-0.074,0.1562961567295815,Q551R
-0.371,-0.043,0.916,0.007,-0.097,-0.179,-0.276,0.0,0.0,0.0,0.0,0.0,0.0,-1.131,-0.142,1.856,-0.324,0.214413909699715,D552S
3.461,0.405,-3.341,0.003,0.23,-0.304,1.759,0.0,0.0,0.0,0.063,0.0,0.0,0.946,-0.158,-1.274,-0.212,1.579168220127258,Q551E
2.792,-1.408,3.177,-0.013,0.198,-0.484,-0.603,0.0,0.0,0.0,0.0,0.0,0.0,2.551,0.101,-3.808,-0.099,2.4043128598503927,L549D
0.0,0.0,0.0,0.0,0.0,0.0,0.0,0.0,0.0,0.0,0.0,0.0,0.0,0.0,0.0,0.0,0.0,0.0,Q551Q
2.433,0.089,-3.899,0.03,-0.083,-0.207,1.544,0.0,0.0,0.0,0.063,0.0,0.0,0.633,0.004,3.112,0.151,3.8714801070669855,Q551L
0.0,0.0,0.0,0.0,0.0,0.0,0.0,0.0,0.0,0.0,0.0,0.0,0.0,0.0,0.0,0.0,0.0,0.0,L549L
-0.37,-1.377,0.938,0.005,0.19,-0.378,-0.152,0.0,0.0,0.0,0.0,0.0,0.0,1.598,-0.152,-0.444,0.033,-0.1094134321594992,L549F
0.422,-1.389,3.458,-0.001,0.238,-0.771,-0.02,0.0,0.0,0.0,0.0,0.0,0.0,1.869,-0.023,-1.757,0.055,2.080151364678158,L549R
0.834,-1.41,2.389,-0.006,0.902,-0.496,-0.517,0.0,0.0,0.0,0.0,0.0,0.0,3.173,0.032,-3.113,0.027,1.8158932925691715,L549Q
0.991,-1.402,2.391,-0.013,0.317,-0.609,-0.772,0.0,0.0,0.0,0.0,0.0,0.0,1.607,-0.131,-1.963,0.101,0.5162291189973303,L549H
6.133,-1.914,-0.667,-0.017,-0.043,-0.025,0.222,0.0,0.0,0.0,0.0,0.0,0.027,-0.043,-0.065,-0.864,0.101,2.8448425955841685,L549G
2.02,0.158,-5.851,0.018,-0.139,-0.202,1.45,0.0,0.0,0.0,0.063,0.0,-0.025,-1.073,0.529,4.093,0.173,1.2148061901592655,Q551V
0.4,48.97344190555097,-1.572,0.002,0.001,-0.057,-0.181,0.0,0.0,0.0,0.0,0.0,0.022,-0.045,-0.239,0.981,0.033,48.94648308921183,L549V
1.347,43.53927584018183,-0.108,-0.011,0.071,0.01,0.089,35.902,0.0,0.0,0.0,0.0,0.039,-0.044,2.032,-3.305,1.707,48.495825879655385,L549P
3.593,0.459,-1.814,-0.001,0.685,-0.364,1.301,0.0,0.0,0.0,0.063,0.0,0.0,0.866,0.11,-0.695,0.055,4.258049298955257,Q551D
1.128,0.38,-2.533,0.019,0.087,0.09,2.18,0.0,0.0,0.0,0.063,0.0,0.0,-0.192,0.362,2.669,0.242,4.49580666478937,Q551F
1.957,-0.183,-1.092,-0.002,0.429,-0.356,0.943,0.0,0.0,0.0,0.063,0.0,0.0,-0.628,0.216,1.15,0.13,2.6279634246276373,Q551H
0.35,0.552,-4.648,0.028,-0.115,-0.064,1.481,0.0,0.0,0.0,0.063,0.0,-0.025,-0.728,0.468,3.754,0.166,1.283028659919751,Q551I
0.595,0.556,-0.959,0.007,-0.022,-0.267,0.561,0.0,0.0,0.0,0.063,0.0,0.0,-0.203,0.095,0.736,-0.168,0.9959881500838036,Q551K
-0.376,0.639,-1.442,0.017,0.515,-0.123,2.208,0.0,0.0,0.0,0.063,0.0,0.0,0.674,0.083,3.711,0.0,5.9691016068384215,Q551W
0.006,-0.276,8.134,-0.021,0.196,0.309,-3.026,0.0,0.0,0.0,0.0,-0.49,0.0,2.855,0.165,-4.386,0.149,3.614498920307028,L549E
1.212,1.07,-4.909,0.005,-0.063,0.128,1.285,0.0,0.0,0.0,0.063,0.0,0.0,0.023,0.07,3.108,0.14,2.1324673491365047,Q551M
-1.743,1.234,-1.187,0.025,-0.18,-0.224,0.8,0.0,0.0,0.0,0.0,0.0,0.017,-0.544,0.436,4.449,0.091,3.173948635261695,D552I
2.156,5.732,2.093,-0.01,0.029,-0.104,-0.604,0.0,0.0,0.0,0.0,0.0,0.0,-0.015,-0.78,-0.51,-0.453,7.534911604808826,L549T
1.488,-1.401,2.532,-0.002,0.227,-0.496,0.14,0.0,0.0,0.0,0.0,0.0,0.0,1.076,-0.053,-2.377,0.087,1.2216651315849276,L549K
-2.938,43.05054758077242,-0.835,0.009,-0.108,0.077,-0.318,0.45,0.0,0.0,-0.365,0.341,-0.029,-0.061,-0.2,0.502,10.533,44.668771592081825,D552P
0.282,-0.968,0.257,-0.004,0.307,-0.301,0.664,0.0,0.0,0.0,1.067,0.856,0.0,3.018,0.112,-0.005,0.426,5.710638404673659,L549M
1.11,0.029,-0.381,0.002,0.088,-0.582,1.83,0.0,0.0,0.0,0.063,0.0,0.0,-0.871,0.235,0.11,0.331,1.9658581374645792,Q551N
-1.713,0.729,-0.6,0.002,-0.289,0.013,-0.518,0.0,0.0,0.0,-0.365,0.341,0.0,-0.44,0.309,5.4,-0.026,2.842633951430571,D552C
1.175,0.171,-2.441,0.019,0.102,0.023,1.768,0.0,0.0,0.0,0.063,0.0,0.0,-0.158,0.354,2.033,0.167,3.276774421438517,Q551Y
-1.942,-0.878,2.281,0.002,0.207,-0.807,-0.281,0.0,0.0,0.0,0.0,0.0,0.0,1.655,0.041,0.599,0.872,1.7466273288823686,L549W
2.839,0.123,-3.994,-0.001,-0.137,-0.275,0.962,0.0,0.0,0.0,0.063,0.0,0.0,-2.26,0.459,2.602,0.368,0.7494368444178008,Q551T
1.529,-0.007,-1.638,-0.004,-0.325,0.062,0.77,0.0,0.0,0.0,0.0,0.0,-0.022,-1.476,0.537,2.943,0.398,2.76844996784439,D552G
-0.551,0.202,-0.364,0.014,-0.017,0.128,-0.125,0.0,0.0,0.0,-0.365,0.341,0.0,-0.004,0.028,1.431,-0.224,0.493542720287337,D552K
-0.197,0.29,-0.577,0.002,-0.045,-0.091,0.616,0.0,0.0,0.0,0.0,0.0,0.0,-0.26,0.101,0.805,0.215,0.8591583716525975,D552N
0.057,-0.051,-0.876,0.002,-0.029,-0.074,0.531,0.0,0.0,0.0,0.0,0.0,0.0,1.22,-0.199,-0.579,-0.282,-0.2803540696824029,D552E
-0.665,0.07,-0.782,0.0,0.084,0.147,0.549,0.0,0.0,0.0,0.0,0.0,0.0,0.727,0.058,1.845,0.027,2.058469977375694,D552H
-1.167,0.281,-1.396,0.02,-0.089,0.159,0.263,0.0,0.0,0.0,-0.365,0.341,0.0,1.197,0.158,3.364,0.169,2.932378126525805,D552F
-0.714,-0.042,-1.66,0.015,-0.242,-0.07,0.851,0.0,0.0,0.0,0.0,0.0,0.0,1.085,-0.076,3.807,0.051,3.003380203747952,D552L
-0.478,-0.042,0.147,0.002,-0.262,-0.064,-0.187,0.0,0.0,0.0,0.0,0.0,0.0,-1.424,0.217,3.297,0.184,1.3896691350146284,D552T
0.0,0.0,0.0,0.0,0.0,0.0,0.0,0.0,0.0,0.0,0.0,0.0,0.0,0.0,0.0,0.0,0.0,0.0,D552D
-0.153,0.203,-0.728,0.005,-0.122,0.148,-0.003,0.0,0.0,0.0,-0.365,0.341,0.0,1.164,-0.069,0.694,-0.116,0.9987222848876628,D552Q
-0.639,-0.026,-1.019,0.002,-0.249,-0.167,0.97,0.0,0.0,0.0,0.0,0.0,0.0,0.127,-0.035,3.803,0.026,2.792435886114049,D552M
-1.064,0.027,-1.533,0.017,-0.077,-0.037,0.958,0.0,0.0,0.0,0.0,0.0,0.0,0.903,0.181,2.727,0.13,2.23089820102507,D552Y
-0.415,-0.056,-0.49,0.015,0.061,-0.122,0.642,0.0,0.0,0.0,0.0,0.0,0.0,0.192,-0.067,2.051,-0.14,1.6703978015565326,D552R
-2.529,0.019,-1.541,0.017,-0.035,-0.087,1.061,0.0,0.0,0.0,0.0,0.0,0.0,1.996,-0.004,4.406,-0.037,3.2649005291093545,D552W
-1.539,1.904,-1.476,0.019,-0.249,-0.234,0.83,0.0,0.0,0.0,0.0,0.0,0.017,-0.663,0.499,4.788,0.118,4.014765927952226,D552V
-0.829,0.19,-1.554,-0.046,-0.352,1.695,4.022,0.0,0.0,0.0,-0.244,-1.54,0.0,-2.958,0.527,3.47,0.355,2.7386424268204337,D553A
-0.691,22.143,-5.196,0.012,0.017,-0.614,3.414,0.0,0.0,0.0,0.823,0.0,0.0,2.122,0.207,3.807,0.226,26.26905253141831,D553L
-4.489,1.303,3.684,-0.039,-0.265,1.56,2.663,0.0,0.0,0.0,-0.244,-1.54,0.0,-2.605,0.173,3.297,0.362,3.8596654208507744,D553T
-4.352,0.274,3.836,-0.04,-0.005,1.497,2.746,0.0,0.0,0.0,-2.364,-1.54,0.0,0.415,0.035,0.805,0.078,1.3840777278594487,D553N
-2.872,0.823,-4.286,0.022,-0.067,0.194,4.281,0.0,0.0,0.0,1.599,0.0,0.0,-0.046,0.301,2.727,0.348,3.02475842409342,D553Y
-3.629,0.254,0.518,-0.045,-0.336,1.506,3.868,0.0,0.0,0.0,-0.244,-1.54,0.0,-2.413,0.622,5.4,0.33,4.292359658090959,D553C
-4.409,0.404,4.89,-0.032,0.593,1.592,1.664,0.0,0.0,0.0,-0.244,-1.721,0.0,0.866,0.289,-0.579,0.305,3.621922945006304,D553E
-2.881,44.43576311382891,-6.301,0.049,-0.139,0.302,3.833,0.0,0.0,0.0,1.599,0.0,0.027,-0.216,0.992,4.449,0.801,44.94118959601731,D553I
-3.728,0.338,5.861,-0.044,-0.005,1.167,-0.558,0.0,0.0,0.0,-1.843,-1.54,0.0,-0.292,0.0,0.0,0.0,-0.6446778297702167,D553D
1.607,-0.993,-0.938,-0.048,-0.352,1.132,4.018,0.0,0.0,0.0,-0.244,-1.54,-0.035,-2.958,0.636,2.943,0.696,3.924710631435687,D553G
-2.852,1.075,-4.439,0.021,-0.075,0.171,4.134,0.0,0.0,0.0,1.599,0.0,0.0,-0.133,0.312,3.364,0.325,3.5018224291387696,D553F
-1.467,-0.064,-3.697,0.009,-0.224,0.387,4.438,0.0,0.0,0.0,1.599,0.0,0.0,-1.527,0.47,3.803,0.234,3.9610537526183407,D553M
-2.436,46.62603627882495,-7.133,0.032,-0.258,0.195,4.038,0.0,0.0,0.0,1.599,0.0,0.027,-0.118,1.007,4.788,0.825,46.94487821639636,D553V
-5.624,0.526,3.614,-0.026,0.169,1.3,5.615,0.0,0.0,0.0,-0.244,-1.54,0.0,0.065,0.29,2.051,0.254,6.450178288276561,D553R
-1.544,-0.099,-1.12,0.005,0.006,0.265,4.456,0.0,0.0,0.0,1.599,0.0,0.0,-0.603,0.283,1.431,0.314,4.99300579200235,D553K
-3.717,2.948,-4.03,0.024,0.231,-0.714,3.316,0.0,0.0,0.0,0.823,0.0,0.0,2.537,0.287,4.406,0.312,6.422918504739414,D553W
9.323,-7.625,0.971,-0.025,-0.066,0.03,-0.168,0.0,0.0,0.0,0.0,0.0,0.043,-1.37,1.028,-0.98,0.791,1.954854841583483,I554A
-5.032,0.843,4.14,-0.037,0.411,1.702,3.136,0.0,0.0,0.0,-0.244,-1.54,0.0,-0.727,0.142,0.694,0.197,3.68564791348706,D553Q
-5.906,49.943729939647795,1.021,-0.046,-0.307,1.499,6.004,41.955,0.722,0.0,-0.244,-1.54,0.142,-0.376,0.686,0.502,11.768,49.9939779805181,D553P
-1.152,49.92911234236857,9.507,0.016,1.512,0.418,0.611,0.0,0.0,0.0,0.0,0.0,0.043,3.011,0.656,-2.399,0.379,49.957169241795526,I554R
-5.646,0.759,3.949,-0.041,0.052,1.826,2.101,0.0,0.0,0.0,-2.264,-1.54,0.0,0.213,0.19,1.845,0.273,1.7167679404200271,D553H
-1.306,0.295,2.376,-0.045,-0.32,1.1,3.647,0.0,0.0,0.0,-0.244,-1.54,0.0,-2.16,0.191,1.856,0.316,4.166587676168433,D553S
-4.98,49.99999999994797,1.6,0.006,0.199,-0.09,-0.221,0.0,0.0,0.0,0.0,0.348,0.043,3.318,0.448,-1.086,0.26,49.999999999947654,I554F
-4.046,0.159,7.766,0.01,0.338,0.498,-3.441,0.0,0.0,0.0,0.737,-1.398,0.0,2.329,-0.455,-1.42,-0.353,0.725373912754435,A556R
11.372,-7.64,2.081,-0.026,-0.066,-0.042,-0.095,0.0,0.0,0.0,0.0,0.0,0.119,-1.37,1.664,-1.506,2.049,6.540527499519499,I554G
-2.725,48.702,2.756,-0.025,0.192,-0.148,-0.943,0.0,0.0,0.0,-0.156,0.167,0.043,1.794,0.786,-0.647,0.36,38.14608489522227,I554M
1.235,-5.146,11.27,-0.02,0.222,0.827,-0.762,0.0,0.0,0.0,0.0,0.0,0.043,2.741,0.787,-5.029,0.447,6.617047739007489,I554E
-0.158,36.496,0.224,-0.015,0.041,-0.222,-0.019,0.0,0.0,0.0,0.0,0.348,0.043,-0.196,0.241,-0.643,0.307,36.44836568831852,I554L
5.371,-7.372,1.659,-0.024,-0.053,0.035,-0.403,0.0,0.0,0.0,0.0,0.0,0.043,-0.968,0.75,0.951,0.469,0.4579146902379989,I554C
-2.706,43.480285639208134,16.333,-0.004,0.264,0.962,-1.53,0.0,0.0,0.0,0.0,0.0,0.043,3.431,0.768,-3.019,0.353,46.298698356406895,I554K
-0.614,39.32178760991049,1.854,-0.001,0.088,0.256,-0.476,0.0,0.0,0.0,0.0,0.0,0.017,4.497,0.293,-0.982,0.087,41.09125128962621,V555L
1.159,3.807,3.209,0.013,0.246,0.251,-0.403,0.0,0.0,0.0,0.0,-0.022,0.0,2.025,-0.399,-0.173,-0.269,9.444709181992836,A556T
8.747,-1.09,-3.649,-0.004,-0.43,0.839,0.674,0.0,0.0,0.0,0.0,0.0,0.004,-1.926,1.082,1.098,1.811,7.156180225893991,H557G
8.27,-7.6,4.751,-0.023,-0.007,-0.229,-0.801,0.0,0.0,0.0,0.0,0.0,0.043,-0.963,1.053,-2.594,0.581,2.4808899765089336,I554S
4.36,-0.459,-3.557,-0.002,-0.419,0.825,0.26,0.0,0.0,0.0,0.0,0.0,0.0,-1.554,0.384,3.555,0.527,3.920297318052121,H557C
3.367,-6.708,6.594,-0.021,0.187,-0.002,-0.123,0.0,0.0,0.0,0.0,0.0,0.043,0.572,0.974,-3.644,0.566,1.8066545561139264,I554N
-0.648,-1.104,8.395,-0.019,0.145,0.786,-1.84,0.0,0.0,0.0,0.0,0.0,0.043,2.259,0.769,-3.755,0.319,5.35114165158916,I554Q
4.955,-7.515,9.126,-0.022,0.223,0.057,-0.261,0.0,0.0,0.0,0.0,0.0,0.043,0.602,1.051,-4.45,0.648,4.457371159783406,I554D
-3.968,0.273,7.408,0.002,0.124,0.248,-2.419,0.0,0.0,0.0,0.737,-1.161,0.0,4.063,-0.338,-2.776,-0.288,1.9055230985608205,A556Q
3.928,49.906736166927615,3.516,-0.023,0.007,0.379,0.764,44.55518575872475,1.074,0.0,0.0,0.0,-0.023,0.617,3.025,-3.947,13.221,49.997817825393255,I554P
-5.118,49.999999999999964,3.381,0.0,0.594,0.142,0.824,0.0,0.0,0.0,0.0,0.0,0.043,2.755,0.631,-0.043,0.601,49.99999999999997,I554W
3.234,-0.311,1.281,0.002,0.151,0.485,0.715,0.0,0.0,0.0,0.738,0.0,0.0,0.777,0.162,-2.424,0.216,5.025942117878344,H557E
-1.835,-0.049,0.118,0.005,0.13,0.457,1.109,0.0,0.0,0.0,-0.161,0.026,0.0,2.068,0.284,-0.425,0.269,1.9964501757885955,S562K
-6.876,50.0,6.187,0.006,0.206,-0.012,-0.478,0.0,0.0,0.0,0.0,0.348,0.043,3.396,0.54,-1.722,0.246,50.0,I554Y
0.299,14.376,-5.737,0.02,-0.326,0.656,0.611,0.0,0.0,0.0,0.0,0.0,-0.01,1.511,-0.036,2.604,0.151,14.120009983889531,H557I
-3.152,49.768696719279276,9.011,-0.03,0.239,0.054,-0.914,0.0,0.0,0.0,-0.156,-0.154,0.043,2.649,0.71,-2.605,0.502,49.819404224970796,I554H
0.0,0.0,0.0,0.0,0.0,0.0,0.0,0.0,0.0,0.0,0.0,0.0,0.0,0.0,0.0,0.0,0.0,0.0,I554I
-2.034,0.293,2.726,0.001,0.042,-0.012,-0.399,0.0,0.0,0.0,0.0,0.0,0.0,1.008,-0.302,1.93,1.155,4.408952967619598,A556C
0.0,0.0,0.0,0.0,0.0,0.0,0.0,0.0,0.0,0.0,0.0,0.0,0.0,0.0,0.0,0.0,0.0,0.0,A556A
3.49,-3.096,1.743,-0.014,-0.027,0.309,-0.282,0.0,0.0,0.0,0.0,0.0,0.017,0.603,0.767,0.612,0.374,4.495646526025098,V555C
2.724,-0.746,0.245,-0.002,-0.055,0.393,-0.376,0.0,0.0,0.0,0.0,0.0,0.025,-0.394,0.417,-0.527,0.887,2.591576310529262,A556G
4.441,-0.53,0.903,-0.005,-0.181,-0.006,-0.327,0.0,0.0,0.0,0.738,0.0,0.0,-0.062,1.104,-1.846,0.916,5.144630122211879,H557D
-0.348,21.48,-5.999,0.021,-0.339,0.791,0.429,0.0,0.0,0.0,0.0,0.0,0.0,0.583,0.351,1.962,0.317,19.2479800984147,H557L
-3.647,8.842,-2.226,0.017,0.019,-0.159,6.844,0.0,0.0,0.0,1.665,0.529,0.002,1.478,0.868,2.932,0.651,17.816016666047403,S562V
3.44,-5.742,-0.246,-0.008,-0.023,-0.097,-0.226,0.0,0.0,0.0,0.0,0.0,0.0,-1.353,0.08,0.338,0.07,-3.765221194085939,I554V
-2.499,4.612,2.32,0.026,0.368,0.821,-0.274,0.0,0.0,0.0,0.0,0.0,0.0,3.047,-0.509,-0.107,-0.31,7.495986915975095,A556F
-1.539,42.408,1.301,0.015,-0.499,1.438,1.224,0.0,0.0,0.0,0.737,0.0,-0.012,1.629,-0.847,1.318,-0.696,46.47823844394816,A556V
5.601,-1.659,-1.176,0.03,0.255,-1.366,1.927,0.0,0.0,0.0,1.477,1.701,0.017,2.013,1.119,-3.983,0.473,6.428967327801729,V555N
5.429,-7.468,3.341,-0.021,0.04,0.185,-1.715,0.0,0.0,0.0,0.0,0.0,0.043,0.319,0.558,-1.152,0.501,0.0603056198908689,I554T
5.766,-3.387,0.686,-0.016,-0.04,0.42,-0.048,0.0,0.0,0.0,0.0,0.0,0.017,-0.034,1.038,-1.319,0.676,3.759855789966537,V555A
6.849,-0.602,-4.965,-0.003,-0.43,0.877,0.576,0.0,0.0,0.0,0.0,0.0,0.0,-1.926,0.226,1.625,0.502,2.7301676660604244,H557A
-1.054,-0.135,1.858,0.001,0.234,-1.079,3.126,0.0,0.0,0.0,0.0,0.026,0.0,4.536,0.433,-1.857,0.307,6.395947146197727,S562D
-2.013,0.211,-1.486,0.001,0.093,-0.258,2.062,0.0,0.0,0.0,0.0,0.468,0.0,3.684,0.303,-0.011,0.27,3.324245217533985,S562H
0.295,-0.809,4.201,-0.002,0.187,0.363,0.751,0.0,0.0,0.0,0.737,0.0,0.0,3.38,-0.413,-3.471,-0.446,4.775116531751792,A556D
2.785,-1.774,1.25,-0.001,0.265,0.156,0.567,0.0,0.0,0.0,0.737,0.0,0.0,0.131,-0.041,-1.615,0.181,2.6442901127326195,A556S
0.0,0.0,0.0,0.0,0.0,0.0,0.0,0.0,0.0,0.0,0.0,0.0,0.0,0.0,0.0,0.0,0.0,0.0,H557H
0.91,8.229,2.789,0.029,0.096,0.9,-0.656,16.756,0.0,0.0,0.0,0.0,0.062,0.618,4.339,-4.286,2.842,32.63046674829161,V555P
-0.408,0.378,3.698,0.006,0.519,0.992,0.876,0.0,0.0,0.0,0.0,0.0,0.0,3.025,-0.424,-4.05,-0.418,4.195304710872392,A556E
6.347,-0.518,-1.86,-0.002,-0.406,0.564,0.225,0.0,0.0,0.0,0.0,0.0,0.0,-1.259,0.16,0.01,0.227,3.489285122423098,H557S
1.303,1.069,1.806,0.007,0.166,0.471,0.308,0.0,0.0,0.0,0.738,0.0,0.0,0.692,0.21,-0.414,0.108,6.46316600808791,H557K
2.446,49.810371408248955,-3.832,0.0,-0.322,0.988,0.855,49.37257044403371,0.0,1.673,0.0,0.0,0.065,-1.225,7.199,-1.343,10.448,49.99939112138701,H557P
-5.279,13.368,-0.926,0.034,0.311,-0.419,6.407,0.0,0.0,0.0,1.665,0.494,0.002,2.352,1.155,2.593,0.911,22.66998992175468,S562I
-3.349,40.51668277101852,1.983,0.041,-0.353,1.0,0.679,0.0,0.0,0.0,0.0,0.0,-0.012,3.017,-0.927,0.979,-0.744,41.28245057403688,A556I
0.276,-0.462,0.265,0.016,0.461,0.033,0.615,0.0,0.0,0.0,0.737,0.0,0.0,1.13,-0.641,0.336,-0.478,2.292075413592784,A556L
-0.375,-0.864,3.43,0.021,0.766,-0.095,-0.058,0.0,0.0,0.0,0.737,0.0,0.0,2.802,-0.531,-1.626,-0.208,4.002337576817013,A556H
-7.427,0.831,5.676,0.037,0.43,0.052,0.184,0.0,0.0,0.0,0.737,0.0,0.0,3.506,-0.363,0.936,0.239,4.840567189205444,A556W
-3.119,49.859197746264826,1.317,0.0,0.249,0.188,0.449,44.65541910791055,0.0,1.191,0.0,0.0,0.052,1.506,2.674,-2.968,2.366,49.99319034446136,A556P
1.064,1.103,-0.392,0.009,0.588,-0.157,0.148,0.0,0.0,0.0,0.0,0.0,0.0,2.174,0.146,-1.151,0.09,3.622705625796812,H557Q
-1.556,0.188,-4.02,0.014,-0.156,0.549,0.238,0.0,0.0,0.0,0.738,0.0,0.0,-0.111,0.056,1.518,-0.018,-2.5584392356780654,H557F
3.44,-0.539,-0.557,0.001,-0.16,-0.026,-0.149,0.0,0.0,0.0,0.0,0.0,0.0,0.803,0.805,-1.04,0.646,3.224594590793231,H557N
0.804,1.004,6.763,-0.019,0.45,0.079,0.795,0.0,0.0,0.0,0.0,0.015,0.049,-0.712,1.198,-4.789,0.554,6.193218096484543,V560D
0.035,1.595,-4.013,0.009,-0.243,0.729,0.739,0.0,0.0,0.0,0.0,0.0,0.0,1.728,0.116,1.958,0.304,2.9585466036315893,H557M
-1.399,0.16,0.295,0.004,0.008,-0.289,-0.298,0.0,0.0,0.0,0.0,-0.006,0.0,-0.138,-0.049,1.441,-0.036,-0.3059679333154008,S562T
0.84,-1.304,2.797,0.007,0.88,-0.452,0.108,0.0,0.0,0.0,0.0,0.0,0.0,3.549,-0.11,-2.665,-0.096,3.5557504145562007,A556N
0.484,-2.43,9.103,-0.003,1.094,0.214,-1.445,0.0,0.0,0.0,-1.171,0.162,0.017,5.524,0.837,-5.368,0.319,7.338984952754004,V555E
2.619,12.908,-5.478,0.011,-0.398,0.775,0.726,0.0,0.0,0.0,0.0,0.0,-0.01,-0.542,-0.274,2.943,0.01,13.290947732974018,H557V
-4.395,0.769,8.966,0.003,0.116,-0.044,-2.984,0.0,0.0,0.0,0.737,0.0,0.0,0.968,-0.456,-2.04,-0.512,1.1310578285173278,A556K
-1.438,0.068,1.907,0.009,-0.215,0.753,0.468,0.0,0.0,0.0,0.0,0.0,0.0,2.653,-0.162,0.332,0.186,4.562986635459083,A556M
-5.648,2.489,-2.803,0.011,0.046,0.255,-0.304,0.0,0.0,0.0,0.738,0.0,0.0,0.57,0.139,2.561,0.369,-1.5753102950177436,H557W
-2.217,0.267,-1.818,0.015,-0.152,0.424,0.199,0.0,0.0,0.0,0.738,0.0,0.0,-0.094,0.003,0.882,-0.016,-1.7681660015335865,H557Y
0.136,0.914,2.596,0.016,0.284,1.411,-3.215,0.0,0.0,0.0,-0.749,-0.334,0.0,-0.204,-0.003,0.205,-0.028,1.0291112022758853,H557R
1.934,-0.637,-3.277,0.045,0.332,-0.943,1.661,0.0,0.0,0.0,1.477,1.701,0.017,4.284,0.439,-1.425,0.029,5.638163674916882,V555F
5.379,-0.479,0.143,-0.023,-0.017,0.556,-1.164,0.0,0.0,0.0,0.0,0.0,-0.044,-3.178,1.574,-1.845,1.921,2.825004693949268,V560G
-0.455,0.807,5.289,-0.019,0.385,0.199,-0.651,0.0,0.0,0.0,0.0,0.0,0.049,0.126,1.013,-3.983,0.415,3.177476787387377,V560N
-1.452,3.51,3.661,-0.006,0.204,0.404,-0.544,0.0,0.0,0.0,0.0,0.0,0.017,5.184,0.693,-0.986,0.25,10.935432536983058,V555M
1.561,1.11,-4.815,0.054,0.142,-1.185,1.285,0.0,0.0,0.0,1.477,1.701,0.0,3.486,-0.025,-0.339,-0.074,4.381060214242098,V555I
-2.578,0.88,1.306,0.005,0.114,-1.49,0.692,0.0,0.0,0.0,0.0,0.026,0.0,2.483,0.265,-1.162,0.248,0.7893638374566763,S562Q
4.223,10.404,-1.677,0.014,-0.358,1.061,0.351,0.0,0.0,0.0,0.0,0.0,0.0,-1.17,0.07,1.452,0.144,14.514917160529308,H557T
3.409,0.673,6.44,-0.009,1.049,-0.276,1.896,0.0,0.0,0.0,0.0,-0.224,0.0,3.165,0.468,-3.943,0.416,13.062008229461412,F558E
-1.264,0.319,2.65,0.027,0.412,0.63,0.147,0.0,0.0,0.0,0.737,0.0,0.0,4.959,-0.499,-0.743,-0.25,7.127272456608125,A556Y
0.991,-0.189,-5.109,-0.001,-0.073,0.006,2.641,0.0,0.0,0.0,0.0,0.026,0.0,-0.146,0.4,1.614,0.361,0.5230977392265004,S562A
3.117,-0.208,-5.336,-0.002,-0.073,0.189,2.486,0.0,0.0,0.0,0.0,0.026,-0.043,-0.146,0.463,1.087,0.533,2.0954219488836543,S562G
-0.467,48.069012670584975,-1.23,-0.002,-0.478,0.03,0.342,0.0,0.0,0.0,0.0,0.0,-0.025,-0.335,0.932,1.085,0.887,48.12417346906424,F558I
-3.154,0.663,-1.369,0.017,-0.018,-0.132,3.986,0.0,0.0,0.0,0.0,0.026,0.0,2.27,0.312,0.871,0.387,3.860105386286136,S562Y
-1.84,2.095,1.253,0.004,0.023,0.107,-0.23,0.0,0.0,0.0,0.0,0.0,0.0,-0.551,-0.03,-0.339,-0.045,0.4504302199369476,V560I
-1.484,1.691,1.869,0.009,0.149,0.512,-1.197,0.0,0.0,0.0,0.0,0.0,0.049,-0.219,0.209,-0.982,0.014,0.621837997562352,V560L
0.0,20.523,11.003,0.01,0.444,0.442,0.731,0.0,0.0,0.0,0.893,-0.464,0.0,8.563,0.784,-4.706,0.773,38.997013630685615,C561Q
0.073,-0.156,-1.402,0.003,-0.044,-0.346,1.336,0.0,0.0,0.0,0.0,0.464,0.0,0.82,0.0,0.0,0.0,0.7470658258853291,S562S
-2.112,0.475,2.664,0.004,0.18,-1.478,0.934,0.0,0.0,0.0,0.0,0.026,0.0,2.421,0.359,-2.435,0.329,1.369337089493456,S562E
0.0,0.0,0.0,0.0,0.0,0.0,0.0,0.0,0.0,0.0,0.0,0.0,0.0,0.0,0.0,0.0,0.0,0.0,V555V
0.864,-1.128,3.24,0.046,0.718,-1.749,1.248,0.0,0.0,0.0,1.842,1.54,0.017,3.882,0.694,-2.738,0.201,8.679468461950592,V555R
5.173,-3.391,3.84,-0.016,-0.015,0.178,-0.211,0.0,0.0,0.0,0.0,0.0,0.017,0.579,1.046,-2.933,0.418,4.68739441486116,V555S
-0.605,-0.068,-2.005,0.001,-0.074,0.354,2.686,0.0,0.0,0.0,0.601,-0.372,0.0,0.147,0.286,0.194,0.303,1.4503028428504194,S562R
-1.036,-1.498,7.57,-0.001,0.951,0.622,-2.003,0.0,0.0,0.0,-1.621,0.341,0.017,4.029,0.84,-4.094,0.142,4.258432680013925,V555Q
-0.816,-0.228,-4.077,0.004,-0.107,-0.606,3.298,0.0,0.0,0.0,0.0,0.49,0.0,0.973,0.296,3.544,0.133,2.9029359416496163,S562C
2.9,46.951023564767084,-2.501,-0.008,-0.496,0.039,0.588,0.0,0.0,0.0,0.0,0.0,-0.025,0.54,0.943,1.424,0.718,47.402519266009136,F558V
12.185,-3.507,1.801,-0.023,-0.522,0.589,0.436,0.0,0.0,0.0,-0.498,0.0,-0.025,-1.493,-0.323,-0.421,0.335,8.536097091130955,F559G
6.689,0.058,2.498,0.015,0.234,0.119,1.21,0.0,0.0,0.0,0.155,0.0,-0.038,1.19,1.742,1.085,1.543,16.501105633430143,F559I
5.266,0.82,3.143,-0.029,-0.144,1.211,-1.329,0.0,0.0,0.0,-0.233,-0.318,0.049,-1.582,0.927,-2.933,0.358,5.20878068913737,V560S
6.79,-1.47,8.322,-0.016,0.017,0.002,-1.178,0.0,0.0,0.0,-0.784,0.0,0.0,0.394,0.386,-3.365,0.362,9.461182035231332,F559D
-3.102,0.19,-1.651,0.02,-0.024,-0.076,4.417,0.0,0.0,0.0,0.0,0.026,0.0,2.811,0.259,1.507,0.313,4.692261855819311,S562F
3.017,-0.027,1.857,0.043,0.513,-0.972,1.087,0.0,0.0,0.0,1.842,1.54,0.017,3.677,0.83,-3.358,0.172,10.23964596885878,V555K
-1.675,0.215,0.81,0.002,0.186,-0.455,2.437,0.0,0.0,0.0,0.0,-0.26,0.0,3.309,0.274,-1.051,0.302,4.095731799367513,S562N
10.953,-1.922,1.626,-0.021,-0.499,0.708,-0.283,0.0,0.0,0.0,-0.738,0.0,0.0,-1.258,-0.1,0.106,0.113,8.68405671270068,F559A
2.923,-2.486,7.042,-0.01,0.249,0.191,-1.949,0.0,0.0,0.0,-0.365,0.162,0.017,2.242,1.319,-4.789,0.607,5.153632692410838,V555D
5.386,1.417,8.732,-0.013,0.334,0.276,-1.084,0.0,0.0,0.0,-1.527,0.0,0.0,2.741,0.665,-3.943,0.503,13.486574614644953,F559E
7.826,-3.546,1.836,-0.015,-0.037,0.658,-0.389,0.0,0.0,0.0,-0.365,0.162,-0.005,0.316,1.775,-1.845,2.19,8.560554677492064,V555G
0.748,0.103,1.25,-0.022,0.01,0.513,-0.941,0.0,0.0,0.0,0.0,0.0,0.049,-2.292,0.693,0.612,0.275,1.0011504805273717,V560C
-2.44,1.324,-2.874,0.015,-0.185,-0.47,3.642,0.0,0.0,0.0,0.0,0.026,0.0,2.131,0.157,1.951,0.224,3.50161170712056,S562L
-2.425,30.55,-1.241,-0.007,-0.248,0.397,10.214,7.891,0.0,0.0,1.665,0.785,0.162,0.746,0.226,-1.354,1.746,49.10560679732703,S562P
-0.603,2.016,5.608,0.004,0.37,-0.286,-0.323,0.0,0.0,0.0,0.0,0.0,0.017,3.502,0.693,-2.944,0.322,8.377092310541116,V555H
-3.247,0.453,-1.752,0.002,-0.176,-0.581,3.18,0.0,0.0,0.0,0.0,0.026,0.0,1.333,0.435,1.947,0.235,1.85325655520046,S562M
0.236,49.101986799086006,1.291,-0.017,0.074,-0.103,-0.192,19.358,0.0,0.0,0.0,0.0,0.019,-1.65,3.778,-4.286,3.592,49.627070323430964,V560P
-2.733,0.441,7.506,-0.012,0.218,0.772,-4.765,0.0,0.0,0.0,0.0,-1.416,0.049,-1.121,0.597,-2.738,0.129,-3.069356732002234,V560R
2.807,0.169,1.236,-0.009,-0.23,0.192,0.042,0.0,0.0,0.0,0.0,0.0,0.0,2.084,0.491,0.439,0.543,7.764066723044493,F559M
-0.597,0.41,6.811,-0.018,0.249,0.015,1.602,0.0,0.0,0.0,0.0,-0.171,0.049,0.964,0.734,-5.368,0.232,4.915945285054818,V560E
-3.525,44.417659533021,4.765,0.016,0.173,-0.067,-0.662,0.0,0.0,0.0,0.0,0.015,0.049,2.451,0.334,-1.425,-0.031,44.843454580056715,V560F
-2.482,0.789,-0.914,0.042,0.47,-0.953,2.086,0.0,0.0,0.0,1.477,1.88,0.017,5.816,0.634,-0.382,0.508,8.988256891167111,V555W
1.243,-0.595,2.445,-0.008,0.011,-0.113,-0.179,0.0,0.0,0.0,0.0,0.0,0.017,0.074,0.457,-1.491,0.334,2.1963176742098085,V555T
-3.245,0.127,5.775,0.004,0.293,0.178,-0.644,0.0,0.0,0.0,-0.365,0.162,0.017,4.162,0.49,-2.061,0.069,4.962218942606796,V555Y
3.415,0.096,-0.203,-0.022,-0.017,0.646,-1.025,0.0,0.0,0.0,0.0,0.0,0.049,-3.178,0.909,-1.319,0.579,-0.0667249174998687,V560A
1.763,1.067,5.983,0.011,0.195,-0.275,3.063,0.0,0.0,0.0,0.0,0.0,0.0,3.068,0.577,-1.933,0.408,13.925141652651632,F558K
5.606,-1.135,4.125,-0.021,0.289,-0.825,-1.914,0.0,0.0,0.0,0.0,0.0,0.0,2.649,0.684,-3.365,0.681,6.774774636243024,F558D
-4.271,49.99613482556691,3.498,0.046,0.642,0.025,0.59,0.0,0.0,0.0,0.893,-0.464,0.0,9.158,-0.038,-2.037,0.188,49.99721909355625,C561F
-0.535,0.927,9.136,0.013,0.894,-0.011,0.415,0.0,0.0,0.0,0.0,0.0,0.0,2.634,0.396,-5.401,0.151,8.618447983192254,C561D
-0.115,0.339,0.176,0.003,0.024,0.193,-0.503,0.0,0.0,0.0,-0.738,0.0,0.0,0.137,0.0,0.0,0.0,-0.4832587126193175,F559F
-5.773,23.553,8.433,0.013,0.151,0.513,-0.194,0.0,0.0,0.0,0.0,0.015,0.049,2.355,0.5,-0.382,0.421,29.65692870891894,V560W
7.919,-1.853,2.467,-0.019,-0.456,0.516,-0.515,0.0,0.0,0.0,-0.738,0.0,0.0,-1.203,0.122,2.036,-0.172,8.10565983512447,F559C
-5.693,1.491,-0.056,0.028,0.199,-1.065,2.597,0.0,0.0,0.0,0.0,0.49,0.0,4.674,0.209,2.55,0.509,5.934464129254366,S562W
7.619,3.119,2.138,-0.017,-0.378,0.787,0.223,49.96558057065667,0.0,1.339,-0.738,0.0,0.035,-0.908,6.702,-2.862,11.814,49.98915326017803,F559P
-1.533,1.079,9.486,-0.004,0.182,0.899,-5.457,0.0,0.0,0.0,0.0,-1.038,0.049,-1.857,0.731,-3.358,0.109,-0.7094722591019718,V560K
-1.94,12.953,7.647,-0.009,0.542,-0.036,-1.271,0.0,0.0,0.0,0.0,0.015,0.049,0.635,0.61,-2.944,0.278,16.529357297553815,V560H
9.936,-2.42,4.801,-0.021,-0.449,0.434,-1.175,0.0,0.0,0.0,-0.498,-0.59,0.0,-1.081,-0.204,-1.508,-0.219,7.007108447739256,F559S
-10.591,49.99999992287126,3.86,0.061,0.877,-0.697,2.399,0.0,0.0,0.0,0.893,0.0,0.0,11.514,-0.035,-0.994,0.633,49.999999943818096,C561W
10.185,-1.544,-0.993,-0.025,-0.546,-0.164,0.548,0.0,0.0,0.0,0.0,0.0,0.108,-1.241,0.561,-0.421,1.165,7.633690651892152,F558G
7.667,-0.048,1.326,0.002,0.219,-0.165,1.414,0.0,0.0,0.0,0.155,0.0,-0.038,0.155,1.683,1.424,1.369,15.164053757431816,F559V
5.85,0.048,6.473,0.009,0.059,0.182,-0.293,0.0,0.0,0.0,0.155,0.0,0.0,3.254,0.616,-1.933,0.468,14.890103309294432,F559K
-1.006,1.9,5.432,-0.014,0.182,0.723,-1.787,0.0,0.0,0.0,0.0,-1.144,0.049,-0.364,0.74,-4.094,0.064,0.6829890792860169,V560Q
4.641,33.705,4.248,-0.003,-0.272,0.252,0.576,0.0,0.0,0.0,0.155,0.0,0.0,1.52,1.293,0.443,1.217,47.778215218541504,F559L
-1.758,0.247,3.264,-0.015,-0.008,0.791,-0.741,0.0,0.0,0.0,0.0,0.0,0.049,-1.615,0.6,-0.986,0.143,-0.0259033905249452,V560M
0.0,0.0,0.0,0.0,0.0,0.0,0.0,0.0,0.0,0.0,0.0,0.0,0.0,0.0,0.0,0.0,0.0,0.0,V560V
5.056,4.01,7.188,-0.011,0.124,0.043,-0.833,0.0,0.0,0.0,-1.37,0.0,0.0,3.409,0.499,-2.67,0.43,15.875990893857534,F559Q
4.258,1.1,0.476,-0.006,0.004,0.399,-0.362,0.0,0.0,0.0,0.0,-0.464,0.0,-1.219,0.243,-1.931,0.538,3.0371036794167594,C561A
0.019,0.313,4.32,-0.017,0.033,0.613,-3.571,0.0,0.0,0.0,-0.289,-0.994,0.049,-2.999,0.425,-1.491,0.309,-3.2778835469357546,V560T
-4.656,39.551,11.215,0.021,0.435,0.064,-0.915,0.0,0.0,0.0,0.0,0.0,0.0,7.733,0.84,-5.98,0.686,48.994300315027886,C561E
4.409,0.274,4.743,0.0,-0.295,0.419,0.137,0.0,0.0,0.0,0.155,0.0,0.0,2.398,0.034,-0.637,-0.011,11.627053572810835,F559Y
2.795,3.476,6.261,-0.005,-0.227,-0.125,0.58,0.0,0.0,0.0,0.893,0.0,0.0,1.825,0.027,1.042,0.391,16.935971443692438,F559W
6.672,-1.855,6.389,-0.014,0.22,-0.323,-0.052,0.0,0.0,0.0,-0.738,0.0,0.0,0.391,0.555,-2.559,0.193,8.880742065342133,F559N
1.867,-1.097,6.015,-0.016,0.392,-0.291,-0.405,0.0,0.0,0.0,-0.738,0.0,0.0,1.316,0.065,-1.519,0.047,5.636168250169817,F559H
1.8,-0.495,3.397,-0.02,0.442,-0.698,-0.405,0.0,0.0,0.0,0.0,0.0,0.0,0.271,0.056,-1.519,0.103,2.9311041376336107,F558H
1.872,1.455,0.086,-0.005,-0.202,-0.22,0.27,0.0,0.0,0.0,0.0,0.0,0.0,2.561,0.437,0.439,0.478,7.170139550767885,F558M
8.061,-1.216,-2.066,-0.024,-0.546,-0.037,0.243,0.0,0.0,0.0,0.0,0.0,0.0,-1.241,-0.188,0.106,0.133,3.224551839942251,F558A
5.99,-0.952,-0.726,-0.022,-0.497,-0.149,-0.167,0.0,0.0,0.0,0.0,0.0,0.0,-1.16,0.343,2.036,0.1,4.7956499688560825,F558C
7.851,-0.552,3.899,-0.007,-0.427,0.596,-0.928,0.0,0.0,0.0,-0.738,-0.649,0.0,-0.906,0.734,-0.067,0.566,9.375342245891945,F559T
-0.006,5.905,4.663,0.008,0.069,0.627,-2.37,0.0,0.0,0.0,0.0,-1.318,0.0,-0.79,0.601,-2.104,0.471,5.757340151842641,C561T
-6.482,49.97629968275994,8.171,0.016,0.095,0.835,-2.052,0.0,0.0,0.0,0.0,-0.02,0.049,1.9,0.38,-2.061,0.009,49.97708451514964,V560Y
5.687,0.922,6.303,-0.005,-0.074,0.148,0.19,0.0,0.0,0.0,0.155,0.0,0.0,2.813,0.244,-1.314,0.176,15.247272369578925,F559R
2.66,0.987,-1.24,0.479,-0.162,-0.223,0.497,0.0,0.0,0.0,0.0,0.0,0.0,2.318,1.055,0.443,1.157,7.970575296134712,F558L
-1.934,16.511,1.171,0.005,0.065,-0.277,1.488,49.549817311713305,0.0,1.148,0.0,0.0,0.067,0.667,7.349,-4.898,10.268,49.87255715288498,C561P
3.12,-0.807,5.105,-0.005,0.068,0.022,-1.489,0.0,0.0,0.0,0.0,-0.464,0.0,-0.779,-0.112,-3.545,0.015,1.1306674856836023,C561S
-0.077,0.156,1.403,-0.004,0.044,0.345,-1.33,0.0,0.0,0.0,0.0,-0.464,0.0,-0.819,0.0,0.0,0.0,-0.7463129116522396,C561C
-0.152,35.007,4.088,0.064,0.331,0.091,0.905,0.0,0.0,0.0,0.893,-0.464,-0.061,6.251,2.069,-0.952,1.392,49.463899704011965,C561I
-8.446,48.360358110137746,2.576,0.017,-0.016,0.019,-0.773,0.0,0.0,0.0,0.0,-0.464,0.0,1.895,0.62,-1.598,0.856,47.980079972190104,C561M
6.988,-2.233,1.285,-0.007,0.004,0.13,-0.133,0.0,0.0,0.0,0.0,-0.464,0.083,-1.219,0.256,-2.457,0.863,3.0975101995003342,C561G
-6.117,49.99844550626556,6.745,0.037,0.628,-0.077,0.716,0.0,0.0,0.0,0.893,-0.464,0.0,8.485,0.031,-2.673,0.239,49.99889106945124,C561Y
0.0,0.0,0.0,0.0,0.0,0.0,0.0,0.0,0.0,0.0,0.0,0.0,0.0,0.0,0.0,0.0,0.0,0.0,F558F
4.468,-1.071,2.943,-0.019,0.217,-1.089,-0.764,0.0,0.0,0.0,0.0,0.0,0.0,1.267,0.642,-2.559,0.514,4.549132147726937,F558N
2.813,-0.765,4.103,0.01,1.546,-0.252,1.26,0.0,0.0,0.0,0.0,-0.233,0.0,1.716,0.288,-1.314,0.191,9.364418136446602,F558R
-0.191,23.614,3.813,0.054,0.292,0.085,1.043,0.0,0.0,0.0,0.893,-0.464,0.0,5.528,1.184,-1.594,1.421,35.67841112973326,C561L
1.794,0.402,3.426,-0.007,0.94,-0.41,0.553,0.0,0.0,0.0,0.0,0.0,0.0,2.148,0.449,-2.67,0.424,7.049375994359025,F558Q
-1.172,23.095,-0.398,0.028,0.763,-0.3,1.298,0.0,0.0,0.0,0.893,-0.464,-0.061,3.08,2.006,-0.613,1.154,29.30988572902549,C561V
5.481,0.567,-0.729,-0.02,-0.416,-0.087,0.456,49.791162819126754,0.0,0.0,0.0,0.0,0.196,-0.891,7.318,-2.862,11.261,49.907080897776865,F558P
5.309,-0.489,1.866,-0.013,-0.467,-0.468,-0.025,0.0,0.0,0.0,0.0,0.0,0.0,-1.216,0.454,-0.067,0.296,5.18004980009357,F558T
-0.456,0.243,1.083,-0.001,-0.02,-0.214,-0.097,0.0,0.0,0.0,0.0,0.0,0.0,-0.012,0.112,-0.637,0.019,0.0213918880161827,F558Y
-4.337,26.988,3.121,-0.001,0.192,0.515,-0.748,0.0,0.0,0.0,0.0,0.0,0.0,-0.54,0.062,1.042,0.459,26.75301693642564,F558W
-1.378,34.895,10.261,0.045,0.921,-0.483,2.0,0.0,0.0,0.0,0.893,0.0,0.0,9.807,0.092,-3.556,0.292,39.5815898828842,C561H
7.61,-1.201,0.888,-0.023,-0.469,-0.195,-0.224,0.0,0.0,0.0,0.0,0.0,0.0,-1.079,-0.139,-1.508,-0.06,3.598628786132849,F558S
-2.254,5.599,5.893,0.007,0.704,-0.31,1.312,0.0,0.0,0.0,0.0,0.0,0.0,3.025,0.384,-4.596,0.068,9.83172751383097,C561N
-2.638,42.48537915501694,15.241,0.012,0.613,-0.388,1.66,0.0,0.0,0.0,0.893,-0.464,0.0,6.312,0.45,-3.35,0.401,46.30265080875276,C561R
-2.099,30.452,14.211,0.013,0.81,-0.112,2.835,0.0,0.0,0.0,0.893,-0.464,0.0,7.72,0.887,-3.97,0.703,38.8465541877775,C561K
-2.409,7.896,-2.167,0.009,-0.113,-0.3,2.284,0.0,0.0,0.0,1.025,1.266,0.0,1.292,-0.534,0.509,-0.226,8.53422968722964,T563L
2.111,-0.347,-1.395,0.003,-0.374,-0.03,0.61,0.0,0.0,0.0,0.0,-0.732,0.0,-1.912,0.124,1.452,0.315,-0.1762904112118803,H564T
-1.871,49.89467701461469,-2.24,0.0,-0.042,-0.406,3.693,13.545,0.0,0.583,1.038,1.266,-0.014,0.602,0.089,-2.795,-0.025,49.93840902039136,T563P
1.026,-0.32,-1.292,0.006,-0.218,-0.291,2.037,0.0,0.0,0.0,0.0,0.464,0.0,-0.352,0.306,-0.414,0.284,1.2330459066145067,H564K
4.076,-3.572,-5.051,0.0,-0.098,-0.217,2.531,0.0,0.0,0.0,1.038,0.464,0.0,0.198,-0.493,0.172,-0.611,-1.5606524927783312,T563A
2.914,-3.745,-0.712,-0.001,-0.043,-0.743,1.711,0.0,0.0,0.0,1.038,1.266,0.0,0.038,-0.21,-1.442,-0.408,-0.335932221321741,T563S
3.677,-0.369,-3.656,-0.003,-0.461,-0.102,1.87,0.0,0.0,0.0,0.0,0.464,0.0,-1.918,0.688,1.625,0.49,2.3036062280456235,H564A
0.157,-0.856,2.502,0.0,0.033,-1.243,1.587,0.0,0.0,0.0,1.038,1.266,0.0,3.907,-0.617,-3.877,-0.547,3.35134977660573,T563E
-0.818,46.42995951286353,-2.185,-0.001,-0.39,0.101,2.012,1.883,0.0,0.0,0.0,0.464,0.541,-1.916,0.967,-1.343,11.637,47.666674762573834,H564P
-1.131,0.405,-2.794,0.031,-0.18,0.098,1.443,0.0,0.0,0.0,0.0,0.464,0.0,1.277,0.13,1.518,0.053,1.311740870852418,H564F
1.767,-0.715,-1.213,0.001,-0.061,-0.717,1.38,0.0,0.0,0.0,0.0,1.266,0.0,0.406,0.368,-2.424,0.302,0.3585399677174337,H564E
-0.782,-2.824,6.014,0.004,0.459,-0.436,-1.919,0.0,0.0,0.0,0.797,1.266,0.0,3.893,-0.29,-3.298,-0.309,2.5772301583158423,T563D
-0.247,-2.746,-2.616,-0.002,-0.061,-0.475,1.497,0.0,0.0,0.0,1.038,1.266,0.0,1.15,0.043,2.103,-0.065,0.8863221675142086,T563C
4.562,-0.376,-3.679,-0.006,-0.461,-0.113,1.694,0.0,0.0,0.0,0.0,0.464,0.233,-1.918,0.616,1.098,0.623,2.7352655705132065,H564G
-3.327,-1.226,-0.824,0.008,-0.048,-0.566,1.924,0.0,0.0,0.0,1.038,1.266,0.0,3.293,-0.424,0.505,-0.148,1.473176472247701,T563M
1.047,-0.123,-3.163,0.011,-0.344,-0.193,2.012,0.0,0.0,0.0,0.0,0.464,0.0,-1.894,0.22,1.962,0.139,0.1365378305483773,H564L
6.162,-4.321,-2.914,-0.007,-0.05,-0.359,1.817,0.0,0.0,0.0,1.038,1.266,0.034,-0.972,0.218,-0.354,0.2,1.761204078220544,T563G
2.412,-0.369,-2.844,-0.001,-0.443,-0.062,1.543,0.0,0.0,0.0,0.0,0.464,0.0,-1.745,0.583,3.555,0.282,3.37377620996972,H564C
-3.778,0.87,3.349,0.005,0.178,-0.817,1.025,0.0,0.0,0.0,1.038,0.343,0.0,4.479,-0.505,-2.603,-0.297,3.287073049306514,T563Q
1.819,-0.369,-1.245,0.002,-0.131,-0.353,1.516,0.0,0.0,0.0,0.0,0.464,0.0,-0.001,-0.253,-1.04,-0.186,0.2221827943054677,H564N
2.244,-0.369,-0.353,0.0,-0.098,-0.276,-0.094,0.0,0.0,0.0,0.0,0.464,0.0,0.361,-0.129,-1.846,-0.149,-0.2440597895817973,H564D
-8.331,49.24389842934202,3.849,0.018,0.083,-0.431,1.076,0.0,0.0,0.0,1.025,1.266,0.0,4.277,-0.204,1.109,-0.327,49.339706289862086,T563W
-0.728,-0.582,2.17,0.002,-0.039,-0.724,2.349,0.0,0.0,0.0,1.038,1.266,0.0,2.864,-0.326,-1.867,-0.483,4.942208222026807,T563K
-0.15,-0.37,-0.067,-0.002,0.01,-0.448,0.501,0.0,0.0,0.0,0.0,0.802,0.0,-0.083,0.0,0.0,0.0,0.1918740673945649,H564H
1.677,-0.359,-1.685,0.003,-0.225,-0.319,1.358,0.0,0.0,0.0,0.0,0.464,0.0,0.572,0.202,-1.151,0.16,0.6957275532289486,H564Q
-5.607,49.93150229416771,-2.11,0.016,-0.022,0.315,2.135,0.0,0.0,0.0,1.025,1.266,0.0,4.114,-0.058,0.066,-0.115,49.934255835287466,T563F
-2.906,43.89781378101275,-2.466,0.025,0.086,-0.361,2.481,0.0,0.0,0.0,1.038,0.464,0.102,1.059,-0.074,1.151,-0.154,43.99957124078666,T563I
-0.547,-0.187,-1.868,0.021,-0.3,-0.029,2.459,0.0,0.0,0.0,0.0,1.266,-0.101,-1.925,0.789,2.604,0.559,2.740753115391385,H564I
0.0,0.0,0.0,0.0,0.0,0.0,0.0,0.0,0.0,0.0,0.0,0.0,0.0,0.0,0.0,0.0,0.0,0.0,T563T
-2.238,1.898,-4.427,0.013,-0.06,-0.194,1.833,0.0,0.0,0.0,1.038,0.464,0.102,1.893,-0.014,1.49,-0.17,1.630230231029941,T563V
-2.043,-2.58,3.0,0.001,0.481,-0.621,1.345,0.0,0.0,0.0,1.038,1.266,0.0,3.813,-0.195,-2.493,0.008,3.0221300005352987,T563N
0.746,-0.187,-2.339,0.007,-0.336,-0.195,2.066,0.0,0.0,0.0,0.0,0.464,0.0,-1.172,0.507,1.958,0.211,1.7279393344623486,H564M
-4.308,36.849,4.417,-0.003,0.478,-0.313,3.331,0.0,0.0,0.0,1.025,1.266,0.0,3.185,-0.162,-1.453,-0.186,44.12867642396475,T563H
3.193,-0.369,-1.192,-0.002,-0.386,0.011,0.558,0.0,0.0,0.0,0.0,-0.616,0.0,-1.64,0.285,0.01,0.374,0.2251448566398721,H564S
-1.482,1.073,-1.719,0.016,-0.135,-0.013,1.662,0.0,0.0,0.0,-0.152,0.464,0.0,-0.371,0.259,2.561,0.283,2.444329322273461,H564W
-1.607,0.301,-2.181,0.026,-0.164,-0.389,1.506,0.0,0.0,0.0,0.0,1.266,0.0,1.16,0.091,0.882,0.096,0.9872610283707672,H564Y
0.681,0.432,-3.099,0.015,-0.404,0.063,1.937,0.0,0.0,0.0,0.0,0.464,-0.101,-1.909,0.925,2.943,0.654,2.600771402816008,H564V
0.187,-0.571,-0.968,0.009,-0.073,-0.574,2.667,0.0,0.0,0.0,0.0,1.266,0.0,0.091,0.225,0.205,0.19,2.6547182874242026,H564R
-7.767,49.94956018015,2.085,0.015,0.008,-0.062,1.049,0.0,0.0,0.0,1.025,1.266,0.0,3.621,-0.048,-0.57,-0.184,49.95044002705549,T563Y
-3.548,-0.572,2.138,0.012,0.369,-0.554,3.326,0.0,0.0,0.0,1.038,1.266,0.0,3.674,-0.454,-1.247,-0.393,5.058340605427361,T563R
-2.29,1.102,-8.127,0.032,-0.522,-0.067,9.557,0.0,0.0,0.0,1.664,0.785,0.0,1.389,-0.095,3.364,0.073,6.866558725943037,D565F
1.637,0.697,-8.146,-0.01,-0.657,0.927,7.876,0.0,0.0,0.0,1.664,-0.018,0.0,-2.887,-0.079,5.4,-0.148,6.25693516493493,D565C
0.151,0.371,0.067,0.002,-0.01,0.448,-0.5,0.0,0.0,0.0,0.0,-0.802,0.0,0.083,0.0,0.0,0.0,-0.1901603229084685,D565D
6.852,-0.135,-9.748,-0.012,-0.666,0.708,8.502,0.0,0.0,0.0,1.664,-0.018,-0.017,-3.559,0.017,2.943,0.196,6.730417056747911,D565G
-0.233,2.51,-8.502,0.003,-0.529,0.271,9.271,0.0,0.0,0.0,1.664,-0.018,0.0,0.138,0.045,3.803,-0.006,8.419073633237872,D565M
-0.512,2.696,-1.01,-0.007,-0.494,0.936,2.385,0.0,0.0,0.0,0.828,-1.361,0.0,1.231,-0.03,-0.579,0.062,4.14384833364511,D565E
-1.212,9.046,-9.872,0.028,-0.544,-0.073,10.029,0.0,0.0,0.0,1.664,0.785,-0.054,1.53,0.807,4.449,0.639,17.222896106915414,D565I
4.539,0.029,-10.203,-0.01,-0.666,0.79,8.737,0.0,0.0,0.0,1.664,-0.018,0.0,-3.559,-0.018,3.47,0.087,4.84304908122931,D565A
0.181,1.467,-5.785,0.004,-0.349,-0.68,11.433,0.0,0.0,0.0,1.664,0.785,0.0,0.608,-0.095,1.431,0.024,10.688784350214403,D565K
-5.062,10.024,-7.245,0.02,-0.323,-0.069,8.43,0.0,0.0,0.0,1.664,0.446,0.0,2.219,-0.138,4.406,0.253,14.62786472086816,D565W
-2.141,32.329,-9.395,0.004,-0.527,-0.354,9.639,0.0,0.0,0.0,1.664,0.785,0.0,0.205,-0.208,3.807,-0.016,35.79521603190915,D565L
8.858,-0.854,0.026,-0.02,0.294,0.55,-1.476,0.0,0.0,0.0,0.095,-0.981,-0.069,-2.41,1.398,-0.864,1.896,6.444608510826924,L566G
-0.565,49.97112902649078,-8.58,-0.011,-0.635,0.057,10.393,43.85389086567775,0.961,0.0,1.664,0.785,0.253,0.81,-0.348,0.502,8.165,49.998895874553696,D565P
-1.461,4.042,-3.518,-0.006,-0.541,0.144,7.549,0.0,0.0,0.0,1.664,-1.447,0.0,0.529,-0.12,0.694,0.006,7.537092487441328,D565Q
-1.03,0.088,-4.904,-0.005,-0.41,-0.349,7.305,0.0,0.0,0.0,1.096,0.785,0.0,0.432,-0.085,1.845,-0.012,4.756252891370423,D565H
6.731,-0.719,-0.266,-0.021,0.304,0.57,-1.347,0.0,0.0,0.0,0.095,-0.981,0.0,-2.06,0.727,-0.337,0.553,3.250696184679782,L566A
-0.565,40.77444121018538,-12.754,0.013,-0.71,0.169,10.046,0.0,0.0,0.0,1.664,0.446,-0.054,-1.261,0.498,4.788,0.403,41.63542376514769,D565V
3.603,-0.042,-6.368,-0.012,-0.635,0.377,8.005,0.0,0.0,0.0,1.498,-1.168,0.0,-2.295,-0.449,1.856,-0.321,4.050490759405989,D565S
4.011,3.13,4.782,-0.004,0.568,0.906,-4.052,0.0,0.0,0.0,0.095,-1.031,0.0,3.269,0.42,-1.963,0.258,10.389415836610397,L566H
0.445,0.293,-4.034,-0.002,-0.441,0.107,6.884,0.0,0.0,0.0,-0.508,0.357,0.0,-0.079,-0.133,0.805,0.023,3.716345399593024,D565N
-2.444,1.061,-8.053,0.047,-0.407,0.001,9.415,0.0,0.0,0.0,1.664,-0.811,0.0,3.809,-0.052,2.727,0.152,7.109897736603216,D565Y
-0.421,1.837,-5.512,0.011,-0.221,-0.38,10.665,0.0,0.0,0.0,1.664,-0.018,0.0,1.03,-0.105,2.051,0.037,10.63933625555262,D565R
4.512,-1.366,-0.169,0.018,1.994,1.302,0.18,0.0,0.0,0.0,0.095,-1.547,0.0,1.188,0.415,-0.005,0.116,6.734299828911048,L566M
-0.081,0.156,1.405,-0.003,0.044,0.339,-1.332,0.0,0.0,0.0,0.0,-0.464,0.0,-0.819,0.0,0.0,0.0,-0.7557038297718464,L566L
3.377,-1.289,1.209,-0.016,-0.05,0.211,-0.562,0.0,0.0,0.0,0.0,0.0,0.0,-1.245,0.492,1.593,0.246,3.965686176417421,L566C
1.873,-0.574,9.532,-0.015,0.248,-0.093,-4.584,0.0,0.0,0.0,0.0,-0.464,0.0,0.288,0.539,-4.386,0.205,2.5690158856674543,L566E
1.571,4.367,-6.885,-0.009,-0.633,0.009,8.026,0.0,0.0,0.0,1.664,0.785,0.0,-2.165,-0.491,3.297,-0.349,9.18867087941726,D565T
1.841,2.07,1.698,0.005,0.043,-0.093,-1.231,0.0,0.0,0.0,0.0,-0.464,-0.034,-1.471,-0.25,0.642,-0.118,2.638383790962393,L566I
2.998,1.982,4.192,-0.006,0.868,-0.638,-0.441,0.0,0.0,0.0,0.095,-0.517,0.0,1.334,0.534,-2.377,0.091,8.115284677147201,L566K
3.535,15.067,1.857,-0.016,0.052,1.118,-0.647,43.78477148886791,0.0,0.353,0.093,-0.464,0.008,-0.65,3.43,-3.305,3.146,47.48413954742526,L566P
2.952,0.152,1.074,-0.005,0.319,1.0,-0.35,0.0,0.0,0.0,0.093,-0.464,-0.034,-2.24,-0.209,0.981,-0.06,3.209789134017342,L566V
3.769,-1.39,8.43,-0.011,0.696,0.648,-4.978,0.0,0.0,0.0,0.095,-1.239,0.0,1.667,0.967,-3.808,0.504,5.3493472267231255,L566D
3.753,-0.995,4.52,-0.015,0.015,0.676,-4.262,0.0,0.0,0.0,0.0,-0.946,0.0,-2.386,0.228,-0.51,0.275,0.3521059781987787,L566T
2.596,6.971,3.154,0.028,0.445,0.324,-1.638,0.0,0.0,0.0,0.093,-0.464,0.0,3.08,0.149,-0.444,-0.042,14.250468988850002,L566F
5.689,5.638,3.541,-0.007,0.103,0.044,1.604,0.0,0.0,0.0,0.894,0.0,0.0,3.793,0.59,-0.643,0.367,21.614095412485312,I567L
2.328,-0.714,6.465,-0.01,0.45,0.578,-2.796,0.0,0.0,0.0,0.095,-1.791,0.0,2.148,0.798,-3.002,0.374,4.921860424107422,L566N
1.662,-0.14,4.473,0.001,0.168,-0.861,-0.915,0.0,0.0,0.0,0.0,0.0,0.0,3.721,0.541,-3.113,0.043,5.580321028294975,L566Q
6.357,-1.157,5.084,-0.021,-0.009,0.856,-4.191,0.0,0.0,0.0,0.0,-0.915,0.0,-1.88,0.75,-1.952,0.334,3.255623544876812,L566S
2.587,8.077,2.319,0.07,0.787,-0.116,-1.185,0.0,0.0,0.0,0.095,-0.981,0.0,4.716,0.2,-1.08,-0.01,15.479288745775648,L566Y
1.564,-0.974,4.3,0.019,2.155,1.823,-1.203,0.0,0.0,0.0,0.095,-2.381,0.0,1.195,0.4,-1.757,0.112,5.348301994311214,L566R
-5.347,49.2320106017136,4.444,0.029,0.874,-1.027,2.127,0.0,0.0,0.0,1.631,0.0,0.0,9.85,0.758,-1.722,0.287,49.521579477322106,I567Y
1.776,4.045,3.182,-0.008,0.827,-0.243,-0.482,0.0,0.0,0.0,0.095,-0.981,0.0,3.076,0.331,0.599,0.396,12.612870698104077,L566W
0.194,-0.777,8.912,0.008,0.175,-0.406,-0.648,0.0,0.0,0.0,-0.737,0.0,0.0,0.96,0.512,-2.377,0.096,5.9145445893867645,L568K
-1.631,3.81,-4.05,0.013,-0.059,0.108,1.751,0.0,0.0,0.0,1.682,0.133,-0.035,0.02,0.207,1.49,-0.081,3.357558452288117,T572V
9.579,-0.849,2.378,-0.021,-0.254,0.355,0.107,0.0,0.0,0.0,0.0,0.0,0.0,-1.619,0.787,0.106,0.893,11.46328360693633,F569A
1.539,-0.058,9.784,-0.016,0.226,0.922,-2.174,0.0,0.0,0.0,0.0,0.0,0.0,3.047,1.06,-5.029,0.584,9.88583400909704,I567E
8.432,-2.666,2.132,-0.022,-0.07,0.385,-0.068,0.0,0.0,0.0,0.0,0.0,0.0,-0.559,1.364,-0.98,1.125,9.074794269600602,I567A
-2.511,39.371,3.711,0.002,0.213,-0.398,2.327,0.0,0.0,0.0,0.894,0.464,0.0,6.132,0.869,-0.043,0.863,38.852979691255584,I567W
4.666,-2.396,9.516,-0.019,0.262,-0.11,-1.314,0.0,0.0,0.0,0.0,0.0,0.0,2.017,1.692,-4.45,0.864,10.728225523203037,I567D
2.89,-1.546,0.585,-0.009,-0.031,0.05,-0.047,0.0,0.0,0.0,0.0,0.0,0.0,-0.171,-0.036,0.338,-0.002,2.0213741258585287,I567V
3.552,-1.114,8.588,0.004,0.289,-0.173,-2.078,0.0,0.0,0.0,-0.737,0.0,0.0,0.507,1.0,-3.808,0.559,6.589237128420223,L568D
3.83,-1.029,4.369,0.002,0.014,0.041,-0.788,0.0,0.0,0.0,-0.737,0.0,0.0,-1.169,0.477,1.593,0.269,6.873253920779916,L568C
6.055,-1.172,3.328,0.001,0.002,0.154,-0.653,0.0,0.0,0.0,-0.737,0.0,0.0,-1.402,0.683,-0.337,0.571,6.492954690849615,L568A
2.475,38.303,2.369,0.036,0.331,-0.481,3.21,0.0,0.0,0.0,0.894,0.464,0.0,11.768,0.719,-1.086,0.278,41.46038765798865,I567F
0.0,0.0,0.0,0.0,0.0,0.0,0.0,0.0,0.0,0.0,0.0,0.0,0.0,0.0,0.0,0.0,0.0,0.0,I567I
5.104,-2.564,2.713,-0.024,-0.08,0.059,0.196,0.0,0.0,0.0,0.738,0.0,0.0,0.006,0.951,0.951,0.763,8.81364934348369,I567C
3.739,42.33076124642084,-0.273,0.005,-0.183,0.223,1.111,0.0,0.0,0.0,-0.071,0.805,0.0,3.588,-0.089,0.443,0.076,44.59935690462278,F569L
3.26,-2.381,5.901,-0.013,0.176,-0.383,1.301,0.0,0.0,0.0,0.0,0.464,0.0,2.98,1.434,-3.644,0.718,9.812430418682538,I567N
7.119,-7.03,8.476,-0.019,0.081,-0.182,-0.412,0.0,0.0,0.0,0.0,0.0,0.0,-0.695,0.619,-2.559,0.36,5.758994834790428,F570N
5.413,-0.298,6.412,-0.018,0.043,-0.523,-0.158,0.0,0.0,0.0,0.0,0.0,0.0,0.463,0.336,-2.559,0.16,9.270846447038934,F569N
7.928,-2.691,4.511,0.002,0.003,0.128,-0.728,0.0,0.0,0.0,-0.737,0.0,-0.09,-0.774,1.344,-0.864,1.913,9.945370864939832,L568G
10.477,-2.845,1.785,-0.019,-0.114,0.172,1.304,0.0,0.0,0.0,0.0,0.464,0.034,0.26,2.249,-1.506,3.108,15.37098152768749,I567G
0.0,0.0,0.0,0.0,0.0,0.0,0.0,0.0,0.0,0.0,0.0,0.0,0.0,0.0,0.0,0.0,0.0,0.0,L568L
2.722,1.009,9.806,0.039,0.46,0.802,-2.733,0.0,0.0,0.0,-0.642,-2.409,0.0,2.416,0.516,-4.386,0.225,7.824646547048701,L568E
4.617,5.546,13.043,0.003,0.351,-0.315,3.121,0.0,0.0,0.0,0.894,0.0,0.0,6.446,1.058,-3.019,0.425,32.16950744852022,I567K
-0.152,0.697,6.754,0.009,0.309,-0.243,-1.065,0.0,0.0,0.0,-0.737,0.0,0.0,1.489,0.388,-1.963,0.266,5.750761821359902,L568H
-1.093,22.447,2.212,0.025,-0.007,0.355,-0.421,0.0,0.0,0.0,0.0,0.0,0.0,6.05,0.998,-0.647,0.648,30.567769248191325,I567M
-0.753,3.462,2.658,0.029,0.082,-0.155,-0.704,0.0,0.0,0.0,-0.737,0.0,-0.052,-0.519,-0.231,0.642,-0.025,3.695637262198829,L568I
1.531,3.89,2.576,0.013,0.038,-0.089,-0.661,0.0,0.0,0.0,-0.737,0.0,-0.052,-1.313,-0.209,0.981,0.011,5.979517600908935,L568V
-2.351,20.529,17.629,0.027,0.101,0.298,-0.43,0.0,0.0,0.0,0.894,0.0,0.0,10.049,0.888,-2.399,0.415,45.65139747963951,I567R
3.324,41.302320995983784,4.017,-0.019,0.006,0.568,0.826,49.36756274829664,0.0,0.809,0.0,0.0,0.025,1.515,7.415,-3.947,4.633,49.971848148869114,I567P
1.179,-1.071,6.469,0.006,0.204,-0.19,-1.017,0.0,0.0,0.0,-0.737,0.0,0.0,1.255,0.524,-3.113,0.054,3.562439730933761,L568Q
1.033,40.7207046882843,4.326,0.005,0.042,0.315,0.042,48.523644479315095,0.0,1.495,-0.737,0.0,-0.028,1.675,3.657,-3.305,2.772,49.902524467725975,L568P
-2.075,0.431,3.993,0.003,0.447,-0.203,-0.053,0.0,0.0,0.0,-0.062,0.133,0.0,3.528,-0.155,-2.493,0.035,3.529654888297955,T572N
2.509,-1.735,7.019,0.008,0.251,-0.458,-0.813,0.0,0.0,0.0,-0.737,0.0,0.0,0.989,0.807,-3.002,0.416,5.254012876834963,L568N
-2.255,26.398,8.149,-0.013,0.346,-0.617,-0.131,0.0,0.0,0.0,0.0,0.0,0.0,2.801,0.833,-2.605,0.437,33.34479287630336,I567H
2.825,3.376,4.944,0.005,0.051,-0.379,-0.912,0.0,0.0,0.0,-0.737,0.0,0.0,-1.183,0.21,-0.51,0.305,7.994665995283412,L568T
-0.539,4.29,6.522,-0.004,0.199,0.621,0.168,0.0,0.0,0.0,0.738,0.0,0.0,6.495,1.034,-3.755,0.467,16.237373570703426,I567Q
-1.487,0.986,1.937,0.002,0.15,-1.076,1.235,0.0,0.0,0.0,1.611,0.0,0.0,2.811,-0.328,-2.603,-0.299,2.938292304439983,T572Q
-0.932,-1.342,4.407,0.015,0.017,0.025,-0.565,0.0,0.0,0.0,-0.737,0.0,0.0,1.706,0.38,-0.005,0.137,3.1060705960539963,L568M
11.788,-1.224,3.809,-0.022,-0.254,0.418,0.174,0.0,0.0,0.0,0.0,0.0,0.034,-1.619,1.768,-0.421,3.731,18.18026296669268,F569G
4.743,-1.808,2.329,-0.012,-0.06,-0.39,0.931,0.0,0.0,0.0,0.0,0.464,0.0,0.302,0.564,-1.152,0.45,6.362726823920298,I567T
-6.633,2.605,3.23,0.035,0.224,0.084,-0.415,0.0,0.0,0.0,-0.737,0.0,0.0,2.205,0.265,0.599,0.413,1.87523011311248,L568W
7.827,-2.978,5.217,-0.025,-0.067,-0.094,0.102,0.0,0.0,0.0,0.738,0.0,0.0,-0.073,1.249,-2.594,0.647,9.949056235474814,I567S
5.53,-1.111,6.131,0.001,0.027,-0.196,-0.86,0.0,0.0,0.0,-0.737,0.0,0.0,-0.807,0.697,-1.952,0.347,7.071175300387495,L568S
5.185,-1.99,-5.686,-0.005,-0.051,0.101,2.68,0.0,0.0,0.0,0.58,1.411,0.0,0.335,0.772,0.172,0.683,4.189853840010642,T571A
-0.708,0.688,-1.724,-0.001,-0.025,0.459,0.739,0.0,0.0,0.0,1.611,0.0,0.0,0.287,0.096,2.103,-0.18,3.344361154176795,T572C
-1.264,0.786,7.26,0.0,0.567,0.363,-2.742,0.0,0.0,0.0,1.095,-1.053,0.0,3.295,-0.231,-3.298,-0.196,4.584460651942095,T572D
2.148,-0.396,5.716,-0.018,0.129,-0.341,-0.146,0.0,0.0,0.0,0.0,0.0,0.0,0.515,0.04,-1.519,0.253,6.380986158421592,F569H
3.955,0.052,-6.667,-0.009,-0.559,0.804,3.221,0.0,0.0,0.0,2.469,-0.807,0.0,-0.331,-0.214,0.172,-0.486,1.600649401181954,T572A
-5.081,7.657,-0.466,0.002,0.076,-0.232,0.23,0.0,0.0,0.0,0.0,0.0,0.0,1.179,0.206,1.042,0.778,5.391798170357788,F569W
-1.605,2.974,3.346,0.07,0.177,-0.099,-0.34,0.0,0.0,0.0,-0.737,0.0,0.0,2.726,0.109,-0.444,-0.047,6.129726920725943,L568F
-1.072,0.232,1.552,-0.003,-0.017,-0.437,0.259,0.0,0.0,0.0,0.737,0.0,0.0,0.012,0.083,-0.637,0.131,0.8425575475407641,F569Y
-3.078,3.696,2.091,0.001,0.29,-0.35,2.027,0.0,0.0,0.0,1.509,0.0,0.0,4.165,-0.169,-1.453,-0.155,8.574249900595078,T572H
0.345,3.789,2.462,-0.016,-0.067,-0.041,0.1,0.0,0.0,0.0,0.0,0.0,0.0,1.374,0.371,0.439,0.661,9.417879124129286,F569M
0.114,-0.339,-0.174,-0.003,-0.024,-0.195,0.501,0.0,0.0,0.0,0.737,0.0,0.0,-0.137,0.0,0.0,0.0,0.4805644944292453,F569F
-7.794,44.934431084991566,2.645,0.004,0.359,-0.218,4.319,0.0,0.0,0.0,0.766,2.842,0.0,9.796,0.398,-1.453,0.45,46.817900297872725,T571H
-8.592,49.851539377367146,-5.898,0.02,0.143,-0.736,5.337,0.0,0.0,0.0,2.274,2.842,0.0,11.813,0.284,0.066,0.339,49.89169006851365,T571F
3.858,8.39,9.263,-0.015,0.317,0.896,-0.933,0.0,0.0,0.0,0.0,0.0,0.0,2.699,0.507,-3.943,0.292,21.33190117883373,F569E
3.65,-1.999,1.575,-0.004,0.019,0.262,0.071,0.0,0.0,0.0,-0.106,-0.036,0.0,0.562,0.297,-1.442,0.226,3.074495623833286,T571S
3.452,-1.163,3.446,0.013,-0.044,-0.352,0.13,0.0,0.0,0.0,0.0,0.0,-0.03,2.117,-0.653,1.085,-0.356,7.645356800154673,F570I
6.663,-0.48,8.133,-0.019,0.039,-0.395,-1.018,0.0,0.0,0.0,0.0,0.0,0.0,1.092,0.407,-3.365,0.2,11.257816842521606,F569D
5.898,49.523176773235456,3.55,-0.002,-0.184,0.512,3.554,46.775575005350056,0.0,0.88,-0.071,1.436,0.08,-1.206,6.007,-2.862,4.466,49.99339489031864,F569P
-3.398,49.996073587339154,-1.393,0.001,0.0,0.245,3.471,15.554,0.0,0.931,1.524,0.033,-0.015,0.557,-0.219,-2.795,-0.072,49.99779496174945,T572P
-4.283,17.183,-1.075,0.089,0.14,0.029,2.072,0.0,0.0,0.0,1.611,0.0,0.0,2.852,-0.108,0.066,-0.032,18.544729905575764,T572F
-1.3,18.292,-8.384,0.065,0.15,-1.512,4.866,0.0,0.0,0.0,1.157,2.84,0.0,6.004,0.329,0.509,0.281,23.29795467442796,T571L
2.188,7.955,0.851,-0.015,-0.14,-0.025,0.327,0.0,0.0,0.0,0.0,0.0,0.027,0.685,-0.581,1.085,-0.418,11.93996132467123,F569I
-3.196,2.03,8.611,0.021,0.973,-0.156,5.38,0.0,0.0,0.0,0.651,2.841,0.0,5.309,0.609,-3.877,0.42,19.616967993906087,T571E
-4.69,10.68,4.325,-0.014,0.573,-0.618,4.382,0.0,0.0,0.0,0.58,2.208,0.0,3.472,0.466,-2.603,0.269,19.03049788321823,T571Q
7.044,-0.304,3.077,-0.02,-0.241,0.257,0.098,0.0,0.0,0.0,0.0,0.0,0.0,-0.746,0.224,2.036,0.52,11.945348066803604,F569C
-2.103,37.903,-6.3,0.072,0.188,-1.868,4.448,0.0,0.0,0.0,1.157,2.315,-0.072,3.091,0.748,1.151,0.763,41.494690187469246,T571I
0.0,0.0,0.0,0.0,0.0,0.0,0.0,0.0,0.0,0.0,0.0,0.0,0.0,0.0,0.0,0.0,0.0,0.0,T572T
6.765,-0.542,-6.266,-0.011,-0.559,0.737,2.853,0.0,0.0,0.0,2.469,-0.807,-0.014,-0.331,0.371,-0.354,0.235,4.547085605441566,T572G
-12.223,49.99987078477153,-3.4,0.095,0.209,-0.176,3.493,0.0,0.0,0.0,0.783,2.842,0.0,11.82,0.31,-0.57,0.294,49.99988756992907,T571Y
5.412,10.368,0.994,-0.024,-0.221,0.24,0.399,0.0,0.0,0.0,0.0,0.0,0.027,-1.205,-0.55,1.424,-0.388,16.476873239083034,F569V
1.857,8.423,7.575,-0.006,0.045,0.146,1.605,0.0,0.0,0.0,0.0,0.0,0.0,2.144,0.484,-1.933,0.179,20.51934778424902,F569K
0.302,1.357,-3.963,-0.002,-0.071,-0.321,2.532,0.0,0.0,0.0,0.766,1.71,0.0,0.213,0.419,2.103,0.475,5.521598695534976,T571C
-3.13,1.346,7.436,0.002,0.301,0.095,0.049,0.0,0.0,0.0,-0.737,0.0,0.0,1.722,0.38,-1.757,0.116,5.822830575364151,L568R
-0.887,0.653,3.241,0.001,0.231,-1.034,1.073,0.0,0.0,0.0,1.611,0.0,0.0,2.862,-0.451,-3.877,-0.474,2.949953851743203,T572E
-0.409,6.69,-3.251,0.013,-0.199,0.298,2.555,0.0,0.0,0.0,2.02,0.133,-0.035,2.21,0.152,1.151,-0.095,11.23466665877163,T572I
0.0,0.0,0.0,0.0,0.0,0.0,0.0,0.0,0.0,0.0,0.0,0.0,0.0,0.0,0.0,0.0,0.0,0.0,T571T
0.391,4.414,5.786,0.073,0.225,-0.466,-0.875,0.0,0.0,0.0,-0.737,0.0,0.0,5.687,0.153,-1.08,-0.005,13.56527308320608,L568Y
-4.007,0.726,1.093,0.009,0.009,0.052,1.909,0.0,0.0,0.0,1.611,0.0,0.0,2.619,-0.319,0.505,-0.153,4.052921819234257,T572M
-2.095,9.375,7.276,0.001,0.148,0.841,1.574,0.0,0.0,0.0,0.0,0.0,0.0,2.572,0.318,-1.314,0.187,18.88435688630284,F569R
10.974,-7.647,7.137,-0.022,-0.175,-0.096,-0.342,0.0,0.0,0.0,0.0,0.0,0.0,-2.12,0.628,-1.508,0.374,7.202946585780296,F570S
-2.437,17.003,-2.638,0.013,-0.019,-0.408,1.888,0.0,0.0,0.0,1.682,0.133,0.0,2.225,-0.37,0.509,-0.159,17.42249690426968,T572L
8.915,-0.891,5.541,-0.021,-0.226,0.047,-0.052,0.0,0.0,0.0,0.0,0.0,0.0,-0.925,0.601,-1.508,0.339,11.821942472557112,F569S
-0.158,49.931241687017454,-2.633,0.015,-0.01,-0.037,4.488,22.436,1.347,0.0,0.766,2.456,0.055,-0.344,2.075,-2.795,2.772,49.97963817252842,T571P
8.748,-7.646,4.87,-0.021,-0.188,0.11,-0.247,0.0,0.0,0.0,0.0,0.0,0.0,-2.374,0.245,2.036,0.404,5.936763655778577,F570C
0.538,-0.551,6.517,-0.005,0.182,0.128,5.53,0.0,0.0,0.0,0.651,2.215,0.0,2.245,0.745,-3.298,0.434,15.331713751399208,T571D
-0.362,0.969,2.485,-0.004,0.1,0.105,2.594,0.0,0.0,0.0,0.651,2.155,0.0,2.385,0.624,-2.493,0.464,9.673234905138427,T571N
-3.246,4.448,5.699,0.026,0.597,1.498,-4.197,0.0,0.0,0.0,1.831,-0.68,0.0,2.354,-0.196,-1.867,-0.42,5.846832852534021,T572K
6.884,6.668,3.648,-0.032,-0.204,0.133,0.177,0.0,0.0,0.0,0.0,0.0,0.0,-1.543,0.158,-0.067,0.134,15.9564774880065,F569T
8.819,-2.363,-4.963,-0.006,-0.051,0.029,2.421,0.0,0.0,0.0,0.58,1.411,-0.091,0.335,0.773,-0.354,0.812,7.353197523836911,T571G
-14.521,49.99449140071576,-5.122,0.108,0.48,-1.279,4.569,0.0,0.0,0.0,1.157,2.842,0.0,13.025,0.426,1.109,0.812,49.99523138272758,T571W
-4.876,25.101,-0.573,0.016,0.165,-0.68,1.701,0.0,0.0,0.0,1.611,0.0,0.0,2.369,-0.101,-0.57,-0.08,24.0831417306116,T572Y
-1.698,4.759,-6.139,0.031,-0.044,-0.432,4.467,0.0,0.0,0.0,0.811,2.315,-0.072,-0.34,0.541,1.49,0.496,6.186060802920679,T571V
2.334,-0.181,0.502,-0.003,-0.009,0.21,0.072,0.0,0.0,0.0,-0.009,0.0,0.0,0.052,-0.258,-1.442,-0.477,0.7905812254331295,T572S
1.266,6.073,9.296,-0.014,0.727,-0.002,0.783,0.0,0.0,0.0,0.737,0.0,0.0,1.859,0.429,-2.67,0.201,18.68593870132964,F569Q
-3.53,47.488,6.859,0.035,0.293,-0.976,1.241,0.0,0.0,0.0,1.157,2.231,0.0,7.207,0.446,-1.867,0.338,41.95947562835538,T571K
-4.588,5.402,2.511,0.018,0.204,-0.551,1.13,0.0,0.0,0.0,1.03,0.0,0.0,3.843,-0.235,1.109,-0.237,9.635921739814876,T572W
-6.615,26.673,-2.503,-0.015,-0.092,-0.461,2.902,0.0,0.0,0.0,0.725,1.503,0.0,3.305,0.564,0.505,0.452,26.945178732248,T571M
-8.423,47.82527338428038,8.015,0.034,0.674,-1.409,5.22,0.0,0.0,0.0,2.223,3.497,0.0,6.852,0.474,-1.247,0.362,48.85385836578569,T571R
8.433,-7.565,10.174,-0.019,0.095,0.011,-1.836,0.0,0.0,0.0,0.0,0.0,0.0,-0.803,0.773,-3.365,0.459,6.35801030982941,F570D
-2.685,1.523,2.509,0.016,0.409,-0.735,0.011,0.0,0.0,0.0,1.611,0.0,0.0,2.93,-0.314,-1.247,-0.324,3.704866815056562,T572R
-2.628,43.810137194202106,11.933,0.034,0.469,0.228,0.483,0.0,0.0,0.0,0.0,0.0,0.0,4.466,0.269,-1.314,0.186,46.38554305810933,F570R
2.243,-4.96,5.591,0.002,-0.006,-0.255,-0.113,0.0,0.0,0.0,0.0,0.0,0.0,1.526,0.28,0.439,0.331,5.078430379622773,F570M
6.846,41.42195793743298,6.007,-0.023,-0.148,0.044,1.843,47.31815351453175,0.0,0.969,0.738,0.0,-0.005,-1.592,4.986,-2.862,4.352,49.88919027586509,F570P
11.569,-7.659,4.238,-0.022,-0.201,0.241,-0.075,0.0,0.0,0.0,0.0,0.0,0.0,-2.801,0.672,0.106,0.703,6.769531586729499,F570A
1.971,-0.73,12.726,-0.012,0.181,0.193,1.856,0.0,0.0,0.0,0.0,0.0,0.0,0.904,0.385,-1.933,0.145,15.68555117279118,F570K
13.481,-7.79,5.293,-0.023,-0.201,0.214,-0.209,0.0,0.0,0.0,0.0,0.0,-0.018,-2.801,1.517,-0.421,2.712,11.754483416433118,F570G
-6.192,48.64659489760016,4.408,0.007,0.266,-0.638,-0.567,0.0,0.0,0.0,0.0,0.0,0.0,1.466,0.231,1.042,0.551,48.67697015627297,F570W
2.859,-6.561,8.753,-0.007,0.171,-0.684,-0.463,0.0,0.0,0.0,0.0,0.0,0.0,-0.815,0.18,-1.519,0.235,2.1490440844775094,F570H
5.959,0.049,11.41,-0.004,0.048,0.426,-1.875,0.0,0.0,0.0,0.0,0.0,0.0,1.794,0.402,-3.943,0.304,14.57006098057127,F570E
4.306,0.319,1.515,-0.008,-0.132,-0.021,-0.053,0.0,0.0,0.0,0.0,0.0,0.0,-0.634,-0.201,0.443,0.055,5.588382446903438,F570L
2.628,-5.112,11.417,-0.013,0.791,-0.21,0.613,0.0,0.0,0.0,0.0,0.0,0.0,0.584,0.402,-2.67,0.14,8.571852513067256,F570Q
7.054,-2.334,3.193,-0.005,-0.119,-0.123,0.115,0.0,0.0,0.0,0.0,0.0,-0.03,-0.724,-0.61,1.424,-0.229,7.612442361832564,F570V
8.57,-2.296,5.963,-0.011,-0.107,-0.275,-0.244,0.0,0.0,0.0,0.0,0.0,0.0,-0.715,-0.051,-0.067,0.185,10.9524537819334,F570T
0.16,-0.339,-0.189,-0.004,-0.024,-0.2,0.481,0.0,0.0,0.0,0.738,0.0,0.0,-0.137,0.0,0.0,0.0,0.4852072021030835,F570F
-1.057,2.244,4.931,0.021,0.082,-0.133,-0.108,0.0,0.0,0.0,0.0,0.0,0.0,-0.217,0.072,-0.637,0.046,5.243328087642567,F570Y
0.066,-0.576,-0.277,0.005,-0.39,-0.192,-0.19,0.0,0.0,0.0,0.0,0.0,0.0,-0.381,0.168,0.736,0.113,-0.9137013229715194,Q573K
2.343,-0.878,-0.559,-0.007,-0.676,-0.155,-0.038,0.0,0.0,0.0,0.0,0.0,0.0,-1.076,-0.037,1.161,0.07,0.1495464271350783,Q573S
-2.496,-0.545,1.607,-0.001,-0.334,-0.33,-0.155,0.0,0.0,0.0,0.0,0.0,0.0,1.589,0.091,1.15,0.033,0.6107853992776882,Q573H
2.975,-0.034,-3.009,-0.008,0.541,0.513,2.166,0.0,0.0,0.0,0.095,0.0,0.0,-0.152,-0.021,-0.206,-0.008,2.85067323604369,R578H
0.775,-1.375,-2.457,0.001,0.0,-0.047,1.443,0.0,0.0,0.0,-0.071,2.095,0.0,0.094,0.089,0.636,-0.006,1.177854312249906,Y577F
3.209,-0.992,-4.204,-0.01,-0.74,-0.042,0.33,0.0,0.0,0.0,0.181,-0.117,0.0,-1.906,0.204,2.775,-0.047,-1.356187889517173,Q573A
4.515,0.674,-6.399,-0.013,-0.501,0.132,2.082,0.0,0.0,0.0,0.095,0.0,0.0,-2.344,0.45,3.349,0.533,2.5745182683352823,R578C
3.927,-1.081,-2.181,-0.008,-0.253,0.215,1.595,0.0,0.0,0.0,0.404,0.684,0.0,-0.485,0.045,-0.195,0.134,2.801736453213948,R575S
4.333,-0.816,-2.813,-0.001,0.406,0.338,3.113,0.0,0.0,0.0,0.095,0.0,0.0,0.87,0.166,-2.63,0.197,3.2601401060218222,R578E
-0.889,-0.761,0.97,-0.002,0.333,0.136,0.747,0.0,0.0,0.0,-0.529,0.599,0.0,0.92,0.158,-1.357,-0.026,0.2999822862328756,R575Q
3.408,-0.051,-2.923,-0.002,0.315,0.44,2.04,0.0,0.0,0.0,0.095,-1.333,0.0,0.988,0.114,-1.357,0.085,1.820825259355616,R578Q
0.0,0.0,0.0,0.0,0.0,0.0,0.0,0.0,0.0,0.0,0.0,0.0,0.0,0.0,0.0,0.0,0.0,0.0,K580K
-0.95,-5.936,1.616,0.001,0.152,0.325,-0.236,0.0,0.0,0.0,0.0,0.0,0.0,-0.527,-0.191,1.678,-0.229,-4.294229920391103,Y582W
7.585,-8.115,-3.287,-0.021,-0.24,0.663,-2.642,0.0,0.0,0.0,0.0,-0.464,-0.068,-3.12,0.346,1.512,0.49,-7.359313757921768,K580G
-9.576,49.7742326061173,3.6,0.06,0.825,-0.279,0.993,0.0,0.0,0.0,0.0,1.06,0.0,8.036,0.236,-1.626,-0.038,49.80201966298032,A579H
0.905,-0.513,2.053,-0.004,-0.35,-0.157,0.467,0.0,0.0,0.0,0.0,0.0,0.0,0.658,-0.182,-0.695,-0.212,1.9725506776768496,Q573D
5.2,-1.271,-4.017,-0.012,-0.74,0.082,0.284,0.0,0.0,0.0,0.181,-0.117,0.125,-1.906,0.384,2.249,0.398,0.8425700854189699,Q573G
-1.653,12.58,-3.848,0.027,-0.676,-0.747,2.527,0.0,0.0,0.0,0.268,1.736,-0.086,-1.658,0.962,4.093,0.585,14.112642633390692,Q573V
-3.327,9.364,1.915,0.013,0.039,0.235,-0.849,0.0,0.0,0.0,0.0,-0.892,0.0,1.226,0.709,-0.173,0.24,8.499793221668483,A579T
-5.248,-0.276,0.662,0.017,-0.416,0.238,-0.195,0.0,0.0,0.0,0.0,0.0,0.0,1.582,0.153,3.711,0.034,0.263855342532679,Q573W
-5.531,16.429,-1.102,0.031,-0.084,-0.474,1.809,0.0,0.0,0.0,0.0,1.06,0.0,5.531,0.659,0.332,0.393,19.05356585107802,A579M
-1.81,5.548,-2.108,0.008,-0.599,-0.027,0.113,0.0,0.0,0.0,0.0,0.0,0.0,1.004,0.086,3.112,-0.003,5.326980092083659,Q573L
4.766,-3.633,-4.121,-0.02,-0.24,0.371,-2.461,0.0,0.0,0.0,0.0,-0.464,0.0,-3.12,0.102,2.039,0.078,-6.702852850586396,K580A
-0.44,-0.186,1.862,-0.002,-0.6,0.393,-0.111,0.0,0.0,0.0,-0.071,-0.718,0.0,-1.725,0.097,2.602,0.237,1.3402504481528013,Q573T
5.611,-0.685,-3.671,-0.012,0.373,0.208,3.031,0.0,0.0,0.0,0.095,0.0,0.0,0.688,1.068,-2.051,0.896,5.552082065262539,R578D
-3.494,-0.123,-0.928,0.035,-0.479,0.01,0.187,0.0,0.0,0.0,0.0,0.0,0.0,2.102,0.29,2.669,0.148,0.4190771419351904,Q573F
6.882,-0.607,-7.175,-0.015,-0.513,0.307,2.396,0.0,0.0,0.0,0.095,0.0,0.0,-3.058,0.036,1.419,0.432,0.1992175557652444,R578A
-13.484,49.99999999977195,-1.122,0.079,0.408,0.048,0.674,0.0,0.0,0.0,0.0,0.596,0.0,7.801,0.217,-0.743,-0.157,49.99999999971375,A579Y
-7.47,5.682,4.252,0.015,0.267,0.066,-0.597,0.0,0.0,0.0,0.0,0.0,0.0,4.96,0.662,-2.776,0.317,5.378514405638384,A579Q
-5.689,6.871,5.543,0.014,0.793,0.437,-1.07,0.0,0.0,0.0,0.0,0.0,0.0,4.33,0.791,-2.665,0.286,9.641687908718382,A579N
-3.78,3.312,7.116,0.014,0.945,0.23,-0.502,0.0,0.0,0.0,0.0,0.0,0.0,3.87,0.773,-3.471,0.429,8.934931238707122,A579D
2.626,4.455,-5.82,0.014,0.506,0.86,2.491,0.0,0.0,0.0,0.095,0.0,0.0,-0.304,0.002,1.313,-0.017,6.221846816231164,R578F
-12.511,49.99999995624193,-5.064,0.053,0.473,-0.462,1.103,0.0,0.0,0.0,0.0,1.06,0.0,10.174,0.116,-0.107,-0.17,49.99999994583416,A579F
0.621,-0.093,-1.91,-0.006,-0.691,-0.009,-0.04,0.0,0.0,0.0,0.0,0.0,0.0,-1.852,0.42,4.705,0.016,1.162895403601624,Q573C
-8.053,13.736,-5.168,0.068,0.114,-0.257,2.041,0.0,0.0,0.0,0.0,1.06,0.0,4.786,1.287,0.336,1.062,11.013076707849564,A579L
-10.205,49.99992165517158,13.437,0.08,0.319,0.057,0.072,0.0,0.0,0.0,0.0,0.105,0.224,7.948,1.187,-2.944,1.022,49.99995015247378,G574D
-1.247,0.147,-1.192,-0.002,-0.534,-0.092,0.02,0.0,0.0,0.0,0.0,0.0,0.0,0.067,0.255,3.108,-0.015,0.5164071379576853,Q573M
-0.945,15.228,-5.1,0.022,-0.781,-0.542,2.359,0.0,0.0,0.0,1.085,1.125,-0.086,0.043,0.972,3.754,0.557,17.69250051051631,Q573I
1.097,41.202060951851685,-3.37,0.003,-0.739,-1.027,4.523,34.123,0.0,0.0,2.235,2.161,0.259,2.184,0.198,-0.193,11.073,48.833794178816504,Q573P
-0.716,3.442,-3.783,0.015,0.284,0.563,2.969,0.0,0.0,0.0,0.095,0.0,0.0,0.084,0.078,2.355,0.365,5.753215384077407,R578W
0.822,-0.592,-0.365,-0.002,0.109,-0.149,0.246,0.0,0.0,0.0,0.0,0.0,0.0,0.911,0.092,-1.274,0.067,-0.1328635744835082,Q573E
-0.93,1.579,-2.929,0.011,-0.069,0.169,1.932,0.0,0.0,0.0,0.404,0.684,0.0,0.823,-0.19,1.313,-0.169,2.6291578092454984,R575F
0.081,-0.157,-1.403,0.004,-0.044,-0.34,1.336,0.0,0.0,0.0,0.0,0.464,0.0,0.82,0.0,0.0,0.0,0.7603961509003057,A579A
0.064,-0.369,1.079,-0.003,-0.383,-0.703,-0.275,0.0,0.0,0.0,0.0,0.0,0.0,0.886,-0.073,0.11,-0.092,0.2435862967847697,Q573N
-2.883,49.75130297288179,-4.627,0.017,-0.216,0.098,-1.315,0.0,0.0,0.0,0.0,0.0,-0.043,0.264,0.791,3.018,0.651,49.70539754263463,K580I
-4.347,13.4,-0.9,0.009,0.034,-0.254,2.493,49.93672991896617,0.0,1.382,0.0,0.464,0.071,2.027,7.429,-2.968,10.521,49.980442794207825,A579P
2.493,5.064,-7.088,0.017,-0.384,0.161,2.374,0.0,0.0,0.0,0.095,0.0,-0.007,-2.457,0.289,2.398,0.215,3.1692723749212064,R578I
-3.385,4.963,-0.184,0.004,0.01,-0.059,-0.472,0.0,0.0,0.0,0.0,0.0,0.0,1.278,0.413,1.93,-0.144,4.355609479839472,A579C
-14.618,41.78102446075111,7.017,0.039,0.323,-0.522,1.654,0.0,0.0,0.0,0.0,0.0,0.0,6.205,0.459,-1.42,0.03,41.526789390715365,A579R
0.0,0.0,0.0,0.0,0.0,0.0,0.0,0.0,0.0,0.0,0.0,0.0,0.0,0.0,0.0,0.0,0.0,0.0,Q573Q
1.737,-0.332,0.602,-0.001,0.0,-0.218,0.171,0.0,0.0,0.0,0.0,0.0,0.006,0.0,0.533,-0.527,0.839,2.8114731507031365,A579G
-4.043,12.545,-1.292,0.016,0.01,0.138,0.026,0.0,0.0,0.0,0.0,0.0,-0.073,2.622,1.381,1.318,0.804,13.45209431582282,A579V
6.689,-0.708,-5.303,-0.015,-0.432,0.041,2.335,0.0,0.0,0.0,0.095,0.0,0.0,-2.501,-0.019,-0.195,0.162,0.1508604694388395,R578S
-3.634,2.78,-0.631,-0.002,0.0,0.186,-3.761,0.0,0.0,0.0,0.0,-0.464,0.0,-1.794,-0.163,2.975,0.177,-4.3311693634937,K580W
-0.839,0.632,1.875,0.005,0.028,-0.719,0.428,0.0,0.0,0.0,0.0,0.464,0.0,0.905,0.005,-1.615,-0.248,0.9229348099610206,A579S
5.575,0.356,-6.174,-0.011,-0.381,0.308,2.262,46.41312156280429,0.0,0.0,0.095,0.0,0.124,-2.708,7.331,-1.549,7.307,47.79645623005385,R578P
-6.402,14.905,-1.039,0.029,0.067,-0.022,0.012,0.0,0.0,0.0,0.0,0.0,-0.073,2.801,1.333,0.979,0.979,13.57057947738906,A579I
3.987,4.236,-7.231,0.007,-0.457,0.141,2.487,0.0,0.0,0.0,0.095,0.0,-0.007,-2.591,-0.005,2.737,0.028,3.427175570256395,R578V
-20.073,50.0,-3.285,0.082,0.852,-0.727,2.545,0.0,0.0,0.0,0.0,1.06,0.0,8.422,0.171,0.936,0.278,50.0,A579W
0.0,0.0,0.0,0.0,0.0,0.0,0.0,0.0,0.0,0.0,0.0,0.0,0.0,0.0,0.0,0.0,0.0,0.0,R578R
7.448,-26.476,-3.916,-0.033,-0.556,0.181,-1.339,0.0,0.0,0.0,0.0,0.0,0.0,-2.761,-0.038,2.672,-0.283,-25.09945357088634,Y582C
3.495,-0.102,-6.638,0.022,-0.298,0.315,2.177,0.0,0.0,0.0,0.095,0.0,0.0,-1.38,0.542,1.756,0.453,0.4386738899044076,R578L
1.433,27.145,-5.522,0.004,-0.295,-0.047,6.556,0.0,0.0,0.0,1.941,3.498,-0.085,-0.326,-0.169,2.737,-0.105,36.76503049396729,R575V
4.718,-2.175,-5.4,-0.009,-0.266,0.604,1.855,0.0,0.0,0.0,0.404,0.684,0.0,-1.007,0.352,1.419,0.492,1.672160465494926,R575A
8.561,-1.007,-6.141,-0.014,-0.522,0.327,2.437,0.0,0.0,0.0,0.095,0.0,0.041,-3.408,0.894,0.892,1.591,3.748742471487276,R578G
1.911,1.173,0.069,0.001,-0.234,0.144,-0.925,0.0,0.0,0.0,0.095,-0.583,0.0,0.212,0.244,-0.62,0.125,1.612667467388178,R578K
-6.161,4.865,6.689,0.012,0.383,0.177,0.073,0.0,0.0,0.0,0.0,0.0,0.0,4.283,0.707,-4.05,0.316,7.296050532485424,A579E
-9.399,44.52027787701533,9.053,0.022,0.289,0.462,0.59,0.0,0.0,0.0,0.0,0.0,0.0,3.684,0.781,-2.04,0.28,45.24228018314908,A579K
4.817,0.11,-4.59,0.001,-0.303,0.398,2.286,0.0,0.0,0.0,0.095,0.0,0.0,2.032,0.114,1.752,0.278,6.991502490160315,R578M
2.757,-1.862,-1.84,-0.019,-0.23,0.436,-2.98,0.0,0.0,0.0,0.0,-0.464,0.0,-2.901,0.059,3.969,-0.064,-3.139531250555251,K580C
1.815,1.872,2.358,-0.015,-0.155,0.671,-4.512,0.0,0.0,0.0,0.0,-0.64,0.0,-3.113,-0.056,1.866,-0.072,0.0190943055827119,K580T
2.157,-3.555,9.64,-0.006,0.507,-0.083,0.975,0.0,0.0,0.0,0.0,0.0,0.008,4.138,1.791,-4.789,0.925,11.706548231450256,V576D
11.325,-27.457,-6.282,-0.033,-0.642,-0.016,0.175,0.0,0.0,0.0,0.0,0.464,0.046,-2.647,-0.017,0.215,0.198,-24.66815415307201,Y582G
-2.275,18.295,14.82,0.032,1.189,0.553,0.369,0.0,0.0,0.0,0.893,0.0,0.0,9.731,0.037,-4.05,-0.037,39.55531852408433,A581E
0.04,49.99988333815023,-2.094,0.0,-0.179,0.469,-3.167,0.0,0.0,0.0,0.0,-0.464,0.0,-0.891,-0.18,2.376,-0.06,49.999862269797006,K580L
-0.231,-1.587,-2.869,0.004,-0.075,0.284,-2.268,0.0,0.0,0.0,0.0,0.0,0.0,-0.579,-0.085,1.932,0.029,-5.44561456885458,K580F
1.815,-2.888,-0.128,-0.013,-0.041,-0.432,-2.067,0.0,0.0,0.0,0.0,-0.17,0.0,-0.3,0.08,-0.626,0.176,-4.59322291257979,K580N
0.17,-0.629,-0.033,0.007,-0.355,0.074,-0.284,0.0,0.0,0.0,0.0,0.0,0.0,0.37,0.159,1.356,0.059,0.8952526908383334,Q573R
-15.676,50.0,-0.173,0.089,0.064,-0.318,-0.757,0.0,0.0,0.0,0.0,0.105,0.224,4.997,2.032,0.863,1.44,50.0,G574L
4.949,-0.729,-4.113,-0.008,0.329,0.109,2.234,0.0,0.0,0.0,0.095,0.0,0.0,-0.765,0.76,-1.246,0.615,2.232225808255862,R578N
2.324,-0.275,3.158,-0.017,0.028,0.734,-4.089,0.0,0.0,0.0,0.0,-0.464,0.0,-1.207,0.238,-1.432,0.178,-0.8239030251006625,K580D
8.445,1.06,-2.464,-0.001,-0.21,0.078,1.473,0.0,0.0,0.0,0.115,2.308,0.0,-2.289,0.094,0.569,-0.012,9.166293919440022,Y577T
-4.36,1.958,1.083,0.036,-0.462,0.113,-0.283,0.0,0.0,0.0,0.0,0.0,0.0,2.198,0.255,2.033,0.173,2.74667229012232,Q573Y
2.13,8.524,-4.554,0.013,0.493,0.937,2.367,0.0,0.0,0.0,0.095,0.0,0.0,-0.367,-0.002,0.676,-0.028,10.285402923675406,R578Y
-24.024,49.99999999999995,18.224,0.102,0.276,1.312,1.572,0.0,0.0,0.0,0.859,0.527,0.224,12.077,1.471,-0.893,1.007,49.999999999999964,G574R
2.285,-2.106,-3.263,-0.008,-0.256,0.288,1.655,0.0,0.0,0.0,0.404,0.684,0.0,-0.918,0.056,3.349,0.319,2.490973845114468,R575C
4.698,1.724,-6.033,-0.007,-0.416,-0.108,2.374,0.0,0.0,0.0,0.095,0.0,0.0,-2.389,0.073,1.246,0.02,1.2775590968738015,R578T
5.954,-26.332,-1.144,-0.025,-0.25,-0.312,-1.055,0.0,0.0,0.0,0.0,0.0,0.0,0.325,-0.295,-2.034,-0.167,-25.33223328450822,Y582Q
-0.241,-1.968,-2.647,0.003,-0.064,0.182,-1.882,0.0,0.0,0.0,0.0,0.0,0.0,-0.646,-0.028,1.296,0.086,-5.907850019189709,K580Y
6.6,-26.582,-1.633,-0.022,-0.142,-0.554,-0.981,0.0,0.0,0.0,0.0,0.464,0.0,0.973,-0.313,-3.307,-0.119,-25.614265000154543,Y582E
2.164,-25.29,1.06,-0.016,0.485,-0.426,-1.941,0.0,0.0,0.0,0.0,0.0,0.0,0.862,-0.274,-0.883,-0.195,-24.453081403347483,Y582H
0.024,0.629,3.377,-0.009,0.305,-0.567,-0.661,0.0,0.0,0.0,0.0,0.0,0.0,0.417,0.036,-2.01,0.062,1.6022640167664122,K580E
1.734,-0.569,0.179,-0.008,-0.188,0.501,0.679,0.0,0.0,0.0,0.404,0.561,0.0,-1.136,-0.161,1.246,-0.1,3.14479030200971,R575T
0.979,-1.033,-0.777,-0.002,-0.164,0.205,0.945,0.0,0.0,0.0,0.404,0.684,0.0,-0.175,0.155,-0.62,-0.016,0.5859897299120576,R575K
0.0,0.0,0.0,0.0,0.0,0.0,0.0,0.0,0.0,0.0,0.0,0.0,0.0,0.0,0.0,0.0,0.0,0.0,Y577Y
-16.104,49.99982543817126,9.107,0.104,0.583,-0.42,-2.279,0.0,0.0,0.0,0.0,0.158,0.224,9.617,1.469,-2.25,1.085,49.99983425176189,G574Q
4.371,-26.232,-0.794,-0.013,0.036,-0.167,-2.256,0.0,0.0,0.0,0.0,0.0,0.0,0.668,-0.125,-1.297,-0.068,-25.87433881383481,Y582K
9.039,-26.365,-2.633,-0.034,-0.532,0.149,-1.517,0.0,0.0,0.0,0.0,0.0,0.0,-3.335,-0.514,-0.872,-0.121,-26.733460535296217,Y582S
4.215,-3.401,0.031,-0.02,-0.218,-0.038,-3.485,0.0,0.0,0.0,0.0,-0.464,0.0,-2.126,-0.142,0.424,-0.102,-5.324597924738555,K580S
1.945,-2.446,1.868,-0.005,0.018,-0.145,2.756,0.0,0.0,0.0,0.333,0.751,0.0,1.245,0.976,-2.051,0.69,5.935736509747926,R575D
9.04,-2.001,0.052,-0.003,-0.061,-0.561,2.334,0.0,0.0,0.0,0.115,2.467,0.0,-0.047,1.405,-2.728,0.96,10.971562701049152,Y577D
9.544,-26.124,-5.309,-0.035,-0.598,0.379,-1.072,0.0,0.0,0.0,0.0,0.0,0.0,-3.467,-0.248,0.742,-0.152,-26.338549875956005,Y582A
-2.761,2.458,-4.227,0.023,-0.205,0.406,1.545,0.0,0.0,0.0,0.404,0.684,-0.085,2.613,0.055,2.398,0.062,3.3711684163315567,R575I
6.266,46.02353467923754,-4.463,-0.02,-0.22,0.233,2.432,49.24584693364821,0.0,1.599,0.115,2.308,-0.201,-1.309,6.745,-2.226,5.2,49.983713013939955,Y577P
4.768,29.514,-6.24,0.009,-0.236,-0.157,1.998,0.0,0.0,0.0,0.115,2.308,0.0,-0.376,0.495,1.079,0.303,33.58037656324734,Y577L
-2.645,2.15,-1.006,-0.009,-0.213,0.129,-2.728,0.0,0.0,0.0,0.0,-0.464,0.0,-2.061,0.11,2.371,-0.032,-4.395258729824604,K580M
-0.857,1.166,1.304,-0.006,0.253,-0.473,0.245,0.0,0.0,0.0,0.0,0.0,0.0,0.198,-0.015,-0.737,-0.02,1.0579786366797634,K580Q
3.824,4.964,4.167,-0.001,0.076,-0.073,-2.994,0.0,0.0,0.0,0.115,2.308,0.0,1.39,0.427,-1.297,0.172,13.077291158626394,Y577K
-3.515,1.18,-2.017,0.009,-0.045,-0.214,1.461,0.0,0.0,0.0,0.404,0.684,0.0,0.553,-0.093,2.355,0.328,1.0928037673606923,R575W
6.587,-26.308,-2.758,-0.024,-0.493,0.109,-1.311,0.0,0.0,0.0,0.0,0.0,0.0,-1.029,-0.099,1.075,-0.207,-24.456002275751644,Y582M
-0.277,-0.949,-0.557,-0.006,0.077,0.51,0.877,0.0,0.0,0.0,0.404,0.684,0.0,1.07,0.068,-0.206,-0.008,1.688740451455601,R575H
6.057,-25.911,3.668,-0.021,0.237,0.304,-1.924,0.0,0.0,0.0,0.0,0.0,0.0,-0.416,-0.48,-2.728,-0.247,-21.46005030991273,Y582D
0.84,49.99051349184098,-0.881,-0.014,-0.095,0.447,-0.895,5.315,0.0,0.0,1.657,-0.464,0.188,-3.242,0.008,-0.929,0.751,49.99148017652444,K580P
0.356,-20.971,-1.099,0.014,0.008,-0.026,-1.343,0.0,0.0,0.0,0.0,0.0,0.0,0.842,0.024,0.636,-0.043,-21.60050171205262,Y582F
0.834,-2.183,-0.819,-0.013,0.118,-0.054,-2.806,0.0,0.0,0.0,0.0,0.0,0.0,0.035,0.02,0.413,0.042,-4.412017989683932,K580H
6.31,48.98399510057382,-3.166,-0.03,-0.523,-0.095,-0.91,0.0,0.0,0.0,0.0,0.0,0.0,-3.455,-0.211,0.569,0.032,48.922787975057005,Y582T
-1.031,4.532,7.033,-0.007,0.317,0.932,-4.809,0.0,0.0,0.0,-0.993,2.095,0.0,2.484,0.212,-0.677,0.109,10.198024272678708,Y577R
3.635,49.99958554823469,-7.318,-0.004,-0.216,0.197,1.945,0.0,0.0,0.0,0.115,2.308,-0.055,0.739,0.358,1.721,0.104,49.99964012949622,Y577I
-1.552,1.858,2.782,-0.005,0.038,0.147,-2.612,0.0,0.0,0.0,0.0,-0.464,0.0,-1.023,-0.036,0.619,0.053,-0.1949966810506112,K580R
3.514,-1.175,0.321,-0.018,0.107,-0.989,0.976,0.0,0.0,0.0,0.115,1.105,0.0,-0.202,0.273,-0.883,0.111,3.2529503965179174,Y577H
8.884,-1.785,-4.567,-0.021,-0.281,-0.123,2.14,0.0,0.0,0.0,0.115,2.308,0.0,-2.235,0.438,2.672,0.526,8.07112222882904,Y577C
2.199,49.9987661823702,-3.945,-0.02,-0.493,-0.025,-1.373,0.0,0.0,0.0,0.919,0.385,0.0,-3.766,-0.234,1.079,-0.117,49.99846934322198,Y582L
7.097,-26.56,-4.61,-0.004,-0.512,-0.018,-1.081,0.0,0.0,0.0,0.0,0.0,-0.039,-1.782,0.539,2.06,0.248,-24.658682315191072,Y582V
-0.914,-0.562,-3.204,0.01,-0.203,0.734,1.2,0.0,0.0,0.0,0.333,0.751,0.0,-0.616,0.061,1.756,0.029,-0.6249992049807815,R575L
8.112,-26.558,-2.536,-0.029,0.191,0.082,-1.769,0.0,0.0,0.0,0.0,0.0,0.0,-0.212,-0.362,-1.923,-0.206,-25.207818589152225,Y582N
-10.283,49.99999903478004,0.828,0.102,0.014,0.155,0.23,0.0,0.0,0.0,0.0,0.105,0.132,6.949,3.665,1.844,10.392,49.99999945161322,G574V
-0.341,49.09182038050468,-4.485,0.003,-0.219,-0.479,-0.637,0.0,0.0,0.0,0.49,0.0,-0.043,-2.364,0.606,3.357,0.383,48.94723052674148,K580V
2.22,-3.101,0.648,0.013,-0.021,0.205,3.659,0.0,0.0,0.0,0.333,1.918,0.0,1.064,0.274,-2.63,0.166,4.7485773852531565,R575E
2.226,49.885233785274615,-3.221,-0.023,-0.367,0.265,-0.001,1.999,0.0,0.33,0.0,0.0,0.126,-1.872,-0.468,-2.226,2.315,49.880959491874655,Y582P
6.523,-26.5,-4.043,-0.003,-0.428,-0.097,-1.033,0.0,0.0,0.0,0.0,0.0,-0.039,-1.623,0.559,1.721,0.198,-24.76298400267933,Y582I
3.703,-26.242,-0.433,-0.012,-0.072,-0.247,-0.909,0.0,0.0,0.0,0.0,0.0,0.0,0.054,-0.222,-0.677,-0.13,-25.18603286666996,Y582R
0.162,49.978677726736045,-3.477,0.014,-0.188,0.585,3.813,49.73,0.0,0.0,1.17,3.498,-0.204,-1.131,4.971,-1.549,14.319,49.99878899594733,R575P
11.016,-2.598,-2.912,-0.005,-0.271,-0.21,2.012,0.0,0.0,0.0,0.115,2.308,0.0,-2.063,0.273,-0.872,0.313,7.107397299045488,Y577S
5.475,0.194,-3.22,-0.01,-0.3,0.055,1.943,0.0,0.0,0.0,0.115,2.308,0.0,-0.617,0.383,1.075,0.402,7.801511129084815,Y577M
0.0,0.0,0.0,0.0,0.0,0.0,0.0,0.0,0.0,0.0,0.0,0.0,0.0,0.0,0.0,0.0,0.0,0.0,Y582Y
-1.738,-0.816,-2.278,0.003,-0.242,0.079,1.716,0.0,0.0,0.0,0.404,0.684,0.0,0.112,0.144,1.752,0.237,0.0588735315392341,R575M
11.548,-2.627,-5.927,-0.005,-0.294,0.019,2.135,0.0,0.0,0.0,0.115,2.308,0.0,-2.658,0.533,0.742,0.649,6.539834408126126,Y577A
13.405,-2.767,-4.684,-0.006,-0.294,-0.023,2.176,0.0,0.0,0.0,0.115,2.308,-0.15,-2.658,1.133,0.215,1.511,10.28085933385023,Y577G
7.001,-2.301,-5.214,-0.01,-0.266,0.676,1.929,0.0,0.0,0.0,0.404,0.684,-0.053,-1.007,0.846,0.892,1.329,4.910959781290785,R575G
1.205,-2.111,0.425,-0.005,-0.036,-0.253,1.545,0.0,0.0,0.0,0.404,0.376,0.0,0.536,0.677,-1.246,0.514,2.0334811924767564,R575N
7.065,-0.994,1.148,-0.01,0.303,-0.262,2.707,0.0,0.0,0.0,0.115,2.308,0.0,1.449,0.468,-3.307,0.309,11.299492241205598,Y577E
-17.471,49.999999999974754,2.849,0.088,0.106,-0.477,-1.473,0.0,0.0,0.0,0.0,0.105,0.224,8.394,1.765,0.859,1.797,49.99999999997126,G574M
7.944,-1.949,-1.272,-0.019,-0.065,-0.881,2.082,0.0,0.0,0.0,0.115,2.308,0.0,-0.276,1.025,-1.923,0.734,7.824720958914668,Y577N
-0.14,-0.123,0.242,0.002,-0.008,-0.006,-0.02,0.0,0.0,0.0,0.0,0.0,0.0,0.0,0.0,0.0,0.0,-0.0512767183897722,G574G
-1.293,2.453,-3.116,0.011,-0.068,0.19,1.531,0.0,0.0,0.0,0.404,0.684,0.0,0.738,-0.266,0.676,-0.16,1.785508039066599,R575Y
-15.958,49.999999999831964,-0.448,0.187,0.09,-0.021,-1.379,0.0,0.0,0.0,0.0,0.105,0.132,6.147,4.51,1.505,10.422,49.99999999986402,G574I
-12.494,49.999848388818386,9.159,0.078,0.294,0.612,-0.574,0.0,0.0,0.0,0.0,0.105,0.224,9.218,0.648,-2.139,0.742,49.999880139790626,G574N
6.493,49.307,-7.344,0.01,-0.284,0.121,2.12,0.0,0.0,0.0,0.115,2.308,-0.055,-1.262,0.05,2.06,-0.062,39.50177311800966,Y577V
-21.333,50.0,0.472,0.105,0.236,-0.508,3.134,0.0,0.0,0.0,2.637,1.47,0.224,11.162,1.616,0.42,1.1,50.0,G574F
-8.506,49.99970655864417,4.67,0.042,0.081,-0.107,0.461,0.0,0.0,0.0,0.0,0.0,0.008,5.697,0.765,-2.061,0.22,49.99972108320178,V576Y
-14.001,49.99917264615411,14.515,0.089,0.81,-0.188,-3.07,0.0,0.0,0.0,0.0,0.158,0.224,8.926,1.708,-3.523,1.291,49.999373206429695,G574E
-3.604,11.002,-1.736,0.006,-0.006,0.096,-0.617,0.0,0.0,0.0,0.0,0.0,0.224,0.35,1.893,0.526,1.495,9.630682684106771,G574A
-9.057,49.99934704108216,2.156,0.076,-0.029,-0.12,-0.619,0.0,0.0,0.0,0.0,0.105,0.224,5.313,1.784,2.456,1.382,49.999436236754825,G574C
-8.398,49.980697156476104,-0.302,0.009,0.066,0.295,-0.374,49.99722930620139,0.927,0.0,0.0,0.0,0.158,0.308,7.494,-2.442,21.569,49.99999975293383,G574P
-26.61,50.0,-0.047,0.122,0.19,-0.743,6.569,0.0,0.0,0.0,3.495,0.795,0.224,13.871,1.8,1.462,1.796,50.0,G574W
-5.582,12.299,7.523,0.073,0.061,0.265,-2.197,0.0,0.0,0.0,-0.332,0.105,0.224,6.669,1.883,-1.088,1.431,21.33491370860645,G574S
5.829,-2.342,-1.126,-0.028,-0.099,0.358,0.612,0.0,0.0,0.0,0.0,0.0,0.008,1.152,1.341,-1.319,1.077,5.463019727537812,V576A
3.951,-1.164,1.637,-0.013,0.582,-0.392,2.309,0.0,0.0,0.0,0.115,2.308,0.0,0.706,0.401,-2.034,0.148,8.55538891216122,Y577Q
-7.515,49.98534152202499,2.073,0.046,0.085,-0.144,-0.105,0.0,0.0,0.0,0.0,0.0,0.008,6.421,0.75,-1.425,0.241,49.98559297442547,V576F
4.962,-2.446,5.015,-0.016,0.024,-0.234,-0.336,0.0,0.0,0.0,0.0,0.0,0.008,0.124,1.234,-2.933,0.585,5.985909277615292,V576S
-23.13,50.0,6.159,0.104,0.247,-0.667,4.443,0.0,0.0,0.0,2.637,1.47,0.224,11.438,1.635,-0.216,1.089,50.0,G574Y
-2.204,-0.832,-0.46,0.001,0.041,-0.195,1.775,0.0,0.0,0.0,0.115,1.574,0.0,-0.13,0.215,1.678,0.439,2.019028367272768,Y577W
0.0,0.0,0.0,0.0,0.0,0.0,0.0,0.0,0.0,0.0,0.0,0.0,0.0,0.0,0.0,0.0,0.0,0.0,A581A
-4.765,11.607,3.879,0.004,0.061,-0.267,0.048,0.0,0.0,0.0,0.0,0.0,0.0,0.578,0.553,-0.173,0.464,11.98587254041729,A581T
0.0,0.0,0.0,0.0,0.0,0.0,0.0,0.0,0.0,0.0,0.0,0.0,0.0,0.0,0.0,0.0,0.0,0.0,R575R
-6.532,44.60848120503946,2.185,0.069,0.349,-0.307,3.214,0.0,0.0,0.0,0.893,0.464,0.0,19.043,0.554,-0.107,0.338,47.51895277518582,A581F
-2.882,9.692,1.426,0.133,0.223,-0.123,-0.096,0.0,0.0,0.0,0.0,0.0,0.008,7.905,0.694,-0.982,0.353,16.349775836251638,V576L
-19.113,50.0,12.34,0.094,0.402,0.472,-1.645,0.0,0.0,0.0,0.0,0.158,0.224,12.198,1.108,-1.099,0.78,50.0,G574H
-18.45,49.99999999978365,15.411,0.108,0.468,-0.754,0.518,0.0,0.0,0.0,0.0,0.23,0.224,10.881,1.368,-1.513,0.905,49.99999999985144,G574K
-5.955,41.814,6.986,0.049,0.238,-1.026,2.345,0.0,0.0,0.0,0.0,0.464,0.0,12.408,0.647,-2.665,0.589,40.340248958384436,A581N
-11.579,49.468387331521065,1.429,0.044,0.18,0.108,0.049,0.0,0.0,0.0,0.24,0.0,0.0,11.299,0.28,0.332,0.41,49.52429286238607,A581M
3.248,-0.76,1.835,-0.001,0.0,-0.193,-0.134,0.0,0.0,0.0,0.0,0.0,0.013,0.0,0.811,-0.527,0.881,5.171426174956423,A581G
-4.476,38.268,10.755,0.041,0.219,-0.184,1.782,0.0,0.0,0.0,0.0,0.464,0.0,12.435,0.446,-3.471,0.233,40.55466740490195,A581D
-3.441,39.075146257775195,9.865,0.045,2.37,0.75,2.373,0.0,0.0,0.0,0.095,-1.083,0.008,7.44,0.849,-2.738,0.342,44.12196338939328,V576R
-0.676,-1.776,8.401,-0.019,1.145,0.184,0.512,0.0,0.0,0.0,0.0,0.0,0.008,5.832,1.032,-5.368,0.532,9.807307021660904,V576E
-7.161,49.9947882622249,0.964,0.071,-0.139,0.323,2.689,0.0,0.0,0.0,0.848,-0.57,0.224,6.056,3.576,0.353,4.518,49.996743153612314,G574T
-6.948,40.424954606972776,-2.88,0.023,0.008,-0.553,1.736,0.0,0.0,0.0,0.0,0.464,0.061,1.714,0.371,1.318,0.303,38.79474763473147,A581V
-3.672,20.991,10.935,0.042,0.982,0.53,0.825,0.0,0.0,0.0,0.893,0.0,0.0,11.763,0.134,-2.776,0.251,40.897056332514126,A581Q
-7.713,49.85759709187493,4.085,0.002,0.04,0.328,0.916,6.661,0.0,0.829,0.0,0.0,-0.006,0.595,1.67,-2.968,0.67,49.8838808310946,A581P
-4.465,21.088,8.571,-0.002,0.417,0.205,-0.357,0.0,0.0,0.0,0.0,0.0,0.008,4.92,0.841,-2.944,0.356,28.63519525121967,V576H
-15.119,49.974661827550015,5.183,0.037,0.546,-0.67,3.21,0.0,0.0,0.0,0.893,0.464,0.0,14.092,0.492,0.936,0.21,49.983197519124765,A581W
-3.363,-0.296,1.254,-0.017,0.068,0.368,0.523,0.0,0.0,0.0,0.0,0.0,0.008,4.044,0.987,-0.986,0.574,3.163871894533941,V576M
-0.57,49.99930516542504,1.249,-0.022,0.018,0.438,2.185,47.1710301815255,0.0,0.956,0.0,0.0,0.058,1.865,7.622,-4.286,5.162,49.99998875245284,V576P
-3.883,49.95491838349304,3.379,0.041,0.369,-0.297,2.173,0.0,0.0,0.0,0.893,0.0,0.0,10.842,0.067,0.336,0.244,49.97441247561113,A581L
2.08,-2.261,0.022,-0.027,-0.07,0.277,0.395,0.0,0.0,0.0,0.0,0.0,0.008,1.957,0.982,0.612,0.711,4.685827810641285,V576C
-0.678,1.142,-2.164,-0.014,-0.034,0.145,0.261,0.0,0.0,0.0,0.0,0.0,0.0,1.308,0.0,0.0,0.0,-0.0369331647800663,V576V
7.813,-3.047,2.716,-0.018,-0.029,0.373,0.078,0.0,0.0,0.0,0.0,0.0,0.032,-0.384,2.196,-1.845,2.822,10.70543601752854,V576G
-5.122,43.630051439111575,3.338,0.083,-0.267,0.218,2.492,0.0,0.0,0.0,0.893,0.464,0.061,14.133,0.287,0.979,0.383,46.787239571899605,A581I
-5.117,40.39096051812604,15.753,0.055,0.559,0.663,2.852,0.0,0.0,0.0,0.893,0.0,0.0,19.524,0.285,-2.04,0.07,47.29133616371528,A581K
-6.101,40.724408051211576,11.473,0.048,0.166,1.179,2.203,0.0,0.0,0.0,0.893,-0.495,0.0,16.845,0.503,-1.626,0.318,46.43123440019223,A581H
-4.704,14.265,1.122,0.0,0.042,-0.049,-0.629,0.0,0.0,0.0,0.0,0.0,0.0,2.334,0.619,1.93,0.642,15.56978456847935,A581C
-1.278,0.247,3.805,0.005,0.034,-0.633,0.414,0.0,0.0,0.0,0.0,0.464,0.0,2.09,0.575,-1.615,0.323,4.428973816808025,A581S
0.489,-2.256,5.036,-0.025,0.393,-0.023,0.848,0.0,0.0,0.0,0.0,0.0,0.008,3.863,1.514,-3.983,0.747,6.611909515228035,V576N
2.139,-2.568,4.335,-0.007,0.014,0.115,-0.642,0.0,0.0,0.0,0.0,0.0,0.008,-0.344,0.571,-1.491,0.436,2.566531196831648,V576T
-3.766,19.726,1.438,0.037,0.101,-0.11,0.177,0.0,0.0,0.0,0.0,0.0,0.0,3.099,0.083,-0.339,0.052,20.496696814606253,V576I
-2.436,1.324,6.669,-0.018,0.772,-0.048,0.976,0.0,0.0,0.0,0.0,0.0,0.008,5.305,1.025,-4.094,0.435,9.917371747014272,V576Q
-11.242,47.57350935138632,15.756,0.035,1.074,-0.822,2.797,0.0,0.0,0.0,0.893,0.0,0.0,14.016,0.176,-1.42,0.09,48.95246456746454,A581R
-4.132,0.545,10.177,-0.006,0.541,0.025,-0.92,0.0,0.0,0.0,0.0,0.0,0.008,5.978,1.059,-3.358,0.372,10.288660184111222,V576K
-8.725,42.89241848683104,2.838,0.044,1.917,1.728,1.78,0.0,0.0,0.0,0.095,-1.083,0.008,6.964,0.867,-0.382,0.768,44.49544387351608,V576W
-8.151,46.623818689169674,5.221,0.069,0.367,-0.522,3.378,0.0,0.0,0.0,0.893,0.464,0.0,19.258,0.601,-0.743,0.286,48.52096272827141,A581Y
0.08,-0.156,-1.404,0.003,-0.044,-0.34,1.336,0.0,0.0,0.0,0.0,0.464,0.0,0.819,0.0,0.0,0.0,0.760396139183058,D583D
3.087,-0.2,-6.892,-0.003,-0.327,0.159,3.87,0.0,0.0,0.0,1.657,0.0,0.0,-2.108,0.386,3.47,0.154,3.254095909704006,D583A
-1.422,18.501,-7.494,0.079,-0.28,-0.148,4.686,0.0,0.0,0.0,1.657,0.464,-0.049,1.399,0.838,4.449,0.63,23.31143486984979,D583I
-1.672,1.073,0.117,0.001,-0.015,-0.011,0.492,0.0,0.0,0.0,1.079,0.0,0.0,1.247,0.16,-0.579,0.111,2.0048233209238333,D583E
-4.237,43.707,-7.287,0.046,-0.118,-0.199,5.007,0.0,0.0,0.0,1.657,0.464,0.0,1.976,0.258,3.364,0.216,44.8562796378468,D583F
0.298,-0.135,-7.166,0.002,-0.356,-0.202,4.586,0.0,0.0,0.0,1.657,0.464,0.0,-1.038,0.448,5.4,0.153,4.112807275163164,D583C
4.768,-0.715,-6.114,-0.005,-0.327,0.057,3.901,0.0,0.0,0.0,1.657,0.0,-0.013,-2.108,0.65,2.943,0.601,5.298496244325975,D583G
-0.065,0.644,-5.566,0.026,0.083,-0.289,5.487,0.0,0.0,0.0,1.657,0.464,0.0,1.0,0.152,1.431,0.107,5.132373757147548,D583K
-1.788,14.259,-5.963,0.014,-0.23,0.093,3.497,0.0,0.0,0.0,1.657,0.0,0.0,-2.086,0.086,3.807,0.074,13.422765588414904,D583L
2.386,-0.14,-3.5,-0.003,-0.297,-0.069,3.015,0.0,0.0,0.0,1.657,0.0,0.0,-1.283,0.024,1.856,0.068,3.7156606916203145,D583S
-3.421,49.99999992482069,-5.07,-0.001,-0.265,0.228,5.573,6.988,0.745,0.0,1.657,0.0,0.299,-2.085,0.644,0.502,11.321,49.99999996209158,D583P
-3.587,3.663,-2.137,0.005,0.013,-0.285,2.83,0.0,0.0,0.0,-0.064,0.464,0.0,1.992,0.121,1.845,0.116,4.978048055551426,D583H
-2.881,1.908,-4.733,0.001,-0.262,0.193,3.398,0.0,0.0,0.0,1.657,0.0,0.0,-0.588,0.368,3.803,0.093,2.9585747420157986,D583M
-5.84,34.365,-5.136,0.03,-0.058,-0.113,4.394,0.0,0.0,0.0,1.657,0.464,0.0,1.301,0.213,4.406,0.106,35.789722304810084,D583W
2.22,-2.65,-0.44,-0.001,-0.06,-0.093,-0.411,-0.109,0.0,0.0,0.0,0.0,-0.187,0.455,1.306,4.898,0.196,5.126668877936936,P585C
6.464,-0.434,0.54,-0.016,-0.05,0.129,0.026,0.0,0.0,0.0,0.0,0.0,0.0,-0.071,0.464,-0.337,0.627,7.341660163656002,L584A
-2.087,1.324,-3.443,0.007,-0.125,-0.442,3.107,0.0,0.0,0.0,0.872,0.464,0.0,2.364,0.035,0.694,0.023,2.795052676883301,D583Q
-0.362,5.202,-3.387,0.002,-0.252,0.38,2.426,0.0,0.0,0.0,1.657,0.0,0.0,-2.107,0.051,3.297,0.143,7.051406613048471,D583T
-1.297,0.879,-3.038,0.012,0.024,-0.127,4.081,0.0,0.0,0.0,1.657,0.0,0.0,-0.042,0.212,2.051,0.1,4.513641467749267,D583R
-5.756,49.63614324435884,-2.689,0.023,-0.073,0.479,3.277,0.0,0.0,0.0,1.657,-1.265,0.0,0.183,0.254,2.727,0.236,49.6221762429968,D583Y
-0.198,49.222533605386154,-6.809,0.025,-0.241,0.178,3.855,0.0,0.0,0.0,1.657,0.0,-0.049,-0.116,0.778,4.788,0.637,49.34990749527924,D583V
-1.077,-1.015,-0.898,0.033,0.004,-0.117,-0.189,-0.109,0.0,0.0,0.0,0.0,-0.019,1.65,1.396,3.946,0.486,4.090635263908212,P585I
-0.497,0.18,-2.473,0.006,0.007,-0.113,2.299,0.0,0.0,0.0,-0.414,0.0,0.0,0.987,0.115,0.805,0.072,0.97469391420816,D583N
6.239,-2.801,-1.004,-0.005,-0.089,0.06,-0.094,-0.109,0.0,0.0,0.0,0.0,-0.01,-0.067,1.861,2.441,0.95,7.372533083627673,P585G
1.571,-2.151,3.27,0.008,0.535,-0.565,-0.027,-0.109,0.0,0.0,0.0,0.0,-0.187,3.885,1.024,-1.082,0.258,6.431937920382893,P585E
1.491,-1.99,1.877,0.015,0.18,-0.193,-0.824,-0.109,0.0,0.0,0.0,0.0,-0.187,3.138,1.084,1.548,0.271,6.300959368569352,P585R
-1.046,0.591,8.47,0.027,0.712,-0.092,0.938,0.0,0.0,0.0,0.0,0.0,0.0,4.461,0.403,-2.377,0.196,12.282723250826052,L584K
0.127,0.361,0.597,0.016,-0.046,-0.113,0.059,-0.109,0.0,0.0,0.0,0.0,-0.187,2.667,1.161,3.304,0.434,8.273180077599818,P585L
-0.903,2.03,0.474,0.021,-0.07,0.17,0.749,-0.109,0.0,0.0,0.0,0.0,-0.187,2.837,1.226,2.861,0.253,9.354378336882064,P585F
0.0,0.0,0.0,0.0,0.0,0.0,0.0,0.0,0.0,0.0,0.0,0.0,0.0,0.0,0.0,0.0,0.0,0.0,P585P
-0.345,-1.209,-2.135,0.022,-0.02,-0.035,-0.216,-0.109,0.0,0.0,0.0,0.0,-0.019,0.566,1.313,4.285,0.402,2.5015206096084057,P585V
1.386,-2.651,2.81,0.002,0.304,-0.813,0.181,-0.109,0.0,0.0,0.0,0.0,-0.187,2.345,1.291,0.302,0.496,5.359155708507387,P585N
0.794,-2.042,4.472,0.013,0.361,0.264,-3.906,-0.109,0.0,0.0,-0.394,0.0,-0.187,3.124,1.121,0.928,0.314,4.755373163349191,P585K
4.539,-2.73,-1.541,-0.003,-0.089,0.101,-0.253,-0.109,0.0,0.0,0.0,0.0,-0.187,-0.067,0.938,2.967,0.007,3.574646667992056,P585A
1.121,-2.234,1.007,0.005,-0.077,0.026,-0.467,-0.109,0.0,0.0,0.0,0.0,-0.187,2.452,1.347,3.3,0.27,6.455178741520285,P585M
2.779,-0.062,-3.365,-0.006,-0.324,0.905,0.659,0.0,0.0,0.0,0.0,0.0,0.058,-2.463,1.049,3.522,1.587,4.337816899915424,E586G
-0.299,0.51,1.503,-0.006,0.092,-0.081,-0.384,0.0,0.0,0.0,0.0,0.0,0.0,1.969,0.341,-0.005,0.305,3.944434005471294,L584M
1.049,-2.092,2.581,0.008,0.352,0.363,-1.244,-0.109,0.0,0.0,-1.505,0.0,-0.187,2.653,1.212,0.192,0.318,3.59167330925618,P585Q
3.968,-2.656,1.062,-0.001,-0.035,-0.096,-0.738,-0.109,0.0,0.0,0.0,0.0,-0.187,0.319,1.058,1.353,0.272,4.212575717925688,P585S
1.535,49.953727740471216,3.034,-0.014,0.025,0.344,1.054,44.42545506548013,1.183,0.0,0.0,0.0,0.001,2.113,1.601,-3.305,12.52,49.998776405597845,L584P
-2.99,37.295,-0.472,0.044,0.16,0.134,0.368,0.0,0.0,0.0,0.0,0.0,0.0,6.113,0.061,-0.444,0.456,40.724400784694126,L584F
2.205,-2.591,4.002,0.0,0.367,-0.752,-0.137,-0.109,0.0,0.0,0.0,0.0,-0.187,3.599,1.002,-0.503,0.283,7.179603335636102,P585D
0.167,-0.471,3.27,0.0,0.261,-0.243,-0.203,-0.109,0.0,0.0,0.0,0.0,-0.187,2.422,1.024,1.342,0.276,7.549818306787642,P585H
-0.329,4.114,4.108,-0.013,0.287,0.462,0.113,0.0,0.0,0.0,0.0,0.0,0.0,2.783,0.322,-1.963,1.217,11.099965727831773,L584H
3.866,-0.423,2.011,-0.015,-0.039,0.153,-0.421,0.0,0.0,0.0,0.0,0.0,0.0,0.06,0.399,1.593,1.146,8.329833713887183,L584C
8.947,-0.556,1.165,-0.017,-0.05,0.004,0.005,0.0,0.0,0.0,0.0,0.0,-0.01,-0.071,0.888,-0.864,1.44,10.882140444095512,L584G
0.81,17.989,0.101,-0.002,-0.015,0.018,-0.592,0.0,0.0,0.0,0.0,0.0,-0.033,0.641,0.238,0.981,0.847,20.981528176143115,L584V
0.0,0.0,0.0,0.0,0.0,0.0,0.0,0.0,0.0,0.0,0.0,0.0,0.0,0.0,0.0,0.0,0.0,0.0,L584L
-1.095,3.464,0.755,0.02,-0.031,0.023,0.353,-0.109,0.0,0.0,0.0,0.0,-0.187,2.487,1.182,2.225,0.28,9.368821800463593,P585Y
-0.932,17.279,0.401,0.013,0.026,-0.13,-0.523,0.0,0.0,0.0,0.0,0.0,-0.033,1.761,0.245,0.642,0.955,19.705021381831784,L584I
2.755,-0.371,4.722,-0.012,0.166,-0.07,-0.587,0.0,0.0,0.0,0.0,0.0,0.0,1.743,0.595,-3.002,0.933,6.872986342036029,L584N
0.753,-1.979,-0.197,0.011,0.004,-0.025,-0.679,-0.109,0.0,0.0,0.0,0.0,-0.187,1.007,1.229,2.794,0.549,3.17248422441844,P585T
1.706,-0.158,6.78,-0.007,0.6,-0.272,-1.124,0.0,0.0,0.0,0.0,0.0,0.0,3.299,0.354,-4.386,0.341,7.133203228903881,L584E
0.103,-0.003,1.655,0.0,0.171,0.362,0.741,0.0,0.0,0.0,0.0,0.0,0.0,-0.189,-0.166,0.578,0.016,3.2693265897447645,E586D
-6.808,49.80247438829311,6.628,0.025,0.312,-0.532,1.292,0.0,0.0,0.0,0.0,0.0,0.0,4.623,0.678,-2.04,0.141,49.83377169357443,A587K
-4.387,1.459,-0.279,0.015,-0.212,0.285,0.923,0.0,0.0,0.0,0.0,0.0,0.0,-0.562,-0.11,3.306,-0.185,0.2540423231772593,E586Y
-0.668,5.754,1.87,0.016,0.05,-0.298,0.743,-0.109,0.0,0.0,0.0,0.0,-0.187,2.256,1.123,3.904,0.198,14.653760687379645,P585W
-1.055,38.065,-2.557,0.008,-0.281,0.24,1.029,0.0,0.0,0.0,0.0,0.0,-0.016,-2.457,-0.581,5.367,-0.439,37.32268456863756,E586V
0.696,-0.316,5.228,-0.007,0.599,-0.094,-0.914,0.0,0.0,0.0,0.0,0.0,0.0,2.095,0.335,-3.113,-0.021,4.487081001677552,L584Q
3.819,-0.389,6.255,-0.013,0.19,-0.27,-1.033,0.0,0.0,0.0,0.0,0.0,0.0,2.291,0.708,-3.808,1.359,9.107509057317998,L584D
-8.531,49.50229081224589,0.532,0.008,0.274,-0.015,-0.065,0.0,0.0,0.0,0.0,0.0,0.0,8.256,0.001,0.599,1.844,49.556600615344955,L584W
3.199,0.765,5.313,-0.013,0.049,0.146,-1.931,0.0,0.0,0.0,0.0,0.86,0.0,-0.012,0.406,-0.51,0.463,8.732354095803998,L584T
-0.649,0.025,-0.584,0.009,0.058,0.315,1.138,0.0,0.0,0.0,0.0,0.0,0.0,-0.463,-0.103,2.629,-0.038,2.3374475805029533,E586R
-4.135,5.006,7.96,0.014,1.286,-0.759,0.728,0.0,0.0,0.0,0.0,0.0,0.0,4.083,0.281,-1.757,0.229,12.93641082550539,L584R
5.955,-0.425,3.9,-0.016,-0.026,-0.178,-0.456,0.0,0.0,0.0,0.0,0.0,0.0,0.609,0.455,-1.952,0.454,8.320453573768987,L584S
1.765,0.01,-3.366,-0.005,-0.324,0.664,0.778,0.0,0.0,0.0,0.0,0.0,0.0,-2.463,0.339,4.049,0.329,1.776162650330889,E586A
2.647,-0.414,-3.012,-0.001,-0.064,-0.146,1.505,0.0,0.0,0.0,1.603,0.0,-0.021,-0.088,0.246,1.087,0.215,3.5572397329229943,S588G
0.446,-0.005,-2.315,-0.004,-0.293,0.507,0.628,0.0,0.0,0.0,0.0,0.0,0.0,-2.125,-0.009,5.979,-0.038,2.7703894133800304,E586C
-0.669,0.048,0.183,0.001,-0.178,0.097,0.83,0.0,0.0,0.0,0.0,0.0,0.0,-1.483,-0.027,2.009,-0.046,0.7657141603896207,E586K
0.0,0.0,0.0,0.0,0.0,0.0,0.0,0.0,0.0,0.0,0.0,0.0,0.0,0.0,0.0,0.0,0.0,0.0,A591A
-7.863,35.676,6.715,0.003,0.312,-0.412,-0.362,0.0,0.0,0.0,0.0,0.0,0.0,3.091,0.21,-1.626,-0.134,35.61134542688285,A587H
0.021,0.914,-0.158,0.001,-0.269,0.402,0.486,0.0,0.0,0.0,0.0,0.0,0.0,-2.432,-0.075,3.876,0.075,2.840270511078984,E586T
0.0,0.0,0.0,0.0,0.0,0.0,0.0,0.0,0.0,0.0,0.0,0.0,0.0,0.0,0.0,0.0,0.0,0.0,A587A
0.246,-1.224,-2.654,0.018,0.025,0.553,2.057,0.0,0.0,0.0,1.409,0.0,0.0,1.937,0.777,0.871,0.737,4.752708881572175,S588Y
0.0,0.0,0.0,0.0,0.0,0.0,0.0,0.0,0.0,0.0,0.0,0.0,0.0,0.0,0.0,0.0,0.0,0.0,E586E
-3.9,1.406,-1.366,0.015,-0.25,0.177,1.451,0.0,0.0,0.0,0.0,0.0,0.0,-0.407,-0.279,3.942,-0.164,0.6246889185798636,E586F
-0.697,0.004,-1.321,-0.001,-0.253,0.377,0.775,0.0,0.0,0.0,0.0,0.0,0.0,-0.699,0.1,4.381,0.006,2.673231100749831,E586M
-0.705,1.699,-2.721,0.001,-0.055,0.17,1.777,0.0,0.0,0.0,1.603,0.0,0.0,0.38,0.591,3.544,0.283,6.566994410235793,S588C
-2.456,0.322,0.521,-0.001,0.01,0.296,0.002,0.0,0.0,0.0,0.0,0.0,0.0,0.304,-0.052,2.423,0.06,1.429818417811248,E586H
-10.365,49.99367024098345,2.694,0.02,0.216,-0.212,-0.343,0.0,0.0,0.0,0.0,0.0,0.0,3.73,0.113,-0.107,-0.227,49.992428055596825,A587F
-3.758,47.298667172634744,0.559,0.018,-0.162,1.848,-0.214,0.0,0.0,0.0,0.0,-0.732,-0.016,-1.246,-0.671,5.028,-0.51,47.3137694841393,E586I
1.589,0.006,-1.604,-0.004,-0.266,0.454,0.376,0.0,0.0,0.0,0.0,0.0,0.0,-2.116,0.302,2.434,0.172,1.3432090725519856,E586S
0.48,-1.117,-2.621,0.014,-0.153,0.766,2.281,0.0,0.0,0.0,1.409,0.0,0.0,0.211,0.636,1.951,0.535,4.394158153289709,S588L
-3.673,0.783,-0.433,0.014,-0.098,0.239,1.681,0.0,0.0,0.0,0.0,0.0,0.0,0.45,-0.174,4.985,0.08,3.8540774509134494,E586W
-4.215,48.532115077526036,2.602,0.045,0.164,0.333,0.205,0.0,0.0,0.0,0.0,0.0,0.0,7.138,0.085,-1.08,0.703,48.840748672956046,L584Y
-4.418,2.19,0.768,0.014,0.137,-1.687,0.465,0.0,0.0,0.0,0.776,0.0,0.0,1.493,0.056,1.109,0.097,1.0017995041253016,T590W
0.312,-1.291,-2.699,0.018,0.018,0.577,2.168,0.0,0.0,0.0,1.409,0.0,0.0,2.003,0.777,1.507,0.669,5.470369800082267,S588F
-0.514,-0.006,0.423,-0.001,0.084,0.065,0.76,0.0,0.0,0.0,0.0,0.0,0.0,0.091,-0.072,1.384,0.055,2.267370158454128,E586N
2.6,-0.921,0.764,-0.001,0.0,0.125,-0.07,0.0,0.0,0.0,0.0,0.0,-0.126,0.0,0.892,-0.527,1.093,3.830883733819405,A587G
0.655,0.308,-3.174,-0.001,-0.187,0.659,0.717,10.281,0.0,0.0,0.0,0.0,0.041,-2.393,1.331,1.081,1.796,11.112070156866936,E586P
1.652,-1.394,-0.424,0.003,0.052,0.476,-0.173,0.0,0.0,0.0,1.409,-0.325,0.0,2.761,0.746,-2.435,0.575,2.9247862259364865,S588E
-0.808,0.136,4.117,0.0,0.024,-0.12,-1.516,0.0,0.0,0.0,0.0,0.0,0.0,1.936,0.025,-1.615,-0.239,1.9398324493232624,A587S
-12.852,49.99999987275988,1.674,0.104,1.198,-0.331,9.015,0.0,0.0,0.0,1.783,-0.002,0.0,5.142,1.13,0.336,0.777,49.99999990751558,A587L
-2.357,1.489,-1.912,0.01,-0.244,0.215,0.891,0.0,0.0,0.0,0.0,0.0,0.0,-2.079,-0.441,4.386,-0.12,-0.1629630930812027,E586L
-7.41,49.93748914879224,6.933,0.021,0.44,-0.036,1.238,0.0,0.0,0.0,0.0,0.0,0.0,4.822,0.41,-1.42,-0.055,49.94869821394923,A587R
-0.309,0.001,-0.312,0.001,-0.124,-0.046,0.724,0.0,0.0,0.0,0.0,0.0,0.0,0.037,-0.022,1.273,-0.024,1.1986841474290486,E586Q
-2.953,3.871,1.989,0.001,0.009,0.066,-0.563,0.0,0.0,0.0,0.0,0.0,0.0,2.043,0.54,1.93,-0.046,6.888675811274879,A587C
0.725,-0.044,-3.992,0.0,-0.064,0.108,1.698,0.0,0.0,0.0,1.603,0.0,0.0,-0.088,0.701,1.614,0.591,2.85217476712171,S588A
1.723,-1.228,-0.982,0.003,0.042,0.31,1.626,0.0,0.0,0.0,1.603,0.0,0.0,2.11,0.349,-1.051,0.146,4.65323137877499,S588N
2.061,-1.241,-0.218,0.002,0.088,0.451,0.439,0.0,0.0,0.0,1.603,0.0,0.0,2.824,0.339,-1.857,0.039,4.529863723311564,S588D
-6.316,49.95361475073749,3.646,0.005,0.126,0.219,-0.148,49.074377820254334,0.0,0.841,0.0,0.0,-0.173,0.0,7.603,-2.968,8.913,49.999729024905804,A587P
-0.021,15.108,-3.155,0.017,-0.124,0.584,1.184,0.0,0.0,0.0,1.603,0.0,0.025,-0.114,1.222,2.932,1.021,20.281979741444047,S588V
-3.32,0.595,7.859,0.002,0.229,-0.498,-2.725,0.0,0.0,0.0,0.0,0.0,0.0,4.243,0.942,-3.471,0.499,4.354530781968492,A587D
-8.897,49.158726226386484,1.333,0.11,1.018,-0.133,8.856,0.0,0.0,0.0,1.783,-0.002,0.015,6.004,1.013,0.979,0.415,49.48796966983955,A587I
1.664,-1.05,-0.094,0.005,-0.097,0.536,-0.285,0.0,0.0,0.0,-0.012,0.0,0.0,-0.099,-0.065,1.441,-0.004,1.9402444652992017,S588T
-3.635,12.324,-2.237,-0.004,-0.062,0.255,0.429,6.145,0.0,0.0,-0.136,0.0,0.142,0.239,2.108,-2.795,11.766,24.53915226647848,T590P
-7.621,49.105184958462495,-0.239,0.096,1.004,-0.176,8.871,0.0,0.0,0.0,1.783,-0.002,0.015,4.775,0.903,1.318,0.215,49.420557172380065,A587V
0.0,0.0,0.0,0.0,0.0,0.0,0.0,0.0,0.0,0.0,0.0,0.0,0.0,0.0,0.0,0.0,0.0,0.0,S588S
-5.916,49.00485922359107,8.72,0.009,0.655,-0.581,-3.248,0.0,0.0,0.0,-1.153,0.0,0.0,4.062,0.553,-4.05,0.115,48.971489052202166,A587E
-2.058,49.17400295835142,-2.756,0.004,0.05,-0.009,1.255,0.618,0.0,0.0,1.603,0.0,0.031,-0.06,-0.053,-1.354,0.725,49.10569321504307,S588P
-6.603,45.14632583220092,3.626,0.013,0.065,-0.025,-0.047,0.0,0.0,0.0,0.0,0.0,0.0,2.969,0.501,0.332,0.162,45.32650964851598,A587M
1.487,-1.081,-1.631,0.006,-0.105,0.801,1.458,0.0,0.0,0.0,1.603,0.0,0.0,1.117,0.814,1.947,0.545,6.961497188733119,S588M
-1.548,14.471,-1.749,0.025,-0.075,0.64,1.279,0.0,0.0,0.0,1.603,0.0,0.025,-0.07,1.577,2.593,1.152,19.92477431672364,S588I
1.649,-0.943,-1.181,0.005,-0.086,0.556,2.618,0.0,0.0,0.0,1.409,0.0,0.0,0.908,0.709,-0.425,0.579,5.798943269709298,S588K
-2.158,1.458,-1.331,0.01,0.268,0.072,1.263,0.0,0.0,0.0,1.603,0.0,0.0,3.002,0.565,-0.011,0.414,5.155287925946254,S588H
3.568,-0.624,-6.357,0.04,0.044,-1.347,2.874,0.0,0.0,0.0,1.843,1.566,0.0,0.062,0.0,0.0,0.0,1.6692678107337997,T590T
1.484,-1.165,-0.761,0.004,-0.009,0.871,0.827,0.0,0.0,0.0,1.409,-1.308,0.0,2.777,0.666,-1.162,0.574,4.206255642721771,S588Q
-2.965,3.464,-2.407,0.028,0.226,0.095,1.601,0.0,0.0,0.0,1.603,0.0,0.0,2.383,0.798,2.55,0.907,8.284015985857536,S588W
-0.242,-1.314,-0.807,0.018,0.219,0.437,2.964,0.0,0.0,0.0,1.409,0.0,0.0,2.76,0.668,0.194,0.531,6.8380764887087935,S588R
-6.899,49.38879363836502,6.922,0.012,0.411,-0.296,-0.037,0.0,0.0,0.0,0.0,0.0,0.0,4.308,0.541,-2.776,0.13,49.442599871882,A587Q
-10.252,49.990917089946464,4.275,0.022,0.188,-0.392,-0.304,0.0,0.0,0.0,0.0,0.0,0.0,5.344,0.234,-0.743,-0.212,49.99022421833578,A587Y
-5.729,41.80934334877511,3.047,0.091,1.019,-0.313,8.021,0.0,0.0,0.0,1.783,-0.002,0.0,4.442,0.507,-0.173,-0.027,44.89927966198934,A587T
1.998,-0.266,-3.13,-0.014,-0.618,0.092,-0.381,0.0,0.0,0.0,0.548,0.0,0.0,0.498,0.161,-1.357,0.205,-2.2621847988750687,R589Q
3.295,-1.993,-1.895,-0.013,-0.24,0.041,1.889,0.0,0.0,0.0,0.745,0.0,0.0,0.086,0.583,-1.246,0.604,1.8581984611967075,R592N
1.597,-1.016,-2.969,0.013,-0.429,0.164,1.797,0.0,0.0,0.0,0.745,0.0,0.05,-1.07,-0.138,2.398,0.251,1.3949390038508227,R592I
-1.596,0.172,1.288,0.002,0.027,-0.049,-0.112,0.0,0.0,0.0,0.0,0.0,0.0,0.876,0.478,1.93,0.287,3.300375848165231,A591C
0.0,0.0,0.0,0.0,0.0,0.0,0.0,0.0,0.0,0.0,0.0,0.0,0.0,0.0,0.0,0.0,0.0,0.0,R592R
0.361,-0.005,-0.002,-0.009,-0.042,0.108,-0.009,0.0,0.0,0.0,0.0,0.0,0.0,0.14,0.281,-1.442,0.105,-0.5137357377434455,T590S
1.545,-0.022,-2.412,-0.011,-0.067,0.439,0.782,0.0,0.0,0.0,0.0,0.0,0.013,-0.329,0.875,-0.354,0.705,1.163404769642966,T590G
1.845,-0.421,0.336,-0.001,0.0,-0.07,-0.123,0.0,0.0,0.0,0.0,0.0,-0.129,0.0,0.844,-0.527,0.908,2.6598973645503747,A591G
3.34,-1.992,-1.889,-0.013,-0.233,0.105,1.929,0.0,0.0,0.0,0.745,0.0,0.0,1.673,0.112,-2.63,-0.019,1.1297312328727005,R592E
-3.569,0.292,4.659,0.005,0.348,0.147,-1.263,0.0,0.0,0.0,-1.608,0.0,0.0,1.058,0.116,-1.626,0.39,-1.0518008247803436,A591H
3.039,-1.992,-1.889,-0.016,-0.104,0.029,1.449,0.0,0.0,0.0,0.745,0.0,0.0,1.932,-0.251,-0.206,0.159,2.897426951208786,R592H
-2.487,0.326,4.12,0.006,0.274,-0.299,-2.248,0.0,0.0,0.0,0.0,0.0,0.0,2.879,0.188,-4.05,0.348,-0.9441737492078346,A591E
-4.193,1.696,5.558,0.004,0.209,-0.478,-0.626,0.0,0.0,0.0,0.0,0.0,0.0,3.309,0.828,-2.665,0.283,3.923605751704145,A587N
11.134,-1.422,-10.581,-0.026,-0.88,-0.093,1.193,0.0,0.0,0.0,0.776,0.0,-0.005,-3.87,0.687,0.892,0.797,-1.3960709352047616,R589G
2.731,-0.626,-5.29,0.036,0.242,-1.376,2.497,0.0,0.0,0.0,1.843,1.566,0.0,1.145,0.199,-2.492,0.071,0.5464371594659951,T590N
1.235,-0.352,-2.616,-0.014,-0.452,0.268,1.348,0.0,0.0,0.0,0.38,0.341,0.0,-0.295,0.258,3.349,0.834,4.285772915008352,R592C
3.023,-0.625,-5.769,0.035,0.25,-1.159,2.49,0.0,0.0,0.0,1.843,1.566,0.0,2.303,-0.224,-3.877,-0.295,-0.4370780748602101,T590E
1.928,-1.368,-2.868,-0.007,-0.437,-0.002,1.418,0.0,0.0,0.0,0.745,0.0,0.0,-1.153,0.129,1.246,0.186,-0.1815738471109398,R592T
-9.989,38.54373633082919,5.274,0.018,0.226,-0.029,-0.009,0.0,0.0,0.0,0.0,0.0,0.0,3.563,0.199,0.936,0.227,38.71118134598427,A587W
0.955,-0.563,-3.967,0.036,0.342,-1.352,3.026,0.0,0.0,0.0,1.843,1.566,0.0,2.147,-0.104,-1.453,-0.054,2.423239968782468,T590H
2.85,-0.623,-7.065,0.05,0.032,-1.211,3.315,0.0,0.0,0.0,1.843,1.566,0.066,-0.164,-0.258,1.49,-0.198,1.6940539780148356,T590V
-2.83,0.345,2.344,0.047,0.209,0.143,-0.061,0.0,0.0,0.0,0.0,0.0,0.0,3.752,0.337,-0.107,0.375,4.554426356933732,A591F
-1.772,0.862,2.391,0.009,0.048,-0.243,-0.244,0.0,0.0,0.0,0.0,-1.336,0.0,0.603,0.472,-0.173,0.683,1.2986088670936624,A591T
-0.455,-0.01,-1.087,0.012,0.275,0.195,1.101,0.0,0.0,0.0,0.0,0.0,0.0,1.873,-0.052,0.066,-0.01,1.907710353539187,T590F
3.352,-1.992,-1.651,-0.015,-0.194,0.072,1.921,0.0,0.0,0.0,0.745,0.0,0.0,0.377,0.311,-2.051,0.29,1.1675502081351397,R592D
-0.936,0.138,0.969,0.001,0.868,0.472,-1.813,0.0,0.0,0.0,0.226,-1.028,0.0,2.234,-0.103,-2.603,-0.19,-1.7634108872704246,T590Q
2.76,-0.625,-6.3,0.037,-0.012,-0.987,3.514,0.0,0.0,0.0,1.843,1.566,0.0,0.936,0.036,0.505,0.115,3.3880995840361265,T590M
-1.99,0.125,3.402,0.004,0.368,-0.244,-1.006,0.0,0.0,0.0,-0.288,0.0,0.0,2.171,0.459,-2.665,0.601,0.9340837540736402,A591N
3.644,-1.986,-2.806,-0.018,-0.5,0.173,1.8,0.0,0.0,0.0,0.745,0.0,0.0,-1.179,0.235,1.419,0.173,1.7022419249530003,R592A
-3.191,49.999999990361594,-2.373,0.008,-0.138,0.332,2.18,0.0,0.0,0.0,0.38,0.32,0.0,2.517,-0.47,1.313,-0.061,49.99999999067208,R592F
-5.397,49.99999999916169,2.076,0.015,0.206,0.958,1.421,0.0,0.0,0.0,0.38,0.162,0.0,3.224,-0.418,0.676,-0.029,49.999999999264645,R592Y
1.642,-1.157,-3.131,0.004,-0.448,0.155,1.75,0.0,0.0,0.0,0.745,0.0,0.05,-1.168,-0.031,2.737,0.146,1.296813428514611,R592V
3.078,-1.992,-1.989,0.007,-0.19,0.091,1.61,0.0,0.0,0.0,0.745,0.0,0.0,1.708,-0.329,2.355,0.035,5.132018877171163,R592W
-2.712,0.252,2.296,0.048,0.217,0.119,-0.057,0.0,0.0,0.0,0.0,0.0,0.0,3.897,0.348,-0.743,0.439,4.101030942306238,A591Y
0.687,-0.015,-2.477,-0.009,-0.067,0.312,0.909,0.0,0.0,0.0,0.0,0.0,0.0,-0.329,0.154,0.172,0.014,-0.6494119553540258,T590A
3.592,-1.988,-2.049,-0.018,-0.476,0.062,1.382,0.0,0.0,0.0,0.745,0.0,0.0,-0.561,0.446,-0.195,0.364,1.3060477236457473,R592S
4.939,-0.996,-3.055,-0.012,0.679,-0.046,-1.216,0.0,0.0,0.0,0.776,-0.002,0.0,-0.032,0.028,-2.63,-0.107,-1.6750751649043425,R589E
4.326,-1.996,-2.503,-0.02,-0.5,0.095,1.827,0.0,0.0,0.0,0.745,0.0,0.124,-1.179,0.303,0.892,0.751,2.8684449490042425,R592G
-2.23,1.361,-0.815,0.018,-0.005,-0.068,1.65,0.0,0.0,0.0,1.604,0.0,-0.091,2.229,0.497,1.318,0.529,5.995721180745022,A591V
2.686,6.269,-2.725,-0.017,-0.465,0.155,1.674,0.605,0.0,0.0,0.745,0.0,-0.015,-1.145,1.13,-1.549,0.973,8.321194449963173,R592P
0.002,-1.48,-1.717,-0.007,-0.273,-0.02,1.497,0.0,0.0,0.0,0.745,0.0,0.0,0.454,0.186,1.752,0.487,1.627200151254101,R592M
-3.66,4.064,1.414,0.027,0.059,0.038,0.19,0.0,0.0,0.0,0.0,0.0,-0.091,1.108,0.555,0.979,0.602,5.284567217725112,A591I
0.366,-0.014,-1.706,-0.008,-0.016,0.28,0.911,0.0,0.0,0.0,0.0,0.0,0.0,1.018,0.306,2.103,0.476,3.717941789805536,T590C
7.008,-1.122,-9.646,-0.023,-0.83,-0.258,1.074,0.0,0.0,0.0,0.776,0.0,0.0,-2.78,0.438,3.349,0.685,-1.3269855573983025,R589C
-0.466,-0.011,-1.063,0.011,0.286,0.175,0.79,0.0,0.0,0.0,0.0,0.0,0.0,2.018,-0.041,-0.57,-0.082,1.0473057132921897,T590Y
-2.575,0.262,2.221,0.009,0.05,-0.065,0.1,0.0,0.0,0.0,0.0,0.0,0.0,1.598,0.396,0.332,0.316,2.64290158133565,A591M
-0.079,-0.217,-3.06,-0.001,-0.326,-0.067,2.015,0.0,0.0,0.0,0.745,0.0,0.0,-0.921,-0.083,1.756,0.06,-0.1767856299580898,R592L
0.092,-0.761,0.015,-0.003,-0.257,0.004,0.95,0.0,0.0,0.0,0.745,0.0,0.0,0.71,0.139,-0.62,-0.058,0.9593147235326568,R592K
-0.45,0.009,2.958,0.0,0.024,0.01,-0.165,0.0,0.0,0.0,0.0,-1.456,0.0,0.719,0.107,-1.615,0.309,0.4486423941241355,A591S
-0.119,1.681,0.919,-0.002,0.131,-1.652,0.0,0.0,0.0,0.0,0.582,0.0,0.0,2.536,-0.188,-3.298,-0.379,0.211626665995027,T590D
-0.978,0.134,2.017,0.005,0.486,0.805,-3.399,0.0,0.0,0.0,0.226,-1.287,0.0,1.623,-0.157,-1.867,-0.279,-2.671429343169621,T590K
-0.442,-0.002,-1.278,0.009,0.132,0.092,1.044,0.0,0.0,0.0,0.0,0.0,0.0,0.91,-0.281,0.509,-0.227,0.4672173494031995,T590L
-1.469,0.398,4.797,0.003,0.252,0.07,-4.066,0.0,0.0,0.0,0.0,-0.429,0.0,2.807,0.16,-3.471,0.301,-0.6472942212468524,A591D
6.723,35.063,-12.569,-0.022,-0.361,0.066,3.598,2.462,0.0,0.0,2.118,0.0,-0.015,-3.949,0.916,-1.549,0.826,33.30784987405934,R589P
-3.46,1.095,2.653,0.029,0.293,-0.043,-0.393,0.0,0.0,0.0,0.0,0.0,0.0,2.226,0.184,0.936,0.325,3.845642117889952,A591W
-2.683,1.712,1.665,0.015,0.049,-0.052,0.115,0.0,0.0,0.0,0.0,0.0,0.0,1.363,0.242,0.336,0.458,3.2197383474583603,A591L
6.089,-0.833,-6.38,-0.019,-0.147,-0.542,1.238,0.0,0.0,0.0,0.776,0.0,0.0,-1.367,0.619,-1.246,0.518,-1.2950115297970797,R589N
0.46,-1.25,-0.592,-0.01,-0.313,-0.512,1.856,0.0,0.0,0.0,0.745,0.0,0.0,1.796,0.27,-1.357,0.251,1.3473913475871768,R592Q
-2.441,0.4,2.809,0.007,0.12,-0.047,0.377,0.0,0.0,0.0,0.0,0.0,0.0,1.411,0.279,-2.04,0.417,1.2917575516806892,A591K
-1.394,2.048,-0.756,0.034,-0.021,-1.28,0.853,0.0,0.0,0.0,0.776,0.0,0.066,0.97,-0.319,1.151,-0.169,1.9601524725333093,T590I
-4.306,49.29322482386921,1.287,0.002,0.031,-0.126,1.162,2.042,0.0,0.0,1.604,0.0,-0.069,1.615,-0.896,-2.968,10.023,49.51363704648849,A591P
5.007,7.154,-10.498,-0.004,-0.83,-0.316,1.474,0.0,0.0,0.0,0.582,0.0,0.046,-0.846,0.155,2.737,0.23,4.892682770276224,R589V
0.257,-0.014,-1.413,0.002,0.246,0.251,0.941,0.0,0.0,0.0,0.0,0.0,0.0,1.537,-0.155,-1.247,-0.221,0.1862646043166478,T590R
-2.717,0.363,3.151,0.007,0.171,-0.155,-0.799,0.0,0.0,0.0,0.0,0.0,0.0,2.673,0.35,-2.776,0.458,0.7258009426905119,A591Q
9.035,-1.091,-11.267,-0.024,-0.88,-0.141,1.386,0.0,0.0,0.0,0.776,0.0,0.0,-3.87,-0.041,1.419,0.015,-4.6807808563195294,R589A
6.966,-0.922,-5.285,-0.021,-0.071,-0.417,0.672,0.0,0.0,0.0,0.776,0.0,0.0,-0.543,0.303,-2.051,0.227,-0.3650040444546221,R589D
0.0,0.0,0.0,0.0,0.0,0.0,0.0,0.0,0.0,0.0,0.0,0.0,0.0,0.0,0.0,0.0,0.0,0.0,R589R
1.357,1.073,-1.048,-0.016,-0.6,-0.504,0.027,0.0,0.0,0.0,0.776,0.0,0.0,-1.721,0.14,-0.62,-0.04,-1.1762965026787242,R589K
8.636,-1.046,-8.292,-0.024,-0.801,-0.634,1.003,0.0,0.0,0.0,0.776,0.0,0.0,-2.996,0.501,-0.195,0.326,-2.746240113662907,R589S
-2.567,0.451,2.817,0.011,0.213,-0.09,0.983,0.0,0.0,0.0,0.0,0.0,0.0,1.908,0.184,-1.42,0.354,2.8405968516857456,A591R
2.563,4.494,-10.368,0.003,-0.778,-0.307,1.318,0.0,0.0,0.0,0.582,0.0,0.046,-0.375,0.059,2.398,0.363,-0.0017661170738847,R589I
1.324,-0.857,-8.573,-0.019,-0.764,-0.323,1.531,0.0,0.0,0.0,0.776,0.0,0.0,-0.527,0.223,1.752,0.364,-5.093110216878017,R589M
3.035,-0.689,-9.941,0.019,-0.633,-0.108,1.481,0.0,0.0,0.0,0.776,0.0,0.0,-1.634,0.008,1.756,0.153,-5.775330071720191,R589L
3.461,0.268,-4.617,-0.019,-0.066,0.415,-0.57,0.0,0.0,0.0,0.776,-0.06,0.0,-2.145,0.168,-0.206,0.225,-2.371395360549513,R589H
6.121,0.029,-6.773,-0.018,-0.815,-0.228,0.273,0.0,0.0,0.0,0.776,-1.048,0.0,-3.476,0.319,1.246,0.298,-3.295378452913837,R589T
1.198,0.135,-8.546,0.033,-0.501,-0.414,1.224,0.0,0.0,0.0,0.776,0.0,0.0,2.454,-0.015,1.313,0.154,-2.190980598609485,R589F
-5.341,4.355,-6.03,0.214,-0.306,0.249,0.974,0.0,0.0,0.0,0.776,0.0,0.0,-0.386,0.049,2.355,0.05,-3.040165648111497,R589W
5.384,-1.525,-11.19,0.046,-0.075,-1.604,3.543,0.0,0.0,0.0,1.649,1.567,0.0,2.252,0.027,0.676,0.087,0.8391238128473333,R589Y
-3.519,39.84135202862644,-1.217,0.002,0.0,0.069,-0.65,0.0,0.0,0.0,0.0,0.0,0.13,0.0,3.484,0.526,7.115,41.81319530002992,G593A
-20.886,50.0,6.184,0.065,0.699,-0.806,8.544,0.0,0.0,0.0,1.648,0.0,0.13,7.314,3.989,0.42,9.537,50.0,G593F
-11.531,49.99999928948077,10.373,0.019,0.667,-0.584,7.546,0.0,0.0,0.0,1.648,0.0,0.13,5.701,3.44,-2.139,6.12,49.999999697989274,G593N
-1.262,8.582,-2.152,0.018,-0.141,0.255,0.155,0.0,0.0,0.0,0.0,0.0,-0.074,-0.708,-0.085,3.754,0.053,8.396081670979925,Q594I
1.306,-0.405,-1.241,-0.005,-0.186,0.135,-0.054,0.0,0.0,0.0,0.0,0.0,0.0,-2.284,0.2,4.705,0.419,2.5898500137167275,Q594C
2.889,-1.344,-3.212,-0.002,-0.189,-1.127,1.642,0.0,0.0,0.0,1.337,0.0,0.0,0.137,0.144,-1.151,0.023,-0.8514709350082512,H595Q
5.76,-1.815,-6.527,-0.008,-0.364,-0.741,1.862,0.0,0.0,0.0,1.337,0.0,0.0,-2.315,0.136,1.625,-0.124,-1.173108390643847,H595A
0.722,0.172,-1.288,0.017,-0.02,0.972,0.596,0.0,0.0,0.0,0.0,0.0,0.0,2.881,0.143,3.112,0.183,7.490075079336179,Q594L
-1.663,34.801,-4.168,0.015,-0.35,-0.471,1.517,0.0,0.0,0.0,1.337,0.0,0.0,0.851,0.123,1.518,-0.049,33.46273400219934,H595F
1.058,0.057,1.549,-0.004,0.063,0.101,-0.836,0.0,0.0,0.0,0.0,0.0,0.0,-0.437,1.047,-0.695,0.879,2.783101049589164,Q594D
7.547,-1.887,-5.651,-0.009,-0.364,-0.526,1.675,0.0,0.0,0.0,1.337,0.0,-0.04,-2.315,0.917,1.098,0.748,2.532261356215372,H595G
-19.374,50.0,6.462,0.024,0.558,-0.405,6.057,0.0,0.0,0.0,1.454,0.341,0.13,5.49,5.164,0.859,9.707,50.0,G593M
2.594,-0.486,-2.437,-0.005,-0.197,0.207,0.235,0.0,0.0,0.0,0.0,0.0,0.0,-2.463,0.096,2.775,0.484,0.8021819639432124,Q594A
-9.135,49.99992951781103,3.395,0.016,0.45,0.115,6.526,0.0,0.0,0.0,1.648,0.0,0.13,4.74,3.467,2.456,9.649,49.999972418443505,G593C
-14.325,49.999999999987374,17.425,0.027,1.16,-0.218,7.52,0.0,0.0,0.0,1.819,0.0,0.13,7.032,3.742,-3.523,9.614,49.999999999996255,G593E
-16.324,49.99999999999979,13.493,0.031,1.031,-0.207,6.376,0.0,0.0,0.0,1.648,0.0,0.13,7.358,4.279,-2.25,7.49,49.999999999999915,G593Q
0.282,-0.27,0.862,-0.001,0.059,-0.246,-0.561,0.0,0.0,0.0,0.0,0.0,0.0,0.534,0.032,-1.274,0.151,-0.4302233841441421,Q594E
0.029,49.817538501553706,-1.866,0.005,0.052,0.859,0.559,45.44341448098101,0.0,1.09,0.0,0.0,-0.222,0.16,6.783,-0.193,5.507,49.99476256768722,Q594P
-20.331,50.0,24.004,0.03,1.09,-0.087,1.558,0.0,0.0,0.0,1.454,0.341,0.13,6.676,3.868,-1.513,6.161,50.0,G593K
-9.938,49.99990626048613,13.828,0.018,0.71,-0.337,8.116,0.0,0.0,0.0,1.819,0.0,0.13,6.698,3.013,-2.944,6.528,49.99996896989901,G593D
4.066,-0.888,-1.516,-0.007,-0.197,0.261,0.119,0.0,0.0,0.0,0.0,0.0,-0.152,-2.463,0.822,2.249,1.57,3.8648320033449854,Q594G
0.0,0.0,0.0,0.0,0.0,0.0,0.0,0.0,0.0,0.0,0.0,0.0,0.0,0.0,0.0,0.0,0.0,0.0,Q594Q
0.33,0.338,-0.176,0.001,-0.08,0.01,0.555,0.0,0.0,0.0,0.0,0.0,0.0,-1.514,0.04,0.736,0.019,0.2582837166672789,Q594K
-0.77,42.978,-1.265,0.015,0.051,0.108,0.19,0.0,0.0,0.0,0.0,0.0,0.0,-1.144,-0.235,2.669,-0.154,42.44280974594346,Q594F
3.281,-1.737,-4.962,-0.007,-0.336,-0.676,1.121,0.0,0.0,0.0,1.337,0.0,0.0,-1.668,0.237,3.555,-0.12,0.0270487572906859,H595C
2.951,-1.609,0.89,-0.005,0.107,-0.457,-1.193,0.0,0.0,0.0,0.485,0.0,0.0,0.566,0.156,-1.846,0.12,0.1682050893585938,H595D
-0.268,1.194,0.835,-0.003,0.233,0.191,-0.439,0.0,0.0,0.0,0.0,0.0,0.0,-0.79,-0.136,1.15,-0.034,1.9344505163159056,Q594H
0.733,-0.071,0.515,-0.002,0.037,0.017,-0.074,0.0,0.0,0.0,0.0,0.0,0.0,-0.142,0.665,0.11,0.609,2.398018049004577,Q594N
2.588,-1.356,-3.324,0.002,-0.146,-0.925,2.435,0.0,0.0,0.0,1.337,0.0,0.0,-0.563,-0.02,0.205,0.002,0.2367532896620332,H595R
2.611,-1.19,-3.198,-0.001,-0.237,-0.974,2.29,0.0,0.0,0.0,1.337,0.0,0.0,-1.087,0.038,-0.414,0.042,-0.7819561705191518,H595K
-15.99,50.0,2.611,0.029,0.481,-0.242,7.024,0.0,0.0,0.0,1.648,0.0,0.13,4.022,4.192,0.863,9.612,50.0,G593L
-14.63,49.99999999957232,2.691,0.041,0.571,0.334,9.58,0.0,0.0,0.0,1.648,0.0,0.147,5.066,5.638,1.505,9.658,49.999999999824354,G593I
-4.642,49.99355399213961,0.637,0.003,-0.172,0.693,-1.875,33.221,0.0,0.0,0.38,0.152,0.147,1.719,7.099,-2.442,20.164,49.999288117781596,G593P
-17.18,49.99999999999993,13.469,0.021,0.833,-0.88,8.02,0.0,0.0,0.0,1.282,0.341,0.13,7.909,3.006,-1.099,9.538,49.99999999999997,G593H
-4.604,37.034,5.65,0.005,0.086,0.04,1.85,0.0,0.0,0.0,0.0,0.0,0.13,2.03,2.909,-1.088,3.316,47.35606078450815,G593S
6.38,26.36,-7.496,0.043,-0.527,-0.715,3.42,0.0,0.0,0.0,2.082,0.0,0.0,2.922,-0.056,1.962,-0.08,34.29719068108136,H595L
-27.294,50.0,10.957,0.038,0.777,-1.352,7.162,0.0,0.0,0.0,1.116,0.162,0.13,7.261,4.141,1.462,9.727,50.0,G593W
0.163,-0.173,-0.93,0.002,-0.188,0.138,0.142,0.0,0.0,0.0,0.0,0.0,0.0,-1.398,-0.045,3.108,0.233,1.0533838727354805,Q594M
3.023,-1.303,-2.455,-0.002,-0.084,-1.162,0.859,0.0,0.0,0.0,1.337,0.0,0.0,0.267,0.036,-2.424,-0.019,-1.926212024014376,H595E
2.215,-0.478,-0.246,-0.005,-0.174,0.016,-0.264,0.0,0.0,0.0,0.0,0.0,0.0,-1.85,-0.051,1.161,0.186,0.5103908787497176,Q594S
3.039,0.355,-3.921,-0.001,-0.313,-0.986,1.538,0.0,0.0,0.0,1.337,0.0,0.0,-2.074,0.169,1.452,0.255,0.8521426520534305,H595T
0.824,1.476,-4.896,0.022,-0.27,-0.867,1.76,0.0,0.0,0.0,1.337,0.0,-0.039,0.262,-0.024,2.604,0.063,2.2522444099563472,H595I
-22.284,50.0,12.222,0.037,0.697,-0.885,6.807,0.0,0.0,0.0,1.819,0.0,0.13,6.601,3.333,-0.216,9.554,50.0,G593Y
0.0,0.0,0.0,0.0,0.0,0.0,0.0,0.0,0.0,0.0,0.0,0.0,0.0,0.0,0.0,0.0,0.0,0.0,H595H
-0.139,0.258,0.138,0.003,0.004,0.249,-0.378,0.0,0.0,0.0,-0.365,0.341,0.0,0.35,0.0,0.0,0.0,0.458687420767319,G593G
-20.78,50.0,19.103,0.029,0.804,-2.2,8.822,0.0,0.0,0.0,1.648,0.0,0.13,6.156,3.96,-0.893,9.551,50.0,G593R
-0.341,3.252,-0.4,0.014,0.085,-0.154,0.311,0.0,0.0,0.0,0.0,0.0,0.0,-1.093,-0.14,3.711,0.257,5.502161835918059,Q594W
-0.737,33.972,-1.227,0.015,0.057,0.099,0.194,0.0,0.0,0.0,0.0,0.0,0.0,-1.127,-0.309,2.033,-0.13,32.83999066614729,Q594Y
2.249,-1.377,-4.006,0.0,-0.307,-0.821,1.88,0.0,0.0,0.0,1.337,0.0,0.0,-0.827,0.232,1.958,-0.114,0.2057341795670026,H595M
0.096,0.658,-0.232,0.004,0.001,0.132,0.597,0.0,0.0,0.0,0.0,0.0,0.0,-0.832,-0.178,1.356,-0.06,1.5423118741191502,Q594R
0.489,0.468,-0.91,0.002,-0.151,0.173,-0.324,0.0,0.0,0.0,0.0,0.0,0.0,-0.834,-0.193,2.602,-0.035,1.286896856621638,Q594T
-11.5,49.99999699631246,0.938,0.037,0.514,0.234,8.897,0.0,0.0,0.0,1.648,0.0,0.147,6.222,5.926,1.844,9.629,49.999998874209965,G593V
-0.384,0.7,-2.31,0.009,-0.162,0.24,0.104,0.0,0.0,0.0,0.0,0.0,-0.074,-0.774,-0.38,4.093,-0.105,0.95941125429772,Q594V
5.249,-1.818,-3.092,-0.007,-0.313,-0.984,0.798,0.0,0.0,0.0,1.337,0.0,0.0,-1.953,0.178,0.01,0.121,-0.4703941600629377,H595S
-9.076,49.97184165264628,6.535,0.024,0.535,0.206,10.307,0.0,0.0,0.0,1.648,0.0,0.13,4.072,3.881,0.353,9.614,49.990894760578676,G593T
1.826,-1.474,-0.784,-0.005,0.016,-0.853,0.025,0.0,0.0,0.0,0.373,0.0,0.0,-0.309,0.247,-1.04,0.27,-1.7039908689464482,H595N
2.599,3.42,-6.576,0.009,-0.286,-0.711,1.621,0.0,0.0,0.0,1.337,0.0,-0.039,-2.19,-0.042,2.943,0.056,2.14277540041428,H595V
0.128,0.004,0.637,-0.003,0.046,0.091,-0.529,0.0,0.0,0.0,0.0,0.0,0.0,0.426,-0.328,-0.806,-0.341,-0.6759686737769925,N598D
3.699,0.781,-5.691,-0.003,-0.239,-0.455,1.725,0.261,0.0,0.0,1.337,0.0,-0.013,-1.688,-0.454,-1.343,0.141,-1.9403286926800547,H595P
-0.567,0.021,-0.623,0.023,-0.188,0.23,0.254,0.0,0.0,0.0,0.0,0.0,0.026,-0.523,-0.226,3.644,-0.104,1.964209240893524,N598I
4.659,49.94722711079704,-5.17,0.054,-0.306,0.097,4.363,0.0,0.0,0.0,2.082,0.0,0.0,2.914,-0.07,2.561,-0.132,49.966078176418385,H595W
-2.128,39.388369860057544,-3.57,0.017,-0.31,-0.503,1.186,0.0,0.0,0.0,0.972,0.34,0.0,0.618,0.124,0.882,-0.036,38.44039054291575,H595Y
-0.326,0.012,-0.603,0.013,-0.186,0.301,0.138,0.0,0.0,0.0,0.0,0.0,0.0,-1.067,-0.465,3.001,-0.299,0.5177028284374501,N598L
-1.215,0.066,1.704,0.001,-0.024,0.609,-1.774,0.0,0.0,0.0,0.0,-0.947,0.0,3.278,-0.481,-1.385,-0.395,-0.56520066364169,N598E
1.865,-0.023,-1.347,-0.007,-0.266,0.277,0.074,0.0,0.0,0.0,0.0,0.0,0.029,-1.21,0.567,2.138,0.449,2.545340052080519,N598G
0.0,0.0,0.0,0.0,0.0,0.0,0.0,0.0,0.0,0.0,0.0,0.0,0.0,0.0,0.0,0.0,0.0,0.0,N598N
0.928,-0.005,-1.516,-0.006,-0.266,0.341,0.097,0.0,0.0,0.0,0.0,0.0,0.0,-1.21,-0.142,2.664,-0.215,0.6693112239220227,N598A
0.189,0.006,-0.775,-0.005,-0.253,0.256,-0.148,0.0,0.0,0.0,0.0,0.0,0.0,-1.1,0.226,4.595,-0.029,2.9602777031655023,N598C
-0.835,0.112,-0.978,0.011,-0.042,0.18,0.087,0.0,0.0,0.0,0.0,0.0,0.0,0.496,-0.187,2.997,-0.146,1.6944503104051591,N598M
-0.255,0.003,0.064,0.0,-0.075,0.206,-0.102,0.0,0.0,0.0,0.0,0.0,0.0,1.049,-0.337,-0.111,-0.293,0.1489908505028552,N598Q
-1.817,0.454,-0.496,0.013,0.255,0.282,-0.111,0.0,0.0,0.0,0.0,0.0,0.0,1.153,-0.147,3.601,-0.235,2.9517396983058006,N598W
-0.869,0.011,1.533,-0.001,-0.212,0.207,-0.981,0.0,0.0,0.0,0.0,0.0,0.0,-0.76,-0.093,2.492,-0.044,1.2806536878441648,N598T
-0.304,0.003,-0.369,0.001,0.083,0.131,-0.08,0.0,0.0,0.0,0.0,0.0,0.0,0.948,-0.223,1.039,-0.205,1.0211832792070936,N598H
0.743,0.005,-0.112,-0.006,-0.241,0.142,-0.166,0.0,0.0,0.0,0.0,0.0,0.0,-0.609,0.068,1.05,-0.145,0.7271663927448344,N598S
-0.415,0.029,-0.861,0.047,-0.036,0.262,0.047,0.0,0.0,0.0,0.0,0.0,0.0,1.614,-0.144,2.558,-0.124,2.9764343343705377,N598F
-3.853,47.56173824395485,-0.687,-0.005,-0.228,0.371,0.117,6.614,0.0,0.0,0.0,0.0,0.026,-0.008,1.375,-0.303,2.706,48.08143926212781,N598P
-0.245,0.019,-1.1,0.013,-0.21,0.206,0.116,0.0,0.0,0.0,0.0,0.0,0.026,-0.77,-0.204,3.982,-0.153,1.6791332418569027,N598V
-0.141,0.007,-0.192,0.004,-0.063,0.28,0.266,0.0,0.0,0.0,0.0,0.0,0.0,0.069,-0.329,1.245,-0.31,0.8340930695250108,N598R
-4.083,3.997,3.134,0.012,0.021,-0.445,0.012,0.0,0.0,0.0,0.0,0.0,0.0,3.885,0.28,0.332,0.407,7.552236610868363,A597M
-0.056,0.002,-0.26,0.0,-0.144,0.266,0.311,0.0,0.0,0.0,0.0,0.0,0.0,-0.302,-0.299,0.625,-0.366,-0.2227626985547885,N598K
-0.445,0.039,-0.876,0.043,-0.022,0.257,0.114,0.0,0.0,0.0,0.0,0.0,0.0,1.654,-0.144,1.922,-0.193,2.347813416227609,N598Y
-7.404,9.811,5.691,0.006,0.272,-0.342,1.897,0.0,0.0,0.0,1.338,0.0,0.0,4.074,0.499,-1.626,0.313,14.530039553529946,A597H
0.0,0.0,0.0,0.0,0.0,0.0,0.0,0.0,0.0,0.0,0.0,0.0,0.0,0.0,0.0,0.0,0.0,0.0,V596V
6.574,-0.727,-0.492,-0.016,-0.073,0.212,0.406,0.0,0.0,0.0,0.0,0.0,0.0,-0.347,0.244,-0.337,0.099,5.541853635408302,L599A
-4.358,24.361,0.109,0.016,-0.045,-0.298,0.997,0.0,0.0,0.0,1.338,0.0,0.01,1.351,0.363,1.318,0.298,25.45999311218486,A597V
-5.577,29.328,1.477,0.025,-0.024,-0.173,1.02,0.0,0.0,0.0,1.338,0.0,0.01,1.558,0.277,0.979,0.379,30.61721615231864,A597I
3.463,-0.693,0.877,-0.015,-0.062,0.162,-0.299,0.0,0.0,0.0,0.0,0.0,0.0,-0.207,0.547,1.593,0.517,5.883306272271284,L599C
0.0,0.0,0.0,0.0,0.0,0.0,0.0,0.0,0.0,0.0,0.0,0.0,0.0,0.0,0.0,0.0,0.0,0.0,L599L
-1.065,47.71,2.241,0.088,0.629,0.041,0.412,0.0,0.0,0.0,0.0,0.0,0.0,4.797,0.228,0.599,0.091,40.298841192994864,L599W
-4.675,12.154,4.84,0.002,0.094,-0.366,0.333,0.0,0.0,0.0,0.889,0.0,0.0,3.417,0.135,-2.776,0.248,14.294402776475522,A597Q
-4.673,21.727,9.264,-0.029,0.516,-0.276,-1.39,0.0,0.0,0.0,0.23,0.0,-0.067,1.857,0.158,-2.944,0.017,24.39157896571953,V596H
3.16,-0.097,-0.495,0.001,-0.019,0.139,0.272,0.0,0.0,0.0,0.0,0.0,0.108,-0.348,-0.045,0.981,0.022,3.680002847628885,L599V
1.642,-0.456,8.188,-0.019,0.621,0.712,-1.282,0.0,0.0,0.0,0.0,0.0,-0.067,3.415,0.182,-4.789,-0.026,8.122696280940545,V596D
-3.795,12.195,5.463,0.0,0.157,-0.342,1.166,0.0,0.0,0.0,1.338,-1.35,0.0,4.56,0.037,-4.05,-0.04,15.33913987116034,A597E
-4.022,4.531,4.562,0.014,0.269,-0.602,-0.271,0.0,0.0,0.0,0.0,0.0,0.0,3.81,0.176,-1.42,0.086,7.133132790826039,A597R
0.0,0.0,0.0,0.0,0.0,0.0,0.0,0.0,0.0,0.0,0.0,0.0,0.0,0.0,0.0,0.0,0.0,0.0,A597A
3.35,-0.673,6.84,-0.004,0.273,0.113,-1.443,0.0,0.0,0.0,0.0,-0.938,0.0,2.579,0.403,-3.808,0.024,6.717285571835305,L599D
1.714,-1.489,0.175,-0.005,-0.013,-0.265,-0.289,0.0,0.0,0.0,0.23,0.0,-0.01,-1.271,0.811,-0.527,0.881,-0.057342292981616,A597G
-6.453,45.60215200044947,0.935,0.0,-0.024,-0.118,0.553,0.0,0.0,0.0,1.338,0.0,0.0,1.483,0.065,0.336,0.239,45.31680413613229,A597L
8.166,-0.763,-0.008,-0.017,-0.073,0.06,0.468,0.0,0.0,0.0,0.0,0.0,-0.005,-0.347,0.91,-0.864,0.825,8.351473498266387,L599G
1.722,-0.683,5.647,-0.002,0.228,-0.166,-0.322,0.0,0.0,0.0,0.0,-0.974,0.0,2.553,0.693,-3.002,0.389,6.08270789955111,L599N
-1.803,3.323,7.787,0.006,0.537,0.476,-3.086,0.0,0.0,0.0,-0.517,-0.005,0.0,2.832,0.186,-1.757,-0.062,7.91786415927902,L599R
-0.919,0.212,-1.774,-0.002,-0.017,0.367,0.26,0.0,0.0,0.0,0.0,0.0,0.0,3.933,0.326,-0.005,0.236,2.618272840931354,L599M
2.513,-0.605,5.554,-0.007,0.987,-0.051,0.266,0.0,0.0,0.0,0.0,0.0,0.0,2.438,0.028,-4.386,-0.135,6.602203966573484,L599E
1.271,0.427,2.917,-0.011,0.752,-0.241,-0.098,0.0,0.0,0.0,0.0,0.0,0.0,2.595,0.224,-1.963,0.028,5.903335135286625,L599H
-0.546,7.387,-0.513,0.011,0.285,0.018,0.241,0.0,0.0,0.0,0.0,0.0,0.0,3.073,0.212,-0.444,0.065,9.788889594561056,L599F
-2.811,18.053,3.338,0.018,0.097,-0.522,-0.534,0.0,0.0,0.0,0.0,0.0,0.0,2.833,0.547,-0.173,0.459,21.30517908785293,A597T
-1.104,44.798664982858426,-2.053,0.012,0.154,-0.474,0.921,6.249,0.0,0.0,1.338,0.0,0.005,3.174,1.69,-2.968,11.239,47.41718857294847,A597P
0.133,-0.194,-0.344,0.01,0.001,-0.102,0.377,0.0,0.0,0.0,0.0,0.0,0.108,-0.18,-0.131,0.642,0.08,0.4004716012772178,L599I
0.657,49.97015948555521,1.83,-0.015,-0.037,0.324,0.777,17.818,1.068,0.0,0.0,0.0,0.023,0.726,2.59,-3.305,11.269,49.992255116424445,L599P
-9.853,11.501,2.028,0.037,-0.265,-0.161,5.172,0.0,0.0,0.0,1.338,0.583,0.0,6.441,0.486,0.936,0.208,18.451182371689924,A597W
-4.13,10.039,4.626,0.0,0.169,-0.869,0.975,0.0,0.0,0.0,1.338,0.0,0.0,3.348,0.651,-2.665,0.588,14.069453771496228,A597N
-4.018,4.465,4.454,0.011,0.167,-0.597,-0.109,0.0,0.0,0.0,0.0,0.0,0.0,3.344,0.284,-2.04,0.067,6.028710509920529,A597K
3.787,-0.722,2.542,-0.007,0.829,-0.218,0.47,0.0,0.0,0.0,0.0,0.0,0.0,1.973,0.208,-3.113,0.029,5.777166863470825,L599Q
-1.744,44.99487235977924,2.773,0.01,0.298,0.07,0.526,0.0,0.0,0.0,0.0,0.0,0.0,2.974,0.278,-1.08,0.076,45.73288933106525,L599Y
-0.324,-0.124,1.362,0.005,0.788,-0.241,0.357,0.0,0.0,0.0,0.0,0.0,0.0,1.701,-0.838,-3.471,-0.605,-1.3887282316617302,A601D
-2.995,2.328,1.726,0.002,0.03,-0.316,-0.046,0.0,0.0,0.0,0.0,0.0,0.0,2.523,0.616,1.93,0.642,6.440384708892111,A597C
-3.195,5.802,7.263,-0.006,0.32,-0.62,-0.316,0.0,0.0,0.0,0.0,0.0,0.0,3.257,0.449,-3.471,0.231,9.714449773743809,A597D
5.977,-0.713,2.452,-0.016,-0.049,-0.219,-0.391,0.0,0.0,0.0,0.0,0.0,0.0,0.044,0.556,-1.952,0.26,5.950613477514708,L599S
3.112,-0.377,3.686,0.029,0.772,0.192,-1.613,0.0,0.0,0.0,0.0,0.0,0.0,3.907,0.198,-2.377,-0.096,7.433472147431871,L599K
4.844,-0.727,1.921,-0.008,-0.008,-0.268,-0.448,0.0,0.0,0.0,0.0,0.0,0.0,-0.299,0.256,-0.51,0.206,4.960560537889478,L599T
-0.478,9.784,1.129,0.009,0.162,0.36,-0.13,0.0,0.0,0.0,0.0,0.0,-0.067,6.163,-0.212,-0.982,-0.058,15.681024369872716,V596L
-0.812,0.462,3.844,0.0,0.046,0.03,-0.278,0.0,0.0,0.0,0.0,-0.513,0.0,0.67,0.576,-1.615,0.323,2.7322442993219056,A597S
-1.82,0.071,0.87,0.02,0.304,-0.295,0.189,0.0,0.0,0.0,0.0,0.0,0.0,1.444,0.144,-0.107,-0.244,0.5758453276113187,A601F
-8.629,14.522,2.01,0.11,-0.323,0.339,3.746,0.0,0.0,0.0,1.338,0.583,0.0,6.872,0.594,-0.743,0.281,20.69971588798569,A597Y
-0.358,49.998992496599634,2.677,-0.002,-0.022,0.092,1.997,16.019,0.0,1.085,0.23,0.086,-0.073,0.704,1.367,-4.286,0.316,49.99954422592941,V596P
4.161,-2.55,7.841,-0.051,-0.016,0.317,0.062,0.0,0.0,0.0,0.0,0.0,0.0,-1.134,-0.049,-2.67,-0.042,5.868436782723848,F602Q
5.305,-1.894,1.432,-0.021,-0.057,0.245,-0.093,0.0,0.0,0.0,0.0,0.0,-0.067,-0.09,-0.301,-1.319,-0.254,2.887716518740149,V596A
-9.71,16.229,2.293,0.104,0.15,0.53,2.735,0.0,0.0,0.0,1.338,0.0,0.0,4.909,0.546,-0.107,0.333,19.34923210233103,A597F
-4.676,49.95090710029775,-2.6,-0.015,0.226,0.124,1.591,0.0,0.0,0.0,0.115,1.731,-0.067,6.702,0.115,-1.425,0.01,49.954374321517534,V596F
-0.733,0.038,0.5,0.001,0.017,-0.119,-0.12,0.0,0.0,0.0,0.0,0.0,0.0,0.134,-0.008,1.93,-0.023,1.6173904651991506,A601C
-2.252,1.091,-0.263,0.034,0.132,0.404,0.299,0.0,0.0,0.0,0.0,0.086,0.0,2.324,-0.107,-0.339,0.102,1.5110339300446185,V596I
-0.662,0.05,0.838,0.01,0.259,-0.125,-0.255,0.0,0.0,0.0,0.0,0.0,0.0,1.174,-0.468,-1.42,-0.482,-1.0788089946630637,A601R
-0.678,0.0,0.838,0.006,0.179,-0.125,-0.105,0.0,0.0,0.0,0.0,0.0,0.0,0.867,-0.481,-2.04,-0.478,-2.0154568247156703,A601K
4.494,-2.677,5.091,0.0,-0.032,0.243,-0.303,0.0,0.0,0.0,0.0,0.086,-0.067,0.606,0.301,-2.933,0.087,4.8983489490588,V596S
7.285,-1.911,2.538,-0.022,-0.057,0.243,-0.013,0.0,0.0,0.0,0.0,0.0,-0.043,-0.09,0.522,-1.845,0.619,7.227222421806118,V596G
-1.249,0.026,1.673,0.008,0.618,0.094,-0.972,0.0,0.0,0.0,-0.681,0.0,0.0,2.115,-0.547,-2.776,-0.581,-2.2704123903921527,A601Q
-1.621,0.015,0.744,0.092,0.12,-0.049,0.049,0.0,0.0,0.0,0.0,0.0,0.076,0.576,1.86,0.979,9.216,12.058546928840316,A601I
-3.845,16.329,0.955,-0.011,0.241,0.113,-0.051,0.0,0.0,0.0,0.0,0.0,-0.067,2.045,0.012,-0.986,0.128,14.865255922132633,V596M
0.0,0.0,0.0,0.0,0.0,0.0,0.0,0.0,0.0,0.0,0.0,0.0,0.0,0.0,0.0,0.0,0.0,0.0,A601A
-1.847,0.055,0.916,0.02,0.302,-0.3,0.031,0.0,0.0,0.0,0.0,0.0,0.0,1.68,-0.011,-0.743,-0.126,-0.0225040871796409,A601Y
-1.381,-0.016,1.406,0.002,0.45,-0.394,-0.126,0.0,0.0,0.0,0.0,0.0,0.0,1.38,-0.674,-1.626,-0.593,-1.5695121693963756,A601H
-2.66,48.24852164815635,-0.823,0.004,0.092,0.004,0.122,49.99340033119902,0.02,0.0,0.0,0.0,0.048,0.005,5.5,-2.968,19.537,49.999944712601064,A601P
0.282,0.452,5.696,-0.016,0.564,0.768,-0.29,0.0,0.0,0.0,0.0,0.0,-0.067,3.474,0.436,-3.983,0.318,7.634399103478245,V596N
-0.695,0.02,0.948,0.005,0.394,-0.154,0.397,0.0,0.0,0.0,0.0,0.0,0.0,2.272,-0.265,-4.05,-0.32,-1.4475484528537663,A601E
15.119,-4.604,1.003,-0.057,-0.177,0.522,0.49,0.0,0.0,0.0,0.0,0.0,0.0,-3.888,0.11,-0.421,0.105,8.20328696509057,F602G
-2.834,0.146,1.146,0.018,0.488,-0.239,0.357,0.0,0.0,0.0,0.0,0.0,0.0,1.956,0.036,0.936,0.422,2.432734962023005,A601W
-1.026,0.015,0.983,0.01,0.078,-0.048,0.106,0.0,0.0,0.0,0.0,0.0,0.0,0.828,0.149,0.332,0.116,1.5446949008085085,A601M
1.452,-0.759,2.493,-0.02,-0.045,0.078,-0.614,0.0,0.0,0.0,0.0,0.0,-0.067,0.398,0.301,0.612,0.41,4.241042093250826,V596C
-2.244,1.838,5.574,0.011,0.884,0.019,0.177,0.0,0.0,0.0,0.0,0.086,-0.067,3.943,-0.096,-4.094,-0.026,6.006437991249754,V596Q
0.45,-0.307,-0.092,-0.003,0.0,0.056,0.274,0.0,0.0,0.0,0.0,0.0,0.125,0.0,-0.079,-0.527,-0.058,-0.1601832400587,A601G
-1.114,0.05,0.597,0.015,0.105,-0.061,-0.151,0.0,0.0,0.0,0.0,0.0,0.0,0.126,0.462,0.336,0.126,0.4933254507292304,A601L
1.834,-1.16,3.432,-0.01,0.011,0.088,-0.668,0.0,0.0,0.0,0.0,0.0,-0.067,0.018,0.214,-1.491,0.145,2.3466928792141744,V596T
-0.966,-0.014,1.537,0.003,0.318,-0.527,0.117,0.0,0.0,0.0,0.0,0.0,0.0,1.65,-1.281,-2.665,-0.833,-2.659960048834592,A601N
-1.209,0.481,0.342,0.021,0.061,-0.21,0.122,0.0,0.0,0.0,0.0,0.0,0.076,0.06,1.284,1.318,9.186,11.53289674681298,A601V
-0.125,0.052,1.005,0.0,0.033,-0.216,-0.228,0.0,0.0,0.0,0.0,0.0,0.0,0.269,-0.166,-1.615,-0.076,-1.0661281429219116,A601S
-0.907,-0.846,7.19,0.014,1.443,-1.257,-0.649,0.0,0.0,0.0,0.0,0.0,0.0,4.168,-0.162,-1.757,-0.032,7.205690398732145,L600R
-1.063,-0.019,1.46,0.006,0.137,-0.042,-1.147,0.0,0.0,0.0,-0.54,0.0,0.0,0.96,1.04,-0.173,2.284,2.9036280384495967,A601T
-7.224,49.99998802716152,0.801,-0.015,0.192,0.76,0.355,0.0,0.0,0.0,-0.365,1.295,-0.067,7.219,0.168,-2.061,-0.04,49.999988504698415,V596Y
-4.098,5.873,9.534,0.025,0.857,1.017,0.792,0.0,0.0,0.0,0.0,0.0,-0.067,5.648,-0.008,-3.358,-0.223,15.99405404594529,V596K
-0.024,49.99796595763802,3.493,0.009,-0.044,0.42,1.937,21.47,0.933,0.0,0.0,0.086,0.264,0.866,1.584,-3.305,4.272,49.99943359344732,L600P
-0.791,1.234,8.279,-0.011,0.945,0.327,-0.887,0.0,0.0,0.0,0.0,0.0,-0.067,3.699,-0.207,-5.368,-0.329,6.826012179440227,V596E
3.072,4.83,2.348,-0.075,-0.169,0.745,0.627,0.0,0.0,0.0,0.0,0.0,0.0,-0.787,0.058,0.439,-0.094,10.99450487184447,F602M
0.0,0.0,0.0,0.0,0.0,0.0,0.0,0.0,0.0,0.0,0.0,0.0,0.0,0.0,0.0,0.0,0.0,0.0,L600L
-7.179,31.608,6.944,0.027,0.7,0.317,2.906,0.0,0.0,0.0,-0.25,2.072,-0.067,8.323,-0.12,-2.738,-0.214,42.32991138949399,V596R
3.128,-1.018,5.459,0.01,-0.035,0.387,-0.661,0.0,0.0,0.0,0.0,0.086,0.0,0.521,-0.488,-0.51,-0.134,6.743891037367575,L600T
3.721,-1.27,2.28,-0.013,-0.093,0.172,-0.226,0.0,0.0,0.0,0.0,0.0,0.0,0.145,0.071,1.593,0.119,6.497835727993902,L600C
3.674,-1.289,6.788,-0.012,0.242,0.111,-0.169,0.0,0.0,0.0,0.0,0.0,0.0,2.037,-0.169,-3.808,-0.083,7.322117794660471,L600D
5.705,-1.362,4.274,-0.014,-0.077,-0.182,-0.267,0.0,0.0,0.0,0.0,0.0,0.0,0.786,-0.078,-1.952,0.114,6.945925181135522,L600S
-0.67,42.75412611925581,0.575,0.039,0.104,0.494,0.156,0.0,0.0,0.0,0.0,0.191,-0.077,6.032,0.1,0.642,0.192,44.58663158277128,L600I
-12.622,49.99849777034284,1.179,0.017,0.22,0.455,-0.181,0.0,0.0,0.0,0.0,0.086,-0.067,5.312,0.086,-0.382,-0.09,49.99809135901938,V596W
6.309,-1.384,1.027,-0.015,-0.11,0.125,0.004,0.0,0.0,0.0,0.0,0.0,0.0,-0.028,0.544,-0.337,0.41,6.545580944169728,L600A
7.985,49.29848269353656,-0.609,0.007,0.059,-0.576,2.783,0.0,0.0,0.0,0.419,2.313,0.026,2.065,0.853,1.085,0.446,49.64133521089574,F602I
1.4,-1.189,5.397,-0.007,0.617,-0.101,0.001,0.0,0.0,0.0,0.0,0.0,0.0,1.801,-0.049,-3.113,-0.011,4.745675310858587,L600Q
6.03,-3.078,9.889,-0.052,0.059,0.055,0.735,0.0,0.0,0.0,0.0,0.0,0.0,-0.643,-0.029,-3.943,-0.087,8.93548553748542,F602E
-3.158,4.475,-0.305,0.008,0.115,0.076,-0.055,0.0,0.0,0.0,0.0,0.0,0.0,3.379,-0.223,-0.444,-0.121,3.7462010333440494,L600F
-1.543,-0.022,5.55,-0.01,0.321,-0.063,-0.691,0.0,0.0,0.0,0.0,0.0,0.0,2.852,-0.346,-1.963,-0.175,3.911906671926772,L600H
8.334,-2.351,2.463,-0.027,-0.108,0.249,-0.147,0.0,0.0,0.0,0.0,0.0,0.234,-0.154,0.559,-0.864,0.67,8.857855861118082,L600G
2.129,-1.266,6.829,-0.008,0.735,-0.036,-0.105,0.0,0.0,0.0,0.0,0.0,0.0,2.644,0.097,-4.386,0.183,6.815696197099214,L600E
8.938,-3.217,8.935,-0.053,0.085,-0.302,0.639,0.0,0.0,0.0,0.0,0.0,0.0,-1.978,-0.012,-3.365,-0.088,9.58423304579594,F602D
7.482,-3.31,6.647,-0.051,0.058,-0.247,0.056,0.0,0.0,0.0,0.0,0.0,0.0,-0.994,0.03,-2.559,0.042,7.153367059454922,F602N
5.232,0.755,-0.026,-0.034,-0.183,0.021,0.077,0.0,0.0,0.0,0.073,-0.12,0.0,-3.305,-0.134,0.443,-0.061,2.739487639909953,F602L
2.604,-2.059,6.83,-0.048,0.126,-0.465,-0.363,0.0,0.0,0.0,0.0,0.0,0.0,-0.825,-0.051,-1.519,-0.141,4.086635724814641,F602H
-5.446,49.86594314552953,1.766,-0.043,0.112,0.828,0.427,0.0,0.0,0.0,-0.072,0.805,0.0,3.62,-0.024,1.042,0.077,49.88152581226662,F602W
9.119,-3.204,1.903,-0.055,-0.168,0.521,-0.175,0.0,0.0,0.0,0.0,0.0,0.0,-3.14,0.073,2.036,-0.269,6.6413240399296,F602C
-8.875,22.64,-0.459,0.016,0.378,0.596,0.235,0.0,0.0,0.0,0.0,0.0,0.0,6.508,-0.051,0.599,0.109,21.696827974073926,L600W
0.0,0.0,0.0,0.0,0.0,0.0,0.0,0.0,0.0,0.0,0.0,0.0,0.0,0.0,0.0,0.0,0.0,0.0,F602F
7.428,49.543808302378665,0.675,-0.037,-0.127,0.775,0.425,0.0,0.0,0.0,0.221,0.286,0.026,-1.425,0.636,1.424,0.26,49.700594772976466,F602V
0.568,1.868,8.139,0.065,0.684,0.59,-2.317,0.0,0.0,0.0,0.0,0.0,0.0,4.061,-0.017,-2.377,0.019,11.283363097770348,L600K
12.763,-3.678,0.407,-0.056,-0.177,0.81,0.462,0.0,0.0,0.0,0.0,0.0,0.0,-3.888,-0.13,0.106,-0.139,6.480550701740299,F602A
2.506,-1.026,5.481,-0.011,0.218,-0.002,-0.518,0.0,0.0,0.0,0.0,0.0,0.0,1.657,-0.37,-3.002,-0.129,4.803408604760648,L600N
7.349,49.99941899757312,3.242,-0.053,-0.1,0.838,1.007,24.227,0.0,1.988,0.0,0.0,0.008,-1.527,-0.859,-2.862,0.637,49.9998502586351,F602P
-4.451,10.079,1.467,0.01,0.147,0.406,-0.136,0.0,0.0,0.0,0.0,0.0,0.0,3.74,-0.31,-1.08,-0.149,9.72237383100628,L600Y
2.942,1.12,10.549,-0.039,0.072,0.174,2.107,0.0,0.0,0.0,-0.086,0.791,0.0,-1.488,-0.01,-1.933,-0.02,14.17862237340546,F602K
1.445,43.93,-0.755,0.038,-0.069,0.202,1.172,0.0,0.0,0.0,-0.071,0.912,-0.077,0.451,0.09,0.981,0.21,48.46005289927359,L600V
-0.069,1.328,1.818,-0.007,0.078,0.056,-0.014,0.0,0.0,0.0,0.0,0.0,0.0,1.988,0.273,-0.005,0.104,5.550978029538555,L600M
9.326,7.088,3.207,-0.051,-0.096,0.29,-0.811,0.0,0.0,0.0,0.0,0.0,0.0,-3.875,-0.285,-0.067,-0.369,14.35862757438838,F602T
12.019,-3.577,4.5,-0.056,-0.155,0.202,-0.399,0.0,0.0,0.0,0.0,0.0,0.0,-2.538,-0.453,-1.508,-0.474,7.561229991538198,F602S
-1.717,1.549,2.688,0.018,0.016,0.056,0.208,0.0,0.0,0.0,0.0,0.086,0.0,0.869,0.025,-0.637,0.061,3.222299301767862,F602Y
-2.213,15.46,11.716,-0.048,0.208,1.015,1.854,0.0,0.0,0.0,1.633,1.887,0.0,1.954,-0.091,-1.314,-0.082,31.978539276255333,F602R
1.056,-0.906,-0.095,-0.002,-0.076,0.011,0.377,-0.103,0.0,0.0,0.0,0.0,-0.002,-0.042,0.913,2.967,0.116,4.214564174375596,P604A
0.859,-0.892,0.393,0.004,0.047,0.0,0.402,-0.103,0.0,0.0,0.0,0.0,-0.002,1.096,1.134,0.928,0.477,4.341010371482639,P604K
1.473,0.005,-1.978,-0.008,-0.579,0.385,0.703,0.0,0.0,0.0,0.0,0.0,0.0,-1.577,0.206,2.775,0.468,1.872950666021211,Q603A
0.029,-0.901,0.478,0.028,0.067,-0.029,0.345,-0.103,0.0,0.0,0.0,0.0,0.006,1.458,1.375,3.946,0.639,7.337728486872379,P604I
0.765,-0.891,0.599,0.003,0.167,-0.09,0.302,-0.103,0.0,0.0,0.0,0.0,-0.002,1.605,1.309,0.302,0.664,4.628757240386108,P604N
1.552,-0.918,0.062,-0.003,-0.076,0.036,0.346,-0.103,0.0,0.0,0.0,0.0,0.023,-0.042,1.811,2.441,1.058,6.186702299644139,P604G
0.821,-0.887,0.464,0.001,0.278,-0.036,0.227,-0.103,0.0,0.0,0.0,0.0,-0.002,2.362,0.995,1.342,0.447,5.907088402528075,P604H
-0.613,48.908,-1.937,-0.005,-0.559,-0.103,4.3,9.732,0.0,0.0,1.623,2.408,0.172,-0.829,0.513,-0.193,1.087,42.95700582255469,Q603P
0.467,-0.899,0.589,0.009,-0.073,-0.029,0.267,-0.103,0.0,0.0,0.0,0.0,-0.002,1.406,1.307,3.3,0.405,6.6418615687605325,P604M
0.189,-0.903,0.023,0.019,-0.019,-0.036,0.325,-0.103,0.0,0.0,0.0,0.0,0.006,1.322,1.309,4.285,0.563,6.9788389141332345,P604V
0.0,0.0,0.0,0.0,0.0,0.0,0.0,0.0,0.0,0.0,0.0,0.0,0.0,0.0,0.0,0.0,0.0,0.0,P604P
1.327,-0.014,-2.594,-0.004,-0.634,-0.351,2.207,0.0,0.0,0.0,0.0,0.583,0.0,-2.029,-0.297,2.009,-0.284,-0.0783431082968491,E605K
0.752,-0.882,0.325,0.02,0.131,-0.001,0.33,-0.103,0.0,0.0,0.0,0.0,-0.002,2.22,1.209,2.861,0.425,7.281111356615725,P604F
0.859,-0.891,0.381,0.003,0.108,0.0,0.388,-0.103,0.0,0.0,0.0,0.0,-0.002,3.017,1.214,0.192,0.507,5.670276624187522,P604Q
0.848,-0.885,0.401,0.008,0.126,0.001,0.472,-0.103,0.0,0.0,0.0,0.0,-0.002,1.696,1.062,1.548,0.423,5.593096976622746,P604R
0.815,-0.883,0.801,0.001,0.208,-0.02,-0.005,-0.103,0.0,0.0,0.0,0.0,-0.002,1.561,1.016,-0.503,0.408,3.2903707333747434,P604D
0.9,-0.892,0.309,-0.001,-0.064,0.001,0.165,-0.103,0.0,0.0,0.0,0.0,-0.002,0.39,1.312,4.898,0.364,7.275218845311315,P604C
0.676,-0.889,0.378,0.013,-0.028,-0.007,0.335,-0.103,0.0,0.0,0.0,0.0,-0.002,0.211,1.125,3.304,0.557,5.569057969099845,P604L
0.757,-0.885,0.323,0.019,0.138,-0.001,0.373,-0.103,0.0,0.0,0.0,0.0,-0.002,2.341,1.187,2.225,0.463,6.832844608906612,P604Y
1.01,-0.898,0.465,-0.002,-0.051,-0.047,0.094,-0.103,0.0,0.0,0.0,0.0,-0.002,0.692,1.031,1.353,0.412,3.953947075212227,P604S
0.847,-0.889,0.434,0.003,0.202,-0.008,0.266,-0.103,0.0,0.0,0.0,0.0,-0.002,2.976,1.037,-1.082,0.417,4.097594733714459,P604E
1.339,0.08,-2.581,0.0,-0.555,-0.352,2.264,0.0,0.0,0.0,0.0,0.583,0.0,-1.548,-0.319,2.629,-0.236,1.3066455707459,E605R
0.675,-0.891,0.336,0.016,0.172,0.0,0.395,-0.103,0.0,0.0,0.0,0.0,-0.002,1.497,1.089,3.904,0.374,7.45944044005978,P604W
1.504,0.042,-3.003,-0.009,-0.835,-0.463,2.192,0.0,0.0,0.0,0.0,0.583,0.0,-2.557,0.08,4.049,0.109,1.6922531950716575,E605A
0.012,-0.664,1.055,0.012,0.016,-0.104,0.145,-0.103,0.0,0.0,0.0,0.0,-0.002,0.879,1.27,2.794,0.724,6.032072081010142,P604T
2.474,-0.52,-1.874,-0.009,-0.579,0.408,0.81,0.0,0.0,0.0,0.0,0.0,-0.041,-1.577,0.35,2.249,0.262,1.95273938761909,Q603G
0.836,0.059,-2.496,-0.008,-0.819,-0.557,1.986,0.0,0.0,0.0,0.0,0.583,0.0,-2.484,-0.09,5.979,0.505,3.495176378004885,E605C
1.285,0.06,-2.985,-0.001,-0.879,-0.247,2.409,0.0,0.0,0.0,0.0,0.583,0.0,-2.299,0.105,4.381,0.503,2.9172494544399115,E605M
1.298,-0.015,-0.667,-0.008,-0.557,0.189,0.403,0.0,0.0,0.0,0.0,0.0,0.0,-0.518,-0.121,1.161,0.265,1.430932912218509,Q603S
-0.315,-0.012,-0.662,0.012,-0.365,0.33,0.378,0.0,0.0,0.0,0.0,0.0,0.0,0.137,-0.097,2.669,0.524,2.598335504949091,Q603F
1.548,0.057,-2.668,-0.009,-0.69,-0.506,2.219,0.0,0.0,0.0,0.0,0.583,0.0,-1.522,-1.078,1.384,-0.788,-1.4667589627109692,E605N
0.786,-0.004,0.151,-0.005,-0.332,0.072,0.837,0.0,0.0,0.0,0.0,0.0,0.0,0.499,0.274,-0.695,1.476,3.057533722110179,Q603D
-0.847,49.80544827757535,-2.77,-0.008,-0.773,-0.395,1.405,49.997082823218925,0.0,0.0,0.0,0.583,0.104,-2.557,5.158,1.081,10.377,49.9999963898336,E605P
1.134,0.102,-3.184,0.119,-0.865,-0.228,2.618,0.0,0.0,0.0,0.0,0.583,0.106,-2.386,2.244,5.028,9.39,14.661526549319548,E605I
2.41,-0.576,-3.142,-0.013,-0.8,-0.254,2.484,0.0,0.0,0.0,0.0,0.583,0.345,-2.825,-1.588,3.522,-0.962,-0.8168644844582786,E605G
0.863,0.023,-1.105,-0.007,-0.569,0.293,0.397,0.0,0.0,0.0,0.0,0.0,0.0,-1.351,-0.015,4.705,2.162,5.3944154076804125,Q603C
-0.28,0.004,-0.72,0.0,-0.12,-0.391,1.349,0.0,0.0,0.0,0.0,0.34,0.0,-0.842,-0.277,1.273,-0.286,0.0507015153839347,E605Q
0.818,-0.006,-0.673,-0.003,-0.328,0.257,0.516,0.0,0.0,0.0,0.0,0.0,0.0,0.954,0.098,-1.274,0.323,0.6821333577476025,Q603E
0.574,0.038,-0.412,0.002,-0.388,0.12,0.64,0.0,0.0,0.0,0.0,0.0,0.0,-0.173,0.028,1.356,0.362,2.1452407907120232,Q603R
1.772,0.161,-2.374,-0.01,-0.653,-0.437,1.557,0.0,0.0,0.0,0.0,0.583,0.0,-1.397,-0.544,0.578,-0.423,-1.1849217944786687,E605D
0.202,-0.114,0.403,0.001,-0.499,0.104,0.652,0.0,0.0,0.0,0.115,-0.194,0.0,-1.603,-0.151,2.602,-0.069,1.4479058378368563,Q603T
0.699,-0.007,-3.03,0.011,-0.5,-0.387,1.888,0.0,0.0,0.0,0.0,0.583,0.0,-1.211,-0.367,3.942,-0.343,1.2799845927435172,E605F
-0.283,-0.012,-0.677,0.012,-0.357,0.345,0.477,0.0,0.0,0.0,0.0,0.0,0.0,0.052,-0.036,2.033,0.719,2.271185479496012,Q603Y
1.102,-0.057,-2.954,-0.006,-0.408,-0.363,2.041,0.0,0.0,0.0,0.0,0.583,0.0,-1.711,-0.591,2.423,-0.538,-0.4789181696435207,E605H
0.198,0.025,-0.306,-0.005,-0.227,0.117,0.548,0.0,0.0,0.0,0.0,0.0,0.0,-0.046,0.026,1.15,2.095,3.5753910084322342,Q603H
0.938,0.315,-1.722,-0.001,-0.698,-0.256,1.395,0.0,0.0,0.0,-0.755,0.583,0.0,-2.693,0.957,3.876,2.121,4.058932535041208,E605T
-2.236,1.032,-0.243,0.021,-0.439,0.368,0.254,0.0,0.0,0.0,-0.071,0.009,0.009,-1.1,0.736,3.754,1.768,3.862581157841305,Q603I
1.418,0.087,-3.328,0.006,-0.889,-0.272,2.406,0.0,0.0,0.0,0.0,0.583,0.0,-2.898,0.188,4.386,0.088,1.776192714212698,E605L
0.661,-0.083,-3.038,0.011,-0.495,-0.388,2.119,0.0,0.0,0.0,0.0,0.583,0.0,-1.077,-0.183,3.306,-0.229,1.1872375820872776,E605Y
-0.172,0.011,-0.634,0.01,-0.338,0.26,0.612,0.0,0.0,0.0,0.0,0.0,0.0,-0.109,-0.158,3.711,3.019,6.212229622998052,Q603W
0.0,0.0,0.0,0.0,0.0,0.0,0.0,0.0,0.0,0.0,0.0,0.0,0.0,0.0,0.0,0.0,0.0,0.0,E605E
0.242,-0.001,-1.034,0.009,-0.534,0.225,0.52,0.0,0.0,0.0,0.0,0.0,0.0,-1.529,-0.173,3.112,0.053,0.8901341829873672,Q603L
0.563,0.029,-0.18,-0.004,-0.356,-0.022,0.469,0.0,0.0,0.0,0.0,0.0,0.0,-0.048,0.079,0.11,1.164,1.8040580847008407,Q603N
0.322,-0.009,-0.458,0.006,-0.302,0.198,0.279,0.0,0.0,0.0,0.0,0.0,0.0,-0.383,0.016,0.736,0.186,0.589705841906266,Q603K
0.0,0.0,0.0,0.0,0.0,0.0,0.0,0.0,0.0,0.0,0.0,0.0,0.0,0.0,0.0,0.0,0.0,0.0,Q603Q
1.856,0.039,-2.484,-0.011,-0.769,-0.443,1.976,0.0,0.0,0.0,0.0,0.583,0.0,-2.702,0.014,2.434,0.158,0.653930199736692,E605S
0.74,0.113,-2.747,0.007,-0.463,-0.422,2.029,0.0,0.0,0.0,0.0,0.583,0.0,-1.402,-0.259,4.985,0.543,3.709935218054397,E605W
-0.775,0.402,-0.961,0.003,-0.443,0.064,0.229,0.0,0.0,0.0,0.0,0.0,0.0,0.281,0.157,3.108,0.376,2.440312552079263,Q603M
0.104,0.392,-2.561,0.113,-0.775,-0.394,2.517,0.0,0.0,0.0,0.0,0.583,0.106,-2.41,2.392,5.367,9.36,14.795490334348074,E605V
-1.313,1.373,-1.482,0.011,-0.501,0.469,0.089,0.0,0.0,0.0,-0.071,0.009,0.009,-1.206,0.536,4.093,1.456,3.4716051688138805,Q603V
1.85,44.47806839725213,-10.921,0.069,0.094,-1.021,7.042,0.0,0.0,0.0,1.622,2.313,0.0,2.326,-0.444,3.942,-0.153,45.724212887429,E606F
-1.499,0.213,-1.537,0.008,-0.11,-0.799,1.17,0.0,0.0,0.0,0.0,0.583,0.0,0.741,-0.25,0.676,-0.138,-0.941810834960279,R607Y
1.255,0.046,-1.848,-0.013,-0.599,-0.898,2.69,0.0,0.0,0.0,0.0,0.583,0.0,-0.415,0.644,-1.246,0.502,0.7021471919072155,R607N
3.22,0.946,-4.486,0.0,0.033,-0.417,5.993,0.0,0.0,0.0,1.536,1.704,0.0,-0.316,-0.417,1.384,-0.141,9.04095157278016,E606N
3.012,1.105,-6.982,0.047,0.191,-1.68,5.983,0.0,0.0,0.0,1.622,2.315,0.0,2.417,-0.368,2.423,0.051,10.13798881956609,E606H
5.525,-1.867,-9.259,0.0,-0.362,-0.847,6.19,0.0,0.0,0.0,1.622,2.313,0.0,-2.996,-0.066,3.876,0.059,4.191094217994987,E606T
1.639,0.063,-1.12,-0.014,-0.572,-0.809,2.495,0.0,0.0,0.0,0.0,0.583,0.0,0.093,0.976,-2.051,0.637,1.9187574239552987,R607D
4.79,-0.878,-10.64,-0.006,-0.372,-0.723,6.569,0.0,0.0,0.0,1.622,2.313,0.0,-3.125,-0.255,5.979,0.071,5.347869543561956,E606C
5.005,-1.429,-1.748,-0.001,0.041,-0.515,1.216,0.0,0.0,0.0,1.536,2.041,0.0,0.377,-0.551,0.578,-0.202,6.350908294464716,E606D
10.185,-3.559,-10.295,-0.01,-0.877,-1.154,6.257,0.0,0.0,0.0,1.622,2.313,0.05,-3.129,1.021,3.522,2.348,8.298524358307304,E606G
2.991,49.999999440280355,-8.986,-0.004,-0.298,-0.49,8.064,46.35246014522134,1.087,0.0,1.622,1.737,0.0,-0.868,2.275,1.081,7.406,49.99999998865688,E606P
2.889,0.049,-4.372,-0.016,-0.828,-0.155,2.669,0.0,0.0,0.0,0.0,0.583,0.0,-1.945,0.405,1.419,0.516,1.2143903451028564,R607A
-0.371,-0.053,-3.565,0.005,-0.188,-0.231,7.908,0.0,0.0,0.0,1.851,3.498,0.0,0.322,-0.007,2.009,-0.036,11.144251796676258,E606K
3.372,12.76,-13.047,0.052,-0.466,-0.608,7.701,0.0,0.0,0.0,1.622,2.315,0.0,2.4,-0.606,4.386,-0.178,19.70506174319212,E606L
1.681,0.074,-2.651,-0.011,-0.571,-0.322,2.679,0.0,0.0,0.0,0.0,0.583,0.0,0.424,0.31,-2.63,0.167,-0.2665520552009184,R607E
-0.017,11.228,-2.561,0.027,-0.696,-0.084,4.03,0.0,0.0,0.0,1.611,0.623,0.017,0.272,-0.059,2.398,-0.06,16.727721647655926,R607I
-0.362,1.729,-10.318,-0.001,-0.332,-0.265,6.723,0.0,0.0,0.0,1.71,3.498,0.0,-0.369,-0.008,4.381,0.304,6.692263241480077,E606M
8.942,-2.87,-12.417,-0.007,-0.407,-0.701,6.957,0.0,0.0,0.0,1.622,2.313,0.0,-3.374,0.278,4.049,0.47,4.857338681365718,E606A
0.0,0.0,0.0,0.0,0.0,0.0,0.0,0.0,0.0,0.0,0.0,0.0,0.0,0.0,0.0,0.0,0.0,0.0,E606E
2.656,0.064,-2.681,-0.017,-0.805,-0.364,2.47,0.0,0.0,0.0,0.0,0.583,0.0,-1.32,-0.012,-0.195,0.092,0.4717451471086633,R607S
1.135,0.108,-3.251,-0.01,-0.752,-0.369,2.65,0.0,0.0,0.0,0.0,0.583,0.0,-0.799,0.175,1.752,0.294,1.5165044682898952,R607M
0.0,0.0,0.0,0.0,0.0,0.0,0.0,0.0,0.0,0.0,0.0,0.0,0.0,0.0,0.0,0.0,0.0,0.0,R607R
1.583,0.076,-3.441,-0.016,-0.817,-0.277,2.495,0.0,0.0,0.0,0.0,0.583,0.0,-1.836,0.033,3.349,0.337,2.069697499504741,R607C
-0.114,0.339,0.175,0.004,0.024,0.195,-0.502,0.0,0.0,0.0,-0.737,0.0,0.0,0.138,0.0,0.0,0.0,-0.4810742894487703,I608I
-3.98,46.55210862559422,-0.566,0.038,0.121,0.312,-0.785,0.0,0.0,0.0,0.0,0.0,-0.197,6.118,0.405,-1.086,0.08,46.61260652105372,I608F
-1.464,0.31,-1.424,0.004,-0.088,-0.45,1.427,0.0,0.0,0.0,0.0,0.582,0.0,-0.299,-0.032,2.355,0.413,1.3367449996112557,R607W
1.244,3.101,-2.083,-0.011,-0.745,-0.407,2.269,0.0,0.0,0.0,0.166,0.007,0.0,-1.923,-0.333,1.246,-0.269,2.2620997776449485,R607T
-2.349,-0.025,-3.078,0.004,-0.014,-0.345,6.989,0.0,0.0,0.0,1.851,3.498,0.0,0.127,-0.147,2.629,0.025,9.166733495514336,E606R
-2.278,2.165,1.027,-0.02,-0.071,0.063,0.639,0.0,0.0,0.0,0.0,0.0,-0.042,2.538,0.945,-0.647,0.663,4.982595240205683,I612M
3.867,0.39,-4.223,-0.017,-0.824,-0.152,2.671,0.0,0.0,0.0,0.014,0.583,-0.006,-2.295,0.745,0.892,1.094,2.7389161735274,R607G
1.488,-0.012,-2.704,-0.007,-0.239,-0.346,2.013,0.0,0.0,0.0,0.0,0.583,0.0,-1.023,0.169,-0.62,-0.008,-0.7054743449438092,R607K
1.683,0.07,-2.921,-0.011,-0.641,-0.284,2.653,0.0,0.0,0.0,0.0,0.583,0.0,0.415,0.169,-1.357,-0.029,0.331616028181088,R607Q
1.571,47.09009803075565,-10.114,0.089,0.104,-1.361,6.912,0.0,0.0,0.0,1.622,2.315,0.0,2.718,-0.234,3.306,-0.128,47.767950243517596,E606Y
-0.338,48.255,-2.862,0.004,-0.694,0.255,2.061,47.64,0.0,0.0,1.611,0.623,0.121,0.218,5.205,-1.549,3.703,48.47853082269258,R607P
-1.177,0.188,-2.565,0.008,-0.113,-0.627,1.978,0.0,0.0,0.0,0.0,0.583,0.0,0.715,-0.165,1.313,-0.136,0.0029331489025707,R607F
7.906,-2.763,-7.838,-0.006,-0.343,-1.05,6.187,0.0,0.0,0.0,1.622,2.313,0.0,-3.1,0.176,2.434,0.173,5.715615206191615,E606S
4.925,-1.065,-13.587,0.035,-0.088,-0.824,7.358,0.0,0.0,0.0,1.622,2.313,-0.02,-0.908,-0.713,5.367,-0.416,4.001002537468708,E606V
0.959,0.113,-3.377,-0.001,-0.781,-0.38,2.547,0.0,0.0,0.0,0.0,0.583,0.0,-1.862,0.144,1.756,0.102,-0.1961587279654395,R607L
0.128,0.099,-1.708,-0.014,-0.464,-0.775,2.377,0.0,0.0,0.0,0.0,0.583,0.0,-0.354,0.04,-0.206,-0.031,-0.3257962075277874,R607H
2.753,13.76,-11.905,0.049,-0.045,-0.84,7.37,0.0,0.0,0.0,1.622,2.313,-0.02,-0.057,-0.864,5.028,-0.561,18.604457793186725,E606I
-1.895,4.602,-10.809,0.056,0.151,-1.866,8.145,0.0,0.0,0.0,2.485,3.498,0.0,2.357,-0.358,4.985,0.444,11.797734330362118,E606W
0.576,10.896,-3.731,0.019,-0.759,-0.121,3.948,0.0,0.0,0.0,1.611,0.623,0.017,0.226,-0.281,2.737,-0.234,15.526863809175325,R607V
2.423,-0.979,2.024,-0.01,-0.099,-0.432,1.776,0.0,0.0,0.0,1.084,0.0,0.0,-0.906,0.293,-0.695,0.32,4.799470392205535,Q610D
-0.024,0.195,-3.955,0.019,-0.195,0.048,5.176,0.0,0.0,0.0,-0.256,0.042,0.0,-0.261,-0.056,1.273,0.006,2.013469027433757,E606Q
4.535,-1.362,7.207,-0.037,0.211,1.011,-3.321,0.0,0.0,0.0,-0.737,0.0,-0.197,1.45,0.306,-4.45,0.329,4.944871540926783,I608D
8.677,-1.717,3.056,-0.043,-0.049,0.668,-0.701,0.0,0.0,0.0,-0.737,0.0,-0.154,-1.115,1.397,-1.506,1.12,8.89494456800901,I608G
5.604,-1.165,-6.473,-0.018,-0.432,-0.23,1.839,0.0,0.0,0.0,1.541,0.0,0.0,-3.599,-0.466,2.775,-0.305,-0.92790980411678,Q610A
-0.999,-0.617,-2.47,0.001,-0.37,-0.103,1.513,0.0,0.0,0.0,1.541,0.0,0.0,-1.303,-0.021,3.108,0.07,0.3510701453207048,Q610M
-2.276,8.768,-4.95,-0.01,-0.459,0.08,1.934,0.0,0.0,0.0,1.541,0.0,0.0,0.377,-0.124,2.669,-0.22,7.332160964090008,Q610F
-1.841,31.166,-6.13,0.009,-0.375,-0.206,1.768,0.0,0.0,0.0,1.541,0.0,0.057,-1.187,0.319,3.754,0.194,29.06837482331196,Q610I
1.966,-0.65,4.229,-0.007,0.012,-0.137,-0.38,0.0,0.0,0.0,0.0,0.0,-0.011,0.008,0.657,-1.491,0.514,4.710237900635093,V611T
8.153,-2.058,-5.102,-0.014,-0.435,-0.247,1.997,0.0,0.0,0.0,1.541,0.0,0.13,-3.594,0.353,2.249,0.856,3.828420257445487,Q610G
0.0,0.0,0.0,0.0,0.0,0.0,0.0,0.0,0.0,0.0,0.0,0.0,0.0,0.0,0.0,0.0,0.0,0.0,Q610Q
-1.267,6.496,-0.987,-0.028,-0.216,0.021,2.392,0.0,0.0,0.0,1.541,0.0,0.0,-1.131,-0.38,1.15,-0.361,7.230465809659904,Q610H
1.577,29.279,1.046,-0.038,-0.066,0.254,1.536,47.03616584496315,0.0,1.388,0.737,0.0,-0.071,1.566,6.121,-3.947,3.997,49.46419901750514,I612P
-1.23,8.77,10.26,0.008,0.32,1.181,-1.858,0.0,0.0,0.0,0.0,0.0,-0.011,4.675,1.037,-5.368,0.687,18.47062554993852,V611E
2.294,-0.868,-4.626,-0.011,-0.405,-0.162,1.707,0.0,0.0,0.0,1.541,0.0,0.0,-2.976,-0.026,4.705,-0.108,1.066033599706543,Q610C
-4.757,49.99999994162801,-8.037,0.017,-0.196,-0.202,1.341,0.0,0.0,0.0,1.541,0.0,0.0,-1.502,0.465,3.112,0.679,49.999999921085,Q610L
3.731,-1.626,0.553,-0.037,-0.103,0.394,0.06,0.0,0.0,0.0,0.0,0.0,-0.042,0.711,0.921,0.951,0.756,6.269553897911692,I612C
0.763,-0.362,1.649,-0.003,0.237,-0.01,0.302,0.0,0.0,0.0,0.281,0.0,0.0,0.034,-0.027,-1.274,0.015,1.6062178863194276,Q610E
6.854,-1.987,1.018,-0.038,-0.04,0.44,-0.06,0.0,0.0,0.0,0.0,0.0,-0.042,-0.919,1.333,-0.98,1.054,6.634031095953333,I612A
8.803,-3.756,2.153,-0.041,-0.04,0.442,-0.006,0.0,0.0,0.0,0.0,0.0,0.019,-1.265,2.197,-1.506,3.077,10.077515502297388,I612G
1.035,9.528,7.705,0.002,-0.097,-0.024,1.143,0.0,0.0,0.0,0.893,0.0,-0.011,5.484,1.025,-0.986,0.911,26.60929710879236,V611M
0.005,49.5038533000463,-4.765,-0.016,-0.341,-0.213,2.017,49.73412582183512,0.0,1.478,1.541,0.0,0.219,-3.249,6.614,-0.193,15.646,49.99937200915322,Q610P
-0.441,32.505,-7.568,0.008,-0.369,-0.201,1.701,0.0,0.0,0.0,1.541,0.0,0.057,-2.891,0.334,4.093,0.111,28.881977664695683,Q610V
6.482,-1.148,2.277,-0.01,-0.047,0.277,-0.061,0.0,0.0,0.0,0.0,0.0,-0.011,-1.829,1.373,-1.319,1.389,7.373347912102645,V611A
4.926,-1.282,-2.307,-0.012,-0.391,-0.402,1.839,0.0,0.0,0.0,1.541,0.0,0.0,-3.195,-0.421,1.161,-0.431,1.0262726812256917,Q610S
1.918,48.408,3.969,-0.008,0.067,-0.373,-0.296,46.793748770582475,0.0,0.0,0.737,0.0,0.036,-1.616,7.431,-4.286,6.21,49.725533950453,V611P
1.592,-0.651,-0.289,-0.009,-0.155,-0.476,2.307,0.0,0.0,0.0,1.541,0.0,0.0,-0.876,0.283,0.11,0.213,3.590583028286119,Q610N
0.0,0.0,0.0,0.0,0.0,0.0,0.0,0.0,0.0,0.0,0.0,0.0,0.0,0.0,0.0,0.0,0.0,0.0,V611V
1.911,-0.835,2.398,-0.013,-0.03,0.1,-0.332,0.0,0.0,0.0,0.0,0.0,-0.011,0.5,0.879,0.612,0.903,6.08311086105391,V611C
0.601,3.877,-0.595,-0.018,-0.008,0.474,-0.665,0.0,0.0,0.0,-0.737,0.0,-0.197,0.135,0.18,-0.643,0.096,2.499396866733946,I608L
1.214,26.15,-4.318,-0.008,-0.345,-0.449,1.96,0.0,0.0,0.0,1.541,0.0,0.0,-3.232,0.16,2.602,-0.189,25.08722019436982,Q610T
1.213,-1.038,11.303,-0.011,0.27,0.49,-1.889,0.0,0.0,0.0,0.0,0.0,-0.011,3.045,1.377,-4.789,0.862,10.822985504833696,V611D
0.113,0.135,-0.578,0.0,-0.283,-0.349,0.768,0.0,0.0,0.0,1.541,0.0,0.0,-0.897,0.077,0.736,0.047,1.3106262402945958,Q610K
0.359,-0.869,7.486,-0.033,0.17,0.709,-1.094,0.0,0.0,0.0,0.0,0.0,-0.042,3.412,1.063,-5.029,0.64,6.772835494672449,I612E
5.419,-1.133,6.104,-0.009,0.011,0.209,-0.711,0.0,0.0,0.0,0.0,0.0,-0.011,-1.452,1.174,-2.933,0.734,7.4026238563762945,V611S
-0.282,0.087,-1.61,-0.014,-0.061,0.207,0.082,0.0,0.0,0.0,0.0,0.0,-0.042,1.225,0.484,-0.643,0.384,-0.1829641239813781,I612L
0.0,0.0,0.0,0.0,0.0,0.0,0.0,0.0,0.0,0.0,0.0,0.0,0.0,0.0,0.0,0.0,0.0,0.0,A609A
-11.513,49.99999362183346,3.359,0.029,0.111,-0.567,1.722,0.0,0.0,0.0,1.61,0.0,0.0,2.571,-0.686,0.336,-0.492,49.99999265754948,A609L
6.053,-2.199,4.009,-0.037,0.012,0.119,-0.479,0.0,0.0,0.0,0.0,0.0,-0.042,-0.149,1.275,-2.594,0.704,6.671979581337382,I612S
-2.444,40.003,0.918,0.039,0.142,0.121,-0.041,0.0,0.0,0.0,0.0,0.0,-0.011,3.444,0.623,-0.982,0.513,42.32645595805832,V611L
-13.676,50.0,16.325,0.012,0.351,-0.962,2.638,0.0,0.0,0.0,2.348,0.0,0.0,4.624,-0.561,-1.626,-0.014,50.0,A609H
-7.285,49.98463131855427,4.322,-0.02,0.111,0.391,0.483,0.0,0.0,0.0,0.737,0.0,-0.042,3.753,0.883,-0.043,0.876,49.986990189304144,I612W
-3.785,6.454,0.402,0.028,0.056,-0.102,0.395,0.0,0.0,0.0,0.737,0.0,0.0,3.275,0.054,-0.339,0.063,7.239436903441515,V611I
-0.188,-0.18,-0.461,0.003,-0.19,-0.379,1.701,0.0,0.0,0.0,1.541,0.0,0.0,-0.069,-0.124,1.356,-0.172,2.8367751950488582,Q610R
3.888,-0.152,1.439,-0.001,0.0,0.233,-0.125,0.0,0.0,0.0,0.0,0.0,0.01,0.0,0.593,-0.527,0.864,6.221232105642798,A609G
-7.497,44.73638456788592,0.194,0.022,0.066,-0.276,-0.156,0.0,0.0,0.0,0.0,0.0,-0.011,2.908,-0.686,1.318,-0.432,43.75089629756988,A609V
-8.689,49.999990393877574,3.57,0.022,0.24,0.249,-0.192,0.0,0.0,0.0,1.541,-1.197,-0.011,5.507,0.715,-2.061,0.433,49.999990442525885,V611Y
7.588,-1.722,2.489,-0.042,-0.049,0.571,-0.606,0.0,0.0,0.0,-0.737,0.0,-0.197,-1.115,0.591,-0.98,0.273,6.064102122051395,I608A
8.718,-1.603,3.731,-0.011,-0.047,0.246,-0.091,0.0,0.0,0.0,0.0,0.0,-0.046,-1.829,2.283,-1.845,3.434,12.940200727309389,V611G
-2.675,16.366,6.903,0.018,0.189,0.796,-1.097,0.0,0.0,0.0,0.0,0.0,-0.011,5.565,1.006,-4.094,0.618,23.583853747193984,V611Q
-5.167,39.984,14.579,0.003,0.736,0.539,2.721,0.0,0.0,0.0,0.0,0.0,0.0,3.594,-0.521,-3.471,-0.548,39.07018377787467,A609D
1.369,0.387,10.052,-0.038,0.525,0.477,-2.232,0.0,0.0,0.0,0.0,0.0,-0.197,2.203,0.365,-5.029,0.188,8.069842059834968,I608E
3.557,-0.814,3.14,-0.041,-0.023,0.395,-0.739,0.0,0.0,0.0,-0.737,0.0,-0.197,-0.42,0.431,0.951,0.007,5.507578423457176,I608C
2.998,-1.419,0.757,-0.029,-0.033,0.116,-0.027,0.0,0.0,0.0,0.0,0.0,0.0,-1.249,0.027,0.338,0.019,1.4981162735533644,I608V
-7.476,49.8068952957143,6.601,-0.024,0.659,1.429,1.44,0.0,0.0,0.0,0.0,0.0,-0.042,6.999,0.921,-2.399,0.502,49.86308204693782,I612R
6.132,-0.298,2.641,-0.04,0.072,0.647,-0.652,1.092,0.0,0.0,-0.737,0.0,-0.049,-0.81,0.169,-3.947,0.915,5.133120013427401,I608P
-0.695,1.159,-2.182,-0.014,-0.035,0.145,0.267,0.0,0.0,0.0,0.0,0.0,0.0,1.307,0.0,0.0,0.0,-0.0469993568176505,I612I
-6.008,49.7266840195913,12.632,0.006,0.592,-0.45,6.883,0.0,0.0,0.0,1.949,0.0,0.0,5.562,-0.511,-4.05,-0.431,49.8567019444444,A609E
-4.624,49.99820775765534,6.304,0.019,-0.127,0.346,0.685,0.0,0.0,0.0,0.893,0.0,-0.011,7.5,0.696,-1.425,0.405,49.99882993546333,V611F
-1.479,1.126,4.926,-0.032,0.082,0.449,0.114,0.0,0.0,0.0,0.0,0.0,-0.042,3.58,1.053,-3.755,0.475,6.498362044181363,I612Q
-4.051,38.532,7.285,-0.032,0.239,0.335,-0.275,0.0,0.0,0.0,0.0,0.0,-0.042,1.882,0.843,-2.605,0.55,42.66035200273859,I612H
-2.384,7.624,-5.126,-0.003,-0.4,-0.062,1.971,0.0,0.0,0.0,1.541,0.0,0.0,2.646,-0.155,2.033,-0.203,7.481428848536211,Q610Y
3.974,-0.45,2.249,-0.033,-0.025,0.007,-0.079,0.0,0.0,0.0,0.0,0.0,-0.042,-1.228,0.583,-1.152,0.515,4.319949278456647,I612T
3.8,-1.047,4.908,-0.038,0.241,0.638,-0.871,0.0,0.0,0.0,-0.737,0.0,-0.197,2.038,0.428,-3.644,0.417,5.932775114498099,I608N
-3.794,11.345,-2.018,-0.008,-0.312,0.113,2.409,0.0,0.0,0.0,1.541,0.0,0.0,0.84,-0.143,3.711,0.226,13.91097779700226,Q610W
-6.902,49.8352356185236,9.159,0.008,0.451,-0.147,4.972,0.0,0.0,0.0,1.949,0.0,0.0,5.859,-0.512,-2.776,-0.355,49.89677852732485,A609Q
3.49,-1.542,6.205,-0.034,0.182,0.489,-1.05,0.0,0.0,0.0,0.0,0.0,-0.042,2.345,1.532,-4.45,0.83,7.957534101349779,I612D
-15.172,49.962656757825265,16.217,0.12,0.371,-1.217,5.195,0.0,0.0,0.0,3.373,1.365,0.0,16.281,-0.552,-2.04,-0.547,49.98534721511198,A609K
-1.803,15.16,6.858,-0.039,0.295,0.185,-1.01,0.0,0.0,0.0,-0.737,0.0,-0.197,4.919,0.34,-2.605,0.187,21.55276572651689,I608H
-7.357,49.999628972184695,4.343,0.002,0.042,0.133,1.081,48.45497614751947,0.0,1.38,0.0,0.0,0.042,0.406,3.303,-2.968,2.382,49.99999479238972,A609P
0.577,9.718,15.936,0.02,0.556,-0.24,2.208,0.0,0.0,0.0,0.893,0.0,-0.011,5.592,1.032,-3.358,0.528,33.452479477202814,V611K
2.231,-1.426,4.469,-0.032,0.144,0.456,0.077,0.0,0.0,0.0,0.0,0.0,-0.042,2.468,1.335,-3.644,0.717,6.751931223490487,I612N
-7.096,49.992716200580695,3.932,-0.021,0.087,0.378,-0.008,0.0,0.0,0.0,0.0,0.0,-0.042,6.297,0.733,-1.722,0.363,49.99351480900698,I612Y
-6.639,48.23553415905937,10.608,0.005,0.709,0.557,-0.328,0.0,0.0,0.0,0.0,0.0,0.0,3.245,-0.238,-2.665,-0.113,48.55868613967454,A609N
-5.636,48.870325935625125,8.33,-0.002,0.306,-0.199,0.164,0.0,0.0,0.0,0.737,0.0,-0.011,5.33,0.737,-2.944,0.526,49.15529955453039,V611H
-0.838,1.006,8.106,-0.007,0.262,0.463,0.19,0.0,0.0,0.0,0.0,0.0,-0.011,2.829,1.188,-3.983,0.748,9.952303717366815,V611N
-11.94,49.97589632305606,2.24,0.138,0.12,-1.926,5.141,0.0,0.0,0.0,4.247,1.365,-0.011,15.937,-0.764,0.979,-0.448,49.986810780118205,A609I
2.136,-1.413,-1.294,-0.025,-0.064,0.182,0.296,0.0,0.0,0.0,0.0,0.0,0.0,0.706,0.02,0.338,0.107,0.9920027478036672,I612V
-4.465,28.849,15.733,0.006,0.185,0.218,2.514,0.0,0.0,0.0,1.63,0.0,-0.011,4.102,0.829,-2.738,0.492,47.34478542958652,V611R
-4.665,49.93369785672174,1.93,-0.011,0.035,0.443,-0.014,0.0,0.0,0.0,0.0,0.0,-0.042,4.822,0.67,-1.086,0.319,49.93976878998352,I612F
-3.554,2.951,12.27,-0.003,0.255,1.302,1.756,0.0,0.0,0.0,0.0,0.0,-0.042,4.559,1.046,-3.019,0.472,17.99314218466077,I612K
-0.696,8.085,7.096,-0.007,0.528,0.663,-0.378,0.0,0.0,0.0,-0.737,0.0,-0.197,3.97,0.421,-3.755,0.2,15.189587166322552,I608Q
-1.601,0.216,7.164,0.001,0.042,-0.215,-1.083,0.0,0.0,0.0,0.0,0.0,0.0,0.631,-0.112,-1.615,0.029,3.4589740092893635,A609S
-7.452,46.936921449032276,0.093,0.001,0.185,1.05,0.652,0.0,0.0,0.0,-0.086,0.791,-0.197,9.259,0.261,-0.043,0.012,47.43104155278403,I608W
-5.364,47.85611797528891,1.803,0.048,0.145,0.755,0.155,0.0,0.0,0.0,-0.809,0.805,-0.197,9.216,0.395,-1.722,0.078,48.259095067539555,I608Y
-19.662,49.99999996865559,14.406,0.124,0.351,-0.65,3.837,0.0,0.0,0.0,2.636,1.365,0.0,15.9,-0.485,-1.42,-0.357,49.999999983501745,A609R
-12.958,49.99709063055874,5.253,0.02,0.434,0.32,-0.638,0.0,0.0,0.0,0.0,0.0,-0.011,6.123,0.81,-0.382,1.176,49.99710758558222,V611W
-5.743,9.159,2.701,0.003,0.029,-0.216,-0.441,0.0,0.0,0.0,0.0,0.0,0.0,2.856,-0.253,1.93,0.616,10.639512973643376,A609C
-14.791,49.94667143922381,3.973,0.029,0.05,-0.504,-0.291,0.0,0.0,0.0,0.0,0.0,0.0,4.545,-0.214,0.332,0.067,49.93000235296605,A609M
-15.27,50.0,6.306,0.054,0.051,0.302,1.747,0.0,0.0,0.0,1.318,-0.612,0.0,5.757,-0.536,-0.743,-0.337,50.0,A609Y
-0.3,19.74,1.246,-0.007,0.019,0.451,-0.736,0.0,0.0,0.0,-0.737,0.0,-0.197,5.3,0.553,-0.647,0.104,24.786842262728896,I608M
-5.475,13.984,5.431,0.02,0.095,-0.302,-0.892,0.0,0.0,0.0,-0.653,0.0,0.0,3.261,-0.458,-0.173,-0.252,14.587932746858542,A609T
3.99,-1.061,3.385,-0.034,0.002,0.093,-0.894,0.0,0.0,0.0,-0.737,0.0,-0.197,-1.045,0.384,-1.152,0.335,3.0681049044848123,I608T
6.99,-1.722,4.204,-0.042,-0.024,0.244,-0.929,0.0,0.0,0.0,-0.737,0.0,-0.197,-0.252,0.602,-2.594,0.421,5.962666882454187,I608S
-0.401,7.482,12.695,-0.026,0.49,0.835,-3.988,0.0,0.0,0.0,-0.737,0.0,-0.197,5.091,0.345,-3.019,0.219,18.78831158115236,I608K
-6.71,27.78,17.294,-0.005,0.454,0.38,-1.995,0.0,0.0,0.0,-0.737,0.0,-0.197,5.456,0.27,-2.399,0.146,39.73435531654161,I608R
-16.629,50.0,6.338,0.056,0.244,-0.058,-0.878,0.0,0.0,0.0,0.46,0.0,0.0,4.309,-0.388,-0.107,-0.175,50.0,A609F
-26.03,50.0,6.306,0.032,0.336,-0.963,-0.187,0.0,0.0,0.0,0.0,0.0,0.0,3.388,-0.342,0.936,0.349,50.0,A609W
-1.72,0.411,-2.341,0.002,-0.294,0.052,3.836,0.0,0.0,0.0,1.494,-0.678,0.0,-1.053,-0.168,3.711,0.044,3.2961646908304374,Q613W
3.044,-0.099,-4.592,-0.019,-0.629,-0.052,3.539,0.0,0.0,0.0,0.0,0.758,0.055,-2.265,0.984,0.892,0.913,2.5302444548849508,R615G
5.359,-1.606,-5.132,-0.008,-0.206,0.029,1.761,0.0,0.0,0.0,0.893,0.0,0.0,-2.861,0.333,2.775,0.333,1.6734222897777045,Q613A
7.066,11.689,-2.372,0.001,-0.723,0.56,1.784,0.0,0.0,0.0,0.893,0.0,-0.012,-0.042,-0.512,4.093,-0.333,22.092931925302537,Q613V
1.341,-0.06,-2.298,-0.013,-0.436,0.012,3.064,0.0,0.0,0.0,0.0,0.758,0.0,0.338,0.067,-1.357,0.039,1.4554983777187545,R615Q
2.285,-0.072,-4.179,-0.018,-0.629,0.123,3.554,0.0,0.0,0.0,0.0,0.758,0.0,-2.265,0.287,1.419,0.223,1.486827989033486,R615A
6.497,-1.731,-4.165,-0.009,-0.206,0.069,1.778,0.0,0.0,0.0,0.893,0.0,-0.009,-2.861,1.005,2.249,1.402,4.911003663683232,Q613G
1.385,-0.059,-3.139,-0.018,-0.618,0.078,2.734,0.0,0.0,0.0,0.0,0.758,0.0,-2.125,0.477,3.349,0.644,3.4688967818566425,R615C
0.616,-0.211,-3.003,0.0,-0.177,-0.017,1.88,0.0,0.0,0.0,0.893,0.0,0.0,-1.244,0.096,3.108,-0.032,1.9098891145770267,Q613M
4.599,-8.492,0.73,-0.024,-0.027,-0.107,-0.167,0.0,0.0,0.0,0.0,0.0,-0.01,1.743,-0.413,0.951,0.338,-0.8787119131717418,I614C
1.162,0.231,-0.554,-0.015,-0.293,-0.299,5.178,0.0,0.0,0.0,0.601,0.784,0.0,-1.101,0.001,-2.051,-0.127,3.5175111526330056,R615D
-0.205,0.266,-1.324,0.001,-0.368,0.075,2.904,0.0,0.0,0.0,0.601,0.784,0.0,-0.932,0.065,1.313,0.17,3.351925543292282,R615F
-0.236,0.414,-5.054,0.007,-0.105,-0.144,1.663,0.0,0.0,0.0,0.893,0.0,0.0,-1.309,-0.356,3.112,-0.03,-1.143464780063027,Q613L
1.794,1.278,-8.346,-0.018,-0.141,-0.392,9.209,17.856,0.0,0.0,1.574,0.758,0.096,-0.462,2.255,-1.549,2.636,26.55122692808584,R615P
1.354,-0.057,-2.029,-0.014,-0.368,0.008,4.777,0.0,0.0,0.0,0.0,0.758,0.0,0.355,-0.099,-2.63,-0.093,1.9651743262086256,R615E
2.122,-0.063,-2.741,-0.018,-0.605,-0.043,2.798,0.0,0.0,0.0,0.0,0.758,0.0,-1.842,0.443,-0.195,0.331,0.947450931205708,R615S
2.972,-1.616,0.253,-0.006,0.236,-0.416,2.311,0.0,0.0,0.0,0.893,0.0,0.0,0.283,0.106,-0.695,0.211,4.533057204366173,Q613D
3.687,-1.327,-4.772,0.0,-0.064,0.07,1.26,3.572,0.0,0.0,0.893,0.0,0.043,-2.473,1.137,-0.193,1.551,3.3865023705485555,Q613P
1.124,-0.057,-3.328,-0.002,-0.575,0.061,3.45,0.0,0.0,0.0,0.0,0.758,-0.048,-2.202,-0.149,2.737,-0.001,1.7673296890556005,R615V
0.913,1.341,-4.69,0.025,-0.071,0.058,1.737,0.0,0.0,0.0,0.893,0.0,-0.012,1.29,-0.579,3.754,-0.35,4.311291321072076,Q613I
1.273,-0.683,-2.106,0.009,0.426,-0.11,1.147,0.0,0.0,0.0,0.893,0.0,0.0,1.29,0.012,0.736,0.005,2.8930653483404285,Q613K
-4.59,8.645,1.759,-0.011,0.018,-0.098,-0.912,0.0,0.0,0.0,0.0,0.0,0.259,-1.941,1.06,2.456,0.135,6.782037221581618,G616C
0.329,0.5,-2.168,0.0,-0.52,-0.195,3.358,0.0,0.0,0.0,0.601,0.784,0.0,-2.728,-0.122,1.756,0.004,1.6017025630642363,R615L
0.935,-0.057,-2.655,0.007,-0.556,0.114,3.479,0.0,0.0,0.0,0.0,0.758,-0.048,-1.957,-0.211,2.398,0.029,2.2366350779722097,R615I
0.991,-0.028,-2.365,-0.013,-0.567,0.163,2.937,0.0,0.0,0.0,0.0,0.758,0.0,-0.797,0.199,1.752,0.339,3.369316194514795,R615M
3.298,-1.628,-4.315,-0.007,-0.175,-0.068,1.773,0.0,0.0,0.0,0.893,0.0,0.0,-2.388,0.108,4.705,0.034,2.230047965273343,Q613C
1.253,-1.294,1.173,-0.001,0.132,-0.232,2.981,0.0,0.0,0.0,0.893,0.0,0.0,-0.04,0.024,-1.274,0.06,3.675770739092058,Q613E
-0.71,0.841,0.479,0.005,-0.008,-0.037,-0.838,0.0,0.0,0.0,0.0,0.0,0.0,-1.871,0.0,0.0,0.0,-2.1391498151774613,G616G
-6.963,13.857,0.656,0.027,0.042,0.037,-1.173,0.0,0.0,0.0,0.0,0.0,0.039,-1.633,3.847,1.505,2.549,12.79304452652582,G616I
-0.598,-0.783,0.611,0.008,0.213,0.077,0.943,0.0,0.0,0.0,0.893,0.0,0.0,0.324,-0.062,1.356,-0.018,2.965294494308864,Q613R
-1.895,0.785,0.29,-0.013,-0.02,-0.048,-0.664,0.0,0.0,0.0,0.0,0.0,0.259,-1.971,1.245,0.526,0.763,-0.740128749307928,G616A
2.006,-1.618,-1.133,-0.003,0.19,-0.699,1.623,0.0,0.0,0.0,0.893,0.0,0.0,-0.03,0.12,0.11,0.206,1.667144748622377,Q613N
1.381,-0.116,-0.763,-0.005,-0.072,0.248,0.418,0.0,0.0,0.0,0.0,0.0,0.0,-0.012,1.322,0.172,0.89,3.464974108685851,T618A
0.154,0.178,-0.718,-0.016,-0.238,0.433,0.566,0.0,0.0,0.0,0.0,0.356,0.0,-0.537,0.034,-0.206,0.115,0.1228150829915648,R615H
4.91,-1.605,-2.997,-0.006,-0.149,-0.053,1.474,0.0,0.0,0.0,0.893,0.0,0.0,-2.484,0.33,1.161,0.235,1.709137612410359,Q613S
-1.738,14.228,-2.612,0.014,-0.129,-0.405,1.708,0.0,0.0,0.0,0.893,0.0,0.0,-0.196,-0.218,2.669,-0.083,14.130056999915382,Q613F
1.776,-0.076,-2.738,-0.011,-0.564,-0.073,2.906,0.0,0.0,0.0,0.0,0.758,0.0,-2.032,0.154,1.246,0.229,1.5769937971905392,R615T
0.0,0.0,0.0,0.0,0.0,0.0,0.0,0.0,0.0,0.0,0.0,0.0,0.0,0.0,0.0,0.0,0.0,0.0,Q613Q
-4.232,1.515,3.395,0.025,0.211,0.086,-2.03,0.0,0.0,0.0,-1.489,0.0,0.259,0.932,1.158,-2.139,0.147,-2.160899612184835,G616N
1.357,-0.052,-2.399,-0.012,-0.514,0.084,2.997,0.0,0.0,0.0,0.0,0.758,0.0,-1.172,-0.014,-0.62,-0.049,0.3644427335137834,R615K
1.284,0.224,-2.897,0.002,-0.305,0.209,3.024,0.0,0.0,0.0,0.0,0.758,0.0,-0.012,0.106,0.676,0.129,3.200527415342321,R615Y
1.185,-0.565,0.775,-0.022,-0.019,0.004,0.19,0.0,0.0,0.0,0.0,0.0,0.0,0.29,0.62,-1.442,0.389,1.4042372753668817,T618S
-2.283,12.528,-0.011,0.012,-0.07,-0.316,0.226,0.0,0.0,0.0,1.544,-0.289,0.0,-0.872,-0.1,2.033,-0.122,12.28139723004415,Q613Y
-4.844,4.425,2.157,0.017,0.057,-0.201,-1.905,0.0,0.0,0.0,-0.78,0.0,0.259,-1.863,1.787,0.353,0.954,0.41836360334662,G616T
0.0,0.0,0.0,0.0,0.0,0.0,0.0,0.0,0.0,0.0,0.0,0.0,0.0,0.0,0.0,0.0,0.0,0.0,R615R
1.558,-0.083,-2.239,-0.014,0.016,0.218,2.158,0.0,0.0,0.0,0.0,0.08,0.0,0.848,0.378,-1.246,0.31,1.98462164579621,R615N
0.043,-0.025,0.058,0.001,0.139,0.094,0.493,0.0,0.0,0.0,0.0,0.0,0.0,2.415,0.765,-2.603,0.391,1.768969477961832,T618Q
8.553,-11.517,-0.152,-0.022,-0.083,0.087,0.317,0.0,0.0,0.0,0.0,0.0,-0.01,0.779,-0.3,-0.98,0.118,-3.2091158292096225,I614A
-0.311,-0.327,-0.044,-0.004,0.312,-0.011,1.538,0.0,0.0,0.0,1.494,-1.404,0.0,-0.36,0.073,1.15,0.101,2.2074851562126696,Q613H
10.607,-11.532,0.584,-0.023,-0.083,0.105,0.368,0.0,0.0,0.0,0.0,0.0,0.15,0.779,0.809,-1.506,1.595,1.852891221157052,I614G
-1.494,44.66855707893954,1.755,0.008,0.778,-0.431,1.687,0.0,0.0,0.0,0.0,0.0,-0.01,5.327,-0.322,-1.086,0.041,45.79924106815909,I614F
-0.716,0.022,-0.789,0.011,0.03,0.261,0.271,0.0,0.0,0.0,0.0,0.0,0.0,0.019,0.812,0.509,0.437,0.8667639604343549,T618L
0.709,-0.047,-2.723,0.0,-0.17,0.06,3.024,0.0,0.0,0.0,0.0,0.758,0.0,-0.237,0.193,2.355,0.276,4.198876488050814,R615W
-1.736,1.279,1.227,-0.02,0.362,-0.038,0.801,0.0,0.0,0.0,0.0,0.0,0.0,1.42,0.25,-1.453,0.312,2.404130533212765,T618H
2.801,0.619,-2.775,-0.003,-0.153,0.079,1.442,0.0,0.0,0.0,0.893,0.0,0.0,-2.467,-0.066,2.602,0.163,3.1366877153344603,Q613T
0.206,-0.518,0.596,-0.017,0.265,0.114,0.612,0.0,0.0,0.0,0.0,0.0,0.0,2.424,0.782,-3.877,0.492,1.0775481997518457,T618E
-5.165,4.354,5.306,-0.005,0.35,-0.073,-1.529,0.0,0.0,0.0,0.0,-0.336,0.259,0.341,1.964,-3.523,1.052,2.99597756790115,G616E
2.932,21.429,2.339,-0.029,0.003,0.319,0.9,49.816163750938045,0.0,0.912,0.0,0.0,0.133,-0.889,6.357,-3.947,9.843,49.963276071883385,I614P
-1.886,48.99531652546525,-0.669,-0.003,-0.014,0.012,0.814,41.958191220204135,0.0,0.0,0.0,0.0,0.02,-0.012,3.298,-2.795,12.23,49.94286359690194,T618P
-5.532,4.631,3.931,0.003,0.275,-0.126,-0.656,0.0,0.0,0.0,0.0,0.0,0.259,-0.449,1.953,-1.513,1.158,3.935012815770847,G616K
0.076,-0.023,-0.575,-0.004,-0.057,0.178,0.271,0.0,0.0,0.0,0.0,0.0,0.0,0.341,0.537,2.103,0.581,3.42777933654088,T618C
-8.217,49.99999999992987,1.26,0.002,-0.027,-0.039,2.197,0.0,0.0,0.0,0.0,0.758,0.259,-1.743,1.309,0.42,0.635,49.99999999992034,G616F
3.404,-0.751,-8.041,-0.003,-0.321,-0.423,6.788,0.0,0.0,0.0,1.574,0.0,0.0,-1.357,-0.332,3.47,-0.278,3.7295857486578825,D619A
6.873,-10.313,4.484,-0.019,0.717,-0.251,7.465,0.0,0.0,0.0,1.574,0.0,-0.01,5.345,0.206,-4.45,0.428,12.048284947003822,I614D
0.081,-0.564,2.12,-0.02,0.259,-0.247,0.442,0.0,0.0,0.0,0.0,0.0,0.0,2.133,0.806,-3.298,0.439,2.1502611652139194,T618D
1.928,-0.501,-0.371,-0.025,-0.084,0.228,0.759,0.0,0.0,0.0,0.0,0.0,0.066,-0.112,1.387,-0.354,1.317,4.236526632065306,T618G
-6.118,24.784,-0.248,0.022,0.042,0.057,-1.518,0.0,0.0,0.0,0.0,0.0,0.039,-0.897,4.14,1.844,2.408,24.555073337075783,G616V
-0.842,0.029,-0.962,0.012,-0.026,0.06,0.445,0.0,0.0,0.0,0.0,0.0,-0.011,-0.001,0.5,1.49,0.356,1.0507530170611972,T618V
5.196,-1.194,-0.754,-0.048,-0.536,0.46,0.209,0.0,0.0,0.0,0.0,0.0,0.131,-2.987,0.024,0.215,0.289,1.0045025075613694,Y617G
0.969,-0.862,2.06,-0.007,1.074,0.0,0.037,0.0,0.0,0.0,0.0,0.0,0.0,0.555,0.116,-3.307,0.116,0.7505097544824366,Y617E
-5.664,6.659,-0.206,0.012,-0.291,0.199,1.584,0.0,0.0,0.0,0.0,0.758,0.259,-2.319,2.6,0.863,1.828,6.285018791577272,G616L
-0.859,0.053,-0.23,0.02,0.042,0.081,0.403,0.0,0.0,0.0,0.0,0.0,-0.011,0.056,0.598,1.151,0.4,1.7043269440709992,T618I
0.005,-2.143,0.042,0.005,0.002,-0.008,0.073,0.0,0.0,0.0,0.0,0.0,0.0,1.318,0.0,0.0,0.0,-0.705584817848603,I614I
1.941,-0.867,-0.63,-0.042,-0.481,0.313,0.167,0.0,0.0,0.0,0.0,0.0,0.0,-2.114,0.166,2.672,-0.148,0.9775753803585304,Y617C
-0.431,-0.559,1.31,-0.018,0.221,-0.28,0.739,0.0,0.0,0.0,0.0,0.0,0.0,1.78,0.451,-2.492,0.361,1.0795268940040614,T618N
-0.805,0.009,0.114,0.006,0.049,0.239,0.459,0.0,0.0,0.0,0.0,0.0,0.0,0.871,1.092,0.505,0.673,3.213023218376179,T618M
-6.1,4.703,2.973,-0.003,0.114,-0.096,-0.43,0.0,0.0,0.0,0.0,0.0,0.259,-1.36,1.721,0.859,1.247,3.88895916966419,G616M
-7.816,32.478,4.138,0.231,0.167,0.158,-1.5,0.0,0.0,0.0,0.0,0.0,0.259,2.863,1.093,-1.099,0.418,31.390851132774287,G616H
-2.906,-0.461,1.225,0.003,0.313,0.04,1.05,0.0,0.0,0.0,0.0,0.0,0.0,2.397,0.392,0.066,0.304,2.424465962412569,T618F
-3.93,1.52,4.881,0.01,0.274,0.072,-3.228,0.0,0.0,0.0,-0.571,0.0,0.259,0.375,1.124,-2.944,0.214,-1.9428443100318875,G616D
-5.477,4.67,3.997,0.014,0.265,-0.267,-1.115,0.0,0.0,0.0,0.0,0.0,0.259,0.312,1.749,-2.25,1.116,3.274345328919594,G616Q
-0.631,0.247,0.666,-0.029,-0.338,0.549,0.478,0.0,0.0,0.0,0.0,0.0,0.0,0.565,0.169,1.075,-0.166,2.5851146760028314,Y617M
4.534,-11.097,3.113,-0.011,-0.002,-0.181,-1.518,0.0,0.0,0.0,-0.442,-1.163,-0.01,2.544,0.129,-1.152,0.106,-5.149450569359601,I614T
2.807,-7.135,-0.567,0.0,-0.016,0.171,0.22,0.0,0.0,0.0,0.0,0.0,0.0,1.341,-0.119,0.338,0.026,-2.9322305921044745,I614V
0.545,-0.341,1.224,-0.04,0.378,0.035,0.038,0.0,0.0,0.0,0.0,0.0,0.0,0.526,-0.199,-0.883,-0.159,1.1233286228369934,Y617H
-0.423,-0.006,0.468,0.002,0.084,0.122,0.26,0.0,0.0,0.0,0.0,0.0,0.0,0.901,0.627,-1.867,0.282,0.4506546463472887,T618K
-3.277,-0.116,2.267,0.001,0.32,0.097,0.653,0.0,0.0,0.0,0.0,0.0,0.0,2.473,0.352,-0.57,0.249,2.4487162265336337,T618Y
2.494,-7.843,6.726,-0.01,0.835,-0.116,0.045,0.0,0.0,0.0,0.0,0.0,-0.01,4.649,0.059,-3.644,0.306,3.489382909439314,I614N
-4.362,48.84658283996272,0.202,0.002,-0.144,0.378,0.279,49.95100122209389,0.0,0.0,0.0,0.758,-0.008,-1.975,7.319,-2.442,20.314,49.9997462901041,G616P
-2.575,1.262,2.538,0.006,0.024,-0.16,-1.813,0.0,0.0,0.0,-0.71,0.0,0.259,-0.804,0.862,-1.088,0.187,-2.0097535562428,G616S
-10.844,47.239,3.734,0.248,0.039,0.709,-1.929,0.0,0.0,0.0,0.0,0.0,0.259,2.535,1.186,1.462,1.025,45.66468733488921,G616W
0.0,0.0,0.0,0.0,0.0,0.0,0.0,0.0,0.0,0.0,0.0,0.0,0.0,0.0,0.0,0.0,0.0,0.0,T618T
-0.93,14.221,-0.596,-0.011,-0.365,0.268,0.254,0.0,0.0,0.0,0.0,0.0,0.043,-2.603,0.823,1.721,0.429,13.253015604809889,Y617I
-1.416,-0.415,1.074,-0.008,0.287,-0.172,0.598,0.0,0.0,0.0,0.0,0.0,0.0,1.751,0.531,-1.247,0.247,1.2301031938189908,T618R
-0.312,4.887,-0.851,0.02,0.161,-0.104,0.233,0.0,0.0,0.0,0.0,0.0,-0.01,3.937,-0.15,-0.643,0.292,7.4621483321921,I614L
1.974,-0.737,-4.948,0.009,-0.251,-0.664,5.659,0.0,0.0,0.0,1.574,0.0,0.0,-0.819,0.269,3.297,0.294,5.655803306237317,D619T
-6.345,4.926,5.306,0.0,0.27,-0.215,-1.38,0.0,0.0,0.0,0.0,0.0,0.259,-0.684,1.5,-0.893,0.801,3.548106002066902,G616R
1.29,-0.368,-7.212,0.024,0.089,-0.469,6.883,0.0,0.0,0.0,1.574,0.0,0.0,2.004,0.261,3.364,0.17,7.609488175881211,D619F
0.023,44.873,7.698,0.022,1.08,-0.5,0.257,0.0,0.0,0.0,0.0,0.0,-0.01,5.783,-0.505,-2.605,-0.204,40.34768750392031,I614H
-8.627,49.99999965534083,2.618,0.007,-0.048,-0.173,1.592,0.0,0.0,0.0,0.0,0.758,0.259,-0.482,1.32,-0.216,0.654,49.99999962157276,G616Y
5.043,-0.775,-7.048,-0.004,-0.321,-0.469,6.694,0.0,0.0,0.0,1.574,0.0,-0.045,-1.357,0.437,2.943,0.566,7.237570780726401,D619G
2.032,-6.911,9.07,-0.015,0.191,-0.407,-0.552,0.0,0.0,0.0,0.0,0.0,-0.01,4.106,-0.317,-5.029,0.075,2.23386351329134,I614E
-1.167,2.15,-0.147,0.011,0.174,-0.05,0.222,0.0,0.0,0.0,0.0,0.0,0.0,-0.478,0.035,1.678,-0.034,2.395194289450956,Y617W
3.126,-0.891,0.551,-0.045,-0.45,0.227,-0.097,0.0,0.0,0.0,0.0,0.0,0.0,-2.828,0.012,-0.872,0.203,-1.0636054855845032,Y617S
2.284,-0.812,-0.786,-0.042,-0.464,0.307,0.824,2.545,0.0,0.0,0.0,0.0,0.115,-2.608,-0.271,-2.226,0.242,-0.8931971284762312,Y617P
0.881,-0.771,1.9,-0.037,0.254,0.226,0.322,0.0,0.0,0.0,0.0,0.0,0.0,-1.2,-0.669,-1.923,-0.268,-1.2841451438875993,Y617N
-6.308,1.387,1.411,-0.003,0.694,-0.278,0.608,0.0,0.0,0.0,0.0,0.0,0.0,2.139,0.556,1.109,0.73,2.0450118130200963,T618W
1.658,-0.847,2.685,-0.04,0.341,0.137,0.196,0.0,0.0,0.0,0.0,0.0,0.0,-0.489,-0.673,-2.728,-0.245,-0.0058042780688083,Y617D
-2.73,44.12058769966603,5.023,0.007,0.768,-0.586,1.473,0.0,0.0,0.0,0.0,0.0,-0.01,5.916,-0.372,-1.722,0.049,45.63002964053844,I614Y
0.0,0.0,0.0,0.0,0.0,0.0,0.0,0.0,0.0,0.0,0.0,0.0,0.0,0.0,0.0,0.0,0.0,0.0,D619D
1.778,-0.551,-6.518,0.002,0.43,-0.57,6.45,0.0,0.0,0.0,1.574,0.0,0.0,2.354,0.146,1.845,0.122,7.061321239916083,D619H
-0.538,2.077,3.87,-0.033,-0.198,0.866,-3.454,0.0,0.0,0.0,0.0,-1.202,0.0,-0.531,0.121,-1.297,0.242,-0.0772127381598011,Y617K
0.714,-0.88,-8.407,0.014,-0.255,-0.338,7.495,0.0,0.0,0.0,1.574,0.0,-0.08,1.033,0.17,4.788,0.124,5.953274727377448,D619V
3.519,-0.877,-1.743,-0.045,-0.536,0.356,0.333,0.0,0.0,0.0,0.0,0.0,0.0,-2.987,0.173,0.742,0.129,-0.935973607396022,Y617A
-6.965,49.82979867490107,5.387,0.076,1.0,0.187,1.621,0.0,0.0,0.0,0.0,0.0,-0.01,7.721,-0.181,-0.043,0.579,49.882939117949675,I614W
-0.219,-7.176,1.955,-0.016,-0.088,0.109,0.146,0.0,0.0,0.0,0.0,0.0,-0.01,2.355,-0.243,-0.647,0.247,-3.586356119410312,I614M
0.797,-3.647,6.461,-0.02,0.101,-0.733,-0.484,0.0,0.0,0.0,0.0,0.0,-0.01,2.577,-0.292,-3.755,0.052,1.0475322091749604,I614Q
0.726,-0.301,-5.599,0.012,0.141,-0.529,7.114,0.0,0.0,0.0,1.574,0.0,0.0,1.272,-0.203,2.051,-0.095,6.163131956928169,D619R
-0.046,-0.454,-3.239,0.005,-0.081,-0.721,5.62,0.0,0.0,0.0,1.574,0.0,0.0,0.162,-0.085,1.431,-0.156,4.008417448182627,D619K
-0.688,-3.147,9.248,-0.015,0.121,-0.303,0.966,0.0,0.0,0.0,0.0,0.0,-0.01,1.863,-0.258,-3.019,0.116,4.874682974296206,I614K
0.546,13.201,-1.282,-0.021,-0.476,0.111,0.291,0.0,0.0,0.0,0.0,0.0,0.043,-2.61,1.034,2.06,0.586,13.484203127990554,Y617V
-3.542,24.818,-1.63,0.001,-0.402,0.116,0.101,0.0,0.0,0.0,0.0,0.0,0.0,-0.038,0.027,1.079,0.059,20.58874053411376,Y617L
0.0,0.0,0.0,0.0,0.0,0.0,0.0,0.0,0.0,0.0,0.0,0.0,0.0,0.0,0.0,0.0,0.0,0.0,Y617Y
7.545,-11.496,4.347,-0.022,-0.044,0.003,-1.275,0.0,0.0,0.0,-0.442,-0.932,-0.01,2.3,-0.349,-2.594,-0.111,-3.0792831127282625,I614S
1.368,13.39,0.423,-0.039,-0.43,0.036,-0.064,0.0,0.0,0.0,0.0,0.0,0.0,-2.627,0.047,0.569,0.257,12.931283440952257,Y617T
3.002,-0.338,1.269,-0.001,0.0,0.001,0.266,0.0,0.0,0.0,0.0,0.0,-0.054,0.0,1.001,-0.527,2.392,7.011119090343982,A620G
2.478,-0.766,-7.03,0.001,0.366,0.193,7.036,0.0,0.0,0.0,1.574,-1.125,0.0,0.865,-0.264,0.694,0.031,4.052911762586746,D619Q
0.246,-0.105,-6.498,-0.002,-0.307,-0.352,5.731,0.0,0.0,0.0,1.574,0.0,0.0,-1.135,0.293,5.4,0.326,5.170716340221361,D619C
0.65,-0.811,-0.742,0.0,0.013,0.153,1.088,0.0,0.0,0.0,0.0,0.0,0.0,3.339,-0.026,0.636,-0.087,4.2137754329553445,Y617F
0.651,-0.868,1.745,-0.023,0.681,-0.175,-0.718,0.0,0.0,0.0,0.0,0.0,0.0,0.249,-0.053,-2.034,0.004,-0.5412346433090534,Y617Q
-2.906,49.956055568115055,-5.783,-0.002,-0.275,-0.194,7.125,1.056,1.089,0.0,1.574,0.0,0.016,-0.735,0.717,0.502,10.806,49.973857829152884,D619P
-0.6,0.52,3.014,-0.02,0.088,0.491,-0.915,0.0,0.0,0.0,0.0,0.0,0.0,-0.409,0.057,-0.677,0.079,1.626300497819443,Y617R
-1.411,6.965,-8.989,0.023,-0.188,-0.39,6.71,0.0,0.0,0.0,1.574,0.0,-0.08,-0.299,0.105,4.449,0.162,8.631206340319522,D619I
-5.294,5.553,6.545,0.008,0.417,-0.239,-0.917,0.0,0.0,0.0,0.0,0.0,0.0,3.379,0.299,-2.776,0.346,7.322534261250212,A620Q
-3.169,0.828,7.851,0.002,0.232,-0.358,-0.278,0.0,0.0,0.0,0.0,0.0,0.0,3.301,0.755,-3.471,2.307,7.999916847214422,A620D
0.896,0.502,-7.018,0.017,-0.111,-0.395,6.772,0.0,0.0,0.0,1.574,0.0,0.0,-0.255,-0.288,3.807,0.071,5.571554717528329,D619L
-4.101,-3.607,8.635,-0.005,0.315,-0.086,0.075,0.0,0.0,0.0,0.0,0.0,-0.01,4.771,-0.356,-2.399,-0.132,3.101154594672039,I614R
-0.793,1.188,-2.251,0.007,0.005,-0.099,4.575,0.0,0.0,0.0,-0.536,0.0,0.0,2.839,0.135,0.805,0.336,6.210364868790748,D619N
-0.185,0.27,-3.259,0.003,0.475,-0.519,4.816,0.0,0.0,0.0,1.574,0.0,0.0,1.705,-0.361,-0.579,-0.24,3.700738854892052,D619E
2.746,-0.742,-4.634,-0.003,-0.294,-0.556,5.766,0.0,0.0,0.0,1.574,0.0,0.0,-0.441,0.126,1.856,-0.003,5.394707112058086,D619S
0.146,0.006,-7.758,0.001,-0.651,-0.484,9.358,0.0,0.0,0.0,1.574,0.758,0.0,-1.253,-0.131,3.803,0.181,5.550307412584857,D619M
-5.921,22.442,3.41,0.007,0.053,0.012,0.554,0.0,0.0,0.0,0.0,0.0,0.0,2.665,0.254,0.332,1.301,25.10993117524288,A620M
0.0,0.0,0.0,0.0,0.0,0.0,0.0,0.0,0.0,0.0,0.0,0.0,0.0,0.0,0.0,0.0,0.0,0.0,A620A
1.352,-0.435,-7.151,0.023,0.095,-0.47,6.755,0.0,0.0,0.0,1.574,0.0,0.0,1.911,0.289,2.727,0.103,6.775253852852643,D619Y
1.756,4.363,-9.025,0.002,-0.18,-0.856,9.493,0.0,0.0,0.0,1.574,0.758,0.0,0.102,0.142,4.406,-0.021,12.513585382585234,D619W
2.765,-0.811,-0.446,0.001,0.005,-0.349,-0.607,-0.831,0.0,0.0,0.0,0.0,0.014,0.198,0.083,4.898,-0.302,4.61829797541975,P621C
2.512,-0.884,-0.196,0.006,0.129,-0.34,-0.334,-0.831,0.0,0.0,0.0,0.0,0.014,0.759,-0.219,0.928,-0.495,1.0498046257490614,P621K
3.02,-0.833,-0.033,0.0,0.018,-0.467,-0.731,-0.831,0.0,0.0,0.0,0.0,0.014,1.158,-0.212,1.353,-0.521,1.935374537454777,P621S
-3.259,6.544,5.016,-0.001,0.098,-0.085,-1.035,0.0,0.0,0.0,0.0,0.0,0.0,2.5,0.539,-0.173,0.329,10.473664104436692,A620T
4.248,-1.212,-0.523,-0.001,-0.01,-0.299,-0.457,-0.831,0.0,0.0,0.0,0.0,0.003,-0.083,0.398,2.441,0.166,3.840705714183741,P621G
3.152,-0.77,-1.311,0.0,-0.01,-0.332,-0.39,-0.831,0.0,0.0,0.0,0.0,0.014,-0.083,-0.205,2.967,-0.539,1.6629583250004316,P621A
-4.866,5.16,8.531,0.007,0.541,-0.059,-0.308,0.0,0.0,0.0,0.0,0.0,0.0,3.825,0.256,-4.05,0.529,9.566730527590494,A620E
-2.899,1.577,2.292,0.001,0.011,0.046,0.119,0.0,0.0,0.0,0.0,0.0,0.0,2.387,0.305,1.93,0.683,6.45113660133336,A620C
0.0,0.0,0.0,0.0,0.0,0.0,0.0,0.0,0.0,0.0,0.0,0.0,0.0,0.0,0.0,0.0,0.0,0.0,P621P
2.616,-0.872,-0.496,0.022,0.233,-0.356,-0.346,-0.831,0.0,0.0,0.0,0.0,0.014,2.097,-0.161,2.861,-0.158,4.623628253419724,P621F
0.22,-0.559,0.487,0.004,0.705,-1.47,4.291,1.312,0.0,0.0,0.0,0.204,0.0,6.994,0.211,-2.034,0.153,10.519402355917578,Y622Q
-8.218,41.949016521602964,1.686,0.027,0.113,0.008,-0.639,3.152,0.0,0.0,0.0,0.0,-0.012,3.287,0.55,0.979,1.186,42.55463562723004,A620I
-4.597,6.853,5.795,0.013,0.202,-0.019,-0.542,0.0,0.0,0.0,0.0,0.0,0.0,2.551,0.352,-2.04,0.229,8.798312538709297,A620K
1.097,1.35,-1.012,0.028,0.01,-0.203,-0.326,-0.831,0.0,0.0,0.0,0.0,0.034,1.798,0.149,4.285,-0.182,6.197571201916503,P621V
-6.473,6.898,2.347,0.02,0.217,-0.253,0.53,0.0,0.0,0.0,0.0,0.0,0.0,3.686,0.279,-0.107,1.253,8.397062200976166,A620F
12.847,-6.454,-7.811,-0.024,-0.318,-0.504,5.491,0.0,0.0,0.0,-0.053,0.204,0.345,-2.539,0.924,0.215,1.545,3.867841177768696,Y622G
2.281,-0.805,0.593,0.004,0.261,-0.124,-0.987,-0.831,0.0,0.0,0.0,0.0,0.014,2.147,-0.469,-1.082,-0.543,0.4596105335917855,P621E
2.429,0.152,0.439,-0.002,0.178,-0.275,-1.013,-0.831,0.0,0.0,0.0,0.0,0.014,1.113,-0.36,0.192,-0.406,1.6295837866230158,P621Q
-5.706,2.472,5.843,0.002,0.383,-0.332,-0.009,0.0,0.0,0.0,0.0,0.0,0.0,2.914,0.0,-1.626,0.433,4.376150618547172,A620H
2.643,-0.908,-0.502,0.02,0.248,-0.355,-0.352,-0.831,0.0,0.0,0.0,0.0,0.014,1.827,-0.161,2.225,-0.205,3.664470895055388,P621Y
1.918,-0.892,-0.42,0.007,0.015,-0.294,-0.42,-0.831,0.0,0.0,0.0,0.0,0.014,1.266,-0.35,3.3,-0.276,3.0379281929476747,P621M
-9.029,6.335,4.727,0.017,0.229,-0.319,0.542,0.0,0.0,0.0,0.0,0.0,0.0,2.972,0.335,0.936,10.531,17.277150858736945,A620W
2.611,-0.856,-0.497,0.018,0.292,-0.354,-0.241,-0.831,0.0,0.0,0.0,0.0,0.014,1.35,-0.248,3.904,-0.358,4.8038004693172525,P621W
2.269,-0.835,-0.557,0.015,0.086,-0.349,-0.37,-0.831,0.0,0.0,0.0,0.0,0.014,0.004,-0.422,3.304,-0.287,2.041472599227859,P621L
2.638,-0.865,-0.159,0.003,0.405,-0.429,-0.953,-0.831,0.0,0.0,0.0,0.0,0.014,2.341,-0.207,1.342,-0.276,3.023408533586803,P621H
-4.707,7.036,6.146,0.015,0.595,0.454,-2.144,0.0,0.0,0.0,-0.484,0.0,0.0,1.799,0.198,-1.42,0.136,7.623523494484175,A620R
2.538,-0.8,0.616,0.002,0.299,-0.305,-0.567,-0.831,0.0,0.0,0.0,0.0,0.014,1.052,-0.273,-0.503,-0.29,0.9521381183249104,P621D
1.267,-0.203,1.915,0.003,-0.024,-0.277,-1.022,-0.831,0.0,0.0,0.0,0.0,0.014,0.218,-0.042,2.794,-0.138,3.6762573642681673,P621T
-5.998,49.99375074053941,1.752,0.01,0.059,-0.191,-0.251,0.0,0.0,0.0,0.0,0.0,0.0,1.032,0.671,0.336,0.987,49.993340064257865,A620L
-6.141,42.99785566626561,-0.624,0.015,0.096,0.251,-0.695,3.152,0.0,0.0,0.0,0.0,-0.012,1.269,0.493,1.318,0.635,42.933894536112575,A620V
0.915,1.022,-0.844,0.046,0.084,-0.23,-0.354,-0.831,0.0,0.0,0.0,0.0,0.034,2.636,0.116,3.946,-0.192,6.347805154526327,P621I
6.088,-3.5,0.293,-0.013,0.292,-1.831,-0.461,0.0,0.0,0.0,0.0,0.197,0.0,1.376,1.178,-2.728,0.933,1.823787155619016,Y622D
-4.606,46.52094726249514,2.176,-0.002,0.167,-0.118,-0.712,49.78406794247656,0.0,0.0,0.0,0.0,0.005,0.0,7.072,-2.968,21.238,49.996797132319244,A620P
-6.344,5.5,2.45,0.02,0.225,-0.251,0.413,0.0,0.0,0.0,0.0,0.0,0.0,3.285,0.23,-0.743,0.516,5.301313993757503,A620Y
2.439,-0.842,-0.16,0.01,0.21,-0.348,-0.356,-0.831,0.0,0.0,0.0,0.0,0.014,1.239,-0.334,1.548,-0.408,2.179866521162353,P621R
-4.026,0.936,5.872,0.003,0.218,-0.343,0.034,0.0,0.0,0.0,0.0,0.0,0.0,3.279,0.665,-2.665,2.438,6.4119640991965525,A620N
2.791,0.028,0.155,-0.002,0.303,-0.52,-0.581,-0.831,0.0,0.0,0.0,0.0,0.014,0.404,-0.179,0.302,-0.083,1.8018379184136395,P621N
-0.813,0.18,4.53,0.0,0.025,-0.113,-1.059,0.0,0.0,0.0,-0.512,0.0,0.0,2.076,0.029,-1.615,-0.017,2.71093589411862,A620S
3.416,-2.564,3.027,-0.006,0.671,-1.208,1.637,0.0,0.0,0.0,0.0,0.197,0.0,3.555,0.263,-3.307,0.254,5.936984365433204,Y622E
6.772,-3.157,-6.509,-0.014,0.051,-1.224,4.062,0.0,0.0,0.0,0.0,0.197,0.0,-0.436,0.511,2.672,0.533,3.4584590441389764,Y622C
3.759,0.987,-8.495,0.001,0.091,-1.109,5.143,0.0,0.0,0.0,0.0,0.197,0.109,-0.428,0.092,2.06,-0.019,2.387775947052773,Y622V
9.434,-3.619,-9.27,-0.015,0.041,-1.391,4.816,0.0,0.0,0.0,0.0,0.197,0.0,-0.771,0.139,0.742,0.52,0.8230797788372683,Y622A
0.647,7.413,-6.073,0.021,0.466,-0.877,5.073,1.312,0.0,0.0,0.0,0.204,0.109,2.847,0.44,1.721,0.181,13.4841012341667,Y622I
5.585,46.89856559475232,-7.845,-0.013,0.133,-1.194,4.691,48.99073108686599,0.0,0.215,0.0,0.197,0.383,0.46,7.405,-2.226,17.391,49.98808475709991,Y622P
8.245,-3.624,-4.526,-0.014,0.117,-1.813,3.917,0.0,0.0,0.0,0.0,0.197,0.0,-0.317,0.022,-0.872,0.217,1.5475400310998566,Y622S
1.183,1.218,0.243,-0.012,-0.151,-0.058,0.034,0.0,0.0,0.0,0.0,0.0,0.0,1.574,0.214,1.075,0.336,5.65735936912904,Y622M
0.0,0.0,0.0,0.0,0.0,0.0,0.0,0.0,0.0,0.0,0.0,0.0,0.0,0.0,0.0,0.0,0.0,0.0,Y622Y
1.185,2.741,4.176,-0.006,0.341,-0.447,0.437,0.0,0.0,0.0,0.0,0.0,0.0,0.96,0.337,-1.297,0.19,8.617900266557058,Y622K
2.245,-1.684,-0.311,-0.012,0.513,-1.458,2.85,0.0,0.0,0.0,0.0,0.204,0.0,0.746,0.052,-0.883,0.053,2.315959923348146,Y622H
-0.022,39.757,-8.088,0.054,0.526,-1.738,11.661,0.0,0.0,0.0,0.0,0.204,0.0,4.986,0.634,1.079,0.507,49.56253291985399,Y622L
-0.422,2.921,5.146,0.0,0.449,-0.215,-0.955,0.0,0.0,0.0,0.0,0.0,0.0,-0.051,0.069,-0.677,0.054,6.320518053598221,Y622R
0.106,-0.16,-0.498,0.001,-0.007,0.021,-0.286,0.0,0.0,0.0,0.0,0.0,0.0,0.029,0.008,0.636,0.026,-0.1236334155065606,Y622F
4.963,-3.405,-1.869,-0.011,0.318,-2.034,3.998,0.0,0.0,0.0,0.0,0.197,0.0,1.142,0.835,-1.923,0.679,2.8916359950400192,Y622N
-4.569,3.593,1.225,0.0,0.078,-0.447,-0.1,0.0,0.0,0.0,0.0,0.0,0.0,-0.003,0.099,1.678,0.405,1.9584618638218672,Y622W
6.087,-2.722,-4.21,-0.009,0.126,-1.571,3.966,0.0,0.0,0.0,0.0,0.197,0.0,-0.624,0.082,0.569,-0.028,1.865438708040415,Y622T
2.117,-7.197,12.647,-0.004,0.16,0.398,-0.886,0.0,0.0,0.0,0.0,0.0,0.0,-0.866,0.488,-4.386,0.257,2.729158216874339,L623E
11.44,-16.733,6.229,-0.007,-0.069,0.057,-0.11,0.0,0.0,0.0,0.0,0.0,0.056,-3.718,1.517,-0.864,2.319,0.1193132786079331,L623G
0.491,-1.258,2.104,0.012,0.044,-0.21,-0.202,0.0,0.0,0.0,0.0,0.0,0.0,-0.957,0.0,0.0,0.0,0.024504556517968,L623L
4.899,-12.846,12.779,-0.005,0.365,-0.617,0.102,0.0,0.0,0.0,0.0,0.0,0.0,-1.131,1.152,-3.808,0.58,1.4716145789957409,L623D
-5.158,49.98470857002706,3.898,0.052,-0.029,-1.078,0.058,0.0,0.0,0.0,0.0,0.0,0.0,2.362,0.116,-0.444,-0.084,49.9845204853742,L623F
2.677,45.54427514287702,6.799,-0.006,0.072,-0.17,1.188,49.87321448437322,0.0,1.051,0.0,0.0,0.069,-2.012,5.297,-3.305,3.754,49.99680435806958,L623P
6.189,-3.54,3.555,-0.002,0.001,-0.066,-0.368,0.0,0.0,0.0,0.0,0.0,0.017,-1.341,1.362,-1.319,1.089,5.578466067922363,V624A
9.087,-13.63,4.726,-0.008,-0.041,-0.05,-0.23,0.0,0.0,0.0,0.0,0.0,0.0,-3.824,0.699,-0.337,0.646,-2.960654803347893,L623A
5.207,-13.575,5.392,-0.008,-0.015,-0.154,-0.284,0.0,0.0,0.0,0.0,0.0,0.0,-2.916,0.429,1.593,0.351,-3.978544455277188,L623C
3.289,-12.695,10.184,-0.004,0.315,-0.747,-0.003,0.0,0.0,0.0,0.0,0.0,0.0,-1.402,0.888,-3.002,0.424,-2.750739072686997,L623N
-4.796,19.994,-2.305,0.071,-0.043,-0.051,1.941,0.0,0.0,0.0,0.0,1.469,0.0,5.659,0.766,0.509,0.496,23.7127826517916,T627L
1.378,15.144,3.491,0.04,0.059,-0.239,0.083,0.0,0.0,0.0,0.0,0.0,0.007,1.911,-0.417,0.642,-0.163,21.937192115096536,L623I
8.534,-3.636,5.111,-0.003,0.001,-0.159,-0.377,0.0,0.0,0.0,0.0,0.0,0.03,-1.341,2.229,-1.845,2.904,11.449590133448282,V624G
-1.773,2.018,13.576,0.021,0.344,0.21,1.464,0.0,0.0,0.0,0.0,0.0,0.0,1.812,0.483,-2.377,0.073,15.850140734629235,L623K
-6.593,49.999998934674124,6.67,0.052,-0.023,-0.899,0.033,0.0,0.0,0.0,0.0,0.0,0.0,2.603,0.156,-1.08,-0.053,49.99999897093017,L623Y
8.162,-13.608,8.574,-0.008,0.007,-0.397,-0.566,0.0,0.0,0.0,0.0,0.0,0.0,-3.231,0.681,-1.952,0.312,-2.024921055119308,L623S
-2.466,40.66262469575012,11.579,-0.002,0.166,0.047,-0.57,0.0,0.0,0.0,0.0,0.0,0.0,-0.415,0.324,-1.963,0.171,42.743877805440455,L623H
3.307,3.678,3.204,0.002,0.028,-0.3,-0.063,0.0,0.0,0.0,0.0,0.0,0.007,-3.416,-0.448,0.981,-0.118,6.8623093133685416,L623V
0.819,-0.47,9.354,0.0,0.119,0.301,-0.099,0.0,0.0,0.0,0.0,0.0,0.0,-0.097,0.478,-3.113,0.076,7.367293947487042,L623Q
-2.22,-6.504,4.988,0.002,0.023,-0.356,0.085,0.0,0.0,0.0,0.0,0.0,0.0,-0.7,0.382,-0.005,0.21,-4.094022741540925,L623M
-4.978,18.488,11.604,0.018,0.371,-0.233,0.368,0.0,0.0,0.0,0.0,0.0,0.0,0.983,0.342,-1.757,0.091,25.29823833275202,L623R
-13.168,49.99998434296107,5.208,-0.002,0.08,-0.508,0.556,0.0,0.0,0.0,0.0,0.0,0.0,5.871,0.259,0.599,0.423,49.9999839108832,L623W
-7.24,39.213,4.935,0.082,0.269,-0.423,1.255,0.0,0.0,0.0,0.0,1.469,0.0,12.788,0.632,-1.453,0.506,38.90832520062397,T627H
1.83,-1.882,2.531,-0.012,-0.021,0.107,-0.423,0.0,0.0,0.0,0.0,0.0,0.017,0.045,0.992,0.612,0.724,4.521955547501989,V624C
2.251,-3.039,6.274,0.004,0.054,-0.48,-0.742,0.0,0.0,0.0,0.0,0.0,0.017,-1.301,0.578,-1.491,0.441,2.567273013059662,V624T
-1.415,5.119,10.942,0.048,0.307,-0.266,-1.215,0.0,0.0,0.0,0.0,0.0,0.017,4.403,1.059,-5.368,0.546,14.178757406315071,V624E
5.097,-11.199,7.341,-0.005,0.04,-0.392,-0.269,0.0,0.0,0.0,0.0,0.0,0.0,-3.367,0.045,-0.51,0.218,-2.999607363394489,L623T
0.592,33.583,5.239,0.001,0.079,-0.195,-0.04,49.80872906628142,0.0,1.331,0.0,0.0,0.061,1.559,7.558,-4.286,5.009,49.9745771384312,V624P
1.828,-3.192,12.572,0.0,0.457,-0.466,0.301,0.0,0.0,0.0,0.0,0.0,0.017,1.518,1.788,-4.789,0.902,10.937281667655498,V624D
-3.008,20.425,0.601,0.018,0.036,-0.093,-0.05,0.0,0.0,0.0,0.0,0.0,0.0,1.999,0.066,-0.339,0.035,19.692923123574587,V624I
-2.903,2.547,4.623,-0.002,0.966,-0.675,0.889,0.0,0.0,0.0,0.0,1.364,0.0,4.665,0.965,-3.877,0.579,9.144904995628051,T627E
-8.786,45.50460102121892,11.45,0.072,0.731,1.116,1.01,0.0,0.0,0.0,0.03,0.0,0.017,8.046,0.882,-2.738,0.364,47.191255828843246,V624R
-3.659,14.314,1.308,0.054,0.139,-0.042,-0.03,0.0,0.0,0.0,0.0,0.0,0.017,4.504,0.67,-0.982,0.349,16.645834778618223,V624L
-6.822,39.518,0.209,0.045,0.892,-0.597,3.882,1.312,0.0,0.0,0.0,0.203,0.017,10.18,0.755,-1.425,0.247,48.41650354290243,V624F
0.495,-1.285,2.141,0.013,0.044,-0.21,-0.203,0.0,0.0,0.0,0.0,0.0,0.0,-0.958,0.0,0.0,0.0,0.0382073467260397,V624V
-14.64,49.99996719829762,-1.291,0.059,0.443,-0.94,4.694,0.0,0.0,0.0,0.0,0.197,0.017,8.312,0.879,-0.382,0.791,49.99996466465996,V624W
-4.774,11.745,1.836,0.038,0.038,0.049,-0.06,0.0,0.0,0.0,0.0,0.0,0.017,4.339,1.01,-0.986,0.587,13.839309857653802,V624M
5.305,-3.511,7.506,-0.001,0.054,-0.37,-1.067,0.0,0.0,0.0,0.0,0.0,0.017,-0.843,1.258,-2.933,0.602,6.02007123226133,V624S
0.336,-2.48,10.082,0.002,0.369,-0.119,-0.16,0.0,0.0,0.0,0.0,0.0,0.017,1.406,1.514,-3.983,0.734,7.719062525109962,V624N
3.953,-0.386,-4.457,-0.006,-0.074,0.592,2.174,0.0,0.0,0.0,0.0,1.364,0.0,-0.027,1.106,0.172,0.973,5.387538294989554,T627A
0.611,5.073,-10.071,0.025,-0.389,0.551,7.319,0.0,0.0,0.0,3.452,-0.134,-0.099,-1.571,0.03,2.398,0.238,7.434296085511846,R628I
-8.558,40.056,3.921,0.049,0.901,-0.641,3.36,1.312,0.0,0.0,0.0,0.203,0.017,10.348,0.78,-2.061,0.235,49.92304078800339,V624Y
-5.28,24.377,4.857,-0.007,0.814,-1.287,3.053,0.0,0.0,0.0,0.0,0.203,0.017,5.896,0.858,-2.944,0.381,30.94067196036588,V624H
-3.274,6.899,6.682,0.037,0.145,-0.164,-0.169,0.0,0.0,0.0,0.0,0.0,0.017,4.792,1.043,-4.094,0.44,12.353754047573148,V624Q
1.456,-5.84,11.694,-0.013,0.188,0.922,-1.605,0.0,0.0,0.0,0.0,0.0,0.0,2.961,0.403,-4.386,0.203,5.98320729824718,L625E
-2.654,0.385,2.108,0.003,-0.044,-0.167,1.633,0.0,0.0,0.0,2.15,0.088,0.0,-2.149,1.462,0.625,1.156,4.595296276189743,N629K
-5.266,15.181,13.711,0.054,0.278,-0.292,0.931,0.0,0.0,0.0,0.0,0.0,0.017,4.072,1.074,-3.358,0.386,26.79163723567774,V624K
-12.186,49.999999728153924,1.64,0.133,0.172,0.052,2.183,0.0,0.0,0.0,0.0,1.469,0.0,15.504,0.499,-0.57,0.406,49.99999981262725,T627Y
-0.147,-3.208,9.2,-0.012,0.151,0.727,-0.515,0.0,0.0,0.0,-0.526,0.0,0.0,2.531,0.271,-3.113,0.052,5.4115508160581385,L625Q
2.95,-1.669,2.098,-0.002,0.0,-0.079,-0.068,0.0,0.0,0.0,0.0,0.0,0.018,0.0,0.948,-0.527,1.403,5.073774368438649,A626G
10.783,-9.045,5.377,-0.007,-0.008,-0.088,-0.455,0.0,0.0,0.0,0.0,0.0,0.097,-1.71,0.856,-0.864,1.246,6.180568484123569,L625G
8.075,-9.035,7.621,-0.003,0.008,-0.355,-0.638,0.0,0.0,0.0,0.0,0.0,0.0,-1.068,0.207,-1.952,0.223,3.08347155724573,L625S
-0.4,-0.468,5.295,-0.006,0.148,0.336,-0.369,0.0,0.0,0.0,0.0,1.469,0.0,3.453,1.034,-3.298,0.532,7.72844983848745,T627D
8.227,-0.968,-8.733,-0.017,-0.511,0.239,3.699,0.0,0.0,0.0,0.858,0.0,0.013,-3.133,0.715,0.892,0.796,2.0778990934728654,R628G
-6.45,15.936,8.539,0.002,0.143,0.192,2.473,0.0,0.0,0.0,0.0,1.364,0.0,2.119,0.717,-1.867,0.489,23.65825288606095,T627K
5.723,-8.03,7.134,0.0,0.078,-0.437,-0.822,0.0,0.0,0.0,0.0,0.0,0.0,-1.683,0.106,-0.51,0.128,1.6862232428908328,L625T
2.928,3.339,-10.65,0.007,-0.495,0.379,7.412,0.0,0.0,0.0,3.452,-0.134,-0.099,-1.677,0.088,2.737,0.172,7.460953104602481,R628V
6.791,-0.742,-4.024,-0.007,-0.074,0.206,2.044,0.0,0.0,0.0,0.0,1.364,-0.116,-0.027,0.857,-0.354,0.755,6.673793047709751,T627G
5.41,-8.582,11.087,-0.002,0.227,-0.279,-2.377,0.0,0.0,0.0,0.0,0.0,0.0,0.454,0.778,-3.808,0.52,3.4277266710352023,L625D
-1.154,0.426,0.574,0.012,0.09,-0.041,1.608,0.0,0.0,0.0,1.818,0.0,0.0,-0.59,1.224,1.245,1.212,6.422972684211345,N629R
-11.413,49.996355245477744,6.716,0.067,0.467,-0.85,0.547,0.0,0.0,0.0,0.0,0.0,0.0,9.026,-0.242,-1.626,-0.491,49.99666288958949,A626H
1.599,49.987488598568206,-8.722,-0.014,-0.701,0.077,9.037,20.196,0.0,1.041,3.452,-0.134,0.032,-0.935,1.936,-1.549,1.04,49.995639951878715,R628P
0.184,-0.337,1.233,0.002,0.052,0.115,-2.32,0.0,0.0,0.0,0.773,0.0,0.0,1.128,-0.215,-0.806,-0.081,-0.2712042893759872,N629D
-0.737,-0.196,-1.15,0.0,-0.244,0.031,0.967,0.0,0.0,0.0,1.818,0.0,0.0,-2.517,1.257,4.595,1.022,4.845895644722191,N629C
-5.946,49.99124558699195,2.193,0.002,0.113,0.017,0.368,49.91036474527919,0.0,0.977,0.0,0.0,0.045,0.351,6.885,-2.968,6.94,49.99999451537625,A626P
-8.448,47.51545176779258,11.818,0.068,0.294,0.391,-0.843,0.0,0.0,0.0,0.0,0.0,0.0,8.664,-0.095,-4.05,-0.261,48.15029265791283,A626E
0.006,-0.584,-2.044,-0.007,-0.111,0.057,0.994,0.0,0.0,0.0,0.0,1.469,0.0,0.954,0.614,2.103,0.849,4.302449066466238,T627C
-0.136,-0.108,0.245,0.003,-0.008,-0.005,-0.021,0.0,0.0,0.0,0.0,0.0,0.0,0.0,0.0,0.0,0.0,-0.030303328324635,L625L
-3.31,0.533,-1.06,0.021,-0.211,-0.255,1.316,0.0,0.0,0.0,1.818,0.0,0.0,-0.1,1.175,3.601,1.736,5.263336537787268,N629W
4.648,-0.27,-7.138,-0.016,-0.515,0.587,1.905,0.0,0.0,0.0,0.858,0.0,0.0,-1.281,0.436,3.349,0.45,3.0140938161825943,R628C
-4.304,10.372,-3.758,0.027,-0.059,-0.512,4.272,0.0,0.0,0.0,2.594,-0.029,-0.079,2.546,0.526,1.151,0.516,13.26505832514158,T627I
8.916,-8.838,4.249,-0.005,-0.008,-0.038,-0.33,0.0,0.0,0.0,0.0,0.0,0.0,-1.71,0.463,-0.337,0.48,2.841216713448944,L625A
5.115,-7.615,2.926,-0.016,-0.04,-0.052,-0.354,0.0,0.0,0.0,0.0,0.0,0.0,0.051,0.168,1.593,0.258,2.033742800310847,L625C
0.98,-0.093,4.115,0.001,0.398,0.133,0.553,0.0,0.0,0.0,0.0,0.0,0.0,1.675,0.302,-2.377,0.105,5.793746123679739,L631K
-2.302,6.163,-4.397,0.008,-0.021,0.373,2.362,0.0,0.0,0.0,0.0,1.364,-0.079,-0.029,0.408,1.49,0.39,5.73193628846218,T627V
-8.372,49.99995075143395,-6.245,0.088,-0.069,0.301,4.089,0.0,0.0,0.0,0.859,0.794,0.0,10.222,0.57,0.066,0.42,49.999955833968784,T627F
0.11,4.334,-2.857,-0.018,-0.383,0.194,2.817,0.0,0.0,0.0,0.858,0.0,0.0,1.11,0.242,-0.206,0.165,6.365765563000764,R628H
-9.876,49.854532930401334,6.596,0.067,0.271,0.399,-1.016,0.0,0.0,0.0,0.0,-0.105,0.0,8.114,-0.084,-2.776,-0.36,49.86151757577269,A626Q
1.94,0.124,-1.969,-0.005,-0.234,0.615,-0.544,0.0,0.0,0.0,0.858,-0.825,0.0,0.384,0.089,-0.62,-0.033,-0.2187456814079951,R628K
6.137,-0.75,-8.998,-0.016,-0.511,0.43,3.6,0.0,0.0,0.0,0.858,0.0,0.0,-3.133,-0.044,1.419,-0.023,-1.030669784532165,R628A
3.284,49.93326177615402,7.451,-0.003,0.056,0.056,0.992,47.665,0.0,1.069,0.0,0.037,0.303,-1.013,2.764,-3.305,2.777,49.99443747752584,L625P
0.633,1.806,-7.007,0.007,-0.34,-0.055,3.562,0.0,0.0,0.0,0.858,0.0,0.0,-0.884,-0.162,1.756,0.091,0.26431419291373,R628L
4.206,-0.34,-0.977,-0.014,0.13,0.637,-0.052,0.0,0.0,0.0,0.858,-0.897,0.0,0.708,0.237,-2.051,0.099,2.5423609206912943,R628D
3.129,-0.193,-2.601,-0.012,0.088,0.612,1.068,0.0,0.0,0.0,0.858,-0.833,0.0,0.029,0.443,-1.246,0.444,1.786856928121324,R628N
-0.408,6.388,-6.9,0.0,-0.54,0.057,3.468,0.0,0.0,0.0,0.858,0.0,0.0,1.143,0.307,1.313,0.205,5.891498021671509,R628F
-3.686,42.747,2.211,0.015,0.195,-0.023,-0.25,0.0,0.0,0.0,0.0,0.0,0.0,1.401,-0.075,-0.444,0.007,42.09935501764778,L625F
-4.74,8.8,-2.785,0.003,0.027,0.082,4.823,0.0,0.0,0.0,2.594,-0.135,0.0,3.958,0.849,0.505,0.87,14.852653248338356,T627M
-2.293,43.248101660739735,-2.646,0.004,-0.097,-0.475,5.607,2.531,0.0,0.0,4.454,1.365,0.247,-2.448,-0.166,-0.303,11.329,46.47627582837387,N629P
-0.882,-0.12,0.982,0.004,0.301,0.011,1.372,0.0,0.0,0.0,2.15,0.088,0.0,-0.96,1.348,-1.385,1.188,4.09646758772783,N629E
2.037,-0.537,-5.883,-0.008,-0.457,0.221,3.839,0.0,0.0,0.0,0.858,0.0,0.0,-0.553,0.077,1.752,0.253,1.5993498652131848,R628M
0.525,-1.45,1.379,0.011,0.046,-0.326,0.0,0.0,0.0,0.0,0.0,0.0,0.129,4.387,0.436,0.642,0.492,6.270761928973002,L625I
-1.655,3.257,1.663,-0.002,0.184,0.207,1.436,0.0,0.0,0.0,0.0,1.364,0.0,2.825,0.916,-2.492,0.61,8.314067559697037,T627N
0.0,0.0,0.0,0.0,0.0,0.0,0.0,0.0,0.0,0.0,0.0,0.0,0.0,0.0,0.0,0.0,0.0,0.0,A626A
-6.579,24.965,0.025,0.022,-0.132,-0.158,2.519,0.0,0.0,0.0,2.785,0.706,0.305,-0.303,2.274,3.644,2.038,32.110470849548506,N629I
-9.767,48.172469100335924,3.815,0.036,0.335,-0.623,-0.794,0.0,0.0,0.0,0.0,0.0,0.0,1.51,-0.023,0.599,0.481,47.82557681584406,L625W
-1.03,13.679,6.676,0.017,0.08,-0.011,-0.621,0.0,0.0,0.0,0.0,0.037,0.0,3.17,0.279,-0.005,0.196,22.467104602482323,L625M
-18.744,49.99999999992077,-2.123,0.025,0.055,-0.232,3.276,0.0,0.0,0.0,1.127,-0.144,0.0,12.034,-0.017,0.936,-0.035,49.999999999907615,A626W
-2.067,45.941,0.716,0.001,-0.056,0.604,-0.247,0.0,0.0,0.0,0.03,0.0,0.046,3.789,0.543,-0.982,0.473,48.79249908665031,V632L
2.784,-0.977,2.221,-0.011,-0.047,0.3,-0.497,0.0,0.0,0.0,0.0,0.073,0.0,0.921,0.511,-1.442,0.407,4.246255743055826,T627S
-16.838,49.999964459233546,8.276,0.065,0.272,-0.039,2.879,0.0,0.0,0.0,0.858,-0.675,0.0,7.072,-0.232,-1.42,-0.525,49.99996402419456,A626R
-4.838,4.893,3.3,0.0,0.839,-0.633,2.12,0.0,0.0,0.0,0.0,1.469,0.0,3.536,0.788,-2.603,0.445,9.317876053233364,T627Q
-11.199,49.994769885543434,-0.875,0.031,0.354,-0.43,-0.6,0.0,0.0,0.0,0.0,0.0,0.0,6.224,0.062,0.336,-0.149,49.993285884940896,A626L
0.0,0.0,0.0,0.0,0.0,0.0,0.0,0.0,0.0,0.0,0.0,0.0,0.0,0.0,0.0,0.0,0.0,0.0,T627T
-0.55,1.104,0.734,0.005,0.33,0.299,-0.014,0.0,0.0,0.0,0.0,0.0,0.0,2.308,0.064,-0.444,0.061,3.8980591696587226,L631F
-6.656,45.838,20.884,0.022,0.387,1.007,-0.087,0.0,0.0,0.0,-0.818,0.037,0.0,3.027,0.255,-1.757,0.15,42.35520846274557,L625R
-2.808,20.863,20.074,0.035,0.449,0.482,-0.958,0.0,0.0,0.0,-0.818,-0.668,0.0,3.031,0.247,-2.377,0.064,37.61621606931169,L625K
-4.912,29.092,0.163,0.003,0.12,-0.01,0.038,0.0,0.0,0.0,0.0,-0.105,0.0,1.722,0.025,1.93,0.049,28.11764014725497,A626C
-0.744,48.01433524745589,-1.95,0.005,0.029,0.461,4.0,43.57111128161239,1.17,0.0,0.0,1.364,-0.063,2.343,3.42,-2.795,3.121,49.90812404390392,T627P
-6.977,44.98573560927564,-2.443,0.02,0.163,0.353,0.025,0.0,0.0,0.0,0.0,-0.105,-0.017,1.897,-0.482,1.318,-0.469,43.5406871091495,A626V
3.584,0.069,1.543,-0.009,0.048,0.409,-0.685,0.0,0.0,0.0,0.0,0.0,0.0,0.208,0.413,-0.51,0.427,5.495118027505669,L631T
-9.826,49.213565036343276,-1.986,0.09,0.2,-0.089,0.182,0.0,0.0,0.0,0.0,-0.105,-0.017,5.647,-0.269,0.979,-0.358,49.01997085335834,A626I
1.674,-0.53,2.222,-0.015,-0.004,-0.13,-0.507,0.0,0.0,0.0,0.0,0.0,0.046,1.03,0.481,0.612,0.588,5.46571533296401,V632C
2.95,-0.323,-3.181,-0.001,-0.257,0.384,1.407,0.0,0.0,0.0,1.818,0.0,0.094,-4.006,-0.483,2.138,-0.179,0.3621471830327891,N629G
3.489,-2.431,1.348,0.002,0.026,-0.357,0.059,0.0,0.0,0.0,0.0,0.0,0.129,4.008,0.298,0.981,0.274,7.826356609556456,L625V
-6.872,44.397,7.379,0.004,1.073,-0.072,-0.38,0.0,0.0,0.0,0.0,-0.105,0.0,6.174,0.501,-2.665,0.132,49.567473123958735,A626N
4.308,0.266,-4.737,-0.014,-0.359,0.391,4.119,0.0,0.0,0.0,0.858,0.0,0.0,1.824,-0.19,-2.63,-0.105,3.7295666195823287,R628E
-2.736,7.359,-1.039,0.007,-0.014,0.23,-0.215,0.0,0.0,0.0,0.651,0.0,0.263,-0.339,0.136,0.526,-0.092,4.736001010677114,G630A
-7.883,38.49454865555406,-0.598,0.038,-0.024,0.431,-0.604,0.0,0.0,0.0,0.651,0.0,0.417,0.352,0.665,1.844,0.197,46.489045415903206,G630V
-1.091,8.873,9.478,-0.002,0.293,-0.406,-1.177,0.0,0.0,0.0,0.0,0.0,0.0,0.066,0.2,-1.963,0.22,14.49178733667361,L625H
-5.544,23.454,12.05,0.005,0.989,-0.319,-1.969,0.0,0.0,0.0,0.0,0.0,0.0,4.71,0.752,-3.471,0.36,31.02001431800716,A626D
4.023,-8.168,8.956,0.0,0.201,-0.602,-0.286,0.0,0.0,0.0,0.0,0.0,0.0,0.155,0.586,-3.002,0.448,2.309492677984053,L625N
-11.702,49.91990253790239,-2.373,-0.001,-0.109,1.213,2.815,0.0,0.0,0.0,0.858,-0.78,0.0,3.91,-0.116,0.332,-0.147,49.897798428368375,A626M
-3.257,1.003,-0.748,0.02,-0.185,0.101,1.721,0.0,0.0,0.0,2.15,0.088,0.0,-3.635,1.401,3.001,1.009,2.6691138599034048,N629L
1.481,-0.683,-2.991,-0.001,-0.25,0.281,1.631,0.0,0.0,0.0,1.818,0.0,0.0,-3.656,1.057,2.664,0.924,2.2737556049095247,N629A
-1.393,2.375,5.42,0.0,0.095,-0.244,-0.539,0.0,0.0,0.0,0.0,0.0,0.0,1.067,-0.061,-1.615,-0.276,4.829926300863917,A626S
0.752,-0.125,4.513,0.009,0.521,0.699,-0.787,0.0,0.0,0.0,-0.036,0.0,0.0,2.414,0.207,-1.757,0.133,6.544076509039655,L631R
2.412,-0.191,3.684,-0.011,0.179,0.179,-0.44,0.0,0.0,0.0,0.0,0.0,0.0,1.03,0.478,-3.002,0.409,4.727768963035828,L631N
-13.493,49.99999977785818,-3.701,0.087,0.339,-0.387,0.85,0.0,0.0,0.0,0.0,-0.105,0.0,8.676,-0.149,-0.107,-0.439,49.999999688803044,A626F
2.684,-0.586,-4.006,-0.011,-0.299,-0.654,4.147,0.0,0.0,0.0,0.858,0.0,0.0,0.896,-0.078,-1.357,0.098,1.6927870683118726,R628Q
-1.346,4.783,8.85,-0.009,0.203,0.525,-1.941,0.0,0.0,0.0,0.0,0.0,0.046,6.097,0.256,-5.368,0.3,12.394909747385668,V632E
-14.035,49.99984440146633,17.024,0.01,0.404,0.045,-1.973,0.0,0.0,0.0,0.0,0.0,0.0,6.149,-0.041,-2.04,-0.327,49.999873706554794,A626K
-2.163,2.351,-0.779,0.021,-0.305,-0.046,1.086,0.0,0.0,0.0,1.818,0.0,0.0,-0.344,1.686,2.558,1.494,7.375756019127039,N629F
-5.106,7.419,6.151,0.011,0.796,-0.536,-0.578,0.0,0.0,0.0,1.119,-1.022,0.263,2.632,-0.726,-2.944,-0.613,6.866282932417107,G630D
0.0,0.0,0.0,0.0,0.0,0.0,0.0,0.0,0.0,0.0,0.0,0.0,0.0,0.0,0.0,0.0,0.0,0.0,R628R
-6.439,40.09584783703835,2.409,0.023,0.005,-0.052,-1.054,0.0,0.0,0.0,0.651,0.0,0.263,0.001,-0.229,0.353,-0.102,38.504335665578964,G630T
-15.546,49.99997308078148,-0.03,0.092,0.291,0.102,1.143,0.0,0.0,0.0,0.0,1.469,0.0,10.948,0.759,1.109,1.235,49.99997472356639,T627W
1.16,-0.101,-0.944,-0.002,-0.218,0.019,0.178,0.0,0.0,0.0,1.357,0.0,0.0,-2.833,0.299,1.05,0.464,0.4299271336853962,N629S
3.761,0.68,-5.096,-0.004,-0.442,0.368,2.86,0.0,0.0,0.0,0.858,0.0,0.0,-2.436,0.248,1.246,0.331,2.3723968931800528,R628T
-1.636,1.108,1.952,0.003,-0.171,0.227,-0.093,0.0,0.0,0.0,2.15,-0.267,0.0,-3.953,0.507,2.492,0.522,2.8382348457375883,N629T
-10.659,10.887,8.604,0.01,0.384,-0.321,4.588,0.0,0.0,0.0,2.246,-1.718,0.0,4.964,0.699,-1.247,0.48,18.91806390718193,T627R
4.832,-0.171,2.937,-0.01,0.13,0.405,-1.277,0.0,0.0,0.0,0.0,-1.609,0.0,0.784,0.366,-1.952,0.248,4.683653847681626,L631S
5.101,-0.597,-4.505,-0.015,-0.46,0.253,2.259,0.0,0.0,0.0,0.858,-0.619,0.0,-2.13,0.399,-0.195,0.213,0.562729604046126,R628S
-5.593,46.911,6.282,0.034,0.245,0.349,-0.614,0.0,0.0,0.0,0.0,0.0,0.0,3.282,-0.057,-1.08,0.012,49.77070630959065,L625Y
-3.257,10.904,-5.432,-0.003,-0.494,0.018,3.934,0.0,0.0,0.0,0.858,0.0,0.0,0.879,0.277,2.355,0.102,10.142237533879891,R628W
0.0,0.0,0.0,0.0,0.0,0.0,0.0,0.0,0.0,0.0,0.0,0.0,0.0,0.0,0.0,0.0,0.0,0.0,N629N
-1.325,0.32,0.991,0.008,0.236,-0.317,1.038,0.0,0.0,0.0,1.818,0.0,0.0,-1.419,1.483,-0.111,1.58,4.300805630515924,N629Q
-3.772,5.196,-1.661,0.014,-0.164,-0.002,2.385,0.0,0.0,0.0,2.785,0.706,0.305,-3.053,2.046,3.982,2.01,10.778807371438234,N629V
-0.674,7.561,-6.585,-0.001,-0.519,-0.126,3.287,0.0,0.0,0.0,0.858,0.0,0.0,1.31,0.342,0.676,0.173,6.303034964162634,R628Y
-3.504,0.489,-0.151,0.011,-0.084,0.071,1.756,0.0,0.0,0.0,2.15,0.088,0.0,-2.047,1.605,2.997,1.521,4.901892510421362,N629M
2.039,0.006,5.719,-0.009,0.35,0.718,-4.968,0.0,0.0,0.0,-0.331,-0.738,0.0,3.121,0.273,-4.386,0.18,1.975318300695904,L631E
-5.166,33.707,3.063,0.017,0.086,-0.159,-0.918,0.0,0.0,0.0,0.0,0.0,0.0,1.348,-0.096,-0.173,-0.289,31.420986218392613,A626T
-15.422,49.99998741934121,-0.748,0.089,0.334,-0.119,0.492,0.0,0.0,0.0,0.0,-0.105,0.0,8.489,-0.193,-0.743,-0.452,49.99998241187006,A626Y
-9.454,49.99997413733339,1.807,0.023,0.279,-0.19,-0.29,0.0,0.0,0.0,0.0,0.0,0.046,9.232,-0.004,-1.425,0.047,49.99997420931735,V632F
7.716,-1.66,2.845,-0.016,-0.058,0.047,-0.034,0.0,0.0,0.0,0.0,0.0,-0.074,-0.696,0.951,-1.845,1.605,8.78151235699761,V632G
-0.758,0.125,0.715,-0.011,-0.122,0.267,-0.936,0.0,0.0,0.0,0.377,0.0,0.0,-1.209,0.899,1.039,0.781,1.1670308394681117,N629H
8.185,-0.664,-2.19,-0.017,-0.062,0.952,-0.097,0.0,0.0,0.0,0.651,0.0,0.126,-0.744,0.798,-0.864,0.986,7.059034002970293,L631G
4.085,-0.502,3.9,-0.008,0.321,0.295,-1.939,0.0,0.0,0.0,-0.042,0.0,0.0,2.248,0.56,-3.808,0.453,5.564142112787067,L631D
-3.487,17.559,0.776,0.008,0.082,0.511,0.141,0.0,0.0,0.0,0.03,0.0,0.0,2.18,0.357,-0.339,0.188,18.003121537632296,V632I
5.717,-1.653,1.493,-0.015,-0.058,0.09,-0.077,0.0,0.0,0.0,0.0,0.0,0.046,-0.696,0.206,-1.319,0.6,4.335715239776846,V632A
-2.047,1.486,-0.905,0.019,-0.266,-0.032,1.254,0.0,0.0,0.0,1.818,0.0,0.0,-0.592,1.445,1.922,1.47,5.571445238094498,N629Y
-4.184,9.702,0.234,-0.002,-0.031,0.025,-0.279,0.0,0.0,0.0,0.0,0.0,0.046,2.917,0.204,-0.986,0.39,8.032792074464169,V632M
-3.773,7.66,-2.39,0.002,-0.138,0.519,1.825,0.0,0.0,0.0,0.858,-0.675,0.263,1.536,0.056,2.456,-0.365,7.835162127084573,G630C
-13.313,49.999999997316515,0.846,0.068,-0.038,-0.202,0.873,0.0,0.0,0.0,0.92,0.517,0.263,5.067,-0.205,0.863,-0.292,49.99999999677007,G630L
-1.285,1.389,1.611,0.01,0.275,0.313,0.746,0.0,0.0,0.0,0.0,0.0,0.0,5.152,-0.055,0.599,0.197,8.954090532232158,L631W
1.445,0.031,9.492,-0.013,0.186,0.555,-1.402,0.0,0.0,0.0,0.0,0.0,0.046,2.888,1.228,-4.789,1.008,10.675429239867752,V632D
-4.992,9.687,2.995,0.02,0.596,0.14,-1.033,0.0,0.0,0.0,1.812,0.0,0.263,3.404,-0.196,-0.893,-0.269,11.536077309467489,G630R
0.601,0.175,3.52,-0.011,0.45,1.025,-1.185,0.0,0.0,0.0,0.0,-0.862,0.0,1.616,0.267,-1.963,0.226,3.858065751958179,L631H
1.722,30.256,-1.115,0.004,0.009,0.82,-0.191,0.0,0.0,0.0,0.0,0.052,0.093,0.912,0.38,0.981,0.396,34.32024792615755,L631V
0.0,0.0,0.0,0.0,0.0,0.0,0.0,0.0,0.0,0.0,0.0,0.0,0.0,0.0,0.0,0.0,0.0,0.0,L631L
3.582,-0.154,-0.2,-0.013,-0.044,0.504,-0.322,0.0,0.0,0.0,0.0,0.0,0.0,-0.286,0.345,1.593,0.168,5.173415867813219,L631C
-9.722,7.931,2.219,0.04,0.52,0.251,0.052,0.0,0.0,0.0,0.651,0.0,0.263,3.895,-0.297,-0.216,-0.356,5.229404817025738,G630Y
2.035,-0.782,3.712,-0.011,0.024,0.075,-0.717,0.0,0.0,0.0,0.0,0.0,0.046,-0.247,0.044,-1.491,0.023,2.7097203575659705,V632T
-0.14,-0.125,0.241,0.003,-0.007,-0.005,-0.019,0.0,0.0,0.0,0.0,0.0,0.0,0.0,0.0,0.0,0.0,-0.0528565182294187,G630G
1.957,-0.003,2.95,-0.002,0.394,0.515,-1.724,0.0,0.0,0.0,-0.717,0.0,0.0,3.554,0.268,-3.113,0.065,4.143064125487399,L631Q
-5.388,45.19998161242863,11.136,0.014,0.09,0.81,1.045,0.0,0.0,0.0,0.0,0.0,0.046,5.321,0.307,-3.358,0.212,46.76042723014636,V632K
-0.445,32.163,0.653,0.012,0.076,1.02,-0.137,0.0,0.0,0.0,0.0,0.052,0.093,1.168,0.426,0.642,0.541,36.265661290734215,L631I
-5.825,6.433,-0.644,0.021,0.224,0.045,0.618,0.0,0.0,0.0,1.812,0.0,0.263,3.882,0.03,0.859,-0.405,7.313982106714207,G630M
-10.446,11.749,6.675,0.021,0.422,-0.49,1.463,2.23,0.0,0.0,1.414,0.379,-0.085,-1.975,0.061,-2.442,3.117,12.089851639876542,G630P
6.228,-0.552,-2.285,-0.015,-0.062,0.822,-0.217,0.0,0.0,0.0,0.651,0.0,0.0,-0.744,0.365,-0.337,0.257,4.108937974269452,L631A
0.573,49.562524322073315,1.428,-0.01,0.101,1.19,-0.897,2.317,0.0,0.0,1.406,0.052,-0.071,0.332,0.72,-3.305,11.077,49.7586004896405,L631P
-6.779,48.27970202728273,9.064,0.027,0.924,-0.003,0.042,0.0,0.0,0.0,0.0,0.0,0.046,5.529,0.055,-2.944,0.104,48.64518091849038,V632H
-3.466,6.923,3.294,0.009,0.069,-0.236,-1.031,0.0,0.0,0.0,0.0,-0.096,0.263,0.579,-0.155,-1.088,-0.1,4.966050667242939,G630S
0.0,0.0,0.0,0.0,0.0,0.0,0.0,0.0,0.0,0.0,0.0,0.0,0.0,0.0,0.0,0.0,0.0,0.0,V632V
0.155,43.28678195579758,3.381,-0.012,0.04,0.121,1.623,49.87741326189357,0.0,1.133,0.0,0.0,-0.06,-0.696,7.321,-4.286,5.985,49.99509522761723,V632P
-1.325,0.57,1.773,-0.008,0.02,0.384,-0.419,0.0,0.0,0.0,0.0,0.0,0.0,1.152,0.264,-0.005,0.027,2.4339212373006376,L631M
-3.008,6.105,5.749,0.008,0.109,0.624,-0.872,0.0,0.0,0.0,0.0,0.0,0.046,7.463,0.201,-4.094,0.179,12.508788915004402,V632Q
-0.167,3.204,6.847,-0.012,0.155,0.505,-0.471,0.0,0.0,0.0,0.0,0.0,0.046,2.806,0.859,-3.983,0.749,10.53663719852591,V632N
-12.02,49.999999907249226,4.819,0.024,0.26,0.131,0.27,0.0,0.0,0.0,0.0,0.0,0.046,7.568,-0.042,-2.061,0.038,49.99999990358804,V632Y
-15.22,49.99989497906684,3.232,0.041,0.431,0.061,-1.154,0.0,0.0,0.0,0.0,0.0,0.046,12.525,0.091,-0.382,0.439,49.9998954306684,V632W
-9.982,47.816320198041026,1.322,0.033,0.509,0.053,0.349,0.0,0.0,0.0,0.568,0.0,0.263,3.793,-0.285,0.42,-0.42,47.508636776424005,G630F
4.827,-1.639,5.094,-0.015,-0.035,-0.13,-0.762,0.0,0.0,0.0,0.0,0.0,0.046,0.014,0.057,-2.933,0.299,4.82506165436746,V632S
-3.768,7.362,1.723,0.032,1.183,-0.591,0.664,0.0,0.0,0.0,2.979,0.0,0.263,5.013,-0.241,-2.25,-0.342,12.027982679725596,G630Q
-3.612,5.057,3.766,0.047,1.565,-0.139,-0.527,0.0,0.0,0.0,2.979,-1.652,0.263,4.787,-0.078,-3.523,-0.175,8.757561139215909,G630E
-5.706,39.715816982831264,-2.688,0.041,0.085,0.113,0.396,0.0,0.0,0.0,1.812,0.0,0.417,0.74,0.456,1.505,0.08,38.6568434308727,G630I
-10.06,49.972533398896616,10.962,0.025,0.277,0.951,0.434,0.0,0.0,0.0,0.0,0.0,0.046,5.726,0.044,-2.738,0.094,49.97818356567884,V632R
-7.001,8.265,5.203,0.014,0.745,-0.464,-0.032,0.0,0.0,0.0,0.0,0.0,0.263,2.345,-0.827,-2.139,-0.634,5.737923974655359,G630N
-4.804,26.334,2.083,0.028,0.823,0.89,-1.427,0.0,0.0,0.0,1.119,-2.456,0.263,4.7,-0.441,-1.099,-0.47,25.5448208776952,G630H
0.098,0.656,1.057,0.008,0.302,0.126,-0.475,0.0,0.0,0.0,0.0,0.0,0.0,2.954,0.127,-1.08,0.075,3.8475683676034578,L631Y
-6.637,9.698,7.255,0.021,0.403,0.486,1.487,0.0,0.0,0.0,1.812,0.0,0.263,4.516,-0.124,-1.513,-0.144,17.522627505011428,G630K
-11.416,10.257,3.507,0.032,0.834,0.198,0.306,0.0,0.0,0.0,0.651,0.0,0.263,2.449,-0.181,1.462,-0.29,8.074153339186182,G630W
6.163,-2.908,-13.397,-0.014,-0.469,-0.132,6.177,0.0,0.0,0.0,0.0,0.037,0.0,-2.468,-0.139,3.969,0.265,-2.91472410693666,K633C
6.711,0.778,-12.513,-0.006,-0.394,-0.352,6.133,0.0,0.0,0.0,0.0,0.037,0.0,-1.662,0.24,1.866,0.028,0.86719297447587,K633T
6.155,1.866,-6.299,0.027,0.554,0.59,3.038,0.0,0.0,0.0,0.0,0.037,0.0,1.736,0.526,-1.432,0.384,7.185589149913653,K633D
11.039,-5.547,-15.28,-0.019,-0.199,-1.314,10.66,0.0,0.0,0.0,0.0,0.204,0.0,-3.029,0.298,2.039,0.584,-0.564099443205123,K634A
-1.255,4.696,-0.942,0.013,-0.047,0.133,0.694,0.0,0.0,0.0,0.0,0.0,-0.059,1.177,-0.036,3.018,0.034,7.425230524664812,K636I
-3.125,49.99999999965847,-15.604,0.053,0.195,-0.248,5.54,0.0,0.0,0.0,0.044,0.037,0.0,4.422,-0.107,1.932,-0.085,49.999999999549125,K633F
5.236,41.545,-13.733,-0.016,-0.382,-0.127,7.196,49.671074661585806,0.0,1.361,0.0,0.037,0.063,-2.566,6.65,-0.929,8.823,49.96065645566837,K633P
10.011,-4.287,-15.047,-0.015,-0.502,0.055,5.901,0.0,0.0,0.0,0.0,0.037,0.0,-2.916,0.071,2.039,0.182,-4.469303093875283,K633A
0.05,1.353,-10.646,-0.008,-0.551,-0.334,5.368,0.0,0.0,0.0,0.0,0.037,0.0,-1.814,0.008,2.371,0.19,-3.972302573143793,K633M
-6.668,41.682,-1.953,0.103,0.798,0.578,7.7,0.0,0.0,0.0,0.0,-1.112,0.0,6.628,-0.122,0.619,-0.255,47.99902663975581,K633R
3.359,-0.864,-2.001,-0.011,-0.268,-0.867,8.296,0.0,0.0,0.0,0.0,-0.541,0.0,0.096,-0.043,-2.01,-0.009,5.139625485776264,K633E
3.49,-0.047,-6.284,-0.002,-0.023,-0.336,4.25,0.0,0.0,0.0,0.647,0.037,-0.125,-0.754,0.902,1.087,1.38,4.22289820812091,S635G
2.054,5.493,-12.95,0.014,-0.457,-0.775,5.24,0.0,0.0,0.0,0.0,0.037,-0.006,-2.187,0.07,3.018,-0.142,-0.5905704837117582,K633I
9.21,-4.206,-11.27,-0.015,-0.449,-0.238,6.04,0.0,0.0,0.0,0.0,0.037,0.0,-2.666,-0.016,0.424,-0.107,-3.2553947600518995,K633S
5.634,5.535,-14.426,0.009,-0.476,-0.486,5.319,0.0,0.0,0.0,0.0,0.037,-0.006,-2.045,-0.095,3.357,-0.181,2.1763695005109867,K633V
1.997,3.386,-13.155,0.013,-0.354,-0.899,5.687,0.0,0.0,0.0,0.647,0.037,0.0,-1.496,0.022,2.376,0.112,-1.6247802103098363,K633L
3.357,-2.126,-15.725,0.016,0.033,-1.556,10.945,0.0,0.0,0.0,0.0,0.204,0.0,0.622,-0.579,2.376,-0.091,-2.522152120058536,K634L
0.059,-0.373,-0.035,-0.016,0.063,-0.038,1.157,0.0,0.0,0.0,0.0,0.0,0.0,0.877,-0.162,-1.867,-0.349,-0.6854125636941717,T638K
-2.093,42.95711257499226,-3.616,0.0,0.064,0.362,6.319,0.0,0.0,0.0,0.647,0.037,0.0,0.994,-0.211,0.413,-0.24,43.62701753110423,K633H
0.0,0.0,0.0,0.0,0.0,0.0,0.0,0.0,0.0,0.0,0.0,0.0,0.0,0.0,0.0,0.0,0.0,0.0,K633K
-10.244,49.999999940272296,-13.032,0.054,0.618,-0.587,8.324,0.0,0.0,0.0,1.986,-0.097,0.0,7.973,0.065,2.975,0.445,49.99999993652923,K633W
12.086,-4.618,-14.104,-0.017,-0.502,0.129,5.967,0.0,0.0,0.0,0.0,0.037,0.067,-2.916,1.176,1.512,1.696,0.5158722909803828,K633G
4.08,-1.582,-6.695,-0.004,-0.002,-0.109,6.419,0.0,0.0,0.0,-0.016,0.037,0.0,-0.458,0.351,-0.626,0.283,1.6789478095060986,K633N
-4.598,49.99999999999999,-12.223,0.052,0.181,-0.063,6.552,0.0,0.0,0.0,0.0,0.037,0.0,4.179,-0.133,1.296,-0.092,49.99999999999999,K633Y
10.223,-5.439,-11.83,-0.018,-0.144,-1.728,10.502,0.0,0.0,0.0,0.0,0.204,0.0,-2.636,0.228,0.424,0.227,0.0166590041786776,K634S
1.521,49.99750925825109,-8.363,0.013,0.392,-1.464,11.359,0.0,0.0,0.0,0.0,0.204,0.0,3.578,-0.224,0.413,0.074,49.998155259407135,K634H
-2.412,0.812,-0.884,0.014,0.087,0.153,-0.57,0.0,0.0,0.0,0.0,0.0,0.0,1.159,0.108,1.932,-0.049,0.3499312006691752,K636F
1.156,0.102,-6.001,0.0,-0.023,0.005,4.39,0.0,0.0,0.0,0.647,0.037,0.0,-0.754,0.097,1.614,0.284,1.554299836802329,S635A
-2.125,2.453,-4.336,0.006,0.666,-0.314,8.084,0.0,0.0,0.0,-1.409,0.204,0.0,2.608,-0.121,0.619,0.033,6.371106979385559,K634R
7.939,-4.512,-14.261,-0.017,-0.169,-1.476,10.546,0.0,0.0,0.0,0.0,0.204,0.0,-2.479,-0.148,3.969,0.283,-0.1188132044302392,K634C
-3.356,49.96558194693246,1.233,-0.002,-0.071,0.832,4.772,0.0,0.0,0.0,2.117,0.037,0.0,5.525,-0.009,-0.011,-0.186,49.9777256634541,S635H
7.15,-5.331,-7.694,-0.008,0.341,-1.148,11.651,0.0,0.0,0.0,0.0,0.204,0.0,1.361,0.411,-1.432,0.312,5.820833419432233,K634D
0.085,0.3,1.156,-0.002,0.199,-0.032,-0.402,0.0,0.0,0.0,0.0,0.0,0.0,0.923,0.035,-1.432,0.048,0.8797307777391552,K636D
1.327,-0.022,-2.232,-0.005,-0.119,0.159,-0.036,0.0,0.0,0.0,0.0,0.0,0.0,-1.163,0.062,2.039,-0.186,-0.1782636609090104,K636A
0.203,0.577,0.154,-0.008,0.016,-0.068,-0.214,0.0,0.0,0.0,0.0,0.0,0.0,-0.7,0.0,0.0,0.0,-0.0381455452384216,K634K
1.205,0.456,-13.306,0.003,0.034,-1.402,10.415,0.0,0.0,0.0,0.0,0.204,0.0,1.296,-0.099,2.371,0.213,1.3932307904639174,K634M
-15.668,49.99999999999993,-5.444,0.043,0.992,0.721,2.043,0.0,0.0,0.0,2.154,-0.781,0.0,4.974,0.058,2.55,0.164,49.9999999999999,S635W
-4.293,14.151,4.568,0.01,-0.172,0.416,7.549,0.0,0.0,0.0,2.154,0.037,0.0,3.845,0.252,-0.425,-0.07,28.02289431348447,S635K
5.397,45.657,-12.451,-0.014,-0.113,-1.748,9.752,36.988,0.0,0.0,0.0,0.241,0.033,-2.159,5.084,-0.929,3.378,47.24736240641489,K634P
1.806,-0.633,-3.939,-0.007,-0.387,-0.726,4.949,0.0,0.0,0.0,0.0,-0.862,0.0,-0.308,-0.025,-0.737,-0.041,-0.9078761989617306,K633Q
0.24,0.0,-0.854,-0.005,-0.107,0.056,-0.504,0.0,0.0,0.0,0.0,0.0,0.0,-0.615,0.14,3.969,-0.083,2.2384772199180816,K636C
2.73,-0.668,-15.685,0.023,-0.122,-1.451,10.667,0.0,0.0,0.0,0.0,0.204,0.003,0.493,-1.066,3.018,-0.518,-2.3692989066623795,K634I
5.871,-4.976,-10.06,0.001,0.349,-1.223,11.143,0.0,0.0,0.0,0.0,0.204,0.0,0.984,0.242,-0.626,0.211,2.1223592481444484,K634N
13.112,-5.58,-14.072,-0.019,-0.199,-1.231,10.739,0.0,0.0,0.0,0.0,0.204,0.002,-3.029,1.165,1.512,2.704,5.308699546715843,K634G
-1.021,2.769,-0.987,0.014,-0.032,-0.246,-0.231,0.0,0.0,0.0,0.0,0.0,0.0,-0.713,-0.089,2.376,-0.063,1.7756131754395028,K636L
0.656,0.202,1.355,-0.005,-0.069,0.067,-0.092,0.0,0.0,0.0,-0.184,-1.791,0.0,-0.822,0.116,0.424,0.09,-0.0538113027852205,K636S
5.465,-4.96,-7.646,-0.015,0.334,-1.864,13.275,0.0,0.0,0.0,0.0,0.204,0.0,2.058,0.018,-2.01,0.161,5.024410066534642,K634E
-4.053,4.03,-1.069,0.008,0.167,0.17,1.58,0.0,0.0,0.0,0.0,0.0,0.0,4.147,-0.044,0.066,0.018,5.018290978726782,T638F
5.223,0.191,-16.005,0.019,-0.146,-1.613,10.583,0.0,0.0,0.0,0.0,0.204,0.003,0.467,-1.032,3.357,-0.405,0.8465419395200797,K634V
0.072,0.007,0.874,-0.001,0.152,-0.079,0.685,0.0,0.0,0.0,0.0,0.0,0.0,1.857,-0.021,-2.01,-0.053,1.483340675555155,K636E
-1.659,1.592,0.985,-0.002,0.235,-0.166,-0.823,0.0,0.0,0.0,0.0,0.0,0.0,0.871,-0.052,0.413,0.026,1.4202447000931215,K636H
-0.146,0.238,-0.156,0.005,0.152,0.07,1.042,0.0,0.0,0.0,0.0,0.0,0.0,1.362,-0.251,-1.247,-0.276,0.791018968037065,T638R
2.984,-0.118,-2.3,-0.007,-0.119,0.331,-0.172,0.0,0.0,0.0,0.0,0.0,-0.087,-1.163,0.927,1.512,0.751,2.5383201421187778,K636G
0.066,-0.376,-0.497,-0.016,-0.045,0.01,1.163,0.0,0.0,0.0,0.0,0.0,0.0,1.374,-0.214,0.505,-0.131,1.8393215275783632,T638M
0.095,0.001,0.439,-0.001,0.088,-0.054,-0.604,0.0,0.0,0.0,0.0,0.0,0.0,2.455,0.114,-0.737,0.05,1.846561536739273,K636Q
-0.994,3.915,-1.658,0.004,-0.071,0.099,0.616,0.0,0.0,0.0,0.0,0.0,-0.059,0.871,-0.075,3.357,-0.001,6.004962059982745,K636V
-3.085,1.554,-3.47,0.0,-0.003,0.081,4.018,0.0,0.0,0.0,0.647,0.037,0.0,1.275,0.459,3.544,0.332,5.390896188134093,S635C
-3.93,49.9999999676855,-17.251,0.056,0.022,-0.588,10.221,0.0,0.0,0.0,0.03,0.204,0.0,5.096,-0.386,1.932,-0.152,49.99999996093279,K634F
-3.153,1.955,-0.19,0.006,0.021,0.144,-0.289,0.0,0.0,0.0,0.152,0.028,0.0,1.09,0.039,1.441,-0.205,1.0390202012330292,S635T
-1.134,2.728,4.079,0.001,-0.064,0.499,2.2,0.0,0.0,0.0,2.154,0.037,0.0,2.955,0.184,-2.435,0.013,11.21744611096301,S635E
-8.288,41.27528303165545,-5.623,0.033,0.082,0.023,3.985,0.0,0.0,0.0,0.582,0.037,0.0,2.65,0.519,1.951,0.226,39.97758757412325,S635L
-0.281,0.0,-0.119,0.001,-0.108,0.066,-0.066,0.0,0.0,0.0,0.0,0.0,0.0,0.233,0.244,2.371,-0.058,2.283321649297932,K636M
1.032,-0.299,-1.441,0.001,0.346,0.599,2.701,0.0,0.0,0.0,1.268,-2.205,0.0,4.755,0.791,-1.051,0.452,6.948195561380317,S635N
-4.574,11.945,-2.283,0.002,0.031,0.081,5.429,49.650179164942756,0.0,1.146,0.647,0.037,-0.122,-0.054,7.326,-1.354,6.892,49.87179640305519,S635P
1.839,-0.883,-2.307,-0.006,-0.055,0.155,1.352,0.0,0.0,0.0,0.0,0.0,0.0,-0.148,-0.202,0.172,-0.382,-0.4643397335487407,T638A
3.674,-5.397,-9.762,-0.006,0.209,-1.422,10.451,0.0,0.0,0.0,-1.165,0.204,0.0,2.254,0.011,-0.737,0.004,-1.680317251528436,K634Q
-2.027,14.906,0.167,-0.002,-0.005,1.607,0.671,0.0,0.0,0.0,-0.732,-0.781,0.0,5.762,0.129,-1.162,-0.106,18.42850874508452,S635Q
-4.302,6.951,-6.34,0.018,-0.025,0.097,4.237,0.0,0.0,0.0,0.647,0.037,-0.05,1.969,-0.032,2.932,-0.212,5.927225816305167,S635V
-3.33,2.747,5.712,0.003,0.677,0.147,2.336,0.0,0.0,0.0,-0.274,0.037,0.0,4.474,1.13,-1.857,0.727,12.528941569526296,S635D
-1.013,3.43,-0.412,0.001,-0.069,0.004,-0.778,0.0,0.0,0.0,0.0,0.0,0.0,-0.994,0.097,1.866,0.2,2.331147820061119,K636T
-2.82,0.961,-0.221,0.014,0.102,0.083,-0.374,0.0,0.0,0.0,0.0,0.0,0.0,1.287,0.077,1.296,-0.044,0.3613882543199906,K636Y
-0.339,0.057,0.73,-0.002,0.145,-0.209,-0.597,0.0,0.0,0.0,0.0,0.0,0.0,1.715,0.19,-0.626,0.254,1.3178502229415017,K636N
0.451,-0.422,0.207,-0.017,0.226,-0.071,1.267,0.0,0.0,0.0,0.0,0.0,0.0,2.68,-0.372,-3.877,-0.41,-0.3386159050974129,T638E
4.919,-3.112,7.811,-0.016,0.444,0.269,-0.75,0.0,0.0,0.0,0.0,0.0,0.0,2.466,0.263,-3.808,-0.065,8.42198172921826,L637D
2.919,-0.871,-1.566,-0.022,-0.062,0.108,1.174,0.0,0.0,0.0,0.0,0.0,-0.009,-0.498,0.349,-0.354,0.257,1.424382160547793,T638G
-1.467,2.838,-1.328,-0.004,0.014,0.07,1.081,0.0,0.0,0.0,0.0,0.0,0.0,2.538,-0.263,0.509,-0.098,3.888120204060897,T638L
-0.16,-0.657,-0.834,-0.018,-0.03,-0.074,0.747,0.0,0.0,0.0,0.0,0.0,0.0,0.182,0.105,2.103,-0.198,1.1652330446415815,T638C
0.0,0.0,0.0,0.0,0.0,0.0,0.0,0.0,0.0,0.0,0.0,0.0,0.0,0.0,0.0,0.0,0.0,0.0,K636K
0.071,0.005,0.091,0.004,0.082,0.051,-0.606,0.0,0.0,0.0,0.0,0.0,0.0,0.558,-0.036,0.619,-0.033,0.8054743893867453,K636R
-1.081,-0.148,-1.42,0.015,0.083,-0.08,0.921,0.0,0.0,0.0,0.0,0.0,0.08,0.657,0.275,1.151,-0.051,0.4009723825706714,T638I
-6.647,49.99999998319702,-9.91,0.04,0.566,0.448,2.244,0.0,0.0,0.0,2.154,-0.781,0.0,6.182,-0.02,1.507,-0.222,49.99999997993346,S635F
0.779,-0.584,1.468,-0.021,0.691,0.091,2.189,0.0,0.0,0.0,0.0,0.0,0.0,3.122,-0.2,-3.298,-0.14,4.0978113553966296,T638D
-0.718,2.692,-0.764,-0.003,0.309,0.377,-2.575,0.036,0.0,0.0,-0.066,0.0,-0.032,1.536,-0.614,-0.929,0.71,-0.0403083413527838,K636P
1.424,-0.844,0.311,-0.019,-0.007,0.031,0.4,0.0,0.0,0.0,0.0,0.0,0.0,-0.397,-0.345,-1.442,-0.462,-1.3488563510952645,T638S
-2.004,7.513,-7.556,0.017,-0.352,0.163,5.897,0.0,0.0,0.0,2.154,0.037,-0.05,2.107,0.296,2.593,-0.024,10.791012899106365,S635I
0.145,-0.184,0.522,-0.001,0.674,0.053,1.409,0.0,0.0,0.0,0.0,0.0,0.0,2.765,-0.089,-2.492,0.053,2.85633815041706,T638N
0.022,2.467,0.978,0.009,0.041,-0.052,-0.145,0.0,0.0,0.0,0.0,0.0,0.0,2.935,0.18,-0.005,0.101,6.53206868906409,L637M
-6.245,49.99999999420546,-13.321,0.092,0.054,-0.86,10.53,0.0,0.0,0.0,0.03,0.204,0.0,7.765,-0.316,1.296,-0.102,49.99999999400006,K634Y
0.0,0.0,0.0,0.0,0.0,0.0,0.0,0.0,0.0,0.0,0.0,0.0,0.0,0.0,0.0,0.0,0.0,0.0,L637L
5.368,-3.252,2.051,-0.017,-0.143,0.008,-0.451,0.0,0.0,0.0,0.0,0.0,0.0,0.931,0.562,1.593,0.277,6.927545003905607,L637C
-0.314,16.44,5.246,0.057,0.514,-0.007,-0.249,0.0,0.0,0.0,-0.063,0.0,0.0,6.757,0.432,-1.963,0.032,26.88343977944976,L637H
-0.996,0.362,1.093,-0.017,0.708,0.283,0.585,0.0,0.0,0.0,0.0,0.0,0.0,3.116,-0.149,-1.453,-0.131,3.400991106724291,T638H
-3.056,0.169,0.008,0.014,0.142,0.304,-0.189,0.0,0.0,0.0,0.0,0.0,0.0,1.996,-0.045,2.975,-0.091,2.225161756703983,K636W
7.28,-4.516,-12.632,-0.005,-0.162,-1.359,10.383,0.0,0.0,0.0,0.0,0.204,0.0,-2.288,-0.45,1.866,0.023,-1.654702123057632,K634T
-9.244,40.66397908915469,7.069,0.006,-0.195,1.789,2.623,0.0,0.0,0.0,-1.146,0.037,0.0,2.517,-0.005,0.194,-0.189,41.7701551420571,S635R
8.217,-3.294,0.58,-0.018,-0.195,-0.018,-0.13,0.0,0.0,0.0,0.0,0.0,0.0,-0.922,-0.144,-0.337,-0.34,3.39890957609066,L637A
-5.725,13.239,-3.91,0.01,-0.268,1.393,3.327,0.0,0.0,0.0,1.002,0.037,0.0,3.261,0.133,1.947,0.099,14.545516696980826,S635M
2.588,49.91354184760965,2.647,-0.017,-0.146,0.036,0.175,20.287,0.0,1.326,0.0,0.0,0.005,0.426,0.856,-3.305,0.15,49.96821667652582,L637P
-1.383,3.288,-0.548,0.004,0.373,-0.059,0.598,0.0,0.0,0.0,0.0,0.0,0.0,4.075,-0.014,-0.57,-0.013,5.749947478768831,T638Y
-9.344,49.99999999992848,-4.346,0.044,0.521,0.997,2.455,0.0,0.0,0.0,2.154,-0.781,0.0,5.465,-0.042,0.871,-0.229,49.99999999992179,S635Y
10.721,-3.378,1.342,-0.019,-0.195,0.009,-0.14,0.0,0.0,0.0,0.0,0.0,0.093,-0.922,0.648,-0.864,0.497,7.793646355366832,L637G
-2.535,3.028,-4.558,-0.001,-0.292,0.473,1.195,0.0,0.0,0.0,0.0,0.0,0.0,-0.754,0.266,5.4,-0.097,2.128798397049991,D639C
-0.983,30.808,-4.399,0.011,0.578,-0.188,6.635,0.0,0.0,0.0,1.574,0.0,0.0,6.331,0.546,-0.444,0.071,40.54175381072446,L637F
-0.284,1.813,0.435,0.009,-0.073,0.255,0.123,0.0,0.0,0.0,0.0,0.0,0.106,0.612,0.361,0.642,0.086,4.085486215811443,L637I
7.117,-3.309,5.338,-0.018,-0.153,-0.095,-1.236,0.0,0.0,0.0,-0.993,0.0,0.0,-0.178,0.401,-1.952,-0.035,4.887825694421167,L637S
-8.926,49.999999998681425,-10.532,0.017,-0.069,-0.981,11.352,0.0,0.0,0.0,0.0,0.204,0.0,2.691,-0.163,2.975,0.424,49.99999999851289,K634W
-0.953,21.502,3.266,0.005,1.953,-0.402,7.877,0.0,0.0,0.0,1.574,0.0,0.0,7.313,0.053,-1.757,-0.187,40.24552612152991,L637R
0.0,0.0,0.0,0.0,0.0,0.0,0.0,0.0,0.0,0.0,0.0,0.0,0.0,0.0,0.0,0.0,0.0,0.0,S635S
-1.82,1.789,-3.921,0.017,-0.236,0.555,2.267,0.0,0.0,0.0,0.0,0.0,0.0,-1.313,0.033,3.807,0.049,1.2282743694084957,D639L
0.0,0.0,0.0,0.0,0.0,0.0,0.0,0.0,0.0,0.0,0.0,0.0,0.0,0.0,0.0,0.0,0.0,0.0,T638T
-2.306,40.235,-0.041,0.005,0.378,0.069,-0.952,0.945,0.0,0.0,0.0,0.0,-0.022,2.592,-0.359,-2.795,2.02,39.767931379594415,T638P
3.558,-3.123,6.185,-0.009,0.571,-0.182,-0.481,0.0,0.0,0.0,-1.124,0.0,0.0,3.75,0.433,-3.002,0.258,6.834798939846792,L637N
1.873,10.733,3.356,0.0,1.347,-0.443,8.651,0.0,0.0,0.0,1.574,0.0,0.0,5.763,0.163,-2.377,-0.231,30.40937256128302,L637K
4.722,-2.996,5.245,-0.009,-0.127,-0.085,-1.604,0.0,0.0,0.0,-0.526,0.0,0.0,-0.547,0.577,-0.51,0.207,4.350152642898706,L637T
2.669,-2.7,7.487,-0.007,1.052,-0.187,-1.033,0.0,0.0,0.0,0.0,0.0,0.0,3.144,-0.077,-4.386,-0.325,5.637805275316964,L637E
-7.034,46.111,5.478,0.022,0.971,1.472,-1.627,0.0,0.0,0.0,-0.066,0.0,0.0,5.218,-0.186,1.109,-0.184,38.60878536676764,T638W
0.194,-0.401,0.11,-0.017,0.13,0.079,1.027,0.0,0.0,0.0,0.0,0.0,0.0,2.282,-0.254,-2.603,-0.267,0.2787245792518433,T638Q
1.365,-0.648,5.315,-0.007,0.806,-0.409,-0.131,0.0,0.0,0.0,0.0,0.0,0.0,1.706,0.024,-3.113,-0.044,4.864578650626527,L637Q
2.111,-0.228,-5.717,-0.004,-0.335,0.533,2.264,0.0,0.0,0.0,0.0,0.0,0.0,-1.715,0.006,3.47,-0.051,0.3339654855398066,D639A
2.923,-0.202,0.252,0.002,-0.127,0.147,-0.177,0.0,0.0,0.0,0.0,0.0,0.106,0.361,0.435,0.981,0.04,4.743232668018663,L637V
-3.285,49.99145317393931,-3.168,-0.003,-0.294,0.642,4.155,12.373,0.883,0.0,0.0,0.0,0.019,-0.076,-0.145,0.502,10.645,49.99649004708316,D639P
2.324,-0.543,-2.186,-0.002,-0.044,0.081,1.284,0.0,0.0,0.0,1.832,0.0,0.042,-0.794,0.933,1.087,1.505,5.518931503544877,S642G
-0.653,0.117,-1.818,0.009,0.014,-0.095,0.978,0.0,0.0,0.0,0.0,0.0,0.08,0.557,0.322,1.49,-0.017,0.9831360671239509,T638V
-2.285,1.038,2.342,0.0,-0.06,0.95,-1.464,0.0,0.0,0.0,-0.963,0.0,0.0,2.662,-0.046,-0.579,-0.1,1.4936493372227917,D639E
5.86,-10.061,10.0,-0.007,0.61,-0.94,-1.48,0.0,0.0,0.0,0.0,0.0,0.0,-2.425,-0.011,-3.943,-0.032,-2.4282055667339364,F640E
-1.947,0.16,-1.084,0.005,0.009,0.089,1.8,0.0,0.0,0.0,0.0,0.0,0.0,1.281,0.021,1.845,-0.009,2.1710055601196245,D639H
-10.131,49.99219622630158,0.968,0.292,0.396,-0.091,-0.725,0.0,0.0,0.0,0.0,0.0,0.0,7.044,0.413,0.599,-0.125,49.99176066119485,L637W
-2.111,37.13,-1.851,0.008,0.59,-0.121,7.065,0.0,0.0,0.0,1.574,0.0,0.0,6.543,0.584,-1.08,-0.003,48.327951032350825,L637Y
4.07,-0.364,-5.3,-0.005,-0.335,0.424,2.106,0.0,0.0,0.0,0.0,0.0,-0.038,-1.715,0.476,2.943,0.397,2.659044383703872,D639G
-0.69,0.189,-1.185,0.002,-0.046,-0.133,2.129,0.0,0.0,0.0,0.0,0.0,0.0,-0.433,0.139,0.805,0.111,0.889954816709519,D639N
0.902,1.889,-8.345,0.021,-0.678,1.033,4.093,0.0,0.0,0.0,1.507,0.0,-0.004,-0.07,0.708,4.449,0.22,5.724806203163553,D639I
-2.627,1.171,-1.078,0.004,-0.136,0.296,3.308,0.0,0.0,0.0,0.0,0.0,0.0,0.536,0.084,1.431,-0.017,2.973588702344273,D639K
-0.733,2.148,-0.893,0.0,-0.271,0.727,1.389,0.0,0.0,0.0,0.0,0.0,0.0,-1.349,0.108,3.297,0.06,4.484240690060915,D639T
-2.477,0.351,-3.407,0.083,-0.123,0.453,2.201,0.0,0.0,0.0,0.0,0.0,0.0,1.584,0.244,3.364,0.183,2.4578184291317484,D639F
0.0,0.0,0.0,0.0,0.0,0.0,0.0,0.0,0.0,0.0,0.0,0.0,0.0,0.0,0.0,0.0,0.0,0.0,D639D
-3.429,1.284,-2.751,-0.001,-0.276,0.501,2.264,0.0,0.0,0.0,0.0,0.0,0.0,0.246,0.162,3.803,0.023,1.82763814229952,D639M
10.909,-10.276,4.154,-0.015,-0.266,-0.283,0.186,0.0,0.0,0.0,0.0,0.0,0.0,-5.448,0.282,0.106,0.101,-0.5491740268521426,F640A
0.801,-0.315,-0.885,-0.004,-0.274,0.461,0.609,0.0,0.0,0.0,0.0,0.0,0.0,-1.606,-0.243,1.856,-0.234,0.1670413928995913,D639S
3.09,1.024,-7.817,0.035,-0.776,1.049,4.143,0.0,0.0,0.0,1.507,0.0,-0.004,1.066,0.66,4.788,0.268,9.034131825673851,D639V
-1.473,0.384,-0.765,-0.017,-0.159,-0.057,1.411,0.0,0.0,0.0,0.0,0.0,0.0,1.51,0.495,1.845,0.674,3.848112776110952,D641H
-2.209,0.846,4.099,0.009,0.597,0.152,-4.472,0.0,0.0,0.0,1.17,0.0,0.0,2.117,1.003,-1.857,0.728,2.1832160446460875,S642D
-2.988,1.457,0.319,0.002,-0.114,0.137,1.722,0.0,0.0,0.0,0.0,0.0,0.0,1.225,0.01,0.694,-0.06,2.4056149401695848,D639Q
0.0,0.0,0.0,0.0,0.0,0.0,0.0,0.0,0.0,0.0,0.0,0.0,0.0,0.0,0.0,0.0,0.0,0.0,S642S
8.114,-10.488,4.587,-0.006,-0.267,-0.174,-0.095,0.0,0.0,0.0,0.0,0.0,0.0,-4.504,0.224,2.036,-0.008,-0.5808101242042767,F640C
-2.104,6.805,-2.196,0.024,-0.064,0.437,2.594,0.0,0.0,0.0,0.0,0.0,0.0,1.471,0.126,4.406,-0.025,11.475756054997532,D639W
0.729,0.0,-3.001,-0.001,-0.044,0.027,1.305,0.0,0.0,0.0,1.832,0.0,0.0,-0.794,0.014,1.614,0.246,1.92595879528551,S642A
-3.04,1.318,-0.602,0.009,0.015,0.262,4.0,0.0,0.0,0.0,0.0,0.0,0.0,0.368,0.019,2.051,-0.039,4.360546093840867,D639R
-2.721,0.255,-2.744,0.083,-0.105,0.558,2.14,0.0,0.0,0.0,0.0,0.0,0.0,1.551,0.299,2.727,0.199,2.2432037660503283,D639Y
-1.539,4.686,-3.957,0.014,-0.567,0.436,2.775,0.0,0.0,0.0,0.0,0.0,0.0,1.771,0.727,3.807,0.506,8.659643041437448,D641L
-1.167,0.476,0.909,0.009,0.121,0.113,-0.397,0.0,0.0,0.0,0.0,-0.429,0.0,2.194,0.98,-0.579,0.713,2.9436242826500347,D641E
-0.245,-0.299,-0.935,-0.017,-0.106,-0.263,1.033,0.0,0.0,0.0,0.0,0.0,0.0,-0.119,0.189,0.805,0.214,0.2587588770520597,D641N
-1.844,1.609,-0.005,0.011,-0.125,0.407,1.922,0.0,0.0,0.0,0.0,0.0,0.0,1.832,0.761,0.694,0.688,5.951602871946534,D641Q
-1.941,9.448,-4.362,-0.003,-0.706,0.45,1.955,0.0,0.0,0.0,0.0,0.0,0.053,-1.826,1.387,4.788,0.957,10.19982781978365,D641V
-3.432,49.96957510554843,-1.498,-0.015,-0.687,0.625,2.014,6.925,1.041,0.0,0.0,0.0,-0.034,0.261,0.352,0.502,11.864,49.98514179831071,D641P
1.643,-0.728,-3.691,-0.022,-0.762,0.316,1.793,0.0,0.0,0.0,0.0,0.0,0.0,-1.693,0.719,3.47,0.594,1.641102925401583,D641A
2.971,-0.744,-3.139,-0.024,-0.762,0.241,1.764,0.0,0.0,0.0,0.0,0.0,-0.075,-1.693,1.511,2.943,1.815,4.807635837170665,D641G
7.212,-9.798,2.671,0.086,-0.197,-0.378,0.242,0.0,0.0,0.0,0.0,0.0,0.109,-2.307,0.487,1.424,0.438,-0.0091426072176545,F640V
-2.606,0.078,1.776,0.003,0.215,-0.621,1.324,0.0,0.0,0.0,1.832,0.0,0.0,0.717,0.729,-1.051,0.443,2.8372124954279343,S642N
-4.458,0.522,1.949,0.002,0.334,-0.671,1.104,0.0,0.0,0.0,1.832,0.0,0.0,0.696,-0.031,-0.011,-0.168,1.0985339727959629,S642H
-1.84,0.454,0.22,0.012,0.186,-0.183,0.928,0.0,0.0,0.0,1.832,0.0,0.0,0.813,0.217,-0.425,-0.01,2.2016740178112286,S642K
-5.315,0.56,1.521,0.017,0.233,-0.036,1.002,0.0,0.0,0.0,1.727,0.0,0.0,0.659,0.14,2.55,0.249,3.306127866175302,S642W
-2.041,0.415,-2.757,0.004,-0.497,0.589,1.835,0.0,0.0,0.0,0.0,0.0,0.0,1.339,0.771,3.364,0.544,3.5675545777795605,D641F
6.771,-10.176,8.114,-0.011,0.054,-0.061,-0.55,0.0,0.0,0.0,0.0,0.0,0.0,-3.361,-0.107,-2.559,-0.096,-1.9815670062617985,F640N
-4.535,49.99853878124284,0.057,0.022,0.356,0.46,0.344,48.69351639866686,0.864,0.0,1.373,0.0,0.125,1.755,7.273,-1.354,9.9,49.99999005804281,S642P
-1.6,0.315,0.789,0.007,0.542,-0.147,1.59,0.0,0.0,0.0,1.832,0.0,0.0,1.989,0.141,-2.435,0.049,3.070094038412094,S642E
-1.56,0.087,-1.706,0.0,-0.033,-0.159,1.431,0.0,0.0,0.0,1.832,0.0,0.0,-0.286,0.389,3.544,0.411,3.950228613656236,S642C
0.0,0.0,0.0,0.0,0.0,0.0,0.0,0.0,0.0,0.0,0.0,0.0,0.0,0.0,0.0,0.0,0.0,0.0,D641D
-12.607,50.0,1.748,0.052,0.345,0.978,1.462,0.0,0.0,0.0,2.88,0.0,0.0,3.429,0.049,0.871,-0.145,50.0,S642Y
-1.762,0.393,0.285,0.008,0.418,-0.205,1.077,0.0,0.0,0.0,1.832,0.0,0.0,1.603,0.1,-1.162,-0.061,2.525459388084528,S642Q
-13.142,49.999999999999574,-2.789,0.047,0.712,0.058,2.186,0.0,0.0,0.0,1.832,0.0,0.0,2.792,0.049,1.507,-0.136,49.99999999999944,S642F
-4.039,49.202945557333926,-3.625,0.04,-0.623,0.349,2.575,0.0,0.0,0.0,0.0,0.0,0.053,1.233,1.391,4.449,0.91,49.284356886805035,D641I
9.824,-10.597,6.915,-0.007,-0.208,-0.195,-1.14,0.0,0.0,0.0,0.0,0.0,0.0,-4.104,-0.141,-1.508,-0.055,-1.215878357706515,F640S
-1.381,2.339,-3.432,0.005,-0.57,0.291,2.706,0.0,0.0,0.0,0.0,0.0,0.0,2.777,0.733,3.803,0.709,7.980291897044026,D641M
0.429,-0.475,-2.973,-0.02,-0.71,0.34,1.578,0.0,0.0,0.0,0.0,0.0,0.0,-1.18,1.112,5.4,1.356,4.857768496790413,D641C
-4.374,2.715,-0.781,0.007,-0.032,-0.262,1.236,0.0,0.0,0.0,1.832,0.0,0.0,0.398,0.089,1.947,0.132,2.9065736134703,S642M
-3.604,1.681,-2.147,0.003,-0.318,0.352,2.195,0.0,0.0,0.0,0.0,0.0,0.0,1.307,0.603,4.406,0.908,5.386765108153895,D641W
-7.294,49.99999998765815,-0.837,0.046,0.364,0.299,0.042,0.0,0.0,0.0,1.373,0.0,-0.005,2.449,0.213,2.593,0.104,49.999999987330895,S642I
-4.563,41.39022232814885,-1.36,0.037,0.289,0.444,-0.158,0.0,0.0,0.0,1.373,0.0,-0.005,2.182,-0.029,2.932,-0.061,41.72402295035867,S642V
-3.335,4.471,-1.611,0.015,-0.001,-0.269,1.426,0.0,0.0,0.0,1.832,0.0,0.0,-0.554,0.508,1.951,0.314,4.74547624260606,S642L
9.928,49.22055627489014,3.527,-0.015,-0.019,1.318,-1.486,42.13795344938566,1.222,0.0,1.047,-0.818,-0.083,-0.058,0.658,-2.862,11.592,49.97428974313364,F640P
-0.937,4.876,-2.229,0.013,-0.074,0.232,2.774,0.0,0.0,0.0,0.0,0.0,0.0,3.426,0.816,2.051,0.793,11.740971591112498,D641R
-2.947,0.36,2.184,0.018,0.612,-0.099,-0.213,0.0,0.0,0.0,1.126,0.0,0.0,0.48,0.003,0.194,-0.151,1.5674987349932508,S642R
-0.538,0.562,-1.363,0.038,0.19,0.324,2.564,0.0,0.0,0.0,0.0,0.0,0.0,1.228,0.932,1.431,0.767,6.133579277260992,D641K
-0.236,0.034,-0.907,-0.009,-0.691,0.349,1.47,0.0,0.0,0.0,0.0,0.0,0.0,-1.384,1.525,3.297,2.029,5.478290916952687,D641T
1.336,-0.555,-1.89,-0.022,-0.674,0.133,1.495,0.0,0.0,0.0,0.0,0.0,0.0,-1.056,1.201,1.856,1.28,3.104275627768857,D641S
-2.178,0.183,-2.432,0.005,-0.478,0.441,1.699,0.0,0.0,0.0,0.0,0.0,0.0,0.877,0.828,2.727,0.665,2.3389276663925784,D641Y
-3.085,6.195,1.383,0.024,0.328,0.431,-0.429,0.0,0.0,0.0,1.373,0.0,0.0,2.338,0.126,1.441,-0.058,10.06566731778014,S642T
2.973,-6.058,7.877,-0.004,0.162,-0.463,-0.803,0.0,0.0,0.0,0.0,0.0,0.0,-0.713,-0.106,-1.519,-0.06,1.2865989000338232,F640H
12.237,-10.364,4.914,-0.017,-0.266,-0.392,0.225,0.0,0.0,0.0,0.0,0.0,-0.048,-5.448,0.513,-0.421,0.484,1.4173584921821885,F640G
4.768,-9.375,8.488,-0.006,0.467,-0.657,0.126,0.0,0.0,0.0,0.0,0.0,0.0,-2.616,-0.15,-2.67,-0.152,-1.7752988987515437,F640Q
5.154,-8.846,2.494,0.117,-0.124,-0.656,0.459,0.0,0.0,0.0,0.328,0.0,0.109,-1.251,0.541,1.085,0.429,-0.1596148601722689,F640I
4.696,5.309,2.448,0.001,-0.159,-0.302,0.213,0.0,0.0,0.0,0.0,0.0,0.0,-2.531,-0.13,0.443,-0.091,9.898830515852978,F640L
7.874,-8.771,6.943,0.004,0.589,0.149,-1.109,0.0,0.0,0.0,1.047,-0.818,0.0,0.014,-0.042,-1.933,-0.066,3.8838202490693448,F640K
8.214,-9.959,9.088,-0.012,0.086,-0.493,-1.531,0.0,0.0,0.0,0.0,0.0,0.0,-3.092,-0.169,-3.365,-0.136,-1.3674449353550244,F640D
7.736,-10.512,6.105,0.0,-0.199,-0.003,-1.261,0.0,0.0,0.0,0.0,0.0,0.0,-4.398,-0.206,-0.067,-0.073,-2.878253289538293,F640T
3.035,-6.767,3.407,-0.009,-0.085,-0.253,0.128,0.0,0.0,0.0,0.0,0.0,0.0,-3.052,0.213,0.439,-0.073,-3.015245460448,F640M
0.556,-1.124,2.198,0.014,0.035,-0.199,-0.252,0.0,0.0,0.0,0.0,0.0,0.0,-1.307,0.0,0.0,0.0,-0.0805774215964447,F640F
5.069,-9.254,9.447,0.005,0.717,1.292,-1.125,0.0,0.0,0.0,1.047,-0.818,0.0,0.194,0.014,-1.314,-0.066,5.210367133488489,F640R
0.523,9.801,3.181,0.021,0.347,1.732,-2.689,0.0,0.0,0.0,1.047,-0.818,0.0,3.473,0.013,1.042,-0.065,17.6110418792739,F640W
-0.662,0.74,4.282,0.013,0.007,-0.257,0.003,0.0,0.0,0.0,0.0,0.0,0.0,-0.386,0.005,-0.637,0.017,3.125929587013502,F640Y
2.023,-0.02,-2.428,-0.004,-0.253,0.765,0.096,0.0,0.0,0.0,0.0,0.0,0.0,-1.274,0.631,1.05,0.623,1.2113183957366118,N643S
0.789,-0.016,-1.365,0.001,0.053,0.675,-0.042,0.0,0.0,0.0,0.0,0.0,0.0,0.764,0.843,-1.385,0.594,0.912032330213151,N643E
-0.227,0.019,-0.225,0.001,-0.025,0.059,0.002,0.0,0.0,0.0,0.0,0.0,0.0,0.042,-0.071,3.544,-0.205,2.9140415400448774,S645C
-0.224,-0.017,0.145,0.01,0.158,0.029,0.419,0.0,0.0,0.0,0.0,0.0,0.0,-0.234,0.394,1.245,0.317,2.245068376211861,N643R
1.315,-0.02,-2.537,0.022,0.193,0.84,0.306,0.0,0.0,0.0,0.0,0.0,0.0,1.214,0.349,1.922,0.204,3.809074067777942,N643Y
2.458,-0.025,-2.885,-0.008,-0.332,0.913,0.327,0.0,0.0,0.0,0.0,0.0,-0.048,-1.625,1.159,2.138,1.067,3.1404797918635268,N643G
0.401,-0.016,-1.308,0.002,-0.158,0.456,0.527,0.0,0.0,0.0,0.0,0.0,0.0,-0.765,0.719,0.625,0.5,0.9857082326373074,N643K
2.086,-0.02,-2.93,-0.004,-0.332,0.839,0.262,0.0,0.0,0.0,0.0,0.0,0.0,-1.625,1.111,2.664,0.747,2.800287140143724,N643A
0.176,-0.012,-1.751,-0.001,-0.248,0.433,0.421,0.0,0.0,0.0,0.0,0.0,0.0,-0.129,0.794,2.997,0.53,3.2115562251244683,N643M
0.539,0.102,1.076,-0.001,0.022,0.712,-1.474,0.0,0.0,0.0,0.0,0.0,0.0,0.629,0.262,-0.806,0.168,1.232187936888863,N643D
0.785,-0.019,-2.328,-0.003,-0.315,0.616,-0.032,0.0,0.0,0.0,0.0,0.0,0.0,-1.465,0.745,4.595,0.429,3.007823117930116,N643C
-0.225,0.0,0.611,0.003,0.231,0.04,0.44,0.0,0.0,0.0,0.0,0.0,0.0,1.552,-0.188,-1.857,-0.082,0.525679216884555,S645D
0.572,-0.007,-2.547,0.02,-0.173,0.61,0.297,0.0,0.0,0.0,0.0,0.0,0.033,-1.576,0.764,3.644,0.466,2.105509864517672,N643I
0.859,0.68,-2.655,-0.002,-0.253,0.852,1.008,40.409,0.0,0.0,0.0,0.0,0.101,-1.624,2.365,-0.303,2.846,44.284229549691645,N643P
-0.747,0.12,0.73,0.004,0.317,0.047,0.043,0.0,0.0,0.0,0.0,0.0,0.0,0.804,-0.2,-0.011,-0.086,1.021691209447113,S645H
1.31,-0.02,-2.528,0.023,0.197,0.844,0.344,0.0,0.0,0.0,0.0,0.0,0.0,1.621,0.388,2.558,0.138,4.875919538202652,N643F
-1.592,1.038,1.557,-0.001,0.122,-0.103,-0.441,0.0,0.0,0.0,0.0,0.0,0.0,0.213,0.143,1.039,0.067,2.043181891085169,N643H
0.45,-0.161,-1.262,-0.01,-0.211,0.085,0.048,0.0,0.0,0.0,0.0,0.0,0.0,-1.371,0.05,3.349,-0.035,0.9336930529148048,R644C
0.716,-0.016,-1.619,0.002,-0.047,0.473,0.38,0.0,0.0,0.0,0.0,0.0,0.0,0.786,0.56,-0.111,0.404,1.52801699053407,N643Q
0.577,-0.008,-2.788,0.013,-0.273,0.608,0.24,0.0,0.0,0.0,0.0,0.0,0.033,-1.623,0.788,3.982,0.494,2.04413478180777,N643V
0.835,-0.02,-2.393,0.018,0.581,0.733,0.134,0.0,0.0,0.0,0.0,0.0,0.0,0.609,0.672,3.601,0.477,5.2476058471513625,N643W
-2.24,0.012,2.387,0.023,0.27,0.337,-1.319,0.0,0.0,0.0,-0.459,0.0,0.0,2.149,-0.167,2.55,-0.203,3.3398170536158887,S645W
-2.712,2.398,2.505,0.04,0.766,0.902,-0.55,0.0,0.0,0.0,0.095,0.0,0.0,-0.452,0.711,3.001,0.336,7.0433448717087686,N643L
-2.21,2.804,1.549,0.006,0.177,0.416,-1.7,0.376,0.0,0.0,-0.459,0.0,-0.01,0.423,-0.732,-1.354,0.151,-0.5640361830511438,S645P
-0.256,0.043,0.001,0.007,0.081,0.057,0.048,0.0,0.0,0.0,0.0,0.0,0.0,0.743,-0.158,-0.425,-0.166,-0.0259479612748236,S645K
0.0,0.0,0.0,0.0,0.0,0.0,0.0,0.0,0.0,0.0,0.0,0.0,0.0,0.0,0.0,0.0,0.0,0.0,S645S
0.0,0.0,0.0,0.0,0.0,0.0,0.0,0.0,0.0,0.0,0.0,0.0,0.0,0.0,0.0,0.0,0.0,0.0,R644R
0.889,-0.007,-2.447,0.0,-0.238,0.531,0.064,0.0,0.0,0.0,0.0,0.0,0.0,-1.621,0.253,2.492,0.349,0.2661318348085615,N643T
-0.405,0.193,-0.961,0.004,-0.167,0.114,0.566,0.0,0.0,0.0,0.0,0.0,0.0,-1.231,-0.114,1.756,0.054,-0.1925414142913268,R644L
-0.255,0.051,0.025,0.006,0.246,0.048,-0.011,0.0,0.0,0.0,0.0,0.0,0.0,2.105,-0.177,-2.435,-0.205,-0.6038226653282663,S645E
0.0,0.0,0.0,0.0,0.0,0.0,0.0,0.0,0.0,0.0,0.0,0.0,0.0,0.0,0.0,0.0,0.0,0.0,N643N
-0.251,0.046,-0.043,0.006,0.133,0.048,0.013,0.0,0.0,0.0,0.0,0.0,0.0,2.017,-0.041,-1.162,-0.082,0.6847292609837723,S645Q
0.316,-0.001,-0.325,-0.001,-0.054,0.058,0.018,0.0,0.0,0.0,0.0,0.0,-0.032,-0.317,0.844,1.087,0.686,2.2789811907548483,S645G
2.062,-0.193,-2.492,-0.011,-0.244,0.064,0.674,0.0,0.0,0.0,0.0,0.0,0.0,-1.527,0.024,1.419,-0.071,-0.2967244191994496,R644A
0.045,0.822,-2.328,0.007,-0.219,-0.154,1.355,0.0,0.0,0.0,1.832,0.0,0.01,-1.362,-0.026,2.737,0.037,2.7555942919968857,R644V
-1.645,0.124,1.735,0.02,0.136,0.361,-1.347,0.0,0.0,0.0,-0.459,0.0,-0.011,0.27,-0.281,2.932,-0.197,1.63890828994397,S645V
-0.549,0.158,-0.161,0.024,0.013,0.056,0.054,0.0,0.0,0.0,0.0,0.0,-0.011,0.094,-0.238,2.593,-0.15,1.882036726705337,S645I
-0.063,0.459,1.088,-0.005,0.087,-0.094,1.105,0.0,0.0,0.0,0.0,0.0,0.0,0.808,-0.148,-2.63,-0.11,0.4982829324702607,R644E
-0.303,0.154,-0.052,0.007,-0.002,-0.022,-0.065,0.0,0.0,0.0,0.0,0.0,0.0,-0.23,-0.1,1.441,0.003,0.831351866526461,S645T
3.48,-0.405,-2.184,-0.013,-0.244,0.112,0.618,0.0,0.0,0.0,0.0,0.0,-0.017,-1.527,0.955,0.892,0.961,2.63045670700194,R644G
0.098,0.0,-0.343,0.0,-0.054,0.07,-0.029,0.0,0.0,0.0,0.0,0.0,0.0,-0.317,-0.054,1.614,-0.254,0.731137296937618,S645A
-2.262,49.23720579145199,0.118,-0.009,-0.094,0.172,1.12,3.573,0.0,0.0,1.832,0.0,0.036,0.019,-0.796,-1.549,5.803,49.44412484077667,R644P
-0.157,0.109,0.224,-0.004,-0.041,-0.234,-0.248,0.0,0.0,0.0,0.0,0.0,0.0,0.853,0.036,-1.357,0.02,-0.797760527702053,R644Q
-1.111,1.885,0.441,0.007,-0.006,0.144,0.335,0.0,0.0,0.0,0.0,0.0,0.0,0.166,-0.025,2.355,0.005,4.197046886645239,R644W
-0.309,0.0,0.326,0.005,0.192,-0.032,0.235,0.0,0.0,0.0,0.0,0.0,0.0,1.541,-0.013,-1.051,0.111,1.0048557709935722,S645N
-1.427,-0.023,2.015,0.022,0.145,0.345,-1.467,0.0,0.0,0.0,-0.459,0.0,0.0,0.643,-0.259,1.951,-0.199,1.2872582115454634,S645L
-1.609,3.165,-0.041,0.012,-0.19,0.411,0.799,0.0,0.0,0.0,0.0,0.0,0.0,0.825,0.117,1.313,-0.002,4.800661851813743,R644F
-0.153,1.041,-1.62,0.028,-0.183,-0.15,1.238,0.0,0.0,0.0,1.832,0.0,0.01,-0.408,0.096,2.398,0.136,4.265008646569754,R644I
-0.164,-0.076,-0.663,-0.003,-0.169,0.084,0.559,0.0,0.0,0.0,0.0,0.0,0.0,-0.189,0.261,1.752,0.17,1.56284373535118,R644M
1.627,-0.176,-0.218,-0.011,-0.218,-0.094,0.24,0.0,0.0,0.0,0.0,-0.72,0.0,-0.69,0.098,-0.195,0.17,-0.1880435849370769,R644S
-0.257,0.04,0.007,0.01,0.173,0.057,0.034,0.0,0.0,0.0,0.0,0.0,0.0,1.333,-0.179,0.194,-0.176,1.2346672511487211,S645R
-0.723,0.02,0.256,0.02,-0.005,0.059,0.05,0.0,0.0,0.0,0.0,0.0,0.0,1.249,-0.036,1.507,-0.19,2.209300173154133,S645F
-0.722,1.207,0.673,-0.008,0.091,0.047,0.231,0.0,0.0,0.0,0.0,0.0,0.0,0.061,-0.131,-0.206,0.131,1.3740303715827622,R644H
-0.515,0.0,0.215,0.012,-0.047,0.045,0.0,0.0,0.0,0.0,0.0,0.0,0.0,1.035,0.127,1.947,-0.14,2.678666945057671,S645M
-0.078,-0.211,1.233,-0.008,0.209,-0.013,-0.175,0.0,0.0,0.0,-0.601,0.0,0.0,0.881,-0.049,-1.246,0.244,0.1876303112441064,R644N
-0.734,0.02,0.231,0.02,0.033,0.059,0.061,0.0,0.0,0.0,0.0,0.0,0.0,1.151,-0.099,0.871,-0.197,1.4157630804240853,S645Y
0.836,0.241,1.26,-0.008,0.049,-0.128,-0.583,0.0,0.0,0.0,0.0,0.0,0.0,0.685,-0.303,-2.051,0.046,0.0447222682076926,R644D
-0.259,0.002,1.267,-0.002,0.005,-0.136,-1.646,0.0,0.0,0.0,0.0,0.0,0.0,0.117,-0.081,-0.62,-0.093,-1.445969411404576,R644K
0.432,0.104,-0.416,-0.003,-0.189,-0.073,-0.033,0.0,0.0,0.0,0.0,-0.664,0.0,-1.501,-0.03,1.246,0.137,-0.9874262968712628,R644T
-1.708,3.206,0.025,0.012,-0.153,0.334,0.74,0.0,0.0,0.0,0.0,0.0,0.0,0.597,-0.036,0.676,-0.036,3.657186079253506,R644Y
-3.265,11.449,3.323,0.007,0.162,0.537,-1.932,0.0,0.0,0.0,-0.459,0.0,0.074,0.494,3.076,2.456,6.132,22.052593906105585,G646C
0.0,0.0,0.0,0.0,0.0,0.0,0.0,0.0,0.0,0.0,0.0,0.0,0.0,0.0,0.0,0.0,0.0,0.0,G646G
-10.856,50.0,3.693,0.022,0.065,-0.326,1.669,0.0,0.0,0.0,0.115,2.308,0.066,8.747,3.263,-1.099,9.774,50.0,G647H
-3.71,17.109,3.525,0.022,0.244,0.327,-1.899,0.0,0.0,0.0,-0.459,0.0,0.074,0.568,3.568,0.863,3.936,24.167946012028665,G646L
-4.706,8.238,3.934,0.038,0.438,0.541,-2.307,0.0,0.0,0.0,-0.459,0.0,0.074,3.22,2.863,0.42,2.843,15.135728021108662,G646F
-2.522,8.048,1.67,0.009,0.386,-0.156,-0.498,0.0,0.0,0.0,0.0,0.0,0.074,2.685,2.809,-1.099,2.71,14.117300299976137,G646H
-3.446,10.303,2.636,0.039,0.234,0.577,-2.124,0.0,0.0,0.0,-0.372,0.684,0.074,3.804,3.025,0.353,3.02,18.807839676357048,G646T
-3.463,11.559,4.52,0.013,0.963,0.564,-2.391,0.0,0.0,0.0,-0.459,0.0,0.074,3.934,3.616,-3.523,3.62,19.02461087210316,G646E
-3.932,8.91,3.158,0.028,1.164,0.5,-2.06,0.0,0.0,0.0,-0.372,0.684,0.074,5.255,3.37,-2.25,3.717,18.24715386231309,G646Q
2.959,-0.039,0.605,-0.019,-0.008,0.152,-0.54,0.0,0.0,0.0,0.0,0.0,-0.083,0.724,0.769,-2.933,0.527,2.1134154474171964,V649S
-4.514,9.587,3.873,0.036,0.433,0.476,-1.985,0.0,0.0,0.0,-0.459,0.0,0.074,3.158,2.889,-0.216,3.383,16.73366464060871,G646Y
-3.725,8.618,2.329,0.025,0.466,0.387,-1.989,0.0,0.0,0.0,-0.372,0.684,0.074,4.019,3.537,0.859,4.433,19.34584240708205,G646M
-2.252,11.301,2.225,0.006,0.148,0.433,-2.096,0.0,0.0,0.0,-0.459,0.0,0.074,0.466,3.407,0.526,3.341,17.11918178076894,G646A
-1.552,1.437,3.165,0.004,0.074,0.32,-0.698,0.0,0.0,0.0,-0.107,0.0,0.074,0.304,2.678,-1.088,2.715,7.326887834406079,G646S
-3.639,8.022,4.341,0.019,0.519,0.419,-1.761,0.0,0.0,0.0,-0.459,0.0,0.074,1.666,2.829,-1.513,2.945,13.45924978852338,G646K
3.309,1.213,6.425,-0.01,0.49,1.589,-2.918,0.0,0.0,0.0,1.507,-0.818,0.02,5.317,0.398,-3.019,0.296,13.798741692512522,I648K
-8.181,49.98801032861707,1.676,0.02,0.267,0.628,-1.142,49.81029568556218,1.227,0.0,-0.372,0.917,0.079,3.26,6.865,-2.442,21.527,49.999991387806034,G647P
-4.815,9.544,4.437,0.032,0.496,0.187,-1.995,0.0,0.0,0.0,-0.459,0.0,0.074,2.383,2.495,1.462,4.767,18.606610313810734,G646W
2.938,34.647,2.099,-0.018,0.145,0.917,-1.333,47.5579292492855,0.0,1.658,-0.459,0.0,0.079,0.747,5.829,-3.947,3.797,49.620981211484114,I648P
-6.091,49.99650193316275,4.89,0.007,0.245,0.218,-3.998,49.800365713185386,0.0,0.0,-0.459,0.0,0.12,2.049,7.798,-2.442,11.193,49.99999592694725,G646P
-2.222,8.786,0.463,0.031,0.875,0.571,-0.542,0.0,0.0,0.0,0.087,0.684,0.074,3.984,2.765,-0.893,2.605,17.267166542708424,G646R
-1.95,12.959,3.08,0.004,0.325,-0.17,-1.158,0.0,0.0,0.0,0.0,0.0,0.074,1.609,2.72,-2.944,2.835,17.38360795064466,G646D
-2.161,12.463,2.347,0.007,0.291,-0.114,-0.908,0.0,0.0,0.0,0.0,0.0,0.074,1.531,2.52,-2.139,2.338,16.249521975609696,G646N
-4.906,49.95881008351249,6.215,0.044,0.016,0.445,-0.935,0.0,0.0,0.0,-0.071,2.095,0.066,8.366,2.72,-2.944,9.748,49.98211441326405,G647D
-7.396,49.99054833474113,7.378,0.045,-0.045,0.111,2.616,0.0,0.0,0.0,0.115,2.467,0.066,8.462,3.698,-3.523,9.85,49.99635816473149,G647E
-4.662,48.55114205477103,-0.853,0.0,0.393,0.366,-0.306,0.0,0.0,0.0,0.0,0.0,0.02,1.988,0.01,-1.086,0.158,48.30599891603733,I648F
0.0,0.0,0.0,0.0,0.0,0.0,0.0,0.0,0.0,0.0,0.0,0.0,0.0,0.0,0.0,0.0,0.0,0.0,I648I
-4.334,12.677,2.264,0.064,0.287,0.628,-1.688,0.0,0.0,0.0,-0.372,0.684,0.122,2.467,4.993,1.505,10.826,30.12608256693659,G646I
5.285,-5.129,1.114,-0.009,-0.107,0.757,-0.607,0.0,0.0,0.0,0.0,0.0,0.02,1.662,0.199,0.951,0.545,4.68145099353535,I648C
-4.04,14.958,1.78,0.048,0.219,0.779,-1.699,0.0,0.0,0.0,-0.372,0.684,0.122,2.291,5.259,1.844,10.796,32.67160863128254,G646V
4.236,-4.195,7.128,0.008,0.668,1.274,-4.742,0.0,0.0,0.0,0.0,-0.778,0.02,5.783,0.498,-5.029,0.419,5.291496649935084,I648E
2.769,-0.133,-0.949,-0.009,-0.054,0.249,-0.123,0.0,0.0,0.0,0.0,0.0,0.0,-0.063,-0.252,0.338,-0.127,1.6475566600355478,I648V
-12.874,50.0,-3.554,0.062,-0.075,0.242,0.338,0.0,0.0,0.0,0.115,2.308,0.066,7.509,3.49,0.42,9.773,50.0,G647F
-1.421,0.491,0.17,0.018,0.038,-0.205,0.005,0.0,0.0,0.0,0.0,0.0,0.0,0.873,-0.055,-0.339,0.012,-0.4128173637928967,V649I
-7.68,49.99999592642618,-2.991,0.075,-0.022,0.675,3.319,0.0,0.0,0.0,0.519,2.308,0.079,7.947,5.47,1.505,9.895,49.99999824836759,G647I
0.0,0.0,0.0,0.0,0.0,0.0,0.0,0.0,0.0,0.0,0.0,0.0,0.0,0.0,0.0,0.0,0.0,0.0,G647G
0.113,2.105,-0.387,0.029,0.066,0.125,-0.007,0.0,0.0,0.0,0.0,0.0,0.02,3.279,0.54,-0.643,0.503,5.743451778908707,I648L
8.388,-6.369,-0.424,-0.01,-0.117,0.816,-0.266,0.0,0.0,0.0,0.0,0.0,0.02,1.459,0.572,-0.98,0.78,3.87112878522612,I648A
4.94,-5.458,8.121,-0.002,0.373,0.996,-6.201,0.0,0.0,0.0,0.009,-1.604,0.02,4.586,1.1,-4.45,0.768,3.198998517614541,I648D
4.087,1.954,-3.017,-0.021,-0.031,1.172,-1.298,0.0,0.0,0.0,1.507,-0.818,0.02,3.984,0.387,-0.647,0.559,7.83797595293936,I648M
-3.122,18.022,6.757,-0.014,0.849,0.518,-1.141,0.0,0.0,0.0,-0.569,0.0,0.02,3.046,0.17,-2.605,0.194,22.12519177802289,I648H
-8.802,49.99999999996578,-3.998,0.056,-0.25,0.25,1.436,0.0,0.0,0.0,0.115,2.308,0.066,5.302,3.985,0.863,9.849,49.99999999997812,G647L
-3.952,44.196,-1.295,0.014,0.005,0.393,0.205,0.0,0.0,0.0,0.0,0.339,0.066,1.798,3.612,0.526,9.969,40.33544412419272,G647A
0.835,0.075,1.047,0.0,0.185,0.429,-0.28,0.0,0.0,0.0,0.0,0.0,-0.083,1.739,0.286,-1.425,0.209,3.0185405975821595,V649F
2.848,-1.375,4.457,-0.019,0.611,-0.014,0.098,0.0,0.0,0.0,0.0,0.0,0.02,2.295,0.744,-3.644,0.647,6.667278086227157,I648N
10.094,-7.309,-0.036,-0.011,-0.117,1.067,-0.331,0.0,0.0,0.0,0.0,0.0,-0.02,1.459,0.752,-1.506,1.113,5.155226183684931,I648G
0.852,3.711,0.208,-0.017,0.101,0.556,-0.614,3.616,0.0,0.0,-0.066,0.0,-0.109,0.392,1.187,-4.286,1.794,7.325685190897616,V649P
-0.129,-0.081,0.761,-0.015,-0.011,0.161,-0.051,0.0,0.0,0.0,0.0,0.0,-0.083,0.449,0.602,0.612,0.289,2.50502943913034,V649C
-3.465,47.88355341817842,-2.111,0.027,-0.411,-0.297,0.384,0.0,0.0,0.0,0.715,0.0,0.043,-0.383,0.597,3.644,0.339,47.806255346716206,N652I
-0.726,0.542,-1.399,0.011,-0.39,-0.211,0.156,0.0,0.0,0.0,0.715,0.0,0.0,-1.275,0.601,3.001,0.496,1.5226565351464387,N652L
1.112,0.188,0.271,-0.002,0.021,-0.006,0.005,0.0,0.0,0.0,0.0,0.0,-0.083,0.456,0.165,-0.982,0.242,1.3875532894652451,V649L
-6.951,49.999999570991804,-5.208,0.056,-0.266,0.635,3.14,0.0,0.0,0.0,0.115,2.308,0.079,5.259,5.641,1.844,9.866,49.99999977842858,G647V
0.225,-0.201,3.988,-0.01,0.475,0.197,-1.916,0.0,0.0,0.0,-0.459,0.0,-0.083,2.959,0.538,-2.944,0.365,3.1340956306006547,V649H
2.184,-0.196,0.853,-0.011,0.083,0.164,0.132,0.0,0.0,0.0,0.0,0.0,-0.083,1.23,0.464,-3.358,0.307,1.7680650469461625,V649K
-1.68,46.92072739756173,-3.251,0.005,-0.457,-0.43,0.268,0.0,0.0,0.0,0.715,0.0,0.043,-1.326,0.717,3.982,0.376,46.79435912920999,N652V
4.481,-0.875,1.742,-0.021,-0.025,0.103,-0.211,0.0,0.0,0.0,0.0,0.0,0.02,-0.033,-0.338,-1.152,-0.24,3.4502009672118,I648T
-9.686,49.99675247557989,-0.949,0.046,-0.221,0.226,1.42,0.0,0.0,0.0,0.115,2.308,0.066,6.229,4.53,0.859,9.944,49.99820957817837,G647M
-3.635,49.92687911805478,-3.189,0.042,-0.286,0.415,1.164,0.0,0.0,0.0,0.115,2.308,0.066,5.57,2.966,2.456,9.889,49.96422415356129,G647C
-5.262,3.412,13.169,0.019,0.757,0.236,-0.613,0.0,0.0,0.0,0.0,0.0,0.02,5.846,0.173,-2.399,0.21,15.568764052849131,I648R
-12.501,49.99245345383759,8.286,0.068,0.308,-1.017,-0.617,0.0,0.0,0.0,0.568,3.11,0.066,13.466,3.747,-0.893,9.787,49.99715368616828,G647R
0.878,-0.061,3.578,-0.011,0.362,0.344,-1.82,0.0,0.0,0.0,-0.459,0.0,-0.083,2.16,0.58,-3.983,0.524,2.0090208596611774,V649N
-1.696,0.26,1.988,-0.002,0.2,0.467,-0.593,0.0,0.0,0.0,0.0,0.0,-0.083,1.019,0.263,-0.382,0.265,1.7052379576305157,V649W
-3.888,49.87275781577547,-0.304,0.046,-0.226,0.622,3.171,0.0,0.0,0.0,0.115,2.308,0.066,5.266,3.092,0.353,9.85,49.94385478530617,G647T
3.047,-0.039,-0.445,-0.019,-0.033,0.283,-0.015,0.0,0.0,0.0,0.0,0.0,-0.083,-0.019,0.769,-1.319,0.559,2.687931834128335,V649A
2.165,-0.196,1.231,-0.012,0.246,0.103,-0.303,0.0,0.0,0.0,0.0,0.0,-0.083,2.833,0.468,-5.368,0.338,1.4231342341477102,V649E
-5.294,46.73551945837668,5.499,0.014,0.025,0.491,0.065,0.0,0.0,0.0,0.0,0.339,0.066,3.359,2.624,-1.088,4.197,47.813451124031694,G647S
-20.037,50.0,-2.289,0.051,0.213,-0.089,2.093,0.0,0.0,0.0,1.157,3.498,0.066,12.819,4.149,1.462,9.964,50.0,G647W
-10.873,49.99748422651011,10.117,0.034,-0.086,0.767,-3.55,0.0,0.0,0.0,0.115,2.308,0.066,6.665,3.767,-1.513,9.853,49.99875910567557,G647K
-0.137,-0.341,6.725,-0.017,0.183,0.567,-0.803,0.0,0.0,0.0,0.0,0.0,0.02,3.664,0.386,-3.755,0.282,6.773813859523216,I648Q
2.039,-0.196,2.46,-0.014,0.243,0.178,-1.387,0.0,0.0,0.0,0.0,0.0,-0.083,2.175,0.569,-4.789,0.513,1.7089655109377873,V649D
0.552,0.163,-1.821,-0.005,-0.478,-0.352,0.082,0.0,0.0,0.0,0.715,0.0,0.0,-1.392,0.73,4.595,1.285,4.07300176461797,N652C
-0.07,0.203,-1.444,0.011,-0.32,-0.519,0.635,0.0,0.0,0.0,0.715,0.0,0.0,0.146,0.593,2.558,0.333,2.842746485569137,N652F
0.663,0.189,0.226,-0.011,0.019,0.013,-0.519,0.0,0.0,0.0,0.0,0.0,-0.083,0.031,0.415,-1.491,0.473,-0.0752692158084755,V649T
3.904,-0.043,-0.456,-0.021,-0.033,0.428,-0.221,0.0,0.0,0.0,0.0,0.0,-0.115,-0.019,1.443,-1.845,1.541,4.56445244387146,V649G
-5.769,49.99899003531462,2.372,0.045,-0.064,-0.126,0.339,0.0,0.0,0.0,0.115,2.308,0.066,8.348,2.942,-2.139,9.779,49.9995126199256,G647N
-15.378,50.0,0.345,0.061,-0.068,0.72,1.257,0.0,0.0,0.0,0.115,2.308,0.066,8.759,3.926,-0.216,9.79,50.0,G647Y
-5.931,49.95365923858374,1.984,-0.003,0.379,0.597,-0.684,0.0,0.0,0.0,0.0,0.0,0.02,2.53,-0.072,-1.722,0.127,49.94822318045444,I648Y
-1.94,0.051,3.71,-0.003,0.338,-0.228,-0.384,0.0,0.0,0.0,0.0,0.0,-0.083,1.981,0.384,-2.738,0.263,1.3519564457083106,V649R
-2.792,1.005,5.221,-0.011,0.134,-0.172,-1.248,0.0,0.0,0.0,-1.632,0.0,-0.083,3.236,0.454,-4.094,0.295,0.3146885469656126,V649Q
0.143,0.157,-0.246,-0.003,0.008,0.007,0.027,0.0,0.0,0.0,0.0,0.0,0.0,0.0,0.0,0.0,0.0,0.0921570397395044,V649V
7.731,-6.241,2.755,-0.01,-0.095,0.549,-0.908,0.0,0.0,0.0,0.0,0.0,0.02,2.256,0.085,-2.594,0.261,3.8088170392226175,I648S
-1.644,-0.111,2.215,-0.008,0.02,0.059,-0.109,0.0,0.0,0.0,0.0,0.0,-0.083,1.368,0.532,-0.986,0.23,1.484394531866883,V649M
-9.149,49.992033176999534,4.138,0.029,-0.095,0.069,1.825,0.0,0.0,0.0,0.115,2.308,0.066,8.662,3.702,-2.25,9.814,49.99630898984351,G647Q
-0.224,0.564,-0.055,0.002,0.148,0.09,-1.327,0.0,0.0,0.0,-0.595,0.0,0.0,1.475,0.745,-0.111,0.694,1.4057527199485094,N652Q
-0.959,28.454,7.059,0.01,-0.149,-0.049,0.728,0.0,0.0,0.0,1.507,0.0,0.02,6.124,0.228,-0.043,0.728,43.658381491925866,I648W
-0.416,0.126,1.011,-0.002,-0.095,-0.478,1.158,0.0,0.0,0.0,0.715,0.0,0.0,1.671,0.792,-1.385,0.563,3.658155538945039,N652E
1.418,0.243,-0.967,-0.005,-0.447,-0.476,-0.204,0.0,0.0,0.0,0.715,0.0,0.0,-1.399,1.12,1.05,0.958,2.005168380582859,N652S
-0.681,0.0,-1.357,0.012,-0.225,-0.391,0.367,0.0,0.0,0.0,0.715,0.0,0.0,0.551,0.529,3.601,1.397,4.516959487463396,N652W
-4.605,49.99700119020058,-0.001,-0.003,-0.444,0.08,-0.002,29.339,0.0,1.009,0.715,0.0,0.068,0.01,0.903,-0.303,2.076,49.99905394356588,N652P
0.588,-0.046,1.706,0.003,0.189,0.446,-0.346,0.0,0.0,0.0,0.0,0.0,-0.083,1.922,0.376,-2.061,0.182,2.875353511105118,V649Y
3.763,-0.216,-3.302,-0.012,-0.514,-0.054,0.201,0.0,0.0,0.0,0.715,0.0,0.124,-1.677,1.603,2.138,2.518,5.287517068444913,N652G
0.687,0.172,0.2,-0.006,0.05,-0.518,1.827,0.0,0.0,0.0,0.715,0.0,0.0,1.226,-0.242,-0.806,-0.165,3.141103328515328,N652D
-0.307,0.065,-0.327,0.0,-0.03,-0.031,-1.049,0.0,0.0,0.0,0.541,0.0,0.0,1.195,0.404,1.039,0.836,2.337407155551432,N652H
1.797,0.354,-3.813,-0.009,-0.514,-0.277,0.227,0.0,0.0,0.0,0.715,0.0,0.0,-1.677,0.89,2.664,0.873,1.2306652075398006,N652A
-1.233,0.344,0.151,0.011,0.013,0.174,-1.729,0.0,0.0,0.0,0.111,0.0,0.0,1.133,0.764,1.245,0.659,1.6425332376174993,N652R
-0.713,0.384,-1.362,0.004,-0.391,-0.21,0.008,0.0,0.0,0.0,0.715,0.0,0.0,-0.187,0.704,2.997,0.932,2.8816804293355744,N652M
0.14,0.124,-0.242,-0.003,0.007,0.006,0.019,0.0,0.0,0.0,0.0,0.0,0.0,0.0,0.0,0.0,0.0,0.0513054974796887,N652N
-0.021,0.743,-0.659,-0.003,-0.301,-0.372,-0.554,0.0,0.0,0.0,0.715,0.0,0.0,-0.593,0.941,0.625,0.695,1.2158387057826303,N652K
-12.544,49.97704591542543,16.132,0.066,0.374,0.655,-0.542,0.0,0.0,0.0,0.0,0.0,0.0,7.116,-0.407,-2.04,-0.469,49.98355749277492,A650K
-0.132,1.477,0.811,0.002,-0.45,-0.456,-0.815,0.0,0.0,0.0,0.715,0.0,0.0,-1.21,1.379,2.492,1.269,5.08189114686968,N652T
-8.898,45.27256897824651,8.682,0.109,0.282,-0.202,-0.291,0.0,0.0,0.0,0.0,0.0,0.0,8.301,-0.295,-2.776,-0.27,46.04211181768283,A650Q
-15.145,49.999999999999716,2.402,0.098,0.325,-0.24,-1.177,0.0,0.0,0.0,0.0,0.0,0.0,7.501,-0.494,-0.107,-0.309,49.99999999999963,A650F
0.664,-0.413,8.08,-0.022,0.331,-0.42,-0.178,0.0,0.0,0.0,0.0,0.0,-0.002,1.683,0.311,-3.983,0.291,6.343574880420192,V651N
7.924,-1.938,2.97,-0.026,-0.063,0.092,0.032,0.0,0.0,0.0,0.0,0.0,-0.034,-0.537,0.853,-1.845,1.453,8.881889383114071,V651G
-0.083,0.257,-1.435,0.011,-0.283,-0.506,0.442,0.0,0.0,0.0,0.715,0.0,0.0,0.446,0.839,1.922,0.543,2.868173205469816,N652Y
-5.769,25.235,8.429,0.099,0.759,0.237,-0.752,0.0,0.0,0.0,0.0,0.0,0.0,4.527,-0.059,-2.665,-0.069,29.971065367856568,A650N
-3.319,20.282,3.146,0.092,0.105,-0.652,-0.334,0.0,0.0,0.0,0.0,0.0,0.0,2.897,-0.215,1.93,1.041,24.97442424717144,A650C
-3.863,41.3185073651832,6.105,0.102,0.117,-0.812,-0.467,0.0,0.0,0.0,0.0,0.0,0.0,2.353,-0.36,-0.173,-0.245,42.153950545994526,A650T
3.991,-4.403,4.336,0.011,0.042,0.06,-0.37,0.0,0.0,0.0,0.0,0.0,0.047,-1.307,0.451,-0.527,0.824,3.1538452466013496,A650G
-0.324,2.639,10.124,-0.02,0.173,0.292,-1.856,0.0,0.0,0.0,0.0,0.0,-0.002,2.741,-0.133,-5.368,0.033,8.300038212307072,V651E
-7.078,43.56,12.612,0.108,0.381,-0.244,-0.951,0.0,0.0,0.0,0.0,0.0,0.0,8.323,-0.41,-4.05,-0.414,38.82968117165396,A650E
-17.013,50.0,6.444,0.097,0.28,-0.41,-0.379,0.0,0.0,0.0,0.0,0.0,0.0,7.099,-0.446,-0.743,-0.226,50.0,A650Y
5.812,-1.708,1.558,-0.025,-0.063,-0.019,-0.156,0.0,0.0,0.0,0.0,0.0,-0.002,-0.537,-0.221,-1.319,0.045,3.366132903694961,V651A
0.0,0.0,0.0,0.0,0.0,0.0,0.0,0.0,0.0,0.0,0.0,0.0,0.0,0.0,0.0,0.0,0.0,0.0,A650A
-3.845,18.794,11.38,0.095,0.878,-0.278,-2.77,0.0,0.0,0.0,0.0,0.0,0.0,5.388,-0.367,-3.471,-0.424,25.3793710707364,A650D
-9.111,49.198282755932105,1.271,0.141,0.349,-0.625,-0.115,0.0,0.0,0.0,0.0,0.0,0.0,6.816,-0.585,0.336,-0.442,49.13332672070499,A650L
-6.398,49.99947602943754,3.905,0.003,0.041,0.047,1.318,47.7795378916464,0.0,0.555,0.0,0.0,0.122,1.145,2.434,-2.968,1.989,49.999989100375885,A650P
-4.832,1.212,10.309,-0.016,0.369,-0.056,-1.3,0.0,0.0,0.0,0.0,0.0,-0.002,1.799,-0.316,-2.944,-0.251,3.9725870427604377,V651H
-13.526,49.99999999999975,-1.228,0.077,0.454,0.73,-1.924,0.0,0.0,0.0,1.506,-0.818,0.0,9.589,-0.309,0.936,0.182,49.99999999999971,A650W
-3.127,6.536,2.036,-0.017,-0.066,-0.308,2.616,0.0,0.0,0.0,2.594,-0.134,-0.002,2.439,-0.116,-0.986,0.156,11.621167927414149,V651M
-12.701,49.99999193413739,12.327,0.056,0.437,-0.834,-0.246,0.0,0.0,0.0,0.0,0.0,0.0,6.477,-0.488,-1.626,-0.244,49.99999289183597,A650H
-9.143,49.7672986806418,2.311,0.155,0.163,-0.77,0.082,0.0,0.0,0.0,0.0,0.0,0.024,5.887,-0.859,0.979,-0.687,49.74938296327276,A650I
-10.099,47.840115660959,2.979,0.118,0.394,-0.597,-0.033,0.0,0.0,0.0,0.0,0.0,0.0,4.213,-0.148,0.332,0.199,47.60521087924496,A650M
-5.707,49.670575963166506,1.465,0.13,0.14,-0.68,-0.102,0.0,0.0,0.0,0.0,0.0,0.024,3.95,-0.79,1.318,-0.65,49.658522751754674,A650V
-11.955,49.99999999999978,6.422,0.013,0.63,0.065,-0.359,0.0,0.0,0.0,0.0,0.0,-0.002,5.13,-0.141,-2.061,-0.016,49.99999999999976,V651Y
0.602,48.851088967017745,2.435,-0.022,0.072,0.156,0.32,49.4937804778577,0.0,1.04,0.0,0.0,0.022,-0.187,6.689,-4.286,12.756,49.9972999442021,V651P
-1.493,4.89,6.36,-0.016,0.063,-0.021,2.807,0.0,0.0,0.0,2.594,-0.134,-0.002,3.665,-0.106,-4.094,-0.011,14.500542947810686,V651Q
5.032,-1.681,5.18,-0.024,-0.014,-0.138,-0.42,0.0,0.0,0.0,0.0,0.0,-0.002,-0.262,-0.222,-2.933,-0.156,4.360110055882046,V651S
-2.458,6.044,0.962,0.006,0.014,-0.081,0.123,0.0,0.0,0.0,0.0,0.0,0.0,0.298,0.116,-0.339,0.023,4.708437173298194,V651I
-9.783,49.999999999999716,0.798,0.017,0.637,-0.047,-0.78,0.0,0.0,0.0,0.0,0.0,-0.002,4.945,-0.098,-1.425,-0.016,49.99999999999964,V651F
2.239,-1.655,2.992,-0.024,-0.037,-0.018,-0.315,0.0,0.0,0.0,0.0,0.0,-0.002,-0.39,-0.14,0.612,0.329,3.593078640843146,V651C
1.996,-1.21,10.333,-0.024,0.336,-0.06,-1.444,0.0,0.0,0.0,0.0,0.0,-0.002,1.836,0.471,-4.789,0.474,7.91852724104433,V651D
-15.637,49.99994315773361,15.776,0.136,0.736,-0.868,0.09,0.0,0.0,0.0,0.0,0.089,0.0,16.273,-0.423,-1.42,-0.342,49.99996805993948,A650R
0.0,0.0,0.0,0.0,0.0,0.0,0.0,0.0,0.0,0.0,0.0,0.0,0.0,0.0,0.0,0.0,0.0,0.0,V651V
-2.416,10.609,2.02,-0.003,0.04,-0.23,0.142,0.0,0.0,0.0,0.0,0.0,-0.002,1.528,0.147,-0.982,0.346,11.199360378627375,V651L
-1.545,0.353,6.125,0.001,0.046,-0.2,-1.012,0.0,0.0,0.0,0.0,0.0,0.0,1.546,-0.007,-1.615,0.162,3.853587447807513,A650S
-3.501,5.988,10.418,-0.011,0.137,0.026,4.046,0.0,0.0,0.0,2.594,-0.134,-0.002,3.609,-0.061,-3.358,0.078,19.82940212950677,V651K
-6.806,33.935,11.258,-0.004,0.262,-0.754,4.218,0.0,0.0,0.0,2.594,-0.134,-0.002,6.967,-0.184,-2.738,-0.15,48.463072484822646,V651R
-13.365,41.57349670831689,5.971,0.011,0.127,0.367,2.771,0.0,0.0,0.0,2.594,-0.134,-0.002,9.221,0.039,-0.382,0.451,43.658688453336005,V651W
1.808,-0.46,3.138,-0.009,0.021,-0.161,-0.4,0.0,0.0,0.0,0.0,0.0,-0.002,0.087,0.204,-1.491,0.007,2.7429716965997386,V651T
-1.497,0.21,-0.311,-0.001,-0.283,-0.025,-0.183,0.0,0.0,0.0,0.0,0.0,0.0,0.487,0.258,5.4,0.372,4.4290665067758255,D655C
-0.053,0.001,-0.408,0.014,-0.233,0.033,0.249,0.0,0.0,0.0,0.0,0.0,0.0,-0.982,-0.274,3.807,0.03,2.1873601353689764,D655L
0.643,-0.001,-0.643,-0.005,-0.313,0.115,0.247,0.0,0.0,0.0,0.0,0.0,0.019,-1.303,0.355,2.943,0.583,2.644395363794729,D655G
0.204,0.001,-0.764,-0.004,-0.313,0.028,0.266,0.0,0.0,0.0,0.0,0.0,0.0,-1.303,-0.456,3.47,-0.264,0.8676485549168547,D655A
0.053,0.0,-0.349,0.002,-0.192,0.038,0.303,0.0,0.0,0.0,0.0,0.0,0.0,-0.321,-0.126,1.431,-0.184,0.6560707969314308,D655K
-0.881,0.022,-0.033,0.018,0.057,-0.127,0.271,0.0,0.0,0.0,0.0,0.0,0.0,0.5,0.199,3.364,0.086,3.4771371206584263,D655F
2.079,0.394,-1.723,-0.009,-0.195,0.502,-0.252,0.0,0.0,0.0,0.0,0.0,0.0,-1.757,-0.024,1.419,0.0,0.4342320371922596,R654A
-0.016,0.0,-0.463,0.014,-0.038,0.041,0.316,0.0,0.0,0.0,0.0,0.0,0.0,0.626,0.1,4.406,-0.091,4.89592222519957,D655W
0.982,-0.056,-0.351,-0.004,-0.01,0.218,-0.683,0.0,0.0,0.0,0.0,0.0,0.0,1.168,0.024,-1.357,0.045,-0.0210751162113638,R654Q
0.0,0.0,0.0,0.0,0.0,0.0,0.0,0.0,0.0,0.0,0.0,0.0,0.0,0.0,0.0,0.0,0.0,0.0,D655D
-0.244,0.001,-0.349,0.007,-0.245,-0.068,-0.061,0.0,0.0,0.0,0.0,0.0,0.0,-1.076,0.27,3.297,0.227,1.7604387003102602,D655T
-0.605,0.002,0.023,0.0,0.428,-0.106,0.306,0.0,0.0,0.0,0.0,0.0,0.0,0.418,0.138,1.845,0.067,2.518286885004727,D655H
0.034,0.0,-0.273,0.001,-0.038,0.026,0.098,0.0,0.0,0.0,0.0,0.0,0.0,1.329,-0.332,-0.579,-0.288,-0.0195379430194861,D655E
-0.948,1.932,-0.744,-0.002,-0.276,0.048,0.44,1.398,0.0,0.0,0.0,0.0,-0.006,-1.199,0.655,0.502,0.218,2.019263992823312,D655P
0.038,0.0,-0.307,0.002,-0.123,0.03,0.242,0.0,0.0,0.0,0.0,0.0,0.0,1.065,-0.227,0.694,0.007,1.4241763349733674,D655Q
1.536,-0.041,-1.094,-0.009,-0.179,0.513,-0.232,0.0,0.0,0.0,0.0,0.0,0.0,-0.979,0.085,3.349,-0.216,2.7344933885902947,R654C
1.037,0.371,1.561,-0.006,0.13,0.353,-2.565,0.0,0.0,0.0,-1.147,0.0,0.0,0.85,0.01,-2.051,-0.087,-1.5418128631748689,R654D
-2.731,37.87,0.106,0.017,-0.029,0.577,0.471,0.0,0.0,0.0,1.618,0.598,-0.119,-1.043,0.947,2.398,0.549,41.2314728628736,R654I
-0.06,0.0,-0.334,0.009,-0.218,0.031,0.244,0.0,0.0,0.0,0.0,0.0,0.0,-0.213,-0.071,3.803,0.149,3.341745753179225,D655M
-0.533,0.002,-0.564,0.016,-0.257,-0.053,0.265,0.0,0.0,0.0,0.0,0.0,0.044,-1.008,0.091,4.788,0.074,2.8671915621654307,D655V
-0.029,0.0,-0.183,0.003,-0.046,-0.04,0.234,0.0,0.0,0.0,0.0,0.0,0.0,-0.219,0.212,0.805,0.316,1.054610259529909,D655N
-0.542,0.002,-0.459,0.025,-0.235,-0.049,0.331,0.0,0.0,0.0,0.0,0.0,0.044,-0.807,0.003,4.449,0.144,2.908865525375745,D655I
0.161,0.001,-0.275,-0.003,-0.288,-0.006,-0.04,0.0,0.0,0.0,0.0,0.0,0.0,-0.621,0.16,1.856,0.072,1.018111769838583,D655S
-0.742,0.296,-1.357,-0.004,-0.14,0.277,-0.153,0.0,0.0,0.0,0.651,0.0,0.0,-0.81,0.168,1.752,0.012,-0.0494199908112023,R654M
-0.687,1.236,-1.229,0.034,0.012,0.368,-0.364,0.0,0.0,0.0,0.0,0.0,0.0,1.359,0.114,1.313,0.109,2.266456783926856,R654F
0.037,0.0,-0.34,0.006,-0.111,0.037,0.361,0.0,0.0,0.0,0.0,0.0,0.0,0.315,-0.237,2.051,-0.157,1.9644952322074687,D655R
3.035,0.164,-1.574,-0.01,-0.195,0.543,-0.337,0.0,0.0,0.0,0.0,0.0,-0.042,-1.757,0.051,0.892,0.059,0.8323877385128071,R654G
1.136,-0.066,0.075,-0.005,0.059,0.23,-1.272,0.0,0.0,0.0,0.0,0.0,0.0,1.304,0.067,-2.63,0.012,-1.0888943744510016,R654E
-2.208,49.388161544296366,0.532,-0.002,-0.006,0.956,-0.487,4.78,0.0,0.0,0.967,0.598,0.209,-0.076,-0.785,-1.549,-0.092,49.45345551779031,R654P
-0.85,0.018,-0.05,0.017,0.064,-0.12,0.271,0.0,0.0,0.0,0.0,0.0,0.0,0.6,0.246,2.727,0.011,2.9363988052020886,D655Y
-0.911,0.552,2.656,-0.006,0.058,0.852,-2.319,0.0,0.0,0.0,-1.341,0.0,0.0,1.032,0.005,-0.206,-0.084,0.2902939742438093,R654H
0.457,0.369,0.311,0.003,0.066,0.305,-0.522,0.0,0.0,0.0,0.0,0.0,0.0,-0.311,0.076,-0.62,0.069,0.2032948622919548,R654K
0.0,0.0,0.0,0.0,0.0,0.0,0.0,0.0,0.0,0.0,0.0,0.0,0.0,0.0,0.0,0.0,0.0,0.0,R654R
1.128,-0.08,-0.016,-0.006,0.028,0.305,-0.083,0.0,0.0,0.0,0.0,0.0,0.0,0.291,0.029,-1.246,0.027,0.3791895328383816,R654N
0.705,-0.064,-1.137,0.006,-0.146,0.397,-0.345,0.0,0.0,0.0,0.0,0.0,0.0,-1.344,-0.025,1.756,0.032,-0.1637135982496147,R654L
-1.142,45.102,-1.22,0.009,-0.079,0.71,0.309,0.0,0.0,0.0,0.967,0.598,-0.119,-0.779,0.686,2.737,0.373,48.15323880593701,R654V
0.528,3.092,1.291,-0.003,-0.08,0.434,-1.078,0.0,0.0,0.0,0.331,0.088,0.0,-1.393,-0.405,1.246,-0.431,3.6209410621640927,R654T
1.904,0.439,-0.556,-0.009,-0.173,0.325,-0.233,0.0,0.0,0.0,0.0,0.0,0.0,-0.194,-0.481,-0.195,-0.474,0.355286580165739,R654S
-0.885,0.04,-0.757,0.018,0.101,0.443,-0.24,0.0,0.0,0.0,0.0,0.0,0.0,0.856,0.093,2.355,0.199,2.224192114240509,R654W
-1.187,3.093,-0.336,0.015,0.037,0.541,-0.272,0.0,0.0,0.0,0.0,0.0,0.0,1.67,0.127,0.676,0.181,4.546635769526915,R654Y
0.985,-0.01,-0.789,-0.007,-0.316,0.286,0.018,0.0,0.0,0.0,0.0,0.0,-0.052,-1.807,0.932,2.138,0.878,2.257722138642066,N656G
0.0,0.0,0.0,0.0,0.0,0.0,0.0,0.0,0.0,0.0,0.0,0.0,0.0,0.0,0.0,0.0,0.0,0.0,L653L
-0.45,0.0,0.193,0.003,0.4,0.053,0.346,0.0,0.0,0.0,0.0,0.0,0.0,0.059,0.45,-0.111,0.356,1.300536778549258,N656Q
10.113,-2.172,0.616,-0.019,-0.048,0.465,0.469,0.0,0.0,0.0,0.0,0.0,0.13,-0.406,0.675,-0.864,0.724,9.681525139958694,L653G
-0.24,0.0,-0.205,0.006,-0.197,0.174,0.124,0.0,0.0,0.0,0.0,0.0,0.0,-1.04,0.744,2.997,0.435,2.799218877111798,N656M
0.424,-0.594,8.328,-0.003,0.192,-0.44,-0.377,0.0,0.0,0.0,0.0,0.0,0.0,3.463,0.183,-3.113,0.097,8.159428771193348,L653Q
-5.891,48.613902491742515,3.175,0.109,0.125,-0.224,-0.464,0.0,0.0,0.0,0.0,0.105,0.0,8.132,0.079,-0.444,0.063,48.851622983934334,L653F
-0.8,-0.365,-0.391,0.021,-0.174,0.222,0.27,0.0,0.0,0.0,0.651,0.0,0.053,-2.077,0.929,3.644,0.682,2.6655811112312904,N656I
6.868,5.732,1.041,-0.014,0.087,0.471,-0.329,9.947,0.0,0.0,0.0,0.0,-0.065,-0.017,-0.312,-3.305,0.777,20.88027346654917,L653P
8.61,-2.097,0.254,-0.018,-0.048,0.435,0.34,0.0,0.0,0.0,0.0,0.0,0.0,-0.406,0.139,-0.337,0.037,6.908251423062325,L653A
5.041,-1.922,0.353,0.009,0.042,-0.034,0.349,0.0,0.0,0.0,0.071,0.133,0.162,0.312,0.551,0.642,0.531,6.240352700693506,L653I
-1.97,10.944,-0.625,-0.003,-0.244,0.102,0.075,4.686,0.0,0.0,0.0,0.0,0.138,-1.807,1.445,-0.303,12.254,24.6927011348854,N656P
0.188,0.0,-0.328,0.001,0.064,0.212,-0.14,0.0,0.0,0.0,0.0,0.0,0.0,0.601,0.636,-1.385,0.493,0.3432079426955852,N656E
5.546,-2.039,4.65,-0.006,0.478,-0.362,-1.829,0.0,0.0,0.0,0.0,0.0,0.0,2.955,0.141,-2.377,0.122,7.278632151091074,L653K
5.161,-1.47,1.079,-0.017,-0.037,0.283,-0.278,0.0,0.0,0.0,0.0,0.0,0.0,-0.262,0.389,1.593,0.025,6.465507743768967,L653C
1.006,-0.764,11.16,-0.006,0.619,-0.296,-0.046,0.0,0.0,0.0,0.0,0.0,0.0,3.143,0.147,-4.386,0.094,10.670054728604669,L653E
0.015,0.001,-0.054,0.001,-0.229,0.062,-0.352,0.0,0.0,0.0,0.0,0.0,0.0,-1.803,0.303,2.492,0.455,0.8912536836899108,N656T
5.387,-1.704,0.426,0.001,0.007,0.255,0.184,0.0,0.0,0.0,0.0,0.0,0.162,0.122,0.472,0.981,0.41,6.702102436071641,L653V
-0.5,0.006,-0.554,0.016,-0.026,0.169,-0.02,0.0,0.0,0.0,0.0,0.0,0.0,-0.057,0.281,1.922,0.227,1.463082335445165,N656Y
5.371,-2.033,2.576,-0.011,0.097,0.169,0.257,0.0,0.0,0.0,0.0,0.0,0.0,2.711,0.169,-0.005,-0.033,9.267074945687227,L653M
-0.134,0.0,-0.54,0.011,-0.204,0.177,0.008,0.0,0.0,0.0,0.0,0.0,0.0,-1.783,0.474,3.001,0.303,1.3131937285452295,N656L
0.142,0.0,0.367,-0.002,0.037,0.005,-0.403,0.0,0.0,0.0,0.0,0.0,0.0,0.331,0.151,-0.806,0.067,-0.1101015805934366,N656D
0.211,0.0,-0.349,0.002,-0.145,0.216,0.08,0.0,0.0,0.0,0.0,0.0,0.0,-0.949,0.554,0.625,0.44,0.6860912220937507,N656K
0.484,0.0,0.052,-0.004,-0.241,0.106,-0.356,0.0,0.0,0.0,0.0,0.0,0.0,-1.519,0.531,1.05,0.556,0.6581077427306354,N656S
0.0,0.0,0.0,0.0,0.0,0.0,0.0,0.0,0.0,0.0,0.0,0.0,0.0,0.0,0.0,0.0,0.0,0.0,N656N
0.183,0.0,-0.336,0.006,-0.063,0.209,0.163,0.0,0.0,0.0,0.0,0.0,0.0,-0.347,0.434,1.245,0.358,1.85122582135466,N656R
-0.233,0.0,-0.153,-0.001,0.137,0.098,-0.027,0.0,0.0,0.0,0.0,0.0,0.0,-0.481,0.201,1.039,0.134,0.714020164393105,N656H
4.979,-1.656,7.757,-0.016,0.205,-0.443,-0.118,0.0,0.0,0.0,0.0,0.0,0.0,1.882,0.331,-3.808,0.288,9.400219903669267,L653D
0.646,0.0,-0.806,-0.004,-0.316,0.237,0.016,0.0,0.0,0.0,0.0,0.0,0.0,-1.807,0.981,2.664,0.713,2.3255676610471028,N656A
-0.661,-0.367,-0.995,0.013,-0.266,0.262,0.117,0.0,0.0,0.0,0.651,0.0,0.053,-2.14,1.03,3.982,0.769,2.44879267460999,N656V
8.432,-2.082,2.253,-0.018,0.036,0.234,0.011,0.0,0.0,0.0,0.0,0.0,0.0,0.205,0.172,-1.952,0.138,7.427149357948679,L653S
0.218,0.0,-0.517,-0.003,-0.299,0.212,-0.119,0.0,0.0,0.0,0.0,0.0,0.0,-1.641,0.782,4.595,0.497,3.726649885784127,N656C
3.102,-2.081,8.285,0.0,0.595,0.076,-4.501,0.0,0.0,0.0,-0.729,0.133,0.0,3.32,0.079,-1.757,0.115,6.635471790411998,L653R
-11.728,49.99927082522305,5.446,0.087,0.158,-0.524,2.084,0.0,0.0,0.0,2.594,-0.029,0.0,11.802,-0.106,0.599,0.119,49.99952095235079,L653W
-4.574,-0.097,1.132,0.016,0.541,0.481,0.337,0.0,0.0,0.0,0.651,0.0,0.0,0.067,0.5,3.601,0.476,3.1320021901726705,N656W
-0.453,0.003,-0.562,0.016,-0.032,0.172,-0.042,0.0,0.0,0.0,0.0,0.0,0.0,-0.161,0.332,2.558,0.19,2.0205859782610105,N656F
5.634,-1.904,4.15,-0.009,1.131,0.617,-1.457,0.0,0.0,0.0,0.0,0.0,0.0,2.689,0.128,-1.963,0.091,9.106850353623033,L653H
3.404,-1.929,5.899,-0.013,0.165,-0.321,-0.259,0.0,0.0,0.0,0.0,0.0,0.0,1.553,0.334,-3.002,0.384,6.213368838469819,L653N
6.062,-1.672,1.335,-0.014,0.043,0.042,0.025,0.0,0.0,0.0,0.0,0.0,0.0,-0.196,0.392,-0.51,0.395,5.902567953677249,L653T
1.593,3.038,-9.992,-0.005,-0.278,0.016,10.124,0.0,0.0,0.0,3.287,1.364,0.0,-3.076,-0.235,5.4,0.16,11.397673525691516,D657C
-2.655,49.99999971925802,-11.913,0.132,-0.25,0.378,11.618,0.0,0.0,0.0,4.145,0.795,0.075,5.433,0.043,4.449,0.399,49.999999830743995,D657I
5.227,-1.923,2.392,0.006,0.562,0.265,-0.099,0.0,0.0,0.0,0.0,0.0,0.0,2.902,0.147,-1.08,0.05,8.44971470139501,L653Y
-3.121,8.774,0.806,0.002,-0.018,-0.012,5.403,0.0,0.0,0.0,3.831,-0.209,0.0,-0.957,-0.061,-0.579,0.094,13.950999866430038,D657E
-0.335,49.99999687410478,-9.098,-0.005,-0.169,0.072,12.111,33.135,1.019,0.0,2.636,1.364,0.054,-3.031,1.307,0.502,10.902,49.999999584771565,D657P
0.14,0.124,-0.242,-0.003,0.008,0.005,0.02,0.0,0.0,0.0,0.0,0.0,0.0,0.0,0.0,0.0,0.0,0.0511838811632969,D657D
-3.134,19.639,-8.457,-0.001,-0.228,0.197,10.937,0.0,0.0,0.0,4.042,1.364,0.0,0.422,-0.084,3.803,0.156,28.6567039107166,D657M
-2.166,43.57784544719045,-5.563,0.009,0.15,0.392,15.428,0.0,0.0,0.0,4.9,0.689,0.0,-0.137,-0.186,2.051,0.021,46.451625580280485,D657R
-2.754,7.96,-4.052,0.009,0.146,-0.719,9.805,0.0,0.0,0.0,3.287,1.364,0.0,-0.416,-0.278,1.845,0.108,16.305143105220964,D657H
-3.152,39.822,-2.292,0.003,-0.171,0.057,12.795,0.0,0.0,0.0,3.287,1.364,0.0,2.441,-0.225,1.431,0.025,40.16265170632521,D657K
-4.435,42.545,-8.817,0.038,-0.036,0.357,10.396,0.0,0.0,0.0,4.042,1.364,0.0,2.304,-0.353,3.364,0.02,38.40754258738951,D657F
5.029,-0.617,-12.138,-0.005,-0.279,0.087,10.213,0.0,0.0,0.0,2.636,1.364,0.0,-3.384,0.114,3.47,0.362,6.852502048011161,D657A
-8.7,37.69,-7.512,0.02,0.04,0.138,10.185,0.0,0.0,0.0,4.042,1.364,0.0,4.063,-0.192,4.406,0.549,46.09284686066235,D657W
-1.826,0.571,-2.826,0.004,-0.05,-0.274,7.645,0.0,0.0,0.0,0.049,0.113,0.0,-0.187,-0.086,0.805,0.053,3.992682784949807,D657N
5.427,-0.682,-0.666,-0.02,-0.019,0.506,0.39,0.0,0.0,0.0,0.0,-0.106,0.051,-1.06,0.813,-1.319,0.602,3.9191086232204952,V660A
-4.66,18.361,-6.938,0.057,0.064,-0.211,9.9,0.0,0.0,0.0,4.042,1.364,0.0,1.278,-0.342,2.727,-0.039,25.603758885151137,D657Y
0.561,9.26,-6.075,-0.002,-0.188,0.425,7.56,0.0,0.0,0.0,4.035,1.364,0.0,-3.009,-0.755,3.297,-0.399,16.07646226549798,D657T
0.578,49.16112531368027,-15.61,0.007,-0.425,0.36,12.164,0.0,0.0,0.0,4.145,0.689,0.075,-3.185,-0.164,4.788,0.148,49.271951929939746,D657V
-3.665,45.60971377860007,-10.627,0.007,-0.207,-0.217,10.653,0.0,0.0,0.0,4.042,1.364,0.0,-1.073,-0.299,3.807,-0.058,46.19456963430368,D657L
7.729,-0.725,-11.246,-0.006,-0.293,0.021,10.261,0.0,0.0,0.0,3.287,1.364,0.064,-4.074,-0.012,2.943,0.317,9.629903147026198,D657G
1.034,-0.141,-4.848,-0.007,-0.402,0.48,1.33,0.0,0.0,0.0,0.0,0.0,0.0,-2.355,-0.036,5.979,-0.222,0.8125662494732069,E658C
-2.875,8.421,-3.305,0.016,0.045,0.07,10.142,0.0,0.0,0.0,4.454,-0.399,0.0,1.617,-0.191,0.694,-0.057,18.63359727188208,D657Q
-5.866,8.104,1.569,0.006,0.013,-0.252,-0.124,0.0,0.0,0.0,1.541,-0.453,0.226,3.213,1.162,2.456,0.248,11.843406915206629,G661C
3.491,0.316,-5.886,-0.005,-0.232,0.513,7.713,0.0,0.0,0.0,3.191,1.364,0.0,-3.511,-0.41,1.856,-0.148,8.252043380778332,D657S
5.265,-1.317,7.368,-0.015,0.431,-0.129,0.922,0.0,0.0,0.0,0.0,-0.106,0.0,1.734,0.472,-3.808,0.299,11.11620783209139,L659D
0.465,1.033,-5.315,0.01,-0.221,-0.315,4.136,0.0,0.0,0.0,0.858,0.0,0.0,0.955,-0.282,3.306,-0.345,4.286664696655521,E658Y
1.037,-0.142,6.164,-0.019,0.736,0.286,-1.765,0.0,0.0,0.0,-0.471,0.0,0.051,3.157,0.635,-3.983,0.496,6.181503154905386,V660N
-3.847,45.18826984836065,-4.278,0.062,0.457,-0.342,1.691,0.0,0.0,0.0,0.93,0.133,0.0,2.813,-0.391,3.942,-0.362,45.33448591643538,E658F
2.771,15.682,-0.259,0.003,-0.018,-0.108,-0.155,0.0,0.0,0.0,0.0,0.0,-0.009,0.018,-0.149,0.981,-0.206,18.54947186555125,L659V
-6.341,8.197,9.803,0.025,0.292,0.332,1.023,0.0,0.0,0.0,-0.458,0.0,0.226,4.874,1.186,-2.944,0.255,16.471250156874817,G661D
-6.731,49.66923362224858,5.836,0.035,0.061,-0.192,0.362,0.0,0.0,0.0,0.0,-0.106,0.0,3.367,0.198,-1.08,-0.055,49.6908885688687,L659Y
8.384,-1.566,-0.084,-0.014,-0.056,0.049,-0.002,0.0,0.0,0.0,0.0,0.0,0.0,-0.711,0.591,-0.337,0.317,6.568892072630774,L659A
1.366,0.559,0.652,-0.002,0.694,1.384,-1.591,0.0,0.0,0.0,0.858,-0.155,0.0,0.074,0.297,0.578,0.333,5.04895503648595,E658D
-10.257,47.87300378118508,0.873,0.039,0.006,-0.094,-0.107,0.0,0.0,0.0,1.541,-0.453,0.108,2.352,4.06,1.505,2.701,48.05439420994137,G661I
-12.38,49.91722406634088,12.749,0.019,1.393,-0.619,-3.665,0.0,0.0,0.0,0.0,0.0,0.226,4.994,2.088,-3.523,1.191,49.92501515065605,G661E
10.975,-1.732,1.325,-0.016,-0.056,0.063,-0.277,0.0,0.0,0.0,0.0,0.0,0.028,-0.711,1.236,-0.864,1.284,11.25572032248067,L659G
-2.628,0.466,-1.111,0.009,-0.016,-0.072,0.145,0.0,0.0,0.0,0.0,0.0,0.226,0.7,1.381,0.526,0.913,0.5398107620626433,G661A
-0.364,0.138,-1.331,0.0,-0.129,-0.485,1.38,0.0,0.0,0.0,0.0,0.0,0.0,-0.023,-0.01,1.273,0.008,0.4586355688362573,E658Q
-5.019,47.12827602354353,1.401,0.036,0.03,-0.493,0.958,0.0,0.0,0.0,0.0,-0.106,0.0,3.804,0.112,-0.444,-0.033,47.15566367558479,L659F
4.3,-0.85,-6.78,-0.012,-0.465,0.495,2.267,0.0,0.0,0.0,0.339,0.0,0.0,-3.148,-0.611,4.049,-0.242,-0.6581361562131178,E658A
0.887,0.472,9.792,-0.02,0.321,0.19,0.512,0.0,0.0,0.0,0.0,-0.106,0.051,2.972,0.335,-4.789,0.113,10.731234159615838,V660D
-6.981,44.80300237327531,2.466,0.022,0.029,0.164,-1.248,0.0,0.0,0.0,-0.559,0.0,0.226,1.059,1.826,0.353,1.017,44.47317291916551,G661T
-4.486,49.78546822925267,3.955,0.019,0.135,-0.418,-0.232,49.45003718973729,0.0,0.0,0.0,0.0,0.147,0.634,7.217,-2.968,9.49,49.99930696087964,A662P
1.133,0.168,-3.593,-0.001,-0.385,0.255,1.47,0.0,0.0,0.0,0.339,0.0,0.0,-3.109,-0.01,3.876,-0.131,0.0119530711535844,E658T
-7.994,49.93190904918167,0.489,0.01,0.067,0.181,-0.112,49.926032521528384,0.0,1.122,0.0,0.0,0.109,1.05,7.328,-2.442,20.245,49.99997738534718,G661P
0.536,-0.376,6.268,-0.008,0.214,0.351,-1.167,0.0,0.0,0.0,0.0,-0.106,0.0,3.407,0.294,-3.113,0.043,6.3432069384297165,L659Q
5.739,0.0,-7.456,-0.017,-0.764,0.134,3.743,0.0,0.0,0.0,0.858,0.0,-0.136,-4.222,0.226,3.522,0.863,2.492195596018064,E658G
-2.205,5.409,12.17,-0.007,0.237,-0.167,1.604,0.0,0.0,0.0,0.0,-0.106,0.0,1.363,0.313,-2.377,0.061,16.296592245470833,L659K
-18.807,50.0,-0.846,0.025,0.326,-0.351,-0.486,0.0,0.0,0.0,0.0,0.0,0.226,2.229,1.454,0.42,0.787,50.0,G661F
0.0,0.0,0.0,0.0,0.0,0.0,0.0,0.0,0.0,0.0,0.0,0.0,0.0,0.0,0.0,0.0,0.0,0.0,L659L
-13.011,49.98462086590462,9.125,0.016,1.097,-0.41,-0.095,0.0,0.0,0.0,0.737,0.0,0.0,7.57,0.074,-1.626,-0.17,49.98652624635484,A662H
-3.52,0.012,3.642,0.006,-0.004,0.073,-0.619,0.0,0.0,0.0,0.329,-0.896,0.226,1.876,0.96,-1.088,0.288,1.2843430741282873,G661S
0.0,0.0,0.0,0.0,0.0,0.0,0.0,0.0,0.0,0.0,0.0,0.0,0.0,0.0,0.0,0.0,0.0,0.0,E658E
0.546,2.089,-5.737,0.005,-0.412,0.086,2.453,0.0,0.0,0.0,0.339,0.0,-0.005,-1.875,0.384,5.367,0.21,3.45030993897376,E658V
-20.15,49.99850107156587,5.162,0.048,0.956,-0.139,1.355,0.0,0.0,0.0,1.541,0.0,0.226,7.793,1.308,1.462,1.189,49.99854550271543,G661W
1.49,-0.163,-3.773,-0.008,-0.156,-0.028,3.987,0.0,0.0,0.0,0.858,0.0,0.0,-0.021,-0.376,2.423,-0.293,3.9403857451568456,E658H
-0.193,-1.072,-0.148,0.008,-0.016,0.068,0.223,0.0,0.0,0.0,0.0,0.0,0.0,0.7,0.0,0.0,0.0,-0.4310485272287678,G661G
3.875,-1.36,5.356,-0.011,0.328,-0.482,0.281,0.0,0.0,0.0,0.0,-0.106,0.0,2.294,0.455,-3.002,0.291,7.920945551984346,L659N
2.58,49.99483433519891,1.552,-0.017,0.09,0.206,1.715,30.213,0.0,1.663,0.0,-0.106,0.025,1.596,1.103,-3.305,1.526,49.99890760351479,L659P
-2.236,2.946,7.476,-0.013,0.28,0.478,-0.491,0.0,0.0,0.0,0.0,-0.106,0.0,2.137,0.389,-1.963,0.136,9.03598718329738,L659H
-9.687,45.93586902738278,1.186,0.07,0.067,-1.239,0.634,0.0,0.0,0.0,0.737,0.0,0.0,3.865,0.805,0.336,0.657,45.51608423730858,A662L
-5.636,34.235,10.475,0.045,0.261,-0.514,1.035,0.0,0.0,0.0,0.0,-0.106,0.0,4.935,0.229,-1.757,0.022,43.22464932214552,L659R
3.69,-0.848,-3.471,-0.011,-0.387,0.296,1.427,0.0,0.0,0.0,0.339,0.0,0.0,-2.934,-0.55,2.434,-0.426,-0.4383025277708157,E658S
-9.745,44.5386875166674,3.906,0.015,-0.004,0.033,0.271,0.0,0.0,0.0,1.541,-0.453,0.226,5.722,1.862,0.859,1.405,45.5930726707589,G661M
-8.781,46.956103804771175,14.621,0.065,0.262,-0.351,0.041,0.0,0.0,0.0,0.737,0.0,0.0,7.17,0.331,-4.05,0.125,47.95279833702458,A662E
0.735,49.84495214933759,-1.282,-0.029,-0.161,0.819,3.337,48.7095618400747,0.0,1.468,0.858,-0.781,-0.015,1.119,3.986,-4.286,2.98,49.998569420169694,V660P
-13.738,49.99994955517123,-2.575,0.279,0.254,-0.139,-0.075,0.0,0.0,0.0,0.737,0.0,0.226,3.997,2.726,0.863,1.985,49.999937248259165,G661L
1.5,-0.167,-1.625,-0.009,-0.24,-0.043,1.69,0.0,0.0,0.0,0.339,0.0,0.0,0.134,0.226,1.384,0.15,3.339583885125876,E658N
-8.555,48.406791635617175,-1.793,0.044,0.027,-0.118,-0.618,0.0,0.0,0.0,0.847,0.0,0.108,3.197,4.432,1.844,2.609,48.52907637538303,G661V
3.258,-4.659,2.451,-0.001,0.0,-0.061,0.194,0.0,0.0,0.0,0.0,0.0,0.077,0.0,0.993,-0.527,1.285,3.012224479344127,A662G
0.562,13.595,-5.295,-0.005,-0.149,1.085,4.277,49.84785365663896,0.0,0.0,1.561,0.0,-0.179,-2.368,6.906,1.081,11.48,49.95857193295994,E658P
2.048,-0.549,8.899,-0.011,0.164,-0.379,-1.75,0.0,0.0,0.0,0.0,0.0,0.0,3.189,0.311,-4.386,0.101,7.636372063384101,L659E
5.519,-1.289,0.954,-0.016,0.031,0.148,0.268,0.0,0.0,0.0,0.0,-0.106,0.0,-0.51,0.446,1.593,0.068,7.10722077235414,L659C
-0.448,2.58,-4.501,0.019,-0.374,-0.202,2.812,0.0,0.0,0.0,0.071,0.133,-0.005,-0.914,0.403,5.028,0.385,4.988333823096468,E658I
-16.814,49.59581390076037,4.176,0.046,0.931,-0.412,0.637,0.0,0.0,0.0,1.541,0.0,0.226,6.106,1.467,-0.216,0.827,49.57121064590901,G661Y
-0.19,41.327,0.183,0.094,-0.015,-0.276,2.455,0.0,0.0,0.0,2.594,-0.135,-0.009,6.02,-0.199,0.642,-0.186,39.01450345185767,L659I
-13.704,48.987408731649126,7.421,-0.008,0.438,-0.142,-1.058,0.0,0.0,0.0,1.541,0.0,0.226,5.948,1.193,-1.099,0.52,49.03737340252484,G661H
1.435,1.384,0.848,-0.022,0.002,0.247,0.203,0.0,0.0,0.0,0.0,-0.106,0.051,-0.465,0.507,0.612,1.514,6.210798242274564,V660C
-0.073,0.962,-6.619,0.035,-0.187,0.046,3.986,0.0,0.0,0.0,0.858,0.0,0.0,-2.007,0.59,4.386,0.717,2.6953539788806893,E658L
-12.68,49.99759953742094,5.022,0.017,1.136,-0.322,2.276,0.0,0.0,0.0,0.858,-0.675,0.226,3.721,1.875,-2.25,1.274,49.9976451469428,G661Q
-6.645,49.99999134202677,-0.874,0.023,0.214,0.537,2.4,0.0,0.0,0.0,0.858,-0.106,0.051,2.848,0.37,-1.425,0.405,49.99999086501508,V660F
7.747,-1.548,3.839,-0.013,-0.006,-0.357,-0.407,0.0,0.0,0.0,0.0,0.0,0.0,-0.32,0.6,-1.952,0.281,7.866354440738746,L659S
-12.444,44.39505793905427,10.518,0.077,0.419,-0.762,0.276,0.0,0.0,0.0,0.363,0.0,0.226,7.42,1.636,-0.893,0.953,45.833357445495466,G661R
-11.26,48.27014044769488,5.672,0.0,0.481,0.399,1.993,0.0,0.0,0.0,1.541,-0.105,0.226,7.74,2.087,-1.513,1.315,48.766388358889905,G661K
4.781,-1.221,3.884,-0.008,-0.007,-0.096,-0.916,0.0,0.0,0.0,0.0,0.0,0.0,-0.653,0.256,-0.51,0.248,5.759236630089504,L659T
-7.53,12.027,7.698,0.018,0.263,0.108,-1.127,0.0,0.0,0.0,0.55,0.0,0.226,4.847,1.199,-2.139,0.203,16.34638100089171,G661N
-1.728,1.422,1.561,0.017,0.058,-0.093,-0.074,0.0,0.0,0.0,0.339,0.0,0.0,0.323,-0.099,-0.339,-0.042,1.3449869094903306,V660I
-3.205,2.127,-3.636,0.011,-0.177,0.227,2.704,0.0,0.0,0.0,0.339,0.0,0.0,-0.834,-0.032,4.381,0.053,1.957665214318468,E658M
-2.233,3.959,3.077,-0.009,0.081,0.536,0.118,0.0,0.0,0.0,0.0,-0.106,0.051,-0.068,0.614,-0.986,0.732,5.768287480613026,V660M
7.699,-0.731,0.126,-0.022,-0.019,0.607,0.459,0.0,0.0,0.0,0.0,-0.106,0.048,-1.06,1.337,-1.845,1.531,8.02528316798498,V660G
4.801,-0.66,2.726,-0.019,0.064,0.162,0.123,0.0,0.0,0.0,0.0,-0.106,0.051,-0.219,0.744,-2.933,0.747,5.481435329010083,V660S
-1.018,-0.117,6.346,0.004,1.002,0.276,-1.636,0.0,0.0,0.0,0.0,-0.106,0.051,2.987,0.337,-2.738,0.274,5.664472869927636,V660R
-3.065,47.5524914065414,0.2,-0.004,0.065,-0.086,0.285,0.0,0.0,0.0,0.0,-0.106,0.051,-0.149,0.125,-0.982,0.119,47.190306260808306,V660L
-1.137,6.445,0.204,-0.012,0.055,0.031,0.327,0.0,0.0,0.0,0.0,-0.106,0.0,1.213,0.364,-0.005,-0.025,7.35624906117016,L659M
-0.173,1.144,-0.503,0.007,0.07,0.401,-0.687,0.0,0.0,0.0,-0.007,0.133,0.0,-0.242,-0.148,2.629,-0.192,2.433042176160712,E658R
-13.267,49.98086088674532,4.137,0.035,0.071,-0.643,0.3,0.0,0.0,0.0,0.0,-0.106,0.0,4.947,0.089,0.599,0.038,49.977721373924155,L659W
-5.931,49.992041457529425,3.417,-0.003,0.08,0.206,3.932,0.0,0.0,0.0,0.858,-0.781,0.051,2.194,0.453,-0.382,0.984,49.99350509159573,V660W
-0.146,-0.151,0.232,0.003,-0.008,-0.003,-0.019,0.0,0.0,0.0,0.0,0.0,0.0,0.0,0.0,0.0,0.0,-0.0927536995654918,V660V
-11.376,49.74501305721354,3.868,0.059,0.126,-1.058,0.618,0.0,0.0,0.0,0.737,0.0,0.0,5.095,0.307,0.332,0.19,49.73355162301033,A662M
-4.058,12.232,3.01,0.018,0.064,-0.324,-0.645,0.0,0.0,0.0,0.0,0.0,0.0,1.225,0.421,1.93,0.251,14.125513808446044,A662C
-1.231,-0.688,7.571,0.064,0.745,-0.497,-2.767,0.0,0.0,0.0,0.0,0.0,0.051,3.467,0.29,-3.358,0.074,3.7226894822372287,V660K
-6.339,49.85918087277517,10.319,-0.021,0.294,-0.36,-1.051,0.0,0.0,0.0,0.339,0.0,0.051,3.438,0.252,-2.944,0.525,49.882373834500655,V660H
-0.864,0.991,-1.371,0.006,-0.183,-0.224,3.229,0.0,0.0,0.0,0.0,0.0,0.0,-0.566,0.119,2.009,0.012,3.160397229373189,E658K
-6.277,49.999999999999076,4.448,0.027,-0.058,-0.214,1.327,0.0,0.0,0.0,0.858,0.0,0.051,5.108,0.28,-2.061,0.304,49.999999999999204,V660Y
-14.839,49.99999999904683,2.174,0.072,0.422,-1.442,0.245,0.0,0.0,0.0,0.737,0.0,0.0,7.393,0.296,-0.107,-0.01,49.999999998833175,A662F
0.866,1.265,-6.404,0.037,0.009,-0.775,3.969,0.0,0.0,0.0,1.003,-0.051,0.0,2.439,-0.329,4.985,0.093,7.1079888380273815,E658W
-0.812,-2.821,7.132,0.016,0.096,-0.321,-0.68,0.0,0.0,0.0,0.0,0.0,0.0,1.26,0.052,-1.615,-0.159,2.148567798302452,A662S
-0.263,-0.626,8.146,-0.015,0.795,-0.324,1.807,0.0,0.0,0.0,0.0,0.0,0.051,2.829,0.345,-5.368,0.194,7.572867764889111,V660E
-10.23,49.483689162846424,1.457,0.068,0.07,-0.934,0.246,0.0,0.0,0.0,0.0,0.0,0.03,3.22,0.597,0.979,0.267,49.38911075135915,A662I
0.0,0.0,0.0,0.0,0.0,0.0,0.0,0.0,0.0,0.0,0.0,0.0,0.0,0.0,0.0,0.0,0.0,0.0,A662A
-7.029,49.373,1.237,0.061,0.064,-0.918,0.333,0.0,0.0,0.0,0.0,0.0,0.03,3.352,0.532,1.318,0.147,48.49929493649006,A662V
-16.839,50.0,5.881,0.074,0.455,-1.198,-0.965,0.0,0.0,0.0,0.0,0.0,0.0,7.01,0.291,-0.743,-0.015,49.99999999999999,A662Y
1.129,-0.324,4.345,-0.014,0.86,-0.211,0.689,0.0,0.0,0.0,0.0,-0.106,0.051,2.192,0.368,-4.094,0.284,5.171573248975051,V660Q
-4.592,25.374,13.951,0.054,0.29,-0.508,-0.238,0.0,0.0,0.0,0.737,0.0,0.0,5.719,0.842,-3.471,0.563,38.721976887058304,A662D
-9.38,48.8818387564048,10.007,0.061,0.238,-0.747,-0.443,0.0,0.0,0.0,0.0,0.0,0.0,9.726,0.358,-2.776,0.097,49.15728662752321,A662Q
-22.159,50.0,5.032,0.091,0.272,-1.627,-0.363,0.0,0.0,0.0,0.737,0.0,0.0,10.834,0.359,0.936,0.42,50.0,A662W
-7.075,41.2701850386662,7.789,0.013,0.86,-0.283,-0.426,0.0,0.0,0.0,0.0,0.0,0.0,3.647,0.734,-2.665,0.37,42.1699650713874,A662N
-4.417,22.739,6.797,0.062,0.126,-0.708,-0.643,0.0,0.0,0.0,0.0,0.0,0.0,4.108,0.517,-0.173,0.0,28.40828466374024,A662T
-12.905,49.973209227424356,15.767,0.052,0.121,-0.87,2.103,0.0,0.0,0.0,0.737,0.0,0.0,5.104,0.434,-2.04,0.173,49.98106507632441,A662K
-17.316,49.9999994743708,16.362,0.065,0.354,-0.588,2.102,0.0,0.0,0.0,1.541,-1.198,0.0,7.123,0.26,-1.42,-0.014,49.99999960704429,A662R
2.287,-0.597,3.119,-0.007,0.049,0.099,-0.085,0.0,0.0,0.0,0.0,-0.106,0.051,-0.903,0.384,-1.491,0.369,3.170456742842248,V660T
-7.266,45.96849420629028,8.686,0.081,0.966,-0.275,-0.098,0.0,0.0,0.0,0.0,0.0,-0.118,6.922,-0.005,-2.944,0.002,46.79517630612594,V663H
5.793,-2.408,1.914,-0.009,-0.078,0.163,0.088,0.0,0.0,0.0,0.0,0.0,-0.118,0.293,0.074,-1.319,0.458,4.851422236071812,V663A
-9.075,49.994085622095085,-0.17,0.056,0.52,0.188,-0.232,0.0,0.0,0.0,0.0,0.0,-0.118,7.931,-0.004,-1.425,-0.022,49.993502798594555,V663F
7.791,-2.884,2.994,-0.01,-0.078,0.175,0.26,0.0,0.0,0.0,0.0,0.0,0.217,0.293,0.902,-1.845,1.575,9.390679650658171,V663G
-4.166,49.99999999990183,5.492,0.003,0.025,0.361,1.558,0.0,0.0,0.0,0.0,0.0,-0.118,3.635,0.073,-0.382,0.361,49.99999999992533,V663W
5.486,-1.197,1.769,-0.023,-0.088,-0.058,0.29,0.0,0.0,0.0,0.0,0.0,0.0,0.989,0.575,-0.337,0.341,7.747586280521773,L664A
0.0,0.0,0.0,0.0,0.0,0.0,0.0,0.0,0.0,0.0,0.0,0.0,0.0,0.0,0.0,0.0,0.0,0.0,V663V
-1.234,47.544,-3.146,0.017,-0.032,-0.17,1.843,3.152,0.0,0.0,0.0,0.583,0.0,0.68,-0.028,1.951,0.017,38.56507475421751,S666L
3.752,-0.406,2.043,-0.018,-0.043,-0.141,-0.262,0.0,0.0,0.0,0.0,0.0,0.0,0.011,0.47,1.593,0.142,7.141932674565851,L664C
-0.573,-0.036,-2.461,0.001,-0.062,-0.113,1.88,0.0,0.0,0.0,0.0,0.583,0.0,0.0,0.081,3.544,0.19,3.035891250433565,S666C
-0.325,5.761,8.344,-0.006,0.134,-0.446,0.2,0.0,0.0,0.0,0.738,0.0,-0.118,1.319,0.261,-3.358,0.127,12.630505461163352,V663K
-7.058,45.7616165190714,-3.624,0.031,0.688,-0.938,4.623,0.0,0.0,0.0,0.0,0.197,0.0,6.011,0.542,-1.598,0.799,45.70849778964444,C665M
-1.082,0.287,7.486,0.01,0.788,0.612,0.005,0.0,0.0,0.0,0.0,0.0,-0.118,4.25,0.785,-3.983,0.632,9.672725512409444,V663N
-10.535,49.9977943474455,2.18,0.056,0.503,0.277,-0.361,0.0,0.0,0.0,0.0,0.0,-0.118,7.93,-0.015,-2.061,-0.032,49.99759366863484,V663Y
-0.567,0.133,-1.43,0.005,0.179,-0.2,1.694,0.0,0.0,0.0,0.0,0.583,0.0,2.219,0.28,-2.435,0.154,0.6158968936704241,S666E
2.402,0.56,10.01,-0.015,0.171,-0.289,-0.693,0.0,0.0,0.0,0.0,0.0,-0.118,1.986,1.111,-4.789,0.908,11.24461807148282,V663D
2.342,-0.285,4.67,-0.013,0.192,-0.347,-0.193,0.0,0.0,0.0,0.0,0.0,0.0,1.568,0.611,-3.002,0.323,5.865907211131912,L664N
-2.157,23.003,1.693,0.0,-0.023,-0.026,-0.234,0.0,0.0,0.0,0.0,0.0,-0.118,0.481,0.548,-0.982,0.442,22.62786146697681,V663L
-0.942,0.135,0.805,0.004,0.237,-0.297,-1.741,0.0,0.0,0.0,-1.215,0.583,0.0,2.827,0.46,-1.857,0.231,-0.7689120677592882,S666D
0.702,-0.065,-3.577,0.0,-0.071,-0.083,2.099,0.0,0.0,0.0,0.0,0.583,0.0,-0.237,0.43,1.614,0.403,1.7975919274369971,S666A
-3.512,47.360214530884654,0.314,0.006,0.069,-0.111,0.019,0.0,0.0,0.0,0.0,0.0,0.0,0.437,0.316,-0.339,0.19,47.07823004398205,V663I
-3.416,8.997,0.42,0.006,0.257,0.342,7.891,29.348,0.0,0.0,1.659,0.583,0.105,1.357,1.743,-1.354,2.62,38.3117893233422,S666P
-0.544,0.145,-1.787,0.005,0.116,-0.194,1.795,0.0,0.0,0.0,0.0,0.583,0.0,2.6,0.134,-1.162,0.008,1.700222746814461,S666Q
6.305,-1.356,2.349,-0.024,-0.088,-0.082,0.203,0.0,0.0,0.0,0.0,0.0,0.007,0.989,1.133,-0.864,1.299,9.871816681135329,L664G
0.66,46.31942137731119,2.928,-0.004,0.009,0.261,1.092,49.76353551679048,0.0,1.388,0.0,0.0,0.241,0.643,7.347,-4.286,6.707,49.995409475650625,V663P
1.043,-1.37,1.657,-0.007,-0.025,0.156,0.058,0.0,0.0,0.0,0.0,0.0,-0.118,1.196,0.469,0.612,0.527,4.1985452922687045,V663C
-3.188,2.148,-1.902,0.028,0.036,-0.606,3.849,0.0,0.0,0.0,1.329,0.583,-0.023,0.097,0.478,2.593,0.554,5.975623463367583,S666I
0.597,-1.604,9.146,-0.001,0.512,-0.075,0.611,0.0,0.0,0.0,0.0,0.0,-0.118,2.968,0.188,-5.368,0.203,7.058194980489361,V663E
-3.198,0.276,-2.583,0.025,0.161,0.046,1.46,0.0,0.0,0.0,0.0,0.583,0.0,2.376,-0.062,1.507,0.076,0.6683635177438418,S666F
-4.247,1.846,6.274,0.006,0.237,-0.186,-1.281,0.0,0.0,0.0,0.0,-0.993,0.0,1.243,0.371,-2.665,0.62,1.2262887434891354,A667N
-0.751,0.149,-1.941,0.007,-0.06,-0.132,2.251,0.0,0.0,0.0,0.0,0.583,0.0,0.803,0.23,1.947,0.153,3.23879024440646,S666M
0.155,0.053,2.296,-0.016,-0.014,0.138,0.083,0.0,0.0,0.0,0.0,0.0,0.0,2.762,0.388,-0.005,-0.038,5.8034705463912815,L664M
1.532,-0.488,6.74,-0.014,0.219,-0.381,0.736,0.0,0.0,0.0,0.0,0.0,0.0,2.815,0.382,-4.386,0.127,7.283861597190253,L664E
-1.122,2.089,-0.375,-0.004,0.185,-0.176,0.703,0.0,0.0,0.0,0.0,0.583,0.0,1.165,0.313,-1.051,0.241,2.549201880289047,S666N
-0.999,3.32,4.701,-0.003,-0.005,0.338,0.137,0.0,0.0,0.0,0.0,0.0,-0.118,3.463,0.137,-0.986,0.286,10.2721388493419,V663M
-0.981,0.201,7.992,-0.006,0.368,-0.302,-1.402,0.0,0.0,0.0,0.0,0.0,0.0,1.732,0.296,-1.757,0.034,6.176003708703206,L664R
4.568,-2.38,5.595,-0.009,0.003,-0.027,0.016,0.0,0.0,0.0,0.0,0.0,-0.118,0.83,-0.005,-2.933,0.178,5.719613214059564,V663S
-4.118,1.424,-1.77,0.019,0.193,-0.228,1.413,0.0,0.0,0.0,0.0,0.583,0.0,1.56,0.054,2.55,0.501,2.182610980220261,S666W
-0.662,0.177,-1.753,0.006,0.039,-0.148,2.244,0.0,0.0,0.0,0.0,0.583,0.0,0.681,0.122,-0.425,0.065,0.9288404833921504,S666K
-1.172,44.265852945466186,-2.201,0.002,-0.022,-0.106,0.2,0.0,0.0,0.0,0.0,0.0,-0.01,1.548,-0.1,0.642,-0.032,43.989477882307035,L664I
-0.49,1.407,-2.105,-0.012,-0.045,0.21,0.194,0.0,0.0,0.0,0.0,0.0,0.0,0.958,0.0,0.0,0.0,0.1162088770915943,L664L
4.261,-0.535,2.061,-0.011,0.087,-0.071,-0.334,7.284,0.0,0.0,0.0,0.0,-0.004,0.13,1.585,-3.305,1.358,12.506356393396686,L664P
-2.455,38.29802386907447,7.332,0.058,0.583,0.387,-0.525,0.0,0.0,0.0,0.0,0.0,0.0,7.498,0.707,-5.98,0.673,41.309949493932834,C665E
-3.848,40.088349799017294,4.105,0.072,0.488,-0.095,-0.263,0.0,0.0,0.0,0.0,0.0,0.0,9.056,0.62,-4.706,0.722,42.079025035690904,C665Q
-0.873,1.232,-0.032,-0.002,0.025,-0.081,-0.358,0.0,0.0,0.0,0.0,0.003,0.0,-0.921,-0.245,1.441,-0.194,-0.0042047734547168,S666T
6.406,-0.23,0.658,-0.012,-0.026,-0.192,0.399,0.0,0.0,0.0,0.0,0.0,0.192,-1.084,0.04,-2.457,0.768,4.462781826225864,C665G
-0.392,-1.519,7.844,0.003,0.403,-0.009,-0.846,0.0,0.0,0.0,-1.216,0.0,-0.118,3.544,0.133,-4.094,0.089,3.821599483096065,V663Q
1.875,-1.581,4.662,-0.004,0.013,-0.031,0.064,0.0,0.0,0.0,0.0,0.0,-0.118,0.532,0.063,-1.491,-0.003,3.979041135615944,V663T
0.003,0.062,8.689,-0.006,0.176,0.561,-4.157,0.0,0.0,0.0,-0.379,0.0,0.0,2.365,0.398,-2.377,0.066,5.401746116900881,L664K
4.033,0.33,-0.57,-0.011,-0.026,-0.022,0.102,0.0,0.0,0.0,0.0,0.0,0.0,-1.084,0.039,-1.931,0.44,1.3020422056156349,C665A
0.0,0.0,0.0,0.0,0.0,0.0,0.0,0.0,0.0,0.0,0.0,0.0,0.0,0.0,0.0,0.0,0.0,0.0,S666S
-2.137,1.736,5.509,-0.004,0.609,-0.321,-0.472,0.0,0.0,0.0,0.0,0.0,0.0,3.091,0.428,-4.596,0.189,4.033491665647148,C665N
0.0,0.0,0.0,0.0,0.0,0.0,0.0,0.0,0.0,0.0,0.0,0.0,0.0,0.0,0.0,0.0,0.0,0.0,C665C
5.174,-0.624,3.691,-0.018,-0.03,-0.307,-0.319,0.0,0.0,0.0,0.0,0.0,0.0,0.477,0.617,-1.952,0.284,6.993045779039221,L664S
3.651,-0.574,1.456,0.004,0.002,-0.156,-0.091,0.0,0.0,0.0,0.0,0.0,-0.01,2.029,-0.064,0.981,-0.059,7.167675485173731,L664V
2.048,-0.076,-3.476,-0.001,-0.071,0.067,1.93,0.0,0.0,0.0,0.0,0.583,-0.054,-0.237,0.516,1.087,0.661,2.9783025761867066,S666G
-0.499,0.305,7.83,0.008,0.883,0.216,-0.445,0.0,0.0,0.0,0.0,0.0,0.0,2.424,0.378,-5.401,0.284,5.984573632436309,C665D
-11.534,49.998646258923706,-1.76,0.043,0.431,-0.234,-0.16,0.0,0.0,0.0,0.0,0.0,0.0,6.14,-0.078,-2.037,0.163,49.9980577202721,C665F
-2.437,1.463,-0.462,-0.005,0.288,-0.361,0.99,0.0,0.0,0.0,0.0,0.583,0.0,1.265,0.081,-0.011,0.201,1.5950027390570083,S666H
0.271,-0.261,5.782,-0.014,0.157,-0.167,-1.155,0.0,0.0,0.0,-0.13,0.0,0.0,3.1,0.36,-3.113,0.014,4.84469621715607,L664Q
-0.574,1.051,-0.873,0.004,0.328,-0.124,0.894,0.0,0.0,0.0,0.0,0.583,0.0,0.614,0.15,0.194,0.115,2.36431588330629,S666R
-2.388,20.375,4.344,-0.019,0.23,-0.826,-0.565,0.0,0.0,0.0,0.0,0.0,0.0,4.684,0.415,-1.963,0.21,24.49672361912542,L664H
3.266,-0.621,6.137,-0.015,0.229,-0.3,-0.167,0.0,0.0,0.0,0.0,0.0,0.0,1.754,0.683,-3.808,0.389,7.549004182806016,L664D
-4.371,49.05574332137594,1.161,0.021,0.038,0.275,-0.189,0.0,0.0,0.0,0.143,0.401,0.01,1.012,1.919,-0.952,1.781,49.101359697083296,C665I
-5.783,42.0441438039231,8.953,0.085,0.975,-0.404,0.769,0.0,0.0,0.0,0.0,0.0,0.0,8.68,0.738,-3.97,0.685,44.67244411956888,C665K
-6.126,42.15127194826061,-1.292,0.312,0.321,-0.215,-0.244,0.0,0.0,0.0,0.0,0.0,0.0,2.714,1.194,-1.594,1.402,41.068910824804824,C665L
-12.972,48.63344846608354,6.816,0.105,1.177,-0.649,5.111,0.0,0.0,0.0,0.0,0.197,0.0,9.746,0.324,-3.35,0.335,48.957247686779425,C665R
-2.127,2.97,-3.599,0.019,-0.022,-0.521,3.74,0.0,0.0,0.0,1.329,0.583,-0.023,0.024,0.275,2.932,0.27,5.8492680688863175,S666V
-4.28,37.681,-1.228,0.071,0.16,-0.129,-0.19,0.0,0.0,0.0,0.0,0.0,0.0,5.056,0.115,-0.444,-0.033,36.78024714367018,L664F
-3.621,0.285,-1.878,0.026,0.165,-0.126,1.536,0.0,0.0,0.0,0.0,0.583,0.0,2.549,-0.021,0.871,0.045,0.4153150778626013,S666Y
-1.978,42.7009870931679,-1.82,0.016,-0.016,0.733,0.374,0.0,0.0,0.0,-0.208,-0.019,0.01,1.193,2.001,-0.613,1.479,43.0073487811008,C665V
-8.493,46.586958837279354,6.718,0.162,0.908,-0.231,0.276,0.0,0.0,0.0,0.0,0.0,0.0,9.049,0.044,-3.556,0.24,47.20126082816584,C665H
-2.007,0.218,1.415,0.025,0.302,-0.053,0.146,0.0,0.0,0.0,0.0,0.0,0.0,2.012,0.537,-0.743,0.414,2.2669507752502795,A667Y
-3.039,1.478,11.368,-0.001,0.219,0.829,-2.533,0.0,0.0,0.0,-1.267,0.0,-0.118,1.867,0.008,-2.738,0.004,6.077083002632321,V663R
-2.95,0.335,1.701,0.023,0.443,-0.138,0.336,0.0,0.0,0.0,0.0,0.0,0.0,1.112,0.371,0.936,0.274,2.443482736965961,A667W
-1.522,14.249,1.501,-0.006,0.092,0.047,1.025,49.88868414661975,0.0,1.053,0.0,0.0,0.136,-0.384,7.233,-4.898,10.75,49.96546014564509,C665P
-2.927,1.692,0.999,0.017,0.001,-0.127,-0.192,0.0,0.0,0.0,0.0,0.0,0.06,1.339,0.516,1.318,0.434,3.130668191156815,A667V
-2.783,4.368,0.968,0.002,0.005,-0.102,0.259,0.104,0.0,0.0,0.0,0.0,-0.012,0.57,0.688,-2.968,0.969,2.068089751886077,A667P
-0.916,0.045,2.725,0.003,0.558,-0.17,-1.179,0.0,0.0,0.0,0.0,0.0,0.0,3.61,0.259,-3.471,0.297,1.7632585850371925,A667D
2.915,-0.309,3.175,-0.003,0.023,-0.199,-0.122,0.0,0.0,0.0,0.0,0.0,0.0,-0.317,-0.19,-3.545,-0.052,1.3765578372132268,C665S
-2.06,0.223,1.456,0.026,0.284,-0.047,0.291,0.0,0.0,0.0,0.0,0.0,0.0,2.146,0.521,-0.107,0.485,3.220095711425756,A667F
-12.426,49.99970512315483,-1.799,0.046,0.811,-1.303,3.857,0.0,0.0,0.0,0.0,0.197,0.0,6.179,-0.013,-2.673,0.167,49.99961055140948,C665Y
-6.076,4.936,-0.033,0.023,0.404,-0.594,3.028,0.0,0.0,0.0,0.0,0.204,0.0,1.1,0.01,0.336,0.384,3.7228924970847856,A667L
-9.885,49.999999886641426,-0.538,0.003,0.319,0.002,-0.402,0.0,0.0,0.0,0.0,0.0,0.0,6.532,0.117,0.599,0.129,49.9999998715532,L664W
-2.16,0.1,0.171,0.015,0.225,-0.174,-0.049,0.0,0.0,0.0,0.0,0.0,0.032,1.939,-0.216,0.859,-0.379,0.3647692548674968,G668M
-1.667,0.115,2.329,0.005,0.643,-0.261,-0.437,0.0,0.0,0.0,0.0,0.0,0.0,1.818,0.404,-1.626,0.422,1.7466341582324958,A667H
-0.874,0.252,1.874,0.009,0.382,-0.146,-0.669,0.0,0.0,0.0,0.0,0.0,0.0,3.892,-0.075,-4.05,0.06,0.6561968128027047,A667E
-2.204,0.469,-0.669,0.028,0.07,-0.464,1.388,0.0,0.0,0.0,0.0,0.583,0.044,0.89,0.39,1.505,0.088,2.1193878853797514,G668I
-16.801,49.999946405834585,0.332,0.151,0.889,-0.391,-0.458,0.0,0.0,0.0,0.0,0.0,0.0,12.822,-0.067,-0.994,0.546,49.99993718214298,C665W
-1.042,0.003,1.341,0.005,0.354,-0.102,-0.436,0.0,0.0,0.0,0.0,0.0,0.032,2.069,-0.543,-2.944,-0.51,-1.771785410470102,G668D
3.994,-0.551,2.104,-0.014,0.048,-0.262,-0.413,0.0,0.0,0.0,0.0,0.0,0.0,1.018,0.321,-0.51,0.309,6.044654344648393,L664T
-1.01,0.003,0.785,0.008,0.232,-0.081,0.118,0.0,0.0,0.0,0.0,0.0,0.032,2.311,-0.467,-2.25,-0.454,-0.7726245259065081,G668Q
-0.076,7.958,3.032,0.011,0.026,0.138,-1.161,0.0,0.0,0.0,0.0,-0.888,0.0,-0.009,0.71,-2.104,0.679,8.317613209803653,C665T
0.0,0.0,0.0,0.0,0.0,0.0,0.0,0.0,0.0,0.0,0.0,0.0,0.0,0.0,0.0,0.0,0.0,0.0,A667A
-0.999,0.003,0.8,0.007,0.345,-0.089,0.118,0.0,0.0,0.0,0.0,0.0,0.032,2.459,-0.409,-3.523,-0.415,-1.6701573050845582,G668E
-5.598,40.906,1.536,0.076,0.193,0.005,-0.349,0.0,0.0,0.0,0.0,0.0,0.0,5.017,0.18,-1.08,-0.028,40.858584825758726,L664Y
-2.806,2.303,1.784,0.001,-0.021,-0.131,-0.638,0.0,0.0,0.0,0.0,0.0,0.0,0.365,0.591,1.93,0.572,3.951098972001319,A667C
-1.497,0.199,1.34,0.011,0.029,0.028,0.164,0.0,0.0,0.0,0.0,0.0,0.0,2.693,0.137,0.332,0.468,3.905705408650192,A667M
-0.862,0.225,1.329,0.01,0.182,-0.032,0.151,0.0,0.0,0.0,0.0,0.0,0.0,1.908,0.208,-2.04,0.129,1.2083047839305436,A667K
0.0,0.0,0.0,0.0,0.0,0.0,0.0,0.0,0.0,0.0,0.0,0.0,0.0,0.0,0.0,0.0,0.0,0.0,G668G
-1.583,4.207,-7.578,0.02,-0.26,0.078,6.521,0.0,0.0,0.0,1.659,0.583,-0.029,0.313,0.141,4.788,0.079,8.9402145517696,D669V
1.307,-0.09,0.174,-0.001,0.0,0.062,-0.067,0.0,0.0,0.0,0.0,0.0,0.019,0.0,0.735,-0.527,0.818,2.432277928441181,A667G
-1.563,0.002,1.942,0.007,0.073,-0.089,-0.742,0.0,0.0,0.0,0.0,-0.93,0.032,0.007,-0.394,0.353,-0.286,-1.5870122420839152,G668T
-2.992,2.254,1.431,0.026,0.045,-0.173,0.027,0.0,0.0,0.0,0.0,0.0,0.06,1.74,0.455,0.979,0.454,4.306631758195408,A667I
-0.984,0.003,0.472,0.003,0.016,-0.055,-0.314,0.0,0.0,0.0,0.0,0.0,0.032,0.286,-0.126,2.456,-0.41,1.3812286374765108,G668C
-1.248,0.002,0.606,0.004,0.44,-0.117,-0.317,0.0,0.0,0.0,0.0,0.0,0.032,1.799,-0.396,-1.099,-0.402,-0.6951407580385194,G668H
-0.848,0.212,1.318,0.013,0.28,-0.031,0.259,0.0,0.0,0.0,0.0,0.0,0.0,2.681,0.086,-1.42,0.21,2.7617124166322355,A667R
-1.441,0.003,0.323,0.022,0.259,-0.073,-0.056,0.0,0.0,0.0,0.0,0.0,0.032,1.899,-0.174,0.42,-0.209,1.006060087224114,G668F
-2.307,1.206,2.387,0.018,1.075,-0.145,-1.167,0.0,0.0,0.0,0.0,0.0,0.0,3.481,0.034,-2.776,0.319,2.1248865422963945,A667Q
-2.713,39.85667456914562,-1.643,0.002,-0.004,-0.353,1.456,4.556,0.0,0.0,0.0,0.583,0.114,2.555,-0.284,-2.442,2.612,41.364731293565754,G668P
-2.392,1.285,1.654,0.005,0.023,-0.219,-0.337,0.0,0.0,0.0,0.0,0.0,0.0,0.462,0.565,-0.173,0.607,1.4800977496937548,A667T
-1.2,0.004,0.567,0.018,0.105,-0.085,-0.129,0.0,0.0,0.0,0.0,0.0,0.032,0.033,-0.422,0.863,-0.411,-0.6252185794909337,G668L
-1.097,0.003,0.881,0.007,0.307,-0.184,-0.265,0.0,0.0,0.0,0.0,0.0,0.032,1.425,-0.399,-2.139,-0.409,-1.8374910516107548,G668N
-0.195,0.003,1.424,0.001,0.05,-0.123,-0.155,0.0,0.0,0.0,0.0,0.0,0.0,0.223,0.352,-1.615,0.232,0.1976768195609111,A667S
-0.989,0.003,0.714,0.008,0.156,-0.065,-0.06,0.0,0.0,0.0,0.0,0.0,0.032,0.815,-0.343,-1.513,-0.35,-1.591378754461175,G668K
-1.096,0.002,2.12,0.002,0.064,-0.02,-0.679,0.0,0.0,0.0,0.0,-0.733,0.032,0.163,-0.602,-1.088,-0.511,-2.3461343717400496,G668S
-1.512,0.003,0.292,0.021,0.274,-0.076,-0.021,0.0,0.0,0.0,0.0,0.0,0.032,1.972,-0.211,-0.216,-0.208,0.3517142262243169,G668Y
-0.578,0.003,-0.016,0.002,0.0,0.0,-0.025,0.0,0.0,0.0,0.0,0.0,0.032,0.0,-0.322,0.526,-0.505,-0.883591144309321,G668A
4.669,-0.455,-6.086,-0.004,-0.249,-0.098,5.927,0.0,0.0,0.0,1.659,0.583,-0.05,-2.007,0.165,2.943,0.424,7.422764764146791,D669G
-1.347,0.004,0.452,0.019,0.31,-0.089,-0.054,0.0,0.0,0.0,0.0,0.0,0.032,1.584,-0.31,1.462,-0.399,1.6659911621507035,G668W
2.519,-0.158,-6.934,-0.003,-0.249,-0.011,6.0,0.0,0.0,0.0,1.659,0.583,0.0,-2.007,-0.175,3.47,-0.173,4.523170120663167,D669A
-0.998,0.003,0.733,0.011,0.237,-0.068,-0.107,0.0,0.0,0.0,0.0,0.0,0.032,1.373,-0.353,-0.893,-0.388,-0.4168815446796543,G668R
-2.017,0.733,-1.642,0.019,-0.001,-0.458,1.365,0.0,0.0,0.0,0.0,0.583,0.044,0.807,0.316,1.844,0.102,1.6963528785663584,G668V
-1.94,0.027,-0.406,0.006,0.762,0.089,3.399,0.0,0.0,0.0,-2.157,0.537,0.0,3.209,-0.415,0.694,-0.463,3.343411750908558,D670Q
0.04,0.235,-4.866,-0.002,-0.239,0.107,5.162,0.0,0.0,0.0,1.659,0.583,0.0,-1.868,-0.235,5.4,-0.281,5.695836900591985,D669C
-1.679,0.642,-0.123,0.001,-0.067,-0.217,3.258,0.0,0.0,0.0,1.175,0.583,0.0,2.328,-0.274,-0.579,-0.222,4.827539956532746,D669E
-2.088,5.272,-6.325,0.039,-0.231,-0.008,6.488,0.0,0.0,0.0,1.659,0.583,-0.029,1.084,0.23,4.449,0.303,11.426738377431777,D669I
0.0,0.0,0.0,0.0,0.0,0.0,0.0,0.0,0.0,0.0,0.0,0.0,0.0,0.0,0.0,0.0,0.0,0.0,D669D
-1.987,8.803,-6.644,0.012,-0.245,-0.219,6.453,0.0,0.0,0.0,1.659,0.583,0.0,1.488,-0.531,3.807,-0.394,12.785060991795376,D669L
-2.043,0.685,-5.438,0.051,-0.081,-0.325,6.189,0.0,0.0,0.0,1.659,0.583,0.0,2.261,-0.454,3.364,-0.309,6.144011933872093,D669F
-1.45,0.108,-1.31,0.002,0.057,0.409,3.136,0.0,0.0,0.0,-0.542,0.505,0.0,1.982,-0.287,1.845,-0.205,4.251494123456496,D669H
-2.981,49.99981674494761,-5.027,0.0,-0.189,0.121,7.687,13.631,1.008,0.0,1.659,0.583,0.09,-0.578,0.033,0.502,10.967,49.999939019082376,D669P
-2.002,0.772,-5.213,0.045,-0.073,-0.38,6.211,0.0,0.0,0.0,1.659,0.583,0.0,2.526,-0.399,2.727,-0.282,6.175332943547801,D669Y
0.325,0.029,-4.664,0.011,-0.052,-0.184,6.627,0.0,0.0,0.0,1.659,0.583,0.0,0.286,-0.273,1.431,-0.309,5.471077183630086,D669K
0.347,-0.057,-4.589,0.012,-0.038,-0.245,6.833,0.0,0.0,0.0,1.659,0.583,0.0,1.145,-0.341,2.051,-0.249,7.110261030550532,D669R
1.897,-0.187,-3.188,-0.003,-0.226,-0.024,5.041,0.0,0.0,0.0,1.524,-0.161,0.0,-0.828,-0.29,1.856,-0.247,5.166362593753888,D669S
-0.544,23.814,-3.846,0.003,-0.119,0.063,4.389,22.892,0.0,0.0,-2.157,2.019,0.006,-0.921,2.207,0.502,2.466,38.401437205965856,D670P
2.295,-0.08,-5.907,-0.003,-0.257,-0.205,4.532,0.0,0.0,0.0,-2.157,2.019,0.0,-1.043,-0.236,3.47,0.03,2.459204776092406,D670A
-0.064,0.147,-4.097,0.005,0.294,-0.35,7.164,0.0,0.0,0.0,1.659,0.583,0.0,0.445,-0.296,0.694,-0.341,5.844612812021069,D669Q
-4.438,2.668,-4.421,0.023,0.007,-0.019,5.185,0.0,0.0,0.0,1.659,0.583,0.0,0.734,-0.557,4.406,-0.161,5.670010298255306,D669W
-2.07,0.939,-4.836,0.0,-0.26,-0.119,6.087,0.0,0.0,0.0,1.659,0.583,0.0,0.418,-0.236,3.803,-0.353,5.61543157679921,D669M
4.767,-0.337,-4.935,-0.004,-0.257,-0.22,4.371,0.0,0.0,0.0,-2.157,2.019,-0.059,-1.043,0.397,2.943,1.279,6.765014457193502,D670G
-3.85,0.643,-4.037,0.017,-0.034,-0.18,4.446,0.0,0.0,0.0,-2.157,2.019,0.0,0.747,-0.796,3.364,-0.537,-0.3553166038157087,D670F
4.117,-1.495,8.424,-0.013,0.204,-0.37,-1.282,0.0,0.0,0.0,0.0,0.0,0.0,1.405,0.881,-3.808,0.644,8.70767952643007,L671D
-0.593,2.75,-3.214,0.005,-0.206,0.117,4.508,0.0,0.0,0.0,1.659,0.583,0.0,-0.552,-0.167,3.297,-0.121,8.066047009100089,D669T
-0.478,0.024,-1.658,0.005,-0.009,-0.067,3.648,0.0,0.0,0.0,-0.428,-0.232,0.0,0.922,-0.139,0.805,-0.041,2.3523831578903582,D669N
-0.154,0.03,-4.035,-0.001,-0.245,-0.164,4.298,0.0,0.0,0.0,-2.157,2.019,0.0,-0.765,-0.443,5.4,-0.274,3.509924362587526,D670C
-2.677,0.119,-1.645,0.0,0.131,-0.663,3.828,0.0,0.0,0.0,-2.157,1.393,0.0,1.841,-0.519,1.845,-0.234,1.263452026272489,D670H
0.04,-0.035,0.097,-0.001,0.0,0.014,-0.079,0.0,0.0,0.0,0.0,0.0,0.0,0.0,0.0,0.0,0.0,0.0359506912470806,D670D
-4.591,41.77891204485396,-3.234,0.011,-0.545,-0.128,7.145,0.0,0.0,0.0,-2.157,3.006,-0.03,-0.732,-1.106,4.788,-0.538,42.33179745248276,D670V
-3.371,2.199,-2.772,0.004,-0.146,-0.493,4.879,0.0,0.0,0.0,-1.909,2.019,0.0,1.079,-0.519,3.803,-0.412,4.361414922335257,D670M
-1.281,0.006,0.317,0.004,0.811,0.107,2.915,0.0,0.0,0.0,-2.157,0.572,0.0,3.813,-0.415,-0.579,-0.31,3.803345937589256,D670E
-5.443,41.18117644650909,-5.307,0.026,-0.176,-0.54,4.515,0.0,0.0,0.0,-2.157,2.019,-0.03,0.147,-1.15,4.449,-0.582,39.72310203688239,D670I
2.298,45.82240176478945,3.82,-0.012,0.054,0.225,1.275,47.05497424396633,0.0,0.931,0.0,0.0,-0.199,-0.077,4.121,-3.305,3.766,49.92109623171414,L671P
-1.034,-0.095,-1.023,0.0,0.013,-0.717,4.373,0.0,0.0,0.0,-2.157,2.019,0.0,1.001,-0.156,0.805,-0.129,2.9007790985421025,D670N
-2.207,0.221,-0.611,0.013,0.245,-0.214,3.761,0.0,0.0,0.0,-2.157,2.019,0.0,2.249,-0.417,1.431,-0.408,3.9249115687946414,D670K
1.876,-0.05,-2.337,-0.002,-0.232,-0.495,3.9,0.0,0.0,0.0,-2.157,2.019,0.0,-0.394,-0.207,1.856,-0.166,3.611042493617333,D670S
-3.439,4.695,-4.307,0.076,-0.158,-0.263,4.729,0.0,0.0,0.0,-2.157,2.019,0.0,2.363,-0.942,3.807,-0.501,5.921102222592481,D670L
-2.759,0.268,-0.483,0.013,0.255,0.047,4.562,0.0,0.0,0.0,-2.157,2.019,0.0,1.79,-0.549,2.051,-0.394,4.664436572647446,D670R
-5.32,0.245,-2.008,0.015,0.2,-0.161,4.562,0.0,0.0,0.0,-2.157,2.019,0.0,1.733,-0.634,4.406,-0.126,2.7749673874654945,D670W
6.679,-0.552,5.706,-0.022,0.039,-0.379,-0.683,0.0,0.0,0.0,0.0,0.0,0.0,-0.57,0.079,-1.952,0.159,8.505141400484149,L671S
-0.482,1.876,-2.052,0.001,-0.16,-0.166,3.793,0.0,0.0,0.0,-2.157,2.019,0.0,0.47,-0.681,3.297,-0.208,5.550934541771198,D670T
-2.183,16.154,6.966,-0.008,0.257,-0.317,-0.189,0.0,0.0,0.0,0.0,0.0,0.0,2.776,0.099,-1.963,0.052,21.646399663785587,L671H
0.051,-0.033,0.114,0.0,0.0,0.014,-0.074,0.0,0.0,0.0,0.0,0.0,0.0,0.0,0.0,0.0,0.0,0.0710893516311443,L672L
0.0,0.0,0.0,0.0,0.0,0.0,0.0,0.0,0.0,0.0,0.0,0.0,0.0,0.0,0.0,0.0,0.0,0.0,L671L
0.271,7.96,1.111,0.044,0.018,-0.039,-0.28,0.0,0.0,0.0,0.0,0.0,-0.098,7.816,0.104,0.642,0.174,17.72459858113939,L671I
7.469,-0.561,2.716,-0.022,-0.039,-0.02,-0.144,0.0,0.0,0.0,0.0,0.0,0.0,-1.123,0.371,-0.337,0.5,8.810161566377133,L671A
-0.831,3.703,1.728,-0.01,0.119,-0.129,-0.429,0.0,0.0,0.0,0.0,0.0,0.0,1.827,0.166,-0.005,0.234,6.376636895278239,L671M
9.026,-0.621,3.481,-0.024,-0.039,-0.014,-0.152,0.0,0.0,0.0,0.0,0.0,-0.016,-1.123,0.838,-0.864,1.365,11.86026447761219,L671G
4.453,-1.497,3.124,-0.014,-0.045,-0.063,-0.054,0.0,0.0,0.0,0.0,0.0,0.0,-0.335,0.054,1.593,0.306,7.524052900003653,L671C
-4.005,0.766,-3.834,0.017,-0.026,-0.291,4.435,0.0,0.0,0.0,-2.157,2.019,0.0,0.706,-0.747,2.727,-0.508,-0.8965446684110248,D670Y
2.699,-0.861,1.218,0.004,-0.015,-0.038,0.007,0.0,0.0,0.0,0.0,0.0,-0.098,-0.179,-0.086,0.981,0.01,3.6417312432529343,L671V
2.945,-2.803,7.539,-0.012,0.339,-0.304,-0.518,0.0,0.0,0.0,0.0,-0.536,0.0,1.901,0.84,-3.002,0.399,6.788645459875852,L672N
-1.829,1.956,9.848,0.026,0.819,0.643,1.038,0.0,0.0,0.0,0.03,0.0,0.0,5.207,0.168,-2.377,-0.001,15.52873460780313,L671K
-5.767,19.149,8.635,0.029,0.693,1.21,1.857,0.0,0.0,0.0,0.03,0.0,0.0,8.35,0.048,-1.757,0.044,32.52285712863113,L671R
1.6,0.909,8.339,-0.01,0.205,0.419,-1.626,0.0,0.0,0.0,0.0,0.0,0.0,1.945,0.306,-4.386,0.187,7.8896180475449,L671E
2.725,-1.41,6.633,-0.011,0.176,-0.442,-0.157,0.0,0.0,0.0,0.0,0.0,0.0,1.11,0.629,-3.002,0.498,6.748849657477194,L671N
-1.136,1.47,8.65,-0.005,0.516,-0.174,0.2,0.0,0.0,0.0,0.0,0.0,0.0,2.256,0.174,-3.113,-0.002,8.8368068855915,L671Q
-4.514,48.669839879842435,0.709,0.024,0.186,-0.058,-0.221,0.0,0.0,0.0,0.0,0.0,0.0,6.623,-0.181,-0.444,-0.137,48.77029749944001,L671F
4.708,-3.054,1.955,-0.014,-0.026,-0.035,0.016,0.0,0.0,0.0,0.0,0.0,0.0,-0.7,0.305,1.593,0.366,5.11469267387713,L672C
2.027,-2.73,8.224,-0.006,0.207,0.116,-0.296,0.0,0.0,0.0,0.0,0.055,0.0,2.632,0.356,-4.386,0.19,6.388475513554454,L672E
-6.031,49.53593066489365,2.522,0.026,0.18,0.127,-0.138,0.0,0.0,0.0,0.0,0.0,0.0,4.545,0.064,-0.444,-0.106,49.549486197105516,L672F
10.147,-3.721,1.606,-0.012,-0.074,-0.052,0.177,0.0,0.0,0.0,0.0,0.055,0.064,-0.944,1.513,-0.864,2.477,10.372569603512716,L672G
4.575,-2.726,9.105,-0.014,0.402,-0.489,0.799,0.0,0.0,0.0,0.0,0.0,0.0,1.338,1.12,-3.808,0.577,10.879995026497228,L672D
4.377,-1.458,4.471,-0.01,0.031,-0.385,-0.496,0.0,0.0,0.0,0.0,0.0,0.0,-0.402,-0.101,-0.51,-0.014,5.504241012834882,L671T
-7.309,49.66762091558486,5.48,0.025,0.191,-0.299,-0.049,0.0,0.0,0.0,0.0,0.703,0.0,4.188,0.083,-1.08,-0.126,49.69075434818464,L672Y
4.864,-0.987,3.389,-0.007,-0.001,-0.371,-0.331,0.0,0.0,0.0,0.0,0.0,0.0,-1.136,-0.114,-0.51,0.098,4.893557435977755,L672T
-3.219,2.502,3.783,0.026,-0.024,-0.468,-0.032,0.0,0.0,0.0,0.0,0.0,0.0,2.675,0.307,-0.005,0.222,5.768779453425168,L672M
-6.849,49.99959279502942,4.889,0.019,0.192,-0.079,-0.936,0.0,0.0,0.0,0.0,0.0,0.0,5.997,-0.232,-1.08,-0.129,49.999620967142256,L671Y
0.503,1.354,5.757,-0.012,0.101,0.241,-0.805,0.0,0.0,0.0,0.0,-1.255,0.0,1.147,0.345,-3.113,0.086,4.349932023108181,L672Q
3.283,26.016,-0.195,0.014,-0.045,0.076,-0.389,0.0,0.0,0.0,0.0,1.662,0.098,0.896,-0.681,0.981,-0.332,31.38431797666783,L672V
-10.197,49.70041292865645,-1.873,0.023,0.637,-0.235,4.226,0.0,0.0,0.0,0.03,0.198,0.0,12.557,-0.11,0.599,0.376,49.76637077522514,L671W
2.294,49.910009405989726,2.584,-0.013,0.019,-0.052,1.233,48.985884043102935,0.0,1.25,0.0,0.0,-0.013,1.243,6.869,-3.305,4.47,49.99952457349656,L672P
8.235,-3.21,0.962,-0.016,-0.054,0.023,-0.15,0.0,0.0,0.0,0.0,0.0,0.0,-1.531,0.656,-0.337,0.724,5.301180727122414,L672A
-12.409,49.59054683410074,5.756,0.424,0.324,-0.32,-0.509,0.0,0.0,0.0,0.0,-0.259,0.0,10.83,0.182,0.599,0.416,49.66498713980154,L672W
7.57,-3.188,4.268,-0.015,-0.002,-0.361,-0.572,0.0,0.0,0.0,0.0,0.0,0.0,-1.018,0.557,-1.952,0.242,5.530500173115115,L672S
0.702,24.86,-0.348,0.02,-0.009,0.15,-0.351,0.0,0.0,0.0,0.0,1.662,0.098,1.463,-0.602,0.642,-0.289,27.99931359323898,L672I
-1.967,1.307,11.054,0.004,0.253,-0.191,0.479,0.0,0.0,0.0,0.0,0.0,0.0,3.474,0.378,-2.377,0.029,12.444988914724943,L672K
-7.195,5.848,13.292,0.006,0.513,1.482,0.217,0.0,0.0,0.0,0.0,0.0,0.0,3.445,0.177,-1.757,0.003,16.032791903327848,L672R
-3.086,22.993,9.0,-0.008,0.268,-0.432,0.223,0.0,0.0,0.0,0.0,0.055,0.0,3.567,0.165,-1.963,0.019,30.8031293870472,L672H
2.019,-1.665,2.08,-0.01,-0.008,0.002,-0.282,0.0,0.0,0.0,0.0,0.0,0.023,0.359,0.695,0.612,0.672,4.499305818242419,V674C
-1.826,8.024,-3.377,0.046,-0.129,1.103,1.763,0.0,0.0,0.0,0.0,1.144,0.0,4.432,0.52,2.558,0.147,14.404240741469607,N677F
-9.245,49.88725626723478,0.423,0.054,0.424,-0.205,-0.323,0.0,0.0,0.0,0.0,0.0,0.0,5.83,0.074,0.599,0.402,49.878039096505155,L673W
11.412,-10.933,2.574,0.012,0.298,0.242,0.121,0.0,0.0,0.0,-0.378,-0.146,0.074,2.789,1.215,-0.864,1.992,8.409342837461622,L673G
5.767,-2.024,1.607,-0.011,-0.039,0.042,-0.021,0.0,0.0,0.0,0.0,0.0,0.023,-0.045,1.077,-1.319,1.009,6.066456997543469,V674A
-8.226,49.26307294829819,-8.27,0.015,0.321,1.204,3.464,0.0,0.0,0.0,0.479,2.437,0.0,5.109,0.282,1.947,0.255,49.233734882291714,S675M
5.565,-1.151,-7.567,-0.011,-0.444,1.43,0.794,0.0,0.0,0.0,0.0,1.144,0.0,-3.093,0.273,2.664,0.177,-0.2191367112051239,N677A
-4.838,49.9951520449142,-3.463,0.012,-0.612,-0.329,5.613,0.0,0.0,0.0,-2.157,3.007,0.0,3.435,-0.033,2.355,0.447,49.99577472294388,R682W
0.783,-0.088,-4.182,-0.006,-0.298,0.353,0.77,0.0,0.0,0.0,0.0,1.144,0.0,-1.935,0.499,4.595,-0.046,1.5876604153331757,N677C
-11.545,49.99614532415158,-8.75,0.064,0.353,1.112,3.662,0.0,0.0,0.0,0.479,2.437,0.0,6.079,0.004,1.507,0.123,49.995390256375686,S675F
-3.784,47.95036672202483,-0.135,0.038,-0.275,-0.03,2.367,0.0,0.0,0.0,0.0,1.144,0.0,2.217,0.474,1.922,0.203,48.25779465868849,N677Y
-0.802,18.802,1.849,0.001,-0.072,-0.274,0.853,0.0,0.0,0.0,0.269,0.516,0.024,4.365,-0.223,0.642,0.099,26.04982522207945,L673I
-6.781,40.70688954832118,4.894,0.032,0.794,-0.062,1.67,0.0,0.0,0.0,-0.402,1.292,0.0,2.651,0.333,-1.051,0.233,41.85243867653963,S675N
-8.988,49.648991931808744,0.928,0.008,0.485,0.476,10.956,0.0,0.0,0.0,2.804,2.437,0.0,3.68,0.159,-0.425,0.127,49.788044073126464,S675K
-0.109,-1.827,7.716,-0.012,0.086,-0.367,-0.512,0.0,0.0,0.0,0.0,0.0,0.0,3.12,0.396,-3.113,0.087,5.463380981260798,L673Q
-0.858,0.191,7.723,0.008,0.039,-0.053,-1.605,0.0,0.0,0.0,0.0,-0.625,0.0,2.799,0.503,-1.615,0.276,6.782444447532043,A676S
-11.042,49.921418261434575,0.634,0.007,0.59,-0.143,9.97,0.0,0.0,0.0,2.804,2.437,0.0,6.695,0.107,-0.011,0.229,49.95189441361732,S675H
-1.296,44.19277145464307,-3.866,0.0,-0.334,-0.638,8.22,2.361,0.0,0.0,1.851,2.437,0.175,1.042,0.029,-0.303,2.742,46.38394068260665,N677P
-16.758,49.9840916143677,7.17,0.012,0.579,0.49,8.734,0.0,0.0,0.0,2.375,2.437,0.0,4.694,0.187,0.194,0.142,49.98944473939973,S675R
0.911,-0.651,-0.214,0.001,0.58,0.493,-0.192,0.0,0.0,0.0,0.0,0.297,0.0,1.129,0.231,-1.385,0.203,1.401263744836001,N677E
3.491,36.711,-10.261,-0.008,-0.248,1.344,5.022,0.0,0.0,0.0,1.44,2.436,-0.044,-0.28,-0.274,4.093,0.043,43.46674437812135,Q679V
0.941,-0.737,1.579,-0.003,0.044,-0.07,-0.401,0.0,0.0,0.0,0.0,0.143,0.0,0.723,-0.14,-0.806,-0.048,1.2247027164983135,N677D
1.373,-1.38,-1.971,-0.002,0.168,-0.335,1.816,0.0,0.0,0.0,0.0,1.144,0.0,0.562,0.207,-0.111,0.113,1.5843791188900695,N677Q
-4.427,6.412,11.387,-0.004,0.463,0.505,-1.227,0.0,0.0,0.0,0.0,0.0,0.023,3.993,0.82,-4.094,0.449,14.301292148253538,V674Q
4.112,-7.457,-4.662,0.002,-0.169,-0.319,2.908,0.0,0.0,0.0,0.398,1.292,-0.073,2.875,0.457,1.087,0.554,1.004137235770486,S675G
7.33,-2.802,5.197,-0.016,-0.041,-0.481,-0.249,0.0,0.0,0.0,0.0,0.0,0.0,0.609,0.515,-1.952,0.307,8.417891703720443,L673S
0.0,0.0,0.0,0.0,0.0,0.0,0.0,0.0,0.0,0.0,0.0,0.0,0.0,0.0,0.0,0.0,0.0,0.0,L673L
-1.853,3.382,0.233,-0.002,-0.079,0.775,-1.259,0.0,0.0,0.0,0.0,1.144,0.0,1.394,0.521,1.93,0.556,6.741555117966186,A676C
1.751,-0.576,-5.213,0.001,-0.323,1.227,0.411,0.0,0.0,0.0,0.0,1.144,0.0,-1.981,0.392,2.997,-0.007,-0.1778799506288351,N677M
-2.468,39.97815763126931,-14.056,0.005,0.426,1.547,4.311,0.0,0.0,0.0,0.599,2.437,-0.049,0.081,0.228,2.932,0.265,38.545416871795,S675V
-5.706,49.396448325912026,-13.683,0.0,0.231,0.502,10.425,0.0,0.0,0.0,2.804,2.437,0.0,0.796,0.056,1.951,0.065,49.39352795141805,S675L
-4.767,12.037,9.533,0.021,0.97,-0.091,3.511,0.0,0.0,0.0,-0.187,1.292,0.0,3.196,0.443,-1.857,0.195,24.29550696003037,S675D
-2.958,5.788,8.396,0.005,0.098,0.288,-1.953,0.0,0.0,0.0,0.0,-1.166,0.0,5.442,-0.065,-4.05,-0.075,9.747947818301554,A676E
4.87,-2.326,-6.081,-0.008,-0.361,0.742,2.038,0.0,0.0,0.0,0.081,1.236,0.144,-2.156,0.407,2.138,0.468,1.1898091631743457,N677G
-0.514,0.111,8.234,-0.007,0.273,-0.002,0.205,0.0,0.0,0.0,0.0,-0.78,0.023,1.99,1.19,-3.983,0.788,7.528407962453343,V674N
2.098,11.575,-9.78,0.001,0.338,0.27,7.894,0.0,0.0,0.0,2.279,2.437,0.0,2.386,-0.317,1.441,-0.239,20.38369888962416,S675T
3.119,-2.71,6.456,-0.009,0.156,0.214,0.372,0.0,0.0,0.0,0.0,0.0,0.0,2.287,0.808,-3.002,0.494,8.183918951054352,L673N
-0.878,0.189,-0.357,0.005,-0.091,1.26,0.553,0.0,0.0,0.0,0.0,1.144,0.0,-0.615,0.338,1.245,0.168,2.961721656388022,N677R
-6.402,12.424,0.651,0.016,-0.006,1.213,0.044,0.0,0.0,0.0,-0.321,1.144,0.0,1.491,0.326,3.601,-0.003,14.177599448366664,N677W
-0.871,46.21420098078738,1.425,0.037,0.23,0.127,-0.34,0.0,0.0,0.0,0.0,0.0,0.023,5.848,0.609,-0.982,0.445,47.06155286050916,V674L
-3.313,15.561,-4.055,0.01,0.023,0.019,1.852,0.0,0.0,0.0,0.518,1.292,0.0,3.008,0.136,3.544,0.273,18.87102485188325,S675C
-6.325,46.88640137209543,4.01,0.009,0.074,-0.036,-0.142,0.0,0.0,0.0,0.0,0.0,0.023,3.108,0.756,-0.986,0.655,47.0217346318131,V674M
7.753,-2.073,2.446,-0.012,-0.039,-0.05,0.023,0.0,0.0,0.0,0.0,0.0,-0.007,-0.045,2.017,-1.845,2.563,10.730263916624152,V674G
8.059,-2.797,2.016,-0.016,-0.066,0.019,0.169,0.0,0.0,0.0,0.0,0.0,0.0,0.104,0.522,-0.337,0.616,8.287349553394506,L673A
-2.519,13.48,3.606,0.086,0.136,0.764,-0.322,0.0,0.0,0.0,-0.064,-0.081,0.0,8.956,0.416,-0.107,0.257,24.608369141884737,A676F
-3.829,-0.007,12.439,0.012,0.388,-0.464,1.913,0.0,0.0,0.0,0.269,0.516,0.0,6.147,0.387,-2.377,0.081,15.475959416895307,L673K
1.37,-2.063,10.319,-0.012,0.176,-0.085,-1.377,0.0,0.0,0.0,0.0,0.0,0.0,3.514,0.392,-4.386,0.265,8.113290028156143,L673E
1.653,15.577,1.978,-0.005,-0.082,-0.171,0.989,0.0,0.0,0.0,0.269,0.516,0.024,4.852,-0.3,0.981,0.077,26.35859536085991,L673V
3.646,16.839,3.207,-0.014,-0.01,0.178,0.387,49.856231158543515,0.0,1.415,0.0,0.0,0.109,2.754,4.392,-3.305,3.724,49.96204826839891,L673P
-2.632,49.51900163251637,-0.388,0.013,0.124,-0.219,-0.35,0.0,0.0,0.0,0.0,0.0,0.0,3.471,0.001,-0.444,-0.078,49.50931907721311,L673F
0.748,4.4,-5.574,0.008,-0.333,1.035,0.643,0.0,0.0,0.0,0.0,1.144,0.0,-2.704,0.28,3.001,0.167,2.814343092755962,N677L
-4.516,34.052,10.191,0.008,0.017,0.052,-0.619,0.0,0.0,0.0,-0.356,0.0,0.166,3.542,2.707,-2.944,2.361,44.66204367265664,G678D
0.0,0.0,0.0,0.0,0.0,0.0,0.0,0.0,0.0,0.0,0.0,0.0,0.0,0.0,0.0,0.0,0.0,0.0,N677N
0.0,0.0,0.0,0.0,0.0,0.0,0.0,0.0,0.0,0.0,0.0,0.0,0.0,0.0,0.0,0.0,0.0,0.0,V674V
-1.673,43.75720197707877,1.13,0.008,0.705,-0.326,8.203,0.0,0.0,0.0,2.279,2.437,0.0,7.44,0.324,-2.435,0.206,46.89695347710219,S675E
-4.163,5.993,5.921,0.009,-0.014,0.109,0.042,0.0,0.0,0.0,0.0,0.0,0.0,4.476,0.107,-1.42,0.035,11.093473834124552,A676R
-17.411,50.0,-9.941,0.021,0.28,1.295,10.206,0.0,0.0,0.0,2.839,2.437,0.0,7.733,0.157,2.55,0.62,50.0,S675W
-3.217,5.994,6.065,0.014,-0.073,0.339,-1.312,0.0,0.0,0.0,0.0,0.0,0.0,5.532,0.203,-2.04,0.014,11.517220685748724,A676K
-5.106,47.41113255186688,-12.915,0.012,0.342,0.915,8.592,0.0,0.0,0.0,2.603,2.437,-0.049,0.019,0.433,2.593,0.523,47.45113263737628,S675I
5.405,-1.774,5.583,-0.005,0.005,0.013,-0.386,0.0,0.0,0.0,0.0,0.0,0.023,1.724,0.905,-2.933,0.517,9.075292787568856,V674S
2.226,-0.311,-2.371,-0.01,-0.268,-0.209,1.557,0.0,0.0,0.0,0.962,0.0,0.0,-3.447,0.234,0.11,0.319,-1.2060603288431366,Q679N
0.0,0.0,0.0,0.0,0.0,0.0,0.0,0.0,0.0,0.0,0.0,0.0,0.0,0.0,0.0,0.0,0.0,0.0,S675S
0.0,0.0,0.0,0.0,0.0,0.0,0.0,0.0,0.0,0.0,0.0,0.0,0.0,0.0,0.0,0.0,0.0,0.0,A676A
2.061,-0.972,-7.024,0.007,-0.079,-0.044,3.166,0.0,0.0,0.0,0.398,1.292,0.0,1.495,0.491,1.614,0.477,2.881890433975854,S675A
-5.738,49.99987162451321,-2.942,-0.003,-0.345,0.882,3.488,24.859,1.134,0.0,0.433,1.292,0.1,1.104,1.805,-1.354,2.134,49.99995614629593,S675P
-14.746,49.93631122220511,3.106,0.049,0.28,-1.173,1.311,0.0,0.0,0.0,0.804,0.689,0.023,9.111,0.708,-0.382,0.839,49.937867047241326,V674W
5.044,-2.574,2.674,-0.015,-0.054,-0.097,-0.198,0.0,0.0,0.0,0.0,0.0,0.0,0.226,0.371,1.593,0.337,7.307280320502855,L673C
-4.593,49.947622267410644,2.511,0.013,0.156,-0.072,0.373,0.0,0.0,0.0,0.0,0.0,0.0,3.362,0.017,-1.08,-0.056,49.948927380130016,L673Y
2.9,-0.341,1.125,0.0,-0.003,-0.142,-0.263,0.0,0.0,0.0,0.0,0.0,0.009,0.35,0.781,-0.527,0.852,4.740038752385658,A676G
-2.007,-0.025,-0.88,-0.004,-0.072,0.914,1.045,0.0,0.0,0.0,0.0,1.144,0.0,0.531,0.233,1.039,0.043,1.9616949350067896,N677H
-1.667,0.658,2.581,-0.009,-0.056,-0.048,-0.195,0.0,0.0,0.0,0.0,0.0,0.0,1.368,0.313,-0.005,0.2,3.1397099407573705,L673M
-1.354,7.337,5.633,0.01,-0.295,0.591,-1.472,0.0,0.0,0.0,0.0,-0.528,0.0,5.347,0.37,-0.173,0.383,15.84966915599648,A676T
1.151,-0.211,10.705,-0.01,0.267,-0.221,-2.492,0.0,0.0,0.0,0.063,-0.653,0.023,2.6,1.364,-4.789,0.915,8.714503661832282,V674D
1.556,-1.257,-1.645,0.01,0.146,0.323,0.786,0.0,0.0,0.0,0.0,1.144,0.0,0.295,0.422,0.625,0.241,2.643407908274753,N677K
4.573,-2.754,8.656,-0.013,0.22,-0.027,-1.263,0.0,0.0,0.0,0.0,0.0,0.0,2.119,1.084,-3.808,0.672,9.45892287561503,L673D
0.907,0.928,6.537,0.005,0.839,1.031,1.803,0.0,0.0,0.0,1.142,2.437,0.0,7.216,0.381,-3.471,0.161,19.91517094166204,A676D
-2.509,2.605,14.246,-0.006,0.6,0.52,0.811,0.0,0.0,0.0,0.0,0.0,0.023,4.339,0.76,-5.368,0.498,16.518162025075753,V674E
1.597,-0.05,0.318,-0.001,0.119,-0.146,3.947,0.0,0.0,0.0,0.962,0.0,0.0,-0.108,0.011,-1.274,0.097,5.47381206824582,Q679E
5.724,-1.119,-0.615,-0.002,-0.213,-0.535,6.398,0.0,0.0,0.0,0.0,2.367,0.0,1.55,0.638,-2.051,0.332,12.473799460409964,R682D
-10.199,48.272247106395305,5.971,-0.002,-0.062,0.4,3.516,0.0,0.0,0.0,-0.071,2.437,0.0,6.525,0.183,-1.162,0.054,48.71892809165566,S675Q
-7.6,33.412,13.788,-0.001,0.376,0.388,-1.798,0.0,0.0,0.0,-0.716,0.0,0.0,2.913,0.249,-1.757,0.104,39.35718640331231,L673R
-0.618,19.9,6.268,-0.007,0.32,-0.118,0.013,0.0,0.0,0.0,0.0,0.0,0.0,3.329,0.259,-1.963,0.185,27.56859335027707,L673H
4.591,-0.879,-3.149,-0.011,-0.362,1.641,-1.074,0.0,0.0,0.0,0.0,0.499,0.0,-2.591,0.089,1.05,0.269,0.0721093204779208,N677S
0.223,24.083,4.056,-0.009,0.075,0.3,-0.039,49.72474742133146,0.0,0.601,0.0,0.0,0.008,0.307,7.478,-4.286,7.18,49.94425664270697,V674P
-3.627,21.878,0.239,0.026,0.125,0.124,0.209,0.0,0.0,0.0,0.0,0.0,0.0,2.956,0.17,-0.339,0.085,21.84633570083497,V674I
1.973,6.997,-7.327,0.044,-0.52,2.174,1.385,0.0,0.0,0.0,0.15,1.512,-0.059,0.003,1.176,3.644,0.501,11.651324327267387,N677I
-8.234,49.17485446411016,1.095,0.045,0.243,-0.226,-0.146,0.0,0.0,0.0,0.0,0.647,0.023,5.559,0.586,-1.425,0.277,49.12237669701562,V674F
-1.116,-0.737,-5.19,0.043,-0.711,0.098,8.504,0.0,0.0,0.0,1.417,2.437,-0.059,4.629,1.213,3.982,0.567,15.076100889369172,N677V
-1.427,1.17,-4.342,-0.002,-0.467,0.098,1.405,0.0,0.0,0.0,0.962,0.0,0.0,-3.622,-0.001,3.108,-0.076,-3.1914890780630003,Q679M
-3.158,8.317,2.414,0.002,-0.276,0.38,-0.538,0.0,0.0,0.0,0.0,1.144,0.0,2.986,0.19,0.332,0.328,12.121622795901205,A676M
11.437,-2.094,0.098,-0.028,-0.078,-0.109,0.239,0.0,0.0,0.0,0.0,0.0,0.032,-0.678,1.615,-1.506,2.09,11.018635791689348,I681G
-4.99,49.99998409743233,-0.161,0.005,0.565,-0.033,0.335,0.0,0.0,0.0,0.03,0.056,0.044,8.138,0.366,-1.086,0.016,49.99998605620702,I681F
-18.405,49.99924382473436,-0.108,0.07,0.007,-0.46,1.983,0.0,0.0,0.0,0.479,1.292,0.0,4.106,0.024,0.871,0.074,49.99886898302957,S675Y
-5.906,39.506544796923585,8.879,-0.004,0.24,-0.132,-0.23,0.0,0.0,0.0,0.0,0.0,0.023,3.884,0.555,-2.944,0.287,41.13035026343804,V674H
-6.553,12.97,-0.671,0.025,0.447,-0.535,8.088,0.0,0.0,0.0,1.382,2.437,-0.01,9.811,0.117,0.979,0.299,28.78344564816166,A676I
1.057,4.534,-7.997,-0.004,-0.74,-0.227,5.958,0.0,0.0,0.0,0.0,2.281,0.0,-0.745,0.069,1.752,0.235,6.173222511773247,R682M
1.107,-0.206,13.447,-0.021,0.183,0.428,-0.031,0.0,0.0,0.0,0.0,0.0,0.044,2.445,0.504,-5.029,0.261,13.129454350883975,I681E
0.774,49.98094337365836,-4.787,-0.011,0.172,0.525,9.083,11.837,0.0,1.032,1.383,2.437,0.031,2.812,1.998,-2.968,1.446,49.993199075426276,A676P
3.646,-1.189,7.466,-0.019,0.312,-0.104,0.27,0.0,0.0,0.0,0.0,0.0,0.044,1.656,1.105,-3.644,0.638,10.179950323437993,I681N
-0.683,1.734,1.229,-0.004,-0.001,0.156,-0.114,0.0,0.0,0.0,0.03,0.0,0.044,1.973,0.489,-0.643,0.244,4.453451035855096,I681L
4.516,5.355,4.723,-0.011,0.055,-0.099,-0.558,0.0,0.0,0.0,0.0,0.0,0.0,1.122,0.088,-0.51,0.291,14.972073265015752,L673T
4.933,-0.282,-7.025,-0.014,-0.511,0.389,1.791,0.0,0.0,0.0,0.962,0.0,0.0,-4.99,0.167,2.775,0.239,-1.5638773691907772,Q679A
-0.734,7.305,-5.623,0.001,0.046,0.723,7.666,0.0,0.0,0.0,1.382,2.437,-0.01,7.296,0.189,1.318,0.222,22.21447950534616,A676V
-3.273,49.99999994312385,12.732,-0.01,0.473,0.732,2.011,0.0,0.0,0.0,0.0,-0.927,0.044,3.454,0.329,-2.399,0.002,49.999999966410556,I681R
-3.526,12.082,4.964,0.089,0.275,0.611,-0.231,0.0,0.0,0.0,-0.064,1.064,0.0,7.68,0.375,0.936,0.16,24.414753944897257,A676W
-8.833,49.741829447918505,-6.392,0.056,0.045,-0.006,1.554,0.0,0.0,0.0,0.274,0.0,0.0,1.718,-0.041,1.951,0.136,49.62236454519566,S680L
0.887,-0.076,-2.84,-0.011,-0.149,-0.13,1.318,0.0,0.0,0.0,0.962,0.0,0.0,-3.169,0.05,1.15,0.164,-1.8422671892097924,Q679H
4.642,-0.238,-4.137,-0.014,-0.487,-0.084,1.575,0.0,0.0,0.0,0.962,0.0,0.0,-4.238,0.217,1.161,0.239,-0.4004130139652488,Q679S
9.491,-2.012,-0.396,-0.026,-0.078,-0.141,0.083,0.0,0.0,0.0,0.0,0.0,0.044,-0.678,0.754,-0.98,0.646,6.706510660401023,I681A
-6.916,45.994413556446915,14.763,0.006,0.19,-0.398,-0.695,0.0,0.0,0.0,0.0,-0.001,0.023,3.662,0.806,-3.358,0.36,47.109280541843674,V674K
2.776,0.889,-2.914,-0.008,-0.369,1.403,0.229,0.0,0.0,0.0,0.0,0.585,0.0,-2.731,0.299,2.492,0.353,3.0034636795154483,N677T
-2.116,12.488,6.779,0.069,0.282,-0.013,0.027,0.0,0.0,0.0,-0.064,-0.081,0.0,7.861,0.369,-1.626,0.23,24.204327811874577,A676H
-3.769,42.500932180427654,11.589,-0.02,0.265,-0.259,-0.143,0.0,0.0,0.0,0.03,0.056,0.044,2.62,0.354,-2.605,0.036,44.481752114160436,I681H
4.422,0.193,-3.111,0.005,-0.307,-0.802,5.698,0.0,0.0,0.0,0.0,2.367,0.0,1.096,0.422,-1.246,0.216,8.954770084593406,R682N
0.002,41.171844305381164,-8.394,0.056,-0.692,-1.011,5.316,0.0,0.0,0.0,0.0,2.281,-0.003,1.94,-0.947,2.398,-0.516,41.309550666928665,R682I
8.689,-1.762,-5.532,-0.011,-0.749,-0.758,5.627,0.0,0.0,0.0,0.0,2.281,0.0,-1.903,0.343,-0.195,0.213,6.241865036141235,R682S
3.837,-0.272,-1.329,-0.004,-0.02,-0.093,0.142,0.0,0.0,0.0,0.0,0.0,0.0,0.264,-0.191,0.338,-0.104,2.568544941819596,I681V
-3.684,32.052,2.623,0.014,-0.259,0.861,1.455,0.0,0.0,0.0,-0.356,0.0,0.166,1.74,3.253,0.353,3.298,41.5173279234732,G678T
-13.335,49.99417040711229,13.54,0.017,0.042,1.03,-1.423,0.0,0.0,0.0,-0.356,0.0,0.166,4.408,2.917,-1.513,2.36,49.99574170521425,G678K
1.475,32.731,-8.618,0.007,-0.706,-0.548,5.41,0.0,0.0,0.0,0.0,2.267,0.0,0.838,-0.395,1.756,-0.09,34.12706696107841,R682L
0.008,-0.175,-5.507,0.004,-0.459,0.21,1.789,0.0,0.0,0.0,0.962,0.0,0.0,-4.832,-0.291,3.112,-0.053,-5.230143386773648,Q679L
6.041,-0.794,-8.053,-0.011,-0.775,-0.474,5.642,0.0,0.0,0.0,0.0,2.281,0.0,-1.744,0.001,3.349,0.314,5.778437382923016,R682C
-0.581,17.868,3.772,0.086,0.01,1.037,0.111,0.0,0.0,0.0,-0.064,-0.081,0.0,6.871,-0.049,0.336,0.152,29.46777471373673,A676L
-2.795,13.375,4.022,0.087,0.155,0.542,-0.488,0.0,0.0,0.0,-0.064,-0.081,0.0,9.384,0.459,-0.743,0.223,24.075711609766586,A676Y
-2.502,5.118,6.186,0.0,-0.06,-0.532,0.475,0.0,0.0,0.0,0.0,0.0,0.0,6.868,0.587,-2.665,0.52,13.993100898920488,A676N
-13.78,49.99985850854465,-0.394,0.028,0.23,0.969,-0.872,0.0,0.0,0.0,-0.735,0.751,0.166,6.04,2.935,-0.216,2.688,49.9998455474542,G678Y
5.36,-1.889,1.084,-0.025,-0.051,-0.258,0.297,0.0,0.0,0.0,0.0,0.0,0.044,0.009,0.586,0.951,0.462,6.56863387725457,I681C
2.025,47.102,-11.931,0.006,-0.04,2.376,5.209,0.0,0.0,0.0,1.44,2.436,-0.044,-0.57,-0.279,3.754,0.116,38.7368351730763,Q679I
3.686,0.934,-9.655,0.016,-0.654,-0.58,5.962,0.0,0.0,0.0,0.0,2.281,-0.003,-0.365,-0.941,2.737,-0.461,2.9568788464923728,R682V
2.974,-0.232,-1.493,-0.011,-0.231,-0.067,3.487,0.0,0.0,0.0,0.962,0.0,0.0,-3.007,0.294,-0.695,0.361,2.341818401062824,Q679D
-10.409,49.84131876282559,3.342,0.037,0.267,-0.15,-0.176,0.0,0.0,0.0,0.0,0.647,0.023,5.363,0.558,-2.061,0.263,49.8260966765064,V674Y
4.585,-2.489,-3.409,-0.003,-0.036,0.093,1.074,0.0,0.0,0.0,0.0,0.0,-0.047,-0.984,1.192,1.087,1.85,2.912413375170445,S680G
2.551,-1.914,4.691,0.0,-0.019,0.027,0.132,0.0,0.0,0.0,0.0,-1.11,0.023,2.226,0.56,-1.491,0.415,6.092432021082232,V674T
6.8,-0.907,-6.835,-0.015,-0.511,0.356,1.924,0.0,0.0,0.0,0.962,0.0,0.013,-4.99,0.704,2.249,1.101,0.8523431149423004,Q679G
-0.188,0.064,-4.667,0.006,-0.299,0.045,1.612,0.0,0.0,0.0,0.962,0.0,0.0,-3.285,-0.213,2.669,-0.051,-3.343364786443317,Q679F
11.819,-1.905,-8.175,-0.014,-0.805,-0.178,5.763,0.0,0.0,0.0,0.0,2.281,0.013,-2.316,1.35,0.892,2.827,11.55272130818878,R682G
9.531,-1.783,-9.277,-0.012,-0.805,-0.266,5.745,0.0,0.0,0.0,0.0,2.281,0.0,-2.316,0.46,1.419,0.648,5.622692026783284,R682A
5.137,-1.595,9.256,-0.025,0.342,-0.128,1.092,0.0,0.0,0.0,0.0,0.0,0.044,2.091,1.377,-4.45,0.85,13.99007175468364,I681D
-12.248,49.996138997540854,0.343,0.01,-0.178,0.657,-0.881,0.0,0.0,0.0,-0.356,0.0,0.166,3.329,3.484,0.859,3.427,49.99591846626943,G678M
-9.411,49.876553207353595,12.053,0.007,0.624,0.881,0.627,0.0,0.0,0.0,0.0,0.0,0.023,4.886,0.576,-2.738,0.246,49.90951311133522,V674R
-3.73,6.159,6.802,0.006,0.016,0.316,-1.234,0.0,0.0,0.0,0.0,-1.459,0.0,5.144,0.04,-2.776,0.167,9.448501630675878,A676Q
-16.385,50.0,-1.03,0.019,0.424,1.606,-1.299,0.0,0.0,0.0,-0.356,0.751,0.166,5.088,2.786,1.462,3.521,50.0,G678W
8.53,-2.034,2.861,-0.027,-0.002,-0.519,0.14,0.0,0.0,0.0,0.0,0.056,0.044,0.885,0.638,-2.594,0.285,8.261933304486547,I681S
2.27,0.431,-3.213,-0.009,-0.647,-0.774,5.549,0.0,0.0,0.0,0.0,0.342,0.0,1.963,0.135,-1.357,0.014,4.704631258779159,R682Q
-0.455,-0.249,-0.673,-0.004,0.013,-0.258,-0.221,0.0,0.0,0.0,0.0,0.0,0.0,-1.37,0.0,0.0,0.0,-3.216579513318265,Q679Q
-2.39,20.664,2.587,-0.009,0.067,0.259,0.639,0.0,0.0,0.0,0.03,0.0,0.044,3.972,0.465,-0.647,0.341,26.022715085437422,I681M
-2.668,0.415,-3.014,0.008,-0.293,0.0,1.776,0.0,0.0,0.0,0.962,0.0,0.0,-2.416,-0.299,3.711,0.066,-1.749582346214197,Q679W
3.998,8.608,-6.427,-0.002,-0.687,-0.261,5.074,47.392608440604015,0.0,0.0,0.0,2.281,0.051,-0.59,6.09,-1.549,4.097,48.84310408617128,R682P
3.144,-0.24,-5.305,-0.013,-0.5,0.248,1.484,0.0,0.0,0.0,0.962,0.0,0.0,-4.782,0.12,4.705,0.098,-0.0762094958373609,Q679C
3.513,47.743121137700804,-11.7,-0.024,-0.203,0.395,9.628,3.049,0.0,0.0,2.343,2.436,-0.002,-1.695,0.71,-0.193,12.116,48.988314766506925,Q679P
-3.796,32.108,16.853,0.008,0.597,0.878,-1.398,0.0,0.0,0.0,0.03,0.0,0.044,6.624,0.559,-3.019,0.115,49.601668588156144,I681K
-0.123,-0.118,-2.13,0.0,-0.067,0.302,0.285,0.0,0.0,0.0,0.432,0.0,0.0,-1.764,-0.063,1.356,0.025,-1.862854865944314,Q679R
0.445,-0.09,0.749,0.007,-0.011,0.148,0.191,0.0,0.0,0.0,0.0,0.0,0.0,1.719,0.0,0.0,0.0,3.1581419754315903,G678G
0.0,0.0,0.0,0.0,0.0,0.0,0.0,0.0,0.0,0.0,0.0,0.0,0.0,0.0,0.0,0.0,0.0,0.0,I681I
-4.328,49.553743937960625,-10.448,0.041,-0.612,-0.444,6.65,0.0,0.0,0.0,0.0,2.281,0.0,4.103,-0.229,1.313,-0.166,49.51984864553489,R682F
-12.19,48.860274454265195,3.655,0.047,0.329,-0.294,0.646,0.0,0.0,0.0,0.0,0.0,0.0,5.741,-0.229,-0.011,-0.157,48.74364171734836,S680H
3.724,13.48,1.513,-0.024,0.036,-0.108,0.816,48.81763568845077,0.0,1.24,0.0,0.0,0.05,-0.327,7.398,-3.947,6.958,49.65229218929327,I681P
-0.871,1.157,10.492,-0.017,0.143,0.477,-0.18,0.0,0.0,0.0,0.0,0.0,0.044,3.149,0.555,-3.755,0.166,11.35927220887254,I681Q
-0.217,-0.106,-4.671,0.006,-0.288,0.027,1.75,0.0,0.0,0.0,0.962,0.0,0.0,-3.093,-0.145,2.033,-0.03,-3.7710217724250015,Q679Y
-6.317,49.45800823571066,-4.701,0.015,-0.507,0.0,5.794,0.0,0.0,0.0,0.0,2.281,0.0,2.977,-0.171,0.676,-0.126,49.45633041515298,R682Y
-8.433,49.99816106412514,12.181,0.013,0.478,1.628,-0.171,0.0,0.0,0.0,-0.356,0.0,0.166,4.092,3.459,-3.523,2.877,49.99888068078629,G678E
-4.572,43.664,7.006,0.042,0.622,0.636,1.165,0.0,0.0,0.0,0.0,0.0,0.0,5.634,0.53,-1.857,0.471,39.41412233517215,S680D
1.74,4.103,-1.084,-0.003,-0.101,-0.852,1.908,0.0,0.0,0.0,0.0,2.281,0.0,-0.47,0.143,-0.62,-0.01,7.033970044598846,R682K
-6.335,41.67510167149656,3.313,0.035,0.557,0.586,0.757,0.0,0.0,0.0,0.0,0.0,0.0,5.609,0.358,-1.051,0.381,42.873968181672296,S680N
-9.813,49.9892616861874,-1.102,0.019,-0.248,0.767,-1.179,0.0,0.0,0.0,-0.356,0.0,0.166,1.673,3.51,0.863,3.256,49.98815971447829,G678L
-11.978,49.81049250180295,7.893,0.031,0.006,1.247,2.721,0.0,0.0,0.0,0.274,0.0,0.0,1.424,-0.016,-0.425,0.042,49.81950422727033,S680K
1.547,-0.01,-2.159,-0.001,-0.318,0.569,1.802,0.0,0.0,0.0,0.962,0.0,0.0,-1.277,0.036,0.736,0.046,1.933973406364089,Q679K
-9.18,49.99999999598533,4.813,0.003,0.543,-0.092,0.227,0.0,0.0,0.0,0.299,0.531,0.044,9.958,0.317,-1.722,-0.007,49.999999996808015,I681Y
-10.405,49.99998745702662,-1.17,0.197,-0.219,0.859,-2.456,0.0,0.0,0.0,-0.356,0.0,0.143,1.895,6.253,1.505,10.688,49.99999049518458,G678I
0.073,-0.001,-0.139,0.0,-0.018,-0.145,0.404,0.0,0.0,0.0,0.0,0.056,0.0,0.237,0.0,0.0,0.0,0.4667989293009214,R682R
3.762,-0.406,-1.803,-0.008,-0.521,-0.703,8.032,0.0,0.0,0.0,0.0,2.281,0.0,0.811,0.159,-2.63,0.148,9.12339400242729,R682E
-3.492,25.124,0.657,0.005,-0.317,0.655,-0.398,0.0,0.0,0.0,-0.356,0.0,0.166,3.404,3.127,2.456,3.954,34.983876116414535,G678C
-9.172,49.6495930330652,-5.928,0.05,-0.038,0.055,1.507,0.0,0.0,0.0,0.274,0.0,0.011,1.016,-0.104,2.593,-0.125,49.481042639857876,S680I
-12.025,50.0,3.806,0.033,1.213,-0.27,-0.118,0.0,0.0,0.0,-0.349,-0.151,0.044,9.009,0.492,-0.043,0.435,50.0,I681W
2.836,2.916,-1.97,-0.005,-0.421,0.749,1.028,0.0,0.0,0.0,0.583,-0.805,0.0,-2.324,0.042,2.602,0.332,5.565484167031968,Q679T
-6.877,49.96150453522864,-2.087,0.173,-0.296,1.004,-2.054,0.0,0.0,0.0,-0.356,0.0,0.143,1.846,6.585,1.844,10.658,49.9747884235558,G678V
1.115,22.303,-1.396,0.015,-0.329,0.716,-0.971,0.0,0.0,0.0,-0.356,0.0,0.166,2.989,3.407,0.526,2.7,30.884437370667342,G678A
1.526,-1.294,-5.825,0.0,-0.047,0.097,1.132,0.0,0.0,0.0,0.0,0.0,0.0,-0.634,0.117,1.614,0.333,-2.981704569453996,S680A
-18.902,50.0,14.771,0.02,0.026,1.23,-1.612,0.0,0.0,0.0,-1.358,0.0,0.166,4.132,2.899,-0.893,2.45,50.0,G678R
5.638,-0.895,3.015,-0.022,-0.029,-0.447,-0.465,0.0,0.0,0.0,0.0,0.0,0.044,-0.139,0.297,-1.152,0.208,6.05179705553121,I681T
-2.174,45.49239224312693,-0.555,0.0,-0.39,-0.165,5.496,0.0,0.0,0.0,0.0,2.281,0.0,3.283,-0.099,-0.206,0.03,46.62140642774795,R682H
-5.54,49.99423417755624,-1.901,0.008,0.106,0.324,0.95,49.695886891315396,0.0,1.207,0.0,0.0,-0.066,0.075,6.644,-1.354,8.277,49.999987595348635,S680P
-1.319,49.98969630650477,-1.528,0.009,-0.382,1.526,-0.456,48.65075405627625,0.878,0.0,-0.356,1.145,0.144,3.777,8.224,-2.442,21.394,49.99995858171973,G678P
-12.151,43.17673519221026,8.303,0.008,0.122,0.685,-1.272,0.0,0.0,0.0,-0.356,0.0,0.166,3.718,2.787,-1.099,2.463,43.98675202245629,G678H
-3.756,28.587,-3.387,0.008,-0.003,0.223,0.671,0.0,0.0,0.0,0.0,0.0,0.0,0.886,-0.139,3.544,0.309,26.94295239648796,S680C
-14.879,49.99313842610022,-0.298,0.027,-0.041,0.697,-1.954,0.0,0.0,0.0,-0.356,0.0,0.166,4.426,2.862,0.42,2.42,49.99109786825747,G678F
-6.215,42.888,6.922,0.009,-0.032,-0.034,-0.608,0.0,0.0,0.0,-0.356,0.0,0.166,3.282,2.358,-2.139,1.999,48.24120611603769,G678N
-3.822,23.648,-0.921,0.024,0.085,0.086,0.276,0.0,0.0,0.0,0.0,0.0,0.0,1.288,0.107,1.441,0.079,22.29039520788604,S680T
5.895,-0.298,-6.541,-0.006,-0.751,-0.761,5.227,0.0,0.0,0.0,0.0,2.281,0.0,-2.273,-0.328,1.246,-0.007,3.684662533666824,R682T
-7.781,44.92750168707762,7.041,0.066,1.254,0.558,0.79,0.0,0.0,0.0,0.274,0.0,0.0,8.566,-0.057,-2.435,0.061,46.31293677187905,S680E
0.06,2.873,4.491,0.016,-0.231,0.734,-1.497,0.0,0.0,0.0,-0.356,0.0,0.166,3.858,2.927,-1.088,2.639,14.591016909252176,G678S
-15.257,49.999589392965014,6.624,0.027,0.45,0.343,0.907,0.0,0.0,0.0,0.0,0.0,0.0,4.661,-0.165,0.194,-0.201,49.99954774323992,S680R
-20.346,49.99866368997641,-2.156,0.438,0.289,1.107,0.41,0.0,0.0,0.0,0.0,0.0,0.0,10.402,0.022,2.55,0.477,49.998245582740644,S680W
-14.335,49.99965094229466,-5.038,0.073,0.043,-0.16,1.559,0.0,0.0,0.0,0.274,0.0,0.0,5.734,-0.145,1.507,-0.05,49.999467971117475,S680F
0.0,0.0,0.0,0.0,0.0,0.0,0.0,0.0,0.0,0.0,0.0,0.0,0.0,0.0,0.0,0.0,0.0,0.0,S680S
-10.614,49.9874830930295,-3.218,0.014,0.078,0.825,0.785,0.0,0.0,0.0,0.0,0.0,0.0,3.827,-0.023,1.947,0.261,49.98401359377937,S680M
-9.916,48.16051787858794,3.024,0.051,0.904,-0.595,0.943,0.0,0.0,0.0,0.0,0.0,0.0,4.512,-0.021,-1.162,0.023,47.99192478402219,S680Q
-10.308,49.99812931110157,7.905,0.015,0.345,1.026,-0.609,0.0,0.0,0.0,-0.356,0.0,0.166,3.865,3.121,-2.25,2.582,49.99849886619489,G678Q
-5.978,38.2653332743257,-6.389,0.034,0.062,0.295,1.378,0.0,0.0,0.0,0.0,0.0,0.011,1.002,-0.29,2.932,-0.198,43.30371894122811,S680V
-10.126,49.99999999866069,-2.954,0.037,0.328,0.033,1.536,0.0,0.0,0.0,0.196,0.0,0.0,6.325,-0.173,0.871,-0.063,49.99999999842894,S680Y
9.554,-1.527,-0.333,-0.025,-0.572,0.317,0.235,0.0,0.0,0.0,0.0,0.0,0.0,-1.328,-0.134,0.106,0.192,6.485157415249546,F683A
-0.86,0.319,-1.455,0.001,0.017,0.15,0.575,0.0,0.0,0.0,0.0,0.682,0.0,0.029,0.194,3.544,-0.013,3.1824637261306634,S684C
0.365,-0.377,-4.79,-0.002,-0.306,-0.238,5.093,0.0,0.0,0.0,0.0,0.203,0.0,-1.112,0.361,5.4,0.12,4.717033426838157,D687C
5.472,11.542,1.333,-0.022,-0.457,0.25,0.23,49.548632630746695,0.0,1.314,0.0,0.0,-0.101,-1.328,7.461,-2.862,10.934,49.882673036434305,F683P
0.0,0.0,0.0,0.0,0.0,0.0,0.0,0.0,0.0,0.0,0.0,0.0,0.0,0.0,0.0,0.0,0.0,0.0,F683F
1.675,-0.417,9.072,0.013,0.163,0.73,1.077,0.0,0.0,0.0,0.03,0.0,0.0,3.32,0.596,-1.933,0.402,14.72933735694744,F683K
-2.273,4.306,-0.614,0.015,-0.009,-0.194,1.216,0.0,0.0,0.0,1.612,0.0,0.0,-0.134,0.21,1.151,-0.003,5.283658286496689,T686I
-2.254,0.777,-0.899,0.006,-0.036,-0.584,2.756,0.0,0.0,0.0,0.0,1.412,0.0,1.125,0.1,1.947,-0.032,4.31527678211944,S684M
1.951,-0.067,-2.397,-0.001,-0.023,0.006,2.211,0.0,0.0,0.0,0.0,0.726,0.022,-0.84,0.484,1.087,0.605,3.7639085930547935,S684G
-3.328,1.978,1.031,0.02,0.383,0.344,2.697,0.0,0.0,0.0,0.0,0.682,0.0,2.703,0.057,-0.011,0.051,6.6040529033186885,S684H
6.934,-1.476,3.524,-0.01,-0.494,0.395,-0.942,0.0,0.0,0.0,-0.374,0.0,0.0,-0.889,0.444,-0.067,0.269,7.3137709511079265,F683T
4.732,-0.729,7.817,-0.011,1.055,-0.013,2.665,0.0,0.0,0.0,0.0,0.0,0.0,3.477,0.475,-3.943,0.387,15.9133707532867,F683E
0.39,-0.812,0.187,-0.003,-0.083,-0.152,1.091,0.0,0.0,0.0,1.612,0.0,0.0,0.333,-0.139,0.505,-0.39,2.540516610875102,T686M
3.066,0.353,0.442,0.488,-0.19,-0.166,0.23,0.0,0.0,0.0,0.0,0.0,0.0,2.28,1.053,0.443,1.098,9.098984175605436,F683L
-5.442,1.639,1.911,0.026,0.28,0.801,3.9,0.0,0.0,0.0,0.0,0.682,0.0,2.244,-0.15,2.55,0.134,8.572543291526017,S684W
-10.651,49.94727561394199,-1.737,0.101,0.602,-0.573,3.709,0.0,0.0,0.0,0.03,0.24,-0.023,5.453,0.824,0.979,0.571,49.94626709510596,A685I
-1.804,0.765,2.14,0.008,0.195,0.431,-2.218,0.0,0.0,0.0,0.0,-0.177,0.0,2.762,0.05,-0.425,0.028,1.754593984561211,S684K
-1.262,0.776,-0.168,0.004,0.145,-0.498,2.12,0.0,0.0,0.0,0.0,1.412,0.0,2.595,0.052,-1.162,0.018,4.031705983532788,S684Q
7.454,-1.587,1.318,-0.022,-0.523,0.134,-0.075,0.0,0.0,0.0,0.0,0.0,0.0,-1.246,0.392,2.036,0.135,8.018324557681808,F683C
-1.534,1.042,-2.508,0.003,0.1,-0.086,2.397,0.34,0.0,0.0,0.0,0.726,-0.009,-0.819,-0.163,-1.354,2.174,0.3078744096550281,S684P
-13.606,49.892353961342295,14.863,0.074,0.981,-0.556,-0.022,0.0,0.0,0.0,-0.208,0.209,0.0,8.309,0.048,-2.04,0.179,49.92253065319695,A685K
0.423,0.0,-2.72,0.0,-0.023,0.01,2.324,0.0,0.0,0.0,0.0,0.726,0.0,-0.84,0.086,1.614,0.037,1.636216319422033,S684A
0.23,-0.837,2.496,-0.003,0.52,-0.49,0.732,0.0,0.0,0.0,1.612,0.0,0.0,2.406,-0.343,-3.877,-0.276,2.17156530431032,T686E
3.142,-0.952,-2.449,-0.01,-0.085,0.226,1.294,0.0,0.0,0.0,1.612,0.0,0.0,-0.855,-0.729,0.172,-0.511,0.8563957685928472,T686A
-1.863,3.984,7.76,0.006,0.4,0.748,0.867,0.0,0.0,0.0,0.03,0.0,0.0,4.719,0.313,-1.314,0.196,15.849219237663192,F683R
-2.203,23.662,-0.764,0.016,0.082,-0.367,3.854,0.0,0.0,0.0,1.612,1.412,0.023,0.297,0.701,2.593,0.595,31.512222754197523,S684I
9.153,-1.598,2.63,-0.024,-0.495,0.025,-0.159,0.0,0.0,0.0,0.0,0.0,0.0,-1.172,-0.101,-1.508,-0.029,6.724159811726622,F683S
-1.813,0.729,1.643,0.003,0.261,-0.433,1.323,0.0,0.0,0.0,0.0,0.682,0.0,3.208,0.198,-1.051,0.292,5.039886848669312,S684N
1.215,-0.879,0.342,-0.004,0.029,-0.041,0.939,0.0,0.0,0.0,1.612,0.0,0.0,0.082,-0.271,-1.867,-0.222,0.9347510951275808,T686K
7.031,-1.516,6.251,-0.009,0.437,-0.052,-0.986,0.0,0.0,0.0,0.0,0.0,0.0,2.173,0.772,-3.365,0.707,11.445731941719828,F683D
-1.02,0.29,0.046,0.006,0.306,-0.105,2.871,0.0,0.0,0.0,0.0,1.106,0.0,3.687,0.053,-2.435,0.046,4.848946656680141,S684E
-5.379,3.388,1.48,0.018,0.143,-0.17,3.818,0.0,0.0,0.0,0.0,1.412,0.0,2.102,0.015,0.871,0.043,7.739941601823716,S684Y
11.705,-1.704,0.061,-0.026,-0.572,0.157,0.376,0.0,0.0,0.0,0.0,0.0,-0.094,-1.328,0.706,-0.421,1.264,10.127435103558469,F683G
-5.414,3.402,1.46,0.02,0.111,0.418,4.098,0.0,0.0,0.0,0.0,0.923,0.0,1.794,-0.059,1.507,0.029,8.289118595993045,S684F
-0.309,-0.29,3.354,-0.001,0.867,-0.141,-0.659,0.0,0.0,0.0,1.612,0.46,0.0,2.997,0.274,-1.857,0.24,6.546512381177422,S684D
-1.045,0.332,-1.709,0.012,0.081,-0.071,2.973,0.0,0.0,0.0,1.612,1.106,0.023,0.449,0.581,2.932,0.404,7.679380182321211,S684V
1.017,-0.852,1.082,-0.006,0.136,-0.453,1.758,0.0,0.0,0.0,1.612,0.0,0.0,1.296,-0.137,-2.492,-0.122,2.839387245674743,T686N
-0.537,-0.307,-2.815,0.003,-0.113,-0.153,6.093,0.0,0.0,0.0,0.0,-1.139,0.0,1.241,-0.122,0.694,-0.047,2.7982745423590814,D687Q
5.952,-1.543,4.861,-0.012,0.307,-0.027,-0.49,0.0,0.0,0.0,-0.78,0.0,0.0,1.728,0.69,-2.559,0.509,8.636178849902535,F683N
0.0,0.0,0.0,0.0,0.0,0.0,0.0,0.0,0.0,0.0,0.0,0.0,0.0,0.0,0.0,0.0,0.0,0.0,D687D
2.871,-0.954,1.187,-0.01,-0.186,-0.008,0.669,0.0,0.0,0.0,0.0,0.0,0.0,1.795,0.432,0.439,0.441,6.6759361974473,F683M
-1.559,0.516,-0.244,0.011,0.354,-0.726,2.444,0.0,0.0,0.0,0.0,1.412,0.0,1.458,-0.016,0.194,0.057,3.900681976929036,S684R
-6.036,48.497410047928085,1.265,0.009,0.082,0.587,-0.038,0.0,0.0,0.0,0.03,0.0,0.0,2.393,0.08,1.042,0.467,48.49049817964476,F683W
2.443,-0.957,1.0,-0.01,-0.037,0.2,-0.134,0.0,0.0,0.0,-0.584,0.0,0.0,0.032,-0.629,-1.442,-0.38,-0.4969841243470227,T686S
-0.143,0.053,-0.659,0.016,-0.197,0.177,0.118,0.0,0.0,0.0,0.0,0.0,0.0,-2.499,0.075,4.386,0.307,1.634129945907148,E688L
-0.396,-0.021,-0.861,0.024,-0.199,0.18,0.137,0.0,0.0,0.0,0.0,0.0,-0.04,-1.47,0.541,5.028,0.388,3.312515651418608,E688I
-2.973,0.751,-1.201,0.02,0.086,-0.044,2.631,0.0,0.0,0.0,0.0,1.106,0.0,3.0,-0.141,1.951,-0.061,5.123430616203791,S684L
-1.26,-0.051,-0.281,0.011,0.116,0.033,1.513,0.0,0.0,0.0,1.612,0.0,0.0,1.229,-0.174,-0.57,-0.182,1.9964570631329928,T686Y
1.276,47.895041195730364,0.722,0.009,-0.46,0.677,0.334,0.0,0.0,0.0,0.03,0.0,-0.025,0.721,0.951,1.085,0.778,48.34329476325186,F683I
-1.109,1.394,-0.878,0.002,0.04,-0.588,2.485,0.0,0.0,0.0,0.0,1.412,0.0,0.476,0.187,1.441,0.16,5.021714199974895,S684T
1.958,1.277,7.136,0.01,0.836,-0.023,-0.023,0.0,0.0,0.0,0.0,0.0,0.0,2.781,0.462,-2.67,0.407,12.155021426052372,F683Q
0.0,0.0,0.0,0.0,0.0,0.0,0.0,0.0,0.0,0.0,0.0,0.0,0.0,0.0,0.0,0.0,0.0,0.0,S684S
0.839,-0.109,-1.579,-0.005,-0.278,0.138,0.134,0.0,0.0,0.0,0.0,0.0,0.0,-2.635,0.168,4.049,-0.062,0.6625908659947299,E688A
-0.531,47.58918073398532,-1.436,-0.009,-0.013,-0.025,1.236,6.13,0.0,0.0,1.612,-0.075,-0.025,-0.488,-1.745,-2.795,7.355,48.31833844899388,T686P
-7.232,8.448,-0.834,0.199,0.044,-0.089,0.211,0.0,0.0,0.0,0.0,0.0,-0.023,3.375,0.802,1.318,0.604,6.8238330104993565,A685V
1.212,-0.298,-4.891,0.007,-0.133,-0.464,6.123,0.0,0.0,0.0,0.0,0.203,0.0,-0.008,-0.004,1.431,-0.224,2.955009990610165,D687K
5.227,3.061,0.023,-0.006,-0.51,0.304,0.371,0.0,0.0,0.0,0.0,0.0,-0.025,-1.069,0.903,1.424,0.59,10.293362247420418,F683V
-15.402,49.979099011944335,3.321,0.083,0.416,-0.758,-0.656,0.0,0.0,0.0,0.0,0.037,0.0,8.533,0.139,-0.743,0.242,49.974689365587025,A685Y
4.774,-0.961,-2.079,-0.012,-0.085,0.256,1.144,0.0,0.0,0.0,1.612,0.0,-0.01,-0.855,0.029,-0.354,0.094,3.5555223751825906,T686G
-11.663,41.392,11.032,0.042,0.368,-0.005,0.602,0.0,0.0,0.0,0.0,0.0,0.0,7.646,-0.127,-2.776,0.069,46.580424642043454,A685Q
2.703,-1.205,4.393,-0.017,0.5,0.141,-1.033,0.0,0.0,0.0,-0.878,0.0,0.0,0.343,0.092,-1.519,0.113,3.634753473190244,F683H
0.0,0.0,0.0,0.0,0.0,0.0,0.0,0.0,0.0,0.0,0.0,0.0,0.0,0.0,0.0,0.0,0.0,0.0,T686T
0.448,1.109,-5.236,0.049,-0.113,-0.49,6.149,0.0,0.0,0.0,0.0,0.203,0.0,1.452,-0.136,3.807,0.09,7.332742951612431,D687L
-0.148,-0.325,-2.508,0.002,-0.034,-0.277,4.838,0.0,0.0,0.0,0.0,0.203,0.0,1.341,-0.269,-0.579,-0.274,1.9705821792379083,D687E
-1.558,-0.172,-1.384,0.006,-0.111,0.19,6.237,0.0,0.0,0.0,0.0,-0.541,0.0,0.052,-0.111,2.051,-0.121,4.538112640903819,D687R
0.542,-0.344,-4.533,0.001,-0.26,-0.422,5.995,0.0,0.0,0.0,0.0,0.203,0.0,-1.315,0.31,3.297,0.307,3.7820531925301566,D687T
1.26,0.285,3.69,-0.007,0.443,0.312,-1.771,0.0,0.0,0.0,0.734,0.0,0.0,2.837,-0.519,-3.298,-0.362,3.6039312061806186,T686D
-0.784,0.273,-1.321,0.003,-0.046,-0.129,3.8,0.0,0.0,0.0,0.0,-0.198,0.0,-0.25,0.096,0.805,0.286,2.535293387731372,D687N
0.16,-0.863,2.386,0.006,0.332,0.236,-1.148,0.0,0.0,0.0,1.612,-0.855,0.0,1.672,-0.401,-1.247,-0.309,1.5811439368708309,T686R
1.944,-0.699,-2.451,-0.015,-0.518,0.615,-0.183,0.0,0.0,0.0,0.0,0.0,0.0,-1.132,0.347,3.349,0.788,2.0445635376208884,R691C
-1.411,0.779,5.418,0.002,0.027,-0.271,-0.918,0.0,0.0,0.0,0.0,0.0,0.0,0.745,-0.232,-1.615,0.125,2.649520440460151,A685S
0.252,-0.385,-0.891,0.006,-0.045,-0.122,1.361,0.0,0.0,0.0,1.612,0.0,0.0,-0.764,-0.24,0.509,-0.126,1.1676744021118566,T686L
-2.227,5.091,-0.183,0.007,0.158,-0.103,1.819,0.0,0.0,0.0,1.612,-0.075,0.0,0.983,-0.371,1.109,-0.34,7.480502733711091,T686W
2.197,-0.42,-6.166,-0.003,-0.32,-0.409,5.9,0.0,0.0,0.0,0.0,0.203,0.0,-1.433,-0.117,3.47,-0.315,2.5888433182110475,D687A
1.496,-0.922,-0.963,-0.009,-0.075,0.08,1.583,0.0,0.0,0.0,1.612,0.0,0.0,-0.493,-0.074,2.103,-0.494,3.843555070921752,T686C
-5.381,6.769,5.675,0.009,0.071,0.324,-0.275,0.0,0.0,0.0,0.0,0.0,0.0,0.359,-0.027,-0.173,0.307,7.657726036973713,A685T
-0.736,-0.093,-2.161,0.007,-0.032,-0.093,1.239,0.0,0.0,0.0,1.612,0.0,0.0,-0.522,0.134,1.49,-0.068,0.7784173824287564,T686V
0.152,0.017,-0.768,-0.004,-0.265,0.163,-0.024,0.0,0.0,0.0,0.0,0.0,0.0,-2.369,0.65,5.979,0.454,3.987173035030878,E688C
-0.04,-0.019,-0.236,0.001,-0.088,0.094,0.036,0.0,0.0,0.0,0.0,0.0,0.0,-0.328,0.112,1.273,0.237,1.0432841179642764,E688Q
1.955,-0.403,-4.759,-0.002,-0.268,-0.556,6.064,0.0,0.0,0.0,0.0,0.203,0.0,-1.321,-0.076,1.856,-0.245,2.448049928895557,D687S
-0.18,-0.824,0.977,-0.002,-0.045,-0.19,-0.358,0.0,0.0,0.0,0.0,0.037,0.0,0.7,0.0,0.0,0.0,0.1145768627945926,A685A
-1.481,47.60147818159157,0.13,-0.01,-0.18,-0.009,1.292,0.06,0.0,0.0,1.612,-0.626,0.002,-2.925,0.745,1.081,11.029,48.42480690903065,E688P
-0.239,0.084,-0.584,0.018,-0.043,0.192,0.082,0.0,0.0,0.0,0.0,0.0,0.0,-0.324,0.531,3.306,0.362,3.387044545733829,E688Y
-0.255,0.157,-4.747,0.023,-0.237,-0.278,5.977,0.0,0.0,0.0,0.0,0.203,0.013,-0.387,0.344,4.449,0.124,5.387427736056566,D687I
-0.238,0.111,-0.576,0.019,-0.057,0.206,0.064,0.0,0.0,0.0,0.0,0.0,0.0,-0.314,0.524,3.942,0.427,4.10938426069265,E688F
-1.125,-0.026,-0.651,0.012,0.114,0.129,1.765,0.0,0.0,0.0,1.612,0.0,0.0,1.192,-0.204,0.066,-0.272,2.6120570042522786,T686F
0.216,0.018,0.469,-0.001,0.035,-0.04,-0.034,0.0,0.0,0.0,0.0,0.0,0.0,-1.213,0.323,0.578,0.238,0.5917630114299754,E688D
-0.169,0.044,-1.263,0.015,-0.221,0.149,0.054,0.0,0.0,0.0,0.0,0.0,-0.04,-1.762,0.6,5.367,0.373,3.148620718271673,E688V
-0.348,-0.325,-3.799,0.002,-0.248,-0.308,6.151,0.0,0.0,0.0,0.0,0.203,0.0,0.234,-0.077,3.803,0.103,5.392078649036762,D687M
-0.503,0.422,1.29,-0.008,0.258,-0.221,1.922,0.0,0.0,0.0,1.612,0.0,0.0,1.244,-0.414,-1.453,-0.338,3.813612193370432,T686H
-0.667,-0.246,-4.515,0.023,-0.024,-0.503,6.316,0.0,0.0,0.0,0.0,0.203,0.0,0.368,0.209,3.364,0.201,4.729334024066134,D687F
-0.663,-0.263,-4.268,0.022,-0.007,-0.523,6.213,0.0,0.0,0.0,0.0,0.203,0.0,0.364,0.207,2.727,0.132,4.145983101421166,D687Y
-0.808,1.976,1.76,-0.001,-0.043,0.208,0.009,0.0,0.0,0.0,0.0,0.0,0.0,-0.105,0.124,-0.637,0.024,2.5096862964387583,F683Y
3.226,-0.439,-6.363,-0.004,-0.32,-0.445,5.895,0.0,0.0,0.0,0.0,0.203,-0.004,-1.433,0.509,2.943,0.426,4.196528765332005,D687G
-0.368,-0.01,0.441,-0.002,0.105,0.417,-0.297,0.0,0.0,0.0,0.0,-1.137,0.0,-0.108,0.436,2.423,0.353,2.253221792922318,E688H
0.407,-0.149,-0.272,0.005,-0.209,-0.06,-0.131,0.0,0.0,0.0,0.0,0.0,0.0,-1.622,0.588,3.876,0.535,2.969570553525159,E688T
0.152,-0.065,-0.086,0.002,-0.01,-0.061,0.018,0.0,0.0,0.0,0.0,0.0,0.0,-1.488,0.407,1.384,0.545,0.7987799511105322,E688N
-0.314,-0.519,1.432,0.005,0.436,-0.667,0.703,0.0,0.0,0.0,1.612,0.0,0.0,2.793,-0.206,-2.603,-0.229,2.443188487793236,T686Q
0.118,-0.027,-0.427,0.011,-0.18,0.135,0.049,0.0,0.0,0.0,0.0,0.0,0.0,-1.788,0.176,4.381,0.384,2.833640724467841,E688M
0.07,-0.028,-0.328,0.001,-0.155,0.152,0.165,0.0,0.0,0.0,0.0,0.0,0.0,-1.766,0.297,2.009,0.06,0.4806268508808671,E688K
0.0,0.0,0.0,0.0,0.0,0.0,0.0,0.0,0.0,0.0,0.0,0.0,0.0,0.0,0.0,0.0,0.0,0.0,E688E
-10.839,49.3947181279855,6.949,0.065,0.636,-0.894,-1.309,0.0,0.0,0.0,0.0,0.0,0.0,7.623,-0.053,-1.626,0.075,49.40961842196085,A685H
1.682,-0.543,-1.164,-0.006,-0.278,0.132,0.013,0.0,0.0,0.0,0.0,0.0,-0.015,-2.635,0.861,3.522,0.746,2.317028293605631,E688G
-0.163,-0.056,-5.353,0.014,-0.282,-0.269,5.926,0.0,0.0,0.0,0.0,0.203,0.013,-0.799,0.41,4.788,0.128,4.560575446105986,D687V
3.278,-0.098,1.227,-0.003,0.0,-0.092,-0.049,0.0,0.0,0.0,0.0,0.0,0.051,0.0,0.21,-0.527,0.444,4.440527259398891,A685G
-0.186,-0.337,-3.13,0.001,0.334,-0.907,5.898,0.0,0.0,0.0,0.0,0.203,0.0,0.014,0.095,1.845,0.091,3.92196919285584,D687H
1.223,0.99,-5.801,-0.008,-0.213,-0.423,7.806,0.35,0.0,0.0,1.612,-0.423,-0.033,-1.878,-0.229,0.502,-0.15,3.326462761300604,D687P
0.053,0.038,-0.321,0.005,-0.074,0.159,0.043,0.0,0.0,0.0,0.0,0.0,0.0,-1.244,0.165,2.629,0.154,1.6087864303992774,E688R
1.631,-0.72,-1.569,-0.008,-0.296,0.551,0.373,0.0,0.0,0.0,0.0,0.0,0.0,-0.168,0.083,-0.62,0.019,-0.725190506964168,R691K
-0.183,0.068,-0.544,0.018,0.009,0.135,0.098,0.0,0.0,0.0,0.0,0.0,0.0,-0.617,0.397,4.985,0.22,4.587569216012525,E688W
-11.256,49.489999142563455,-1.413,0.115,0.689,-0.821,3.075,0.0,0.0,0.0,0.0,0.24,0.0,13.392,0.099,0.332,0.045,49.57363086782356,A685M
-6.513,0.371,2.998,0.045,0.206,0.444,-0.549,0.0,0.0,0.0,0.031,0.0,0.0,3.568,-0.586,-0.107,-0.37,-0.4615675003846036,A689F
-5.623,9.303,10.648,0.008,0.359,0.306,-1.105,0.0,0.0,0.0,0.0,0.0,0.0,2.734,-0.318,-3.471,-0.106,12.736215180944557,A685D
-5.127,12.485,2.341,0.004,-0.043,-0.3,-0.656,0.0,0.0,0.0,0.0,0.037,0.0,1.661,0.225,1.93,0.034,12.590845074428104,A685C
-16.999,49.28922753314984,14.406,0.072,0.593,0.379,-0.101,0.0,0.0,0.0,-0.208,0.172,0.0,10.604,0.009,-1.42,0.125,49.475271079005296,A685R
1.971,-0.77,-0.601,-0.016,-0.227,0.458,0.978,0.0,0.0,0.0,0.0,0.0,0.0,-0.595,-0.011,-0.206,0.197,1.1765454956859005,R691H
0.678,0.012,-0.149,-0.005,-0.252,-0.057,-0.075,0.0,0.0,0.0,0.0,0.0,0.0,-1.515,0.409,2.434,0.122,1.604083790697814,E688S
-1.721,-0.172,-4.054,0.019,0.13,-0.535,6.331,0.0,0.0,0.0,0.0,0.203,0.0,-0.399,-0.019,4.406,-0.028,4.162731293783963,D687W
-9.584,46.286,12.998,0.007,0.313,0.305,0.327,0.0,0.0,0.0,0.0,0.0,0.0,6.3,-0.071,-4.05,0.126,39.26727083395867,A685E
-6.163,5.441,3.909,0.014,1.258,-1.128,2.412,0.0,0.0,0.0,0.0,0.203,0.0,4.311,-0.195,-2.665,-0.004,7.393621351876277,A685N
-9.349,48.06711805981342,0.346,0.079,0.227,-0.082,0.062,0.0,0.0,0.0,-0.208,0.209,0.0,11.437,-0.057,0.336,0.072,48.28701730036633,A685L
-6.877,49.996573390808564,4.372,0.004,0.035,0.347,1.863,26.32,0.0,0.927,0.0,0.0,0.177,1.942,-0.072,-2.968,0.648,49.998823096107714,A685P
-13.466,49.95364441404237,0.023,0.083,0.397,-0.663,-1.207,0.0,0.0,0.0,0.0,0.037,0.0,8.572,0.188,-0.107,0.216,49.941252368992586,A685F
4.687,-0.701,-2.688,-0.02,-0.575,0.688,0.623,0.0,0.0,0.0,0.0,0.0,-0.017,-2.316,0.499,0.892,0.845,1.91798663688212,R691G
0.0,0.0,0.0,0.0,0.0,0.0,0.0,0.0,0.0,0.0,0.0,0.0,0.0,0.0,0.0,0.0,0.0,0.0,A689A
-4.892,0.132,5.83,0.011,0.675,0.303,-2.295,0.0,0.0,0.0,-0.848,0.0,0.0,1.962,-0.493,-2.776,-0.37,-2.7598072646495666,A689Q
-3.408,42.75547017372314,3.39,-0.004,0.03,0.056,0.225,46.409938640168015,0.579,0.0,1.612,0.0,0.125,1.609,3.26,-2.968,13.848,49.86063029342594,A689P
-1.501,-0.149,5.987,0.012,0.595,-0.214,-5.116,-0.351,0.0,0.0,0.0,-1.239,0.002,4.857,0.767,-1.082,0.165,2.7353693632240947,P692E
2.55,-2.87,0.965,0.0,-0.007,0.028,-0.21,0.0,0.0,0.0,0.0,0.0,0.078,-0.35,0.289,-0.527,1.147,1.0951258917107225,A689G
-5.283,48.58568394928608,1.193,0.019,0.04,0.369,0.026,0.0,0.0,0.0,0.031,0.0,0.01,0.348,-1.048,1.318,-0.949,48.34913886034122,A689V
0.0,0.0,0.0,0.0,0.0,0.0,0.0,0.0,0.0,0.0,0.0,0.0,0.0,0.0,0.0,0.0,0.0,0.0,R691R
-6.343,0.605,1.244,0.016,0.062,0.081,-0.084,0.0,0.0,0.0,0.0,0.0,0.0,2.367,-0.797,0.336,-0.641,-3.152204413484128,A689L
-21.101,49.999997181173356,3.563,0.083,0.482,-1.044,-0.214,0.0,0.0,0.0,-0.208,0.209,0.0,10.426,0.014,0.936,0.066,49.999996301832375,A685W
1.548,0.352,-2.473,-0.016,-0.486,0.699,0.453,0.605,0.0,0.0,0.0,0.0,-0.007,-1.693,-0.907,-1.549,0.311,-3.163013549997004,R691P
-3.895,-0.319,5.814,0.008,0.245,0.27,-0.814,0.0,0.0,0.0,-1.442,0.0,0.0,1.698,-0.266,-2.665,-0.196,-1.560338546712842,A689N
3.903,-0.77,-2.801,-0.019,-0.575,0.713,0.614,0.0,0.0,0.0,0.0,0.0,0.0,-2.316,-0.128,1.419,-0.219,-0.178857200023117,R691A
-1.924,-0.189,5.231,0.013,0.513,-0.222,-4.851,-0.351,0.0,0.0,0.0,0.0,0.002,5.169,0.958,0.192,0.303,4.842046725093724,P692Q
-1.167,-0.317,8.233,0.01,0.752,0.065,-7.344,-0.351,0.0,0.0,0.0,0.0,0.002,5.268,0.762,-0.503,0.268,5.677879281278024,P692D
-7.716,0.681,4.135,0.006,0.034,0.613,0.099,0.0,0.0,0.0,0.031,0.0,0.0,2.025,-0.207,0.332,0.238,0.2732424646650315,A689M
3.419,-0.773,-1.303,-0.018,-0.489,0.529,-0.179,0.0,0.0,0.0,0.0,0.0,0.0,-1.743,-0.099,-0.195,-0.131,-0.9821983601997316,R691S
-4.696,0.944,4.737,0.017,0.363,-0.281,0.713,0.0,0.0,0.0,0.0,0.0,0.0,1.722,-0.564,-1.42,-0.394,1.1430659534861434,A689R
-2.2,0.014,1.1,0.028,0.088,-0.055,-0.817,-0.351,0.0,0.0,0.0,0.0,0.0,1.741,0.968,3.946,0.363,4.827399652187978,P692I
-4.202,-1.267,4.368,0.012,0.361,-0.296,0.475,0.0,0.0,0.0,0.0,0.0,0.0,3.522,-0.648,-2.04,-0.666,-0.380113599043625,A689K
0.68,7.437,-2.403,0.02,0.408,-0.918,3.398,0.0,0.0,0.0,0.0,0.204,0.01,1.087,-0.18,0.642,-0.287,10.09880862585021,L690I
3.196,-0.773,-1.72,-0.014,-0.317,0.695,0.573,0.0,0.0,0.0,0.0,0.0,0.0,0.398,0.049,-2.63,-0.071,-0.6161046692642458,R691E
2.169,-0.451,-0.678,-0.002,-0.08,0.118,0.298,-0.351,0.0,0.0,0.0,0.0,0.002,-0.074,0.839,2.967,0.015,4.772630838079408,P692A
0.0,0.0,0.0,0.0,0.0,0.0,0.0,0.0,0.0,0.0,0.0,0.0,0.0,0.0,0.0,0.0,0.0,0.0,P692P
-2.624,11.125,11.17,0.005,0.2,0.187,1.983,0.0,0.0,0.0,0.0,0.0,0.0,2.986,0.309,-2.377,0.27,23.235894040462085,L690K
1.78,-0.675,-2.941,0.0,-0.52,0.62,0.093,0.0,0.0,0.0,0.0,0.0,0.007,-1.874,0.477,2.737,0.993,0.6981470258172067,R691V
0.0,0.0,0.0,0.0,0.0,0.0,0.0,0.0,0.0,0.0,0.0,0.0,0.0,0.0,0.0,0.0,0.0,0.0,L690L
-4.448,0.083,7.412,0.009,0.736,0.328,-3.383,0.0,0.0,0.0,-0.89,0.0,0.0,2.687,-0.507,-4.05,-0.49,-2.51151736063548,A689E
-3.748,-0.036,6.319,0.007,0.038,0.785,-0.684,0.0,0.0,0.0,-0.738,0.0,0.0,1.199,-0.586,-0.173,-0.37,2.011751004194025,A689T
-5.846,-0.239,5.681,0.009,0.356,0.514,-0.943,0.0,0.0,0.0,-0.866,0.0,0.0,2.817,-0.721,-1.626,-0.195,-1.0588769588293871,A689H
-2.899,-0.355,7.065,0.004,0.277,0.264,-2.848,0.0,0.0,0.0,0.031,0.0,0.0,2.512,-0.488,-3.471,-0.513,-0.4204369823576144,A689D
1.325,-0.761,-0.47,-0.014,0.256,0.199,0.235,0.0,0.0,0.0,0.0,0.0,0.0,0.945,0.282,-1.246,0.599,1.34942707190271,R691N
-2.858,-0.255,2.662,0.003,0.0,0.463,-0.318,0.0,0.0,0.0,0.031,0.0,0.0,0.26,-0.51,1.93,0.949,2.3587026438766543,A689C
3.018,-0.774,-0.479,-0.017,-0.327,0.426,1.637,0.0,0.0,0.0,0.0,0.0,0.0,0.984,0.087,-2.051,0.402,2.9052324546318005,R691D
1.706,-0.775,-1.613,0.001,-0.373,0.607,1.039,0.0,0.0,0.0,0.0,0.0,0.0,-0.417,0.14,1.313,0.27,1.8972896210043475,R691F
1.95,-0.829,8.473,-0.012,0.257,0.227,-2.315,0.0,0.0,0.0,0.0,0.0,0.0,1.55,0.239,-4.386,0.201,5.354776327653553,L690E
-0.013,-0.208,0.471,0.005,-0.027,-0.142,-0.213,-0.351,0.0,0.0,0.0,0.0,0.002,0.017,0.904,2.794,0.431,3.6701938565915952,P692T
-0.537,0.084,3.77,0.001,0.016,-0.371,-0.535,0.0,0.0,0.0,0.0,0.0,0.0,0.624,-0.19,-1.615,0.149,1.3984099819114135,A689S
-1.646,14.622,1.412,-0.009,-0.051,0.131,-0.111,0.0,0.0,0.0,0.0,0.0,0.0,0.656,0.187,-0.005,1.261,16.44891977992745,L690M
-5.642,49.97660197873695,1.772,0.021,0.162,0.545,0.247,-0.351,0.0,0.0,0.0,0.0,0.002,4.447,0.978,2.861,0.228,49.98104881355219,P692F
-6.467,48.88431272130595,2.002,0.038,0.101,0.251,0.073,0.0,0.0,0.0,0.031,0.0,0.01,0.674,-1.12,0.979,-0.98,48.67204641139208,A689I
-0.957,-0.152,-0.791,0.014,-0.037,-0.063,0.325,-0.351,0.0,0.0,0.0,0.0,0.0,0.157,0.883,4.285,0.27,3.5839978832365205,P692V
-8.346,49.81681584770217,13.418,0.019,0.399,1.607,1.484,0.0,0.0,0.0,0.03,0.0,0.0,5.899,0.003,-1.757,0.285,49.891195150275905,L690R
3.209,-0.772,-1.81,-0.014,-0.403,0.706,0.269,0.0,0.0,0.0,0.0,0.0,0.0,0.275,0.151,-1.357,0.04,0.2943147679070534,R691Q
1.454,-0.715,-2.477,-0.012,-0.429,0.596,0.365,0.0,0.0,0.0,0.0,0.0,0.0,0.36,0.148,1.752,0.042,1.0826350496620307,R691M
1.351,-0.664,-2.168,0.01,-0.443,0.604,0.253,0.0,0.0,0.0,0.0,0.0,0.007,-1.72,0.549,2.398,1.242,1.4176498238033446,R691I
1.547,-0.775,-1.39,0.001,-0.36,0.495,0.774,0.0,0.0,0.0,0.0,0.0,0.0,-0.315,0.179,0.676,0.253,1.0857806415593814,R691Y
2.12,0.379,-2.188,0.001,-0.53,0.812,0.365,0.0,0.0,0.0,0.0,0.0,0.0,-2.249,-0.012,1.756,0.017,0.4705916470353486,R691L
-6.474,0.344,3.356,0.041,0.224,0.383,-0.349,0.0,0.0,0.0,0.031,0.0,0.0,3.517,-0.712,-0.743,-0.472,-0.8537649049693528,A689Y
7.826,-1.18,1.36,-0.016,-0.105,0.264,-0.103,0.0,0.0,0.0,0.0,0.0,0.0,-1.436,0.44,-0.337,1.01,7.721158553166106,L690A
4.965,-1.096,2.275,-0.015,-0.088,0.273,-0.26,0.0,0.0,0.0,0.0,0.0,0.0,-1.127,-0.149,1.593,0.406,6.778910100284634,L690C
7.2,-1.156,4.322,-0.016,-0.073,-0.009,-0.366,0.0,0.0,0.0,0.0,0.0,0.0,-0.609,0.474,-1.952,0.512,8.328311668058745,L690S
-7.603,1.802,4.057,0.031,0.293,0.255,-0.335,0.0,0.0,0.0,0.031,0.0,0.0,2.876,-0.582,0.936,0.442,2.2045095134785697,A689W
-5.935,4.62,6.801,0.011,0.41,0.27,-1.42,-0.351,0.0,0.0,-0.648,0.0,0.002,2.469,0.764,1.342,0.32,8.655572165708577,P692H
0.727,-0.75,-1.266,-0.001,-0.336,0.449,1.107,0.0,0.0,0.0,0.0,0.0,0.0,-1.001,-0.048,2.355,0.275,1.51057091229859,R691W
-1.814,2.466,6.786,0.013,0.458,0.663,-0.807,0.0,0.0,0.0,0.0,0.0,0.0,5.729,-0.291,-1.963,0.209,11.449970876608177,L690H
-7.479,8.493,4.807,0.024,0.508,0.637,-2.494,-0.351,0.0,0.0,-0.066,0.0,0.002,5.338,0.894,3.904,0.226,14.441660565628696,P692W
9.185,-0.676,1.758,-0.019,-0.081,0.484,-0.222,0.0,0.0,0.0,0.0,0.0,0.069,-1.33,1.394,-0.864,5.181,14.8772961230286,L690G
2.823,-0.454,-0.563,-0.003,-0.08,0.2,0.407,-0.351,0.0,0.0,0.0,0.0,-0.003,-0.074,1.77,2.441,1.054,7.167230668444859,P692G
4.65,-1.081,7.668,-0.014,0.219,-0.006,-2.166,0.0,0.0,0.0,0.0,0.0,0.0,2.844,-0.444,-3.808,-0.572,7.291741361209006,L690D
2.749,-0.767,-1.456,-0.015,-0.483,0.487,-0.187,0.0,0.0,0.0,0.0,0.0,0.0,-2.056,0.351,1.246,0.295,0.1633031629330616,R691T
-1.104,-0.172,3.67,0.019,0.545,-0.294,-2.876,-0.351,0.0,0.0,0.0,0.0,0.002,4.198,0.84,0.928,0.208,5.614401116636941,P692K
0.078,-0.102,6.041,-0.011,0.148,-0.031,-0.322,0.0,0.0,0.0,0.0,0.0,0.0,1.797,0.103,-3.113,0.156,4.745465426545138,L690Q
2.846,-0.793,5.785,-0.012,0.213,-0.194,-0.081,0.0,0.0,0.0,0.0,0.0,0.0,1.4,-0.335,-3.002,-0.442,5.384936949717712,L690N
-0.11,-0.263,-0.126,-0.001,-0.05,0.037,-0.081,-0.351,0.0,0.0,0.0,0.0,0.002,0.263,0.977,4.898,0.224,5.418064469277283,P692C
-4.05,46.599,0.261,0.026,0.221,0.081,-0.303,0.0,0.0,0.0,0.0,0.0,0.0,5.191,-0.301,-0.444,-0.028,47.25628108837725,L690F
-1.44,-0.188,3.707,0.001,0.342,-0.626,-0.444,-0.351,0.0,0.0,0.0,0.0,0.002,2.344,0.994,0.302,0.496,5.140857431041354,P692N
-3.836,3.951,0.897,0.021,0.098,0.136,0.094,-0.351,0.0,0.0,0.0,0.0,0.002,1.903,0.801,3.304,0.292,7.311721761965259,P692L
-1.337,-0.182,2.234,0.01,0.092,-0.015,-1.368,-0.351,0.0,0.0,0.0,0.0,0.002,2.785,1.127,3.3,0.303,6.599271640666188,P692M
1.672,49.63038479968371,3.964,-0.014,0.005,0.69,1.365,44.44710222585921,1.362,0.0,0.0,0.0,0.048,-1.086,3.522,-3.305,9.824,49.989404616348246,L690P
-6.603,49.99999963270842,4.039,0.021,0.174,0.641,-0.224,-0.351,0.0,0.0,0.0,0.0,0.002,4.575,0.884,2.225,0.22,49.99999970645583,P692Y
-2.861,0.495,4.986,0.013,0.261,0.017,-1.615,-0.351,0.0,0.0,0.0,-1.538,0.002,3.317,0.844,1.548,0.223,5.342191866197709,P692R
3.418,11.185,-2.379,0.004,0.345,-0.761,3.576,0.0,0.0,0.0,0.0,0.204,0.01,-0.145,-0.154,0.981,-0.216,16.06885091641982,L690V
-5.706,49.653565038193626,3.102,0.025,0.23,0.264,0.611,0.0,0.0,0.0,0.0,0.0,0.0,4.72,-0.169,-1.08,0.195,49.68255688240518,L690Y
-9.125,49.720855347531355,0.717,0.04,0.252,-0.208,0.045,0.0,0.0,0.0,0.0,0.0,0.0,6.899,0.019,0.599,0.619,49.719279338102965,L690W
1.727,-0.425,0.883,0.0,-0.025,0.0,-0.375,-0.351,0.0,0.0,0.0,0.0,0.002,0.255,0.925,1.353,0.312,4.281358701584622,P692S
4.541,-0.703,5.326,-0.013,0.031,0.302,-1.577,0.0,0.0,0.0,0.0,0.0,0.0,-0.375,0.321,-0.51,0.47,7.814289261827753,L690T
6.759,-4.922,3.174,-0.011,0.041,-0.019,1.254,0.0,0.0,0.0,0.0,-0.909,0.0,0.991,1.008,-3.804,0.616,4.17803695751536,M693D
-1.298,0.086,0.319,0.002,0.009,-0.072,0.144,0.0,0.0,0.0,0.0,0.0,0.056,0.357,-0.014,2.456,-0.288,1.7592353368183922,G694C
5.384,-4.659,2.551,-0.011,-0.016,-0.181,0.163,0.0,0.0,0.0,0.0,-0.769,0.0,0.46,0.648,-2.998,0.356,0.928840000666696,M693N
0.256,-0.066,0.457,0.001,-0.008,0.024,-0.059,0.0,0.0,0.0,0.0,0.0,-0.037,0.0,0.223,-0.527,0.479,0.7433001039058809,A696G
7.507,-5.001,1.222,-0.012,0.101,0.303,1.69,0.0,0.0,0.0,0.0,0.037,0.0,0.85,0.051,-4.382,-0.088,2.2773355839470923,M693E
4.214,-3.799,-3.093,0.006,-0.055,0.488,0.467,0.0,0.0,0.0,0.0,0.0,0.0,-0.613,0.366,0.004,0.111,-1.905042673258663,M693L
-0.149,-0.063,0.242,0.003,-0.008,-0.006,-0.024,0.0,0.0,0.0,0.0,0.0,0.0,0.0,0.0,0.0,0.0,-0.0056215309798517,A696A
10.236,-5.396,-3.772,-0.018,-0.456,0.464,0.442,0.0,0.0,0.0,0.0,0.037,0.0,-2.167,-0.022,-0.333,0.202,-0.7851077988840416,M693A
5.559,-4.986,-1.047,-0.008,-0.065,-0.175,-0.923,0.0,0.0,0.0,0.0,0.037,0.0,-1.14,0.292,1.597,0.205,-0.6546543664402407,M693C
-1.429,0.076,0.477,0.006,0.172,-0.052,0.218,0.0,0.0,0.0,0.0,0.0,0.056,2.389,-0.07,-2.25,-0.078,-0.4842449525523307,G694Q
3.388,-3.428,-2.126,0.003,-0.25,0.603,1.159,0.0,0.0,0.0,0.0,0.037,0.0,1.014,-0.199,-0.44,-0.332,-0.5705575861647958,M693F
12.328,-5.868,-4.707,-0.019,-0.401,0.544,0.772,0.0,0.0,0.0,0.0,0.0,-0.15,-2.167,0.74,-0.86,1.223,1.4351665354522538,M693G
0.856,48.73264050787064,-3.462,0.071,0.382,-0.166,1.848,0.0,0.0,0.0,0.0,0.037,-0.04,3.27,0.175,0.646,-0.181,48.89362903614179,M693I
5.597,1.618,1.806,-0.005,0.008,-0.286,-1.334,0.0,0.0,0.0,0.0,0.037,0.0,-0.934,-0.145,-0.506,-0.359,5.495629544102144,M693T
-1.631,0.07,0.294,0.02,0.22,-0.101,0.202,0.0,0.0,0.0,0.0,0.0,0.056,1.782,0.02,-0.216,0.072,0.7910023832424713,G694Y
7.009,-4.484,-0.768,-0.005,-0.187,0.339,0.52,0.0,0.0,0.0,0.0,0.0,0.0,-0.346,0.11,-2.372,-0.169,-0.3532519254576982,M693K
0.0,0.0,0.0,0.0,0.0,0.0,0.0,0.0,0.0,0.0,0.0,0.0,0.0,0.0,0.0,0.0,0.0,0.0,M693M
0.0,0.0,0.0,0.0,0.0,0.0,0.0,0.0,0.0,0.0,0.0,0.0,0.0,0.0,0.0,0.0,0.0,0.0,G694G
7.165,-0.908,-4.818,-0.02,-0.727,0.215,1.748,0.0,0.0,0.0,1.507,0.0,0.0,-2.663,0.148,-0.195,-0.101,1.3495937112461434,R695S
2.869,-3.254,-0.896,0.002,-0.24,0.665,0.636,0.0,0.0,0.0,0.0,0.037,0.0,0.927,-0.229,-1.076,-0.344,-0.903493818532752,M693Y
5.369,-4.131,0.593,-0.016,-0.13,0.119,0.107,0.0,0.0,0.0,0.0,0.037,0.0,-0.305,-0.152,-1.958,-0.285,-0.753675016220086,M693H
5.032,49.86480845362467,-1.737,-0.015,-0.295,0.716,0.805,49.36269267440782,0.0,0.98,0.0,0.0,-0.197,-1.817,7.153,-3.301,6.336,49.999497252667375,M693P
9.886,-5.186,-1.717,-0.017,-0.378,0.2,0.191,0.0,0.0,0.0,0.0,0.0,0.0,-1.433,-0.157,-1.948,-0.098,-0.6581140213737626,M693S
-1.172,0.0,0.467,0.022,0.254,-0.195,-0.035,0.0,0.0,0.0,0.0,0.0,0.0,1.985,0.122,-0.107,0.252,1.5934331373605346,A696F
7.03,-4.879,0.579,-0.01,0.056,0.615,-0.818,0.0,0.0,0.0,-1.145,0.037,0.0,1.594,-0.004,-3.109,-0.204,-0.2585295117198711,M693Q
3.944,-0.23,-5.518,0.004,-0.469,0.427,2.139,0.0,0.0,0.0,1.507,0.0,0.0,-0.581,0.177,0.676,0.195,2.270034362825527,R695Y
-1.089,0.083,0.633,0.001,0.021,-0.162,0.017,0.0,0.0,0.0,0.0,0.0,0.056,1.455,-0.492,-1.088,-0.516,-1.0786590129985143,G694S
7.267,-0.921,-5.985,-0.018,-0.785,0.352,2.006,0.0,0.0,0.0,1.507,0.0,0.0,-2.798,0.133,1.419,-0.135,2.042028533562529,R695A
3.836,17.986,-3.52,0.093,0.25,-0.135,0.995,0.0,0.0,0.0,0.0,0.032,-0.04,3.603,-0.18,0.985,-0.372,23.53398866652208,M693V
-3.004,0.172,2.34,0.006,0.765,-0.397,-0.663,0.0,0.0,0.0,0.0,0.0,0.0,1.801,-0.09,-1.626,0.111,-0.584875277230708,A696H
-0.516,-0.063,0.797,0.008,0.343,-0.024,-0.151,0.0,0.0,0.0,0.0,0.0,0.0,2.427,-0.101,-4.05,0.128,-1.2006123970172666,A696E
-1.644,0.079,0.292,0.021,0.211,-0.099,0.295,0.0,0.0,0.0,0.0,0.0,0.056,1.825,-0.006,0.42,-0.008,1.4434075566823594,G694F
-1.399,-0.063,0.812,0.015,0.112,-0.061,-0.031,0.0,0.0,0.0,0.0,0.0,0.0,0.802,0.072,0.332,0.082,0.6717340451075415,A696M
3.72,-2.703,-0.347,-0.001,-0.236,0.384,0.9,0.0,0.0,0.0,0.0,0.037,0.0,0.144,-0.109,0.603,0.056,2.447904852404804,M693W
-4.876,0.455,4.336,0.005,0.267,0.496,-2.215,0.0,0.0,0.0,-2.053,0.0,0.056,2.896,-0.054,-1.099,-0.157,-1.9421441130143648,G694H
-8.559,10.414,1.169,0.027,0.145,-0.65,1.963,0.0,0.0,0.0,0.0,0.0,0.0,2.854,0.672,1.507,0.615,10.160768837628892,S698F
-1.155,0.129,0.055,0.002,0.042,-0.03,-0.146,0.0,0.0,0.0,0.0,0.0,0.0,0.872,0.211,1.93,0.094,2.0024890125509955,A696C
-1.595,0.36,0.401,0.027,0.125,-0.065,0.154,0.0,0.0,0.0,0.0,0.0,0.049,0.137,0.763,0.979,0.628,1.9622614622286392,A696I
5.873,-4.57,0.41,0.003,-0.011,-0.032,-0.489,0.0,0.0,0.0,0.0,0.0,0.0,1.03,-0.155,-1.753,-0.292,0.0134493574458929,M693R
-1.672,0.178,0.045,0.021,0.042,-0.092,0.019,0.0,0.0,0.0,0.0,0.0,0.049,0.064,0.73,1.318,0.65,1.3513978507992306,A696V
-3.333,1.465,0.38,0.027,0.412,-0.15,-0.07,0.0,0.0,0.0,0.0,0.0,0.0,2.291,0.082,-0.743,0.27,0.6309640359173727,A696Y
-2.792,6.827,-0.285,0.024,0.049,-0.089,0.099,0.0,0.0,0.0,0.0,0.0,0.013,3.128,0.882,1.505,0.497,9.860834301033492,G694I
-0.121,-0.136,0.51,-0.005,0.183,0.027,-2.348,0.0,0.0,0.0,-1.607,0.0,0.0,2.996,0.735,-3.877,0.478,-3.1649207638739654,T697E
-0.511,0.0,1.444,0.003,0.355,-0.077,-0.685,0.0,0.0,0.0,0.0,0.0,0.0,2.305,-0.327,-3.471,-0.098,-1.0607770394294675,A696D
-0.521,-0.063,0.794,0.009,0.15,-0.024,0.064,0.0,0.0,0.0,0.0,0.0,0.0,0.821,-0.02,-2.04,0.181,-0.6493113034416638,A696K
-1.993,2.517,2.041,0.006,0.078,-0.064,-0.793,0.0,0.0,0.0,0.0,0.0,0.056,0.012,-0.488,0.353,-0.52,1.20818569753078,G694T
-5.802,49.99224135368141,-3.844,0.017,0.128,0.048,2.211,0.0,0.0,0.0,0.0,0.017,0.028,0.51,0.621,1.151,0.634,49.99079293938847,T697I
-0.996,0.071,-0.515,0.001,0.0,-0.062,0.201,0.0,0.0,0.0,0.0,0.0,0.056,0.0,-0.036,0.526,-0.059,-0.8108042327565954,G694A
-0.275,0.0,1.035,0.0,0.066,-0.062,-0.364,0.0,0.0,0.0,0.0,0.0,0.0,0.182,-0.254,-1.615,0.106,-1.181045415283393,A696S
-1.762,0.086,0.373,0.017,0.043,-0.13,0.206,0.0,0.0,0.0,0.0,0.0,0.056,0.063,-0.134,0.863,-0.097,-0.4155481521918318,G694L
-2.195,0.232,3.164,0.005,0.319,-0.208,-2.879,0.0,0.0,0.0,-1.112,0.0,0.056,2.759,-0.018,-2.944,-0.166,-2.988309154858939,G694D
-1.84,0.085,0.505,0.013,0.387,0.034,0.634,0.0,0.0,0.0,0.0,0.0,0.056,1.338,-0.072,-0.893,-0.088,0.1604598166428559,G694R
0.148,0.064,-0.243,-0.003,0.007,0.006,0.024,0.0,0.0,0.0,0.0,0.0,0.0,0.0,0.0,0.0,0.0,0.0034292762293262,T697T
-1.372,0.073,0.469,0.007,0.11,-0.073,0.271,0.0,0.0,0.0,0.0,0.0,0.056,0.818,-0.031,-1.513,-0.06,-1.2428560982609724,G694K
4.656,-0.408,-4.211,-0.017,-0.133,0.148,1.618,0.0,0.0,0.0,1.507,0.0,0.0,-1.104,0.135,-0.206,0.131,2.1152776470459003,R695H
-0.972,-0.063,0.441,0.02,0.098,-0.053,0.016,0.0,0.0,0.0,0.0,0.0,0.0,0.026,-0.105,0.336,0.074,-0.1822840536996182,A696L
-2.777,49.97552723889526,-1.829,-0.004,0.032,0.024,2.506,26.08,0.905,0.0,0.0,0.0,0.096,-0.018,2.685,-2.795,10.348,49.99402487889809,T697P
5.388,-0.328,-3.21,-0.001,0.571,0.153,1.488,0.0,0.0,0.0,1.507,0.0,0.0,0.493,-0.14,-2.63,-0.134,3.1556895988553606,R695E
-3.181,0.385,2.54,0.023,1.134,-0.221,-1.536,0.0,0.0,0.0,0.0,0.0,0.0,2.857,-0.181,-2.776,0.074,-0.8823324652039446,A696Q
-1.442,0.079,0.667,0.006,0.251,-0.065,-0.552,0.0,0.0,0.0,0.0,0.0,0.056,2.649,0.0,-3.523,-0.071,-1.943793640455852,G694E
-1.668,0.072,0.113,0.007,0.065,-0.073,0.281,0.0,0.0,0.0,0.0,0.0,0.056,1.297,0.086,0.859,-0.091,1.003772924957843,G694M
-2.55,0.195,2.277,0.007,0.259,-0.38,-0.573,0.0,0.0,0.0,-1.072,0.0,0.056,3.028,-0.088,-2.139,-0.089,-1.0681717944712543,G694N
-2.444,26.328,0.345,0.004,0.039,-0.065,0.239,3.449,0.0,0.0,0.0,0.0,0.027,1.776,0.005,-2.968,11.451,38.18494582750361,A696P
4.156,-0.043,-1.52,-0.001,0.226,1.204,-5.159,0.0,0.0,0.0,1.507,0.0,0.0,2.503,0.118,-0.62,-0.087,2.2843104519522512,R695K
1.241,1.367,-4.166,-0.012,-0.715,0.34,2.485,0.0,0.0,0.0,1.507,0.0,0.0,-0.942,-0.019,1.752,0.132,2.9688378678761183,R695M
-0.631,0.0,0.99,0.006,0.309,-0.135,-0.234,0.0,0.0,0.0,0.0,0.0,0.0,1.578,-0.206,-2.665,0.017,-0.9700998200922868,A696N
0.692,-0.208,-1.999,0.006,0.211,-0.302,1.285,0.0,0.0,0.0,0.0,0.0,0.0,1.128,0.539,-1.867,0.385,-0.1302704192315786,T697K
1.106,0.515,-6.242,-0.003,-0.691,0.583,2.033,0.0,0.0,0.0,1.507,0.0,0.0,-2.709,-0.095,1.756,0.113,-2.127071096934856,R695L
-1.722,0.266,-3.169,0.017,0.26,0.017,1.425,0.0,0.0,0.0,0.0,0.0,0.0,2.513,0.545,1.109,0.951,2.212455520983326,T697W
0.764,-0.214,-0.213,-0.012,-0.595,0.466,2.378,0.0,0.0,0.0,1.507,0.0,0.0,-0.199,-0.03,-1.357,0.003,2.4974610999082643,R695Q
4.852,-0.863,-5.078,-0.017,-0.772,0.217,1.617,0.0,0.0,0.0,1.507,0.0,0.0,-2.526,0.426,3.349,0.114,2.8272130593272777,R695C
4.363,-0.21,-4.011,-0.011,-0.065,-0.199,1.177,0.0,0.0,0.0,0.0,0.0,0.024,-0.019,0.844,-0.354,0.838,2.378823447230502,T697G
-0.357,0.0,0.549,0.01,0.239,-0.017,0.229,0.0,0.0,0.0,0.0,0.0,0.0,1.335,-0.031,-1.42,0.133,0.6701464208443895,A696R
-2.256,46.643,-4.316,0.011,-0.028,-0.142,1.244,0.0,0.0,0.0,0.0,0.0,0.028,-0.015,0.446,1.49,0.42,43.52683582505654,T697V
3.724,-0.241,-5.334,0.009,-0.702,0.276,2.155,0.0,0.0,0.0,1.507,0.0,0.055,-2.003,0.436,2.398,0.214,2.493495634733563,R695I
3.673,-0.061,-5.447,0.008,-0.494,0.45,2.138,0.0,0.0,0.0,1.507,0.0,0.0,-0.398,0.179,1.313,0.244,3.110036642563728,R695F
0.808,-0.2,-2.051,0.008,0.212,-0.245,1.588,0.0,0.0,0.0,0.0,0.0,0.0,1.945,0.545,-1.247,0.39,1.755223320736036,T697R
-4.449,1.073,1.055,0.024,0.788,-0.255,-0.289,0.0,0.0,0.0,0.0,0.0,0.0,1.835,-0.027,0.936,0.11,0.8014199683237848,A696W
-2.361,1.45,-1.085,0.019,-0.027,0.063,0.679,0.0,0.0,0.0,0.0,0.0,-0.004,-0.082,1.133,2.932,0.966,3.6840611610916767,S698V
6.131,-0.895,-2.989,-0.012,-0.252,0.243,0.64,0.0,0.0,0.0,1.507,0.0,0.0,1.068,0.066,-2.051,0.113,3.566463263504488,R695D
-3.598,32.251,-0.603,0.019,0.049,-0.225,0.061,0.0,0.0,0.0,0.0,0.0,0.013,0.019,0.577,1.844,0.294,30.70242739991795,G694V
5.412,-0.856,-4.878,-0.013,-0.727,0.015,1.786,0.0,0.0,0.0,1.507,0.0,0.0,-2.739,0.299,1.246,0.275,1.3275171486463933,R695T
-2.926,1.377,5.533,0.006,0.221,0.213,-2.215,0.0,0.0,0.0,-0.972,-0.389,0.0,2.844,0.373,-1.857,0.138,2.347509831764455,S698D
-2.054,0.081,0.761,0.018,0.239,-0.232,0.246,0.0,0.0,0.0,0.0,0.0,0.056,1.427,-0.038,1.462,0.126,2.0952723397352884,G694W
-0.21,-0.146,-1.994,-0.005,0.145,0.211,0.157,0.0,0.0,0.0,-1.644,0.0,0.0,2.616,0.575,-2.603,0.321,-2.5775702668316853,T697Q
-4.0,47.668,0.459,0.005,0.12,0.038,-0.017,0.435,0.0,0.0,0.0,0.0,0.252,0.027,-0.602,-2.442,0.207,42.1507019749414,G694P
6.092,-0.843,-6.279,-0.019,-0.73,0.198,2.285,0.786,0.0,0.0,1.507,0.0,-0.019,-2.613,0.402,-1.549,-0.184,-0.9691173913518014,R695P
0.199,0.05,-2.152,-0.004,0.286,-0.429,1.118,0.0,0.0,0.0,0.0,0.0,0.0,1.576,0.471,-1.453,0.46,0.123069733289526,T697H
8.384,-1.148,-5.984,-0.019,-0.785,0.453,2.156,0.0,0.0,0.0,1.507,0.0,-0.013,-2.798,0.743,0.892,0.578,3.9655715311225777,R695G
-0.694,0.0,1.026,0.005,0.076,-0.105,-0.391,0.0,0.0,0.0,0.0,0.0,0.0,0.007,-0.085,-0.173,0.298,-0.0363265708958806,A696T
-0.611,-0.093,-3.085,0.008,-0.031,-0.044,1.425,0.0,0.0,0.0,0.0,0.0,0.0,0.017,0.469,0.509,0.351,-1.0816816518469068,T697L
4.758,-0.525,-5.94,-0.001,-0.748,0.16,2.142,0.0,0.0,0.0,1.507,0.0,0.055,-2.382,0.469,2.737,0.221,2.452116095642623,R695V
2.609,-0.152,-4.592,-0.009,-0.065,-0.062,1.388,0.0,0.0,0.0,0.0,0.0,0.0,-0.019,0.896,0.172,0.803,0.9700771056258192,T697A
2.368,-0.133,-2.254,-0.009,-0.045,-0.409,0.808,0.0,0.0,0.0,0.0,0.0,0.0,0.927,0.377,-1.442,0.296,0.4870480296559663,T697S
-3.457,49.50491852039235,-2.402,0.002,0.049,-0.155,1.053,0.0,0.0,0.0,0.0,0.018,0.068,0.35,1.818,0.526,1.875,49.49987858624406,G699A
-19.958,49.999999999407905,2.112,0.082,0.381,-1.031,0.429,0.0,0.0,0.0,-0.044,0.037,0.068,8.367,1.893,0.42,2.583,49.99999999928656,G699F
-0.401,0.44,0.1,0.014,0.25,0.273,0.924,0.0,0.0,0.0,0.0,0.0,0.0,2.152,0.615,-0.425,0.538,4.481882082422544,S698K
-0.384,-0.142,-3.302,-0.003,-0.032,0.211,1.752,0.0,0.0,0.0,0.0,0.0,0.0,1.019,0.648,0.505,0.617,0.8900557117380004,T697M
1.361,-0.131,-3.193,-0.008,-0.057,-0.188,0.922,0.0,0.0,0.0,0.0,0.0,0.0,0.224,0.495,2.103,0.632,2.161057883853914,T697C
-0.281,0.228,-3.167,0.011,0.17,-0.294,1.337,0.0,0.0,0.0,0.0,0.0,0.0,1.633,0.371,0.066,0.345,0.4204608853674472,T697F
1.057,-0.127,-1.753,-0.003,0.165,-0.483,0.375,0.0,0.0,0.0,0.0,0.0,0.0,3.032,0.766,-2.492,0.552,1.0903586037239847,T697N
1.144,-0.19,-0.508,-0.004,0.168,-0.414,-1.029,0.0,0.0,0.0,0.0,0.0,0.0,2.105,0.877,-3.298,0.5,-0.6478790045794085,T697D
3.568,-0.848,-1.166,-0.012,-0.508,0.179,1.271,0.0,0.0,0.0,1.507,0.0,0.0,-1.618,0.16,-1.246,0.324,1.6110838404048309,R695N
3.307,-0.878,-2.995,-0.004,0.166,-0.361,0.526,0.0,0.0,0.0,1.162,0.0,0.0,-0.331,-0.153,1.15,-0.013,1.5754669206595509,Q701H
1.191,-0.135,-0.888,0.0,-0.074,-0.087,1.115,0.0,0.0,0.0,0.0,0.0,-0.053,-0.087,0.3,1.087,0.303,2.674427982550583,S698G
0.0,0.0,0.0,0.0,0.0,0.0,0.0,0.0,0.0,0.0,0.0,0.0,0.0,0.0,0.0,0.0,0.0,0.0,R695R
-4.904,2.613,0.665,0.005,-0.034,-0.248,0.625,0.0,0.0,0.0,0.0,0.0,0.0,1.262,0.732,1.947,0.506,3.1687375644401072,S698M
-1.59,-0.112,1.299,0.023,0.719,0.004,2.092,0.0,0.0,0.0,0.0,0.0,0.0,1.558,0.343,-1.051,0.216,3.50236780519117,S698N
-0.152,0.042,-3.193,0.011,0.169,-0.287,1.379,0.0,0.0,0.0,0.0,0.0,0.0,1.541,0.357,-0.57,0.309,-0.3950112436390327,T697Y
2.427,1.547,-6.107,0.005,-0.367,0.303,2.033,0.0,0.0,0.0,1.507,0.0,0.0,-0.792,0.095,2.355,0.044,3.048920793647653,R695W
-3.128,1.503,3.674,0.006,0.172,-0.417,-0.508,0.0,0.0,0.0,0.0,-0.776,0.0,2.514,0.672,-2.435,0.552,1.8305826779278505,S698E
0.256,0.011,-1.527,-0.001,-0.066,0.05,1.247,0.0,0.0,0.0,0.0,0.0,0.0,-0.087,0.644,1.614,0.58,2.722710943328252,S698A
-7.915,46.129230080370846,3.372,0.03,0.194,0.041,1.543,0.0,0.0,0.0,0.651,0.0,0.0,4.196,0.683,2.55,0.86,46.95444760752437,S698W
-3.072,2.193,-0.687,0.026,0.024,0.257,0.959,0.0,0.0,0.0,0.0,0.0,-0.004,-0.385,1.497,2.593,1.116,4.520864243730784,S698I
-1.326,7.335,-1.435,0.003,0.052,0.022,1.25,3.814,0.0,0.0,0.0,0.0,0.117,-0.06,0.02,-1.354,0.846,9.286774522214614,S698P
-2.16,0.168,-0.262,0.002,-0.065,0.007,-0.056,0.0,0.0,0.0,0.0,0.0,0.0,0.345,0.534,3.544,0.274,2.333004709674924,S698C
1.477,-0.271,-3.372,0.006,-0.208,-0.396,0.549,0.0,0.0,0.0,1.162,0.0,0.0,-1.56,0.062,3.108,-0.025,0.5311379647650938,Q701M
-5.325,21.538,-0.343,0.026,0.145,-0.417,1.421,0.0,0.0,0.0,0.487,0.0,0.0,1.98,0.539,1.951,0.497,22.501731263804345,S698L
-9.299,16.421,2.978,0.027,0.16,-0.963,2.118,0.0,0.0,0.0,0.0,0.0,0.0,3.182,0.682,0.871,0.687,16.86705617952498,S698Y
-2.371,1.711,1.473,0.007,0.876,0.687,-0.431,0.0,0.0,0.0,-0.883,0.0,0.0,1.456,0.522,-0.011,0.414,3.450113338067468,S698H
3.01,-0.878,-3.95,0.013,0.009,-0.135,0.789,0.0,0.0,0.0,1.162,0.0,0.0,0.14,-0.059,2.669,-0.164,2.604758030804078,Q701F
4.186,-0.878,-3.482,-0.002,0.09,-0.287,0.613,0.0,0.0,0.0,1.162,0.0,0.0,0.681,-0.051,-1.274,-0.078,0.6801093090541599,Q701E
0.0,0.0,0.0,0.0,0.0,0.0,0.0,0.0,0.0,0.0,0.0,0.0,0.0,0.0,0.0,0.0,0.0,0.0,S698S
-20.436,50.0,22.724,0.001,-0.064,0.494,-0.13,0.0,0.0,0.0,-0.46,0.037,0.068,0.898,1.8,-1.513,1.731,50.0,G699K
5.952,-6.227,2.719,-0.019,-0.15,1.428,0.057,0.0,0.0,0.0,0.03,0.037,0.041,1.536,0.325,-2.944,0.226,3.0113850111143847,V700H
4.02,47.78049300017754,-0.424,-0.026,-0.361,0.93,2.138,44.32930382480073,0.0,1.152,0.0,0.037,-0.094,-0.755,5.885,-4.286,3.783,49.915634433220816,V700P
-2.969,0.043,2.593,0.019,0.396,0.355,0.666,0.0,0.0,0.0,0.0,0.0,0.0,2.23,0.597,0.194,0.506,4.632383956794342,S698R
0.308,-0.614,-0.81,0.006,0.261,-0.562,0.635,0.0,0.0,0.0,1.162,0.0,0.0,-0.536,-0.037,1.356,-0.061,1.107759018607453,Q701R
3.176,0.69,-4.634,-0.004,-0.141,-0.105,0.336,0.273,0.0,0.0,1.162,0.0,0.056,-2.605,-0.324,-0.193,0.729,-1.58275991067012,Q701P
1.953,0.983,-4.05,0.019,-0.139,-0.369,0.963,0.0,0.0,0.0,1.162,0.0,0.011,-2.45,-0.409,3.754,-0.175,1.2555545435176327,Q701I
-3.556,1.864,2.472,0.004,0.118,-0.258,-1.13,0.0,0.0,0.0,0.0,-1.206,0.0,2.555,0.586,-1.162,0.53,0.8196154746366346,S698Q
-15.826,49.99999999999993,-0.229,0.018,0.096,-1.088,0.777,0.0,0.0,0.0,0.0,0.018,0.068,3.106,1.704,0.863,1.698,49.99999999999989,G699L
-18.35,49.99997464234922,2.154,0.045,0.133,-1.102,0.971,0.0,0.0,0.0,0.0,0.018,0.068,4.922,1.734,0.859,2.178,49.9999672812705,G699M
-0.459,1.565,-3.4,0.009,-0.127,-0.072,0.923,0.0,0.0,0.0,1.162,0.0,0.0,-2.42,-0.339,3.112,-0.092,-0.1359546757220187,Q701L
1.832,-2.508,1.098,-0.02,-0.4,1.362,0.227,0.0,0.0,0.0,0.03,0.0,0.041,0.596,0.468,-0.986,0.556,2.2971257655192403,V700M
1.818,-2.841,4.348,-0.01,0.021,0.312,-0.327,0.0,0.0,0.0,0.03,0.0,0.041,0.018,-0.034,-1.491,-0.011,1.8756705280186448,V700T
4.493,-2.7,0.609,0.0,-0.297,1.438,0.028,0.0,0.0,0.0,0.03,0.037,0.041,2.922,0.122,-1.425,0.131,5.430048023643849,V700F
5.495,-0.884,-4.077,-0.008,-0.216,-0.128,0.656,0.0,0.0,0.0,1.162,0.0,0.028,-2.609,0.968,2.249,1.055,3.691756314412828,Q701G
1.964,-2.833,2.079,-0.014,-0.052,0.833,-0.071,0.0,0.0,0.0,0.03,0.0,0.041,0.101,0.346,0.612,0.608,3.644562719289411,V700C
1.932,-0.688,-3.431,-0.005,-0.181,-0.34,0.838,0.0,0.0,0.0,1.162,0.0,0.0,-2.487,-0.197,4.705,-0.334,0.9742395158201588,Q701C
4.631,-0.399,-4.317,-0.006,-0.223,-0.316,0.776,0.0,0.0,0.0,1.162,0.0,0.0,-2.959,0.172,2.775,0.112,1.4086783898829935,Q701A
-10.676,49.99999995515572,-2.025,0.015,0.09,-0.52,0.561,0.0,0.0,0.0,0.0,0.018,0.217,0.7,2.133,1.844,2.767,49.9999999454991,G699V
-9.058,49.99998624447438,12.4,0.002,0.307,-0.987,-1.378,0.0,0.0,0.0,0.0,0.018,0.068,4.431,0.399,-2.944,0.348,49.9999880924502,G699D
-2.783,46.891224398778675,1.114,0.016,0.083,-0.239,0.77,0.0,0.0,0.0,0.665,0.0,0.0,0.946,0.242,-0.339,0.171,46.968131983639736,V700I
3.892,-0.383,-2.433,-0.003,0.082,-0.202,0.011,0.0,0.0,0.0,1.162,0.0,0.0,0.323,-0.846,-0.695,-0.257,0.6496415109298823,Q701D
4.567,-0.878,-3.345,-0.007,-0.189,-0.372,0.422,0.0,0.0,0.0,1.162,0.0,0.0,-1.603,0.16,1.161,0.171,1.2501940192298662,Q701S
-1.544,1.275,-0.268,0.004,0.008,-0.057,-0.203,0.0,0.0,0.0,0.0,0.0,0.0,-0.072,-0.087,1.441,-0.017,0.482281493643427,S698T
6.271,-6.743,0.836,-0.022,-0.034,0.957,0.755,0.0,0.0,0.0,0.03,0.0,-0.021,0.359,1.052,-1.845,1.388,2.983023777369453,V700G
-15.124,50.0,0.136,0.044,0.2,-0.386,0.761,0.0,0.0,0.0,0.0,0.018,0.217,3.074,2.332,1.505,2.942,50.0,G699I
2.975,-2.813,7.352,-0.016,0.003,1.191,-3.524,0.0,0.0,0.0,0.03,-1.446,0.041,1.573,0.585,-5.368,0.435,1.020391849940097,V700E
0.158,-0.478,-2.959,0.011,0.034,-0.18,0.812,0.0,0.0,0.0,0.511,0.0,0.0,-0.691,-0.112,3.711,-0.165,0.6553727959983462,Q701W
4.098,2.022,1.675,-0.001,-0.294,1.667,0.217,0.0,0.0,0.0,0.03,0.037,0.041,2.962,0.032,-2.061,0.125,10.550276948736496,V700Y
8.096,-5.973,3.87,-0.016,-0.052,0.777,-0.422,0.0,0.0,0.0,0.03,0.037,0.041,1.651,1.321,-4.789,0.938,5.510434580665788,V700D
3.89,-3.565,1.896,-0.009,-0.162,1.406,0.791,0.0,0.0,0.0,0.03,0.0,0.041,1.206,0.279,-2.738,0.256,3.3216655197350065,V700R
4.506,-2.599,2.764,-0.019,-0.219,1.05,0.512,0.0,0.0,0.0,0.03,0.0,0.041,0.43,0.962,-3.983,0.784,4.258910088558082,V700N
0.0,0.0,0.0,0.0,0.0,0.0,0.0,0.0,0.0,0.0,0.0,0.0,0.0,0.0,0.0,0.0,0.0,0.0,G699G
-0.877,-1.181,1.921,0.002,-0.023,0.699,0.254,0.0,0.0,0.0,0.03,0.0,0.041,-0.259,0.475,-0.982,0.392,0.4932267193544248,V700L
2.019,0.666,-4.428,0.01,-0.169,-0.387,0.869,0.0,0.0,0.0,1.162,0.0,0.011,-2.601,-0.389,4.093,-0.097,0.7605581325941557,Q701V
4.184,-0.878,-3.597,-0.001,-0.082,-0.278,0.918,0.0,0.0,0.0,1.162,0.0,0.0,-1.005,-0.029,0.736,-0.099,1.030060707913094,Q701K
-8.151,49.85063533951744,0.815,0.005,0.134,-0.319,0.244,19.601,0.0,0.0,0.0,0.018,0.244,0.701,1.329,-2.442,2.223,49.91598564343892,G699P
-4.95,49.83308996242785,4.969,0.002,0.067,-0.339,0.212,0.0,0.0,0.0,0.0,0.018,0.068,2.57,0.979,-1.088,1.026,49.8550659968972,G699S
2.43,-0.23,-3.755,0.001,-0.158,-0.461,0.471,0.0,0.0,0.0,1.162,0.0,0.0,-2.583,0.076,2.602,0.047,-0.3962732309302055,Q701T
3.709,-0.399,-3.038,-0.002,0.037,-0.53,0.631,0.0,0.0,0.0,1.162,0.0,0.0,0.092,-0.537,0.11,-0.064,1.1702065641942454,Q701N
7.943,-7.788,2.901,-0.028,-0.353,1.189,0.634,0.0,0.0,0.0,0.03,0.0,0.041,0.067,0.277,-2.933,0.369,2.350445279505152,V700S
-21.822,49.9999994773061,5.791,0.093,0.392,-0.909,0.509,0.0,0.0,0.0,-0.044,0.037,0.068,8.406,1.706,-0.216,2.162,49.99999939076159,G699Y
-12.073,49.99406429322952,10.21,0.091,1.167,-0.892,-1.096,0.0,0.0,0.0,0.0,0.018,0.068,10.196,1.851,-3.523,2.184,49.99572425326491,G699E
-12.811,49.99738783509515,5.993,0.092,1.296,-0.911,3.595,0.0,0.0,0.0,0.136,0.037,0.068,9.891,1.783,-2.25,2.422,49.99820223335122,G699Q
8.757,-6.876,-1.365,-0.028,-0.435,1.657,1.076,0.0,0.0,0.0,0.03,0.0,0.041,-0.755,0.678,-1.319,0.784,2.246929115424109,V700A
5.001,-5.669,2.106,-0.004,-0.24,1.842,0.05,0.0,0.0,0.0,0.03,0.037,0.041,1.563,0.261,-0.382,0.658,5.294418064529396,V700W
-23.666,50.0,11.186,0.086,-0.332,-0.982,-0.114,0.0,0.0,0.0,-0.504,0.037,0.068,6.237,1.84,1.462,3.436,50.0,G699W
0.0,0.0,0.0,0.0,0.0,0.0,0.0,0.0,0.0,0.0,0.0,0.0,0.0,0.0,0.0,0.0,0.0,0.0,Q701Q
2.621,-0.856,-3.345,0.014,0.017,0.025,0.35,0.0,0.0,0.0,1.162,0.0,0.0,0.457,-0.075,2.033,-0.191,2.211690986094027,Q701Y
-1.221,-2.54,7.023,-0.01,0.112,-0.362,-0.242,0.0,0.0,0.0,0.03,0.0,0.041,2.449,0.461,-4.094,0.248,1.896085348490601,V700Q
0.0,0.0,0.0,0.0,0.0,0.0,0.0,0.0,0.0,0.0,0.0,0.0,0.0,0.0,0.0,0.0,0.0,0.0,V700V
-8.449,49.99887061394485,0.746,0.003,0.056,-0.426,0.341,0.0,0.0,0.0,0.0,0.018,0.068,0.717,1.611,2.456,2.249,49.99884272207106,G699C
-16.834,49.99999999278735,9.618,0.056,0.649,-2.087,1.952,0.0,0.0,0.0,0.136,0.037,0.068,6.963,1.459,-1.099,1.953,49.99999999357023,G699H
-11.073,49.99999992756889,8.488,0.004,0.264,-1.306,0.582,0.0,0.0,0.0,0.0,0.018,0.068,3.728,0.607,-2.139,0.567,49.99999992700994,G699N
-8.665,49.99999172101264,3.539,0.004,0.112,-0.48,-0.661,0.0,0.0,0.0,0.0,0.018,0.068,3.326,0.85,0.353,1.112,49.99999157949233,G699T
-21.934,49.99999801106221,13.62,0.04,0.55,-0.34,5.85,0.0,0.0,0.0,2.594,-0.116,0.068,6.448,1.698,-0.893,2.364,49.99999866411219,G699R
-2.592,44.22659261292993,-1.771,0.029,0.023,-0.076,-0.312,0.0,0.0,0.0,0.0,0.0,0.063,4.723,-0.682,0.526,-0.717,44.05313049027914,G702A
-7.665,49.94016881734774,8.77,0.011,0.843,0.691,0.016,0.0,0.0,0.0,0.03,0.0,0.063,9.577,-1.176,-2.944,-1.193,49.954816402812696,G702D
7.107,-6.787,2.4,-0.008,-0.253,1.125,0.289,0.0,0.0,0.0,0.03,0.037,0.041,1.29,0.468,-3.358,0.27,2.652258703360644,V700K
-9.894,49.99996916900745,1.513,0.032,0.059,-0.015,1.452,38.97862889063075,0.0,0.988,0.0,0.0,0.016,4.861,1.831,-2.442,0.711,49.99999604315533,G702P
-13.326,49.999999999690615,-0.444,0.028,0.207,0.255,0.728,0.0,0.0,0.0,0.299,0.531,0.063,12.194,-1.236,0.863,-1.062,49.999999999679275,G702L
-17.607,49.999999999731806,-1.208,0.082,0.416,-0.447,-0.353,0.0,0.0,0.0,0.269,0.531,0.063,15.015,-0.918,0.42,-0.765,49.999999999678906,G702F
-14.328,49.99999074540069,7.957,0.03,1.237,0.937,1.215,0.0,0.0,0.0,0.299,0.531,0.063,13.536,-1.081,-2.25,-0.996,49.99999304752152,G702Q
-4.209,44.04913068308518,4.519,0.03,0.072,-0.307,-1.433,0.0,0.0,0.0,0.0,0.0,0.063,5.621,-0.7,-1.088,-0.698,44.45435762269286,G702S
-15.607,49.99999998016603,7.635,0.018,0.901,0.287,0.8,0.0,0.0,0.0,0.299,0.531,0.063,13.594,-1.055,-1.099,-0.724,49.999999984174146,G702H
-11.636,49.99999095618903,9.042,0.016,0.365,-0.438,-1.592,0.0,0.0,0.0,0.269,0.531,0.063,12.18,-1.109,-3.523,-1.037,49.99999202052058,G702E
-13.102,49.99999999968368,-3.057,0.043,0.145,0.178,-0.762,0.0,0.0,0.0,0.03,0.0,-0.053,7.067,-1.192,1.505,-0.893,49.99999999952639,G702I
-10.553,49.98385639467927,6.498,0.017,0.787,0.219,0.863,0.0,0.0,0.0,0.299,0.531,0.063,13.665,-0.806,-2.139,-0.728,49.988607989841086,G702N
-9.044,49.97635837284512,3.355,0.022,0.072,-0.303,-0.13,0.0,0.0,0.0,0.269,0.531,0.063,9.652,-0.978,0.353,-0.843,49.97904571700378,G702T
-10.012,49.999999999999304,-2.577,0.032,0.031,0.307,0.438,0.0,0.0,0.0,0.03,0.0,-0.053,5.54,-1.113,1.844,-0.914,49.999999999999105,G702V
0.0,0.0,0.0,0.0,0.0,0.0,0.0,0.0,0.0,0.0,0.0,0.0,0.0,0.0,0.0,0.0,0.0,0.0,G702G
-20.234,49.99999998778291,11.593,0.02,0.448,0.663,0.962,0.0,0.0,0.0,0.269,0.531,0.063,10.465,-1.056,-0.893,-1.002,49.99999998864479,G702R
-15.686,49.999999949213226,11.346,0.055,0.389,-0.182,0.949,0.0,0.0,0.0,0.269,0.531,0.063,12.745,-1.094,-1.513,-1.111,49.999999961248335,G702K
-16.075,49.99995449235705,1.854,0.033,0.427,-0.11,-0.109,0.0,0.0,0.0,1.461,-0.407,0.063,16.103,-0.872,0.859,-0.677,49.99995890564241,G702M
-6.786,49.31044529528175,-0.378,0.01,0.029,0.387,-0.015,0.0,0.0,0.0,0.03,0.0,0.063,6.375,-0.714,2.456,-0.2,49.34405062930903,G702C
-19.889,49.99999999999999,4.549,0.044,0.434,0.224,-0.472,0.0,0.0,0.0,0.299,0.531,0.063,14.116,-1.014,-0.216,-0.888,49.999999999999986,G702Y
-25.351,49.999999999997904,0.699,0.057,0.574,0.389,0.507,0.0,0.0,0.0,0.299,0.531,0.063,13.758,-0.862,1.462,-0.561,49.99999999999707,G702W
1.98,0.052,-0.752,-0.009,-0.174,0.02,-0.529,0.0,0.0,0.0,0.0,0.0,0.0,-1.17,0.338,-0.195,0.229,-0.2101117938053676,R704S
2.27,0.121,-3.283,-0.011,-0.228,0.272,-0.091,0.0,0.0,0.0,0.0,0.0,0.0,-1.679,0.312,1.419,0.428,-0.4695757277459051,R704A
2.882,-0.004,-4.095,-0.002,-0.696,0.429,1.415,0.0,0.0,0.0,0.0,0.0,0.0,-0.939,0.739,3.001,0.839,3.56950196300204,N706L
0.262,0.483,-3.007,0.008,-0.641,0.322,1.29,0.0,0.0,0.0,0.0,0.0,-0.025,-1.145,1.607,3.644,1.569,4.367928490836675,N706I
4.204,-0.821,-2.992,-0.012,-0.228,0.413,-0.078,0.0,0.0,0.0,0.0,0.0,0.362,-1.679,0.948,0.892,1.69,2.700567757550857,R704G
0.217,0.121,-0.07,-0.003,-0.094,0.227,0.594,0.0,0.0,0.0,0.0,0.0,0.0,-0.34,0.132,-0.62,-0.014,0.1487204154868777,R704K
0.0,0.0,0.0,0.0,0.0,0.0,0.0,0.0,0.0,0.0,0.0,0.0,0.0,0.0,0.0,0.0,0.0,0.0,I707I
0.999,-0.371,-0.1,-0.018,0.029,0.18,0.077,0.0,0.0,0.0,0.0,0.0,-0.074,1.377,-0.156,-1.086,0.035,0.8935234072602043,I707F
-3.428,49.99994762443215,-0.83,-0.007,-0.093,0.656,1.346,21.337,0.0,0.9,0.0,0.0,0.145,-1.553,2.819,-1.549,2.965,49.9999788819218,R704P
1.007,-0.37,0.071,-0.023,-0.097,0.169,0.03,0.0,0.0,0.0,0.0,0.0,-0.074,-0.084,-0.416,-0.647,-0.049,-0.4818542463955282,I707M
0.386,0.196,0.588,-0.007,0.178,0.167,-0.114,0.0,0.0,0.0,0.0,0.0,0.0,1.111,0.396,-1.246,0.269,1.9249103355761008,R704N
-0.416,0.042,0.35,-0.008,0.086,0.047,-0.172,0.0,0.0,0.0,0.0,0.0,0.0,0.517,0.026,-0.206,0.16,0.4254003114702982,R704H
1.16,1.934,-3.708,-0.006,-0.671,0.292,-0.337,0.0,0.0,0.0,-0.819,0.0,0.0,0.666,-0.097,2.492,0.362,1.2685643974500636,N706T
-1.953,16.252,-0.82,0.025,-0.291,0.489,-0.311,0.0,0.0,0.0,0.15,0.0,0.175,1.875,-0.605,2.398,-0.182,17.202304177696192,R704I
-1.481,25.92,-2.629,0.014,-0.157,-0.011,-0.08,0.0,0.0,0.0,0.0,0.0,0.175,0.185,-0.563,2.737,-0.139,23.9709184988086,R704V
-3.105,0.263,0.414,0.016,-0.199,0.429,-0.179,0.0,0.0,0.0,0.15,0.0,0.0,2.22,-0.089,2.355,0.273,2.54663604871962,R704W
-1.11,0.747,-0.793,0.01,-0.177,0.096,0.032,0.0,0.0,0.0,0.0,0.0,0.0,0.93,-0.251,1.313,-0.145,0.6510407692554736,R704F
2.857,0.044,-4.129,0.002,-0.525,0.42,1.528,0.0,0.0,0.0,0.0,0.0,0.0,0.852,0.912,2.558,1.09,5.609958880895078,N706F
0.106,0.102,0.043,-0.004,-0.04,-0.007,-0.407,0.0,0.0,0.0,0.0,0.0,0.0,1.045,0.135,-1.357,-0.069,-0.4515969105115118,R704Q
1.297,0.317,-4.582,-0.001,-0.695,0.306,1.278,0.0,0.0,0.0,0.0,0.0,-0.025,-1.026,1.322,3.982,1.485,3.6592387687773,N706V
0.308,0.101,0.79,-0.004,0.076,-0.01,-0.507,0.0,0.0,0.0,0.0,0.0,0.0,1.018,0.134,-2.63,0.087,-0.6392557366176561,R704E
1.175,-0.417,1.586,-0.007,0.3,-0.354,-2.48,0.0,0.0,0.0,1.162,-0.45,0.0,2.377,0.556,-2.051,0.4,1.7973843346504736,R704D
0.945,-0.37,0.317,-0.035,0.205,0.211,-0.435,0.0,0.0,0.0,0.0,0.0,-0.074,1.361,-0.205,-2.605,-0.059,-0.7445405695510772,I707H
0.997,-0.036,-1.676,-0.009,-0.198,0.139,-0.294,0.0,0.0,0.0,0.0,0.0,0.0,-0.831,0.104,3.349,0.124,1.6688388135362402,R704C
-0.63,0.416,-1.193,0.005,-0.161,0.304,0.065,0.0,0.0,0.0,0.0,0.0,0.0,-0.607,-0.393,1.756,-0.109,-0.5487184807697076,R704L
1.649,0.098,-4.132,-0.008,-0.606,0.473,1.543,0.0,0.0,0.0,0.0,0.0,0.0,0.753,0.856,2.997,0.926,4.548554520624066,N706M
0.371,0.027,1.245,-0.003,-0.176,0.557,-1.414,0.0,0.0,0.0,0.0,0.0,0.0,-1.519,-0.139,1.246,0.187,0.3826533059532266,R704T
-0.365,0.409,-0.659,-0.002,-0.166,0.369,-0.141,0.0,0.0,0.0,0.0,0.0,0.0,-0.357,0.023,1.752,-0.013,0.8501345319423308,R704M
9.55,-9.2,-1.465,-0.002,-0.045,0.454,-0.135,0.0,0.0,0.0,-0.378,-0.145,0.0,-0.621,-0.464,-0.333,-0.141,-2.925439535115516,M703A
0.999,0.157,-3.884,-0.016,-0.698,0.414,0.556,0.0,0.0,0.0,0.0,0.0,0.0,-0.609,0.642,4.595,0.659,2.814556019276438,N706C
3.523,-0.015,-4.724,-0.018,-0.736,0.477,1.303,0.0,0.0,0.0,0.0,0.0,0.0,-1.026,0.771,2.664,0.841,3.061840594151704,N706A
0.0,0.0,0.0,0.0,0.0,0.0,0.0,0.0,0.0,0.0,0.0,0.0,0.0,0.0,0.0,0.0,0.0,0.0,R704R
1.874,2.55,-1.865,0.037,0.199,0.484,-0.387,0.0,0.0,0.0,-0.378,-0.145,0.0,0.699,0.634,0.004,0.582,4.289768254939759,M703L
2.913,0.024,-3.221,-0.012,-0.161,0.265,0.005,0.0,0.0,0.0,0.0,0.0,0.0,1.652,0.795,-1.385,0.931,1.80734673654149,N706E
-1.165,1.114,-0.758,0.01,-0.138,0.072,0.006,0.0,0.0,0.0,0.0,0.0,0.0,0.741,-0.203,0.676,-0.114,0.2412108514163264,R704Y
0.651,0.101,2.218,-0.015,0.112,0.148,-2.661,0.0,0.0,0.0,0.0,0.0,0.0,0.322,-0.128,-0.806,-0.191,-0.2486225375317872,N706D
-0.079,-0.274,0.454,-0.035,-0.158,0.063,-0.659,0.0,0.0,0.0,0.0,0.0,-0.074,-0.278,0.055,0.951,-0.031,-0.0643515658200613,I707C
1.153,-0.37,0.065,-0.033,0.087,0.176,-0.019,0.0,0.0,0.0,0.0,0.0,-0.074,1.719,-0.552,-5.029,-0.363,-3.2382966447556782,I707E
1.16,-0.37,0.049,-0.032,-0.005,0.177,0.077,0.0,0.0,0.0,0.0,0.0,-0.074,1.389,-0.437,-3.755,-0.185,-2.005540560408462,I707Q
0.984,3.147,-3.711,-0.015,-0.633,0.527,1.34,0.568,0.0,0.0,0.0,0.0,0.58,-0.999,-0.127,-0.303,2.124,3.481300293111872,N706P
-0.552,-0.101,3.749,-0.025,0.142,0.637,-5.25,0.0,0.0,0.0,0.0,-1.309,-0.074,1.602,-0.262,-3.019,-0.313,-4.773737522314718,I707K
4.366,-0.147,-4.5,-0.03,-0.797,0.506,1.079,0.0,0.0,0.0,0.0,0.0,0.129,-1.022,-0.245,2.138,0.023,1.501803063922921,N706G
3.02,0.032,-3.881,-0.015,-0.385,0.373,1.469,0.0,0.0,0.0,0.0,0.0,0.0,1.068,0.573,1.039,0.729,4.021900306994553,N706H
1.682,-0.371,-0.22,-0.038,-0.189,0.31,0.187,0.0,0.0,0.0,0.0,0.0,-0.073,-1.06,0.349,-1.506,0.365,-0.562575873539231,I707G
5.993,-8.973,5.489,0.007,0.982,0.158,-2.16,0.0,0.0,0.0,-0.378,-0.145,0.0,3.677,0.506,-3.804,0.399,1.7522555048597042,M703D
0.0,0.0,0.0,0.0,0.0,0.0,0.0,0.0,0.0,0.0,0.0,0.0,0.0,0.0,0.0,0.0,0.0,0.0,N706N
3.208,0.021,-4.008,-0.013,-0.562,0.447,1.398,0.0,0.0,0.0,0.0,0.0,0.0,1.417,0.759,-0.111,0.99,3.546608957210537,N706Q
0.959,-0.367,1.108,-0.036,-0.137,0.202,-0.73,0.0,0.0,0.0,0.0,0.0,-0.074,-0.911,-0.188,-2.594,-0.296,-3.0640504784761333,I707S
1.112,-0.371,0.409,-0.034,0.12,0.156,-0.313,0.0,0.0,0.0,0.0,0.0,-0.074,0.579,-0.283,-4.45,-0.119,-3.26641051102024,I707D
3.068,-0.073,-2.589,-0.017,-0.676,0.371,0.206,0.0,0.0,0.0,0.0,0.0,0.0,-0.897,-0.033,1.05,0.318,0.7287118738985328,N706S
1.359,-0.37,-0.31,-0.038,-0.201,0.179,0.065,0.0,0.0,0.0,0.0,0.0,-0.074,-0.883,-0.286,-0.98,-0.396,-1.933685235818416,I707A
11.551,-10.206,-0.297,-0.003,-0.045,0.547,-0.071,0.0,0.0,0.0,-0.378,-0.145,-0.035,-0.621,0.471,-0.86,1.012,0.9210428944560364,M703G
3.214,0.02,-4.009,-0.012,-0.628,0.458,1.432,0.0,0.0,0.0,0.0,0.0,0.0,-0.26,0.828,0.625,0.894,2.5631680283141804,N706K
2.82,0.034,-3.863,0.002,-0.517,0.33,1.273,0.0,0.0,0.0,0.0,0.0,0.0,0.791,0.853,1.922,1.109,4.7549090615258365,N706Y
1.079,-0.371,-0.086,-0.016,0.039,0.179,0.087,0.0,0.0,0.0,0.0,0.0,-0.074,1.307,-0.158,-1.722,-0.02,0.2460544922604413,I707Y
1.045,-6.258,-1.068,0.022,0.023,0.377,-0.328,0.0,0.0,0.0,-0.378,-0.145,-0.045,0.461,0.419,0.646,0.22,-5.008670082368553,M703I
6.528,-8.471,-0.888,0.0,0.003,0.404,-0.559,0.0,0.0,0.0,-0.378,-0.145,0.0,-0.126,0.135,1.597,-0.099,-1.9984384687541024,M703C
0.73,-0.369,0.971,-0.032,-0.13,0.193,-0.976,0.0,0.0,0.0,0.0,0.0,-0.074,-0.959,-0.053,-1.152,0.108,-1.7419955643654248,I707T
2.695,0.042,-3.937,-0.001,-0.5,0.507,1.532,0.0,0.0,0.0,0.0,0.0,0.0,0.757,0.939,3.601,1.462,7.097970451762535,N706W
1.05,-0.37,-0.021,-0.019,-0.115,0.173,0.04,0.0,0.0,0.0,0.0,0.0,-0.074,-0.779,-0.497,-0.643,-0.098,-1.352340820141876,I707L
-0.196,36.777,-0.629,-0.036,-0.161,0.038,0.006,1.044,0.0,0.0,0.0,0.0,-0.092,0.0,0.128,-3.947,2.252,35.185689401682794,I707P
1.119,-0.37,0.126,-0.027,0.021,0.248,0.207,0.0,0.0,0.0,0.0,0.0,-0.074,0.263,-0.397,-2.399,-0.217,-1.5009687426397704,I707R
-0.778,0.019,-1.355,0.0,0.1,0.131,0.546,0.0,0.0,0.0,0.0,0.0,0.0,-0.427,0.121,1.845,0.059,0.2638611039785701,D708H
-0.101,0.083,-0.213,-0.021,-0.163,-0.005,-0.09,0.0,0.0,0.0,0.0,0.0,0.0,-0.323,0.048,0.338,-0.004,-0.4493807040310003,I707V
0.995,-0.37,-0.052,-0.02,0.08,0.161,0.155,0.0,0.0,0.0,0.0,0.0,-0.074,0.599,-0.247,-0.043,-0.167,1.0166607947377315,I707W
1.08,-0.371,0.187,-0.031,0.074,0.101,0.04,0.0,0.0,0.0,0.0,0.0,-0.074,0.275,-0.209,-3.644,0.132,-2.437946868461154,I707N
1.918,0.042,-1.913,0.005,-0.062,0.385,-0.108,0.0,0.0,0.0,0.0,-0.932,0.0,1.862,0.748,1.245,0.939,4.130026484551195,N706R
8.731,-9.597,1.681,-0.001,0.035,0.28,-0.664,0.0,0.0,0.0,-0.378,-0.145,0.0,-0.362,-0.413,-1.948,-0.358,-3.137484480313333,M703S
2.238,-0.035,-2.444,-0.005,-0.327,0.51,0.716,0.0,0.0,0.0,0.0,0.0,-0.036,-2.138,0.616,2.943,0.522,2.562636446446959,D708G
5.41,33.82,-1.148,0.004,0.075,0.596,0.042,49.7934674548133,0.0,1.021,-0.378,-0.145,0.033,-0.271,7.082,-3.301,17.989,49.98184039889589,M703P
3.637,-8.097,6.109,0.001,0.306,0.238,0.875,0.0,0.0,0.0,-0.378,-0.145,0.0,2.821,0.377,-2.998,0.175,2.9216343650596173,M703N
-11.129,49.95002985941841,2.435,0.011,0.572,-0.805,-1.197,0.0,0.0,0.0,-0.378,-0.145,0.0,1.035,-0.203,0.603,0.108,49.92812613362089,M703W
1.015,-0.014,-2.678,-0.003,-0.327,0.457,0.72,0.0,0.0,0.0,0.0,0.0,0.0,-2.138,0.257,3.47,0.018,0.7785883321388383,D708A
-0.177,0.073,-1.072,0.003,-0.18,0.236,0.982,0.0,0.0,0.0,0.0,0.0,0.0,-1.332,0.142,1.431,0.084,0.1910671294158419,D708K
0.0,0.0,0.0,0.0,0.0,0.0,0.0,0.0,0.0,0.0,0.0,0.0,0.0,0.0,0.0,0.0,0.0,0.0,F705F
9.568,-9.245,-0.098,-0.03,-0.423,0.602,0.013,0.0,0.0,0.0,-0.378,-0.145,0.0,-1.905,-0.14,-1.508,-0.143,-3.830880421855454,F705S
7.254,33.75,-8.072,-0.005,-0.137,1.069,9.843,0.0,0.0,0.0,2.027,2.437,0.0,2.74,1.249,0.443,1.233,39.59775529147027,F705L
11.952,-9.968,-3.259,-0.031,-0.494,0.701,1.004,0.0,0.0,0.0,-0.378,-0.145,-0.29,-1.962,0.119,-0.421,0.728,-2.444245372896376,F705G
-3.431,48.35603031319326,-1.023,0.03,0.429,0.731,-0.697,0.0,0.0,0.0,-0.298,-0.133,0.0,2.13,-0.276,-0.44,-0.328,48.1282213348307,M703F
4.045,2.53,5.406,-0.018,1.151,0.616,0.063,0.0,0.0,0.0,-0.378,-0.145,0.0,2.034,0.646,-3.943,0.508,12.514973226425012,F705E
-0.799,3.921,10.471,-0.012,-0.018,0.232,2.129,0.0,0.0,0.0,0.269,0.517,0.0,2.481,0.666,-1.933,0.468,18.392517579356536,F705K
-0.182,-7.985,7.913,0.004,0.098,0.431,-1.915,0.0,0.0,0.0,-1.183,-0.145,0.0,3.045,0.038,-3.109,-0.046,-3.0354320591513897,M703Q
3.114,-7.687,7.198,0.007,0.412,0.331,-2.124,0.0,0.0,0.0,-0.378,-0.145,0.0,1.945,0.05,-4.382,-0.044,-1.702286011267006,M703E
7.286,-8.522,-1.926,-0.029,-0.453,0.71,0.272,0.0,0.0,0.0,-0.378,-0.145,0.0,-1.551,0.215,2.036,-0.063,-2.5465299884575643,F705C
0.0,0.0,0.0,0.0,0.0,0.0,0.0,0.0,0.0,0.0,0.0,0.0,0.0,0.0,0.0,0.0,0.0,0.0,M703M
-8.162,44.76106308994156,3.13,-0.008,0.189,-0.538,0.106,0.0,0.0,0.0,0.269,0.517,0.0,1.117,0.036,1.042,0.409,44.37228742773196,F705W
10.192,-9.335,-3.215,-0.03,-0.494,0.89,0.735,0.0,0.0,0.0,-0.378,-0.145,0.0,-1.962,-0.089,0.106,0.169,-3.5557769156939685,F705A
-0.187,0.086,-0.321,0.002,-0.001,0.008,-0.311,0.0,0.0,0.0,0.0,0.0,0.0,0.281,0.124,-0.579,0.045,-0.8520864293966497,D708E
-0.859,0.008,-2.346,0.019,-0.078,0.261,0.626,0.0,0.0,0.0,0.0,0.0,0.0,-0.132,0.308,3.364,0.242,1.4150692094412989,D708F
7.055,-8.193,3.978,-0.024,0.45,0.203,0.792,0.0,0.0,0.0,-0.378,-0.145,0.0,1.436,0.546,-3.365,0.474,2.8298231187825422,F705D
-0.604,40.361040156203536,4.292,-0.002,0.813,0.122,-0.904,0.0,0.0,0.0,-0.298,-0.133,0.0,0.834,-0.253,-1.958,-0.291,40.910912634153476,M703H
1.526,0.448,-5.603,0.001,-0.811,0.85,1.952,0.0,0.0,0.0,0.0,0.0,0.027,0.133,0.773,4.788,0.568,4.65358351709142,D708V
0.098,18.367,7.488,-0.005,1.326,0.115,-0.313,0.0,0.0,0.0,-1.03,-0.145,0.0,1.242,0.322,-1.314,0.182,26.33471970767244,F705R
-0.619,0.074,-1.748,0.015,-0.231,0.178,0.796,0.0,0.0,0.0,0.0,0.0,0.0,-2.107,0.083,3.807,0.055,0.3041892094950071,D708L
4.35,-7.877,-2.279,0.016,0.017,0.641,-0.204,0.0,0.0,0.0,-0.378,-0.145,-0.045,-0.206,0.314,0.985,0.018,-4.792677288016421,M703V
-0.957,0.012,-2.277,0.018,-0.063,0.232,0.621,0.0,0.0,0.0,0.0,0.0,0.0,-0.227,0.286,2.727,0.241,0.6160543957922755,D708Y
-0.272,0.101,-0.778,0.003,-0.034,-0.042,0.602,0.0,0.0,0.0,0.0,0.0,0.0,-0.772,0.172,0.805,0.092,-0.1234034855663139,D708N
-1.005,0.083,-1.734,0.015,-0.025,0.187,0.749,0.0,0.0,0.0,0.0,0.0,0.0,-0.578,0.221,4.406,0.058,2.3781039133862123,D708W
0.797,0.747,-4.299,0.011,-0.744,1.175,2.101,0.0,0.0,0.0,0.0,0.0,0.027,0.233,0.857,4.449,0.563,5.918825758978528,D708I
0.023,0.017,-1.814,-0.002,-0.312,0.34,0.58,0.0,0.0,0.0,0.0,0.0,0.0,-1.861,0.418,5.4,0.077,2.869420054528973,D708C
0.0,0.0,0.0,0.0,0.0,0.0,0.0,0.0,0.0,0.0,0.0,0.0,0.0,0.0,0.0,0.0,0.0,0.0,D708D
-5.291,49.71769770925073,3.812,0.015,0.39,1.174,-0.104,0.0,0.0,0.0,-0.298,-0.133,0.0,0.666,-0.169,-1.076,-0.325,49.7022234876954,M703Y
1.064,47.229,-4.422,-0.021,-0.918,0.573,1.795,0.295,0.0,0.0,0.0,0.0,0.03,0.601,0.42,0.502,11.47,41.251777778280015,D708P
-2.449,0.081,13.245,0.006,0.269,1.046,-1.735,0.0,0.0,0.0,0.066,-0.145,0.0,3.679,0.173,-2.372,-0.015,11.852623573039068,M703K
-0.215,0.057,-0.947,0.007,-0.099,0.21,1.083,0.0,0.0,0.0,0.0,0.0,0.0,-0.755,0.179,2.051,0.068,1.6395279475963207,D708R
-0.535,0.257,0.43,0.002,-0.256,0.508,-0.498,0.0,0.0,0.0,0.0,-1.009,0.0,-2.131,0.082,3.297,0.115,0.2650291636326756,D708T
7.1,-5.442,-1.355,-0.027,-0.371,0.853,0.324,49.97814593598303,0.0,0.0,-0.378,-0.145,-0.349,-1.612,7.109,-2.862,11.106,49.987491341578114,F705P
6.374,-9.01,1.247,0.01,0.035,0.164,-0.466,0.0,0.0,0.0,-0.378,-0.145,0.0,-0.449,0.025,-0.506,-0.186,-3.2847308715578265,M703T
-1.66,5.673,4.382,0.012,-0.033,0.086,-0.553,0.0,0.0,0.0,0.0,0.0,0.0,0.053,0.069,-0.637,0.001,7.393625534394346,F705Y
-0.681,0.08,-1.24,0.01,-0.214,0.192,0.796,0.0,0.0,0.0,0.0,0.0,0.0,-1.336,0.329,3.803,0.089,1.8289367442797584,D708M
-6.683,39.88980308619881,12.857,0.012,0.731,0.097,0.565,0.0,0.0,0.0,-0.378,-0.145,0.0,4.19,-0.069,-1.753,-0.198,42.784597877153594,M703R
-0.311,0.082,-0.65,0.003,-0.081,0.141,0.01,0.0,0.0,0.0,0.0,0.0,0.0,0.391,0.046,0.694,-0.013,0.3124959136785037,D708Q
9.842,46.207493122361036,-7.693,-0.017,-0.066,2.321,2.097,0.0,0.0,0.0,0.433,0.976,-0.072,-0.882,1.509,1.424,1.199,47.53073604067212,F705V
3.047,46.83262253566057,-0.926,0.0,-0.398,1.248,1.903,0.0,0.0,0.0,0.335,0.539,-0.072,0.33,1.48,1.085,1.381,47.850430745096276,F705I
0.371,0.06,0.766,-0.002,-0.264,0.803,-0.452,0.0,0.0,0.0,0.0,-1.273,0.0,-1.946,-0.05,1.856,-0.064,-0.1939516521383666,D708S
7.118,-4.448,0.771,-0.019,-0.42,0.98,-1.224,0.0,0.0,0.0,-0.378,-1.017,0.0,-1.951,0.684,-0.067,0.503,0.5327328110574854,F705T
1.802,8.156,-0.271,-0.016,-0.278,0.192,0.686,0.0,0.0,0.0,0.0,0.0,0.0,0.159,0.552,0.439,0.579,12.00134165540021,F705M
3.332,-2.077,4.482,-0.001,0.848,0.237,0.002,0.0,0.0,0.0,0.0,0.0,0.0,1.629,0.553,-2.67,0.483,6.819116192393608,F705Q
6.42,-7.743,2.911,-0.022,0.187,-0.213,1.04,0.0,0.0,0.0,0.0,0.0,0.0,-1.109,0.639,-2.559,0.333,-0.1151016573180641,F705N
1.478,2.049,3.724,-0.029,0.512,0.655,-0.722,0.0,0.0,0.0,-0.378,-0.145,0.0,-0.79,0.117,-1.519,0.103,5.052716707039167,F705H
-0.527,31.918,-1.233,-0.008,0.432,-0.765,2.04,0.0,0.0,0.0,0.859,0.0,0.0,1.549,-0.252,-0.206,-0.17,33.63697440838257,R710H
1.972,-0.05,-6.371,0.021,-0.464,0.909,2.222,0.0,0.0,0.0,0.859,-0.675,0.0,0.12,0.676,1.756,0.963,1.937912829069092,R710L
-0.695,43.17724379027282,-12.324,-0.01,0.014,0.779,10.841,0.0,0.0,0.0,1.381,2.437,0.0,3.269,0.225,3.803,0.38,45.33948243793684,D709M
4.751,-3.886,-15.042,-0.009,-0.336,1.679,9.761,0.0,0.0,0.0,1.671,2.043,0.0,1.706,0.052,5.4,0.319,8.10988564830518,D709C
-2.778,8.302,9.254,-0.011,0.172,-0.013,0.355,0.0,0.0,0.0,0.0,0.0,0.0,3.85,0.145,-1.963,0.112,17.426460549690432,L711H
-0.52,26.409,-4.647,0.006,-0.189,0.859,1.355,0.0,0.0,0.0,0.859,-0.641,0.0,0.899,-0.073,0.676,-0.082,24.91057010031864,R710Y
4.076,0.113,-7.649,-0.02,0.742,0.794,7.749,0.0,0.0,0.0,2.027,2.437,0.0,6.211,0.183,-0.579,0.411,16.494407770054295,D709E
1.783,0.338,-2.137,-0.014,-0.501,0.519,-0.042,0.0,0.0,0.0,0.0,0.0,0.0,-1.014,0.076,3.349,-0.03,2.328074354018895,R710C
4.199,-5.324,-13.628,-0.014,-0.409,-0.548,11.149,0.0,0.0,0.0,2.027,1.389,0.0,0.615,0.338,3.47,0.572,3.8376473779059097,D709A
4.534,16.074,-11.694,0.005,-0.298,2.11,9.161,0.0,0.0,0.0,1.025,2.043,0.0,2.562,-0.578,3.297,-0.163,28.07965003126526,D709T
-0.981,49.999999999862574,-15.502,0.065,-0.154,1.904,10.594,0.0,0.0,0.0,1.025,2.043,0.03,4.326,0.545,4.449,0.855,49.99999999990489,D709I
-2.056,3.306,-3.647,0.003,-0.052,-0.448,7.908,0.0,0.0,0.0,-0.026,0.42,0.0,-0.356,-0.036,0.805,0.062,5.886805572152412,D709N
0.0,0.0,0.0,0.0,0.0,0.0,0.0,0.0,0.0,0.0,0.0,0.0,0.0,0.0,0.0,0.0,0.0,0.0,D709D
1.697,49.9999663383096,-13.558,-0.012,-0.818,-0.228,14.345,17.004,1.077,0.0,2.027,1.389,0.111,4.751,0.731,0.502,12.083,49.99999349697069,D709P
3.025,-4.893,-6.745,-0.009,-0.391,-0.34,9.676,0.0,0.0,0.0,2.027,0.552,0.0,1.838,-0.252,1.856,0.018,6.36308969956292,D709S
7.079,-8.672,-12.392,-0.017,-0.459,-0.663,11.122,0.0,0.0,0.0,2.027,1.292,-0.047,-1.691,-0.058,2.943,0.244,0.708732140917391,D709G
2.392,-2.172,6.307,-0.008,0.601,0.022,-1.149,0.0,0.0,0.0,0.0,0.0,0.0,3.421,0.328,-3.113,0.25,6.880868339990002,L712Q
2.392,16.021,-17.041,0.109,-0.257,0.52,12.351,0.0,0.0,0.0,2.027,2.437,0.0,7.14,0.023,3.364,0.411,29.49811696244365,D709F
-2.179,47.79528906123956,-14.533,0.014,-0.247,0.916,11.676,0.0,0.0,0.0,2.472,2.437,0.0,6.176,0.129,4.406,0.913,48.634056635881066,D709W
3.661,-0.291,-12.858,-0.005,-0.158,-0.188,11.504,0.0,0.0,0.0,2.027,2.437,0.0,6.16,0.003,1.845,0.407,14.544108555751109,D709H
3.144,38.841377630126125,-18.871,-0.014,-0.839,1.65,11.482,0.0,0.0,0.0,1.671,2.043,0.0,5.09,0.012,3.807,0.215,42.05841262848875,D709L
3.094,6.877,-10.564,-0.005,0.185,0.769,13.553,0.0,0.0,0.0,2.027,2.437,0.0,6.478,0.054,1.431,0.353,26.690967495500782,D709K
2.166,-1.028,-1.459,-0.006,0.309,-0.214,1.648,0.0,0.0,0.0,0.176,0.0,0.0,1.74,0.391,-1.246,0.399,2.875058293449797,R710N
-3.763,49.99659007135757,-10.844,0.025,0.005,0.244,10.894,0.0,0.0,0.0,1.173,2.437,0.03,2.022,0.29,4.788,0.604,49.99751441007446,D709V
-0.358,24.696,-7.599,-0.014,0.125,0.178,9.961,0.0,0.0,0.0,1.116,0.538,0.0,4.414,0.105,0.694,0.279,34.13690505745569,D709Q
2.3,20.434,-15.914,0.073,-0.258,0.44,12.189,0.0,0.0,0.0,2.027,2.437,0.0,7.392,0.036,2.727,0.318,34.20183307926959,D709Y
2.339,3.837,-6.748,-0.004,-0.852,0.819,2.67,0.0,0.0,0.0,0.859,-0.278,0.033,-0.821,0.58,2.737,0.428,5.596846791581356,R710V
3.133,-0.504,-1.839,-0.017,-0.277,0.955,-0.293,0.0,0.0,0.0,0.859,-1.354,0.0,1.254,0.146,-2.63,0.235,-0.3343116840733273,R710E
6.353,-0.785,-6.878,-0.025,-0.759,0.981,2.281,0.0,0.0,0.0,0.859,-0.641,0.0,-1.782,-0.417,1.419,-0.163,0.4434568154690623,R710A
1.704,11.84,-10.431,-0.009,0.037,0.892,14.557,0.0,0.0,0.0,2.027,2.437,0.0,4.807,0.137,2.051,0.338,30.38774119287507,D709R
1.168,23.332,-2.242,-0.011,-0.455,1.144,1.012,49.90435068693461,0.0,0.0,0.655,0.091,0.217,-0.919,6.624,-1.549,11.927,49.981426750898876,R710P
0.565,6.721,-4.817,0.004,-0.842,0.925,2.601,0.0,0.0,0.0,0.859,-0.594,0.033,-0.73,0.536,2.398,0.506,8.167024908977169,R710I
-1.138,42.448,-5.63,0.009,-0.019,-0.208,1.97,0.0,0.0,0.0,0.859,0.0,0.0,0.209,-0.077,1.313,-0.103,39.62941198771796,R710F
3.616,1.548,-3.333,-0.015,-0.692,1.351,0.096,0.0,0.0,0.0,0.859,-1.783,0.0,-1.07,0.238,1.246,0.006,2.0663605929875075,R710T
3.183,-0.341,0.069,-0.013,0.376,-0.158,1.811,0.0,0.0,0.0,0.859,0.0,0.0,1.937,0.363,-2.051,0.487,6.521104739322141,R710D
7.974,-0.892,-6.562,-0.026,-0.759,0.84,2.404,0.0,0.0,0.0,0.859,-0.641,0.106,-1.782,0.224,0.892,0.849,3.485946503701712,R710G
2.589,-0.522,-2.91,-0.016,-0.41,0.92,0.721,0.0,0.0,0.0,0.859,-1.516,0.0,0.959,0.141,-1.357,0.199,-0.3440175238192751,R710Q
-3.045,40.508,-3.52,0.032,0.274,0.012,1.587,0.0,0.0,0.0,0.859,0.0,0.0,2.309,-0.105,2.355,0.329,41.59522167190392,R710W
-8.054,46.05942364248551,7.275,0.038,-0.016,0.998,0.784,0.0,0.0,0.0,0.349,0.738,0.0,4.181,0.169,-1.08,0.044,46.80402231971215,L711Y
0.618,0.095,-1.424,-0.007,-0.495,0.439,0.162,0.0,0.0,0.0,0.0,0.0,0.0,-0.416,0.148,1.752,0.276,1.1484709889753049,R710M
5.985,-0.883,-3.894,-0.023,-0.72,1.141,-0.103,0.0,0.0,0.0,-0.173,-2.184,0.0,2.042,-0.357,-0.195,-0.282,0.3526788062841888,R710S
3.781,-2.08,6.335,-0.011,0.188,-0.095,-0.442,0.0,0.0,0.0,0.0,0.0,0.0,1.597,0.539,-3.002,0.422,7.232406783869692,L712N
9.433,-2.398,0.059,-0.011,-0.06,0.547,0.152,0.0,0.0,0.0,0.0,0.0,0.0,-0.653,0.348,-0.337,0.166,7.246641494334199,L711A
3.629,-2.163,8.08,-0.011,0.549,0.645,-1.397,0.0,0.0,0.0,0.0,-1.055,0.0,2.862,0.283,-4.386,0.119,7.155753892808093,L712E
8.46,-2.365,4.265,-0.011,-0.036,0.318,-1.414,0.0,0.0,0.0,0.0,0.0,0.0,0.165,0.381,-1.952,0.298,8.110321474280227,L711S
0.0,0.0,0.0,0.0,0.0,0.0,0.0,0.0,0.0,0.0,0.0,0.0,0.0,0.0,0.0,0.0,0.0,0.0,L712L
1.268,-0.063,-1.026,-0.007,-0.286,0.425,0.357,0.0,0.0,0.0,0.0,0.0,0.0,-0.734,0.237,-0.62,0.227,-0.2225805905308107,R710K
-0.64,39.341,7.706,-0.013,0.327,0.203,0.349,0.0,0.0,0.0,0.0,0.0,0.0,3.171,0.102,-1.963,0.361,48.94536762569862,L712H
4.357,-2.204,10.688,-0.014,0.249,0.321,-2.711,0.0,0.0,0.0,0.0,0.0,0.0,1.851,0.269,-3.808,0.088,9.087563220084007,L712D
-6.055,43.283524699249845,2.585,0.034,-0.034,0.773,0.58,0.0,0.0,0.0,0.349,0.738,0.0,3.903,0.139,-0.444,0.029,43.90606219075694,L711F
8.559,-2.507,0.532,-0.016,-0.044,0.858,-0.698,0.0,0.0,0.0,0.0,0.0,0.0,-0.448,0.746,-0.337,0.577,7.221743552194653,L712A
-1.759,2.242,13.676,0.052,0.671,-0.353,-6.152,0.0,0.0,0.0,-0.407,0.0,0.0,3.974,0.138,-2.377,0.15,9.856306846842015,L711K
5.183,-2.078,9.314,-0.01,0.365,0.21,-0.281,0.0,0.0,0.0,0.0,0.0,0.0,1.995,0.332,-3.808,0.326,11.549342299438536,L711D
-8.191,39.087984988670335,17.129,0.009,0.866,1.38,-1.296,0.0,0.0,0.0,0.269,0.517,0.0,4.646,0.038,-1.757,0.117,43.39394809138171,L711R
10.56,-2.529,1.004,-0.018,-0.044,1.096,-0.6,0.0,0.0,0.0,0.0,0.0,0.086,-0.448,1.044,-0.864,1.614,10.900557661506468,L712G
0.0,0.0,0.0,0.0,0.0,0.0,0.0,0.0,0.0,0.0,0.0,0.0,0.0,0.0,0.0,0.0,0.0,0.0,L711L
0.0,0.0,0.0,0.0,0.0,0.0,0.0,0.0,0.0,0.0,0.0,0.0,0.0,0.0,0.0,0.0,0.0,0.0,R710R
5.413,-2.319,1.495,-0.01,-0.034,0.25,-0.073,0.0,0.0,0.0,0.0,0.0,0.0,-0.004,0.368,1.593,-0.002,6.678125950217122,L711C
-4.603,32.736,6.914,0.01,0.131,0.731,-1.513,0.0,0.0,0.0,0.0,0.0,0.0,3.221,0.233,0.599,0.89,39.3508429760434,L712W
0.695,1.111,7.027,-0.005,0.121,-0.494,-1.083,0.0,0.0,0.0,0.0,0.0,0.0,3.3,0.203,-3.113,0.102,7.863548172856554,L711Q
5.341,49.711769933720646,-0.557,-0.016,-0.166,1.316,2.927,28.927,0.0,1.942,0.858,-0.675,0.065,1.055,0.029,-3.305,1.015,49.93869907220686,L711P
-0.471,4.214,1.188,0.014,0.028,0.075,-0.479,0.0,0.0,0.0,0.0,0.0,0.009,0.222,-0.327,0.642,-0.327,4.7867093841857695,L712I
2.159,-0.556,9.785,-0.01,0.182,-0.25,0.999,0.0,0.0,0.0,0.0,0.0,0.0,2.591,0.154,-4.386,0.122,10.788010419002376,L711E
2.438,49.325107336398965,3.102,-0.015,-0.009,1.035,0.618,49.07898836127374,0.0,1.349,0.0,0.0,0.093,1.465,3.799,-3.305,3.197,49.99635877550037,L712P
-0.908,3.471,1.572,-0.009,0.006,0.323,0.179,0.0,0.0,0.0,0.0,0.0,0.0,1.221,0.26,-0.005,-0.026,6.085805330657991,L711M
11.791,-2.599,0.9,-0.012,-0.06,0.352,-0.027,0.0,0.0,0.0,0.0,0.0,0.0,-0.653,1.011,-0.864,0.993,10.831426568803977,L711G
3.532,-1.378,-0.332,0.004,-0.022,0.248,-0.063,0.0,0.0,0.0,0.0,0.0,0.141,-0.62,-0.063,0.981,0.084,2.512180421141352,L711V
-3.411,49.78525405110899,4.004,0.045,0.076,0.394,-0.91,0.0,0.0,0.0,0.0,0.0,0.0,5.419,0.182,-0.444,0.216,49.828075323893195,L712F
0.786,4.223,2.499,0.011,0.295,0.874,0.42,0.0,0.0,0.0,0.0,0.0,0.0,3.88,0.56,-0.005,0.783,14.32671018270355,L712M
4.21,-2.41,2.177,-0.015,-0.033,0.524,-0.88,0.0,0.0,0.0,0.0,0.0,0.0,-0.123,0.277,1.593,1.79,7.110194171759758,L712C
-4.856,49.81282351418874,7.391,0.041,0.095,0.528,-0.171,0.0,0.0,0.0,0.0,0.0,0.0,5.315,0.12,-1.08,0.218,49.861831965506774,L712Y
4.244,-2.395,4.324,-0.012,0.003,0.482,-1.829,0.0,0.0,0.0,0.0,0.0,0.0,0.807,0.246,-0.51,0.248,5.608191805796764,L712T
7.976,-2.461,3.726,-0.016,0.028,0.703,-1.026,0.0,0.0,0.0,0.0,0.0,0.0,0.178,0.615,-1.952,0.768,8.540780464833574,L712S
3.363,0.22,0.577,0.004,0.009,0.412,-0.44,0.0,0.0,0.0,0.0,0.0,0.009,-0.097,-0.24,0.981,-0.277,4.522704669886366,L712V
3.349,-2.317,7.317,-0.007,0.304,0.079,-0.459,0.0,0.0,0.0,0.0,0.0,0.0,2.391,0.333,-3.002,0.379,8.368201754692677,L711N
-1.015,-0.231,10.235,0.001,0.213,-0.128,-2.718,0.0,0.0,0.0,-0.272,0.0,0.0,2.11,0.226,-1.757,0.205,6.867379289394421,L712R
-1.131,3.663,1.347,0.018,-0.09,-0.098,0.709,0.0,0.0,0.0,0.269,0.517,0.141,1.073,-0.086,0.642,0.105,7.078172802420454,L711I
4.235,-2.447,4.631,0.076,0.676,0.265,0.044,0.0,0.0,0.0,0.0,0.0,0.0,4.063,0.176,-2.377,-0.03,9.313479045139276,L712K
-14.26,49.57300752162606,5.72,0.001,0.039,0.844,1.412,0.0,0.0,0.0,0.349,0.738,0.0,2.314,-0.041,0.599,-0.024,49.53193311047799,L711W
5.56,-2.091,3.165,-0.004,-0.011,0.091,-1.637,0.0,0.0,0.0,0.0,0.0,0.0,-0.461,0.233,-0.51,0.365,4.700230035349705,L711T
-1.448,0.639,-2.554,0.0,-0.085,-0.117,1.385,0.0,0.0,0.0,0.804,1.663,0.0,0.758,0.518,3.544,0.241,5.347194683396651,S713C
-2.625,1.608,2.507,0.009,0.595,-0.191,1.168,0.0,0.0,0.0,-1.198,1.663,0.0,3.106,0.511,-2.435,0.412,5.12939532025996,S713E
-0.842,1.67,4.414,-0.008,0.211,0.551,-0.552,0.0,0.0,0.0,-0.322,0.0,0.027,1.891,0.621,-3.983,0.514,4.1910591767953065,V716N
-3.189,0.978,-0.582,0.001,0.222,-0.707,1.968,0.0,0.0,0.0,0.804,1.663,0.0,2.224,0.151,-0.011,0.114,3.635616925872569,S713H
1.253,0.118,-4.157,-0.001,-0.109,-0.253,1.416,0.0,0.0,0.0,0.804,1.663,0.0,-0.625,-0.071,1.614,0.166,1.8184411081100509,S713A
-2.958,2.376,0.85,0.009,0.323,-0.24,0.628,0.0,0.0,0.0,-0.967,1.663,0.0,3.364,0.507,-1.162,0.413,4.806479923979396,S713Q
-0.255,-0.021,-2.595,0.043,-0.715,-0.241,2.531,0.0,0.0,0.0,0.0,0.987,0.0,-1.385,0.385,5.028,0.381,4.141849551556675,E719I
-4.871,12.15,-3.383,0.033,-0.085,0.479,1.522,0.0,0.0,0.0,0.702,1.663,0.0,0.943,0.871,2.593,0.755,13.37043736211433,S713I
2.938,0.07,-3.76,-0.003,-0.109,-0.488,1.599,0.0,0.0,0.0,0.804,1.663,0.116,-0.625,0.787,1.087,1.304,5.3847510824984965,S713G
-4.373,6.44,-2.95,0.021,-0.054,-0.247,1.558,0.0,0.0,0.0,0.804,1.663,0.0,2.803,1.099,1.951,1.117,9.833361145624735,S713L
-4.529,14.832,-1.406,0.026,-0.171,0.242,1.625,0.0,0.0,0.0,0.702,1.663,0.0,4.245,0.192,1.507,0.087,19.016571588865304,S713F
5.399,-3.517,2.081,-0.006,-0.075,0.373,0.14,0.0,0.0,0.0,0.0,0.0,0.0,0.327,0.445,1.593,0.349,7.110832725496152,L714C
-2.304,4.611,-3.559,0.008,-0.209,0.754,0.95,0.0,0.0,0.0,0.0,1.662,0.0,1.697,-0.695,2.997,-0.37,5.543836786123961,N715M
0.424,6.194,0.119,0.022,-0.001,0.058,0.04,0.0,0.0,0.0,0.0,0.0,-0.021,2.604,-0.452,0.642,-0.418,9.211162057585623,L714I
-10.423,50.0,-7.355,0.029,0.309,0.239,-0.091,0.0,0.0,0.0,0.0,1.662,0.0,1.258,-0.844,2.558,-0.725,50.0,N715F
-2.291,0.958,-0.026,0.026,0.242,-0.395,0.275,0.0,0.0,0.0,0.804,1.663,0.0,3.776,0.631,-0.425,0.43,5.667770030743895,S713K
-2.238,2.9,0.101,0.017,0.486,0.355,-1.167,0.0,0.0,0.0,0.356,1.663,0.0,1.714,0.38,0.194,0.231,4.993139084950258,S713R
-2.801,2.981,7.697,-0.005,0.342,0.787,-1.001,0.0,0.0,0.0,-0.258,0.0,0.027,2.716,0.56,-2.944,0.373,8.476136522860202,V716H
1.278,-1.599,1.482,-0.005,-0.029,0.156,0.079,0.0,0.0,0.0,0.0,0.0,0.027,1.211,0.607,0.612,0.307,4.126542662406337,V716C
0.937,-2.638,11.811,-0.003,0.211,0.325,-0.31,0.0,0.0,0.0,0.0,0.0,0.0,2.812,0.606,-4.386,0.248,9.61463312750891,L714E
2.675,-1.56,3.363,0.003,0.42,0.036,-0.9,0.0,0.0,0.0,-0.596,0.0,0.05,0.511,1.425,-1.845,1.565,5.148922507199245,V716G
-0.688,-0.075,2.135,-0.004,0.118,-0.566,-0.129,0.0,0.0,0.0,0.0,0.141,0.0,-0.348,0.417,-1.246,0.358,0.1136663894184266,R718N
-0.971,0.65,1.369,0.0,0.13,-0.628,0.914,0.0,0.0,0.0,0.804,1.663,0.0,2.463,0.836,-1.857,0.766,6.140296025566386,S713D
3.16,-1.608,0.51,-0.006,-0.057,0.17,0.334,0.0,0.0,0.0,0.0,0.0,0.027,0.676,0.774,-1.319,0.57,3.231638434159663,V716A
-2.265,0.534,1.476,0.005,0.193,-0.191,0.731,0.0,0.0,0.0,-0.499,1.663,0.0,1.881,0.764,-1.051,0.587,3.8277161345071136,S713N
0.114,-0.788,6.212,-0.004,0.213,0.486,0.216,0.0,0.0,0.0,0.0,0.0,0.027,3.058,0.633,-4.789,0.524,5.900483939439596,V716D
-5.599,48.185912212576554,-1.624,0.004,0.035,-0.002,0.486,48.88104240211641,0.0,0.448,0.804,1.663,0.225,1.813,7.391,-1.354,15.945,49.99069422121642,S713P
-3.257,12.477,-4.406,0.026,-0.093,0.213,1.447,0.0,0.0,0.0,0.702,1.663,0.0,0.843,0.852,2.932,0.587,13.985629779032251,S713V
-6.043,28.368,11.101,0.056,0.156,1.503,0.807,0.0,0.0,0.0,0.0,0.0,0.0,6.02,0.474,-1.757,0.132,40.81978460673281,L714R
-2.197,0.489,1.776,-0.005,0.232,-0.528,-0.143,0.0,0.0,0.0,0.0,0.141,0.0,-0.507,-0.08,-0.206,0.036,-0.9935191030861006,R718H
8.741,-2.481,1.854,-0.014,-0.089,0.401,-0.148,0.0,0.0,0.0,0.0,0.0,0.0,-0.914,0.877,-0.337,0.648,8.538215505741732,L714A
-0.611,1.232,-2.269,-0.005,-0.801,-0.131,2.697,8.075,0.0,0.0,0.0,0.987,0.021,-2.416,1.606,1.081,1.592,11.058597136647222,E719P
-5.099,12.948,6.013,0.013,0.118,-0.004,0.474,0.0,0.0,0.0,0.0,0.0,0.027,3.863,0.271,-0.382,0.285,18.52573592619683,V716W
3.631,-2.258,7.058,-0.01,0.315,-0.073,0.01,0.0,0.0,0.0,0.0,0.0,0.0,1.92,0.815,-3.002,0.3,8.708542627384759,L714N
-2.824,0.99,-1.41,0.012,-0.039,-0.102,1.238,0.0,0.0,0.0,0.804,1.663,0.0,1.988,0.483,1.947,0.463,5.211731273162968,S713M
4.385,-0.388,-6.059,0.003,-0.29,0.635,0.785,0.0,0.0,0.0,0.0,1.662,0.0,-1.57,-0.644,2.664,-0.156,1.0277084434850394,N715A
-0.89,-0.816,8.366,-0.002,0.081,0.033,-0.134,0.0,0.0,0.0,0.0,0.0,0.0,2.71,0.606,-3.113,0.086,6.926242786572402,L714Q
-0.809,0.06,-3.565,0.012,0.325,-0.471,10.552,0.0,0.0,0.0,2.482,0.141,0.132,-0.843,-0.599,2.398,-0.337,9.478747105820617,R718I
-3.81,0.753,1.823,0.046,1.231,-0.236,5.248,0.0,0.0,0.0,2.483,-0.759,0.165,1.354,-0.312,1.462,-0.314,9.135594779985468,G720W
-4.983,48.99881144972907,6.896,0.014,0.052,-0.209,2.061,0.0,0.0,0.0,0.681,0.084,0.027,3.017,0.365,-2.061,0.17,49.21428022547125,V716Y
0.0,0.0,0.0,0.0,0.0,0.0,0.0,0.0,0.0,0.0,0.0,0.0,0.0,0.0,0.0,0.0,0.0,0.0,S713S
1.312,-0.14,1.537,0.004,-0.012,0.159,-1.394,0.0,0.0,0.0,0.804,0.435,0.0,1.464,0.356,-0.806,0.28,4.000976752657721,N715D
-1.884,19.02,12.058,0.008,0.067,0.183,1.588,0.0,0.0,0.0,0.0,0.0,0.0,2.873,0.588,-2.377,0.09,32.21553194207786,L714K
-4.797,16.62,-0.411,0.026,-0.141,0.29,1.303,0.0,0.0,0.0,0.702,-0.331,0.0,3.794,0.284,0.871,0.099,18.31043304465288,S713Y
-2.935,0.594,2.434,0.035,1.274,-0.233,4.22,0.0,0.0,0.0,2.483,-0.759,0.165,2.852,-0.775,-2.139,-0.73,6.487758868130982,G720N
-4.16,2.25,1.209,0.005,0.028,0.559,-0.867,0.0,0.0,0.0,-0.335,1.662,0.0,0.656,-0.818,1.039,-0.652,0.5778369088098998,N715H
-1.547,2.312,1.535,0.009,0.011,-0.003,0.286,0.0,0.0,0.0,0.0,0.0,0.027,1.334,0.152,-0.982,0.24,3.3726447321218984,V716L
-4.373,41.22930402749107,1.576,0.128,0.012,-0.223,-0.085,0.0,0.0,0.0,0.0,0.0,0.0,11.723,0.202,-0.444,-0.054,43.5867116929596,L714F
0.0,0.0,0.0,0.0,0.0,0.0,0.0,0.0,0.0,0.0,0.0,0.0,0.0,0.0,0.0,0.0,0.0,0.0,G720G
-4.56,48.862210812059445,4.955,0.014,0.015,-0.177,0.022,0.0,0.0,0.0,0.681,0.084,0.027,3.184,0.27,-1.425,0.198,49.00105752304874,V716F
0.59,-0.028,-2.044,0.016,-0.396,-0.353,2.682,0.0,0.0,0.0,0.0,0.987,0.0,-0.675,0.612,3.306,0.319,5.0142578350192935,E719Y
-0.114,0.031,0.773,0.01,0.302,0.11,-0.077,0.0,0.0,0.0,0.062,1.662,0.0,1.471,-0.638,-1.385,-0.459,1.7504784459730445,N715E
-1.557,2.963,-0.462,0.003,0.003,0.01,-0.172,0.0,0.0,0.0,-0.114,-0.021,0.0,2.254,0.523,1.441,0.267,5.140107475439663,S713T
10.455,-3.187,3.19,-0.016,-0.089,0.494,-0.196,0.0,0.0,0.0,0.0,0.0,-0.024,-0.914,1.722,-0.864,2.671,13.243774728380911,L714G
0.144,-1.553,4.236,0.0,0.126,-0.001,-0.676,0.0,0.0,0.0,0.0,0.0,0.027,3.194,0.466,-4.094,0.274,2.143162209845059,V716Q
-0.945,-1.491,6.403,0.004,0.172,0.151,-2.693,0.0,0.0,0.0,0.0,-0.638,0.027,2.254,0.405,-2.738,0.254,1.1650831673625817,V716R
-1.728,7.479,7.275,-0.002,0.167,0.016,-0.527,0.0,0.0,0.0,0.0,0.0,0.0,3.365,0.38,-1.963,0.179,14.641143282088592,L714H
-1.879,0.712,2.067,0.028,0.939,-0.329,4.6,0.0,0.0,0.0,2.483,-0.759,0.165,0.638,-0.321,-1.088,-0.237,7.020468335612691,G720S
5.299,-3.23,8.303,-0.006,0.37,0.408,-0.076,0.0,0.0,0.0,0.0,0.0,0.0,2.816,0.964,-3.808,0.397,11.437454776228265,L714D
6.319,-0.81,-5.456,-0.004,-0.288,0.646,0.907,0.0,0.0,0.0,0.0,1.662,0.258,-1.92,0.134,2.138,0.959,4.544646890781564,N715G
-2.542,0.398,0.968,0.01,0.103,-0.291,-0.147,0.0,0.0,0.0,0.0,0.141,0.0,-0.717,0.009,2.355,0.72,1.0072219776720883,R718W
-0.11,-0.885,-0.287,0.007,-0.035,-0.077,0.626,0.0,0.0,0.0,0.0,0.056,0.0,0.937,0.0,0.0,0.0,0.2304014147614452,V716V
-5.289,2.407,-0.837,0.017,0.171,-0.539,1.977,0.0,0.0,0.0,0.804,1.663,0.0,2.76,0.244,2.55,0.532,6.45963602537006,S713W
-0.611,-0.374,3.093,-0.003,0.103,-0.32,0.169,0.0,0.0,0.0,0.0,0.0,0.027,1.916,0.543,-0.986,0.216,3.773668709534945,V716M
-1.249,46.469815395106465,-3.714,0.013,-0.076,0.901,1.062,48.90339009539232,0.0,1.522,0.0,1.662,0.304,-0.012,6.41,-0.303,5.777,49.975199569873475,N715P
4.39,0.504,3.419,-0.006,0.034,0.474,0.448,41.075,0.0,0.0,0.0,0.0,0.033,0.321,5.189,-3.305,3.247,40.31651184181729,L714P
-8.005,27.923,7.649,0.005,-0.143,-0.019,1.585,0.0,0.0,0.0,0.0,0.986,0.003,3.194,0.187,-0.382,-0.047,32.93630180563275,V717W
-3.278,49.54484250583848,-6.145,0.027,-0.234,0.638,0.581,0.0,0.0,0.0,0.0,1.662,0.095,0.573,-0.645,3.644,-0.518,49.474749704174556,N715I
2.985,-0.714,2.5,-0.012,0.013,-0.055,-0.339,0.0,0.0,0.0,0.0,0.0,0.027,0.366,0.78,-2.933,0.514,3.132702594060788,V716S
0.873,-0.029,-2.155,0.0,-0.709,-0.355,2.717,0.0,0.0,0.0,0.0,0.987,0.0,-2.019,0.296,2.009,0.081,1.695775787030243,E719K
1.404,-0.187,-4.423,0.003,-0.279,0.562,0.601,0.0,0.0,0.0,0.0,1.662,0.0,-1.348,-0.386,4.595,-0.145,2.059534573037922,N715C
-0.706,-0.533,6.058,0.001,0.076,-0.511,-2.466,0.0,0.0,0.0,0.0,0.0,0.027,1.82,0.484,-3.358,0.289,1.1836876138946764,V716K
-9.418,49.43843139315589,2.066,0.121,0.223,-0.128,0.16,0.0,0.0,0.0,0.0,0.0,0.0,10.848,0.434,0.599,0.5,49.547110973400876,L714W
2.98,-1.576,7.196,-0.015,-0.07,-0.764,0.234,0.0,0.0,0.0,0.0,0.986,0.003,1.983,0.341,-4.789,0.297,6.807069390914194,V717D
5.268,-3.031,3.535,0.011,-0.01,0.016,-0.256,0.0,0.0,0.0,0.0,0.0,0.0,2.717,0.155,-0.51,0.127,8.025137494301248,L714T
-0.588,29.624,1.769,0.029,-0.03,-0.173,0.192,0.0,0.0,0.0,0.0,0.0,0.0,6.804,0.484,-0.005,0.28,38.38926206361532,L714M
-1.313,0.21,0.119,0.024,0.383,0.694,0.352,0.0,0.0,0.0,-0.124,1.662,0.0,2.923,-0.836,1.245,-0.671,4.668631482179308,N715R
-1.844,2.747,0.365,0.016,0.01,0.252,0.138,0.0,0.0,0.0,0.0,0.0,0.0,0.952,-0.055,-0.339,0.01,2.252343245811062,V716I
-0.756,-0.027,-1.983,0.015,-0.191,-0.038,2.875,0.0,0.0,0.0,0.0,0.987,0.0,-0.54,0.521,4.985,0.215,6.0622061309635455,E719W
1.089,-1.501,2.37,0.0,-0.005,0.119,-0.294,0.0,0.0,0.0,0.0,0.0,0.027,0.729,0.417,-1.491,0.469,1.9275011053379103,V716T
-0.196,-1.072,-0.153,0.008,-0.016,0.068,0.219,0.0,0.0,0.0,0.0,0.0,0.0,0.7,0.0,0.0,0.0,-0.4418611941002837,L714L
1.497,-0.033,-2.522,-0.008,-0.845,-0.354,2.567,0.0,0.0,0.0,0.0,0.987,0.003,-2.872,0.869,3.522,0.843,3.6556646416953527,E719G
-2.711,0.756,1.347,0.029,0.922,-0.11,4.736,0.0,0.0,0.0,2.483,-0.759,0.165,-0.006,0.043,2.456,-0.329,9.024198556602189,G720C
-0.708,-1.483,7.444,0.007,0.418,0.427,-0.917,0.0,0.0,0.0,0.0,-1.589,0.027,5.732,0.486,-5.368,0.335,4.812633950016902,V716E
-0.074,49.998210909171284,3.139,-0.017,0.033,0.797,0.995,16.831,0.0,1.266,0.0,0.0,0.036,0.831,0.121,-4.286,0.861,49.9992130728448,V717P
1.673,-0.466,0.967,-0.009,0.096,0.139,0.164,10.451,0.0,0.0,0.0,0.0,0.063,0.017,1.393,-4.286,2.331,12.531213651969324,V716P
-2.842,31.915,-5.692,0.017,-0.244,0.408,0.368,0.0,0.0,0.0,0.062,1.662,0.0,-0.719,-0.399,3.001,-0.331,27.20730947358834,N715L
-3.772,11.165,9.762,-0.011,-0.117,-1.316,1.879,0.0,0.0,0.0,0.0,0.986,0.003,1.605,0.287,-2.944,0.121,17.648444326005915,V717H
0.597,-0.029,-1.58,-0.001,-0.554,-0.401,2.073,0.0,0.0,0.0,0.0,0.987,0.0,-1.795,0.549,1.384,0.561,1.790229192589095,E719N
-3.272,7.203,1.153,0.023,-0.052,0.172,3.775,0.0,0.0,0.0,0.0,1.662,0.0,1.749,-0.594,0.625,-0.569,11.877166368625469,N715K
0.902,-0.029,-2.208,0.012,-0.774,-0.439,2.045,0.0,0.0,0.0,0.0,0.987,0.0,-2.352,0.548,3.876,0.49,3.05783741341088,E719T
-10.02,10.734,-0.831,0.033,-0.047,1.555,-0.979,0.0,0.0,0.0,-0.064,1.662,0.0,2.793,-0.766,3.601,-0.327,7.346237217802809,N715W
1.015,5.319,-2.74,0.01,-0.193,0.305,0.635,0.0,0.0,0.0,0.0,1.662,0.0,-1.028,-0.803,2.492,-0.646,6.028773621091432,N715T
0.748,-0.029,-1.23,-0.003,-0.506,-0.365,1.296,0.0,0.0,0.0,0.0,0.987,0.0,-1.511,0.401,0.578,0.225,0.5908734397892204,E719D
0.924,-0.029,-2.3,-0.005,-0.831,-0.323,2.234,0.0,0.0,0.0,0.0,0.987,0.0,-2.699,0.645,5.979,0.544,5.126352798206085,E719C
-0.064,0.082,-0.091,-0.006,-0.151,-0.011,-0.322,0.0,0.0,0.0,0.0,0.141,0.0,-1.518,0.07,3.349,0.417,1.895172295581801,R718C
-3.643,0.709,2.771,0.03,1.366,-0.444,4.089,0.0,0.0,0.0,2.483,-0.759,0.165,1.77,-0.514,-1.099,-0.517,6.407887023896933,G720H
-0.953,0.081,-0.258,0.009,-0.105,0.091,-0.107,0.0,0.0,0.0,0.0,0.141,0.0,-1.297,-0.101,1.756,0.097,-0.6472499206258817,R718L
3.81,-0.358,-2.904,0.003,-0.272,0.166,0.341,0.0,0.0,0.0,0.062,1.662,0.0,-0.544,-0.757,1.05,-0.439,1.822081263380937,N715S
0.0,0.0,0.0,0.0,0.0,0.0,0.0,0.0,0.0,0.0,0.0,0.0,0.0,0.0,0.0,0.0,0.0,0.0,R718R
7.858,-3.586,4.542,-0.006,-0.05,0.2,-0.125,0.0,0.0,0.0,0.0,0.0,0.0,0.177,0.832,-1.952,0.318,8.206895517389512,L714S
-0.663,0.537,-0.389,0.012,0.225,0.966,-1.965,0.0,0.0,0.0,-0.902,1.662,0.0,2.188,-0.686,-0.111,-0.597,0.2780293507668148,N715Q
1.0,-1.524,1.65,-0.018,-0.032,0.363,-0.668,0.0,0.0,0.0,0.0,0.0,0.003,0.227,0.43,0.612,-0.037,2.005656171712076,V717C
-0.907,44.731,-6.724,0.024,-0.235,0.476,0.884,0.0,0.0,0.0,0.0,1.662,0.095,-1.105,-0.961,3.982,-0.691,41.23500761312346,N715V
-2.531,44.45758200852101,0.334,0.005,-0.033,0.442,-1.932,48.22168372653025,0.0,0.0,0.0,0.141,-0.047,-1.473,6.671,-1.549,6.29,49.917555897250054,R718P
0.0,0.0,0.0,0.0,0.0,0.0,0.0,0.0,0.0,0.0,0.0,0.0,0.0,0.0,0.0,0.0,0.0,0.0,E719E
-0.308,0.003,-1.75,0.006,-0.731,0.023,2.3,0.0,0.0,0.0,0.0,0.987,0.0,-1.919,0.23,4.381,0.388,3.610854284871152,E719M
-4.979,1.356,2.214,0.035,0.974,-0.011,4.645,0.0,0.0,0.0,2.483,-0.759,0.165,0.986,-0.079,0.859,-0.407,7.481805886791903,G720M
-3.132,1.827,-0.405,0.013,0.095,0.113,-0.027,0.0,0.0,0.0,0.0,0.141,0.0,-0.479,-0.072,1.313,-0.031,-0.6455662161650935,R718F
3.173,-0.331,-0.864,-0.008,-0.164,0.062,0.136,0.0,0.0,0.0,0.0,0.141,-0.048,-2.171,1.476,0.892,2.668,4.962571778573988,R718G
-0.591,0.046,0.993,-0.002,0.032,0.067,-0.378,0.0,0.0,0.0,0.0,0.141,0.0,0.652,0.211,-1.357,0.18,-0.0081969758924742,R718Q
5.991,-2.095,0.09,-0.018,-0.044,0.561,-0.224,0.0,0.0,0.0,0.0,0.0,0.003,-0.346,0.527,-1.319,0.195,3.3208065054805047,V717A
-4.066,0.746,1.406,0.048,1.189,-0.127,5.106,0.0,0.0,0.0,2.483,-0.759,0.165,1.533,-0.391,0.42,-0.467,7.287773700607659,G720F
1.213,-0.028,-2.499,-0.006,-0.845,-0.31,2.634,0.0,0.0,0.0,0.0,0.987,0.0,-2.872,0.106,4.049,-0.001,2.4277275910161507,E719A
0.289,-0.029,-2.375,0.009,-0.752,-0.189,2.602,0.0,0.0,0.0,0.0,0.987,0.0,-2.74,0.052,4.386,0.252,2.493141814163778,E719L
-2.95,0.681,1.939,0.04,1.251,-0.155,5.082,0.0,0.0,0.0,2.483,-0.759,0.165,1.077,-0.285,-1.513,-0.294,6.763235700085943,G720K
0.562,-0.022,-2.501,0.024,-0.787,-0.399,2.546,0.0,0.0,0.0,0.0,0.987,0.0,-2.478,0.443,5.367,0.329,4.069940862308044,E719V
-0.459,0.128,1.84,-0.002,0.139,0.034,0.311,0.0,0.0,0.0,0.0,0.141,0.0,0.544,0.208,-2.63,0.235,0.4869072544795472,R718E
0.012,-0.032,2.846,-0.006,0.119,-0.448,1.06,0.0,0.0,0.0,0.0,0.141,0.0,0.298,0.565,-2.051,0.463,2.965762916359836,R718D
-0.068,-0.027,-1.62,-0.001,-0.468,-0.132,2.277,0.0,0.0,0.0,0.0,0.987,0.0,-0.714,0.491,2.423,0.325,3.474213869858886,E719H
-6.035,48.93406366082295,3.936,0.133,0.027,0.232,-0.12,0.0,0.0,0.0,0.0,0.0,0.0,12.123,0.275,-1.08,-0.008,49.26810119044144,L714Y
0.9,-0.029,-2.166,0.003,-0.629,-0.348,2.799,0.0,0.0,0.0,0.0,0.987,0.0,-1.501,0.181,2.629,0.132,2.959537774477212,E719R
-5.243,49.97217521477372,0.535,0.046,0.962,-0.327,4.871,0.0,0.0,0.0,2.483,-0.759,0.275,-0.16,0.424,1.844,0.117,49.977280773837435,G720V
-4.278,39.67070412828646,1.516,0.021,-0.316,-0.717,2.274,0.0,0.0,0.0,0.0,0.986,0.003,4.059,0.336,-1.425,0.03,40.55726222968239,V717F
0.0,0.0,0.0,0.0,0.0,0.0,0.0,0.0,0.0,0.0,0.0,0.0,0.0,0.0,0.0,0.0,0.0,0.0,N715N
-12.034,50.0,-4.083,0.028,0.302,0.454,1.818,0.0,0.0,0.0,0.0,1.662,0.0,2.082,-0.895,1.922,-0.71,50.0,N715Y
-2.928,31.593,0.839,0.031,0.019,-0.049,-0.09,0.0,0.0,0.0,0.0,0.0,0.0,1.595,-0.029,-0.339,-0.015,30.6245049097804,V717I
3.906,-1.841,0.593,0.013,-0.017,0.119,-0.171,0.0,0.0,0.0,0.0,0.0,-0.021,1.503,-0.407,0.981,-0.29,4.367795995927395,L714V
1.616,-0.043,-1.149,-0.007,-0.164,0.196,-0.04,0.0,0.0,0.0,0.0,0.141,0.0,-2.171,0.54,1.419,0.913,1.2499666653493475,R718A
1.302,-0.014,1.065,-0.007,-0.137,-0.152,-0.078,0.0,0.0,0.0,0.0,0.141,0.0,-1.438,0.335,-0.195,0.254,1.0768921768246855,R718S
-2.858,0.728,3.418,0.03,1.271,-0.113,2.953,0.0,0.0,0.0,2.483,-0.759,0.165,2.215,-0.699,-2.944,-0.741,5.150524943733558,G720D
-1.617,0.639,0.495,0.027,0.904,-0.078,5.05,0.0,0.0,0.0,2.483,-0.759,0.165,-0.175,0.048,0.526,-0.141,7.568995162776446,G720A
1.16,-0.029,-2.094,-0.006,-0.817,-0.417,2.055,0.0,0.0,0.0,0.0,0.987,0.0,-2.096,0.553,2.434,0.259,1.9911681105270416,E719S
-0.48,1.774,2.164,-0.005,-0.053,0.267,-0.015,0.0,0.0,0.0,0.0,0.132,0.0,0.368,-0.074,1.246,0.085,5.408131833373091,R718T
-5.007,34.331,2.976,0.03,0.112,0.363,-0.28,0.0,0.0,0.0,0.0,0.0,0.003,6.112,0.137,-0.982,0.032,37.82665358733345,V717L
8.204,-2.286,0.599,-0.02,-0.044,0.836,-0.134,0.0,0.0,0.0,0.0,0.0,0.026,-0.346,1.293,-1.845,1.039,7.321869457085427,V717G
0.89,-0.029,-2.148,0.0,-0.638,-0.355,2.707,0.0,0.0,0.0,0.0,0.987,0.0,-0.627,0.095,1.273,0.239,2.3937083189254054,E719Q
-0.385,0.004,0.724,-0.001,-0.032,0.023,-0.053,0.0,0.0,0.0,0.0,0.141,0.0,-0.902,0.22,-0.62,0.065,-0.8185386127424863,R718K
-1.092,0.007,0.335,0.001,-0.145,0.125,-0.24,0.0,0.0,0.0,0.0,0.141,0.0,-0.72,0.216,1.752,0.448,0.8262706233380186,R718M
-7.87,49.99998331015289,1.967,0.081,1.1,-0.348,3.24,0.0,0.0,0.0,2.483,-0.88,0.275,3.446,0.302,1.505,0.037,49.999986519847624,G720I
-0.007,0.034,-4.171,0.003,0.296,-0.372,10.505,0.0,0.0,0.0,2.482,0.141,0.132,-0.929,-0.709,2.737,-0.412,9.731009435211604,R718V
-5.482,24.772,14.354,0.006,0.278,0.493,1.288,0.0,0.0,0.0,0.0,0.0,0.003,5.017,0.284,-3.358,0.17,37.82455060816403,V717K
-0.016,-0.004,-1.847,0.014,-0.601,-0.092,2.455,0.0,0.0,0.0,0.0,0.987,0.0,-0.55,0.585,3.942,0.37,5.242305123351684,E719F
-4.801,0.944,5.825,0.037,2.032,-0.257,1.192,0.0,0.0,0.0,1.334,-0.759,0.165,3.581,-0.24,-3.523,-0.29,5.242451248926727,G720E
-3.37,25.76,3.41,0.032,0.992,-0.193,4.3,0.0,0.0,0.0,2.483,-0.759,0.165,-0.169,-0.426,0.353,-0.261,32.31738527348739,G720T
-0.673,-0.664,10.207,0.024,0.652,-1.38,0.687,0.0,0.0,0.0,0.0,0.986,0.003,5.129,0.305,-5.368,0.133,10.04290707683333,V717E
-3.483,1.975,0.123,0.013,0.099,-0.052,0.016,0.0,0.0,0.0,0.0,0.141,0.0,-0.515,-0.072,0.676,-0.018,-1.0962877429866469,R718Y
-2.921,0.71,1.953,0.043,1.283,-0.146,5.414,0.0,0.0,0.0,2.483,-0.759,0.165,1.904,-0.336,-0.893,-0.388,8.514172559551866,G720R
-4.277,4.862,1.203,0.044,1.023,-0.116,5.183,0.0,0.0,0.0,2.483,-0.759,0.165,-0.153,-0.367,0.863,-0.43,9.724447256759277,G720L
-3.904,14.768,10.679,0.021,0.306,-0.063,2.49,0.0,0.0,0.0,0.0,0.176,0.003,4.952,0.196,-2.738,0.101,26.9871317187932,V717R
0.0,0.0,0.0,0.0,0.0,0.0,0.0,0.0,0.0,0.0,0.0,0.0,0.0,0.0,0.0,0.0,0.0,0.0,V717V
2.196,0.097,4.013,-0.01,0.009,0.072,-0.664,0.0,0.0,0.0,0.0,0.0,0.003,-0.242,0.334,-1.491,0.312,4.628849560151934,V717T
5.265,-1.986,3.853,-0.016,0.011,0.357,-0.602,0.0,0.0,0.0,0.0,0.0,0.003,-0.048,0.543,-2.933,0.345,4.793006068832256,V717S
-5.029,0.854,3.934,0.039,1.893,-0.569,3.041,0.0,0.0,0.0,2.425,-0.759,0.165,2.946,-0.4,-2.25,-0.44,5.8525246391106975,G720Q
-6.129,49.41362212084727,2.158,0.028,0.974,-0.254,4.937,4.257,0.0,0.0,2.483,-0.759,-0.097,-0.168,0.219,-2.442,11.523,49.69887095417951,G720P
-0.864,-0.165,7.733,-0.015,0.175,-0.143,0.294,0.0,0.0,0.0,0.0,0.055,0.003,3.797,0.421,-3.983,0.374,7.682869380848842,V717N
-3.954,0.685,1.413,0.048,1.195,-0.14,5.017,0.0,0.0,0.0,2.483,-0.759,0.165,1.639,-0.421,-0.216,-0.427,6.728438858325148,G720Y
-6.307,48.406,6.917,0.024,0.535,-0.973,-0.508,0.0,0.0,0.0,0.0,0.593,0.003,4.804,0.339,-2.061,0.033,38.81760750410819,V717Y
-5.984,44.74674696439842,1.674,0.032,0.395,-0.21,-0.735,0.0,0.0,0.0,0.0,0.034,0.0,1.309,0.53,0.509,0.365,44.31660399073811,T721L
-3.019,19.527,4.343,-0.004,-0.242,-0.098,4.872,0.0,0.0,0.0,0.0,2.28,0.003,3.088,0.476,-0.986,0.021,30.261967977285394,V717M
-1.216,2.262,7.13,-0.008,0.291,-0.767,2.319,0.0,0.0,0.0,0.0,0.986,0.003,3.074,0.361,-4.094,0.133,10.473791550061264,V717Q
-2.894,40.38296670137535,-3.315,0.035,0.912,-2.2,4.816,0.0,0.0,0.0,0.0,1.109,0.0,1.409,0.484,0.066,0.484,40.69361450534924,T721F
4.161,-0.91,-4.37,-0.001,-0.071,0.223,1.53,0.0,0.0,0.0,0.0,0.0,0.0,0.336,0.914,0.172,0.785,2.768269056335953,T721A
-3.616,5.702,8.963,0.021,0.82,0.11,-0.029,0.0,0.0,0.0,0.0,0.034,0.0,4.957,0.734,-3.877,0.536,14.353814781135611,T721E
6.252,2.097,-6.024,0.005,0.394,-1.736,5.756,0.0,0.0,0.0,0.0,1.109,0.0,-1.181,0.0,0.0,0.0,6.671220972202491,T721T
4.179,41.961,-10.547,0.024,0.367,-1.612,7.133,0.0,0.0,0.0,0.0,1.109,-0.039,-0.497,0.665,1.49,0.61,44.843579277310255,T721V
3.014,-0.693,0.584,0.0,-0.009,0.115,0.014,0.0,0.0,0.0,0.0,0.0,0.0,0.532,0.358,-1.442,0.248,2.7215881178747168,T721S
0.633,40.03859243630584,-9.506,0.07,0.554,-1.614,7.183,0.0,0.0,0.0,0.0,1.109,-0.039,0.927,0.878,1.151,0.862,40.803642677079154,T721I
0.13,-0.273,-2.231,-0.005,-0.061,0.145,0.935,0.0,0.0,0.0,0.0,0.0,0.0,0.32,0.581,2.103,0.578,2.222778775170468,T721C
1.613,39.786,-0.478,0.009,0.589,-2.711,6.874,0.0,0.0,0.0,0.0,1.109,0.0,1.618,0.58,-1.867,0.478,47.601475822822295,T721K
-5.917,12.128,7.349,0.036,0.847,-0.285,1.283,0.0,0.0,0.0,0.0,0.034,0.0,4.639,0.623,-2.603,0.389,18.523129589075324,T721Q
-8.918,18.511,9.894,0.029,0.579,-0.367,2.123,0.0,0.0,0.0,0.0,0.034,0.0,2.614,0.636,-1.247,0.458,24.34730717953846,T721R
3.495,49.977481431085856,-5.135,0.007,0.622,-1.58,7.171,25.079,0.911,0.0,0.0,1.249,0.191,-0.894,1.886,-2.795,11.973,49.99583261885573,T721P
-0.403,-0.164,6.261,0.0,0.22,-0.14,-1.34,0.0,0.0,0.0,0.0,0.141,0.0,2.64,0.714,-3.298,0.326,4.957117454058789,T721D
-2.288,1.609,3.944,0.008,0.258,-0.493,0.483,0.0,0.0,0.0,0.0,0.141,0.0,3.156,0.656,-2.492,0.393,5.374661157013748,T721N
-5.365,38.23173288373393,-2.182,0.041,0.825,-2.025,5.391,0.0,0.0,0.0,0.0,1.249,0.0,2.013,0.644,1.109,1.032,39.320540660717164,T721W
-6.567,7.419,7.801,0.026,0.672,-0.643,-0.969,0.0,0.0,0.0,0.0,0.034,0.0,3.795,0.525,-1.453,0.546,11.18685131350037,T721H
-9.082,38.15593148380755,5.249,0.076,0.553,-0.37,-0.672,0.0,0.0,0.0,0.0,0.034,0.0,5.033,0.49,-0.57,0.409,38.627983023928685,T721Y
7.653,-7.922,-2.082,-0.013,0.719,-2.585,7.224,0.0,0.0,0.0,0.0,1.108,0.0,-1.915,0.425,-2.034,0.156,0.7345014190440224,Y722Q
6.763,-1.012,-3.603,-0.008,-0.07,0.215,1.427,0.0,0.0,0.0,0.0,0.0,-0.068,-0.014,0.678,-0.354,0.606,4.561017428602781,T721G
3.844,49.84526145579179,-5.741,-0.001,-0.208,-0.894,6.466,0.0,0.0,0.0,0.0,1.108,0.096,-4.337,0.287,1.721,0.289,49.860700305340636,Y722I
0.291,21.31,-3.331,0.017,0.771,-2.232,5.377,0.0,0.0,0.0,0.0,1.249,0.0,1.402,0.74,0.505,0.591,26.690145410494097,T721M
6.594,-3.916,6.014,-0.023,0.063,-0.214,-5.474,0.0,0.0,0.0,0.0,-1.12,0.0,0.537,1.223,-2.728,0.859,1.8150145347551645,Y722D
9.951,-5.562,0.18,-0.026,-0.186,-0.283,-1.128,0.0,0.0,0.0,0.0,-1.524,0.0,-2.654,0.361,-0.872,0.324,-1.4193815304047348,Y722S
10.967,-8.018,-7.593,-0.023,-0.31,-1.667,6.681,0.0,0.0,0.0,0.0,1.108,0.0,-5.05,0.35,2.672,0.471,-0.4128089333493108,Y722C
0.0,0.0,0.0,0.0,0.0,0.0,0.0,0.0,0.0,0.0,0.0,0.0,0.0,0.0,0.0,0.0,0.0,0.0,Y722Y
0.31,1.217,-0.843,-0.001,-0.012,0.068,0.247,0.0,0.0,0.0,0.0,0.0,0.0,-0.347,0.061,0.636,-0.011,1.3251143653756117,Y722F
2.431,-2.23,-3.58,0.004,0.65,-1.36,7.252,0.0,0.0,0.0,0.0,1.108,0.0,-1.109,0.14,1.678,0.466,5.452760429444197,Y722W
8.036,29.469,-8.47,-0.002,-0.267,-1.474,7.105,0.0,0.0,0.0,0.0,1.108,0.096,-4.764,0.082,2.06,0.155,33.13430911826549,Y722V
5.515,-6.387,-5.972,-0.007,-0.114,-1.807,7.251,0.0,0.0,0.0,0.0,1.108,0.0,-1.624,0.393,1.075,0.369,-0.1986887334498988,Y722M
10.819,-6.207,-5.632,-0.016,-0.231,-1.778,6.339,0.0,0.0,0.0,0.0,1.108,0.0,-4.751,0.164,0.569,0.175,0.5580955930543041,Y722T
13.856,-6.567,-4.477,-0.027,-0.212,0.048,0.495,0.0,0.0,0.0,0.0,0.0,0.061,-3.561,1.142,0.215,1.637,2.6087569562009776,Y722G
10.676,-5.587,-5.133,-0.027,-0.209,0.0,0.382,0.0,0.0,0.0,0.0,0.0,0.0,-3.211,0.588,0.742,0.657,-1.1217832848841454,Y722A
10.087,47.63163100822245,-7.563,-0.018,-0.209,-1.378,8.66,46.896040193845,0.0,1.194,0.0,1.108,0.257,-4.445,4.916,-2.226,4.012,49.9563275957868,Y722P
7.274,-4.417,0.168,0.019,0.305,-1.029,3.677,0.0,0.0,0.0,-0.39,1.108,0.0,-1.778,0.416,-1.297,0.156,4.21315443746721,Y722K
4.886,13.601,-5.346,-0.005,-0.265,-1.134,7.009,0.0,0.0,0.0,0.0,1.108,0.0,-3.399,0.269,1.079,0.152,17.95678688643909,Y722L
8.23,-6.679,0.129,-0.018,1.069,-2.06,3.957,0.0,0.0,0.0,0.0,1.108,0.0,0.902,0.509,-3.307,0.335,4.175635328001931,Y722E
9.836,-7.581,-3.339,-0.02,-0.036,-2.162,5.916,0.0,0.0,0.0,0.0,1.108,0.0,-2.938,0.924,-1.923,0.666,0.4506487162891517,Y722N
7.879,-7.752,-3.446,-0.015,0.243,-1.795,5.973,0.0,0.0,0.0,0.0,1.108,0.0,-1.898,0.338,-0.883,0.183,-0.0646279260015489,Y722H
7.809,-5.121,-1.722,0.008,0.694,-1.641,6.075,0.0,0.0,0.0,0.0,1.108,0.0,0.164,0.267,-0.677,0.172,7.137971521789268,Y722R
0.0,0.0,0.0,0.0,0.0,0.0,0.0,0.0,0.0,0.0,0.0,0.0,0.0,0.0,0.0,0.0,0.0,0.0,S728S
-10.491,49.999999999957375,3.611,0.001,0.02,0.416,5.51,7.108,0.0,0.0,1.321,0.0,0.085,1.01,-0.586,-2.442,10.945,49.99999999997797,G729P
-1.619,-5.064,8.461,-0.02,-0.428,2.082,-5.474,0.0,0.0,0.0,0.0,-0.545,0.0,-0.037,0.447,1.593,0.161,-0.4418042010751151,L723C
-8.3,15.277,15.3,0.36,0.035,2.102,-5.691,0.0,0.0,0.0,0.0,-0.545,0.0,6.131,0.417,-1.963,0.184,23.30779385016569,L723H
2.311,47.98761399963627,3.466,-0.015,0.007,0.146,1.006,47.66688893924151,0.0,1.1,0.0,0.0,0.146,1.266,2.772,-3.305,2.326,49.96869878946899,L723P
-3.019,9.989,-6.421,0.004,-0.022,-0.367,2.851,0.0,0.0,0.0,1.888,0.0,0.044,-1.895,0.634,1.49,0.541,5.718843499671721,T727V
-2.034,1.65,-1.385,0.028,0.009,0.449,0.603,0.0,0.0,0.0,0.0,0.0,-0.034,2.678,0.524,2.932,0.417,5.834921659255087,S728V
-1.763,-5.179,15.082,-0.019,-0.049,1.772,-5.462,0.0,0.0,0.0,0.0,-0.545,0.0,3.324,0.476,-3.808,0.172,4.000639080107703,L723D
-1.347,1.481,0.123,0.008,0.016,0.063,0.254,0.0,0.0,0.0,0.0,0.0,0.0,2.17,0.317,1.441,0.525,5.051091853158141,S728T
-4.389,9.794,3.007,0.006,0.839,-0.393,1.751,0.0,0.0,0.0,1.888,-0.631,0.0,3.954,0.321,-2.603,0.183,13.727530278270253,T727Q
-2.492,1.898,4.702,0.003,0.493,0.481,-0.832,0.0,0.0,0.0,0.0,0.0,0.0,3.269,0.076,-1.857,0.298,6.040581061124044,S728D
-7.02,20.197,2.203,0.006,0.765,0.854,4.029,0.0,0.0,0.0,1.888,0.0,0.0,5.589,0.361,-1.247,0.302,27.926817488912093,T727R
9.948,-1.662,0.368,-0.009,0.821,-2.04,5.527,0.0,0.0,0.0,0.0,1.109,0.0,1.606,0.468,-3.808,0.14,12.467099692599504,L724D
-4.019,1.094,1.74,0.011,0.017,-0.181,-0.092,0.0,0.0,0.0,0.0,0.0,0.0,2.678,0.354,-1.08,0.032,0.5529773353376868,L724Y
-1.019,0.336,-0.557,0.008,0.195,0.139,0.368,0.0,0.0,0.0,0.0,0.0,0.0,2.152,0.1,-0.425,0.067,1.3643745160840126,S728K
1.975,0.164,1.802,-0.024,0.002,-0.651,-0.08,0.0,0.0,0.0,0.0,0.0,-0.132,-2.646,0.994,-0.527,1.256,2.131540769944081,A726G
1.612,-0.097,-1.856,-0.001,-0.053,0.057,0.48,0.0,0.0,0.0,0.0,0.0,-0.021,-0.102,0.638,1.087,0.717,2.460933474824288,S728G
-1.857,0.337,1.14,0.004,0.676,-0.028,0.427,0.0,0.0,0.0,0.0,0.0,0.0,3.774,0.156,-1.051,0.543,4.1209972741943375,S728N
-3.555,1.646,-0.829,0.01,0.077,0.192,0.764,0.0,0.0,0.0,0.0,0.0,0.0,2.4,-0.003,1.947,0.355,3.0034929954309746,S728M
9.928,-3.215,2.977,-0.018,-0.073,0.143,-0.139,0.0,0.0,0.0,0.0,0.0,-0.007,-0.733,1.558,-0.864,2.003,11.559468145577624,L723G
-2.566,0.649,1.52,0.007,0.356,0.454,-1.921,0.0,0.0,0.0,-1.296,0.0,0.0,4.272,-0.154,-2.435,0.012,-1.1018510468477416,S728E
-5.871,-2.228,6.79,0.003,-0.397,2.156,-5.204,0.0,0.0,0.0,0.0,-0.545,0.0,2.065,0.0,0.0,0.0,-3.231290175316872,L723L
-0.048,0.311,4.743,-0.004,0.186,0.144,1.467,0.0,0.0,0.0,1.888,0.0,0.0,2.058,0.601,-3.298,0.368,8.417528826217563,T727D
-1.186,49.99850902457249,-3.689,-0.01,0.01,0.227,4.373,16.528,1.24,0.0,1.888,0.0,0.131,-1.378,1.436,-2.795,1.567,49.999284128440266,T727P
-10.776,47.419290790819204,10.066,0.006,-0.275,2.639,-4.018,49.427197504694796,0.0,1.021,0.0,-0.545,0.169,3.598,7.422,-2.968,8.811,49.99167534665525,A732P
-4.236,1.999,-0.869,0.023,0.403,0.3,0.521,0.0,0.0,0.0,0.0,0.0,0.0,3.337,0.22,1.507,0.478,3.685494440958337,S728F
8.147,-3.233,1.95,-0.017,-0.073,0.181,-0.016,0.0,0.0,0.0,0.0,0.0,0.0,-0.733,0.883,-0.337,0.549,7.299957693391207,L723A
-1.378,45.79622359832493,-2.807,0.107,0.05,0.303,4.441,0.0,0.0,0.0,0.947,-1.311,0.169,3.01,3.444,0.353,3.581,47.2419554503069,G730T
-3.738,46.145420795562316,1.723,0.398,0.266,0.341,0.363,0.0,0.0,0.0,0.0,0.0,0.0,6.605,0.216,-0.444,-0.02,46.908104977916096,L723F
2.969,-3.01,7.126,-0.013,0.334,0.172,0.243,0.0,0.0,0.0,0.0,-1.592,0.0,1.802,0.518,-3.002,0.166,5.7146574692509375,L723N
4.426,49.77072776186859,-5.403,0.028,0.392,-1.986,5.483,0.0,0.0,0.0,0.0,1.109,0.015,-0.202,-0.337,0.642,-0.471,49.80214872705899,L724I
-1.73,1.107,-1.239,0.002,-0.021,0.228,0.123,0.0,0.0,0.0,0.0,0.0,0.0,0.58,0.4,3.544,0.33,3.3237728091527288,S728C
0.429,0.039,-2.26,0.0,-0.053,0.193,0.549,0.0,0.0,0.0,0.0,0.0,0.0,-0.102,0.058,1.614,-0.004,0.4624211034723657,S728A
-3.586,5.872,6.748,-0.01,0.143,1.003,0.042,0.0,0.0,0.0,0.0,-1.025,0.009,2.396,0.336,-4.094,0.205,8.039559768136655,V725Q
6.945,0.506,-4.728,0.0,0.371,-1.463,5.754,0.0,0.0,0.0,0.0,1.109,0.0,2.298,0.597,-0.005,0.393,11.77690607402235,L724M
1.605,-3.221,5.949,-0.011,0.192,0.45,-1.388,0.0,0.0,0.0,0.0,0.0,0.0,3.141,0.653,-4.386,0.18,3.1634942256060867,L724E
-3.329,-4.834,6.23,-0.005,-0.417,1.92,-5.412,0.0,0.0,0.0,0.0,-0.545,0.014,0.326,-0.138,0.981,-0.313,-5.521559845482329,L723V
-8.782,47.068,9.73,0.023,-0.375,1.368,-5.712,0.0,0.0,0.0,0.0,-0.545,0.0,4.453,0.655,-0.005,0.208,48.08638625677213,L723M
-0.25,-3.078,5.572,-0.003,0.27,-0.001,-0.162,0.0,0.0,0.0,0.0,0.0,0.0,4.064,0.333,-1.963,0.183,4.963324010323959,L724H
-4.534,1.978,-0.096,0.023,0.417,0.186,0.511,0.0,0.0,0.0,0.0,-0.917,0.0,3.437,0.23,0.871,0.427,2.531918599884761,S728Y
-0.894,0.261,-0.538,0.011,0.288,0.162,0.183,0.0,0.0,0.0,0.0,0.0,0.0,2.656,-0.013,0.194,0.166,2.478027681432309,S728R
-5.007,3.637,0.055,0.019,0.543,0.015,0.269,0.0,0.0,0.0,0.0,0.0,0.0,3.414,0.061,2.55,0.268,5.824915558934549,S728W
-2.684,2.343,-1.34,0.025,0.089,0.185,0.436,0.0,0.0,0.0,0.0,0.0,-0.034,1.096,0.459,2.593,0.403,3.569656389164038,S728I
1.543,-1.303,9.81,-0.009,0.235,0.253,-0.79,0.0,0.0,0.0,0.0,0.0,0.0,2.552,0.566,-4.386,0.144,8.61427423484838,L723E
-5.351,49.91629254514651,-1.126,0.002,0.0,0.231,2.208,10.143,0.0,0.846,0.0,0.0,-0.024,0.576,-0.048,-1.354,0.25,49.93506575812755,S728P
-3.118,0.636,2.474,0.012,0.811,0.467,-0.335,0.0,0.0,0.0,-0.004,0.0,0.0,4.399,0.142,-0.011,0.352,5.82369476445308,S728H
-13.393,23.422,21.338,0.002,-0.289,2.693,-6.514,0.0,0.0,0.0,0.062,0.759,0.0,3.798,0.432,-1.757,0.126,30.67968723204922,L723R
-2.053,0.61,1.05,0.015,0.224,0.226,0.059,0.0,0.0,0.0,0.0,0.0,0.0,5.818,-0.02,-1.162,0.205,4.972025166023286,S728Q
-1.182,-4.865,10.429,-0.009,-0.416,1.932,-5.448,0.0,0.0,0.0,0.0,-0.545,0.0,1.722,0.411,-0.51,0.161,1.67992429524827,L723T
7.695,-0.838,-5.931,-0.014,-0.073,0.139,2.652,0.0,0.0,0.0,1.888,0.0,-0.009,-2.081,0.664,-0.354,0.764,4.502595751004947,T727G
-2.876,1.5,-1.077,0.062,0.183,0.191,0.7,0.0,0.0,0.0,0.0,0.0,0.0,3.15,-0.047,1.951,0.353,4.090061550276687,S728L
-3.366,49.578985853227536,-5.988,0.025,0.091,0.889,2.811,0.0,0.0,0.0,1.888,0.0,0.044,4.512,0.848,1.151,0.85,49.63750740642148,T727I
1.109,-5.373,11.139,-0.02,-0.401,1.945,-5.804,0.0,0.0,0.0,0.0,-0.545,0.0,-0.05,0.836,-1.952,0.295,1.1794724779224453,L723S
-6.653,0.658,7.612,0.393,-0.27,2.021,-5.245,0.0,0.0,0.0,0.0,-0.545,0.014,6.09,-0.263,0.642,-0.424,4.030264831134559,L723I
-12.967,49.99358408704388,8.652,-0.006,1.056,-0.843,0.408,0.0,0.0,0.0,0.0,0.0,0.0,2.933,0.138,-1.626,-0.215,49.9929181023399,A726H
4.02,-3.812,2.104,-0.014,-0.059,0.074,-0.277,0.0,0.0,0.0,0.0,0.0,0.0,-0.032,0.422,1.593,0.272,4.291101777541485,L724C
-7.311,49.062639774410414,1.447,0.059,0.536,2.02,1.407,0.0,0.0,0.0,0.0,0.0,0.001,6.756,-0.114,0.42,-0.203,49.231772423247364,G729F
6.914,-1.17,1.701,-0.019,-0.053,0.144,-0.21,0.0,0.0,0.0,0.0,0.0,0.014,0.0,1.082,-1.845,1.595,8.15336428356909,V725G
-0.093,0.665,-4.396,-0.012,-0.063,-0.325,2.426,0.0,0.0,0.0,1.888,0.0,0.0,-1.472,0.269,2.103,0.268,1.2588023050093398,T727C
-7.707,42.06988229257876,16.986,0.036,-0.216,2.353,-4.979,0.0,0.0,0.0,0.0,-0.545,0.0,4.803,0.546,-2.377,0.078,44.32659315468772,L723K
-2.938,38.923,-5.949,0.019,0.059,0.941,2.507,0.0,0.0,0.0,1.888,0.0,0.0,1.193,0.155,0.509,0.174,37.48292604503911,T727L
4.204,-0.158,-6.72,-0.013,-0.073,-0.017,2.856,0.0,0.0,0.0,1.888,0.0,0.0,-2.081,0.591,0.172,0.502,1.1528028465858142,T727A
-6.212,49.97924643772576,-2.261,0.059,0.109,1.674,3.107,0.0,0.0,0.0,1.321,0.0,-0.065,4.573,0.31,1.844,-0.063,49.982591179271274,G729V
-3.983,28.145,3.074,0.041,0.602,-0.09,4.487,0.0,0.0,0.0,1.887,0.0,0.0,6.129,0.316,-1.867,0.24,38.980565301652405,T727K
2.69,-0.507,0.443,-0.013,0.002,0.189,-0.254,0.0,0.0,0.0,-0.166,0.0,0.0,-1.533,0.186,-1.442,0.14,-0.2637120249935378,T727S
-0.441,0.09,-0.742,-0.007,0.011,-0.148,-0.192,0.0,0.0,0.0,0.0,0.0,0.0,-1.72,0.0,0.0,0.0,-3.1489915016934447,T727T
-7.706,49.50020650725693,2.267,0.074,0.563,1.872,0.73,0.0,0.0,0.0,0.0,0.0,0.001,7.439,-0.072,-0.216,-0.171,49.58683967447371,G729Y
-8.806,42.925622754285044,0.583,0.0,0.049,-0.167,0.079,0.0,0.0,0.0,0.0,0.0,0.0,3.352,0.318,0.332,0.093,41.74769721989985,A726M
-6.05,1.314,13.282,-0.013,-0.267,2.729,-5.217,0.0,0.0,0.0,0.0,-1.582,0.0,2.933,0.531,-3.113,0.086,4.631941022314436,L723Q
-2.862,26.368,-5.822,-0.001,0.152,0.52,1.929,0.0,0.0,0.0,1.888,0.0,0.0,5.809,0.46,0.505,0.243,29.18909677150043,T727M
-5.288,17.319,1.802,-0.008,0.136,-0.423,0.126,49.77221436021926,0.0,0.165,0.0,0.0,-0.116,-0.265,7.371,-2.968,8.897,49.92173993326717,A726P
-4.576,16.801,9.193,-0.007,0.852,-0.529,-1.621,0.0,0.0,0.0,0.0,0.0,0.0,3.754,0.954,-3.471,0.551,21.900745846023028,A726D
0.0,0.0,0.0,0.0,0.0,0.0,0.0,0.0,0.0,0.0,0.0,0.0,0.0,0.0,0.0,0.0,0.0,0.0,L724L
-3.366,4.735,5.625,-0.006,0.943,-0.963,-0.77,0.0,0.0,0.0,1.888,-0.775,0.0,2.652,0.454,-3.877,0.319,6.859130250144972,T727E
12.732,-1.806,-4.158,-0.003,0.291,-1.375,5.906,0.0,0.0,0.0,0.0,1.109,0.0,0.181,0.944,-0.337,0.647,14.129458682178663,L724A
-4.969,8.41,11.657,0.001,1.219,-0.598,-0.21,0.0,0.0,0.0,0.448,0.0,0.009,4.207,0.204,-2.944,0.165,17.600093914485228,V725H
3.099,-3.82,5.741,-0.001,0.362,-0.194,0.76,0.0,0.0,0.0,0.0,0.0,0.0,3.721,0.524,-3.002,0.136,7.32301013515837,L724N
-11.748,50.0,1.637,0.092,0.468,1.358,1.183,0.0,0.0,0.0,0.521,-1.311,0.169,3.497,2.964,1.462,3.411,50.0,G730W
2.094,15.891,-0.066,0.087,0.148,0.489,2.815,0.0,0.0,0.0,0.521,-1.311,0.169,4.854,3.064,-1.088,2.688,30.356844025340592,G730S
-5.658,47.77031351005441,5.862,0.04,0.214,0.012,-0.032,0.0,0.0,0.0,0.0,0.0,0.0,6.604,0.386,-1.08,-0.036,48.259105612640845,L723Y
-2.624,5.737,5.167,0.0,0.272,0.643,0.68,0.0,0.0,0.0,0.0,0.0,0.0,1.819,0.535,-1.757,0.183,10.654725712860454,L724R
-6.761,45.88898042959956,6.382,0.021,0.788,-0.261,0.768,0.0,0.0,0.0,0.0,0.0,0.001,7.164,-0.316,-2.139,-0.319,46.65170528867101,G729N
3.444,-0.707,4.028,-0.004,-0.03,-0.141,-0.205,0.0,0.0,0.0,0.0,0.0,0.0,0.372,0.423,-0.51,0.129,6.7982252418371445,L724T
14.678,-2.027,-3.159,-0.005,0.291,-1.42,5.781,0.0,0.0,0.0,0.0,1.109,0.026,0.181,1.732,-0.864,2.639,18.960474545533884,L724G
-2.235,44.253,-0.258,0.007,-0.047,0.29,1.132,0.0,0.0,0.0,0.801,0.0,0.001,1.895,-0.377,0.526,-0.388,45.59905931817741,G729A
-0.606,49.998278100148916,2.815,-0.01,-0.012,0.065,1.009,46.9783361748548,0.0,0.79,0.0,0.0,0.065,1.904,3.872,-3.305,2.738,49.99996305153325,L724P
1.581,41.05948678708211,0.489,0.002,-0.043,-0.203,-0.066,0.0,0.0,0.0,0.0,0.0,0.015,0.356,-0.211,0.981,-0.344,41.85755814652567,L724V
0.0,0.0,0.0,0.0,0.0,0.0,0.0,0.0,0.0,0.0,0.0,0.0,0.0,0.0,0.0,0.0,0.0,0.0,G729G
-22.282,49.99999999746662,-0.088,0.038,0.637,-1.466,-0.685,0.0,0.0,0.0,0.0,0.0,0.0,2.638,0.334,0.936,0.279,49.99999999443824,A726W
-10.554,48.76173619128112,-4.784,0.012,0.666,0.491,1.373,0.0,0.0,0.0,1.762,0.0,0.0,4.345,0.216,1.109,0.606,48.50614848144326,T727W
-4.609,16.64,2.574,0.001,0.11,-0.156,-0.78,0.0,0.0,0.0,0.0,0.0,0.0,0.012,0.439,-0.173,-0.086,13.971911631883472,A726T
-1.958,0.273,1.281,-0.009,0.181,-0.027,1.195,0.0,0.0,0.0,1.265,0.0,0.0,2.447,0.434,-2.492,0.354,2.9436309723030263,T727N
-7.085,23.151,1.745,-0.003,0.303,-0.454,0.638,0.0,0.0,0.0,1.135,0.0,0.0,2.61,0.296,-1.453,0.373,21.25596577339195,T727H
0.0,0.0,0.0,0.0,0.0,0.0,0.0,0.0,0.0,0.0,0.0,0.0,0.0,0.0,0.0,0.0,0.0,0.0,V725V
-13.578,49.99999667389912,-2.742,0.012,0.301,-0.417,-0.563,0.0,0.0,0.0,0.0,0.0,0.0,1.072,0.251,-0.107,-0.132,49.99999371652938,A726F
-11.599,49.99999999999492,16.963,0.042,1.572,2.011,6.241,0.0,0.0,0.0,1.211,0.0,0.001,8.931,-0.439,-3.523,-0.418,49.999999999997804,G729E
-5.431,35.036,-0.593,0.018,0.049,-0.37,0.386,0.0,0.0,0.0,0.0,0.0,-0.045,3.138,0.504,1.318,0.04,34.048898341713766,A726V
-6.827,49.99998954917796,-4.808,0.008,0.242,0.963,2.695,0.0,0.0,0.0,1.888,0.0,0.0,3.97,0.231,-0.57,0.265,49.9999887047007,T727Y
-9.552,49.83356917290724,-4.673,0.008,0.172,0.054,2.668,0.0,0.0,0.0,1.888,0.0,0.0,1.65,0.168,0.066,0.276,49.77748449011512,T727F
-17.63,49.99738658098779,8.125,0.382,-0.075,2.426,-4.616,0.0,0.0,0.0,0.0,-0.545,0.0,6.045,0.404,0.599,0.392,49.996871920166356,L723W
-4.438,6.785,0.192,-0.005,0.024,-0.048,-0.715,0.0,0.0,0.0,0.0,0.0,0.0,-0.009,0.526,1.93,0.198,4.437043113688333,A726C
-9.149,49.99189497360818,2.553,0.029,0.131,-0.188,1.041,0.0,0.0,0.0,0.801,0.0,0.001,3.994,-0.34,0.863,-0.327,49.991700794201236,G729L
-7.284,49.960736601309655,-0.437,0.076,0.24,1.807,3.012,0.0,0.0,0.0,1.321,0.0,-0.065,4.886,0.353,1.505,-0.114,49.96823367862537,G729I
4.7,-0.278,-1.226,-0.018,-0.218,0.324,0.33,0.0,0.0,0.0,0.0,0.0,0.0,-1.33,0.35,2.672,0.137,5.442832560008696,Y731C
-8.426,48.14558016764115,-0.628,0.015,0.098,-0.491,0.081,0.0,0.0,0.0,0.0,0.0,0.0,4.313,0.889,0.336,0.554,47.89282862432332,A726L
-6.652,49.999999998029836,6.945,0.049,0.573,0.829,3.621,0.0,0.0,0.0,0.588,-0.678,0.169,5.317,3.391,-3.523,2.748,49.99999999884627,G730E
-12.798,42.86755337438586,7.709,0.006,0.226,-0.475,1.117,0.0,0.0,0.0,0.0,0.0,0.0,3.989,0.282,-1.42,-0.1,42.46996598600213,A726R
0.0,0.0,0.0,0.0,0.0,0.0,0.0,0.0,0.0,0.0,0.0,0.0,0.0,0.0,0.0,0.0,0.0,0.0,A726A
-9.277,49.74673671000262,3.366,0.016,0.235,0.209,0.312,0.0,0.0,0.0,0.0,0.0,0.001,4.755,-0.206,0.859,-0.365,49.745771045101556,G729M
0.033,0.957,0.413,-0.007,-0.181,0.138,0.617,0.0,0.0,0.0,0.0,0.0,0.0,-0.154,0.29,1.075,-0.015,3.16573322673662,Y731M
-0.174,0.186,6.319,-0.006,0.208,-0.282,0.827,0.0,0.0,0.0,0.0,0.0,0.0,2.233,0.659,-2.377,0.098,7.690476373275374,L724K
3.453,2.159,-5.776,0.02,0.373,-1.828,5.861,0.0,0.0,0.0,0.0,1.109,0.0,1.931,0.201,-0.444,-0.001,7.0588335753643605,L724F
-4.656,36.423,4.092,0.01,0.15,0.035,0.673,0.0,0.0,0.0,0.0,0.0,0.009,6.055,0.316,-0.986,0.453,42.57426852937647,V725M
-5.967,39.85011027814288,1.482,0.027,0.031,0.242,1.753,0.0,0.0,0.0,1.035,0.0,0.001,6.355,-0.144,2.456,-0.481,42.07230010805376,G729C
-14.857,49.999999966242726,-0.707,0.012,0.311,-0.294,0.249,0.0,0.0,0.0,0.0,0.0,0.0,0.938,0.303,-0.743,-0.145,49.999999938656565,A726Y
-13.634,50.0,11.797,0.044,1.226,1.875,1.418,0.0,0.0,0.0,1.342,0.0,0.001,9.011,-0.386,-2.25,-0.408,50.0,G729Q
-7.726,45.38812677733485,5.71,0.054,0.775,0.28,0.466,0.0,0.0,0.0,1.035,0.0,0.001,7.687,-0.284,-1.513,-0.337,46.356710676650486,G729K
1.684,-0.01,2.231,-0.013,0.034,-0.46,-0.507,0.0,0.0,0.0,0.0,0.0,0.009,0.025,0.056,-1.491,0.054,1.6125153610863665,V725T
-6.155,30.991,6.224,-0.002,0.768,-0.37,0.153,0.0,0.0,0.0,0.0,0.0,0.0,2.748,0.796,-2.665,0.314,32.80015275153869,A726N
-6.135,45.242935196650265,4.932,0.041,0.939,1.353,1.199,0.0,0.0,0.0,0.0,0.0,0.001,7.471,-0.38,-1.099,-0.391,46.49050466362532,G729H
-9.434,39.76553354678137,-0.848,0.067,0.24,-0.599,0.091,0.0,0.0,0.0,0.0,0.0,-0.045,4.941,0.615,0.979,0.217,38.29157029069783,A726I
-5.704,46.82070071531095,8.456,0.012,0.785,-0.215,3.553,0.0,0.0,0.0,0.0,0.0,0.001,6.353,-0.44,-2.944,-0.397,47.80022939976722,G729D
-3.864,40.737,7.591,0.009,0.012,0.896,0.22,0.0,0.0,0.0,1.035,0.0,0.001,2.872,-0.665,-1.088,-0.535,47.2205209909057,G729S
1.751,-0.64,1.735,-0.01,-0.054,0.215,-0.086,0.0,0.0,0.0,0.0,0.0,0.009,2.209,0.418,0.612,0.592,6.752294373779819,V725C
-23.75,50.0,6.045,0.04,0.578,0.896,2.563,0.0,0.0,0.0,1.342,0.0,0.001,8.438,-0.279,1.462,-0.412,50.0,G729W
-7.327,49.99684832534611,6.349,0.002,0.027,0.491,0.709,0.0,0.0,0.0,1.21,0.0,0.001,0.882,-0.305,0.353,-0.278,49.99710386419656,G729T
-4.824,45.65149825350603,1.606,0.06,1.991,0.594,3.981,0.0,0.0,0.0,1.623,0.0,0.001,4.817,-0.369,-0.893,-0.386,46.828832099510755,G729R
6.563,-0.095,1.779,-0.019,-0.136,0.419,-1.41,0.0,0.0,0.0,0.116,-3.013,0.0,-0.037,0.41,-0.872,0.278,3.982746896728486,Y731S
0.788,12.949,2.898,-0.015,0.055,0.145,0.328,48.76905234943494,0.0,1.088,0.0,0.0,0.102,0.35,6.868,-4.286,5.367,49.57241885559963,V725P
0.649,-2.472,3.962,-0.01,0.094,0.517,-0.513,0.0,0.0,0.0,0.0,0.0,0.0,2.776,0.636,-3.113,0.11,2.6353463938610275,L724Q
-7.01,23.296,7.487,-0.005,0.298,-0.798,-0.951,0.0,0.0,0.0,0.0,0.0,0.0,3.534,0.37,-4.05,0.038,22.207743499869025,A726E
5.621,-3.845,3.774,-0.014,-0.031,-0.128,-0.748,0.0,0.0,0.0,0.0,0.0,0.0,-0.04,0.875,-1.952,0.311,3.821928971645434,L724S
-1.975,0.411,4.918,-0.006,0.05,-0.31,-1.233,0.0,0.0,0.0,0.0,0.0,0.0,-0.677,0.061,-1.615,-0.19,-0.5658965513268868,A726S
5.123,-0.434,0.68,-0.018,-0.053,0.115,-0.133,0.0,0.0,0.0,0.0,0.0,0.009,0.0,0.45,-1.319,0.699,5.120329719771576,V725A
6.444,49.99305420802739,-5.094,-0.008,0.304,1.497,-0.675,3.936,0.0,0.0,0.962,0.0,-0.065,-1.197,1.956,-2.226,12.402,49.99665085980252,Y731P
-9.837,49.999999821298644,-3.734,0.106,0.315,0.285,2.677,0.0,0.0,0.0,0.521,-1.311,0.169,6.412,3.525,0.859,3.298,49.99999984331348,G730M
-0.491,0.688,6.379,-0.014,0.234,-0.234,-0.5,0.0,0.0,0.0,0.0,0.0,0.009,2.051,0.975,-3.983,0.798,5.912821389079568,V725N
-11.419,26.768,21.324,0.011,0.679,1.687,-4.577,0.0,0.0,0.0,-1.012,-1.078,0.009,3.089,0.148,-2.738,0.157,33.04737147094659,V725R
1.994,-0.592,8.622,-0.011,0.916,-0.131,-2.818,0.0,0.0,0.0,0.0,0.0,0.009,3.241,1.36,-4.789,1.035,8.836220558195919,V725D
-1.291,49.552462628129874,-5.345,0.043,-0.008,0.491,2.569,0.0,0.0,0.0,0.947,-1.311,0.169,5.0,3.096,2.456,3.474,49.70303983856294,G730C
-0.985,49.96904867207256,-4.85,0.081,0.129,0.792,3.21,43.92913776025248,0.911,0.0,0.521,-1.311,0.152,2.536,8.16,-2.442,21.201,49.999349926146174,G730P
12.554,-0.571,-7.778,-0.014,0.163,1.626,-1.574,0.0,0.0,0.0,-0.198,0.0,0.0,-1.596,0.425,0.742,0.346,4.125103065027929,Y731A
-1.19,49.39944047424264,1.137,0.081,0.835,0.316,2.154,0.0,0.0,0.0,0.521,-1.311,0.169,3.806,2.337,-2.139,2.037,49.5761156343724,G730N
-8.57,41.515,4.314,-0.008,0.229,-1.042,0.126,0.0,0.0,0.0,0.0,0.0,0.0,2.852,0.367,-2.776,-0.001,37.00589200187562,A726Q
-9.47,44.92518989453694,13.153,0.02,0.522,-0.219,-0.452,0.0,0.0,0.0,0.381,0.0,0.009,5.892,-0.045,-2.061,0.059,46.2324826109136,V725Y
-3.582,44.09219087847545,-7.054,0.143,0.035,0.811,3.522,0.0,0.0,0.0,0.947,-1.311,0.147,2.384,6.529,1.844,10.489,46.656787579984886,G730V
14.85,-0.652,-7.301,-0.015,0.163,1.711,-1.572,0.0,0.0,0.0,-0.198,0.0,-0.107,-1.596,0.854,0.215,1.218,7.569890814989208,Y731G
3.139,-0.066,3.194,-0.016,0.06,-0.207,0.551,0.0,0.0,0.0,0.116,-0.679,0.0,0.728,0.572,-1.923,0.356,5.825121982438304,Y731N
2.431,4.68,-1.683,0.002,-0.205,0.472,0.904,0.0,0.0,0.0,0.0,0.0,-0.067,1.007,0.121,2.06,0.233,9.955235585815444,Y731V
-13.577,50.0,3.08,0.1,0.385,0.346,3.071,0.0,0.0,0.0,0.521,-1.311,0.169,4.581,3.009,-0.216,2.616,50.0,G730Y
-2.029,1.982,9.833,-0.013,0.208,0.484,-1.76,0.0,0.0,0.0,0.0,-1.1,0.009,2.412,0.395,-5.368,0.361,5.413136746550208,V725E
0.222,4.932,-0.446,0.019,-0.163,0.277,1.049,0.0,0.0,0.0,0.0,0.0,-0.067,2.108,0.117,1.721,0.333,10.101631498360234,Y731I
-7.045,46.86715813681006,0.935,0.022,0.208,-0.293,-0.475,0.0,0.0,0.0,0.0,0.0,0.0,3.474,0.381,0.599,0.593,46.66666641479167,L724W
-3.02,1.995,0.672,0.009,0.069,0.102,0.246,0.0,0.0,0.0,0.0,0.0,0.0,0.003,0.32,-0.339,0.168,0.225280560199053,V725I
-9.641,49.99999999999575,10.837,0.114,1.007,1.226,3.19,0.0,0.0,0.0,0.521,-1.311,0.169,6.669,3.007,-1.513,2.308,49.99999999999781,G730K
-6.074,46.22293323436196,15.229,0.014,0.661,0.121,-2.913,0.0,0.0,0.0,0.448,0.0,0.009,3.694,0.371,-3.358,0.231,47.27495369211845,V725K
-9.972,42.924307859581766,7.32,-0.01,0.155,-0.417,1.133,0.0,0.0,0.0,0.0,0.0,0.0,0.787,0.477,-2.04,0.065,42.23717522074645,A726K
-6.724,49.9999999845502,-7.196,0.073,0.187,0.392,3.051,0.0,0.0,0.0,0.947,-1.311,0.169,5.196,3.521,0.863,3.122,49.99999998590214,G730L
4.876,0.761,5.435,-0.008,0.038,0.934,-2.285,0.0,0.0,0.0,0.0,-1.179,0.0,2.471,0.699,-2.728,0.482,9.494318485983513,Y731D
0.11,-0.116,-0.212,0.001,-0.009,0.094,0.078,0.0,0.0,0.0,0.0,0.0,0.0,0.11,-0.017,0.636,-0.032,0.6430187349416201,Y731F
2.596,28.592,-5.004,0.079,0.06,0.376,2.826,0.0,0.0,0.0,0.521,-1.311,0.169,2.186,3.347,0.526,2.642,37.6051543228748,G730A
-0.048,0.408,5.518,-0.003,0.288,0.792,-0.383,0.0,0.0,0.0,-0.534,0.0,0.0,1.152,0.237,-0.677,0.064,6.811719550056296,Y731R
0.0,0.0,0.0,0.0,0.0,0.0,0.0,0.0,0.0,0.0,0.0,0.0,0.0,0.0,0.0,0.0,0.0,0.0,G730G
-11.281,46.803788720518384,10.226,0.016,0.813,0.805,0.549,0.0,0.0,0.0,1.59,0.0,0.009,5.27,0.162,-0.382,0.485,47.682649253762044,V725W
-8.419,49.999999920184635,4.303,0.04,0.933,0.952,2.568,0.0,0.0,0.0,0.588,0.0,0.169,5.182,2.966,-0.893,2.478,49.99999994832554,G730R
0.0,0.0,0.0,0.0,0.0,0.0,0.0,0.0,0.0,0.0,0.0,0.0,0.0,0.0,0.0,0.0,0.0,0.0,Y731Y
-6.286,48.7896939194445,2.159,0.014,0.14,0.485,2.788,0.0,0.0,0.0,0.588,-1.311,0.169,4.617,3.076,-2.25,2.41,49.06793808981796,G730Q
4.253,0.134,1.345,-0.013,-0.125,0.316,-1.393,0.0,0.0,0.0,0.116,-2.969,0.0,-0.68,0.323,0.569,0.367,2.242434142257366,Y731T
3.575,8.278,-2.664,-0.002,-0.173,1.605,0.205,0.0,0.0,0.0,0.0,0.0,0.0,3.033,-0.072,1.079,-0.075,14.786945112058788,Y731L
-10.755,50.0,-3.318,0.094,0.189,0.102,2.53,0.0,0.0,0.0,0.521,-1.311,0.169,3.104,2.915,0.42,2.354,50.0,G730F
-2.629,2.572,1.614,0.025,0.215,0.016,0.012,0.0,0.0,0.0,0.0,0.0,0.009,2.702,0.463,-0.982,0.377,4.395171997715806,V725L
1.047,48.94079184114923,2.832,0.042,0.716,0.721,1.096,0.0,0.0,0.0,0.947,-1.311,0.169,3.739,2.747,-2.944,2.322,49.345144591133014,G730D
6.127,4.498,2.65,-0.007,0.437,0.298,-6.287,0.0,0.0,0.0,-0.198,-0.37,0.0,2.906,0.317,-3.307,0.116,7.179386136663084,Y731E
-9.372,49.99999932548358,7.328,0.091,0.553,1.007,2.522,0.0,0.0,0.0,0.521,-1.311,0.169,6.824,2.792,-1.099,2.37,49.999999589189855,G730H
1.862,0.457,2.972,-0.003,0.06,0.216,1.329,0.0,0.0,0.0,0.0,0.0,0.0,1.082,0.357,-1.297,0.061,7.095085490186079,Y731K
-8.891,44.782072547862995,10.032,0.02,0.524,-0.258,-0.594,0.0,0.0,0.0,0.381,0.0,0.009,5.19,0.039,-1.425,0.051,45.700156312898365,V725F
-8.326,49.91740252187522,-5.398,0.285,0.203,0.436,2.712,0.0,0.0,0.0,0.521,-1.311,0.147,3.187,6.256,1.505,10.519,49.946228698109834,G730I
4.585,-0.621,3.841,-0.017,0.025,-0.306,-0.591,0.0,0.0,0.0,0.0,0.0,0.009,0.553,0.214,-2.933,0.374,5.133333951717873,V725S
2.145,-0.11,3.284,-0.009,0.109,0.035,0.105,0.0,0.0,0.0,0.0,0.0,0.0,2.39,0.26,-0.883,0.244,7.570922086713722,Y731H
-1.758,0.824,1.64,0.0,0.071,-0.032,-0.134,0.0,0.0,0.0,0.0,0.0,0.0,0.304,-0.046,1.678,0.251,2.798424474862827,Y731W
0.972,0.066,4.116,-0.01,0.415,0.133,0.67,0.0,0.0,0.0,0.0,0.0,0.0,0.698,0.301,-2.034,-0.02,5.307556185519843,Y731Q
-0.827,0.064,3.739,0.001,0.081,-0.303,-0.634,0.0,0.0,0.0,0.0,0.0,0.0,0.431,0.044,-1.615,-0.222,0.7602442658055679,A732S
-11.247,0.332,11.058,0.003,0.455,1.268,-4.922,0.0,0.0,0.0,0.0,-0.545,0.0,4.476,0.811,-2.665,0.269,-0.7071952297696953,A732N
-13.533,25.366,6.535,0.023,-0.112,2.338,-5.071,0.0,0.0,0.0,0.0,-0.545,0.0,3.221,0.876,0.336,0.437,19.87391179818144,A732L
-8.655,18.045,7.191,0.006,1.068,0.197,-0.047,0.0,0.0,0.0,0.0,0.0,0.0,3.317,0.137,-1.626,-0.27,19.364776819651297,A732H
-3.084,-1.609,7.356,0.016,1.06,-0.717,0.143,0.0,0.0,0.0,0.0,0.0,0.0,6.496,1.003,-3.471,0.524,7.71799300721284,A732D
-13.275,3.658,12.801,-0.002,-0.144,0.951,-6.206,0.0,0.0,0.0,0.0,-0.545,0.0,4.315,0.353,-4.05,-0.038,-2.1805523678360714,A732E
-3.576,2.613,2.757,0.015,0.081,-0.234,-1.002,0.0,0.0,0.0,0.0,0.0,0.0,0.639,0.359,-0.173,-0.18,1.3002470234886232,A732T
-14.31,3.655,10.079,0.002,-0.255,1.732,-5.874,0.0,0.0,0.0,0.0,-0.545,0.0,4.194,0.333,-2.776,-0.088,-3.8511709620811416,A732Q
-6.312,-1.879,6.081,-0.003,-0.386,1.996,-5.425,0.0,0.0,0.0,0.0,-0.545,0.0,0.345,0.0,0.0,0.0,-6.125883575954731,A732A
-17.941,42.95501729025301,5.916,0.025,0.186,1.767,-6.394,0.0,0.0,0.0,0.0,-0.545,0.0,4.468,0.189,-0.107,-0.225,38.82930440790517,A732F
-15.623,19.324,5.258,0.006,-0.346,1.955,-5.609,0.0,0.0,0.0,0.0,-0.545,0.0,2.863,0.293,0.332,0.017,7.927388561039038,A732M
-4.293,-1.55,7.558,-0.008,-0.38,1.936,-5.445,0.0,0.0,0.0,0.0,-0.545,0.088,-0.005,0.975,-0.527,1.22,-0.9741780603750384,A732G
-9.891,-3.834,6.48,0.01,-0.272,2.018,-6.046,0.0,0.0,0.0,0.0,-0.545,0.0,4.079,0.554,1.93,0.157,-5.359559201053685,A732C
-13.993,11.329,5.157,0.031,-0.325,2.118,-5.456,0.0,0.0,0.0,0.0,-0.545,-0.002,2.823,0.602,0.979,0.12,2.8394790013881,A732I
-19.847,49.999999996730246,3.091,0.022,0.386,-0.717,0.292,0.0,0.0,0.0,0.0,0.0,0.0,6.07,0.272,0.936,0.174,49.99999999525334,A732W
-18.689,45.92165306095435,7.595,0.023,0.173,1.678,-6.335,0.0,0.0,0.0,0.0,-0.545,0.0,4.374,0.254,-0.743,-0.244,43.459884896256725,A732Y
-10.897,21.61,5.803,0.008,0.205,-0.291,1.284,0.0,0.0,0.0,0.0,0.0,0.0,5.075,0.46,-2.04,-0.032,21.185675452328496,A732K
-11.288,3.793,4.175,0.029,-0.237,2.159,-5.669,0.0,0.0,0.0,0.0,-0.545,-0.002,3.557,0.443,1.318,-0.076,-2.3406410345245376,A732V
-16.92,18.111,12.598,0.031,0.209,1.821,-6.091,0.0,0.0,0.0,0.0,-0.977,0.0,8.374,0.251,-1.42,-0.187,15.80100572900676,A732R
6.957,4.36,-11.722,0.035,-0.207,0.664,0.879,0.0,0.0,0.0,0.0,-1.724,-0.072,-0.605,-0.355,2.398,0.018,0.6253932132268574,R734I
2.707,46.892,-8.891,0.015,0.216,-0.021,7.403,0.0,0.0,0.0,3.774,0.0,0.0,0.902,0.176,0.509,0.052,39.560969556130885,T735L
11.109,-6.435,-9.907,-0.015,-0.412,0.585,0.614,0.0,0.0,0.0,0.0,-1.724,0.0,-2.303,0.307,3.349,0.425,-4.409110714763187,R734C
4.599,49.99997985168741,-5.932,0.015,0.021,0.145,0.634,0.0,0.0,0.0,0.0,-1.724,0.0,1.406,0.036,-0.206,0.025,49.9999790448607,R734H
1.768,50.0,-13.867,0.012,-0.207,0.347,0.529,0.0,0.0,0.0,0.0,-1.724,0.0,-0.784,-0.036,1.313,-0.061,50.0,R734F
0.0,0.0,0.0,0.0,0.0,0.0,0.0,0.0,0.0,0.0,0.0,0.0,0.0,0.0,0.0,0.0,0.0,0.0,R734R
5.886,-0.478,-9.91,-0.009,-0.337,-0.396,5.634,0.0,0.0,0.0,0.448,0.0,0.0,-1.926,-0.485,3.969,-0.537,1.8583975506850263,K733C
18.231,-10.003,-10.569,-0.007,-0.382,0.684,0.734,0.0,0.0,0.0,0.0,-1.724,-0.067,-2.62,1.177,0.892,1.99,-1.6658812664220477,R734G
-5.938,50.0,-12.922,0.008,-0.128,0.183,-0.339,0.0,0.0,0.0,0.0,-1.724,0.0,-1.468,0.071,2.355,0.333,50.0,R734W
9.511,-5.453,-4.007,0.002,0.537,1.201,-0.547,0.0,0.0,0.0,-0.064,-1.724,0.0,1.389,0.796,-1.246,0.613,1.0063517527797785,R734N
4.105,7.046,2.649,-0.002,0.436,0.194,2.295,0.0,0.0,0.0,3.774,0.0,0.0,3.322,0.165,-3.877,0.047,20.155381839626443,T735E
-0.16,9.713,-10.126,0.023,-0.178,0.12,6.076,0.0,0.0,0.0,0.448,0.0,-0.086,1.116,0.822,3.018,0.922,11.705191614384375,K733I
11.061,1.634,-12.735,-0.002,0.689,-2.697,10.061,0.0,0.0,0.0,0.448,0.545,0.0,0.899,-0.055,-0.626,-0.164,9.057271342489798,K733N
-7.766,5.293,2.742,0.009,0.141,0.208,0.391,0.0,0.0,0.0,0.0,0.0,0.0,3.091,0.321,0.332,0.32,5.081708935434335,A736M
6.603,-1.549,-4.273,0.0,-0.017,0.082,2.669,0.0,0.0,0.0,0.822,0.0,-0.058,0.162,1.284,-0.354,1.855,7.226000099791236,T735G
6.659,49.99121963781888,-13.04,0.023,-0.272,0.536,0.847,0.0,0.0,0.0,0.0,-1.724,0.0,0.042,0.133,1.756,0.162,49.98932707757752,R734L
15.305,-7.397,-11.771,-0.017,-0.468,0.633,0.873,0.0,0.0,0.0,0.0,-1.724,0.0,-4.852,0.401,1.419,0.611,-6.98784307103449,R734A
1.408,37.003,1.976,0.003,0.015,-0.395,5.101,0.0,0.0,0.0,1.67,0.0,0.0,6.305,0.216,-2.603,-0.044,38.35233914110761,T735Q
7.67,-0.459,-11.064,-0.01,-0.381,-0.249,6.007,0.0,0.0,0.0,0.448,0.0,0.0,-1.982,-0.753,2.039,-0.282,0.981728836929733,K733A
11.12,-4.997,-2.336,0.009,-0.022,0.298,-0.775,0.0,0.0,0.0,0.0,-1.724,0.0,0.976,1.148,-2.051,0.858,2.5029242902262467,R734D
8.408,-5.962,-2.136,-0.007,0.048,0.304,1.803,0.0,0.0,0.0,0.0,-1.724,0.0,-0.752,0.18,-2.63,0.233,-2.236988449878595,R734E
-1.242,49.99999999999755,-6.917,0.015,0.173,0.397,7.916,0.0,0.0,0.0,3.774,0.0,0.0,2.858,0.047,0.066,-0.183,49.99999999999814,T735F
-9.104,2.346,11.369,0.007,0.689,1.373,-5.666,0.0,0.0,0.0,0.0,-1.108,0.0,4.739,0.118,-4.05,0.345,1.0568010293238783,A736E
8.191,2.218,-3.455,0.003,1.207,-2.359,10.023,0.0,0.0,0.0,1.822,0.545,0.0,2.2,1.023,-3.298,0.637,18.75565483331912,T735D
4.146,-1.296,-4.219,0.001,-0.017,0.105,2.628,0.0,0.0,0.0,0.822,0.0,0.0,0.162,0.4,0.172,0.415,3.319419189118093,T735A
-10.149,49.95013961813516,9.084,0.035,-0.129,1.531,-0.709,0.0,0.0,0.0,0.0,-0.316,0.0,3.983,0.274,-0.743,0.428,49.95628244942256,A736Y
-6.257,-1.654,6.023,-0.004,-0.394,1.808,-5.743,0.0,0.0,0.0,0.0,-1.108,0.0,1.181,0.0,0.0,0.0,-6.148435678898522,A736A
0.849,-0.01,-1.105,-0.005,-0.283,0.104,0.285,0.0,0.0,0.0,0.0,0.0,0.0,-2.723,0.007,4.049,-0.049,1.1209710337169554,E738A
2.226,-0.921,-2.837,0.008,-0.087,-0.455,4.456,0.0,0.0,0.0,0.448,-1.324,0.0,3.729,-0.113,-0.737,0.027,4.418961921660412,K733Q
9.775,49.4846129009406,-9.541,-0.015,-0.355,0.608,1.427,49.23100398715477,0.0,0.784,0.0,-1.724,-0.068,-4.156,6.827,-1.549,5.638,49.99704399034339,R734P
-3.265,1.304,5.665,0.008,0.494,0.153,-0.469,0.0,0.0,0.0,-1.694,0.0,0.0,3.204,0.393,-2.665,0.627,3.753357810392004,A736N
-0.137,-0.006,0.24,0.001,-0.01,-0.227,0.589,0.0,0.0,0.0,0.0,0.0,0.0,-1.558,0.442,1.384,0.537,1.2578963939218966,E738N
9.186,-0.809,-10.575,-0.012,-0.381,-0.229,6.146,0.0,0.0,0.0,0.448,0.0,-0.11,-1.982,-0.501,1.512,0.302,2.9953806803528096,K733G
-5.875,4.461,1.355,0.013,-0.1,0.266,1.198,0.0,0.0,0.0,1.269,0.0,-0.028,1.665,-0.281,1.151,-0.193,4.903763232375695,T735I
5.347,8.305,-9.953,-0.009,-0.419,0.111,1.485,0.0,0.0,0.0,0.0,-0.78,0.0,-2.018,0.106,1.752,0.265,4.192380882332031,R734M
2.124,-0.522,-4.245,0.0,-0.068,-0.262,4.386,0.0,0.0,0.0,1.078,0.0,0.0,-0.883,-0.912,1.384,-0.446,1.6341282557716568,E739N
-1.204,3.78,-9.354,0.018,0.118,-0.121,5.772,0.0,0.0,0.0,0.448,0.0,0.0,0.424,-0.702,1.932,-0.478,0.6334883974317336,K733F
-11.513,8.609,7.822,0.012,-0.248,1.612,-5.687,0.0,0.0,0.0,0.0,-1.108,0.0,3.648,0.131,0.336,0.413,4.026068821613876,A736L
4.936,-4.973,0.267,-0.002,-0.143,-0.494,-0.541,0.0,0.0,0.0,0.0,-1.724,0.0,-0.887,0.214,-0.62,0.067,-3.901960728977997,R734K
-2.542,49.897590360508886,5.827,0.012,0.992,-0.79,12.957,0.0,0.0,0.0,3.774,0.0,0.0,4.989,0.016,-1.453,-0.178,49.960137330016316,T735H
9.749,2.699,-8.568,0.017,1.622,-1.952,7.938,0.0,0.0,0.0,0.448,0.545,0.0,4.082,-0.031,-2.01,0.034,14.571742359858376,K733E
-0.855,-0.38,2.12,-0.007,-0.198,0.418,-0.991,0.0,0.0,0.0,1.269,0.0,0.0,-0.441,0.248,2.103,0.262,3.548095402993681,T735C
-4.059,-1.817,6.987,-0.005,-0.394,1.999,-5.748,0.0,0.0,0.0,0.0,-1.108,-0.001,1.181,0.828,-0.527,0.95,-1.714869087646548,A736G
-1.218,0.011,-0.509,0.047,-0.057,0.099,0.056,0.0,0.0,0.0,0.0,0.0,0.0,0.174,0.616,3.942,0.409,3.5730418799348627,E738F
-0.274,0.005,-0.573,0.012,-0.199,0.086,0.105,0.0,0.0,0.0,0.0,0.0,0.0,-2.508,0.113,4.386,0.343,1.499218728300434,E738L
1.687,-0.011,-0.461,-0.006,-0.283,0.155,0.211,0.0,0.0,0.0,0.0,0.0,0.089,-2.723,0.745,3.522,0.718,3.6433304483581423,E738G
-11.738,4.23,8.139,0.026,-0.183,2.21,-5.938,0.0,0.0,0.0,0.0,-1.108,0.005,2.476,0.416,0.979,0.591,0.103261901538076,A736I
10.931,-4.879,-7.76,-0.001,-0.383,0.504,0.153,0.0,0.0,0.0,0.0,-1.724,0.0,-2.888,-0.093,1.246,0.177,-4.718767735618599,R734T
-10.056,1.174,11.687,0.011,-0.076,1.933,-7.382,0.0,0.0,0.0,0.0,-1.108,0.0,4.198,0.196,-2.04,0.414,-1.0489486638023209,A736K
0.13,50.0,-2.809,0.029,1.055,-1.995,14.899,0.0,0.0,0.0,2.748,0.545,0.0,5.167,-0.005,-0.57,-0.204,50.0,T735Y
7.587,-0.666,1.159,-0.04,-0.212,0.233,-0.05,0.0,0.0,0.0,0.0,0.0,-0.039,-1.815,-0.209,-1.506,0.272,4.713472415628985,I737G
-4.537,4.302,6.611,0.011,0.306,-1.0,-0.88,0.0,0.0,0.0,0.0,0.0,0.0,3.025,0.121,-1.42,0.36,6.900396784612326,A736R
0.53,50.0,-11.573,0.019,-0.16,0.12,0.449,0.0,0.0,0.0,0.0,-1.724,0.0,-0.267,-0.086,0.676,-0.078,50.0,R734Y
14.636,-9.856,-7.46,-0.006,-0.357,0.399,0.218,0.0,0.0,0.0,0.0,-1.724,0.0,-2.039,0.301,-0.195,0.261,-5.823135034079087,R734S
-8.484,-0.215,7.695,-0.001,-0.238,1.932,-6.0,0.0,0.0,0.0,0.0,-1.108,0.0,2.521,0.401,1.93,0.313,-1.254085462009698,A736C
-0.454,49.99999961409315,3.965,0.043,0.653,0.141,8.256,0.0,0.0,0.0,1.244,-0.555,0.0,6.716,-0.003,-1.247,-0.217,49.99999981618797,T735R
-1.75,2.967,-4.125,0.017,0.022,-0.061,2.949,0.0,0.0,0.0,0.822,0.0,-0.028,1.393,-0.479,1.49,-0.3,2.9172863974954453,T735V
0.0,0.0,0.0,0.0,0.0,0.0,0.0,0.0,0.0,0.0,0.0,0.0,0.0,0.0,0.0,0.0,0.0,0.0,E738E
9.652,0.446,-12.676,0.026,-0.291,0.626,0.777,0.0,0.0,0.0,0.0,-1.724,-0.072,-0.871,-0.536,2.737,-0.086,-1.9920773477012967,R734V
-5.578,49.9999999964867,-3.281,0.033,1.194,-2.246,14.36,0.0,0.0,0.0,2.748,0.545,0.0,6.004,0.176,1.109,0.237,49.99999999809485,T735W
6.97,4.093,-6.807,0.011,1.229,-2.631,11.363,0.0,0.0,0.0,2.174,0.545,0.0,3.317,0.764,-2.492,0.43,18.965078685855588,T735N
0.025,-0.006,0.982,-0.002,0.036,-0.108,0.78,0.0,0.0,0.0,0.0,0.0,0.0,-1.339,0.302,0.578,0.241,1.4906092648534468,E738D
-9.12,49.82526743396542,6.054,0.034,-0.141,1.291,0.497,0.0,0.0,0.0,0.0,0.0,0.0,4.25,0.266,-0.107,0.38,49.847473958799284,A736F
3.635,-1.19,0.499,-0.007,-0.025,0.084,0.142,0.0,0.0,0.0,-0.103,0.0,0.0,0.457,0.286,-1.442,0.065,2.4024302183698865,T735S
-1.269,-0.005,-0.246,0.02,0.03,0.15,-0.385,0.0,0.0,0.0,0.0,0.0,0.0,-0.193,0.399,4.985,0.17,3.655888170131448,E738W
6.691,-6.316,-3.713,-0.007,-0.086,1.044,-1.832,0.0,0.0,0.0,-0.688,-1.724,0.0,-0.541,0.215,-1.357,0.109,-8.206366924400527,R734Q
-9.18,9.957,8.218,0.003,-0.276,1.854,-6.463,0.992,0.0,0.0,0.0,-1.891,-0.007,0.994,-0.829,-2.968,0.282,0.6858277751771311,A736P
-12.815,5.387,14.174,0.005,0.081,2.681,-7.24,0.0,0.0,0.0,-0.522,-1.108,0.0,4.338,0.05,-1.626,0.412,3.818222830637524,A736H
5.453,-0.517,-5.395,-0.006,0.46,-0.372,4.97,0.0,0.0,0.0,0.448,0.0,0.0,1.323,-0.13,-1.432,-0.031,4.770382603669418,K733D
-0.92,42.17928897871566,-3.951,0.029,-0.368,0.173,4.811,0.0,0.0,0.0,1.67,0.0,0.0,5.829,0.134,0.505,0.141,44.20826763213708,T735M
-8.763,0.331,14.236,-0.001,0.142,2.185,-7.22,0.0,0.0,0.0,-1.351,-1.108,0.0,5.622,0.146,-3.471,0.324,1.06994817306429,A736D
-0.147,40.444331488944734,-2.315,-0.005,0.061,0.259,3.788,48.90759030778605,0.0,1.396,0.822,0.0,-0.095,0.155,7.073,-2.795,6.815,49.9360274534903,T735P
-2.671,2.543,2.76,0.016,0.218,0.112,-0.575,0.0,0.0,0.0,-0.779,0.0,0.0,1.433,0.384,-0.173,0.685,3.952445676343132,A736T
0.0,0.0,0.0,0.0,0.0,0.0,0.0,0.0,0.0,0.0,0.0,0.0,0.0,0.0,0.0,0.0,0.0,0.0,K733K
0.048,-0.006,-0.572,-0.004,-0.27,0.074,0.055,0.0,0.0,0.0,0.0,0.0,0.0,-2.43,0.683,5.979,0.482,4.04336584389705,E738C
-0.441,0.099,-0.646,0.0,-0.212,0.073,0.309,0.0,0.0,0.0,0.0,0.0,0.0,-1.048,0.243,4.381,0.382,3.142863630343527,E738M
6.32,1.696,-6.076,0.003,0.386,-2.066,5.399,0.0,0.0,0.0,0.0,0.545,0.0,-0.345,0.0,0.0,0.0,5.862454335973325,T735T
5.593,49.49293363024753,0.924,0.047,0.97,-1.084,9.922,0.0,0.0,0.0,2.748,0.545,0.0,6.228,0.221,-1.867,-0.084,49.80649405055214,T735K
-0.55,0.227,5.542,-0.001,0.197,0.1,-3.849,0.0,0.0,0.0,0.0,0.093,0.024,2.367,0.475,-3.358,0.364,1.631781277068285,V742K
3.713,40.377054409260396,-11.994,0.021,0.487,-1.787,12.013,0.0,0.0,0.0,0.448,0.545,0.0,-0.155,-0.626,1.296,-0.475,41.52321593728919,K733Y
-7.838,41.02458122549973,-9.103,0.024,0.579,-0.738,5.319,0.0,0.0,0.0,0.448,0.0,0.0,2.151,-0.662,2.975,-0.064,38.49527018747389,K733W
10.606,4.252,-16.051,-0.003,0.129,-2.419,13.163,49.9389657649979,0.0,1.029,0.448,0.545,-0.019,-1.977,6.522,-0.929,10.358,49.97811855816664,K733P
-10.354,49.937339036694645,9.103,0.039,-0.067,1.221,0.955,0.0,0.0,0.0,0.0,0.0,0.0,3.799,0.102,0.936,0.338,49.95084315835494,A736W
0.14,-0.026,-8.396,-0.004,-0.278,-0.345,5.895,0.0,0.0,0.0,0.448,0.0,0.0,-0.658,-0.122,2.371,0.117,-0.8584643809716681,K733M
-0.422,-0.001,-0.568,0.026,-0.202,0.073,0.169,0.0,0.0,0.0,0.0,0.0,0.114,-1.652,0.566,5.028,0.376,3.508942598284534,E738I
-0.873,-0.006,0.176,0.002,0.065,0.026,-0.209,0.0,0.0,0.0,0.0,0.0,0.0,-0.334,0.473,2.423,0.34,2.082984859727844,E738H
-0.224,0.035,-0.938,0.016,-0.226,0.057,0.1,0.0,0.0,0.0,0.0,0.0,0.114,-1.934,0.625,5.367,0.368,3.361962897471699,E738V
6.484,1.758,-4.86,0.0,0.152,-1.948,5.227,0.0,0.0,0.0,0.0,0.544,0.0,-2.864,0.358,2.434,0.17,7.459626087976858,E738S
-0.601,0.237,0.738,-0.001,-0.226,0.072,-0.308,0.0,0.0,0.0,0.0,0.0,0.0,-2.332,0.688,3.876,0.551,2.696802236601457,E738T
3.241,1.936,-11.126,0.008,-0.324,-0.269,5.744,0.0,0.0,0.0,0.448,0.0,-0.086,-1.505,0.868,3.357,0.718,3.009935040124901,K733V
-7.15,-1.115,10.909,-0.004,-0.345,1.739,-6.735,0.0,0.0,0.0,-1.62,-1.108,0.0,1.679,0.083,-1.615,0.329,-4.95339005707126,A736S
-10.566,3.431,6.268,0.02,-0.198,2.035,-5.803,0.0,0.0,0.0,0.0,-1.108,0.005,2.425,0.36,1.318,0.522,-1.2934420439087262,A736V
1.852,-0.158,-10.153,0.024,-0.184,-0.633,5.981,0.0,0.0,0.0,0.448,0.0,0.0,-1.298,0.554,2.376,0.763,-0.4279234688489168,K733L
7.383,-0.453,-8.823,-0.01,-0.311,-0.601,5.285,0.0,0.0,0.0,0.448,0.0,0.0,-1.931,-0.819,0.424,-0.619,-0.0286317571744803,K733S
-9.361,1.878,10.325,0.008,0.588,1.388,-5.824,0.0,0.0,0.0,0.0,-1.108,0.0,4.543,0.28,-2.776,0.467,0.4072809579289469,A736Q
-2.604,49.96485178196321,-0.835,-0.004,-0.244,-0.023,-0.324,0.024,0.0,0.0,0.0,0.0,0.011,-2.385,0.385,1.081,10.633,49.972034838259255,E738P
6.326,1.655,-6.304,0.004,0.229,-1.988,5.611,0.0,0.0,0.0,0.0,0.544,0.0,-2.133,0.255,2.009,0.064,6.274249154658378,E738K
2.526,-0.329,2.301,-0.038,-0.197,0.034,-0.548,0.0,0.0,0.0,0.0,0.0,-0.059,-1.382,-0.262,0.951,-0.214,2.783976684021013,I737C
1.418,0.326,-5.695,-0.007,0.54,-0.573,4.373,0.0,0.0,0.0,0.117,0.0,0.0,-0.703,-0.566,0.413,-0.366,-0.7228050364532237,K733H
0.514,-0.292,3.909,-0.007,0.327,-0.074,0.937,0.0,0.0,0.0,-2.157,0.682,0.024,3.677,0.488,-5.368,0.386,3.04658699658512,V742E
6.128,-0.818,-7.399,0.01,-0.317,-0.663,6.217,0.0,0.0,0.0,0.448,0.0,0.0,0.104,0.007,1.866,0.031,5.614625820102674,K733T
-0.981,1.048,-1.792,0.001,-0.1,-0.216,2.26,0.0,0.0,0.0,-0.041,0.0,0.0,-0.505,-0.177,1.273,-0.126,0.6444216733144685,E739Q
-1.347,0.013,-0.151,0.045,-0.043,-0.039,-0.106,0.0,0.0,0.0,0.0,0.0,0.0,0.341,0.629,3.306,0.328,2.9776644183540384,E738Y
6.278,1.657,-6.285,0.004,0.295,-2.0,5.44,0.0,0.0,0.0,0.0,0.544,0.0,-0.668,0.122,1.273,0.245,6.906751596955814,E738Q
-0.009,-0.001,-0.198,0.004,-0.076,0.076,0.181,0.0,0.0,0.0,0.0,0.0,0.0,-1.163,0.148,2.629,0.137,1.730333508990725,E738R
1.469,0.621,-5.061,0.043,1.208,0.71,6.798,0.0,0.0,0.0,0.448,0.0,0.0,5.002,-0.351,0.619,-0.292,11.212661004742928,K733R
1.352,-2.436,0.164,0.016,0.171,-0.16,0.334,-0.406,0.0,0.0,0.0,0.0,0.012,1.45,1.213,3.904,1.738,7.351302401669386,P741W
0.985,1.456,1.132,-0.023,-0.17,0.06,-0.255,0.0,0.0,0.0,0.0,0.0,0.0,-1.273,0.079,0.338,0.071,2.400603306383573,I737V
0.0,0.0,0.0,0.0,0.0,0.0,0.0,0.0,0.0,0.0,0.0,0.0,0.0,0.0,0.0,0.0,0.0,0.0,P741P
2.832,-0.172,-2.463,-0.005,-0.3,-0.05,2.586,0.0,0.0,0.0,1.078,0.0,0.0,-2.787,-0.064,2.434,0.098,3.188797805683521,E739S
2.644,-0.576,-3.281,-0.002,-0.031,-0.394,3.356,0.0,0.0,0.0,1.078,0.0,0.0,-0.53,-0.788,0.578,-0.376,1.6786295047692192,E739D
2.213,-2.438,0.22,-0.002,-0.051,-0.135,-0.062,-0.406,0.0,0.0,0.0,0.0,0.012,0.657,1.062,1.353,1.71,4.134571709941042,P741S
4.178,-0.616,-7.374,-0.005,-0.385,-0.206,4.47,0.0,0.0,0.0,1.078,0.0,0.0,-2.996,0.163,4.049,0.065,2.4228416075346786,E739A
7.492,1.124,1.003,-0.029,0.469,-2.38,4.867,0.0,0.0,0.0,0.0,0.545,-0.059,-0.459,-0.391,-3.644,0.072,8.609353416757699,I737N
6.19,-0.588,0.92,-0.039,-0.212,0.023,0.021,0.0,0.0,0.0,0.0,0.0,-0.059,-1.815,-0.615,-0.98,-0.102,2.7454311731878533,I737A
1.914,-2.437,0.775,0.001,0.204,-0.163,-0.013,-0.406,0.0,0.0,0.0,0.0,0.012,1.479,1.141,-0.503,1.707,3.7113282449893177,P741D
6.178,-0.644,-6.535,-0.009,-0.385,-0.184,4.315,0.0,0.0,0.0,1.078,0.0,-0.024,-2.996,-0.001,3.522,0.177,4.493493659370074,E739G
-5.312,47.609144661043196,1.966,-0.005,0.045,0.244,5.189,0.0,0.0,0.0,0.0,2.281,-0.059,2.784,-0.233,-1.086,0.059,48.10010548454287,I737F
1.032,49.86645625060418,2.686,-0.037,-0.155,0.132,1.353,14.401,0.0,1.354,0.0,0.0,-0.077,-1.021,-1.032,-3.947,0.11,49.92607323247774,I737P
3.929,-0.367,-0.236,-0.015,-0.042,0.355,0.124,0.0,0.0,0.0,0.0,0.0,0.029,-0.008,1.536,-1.845,1.647,5.107384078223845,V742G
1.286,-0.485,-5.196,-0.002,0.058,-0.389,4.112,0.0,0.0,0.0,1.078,0.0,0.0,-1.588,-0.506,2.423,-0.314,0.479130409007098,E739H
1.009,-0.283,0.788,-0.013,-0.029,0.026,-0.236,0.0,0.0,0.0,0.0,0.0,0.024,0.643,0.597,0.612,0.311,3.448133308004003,V742C
0.734,-1.933,1.136,0.006,0.105,-0.112,-0.503,-0.406,0.0,0.0,0.0,0.0,0.012,2.842,1.386,0.192,1.865,5.322984066219647,P741Q
0.214,-1.596,-0.911,0.018,-0.019,-0.241,0.159,-0.406,0.0,0.0,0.0,0.0,0.017,0.601,1.631,4.285,1.983,5.735275001365494,P741V
-8.388,40.716663142197284,6.807,0.007,0.274,0.511,3.663,0.0,0.0,0.0,0.0,2.355,0.024,4.54,0.322,-1.425,0.255,43.32246048150509,V742F
2.812,-0.367,1.424,-0.012,0.014,0.018,-0.392,0.0,0.0,0.0,0.0,0.0,0.024,0.347,0.801,-2.933,0.585,2.322844501235636,V742S
0.246,-0.969,0.12,0.011,0.015,-0.17,-0.378,-0.406,0.0,0.0,0.0,0.0,0.012,0.751,1.557,2.794,2.105,5.686478781639266,P741T
-9.797,40.89134730393308,9.971,0.007,0.311,0.054,4.513,0.0,0.0,0.0,-2.157,3.011,0.024,5.963,0.421,-2.061,0.225,43.81891064950717,V742Y
0.643,-0.313,-6.141,0.015,-0.103,-0.117,4.262,0.0,0.0,0.0,1.078,0.0,0.0,-1.165,-0.297,3.306,-0.212,0.9571487288169463,E739Y
2.401,-0.608,-5.111,0.009,-0.053,-0.225,4.721,0.0,0.0,0.0,1.078,0.0,0.0,-1.701,-0.029,2.009,0.109,2.6004344825370254,E739K
0.882,-0.45,-5.284,0.013,-0.073,-0.291,4.496,0.0,0.0,0.0,1.078,0.0,0.0,-1.478,-0.205,4.985,-0.148,3.524997575120437,E739W
1.644,-2.437,-0.023,0.015,-0.029,-0.075,0.103,-0.406,0.0,0.0,0.0,0.0,0.012,0.07,1.31,3.304,1.908,5.395836779069327,P741L
-1.757,2.42,0.009,-0.008,0.044,-0.002,0.119,0.0,0.0,0.0,0.0,0.0,-0.059,2.37,-0.434,-0.643,0.034,2.091970690580524,I737L
-0.952,-0.013,1.373,0.008,0.028,0.049,-0.02,0.0,0.0,0.0,0.0,0.0,0.0,0.236,-0.06,-0.339,-0.006,0.3048225384208081,V742I
1.279,-2.436,0.034,0.018,0.137,-0.144,0.332,-0.406,0.0,0.0,0.0,0.0,0.012,2.056,1.376,2.861,1.799,6.91790714631486,P741F
3.886,0.058,5.898,-0.034,0.479,-0.259,-2.182,0.0,0.0,0.0,0.0,0.0,-0.059,2.083,-0.564,-4.45,-0.045,4.811327752093462,I737D
0.196,-0.17,8.251,-0.032,0.64,0.197,-0.445,0.0,0.0,0.0,0.0,0.0,-0.059,2.374,-0.718,-5.029,-0.201,5.00293966802667,I737E
0.0,0.0,0.0,0.0,0.0,0.0,0.0,0.0,0.0,0.0,0.0,0.0,0.0,0.0,0.0,0.0,0.0,0.0,V742V
0.0,0.0,0.0,0.0,0.0,0.0,0.0,0.0,0.0,0.0,0.0,0.0,0.0,0.0,0.0,0.0,0.0,0.0,I737I
0.0,0.0,0.0,0.0,0.0,0.0,0.0,0.0,0.0,0.0,0.0,0.0,0.0,0.0,0.0,0.0,0.0,0.0,E739E
8.544,-3.82,5.868,-0.013,0.535,0.613,-0.447,0.0,0.0,0.0,0.0,0.0,0.0,0.429,-0.157,-2.728,0.124,8.946455152448607,Y740D
2.309,49.7662842642966,-9.515,0.027,-0.443,0.244,9.723,0.0,0.0,0.0,3.774,0.0,0.054,-1.702,0.466,5.028,0.26,49.844622967498445,E739I
-13.093,49.958261331922586,3.389,-0.023,0.093,-0.045,-0.942,0.0,0.0,0.0,0.0,0.0,-0.059,0.538,-0.504,-0.043,-0.151,49.93561693694824,I737W
3.149,-0.373,-0.389,-0.013,-0.042,0.257,0.09,0.0,0.0,0.0,0.0,0.0,0.024,-0.008,0.816,-1.319,0.619,2.8115494760440924,V742A
1.863,-2.437,0.095,0.008,0.126,-0.058,0.497,-0.406,0.0,0.0,0.0,0.0,0.012,1.629,1.205,1.548,1.773,5.854944144691672,P741R
2.418,-0.058,-0.573,-0.01,0.094,0.312,0.034,1.759,0.0,0.0,0.0,0.0,0.069,0.083,1.15,-4.286,1.687,2.6794450099217784,V742P
0.753,-2.291,0.095,0.0,-0.047,0.061,-0.28,-0.406,0.0,0.0,0.0,0.0,0.012,1.08,1.526,4.898,1.655,7.056359676684224,P741C
-3.492,13.495,10.542,-0.001,0.419,0.396,2.36,0.0,0.0,0.0,0.0,0.0,-0.059,3.768,-0.521,-3.019,-0.135,23.752247115028013,I737K
1.854,-2.437,0.372,0.003,0.2,-0.053,-0.144,-0.406,0.0,0.0,0.0,0.0,0.012,2.891,1.235,-1.082,1.777,4.221150379707979,P741E
8.116,1.052,-11.215,0.011,0.112,-2.242,10.054,0.0,0.0,0.0,1.078,0.545,0.0,-2.687,0.046,4.381,-0.234,9.016610962564869,E739M
-1.83,49.992300707287825,-5.234,0.001,-0.259,-0.298,7.191,0.484,1.078,0.0,1.9,0.0,0.039,-1.846,-0.034,1.081,11.369,49.995538317636395,E739P
1.876,-2.437,0.088,0.004,0.046,-0.057,0.273,-0.406,0.0,0.0,0.0,0.0,0.012,0.94,1.321,0.928,1.847,4.436412652281092,P741K
3.695,-3.063,3.199,-0.021,0.147,0.174,-0.155,0.0,0.0,0.0,0.0,0.0,0.0,-0.961,-0.184,-0.883,0.544,2.492244671436993,Y740H
2.686,-0.585,-5.914,-0.004,-0.368,-0.176,4.299,0.0,0.0,0.0,1.078,0.0,0.0,-2.747,-0.082,5.979,-0.206,3.962056098698554,E739C
-2.898,5.352,1.549,-0.014,0.011,0.097,-0.008,0.0,0.0,0.0,0.0,0.0,-0.059,0.832,-0.393,-0.647,-0.112,3.7104682434328415,I737M
2.849,-2.894,-0.284,-0.003,-0.071,-0.01,0.689,-0.406,0.0,0.0,0.0,0.0,0.023,0.058,1.759,2.441,2.247,6.397669761913107,P741G
0.755,-0.412,-6.174,0.016,-0.118,-0.122,4.287,0.0,0.0,0.0,1.078,0.0,0.0,-1.415,-0.329,3.942,-0.275,1.2338660201546643,E739F
-5.639,5.493,5.443,0.005,0.156,0.472,0.09,0.0,0.0,0.0,0.0,0.0,0.024,2.612,0.304,-0.382,0.31,8.888961780270847,V742W
1.304,-2.437,0.045,0.018,0.141,-0.137,0.296,-0.406,0.0,0.0,0.0,0.0,0.012,2.213,1.4,2.225,1.887,6.560090607212942,P741Y
-0.57,39.017,-7.834,0.018,-0.279,-0.344,6.108,0.0,0.0,0.0,1.9,0.0,0.054,-1.853,0.673,5.367,0.365,42.6223291628628,E739V
2.289,-2.439,-0.582,-0.002,-0.075,-0.049,0.232,-0.406,0.0,0.0,0.0,0.0,0.012,-0.045,0.948,2.967,1.457,4.306672302996958,P741A
5.978,2.423,-12.853,0.022,0.111,-2.228,10.122,0.0,0.0,0.0,1.078,0.545,0.0,-1.16,-0.163,4.386,-0.094,8.167907152303087,E739L
-0.672,0.701,-0.244,0.026,0.009,-0.089,0.282,-0.406,0.0,0.0,0.0,0.0,0.017,0.643,1.691,3.946,2.054,7.960321113824989,P741I
-0.829,-0.033,9.019,-0.022,1.076,-0.63,-2.378,0.0,0.0,0.0,-0.633,0.0,-0.059,2.757,-0.551,-3.755,-0.15,3.812994044004768,I737Q
-2.475,49.979253076425614,-0.237,0.015,0.386,-1.818,5.621,0.0,0.0,0.0,0.0,0.545,-0.059,1.291,-0.147,-1.722,0.06,49.98042849499003,I737Y
1.806,-2.437,0.472,0.003,0.164,-0.24,0.288,-0.406,0.0,0.0,0.0,0.0,0.012,1.459,1.484,0.302,1.994,4.901316870616938,P741N
0.216,-0.373,6.683,-0.011,0.463,-0.328,1.663,0.0,0.0,0.0,-2.157,0.726,0.024,3.638,0.459,-4.789,0.507,6.721824566508644,V742D
3.354,-2.979,-0.5,-0.017,-0.094,-0.038,0.44,0.0,0.0,0.0,0.0,0.0,0.0,0.551,0.467,1.075,1.32,3.579495812818664,Y740M
1.638,-2.437,0.206,0.001,0.279,-0.16,0.175,-0.406,0.0,0.0,0.0,0.0,0.012,2.082,1.158,1.342,1.782,5.672813875067618,P741H
1.297,-2.437,-0.239,0.005,-0.006,-0.127,0.36,-0.406,0.0,0.0,0.0,0.0,0.012,1.364,1.429,3.3,1.716,6.268706583388052,P741M
-4.229,0.554,7.594,-0.008,0.381,-0.051,-0.545,0.0,0.0,0.0,-2.157,0.726,0.024,2.512,0.53,-2.944,0.412,2.799121499201192,V742H
2.407,-0.603,-5.066,0.012,-0.022,-0.223,4.985,0.0,0.0,0.0,1.078,0.0,0.0,-0.742,-0.147,2.629,-0.058,4.251649231039437,E739R
0.694,-0.72,-1.934,0.008,0.027,-0.087,-0.034,0.0,0.0,0.0,0.0,0.0,0.0,0.056,-0.08,0.636,-0.055,-1.4889446615650286,Y740F
-1.223,-0.282,5.872,0.009,0.778,0.435,-3.841,0.0,0.0,0.0,0.0,-1.706,0.024,3.457,0.408,-2.738,0.32,1.5131300398718397,V742R
-0.462,-0.366,5.067,-0.007,0.385,-0.064,0.026,0.0,0.0,0.0,0.0,-0.066,0.024,2.37,0.529,-3.983,0.551,4.001662654345523,V742N
14.328,-3.885,-1.122,-0.026,-0.252,0.11,0.554,0.0,0.0,0.0,0.0,0.0,-0.064,-3.24,1.667,0.215,10.295,18.580370710139164,Y740G
-2.42,14.97,6.949,-0.025,0.751,0.269,-0.918,0.0,0.0,0.0,0.0,0.0,-0.059,3.134,-0.488,-2.605,-0.084,19.473689120394624,I737H
5.609,-0.587,3.998,-0.038,-0.152,-0.103,-0.397,0.0,0.0,0.0,0.0,0.0,-0.059,-1.734,-0.912,-2.594,-0.247,2.783631380912197,I737S
9.719,-4.592,-1.404,-0.023,-0.185,0.063,0.676,0.0,0.0,0.0,0.0,0.0,0.0,-1.951,0.073,2.672,1.635,6.6836560369731615,Y740C
5.899,-3.006,5.126,0.005,0.098,0.248,-0.566,0.0,0.0,0.0,0.0,0.0,0.0,1.711,0.499,-3.307,1.342,8.048205515678887,Y740E
1.602,-0.018,-2.89,0.0,-0.289,-0.013,2.537,0.0,0.0,0.0,1.078,0.0,0.0,-2.989,-0.171,3.876,0.108,2.832054273774133,E739T
0.579,-0.337,1.938,-0.006,-0.013,0.209,0.226,0.0,0.0,0.0,0.0,0.0,0.024,1.554,0.564,-0.986,0.313,4.065256314259727,V742M
5.132,-1.567,-2.336,0.013,-0.086,0.308,0.526,0.0,0.0,0.0,0.0,0.0,0.02,-1.216,0.259,1.721,0.372,3.1449971469419324,Y740I
-0.527,-0.153,4.831,-0.008,0.14,0.259,-1.417,0.0,0.0,0.0,-2.157,0.694,0.024,4.031,0.478,-4.094,0.365,2.465923501921793,V742Q
-1.412,4.761,1.274,0.006,0.017,-0.226,0.042,0.0,0.0,0.0,0.0,-0.066,0.024,2.962,0.18,-0.982,0.295,6.875691466875992,V742L
-7.879,46.83568815435979,11.421,-0.014,0.571,-0.142,0.312,0.0,0.0,0.0,0.0,0.0,-0.059,2.662,-0.564,-2.399,-0.151,47.265314419702854,I737R
1.088,-0.264,1.654,-0.007,0.012,0.075,-0.588,0.0,0.0,0.0,0.0,0.0,0.024,0.031,0.445,-1.491,0.499,1.4781430317120794,V742T
7.501,-2.892,-2.994,-0.004,-0.134,0.138,0.668,0.0,0.0,0.0,0.0,0.0,0.02,-2.366,0.255,2.06,0.245,2.498465640089421,Y740V
9.352,1.626,-2.303,-0.032,0.237,-2.071,4.715,0.0,0.0,0.0,0.0,0.545,-0.059,-1.782,-0.36,-1.152,0.144,8.859735687916896,I737T
4.491,-0.835,-2.187,0.015,-0.251,-0.091,0.325,0.0,0.0,0.0,0.0,0.0,0.0,-1.309,0.376,1.079,0.67,2.283735808191864,Y740L
12.345,-3.765,-2.121,-0.024,-0.252,0.201,0.417,0.0,0.0,0.0,0.0,0.0,0.0,-3.24,0.584,0.742,0.95,5.836369445605214,Y740A
4.436,-1.105,3.0,0.006,-0.001,0.037,0.597,0.0,0.0,0.0,0.0,0.0,0.0,1.821,0.27,-2.034,0.333,7.360982309447877,Y740Q
6.264,49.99844786726455,1.122,0.003,-0.231,0.204,1.268,49.08741817618414,0.47,0.0,0.0,0.0,-0.014,-1.392,4.246,-2.226,18.431,49.99999536325963,Y740P
5.998,-1.617,3.673,-0.005,0.149,0.66,2.252,0.0,0.0,0.0,0.281,0.0,0.0,0.266,0.154,-0.677,0.256,11.389991316730402,Y740R
-4.851,49.99985684051158,0.117,0.003,0.076,0.059,0.388,0.0,0.0,0.0,0.0,0.0,0.0,0.761,0.327,1.678,1.655,49.999858046401265,Y740W
8.004,-3.096,2.85,-0.021,0.042,0.009,0.48,0.0,0.0,0.0,0.0,0.0,0.0,-0.75,-0.202,-1.923,-0.139,5.255183017575519,Y740N
11.426,-3.756,1.506,-0.022,-0.17,-0.106,0.26,0.0,0.0,0.0,0.0,0.0,0.0,-2.958,0.602,-0.872,0.846,6.757895303357032,Y740S
3.086,1.66,8.569,-0.008,0.456,0.061,1.414,0.0,0.0,0.0,0.0,0.0,0.0,0.008,0.472,-1.297,0.516,14.937398487491803,Y740K
0.0,0.0,0.0,0.0,0.0,0.0,0.0,0.0,0.0,0.0,0.0,0.0,0.0,0.0,0.0,0.0,0.0,0.0,Y740Y
9.199,-3.538,-0.277,-0.013,-0.119,-0.119,0.558,0.0,0.0,0.0,0.0,0.0,0.0,-2.105,0.502,0.569,0.426,5.084213451279425,Y740T
3.715,-0.523,-3.66,-0.006,-0.187,0.26,1.981,0.0,0.0,0.0,0.0,0.0,0.0,-2.426,0.077,2.775,0.449,2.4551846921167453,Q743A
-0.389,0.004,-0.079,0.002,0.0,0.054,0.111,0.0,0.0,0.0,0.0,0.0,0.094,0.0,-0.719,0.526,-0.849,-1.2435628012997313,G744A
1.469,2.682,-0.57,0.0,-0.105,-0.187,1.121,0.0,0.0,0.0,0.0,0.0,0.0,-2.388,-0.436,2.602,-0.384,3.80471137987206,Q743T
2.542,-0.392,-0.182,-0.002,0.123,0.146,0.328,0.0,0.0,0.0,-0.841,0.056,0.0,0.519,0.939,-0.695,0.68,3.220680005979148,Q743D
-2.758,13.34,-2.68,0.016,0.057,0.004,2.13,0.0,0.0,0.0,0.0,0.0,0.0,0.3,-0.353,2.669,-0.147,12.576801621561913,Q743F
-0.871,3.156,-0.073,-0.003,0.18,0.101,1.639,0.0,0.0,0.0,0.0,0.0,0.0,-0.879,-0.206,1.15,-0.104,4.089885049972509,Q743H
-1.542,0.069,0.268,0.003,0.025,0.118,-0.491,0.0,0.0,0.0,0.0,0.0,0.094,1.288,-0.207,2.456,-0.573,1.5088840062671809,G744C
-3.231,13.85,-1.458,0.015,0.06,0.196,1.818,0.0,0.0,0.0,0.0,0.0,0.0,0.315,-0.42,2.033,-0.186,12.991623716612366,Q743Y
0.581,-0.459,1.13,0.0,0.069,0.226,0.158,0.0,0.0,0.0,0.0,0.0,0.0,0.038,0.058,-1.274,0.119,0.6437597615134791,Q743E
0.302,-0.15,-2.85,0.011,-0.145,0.181,1.806,0.0,0.0,0.0,0.0,0.0,0.0,-2.252,0.243,3.112,0.243,0.4991161189791455,Q743L
1.169,-0.471,-0.026,-0.002,0.059,-0.351,2.02,0.0,0.0,0.0,0.0,0.0,0.0,-0.715,0.531,0.11,0.488,2.8112734832665183,Q743N
-4.622,0.689,2.293,0.021,0.041,0.199,-0.42,0.0,0.0,0.0,0.0,0.0,0.094,2.277,-0.346,-0.216,-0.374,-0.3630449546350291,G744Y
-0.72,0.004,0.706,0.006,0.094,-0.068,-0.612,0.0,0.0,0.0,0.0,0.0,0.094,0.431,-0.191,0.353,-0.137,-0.0396551831789793,G744T
-4.377,0.043,0.98,0.01,0.003,0.594,0.033,0.0,0.0,0.0,0.03,0.0,0.094,3.081,-0.366,0.859,-0.545,0.4397541737454276,G744M
-0.608,0.005,0.69,0.004,0.272,0.028,-0.213,0.0,0.0,0.0,0.0,0.0,0.094,1.5,-0.51,-2.944,-0.526,-2.2065894239669888,G744D
-2.073,0.218,0.559,0.028,0.077,0.172,0.057,0.0,0.0,0.0,0.0,0.0,0.037,0.769,-0.066,1.505,-0.15,1.1334096067180326,G744I
-3.638,49.97297897630932,-2.86,0.02,-0.069,0.067,1.85,0.0,0.0,0.0,0.0,0.0,-0.008,-2.024,-0.071,3.754,-0.229,49.96928238754131,Q743I
1.95,-0.501,-2.562,-0.005,-0.177,0.098,1.507,0.0,0.0,0.0,0.0,0.0,0.0,-2.229,0.011,4.705,0.29,3.087463916656475,Q743C
-0.075,-0.401,-0.527,0.002,-0.011,-0.24,2.11,0.0,0.0,0.0,0.0,0.0,0.0,-0.671,0.046,0.736,0.026,0.9938390541142326,Q743K
-4.614,1.008,1.897,0.011,0.131,-0.121,0.06,0.0,0.0,0.0,0.0,0.0,0.048,1.753,1.185,0.859,0.78,2.9959244306398887,G747M
-1.54,49.04183725985753,-1.973,0.0,-0.076,0.46,2.738,48.013634481336226,0.0,0.894,0.0,0.0,0.231,-2.076,6.594,-0.193,4.921,49.986847879077004,Q743P
-0.564,0.004,0.354,0.006,0.261,0.007,0.02,0.0,0.0,0.0,0.0,0.0,0.094,2.807,-0.51,-3.523,-0.485,-1.527628981466819,G744E
0.073,0.0,-0.139,0.0,-0.018,-0.147,0.403,0.0,0.0,0.0,0.0,0.056,0.0,0.237,0.0,0.0,0.0,0.4635383910222117,Q743Q
-0.703,-0.234,-2.387,-0.002,-0.144,0.039,1.646,0.0,0.0,0.0,0.0,0.0,0.0,-1.037,0.0,3.108,0.214,0.4998482597014799,Q743M
-0.658,0.005,0.496,0.006,0.234,-0.055,-0.015,0.0,0.0,0.0,0.0,0.0,0.094,1.545,-0.252,-2.139,-0.227,-0.9665110575414246,G744N
0.0,0.0,0.0,0.0,0.0,0.0,0.0,0.0,0.0,0.0,0.0,0.0,0.0,0.0,0.0,0.0,0.0,0.0,G744G
-1.303,2.151,0.141,0.004,0.117,0.053,0.006,0.826,0.0,0.0,0.0,0.0,0.075,0.841,-1.558,-2.442,-0.791,-1.8807388054769945,G744P
-0.659,40.762,-3.752,0.011,-0.131,0.205,1.949,0.0,0.0,0.0,0.0,0.0,-0.008,-2.066,-0.414,4.093,-0.401,39.58964166912074,Q743V
4.986,-0.608,-3.27,-0.007,-0.187,0.268,1.896,0.0,0.0,0.0,0.0,0.0,0.107,-2.426,0.581,2.249,1.132,4.719596698967507,Q743G
-2.654,0.559,1.963,0.01,0.414,0.212,-1.294,0.0,0.0,0.0,-1.059,0.0,0.094,4.351,-0.372,-2.25,-0.386,-0.4116279762715749,G744Q
-0.533,-0.383,-0.399,0.008,0.127,0.109,2.468,0.0,0.0,0.0,0.0,0.0,0.0,-0.753,-0.207,1.356,-0.1,1.691596805914287,Q743R
6.811,-7.02,-6.011,-0.016,-0.479,0.174,2.651,0.0,0.0,0.0,0.876,0.0,0.0,-0.871,0.316,3.349,-0.196,-0.4151753646023053,R745C
-1.824,13.378,-0.728,0.012,0.088,0.298,1.936,0.0,0.0,0.0,0.0,0.0,0.0,-0.713,-0.195,3.711,0.287,16.24905806777838,Q743W
-4.284,0.68,1.186,0.022,0.007,0.221,-0.168,0.0,0.0,0.0,0.0,0.0,0.094,2.53,-0.378,0.42,-0.442,-0.1117557561201465,G744F
-3.699,0.804,3.283,0.005,0.301,0.291,-1.401,0.0,0.0,0.0,-1.607,0.0,0.094,1.234,-0.585,-1.099,-0.438,-2.8145139311544654,G744H
8.429,-6.989,-7.395,-0.019,-0.532,0.157,2.911,0.0,0.0,0.0,0.876,0.0,0.0,-1.569,-0.311,1.419,-0.23,-3.2537780810354207,R745A
-0.736,0.004,0.286,0.018,0.045,0.006,0.023,0.0,0.0,0.0,0.0,0.0,0.094,0.086,-0.521,0.863,-0.42,-0.2507917131288195,G744L
3.386,-0.517,-1.593,-0.005,-0.165,0.008,1.351,0.0,0.0,0.0,0.0,0.0,0.0,-1.717,-0.239,1.161,0.06,1.7307522138905824,Q743S
-1.308,0.003,0.07,0.021,0.055,0.044,-0.074,0.0,0.0,0.0,0.0,0.0,0.037,0.593,-0.128,1.844,-0.236,0.9231891480528702,G744V
2.415,6.894,-8.09,0.032,-0.373,0.426,2.657,0.0,0.0,0.0,0.876,0.0,0.051,2.108,0.74,2.398,0.369,10.502456611850675,R745I
-5.276,49.98877107352938,-2.118,0.043,0.064,-0.435,0.56,0.0,0.0,0.0,1.827,0.0,0.03,2.895,3.39,0.863,3.653,49.99098758500962,G746L
-6.128,2.002,1.975,0.02,0.163,-0.013,-0.888,0.0,0.0,0.0,0.0,0.0,0.094,2.544,-0.562,1.462,-0.479,0.1922803980052094,G744W
-0.556,0.005,0.312,0.007,0.115,0.017,0.059,0.0,0.0,0.0,0.0,0.0,0.094,0.93,-0.447,-1.513,-0.413,-1.3890956912918,G744K
6.575,9.016,-6.408,-0.016,-0.422,0.066,2.633,5.641,0.0,0.0,0.876,0.0,0.008,-0.217,-1.311,-1.549,0.179,15.069762718722018,R745P
-0.565,0.004,0.319,0.011,0.196,0.019,0.065,0.0,0.0,0.0,0.0,0.0,0.094,1.61,-0.538,-0.893,-0.469,-0.1472893555680912,G744R
-0.422,0.004,0.374,0.002,0.024,-0.029,-0.314,0.0,0.0,0.0,0.0,0.0,0.094,0.757,-0.66,-1.088,-0.571,-1.8279551543182608,G744S
-5.33,49.999983889993786,5.052,0.03,1.349,-0.807,1.075,0.0,0.0,0.0,1.161,0.0,0.03,3.945,3.232,-2.25,3.442,49.99998959634815,G746Q
3.669,-6.544,-2.763,-0.012,0.484,0.345,1.76,0.0,0.0,0.0,0.251,0.0,0.0,1.162,0.03,-0.206,-0.002,-1.827911974077324,R745H
5.08,-6.666,-2.383,0.006,1.323,-0.266,2.843,0.0,0.0,0.0,0.876,0.0,0.0,2.338,0.098,-2.63,0.053,0.6708146809180562,R745E
0.0,0.0,0.0,0.0,0.0,0.0,0.0,0.0,0.0,0.0,0.0,0.0,0.0,0.0,0.0,0.0,0.0,0.0,R745R
3.31,38.458252110720224,-6.901,0.043,-0.266,0.314,2.475,0.0,0.0,0.0,0.876,0.0,0.0,0.752,0.13,1.756,0.19,39.506847414673636,R745L
0.576,0.0,-0.475,0.006,0.239,0.137,-0.164,0.0,0.0,0.0,0.0,0.0,0.0,0.86,0.002,0.619,0.053,1.854077678402973,K748R
3.196,2.628,-5.863,0.006,0.033,0.578,2.537,0.0,0.0,0.0,0.876,0.0,0.0,0.916,0.258,1.313,0.082,6.559089072069924,R745F
-1.391,4.91,3.088,0.011,1.311,-1.558,1.386,0.0,0.0,0.0,1.161,0.0,0.03,3.837,2.582,-2.944,2.631,15.055166599643371,G746D
4.569,5.579,-7.933,0.021,-0.442,0.234,2.722,0.0,0.0,0.0,0.876,0.0,0.051,1.978,0.655,2.737,0.277,11.322973498541614,R745V
0.615,26.288,-6.676,-0.008,-0.491,0.185,2.799,0.0,0.0,0.0,0.876,0.0,0.0,0.301,0.264,1.752,-0.074,25.829953872529583,R745M
5.661,-6.956,-3.454,-0.014,0.242,-0.232,1.518,0.0,0.0,0.0,0.062,0.0,0.0,1.49,0.273,-1.246,0.175,-2.481398771923523,R745N
-2.345,6.207,0.252,0.013,0.476,-1.065,1.401,0.0,0.0,0.0,1.161,0.0,0.03,4.015,3.374,0.859,4.1,18.47962560875601,G746M
1.996,-0.132,-0.498,-0.003,-0.093,0.937,-0.198,0.0,0.0,0.0,0.775,0.0,0.0,1.161,0.138,-0.62,0.083,3.545677744578711,R745K
-8.236,49.99798095369376,-0.106,0.028,0.38,0.355,1.961,0.0,0.0,0.0,0.0,0.0,0.119,0.357,1.877,1.505,1.375,49.99794963076499,G747I
-0.228,5.453,0.886,0.03,0.053,-0.595,-0.348,0.0,0.0,0.0,0.917,0.0,0.03,2.956,2.862,0.353,2.889,15.259151123526522,G746T
10.343,-7.049,-5.957,-0.02,-0.532,0.067,3.015,0.0,0.0,0.0,0.876,0.0,0.095,-1.569,0.284,0.892,0.319,0.7634871078339529,R745G
-6.484,1.736,2.535,0.031,0.278,-0.377,-0.086,0.0,0.0,0.0,0.0,0.0,0.048,2.803,1.145,1.462,1.083,4.174994020146983,G747W
-1.908,39.02600368060463,-3.34,0.054,0.04,-0.092,0.458,0.0,0.0,0.0,1.161,0.0,0.047,1.392,5.206,1.844,10.805,43.820596043291985,G746V
-19.297,49.99995765881214,13.24,0.103,0.672,0.278,2.163,0.0,0.0,0.0,0.876,0.0,0.03,9.941,2.654,-1.099,2.552,49.99997392015526,G746H
-0.412,5.186,-0.354,0.019,0.589,-0.604,-0.172,0.0,0.0,0.0,1.161,0.0,0.03,3.517,2.635,-0.893,2.427,13.13061390200744,G746R
-1.972,0.758,-0.57,0.001,0.0,-0.062,0.336,0.0,0.0,0.0,0.0,0.0,0.048,0.0,0.91,0.526,0.621,0.5969234009469346,G747A
-5.226,9.742,4.009,0.005,0.074,0.451,-0.336,0.0,0.0,0.0,0.0,-1.27,0.048,0.482,0.11,0.353,0.268,8.711580651099894,G747T
6.571,-7.002,-2.669,-0.016,0.325,-0.287,4.062,0.0,0.0,0.0,0.876,0.0,0.0,2.39,-0.103,-2.051,-0.062,2.0327604826992456,R745D
-4.201,1.305,2.366,0.013,0.258,-0.148,0.079,0.0,0.0,0.0,0.0,0.0,0.048,1.599,1.09,-1.513,0.763,1.6595706667181958,G747K
-3.568,44.732793088768865,-0.229,0.031,0.864,-1.103,1.08,0.0,0.0,0.0,1.161,0.0,0.03,4.276,2.678,0.42,2.659,46.16382445079603,G746F
0.0,0.0,0.0,0.0,0.0,0.0,0.0,0.0,0.0,0.0,0.0,0.0,0.0,0.0,0.0,0.0,0.0,0.0,G746G
-3.865,0.965,2.738,0.008,0.602,-0.144,-0.046,0.0,0.0,0.0,0.0,0.0,0.048,2.615,1.037,-3.523,0.726,1.1616116794384652,G747E
-7.61,49.72682571880907,2.605,0.01,0.106,0.154,0.658,0.203,0.691,0.0,0.0,0.0,0.281,3.005,-0.292,-2.442,11.701,49.80979118505836,G747P
5.962,-6.286,-3.666,-0.008,-0.451,0.228,2.461,0.0,0.0,0.0,0.876,0.0,0.0,-0.25,0.332,1.246,0.233,0.6769503240661834,R745T
8.086,-7.022,-4.746,-0.018,-0.453,0.019,2.275,0.0,0.0,0.0,0.876,0.0,0.0,-1.259,-0.321,-0.195,-0.262,-3.020670198829066,R745S
-6.002,34.324,1.266,0.016,0.038,-0.185,0.119,0.0,0.0,0.0,0.0,0.0,0.048,0.068,1.061,0.863,0.722,32.33790234033768,G747L
0.0,0.0,0.0,0.0,0.0,0.0,0.0,0.0,0.0,0.0,0.0,0.0,0.0,0.0,0.0,0.0,0.0,0.0,G747G
0.522,0.007,-1.026,-0.005,-0.114,0.188,-0.746,0.0,0.0,0.0,0.0,0.0,0.0,-0.69,0.466,3.969,0.142,2.7121444475100134,K748C
-5.88,0.912,3.574,0.011,0.329,-0.365,0.112,0.0,0.0,0.0,0.0,0.0,0.048,3.452,0.701,-1.099,0.438,2.232105708460153,G747H
-0.234,7.918,1.087,0.017,0.522,-1.117,0.085,0.0,0.0,0.0,1.161,0.0,0.03,5.572,3.429,-3.523,3.348,18.295239976544963,G746E
-2.547,1.152,3.077,0.004,0.081,-0.107,-0.738,0.0,0.0,0.0,-0.549,0.0,0.03,0.709,2.551,-1.088,2.567,5.143212962526036,G746S
-5.528,49.99998818983471,4.735,0.03,0.88,-1.389,2.369,0.0,0.0,0.0,1.161,0.0,0.03,3.473,2.694,-1.513,2.767,49.99999199142647,G746K
2.787,8.087,-5.265,0.012,0.018,0.443,2.537,0.0,0.0,0.0,0.876,0.0,0.0,0.992,0.284,0.676,0.151,11.597709290687362,R745Y
-21.962,49.99999187097766,11.033,0.163,0.591,0.716,3.921,0.0,0.0,0.0,0.876,0.0,0.03,9.79,2.409,1.462,4.417,49.999995253157,G746W
-7.015,47.08410256711936,0.081,0.02,0.067,-0.153,1.822,0.0,0.0,0.0,0.0,0.0,0.119,2.816,1.634,1.844,1.293,47.35739090622853,G747V
-1.338,-0.214,-0.401,0.019,0.186,-0.282,-1.035,0.0,0.0,0.0,1.162,-0.938,0.0,3.288,0.144,1.932,0.27,2.793379458064805,K748F
0.522,3.712,-2.354,0.004,0.041,-0.589,0.142,0.0,0.0,0.0,1.161,0.0,0.03,3.214,2.932,2.456,5.753,17.026061713640956,G746C
-2.268,22.352,2.216,0.011,1.059,-1.257,1.361,0.0,0.0,0.0,1.161,0.0,0.03,3.684,2.344,-2.139,2.154,30.70924976607671,G746N
-2.164,9.122,-0.45,0.002,0.0,-0.119,-0.815,0.0,0.0,0.0,0.0,0.0,0.03,0.0,3.261,0.526,3.147,12.541474085559456,G746A
-4.076,1.224,2.361,0.015,0.274,-0.116,0.076,0.0,0.0,0.0,0.0,0.0,0.048,2.385,0.939,-0.893,0.728,2.965058124589291,G747R
-5.925,49.99880737884192,0.409,0.004,0.058,-0.206,-0.426,47.86399197577408,0.0,0.784,0.0,0.0,0.045,0.35,7.717,-2.442,11.321,49.999983692402175,G746P
-3.559,44.53124795000825,-1.63,0.061,0.07,-0.462,0.844,0.0,0.0,0.0,1.827,0.0,0.047,2.873,4.942,1.505,10.835,47.191514898499456,G746I
-6.41,17.028,1.649,0.044,0.207,-0.18,0.907,0.0,0.0,0.0,0.0,0.0,0.048,3.177,1.214,0.42,0.918,19.02338414050041,G747F
0.56,0.0,-0.144,-0.001,0.159,0.222,-0.701,0.0,0.0,0.0,0.0,0.0,0.0,1.585,-0.109,-2.01,-0.011,-0.4506636367976853,K748E
-18.406,49.99999999839122,7.325,0.084,0.517,0.78,2.958,0.0,0.0,0.0,2.038,0.0,0.03,10.238,2.718,-0.216,3.087,49.999999998970246,G746Y
1.143,38.722,-3.976,0.008,0.283,0.5,2.994,0.0,0.0,0.0,0.876,0.0,0.0,0.948,0.112,2.355,0.067,44.03138653247629,R745W
2.376,-3.969,-2.079,-0.003,-0.219,0.33,2.003,0.0,0.0,0.0,0.876,0.0,0.0,2.122,0.195,-1.357,0.106,0.3811984327223854,R745Q
-0.066,0.247,-1.368,0.031,-0.32,0.687,0.008,0.0,0.0,0.0,0.15,0.0,0.057,0.751,0.428,3.018,0.365,3.988575184128308,K748I
-4.103,1.111,2.537,0.008,0.556,-0.283,-0.275,0.0,0.0,0.0,0.0,0.0,0.048,1.955,1.006,-2.25,0.822,1.132280168210741,G747Q
-4.085,0.981,1.048,0.002,0.008,-0.022,-0.365,0.0,0.0,0.0,0.0,0.0,0.048,0.757,0.829,2.456,0.37,2.028630656456244,G747C
2.321,-0.002,-1.533,-0.007,-0.128,0.238,-0.393,0.0,0.0,0.0,0.0,0.0,-0.041,-0.862,0.806,1.512,0.715,2.6264904176426853,K748G
-0.049,0.005,2.174,0.001,0.294,0.434,-3.935,0.0,0.0,0.0,0.0,-1.502,0.0,2.362,-0.147,-1.432,0.055,-1.7387701426671356,K748D
-1.584,2.795,5.856,-0.006,0.339,-0.375,-0.38,0.0,0.0,0.0,0.0,0.0,0.031,2.224,0.232,-2.944,0.054,6.243230088587325,V750H
-0.766,0.118,1.475,0.004,0.262,0.613,-1.259,0.0,0.0,0.0,0.0,-1.641,0.0,1.68,0.19,-0.626,0.34,0.392185189227348,K748N
-3.891,1.039,4.965,0.005,0.302,-0.29,-2.963,0.0,0.0,0.0,-0.68,0.0,0.048,3.659,0.155,-2.944,-0.157,-0.7521696476247826,G747D
-4.771,1.171,4.053,0.004,0.203,0.003,0.095,0.0,0.0,0.0,0.0,0.0,0.048,2.89,0.291,-2.139,-0.032,1.817168983897318,G747N
-4.829,3.124,0.168,0.017,0.231,-0.505,-0.848,0.0,0.0,0.0,1.162,-0.938,0.0,2.697,0.055,2.975,0.086,3.3968674555916323,K748W
-0.854,-0.312,0.543,0.001,0.349,-0.464,-1.563,0.0,0.0,0.0,1.162,-0.938,0.0,3.47,0.036,0.413,0.147,1.9920907476657703,K748H
0.444,0.004,-0.449,-0.001,-0.068,0.178,-1.709,0.0,0.0,0.0,0.0,0.0,0.0,-0.773,0.171,1.866,0.223,-0.114244028122016,K748T
0.179,0.199,-2.015,0.021,-0.344,0.668,-0.027,0.0,0.0,0.0,0.15,0.0,0.057,0.463,0.384,3.357,0.322,3.413546617064867,K748V
0.0,0.0,0.0,0.0,0.0,0.0,0.0,0.0,0.0,0.0,0.0,0.0,0.0,0.0,0.0,0.0,0.0,0.0,K748K
1.313,0.03,-0.137,-0.005,-0.076,0.294,-1.597,0.0,0.0,0.0,0.0,0.0,0.0,-0.652,0.132,0.424,0.064,-0.2080504475375164,K748S
-6.375,15.645,1.721,0.043,0.218,-0.218,0.446,0.0,0.0,0.0,0.0,0.0,0.048,3.193,1.142,-0.216,0.929,16.57710550203376,G747Y
-2.43,0.914,2.406,0.001,0.02,-0.241,-0.72,0.0,0.0,0.0,0.0,0.0,0.048,1.592,0.024,-1.088,0.179,0.7068244288335563,G747S
-0.228,0.0,-0.666,-0.003,-0.077,0.015,-0.091,0.0,0.0,0.0,0.0,0.0,0.0,0.865,0.056,2.371,0.157,2.4010586280187454,K748M
-0.957,2.996,-1.132,0.013,-0.044,0.065,-0.381,0.0,0.0,0.0,0.0,0.0,0.0,-0.786,-0.126,2.376,0.084,2.108223443942393,K748L
0.384,0.0,-0.223,0.0,0.068,0.191,-0.037,0.0,0.0,0.0,0.0,0.0,0.0,1.373,-0.037,-0.737,0.056,1.0386564733123578,K748Q
-1.517,-0.193,-0.107,0.019,0.198,-0.26,-1.094,0.0,0.0,0.0,1.162,-0.938,0.0,3.485,0.098,1.296,0.183,2.3323943674852217,K748Y
0.275,0.609,-1.627,-0.004,-0.078,0.249,-0.256,0.12,0.0,0.0,0.0,0.0,0.051,-0.776,0.919,-0.929,0.285,-1.161204296330652,K748P
-20.812,50.0,19.592,0.039,0.285,-0.248,-0.456,0.0,0.0,0.0,0.0,0.0,0.133,8.145,3.228,-1.513,5.733,50.0,G749K
-19.755,49.99999999993491,3.54,0.006,0.074,0.043,-0.546,0.0,0.0,0.0,-0.297,-0.132,0.133,1.132,4.638,0.859,10.082,49.99999999993432,G749M
1.599,0.0,-1.563,-0.006,-0.128,0.273,-0.325,0.0,0.0,0.0,0.0,0.0,0.0,-0.862,0.137,2.039,0.143,1.3079054835553734,K748A
2.408,-0.463,1.871,-0.002,0.139,-0.307,-0.328,0.0,0.0,0.0,0.0,0.0,0.0,1.609,0.349,-2.377,0.075,2.9736124967392925,L751K
-10.568,49.999999936639796,14.17,0.003,0.285,-0.497,0.964,0.0,0.0,0.0,0.0,0.0,0.133,3.452,2.521,-2.944,6.064,49.99999996319842,G749D
-16.886,50.0,0.501,0.009,0.024,-0.708,0.591,0.0,0.0,0.0,0.269,0.517,0.133,-0.576,3.628,0.863,9.987,50.0,G749L
-3.88,49.666386295388335,-1.605,0.001,0.0,0.02,0.059,0.0,0.0,0.0,0.0,0.0,0.133,0.0,2.983,0.526,5.792,49.71591247007534,G749A
-16.534,50.0,0.999,0.023,0.121,-0.237,1.872,0.0,0.0,0.0,0.121,0.0,0.121,1.853,5.376,1.505,10.033,50.0,G749I
-12.049,49.99999999579785,-1.498,0.02,0.096,-0.107,1.986,0.0,0.0,0.0,0.121,0.0,0.121,2.226,5.706,1.844,10.003,49.99999999700519,G749V
-3.192,4.958,4.903,0.01,0.253,0.212,0.161,0.0,0.0,0.0,0.0,0.0,0.031,1.794,0.042,-0.382,0.362,9.153370751972377,V750W
-5.746,49.99660476997728,6.623,0.0,0.027,0.02,0.691,0.0,0.0,0.0,0.0,0.0,0.133,2.452,2.41,-1.088,2.504,49.99753725570308,G749S
-19.22,50.0,12.359,0.015,0.397,-1.498,1.7,0.0,0.0,0.0,0.0,0.0,0.133,5.932,2.574,-1.099,9.912,50.0,G749H
4.533,-0.445,0.895,-0.011,-0.004,0.368,-0.767,0.0,0.0,0.0,-0.17,0.0,0.0,2.24,0.344,-1.963,0.168,5.188599173971852,L751H
-27.271,49.999999999988745,23.036,0.011,0.386,0.138,-0.017,0.0,0.0,0.0,0.35,0.738,0.133,2.253,3.305,-0.893,9.925,49.99999999999306,G749R
0.0,0.0,0.0,0.0,0.0,0.0,0.0,0.0,0.0,0.0,0.0,0.0,0.0,0.0,0.0,0.0,0.0,0.0,G749G
-15.815,49.999999999465835,18.603,0.008,0.25,-0.386,-0.233,0.0,0.0,0.0,0.0,0.0,0.133,3.519,3.219,-3.523,9.988,49.99999999971567,G749E
-9.0,49.98936554592178,2.432,0.009,-0.189,0.825,-1.58,49.81411190476129,0.0,0.0,0.151,0.0,0.121,1.076,6.771,-2.442,21.137,49.99999085129346,G749P
-30.479,50.0,6.613,0.069,0.529,-1.188,0.669,0.0,0.0,0.0,-0.378,-0.145,0.133,8.254,4.153,1.462,10.101,50.0,G749W
5.589,-0.595,0.86,-0.016,-0.056,-0.198,-1.23,0.0,0.0,0.0,0.0,-0.795,0.0,0.369,0.685,-1.952,0.292,2.95257811553779,L751S
-17.62,49.9999993903311,12.111,0.011,0.992,-0.015,1.829,0.0,0.0,0.0,0.0,0.0,0.133,3.821,3.613,-2.25,6.391,49.999999574950095,G749Q
-24.426,50.0,6.894,0.044,0.269,-0.443,0.786,0.0,0.0,0.0,0.0,0.0,0.133,6.7,2.874,-0.216,9.928,50.0,G749Y
3.758,-0.335,-1.067,0.004,-0.342,0.637,-0.479,0.0,0.0,0.0,-0.17,0.0,-0.021,0.167,-0.161,0.981,-0.327,2.642993550716369,L751V
1.228,0.175,4.641,-0.006,0.211,-0.707,0.009,0.0,0.0,0.0,0.0,0.0,0.031,2.943,0.817,-3.983,0.546,5.906832711185189,V750N
1.591,0.299,6.51,-0.007,0.241,-0.432,-1.51,0.0,0.0,0.0,0.0,0.0,0.031,2.945,1.106,-4.789,0.727,6.712084383470028,V750D
2.118,-0.423,3.064,-0.002,0.108,-0.561,-0.293,0.0,0.0,0.0,0.0,0.0,0.0,3.993,0.363,-3.113,0.103,5.356599711837134,L751Q
-22.329,50.0,2.01,0.046,0.262,-0.682,0.928,0.0,0.0,0.0,0.0,0.0,0.133,6.433,3.401,0.42,9.911,50.0,G749F
3.397,-0.448,0.288,-0.007,-0.027,-0.111,-1.397,0.0,0.0,0.0,0.0,-1.076,0.0,-0.333,0.339,-0.51,0.2,0.3169829474342123,L751T
-9.605,49.99999981276659,1.341,0.002,0.008,-0.32,0.211,0.0,0.0,0.0,0.0,0.0,0.133,1.09,2.842,2.456,10.024,49.999999865030055,G749C
4.156,-0.46,-0.163,0.007,-0.162,0.445,-0.63,0.0,0.0,0.0,-0.17,0.0,0.0,1.969,0.149,-0.444,-0.051,4.646709536356411,L751F
2.017,0.059,-1.054,0.022,-0.293,0.523,-0.474,0.0,0.0,0.0,-0.356,0.0,-0.021,1.412,-0.232,0.642,-0.372,1.8727892452150168,L751I
-1.963,5.411,3.211,0.021,0.631,0.366,0.62,0.0,0.0,0.0,-0.5,0.0,0.031,4.009,-0.108,-2.061,-0.118,9.550623906024498,V750Y
-12.484,49.99999999986704,9.448,0.005,0.232,-0.64,0.579,0.0,0.0,0.0,0.0,0.0,0.133,2.042,2.886,-2.139,5.649,49.99999999989421,G749N
3.227,-0.007,-0.233,-0.015,-0.049,-0.123,0.105,0.0,0.0,0.0,0.0,0.0,0.0,-0.066,0.405,1.593,0.037,4.875299156673805,L751C
-1.789,10.784,1.622,0.014,0.046,-0.451,0.397,0.0,0.0,0.0,0.0,0.0,0.031,2.152,0.178,-0.982,0.044,12.045913883588357,V750L
5.582,-0.53,0.121,-0.008,-0.076,0.559,-0.53,0.0,0.0,0.0,-0.356,0.0,0.0,3.465,0.372,-4.386,0.107,4.320312802014882,L751E
1.744,-0.119,3.615,-0.004,0.067,-0.197,-0.37,0.0,0.0,0.0,0.0,0.0,0.031,0.379,0.035,-1.491,0.007,3.6957291460406623,V750T
3.299,4.538,-2.856,0.005,-0.204,0.137,2.406,0.0,0.0,0.0,1.875,0.0,0.0,0.091,0.211,-0.339,0.152,9.314419506885542,V750I
0.384,-0.133,1.103,-0.015,-0.002,0.297,-0.208,0.0,0.0,0.0,0.0,0.0,0.031,1.802,0.22,0.612,0.351,4.442264701685303,V750C
-9.83,49.99997539965425,5.819,0.007,0.063,-0.013,0.751,0.0,0.0,0.0,0.0,0.0,0.133,0.787,3.359,0.353,9.989,49.999984419210186,G749T
2.31,-0.281,0.546,0.006,-0.13,0.628,-0.462,0.0,0.0,0.0,-0.17,0.0,0.0,2.906,0.193,0.599,0.116,6.26140670095333,L751W
0.1,0.152,3.307,0.002,0.004,0.416,0.208,0.0,0.0,0.0,0.0,0.0,0.031,1.453,0.295,-0.986,0.262,5.244022490983298,V750M
5.666,-0.479,0.53,-0.01,-0.02,0.55,-0.031,0.0,0.0,0.0,0.0,0.0,-0.022,0.357,1.015,-1.845,1.442,7.153209714530021,V750G
-5.514,45.0850024544598,-3.127,0.018,0.066,-0.384,1.597,0.0,0.0,0.0,0.275,0.0,0.0,0.396,0.116,0.509,0.036,43.8319036649763,T752L
0.663,0.523,4.715,-0.001,0.52,0.074,0.003,0.0,0.0,0.0,0.0,0.0,0.031,2.388,0.315,-4.094,0.025,5.161476992980283,V750Q
8.42,-1.954,-0.412,-0.019,-0.194,-0.136,0.152,0.0,0.0,0.0,0.0,0.0,0.008,-1.122,1.464,-0.864,1.58,6.9213779498549,L751G
4.11,-0.278,0.532,-0.009,-0.02,0.31,0.001,0.0,0.0,0.0,0.0,0.0,0.031,0.357,0.496,-1.319,0.533,4.744820345399148,V750A
3.74,-0.263,2.96,-0.009,0.003,0.011,-0.326,0.0,0.0,0.0,0.0,0.0,0.031,0.917,0.227,-2.933,0.19,4.547904656622563,V750S
1.22,0.087,5.32,-0.002,0.575,-0.219,-1.392,0.0,0.0,0.0,0.0,0.0,0.031,3.033,0.421,-5.368,0.212,3.918977264410728,V750E
4.352,0.053,-1.049,-0.014,0.045,-0.141,-0.255,3.082,0.0,0.0,0.0,0.0,0.107,-0.256,1.299,-3.305,1.377,5.295193444598681,L751P
5.938,-0.594,-1.053,-0.016,-0.083,-0.22,0.096,0.0,0.0,0.0,0.0,0.0,0.0,-0.36,0.717,-0.337,0.391,4.479415384333834,L751A
-0.105,0.267,5.05,0.006,0.266,-0.328,1.082,0.0,0.0,0.0,0.0,0.0,0.031,2.305,0.163,-2.738,0.051,6.049369296155987,V750R
-1.425,7.351,1.67,0.02,0.625,0.314,0.719,0.0,0.0,0.0,-0.5,0.0,0.031,3.923,-0.041,-1.425,-0.128,11.132498623902164,V750F
-1.343,46.02231262965223,-4.419,0.011,-0.139,-0.076,2.889,0.0,0.0,0.0,0.849,0.0,0.0,1.803,0.593,0.505,0.341,46.17457994430987,T752M
0.0,0.0,0.0,0.0,0.0,0.0,0.0,0.0,0.0,0.0,0.0,0.0,0.0,0.0,0.0,0.0,0.0,0.0,V750V
0.0,0.0,0.0,0.0,0.0,0.0,0.0,0.0,0.0,0.0,0.0,0.0,0.0,0.0,0.0,0.0,0.0,0.0,L751L
5.085,-0.528,0.816,-0.009,-0.121,0.348,-0.296,0.0,0.0,0.0,-0.356,0.0,0.0,2.489,0.281,-3.002,0.19,4.896642236156254,L751N
0.525,49.77625980023807,1.244,-0.014,0.068,0.428,1.575,38.71985892214542,0.0,1.313,0.0,0.0,0.017,-0.004,4.835,-4.286,3.627,49.980371514902814,V750P
3.953,-1.057,-3.532,-0.014,-0.057,0.135,1.002,0.0,0.0,0.0,0.0,0.0,0.0,-2.267,0.734,0.172,0.453,-0.4770094396886861,T752A
-0.111,2.127,5.126,-0.005,0.852,-0.071,-2.694,0.0,0.0,0.0,0.0,0.0,0.0,1.9,0.106,-3.298,-0.008,3.926921163397992,T752D
5.314,-0.528,1.457,-0.01,-0.085,0.49,-0.622,0.0,0.0,0.0,-0.356,0.0,0.0,3.091,0.152,-3.808,0.115,5.210977490027744,L751D
3.985,-0.46,0.139,0.006,-0.152,0.327,-0.657,0.0,0.0,0.0,-0.17,0.0,0.0,2.215,0.295,-1.08,-0.066,4.383140568017552,L751Y
1.993,-0.523,1.243,-0.008,-0.006,-0.186,-0.017,0.0,0.0,0.0,0.0,0.0,0.0,1.014,0.459,-0.005,0.101,4.065247841313862,L751M
0.615,1.315,4.234,0.003,0.233,-0.517,1.163,0.0,0.0,0.0,0.0,0.0,0.031,2.045,0.31,-3.358,0.03,6.103038254753869,V750K
-1.147,0.14,5.909,0.009,0.545,0.007,-2.719,0.0,0.0,0.0,0.0,-0.907,0.0,2.651,0.29,-1.757,0.071,3.092251847547118,L751R
-6.79,46.50870336930957,7.721,-0.011,0.783,0.382,-0.776,0.0,0.0,0.0,1.058,0.0,0.0,1.458,0.148,-1.453,0.275,46.86637488832214,T752H
-13.083,36.58,19.376,0.043,1.822,0.52,0.162,0.0,0.0,0.0,0.656,0.0,0.0,1.518,0.264,-1.247,0.08,46.692999969399466,T752R
-2.335,49.99704630795763,-1.366,-0.013,-0.017,0.261,2.556,45.77037474678492,0.0,1.095,0.0,0.0,0.122,-0.825,2.642,-2.795,1.954,49.99987606240517,T752P
-0.394,1.606,-1.125,0.004,-0.019,-0.075,0.957,0.0,0.0,0.0,0.0,0.0,0.0,0.526,0.498,2.103,0.398,4.478841223380982,T752C
-9.336,49.99987693908049,-1.183,0.013,0.397,0.052,0.71,0.0,0.0,0.0,0.275,0.0,0.0,2.397,0.322,0.066,0.212,49.99984309187494,T752F
-5.76,29.464,6.559,0.012,0.655,-0.297,1.169,0.0,0.0,0.0,0.715,0.0,0.0,3.702,0.167,-2.603,0.047,33.830946906604595,T752Q
-2.667,13.021,9.035,0.022,1.165,-0.551,0.216,0.0,0.0,0.0,0.715,0.0,0.0,4.95,0.18,-3.877,0.099,22.308049149703493,T752E
6.143,-1.068,-2.696,-0.016,-0.057,0.0,1.077,0.0,0.0,0.0,0.0,0.0,-0.019,-2.267,1.227,-0.354,0.985,2.9556961650768017,T752G
-5.753,8.745,-2.999,0.062,0.099,-0.099,1.241,0.0,0.0,0.0,0.0,0.0,-0.045,2.186,0.588,1.151,0.517,5.69503913381584,T752I
2.824,-1.037,0.369,-0.014,-0.001,0.042,-0.108,0.0,0.0,0.0,0.0,0.0,0.0,-2.013,0.349,-1.442,0.171,-0.8568979624978965,T752S
-1.654,1.012,-3.914,0.028,0.002,-0.004,1.18,0.0,0.0,0.0,0.0,0.0,-0.045,-0.484,0.495,1.49,0.446,-1.4480825758154197,T752V
-11.252,49.99990683987262,4.405,0.012,0.4,0.259,0.466,0.0,0.0,0.0,0.275,0.0,0.0,2.465,0.229,-0.57,0.137,49.99989423069357,T752Y
-2.229,3.233,3.104,0.0,0.511,-0.012,0.782,0.0,0.0,0.0,0.0,0.0,0.0,2.033,0.326,-2.492,0.33,5.585469597897827,T752N
-0.455,0.09,-0.737,-0.007,0.011,-0.162,-0.206,0.0,0.0,0.0,0.0,0.0,0.0,-1.72,0.0,0.0,0.0,-3.184963788962932,T752T
-8.76,49.847,16.028,0.027,0.638,1.37,-1.669,0.0,0.0,0.0,1.333,-0.094,0.0,2.126,0.175,-1.867,-0.021,41.414789111432285,T752K
-19.048,49.9999999999991,1.77,0.434,0.423,-0.263,2.461,0.0,0.0,0.0,0.275,0.0,0.0,8.388,0.374,1.109,0.326,49.99999999999895,T752W
-1.337,2.016,-0.319,-0.008,-0.186,-0.147,0.075,0.118,0.0,0.0,0.871,0.442,-0.017,-0.66,0.339,-1.549,2.351,1.9886103145749985,R757P
-0.007,0.0,0.012,-0.004,0.074,-0.006,-0.17,0.0,0.0,0.0,0.0,0.0,0.0,1.264,-0.159,-2.63,-0.158,-1.783310437558498,R757E
-0.729,0.032,0.067,-0.003,0.15,-0.033,-0.077,0.0,0.0,0.0,0.0,0.0,0.0,0.925,0.233,-0.206,0.198,0.5565820429903852,R757H
-0.164,0.0,0.758,-0.006,0.109,-0.017,-0.648,0.0,0.0,0.0,0.0,0.0,0.0,0.042,0.136,-2.051,0.096,-1.7453842465691878,R757D
0.272,0.0,-0.405,-0.009,-0.206,0.028,-0.049,0.0,0.0,0.0,0.0,0.0,0.0,-1.396,0.042,1.419,-0.217,-0.5203174704229241,R757A
-4.213,7.374,4.074,0.006,0.103,0.955,-0.082,0.0,0.0,0.0,0.8,-1.094,0.02,3.411,0.347,-2.061,0.058,9.697908317271754,V753Y
-0.101,0.0,0.753,-0.009,-0.155,-0.139,-0.237,0.0,0.0,0.0,0.0,0.0,0.0,-1.257,0.181,-0.195,-0.084,-1.2423532551664491,R757S
0.611,0.0,-0.426,-0.01,-0.206,0.07,-0.184,0.0,0.0,0.0,0.0,0.0,0.002,-1.396,0.698,0.892,0.572,0.6248186763393733,R757G
0.0,0.0,0.0,0.0,0.0,0.0,0.0,0.0,0.0,0.0,0.0,0.0,0.0,0.0,0.0,0.0,0.0,0.0,D756D
-0.471,0.0,-0.164,0.01,-0.124,0.028,-0.106,0.0,0.0,0.0,0.0,0.0,0.0,-1.268,-0.077,1.756,0.163,-0.2539126647709508,R757L
3.35,-1.393,-0.1,-0.013,-0.15,0.049,0.289,0.0,0.0,0.0,0.0,0.0,0.0,-1.707,0.345,1.597,0.782,3.0490177953489592,M754C
2.451,-0.023,-4.587,-0.005,-0.528,-0.654,6.113,0.0,0.0,0.0,1.824,1.591,0.0,-1.991,-0.736,1.856,-0.726,4.586147755925367,D756S
-1.015,0.185,0.013,-0.007,-0.176,-0.057,-0.308,0.0,0.0,0.0,0.0,0.0,0.0,-0.674,0.473,3.349,0.259,2.0412500083435816,R757C
-1.235,0.398,-0.249,0.028,-0.011,-0.091,-0.084,0.0,0.0,0.0,0.0,0.0,0.023,-0.578,0.41,2.398,0.235,1.2432482743021185,R757I
4.843,-1.478,0.231,-0.006,0.32,0.222,0.066,0.0,0.0,0.0,0.0,0.0,0.0,0.216,-0.264,-1.958,0.025,2.213701414536104,M754H
-1.079,0.0,0.229,0.008,0.071,0.056,-0.228,0.0,0.0,0.0,0.0,0.0,0.0,0.194,0.167,2.355,0.075,1.8490625367930988,R757W
-1.964,49.45204626408126,-5.496,-0.002,-0.345,0.722,7.784,49.784825054516574,0.0,0.0,3.428,1.591,-0.115,0.024,6.354,0.502,9.539,49.99950766803064,D756P
-0.874,0.0,0.288,0.005,-0.107,-0.025,-0.208,0.0,0.0,0.0,0.0,0.0,0.0,-0.58,0.0,1.752,0.219,0.4697327210707271,R757M
-0.004,0.0,-0.002,-0.004,-0.015,-0.006,-0.005,0.0,0.0,0.0,0.0,0.0,0.0,0.916,-0.036,-1.357,0.07,-0.4419654672764181,R757Q
-0.419,0.001,0.685,-0.004,-0.148,-0.169,-0.372,0.0,0.0,0.0,0.0,0.0,0.0,-1.253,0.405,1.246,0.384,0.3551525530878052,R757T
-0.021,44.898145196349795,2.038,-0.018,0.045,0.537,-1.022,49.65542431627307,0.0,0.0,0.0,0.0,-0.074,-0.294,7.402,-4.286,17.678,49.99228588636368,V753P
-0.284,0.0,0.41,-0.003,0.063,-0.098,-0.283,0.0,0.0,0.0,0.0,0.0,0.0,-0.233,0.207,-1.246,0.388,-1.0783611107615343,R757N
-0.612,2.253,-5.571,0.009,-0.528,-0.543,7.676,0.0,0.0,0.0,2.219,1.591,0.0,-1.675,0.036,3.807,0.202,8.865611944800435,D756L
5.763,-1.462,-1.111,-0.014,-0.166,0.194,0.301,0.0,0.0,0.0,0.0,0.0,0.0,-2.148,-0.004,-0.333,-0.088,0.930936113018447,M754A
-0.001,0.0,-0.005,-0.003,-0.081,-0.005,-0.062,0.0,0.0,0.0,0.0,0.0,0.0,-0.523,0.133,-0.62,-0.103,-1.2698246061025884,R757K
-0.6,0.0,-0.097,0.014,0.016,0.049,-0.157,0.0,0.0,0.0,0.0,0.0,0.0,0.95,0.309,1.313,0.288,2.0851001266885305,R757F
2.933,-1.242,4.789,-0.003,0.971,0.724,-3.285,0.0,0.0,0.0,0.0,0.0,0.0,0.632,-0.785,-3.804,-0.682,0.247852018325716,M754D
3.082,-1.221,2.272,0.024,0.179,0.051,0.315,0.0,0.0,0.0,0.0,0.0,0.0,2.057,0.211,-2.372,0.074,4.671404877636292,M754K
5.03,-1.422,0.854,0.015,0.071,0.325,0.636,0.0,0.0,0.0,0.0,0.0,0.0,1.968,0.052,-0.44,-0.177,6.911539598256354,M754F
-0.372,1.263,-4.687,0.002,-0.527,-0.62,7.398,0.0,0.0,0.0,2.219,1.591,0.0,-0.995,-0.434,3.803,-0.307,8.334655653937489,D756M
1.623,-1.024,9.339,-0.021,0.354,0.083,-3.128,0.0,0.0,0.0,0.0,0.0,0.02,1.563,1.299,-4.789,0.86,6.180166565460809,V753D
1.872,-0.347,2.487,-0.006,0.403,-0.342,-0.468,0.0,0.0,0.0,-0.286,0.0,0.0,-0.302,0.057,-3.109,0.036,-0.004391571438191,M754Q
-0.621,0.0,-0.098,0.013,0.03,0.041,-0.178,0.0,0.0,0.0,0.0,0.0,0.0,0.931,0.311,0.676,0.224,1.3294865529577464,R757Y
4.285,-1.461,3.149,-0.008,0.36,0.415,-3.303,0.0,0.0,0.0,0.0,-0.67,0.0,2.282,0.228,-4.382,-0.007,0.8854564319640303,M754E
-1.432,19.04,-7.71,0.013,-0.409,0.627,8.913,0.0,0.0,0.0,3.428,1.591,-0.064,0.034,-0.152,4.788,-0.33,28.33852533354286,D756V
-2.007,17.792,-6.743,0.019,-0.399,0.606,9.124,0.0,0.0,0.0,3.428,1.591,-0.064,0.092,-0.124,4.449,-0.238,27.52699487619543,D756I
1.868,0.522,0.035,0.019,-0.054,-0.024,0.294,0.0,0.0,0.0,0.0,0.0,0.071,-1.288,0.552,0.646,0.135,2.7756642956077258,M754I
2.794,-1.352,2.77,0.021,0.438,0.56,-1.035,0.0,0.0,0.0,-0.75,0.0,0.0,1.715,0.091,-1.753,0.133,3.6335660118445503,M754R
4.567,-1.477,0.093,0.006,0.108,0.188,0.282,0.0,0.0,0.0,0.0,0.0,0.0,0.082,0.11,-1.076,-0.034,2.850028605400894,M754Y
1.373,-1.492,-2.68,-0.023,-0.012,0.039,-0.011,0.0,0.0,0.0,0.0,0.0,0.0,-1.374,0.199,1.075,0.029,-2.8764303220107195,Y755M
-1.234,0.559,-0.37,0.008,-0.169,-0.093,-0.217,0.0,0.0,0.0,0.0,0.0,0.023,-0.712,0.471,2.737,0.228,1.2323979653967854,R757V
6.643,-1.513,-1.025,-0.017,-0.166,0.431,0.229,0.0,0.0,0.0,0.0,0.0,-0.056,-2.148,0.783,-0.86,1.098,3.398474950195805,M754G
4.878,-1.408,0.432,0.013,-0.025,0.229,0.423,0.0,0.0,0.0,0.0,0.0,0.0,0.311,0.008,0.004,-0.153,4.711178853977117,M754L
-4.232,18.526,-3.24,0.047,1.036,-0.958,7.015,0.0,0.0,0.0,2.219,1.591,0.0,2.957,-0.434,4.406,-0.08,28.85452448600597,D756W
2.933,-0.025,-7.408,-0.005,-0.571,-0.538,7.257,0.0,0.0,0.0,2.219,1.591,0.0,-2.354,-0.777,3.47,-0.582,5.211305392094914,D756A
1.782,-0.973,5.013,-0.004,0.55,1.736,-0.75,0.0,0.0,0.0,-0.002,0.0,0.02,4.572,0.499,-4.094,0.172,8.520755061148066,V753Q
5.096,-1.114,0.513,-0.022,-0.069,0.354,-0.248,0.0,0.0,0.0,0.0,0.0,0.02,-0.996,0.624,-1.319,0.561,3.4007242690825024,V753A
-0.842,0.366,-1.612,0.001,-0.049,-0.394,4.994,0.0,0.0,0.0,0.214,0.199,0.0,0.002,-0.06,0.805,-0.151,3.4757728713681217,D756N
0.0,0.0,0.0,0.0,0.0,0.0,0.0,0.0,0.0,0.0,0.0,0.0,0.0,0.0,0.0,0.0,0.0,0.0,R757R
2.353,-1.173,3.517,-0.008,0.13,0.145,-0.421,0.0,0.0,0.0,-0.676,0.0,0.0,0.455,-0.565,-2.998,-0.487,0.2714650412536912,M754N
0.0,0.0,0.0,0.0,0.0,0.0,0.0,0.0,0.0,0.0,0.0,0.0,0.0,0.0,0.0,0.0,0.0,0.0,V753V
2.906,-1.722,-3.943,-0.026,-0.052,0.225,-0.525,0.0,0.0,0.0,0.0,0.0,0.0,-2.621,0.108,2.672,-0.023,-3.000635288418266,Y755C
-2.621,33.617,-4.597,0.033,-0.257,-0.828,7.302,0.0,0.0,0.0,2.219,1.591,0.0,3.47,-0.458,3.364,-0.526,42.30969671566913,D756F
2.085,-0.522,10.37,-0.01,0.616,2.37,-5.835,0.0,0.0,0.0,-0.674,0.0,0.02,4.325,0.466,-5.368,0.263,8.106059223969737,V753E
-0.234,0.89,-1.997,-0.006,-0.027,-0.121,0.282,0.0,0.0,0.0,0.0,0.0,0.0,-1.598,0.067,0.636,-0.006,-2.1127403602368986,Y755F
5.662,-1.455,-0.043,-0.013,-0.085,0.169,-0.054,0.0,0.0,0.0,0.0,0.0,0.0,-1.453,0.481,-1.948,0.633,1.895560531089132,M754S
-1.41,2.393,-1.557,0.012,0.045,-0.267,4.639,0.0,0.0,0.0,0.558,1.591,0.0,1.405,-0.727,1.845,-0.706,7.823283724349153,D756H
0.678,-1.768,0.747,-0.022,0.298,0.055,-0.364,0.0,0.0,0.0,0.0,0.0,0.0,-2.164,-0.146,-0.883,0.061,-3.5080307927261174,Y755H
1.907,-0.577,2.706,-0.009,0.022,-0.137,-0.496,0.0,0.0,0.0,0.0,0.0,0.02,0.198,0.427,-1.491,0.236,2.8052487898471554,V753T
5.773,-2.381,-4.125,-0.027,-0.063,0.402,-0.079,0.0,0.0,0.0,0.0,0.0,0.0,-3.227,-0.123,0.742,-0.275,-3.383136881170799,Y755A
4.672,-0.045,-7.065,-0.006,-0.571,-0.632,7.265,0.0,0.0,0.0,2.219,1.591,-0.127,-2.354,0.168,2.943,0.675,8.734932316853815,D756G
-0.57,0.962,-1.621,0.004,-0.152,-0.504,3.823,0.0,0.0,0.0,2.219,0.353,0.0,0.975,-0.43,-0.579,-0.373,4.108439976904833,D756E
1.846,-0.862,1.955,-0.021,-0.042,0.038,-0.378,0.0,0.0,0.0,0.0,0.0,0.02,-0.554,0.557,0.612,0.536,3.7073906327873374,V753C
-0.365,0.602,-3.744,0.0,-0.43,-0.89,6.972,0.0,0.0,0.0,2.219,1.591,0.0,0.44,-0.391,0.694,-0.39,6.308802719695677,D756Q
-0.034,1.2,-3.692,0.003,-0.39,-0.741,7.223,0.0,0.0,0.0,2.219,1.591,0.0,0.152,-0.326,1.431,-0.321,8.31525471442967,D756K
5.502,2.878,-1.828,-0.006,0.021,1.342,-1.481,0.859,0.0,0.0,0.0,0.0,-0.017,1.01,-0.421,-3.301,0.835,5.392957559403158,M754P
-9.227,20.027,2.99,0.005,0.316,-0.255,0.136,0.0,0.0,0.0,0.799,0.0,0.02,5.453,0.534,-0.382,0.491,20.90638631163005,V753W
3.448,-1.51,1.558,-0.011,-0.026,0.076,-0.925,0.0,0.0,0.0,0.0,0.0,0.0,-1.478,0.802,-0.506,1.323,2.750435396596231,M754T
3.653,-1.352,1.298,0.02,0.231,0.165,0.402,0.0,0.0,0.0,0.0,0.0,0.0,2.468,-0.149,0.603,0.323,7.66303653229113,M754W
-1.312,5.23,-0.243,0.001,0.029,0.522,-0.254,0.0,0.0,0.0,0.8,0.0,0.02,4.566,0.397,-1.425,0.075,8.407357227273678,V753F
0.0,0.0,0.0,0.0,0.0,0.0,0.0,0.0,0.0,0.0,0.0,0.0,0.0,0.0,0.0,0.0,0.0,0.0,M754M
5.236,-2.29,-2.323,-0.009,0.236,0.549,-0.138,0.0,0.0,0.0,0.0,0.0,0.0,1.157,-0.048,-1.297,0.004,1.078131024826689,Y755K
1.835,-1.494,-3.615,-0.013,-0.005,0.208,-0.053,0.0,0.0,0.0,0.0,0.0,0.0,-2.539,-0.076,1.079,0.083,-4.588978575774831,Y755L
-2.685,33.709,-3.951,0.032,-0.225,-0.936,7.038,0.0,0.0,0.0,2.219,1.591,0.0,3.232,-0.494,2.727,-0.52,41.73868908209556,D756Y
1.477,0.95,-1.428,0.012,0.219,1.716,-0.645,0.0,0.0,0.0,0.0,0.0,0.0,3.591,0.21,-0.339,0.108,5.871596072996795,V753I
5.994,-2.269,-2.159,-0.018,-0.022,0.548,-0.451,0.0,0.0,0.0,0.0,0.0,0.0,-1.156,-0.026,-0.872,0.032,-0.3983886823987177,Y755S
4.709,-2.267,0.466,-0.018,0.381,-0.078,0.799,0.0,0.0,0.0,0.0,0.0,0.0,0.887,-0.122,-2.728,0.011,2.0406026676095053,Y755D
3.348,-1.447,-0.665,-0.001,-0.107,0.023,0.101,0.0,0.0,0.0,0.0,0.0,0.071,-2.136,0.58,0.985,0.183,0.9355575673179146,M754V
6.947,-1.152,1.339,-0.024,-0.069,0.48,-0.107,0.0,0.0,0.0,0.0,0.0,-0.041,-0.996,1.566,-1.845,1.988,8.085650692876811,V753G
6.517,-2.383,-3.803,-0.029,-0.063,0.517,-0.102,0.0,0.0,0.0,0.0,0.0,-0.037,-3.227,0.8,0.215,0.748,-0.8442414030297414,Y755G
-0.027,0.298,-5.591,-0.001,-0.339,-0.427,6.561,0.0,0.0,0.0,2.219,1.591,0.0,-1.872,-0.378,5.4,-0.34,7.0952267881199305,D756C
2.799,-2.273,-3.496,0.001,0.024,0.318,-0.231,0.0,0.0,0.0,0.0,0.0,-0.039,-2.358,0.115,1.721,0.157,-3.261562953286102,Y755I
-0.451,1.34,3.974,-0.008,-0.096,1.058,-3.084,0.0,0.0,0.0,0.448,0.0,0.02,3.336,0.45,-0.986,0.381,6.381462831821409,V753M
3.45,-2.277,-0.412,-0.021,0.229,0.055,-0.291,0.0,0.0,0.0,0.0,0.0,0.0,-0.746,-0.13,-3.307,-0.045,-3.4925046534888224,Y755E
-0.391,20.514,-5.612,0.007,-0.481,-0.799,6.344,0.0,0.0,0.0,2.196,1.591,0.0,-1.794,-0.202,3.297,-0.525,24.14518599255097,D756T
1.59,-1.014,0.086,-0.023,0.175,0.132,-1.148,0.0,0.0,0.0,-0.452,0.0,0.0,-0.853,0.125,-1.923,0.255,-3.0484081405244297,Y755N
1.034,2.118,3.583,-0.017,0.29,0.731,-1.415,0.0,0.0,0.0,0.0,0.0,0.02,4.382,0.321,-2.944,0.035,8.138278471368267,V753H
0.143,-0.442,7.438,-0.018,0.406,-0.792,-1.19,0.0,0.0,0.0,0.0,0.0,0.02,1.902,1.056,-3.983,0.653,5.1916205522777545,V753N
7.913,48.42015675801688,-4.592,-0.021,-0.281,1.029,-0.205,4.791,0.776,0.0,-0.17,0.0,-0.041,-0.76,-0.987,-2.226,3.518,48.881285975312,Y755P
-1.188,2.249,-1.624,0.014,0.077,-0.413,5.009,0.0,0.0,0.0,1.877,1.591,0.0,-0.397,-0.502,2.051,-0.525,8.218008127746657,D756R
-2.39,20.519,1.528,0.012,0.065,-0.401,0.301,0.0,0.0,0.0,0.0,0.0,0.02,3.407,0.562,-0.982,0.335,22.977048142784497,V753L
3.725,-2.273,-2.228,-0.01,0.594,0.198,-0.167,0.0,0.0,0.0,0.0,0.0,0.0,-0.969,-0.071,-0.677,-0.011,-1.8888673325965328,Y755R
-1.782,0.218,0.222,-0.007,0.067,-0.211,1.419,0.0,0.0,0.0,0.0,1.123,0.0,1.535,-0.036,-0.206,-0.008,2.332539777682996,R758H
-0.193,0.173,0.462,-0.006,-0.021,-0.576,2.464,0.0,0.0,0.0,0.0,1.591,0.0,1.579,-0.129,-2.051,-0.049,3.245255070053986,R758D
-1.396,-2.076,-0.22,-0.008,0.092,0.114,0.623,0.0,0.0,0.0,0.0,0.0,0.0,-1.308,-0.023,1.678,-0.026,-2.549082145610555,Y755W
4.504,-1.114,3.883,-0.022,-0.019,-0.027,-0.468,0.0,0.0,0.0,0.0,0.0,0.02,-0.477,0.537,-2.933,0.258,4.14137623572185,V753S
-11.005,46.84853243873551,4.536,0.06,0.295,-0.578,0.251,0.0,0.0,0.0,0.0,0.0,0.03,6.071,3.99,1.462,10.027,48.25530598401041,G760W
4.179,-2.171,-3.153,-0.016,0.024,0.217,-0.539,0.0,0.0,0.0,0.0,0.0,0.0,0.422,0.039,0.569,0.238,-0.190982764757905,Y755T
2.426,-0.007,-3.474,-0.015,-0.436,-0.142,3.363,0.0,0.0,0.0,0.0,1.591,-0.036,-1.417,0.426,0.892,0.424,3.5950438038188395,R758G
2.765,-2.279,-0.988,-0.02,0.111,-0.015,-0.015,0.0,0.0,0.0,0.0,0.0,0.0,-0.769,0.059,-2.034,0.076,-3.105961165100098,Y755Q
0.0,0.0,0.0,0.0,0.0,0.0,0.0,0.0,0.0,0.0,0.0,0.0,0.0,0.0,0.0,0.0,0.0,0.0,R758R
-2.302,0.341,-0.869,0.013,-0.114,0.104,2.199,0.0,0.0,0.0,0.0,1.591,0.0,1.704,0.185,1.313,0.211,4.374330646476551,R758F
0.0,0.0,0.0,0.0,0.0,0.0,0.0,0.0,0.0,0.0,0.0,0.0,0.0,0.0,0.0,0.0,0.0,0.0,G760G
0.632,0.007,-1.151,-0.01,-0.132,0.005,2.018,0.0,0.0,0.0,0.0,0.472,0.0,1.03,0.032,-1.246,0.051,1.7082381406930836,R758N
0.574,0.902,7.339,-0.004,0.431,0.213,1.077,0.0,0.0,0.0,-0.002,0.0,0.02,5.403,0.52,-3.358,0.182,13.296913940470404,V753K
-2.79,0.189,-0.21,0.013,-0.048,-0.132,2.505,0.0,0.0,0.0,0.0,1.591,0.0,2.051,0.079,2.355,-0.001,5.602248543022711,R758W
-3.621,6.516,9.478,0.005,0.744,0.292,1.273,0.0,0.0,0.0,-0.128,0.0,0.02,5.004,0.321,-2.738,-0.008,17.15750150243821,V753R
-5.313,12.731,6.104,0.014,0.632,0.207,0.984,0.0,0.0,0.0,0.0,0.0,0.03,7.201,3.502,-3.523,9.915,32.48619369726839,G760E
2.797,-1.435,-4.646,-0.01,-0.022,0.129,-0.462,0.0,0.0,0.0,0.0,0.0,-0.039,-2.906,0.037,2.06,0.071,-4.42590638422314,Y755V
1.605,-0.003,-3.369,-0.013,-0.436,-0.049,3.41,0.0,0.0,0.0,0.0,1.591,0.0,-1.417,0.026,1.419,-0.077,2.687965810691366,R758A
-0.461,3.98,-2.877,0.014,-0.354,-0.291,3.393,0.0,0.0,0.0,0.0,1.591,-0.004,0.036,0.626,2.737,0.455,8.845554281833188,R758V
0.812,0.003,-2.081,0.0,-0.322,-0.199,3.19,0.0,0.0,0.0,0.0,1.591,0.0,-0.64,0.157,1.752,0.047,4.310104808706683,R758M
0.816,0.001,-1.553,-0.008,-0.19,-0.261,2.669,0.0,0.0,0.0,0.0,1.591,0.0,1.238,-0.079,-1.357,-0.063,2.804768293723214,R758Q
0.896,0.021,-0.742,-0.013,-0.375,-0.11,1.697,0.0,0.0,0.0,0.0,0.902,0.0,-1.267,-0.246,-0.195,-0.175,0.3943405165827016,R758S
-0.472,-0.092,-0.705,-0.007,0.011,-0.172,-0.186,0.0,0.0,0.0,0.0,0.0,0.0,-1.72,0.0,0.0,0.0,-3.340707010756205,Y755Y
0.916,0.001,-1.872,-0.007,-0.289,-0.198,3.102,0.0,0.0,0.0,0.0,1.591,0.0,-0.608,0.013,-0.62,0.036,2.0664605531618463,R758K
0.939,0.001,-2.416,-0.012,-0.421,-0.155,2.94,0.0,0.0,0.0,0.0,1.591,0.0,-1.107,0.229,3.349,-0.018,4.919470716734168,R758C
5.415,3.101,-8.243,0.002,-0.314,1.261,-1.637,0.0,0.0,0.0,0.0,0.0,0.0,-0.433,0.204,1.756,0.212,1.3251945755166616,R759L
-2.334,15.231,0.696,0.008,-0.038,0.086,0.188,0.0,0.0,0.0,0.0,0.0,0.03,3.346,3.368,0.526,9.92,31.02745959141805,G760A
-8.175,11.793,5.714,0.024,0.35,-0.433,-0.229,0.0,0.0,0.0,0.0,0.0,0.03,5.129,3.116,-1.099,9.839,26.06036934098188,G760H
-5.975,10.384,4.428,0.013,0.267,-0.183,-0.504,0.0,0.0,0.0,0.0,0.0,0.03,3.289,3.489,-1.513,9.892,23.61899821880104,G760K
0.279,0.064,-0.535,-0.008,-0.367,-0.244,1.304,0.0,0.0,0.0,0.0,0.931,0.0,-1.408,-0.029,1.246,0.06,1.292653600715198,R758T
0.894,0.002,-1.587,-0.008,-0.111,-0.305,4.157,0.0,0.0,0.0,0.0,1.591,0.0,1.066,-0.043,-2.63,-0.037,2.989057566379415,R758E
-9.029,16.608,2.851,0.113,0.252,-0.287,-0.28,0.0,0.0,0.0,0.0,0.0,0.03,5.576,3.679,-0.216,9.855,29.153559020181888,G760Y
-3.833,49.034,2.661,-0.005,-0.34,-0.523,5.994,3.367,0.0,0.0,2.219,1.591,0.09,2.521,0.07,-1.549,11.331,44.810003631586575,R758P
-7.269,48.97388885797991,1.236,0.017,0.002,-0.021,-0.192,0.0,0.0,0.0,0.0,0.0,0.044,1.976,5.442,1.844,9.929,49.38760173628339,G760V
0.67,0.001,-2.133,0.005,-0.339,-0.179,3.242,0.0,0.0,0.0,0.0,1.591,0.0,-1.377,-0.061,1.756,0.013,3.190416969768308,R758L
8.965,-0.659,-5.73,-0.012,-0.341,1.158,-1.942,0.0,0.0,0.0,0.0,0.0,0.0,-1.14,0.322,-0.195,0.511,0.9373657847758068,R759S
-5.663,24.406,8.402,0.003,0.296,-0.134,-3.99,0.0,0.0,0.0,-0.079,-0.166,0.03,5.165,2.522,-2.944,9.833,37.68214618793388,G760D
-0.391,2.574,-2.684,0.018,-0.275,-0.331,3.351,0.0,0.0,0.0,0.0,1.591,-0.004,0.063,0.719,2.398,0.445,7.473499482432885,R758I
-8.458,18.018,3.386,0.119,0.235,-0.024,0.064,0.0,0.0,0.0,0.0,0.0,0.03,7.422,3.229,0.42,9.837,34.28051168081208,G760F
-5.439,45.12503843540387,2.911,0.009,-0.019,0.071,-0.236,0.0,0.0,0.0,0.0,0.0,0.03,4.386,2.731,2.456,9.948,47.454377128822074,G760C
11.681,-0.659,-8.252,-0.014,-0.368,1.335,-1.6,0.0,0.0,0.0,0.0,0.0,-0.129,-1.904,1.236,0.892,1.942,4.161690547661124,R759G
7.24,-0.637,-7.498,-0.011,-0.355,1.262,-1.761,0.0,0.0,0.0,0.0,0.0,0.0,-1.845,0.172,3.349,0.576,0.4939501435413831,R759C
1.69,-1.007,-0.354,-0.014,0.507,-0.039,-2.056,0.0,0.0,0.0,0.0,0.632,0.0,0.34,-0.135,-2.051,-0.267,-2.7549756230948788,R761D
9.587,-0.665,-9.039,-0.012,-0.368,1.463,-1.397,0.0,0.0,0.0,0.0,0.0,0.0,-1.904,0.783,1.419,1.068,0.9378534317515914,R759A
-5.909,28.818,7.041,0.013,0.238,-0.465,-0.071,0.0,0.0,0.0,-0.244,0.0,0.03,6.648,2.762,-2.139,9.823,46.54590406159684,G760N
1.077,0.305,-7.158,-0.013,0.188,0.544,1.45,0.0,0.0,0.0,0.0,1.145,0.0,-1.249,0.151,1.752,0.006,-1.8009118837854885,R761M
4.085,0.027,-7.714,-0.005,-0.347,1.179,-1.08,0.0,0.0,0.0,0.0,0.0,0.0,-1.021,0.622,1.752,1.108,-1.392982357065648,R759M
3.588,1.631,-6.539,0.017,-0.118,1.031,-2.163,0.0,0.0,0.0,0.0,0.0,0.0,2.042,-0.06,0.676,0.037,0.1434082910419647,R759Y
-5.783,11.297,5.659,0.016,0.565,0.289,-0.757,0.0,0.0,0.0,0.0,0.0,0.03,5.223,3.491,-2.25,9.916,27.69986201157804,G760Q
5.576,-0.42,-4.653,-0.007,-0.137,1.077,-1.792,0.0,0.0,0.0,0.0,0.0,0.0,0.648,0.105,-1.357,0.217,-0.740408824746396,R759Q
-5.643,12.224,4.169,0.014,0.076,0.104,0.498,0.0,0.0,0.0,0.0,0.0,0.03,5.279,4.272,0.859,10.008,31.892406289239943,G760M
-6.469,42.76755632484058,2.872,0.026,-0.006,-0.1,0.054,0.0,0.0,0.0,0.0,0.0,0.03,3.696,3.717,0.863,9.913,45.83302217056784,G760L
2.864,9.625,-9.159,0.016,-0.265,1.584,-1.005,0.0,0.0,0.0,0.8,0.0,-0.108,0.68,0.268,2.398,0.547,8.246605215763225,R759I
-2.752,0.561,0.329,0.012,-0.098,0.362,1.628,0.0,0.0,0.0,0.0,0.401,0.0,1.675,0.164,0.676,0.203,3.16039208513962,R758Y
4.435,5.338,-8.983,0.007,-0.33,1.425,-1.948,0.0,0.0,0.0,0.0,0.0,-0.108,-1.247,0.07,2.737,0.307,1.703536520752209,R759V
6.566,-0.425,-4.637,-0.008,-0.087,0.783,-1.309,0.0,0.0,0.0,0.0,0.0,0.0,0.295,0.309,-1.246,0.551,0.7942249168849003,R759N
-8.076,48.39318881850453,2.619,0.032,0.038,-0.04,-0.202,0.0,0.0,0.0,0.0,0.0,0.044,2.46,5.289,1.505,9.959,49.062138736487945,G760I
-5.425,11.107,5.1,0.023,0.268,-0.061,0.633,0.0,0.0,0.0,0.0,0.0,0.03,5.918,3.512,-0.893,9.851,30.065475566892587,G760R
-6.47,11.903,7.172,0.008,0.045,0.234,-0.531,0.0,0.0,0.0,0.0,0.0,0.03,1.986,2.834,0.353,9.915,27.48089886387584,G760T
-8.832,49.99878896743577,2.577,0.003,0.081,-0.165,1.238,49.07818498882035,0.874,0.0,0.0,0.0,0.044,1.976,6.662,-2.442,20.432,49.999995410039624,G760P
4.767,49.42740249594546,-5.128,-0.004,-0.334,1.745,-0.269,47.3473335514431,0.741,0.0,0.0,0.0,-0.259,0.165,4.615,-1.549,14.645,49.992701573530475,R759P
-4.495,7.133,7.362,0.001,0.037,0.348,-0.819,0.0,0.0,0.0,0.0,0.0,0.03,2.185,2.434,-1.088,3.801,16.93089282408016,G760S
5.642,-0.133,2.269,0.014,0.13,1.505,-5.889,0.0,0.0,0.0,0.0,0.0,0.0,3.357,0.551,-2.051,0.484,5.878790408720079,R759D
3.074,1.622,-6.965,0.016,-0.063,0.903,-2.086,0.0,0.0,0.0,0.0,0.0,0.0,2.056,0.125,1.313,0.201,0.198018826139787,R759F
-0.468,0.05,-0.697,-0.007,0.011,-0.172,-0.186,0.0,0.0,0.0,0.0,0.0,0.0,-1.719,0.0,0.0,0.0,-3.1878592423711325,R761R
1.626,1.711,-5.566,0.003,-0.404,0.722,1.402,0.0,0.0,0.0,0.0,1.145,-0.011,-3.876,0.929,2.398,0.605,0.6841165521025232,R761I
6.32,-0.46,-3.943,-0.007,-0.068,0.776,-1.753,0.0,0.0,0.0,0.0,0.0,0.0,0.726,0.169,-2.63,0.172,-0.6975627830177018,R759E
0.444,0.061,0.752,0.007,-0.011,0.149,0.189,0.0,0.0,0.0,0.0,0.0,0.0,1.719,0.0,0.0,0.0,3.3109397235236884,R759R
2.539,-0.898,-5.046,-0.016,-0.201,0.294,0.884,1.076,0.0,0.0,0.0,1.145,0.141,-3.796,-0.6,-1.549,-0.276,-6.301301448825939,R761P
1.063,-0.798,0.597,-0.011,0.074,0.944,-2.471,0.0,0.0,0.0,0.0,0.012,0.0,0.205,0.078,-2.63,0.042,-2.894297021462421,R761E
0.361,6.403,-4.115,0.023,0.09,1.66,-1.289,0.0,0.0,0.0,0.0,0.0,0.0,3.858,0.059,2.355,1.138,10.544739117811105,R759W
4.703,0.616,-5.066,-0.006,0.029,0.567,-1.714,0.0,0.0,0.0,0.0,0.0,0.0,1.306,-0.112,-0.206,0.5,0.6181787534986825,R759H
7.154,-0.346,-4.161,0.0,-0.322,1.194,-1.947,0.0,0.0,0.0,0.0,0.0,0.0,-0.087,-0.246,1.246,-0.1,2.385734345545984,R759T
5.742,-1.28,-5.185,-0.021,-0.317,0.321,0.945,0.0,0.0,0.0,0.0,1.145,-0.054,-3.823,-0.19,0.892,-0.119,-1.9429646867146173,R761G
4.232,-1.18,-5.879,-0.02,-0.317,0.202,0.989,0.0,0.0,0.0,0.0,1.145,0.0,-3.823,0.039,1.419,0.072,-3.119548746262808,R761A
0.962,-0.96,-1.911,-0.014,0.443,0.986,0.012,0.0,0.0,0.0,-0.93,1.145,0.0,-2.354,-0.049,-0.206,-0.091,-2.965591471086668,R761H
4.671,-0.39,-3.191,-0.004,-0.102,0.77,-0.553,0.0,0.0,0.0,0.0,0.0,0.0,-0.021,-0.018,-0.62,-0.048,0.4950852917033899,R759K
1.762,-1.179,-4.482,-0.016,-0.272,0.604,-0.019,0.0,0.0,0.0,0.0,1.145,0.0,-2.911,-0.03,3.349,-0.228,-2.27655771422053,R761C
1.319,0.848,-5.523,-0.003,-0.271,0.511,0.91,0.0,0.0,0.0,0.0,1.145,-0.011,-3.815,0.576,2.737,0.441,-1.1349230300323825,R761V
-0.863,-0.917,-2.522,0.005,0.594,0.245,0.91,0.0,0.0,0.0,0.0,1.145,0.0,-0.539,0.08,2.355,0.305,0.7996472980030376,R761W
-0.247,0.528,0.308,-0.014,-0.208,0.299,-1.48,0.0,0.0,0.0,0.0,1.145,0.0,-3.03,0.03,-0.62,0.042,-3.2441118670060405,R761K
-0.672,0.215,-4.127,0.02,-0.102,0.683,1.09,0.0,0.0,0.0,0.0,1.145,0.0,-0.387,-0.05,1.756,0.004,-0.4251845341473199,R761L
-0.711,-0.331,-2.846,0.006,0.165,0.568,0.659,0.0,0.0,0.0,0.0,1.145,0.0,-0.733,0.097,0.676,0.188,-1.1145127554478904,R761Y
3.883,-1.186,-3.36,-0.019,-0.251,0.02,0.12,0.0,0.0,0.0,0.0,1.145,0.0,-3.739,-0.565,-0.195,-0.507,-4.654950509415357,R761S
4.831,-2.175,8.754,-0.022,0.193,0.381,-0.27,0.0,0.0,0.0,0.0,0.0,0.0,0.933,0.381,-3.808,0.356,9.55400087075816,L762D
-0.193,-0.541,-2.35,0.014,0.169,0.853,0.812,0.0,0.0,0.0,0.0,1.145,0.0,0.849,0.083,1.313,0.111,2.265483199838286,R761F
1.847,-2.017,10.021,-0.013,0.222,-0.279,0.372,0.0,0.0,0.0,0.0,-0.458,0.0,2.649,0.163,-4.386,0.129,8.248103716181731,L762E
1.054,0.469,-1.819,-0.015,-0.122,-0.646,1.159,0.0,0.0,0.0,0.0,1.145,0.0,-1.53,-0.177,-1.246,-0.191,-1.9200826557369053,R761N
2.448,0.969,-3.877,-0.015,-0.243,0.054,0.102,0.0,0.0,0.0,0.0,1.145,0.0,-3.811,-0.625,1.246,-0.525,-3.130008165440472,R761T
3.443,-2.695,6.364,-0.011,0.167,-0.068,-0.313,0.0,0.0,0.0,0.0,0.0,0.0,1.865,0.356,-3.002,0.415,6.5226665289116,L762N
0.628,0.272,-1.596,-0.015,-0.141,-0.112,-0.453,0.0,0.0,0.0,0.0,1.145,0.0,-1.239,-0.008,-1.357,0.026,-2.8484686007478786,R761Q
10.956,-3.173,1.914,-0.027,-0.076,0.353,-0.017,0.0,0.0,0.0,0.0,0.0,0.017,-0.837,0.77,-0.864,0.87,9.885987948805225,L762G
5.641,49.937666317249885,3.97,-0.009,0.063,0.657,1.811,27.71,0.0,1.622,0.0,0.0,-0.016,5.37,-0.078,-3.305,0.829,49.98938362262015,L762P
-2.794,18.65,14.006,-0.005,0.189,0.344,1.626,0.0,0.0,0.0,0.0,0.0,0.0,2.096,0.153,-2.377,0.139,32.027067391682635,L762K
0.368,-1.938,7.526,-0.012,0.138,-0.203,-0.512,0.0,0.0,0.0,0.0,-0.927,0.0,3.024,0.197,-3.113,0.112,4.660602617658242,L762Q
-5.415,49.97321244126304,4.465,0.064,0.134,0.05,-0.534,0.0,0.0,0.0,0.0,0.0,0.0,4.625,0.138,-1.08,0.062,49.97577046995788,L762Y
-4.142,46.953269333841476,0.837,0.053,0.113,-0.112,-0.6,0.0,0.0,0.0,0.0,0.0,0.0,4.273,0.073,-0.444,0.062,46.96676786460902,L762F
7.331,-1.954,6.141,-0.025,-0.028,0.33,-0.697,0.0,0.0,0.0,-1.408,0.0,0.0,-0.123,0.276,-1.952,0.236,8.12895162901566,L762S
-1.508,18.076,7.234,-0.012,0.262,-0.407,-0.166,0.0,0.0,0.0,0.0,0.0,0.0,4.007,0.141,-1.963,0.138,25.80350377458365,L762H
4.42,2.778,1.398,0.011,0.029,0.637,-0.306,0.0,0.0,0.0,0.0,0.0,0.035,3.804,0.263,0.981,0.35,14.398992932352485,L762V
-1.381,19.435,2.2,-0.017,-0.013,0.165,-0.076,0.0,0.0,0.0,0.0,0.0,0.0,2.367,0.174,-0.005,-0.017,22.83288558412562,L762M
8.475,-1.84,1.132,-0.025,-0.076,0.436,0.005,0.0,0.0,0.0,0.0,0.0,0.0,-0.837,0.218,-0.337,0.126,7.276982193756453,L762A
5.126,-1.96,2.364,-0.024,-0.066,0.251,-0.175,0.0,0.0,0.0,0.0,0.0,0.0,-0.337,0.375,1.593,0.074,7.220885941338224,L762C
0.446,-0.091,0.749,0.007,-0.011,0.148,0.191,0.0,0.0,0.0,0.0,0.0,0.0,1.719,0.0,0.0,0.0,3.15842034659795,L762L
5.137,1.376,5.246,-0.019,0.009,0.546,-0.827,0.0,0.0,0.0,0.0,0.0,0.0,0.303,0.37,-0.51,0.452,12.082724053126867,L762T
-9.765,49.9607083325947,2.162,0.011,0.209,0.084,-0.037,0.0,0.0,0.0,0.0,0.0,0.0,3.222,-0.145,0.599,0.111,49.95472107622901,L762W
1.796,4.563,1.493,0.026,0.078,0.506,-0.094,0.0,0.0,0.0,0.0,0.0,0.035,4.995,0.309,0.642,0.45,14.80012575806711,L762I
-7.356,46.9611758453388,14.905,-0.002,0.236,0.119,1.476,0.0,0.0,0.0,-0.002,0.0,0.0,3.217,0.087,-1.757,0.145,48.026767328581535,L762R
2.977,0.633,4.616,0.005,0.412,0.762,-1.075,0.0,0.0,0.0,0.0,0.0,0.045,2.801,0.042,-3.358,-0.098,7.76319112301087,V763K
2.361,1.221,9.172,-0.011,0.291,-0.427,0.185,0.0,0.0,0.0,0.0,0.0,0.045,2.844,-0.012,-4.789,-0.124,10.75644803744683,V763D
2.338,-0.547,7.903,-0.004,0.265,0.797,0.029,0.0,0.0,0.0,0.0,0.0,0.045,5.446,-0.282,-3.983,-0.189,11.816491488914949,V763N
0.454,-0.04,0.675,0.008,-0.011,0.173,0.181,0.0,0.0,0.0,0.0,0.0,0.0,1.719,0.0,0.0,0.0,3.157660790411001,V763V
8.883,-1.077,1.692,-0.012,-0.062,0.944,0.472,0.0,0.0,0.0,0.0,0.0,0.1,1.716,0.667,-1.845,0.666,12.144147011782708,V763G
6.799,-0.812,1.141,-0.009,-0.062,0.698,0.305,0.0,0.0,0.0,0.0,0.0,0.045,1.716,0.675,-1.319,0.359,9.536346708426436,V763A
-8.037,19.089,6.607,0.008,0.601,0.398,-0.533,0.0,0.0,0.0,-0.836,0.0,0.211,3.991,1.622,-3.523,0.829,20.42734859015945,G764E
-3.688,9.655,1.126,0.033,0.191,-0.157,0.21,0.0,0.0,0.0,0.0,0.0,0.0,2.136,0.039,-0.339,-0.002,9.204631966353872,V763I
-1.624,49.96267467159139,6.053,0.012,0.238,0.628,-0.343,0.0,0.0,0.0,0.0,0.0,0.045,4.371,-0.004,-0.382,0.094,49.974048475015806,V763W
-0.104,48.95858390352992,3.226,-0.015,0.01,0.641,1.597,45.45800469776951,0.0,1.244,0.0,0.0,0.142,0.346,2.098,-4.286,1.917,49.9618882094832,V763P
-2.329,49.47584359858556,4.717,0.055,0.198,0.468,-0.152,0.0,0.0,0.0,0.0,0.0,0.045,6.635,-0.176,-1.425,-0.183,49.61661425548952,V763F
0.375,0.364,4.281,-0.006,0.064,0.381,-0.217,0.0,0.0,0.0,0.0,0.0,0.045,1.22,0.375,-0.986,0.057,5.952999521930224,V763M
1.055,0.028,1.38,-0.015,-0.008,0.31,-0.249,0.0,0.0,0.0,0.0,0.0,0.045,0.903,0.035,0.612,0.053,4.149310023045928,V763C
-0.218,16.248,2.891,0.01,0.046,0.692,0.3,0.0,0.0,0.0,0.0,0.0,0.045,2.098,0.166,-0.982,-0.038,21.25790980740044,V763L
1.981,-0.347,7.285,-0.009,0.802,0.249,0.132,0.0,0.0,0.0,0.0,0.0,0.045,2.822,0.178,-5.368,0.099,7.870205464338255,V763E
5.256,-0.786,4.804,-0.016,0.016,0.147,-0.34,0.0,0.0,0.0,0.0,0.0,0.045,0.24,-0.003,-2.933,0.004,6.433554361399274,V763S
-1.302,42.080973098351336,8.138,-0.006,0.347,0.287,-1.33,0.0,0.0,0.0,0.0,0.0,0.045,3.887,-0.334,-2.944,-0.248,43.79065335662087,V763H
-2.668,5.153,-1.249,0.002,0.0,0.068,-0.606,0.0,0.0,0.0,0.0,0.0,0.211,0.0,0.866,0.526,0.149,2.453151372962452,G764A
0.95,-0.358,7.717,0.002,0.644,0.381,-1.51,0.0,0.0,0.0,-1.204,-0.206,0.045,5.811,0.09,-4.094,-0.073,8.19351088907149,V763Q
-2.447,49.98882796547511,6.104,0.044,0.201,0.31,0.068,0.0,0.0,0.0,0.0,0.0,0.045,5.663,-0.271,-2.061,-0.237,49.9916967136253,V763Y
-2.825,2.135,0.894,-0.003,0.055,0.545,1.237,0.0,0.0,0.0,0.0,-1.388,0.0,0.051,0.032,1.845,-0.033,2.5455631956658635,D770H
-9.458,34.264,5.39,0.015,0.445,0.112,-2.621,0.0,0.0,0.0,-2.268,0.0,0.211,4.118,1.451,-2.25,0.47,29.87796535256132,G764Q
-1.643,0.93,1.033,-0.019,-0.015,0.245,-0.429,0.0,0.0,0.0,0.0,0.0,0.004,1.083,0.824,-0.647,0.616,1.9835182628381745,I767M
-6.293,7.948,9.043,0.005,0.296,0.484,0.185,0.0,0.0,0.0,-0.278,0.0,0.211,4.817,1.35,-2.944,0.712,15.534583365390745,G764D
-4.193,43.53419759895746,9.805,0.404,0.708,-0.066,-0.185,0.0,0.0,0.0,0.0,0.0,0.0,8.323,-0.976,-3.471,-1.196,45.42545742725172,A765D
2.76,-0.512,4.522,-0.012,0.028,-0.102,-0.425,0.0,0.0,0.0,0.0,0.0,0.045,0.006,-0.523,-1.491,-0.34,3.9555940224240658,V763T
2.661,-0.164,5.221,0.003,0.544,1.213,-2.209,0.0,0.0,0.0,-1.054,0.0,0.045,2.288,-0.111,-2.738,-0.176,5.522152311205446,V763R
-7.88,9.175,5.869,0.0,0.251,0.163,-0.853,0.0,0.0,0.0,-1.216,0.0,0.211,2.9,1.513,-2.139,0.575,8.569177902781462,G764N
-6.682,10.034,0.357,0.003,0.02,0.203,-0.629,0.0,0.0,0.0,0.0,0.0,0.211,1.715,1.255,2.456,0.007,8.95066481509889,G764C
-18.456,49.99999999000349,-1.547,0.022,0.572,-0.884,-0.806,0.0,0.0,0.0,0.0,0.0,0.211,3.842,1.11,0.42,0.25,49.999999981590356,G764F
0.8,19.597,-8.139,0.012,-0.636,0.019,6.382,41.438255694921665,0.0,0.0,2.176,0.755,-0.054,1.577,2.357,0.502,2.544,47.02316635519049,D769P
-9.029,19.901,5.054,0.029,0.365,0.067,-1.426,0.0,0.0,0.0,0.0,0.0,0.211,4.424,1.531,-1.513,0.608,20.22136160271964,G764K
-3.717,6.04,3.352,0.002,0.043,-0.139,-0.419,0.0,0.0,0.0,0.0,0.0,0.211,0.921,0.743,-1.088,-0.051,5.896399063643912,G764S
-9.272,24.099,4.971,0.019,0.225,0.469,-0.311,0.0,0.0,0.0,0.0,0.0,0.211,4.208,1.133,-0.893,0.445,25.30271207086128,G764R
-10.048,49.95644215644636,-0.829,0.044,0.163,0.275,-0.761,0.0,0.0,0.0,0.0,0.0,0.007,3.876,2.664,1.505,1.577,49.953699828718115,G764I
0.0,0.0,0.0,0.0,0.0,0.0,0.0,0.0,0.0,0.0,0.0,0.0,0.0,0.0,0.0,0.0,0.0,0.0,G764G
-9.718,21.743,2.194,0.013,0.067,0.512,-0.9,0.0,0.0,0.0,0.0,0.0,0.211,2.766,1.373,0.859,0.661,19.78022201855174,G764M
-8.188,13.124,4.691,0.006,0.183,-0.786,1.854,0.0,0.0,0.0,1.164,0.0,0.211,8.236,0.94,-1.099,0.278,20.61435274960604,G764H
-6.118,-1.443,1.876,-0.007,-0.702,1.43,1.049,0.0,0.0,0.0,0.0,0.0,0.0,-1.239,0.33,5.4,-0.11,0.467309319911692,D770C
-7.85,48.64686188923254,12.348,0.405,1.576,0.12,-0.874,0.0,0.0,0.0,0.0,0.0,0.0,10.122,0.025,-4.05,-0.034,49.151317125565576,A765E
-6.626,-1.922,5.082,-0.003,-0.423,1.827,-2.297,0.0,0.0,0.0,0.0,0.0,0.0,1.309,-0.065,-0.579,-0.198,-3.894928614989567,D770E
-8.715,49.931928099002576,0.807,0.004,0.12,0.092,-1.543,49.971815742351126,0.0,0.0,0.0,0.0,-0.005,0.7,6.642,-2.442,19.757,49.999989635218704,G764P
-10.087,15.942,3.746,0.028,0.13,0.048,1.893,0.0,0.0,0.0,1.164,0.0,0.211,10.412,1.08,1.462,0.816,26.847632371654186,G764W
7.572,-3.653,-0.64,-0.012,0.007,0.356,-0.065,0.0,0.0,0.0,0.0,0.0,0.116,2.461,0.595,-0.864,1.111,6.986792917785351,L766G
-7.335,49.920492601935116,1.492,0.011,0.081,-0.295,-0.623,0.0,0.0,0.0,0.0,0.0,0.211,0.352,1.552,0.353,0.671,49.90845065197067,G764T
-13.507,50.0,-2.401,0.041,0.312,0.001,-0.81,0.0,0.0,0.0,0.0,0.0,0.211,3.612,2.242,0.863,1.532,50.0,G764L
-0.622,0.101,-5.178,0.03,0.633,-0.748,7.247,0.0,0.0,0.0,2.084,0.5,0.0,0.664,0.157,3.364,0.03,8.262122380891014,D771F
-9.007,49.94814316429696,0.414,0.511,0.421,0.031,-0.386,0.0,0.0,0.0,0.0,0.648,0.0,10.555,-0.096,0.336,-0.366,49.954115627465754,A765L
-0.109,1.972,-4.789,0.002,-0.787,0.204,5.555,0.0,0.0,0.0,-0.085,0.755,0.0,-0.351,-0.865,3.297,-0.296,4.5031527666659485,D769T
-8.853,49.95820288130518,-2.06,0.029,0.051,0.278,-0.516,0.0,0.0,0.0,0.0,0.0,0.007,2.076,2.551,1.844,1.513,49.95272585712037,G764V
-0.973,7.497,-8.515,0.01,-0.806,-0.086,6.225,0.0,0.0,0.0,-0.085,0.755,-0.076,-1.65,-0.273,4.788,0.262,7.072438612564724,D769V
3.516,-0.084,-8.493,-0.003,-0.352,-0.31,5.166,0.0,0.0,0.0,0.0,0.5,0.0,-1.902,0.414,3.47,0.178,2.102263434417978,D771A
-12.125,45.452,3.618,0.032,0.14,-0.224,0.552,0.0,0.0,0.0,-0.344,0.0,0.211,10.571,1.066,-0.216,0.19,48.92157516702662,G764Y
-7.075,-1.682,-0.556,0.02,-0.101,1.647,1.597,0.0,0.0,0.0,0.0,0.0,0.0,2.663,0.167,3.364,0.137,0.1805887030027406,D770F
-0.542,0.407,-1.578,0.006,-0.115,0.031,3.034,0.0,0.0,0.0,0.0,0.0,0.0,-0.536,0.013,2.051,-0.106,2.664793528306745,D770R
-0.903,0.734,-9.95,0.017,0.057,-0.867,8.288,0.0,0.0,0.0,0.226,1.013,0.0,0.399,0.377,3.803,-0.035,3.160434970622532,D771M
-5.646,49.44086084205265,-2.192,0.082,0.003,-0.447,1.495,0.0,0.0,0.0,0.804,1.663,0.013,2.174,0.937,1.318,0.219,49.450157383398924,A765V
-1.05,0.572,-1.348,-0.001,-0.062,-0.429,3.426,0.0,0.0,0.0,0.0,0.36,0.0,1.614,0.109,-0.579,0.003,2.6166034722929226,D771E
4.13,-1.019,5.347,-0.008,0.139,1.27,-5.184,0.0,0.0,0.0,0.414,-2.632,0.0,3.794,0.886,-3.808,0.612,3.941251068994461,L766D
0.108,0.315,-7.043,-0.006,-0.813,-0.051,5.583,0.0,0.0,0.0,-0.085,0.755,0.0,-1.64,-0.171,5.4,0.803,3.1556725520121063,D769C
2.836,-0.715,2.287,-0.009,0.04,-0.226,0.166,0.0,0.0,0.0,0.0,0.0,0.0,-0.102,-0.464,-0.51,-0.377,2.926380626591481,L766T
3.404,-0.904,0.438,-0.013,-0.034,0.01,0.047,0.0,0.0,0.0,0.0,0.0,0.0,-0.008,-0.105,1.593,0.207,4.6338738903334615,L766C
-9.459,49.61266706711836,8.227,0.003,0.977,-0.563,-0.031,0.0,0.0,0.0,0.062,-0.021,0.0,5.254,-0.088,-2.776,0.119,49.63808383403061,A765Q
0.407,0.568,-7.003,-0.002,-0.337,-0.278,4.408,0.0,0.0,0.0,0.0,0.5,0.0,-1.619,0.35,5.4,-0.019,2.37705976125028,D771C
0.937,38.67052703533933,-0.065,-0.012,0.067,0.307,1.097,48.66204764737952,0.0,1.55,0.0,0.0,0.224,0.58,6.066,-3.305,6.022,49.898999542562194,L766P
-4.463,47.75482699920644,-6.994,0.053,-0.331,-0.502,6.677,0.0,0.0,0.0,2.176,0.929,0.0,6.351,-0.053,3.364,0.343,48.33035777868491,D769F
-4.517,-1.691,0.027,-0.007,-0.716,1.301,1.851,0.0,0.0,0.0,0.0,0.0,0.0,-1.584,0.05,3.47,-0.131,-1.9470489175769217,D770A
0.0,0.0,0.0,0.0,0.0,0.0,0.0,0.0,0.0,0.0,0.0,0.0,0.0,0.0,0.0,0.0,0.0,0.0,D771D
3.502,-0.13,-8.916,-0.008,-0.85,-0.003,6.227,0.0,0.0,0.0,-0.085,0.755,0.0,-2.35,0.414,3.47,0.796,2.819777330551119,D769A
0.441,-0.09,0.715,0.007,-0.011,0.162,0.202,0.0,0.0,0.0,0.0,0.0,0.0,1.72,0.0,0.0,0.0,3.144909397228276,A765A
-2.658,4.991,6.121,-0.027,0.246,-0.025,-1.567,0.0,0.0,0.0,0.0,0.0,0.004,2.658,0.575,-2.605,0.603,8.318062609869912,I767H
-3.239,18.633,-5.006,0.013,-0.489,-0.909,9.289,0.0,0.0,0.0,-0.085,1.115,0.0,2.604,0.194,4.406,-0.08,26.44700124172892,D771W
0.0,0.0,0.0,0.0,0.0,0.0,0.0,0.0,0.0,0.0,0.0,0.0,0.0,0.0,0.0,0.0,0.0,0.0,D769D
0.317,-0.058,-1.669,0.034,0.359,-0.695,2.183,0.0,0.0,0.0,0.0,0.5,0.0,2.48,0.075,1.431,-0.063,4.894838520368808,D771K
-0.745,-1.638,1.918,0.017,0.258,0.101,-0.489,0.0,0.0,0.0,0.0,0.0,0.0,3.969,-0.504,-1.08,-0.304,1.5048817009948152,L766Y
2.747,-0.236,-4.864,-0.007,-0.788,0.018,5.213,0.0,0.0,0.0,-1.112,0.755,0.0,-1.736,-0.298,1.856,0.223,1.771045227872719,D769S
5.412,-0.915,-1.027,-0.014,-0.045,0.181,0.052,0.0,0.0,0.0,0.0,0.0,0.0,-0.121,0.072,-0.337,0.351,3.6093180591836926,L766A
7.396,-1.32,0.41,-0.034,-0.087,0.526,-0.349,0.0,0.0,0.0,0.0,0.0,0.014,-0.817,1.757,-1.506,2.318,8.30772514605701,I767G
-8.838,49.23566000900055,-1.501,0.186,0.222,-0.471,1.432,0.0,0.0,0.0,0.804,1.663,0.013,11.026,1.028,0.979,0.276,49.4170347161921,A765I
4.905,-0.105,-8.588,-0.005,-0.352,-0.244,5.392,0.0,0.0,0.0,0.0,0.5,-0.035,-1.902,0.762,2.943,0.568,3.840598013251679,D771G
-3.063,-2.925,0.031,-0.009,-0.716,1.234,1.672,0.0,0.0,0.0,0.0,0.0,-0.041,-1.584,0.628,2.943,0.431,-1.3971239530081905,D770G
-2.592,5.4,4.131,-0.002,-0.353,1.117,-0.28,0.0,0.0,0.0,0.0,0.0,0.0,-0.687,0.0,0.0,0.0,6.735032130324953,V768V
-1.34,0.193,-1.847,0.009,-0.111,-0.317,5.043,0.0,0.0,0.0,0.0,-0.047,0.0,-0.88,-0.076,0.805,0.147,1.5775594674629474,D769N
5.453,-0.264,-8.514,-0.009,-0.85,0.036,5.925,0.0,0.0,0.0,-0.085,0.755,-0.036,-2.35,-0.27,2.943,0.089,2.822214629084556,D769G
3.732,-0.882,1.893,-0.026,-0.029,0.186,-0.44,0.0,0.0,0.0,0.0,0.0,0.004,-0.787,0.661,-1.152,0.603,3.764344851132705,I767T
-3.064,48.12147618435963,2.891,0.399,0.215,0.577,-0.16,0.0,0.0,0.0,0.0,0.0,0.0,8.876,-0.706,1.93,-0.322,48.764333040756895,A765C
1.923,-0.726,3.22,-0.002,0.206,-0.073,0.228,0.0,0.0,0.0,0.0,0.0,0.0,1.25,-0.061,-2.377,-0.133,3.4552345196237866,L766K
2.51,-0.871,3.379,-0.011,0.205,-0.462,-0.193,0.0,0.0,0.0,0.0,0.0,0.0,1.668,0.503,-3.002,0.41,4.134732886630445,L766N
0.771,1.501,-9.537,0.088,0.11,-1.086,7.479,0.0,0.0,0.0,0.209,1.013,-0.024,1.224,0.637,4.449,0.409,7.245309431735109,D771I
-0.569,0.0,-2.889,0.003,-0.025,-0.655,3.442,0.0,0.0,0.0,0.0,-0.021,0.0,1.277,0.136,0.805,0.048,1.5526782560126549,D771N
-7.154,-0.963,0.628,0.026,-0.03,1.557,1.954,0.0,0.0,0.0,0.0,0.0,0.0,2.637,0.094,4.406,-0.059,3.096371292357503,D770W
2.444,-0.855,4.641,-0.007,0.557,0.118,-1.033,0.0,0.0,0.0,0.0,-0.155,0.0,2.576,0.0,-4.386,0.009,3.909322377093417,L766E
0.057,7.326,-10.034,0.021,0.085,-0.942,7.509,0.0,0.0,0.0,0.209,1.013,0.0,-1.024,0.012,3.807,-0.042,7.998052547405791,D771L
1.188,-0.049,-4.87,0.005,0.625,-0.474,4.559,0.0,0.0,0.0,0.0,0.5,0.0,1.743,0.04,1.845,-0.056,5.057776054373676,D771H
-17.183,49.99483474841422,15.643,0.029,1.002,-0.182,-1.135,0.0,0.0,0.0,0.062,1.663,0.0,7.771,-0.027,-1.42,-0.149,49.99594865834809,A765R
1.125,-0.595,1.929,-0.002,-0.006,0.126,0.229,0.0,0.0,0.0,0.32,0.0,0.0,1.941,-0.088,-0.005,0.11,5.085083532531826,L766M
0.633,1.463,-5.869,0.0,-0.33,-0.371,4.103,0.0,0.0,0.0,0.0,-0.322,0.0,-1.585,-0.112,3.297,-0.083,0.8246508539027673,D771T
-1.341,0.657,-1.361,0.0,-0.487,-0.227,2.418,0.0,0.0,0.0,-0.678,0.755,0.0,2.006,0.286,-0.579,0.433,1.883711988442201,D769E
5.115,-0.925,1.603,-0.014,-0.022,-0.117,-0.059,0.0,0.0,0.0,0.0,0.0,0.0,0.486,-0.241,-1.952,-0.011,3.862953457175422,L766S
-6.871,-1.509,0.401,0.011,-0.5,1.464,1.23,0.0,0.0,0.0,0.0,0.0,0.0,0.259,0.079,3.803,-0.01,-1.6420500498173851,D770M
2.708,-0.79,3.162,0.011,0.033,0.1,0.174,0.0,0.0,0.0,0.0,0.0,-0.001,1.73,0.642,-0.527,2.841,10.083757891222833,A765G
0.813,-5.469,7.659,-0.011,-0.443,2.009,-6.088,0.0,0.0,0.0,0.0,-1.109,0.057,3.343,0.976,-1.845,1.609,1.5020302971788624,V768G
0.0,0.0,0.0,0.0,0.0,0.0,0.0,0.0,0.0,0.0,0.0,0.0,0.0,0.0,0.0,0.0,0.0,0.0,D770D
-2.676,13.758,-6.341,0.015,-0.641,-0.781,9.224,0.0,0.0,0.0,-0.085,1.115,0.0,3.485,0.171,2.727,0.057,20.02915137400032,D771Y
-1.523,43.35955969824076,-7.761,-0.007,-0.975,-0.992,9.213,2.818,0.0,0.0,-0.085,1.115,0.207,0.792,0.925,0.502,11.673,46.37136784505701,D771P
0.689,-2.005,3.682,-0.001,0.405,-0.405,-1.684,0.0,0.0,0.0,-0.787,0.0,0.0,3.693,-0.219,-1.963,-0.2,1.2067939881820848,L766H
1.374,-0.917,7.421,-0.026,0.533,0.085,0.043,0.0,0.0,0.0,0.0,-0.612,0.004,2.507,0.724,-5.029,0.533,6.642438866084262,I767E
2.288,-2.774,1.637,-0.012,0.011,0.103,-0.386,0.0,0.0,0.0,0.0,0.0,0.006,3.154,0.466,0.612,0.613,5.718841445597718,V768C
-11.386,49.858577729465004,3.334,0.439,0.524,0.126,-0.328,0.0,0.0,0.0,0.0,-0.258,0.0,13.435,0.136,0.332,0.164,49.89099515034552,A765M
-6.885,-1.836,4.96,-0.004,-0.427,1.632,-1.071,0.0,0.0,0.0,0.0,-1.526,0.0,0.863,0.163,0.805,0.154,-3.1708458715302186,D770N
-7.656,41.379200050006794,1.255,0.024,0.407,-1.098,15.624,0.0,0.0,0.0,2.397,0.676,0.0,4.536,0.02,2.051,0.352,45.70728216546028,D769R
-1.573,-2.343,3.39,0.015,0.31,0.38,-0.926,0.0,0.0,0.0,-0.441,0.0,0.0,3.684,-0.278,0.599,0.166,2.9825228241832065,L766W
-0.652,-1.712,1.057,0.019,0.25,0.115,0.16,0.0,0.0,0.0,0.0,0.0,0.0,4.44,-0.413,-0.444,-0.301,2.5212499452159136,L766F
-3.198,19.67,-7.284,0.018,-0.764,-0.158,6.461,0.0,0.0,0.0,-0.085,0.755,-0.076,-1.578,-0.208,4.449,0.359,18.36135853011433,D769I
-1.329,2.307,-3.696,0.023,-0.272,0.077,2.513,0.0,0.0,0.0,0.0,0.0,0.018,-0.201,0.576,4.788,0.177,4.982415366652958,D770V
-6.718,-1.73,2.979,0.0,-0.452,0.515,2.628,0.0,0.0,0.0,0.0,0.0,0.0,0.047,0.066,1.431,-0.136,-1.3685963995679913,D770K
-4.285,14.107,1.815,0.016,0.113,-0.588,2.042,49.202945557333926,0.0,0.0,0.804,1.663,-0.017,1.361,4.873,-2.968,9.083,49.7387210789244,A765P
0.612,0.938,-7.821,0.062,-0.293,-0.416,5.484,0.0,0.0,0.0,0.0,0.5,-0.024,0.704,0.548,4.788,0.417,5.500420864550051,D771V
0.247,1.116,-6.875,0.023,0.397,-0.315,7.095,0.0,0.0,0.0,0.226,0.966,0.0,2.692,0.195,2.727,0.117,8.612494535355495,D770Y
-6.807,0.376,-0.982,0.046,-0.482,1.009,2.019,0.0,0.0,0.0,0.0,0.0,0.018,1.967,0.623,4.449,0.148,2.384623533426293,D770I
3.875,1.184,1.184,-0.026,0.044,0.629,-0.611,4.452,0.0,0.0,0.32,0.0,0.146,-0.039,2.302,-3.947,1.895,11.410037192026834,I767P
-12.244,49.994041457657424,15.909,0.066,1.026,1.107,1.021,0.0,0.0,0.0,0.0,-1.618,0.0,8.898,0.045,-2.04,-0.02,49.99633481124656,A765K
0.035,3.783,-1.647,0.013,0.071,-0.288,0.925,0.0,0.0,0.0,1.164,0.0,0.031,4.378,-0.178,0.642,-0.247,8.683370873148533,L766I
-0.964,0.196,-2.788,0.038,0.233,-1.157,4.065,0.0,0.0,0.0,0.0,0.5,0.0,1.926,0.174,2.051,-0.018,4.257656746648763,D771R
-2.079,0.856,-2.702,0.008,-0.056,-0.586,3.752,0.0,0.0,0.0,0.0,0.5,0.0,2.545,0.016,0.694,-0.125,2.82498326529128,D771Q
-10.94,49.770709461413496,6.707,0.028,0.637,0.135,-0.582,0.0,0.0,0.0,0.0,0.648,0.0,5.726,-0.686,-1.626,-0.204,49.769269412395694,A765H
-8.032,41.20302377245429,1.808,0.002,-0.655,1.348,1.969,11.611,0.0,0.697,0.0,-0.107,0.014,0.578,0.086,0.502,3.468,44.636012078025985,D770P
3.12,0.096,-5.41,-0.005,-0.34,-0.377,4.192,0.0,0.0,0.0,0.0,-0.372,0.0,-1.329,-0.02,1.856,-0.043,1.3699954433019457,D771S
0.81,-6.054,6.225,-0.014,-0.383,2.265,-6.19,0.0,0.0,0.0,0.0,-1.109,0.006,4.123,0.273,-1.319,0.661,-0.7055613241276433,V768A
-5.393,-1.493,-0.755,0.015,-0.517,1.312,1.891,0.0,0.0,0.0,0.0,0.0,0.0,-0.42,-0.036,3.807,0.013,-1.575833029039245,D770L
0.0,0.0,0.0,0.0,0.0,0.0,0.0,0.0,0.0,0.0,0.0,0.0,0.0,0.0,0.0,0.0,0.0,0.0,I767I
-11.799,41.745651967072185,7.343,0.046,0.043,1.065,-6.348,0.0,0.0,0.0,0.32,-1.109,0.006,9.126,0.001,-1.425,0.08,40.90644905270159,V768F
-14.064,49.99937928344984,-1.454,0.056,0.394,0.066,-0.809,0.0,0.0,0.0,0.0,0.0,0.0,6.503,-0.465,-0.107,-0.533,49.999058590144315,A765F
-4.777,-1.672,2.409,-0.007,-0.688,1.155,0.723,0.0,0.0,0.0,0.0,0.0,0.0,-0.242,-0.097,1.856,-0.268,-1.6076908428710794,D770S
-9.576,8.698,6.89,0.004,-0.317,1.532,-5.683,0.0,0.0,0.0,0.0,-1.109,0.0,1.524,0.363,-0.339,0.184,2.17135821570912,V768I
-6.865,49.99999993877008,3.04,0.015,-0.437,-0.231,6.773,0.0,0.0,0.0,-0.085,0.755,0.0,1.512,0.025,1.431,0.388,49.99999995244559,D769K
-5.41,47.98382448235213,6.542,0.002,0.541,-0.104,0.131,0.0,0.0,0.0,0.0,0.0,0.0,3.115,-0.941,-2.665,-0.841,48.01270907864323,A765N
-8.415,1.286,14.064,0.02,0.109,1.473,-6.819,0.0,0.0,0.0,0.0,-1.109,0.006,6.666,0.09,-2.944,0.148,4.575736683122841,V768H
-3.101,49.81653038211545,-8.51,0.009,-0.799,-0.17,5.996,0.0,0.0,0.0,-0.085,0.755,0.0,-1.59,0.193,3.807,0.351,49.79199797006505,D769L
-2.245,1.922,-5.797,0.002,-0.724,0.124,6.27,0.0,0.0,0.0,-0.085,0.755,0.0,0.087,0.192,3.803,0.882,5.18458130021213,D769M
-2.918,9.103,-3.263,0.028,0.051,-0.481,6.767,0.0,0.0,0.0,2.176,0.755,0.0,5.401,-0.072,1.845,0.377,19.769064092675308,D769H
-0.277,0.356,-1.998,0.001,-0.103,0.001,2.226,0.0,0.0,0.0,0.0,0.0,0.0,0.917,-0.005,0.694,-0.13,1.6833272013008127,D770Q
-2.192,0.428,-1.255,0.019,0.087,-0.24,-0.452,0.0,0.0,0.0,-0.043,0.228,0.0,3.724,0.386,1.441,0.376,2.508095967119516,S772T
3.473,-0.451,-3.556,0.001,0.025,-0.024,2.486,0.0,0.0,0.0,2.176,0.755,-0.065,-1.09,0.639,1.087,0.563,6.021430497830238,S772G
-0.216,6.291,0.07,-0.01,-0.031,0.362,-0.15,0.0,0.0,0.0,0.0,0.0,0.004,0.31,0.234,-0.643,0.383,6.605189890411225,I767L
3.781,-0.994,6.102,-0.029,0.192,-0.121,0.176,0.0,0.0,0.0,0.0,0.0,0.004,2.07,0.413,-4.45,0.466,7.610806846066907,I767D
4.082,5.505,-8.917,0.005,-0.202,-2.164,9.821,0.0,0.0,0.0,-1.057,1.864,0.0,0.396,0.165,0.694,0.401,10.593248399421782,D769Q
-5.234,48.894023333815426,-5.901,0.031,-0.414,-0.727,7.056,0.0,0.0,0.0,2.176,0.929,0.0,2.989,-0.122,2.727,0.327,49.04999105293972,D769Y
0.0,0.0,0.0,0.0,0.0,0.0,0.0,0.0,0.0,0.0,0.0,0.0,0.0,0.0,0.0,0.0,0.0,0.0,L766L
4.092,-0.86,0.924,-0.032,-0.074,0.291,-0.657,0.0,0.0,0.0,0.0,0.0,0.004,0.274,0.634,0.951,0.51,6.058079914052314,I767C
-5.753,48.7,0.782,0.048,0.154,-0.184,-0.772,0.0,0.0,0.0,0.0,0.0,0.004,3.562,0.403,-1.086,0.36,46.22005145338221,I767F
-6.368,-0.161,2.19,0.01,-0.645,1.098,0.8,0.0,0.0,0.0,0.0,0.0,0.0,0.916,0.164,3.297,0.014,1.3156993023631005,D770T
-2.325,37.33,-0.327,0.054,0.251,-0.572,-0.221,0.0,0.0,0.0,0.32,0.0,0.006,7.992,0.537,-0.982,0.487,42.55018150089256,V768L
1.373,1.238,-2.178,0.004,0.056,0.05,-0.059,0.0,0.0,0.0,0.0,0.0,0.031,3.157,-0.474,0.981,-0.417,3.762776888401845,L766V
6.406,-1.326,0.308,-0.033,-0.087,0.494,-0.247,0.0,0.0,0.0,0.0,0.0,0.004,-0.817,1.052,-0.98,0.902,5.677740436858699,I767A
-3.608,-5.04,15.863,-0.016,-0.166,1.914,-8.189,0.0,0.0,0.0,0.0,-1.109,0.006,6.271,1.274,-4.789,1.044,3.4556343863895336,V768D
2.424,-0.461,0.053,-0.019,-0.042,0.181,-0.123,0.0,0.0,0.0,0.0,0.0,0.0,-0.808,0.111,0.338,0.106,1.761782820963731,I767V
-3.718,28.754,2.566,0.079,0.025,-0.233,1.243,0.0,0.0,0.0,0.804,1.663,0.0,2.108,0.913,-0.173,0.756,34.786527206029746,A765T
-1.379,1.073,5.064,0.0,0.031,-0.238,-0.831,0.0,0.0,0.0,0.0,0.0,0.0,2.485,-0.345,-1.615,-0.577,3.667738577903151,A765S
-5.845,46.69996510837651,-3.871,0.025,0.18,0.541,2.472,0.0,0.0,0.0,2.176,0.522,0.0,4.719,0.035,1.951,0.043,47.056427836282126,S772L
-4.154,0.357,3.533,0.023,0.699,-0.498,-0.367,0.0,0.0,0.0,2.176,0.432,0.0,6.489,0.082,-2.435,0.032,6.368126139024071,S772E
-1.395,0.138,5.843,-0.008,0.152,-0.271,-0.322,0.0,0.0,0.0,0.0,0.0,0.0,2.345,-0.083,-3.113,-0.157,3.1308179590594136,L766Q
2.785,-0.73,6.98,-0.029,0.192,0.124,-2.382,0.0,0.0,0.0,0.0,-1.351,0.004,-0.384,0.992,-2.594,0.702,4.3095411030572,I767S
-0.125,-6.035,10.827,-0.013,-0.308,1.862,-6.696,0.0,0.0,0.0,0.0,-1.109,0.006,4.625,0.089,-2.933,0.35,0.5418901320965688,V768S
-6.453,29.445,-3.758,0.045,0.135,-0.356,5.941,0.0,0.0,0.0,2.176,0.742,0.0,5.285,0.16,4.406,1.468,39.23766388663887,D769W
-20.055,49.99999925564653,-0.18,0.023,0.413,0.778,-0.472,0.0,0.0,0.0,0.0,0.0,0.0,4.545,-0.516,0.936,1.958,49.999998769220014,A765W
-3.919,4.978,11.103,0.0,1.008,0.149,-1.761,0.0,0.0,0.0,0.0,0.0,0.004,3.871,0.599,-2.399,0.519,14.15336437888766,I767R
2.558,-3.118,3.243,-0.008,0.084,-0.308,-0.714,0.0,0.0,0.0,0.0,0.0,0.006,2.654,0.034,-1.491,0.034,2.973927364592214,V768T
2.453,-0.979,4.981,-0.027,0.168,-0.137,-1.13,0.0,0.0,0.0,0.0,0.0,0.004,2.924,0.528,-3.644,0.52,5.661523949397974,I767N
0.443,1.498,8.428,0.045,0.92,-0.27,-0.954,0.0,0.0,0.0,-1.544,0.0,0.006,7.926,0.24,-4.094,0.22,12.865861768525178,V768Q
-7.456,9.589,1.896,0.022,-0.37,-0.758,5.797,0.0,0.0,0.0,1.832,0.755,0.0,4.946,0.222,0.871,0.086,17.435736552662433,S772Y
-11.934,48.17175130915129,2.866,-0.015,0.144,0.764,-0.839,0.0,0.0,0.0,0.0,0.0,0.004,2.867,0.522,-0.043,0.718,47.78071072447131,I767W
-4.928,-1.757,17.508,0.025,0.455,2.25,-7.823,0.0,0.0,0.0,0.0,-1.109,0.006,7.181,0.294,-5.368,0.346,7.083362631170871,V768E
1.413,-0.676,3.651,0.001,0.263,-0.055,-1.053,0.0,0.0,0.0,0.0,0.0,0.0,2.227,-0.275,-1.757,-0.189,3.5526403156859487,L766R
-3.773,6.282,0.189,0.101,0.34,-0.157,1.916,0.0,0.0,0.0,2.176,0.755,-0.037,4.764,0.469,2.593,0.369,15.988127835926887,S772I
-2.143,1.526,10.584,0.365,0.331,0.283,0.939,0.0,0.0,0.0,0.0,0.0,0.004,5.461,0.697,-3.019,0.497,15.525904348244469,I767K
-7.43,49.51246688777097,3.909,0.059,0.16,-0.033,-0.764,0.0,0.0,0.0,0.0,0.0,0.004,3.851,0.595,-1.722,0.358,49.49244106622329,I767Y
-0.258,-0.466,6.208,-0.023,0.412,0.045,-1.022,0.0,0.0,0.0,0.0,-0.064,0.004,3.499,0.698,-3.755,0.526,5.804704073751168,I767Q
-5.601,41.44263875510325,9.449,-0.014,-0.335,2.22,-5.535,48.94238359992157,0.0,1.298,0.0,-1.109,0.137,2.241,7.264,-4.286,5.778,49.93691603969719,V768P
-5.691,6.467,5.629,0.015,0.519,0.969,-3.016,0.0,0.0,0.0,1.259,0.755,0.0,3.901,0.126,-0.425,0.099,10.607639815366724,S772K
-15.812,49.999999974856586,1.735,0.047,0.38,0.188,0.411,0.0,0.0,0.0,0.0,0.0,0.0,6.377,-0.377,-0.743,0.128,49.9999999658329,A765Y
-7.811,4.18,9.742,0.022,-0.109,1.805,-5.944,0.0,0.0,0.0,0.0,-1.109,0.006,6.849,0.239,-0.986,0.438,7.324104608692892,V768M
-12.868,48.46812437182946,10.512,0.045,0.126,1.222,-5.25,0.0,0.0,0.0,-0.345,-1.109,0.006,9.74,-0.051,-2.061,0.071,48.47061666034029,V768Y
-18.52,49.67041832294441,10.167,0.049,0.261,0.569,-6.056,0.0,0.0,0.0,1.147,-0.858,0.006,9.084,0.108,-0.382,0.481,49.6143407432783,V768W
-8.723,3.201,19.238,0.032,0.096,2.396,-4.847,0.0,0.0,0.0,0.0,-1.109,0.006,6.448,0.329,-3.358,0.252,13.962006951921468,V768K
1.057,-0.058,-5.557,0.0,-0.024,0.042,2.601,0.0,0.0,0.0,2.176,0.755,0.0,-0.778,-0.043,1.614,-0.258,1.5291851777375314,S772A
-3.718,2.919,3.239,0.009,0.225,-0.167,2.539,0.0,0.0,0.0,1.023,0.755,0.0,2.595,0.334,-1.051,0.298,9.002964869391576,S772N
-2.814,1.52,3.788,0.007,0.362,-0.255,-0.807,0.0,0.0,0.0,1.451,0.755,0.0,4.023,0.158,-1.857,0.059,6.391538988019761,S772D
-3.633,4.562,1.699,0.004,0.38,0.318,-0.586,0.0,0.0,0.0,1.259,-0.186,0.0,3.57,0.206,-1.162,0.092,6.52627402024325,S772Q
0.541,-0.84,7.465,-0.01,0.222,-0.046,-0.627,0.0,0.0,0.0,0.0,0.0,0.006,4.551,0.89,-3.983,0.796,8.9643996390231,V768N
-2.41,5.485,-3.001,0.071,0.299,-0.054,1.868,0.0,0.0,0.0,2.142,0.755,-0.037,3.299,0.406,2.932,0.287,12.042848100336071,S772V
-6.33,1.723,15.616,0.034,0.492,1.659,-5.085,0.0,0.0,0.0,0.814,-1.109,0.006,8.806,0.069,-2.738,0.137,14.094551064200232,V768R
-4.388,49.965862925038564,-2.898,-0.002,-0.592,-0.132,5.099,12.697,0.652,0.0,2.176,0.755,-0.003,2.127,-0.796,-1.354,10.568,49.986879966148656,S772P
0.0,0.0,0.0,0.0,0.0,0.0,0.0,0.0,0.0,0.0,0.0,0.0,0.0,0.0,0.0,0.0,0.0,0.0,S772S
-2.952,2.439,-1.817,0.007,0.017,0.325,0.747,0.0,0.0,0.0,2.142,0.755,0.0,-0.53,0.389,3.544,-0.07,4.996510419277684,S772C
-4.339,-0.5,-2.18,0.023,0.129,-0.034,2.55,0.0,0.0,0.0,3.34,0.755,0.0,5.405,0.202,1.947,-0.068,7.231020133066295,S772M
-4.654,2.86,2.657,0.044,0.576,-0.448,1.835,0.0,0.0,0.0,3.34,-0.57,0.0,4.097,0.017,-0.011,0.055,9.798717017675358,S772H
-7.287,1.181,4.54,0.032,0.713,-0.446,1.616,0.0,0.0,0.0,1.832,0.755,0.0,7.762,0.056,0.194,0.052,11.001886907253493,S772R
-7.468,10.893,1.036,0.041,-0.382,-0.482,5.525,0.0,0.0,0.0,1.832,0.755,0.0,5.813,0.188,1.507,0.049,19.307871738406675,S772F
-11.719,13.942,-0.419,0.046,-0.262,-1.696,7.041,0.0,0.0,0.0,3.34,0.755,0.0,8.954,-0.021,2.55,0.012,22.525230613630697,S772W
-1.997,5.454,1.601,0.008,0.529,-0.081,-0.087,0.0,0.0,0.0,0.0,0.0,0.182,2.17,3.276,-2.25,4.164,12.96927677383053,G780Q
-0.282,-1.087,-3.427,0.004,-0.087,-1.589,7.631,0.0,0.0,0.0,0.0,-0.204,0.0,0.492,0.054,1.273,-0.036,2.7400853303960275,E773Q
-0.926,5.788,0.045,0.001,0.0,-0.028,-0.409,0.0,0.0,0.0,0.0,0.0,0.182,0.0,2.649,0.526,3.901,11.729198508490526,G780A
-1.6,2.144,-6.912,0.01,-0.262,-1.296,9.777,0.0,0.0,0.0,0.0,1.774,0.0,-3.107,-0.167,4.386,-0.054,4.69067302989265,E773L
1.035,-0.188,-5.16,-0.004,-0.272,-0.539,4.621,0.0,0.0,0.0,0.0,1.774,0.0,-2.208,-0.125,5.979,0.168,5.079912144645846,E773C
1.408,-0.162,-4.835,0.0,-0.248,-0.77,4.662,0.0,0.0,0.0,0.0,1.774,0.0,-2.403,-0.081,3.876,-0.069,3.150556439103525,E773T
-0.627,0.093,-3.532,0.004,-0.202,-0.316,4.817,0.0,0.0,0.0,0.0,1.774,0.0,-1.465,0.011,4.381,0.213,5.150370778257411,E773M
-2.928,5.159,4.066,0.006,0.103,0.407,-3.718,0.0,0.0,0.0,0.0,0.0,0.182,0.621,2.758,-1.513,3.743,8.888256624708333,G780K
3.683,-0.284,-6.198,-0.005,-0.301,-0.628,4.799,0.0,0.0,0.0,0.0,1.774,0.0,-2.472,0.295,4.049,0.506,5.215340149905615,E773A
-0.217,1.466,-5.178,0.015,-0.039,-0.651,5.129,0.0,0.0,0.0,0.0,1.774,0.0,-0.825,-0.192,3.942,-0.199,5.023851307004065,E773F
1.009,-0.126,0.426,-0.004,0.153,-0.345,1.517,0.0,0.0,0.0,0.0,1.15,0.0,0.217,0.421,0.578,0.307,5.302573472034851,E773D
0.586,0.042,-6.056,0.007,-0.26,-0.548,4.763,0.0,0.0,0.0,0.0,1.774,0.248,-2.434,-0.639,5.367,-0.501,2.3473641779931995,E773V
0.42,-0.014,-3.01,-0.003,0.091,-0.725,4.793,0.0,0.0,0.0,0.0,1.774,0.0,-0.901,-0.256,2.423,-0.211,4.38040179877521,E773H
0.657,-1.012,-7.372,0.015,-0.299,-1.345,9.24,0.0,0.0,0.0,0.0,1.774,0.248,-3.086,-0.461,5.028,-0.412,2.9737570637555564,E773I
2.478,-0.186,-3.272,-0.002,-0.07,0.123,1.057,0.0,0.0,0.0,2.022,0.0,-0.11,-0.063,0.569,1.087,0.444,4.0787942725065705,S779G
1.551,-0.201,-3.213,-0.002,-0.019,-0.937,4.589,0.0,0.0,0.0,0.0,1.774,0.0,-0.752,0.31,1.384,0.246,4.727890906388325,E773N
0.0,0.0,0.0,0.0,0.0,0.0,0.0,0.0,0.0,0.0,0.0,0.0,0.0,0.0,0.0,0.0,0.0,0.0,E773E
-1.232,2.091,-0.609,0.009,0.111,0.301,0.954,0.0,0.0,0.0,2.022,0.0,0.0,4.484,0.753,0.194,0.471,9.551177897313323,S779R
-2.41,4.817,3.065,0.004,0.206,-0.693,-1.257,0.0,0.0,0.0,0.0,0.0,0.182,1.452,2.718,-2.139,3.614,9.560356178050029,G780N
2.029,-3.002,0.855,0.015,0.104,-0.135,-0.067,0.0,0.0,0.0,0.0,0.0,0.084,1.325,-0.19,0.642,-0.364,1.294970176475999,L774I
-2.46,1.681,-1.814,0.002,-0.024,0.268,0.464,0.0,0.0,0.0,2.022,0.0,0.0,0.196,0.768,3.544,0.135,4.784850766942782,S779C
-1.369,47.18047120298574,1.356,0.009,0.562,0.21,0.975,0.0,0.0,0.0,2.022,0.0,0.0,3.608,0.861,-1.162,0.574,47.90801669236293,S779Q
-1.243,0.012,0.733,0.006,0.459,-0.168,-0.244,0.0,0.0,0.0,0.0,0.0,0.188,1.3,-0.826,-1.099,-0.81,-1.6912775837027991,G781H
3.937,-1.347,-6.243,-0.007,-0.267,-1.166,8.258,0.0,0.0,0.0,0.0,0.503,0.0,-2.006,0.096,2.434,-0.02,4.170615607885225,E773S
2.294,-0.854,4.619,-0.002,0.302,0.077,-0.665,0.0,0.0,0.0,0.0,0.0,0.0,4.515,-0.296,-3.113,-0.265,6.612188800036847,L774Q
-0.431,47.05154235374128,1.976,0.007,0.659,0.097,0.775,0.0,0.0,0.0,2.022,0.0,0.0,3.809,0.845,-2.435,0.544,47.830565962968755,S779E
4.717,-0.286,-5.82,-0.006,-0.301,-0.721,4.776,0.0,0.0,0.0,0.0,1.774,-0.102,-2.472,1.304,3.522,2.084,8.466467224260896,E773G
-2.425,5.143,3.39,0.005,0.051,0.092,0.274,0.0,0.0,0.0,0.0,0.0,0.182,0.227,3.688,0.353,9.92,20.90096965738576,G780T
6.491,-6.46,3.558,-0.012,-0.476,0.445,-1.547,0.0,0.0,0.0,0.0,-1.402,-0.018,1.284,0.898,-2.933,0.61,0.4389754382590354,V777S
-5.603,49.9999993053862,-0.913,0.051,0.261,0.082,1.421,0.0,0.0,0.0,2.022,0.0,0.0,4.48,1.053,1.507,0.582,49.99999943009347,S779F
-1.078,2.134,-0.726,0.006,0.019,0.119,0.85,0.0,0.0,0.0,2.022,0.0,0.0,3.385,0.913,-0.425,0.569,7.790189936478555,S779K
-0.416,0.345,0.47,0.003,0.252,0.346,-1.385,0.0,0.0,0.0,1.106,0.0,0.0,2.468,0.544,-1.857,0.382,2.2600652578572635,S779D
3.38,11.246,2.544,-0.013,0.047,0.198,1.211,45.469437214020836,0.0,1.099,0.0,0.0,0.404,-0.548,6.665,-3.305,5.726,48.5140496872512,L774P
0.0,0.0,0.0,0.0,0.0,0.0,0.0,0.0,0.0,0.0,0.0,0.0,0.0,0.0,0.0,0.0,0.0,0.0,S779S
-2.485,40.96624182351796,-1.567,0.007,-0.044,0.345,1.313,0.0,0.0,0.0,2.022,0.0,0.0,3.786,0.95,1.947,0.413,42.936783172586196,S779M
-2.17,49.99994634792165,-1.969,0.019,0.093,0.259,1.994,0.0,0.0,0.0,2.022,0.0,0.0,1.022,0.861,1.951,0.624,49.99995555665186,S779L
-5.132,49.999546191090225,-1.309,0.003,0.042,0.378,1.414,0.891,0.0,0.942,2.022,0.0,0.074,0.313,-0.548,-1.354,0.634,49.99951566621421,S779P
2.126,-1.397,-5.482,0.007,0.001,-1.614,8.588,0.0,0.0,0.0,0.0,1.774,0.0,-1.098,-0.175,2.629,-0.26,5.097550344254728,E773R
-1.663,1.839,2.513,0.002,0.269,0.226,-3.297,0.0,0.0,0.0,-1.494,0.0,0.182,3.037,2.272,-2.944,3.969,4.910418885167928,G780D
1.92,9.791,-5.3,-0.001,-0.169,-0.578,4.076,48.70066616846757,0.0,0.0,0.0,1.774,-0.108,-2.47,6.559,1.081,7.039,49.49065594909656,E773P
-1.914,6.239,1.766,0.006,0.567,-0.05,-0.69,0.0,0.0,0.0,0.0,0.0,0.182,2.669,2.88,-3.523,9.92,18.05416492067684,G780E
0.694,-0.018,-3.629,-0.001,-0.07,0.252,1.128,0.0,0.0,0.0,2.022,0.0,0.0,-0.063,0.574,1.614,0.43,2.934844301999874,S779A
-0.966,0.018,0.348,0.008,0.089,-0.174,-0.14,0.0,0.0,0.0,0.0,0.0,0.188,0.004,-0.692,0.353,-0.467,-1.4303093323496796,G781T
-3.189,5.629,2.76,0.003,0.34,-0.431,-1.194,0.0,0.0,0.0,0.0,0.0,0.182,1.489,2.291,-1.099,9.844,16.623685402153,G780H
0.24,10.445,-7.802,0.022,0.255,-3.919,6.609,0.0,0.0,0.0,1.067,3.313,0.0,-0.038,-0.091,4.985,0.45,15.533514034197765,E773W
3.743,-2.452,-7.499,0.005,0.023,-3.382,8.784,0.0,0.0,0.0,1.067,3.313,0.0,-0.656,0.03,2.009,-0.117,4.866184929373503,E773K
-4.488,8.517,1.77,0.019,0.029,-0.075,-0.706,0.0,0.0,0.0,0.0,0.0,0.182,3.274,3.273,1.462,10.032,23.289871039646187,G780W
-5.988,49.999999999999915,0.723,0.053,0.269,-0.328,2.103,0.0,0.0,0.0,2.022,0.0,0.0,4.078,1.03,0.871,0.595,49.99999999999993,S779Y
-3.225,2.749,-2.13,0.023,-0.01,0.182,0.916,0.0,0.0,0.0,2.022,0.0,-0.046,2.566,1.558,2.593,0.897,8.09707083295632,S779I
-1.907,6.382,0.969,0.001,0.007,-0.035,0.23,0.0,0.0,0.0,0.0,0.0,0.182,0.354,2.577,2.456,9.955,21.1723902189342,G780C
-2.363,0.011,3.887,0.016,0.962,0.264,-4.685,0.0,0.0,0.0,0.0,0.0,0.188,2.644,-0.827,-2.944,-0.833,-3.6803482048626392,G781D
-2.004,5.631,1.437,0.007,0.093,-0.009,-0.464,0.0,0.0,0.0,0.0,0.0,0.182,0.966,3.914,0.859,10.013,20.62554434286892,G780M
-1.953,5.709,1.645,0.015,0.272,-0.004,-0.159,0.0,0.0,0.0,0.0,0.0,0.182,1.684,2.954,-0.893,9.856,19.308695059276488,G780R
-2.041,1.985,-1.312,0.017,-0.054,-0.024,0.897,0.0,0.0,0.0,2.022,0.0,0.0,3.056,0.971,2.55,0.678,8.746903278891068,S779W
-0.856,0.194,-0.276,0.006,0.183,0.242,0.127,0.0,0.0,0.0,1.152,0.0,0.0,3.014,0.81,-1.051,0.429,3.974220624940244,S779N
0.0,0.0,0.0,0.0,0.0,0.0,0.0,0.0,0.0,0.0,0.0,0.0,0.0,0.0,0.0,0.0,0.0,0.0,G780G
-2.729,47.59932352481761,-0.79,0.004,0.007,-0.136,0.009,0.0,0.0,0.0,-0.268,0.0,0.0,-0.032,0.292,1.441,0.231,47.40756738733099,S779T
-4.568,47.623570931211226,-3.654,0.017,-0.021,0.122,0.924,0.0,0.0,0.0,2.022,0.0,-0.046,-0.048,1.383,2.932,0.803,47.61124025550511,S779V
-4.371,49.80764933124219,-8.587,0.05,0.177,0.616,5.233,0.0,0.0,0.0,0.589,-1.306,0.0,4.149,0.538,0.066,0.462,49.78843778454474,T778F
-1.101,0.437,-0.52,0.003,0.184,0.318,0.584,0.0,0.0,0.0,2.022,0.0,0.0,2.63,0.67,-0.011,0.329,5.54657456512075,S779H
-3.943,7.205,2.321,0.02,0.213,-0.083,-0.624,0.0,0.0,0.0,0.0,0.0,0.182,1.826,2.602,-0.216,9.86,19.362447621823435,G780Y
-0.499,1.922,-4.225,0.015,-0.035,-0.826,4.743,0.0,0.0,0.0,0.0,1.774,0.0,-0.866,-0.211,3.306,-0.204,4.892354216124886,E773Y
8.658,-2.72,-3.143,-0.033,-0.101,-1.619,1.08,0.0,0.0,0.0,0.911,1.386,0.0,-2.402,0.334,2.672,0.167,5.190894983946691,Y775C
-3.981,7.25,2.727,0.022,0.226,-0.155,-1.547,0.0,0.0,0.0,-0.067,0.0,0.182,2.542,3.261,0.42,9.843,20.723662222745475,G780F
-4.743,49.99001038988992,2.761,0.005,0.038,0.198,-0.751,49.99657325374615,0.0,0.0,2.022,0.0,-0.042,1.744,6.698,-2.442,10.524,49.999999819562056,G780P
-3.477,16.985,1.481,0.007,0.5,-0.329,0.123,0.0,0.0,0.0,0.0,0.0,0.0,1.298,-0.572,-0.444,-0.409,15.164576355292525,L774F
-1.088,3.327,1.185,0.001,0.028,-0.131,-1.216,0.0,0.0,0.0,0.0,0.0,0.182,0.057,2.193,-1.088,2.358,5.809038684433858,G780S
3.318,-2.697,6.684,-0.004,0.437,0.226,-0.221,0.0,0.0,0.0,0.0,0.0,0.0,4.554,-0.242,-4.386,-0.146,7.5212823294896225,L774E
9.425,-5.119,1.508,-0.019,-0.057,0.043,-0.012,0.0,0.0,0.0,0.0,0.0,0.361,-1.247,0.397,-0.864,1.047,5.462412666121168,L774G
-2.651,5.998,1.526,0.016,0.037,-0.021,-0.41,0.0,0.0,0.0,0.0,0.0,0.182,0.001,3.252,0.863,9.918,18.711179767258383,G780L
4.295,-4.749,8.176,-0.016,0.197,-0.226,-2.049,0.0,0.0,0.0,0.0,0.0,0.0,1.3,0.718,-3.808,0.519,4.3566777784838,L774D
-2.844,46.937,1.114,0.029,0.058,0.052,-1.291,0.0,0.0,0.0,0.0,0.0,-0.043,0.357,4.512,1.505,9.964,41.789534773530555,G780I
7.097,-4.735,4.143,-0.018,-0.034,-0.352,-0.896,0.0,0.0,0.0,0.0,0.0,0.0,-0.558,-0.479,-1.952,-0.157,2.058847740671922,L774S
5.464,-6.151,5.175,-0.006,0.681,0.538,-0.422,0.0,0.0,0.0,0.063,-0.919,-0.018,1.793,0.088,-4.789,0.119,1.616314690602735,V777D
-2.647,39.80551957866514,0.566,0.012,0.024,0.105,-1.303,0.0,0.0,0.0,0.0,0.0,-0.043,0.185,4.969,1.844,9.934,43.82917834952044,G780V
3.377,-4.261,0.737,0.002,-0.003,0.001,-0.217,0.0,0.0,0.0,0.0,0.0,0.084,-0.909,-0.56,0.981,-0.548,-1.318100438106967,L774V
7.622,-4.651,1.037,-0.018,-0.057,0.14,-0.093,0.0,0.0,0.0,0.0,0.0,0.0,-1.247,-0.263,-0.337,0.172,2.3029950947197904,L774A
4.667,-4.663,2.118,-0.017,-0.047,0.036,-0.636,0.0,0.0,0.0,0.0,0.0,0.0,-1.03,-0.122,1.593,0.093,1.991810227120368,L774C
-1.666,0.017,1.13,0.016,0.344,-0.327,-0.723,0.0,0.0,0.0,0.0,0.0,0.188,1.192,-0.396,-1.513,-0.461,-2.1988993515017228,G781K
7.224,-2.902,0.973,-0.028,0.103,-2.193,0.952,0.0,0.0,0.0,0.911,1.386,0.0,-0.654,0.665,-1.923,0.401,4.9148121967552925,Y775N
0.0,0.0,0.0,0.0,0.0,0.0,0.0,0.0,0.0,0.0,0.0,0.0,0.0,0.0,0.0,0.0,0.0,0.0,L774L
-1.37,-1.229,7.483,-0.01,0.903,-0.509,0.066,0.0,0.0,0.0,0.0,0.0,0.0,2.019,-0.463,-1.963,-0.35,4.578013799302539,L774H
2.766,-6.141,0.892,-0.006,0.271,0.241,0.343,0.0,0.0,0.0,0.0,0.0,-0.018,1.057,0.611,-0.986,0.948,-0.0199949187774564,V777M
0.0,0.0,0.0,0.0,0.0,0.0,0.0,0.0,0.0,0.0,0.0,0.0,0.0,0.0,0.0,0.0,0.0,0.0,G781G
-2.0,0.013,1.712,0.018,0.455,-0.07,-1.273,0.0,0.0,0.0,0.0,0.0,0.188,2.627,-0.507,-2.25,-0.543,-1.6283419592934931,G781Q
-1.38,0.014,0.183,0.024,0.29,-0.168,-0.138,0.0,0.0,0.0,0.0,0.0,0.188,1.607,-0.671,0.42,-0.759,-0.39009173082718,G781F
-0.821,0.012,0.242,0.005,0.018,-0.093,-0.237,0.0,0.0,0.0,0.0,0.0,0.188,0.159,-0.231,2.456,-0.438,1.2607496367197657,G781C
-1.175,0.019,0.846,0.007,0.336,-0.336,0.084,0.0,0.0,0.0,0.0,0.0,0.188,1.676,-1.011,-2.139,-0.923,-2.4257875759064973,G781N
-1.557,0.018,0.172,0.029,0.152,-0.114,0.021,0.0,0.0,0.0,0.0,0.0,0.27,0.066,-0.111,1.505,-0.291,0.1602768375489631,G781I
-1.458,46.11207738346362,-0.427,-0.006,0.025,0.385,1.406,33.0,0.739,0.0,0.0,0.0,0.106,-0.018,2.463,-2.795,1.957,49.02697349041175,T778P
2.541,-4.453,6.964,-0.015,0.178,-0.086,-1.481,0.0,0.0,0.0,-1.232,0.0,0.0,2.043,0.324,-3.002,0.288,2.067988784819022,L774N
-1.207,0.015,0.444,0.011,0.172,-0.169,-0.356,0.0,0.0,0.0,0.0,0.0,0.188,0.246,0.04,0.526,-0.184,-0.2720687427540724,G781A
-1.091,45.4354056987489,2.393,-0.01,0.028,0.2,1.865,46.927048149038406,0.0,0.759,0.0,0.0,0.128,2.005,3.422,-4.286,3.388,49.89348029796349,V777P
1.035,1.19,-1.414,0.013,0.256,0.62,-0.043,0.0,0.0,0.0,-0.366,0.341,0.0,-0.483,-0.144,-0.339,-0.138,0.5279330509146121,V777I
-1.282,0.015,0.002,0.021,0.058,-0.12,-0.092,0.0,0.0,0.0,0.0,0.0,0.27,0.002,-0.026,1.844,-0.214,0.4783430129958788,G781V
8.77,-2.76,2.691,-0.033,0.176,-1.552,-1.052,0.0,0.0,0.0,0.911,-0.532,0.0,0.858,0.837,-2.728,0.528,6.114141128436927,Y775D
-3.641,18.139,2.245,0.018,0.173,-0.172,0.245,0.0,0.0,0.0,0.0,0.0,0.059,2.145,-0.416,-0.216,-0.534,18.04364007417962,G782Y
3.888,-1.069,-2.815,-0.009,-0.076,0.271,1.8,0.0,0.0,0.0,0.0,0.0,0.0,-0.369,1.016,0.172,0.878,3.689985225583088,T778A
-4.917,9.834,8.286,0.002,0.611,0.805,0.149,0.0,0.0,0.0,0.0,0.0,0.0,3.002,0.835,-3.877,0.562,15.29177771373611,T778E
12.061,-2.308,-5.008,-0.033,-0.13,-1.261,0.498,0.0,0.0,0.0,0.911,1.386,0.0,-2.634,0.486,0.742,0.424,5.134481934763244,Y775A
4.003,13.151,-4.364,-0.018,-0.072,-1.338,0.646,0.0,0.0,0.0,0.911,1.386,0.0,-1.867,0.001,1.079,-0.089,13.428941318589182,Y775L
-1.783,19.539,-3.261,0.008,-0.033,0.065,1.373,0.0,0.0,0.0,0.0,0.0,-0.008,-0.02,0.561,1.49,0.512,18.443744558117714,T778V
-8.419,40.57489326136006,11.189,0.028,0.239,1.301,3.95,0.0,0.0,0.0,0.0,0.0,0.0,5.912,0.647,-1.867,0.499,44.27833562352242,T778K
1.326,0.381,0.877,-0.004,0.108,-0.055,-0.324,0.0,0.0,0.0,0.0,0.0,0.0,3.65,-0.296,-0.005,-0.054,5.603278328793067,L774M
1.016,-4.58,5.992,-0.003,0.471,-0.09,0.057,0.0,0.0,0.0,0.0,0.0,-0.018,1.045,0.237,-3.983,0.191,0.3352306617905469,V777N
3.989,-6.475,1.534,-0.012,-0.463,1.1,-0.103,0.0,0.0,0.0,0.0,0.0,-0.018,-0.437,0.461,0.612,0.596,0.7840108568434516,V777C
-1.596,0.013,0.136,0.02,0.115,-0.203,-0.178,0.0,0.0,0.0,0.0,0.0,0.188,0.028,-0.468,0.863,-0.61,-1.6904946190276178,G781L
-7.108,23.312,4.152,0.005,0.554,0.621,1.746,0.0,0.0,0.0,0.0,0.0,0.0,2.989,0.707,-2.603,0.421,24.79512059763113,T778Q
6.157,38.956,-5.753,-0.018,-0.093,-1.434,0.655,0.0,0.0,0.0,0.911,1.386,0.358,-0.866,0.279,2.06,0.319,42.918036237091655,Y775V
6.206,-1.128,-1.871,-0.01,-0.076,0.215,1.577,0.0,0.0,0.0,0.0,0.0,-0.023,-0.369,0.73,-0.354,0.616,5.515275091240369,T778G
6.432,45.62413068254419,-1.8,-0.028,0.054,-1.396,1.009,49.67100908638772,0.0,0.0,0.911,1.386,0.204,0.279,2.768,-2.226,1.971,49.98969831567049,Y775P
0.597,0.823,7.928,0.002,0.441,-0.703,0.704,0.0,0.0,0.0,0.0,0.0,0.0,4.673,-0.215,-2.377,-0.233,11.63937577579702,L774K
0.0,0.0,0.0,0.0,0.0,0.0,0.0,0.0,0.0,0.0,0.0,0.0,0.0,0.0,0.0,0.0,0.0,0.0,V777V
-6.174,1.869,1.96,0.005,0.151,-0.209,-0.103,0.0,0.0,0.0,0.0,0.0,0.0,1.836,-0.114,1.93,-0.285,0.8676492745993301,A776C
-1.483,0.017,0.244,0.024,0.293,-0.195,-0.252,0.0,0.0,0.0,0.0,0.0,0.188,1.887,-0.724,-0.216,-0.717,-0.933904205459612,G781Y
-2.813,19.389,3.194,0.004,0.209,-0.642,-0.631,0.0,0.0,0.0,0.0,0.0,0.059,1.956,-0.278,-2.139,-0.265,18.041238646609145,G782N
-6.597,26.957,1.292,-0.009,0.507,-0.126,-0.003,0.0,0.0,0.0,0.0,0.0,0.0,2.896,-0.45,0.599,-0.006,25.0584186600737,L774W
-0.797,0.944,6.516,-0.003,0.186,0.397,-0.001,0.0,0.0,0.0,0.0,0.0,0.0,3.662,0.826,-3.298,0.367,8.798118720056095,T778D
-3.804,0.014,4.261,0.024,0.61,-0.625,-1.937,0.0,0.0,0.0,0.0,-0.006,0.188,2.118,-0.567,-0.893,-0.555,-1.1724388452361154,G781R
14.499,-3.208,-3.268,-0.035,-0.13,-1.06,0.469,0.0,0.0,0.0,0.911,1.386,0.395,-2.284,0.912,0.215,1.339,10.141501946808262,Y775G
-1.916,0.012,1.933,0.017,0.561,-0.095,-1.765,0.0,0.0,0.0,0.0,0.0,0.188,2.675,-0.297,-3.523,-0.382,-2.5915202413062843,G781E
-2.259,0.017,0.548,0.021,0.325,-0.113,-0.197,0.0,0.0,0.0,0.0,0.0,0.188,1.643,-0.462,1.462,-0.453,0.7219967802722067,G781W
-3.657,-0.112,5.045,0.007,0.158,-0.315,-0.219,0.0,0.0,0.0,0.0,0.0,0.0,2.616,-0.022,-1.615,-0.177,1.7107210558267525,A776S
-0.556,0.014,0.4,0.003,0.076,-0.115,-0.166,0.0,0.0,0.0,0.0,0.0,0.188,0.291,-0.415,-1.088,-0.332,-1.6990245269736306,G781S
3.749,-0.905,-1.971,-0.025,0.076,-1.634,0.964,0.0,0.0,0.0,0.911,1.386,0.0,-0.33,0.335,1.075,0.081,3.71379700251066,Y775M
-7.364,44.528,-0.878,0.019,0.086,0.371,1.685,0.0,0.0,0.0,0.0,0.0,0.0,6.599,0.804,0.505,0.743,47.09833247116683,T778M
-1.167,0.194,-0.556,0.005,0.074,0.015,0.103,15.807,0.0,0.0,0.0,0.0,-0.171,-0.002,0.64,-2.442,1.748,14.24925285406482,G781P
-4.01,17.622,3.23,0.012,0.48,-0.291,-0.072,0.0,0.0,0.0,0.0,0.0,0.0,1.585,-0.624,-1.08,-0.43,16.42221119205692,L774Y
-2.644,0.017,0.638,0.014,0.121,-0.182,0.112,0.0,0.0,0.0,0.0,0.0,0.188,0.774,-0.254,0.859,-0.466,-0.8228702593896742,G781M
2.236,-4.41,-0.386,0.006,0.289,0.195,0.07,0.0,0.0,0.0,0.014,0.0,-0.018,0.056,0.123,-0.982,0.262,-2.5428654894727742,V777L
-4.026,6.321,-1.131,-0.005,0.247,-2.11,2.459,0.0,0.0,0.0,1.067,1.54,0.0,1.393,-0.025,1.678,0.387,7.793390069773295,Y775W
7.396,-6.531,-1.017,-0.014,-0.527,0.6,0.147,0.0,0.0,0.0,0.0,0.0,-0.018,0.095,1.008,-1.319,0.976,0.7970166477838347,V777A
0.0,0.0,0.0,0.0,0.0,0.0,0.0,0.0,0.0,0.0,0.0,0.0,0.0,0.0,0.0,0.0,0.0,0.0,T778T
-2.61,34.54,1.488,-0.001,0.003,-0.091,-0.175,0.0,0.0,0.0,0.0,0.0,0.059,0.541,-0.192,2.456,-0.646,35.37128055412086,G782C
3.663,-2.362,1.52,-0.026,0.223,-1.748,0.323,0.0,0.0,0.0,0.911,1.386,0.0,0.126,0.279,-0.883,0.233,3.644179972502116,Y775H
-3.865,42.15445374729685,-1.795,0.021,0.02,-0.015,1.181,0.0,0.0,0.0,0.0,0.0,-0.008,0.07,0.724,1.151,0.718,41.618374439671896,T778I
-11.094,13.736,6.667,0.0,0.551,-0.614,0.019,0.0,0.0,0.0,0.0,0.0,0.0,4.665,-0.222,-1.626,-0.25,11.832191091345637,A776H
4.787,-4.579,3.091,-0.014,0.023,-0.27,-0.933,0.0,0.0,0.0,0.0,0.0,0.0,-0.852,-0.556,-0.51,-0.515,-0.3283404783277319,L774T
1.244,-4.5,5.683,-0.007,0.345,-0.164,-0.364,0.0,0.0,0.0,0.0,0.0,-0.018,1.834,0.746,-5.368,0.461,-0.1075238605213826,V777E
-2.812,4.831,3.737,-0.004,0.174,0.109,1.58,0.0,0.0,0.0,0.0,0.0,0.0,3.724,0.768,-2.492,0.461,10.077555134503996,T778N
-7.775,48.49438783409718,4.069,0.008,0.307,0.115,0.651,49.673022835234384,0.0,1.69,0.0,-0.233,-0.029,3.466,2.74,-2.968,2.405,49.99580261538794,A776P
-0.264,0.417,-2.05,-0.004,-0.064,0.104,1.392,0.0,0.0,0.0,0.0,0.0,0.0,0.978,0.621,2.103,0.733,3.967488124875104,T778C
5.86,-1.002,0.897,-0.013,-0.142,0.288,0.102,0.0,0.0,0.0,0.0,0.0,0.0,-1.52,0.43,-1.442,0.322,3.781600876946186,T778S
3.884,-6.138,-1.37,0.034,0.387,0.222,0.255,0.0,0.0,0.0,0.063,-0.843,-0.018,4.097,0.412,-2.061,0.357,-0.7181032014600532,V777Y
-7.254,45.880931187119124,8.902,0.024,0.707,-0.387,0.943,0.0,0.0,0.0,-0.281,0.0,0.0,3.663,0.685,-1.247,0.469,46.759318907568705,T778R
-1.127,35.353,-1.067,0.03,0.276,0.545,5.427,0.0,0.0,0.0,0.589,-1.306,0.0,4.635,0.577,-1.453,0.538,43.01565367550484,T778H
9.762,-6.705,-0.115,-0.016,-0.527,0.451,0.347,0.0,0.0,0.0,0.0,0.0,0.082,0.095,1.843,-1.845,3.413,6.785672200947033,V777G
3.381,40.468,-5.48,-0.01,-0.074,-1.287,0.703,0.0,0.0,0.0,0.911,1.386,0.358,-0.726,0.326,1.721,0.467,42.14449980614768,Y775I
-2.543,22.223,3.627,0.002,0.247,-0.469,1.636,0.0,0.0,0.0,0.0,0.0,0.059,1.955,-0.373,-2.944,-0.419,22.99747457054332,G782D
-6.118,25.635,3.297,0.005,0.009,-0.166,0.561,0.0,0.0,0.0,-0.067,0.0,0.059,1.735,-0.426,0.859,-0.661,24.72129017932525,G782M
11.711,-0.75,-2.73,-0.026,0.173,-0.891,0.072,0.0,0.0,0.0,0.911,1.386,0.0,-2.175,0.322,0.569,0.309,8.88018805047966,Y775T
1.723,-1.099,-2.943,-0.006,0.091,-1.607,0.547,0.0,0.0,0.0,0.911,1.386,0.0,0.569,-0.024,0.636,-0.028,0.156471944548457,Y775F
5.318,-1.76,1.217,-0.012,0.449,-2.146,1.254,0.0,0.0,0.0,1.067,1.54,0.0,0.476,0.382,-2.034,0.016,5.766790671782246,Y775Q
-2.558,1.42,6.572,0.002,0.532,0.133,-0.182,0.0,0.0,0.0,0.0,0.0,0.0,3.082,-0.478,-1.757,-0.357,6.409806247419169,L774R
3.946,1.618,3.785,-0.019,0.208,-1.842,0.206,0.0,0.0,0.0,0.911,1.386,0.0,0.4,0.36,-1.297,0.065,9.728235201484836,Y775K
5.951,-1.742,4.082,-0.024,0.572,-1.386,-0.484,0.0,0.0,0.0,0.911,1.386,0.0,0.212,0.421,-3.307,0.149,6.740103827118105,Y775E
1.552,17.755,-8.13,0.036,-0.015,0.827,5.752,0.0,0.0,0.0,0.589,-1.306,0.0,4.177,0.643,0.509,0.401,22.79027791843089,T778L
-7.168,49.737047744113596,0.435,0.025,0.083,-0.53,0.061,0.0,0.0,0.0,0.0,0.0,0.0,7.693,-0.536,0.336,-0.559,49.73540628153923,A776L
-3.54,14.935,2.897,0.016,0.584,-0.169,-0.424,0.0,0.0,0.0,0.0,0.0,0.059,4.479,-0.543,-0.893,-0.513,16.88623333859755,G782R
0.412,-4.542,4.876,-0.007,0.177,-0.12,-0.309,0.0,0.0,0.0,0.0,0.0,-0.018,2.307,0.689,-4.094,0.447,-0.1831453827271616,V777Q
0.0,0.0,0.0,0.0,0.0,0.0,0.0,0.0,0.0,0.0,0.0,0.0,0.0,0.0,0.0,0.0,0.0,0.0,G782G
-9.434,40.15955499617987,-0.602,0.013,0.191,-0.116,-0.109,0.0,0.0,0.0,0.0,0.0,-0.078,1.909,-0.518,1.318,-0.292,47.66045716636984,A776V
5.991,-6.606,-0.227,0.001,0.602,0.41,0.584,0.0,0.0,0.0,0.063,-1.439,-0.018,2.558,0.269,-2.944,0.5,-0.2548225398629711,V777H
3.244,-5.821,-1.557,0.02,0.449,0.553,1.034,0.0,0.0,0.0,0.063,-1.592,-0.018,2.826,0.281,-0.382,0.945,0.0454952746540584,V777W
4.364,-6.205,-2.781,0.033,0.406,0.171,1.496,0.0,0.0,0.0,0.063,0.0,-0.018,3.731,0.218,-1.425,0.3,0.3550089493826363,V777F
-5.766,49.978857737062896,2.131,-0.001,0.057,0.055,1.03,11.726,0.736,0.0,0.0,0.0,0.063,1.557,-1.242,-2.442,9.538,49.989476426282486,G782P
-11.887,49.984491777444504,-4.651,0.122,0.262,0.909,4.425,0.0,0.0,0.0,0.522,-1.306,0.0,8.51,0.726,1.109,1.163,49.98443181184399,T778W
11.207,-2.586,-0.766,-0.033,-0.057,-1.601,0.395,0.0,0.0,0.0,0.911,1.386,0.0,-2.06,0.387,-0.872,0.281,6.5922134729167965,Y775S
0.0,0.0,0.0,0.0,0.0,0.0,0.0,0.0,0.0,0.0,0.0,0.0,0.0,0.0,0.0,0.0,0.0,0.0,Y775Y
-4.884,44.068,0.458,0.03,0.036,-0.156,0.624,0.0,0.0,0.0,0.0,0.0,0.011,1.321,-0.072,1.844,-0.219,43.06015348297308,G782V
3.845,-5.723,3.192,-0.01,-0.464,0.89,-1.843,0.0,0.0,0.0,0.0,-1.407,-0.018,-0.233,0.714,-1.491,0.515,-2.0324377004139933,V777T
0.41,-4.563,4.848,-0.006,0.139,-0.206,-0.13,0.0,0.0,0.0,0.0,0.0,-0.018,0.303,0.8,-3.358,0.407,-1.372898423623269,V777K
-6.223,49.916459653033634,-4.837,0.065,0.22,0.726,5.361,0.0,0.0,0.0,0.589,-1.306,0.0,5.476,0.509,-0.57,0.412,49.91785870384691,T778Y
0.219,-4.49,4.981,-0.002,0.244,-0.337,-0.321,0.0,0.0,0.0,0.0,0.0,-0.018,0.909,0.63,-2.738,0.502,-0.4195546420705796,V777R
-3.192,23.729,2.558,0.001,0.307,-0.322,-0.296,0.0,0.0,0.0,0.0,0.0,0.059,1.971,-0.521,-1.099,-0.539,22.65666174558089,G782H
-4.402,14.976,1.852,0.013,0.046,-0.231,0.35,0.0,0.0,0.0,0.0,0.0,0.059,2.601,-0.585,0.863,-0.557,14.98436980098677,G782L
-4.566,29.113,5.548,0.003,0.188,-0.019,-0.322,0.0,0.0,0.0,0.0,-1.113,0.059,3.032,-0.417,-2.25,-0.508,28.74683025345917,G782Q
1.371,1.36,5.146,-0.018,0.251,-2.604,1.99,0.0,0.0,0.0,1.067,1.033,0.0,-0.4,0.332,-0.677,0.116,8.968151258102353,Y775R
-1.6,48.835,-0.179,-0.002,-0.007,-0.109,0.669,0.0,0.0,0.0,0.0,0.0,0.059,0.0,-0.578,0.526,-0.69,46.92136704841084,G782A
-7.363,15.419,10.607,-0.005,1.072,-0.048,-1.498,0.0,0.0,0.0,0.0,-1.429,0.0,4.298,-0.09,-4.05,-0.312,16.60325403277966,A776E
-5.941,37.317,1.466,0.038,0.053,-0.345,0.528,0.0,0.0,0.0,0.0,0.0,0.011,1.785,0.009,1.505,-0.101,36.3265756152158,G782I
-0.041,-0.756,2.971,0.003,0.131,-0.224,0.086,0.0,0.0,0.0,0.0,0.0,-0.063,1.365,0.505,-0.527,1.104,4.555877639779283,A776G
-2.856,32.562,3.041,0.004,0.566,-0.355,1.354,0.0,0.0,0.0,0.0,0.0,0.059,3.224,-0.483,-3.523,-0.521,33.07171138125511,G782E
-4.028,38.734,1.337,0.021,0.045,-0.483,-0.164,0.0,0.0,0.0,0.0,0.0,0.059,1.679,-0.204,0.353,-0.231,37.118171485464245,G782T
-3.603,13.312,3.539,0.014,0.372,-0.328,-1.33,0.0,0.0,0.0,0.0,0.0,0.059,5.562,-0.474,-1.513,-0.47,15.13795184098717,G782K
-2.763,0.459,0.737,0.005,0.131,-0.138,0.145,0.0,0.0,0.0,0.0,0.0,0.0,1.365,0.0,0.0,0.0,-0.0590204986124263,A776A
-3.716,20.875,2.273,0.018,0.16,-0.147,0.152,0.0,0.0,0.0,0.0,0.0,0.059,2.083,-0.467,0.42,-0.535,21.17471085113777,G782F
-8.107,5.869,6.061,-0.001,0.41,-0.215,-0.377,0.0,0.0,0.0,0.0,0.0,0.0,2.536,0.215,-2.665,-0.068,3.657488311337033,A776N
-13.033,19.257,0.031,0.019,0.326,-0.505,0.21,0.0,0.0,0.0,0.0,0.0,0.0,4.749,-0.531,-0.107,-0.555,9.861077666740243,A776F
-4.022,3.756,7.688,-0.008,0.3,0.084,-1.289,0.0,0.0,0.0,0.0,0.0,0.0,1.597,0.391,-3.471,0.081,5.110318529236565,A776D
-3.939,26.564,2.502,0.016,0.184,-0.247,0.324,0.0,0.0,0.0,0.0,0.0,0.059,1.57,-0.655,1.462,-0.519,27.319875313136663,G782W
-12.575,41.210722910463694,-0.246,0.024,0.253,-0.096,-0.159,0.0,0.0,0.0,0.0,0.0,-0.078,4.007,-0.506,0.979,-0.23,49.866160133317294,A776I
-8.733,18.513,7.882,-0.002,0.979,-0.142,0.34,0.0,0.0,0.0,0.0,-1.426,0.0,3.094,-0.083,-2.776,-0.466,17.181012815737063,A776Q
-2.494,27.0,3.433,0.0,0.052,-0.098,-0.277,0.0,0.0,0.0,0.0,-0.483,0.059,1.34,-0.553,-1.088,-0.557,26.334101636183163,G782S
-8.013,17.649,1.748,-0.001,0.124,-0.203,0.072,0.0,0.0,0.0,0.0,0.0,0.0,3.432,-0.192,0.332,-0.395,14.554660667159736,A776M
-11.586,17.442,0.981,0.011,0.204,-0.535,0.076,0.0,0.0,0.0,0.0,0.0,0.0,2.93,-0.504,-0.743,-0.514,7.764998123811779,A776Y
-11.263,17.1,10.433,0.011,0.825,-1.124,0.826,0.0,0.0,0.0,0.0,0.0,0.0,4.871,-0.109,-2.04,-0.422,19.110059950068603,A776K
-18.881,38.25787371672254,0.085,0.011,0.453,-0.449,0.27,0.0,0.0,0.0,0.0,0.0,0.0,4.005,-0.489,0.936,-0.104,36.26403674728101,A776W
-4.019,13.239,3.877,0.003,0.11,-0.087,-0.703,0.0,0.0,0.0,0.0,0.0,0.0,0.74,-0.243,-0.173,-0.155,12.590052710144278,A776T
-14.943,22.202,8.341,0.018,0.906,-0.581,0.494,0.0,0.0,0.0,0.0,0.0,0.0,7.579,-0.198,-1.42,-0.393,22.00691868949957,A776R
-4.099,42.854,8.771,0.016,0.724,-1.144,1.484,0.0,0.0,0.0,0.91,1.589,-0.079,4.408,0.678,-2.944,0.284,39.455117229761036,V783H
2.392,-3.038,2.355,-0.013,0.088,0.113,0.257,0.0,0.0,0.0,0.0,0.349,-0.079,0.184,0.834,0.612,0.669,4.722946930730586,V783C
4.883,-3.09,9.698,-0.015,0.326,0.472,-0.878,0.0,0.0,0.0,0.0,0.0,-0.079,1.301,1.59,-4.789,0.968,10.387038311091942,V783D
-5.114,40.519429289834775,3.828,0.006,0.341,0.509,1.731,0.0,0.0,0.0,0.0,0.0,-0.006,6.551,0.897,-0.043,1.095,43.3894923234044,I784W
5.723,-3.396,4.817,-0.011,0.013,-0.313,-0.176,0.0,0.0,0.0,0.0,0.0,-0.079,0.07,1.036,-2.933,0.533,5.285276956510188,V783S
-2.527,41.971,0.969,0.015,0.148,0.075,-0.066,0.0,0.0,0.0,0.0,0.349,0.0,1.444,0.151,-0.339,0.083,42.273708085827366,V783I
6.738,-3.394,0.842,-0.012,-0.037,0.364,-0.045,0.0,0.0,0.0,0.0,0.0,-0.079,-0.412,1.182,-1.319,1.007,4.838158905910177,V783A
4.16,-0.053,-6.378,-0.01,-0.275,-0.971,4.612,0.0,0.0,0.0,0.0,1.774,0.0,-1.54,0.427,1.419,0.44,3.6058388052191503,R785A
2.718,0.189,-6.372,0.02,-0.326,-0.931,4.431,0.0,0.0,0.0,0.0,1.774,0.0,0.822,-0.285,1.313,-0.178,3.17603998157108,R785F
-4.844,48.672,3.082,0.013,0.225,-0.095,0.014,0.0,0.0,0.0,0.0,0.184,-0.079,3.915,0.833,-0.986,0.598,38.70789759198836,V783M
2.61,0.204,-6.343,-0.003,-0.133,-0.829,4.169,4.92,0.0,0.0,0.0,1.774,0.197,-1.134,2.331,-1.549,2.066,8.280848936902089,R785P
0.0,0.0,0.0,0.0,0.0,0.0,0.0,0.0,0.0,0.0,0.0,0.0,0.0,0.0,0.0,0.0,0.0,0.0,V783V
3.527,0.255,-6.098,-0.007,-0.306,-0.854,4.771,0.0,0.0,0.0,0.0,1.774,0.0,-1.236,0.153,1.752,0.269,4.0013539074032,R785M
-2.243,20.133,-1.609,0.022,0.261,-1.919,1.07,0.0,0.0,0.0,1.067,1.54,-0.079,4.386,0.698,-0.982,0.417,22.762610327810307,V783L
9.118,-3.424,1.639,-0.013,-0.037,0.549,-0.071,0.0,0.0,0.0,0.0,0.0,-0.021,-0.412,2.057,-1.845,2.568,10.108834636445296,V783G
5.695,46.86994885260962,3.012,-0.011,-0.028,0.791,-0.539,46.46627189782863,0.0,0.0,0.0,0.0,-0.018,-1.429,7.665,-4.286,6.522,49.940958973444395,V783P
1.138,2.733,8.77,-0.013,0.306,-0.314,0.971,0.0,0.0,0.0,0.0,0.0,-0.006,3.158,0.791,-2.605,0.59,15.518359249950208,I784H
-7.488,49.999829352668584,11.852,0.028,0.64,-0.807,1.809,0.0,0.0,0.0,1.067,1.54,-0.079,5.945,0.666,-2.738,0.256,49.99989728653919,V783R
-1.243,-1.002,12.165,0.017,1.242,0.096,-1.325,0.0,0.0,0.0,0.0,0.188,-0.079,4.688,0.857,-5.368,0.495,10.732099655135812,V783E
-2.124,2.412,-2.273,-0.007,-0.11,0.234,0.995,0.0,0.0,0.0,0.0,0.0,0.0,-0.66,-0.1,0.505,0.208,-0.9205006159078266,T786M
-7.904,49.999999783169486,5.26,0.042,0.379,-1.854,1.83,0.0,0.0,0.0,0.91,1.589,-0.079,5.005,0.647,-2.061,0.223,49.9999998151494,V783Y
6.928,6.422,0.959,-0.03,-0.136,-0.24,-0.232,49.85765964620495,0.0,1.378,0.0,0.0,0.052,0.639,7.151,-3.947,5.016,49.94536203579803,I784P
-0.13,-0.156,1.184,-0.006,0.002,-0.244,0.22,0.0,0.0,0.0,0.0,0.0,0.0,1.088,-0.089,-2.603,-0.039,-0.7718083513078682,T786Q
2.796,-2.342,7.595,-0.009,0.222,0.753,-0.366,0.0,0.0,0.0,0.0,0.0,-0.079,1.541,1.361,-3.983,0.795,8.283748414362435,V783N
2.793,-0.173,-4.104,-0.004,-0.112,-1.657,3.57,0.0,0.0,0.0,0.0,1.774,0.0,-0.289,0.137,-0.62,-0.054,1.2635304015173006,R785K
-2.967,48.55325377874835,10.619,0.034,0.781,-1.344,3.48,0.0,0.0,0.0,1.067,1.54,-0.079,4.891,0.912,-3.358,0.337,49.22928156138897,V783K
6.039,-0.662,-5.699,-0.011,0.039,-1.233,5.152,0.0,0.0,0.0,0.0,1.774,0.0,-0.263,-0.274,-1.246,-0.162,3.457398846650904,R785N
3.771,-0.204,-5.749,-0.005,0.086,-1.281,4.828,0.0,0.0,0.0,0.0,1.774,0.0,1.262,0.148,-2.63,-0.021,1.978342529551356,R785E
2.624,-0.099,-5.646,-0.009,-0.24,-0.979,4.784,0.0,0.0,0.0,0.0,1.774,0.0,-1.294,-0.099,3.349,0.041,4.206388952286375,R785C
-6.251,49.999899620325635,1.309,0.04,0.337,-1.945,1.031,0.0,0.0,0.0,0.91,1.589,-0.079,4.704,0.67,-1.425,0.246,49.99990408724378,V783F
2.435,-3.068,4.175,-0.007,0.014,0.059,-0.209,0.0,0.0,0.0,0.0,0.0,-0.079,-0.348,0.555,-1.491,0.409,2.4453502974874937,V783T
0.425,2.164,-5.436,-0.006,-0.165,-0.784,4.373,0.0,0.0,0.0,0.0,1.773,0.0,-1.094,-0.447,1.756,-0.198,2.361326939920445,R785L
-2.923,4.683,9.754,0.018,0.879,0.304,-0.055,0.0,0.0,0.0,0.0,0.184,-0.079,4.383,0.905,-4.094,0.429,14.389534810307282,V783Q
-4.248,-2.748,2.173,0.011,1.276,-0.438,1.11,0.0,0.0,0.0,0.0,0.0,0.0,5.81,-0.334,-1.453,-0.22,0.93833721247006,T786H
1.423,8.078,6.852,-0.027,0.076,0.088,1.674,0.0,0.0,0.0,0.0,0.0,-0.006,1.973,1.078,-3.755,0.586,18.03947799274192,I784Q
12.948,-4.042,0.079,-0.03,-0.204,-0.02,-0.071,0.0,0.0,0.0,0.0,0.0,0.02,-1.57,2.341,-1.506,3.673,11.619281809073982,I784G
2.764,-0.455,-0.738,-0.005,-0.131,0.14,-0.142,0.0,0.0,0.0,0.0,0.0,0.0,-1.365,0.0,0.0,0.0,0.0684532161264996,I784I
4.828,-0.198,-5.992,-0.012,-0.275,-0.922,4.69,0.0,0.0,0.0,0.0,1.774,0.055,-1.54,1.162,0.892,2.28,6.742395331997159,R785G
3.216,2.037,-1.541,-0.011,-0.141,0.522,-0.173,0.0,0.0,0.0,0.0,0.0,-0.006,-0.627,0.554,-0.643,0.475,3.662186388271039,I784L
5.144,-0.963,-7.475,-0.009,-0.216,-0.814,6.184,0.0,0.0,0.0,0.226,1.014,0.0,-1.392,0.039,1.419,-0.04,3.1167804193634083,R789A
3.883,-0.435,-4.926,-0.007,-0.209,-1.213,4.604,0.0,0.0,0.0,0.0,1.774,0.0,-0.916,0.327,-0.195,0.153,2.8413722509055788,R785S
1.436,0.003,-4.404,-0.004,0.1,-1.188,4.68,0.0,0.0,0.0,0.0,1.774,0.0,0.995,-0.21,-0.206,0.034,3.010749163657806,R785H
3.756,-0.233,-3.99,-0.004,0.314,-1.32,5.141,0.0,0.0,0.0,0.0,1.774,0.0,1.032,-0.41,-2.051,-0.227,3.7817662069796825,R785D
3.451,-1.828,0.181,-0.006,-0.025,-0.026,-0.003,0.0,0.0,0.0,0.0,0.0,0.0,0.53,0.014,0.338,0.023,2.6507512024056723,I784V
11.282,-3.248,-0.613,-0.028,-0.204,-0.053,-0.087,0.0,0.0,0.0,0.0,0.0,-0.006,-1.57,1.431,-0.98,1.263,7.1877154996053605,I784A
-2.714,0.369,3.898,0.005,0.094,-0.013,-0.705,0.0,0.0,0.0,-0.157,-0.153,0.0,1.231,-0.076,-2.04,-0.106,-0.3651092842889056,A787K
7.743,-3.129,6.828,-0.025,0.135,-0.667,1.217,0.0,0.0,0.0,0.0,0.0,-0.006,1.153,1.41,-4.45,0.795,11.002546518290046,I784D
-0.372,40.439,3.017,0.007,-0.082,0.185,1.355,0.0,0.0,0.0,0.0,0.0,-0.006,3.941,0.695,-1.086,0.395,48.487554248174206,I784F
2.147,2.94,-6.396,0.008,-0.127,-0.531,5.832,0.0,0.0,0.0,0.226,1.014,0.0,-1.327,-0.041,1.756,0.131,5.632717879826259,R789L
-7.17,49.870677226387805,1.701,0.043,0.924,-2.888,3.887,0.0,0.0,0.0,1.067,2.913,-0.079,5.563,0.795,-0.382,0.754,49.90272776737953,V783W
1.342,0.564,-6.26,0.011,-0.131,-1.1,4.868,0.0,0.0,0.0,0.0,1.961,0.025,-0.747,-0.55,2.737,-0.43,2.2908098042138363,R785V
-12.79,49.6666123195362,-2.041,0.019,0.957,-0.435,0.874,0.0,0.0,0.0,0.0,0.0,0.0,6.475,-0.105,1.109,0.436,49.58489097607172,T786W
-1.212,42.682561484720004,5.362,0.014,-0.041,0.014,0.143,0.0,0.0,0.0,0.0,0.0,-0.006,4.635,0.757,-1.722,0.456,44.65925600585855,I784Y
1.816,-0.048,-3.328,-0.004,-0.048,-0.67,2.685,0.0,0.0,0.0,0.0,0.791,0.0,1.027,0.094,-1.357,-0.011,0.9492587095255658,R785Q
3.434,1.027,10.816,-0.026,0.095,0.411,1.606,0.0,0.0,0.0,0.0,0.0,-0.006,1.908,1.117,-5.029,0.692,16.04551174709252,I784E
0.39,42.432109074246256,-0.449,-0.025,-0.116,-0.361,0.821,0.0,0.0,0.0,0.0,0.0,-0.006,0.259,1.029,-0.647,0.885,42.915370173030205,I784M
2.27,0.109,-4.294,-0.006,-0.117,-1.138,4.583,0.0,0.0,0.0,0.0,1.96,0.0,-1.511,0.091,1.246,0.046,3.2410974763599825,R785T
0.041,-0.939,-1.462,-0.006,-0.023,0.122,0.658,0.0,0.0,0.0,0.0,0.0,0.0,0.042,-0.243,2.103,0.204,0.4987391077070242,T786C
0.523,1.693,-5.91,0.032,-0.095,-1.147,4.799,0.0,0.0,0.0,0.0,1.962,0.025,-0.779,-0.7,2.398,-0.575,2.2260065459964835,R785I
7.962,-2.723,0.373,-0.027,-0.19,-0.14,-0.269,0.0,0.0,0.0,0.0,0.0,-0.006,-1.125,0.911,0.951,0.895,6.6111457709779415,I784C
-2.091,39.198,13.329,-0.018,0.305,1.876,-3.151,0.0,0.0,0.0,-0.332,-0.21,-0.006,1.369,0.94,-2.399,0.554,49.36261851301174,I784R
4.761,-0.963,-6.328,-0.006,0.578,-0.795,6.051,0.0,0.0,0.0,0.226,1.014,0.0,1.712,0.034,-0.206,0.084,6.1622057873482845,R789H
0.0,0.0,0.0,0.0,0.0,0.0,0.0,0.0,0.0,0.0,0.0,0.0,0.0,0.0,0.0,0.0,0.0,0.0,R789R
10.629,-3.146,2.471,-0.028,-0.177,-0.236,-0.711,0.0,0.0,0.0,0.0,0.0,-0.006,-0.905,1.264,-2.594,0.758,7.318824455818117,I784S
-6.784,1.582,6.925,0.025,0.206,-0.514,-0.574,0.0,0.0,0.0,-0.157,-0.153,0.0,3.23,-0.182,-0.743,-0.097,2.764941959395287,A787Y
-2.648,0.313,4.036,0.009,0.176,-0.017,-0.453,0.0,0.0,0.0,-0.157,-0.153,0.0,1.814,-0.15,-1.42,-0.056,1.2953864402845738,A787R
6.23,-2.649,4.982,-0.023,0.063,-0.369,0.818,0.0,0.0,0.0,0.0,0.0,-0.006,0.872,1.229,-3.644,0.7,8.20240467884014,I784N
1.625,36.685,11.49,-0.016,0.302,0.071,-2.329,0.0,0.0,0.0,0.0,0.0,-0.006,1.79,1.097,-3.019,0.551,48.24099826035672,I784K
-4.885,49.99999999926664,-1.013,0.016,0.073,0.492,0.413,0.0,0.0,0.0,0.0,0.0,0.0,2.57,-0.253,0.066,-0.135,49.99999999918442,T786F
-6.777,42.59856675149379,1.933,0.026,0.073,-0.21,0.057,0.0,0.0,0.0,0.0,0.0,-0.045,1.029,0.392,0.979,0.47,42.009520916493784,A787I
3.121,-0.248,-5.187,0.007,-0.259,-0.861,3.713,0.0,0.0,0.0,0.0,1.144,0.0,0.916,-0.073,0.676,-0.152,2.801210212669389,R785Y
3.376,-0.408,-2.845,-0.007,0.1,-0.489,9.806,0.0,0.0,0.0,0.226,1.014,0.0,1.066,0.001,-2.051,0.114,9.902911044887333,R789D
-1.95,0.209,3.861,0.005,0.262,-0.285,-0.888,0.0,0.0,0.0,0.0,0.0,0.0,2.582,-0.081,-4.05,-0.036,-0.370563463091571,A787E
-6.22,1.496,4.825,0.024,0.192,-0.604,-0.507,0.0,0.0,0.0,-0.157,-0.153,0.0,3.008,-0.248,-0.107,-0.113,1.4361939051933632,A787F
-4.054,42.795150233089515,0.627,0.022,0.079,-0.706,0.775,0.0,0.0,0.0,1.46,0.0,-0.045,0.495,0.307,1.318,0.274,42.94181991229789,A787V
8.032,3.22,-8.389,0.001,0.312,-3.077,7.85,0.0,0.0,0.0,0.226,2.122,0.0,-1.741,0.062,-0.62,-0.038,7.961299086481972,R789K
4.489,-0.963,-6.519,0.012,0.22,-0.827,6.185,0.0,0.0,0.0,0.226,1.014,0.0,1.853,0.161,1.313,0.251,7.4149681241888175,R789F
4.061,-0.565,-3.517,-0.005,-0.208,-0.089,2.208,0.0,0.0,0.0,2.186,0.0,0.0,-2.58,0.452,2.775,0.255,4.974187319526777,Q790A
3.278,0.311,-5.857,-0.001,0.207,-0.937,6.127,0.0,0.0,0.0,0.226,1.014,0.0,2.219,-0.086,-2.63,-0.101,3.76809879563541,R789E
3.58,-1.373,-2.248,-0.007,-0.052,-0.027,1.275,0.0,0.0,0.0,0.0,0.0,0.0,-0.124,0.081,0.172,0.315,1.5934152041508014,T786A
1.21,38.69581805246588,-2.894,0.033,-0.129,-0.035,2.158,0.0,0.0,0.0,2.186,0.0,-0.019,1.281,0.677,4.093,0.597,41.88197252295601,Q790V
3.298,-0.259,-7.263,-0.007,-0.182,-0.893,5.915,0.0,0.0,0.0,0.226,1.014,0.0,-0.71,0.32,3.349,0.005,4.81288268047399,R789C
7.903,-2.241,2.203,-0.019,-0.146,0.046,-0.779,0.0,0.0,0.0,0.0,0.0,-0.006,-1.182,0.674,-1.152,0.521,5.821161201192581,I784T
0.547,0.043,-4.236,0.014,-0.005,-1.219,4.543,0.0,0.0,0.0,0.0,1.774,0.0,1.147,-0.2,2.355,0.409,5.173005211576424,R785W
1.624,-0.739,-3.322,0.013,-0.111,0.182,0.734,0.0,0.0,0.0,0.0,0.0,-0.028,-0.343,-0.435,1.49,-0.331,-1.2665186229932033,T786V
0.0,0.0,0.0,0.0,0.0,0.0,0.0,0.0,0.0,0.0,0.0,0.0,0.0,0.0,0.0,0.0,0.0,0.0,R785R
-2.778,0.202,2.48,0.007,0.009,-0.288,-0.2,0.0,0.0,0.0,0.0,0.0,0.0,1.079,-0.051,0.332,-0.159,0.6334933195840904,A787M
1.381,43.51651574410148,-7.111,-0.008,-0.174,-0.717,5.702,0.517,0.0,0.0,0.226,1.014,-0.028,-0.025,0.029,-1.549,2.742,43.98437183154068,R789P
-4.983,0.731,6.461,0.001,0.39,-0.507,-0.853,0.0,0.0,0.0,-0.157,-0.153,0.0,2.611,-0.088,-1.626,-0.019,1.809443985208304,A787H
2.737,-0.385,-3.855,-0.005,0.062,-0.447,6.073,0.0,0.0,0.0,0.226,1.014,0.0,0.712,0.151,-1.246,0.268,5.303500169141898,R789N
-1.477,47.76140186976937,0.273,0.009,0.643,-0.228,2.262,4.654,0.0,0.0,2.186,0.0,0.095,-0.399,0.086,-2.968,1.092,48.246523649261434,A787P
2.292,-0.451,-2.316,-0.004,-0.192,-0.092,1.826,0.0,0.0,0.0,2.186,0.0,0.0,-2.366,0.405,4.705,0.162,6.157702608425325,Q790C
-0.836,0.962,-1.511,0.017,-0.096,0.054,2.338,0.0,0.0,0.0,2.186,0.0,0.0,-1.829,0.023,3.112,0.048,4.469769089624265,Q790L
0.0,0.0,0.0,0.0,0.0,0.0,0.0,0.0,0.0,0.0,0.0,0.0,0.0,0.0,0.0,0.0,0.0,0.0,A787A
2.961,0.017,-4.811,-0.004,0.011,-0.377,4.445,0.0,0.0,0.0,-0.456,1.014,0.0,1.218,-0.015,-1.357,-0.021,2.6240460817456324,R789Q
-4.957,1.207,-2.096,0.027,0.257,-0.284,1.82,0.0,0.0,0.0,2.186,0.0,0.0,1.624,0.144,3.711,0.112,3.7532179194622586,Q790W
-3.412,0.453,1.81,0.001,0.024,0.019,-0.867,0.0,0.0,0.0,0.0,0.0,0.0,2.001,-0.004,1.93,-0.081,1.8724120139220304,A787C
5.897,-0.964,-7.078,-0.011,-0.216,-0.833,6.047,0.0,0.0,0.0,0.226,1.014,-0.028,-1.392,0.61,0.892,0.533,4.69643136902846,R789G
2.194,2.267,-7.985,0.008,-0.175,-0.838,6.042,0.0,0.0,0.0,0.226,1.014,0.079,-1.136,0.569,2.737,0.275,5.276031262011998,R789V
-3.347,2.944,6.653,0.004,0.011,0.145,0.345,0.0,0.0,0.0,0.0,0.0,0.0,1.832,-0.096,-1.867,-0.048,6.576107164753353,T786K
0.061,49.997290352999926,-2.376,0.006,0.445,-1.874,6.997,16.391,0.0,1.183,0.0,1.109,-0.001,-0.281,0.256,-2.968,0.347,49.99874758198564,A788P
2.508,-0.656,4.508,-0.008,0.085,0.296,0.935,0.0,0.0,0.0,0.0,0.0,0.0,2.381,0.379,-3.298,0.35,7.478877117351999,T786D
-3.731,0.578,9.621,0.002,0.361,0.179,-1.374,0.0,0.0,0.0,-1.542,0.0,0.0,3.475,0.186,-3.471,0.195,4.479431788672514,A787D
-2.984,-0.32,-2.245,0.022,0.045,-0.156,1.026,0.0,0.0,0.0,0.0,0.0,-0.028,0.76,-0.246,1.151,-0.248,-3.22310973581898,T786I
3.338,-0.195,-6.007,-0.005,-0.152,-0.82,5.684,0.0,0.0,0.0,0.226,1.014,0.0,-1.351,0.169,1.246,0.144,3.29150108874876,R789T
-4.936,0.777,7.433,0.003,0.312,-0.157,-1.745,0.0,0.0,0.0,-2.149,0.0,0.0,3.411,0.076,-2.665,0.179,0.5401649163951561,A787N
1.952,-0.186,0.614,-0.001,0.0,-0.084,-0.108,0.0,0.0,0.0,0.0,0.0,-0.062,0.0,0.381,-0.527,0.622,2.601917866355052,A787G
0.972,1.352,-1.752,0.006,-0.166,-0.045,0.896,0.0,0.0,0.0,0.162,0.0,0.0,-0.2,-0.173,0.509,0.027,1.5877666301055342,T786L
0.971,-0.499,-0.752,0.002,0.179,-0.423,1.134,0.0,0.0,0.0,2.186,0.0,0.0,0.056,0.023,1.15,0.087,4.11568601572435,Q790H
-3.643,0.275,1.989,0.02,0.064,-0.414,-0.089,0.0,0.0,0.0,0.0,0.0,0.0,2.425,-0.322,0.336,-0.197,0.4449290104317924,A787L
1.877,1.83,-7.191,0.018,-0.12,-0.812,6.097,0.0,0.0,0.0,0.226,1.014,0.079,-0.961,0.596,2.398,0.24,5.289702090366745,R789I
-0.784,0.028,3.977,0.001,0.045,-0.034,-1.433,0.0,0.0,0.0,-1.543,0.0,0.0,1.097,-0.072,-1.615,-0.04,-0.371156158123199,A787S
5.163,-1.382,-1.432,-0.008,-0.052,0.076,1.134,0.0,0.0,0.0,0.0,0.0,0.065,-0.124,1.153,-0.354,1.857,6.096672304147205,T786G
-2.054,0.201,3.28,0.006,0.191,-0.355,-0.72,0.0,0.0,0.0,0.0,0.0,0.0,2.587,-0.09,-2.776,-0.13,0.1391759893260769,A787Q
3.11,0.048,-6.09,-0.005,-0.139,-0.745,5.947,0.0,0.0,0.0,0.226,1.014,0.0,0.195,0.058,1.752,0.101,5.472669621607338,R789M
4.606,-0.963,-5.678,-0.009,-0.159,-0.923,5.873,0.0,0.0,0.0,0.226,1.014,0.0,-1.274,-0.11,-0.195,-0.169,2.236582652852917,R789S
-1.7,-0.165,3.46,-0.002,0.238,-0.25,-0.02,0.0,0.0,0.0,0.0,0.0,0.0,3.001,-0.132,-3.877,-0.01,0.5426101351869193,T786E
-6.6,0.694,6.158,0.028,0.259,-0.693,-0.14,0.0,0.0,0.0,-0.157,-0.153,0.0,3.203,-0.357,0.936,0.017,3.1967624005347943,A787W
-0.263,-1.37,2.207,0.003,0.902,-0.658,1.19,0.0,0.0,0.0,0.0,0.0,0.0,3.559,0.235,-2.492,0.295,3.60905985997556,T786N
-0.798,0.413,0.688,0.007,-0.043,-0.082,2.861,0.0,0.0,0.0,2.186,0.0,0.0,-1.021,0.12,0.736,0.104,5.172739998535349,Q790K
-6.818,46.89279032490358,4.739,0.005,1.165,-1.846,4.393,0.0,0.0,0.0,0.0,1.109,0.0,1.775,0.378,-1.626,0.412,47.30720840133086,A788H
4.505,-0.963,-6.527,0.012,0.235,-0.824,6.168,0.0,0.0,0.0,0.226,1.014,0.0,2.047,0.193,0.676,0.232,6.995519866381528,R789Y
-2.098,0.238,-1.166,0.006,-0.007,-0.162,2.1,0.0,0.0,0.0,2.186,0.0,0.0,0.628,0.363,3.108,0.078,5.274518623220047,Q790M
-2.706,46.048052053137006,-5.46,0.013,0.28,-1.814,5.936,0.0,0.0,0.0,0.387,1.014,0.0,0.362,0.078,2.355,0.055,46.12330284651656,R789W
-3.014,7.407,2.183,0.007,0.046,-0.351,-0.442,0.0,0.0,0.0,0.0,0.0,0.0,2.005,0.06,-0.173,0.119,7.847074903427028,A787T
-8.643,30.225,-0.17,0.023,0.699,-0.509,1.006,0.0,0.0,0.0,0.0,0.0,0.0,5.972,-0.277,-0.57,-0.148,27.60708681780932,T786Y
1.276,32.881,-0.821,-0.009,-0.057,0.187,1.413,48.73813442770718,0.0,1.03,0.0,0.0,0.049,-1.488,6.496,-2.795,8.533,49.8029676997471,T786P
0.854,10.993,-2.907,0.006,0.419,-1.807,5.663,0.0,0.0,0.0,0.0,1.109,0.0,-0.111,0.611,1.93,0.521,17.280575061842683,A788C
1.245,-0.119,-2.624,0.084,-0.138,0.053,2.277,0.0,0.0,0.0,2.186,0.0,-0.019,0.769,0.7,3.754,0.584,8.754006201623383,Q790I
2.25,-0.464,0.827,-0.003,0.124,-0.35,-0.404,0.0,0.0,0.0,2.172,0.0,0.0,-0.527,-0.058,-0.695,-0.057,2.8166381524281405,Q790D
0.0,0.0,0.0,0.0,0.0,0.0,0.0,0.0,0.0,0.0,0.0,0.0,0.0,0.0,0.0,0.0,0.0,0.0,Q790Q
3.433,-0.786,-1.767,0.001,-0.075,-0.285,2.197,0.0,0.0,0.0,2.186,0.0,-0.039,-0.865,0.61,2.249,0.607,7.4679853872988815,Q790G
-0.468,-0.844,1.422,0.014,0.042,-0.221,0.42,0.0,0.0,0.0,2.186,-0.036,0.0,0.113,-0.049,2.602,0.093,5.276216030657565,Q790T
2.765,-1.357,0.818,-0.005,0.001,-0.074,0.177,0.0,0.0,0.0,0.0,0.0,0.0,0.135,-0.069,-1.442,-0.066,0.88346371592786,T786S
0.464,-0.114,1.712,-0.001,0.085,0.234,-1.197,0.0,0.0,0.0,0.253,0.0,0.0,0.827,0.154,-1.274,0.125,1.2688888914053678,Q790E
0.576,-0.217,-2.847,0.036,0.054,-0.16,2.186,0.0,0.0,0.0,2.186,0.0,0.0,0.671,0.122,2.669,0.13,5.408111996435082,Q790F
-1.488,49.99999787969335,-1.017,0.006,-0.101,0.079,4.703,1.935,0.758,0.0,2.186,0.0,0.285,-1.227,0.786,-0.193,11.815,49.99999898949292,Q790P
1.795,-0.263,0.036,0.005,-0.03,-0.228,2.662,0.0,0.0,0.0,2.186,0.0,0.0,-1.415,0.143,1.356,0.076,6.325384578662579,Q790R
-6.4,49.98633512315547,11.997,0.073,0.983,-1.018,7.335,0.0,0.0,0.0,0.375,1.064,0.0,5.326,0.201,-2.04,0.115,49.993351511823306,A788K
-0.773,-0.351,0.067,0.008,0.224,-0.429,2.373,0.0,0.0,0.0,2.186,0.0,0.0,0.626,-0.037,0.11,-0.022,3.983168894253481,Q790N
0.665,-0.058,-2.752,0.034,0.061,-0.173,2.235,0.0,0.0,0.0,2.186,0.0,0.0,0.272,0.118,2.033,0.138,4.760566011016863,Q790Y
1.083,0.617,3.759,-0.019,0.179,0.075,-0.137,0.0,0.0,0.0,0.0,0.0,0.04,2.53,0.668,-2.944,0.454,6.305559628930496,V791H
1.522,4.305,5.591,0.007,1.227,-1.548,3.75,0.0,0.0,0.0,0.0,1.109,0.0,2.255,0.232,-3.471,0.302,15.283267121847985,A788D
3.656,-0.529,-0.697,-0.005,-0.178,-0.417,1.692,0.0,0.0,0.0,2.186,0.0,0.0,-1.859,0.033,1.161,0.114,5.158867112155917,Q790S
0.0,0.0,0.0,0.0,0.0,0.0,0.0,0.0,0.0,0.0,0.0,0.0,0.0,0.0,0.0,0.0,0.0,0.0,T786T
-7.55,45.26878422538285,10.903,0.044,0.935,-0.851,-1.684,0.0,0.0,0.0,0.375,-0.045,0.0,5.477,-0.067,-4.05,0.058,45.86856412472443,A788E
-5.643,4.438,6.521,0.01,0.154,0.789,0.992,0.0,0.0,0.0,-0.106,0.0,0.0,2.382,-0.253,-1.247,-0.272,7.76386871091654,T786R
-8.542,48.184558020951016,0.048,0.071,0.341,-0.875,0.249,0.0,0.0,0.0,0.375,-0.045,0.0,5.098,0.046,0.336,0.406,47.99804180946619,A788L
6.248,1.838,-6.026,0.004,0.394,-1.735,5.798,0.0,0.0,0.0,0.0,1.109,0.0,-1.181,0.0,0.0,0.0,6.449335641341349,A788A
-6.885,46.245980215841634,1.472,0.114,0.784,0.756,0.192,0.0,0.0,0.0,-0.359,-1.769,0.105,4.894,0.516,0.979,0.442,46.421395635162796,A788I
-5.231,49.08491905152507,0.298,0.079,0.519,-1.354,5.457,0.0,0.0,0.0,0.375,1.064,0.0,4.529,0.152,0.332,0.446,49.29759538231065,A788M
0.313,4.722,-1.656,0.006,-0.18,0.35,0.153,0.0,0.0,0.0,0.0,0.0,0.0,0.624,0.138,1.313,-0.016,5.765825479449518,R792F
3.276,-1.077,1.018,-0.002,0.0,-0.095,-0.022,0.0,0.0,0.0,0.0,0.0,0.062,0.0,0.709,-0.527,0.77,4.11385416502651,A788G
-8.162,49.99999139072029,5.747,0.072,1.025,-2.976,8.174,0.0,0.0,0.0,2.176,0.83,0.0,5.709,0.089,-1.42,0.203,49.99999455782436,A788R
-5.737,-1.927,5.987,-0.01,-0.636,2.173,-5.395,0.0,0.0,0.0,0.0,-0.545,0.0,-0.573,0.011,-0.62,-0.011,-7.285887087258516,R792K
-3.021,25.915,5.184,0.042,0.539,1.179,-0.503,0.0,0.0,0.0,-0.734,-1.724,0.0,2.975,0.593,-0.173,0.622,30.89494950447954,A788T
2.317,-0.091,-1.402,-0.014,-0.394,0.371,0.254,0.0,0.0,0.0,0.0,0.0,0.0,-1.925,0.139,1.419,-0.018,0.6545760919614168,R792A
-0.407,5.257,2.629,0.007,1.098,-1.708,4.503,0.0,0.0,0.0,0.0,1.109,0.0,2.246,0.35,-2.665,0.605,13.024726221303126,A788N
-6.706,1.376,5.005,-0.016,-0.701,2.38,-5.727,1.459,0.0,0.0,0.0,-0.545,0.028,-1.334,-0.531,-1.549,0.396,-6.464439389817471,R792P
0.391,0.5,-0.003,-0.012,0.014,0.295,-0.011,0.0,0.0,0.0,0.0,0.0,0.0,1.691,-0.033,-0.206,0.105,2.727127203982945,R792H
-5.279,-1.779,5.444,-0.009,-0.726,2.148,-5.266,0.0,0.0,0.0,0.0,-0.545,0.0,-1.53,0.051,1.246,0.14,-6.105098849374258,R792T
-6.121,-1.818,7.206,-0.007,-0.318,2.563,-6.525,0.0,0.0,0.0,-1.353,-0.545,0.0,0.724,0.124,-1.357,0.09,-7.337938970902542,R792Q
-15.887,49.99996897353861,2.191,0.025,1.207,-1.337,4.817,0.0,0.0,0.0,-0.607,1.109,0.0,3.617,0.293,0.936,0.256,49.999964482333056,A788W
-5.392,-1.98,5.232,-0.016,-0.748,2.274,-5.179,0.0,0.0,0.0,0.0,-0.545,0.0,-1.296,0.06,3.349,-0.031,-4.273222321700473,R792C
-5.239,40.34081434095464,0.068,0.045,0.515,1.118,0.231,0.0,0.0,0.0,-0.359,-1.769,0.105,4.037,0.575,1.318,0.437,40.71209812057318,A788V
-6.303,-1.915,6.088,-0.004,-0.386,1.987,-5.408,0.0,0.0,0.0,0.0,-0.545,0.0,0.346,0.0,0.0,0.0,-6.140202389612796,R792R
-5.682,-1.974,7.11,-0.013,-0.371,1.673,-5.009,0.0,0.0,0.0,0.0,-0.545,0.0,0.784,0.106,-1.246,0.278,-4.890164365545388,R792N
-1.394,-0.431,7.024,0.0,0.055,-0.132,-0.92,0.0,0.0,0.0,0.0,0.0,0.0,0.515,0.258,-1.615,0.182,3.5436446955388874,A788S
-5.989,2.254,4.51,0.002,-0.552,2.328,-5.204,0.0,0.0,0.0,0.0,-0.545,0.0,1.128,0.055,0.676,-0.03,-1.3687571061938115,R792Y
-5.919,-1.907,5.266,-0.002,-0.709,2.254,-5.063,0.0,0.0,0.0,0.0,-0.545,0.0,-1.134,-0.109,1.756,-0.025,-6.138364307700044,R792L
-4.882,-1.852,6.616,-0.015,-0.491,2.346,-5.486,0.0,0.0,0.0,0.0,-0.545,0.0,0.417,-0.085,-2.051,0.1,-5.9289706949908805,R792D
-14.181,49.99849343775067,4.509,0.022,0.394,-0.093,4.603,0.0,0.0,0.0,0.0,1.109,0.0,2.663,0.515,-0.743,0.414,49.998445234097105,A788Y
3.068,-0.092,-0.743,-0.015,-0.394,0.422,0.394,0.0,0.0,0.0,0.0,0.0,0.062,-1.925,1.045,0.892,0.911,3.6241444008076087,R792G
2.745,-0.936,5.523,-0.013,0.216,-0.724,-0.62,0.0,0.0,0.0,0.0,0.0,0.04,2.665,1.042,-4.789,0.598,5.747787525867352,V791D
-7.284,-1.933,4.132,0.016,-0.685,2.302,-5.207,0.0,0.0,0.0,0.0,-0.545,0.046,0.074,-0.098,2.398,0.001,-6.782458655713867,R792I
-9.57,49.868041825594446,-3.166,0.025,1.03,-0.858,4.375,0.0,0.0,0.0,-0.607,1.109,0.0,1.729,0.509,-0.107,0.492,49.83863093801659,A788F
13.408,-0.921,-5.114,-0.001,0.436,-1.721,5.817,0.0,0.0,0.0,0.0,1.109,0.033,1.029,1.735,-1.845,2.233,16.198191144674865,V791G
-9.59,-1.201,6.122,0.005,-0.568,2.199,-4.694,0.0,0.0,0.0,0.0,-0.545,0.0,1.608,0.007,2.355,-0.015,-4.316610534507163,R792W
0.634,-0.008,0.63,-0.007,-0.075,0.302,0.502,0.0,0.0,0.0,0.0,0.0,0.0,0.463,-0.011,-2.63,-0.04,-0.2406060794583027,R792E
-3.617,42.80797633260543,1.229,0.011,1.185,-0.917,6.396,0.0,0.0,0.0,0.0,1.109,0.0,2.445,0.061,-2.776,0.302,44.12933531979571,A788Q
8.797,0.563,-4.427,-0.008,0.365,-1.716,5.525,0.0,0.0,0.0,0.0,1.109,0.04,-0.403,0.704,0.612,0.459,11.61921525012758,V791C
7.183,-0.004,-1.102,0.006,0.908,-1.953,4.904,0.0,0.0,0.0,0.0,-0.064,0.04,2.862,0.786,-4.094,0.29,9.762360650582307,V791Q
-0.205,6.113,-1.318,0.0,0.025,0.045,0.026,0.0,0.0,0.0,0.0,0.0,0.04,2.343,0.429,-1.425,0.219,6.291708111769367,V791F
-7.046,-1.821,3.656,0.011,-0.709,2.311,-5.187,0.0,0.0,0.0,0.0,-0.545,0.046,0.037,-0.142,2.737,-0.05,-6.703152676011882,R792V
-0.648,-1.385,0.786,0.026,0.084,-0.314,0.036,0.0,0.0,0.0,0.0,0.0,0.0,2.149,-0.084,-0.339,-0.1,0.2107863267654011,V791I
-4.353,-1.981,6.169,-0.015,-0.723,2.306,-5.423,0.0,0.0,0.0,0.0,-0.545,0.0,-1.273,0.189,-0.195,0.214,-5.631171904519533,R792S
-0.096,49.51502182744111,3.113,-0.011,0.032,0.282,0.544,45.67737914396871,0.89,0.0,-0.256,0.0,0.03,1.938,3.505,-4.286,13.172,49.98964511141034,V791P
-0.17,1.312,1.862,0.003,0.125,-0.296,-0.358,0.0,0.0,0.0,0.0,0.0,0.04,4.551,0.757,-0.986,0.38,7.219115463782828,V791M
11.362,0.536,-5.262,-0.008,0.352,-1.675,5.968,0.0,0.0,0.0,0.0,1.109,0.04,-0.852,1.046,-1.319,0.795,12.0915994282052,V791A
-7.191,-1.61,4.949,-0.009,-0.753,2.322,-5.422,0.0,0.0,0.0,0.0,-0.545,0.0,-0.118,0.306,1.752,0.072,-6.248301665072859,R792M
-1.277,8.399,0.234,-0.004,0.037,0.016,-0.199,0.0,0.0,0.0,0.0,0.0,0.04,2.523,0.523,-2.061,0.215,8.447137131336603,V791Y
4.096,-0.943,4.596,-0.014,0.016,-0.228,-0.553,0.0,0.0,0.0,0.0,0.0,0.04,0.373,1.059,-2.933,0.542,6.051529143782773,V791S
-2.541,6.45,0.551,0.022,0.158,-0.089,-0.278,0.0,0.0,0.0,0.0,0.0,0.04,3.855,0.209,-0.982,0.258,7.653242824221024,V791L
8.205,-0.552,-4.037,0.008,0.492,-1.931,5.202,0.0,0.0,0.0,0.0,1.109,0.04,1.093,0.5,-1.491,0.427,9.063670830065576,V791T
0.0,0.0,0.0,0.0,0.0,0.0,0.0,0.0,0.0,0.0,0.0,0.0,0.0,0.0,0.0,0.0,0.0,0.0,V791V
-3.762,10.546,6.051,0.004,0.443,-0.357,0.237,0.0,0.0,0.0,0.0,-0.47,0.04,5.836,0.661,-2.738,0.363,16.854323688618933,V791R
7.939,0.948,-1.811,-0.006,0.588,-2.388,5.758,0.0,0.0,0.0,0.0,1.109,0.04,0.85,0.961,-3.983,0.516,10.518578410822895,V791N
0.912,-0.778,5.68,-0.006,0.611,-0.181,-0.248,0.0,0.0,0.0,0.0,0.0,0.04,3.794,0.794,-5.368,0.426,5.674619066918922,V791E
-1.066,5.107,7.08,0.004,0.276,-0.252,1.001,0.0,0.0,0.0,0.0,0.0,0.04,4.379,0.774,-3.358,0.317,14.301599277406352,V791K
-2.408,34.269,-5.958,0.053,0.857,-1.848,5.592,0.0,0.0,0.0,0.0,1.109,0.04,7.657,0.652,-0.382,0.636,40.268205918277545,V791W
6.203,-3.257,-6.754,-0.003,-0.151,-1.624,5.769,0.0,0.0,0.0,0.0,1.108,0.0,-2.822,0.112,2.371,0.008,0.9609355345854738,K793M
9.428,-7.442,-8.989,-0.005,-0.184,-1.642,5.949,0.0,0.0,0.0,0.0,1.108,0.0,-3.959,0.349,2.039,0.368,-2.979122521770364,K793A
6.016,-6.758,-4.581,-0.003,0.218,-2.031,5.643,0.0,0.0,0.0,0.0,1.108,0.0,-1.662,0.054,-0.626,0.159,-2.462498677921872,K793N
6.898,-6.712,-2.932,-0.006,0.267,-1.792,4.871,0.0,0.0,0.0,0.0,1.108,0.0,-1.214,0.006,-1.432,0.152,-0.7840248974868018,K793D
7.87,-6.932,-8.395,0.0,-0.045,-1.499,5.7,6.451,0.0,0.0,0.0,1.108,0.092,-3.912,1.329,-0.929,1.386,2.224181877029764,K793P
-2.462,0.163,-0.916,0.002,-0.335,-0.311,0.937,0.0,0.0,0.0,0.0,0.0,0.0,-0.622,0.115,3.711,-0.022,0.2610529569983555,Q797W
-14.236,11.378,19.797,0.005,0.027,2.839,-1.447,0.0,0.0,0.0,0.0,-0.545,0.0,3.116,0.703,-4.05,0.284,17.870733365273168,A794E
7.42,-6.74,-8.092,-0.007,-0.154,-1.821,5.779,0.0,0.0,0.0,0.0,1.108,0.0,-3.932,0.055,3.969,0.029,-2.3848769224044872,K793C
-11.767,44.08039522834193,9.155,0.0,-0.276,2.163,-4.89,49.6481514683325,0.0,1.044,0.0,-0.545,-0.338,0.345,7.407,-2.968,10.599,49.98506756681214,A794P
-12.361,3.657,14.385,0.009,0.393,1.988,-4.486,0.0,0.0,0.0,0.218,-0.545,0.0,2.483,0.689,-2.665,0.105,3.868890176237187,A794N
-14.449,50.0,11.156,0.014,-0.275,2.481,-4.422,0.0,0.0,0.0,0.0,-0.545,0.0,4.118,0.063,0.936,0.206,50.0,A794W
1.771,-0.211,-3.933,0.0,0.082,-0.816,5.259,0.0,0.0,0.0,0.0,1.108,0.0,0.469,-0.005,-0.737,0.007,2.995881128691508,K793Q
0.638,3.974,-7.102,0.014,-0.04,0.364,5.079,0.0,0.0,0.0,0.0,1.108,0.0,0.492,-0.404,2.376,-0.043,6.457632652137477,K793L
3.88,-0.374,-2.59,-0.022,-1.139,0.304,1.205,0.0,0.0,0.0,0.0,0.0,-0.029,-2.525,0.328,2.249,0.382,1.670382092300315,Q797G
-10.846,1.33,11.405,0.006,-0.309,2.111,-6.099,0.0,0.0,0.0,0.0,-0.545,0.0,4.253,0.402,-1.42,-0.029,0.2590638168411487,A794R
-3.756,39.10974162931389,-4.564,0.014,0.1,-0.956,5.391,0.0,0.0,0.0,0.0,1.108,0.0,-0.961,-0.246,1.932,-0.097,38.29519306902539,K793F
0.321,0.007,-0.722,-0.011,-0.889,0.51,0.4,0.0,0.0,0.0,0.0,0.0,0.085,0.358,0.318,2.456,-0.029,2.804231146432812,G795C
6.173,-4.892,-4.131,-0.003,0.116,-1.952,4.344,0.0,0.0,0.0,0.0,1.108,0.0,-1.361,0.021,-2.01,0.057,-2.527228686925241,K793E
-4.414,-2.538,6.357,-0.005,-0.386,1.982,-5.357,0.0,0.0,0.0,0.0,-0.545,-0.293,0.345,0.384,-0.527,0.679,-4.317497458306775,A794G
0.285,-0.102,-0.515,-0.016,-0.357,-0.124,0.624,0.0,0.0,0.0,0.0,0.0,0.0,-1.059,0.03,1.15,-0.003,-0.0862682090189537,Q797H
-6.326,-1.675,6.083,-0.003,-0.386,2.059,-5.398,0.0,0.0,0.0,0.0,-0.545,0.0,0.345,0.0,0.0,0.0,-5.845710734537306,A794A
-0.644,0.716,-0.21,0.007,0.26,-0.4,2.709,0.0,0.0,0.0,0.0,0.85,0.0,-0.067,-0.075,0.619,-0.004,3.763609829158327,K793R
10.498,-6.195,-9.174,-0.009,0.037,-0.495,4.356,0.0,0.0,0.0,-0.607,1.108,-0.006,-4.354,1.036,1.512,1.532,-0.7608493845681323,K793G
9.033,-7.462,-6.82,-0.003,-0.126,-1.852,5.523,0.0,0.0,0.0,0.0,1.108,0.0,-3.597,0.331,0.424,0.228,-3.2119276593107315,K793S
2.95,7.44,-4.119,-0.007,0.143,-1.713,4.681,0.0,0.0,0.0,0.0,1.108,0.0,-1.391,0.025,0.413,0.105,9.636029245560737,K793H
-4.719,49.67399910374825,-0.094,0.012,0.131,-0.743,6.117,0.0,0.0,0.0,0.0,1.108,0.0,-1.615,-0.1,1.296,-0.134,49.690009659534354,K793Y
2.113,-0.169,-2.714,-0.018,-1.097,0.246,1.079,0.0,0.0,0.0,0.0,0.0,0.0,-1.812,0.264,4.705,-0.071,2.5258463727220715,Q797C
-10.673,4.822,10.941,0.005,-0.142,1.862,-5.423,0.0,0.0,0.0,0.0,-0.545,0.0,4.411,0.756,-2.04,0.256,4.230557820152285,A794K
-12.84,49.99977339725148,15.329,0.018,1.259,0.382,0.445,0.0,0.0,0.0,0.381,0.0,0.0,4.439,0.175,-1.626,-0.094,49.999834568120704,A794H
-12.751,44.040842104575134,7.549,0.022,-0.395,2.521,-4.517,0.0,0.0,0.0,0.0,-0.545,0.06,2.548,1.521,0.979,1.104,43.598996840020106,A794I
-0.132,0.497,-2.69,0.006,-0.716,0.173,1.106,0.0,0.0,0.0,0.0,0.0,0.0,-0.175,0.312,2.669,0.173,1.223338725781673,Q797F
-10.378,4.948,7.429,-0.002,-0.351,1.885,-5.293,0.0,0.0,0.0,0.218,-0.545,0.0,0.748,0.257,1.93,-0.26,0.585835745590316,A794C
-10.229,11.818,9.217,0.008,-0.312,2.165,-6.526,0.0,0.0,0.0,0.0,-0.545,0.0,0.371,0.725,-0.173,0.259,6.77657078440393,A794T
1.23,8.608,-6.854,0.012,-0.056,-0.083,5.747,0.0,0.0,0.0,0.0,1.108,-0.027,-3.591,-0.634,3.018,-0.42,8.056742081101333,K793I
2.816,-0.186,-2.245,-0.014,-0.778,0.248,1.054,0.0,0.0,0.0,0.0,0.0,0.0,0.053,-0.006,-1.274,0.034,-0.296796080085528,Q797E
6.331,1.656,-6.081,0.004,0.386,-2.059,5.403,0.0,0.0,0.0,0.0,0.545,0.0,-0.345,0.0,0.0,0.0,5.840785479211718,G795G
0.0,0.0,0.0,0.0,0.0,0.0,0.0,0.0,0.0,0.0,0.0,0.0,0.0,0.0,0.0,0.0,0.0,0.0,K793K
-4.035,9.311,2.608,0.017,0.179,0.305,0.377,0.0,0.0,0.0,0.0,0.0,0.0,3.327,0.623,0.332,0.378,13.421977355421518,A794M
-10.929,0.739,18.044,0.004,0.599,1.34,-4.748,0.0,0.0,0.0,0.0,-0.587,0.0,3.983,0.65,-3.471,0.233,5.855845706436867,A794D
-0.106,0.358,-2.533,0.005,-0.709,0.097,1.12,0.0,0.0,0.0,0.0,0.0,0.0,-0.45,0.284,2.033,0.203,0.3013914052547761,Q797Y
2.252,9.023,-7.703,0.003,-0.085,-0.043,5.848,0.0,0.0,0.0,0.0,1.108,-0.027,-3.87,-0.552,3.357,-0.373,8.938049103923731,K793V
1.37,-0.179,-2.534,-0.007,-1.013,0.206,1.2,0.0,0.0,0.0,0.0,0.0,0.0,-1.767,0.205,3.108,0.005,0.5933377428124231,Q797M
9.651,1.027,-10.714,-0.004,0.171,-2.293,10.774,0.0,0.0,0.0,1.078,0.545,0.085,1.52,0.086,-2.944,-0.115,8.867131482720765,G795D
2.772,-0.186,-2.229,-0.013,-0.976,0.24,1.351,0.0,0.0,0.0,0.0,0.0,0.0,-1.692,0.151,0.736,0.097,0.2515990031317869,Q797K
1.64,5.543,-5.342,0.012,0.025,-1.554,6.097,0.0,0.0,0.0,0.0,1.108,0.0,-1.052,-0.15,2.975,0.093,9.395118634922936,K793W
0.268,0.202,0.03,-0.004,-0.736,0.256,0.889,0.0,0.0,0.0,-0.136,0.0,0.085,1.633,0.354,-0.893,0.258,2.2063235959994927,G795R
6.959,-7.13,-5.761,0.001,-0.128,-1.557,4.264,0.0,0.0,0.0,0.0,0.554,0.0,-3.921,-0.076,1.866,0.136,-4.792274581242509,K793T
-14.176,49.99999999999913,2.291,0.072,1.416,-1.638,8.928,0.0,0.0,0.0,0.448,0.0,0.0,5.972,0.011,-0.107,-0.228,49.999999999999226,A794F
2.624,-0.186,-1.181,-0.016,-0.773,0.221,0.68,0.0,0.0,0.0,0.0,0.0,0.0,-0.375,-0.135,-0.695,-0.069,0.0951306044623834,Q797D
-0.119,2.014,0.86,-0.008,-0.85,0.321,0.099,0.0,0.0,0.0,-0.136,0.0,0.085,0.265,-0.34,0.353,-0.276,2.2686923676228616,G795T
3.317,-0.186,-3.053,-0.02,-1.139,0.276,1.233,0.0,0.0,0.0,0.0,0.0,0.0,-2.525,0.051,2.775,-0.019,0.7106785630393233,Q797A
-16.91,49.97793693794373,11.055,0.051,0.12,2.449,-3.623,0.0,0.0,0.0,0.381,-0.545,0.0,3.657,1.254,0.336,1.022,49.97726174740677,A794L
-7.332,-1.915,10.567,-0.003,-0.316,1.611,-6.275,0.0,0.0,0.0,0.0,-1.276,0.0,0.394,-0.069,-1.615,-0.342,-6.572162775664879,A794S
-23.682,50.0,17.841,0.031,0.371,1.751,-3.457,0.0,0.0,0.0,0.381,-0.545,0.0,4.469,0.102,-0.743,-0.219,50.0,A794Y
2.477,-0.186,-1.892,-0.015,-1.063,0.138,0.825,0.0,0.0,0.0,0.0,0.0,0.0,-2.516,0.083,2.602,0.182,0.636413640122214,Q797T
2.15,-0.164,-2.739,-0.003,-1.028,0.213,1.227,0.0,0.0,0.0,0.0,0.0,0.0,-2.479,0.05,3.112,0.046,0.3850733323272379,Q797L
4.164,1.954,-5.658,0.001,-0.414,-2.128,6.591,0.0,0.0,0.0,-0.136,0.545,0.085,2.528,0.577,0.859,0.29,9.256411942567638,G795M
1.538,-0.096,-2.469,0.007,-1.013,0.195,1.336,0.0,0.0,0.0,0.0,0.0,0.062,-2.368,0.841,3.754,0.401,2.188861356386724,Q797I
4.14,0.242,-4.971,0.005,-0.5,0.057,3.551,0.0,0.0,0.0,1.875,0.0,0.0,0.012,0.414,1.313,0.249,6.388053730780484,R796F
4.947,1.838,-4.594,-0.003,0.191,-2.189,7.344,0.0,0.0,0.0,-0.136,0.545,0.085,2.618,0.447,-3.523,0.294,7.863477102830643,G795E
1.597,-0.133,-3.152,-0.002,-1.089,0.176,1.232,0.0,0.0,0.0,0.0,0.0,0.062,-2.443,0.797,4.093,0.441,1.5793466935177776,Q797V
-9.612,6.672,6.046,0.013,-0.452,2.344,-4.772,0.0,0.0,0.0,0.0,-0.545,0.06,2.215,1.581,1.318,0.889,5.754615636673861,A794V
3.012,-0.186,-1.747,-0.02,-1.072,0.138,0.935,0.0,0.0,0.0,0.0,0.0,0.0,-2.393,-0.219,1.161,-0.015,-0.4065337344445652,Q797S
0.0,0.0,0.0,0.0,0.0,0.0,0.0,0.0,0.0,0.0,0.0,0.0,0.0,0.0,0.0,0.0,0.0,0.0,Q797Q
-15.622,17.577,16.598,0.013,-0.075,2.436,-5.56,0.0,0.0,0.0,-0.292,-0.545,0.0,4.214,0.643,-2.776,0.298,16.909009174344988,A794Q
3.061,-0.736,-3.683,-0.006,-0.073,-0.036,1.416,0.0,0.0,0.0,0.0,0.0,0.0,-0.013,0.83,0.172,0.651,1.5849310730473007,T798A
3.143,-0.634,-5.163,-0.006,-0.256,-0.321,5.757,0.0,0.0,0.0,1.078,0.0,0.085,1.385,0.158,-2.139,-0.009,3.0804321582415923,G795N
0.739,31.027,-2.674,-0.019,-1.093,0.242,1.467,1.881,0.0,0.0,0.0,0.0,-0.129,-1.23,-0.107,-0.193,11.252,41.16346339142831,Q797P
2.194,-0.467,-5.433,0.01,-0.261,-0.331,5.258,0.0,0.0,0.0,1.078,0.0,0.085,1.08,0.542,0.42,0.423,4.598285805047908,G795F
2.432,-0.186,-1.79,-0.014,-0.819,0.144,1.096,0.0,0.0,0.0,0.0,0.0,0.0,-0.979,-0.016,0.11,-0.006,-0.0269613375502331,Q797N
4.886,48.812577608363306,-7.81,-0.005,-0.402,-1.702,6.578,1.597,0.0,0.0,0.0,0.545,0.283,-0.529,-0.65,-2.442,0.298,48.842563070085646,G795P
7.659,1.566,-8.543,-0.008,-0.512,-1.56,6.925,0.0,0.0,0.0,0.0,0.545,0.085,-0.56,0.339,0.526,0.297,6.758309328869586,G795A
-0.531,1.122,1.25,-0.009,-0.555,0.488,-0.418,0.0,0.0,0.0,-0.136,-0.966,0.085,2.844,0.242,-1.099,0.099,2.414927576352625,G795H
-0.557,0.177,0.044,0.015,-0.632,0.086,1.714,0.0,0.0,0.0,-0.136,0.0,0.085,2.56,0.537,1.462,0.54,5.895537726966154,G795W
2.816,-0.186,-2.244,-0.009,-0.895,0.248,1.482,0.0,0.0,0.0,0.0,0.0,0.0,-1.148,0.067,1.356,0.041,1.5282389331933928,Q797R
1.598,-0.561,-4.262,0.012,-0.689,-0.154,2.303,0.0,0.0,0.0,0.0,0.0,0.0,2.677,0.611,1.109,0.932,3.5758570066117272,T798W
3.03,33.593,-6.746,0.017,-0.438,-1.721,6.716,0.0,0.0,0.0,-0.136,0.545,0.035,-0.051,1.283,1.505,0.838,38.46806005472956,G795I
8.521,1.208,-11.513,0.013,0.134,-2.396,10.602,0.0,0.0,0.0,1.078,0.545,0.085,0.767,0.539,-0.216,0.48,9.84792732210235,G795Y
0.337,-0.337,0.155,0.002,0.555,-0.248,0.585,0.0,0.0,0.0,0.0,0.0,0.0,2.547,0.71,-3.877,0.526,0.9545861078893269,T798E
1.048,-0.061,-0.12,-0.012,-0.877,0.395,0.12,0.0,0.0,0.0,0.0,-0.457,0.085,1.611,-0.375,-1.088,-0.301,-0.0316862478655366,G795S
12.714,1.348,-9.603,-0.006,-0.057,-1.97,7.961,0.0,0.0,0.0,1.875,0.545,0.0,-0.241,0.11,-0.62,-0.033,12.022526893146278,R796K
5.298,1.147,-7.207,-0.004,-0.724,0.319,3.501,0.0,0.0,0.0,1.875,0.0,0.079,-1.241,0.232,2.737,0.209,6.220272943665691,R796V
15.758,0.744,-13.531,-0.017,-0.371,-2.065,9.178,0.0,0.0,0.0,1.875,0.545,0.0,-3.502,-0.146,1.419,-0.115,9.773919550369897,R796A
-2.985,49.996758315676686,-0.535,-0.003,0.04,0.0,1.816,6.267,1.026,0.0,0.0,0.0,0.073,0.0,1.051,-2.795,11.748,49.99827022114507,T798P
2.403,-0.583,-5.833,0.005,-0.431,-0.276,5.502,0.0,0.0,0.0,1.078,0.0,0.085,-0.72,0.398,0.863,0.313,2.8058010627220256,G795L
6.608,1.847,-6.083,-0.003,-0.428,-1.8,6.731,0.0,0.0,0.0,-0.136,0.545,0.085,0.674,0.46,-1.513,0.352,7.337955283908855,G795K
10.691,3.246,-12.07,0.006,-0.329,-1.963,8.991,0.0,0.0,0.0,1.738,0.545,0.079,-0.239,0.159,2.398,0.275,13.527445044318256,R796I
2.58,0.366,-2.227,-0.019,-0.977,-0.32,4.997,0.0,0.0,0.0,1.738,0.0,0.0,-0.32,-0.069,-1.357,0.141,4.533704455524344,R796Q
0.696,-0.553,2.014,-0.003,0.166,-0.301,-2.501,0.0,0.0,0.0,-0.789,0.0,0.0,2.656,0.568,-3.298,0.211,-1.1341131801201527,T798D
-1.789,36.481,-1.873,0.004,-0.877,0.284,1.274,0.0,0.0,0.0,-0.136,0.0,0.035,0.26,1.007,1.844,0.716,37.23020876507872,G795V
-0.052,-0.14,-0.485,0.009,0.209,-0.301,1.948,0.0,0.0,0.0,0.0,0.0,0.0,1.988,0.654,-1.247,0.466,3.047954266039937,T798R
1.024,-0.075,-0.191,0.001,0.19,0.006,0.545,0.0,0.0,0.0,-0.943,0.0,0.0,2.802,0.493,-2.493,0.241,1.599242828528986,T798N
8.46,-0.428,-2.347,-0.028,-0.631,-0.139,2.176,0.0,0.0,0.0,1.875,-0.877,0.0,0.963,0.249,-2.051,0.119,7.340999290553327,R796D
5.693,-0.438,-6.407,-0.02,-0.744,0.093,2.946,0.0,0.0,0.0,1.875,0.0,0.0,-3.005,0.454,3.349,0.498,4.294766669060209,R796C
4.854,-0.727,-2.048,-0.015,-0.166,-0.038,2.12,0.0,0.0,0.0,1.875,-1.132,0.0,-0.069,0.332,-0.206,0.218,4.997026499739491,R796H
1.073,3.988,-4.975,-0.016,-0.717,0.046,3.816,0.0,0.0,0.0,1.738,0.0,0.0,-0.882,0.082,1.752,0.298,6.202484963926054,R796M
17.447,0.588,-13.409,-0.018,-0.371,-2.154,9.128,0.0,0.0,0.0,1.875,0.545,0.017,-3.502,0.648,0.892,0.756,12.44157782011814,R796G
0.0,0.0,0.0,0.0,0.0,0.0,0.0,0.0,0.0,0.0,0.0,0.0,0.0,0.0,0.0,0.0,0.0,0.0,T798T
-1.755,0.406,1.592,-0.005,-0.626,0.411,-0.288,0.0,0.0,0.0,-0.136,-0.6,0.085,4.217,0.385,-2.25,0.331,1.7669323402242298,G795Q
0.752,-0.635,-2.398,-0.005,-0.064,-0.144,0.82,0.0,0.0,0.0,0.0,0.0,0.0,0.403,0.563,2.103,0.374,1.7675334948576165,T798C
-5.217,44.030297777855125,0.699,0.055,0.425,0.386,1.983,0.0,0.0,0.0,0.381,0.0,0.042,4.494,1.2,1.151,1.025,45.355005887511986,T798I
2.572,-0.726,-0.753,-0.006,-0.052,-0.361,0.629,0.0,0.0,0.0,0.0,0.0,0.0,1.296,0.274,-1.442,0.131,1.562800378060615,T798S
1.408,0.387,-4.561,0.007,-0.739,0.029,2.278,0.0,0.0,0.0,0.0,0.0,0.0,2.552,0.555,0.066,0.52,2.5018773513613723,T798F
1.933,-0.732,-3.314,-0.01,-0.632,-0.325,2.157,0.0,0.0,0.0,0.0,0.0,0.0,2.838,0.545,-1.453,0.511,1.5172398729407632,T798H
4.79,-0.859,-3.04,-0.007,-0.073,-0.176,1.262,0.0,0.0,0.0,0.0,0.0,-0.041,-0.013,0.532,-0.354,0.454,2.476014462007015,T798G
10.067,0.9,-12.037,-0.029,-0.711,-0.266,9.301,0.299,0.0,0.0,2.953,0.0,-0.01,-3.585,1.467,-1.549,0.021,6.822964446296055,R796P
1.323,7.589,-7.393,-0.007,-0.702,0.173,3.868,0.0,0.0,0.0,1.738,0.0,0.0,-2.37,-0.118,1.756,0.145,6.00410394390542,R796L
1.607,-0.415,-4.553,0.009,-0.738,-0.02,2.39,0.0,0.0,0.0,0.0,0.0,0.0,2.875,0.586,-0.57,0.475,1.6463752221087589,T798Y
2.092,0.579,-4.161,0.001,-0.393,-0.001,3.55,0.0,0.0,0.0,1.875,0.0,0.0,-0.936,0.346,2.355,0.108,5.415472480129893,R796W
-2.009,45.77782181239007,-3.721,0.012,-0.027,-0.132,1.091,0.0,0.0,0.0,0.0,0.0,0.042,-0.013,0.918,1.49,0.782,45.516850326868564,T798V
3.102,-0.584,-3.212,-0.011,-0.384,-0.117,2.797,0.0,0.0,0.0,0.0,0.0,0.0,1.275,0.617,-2.603,0.403,1.281853126717806,T798Q
8.675,-0.926,-4.084,-0.02,-0.731,-0.289,2.804,0.0,0.0,0.0,1.875,0.0,0.0,-2.467,0.387,-0.195,0.186,5.213125693827465,R796S
7.98,-0.193,-7.11,-0.028,-1.147,-0.479,4.166,0.0,0.0,0.0,1.738,-0.126,0.0,-2.085,0.384,1.246,0.372,4.717735552459658,R796T
1.353,27.792,-5.472,0.003,-0.917,0.003,2.505,0.0,0.0,0.0,0.0,0.0,0.0,1.939,0.512,0.509,0.36,28.58648925872626,T798L
-0.088,-0.371,-1.053,0.004,-0.05,-0.187,1.452,0.0,0.0,0.0,0.0,0.0,0.0,0.929,0.756,0.505,0.448,2.344439524046152,T798M
-0.469,-0.312,-0.026,0.007,0.21,-0.493,2.045,0.0,0.0,0.0,0.0,0.0,0.0,1.178,0.575,-1.867,0.459,1.3072286354434937,T798K
4.228,-0.14,-1.442,-0.013,-0.484,-0.631,2.671,0.0,0.0,0.0,1.875,0.0,0.0,-1.756,0.424,-1.246,0.472,3.956739365659132,R796N
0.0,0.0,0.0,0.0,0.0,0.0,0.0,0.0,0.0,0.0,0.0,0.0,0.0,0.0,0.0,0.0,0.0,0.0,R796R
4.15,0.134,-4.808,0.004,-0.478,-0.002,3.592,0.0,0.0,0.0,1.875,0.0,0.0,-0.631,0.454,0.676,0.197,5.162853278451053,R796Y
-0.701,0.001,0.824,-0.004,0.242,0.069,-0.905,0.0,0.0,0.0,0.0,0.0,0.0,0.66,0.006,0.413,0.076,0.6824857035385321,K799H
10.318,1.493,-6.251,-0.016,-0.515,-2.505,12.755,0.0,0.0,0.0,1.738,0.545,0.0,-0.025,-0.162,-2.63,-0.131,14.61417303683004,R796E
-0.08,-0.002,0.017,-0.002,-0.028,-0.039,-0.619,0.0,0.0,0.0,0.0,0.0,0.0,-0.861,0.051,1.866,0.067,0.3707900644413939,K799T
-0.172,0.002,1.239,-0.004,0.136,-0.168,-1.514,0.0,0.0,0.0,0.0,0.0,0.0,1.163,0.264,-1.432,0.252,-0.2338932447223669,K799D
-0.005,0.001,0.025,0.003,0.081,-0.014,0.081,0.0,0.0,0.0,0.0,0.0,0.0,0.563,-0.051,0.619,0.062,1.3669937105564711,K799R
-7.905,46.67883859388555,11.052,0.03,0.466,1.661,-2.698,0.0,0.0,0.0,0.38,0.0,0.086,10.172,0.323,-2.139,0.128,47.88216738272766,G800N
3.424,-0.313,-3.924,0.013,-0.015,1.003,-1.415,0.0,0.0,0.0,0.0,0.0,-0.023,-0.845,0.539,3.357,0.393,2.192463413246628,K799V
0.067,0.001,-0.309,-0.006,-0.104,0.023,-0.545,0.0,0.0,0.0,0.0,0.0,0.0,-0.698,0.051,3.969,-0.014,2.436706536762813,K799C
3.051,2.28,-8.217,0.008,-0.284,0.267,4.508,0.0,0.0,0.0,0.589,0.0,0.0,-2.28,-0.035,1.756,-0.13,1.5123141783388974,R802L
0.551,-0.001,-0.858,-0.006,-0.114,0.093,-0.156,0.0,0.0,0.0,0.0,0.0,0.0,-0.871,0.108,2.039,0.108,0.8930343859676668,K799A
-0.404,0.001,0.708,-0.003,0.112,-0.174,-0.701,0.0,0.0,0.0,0.0,0.0,0.0,0.545,0.111,-0.626,0.229,-0.2026768112121999,K799N
-0.381,6.906,-0.708,-0.003,0.014,0.11,-0.018,3.904,0.0,0.0,0.0,0.0,0.112,-0.86,0.163,-0.929,0.935,9.24516807666214,K799P
0.037,0.0,-0.009,-0.001,0.147,0.014,-0.202,0.0,0.0,0.0,0.0,0.0,0.0,1.698,0.019,-2.01,0.078,-0.2296881768539833,K799E
-1.221,0.008,-0.05,0.013,0.108,0.153,-0.202,0.0,0.0,0.0,0.0,0.0,0.0,0.744,-0.076,1.296,0.057,0.8322555672380076,K799Y
-2.511,0.291,2.919,0.001,0.467,-0.099,-0.8,0.0,0.0,0.0,0.0,0.0,0.0,0.863,-0.016,-0.737,-0.025,0.3538881330347294,K799Q
0.781,-0.062,1.087,-0.013,-0.199,0.357,-0.016,0.0,0.0,0.0,0.0,0.0,0.022,0.688,0.381,-0.986,0.555,2.59568029168031,V801M
-1.14,0.02,-0.32,0.01,-0.068,0.173,-0.175,0.0,0.0,0.0,0.0,0.0,0.0,-0.826,-0.219,2.376,-0.073,-0.2423368494862643,K799L
2.877,-0.129,-0.212,-0.02,-0.21,0.355,0.335,0.0,0.0,0.0,0.0,0.0,0.022,-0.305,0.508,-1.319,0.794,2.696794622841253,V801A
-0.742,-0.002,-0.053,0.021,0.009,0.081,-0.017,0.0,0.0,0.0,0.0,0.0,-0.023,-0.61,0.669,3.018,0.646,2.9969413149584625,K799I
-1.17,0.009,-0.086,0.013,0.097,0.161,-0.189,0.0,0.0,0.0,0.0,0.0,0.0,0.809,-0.133,1.932,0.016,1.4604949995471088,K799F
1.18,-0.009,-0.852,-0.008,-0.114,0.147,-0.148,0.0,0.0,0.0,0.0,0.0,-0.057,-0.871,0.404,1.512,0.62,1.80622966972453,K799G
-2.229,0.102,0.553,0.0,-0.014,0.165,-0.496,0.0,0.0,0.0,0.0,0.0,0.0,1.229,0.079,2.371,-0.037,1.722497141831127,K799M
5.509,0.181,-6.038,-0.01,-0.083,-0.03,5.023,0.0,0.0,0.0,0.589,0.0,0.0,0.477,0.108,-2.63,-0.009,3.085568453960491,R802E
5.081,28.945,-6.404,0.078,-0.102,0.509,4.279,0.0,0.0,0.0,0.589,0.0,0.0,2.88,-0.109,2.355,-0.139,37.9614973997642,R802W
-18.706,49.6259393891802,13.777,0.017,0.431,0.588,1.085,0.0,0.0,0.0,-0.002,0.0,0.086,5.121,1.139,-0.893,1.228,49.679419410111194,G800R
-9.946,36.688,13.048,0.022,0.403,0.55,-3.08,0.0,0.0,0.0,-0.002,0.0,0.086,8.473,1.119,-3.523,1.227,45.06634174603505,G800E
0.435,-0.124,2.208,-0.005,0.282,0.184,-0.281,0.0,0.0,0.0,0.0,0.0,0.022,2.516,0.186,-2.738,0.248,2.934908889640269,V801R
0.787,-0.094,2.694,-0.007,0.307,0.081,-1.119,0.0,0.0,0.0,0.0,-1.405,0.022,2.82,0.974,-3.983,0.863,1.9402359788800825,V801N
0.0,0.0,0.0,0.0,0.0,0.0,0.0,0.0,0.0,0.0,0.0,0.0,0.0,0.0,0.0,0.0,0.0,0.0,K799K
4.956,0.487,-6.742,-0.005,-0.278,0.374,3.771,0.0,0.0,0.0,0.589,0.0,0.0,-2.6,0.219,1.246,0.261,2.277115415318576,R802T
2.386,1.689,-6.815,-0.01,-0.279,0.14,4.047,0.0,0.0,0.0,0.589,0.0,0.0,-0.566,0.203,1.752,-0.161,2.975157239240048,R802M
6.124,0.685,-8.366,-0.011,-0.205,0.37,4.208,0.327,0.0,0.0,0.589,0.0,-0.009,-2.731,-0.08,-1.549,0.639,-0.0090434243862773,R802P
-0.845,-0.024,0.82,0.009,0.068,-0.049,0.308,0.0,0.0,0.0,0.0,0.0,0.0,0.026,0.322,-0.339,0.172,0.4685340832305655,V801I
8.206,-0.097,-7.713,-0.015,-0.33,0.47,4.666,0.0,0.0,0.0,0.589,0.0,0.01,-2.848,0.919,0.892,0.826,5.57571044114934,R802G
0.417,-0.004,0.078,-0.006,-0.036,0.083,-0.636,0.0,0.0,0.0,0.0,0.0,0.0,-0.506,-0.069,0.424,-0.01,-0.2633796622545787,K799S
-3.337,1.283,0.835,0.013,0.144,-0.137,-0.279,0.0,0.0,0.0,0.0,0.0,0.0,0.988,-0.225,2.975,0.164,2.4252672050265573,K799W
7.332,-0.111,-8.112,-0.013,-0.33,0.342,4.627,0.0,0.0,0.0,0.589,0.0,0.0,-2.848,0.271,1.419,0.01,3.175624058532776,R802A
6.822,-0.087,-5.96,-0.012,-0.277,0.226,3.934,0.0,0.0,0.0,0.589,0.0,0.0,-2.444,0.312,-0.195,0.153,3.0618887393326304,R802S
0.822,48.09280416914316,-7.478,0.017,-0.218,0.81,4.44,0.0,0.0,0.0,0.589,0.0,0.0,1.823,0.093,1.313,-0.092,48.24494739704404,R802F
1.262,-0.102,3.76,-0.012,0.326,0.185,-2.664,0.0,0.0,0.0,0.0,-1.511,0.022,2.102,1.373,-4.789,1.072,1.024314702852621,V801D
3.713,0.799,-7.761,0.013,-0.264,0.466,4.26,0.0,0.0,0.0,0.589,0.0,-0.072,-2.315,-0.061,2.398,0.045,1.810295945591406,R802I
0.777,0.009,1.717,-0.004,0.164,0.15,0.151,0.0,0.0,0.0,0.0,0.0,0.022,1.667,0.418,-3.358,0.331,2.045594356751735,V801K
-4.116,9.82,-0.8,0.003,0.043,0.052,0.035,0.0,0.0,0.0,0.0,0.0,0.086,0.874,1.257,0.526,1.158,8.938595081505241,G800A
-0.28,45.51677828450292,0.124,-0.017,-0.091,0.525,0.899,46.85682371644039,0.0,1.578,0.0,0.0,0.0,-0.304,6.831,-4.286,4.462,49.89569652464821,V801P
4.854,-0.017,-7.334,-0.012,-0.301,0.5,4.062,0.0,0.0,0.0,0.589,0.0,0.0,-2.093,0.336,3.349,-0.123,3.809218536817525,R802C
3.458,-0.143,-0.196,-0.021,-0.21,0.362,0.225,0.0,0.0,0.0,0.0,0.0,-0.047,-0.305,1.051,-1.845,1.554,3.882578273120544,V801G
-5.971,9.873,0.428,0.003,0.325,0.254,0.786,0.0,0.0,0.0,0.0,0.0,0.022,1.901,0.059,-1.425,0.159,6.4151670640234215,V801F
-8.656,49.99999999164353,-2.98,0.049,0.329,-0.71,4.973,0.0,0.0,0.0,-0.002,1.578,0.16,6.062,1.6,1.505,1.752,49.99999999333651,G800I
2.659,-0.128,0.94,-0.02,-0.187,0.175,-0.393,0.0,0.0,0.0,0.0,0.0,0.022,0.327,0.208,-2.933,0.437,1.1075110167757884,V801S
-5.478,21.286,0.942,0.01,0.176,0.428,-1.693,0.0,0.0,0.0,-0.002,0.0,0.086,3.439,0.977,2.456,1.097,23.72429999677547,G800C
0.873,0.066,0.644,-0.017,-0.042,-0.03,-0.229,0.0,0.0,0.0,0.0,0.0,0.022,0.137,0.404,0.612,0.659,3.10004009782972,V801C
0.365,0.202,0.411,-0.006,-0.165,0.586,0.216,0.0,0.0,0.0,0.0,0.0,0.022,-0.166,0.532,-0.982,0.494,1.5107235969927617,V801L
-0.06,0.966,5.078,-0.01,0.313,0.199,-4.0,0.0,0.0,0.0,0.0,-1.153,0.022,2.741,0.454,-5.368,0.454,-0.3626005297227266,V801E
0.0,0.0,0.0,0.0,0.0,0.0,0.0,0.0,0.0,0.0,0.0,0.0,0.0,0.0,0.0,0.0,0.0,0.0,G800G
3.613,0.046,-1.935,-0.001,0.145,0.009,-0.814,0.0,0.0,0.0,0.589,0.0,0.0,0.612,0.093,-0.62,0.022,1.7578242294699749,R802K
-7.981,49.80228504775312,-1.158,0.025,0.205,0.487,-1.569,0.0,0.0,0.0,-0.002,0.0,0.16,2.999,1.387,1.844,1.575,49.7856154544091,G800V
0.461,0.123,2.06,-0.015,-0.029,0.003,-0.237,0.0,0.0,0.0,0.0,0.0,0.022,2.139,0.382,-4.094,0.305,1.1210812285737577,V801Q
1.055,-0.031,1.126,-0.012,0.034,-0.127,-0.3,0.0,0.0,0.0,0.0,0.0,0.022,0.028,0.007,-1.491,0.045,0.3570597994428226,V801T
-17.276,48.9399531216615,10.045,0.105,0.451,2.494,-2.877,0.0,0.0,0.0,0.376,0.0,0.086,9.381,1.089,-0.216,1.157,49.124085328751875,G800Y
0.0,0.0,0.0,0.0,0.0,0.0,0.0,0.0,0.0,0.0,0.0,0.0,0.0,0.0,0.0,0.0,0.0,0.0,V801V
0.161,49.57072254847027,-5.808,0.015,-0.196,0.787,3.997,0.0,0.0,0.0,0.589,0.0,0.0,1.672,0.126,0.676,-0.074,49.60272771957852,R802Y
-3.311,0.149,4.426,-0.013,0.87,0.806,-1.07,0.0,0.0,0.0,-0.749,0.0,0.022,2.592,0.229,-2.944,0.242,1.250985262389122,V801H
5.329,-0.161,-6.157,-0.007,-0.125,0.6,4.207,0.0,0.0,0.0,0.589,-1.723,0.0,0.276,0.162,-1.357,-0.027,1.6048279297573345,R802Q
-16.034,48.78825828988269,7.0,0.091,0.446,2.214,-1.972,0.0,0.0,0.0,0.38,0.0,0.086,8.987,1.143,0.42,1.352,48.97021309481129,G800F
-3.497,22.668,-0.914,0.012,0.329,1.311,-1.17,11.087,0.0,0.0,0.0,0.0,0.202,1.948,1.003,-2.442,1.407,31.943308777103084,G800P
-12.571,43.6025610587523,8.902,0.021,0.728,0.326,2.291,0.0,0.0,0.0,1.207,0.0,0.086,7.756,1.121,-1.513,1.039,45.51660164478773,G800K
-6.67,46.76920319755079,14.385,0.029,0.487,1.424,-4.513,0.0,0.0,0.0,0.38,0.0,0.086,10.404,0.205,-2.944,-0.051,48.07078012898325,G800D
4.251,0.601,-8.589,0.004,-0.287,0.402,4.266,0.0,0.0,0.0,0.589,0.0,-0.072,-2.607,-0.049,2.737,0.015,1.260422547333974,R802V
3.293,9.677,-4.766,0.005,0.178,0.314,3.275,0.0,0.0,0.0,0.589,-0.409,0.0,2.669,0.091,-0.206,-0.016,14.694752532532677,R802H
-12.184,49.99735175016518,4.466,0.031,0.288,0.942,-2.281,0.0,0.0,0.0,0.38,0.0,0.086,4.748,1.043,0.863,0.864,49.997270803979454,G800L
-11.194,41.54753321425013,2.053,0.028,0.352,0.21,-1.414,0.0,0.0,0.0,-0.002,0.0,0.086,7.59,1.128,0.859,1.172,41.81244724810585,G800M
-23.055,49.832321698012386,6.879,0.042,0.578,0.57,-2.464,0.0,0.0,0.0,0.38,0.0,0.086,10.72,1.231,1.462,2.142,49.822495282311536,G800W
-14.858,47.17092022188611,13.069,0.038,0.549,0.305,-3.154,0.0,0.0,0.0,0.38,0.0,0.086,8.513,0.919,-1.099,1.106,47.74827923423274,G800H
4.501,-0.082,-4.713,-0.008,-0.104,0.298,4.956,0.0,0.0,0.0,0.589,0.0,0.0,-0.577,0.299,-1.246,0.257,4.169714690759292,R802N
-10.319,41.038,7.247,0.015,0.452,0.638,-1.088,0.0,0.0,0.0,-0.002,0.0,0.086,5.872,1.129,-2.25,1.222,44.04092918527647,G800Q
-1.504,3.905,1.372,0.005,0.331,0.13,0.206,0.0,0.0,0.0,0.0,0.0,0.022,3.226,-0.026,-2.061,0.146,5.754638216699959,V801Y
-9.412,6.305,2.825,-0.001,0.461,0.799,0.857,0.0,0.0,0.0,0.0,0.0,0.022,2.011,0.198,-0.382,0.608,4.292340616738329,V801W
7.954,-0.166,-4.124,-0.017,-0.199,0.466,5.36,0.0,0.0,0.0,0.589,0.0,0.0,-0.916,0.304,-2.051,0.199,7.398327374782184,R802D
0.0,0.0,0.0,0.0,0.0,0.0,0.0,0.0,0.0,0.0,0.0,0.0,0.0,0.0,0.0,0.0,0.0,0.0,R802R
-3.814,46.769578346454566,1.933,0.015,0.297,0.701,-1.354,0.0,0.0,0.0,-0.002,0.0,0.086,2.431,0.204,0.353,0.398,46.92198725338757,G800T
-4.939,8.481,6.902,0.004,0.034,-0.282,-1.212,0.0,0.0,0.0,-0.002,0.0,0.086,2.916,0.477,-1.088,0.474,11.851753785790493,G800S
1.75,-0.765,-0.43,0.018,-0.051,0.291,-0.152,0.0,0.0,0.0,0.0,0.0,0.062,-1.673,0.253,0.646,0.381,0.3293344171131593,M804I
1.751,49.974490005093735,-2.063,-0.001,-0.308,1.149,-0.762,49.995251456314996,0.0,0.0,0.0,0.0,0.112,-1.242,6.328,-0.303,10.878,49.99999934915091,N805P
2.806,-0.788,-0.882,-0.007,-0.129,0.3,-0.063,0.0,0.0,0.0,0.0,0.0,0.0,-1.203,0.158,1.597,-0.016,1.7730563491268183,M804C
0.555,0.456,-2.533,0.164,-0.263,0.714,0.537,0.0,0.0,0.0,0.0,0.0,0.143,-1.835,3.341,3.982,10.209,15.468658334659835,N805V
5.954,-0.8,-1.003,-0.013,-0.195,0.596,-0.112,0.0,0.0,0.0,0.0,0.0,0.086,-2.747,0.412,-0.86,0.579,1.898039861564598,M804G
-3.201,0.692,3.984,0.011,0.248,-0.257,-1.703,0.0,0.0,0.0,0.0,0.0,0.034,1.777,0.53,-1.513,0.423,1.0241923216293571,G807K
0.331,-0.025,-0.282,-0.005,-0.31,0.012,-0.041,0.0,0.0,0.0,0.0,0.0,0.0,-2.475,0.254,4.049,0.128,1.638303139450386,E808A
0.0,0.0,0.0,0.0,0.0,0.0,0.0,0.0,0.0,0.0,0.0,0.0,0.0,0.0,0.0,0.0,0.0,0.0,E808E
4.747,-0.798,0.445,-0.008,0.077,0.394,0.158,0.0,0.0,0.0,0.0,0.0,0.0,-1.246,-0.12,-3.804,0.037,-0.1165304390056007,M804D
0.0,0.0,0.0,0.0,0.0,0.0,0.0,0.0,0.0,0.0,0.0,0.0,0.0,0.0,0.0,0.0,0.0,0.0,M804M
0.0,-0.004,-0.018,0.001,-0.168,0.006,0.037,0.0,0.0,0.0,0.0,0.0,0.0,-1.476,-0.017,2.009,0.022,0.3932547213820498,E808K
4.231,-0.798,-0.396,0.007,-0.15,0.329,-0.289,0.0,0.0,0.0,0.0,0.0,0.0,-2.652,-0.162,0.004,0.113,0.2370369162985071,M804L
4.289,-0.798,0.008,-0.004,-0.018,0.408,-0.256,0.0,0.0,0.0,0.0,0.0,0.0,-0.855,-0.083,-2.372,0.134,0.4517825072737196,M804K
-2.825,1.328,1.928,0.02,0.211,-0.285,-0.683,0.0,0.0,0.0,0.0,0.0,0.034,1.879,0.605,0.42,0.516,3.14789837186504,G807F
4.395,-0.798,0.014,-0.009,0.148,0.344,-0.258,0.0,0.0,0.0,0.0,0.0,0.0,-0.838,-0.221,-1.958,0.11,0.9302422027266176,M804H
-0.834,23.492,0.434,0.019,0.283,0.899,4.613,4.703,0.0,0.0,1.752,-1.541,0.112,2.852,-0.393,-2.442,0.718,34.66663307699548,G807P
-1.162,1.068,1.977,0.001,0.021,-0.481,-1.068,0.0,0.0,0.0,0.0,0.0,0.034,1.663,-0.254,-1.088,-0.196,0.5137098662366952,G807S
5.147,-0.799,-1.235,-0.011,-0.195,0.433,-0.156,0.0,0.0,0.0,0.0,0.0,0.0,-2.747,-0.32,-0.333,-0.291,-0.5077487913353025,M804A
-4.757,6.481,4.644,0.019,0.109,0.195,1.36,0.0,0.0,0.0,0.581,0.0,0.06,2.079,1.055,1.844,0.853,14.522967888978997,G807V
4.569,-0.798,0.216,-0.006,0.039,0.243,0.017,0.0,0.0,0.0,0.0,0.0,0.0,-1.176,0.117,-2.998,0.329,0.5535224937368639,M804N
3.988,-0.798,-0.214,0.01,0.012,0.412,-0.39,0.0,0.0,0.0,0.0,0.0,0.0,-0.663,0.015,-1.076,0.16,1.457129241903658,M804Y
-1.038,8.519,0.671,0.017,0.299,0.015,-0.84,0.0,0.0,0.0,0.0,0.0,0.086,2.237,3.677,0.859,5.139,19.63992228660436,G809M
0.048,-0.025,0.504,-0.003,-0.019,0.013,-0.386,0.0,0.0,0.0,0.0,0.0,0.0,-0.102,-0.157,0.578,0.111,0.5638033815416748,E808D
-2.444,0.879,1.821,0.016,0.041,-0.235,-0.175,0.0,0.0,0.0,0.0,0.0,0.034,0.08,0.462,0.863,0.378,1.7188593688410947,G807L
-1.338,0.432,0.883,0.003,-0.145,0.365,2.148,0.0,0.0,0.0,0.0,0.0,0.0,-0.829,0.792,0.625,0.507,3.443285422103486,N805K
0.0,0.0,0.0,0.0,0.0,0.0,0.0,0.0,0.0,0.0,0.0,0.0,0.0,0.0,0.0,0.0,0.0,0.0,G807G
3.932,-0.798,-0.266,0.011,0.002,0.435,-0.263,0.0,0.0,0.0,0.0,0.0,0.0,-0.683,-0.015,-0.44,0.1,2.015252953664572,M804F
-1.849,1.057,1.421,0.001,0.009,-0.264,-0.674,0.0,0.0,0.0,0.0,0.0,0.034,0.498,0.388,2.456,0.089,3.166816367013439,G807C
11.239,-2.017,-0.769,-0.019,-0.086,0.302,0.158,0.0,0.0,0.0,0.0,0.0,-0.046,-0.696,1.525,-0.864,2.314,11.042739661534824,L806G
-0.098,0.1,-0.981,-0.003,-0.184,0.038,-0.204,0.55,0.0,0.0,0.0,0.0,0.015,-2.193,-0.097,1.081,0.09,-1.8855867818058407,E808P
-0.996,0.873,0.296,0.001,0.0,-0.279,0.059,0.0,0.0,0.0,0.0,0.0,0.034,0.0,0.479,0.526,0.402,1.3937651414000811,G807A
-2.487,1.01,2.444,0.003,0.35,-0.47,-0.87,0.0,0.0,0.0,0.0,0.0,0.034,1.929,0.343,-1.099,0.213,1.399571352370231,G807H
3.074,1.125,-1.108,-0.009,-0.11,0.553,-0.406,0.09,0.0,0.0,0.0,0.0,0.012,-2.451,-1.136,-3.301,0.025,-3.6413965874842233,M804P
-2.179,1.055,2.846,0.008,0.611,-0.415,0.293,0.0,0.0,0.0,0.0,0.0,0.034,2.6,0.547,-3.523,0.393,2.2684776965547826,G807E
-0.431,-0.015,0.205,0.014,-0.214,0.006,0.064,0.0,0.0,0.0,0.0,0.0,0.0,-0.879,0.014,3.306,-0.134,1.938055291807245,E808Y
3.003,-0.78,0.168,0.017,0.095,0.234,-0.223,0.0,0.0,0.0,0.0,0.0,0.0,-0.64,-0.205,0.603,0.06,2.33182132519471,M804W
4.52,-0.798,0.613,-0.007,0.066,0.283,-0.333,0.0,0.0,0.0,0.0,0.0,0.0,0.067,-0.148,-4.382,0.061,-0.0570548457084214,M804E
-0.428,-0.015,0.231,0.015,-0.25,0.006,0.061,0.0,0.0,0.0,0.0,0.0,0.0,-0.817,0.017,3.942,-0.13,2.633574212006465,E808F
4.818,-0.25,-3.285,-0.009,-0.446,0.747,0.201,0.0,0.0,0.0,0.0,0.0,0.0,-3.14,1.156,2.664,0.893,3.3480302562904853,N805A
2.733,0.045,-1.618,0.011,-0.131,0.244,-0.036,0.0,0.0,0.0,0.0,0.0,0.062,-2.094,0.192,0.985,0.301,0.6940687495650764,M804V
-2.095,0.397,2.71,0.007,0.246,-0.376,-1.075,0.0,0.0,0.0,-0.786,0.0,0.034,3.451,0.139,-2.139,-0.046,0.4669006255029444,G807N
0.491,-0.026,-0.268,-0.007,-0.31,0.028,-0.043,0.0,0.0,0.0,0.0,0.0,0.027,-2.475,1.06,3.522,0.992,2.9942163047479653,E808G
-1.879,0.4,3.364,0.005,0.302,-0.245,-2.043,0.0,0.0,0.0,-0.932,0.0,0.034,2.986,0.102,-2.944,-0.169,-1.0201521143693526,G807D
5.084,-0.799,-0.231,-0.011,-0.171,0.365,-0.229,0.0,0.0,0.0,0.0,0.0,0.0,-1.995,-0.261,-1.948,0.002,-0.1912329791909996,M804S
4.478,-0.799,0.229,-0.004,0.329,0.269,-0.471,0.0,0.0,0.0,0.0,0.0,0.0,-0.211,-0.005,-3.109,0.159,0.8664159756483514,M804Q
-5.183,5.18,5.723,0.027,0.158,0.143,1.515,0.0,0.0,0.0,0.581,0.0,0.06,2.121,1.387,1.505,0.977,14.1962233988163,G807I
0.033,-0.015,-0.223,-0.004,-0.28,0.009,0.01,0.0,0.0,0.0,0.0,0.0,0.0,-2.189,0.032,5.979,-0.206,3.1482929208679025,E808C
0.246,-0.025,-0.012,-0.005,-0.254,-0.052,0.039,0.0,0.0,0.0,0.0,0.0,0.0,-2.2,0.25,2.434,0.242,0.6659377529190351,E808S
-0.245,0.062,-0.231,0.018,-0.241,-0.019,0.091,0.0,0.0,0.0,0.0,0.0,-0.033,-2.229,-0.433,5.028,-0.258,1.5122391323847069,E808I
0.884,0.246,-1.95,-0.003,-0.307,0.668,0.24,0.0,0.0,0.0,0.0,0.0,0.0,-1.897,0.999,4.595,1.195,4.6686330009791845,N805C
-3.181,1.206,2.266,0.018,0.238,-0.486,-0.477,0.0,0.0,0.0,0.0,0.0,0.034,1.592,0.622,1.462,0.712,4.0057247508689215,G807W
-4.087,1.692,1.529,0.01,0.131,-0.462,-0.316,0.0,0.0,0.0,0.0,0.0,0.034,1.732,0.637,0.859,0.381,2.139162801938141,G807M
-2.151,0.9,-1.902,0.006,-0.218,0.727,0.32,0.0,0.0,0.0,0.0,0.0,0.0,0.235,1.155,2.997,1.301,3.3703735650428825,N805M
-1.852,0.027,-0.111,0.005,-0.157,-0.15,0.002,0.0,0.0,0.0,0.0,0.0,0.0,-0.075,0.159,4.381,-0.079,2.1519640570049887,E808M
5.266,-0.537,1.356,-0.021,-0.043,0.235,0.173,0.0,0.0,0.0,0.0,0.0,0.0,-0.773,0.059,-0.337,-0.251,5.12659396715992,L803A
0.015,-0.025,0.18,-0.002,-0.056,-0.135,-0.141,0.0,0.0,0.0,0.0,0.0,0.0,-0.34,-0.008,1.384,0.196,1.0716187909264363,E808N
0.669,0.002,-0.667,-0.006,0.054,0.351,-0.13,0.0,0.0,0.0,0.0,0.0,0.0,-1.551,0.507,1.039,0.264,0.5304649653024853,N805H
-0.44,0.038,0.666,-0.001,0.072,-0.009,0.039,0.0,0.0,0.0,0.0,0.0,0.0,-1.179,-0.032,2.423,-0.003,1.5745864230672169,E808H
-2.851,0.855,3.036,0.008,0.559,-0.304,-0.666,0.0,0.0,0.0,0.0,0.0,0.034,1.872,0.47,-2.25,0.411,1.175139402019454,G807Q
3.198,-0.757,-0.334,0.002,-0.101,0.344,-0.367,0.0,0.0,0.0,0.0,0.0,0.0,-1.552,0.164,-0.506,0.414,0.5042137258654975,M804T
-0.183,-0.025,-0.174,0.012,-0.255,-0.04,-0.038,0.0,0.0,0.0,0.0,0.0,0.0,-1.819,-0.218,4.386,-0.09,1.557411228115484,E808L
-2.532,10.023,2.05,0.014,0.355,-0.177,-1.216,0.0,0.0,0.0,0.0,0.0,0.086,1.201,3.002,-1.513,3.328,14.6207817602251,G809K
-0.061,0.412,-2.834,0.014,-0.105,0.447,0.078,0.0,0.0,0.0,0.0,0.0,0.0,-0.819,0.751,2.558,0.443,0.8845897890514607,N805F
0.008,-0.005,-0.062,0.001,-0.12,0.0,0.018,0.0,0.0,0.0,0.0,0.0,0.0,-0.103,0.038,1.273,0.009,1.0580539577864556,E808Q
-0.039,0.272,0.639,0.001,0.045,0.26,-0.617,0.0,0.0,0.0,0.0,0.0,0.0,0.513,1.083,-1.385,0.781,1.5525181152808043,N805E
0.001,-0.006,-0.011,0.005,-0.077,0.006,0.037,0.0,0.0,0.0,0.0,0.0,0.0,-0.862,-0.09,2.629,-0.056,1.576905602513989,E808R
-2.563,0.349,2.375,0.009,0.112,0.256,0.817,0.0,0.0,0.0,0.0,0.0,0.0,-0.417,0.78,1.245,0.561,3.523839795537242,N805R
3.439,-0.052,-0.052,-0.006,-0.109,0.475,-2.436,0.0,0.0,0.0,0.0,0.0,0.0,-1.449,0.55,-0.806,0.385,-0.0624205411554612,N805D
2.888,0.021,6.044,-0.022,0.079,0.532,-1.509,0.0,0.0,0.0,0.0,0.0,0.0,1.619,0.001,-4.386,-0.079,5.18593519804233,L803E
-2.408,1.06,3.447,0.013,0.383,0.04,-2.923,0.0,0.0,0.0,0.0,-1.386,0.034,1.314,0.46,-0.893,0.353,-0.5063608291761739,G807R
5.832,-0.957,-2.609,-0.011,-0.446,0.728,0.564,0.0,0.0,0.0,0.0,0.0,0.743,-3.14,-0.419,2.138,-0.114,2.308691216869761,N805G
-1.186,2.774,-2.385,0.011,-0.219,0.523,0.436,0.0,0.0,0.0,0.0,0.0,0.0,-1.588,1.275,3.001,0.862,3.5031249334583663,N805L
-0.042,0.058,-0.136,0.001,-0.256,-0.06,-0.159,0.0,0.0,0.0,0.0,0.0,0.0,-2.431,0.017,3.876,0.119,0.9890409003506876,E808T
4.26,9.084,-0.853,0.001,-0.036,0.645,0.489,0.0,0.0,0.0,0.0,0.0,-0.083,0.268,-0.095,0.981,-0.21,14.452051495610815,L806V
-2.085,1.643,3.165,0.007,0.051,-0.564,-0.675,0.0,0.0,0.0,0.358,0.0,0.034,0.369,-0.284,0.353,-0.189,2.18481002461192,G807T
-0.428,0.339,-2.156,0.193,-0.225,0.689,0.501,0.0,0.0,0.0,0.0,0.0,0.143,-0.362,3.296,3.644,10.239,15.870984107679874,N805I
-1.241,13.492,1.978,0.003,0.314,-0.337,-1.04,0.0,0.0,0.0,0.0,0.0,0.086,2.267,2.903,-2.944,3.203,18.682813926611857,G809D
-6.474,49.99601121937523,1.508,0.019,0.14,0.331,-0.566,0.0,0.0,0.0,0.0,0.0,0.0,4.712,0.361,-1.08,0.03,49.99584586943335,L806Y
1.645,36.694,0.209,0.032,-0.003,0.725,-0.263,0.0,0.0,0.0,0.0,0.0,-0.083,1.485,-0.232,0.642,-0.35,40.50361085182215,L806I
-11.789,49.99999984569733,0.575,0.048,0.285,-0.022,-1.266,0.0,0.0,0.0,0.0,0.0,0.0,7.341,0.216,0.599,0.536,49.99999982268218,L806W
-2.936,1.214,2.139,0.02,0.219,-0.358,-0.459,0.0,0.0,0.0,0.0,0.0,0.034,1.836,0.601,-0.216,0.58,2.674042957678921,G807Y
-1.832,13.569,0.62,0.002,0.015,0.093,-0.976,0.0,0.0,0.0,0.0,0.0,0.086,0.018,3.24,2.456,7.138,24.427426570903208,G809C
-3.858,12.157,1.445,0.022,0.284,-0.297,-1.072,0.0,0.0,0.0,0.0,0.0,0.086,1.676,3.108,0.42,3.128,17.098937460339243,G809F
-0.241,0.054,-0.341,0.009,-0.267,-0.029,0.038,0.0,0.0,0.0,0.0,0.0,-0.033,-2.468,-0.394,5.367,-0.232,1.4661472048622954,E808V
-1.098,8.418,1.061,0.02,0.576,0.064,-1.486,0.0,0.0,0.0,0.0,0.0,0.086,2.336,2.843,-0.893,2.879,14.805746199572924,G809R
4.505,-0.217,-1.75,-0.009,-0.414,0.485,0.13,0.0,0.0,0.0,0.0,0.0,0.0,-3.021,1.157,1.05,0.952,2.8662995352866574,N805S
4.191,-0.327,6.544,-0.001,0.588,0.311,0.405,0.0,0.0,0.0,0.589,-1.129,0.0,3.455,-0.088,-3.808,-0.069,10.6622863117085,L806D
2.869,-0.44,6.24,-0.017,0.22,-0.151,-0.189,0.0,0.0,0.0,0.0,0.0,0.0,1.289,0.016,-3.808,0.001,6.031054276495524,L803D
4.345,-0.798,0.128,0.002,0.126,0.395,-0.177,0.0,0.0,0.0,0.0,0.0,0.0,-0.87,-0.166,-1.753,0.08,1.3140661330422745,M804R
-1.247,15.134,1.04,0.006,0.783,-0.014,-0.367,0.0,0.0,0.0,0.0,0.0,0.086,4.034,3.792,-3.523,4.211,23.9342177050014,G809E
-0.151,-0.025,-0.142,0.012,-0.075,-0.035,0.035,0.0,0.0,0.0,0.0,0.0,0.0,-1.212,-0.115,4.985,-0.183,3.095290590770219,E808W
-0.631,11.651,-0.034,0.001,0.0,-0.018,-0.817,0.0,0.0,0.0,0.0,0.0,0.086,0.0,3.574,0.526,3.751,18.0901819119764,G809A
-2.084,11.097,0.866,0.025,0.321,-0.114,-0.594,0.0,0.0,0.0,0.0,0.0,0.086,2.532,2.608,1.462,5.588,21.79414205603689,G809W
-2.089,17.681,0.671,0.017,0.093,0.082,-0.889,0.0,0.0,0.0,0.0,0.0,0.086,0.12,3.761,0.863,4.496,24.89108311850748,G809L
-0.192,7.552,0.437,0.012,0.024,0.312,0.251,0.0,0.0,0.0,0.0,0.0,-0.045,0.744,0.136,0.642,0.08,9.953813312137411,L803I
-4.65,0.669,-0.503,0.036,0.026,0.34,0.193,0.0,0.0,0.0,0.0,0.0,0.0,0.092,0.843,3.601,1.332,1.9789698109177607,N805W
0.0,0.0,0.0,0.0,0.0,0.0,0.0,0.0,0.0,0.0,0.0,0.0,0.0,0.0,0.0,0.0,0.0,0.0,N805N
2.763,-0.46,-0.737,-0.005,-0.131,0.139,-0.146,0.0,0.0,0.0,0.0,0.0,0.0,-1.365,0.0,0.0,0.0,0.0589838540358869,L803L
0.0,0.0,0.0,0.0,0.0,0.0,0.0,0.0,0.0,0.0,0.0,0.0,0.0,0.0,0.0,0.0,0.0,0.0,G809G
-1.598,13.239,0.517,0.049,0.105,0.096,-0.828,0.0,0.0,0.0,0.0,0.0,0.102,1.114,4.713,1.505,10.684,29.698413094891748,G809I
-3.492,9.624,3.003,0.005,0.411,-0.653,-0.431,0.0,0.0,0.0,0.0,0.0,0.086,2.846,2.956,-1.099,2.937,16.1916684874883,G809H
2.495,-0.511,2.082,-0.021,-0.031,0.076,-0.583,0.0,0.0,0.0,0.0,0.0,0.0,-0.118,0.191,1.593,-0.037,5.137573959824749,L803C
-2.185,14.774,2.142,0.005,0.286,-0.485,-0.89,0.0,0.0,0.0,0.0,0.0,0.086,1.502,2.745,-2.139,2.668,18.50912323108662,G809N
-3.604,12.23,1.659,0.033,0.276,-0.279,-0.562,0.0,0.0,0.0,0.0,0.0,0.086,2.804,3.055,-0.216,4.02,19.503259339370288,G809Y
8.789,-1.439,-1.495,-0.018,-0.086,0.352,0.146,0.0,0.0,0.0,0.0,0.0,0.0,-0.696,0.808,-0.337,0.59,6.616785736361976,L806A
10.146,49.99923432860671,-4.64,-0.017,-0.2,0.728,4.549,6.776,1.053,0.0,0.589,-1.311,-0.331,-2.838,2.256,-3.305,6.936,49.999661308688104,L806P
-0.556,0.224,-0.087,0.001,-0.065,0.507,0.114,0.0,0.0,0.0,0.0,0.0,0.0,0.63,0.812,-0.111,0.496,1.963609355637459,N805Q
4.989,-1.519,0.63,-0.017,-0.056,0.123,-0.122,0.0,0.0,0.0,0.0,0.0,0.0,-0.114,0.326,1.593,0.199,6.034756797354362,L806C
-4.615,49.63469023006215,-2.117,0.019,0.132,0.451,-0.802,0.0,0.0,0.0,0.0,0.0,0.0,3.976,0.146,-0.444,-0.002,49.58413990291695,L806F
-0.62,0.619,8.33,-0.012,0.13,0.043,-0.942,0.0,0.0,0.0,-0.567,0.0,0.0,1.993,0.495,-3.113,0.2,6.558315443065453,L806Q
-0.024,-0.31,-2.374,0.018,-0.106,0.423,0.223,0.0,0.0,0.0,0.0,0.0,0.0,-0.61,0.917,1.922,0.557,0.6334228204574401,N805Y
3.933,-0.316,-1.918,0.119,-0.37,0.558,0.209,0.0,0.0,0.0,0.0,0.0,0.0,-2.006,2.223,2.492,3.22,8.142961710003874,N805T
-1.005,8.706,0.723,0.019,0.893,-0.005,-0.902,0.0,0.0,0.0,0.0,0.0,0.086,3.453,3.544,-2.25,4.351,17.612402760283658,G809Q
-1.034,12.413,4.632,-0.005,0.351,-0.469,-0.421,0.0,0.0,0.0,0.0,0.0,0.0,4.631,-0.02,-1.963,0.054,18.16915104047098,L803H
-1.361,15.211,0.229,0.032,0.038,0.195,-0.741,0.0,0.0,0.0,0.0,0.0,0.102,0.773,4.964,1.844,10.654,31.940315690756165,G809V
-1.109,1.786,2.13,0.003,0.068,0.137,-0.161,0.0,0.0,0.0,-0.018,0.0,0.086,0.212,2.848,-1.088,2.93,7.826234887943542,G809S
1.325,-0.873,10.32,-0.013,0.229,0.028,-0.853,0.0,0.0,0.0,0.0,0.0,0.0,2.65,0.53,-4.386,0.172,9.131326712601435,L806E
5.444,49.9760759029594,-2.588,-0.024,-0.027,0.85,5.951,22.045,0.0,0.863,0.589,-1.311,-0.039,-0.562,-0.739,-3.305,-0.326,49.99181544939921,L803P
-3.184,49.99660055742393,0.608,0.002,0.033,-0.054,-3.229,49.24464844461756,0.0,0.0,0.0,0.0,0.102,0.548,7.712,-2.442,10.949,49.99998336659371,G809P
0.0,0.0,0.0,0.0,0.0,0.0,0.0,0.0,0.0,0.0,0.0,0.0,0.0,0.0,0.0,0.0,0.0,0.0,D810D
-1.29,10.231,1.478,0.024,0.072,0.06,-1.178,0.0,0.0,0.0,0.0,0.0,0.086,1.829,3.264,0.353,3.193,18.12196296474565,G809T
7.142,-0.578,2.536,-0.023,-0.043,0.124,0.227,0.0,0.0,0.0,0.0,0.0,-0.06,-0.773,0.973,-0.864,0.761,9.421891939654984,L803G
0.0,0.0,0.0,0.0,0.0,0.0,0.0,0.0,0.0,0.0,0.0,0.0,0.0,0.0,0.0,0.0,0.0,0.0,L806L
1.971,5.338,-8.9,0.046,-0.191,0.635,6.403,0.0,0.0,0.0,1.752,-1.306,-0.014,1.328,0.497,4.449,0.356,12.366014972544347,D810I
1.61,-0.129,-2.293,-0.003,-0.246,-0.02,1.693,0.0,0.0,0.0,1.164,0.0,0.0,-0.847,-0.24,1.856,-0.225,2.3207226368299416,D810S
-8.173,48.70117904900923,12.397,0.015,0.493,0.717,1.354,0.0,0.0,0.0,0.0,0.0,0.0,5.492,0.384,-1.757,0.18,49.163073396571804,L806R
-1.768,45.891975316181,1.15,0.011,0.083,0.309,-0.159,0.0,0.0,0.0,0.0,0.0,0.0,3.101,0.112,-1.08,-0.036,46.155022686040866,L803Y
8.02,-1.556,-0.625,-0.018,0.223,0.363,3.56,0.0,0.0,0.0,0.589,-1.311,0.0,1.823,0.071,-3.002,0.022,8.16202929631902,L806N
0.003,-0.042,1.964,-0.006,-0.063,0.108,-0.199,0.0,0.0,0.0,0.0,0.0,0.0,1.324,0.326,-0.005,0.01,3.419912115498392,L803M
4.436,-0.871,-5.166,-0.004,-0.27,0.194,2.452,0.0,0.0,0.0,1.164,0.0,-0.007,-1.697,0.27,2.943,0.36,3.804515819682024,D810G
-3.174,7.629,12.338,0.003,0.269,0.333,1.986,0.0,0.0,0.0,0.0,0.0,0.0,2.346,0.51,-2.377,0.152,20.01819556242436,L806K
-0.116,-0.022,-3.799,-0.002,-0.259,0.113,1.978,0.0,0.0,0.0,1.164,0.0,0.0,-1.512,0.052,5.4,-0.243,2.7550800738426915,D810C
11.612,-1.439,-3.209,-0.021,-0.149,0.319,3.516,0.0,0.0,0.0,0.589,-1.311,0.0,-1.616,0.725,-1.952,0.346,7.413750602794948,L806S
-3.316,47.917,-0.734,0.006,0.165,-0.174,0.08,0.0,0.0,0.0,0.0,0.0,0.0,4.611,0.182,-0.444,-0.034,48.25996062515628,L803F
4.627,-0.812,3.94,-0.019,0.049,-0.124,0.334,0.0,0.0,0.0,0.0,0.0,0.0,-0.014,0.232,-3.002,0.242,5.452895342034708,L803N
0.875,0.509,4.328,0.011,0.49,-0.138,0.18,0.0,0.0,0.0,0.0,0.0,0.0,3.375,0.176,-3.113,0.062,6.755860398349114,L803Q
-1.449,-0.008,-1.195,0.004,0.069,0.05,0.723,0.0,0.0,0.0,-0.179,0.0,0.0,1.025,-0.162,1.845,-0.174,0.5507619510309496,D810H
-2.327,22.554,10.33,-0.014,0.228,-0.328,-0.492,0.0,0.0,0.0,-0.067,0.0,0.0,3.227,0.206,-1.963,0.252,31.61052093523688,L806H
-2.16,0.218,-3.162,0.031,-0.042,-0.193,2.083,0.0,0.0,0.0,1.164,0.0,0.0,1.67,-0.166,2.727,-0.164,2.008047275358308,D810Y
2.032,-0.237,-5.793,-0.003,-0.27,0.333,2.406,0.0,0.0,0.0,1.164,0.0,0.0,-1.697,-0.196,3.47,-0.23,0.9810214209951482,D810A
-2.788,0.371,-2.406,0.007,-0.259,-0.041,2.412,0.0,0.0,0.0,1.164,0.0,0.0,-0.537,-0.128,3.803,-0.249,1.3492552158430726,D810M
5.345,0.893,-2.682,-0.003,0.128,0.639,5.028,0.0,0.0,0.0,0.589,-1.311,0.0,1.094,0.574,-0.005,0.409,10.700606314418678,L806M
4.665,-0.529,4.198,-0.021,-0.018,-0.01,-0.774,0.0,0.0,0.0,0.0,0.0,0.0,0.02,0.138,-1.952,0.049,5.767099446113548,L803S
-2.344,5.446,-3.934,0.012,-0.213,-0.068,2.18,0.0,0.0,0.0,1.164,0.0,0.0,0.879,-0.326,3.807,-0.236,6.367343497362526,D810L
-0.306,1.086,6.991,0.006,0.245,-0.321,0.27,0.0,0.0,0.0,0.0,0.0,0.0,2.959,0.062,-2.377,-0.034,8.582125947342888,L803K
2.697,5.341,-10.413,0.029,-0.225,0.777,6.334,0.0,0.0,0.0,1.752,-1.306,-0.014,0.32,0.375,4.788,0.196,10.653035785075986,D810V
-1.714,1.983,1.357,0.002,-0.021,-0.067,-0.718,0.0,0.0,0.0,0.598,0.0,0.0,1.315,-0.166,-0.579,-0.173,1.818733948629756,D810E
2.112,6.963,1.306,0.003,0.002,0.367,0.155,0.0,0.0,0.0,0.0,0.0,-0.045,0.426,0.067,0.981,0.002,12.338476099158129,L803V
-0.613,-0.067,-1.873,0.009,-0.006,-0.064,2.809,0.0,0.0,0.0,1.164,0.0,0.0,-0.317,-0.164,1.431,-0.14,2.1690358667555074,D810K
4.921,3.901,2.549,-0.013,-0.028,0.324,-0.511,0.0,0.0,0.0,0.0,0.0,0.0,-0.313,0.529,-0.51,0.28,11.1290600468991,L806T
-2.346,49.99586699752614,-2.68,-0.001,-0.192,0.601,2.63,28.335,1.019,0.0,0.589,0.0,0.004,0.854,-0.676,0.502,11.071,49.999155747028354,D810P
-2.197,0.375,-3.125,0.027,-0.058,-0.188,1.88,0.0,0.0,0.0,1.164,0.0,0.0,1.507,-0.239,3.364,-0.163,2.3480059110273714,D810F
-0.4,-0.136,-1.34,0.015,-0.007,-0.249,1.273,0.0,0.0,0.0,-0.174,0.0,0.0,2.251,-0.001,0.805,0.108,2.146708618640673,D810N
-4.418,27.838,0.22,-0.011,0.018,0.006,-0.424,0.0,0.0,0.0,0.0,0.0,0.0,0.079,0.079,0.599,-0.04,23.94626893496695,L803W
-1.125,0.051,-1.321,0.011,0.008,-0.155,3.094,0.0,0.0,0.0,1.164,0.0,0.0,0.479,-0.233,2.051,-0.149,3.8750812848660416,D810R
3.955,5.24,-8.331,0.022,-0.215,0.667,5.591,0.0,0.0,0.0,1.752,-1.306,0.0,1.28,0.019,3.297,-0.003,11.969141552404722,D810T
-0.979,-0.088,-1.015,0.005,0.294,-0.401,2.476,0.0,0.0,0.0,1.164,0.0,0.0,0.34,-0.151,0.694,-0.154,2.186475238421849,D810Q
-3.625,0.25,-2.529,0.028,0.012,-0.128,2.023,0.0,0.0,0.0,1.164,0.0,0.0,1.197,-0.336,4.406,-0.083,2.3809719229443544,D810W
-0.946,2.908,5.385,-0.012,0.083,0.897,0.732,0.0,0.0,0.0,0.0,0.0,0.0,0.834,0.044,-1.757,-0.042,8.12713124359152,L803R
0.344,-0.197,-0.581,0.001,0.11,0.064,0.592,0.0,0.0,0.0,0.0,0.0,0.0,2.355,0.813,-2.603,0.574,1.4723221188194202,T811Q
-2.301,-0.127,2.462,0.013,0.573,0.109,0.028,0.0,0.0,0.0,-0.555,0.0,0.0,1.466,0.606,-1.247,0.506,1.5343022653113394,T811R
2.349,0.436,4.167,-0.018,0.051,-0.076,-0.658,0.0,0.0,0.0,0.0,0.0,0.0,1.568,0.138,-0.51,0.181,7.627374309287234,L803T
1.204,-0.229,-1.898,-0.005,-0.075,0.199,0.842,0.0,0.0,0.0,0.0,0.0,0.0,-0.035,1.027,0.172,1.08,2.2818753631829622,T811A
-1.399,-0.123,-0.461,0.015,0.168,0.142,0.701,0.0,0.0,0.0,0.0,0.0,0.0,1.496,0.368,-0.57,0.433,0.7705334615292259,T811Y
0.818,-0.076,-0.042,-0.005,-0.009,0.131,0.041,0.0,0.0,0.0,0.0,0.0,0.0,0.282,0.484,-1.442,0.514,0.6966868376001685,T811S
-1.322,-0.156,-0.545,0.015,0.169,0.146,0.89,0.0,0.0,0.0,0.0,0.0,0.0,1.556,0.452,0.066,0.459,1.7306858186142335,T811F
-2.285,0.084,0.185,0.016,0.205,0.023,0.482,0.0,0.0,0.0,0.0,0.0,0.0,1.681,0.701,1.109,1.108,3.310119501388044,T811W
-1.325,38.214693516410975,-1.145,-0.002,0.032,0.421,0.336,47.87142107154823,0.0,0.0,2.022,0.0,-0.064,-0.035,5.692,-2.795,4.69,49.788007726928655,T811P
0.297,-0.219,-1.001,-0.004,-0.066,0.061,0.651,0.0,0.0,0.0,0.0,0.0,0.0,0.211,0.571,2.103,0.835,3.4398919245364823,T811C
-0.057,-0.213,0.396,-0.001,0.142,-0.269,0.97,0.0,0.0,0.0,0.0,0.0,0.0,1.792,1.092,-2.493,0.866,2.225840125337072,T811N
5.509,-2.697,1.898,-0.02,-0.031,-0.061,0.032,0.0,0.0,0.0,0.0,0.0,0.0,-0.429,0.446,1.593,0.338,6.577659285791128,L812C
0.325,-0.197,-0.351,0.0,0.178,0.035,1.066,0.0,0.0,0.0,0.0,0.0,0.0,2.38,0.952,-3.877,0.705,1.216394514400804,T811E
0.0,0.0,0.0,0.0,0.0,0.0,0.0,0.0,0.0,0.0,0.0,0.0,0.0,0.0,0.0,0.0,0.0,0.0,T811T
-1.588,4.21,-0.861,0.021,0.023,-0.068,0.797,0.0,0.0,0.0,0.0,0.0,-0.03,0.033,0.368,1.151,0.292,4.3495920116191655,T811I
-1.113,-0.17,0.714,-0.002,0.332,-0.291,0.336,0.0,0.0,0.0,0.0,0.0,0.0,1.855,0.6,-1.453,0.495,1.3032150636296365,T811H
0.22,-0.217,1.035,-0.003,0.169,-0.303,2.116,0.0,0.0,0.0,0.0,0.0,0.0,2.594,1.391,-3.298,0.947,4.650418548706853,T811D
2.155,-0.261,-1.896,-0.007,-0.075,0.247,0.78,0.0,0.0,0.0,0.0,0.0,-0.061,-0.035,1.071,-0.354,1.251,2.8153339857376523,T811G
-0.552,-0.102,-0.857,0.009,-0.035,0.241,0.668,0.0,0.0,0.0,0.0,0.0,0.0,0.095,0.958,0.509,0.792,1.7268699235214626,T811L
-1.052,4.233,-1.528,0.012,-0.029,-0.053,0.679,0.0,0.0,0.0,0.0,0.0,-0.03,-0.034,0.144,1.49,0.19,4.023739441784073,T811V
-0.246,-0.182,-0.615,0.003,-0.066,0.124,0.493,0.0,0.0,0.0,0.0,0.0,0.0,0.909,0.81,0.505,0.881,2.617210677698949,T811M
0.318,30.87,-0.103,0.016,0.025,-0.127,-0.07,0.0,0.0,0.0,0.0,0.0,-0.028,-0.388,-0.397,0.642,-0.181,30.576462822940016,L812I
9.689,-2.934,0.677,-0.021,-0.059,0.136,0.102,0.0,0.0,0.0,0.0,0.0,0.0,-1.27,0.729,-0.337,0.632,7.343217270142759,L812A
0.31,-0.203,-0.5,0.001,0.035,0.083,0.65,0.0,0.0,0.0,0.0,0.0,0.0,0.887,0.816,-1.867,0.581,0.793475293945221,T811K
3.638,-2.579,7.373,-0.016,0.28,-0.39,-0.123,0.0,0.0,0.0,0.0,0.0,0.0,2.289,0.874,-3.002,0.41,8.75406142992756,L812N
3.713,20.894,-0.326,-0.004,-0.018,-0.088,-0.044,0.0,0.0,0.0,0.0,0.0,-0.028,-0.876,-0.408,0.981,-0.116,23.679895205120943,L812V
2.166,-0.517,10.595,-0.009,0.207,0.043,-0.325,0.0,0.0,0.0,0.0,0.0,0.0,2.177,0.517,-4.386,0.256,10.724583832320036,L812E
-5.815,49.16686209060614,12.979,0.019,0.423,0.747,1.231,0.0,0.0,0.0,0.0,0.0,0.0,6.4,0.372,-1.757,0.102,49.53557165707747,L812R
0.278,13.689,2.79,-0.004,0.009,0.418,0.81,0.0,0.0,0.0,0.0,0.0,0.0,1.557,0.392,-0.005,0.207,20.139494827952944,L812M
0.704,49.994665942940735,-3.904,0.094,0.227,0.286,2.851,0.0,0.0,0.0,0.521,-1.311,0.0,7.807,0.133,-0.444,-0.077,49.99595044466649,L812F
5.428,-2.295,9.637,-0.02,0.339,-0.255,0.485,0.0,0.0,0.0,0.0,0.0,0.0,2.134,1.119,-3.808,0.555,13.319772496608266,L812D
-0.735,17.595,13.174,0.0,0.147,0.422,1.42,0.0,0.0,0.0,0.0,0.0,0.0,2.116,0.509,-2.377,0.077,32.3481592476561,L812K
-0.396,16.491,6.797,-0.014,0.141,-0.5,0.551,0.0,0.0,0.0,0.0,0.0,0.0,5.623,0.51,-3.113,0.071,26.160917062732324,L812Q
0.0,0.0,0.0,0.0,0.0,0.0,0.0,0.0,0.0,0.0,0.0,0.0,0.0,0.0,0.0,0.0,0.0,0.0,L812L
-1.212,49.99998301856694,0.438,0.095,0.236,0.313,2.895,0.0,0.0,0.0,0.521,-1.311,0.0,8.028,0.178,-1.08,-0.039,49.99998818305393,L812Y
5.743,-0.714,3.401,-0.014,-0.009,-0.201,-0.723,0.0,0.0,0.0,0.0,0.0,0.0,-1.176,0.079,-0.51,0.221,6.096490250443367,L812T
12.173,-3.086,1.788,-0.023,-0.059,0.184,-0.096,0.0,0.0,0.0,0.0,0.0,-0.035,-1.27,1.535,-0.864,2.304,12.55168991506514,L812G
-2.768,31.448,9.685,-0.013,0.22,-0.608,0.689,0.0,0.0,0.0,0.0,0.0,0.0,2.924,0.353,-1.963,0.193,40.16159578588622,L812H
-3.939,49.99999999977357,-1.514,0.078,0.279,1.031,3.59,0.0,0.0,0.0,0.521,-1.311,0.0,5.346,0.3,0.599,0.43,49.99999999981765,L812W
8.856,-2.933,4.657,-0.02,-0.008,-0.363,-0.211,0.0,0.0,0.0,0.0,0.0,0.0,-0.702,0.716,-1.952,0.322,8.363209136221826,L812S
4.01,49.72531778069034,3.456,-0.02,0.013,0.09,1.026,48.02342319458999,0.0,1.435,0.0,0.0,0.029,0.059,4.983,-3.305,3.134,49.99694105098124,L812P
-1.866,41.48448810622774,0.936,-0.016,-0.041,0.2,1.221,48.053346618047115,0.0,1.237,0.0,0.0,0.044,2.447,4.211,-3.305,3.386,49.868401310048554,L813P
0.655,-0.124,1.992,-0.002,0.257,-0.33,0.514,0.0,0.0,0.0,0.0,0.0,0.0,1.15,0.133,-2.377,-0.047,1.821730835297444,L813K
2.616,-0.189,-0.243,-0.013,0.647,0.096,-0.101,0.0,0.0,0.0,0.0,0.0,0.0,1.859,0.098,-1.963,0.507,3.311323741311412,L813H
3.841,-0.193,-1.526,-0.017,-0.077,0.157,0.108,0.0,0.0,0.0,0.0,0.0,0.0,-0.185,0.737,-0.337,0.555,3.0608858092958826,L813A
-4.838,49.94052889424715,-0.627,0.004,0.098,-0.041,0.369,49.83988648272945,0.0,1.738,0.0,0.0,0.33,2.129,7.102,-2.968,17.126,49.99995784148592,A814P
0.21,-0.108,1.188,-0.01,-0.066,0.072,0.067,0.0,0.0,0.0,0.0,0.0,0.0,0.915,0.528,-0.005,0.685,3.4758163977977574,L813M
1.483,-0.177,2.011,-0.01,0.688,-0.036,-0.161,0.0,0.0,0.0,0.0,0.0,0.0,2.472,0.217,-4.386,0.089,2.1878937713353253,L813E
2.227,-0.146,-0.731,0.005,0.261,0.163,0.123,0.0,0.0,0.0,0.0,0.0,0.0,1.737,0.266,-0.444,0.314,3.77429027774906,L813F
0.117,0.187,-0.59,0.015,0.0,0.002,0.097,0.0,0.0,0.0,0.0,0.0,0.001,0.57,-0.192,0.642,-0.121,0.7261624908776412,L813I
1.697,-0.157,-0.091,-0.016,-0.065,-0.001,-0.33,0.0,0.0,0.0,0.0,0.0,0.0,0.003,0.382,1.593,1.242,4.256205662569869,L813C
1.416,-0.149,-1.188,0.003,-0.022,-0.027,0.161,0.0,0.0,0.0,0.0,0.0,0.001,-0.18,-0.118,0.981,-0.094,0.7838664999471803,L813V
1.908,-0.102,3.663,-0.014,0.224,-0.091,-0.891,0.0,0.0,0.0,0.0,0.0,0.0,1.855,0.241,-3.808,0.019,3.0034710061642045,L813D
5.33,-0.269,-0.773,-0.018,-0.077,0.336,0.055,0.0,0.0,0.0,0.0,0.0,0.033,-0.185,1.255,-0.864,1.545,6.367197182851669,L813G
-4.511,42.481,1.284,0.021,0.059,-0.155,-0.209,0.0,0.0,0.0,0.0,0.0,0.177,0.609,1.769,0.979,1.384,43.88995462385685,A814I
0.0,0.0,0.0,0.0,0.0,0.0,0.0,0.0,0.0,0.0,0.0,0.0,0.0,0.0,0.0,0.0,0.0,0.0,L813L
-2.407,0.264,4.414,0.005,0.245,-0.126,0.424,0.0,0.0,0.0,-1.549,0.0,0.0,2.37,0.598,-2.665,-0.016,1.5577744456002165,A814N
3.437,-0.17,1.106,-0.017,-0.052,-0.181,-0.33,0.0,0.0,0.0,0.0,0.0,0.0,0.393,0.601,-1.952,0.628,3.4625750414310232,L813S
-0.282,-0.093,3.101,-0.011,0.119,-0.241,0.426,0.0,0.0,0.0,0.0,0.0,0.0,2.243,0.213,-3.113,0.187,2.5489936224560097,L813Q
0.892,0.019,2.975,-0.012,0.188,-0.45,-0.116,0.0,0.0,0.0,0.0,0.0,0.0,1.55,0.487,-3.002,0.399,2.929196838869757,L813N
2.83,-0.195,0.74,-0.006,-0.01,-0.174,-0.228,0.0,0.0,0.0,0.0,0.0,0.0,0.053,0.222,-0.51,0.259,2.978033258918799,L813T
2.471,-0.171,0.305,-0.005,0.238,0.047,-0.001,0.0,0.0,0.0,0.0,0.0,0.0,1.407,0.21,-1.757,0.173,2.91675197599659,L813R
2.235,-0.147,-0.73,0.004,0.272,0.164,0.125,0.0,0.0,0.0,0.0,0.0,0.0,2.211,0.12,-1.08,0.148,3.320210173131158,L813Y
-2.009,0.411,1.498,0.001,0.02,0.17,-0.263,0.0,0.0,0.0,0.0,0.0,0.0,2.613,0.16,1.93,-0.327,4.206069766740939,A814C
-3.125,0.863,1.787,0.013,0.208,0.565,-0.136,0.0,0.0,0.0,0.0,0.0,0.0,2.603,0.301,0.599,1.007,4.684362847758052,L813W
-2.384,2.862,4.472,0.005,0.224,-0.49,1.893,0.0,0.0,0.0,0.0,0.0,0.0,4.485,0.725,-4.05,0.315,8.05894147027675,A814E
1.409,-0.294,0.695,-0.002,0.0,0.026,0.14,0.0,0.0,0.0,0.0,0.0,0.661,0.0,0.003,-0.527,0.372,2.48433940310872,A814G
-11.408,49.999999999999986,-0.412,0.067,0.509,-0.488,0.088,0.0,0.0,0.0,0.0,0.0,0.0,3.57,0.021,-0.107,-0.194,49.999999999999986,A814F
0.0,0.0,0.0,0.0,0.0,0.0,0.0,0.0,0.0,0.0,0.0,0.0,0.0,0.0,0.0,0.0,0.0,0.0,A814A
-2.012,0.194,5.814,0.003,0.306,-0.188,2.578,0.0,0.0,0.0,-1.018,0.0,0.0,1.917,0.491,-3.471,0.12,4.737124524947603,A814D
-2.828,37.273,1.694,0.009,0.072,-0.345,-0.079,0.0,0.0,0.0,0.0,0.0,0.0,0.361,0.79,-0.173,0.371,37.14544475239802,A814T
-4.377,7.721,1.9,0.016,0.032,0.098,-0.204,0.0,0.0,0.0,0.0,0.0,0.0,3.455,1.315,0.336,1.037,11.330894724581412,A814L
-2.288,1.799,1.61,0.004,-0.502,1.05,0.075,0.0,0.0,0.0,0.0,0.0,0.0,2.711,0.586,0.332,0.4,5.779519083839887,A814M
-0.804,1.203,3.229,0.001,0.07,-0.148,-0.528,0.0,0.0,0.0,0.0,0.0,0.0,0.402,-0.127,-1.615,-0.391,1.2936218686211305,A814S
-3.935,38.474985343714344,-0.071,0.017,0.055,0.081,-0.265,0.0,0.0,0.0,0.0,0.0,0.177,0.137,1.8,1.318,1.151,38.664388446222766,A814V
-4.981,1.181,5.708,0.004,0.194,0.333,-1.154,0.0,0.0,0.0,-0.321,0.0,0.0,3.73,0.134,-1.626,-0.119,3.0856116219772503,A814H
-13.202,49.99999999999991,2.322,0.057,0.804,-0.349,0.5,0.0,0.0,0.0,0.0,0.0,0.0,3.63,0.048,0.936,0.19,49.999999999999886,A814W
-2.445,1.404,4.128,0.006,0.082,0.149,-1.962,0.0,0.0,0.0,0.0,0.0,0.0,2.744,0.726,-2.04,0.3,3.0932806374172515,A814K
-2.811,2.479,4.227,0.006,0.121,-0.18,-1.666,0.0,0.0,0.0,0.0,0.0,0.0,4.763,0.607,-2.776,0.306,5.077202025143151,A814Q
0.232,0.533,3.003,0.011,0.387,0.914,-2.628,0.0,0.0,0.0,0.0,-0.908,0.0,2.662,0.351,-1.42,-0.022,3.117618899956369,A814R
-8.983,49.99999999999997,-0.08,0.03,0.687,-0.265,0.058,0.0,0.0,0.0,0.0,0.0,0.0,1.47,0.079,-0.743,-0.198,49.999999999999964,A814Y
-1.741,42.69963372618967,7.209,-0.023,0.235,0.116,0.53,0.0,0.0,0.0,0.0,0.0,0.021,5.326,0.787,-2.605,0.427,45.03922497719352,I815H
3.752,-0.849,3.055,-0.032,-0.024,-0.363,-0.328,0.0,0.0,0.0,0.0,0.0,0.021,-1.164,0.503,-1.152,0.437,3.855251204611477,I815T
0.0,0.0,0.0,0.0,0.0,0.0,0.0,0.0,0.0,0.0,0.0,0.0,0.0,0.0,0.0,0.0,0.0,0.0,I815I
0.908,-3.04,6.196,-0.007,0.574,-0.441,-0.871,0.0,0.0,0.0,0.0,0.0,0.021,6.912,0.961,-5.029,0.496,6.679946309091065,I815E
0.0,0.0,0.0,0.0,0.0,0.0,0.0,0.0,0.0,0.0,0.0,0.0,0.0,0.0,0.0,0.0,0.0,0.0,R817R
3.586,-0.959,2.27,-0.037,-0.047,-0.079,-0.073,0.0,0.0,0.0,0.0,0.0,0.021,-0.465,0.873,0.951,0.585,6.6270325367645455,I815C
7.737,-1.175,2.899,-0.039,-0.076,-0.161,0.1,0.0,0.0,0.0,0.0,0.0,-0.007,-1.228,2.016,-1.506,2.633,11.19352300962089,I815G
-7.778,49.27124960662199,0.213,-0.002,0.225,-0.365,-1.113,0.0,0.0,0.0,0.0,0.0,0.021,6.807,0.761,-0.043,0.682,49.25391233110988,I815W
2.246,15.226,3.372,-0.036,0.006,-0.277,0.386,49.105752337316424,0.0,0.0,0.0,0.0,0.06,0.069,5.563,-3.947,3.436,49.68339968984452,I815P
6.515,-1.171,2.132,-0.038,-0.076,-0.119,0.107,0.0,0.0,0.0,0.0,0.0,0.021,-1.228,1.19,-0.98,0.879,7.232021996114781,I815A
1.362,0.487,4.563,-0.019,0.198,-0.565,0.054,0.0,0.0,0.0,0.0,0.0,0.021,3.828,1.301,-3.644,0.631,8.21815151939802,I815N
5.822,-1.103,4.803,-0.04,0.048,-0.382,-0.193,0.0,0.0,0.0,0.0,-0.233,0.021,-0.623,1.169,-2.594,0.562,7.25673553648005,I815S
-1.535,7.652,-1.155,-0.002,0.007,-0.635,0.133,0.0,0.0,0.0,0.0,0.0,0.021,1.373,0.425,-0.643,0.24,5.881485514990118,I815L
-0.542,-0.462,1.13,-0.026,-0.052,-0.197,-0.121,0.0,0.0,0.0,0.0,0.0,0.021,0.154,0.834,-0.647,0.46,0.5535173573765633,I815M
3.604,-0.566,7.51,-0.035,0.217,-0.029,-1.183,0.0,0.0,0.0,0.0,0.0,0.021,0.77,1.537,-4.45,0.768,8.162881052883222,I815D
0.99,4.973,-4.353,0.022,-0.268,-0.168,1.129,0.0,0.0,0.0,1.164,0.0,0.024,3.926,0.094,2.398,0.026,9.95707620339806,R817I
2.31,-0.57,0.662,-0.025,-0.036,-0.164,-0.01,0.0,0.0,0.0,0.0,0.0,0.0,-1.198,-0.002,0.338,0.081,1.3867896609939407,I815V
-4.147,49.99429953096296,0.853,0.0,-0.004,0.167,0.379,0.0,0.0,0.0,0.0,0.0,0.021,6.221,0.577,-1.086,0.166,49.994973937957035,I815F
-0.728,1.594,7.724,-0.029,0.354,-0.079,-1.949,0.0,0.0,0.0,-1.368,0.0,0.021,1.666,0.952,-3.755,0.314,4.718926251195967,I815Q
-4.035,49.99490614696699,3.653,0.017,0.282,-0.694,1.725,0.0,0.0,0.0,1.164,0.0,0.021,11.212,0.628,-1.722,0.205,49.99690493295251,I815Y
-3.977,2.437,8.468,-0.023,0.162,0.47,0.746,0.0,0.0,0.0,0.0,0.0,0.021,2.218,0.816,-2.399,0.346,9.285546178494542,I815R
-0.849,-0.262,7.69,-0.007,0.264,0.061,0.949,0.0,0.0,0.0,0.0,0.0,0.021,2.402,0.951,-3.019,0.32,8.521293963810422,I815K
1.106,1.88,-4.692,0.006,-0.279,-0.013,1.025,0.0,0.0,0.0,1.164,0.0,0.0,-1.091,0.182,1.756,0.117,1.162883266838321,R817L
-10.352,49.6407972577495,3.289,0.042,0.716,0.098,-0.477,0.0,0.0,0.0,0.0,0.0,0.0,5.777,0.304,-0.107,0.396,49.63628901772367,A819F
-3.716,0.338,5.819,-0.044,-0.004,1.226,-0.528,0.0,0.0,0.0,-1.842,-1.54,0.0,-0.292,0.0,0.0,0.0,-0.584049703482151,N818N
0.329,-0.254,-1.279,-0.054,-0.447,1.739,-0.409,0.0,0.0,0.0,-1.842,-1.354,0.0,-2.441,0.901,2.664,0.916,-1.5307219884866754,N818A
2.921,0.301,-1.872,-0.009,-0.232,-0.323,0.3,0.0,0.0,0.0,1.164,0.0,0.0,-1.533,-0.128,1.246,-0.094,1.7433524435878098,R817T
6.339,-0.239,-4.001,-0.014,-0.307,-0.187,1.1,0.0,0.0,0.0,1.164,0.0,0.049,-1.197,0.915,0.892,1.402,5.916085613444466,R817G
0.028,2.565,-0.878,0.002,0.222,0.21,-0.117,0.0,0.0,0.0,0.0,0.0,0.0,0.338,-0.598,1.93,0.024,3.725374655293649,A816C
1.998,-1.826,-3.387,0.009,-0.029,-0.748,0.986,0.0,0.0,0.0,1.164,0.0,0.0,4.623,0.183,-1.357,0.012,1.63047729450534,R817Q
1.518,12.72,-3.209,-0.011,-0.201,0.263,1.428,45.867640721896734,0.0,0.383,1.164,0.0,0.158,-1.546,5.983,-1.549,5.385,48.2768678963506,R817P
-1.838,29.476,-5.277,0.007,-0.113,-0.213,1.013,0.0,0.0,0.0,1.164,0.0,0.0,1.337,-0.151,1.313,-0.144,26.57423984493323,R817F
2.315,-0.172,-1.39,-0.01,-0.086,-0.12,1.272,0.0,0.0,0.0,1.164,0.0,0.0,0.059,0.776,-1.246,0.586,3.150176734617389,R817N
1.409,0.053,-3.347,-0.007,-0.241,0.018,0.918,0.0,0.0,0.0,1.164,0.0,0.0,-0.42,0.157,1.752,0.27,1.728124906520634,R817M
-1.803,1.012,4.824,0.012,1.374,0.246,1.331,0.0,0.0,0.0,0.0,0.0,0.0,4.048,0.271,-4.05,-0.129,7.138107836108361,A816E
1.077,1.387,-4.619,0.004,-0.286,-0.086,0.876,0.0,0.0,0.0,1.164,0.0,0.024,-1.199,-0.177,2.737,-0.135,0.7685607360588165,R817V
5.135,-0.282,-4.362,-0.014,-0.319,0.02,1.222,0.0,0.0,0.0,1.164,0.0,0.0,-1.547,0.341,1.419,0.526,3.303497509257681,R817A
-3.397,2.767,1.031,-0.059,-0.978,1.921,-0.908,0.0,0.0,0.0,-1.842,-0.905,0.0,-4.262,0.221,5.979,0.053,-0.3778551598962849,E821C
-4.909,4.508,5.957,0.012,-0.216,0.277,-0.148,0.0,0.0,0.0,0.0,0.0,0.0,2.082,0.114,-2.04,-0.235,5.404004077405034,A816K
-2.277,12.238,-3.439,0.018,0.049,-0.192,0.968,0.0,0.0,0.0,1.164,0.0,0.0,6.34,-0.033,2.355,0.317,17.510882099824016,R817W
-6.529,42.84393688446945,2.615,0.005,0.085,-0.101,1.691,48.54702404528726,0.0,0.887,0.0,0.0,0.037,0.0,2.226,-2.968,3.929,49.89469218333514,A816P
3.095,-0.21,-0.216,-0.012,-0.061,-0.202,1.225,0.0,0.0,0.0,1.164,0.0,0.0,0.772,1.13,-2.051,0.802,5.435914758449485,R817D
-6.28,18.378,-2.31,-0.027,-0.381,0.38,2.973,0.0,0.0,0.0,-1.842,0.233,0.051,-0.8,-0.03,3.644,-0.08,13.909368051584124,N818I
-2.99,1.13,2.92,-0.04,-0.061,0.914,0.638,0.0,0.0,0.0,-1.842,-0.995,0.0,2.447,0.615,-0.111,0.457,3.08122615848788,N818Q
-0.568,9.875,-1.239,-0.012,0.009,-0.257,0.728,0.0,0.0,0.0,1.164,0.0,0.0,0.778,0.071,-0.206,-0.002,10.342830267830209,R817H
-6.204,13.475,0.755,-0.008,-0.324,1.309,3.424,0.0,0.0,0.0,-1.842,0.233,0.0,2.402,0.202,2.558,0.285,16.266043719662207,N818F
2.814,-0.154,-1.547,-0.01,-0.071,-0.353,0.916,0.0,0.0,0.0,1.164,0.0,0.0,1.332,0.26,-2.63,0.189,1.9118638728298265,R817E
-2.884,0.368,1.878,-0.049,-0.47,2.092,-1.498,0.0,0.0,0.0,-1.999,-1.694,0.0,-1.466,0.41,4.595,0.625,-0.0901364746598574,N818C
3.438,-0.134,-3.632,-0.013,-0.308,-0.066,0.93,0.0,0.0,0.0,1.164,0.0,0.0,-1.441,0.156,3.349,0.382,3.8255004727735695,R817C
-1.75,1.164,-1.237,-0.021,-0.826,1.855,0.734,0.0,0.0,0.0,-1.842,-0.905,-0.051,-2.716,0.314,5.028,0.269,0.0194220040104937,E821I
-0.248,1.848,1.199,-0.016,-0.493,0.676,-1.265,0.0,0.0,0.0,0.0,-0.599,0.0,-0.623,-0.194,0.578,0.142,1.0085819969707472,E821D
-8.007,8.191,1.415,-0.041,-0.711,2.437,1.071,0.0,0.0,0.0,-1.842,-0.905,0.0,-2.643,0.119,4.985,0.099,4.170094527171273,E821W
-0.166,41.029808548755064,-7.66,-0.001,-0.497,-0.472,4.01,49.736890340655414,0.0,0.0,1.072,0.0,0.125,-3.799,6.916,1.081,9.785,49.98285170889175,E820P
2.254,-0.109,-2.357,-0.008,-0.204,-0.283,1.088,0.0,0.0,0.0,1.164,0.0,0.0,-0.657,0.188,-0.62,0.03,0.4891674809686037,R817K
-1.593,1.727,4.084,0.024,0.466,0.216,-0.116,0.0,0.0,0.0,-0.403,0.0,0.0,4.018,-0.892,-2.665,-1.384,3.483209025274732,A816N
4.686,-0.257,-2.177,-0.014,-0.296,-0.227,0.817,0.0,0.0,0.0,1.164,0.0,0.0,-0.976,0.072,-0.195,0.182,2.7809048725065395,R817S
-12.842,48.726167550250956,6.284,0.031,-0.247,1.274,1.668,0.0,0.0,0.0,-0.366,0.152,0.0,4.659,-0.072,-0.743,-0.506,48.69011777454478,A816Y
-7.43,49.99999997876362,-2.036,0.027,0.277,-0.037,0.476,0.0,0.0,0.0,0.0,0.0,-0.002,0.035,-0.129,0.979,-0.383,49.99999997049159,A816I
-2.489,46.400234743833714,-2.847,0.019,-0.041,-0.093,0.989,0.0,0.0,0.0,1.164,0.0,0.0,5.122,-0.241,0.676,-0.133,46.68403484067191,R817Y
-0.621,10.565,2.2,0.007,0.275,0.14,-0.476,0.0,0.0,0.0,0.0,0.0,0.0,0.0,-1.22,-0.173,-1.43,9.26693514017279,A816T
-0.775,0.999,1.396,-0.055,-0.512,1.594,0.601,0.0,0.0,0.0,-1.842,-0.905,0.0,-1.79,0.07,1.384,0.336,0.5026463718352261,E821N
-6.417,49.999860497942684,2.609,-0.05,-0.369,1.8,0.892,48.039555900660105,0.0,1.667,-1.842,-1.354,0.106,0.273,2.727,-0.303,2.721,49.99999747189673,N818P
2.674,7.509,-10.352,-0.013,-1.074,-0.699,9.643,2.347,0.0,0.0,1.072,0.662,-0.05,-3.357,-0.655,1.081,0.6,9.391321010177876,E821P
-10.618,22.443,10.855,0.007,-0.149,0.805,1.99,0.0,0.0,0.0,0.0,0.0,0.0,4.275,-0.36,-1.626,-0.184,27.4392451458524,A816H
0.0,0.0,0.0,0.0,0.0,0.0,0.0,0.0,0.0,0.0,0.0,0.0,0.0,0.0,0.0,0.0,0.0,0.0,A816A
1.205,2.146,-8.455,-0.004,-0.792,0.331,3.544,0.0,0.0,0.0,0.0,0.662,0.0,-3.243,0.066,4.386,0.179,0.0264894464531835,E821L
0.061,0.034,-6.77,0.027,-0.448,-0.362,5.491,0.0,0.0,0.0,1.072,0.0,0.0,-3.83,0.577,4.386,0.735,0.97227831410612,E820L
-0.829,0.311,3.678,-0.05,-0.441,1.724,-1.47,0.0,0.0,0.0,-1.999,-1.694,0.0,-1.457,0.865,1.05,0.628,0.3178790430978324,N818S
-1.145,1.29,-6.275,0.018,-0.146,-0.269,5.148,0.0,0.0,0.0,1.481,0.0,0.0,-3.832,-0.504,3.942,-0.42,-0.7118616001582723,E820F
-3.362,47.06798013518998,-3.239,0.019,0.249,0.143,0.206,0.0,0.0,0.0,0.0,0.0,-0.002,-0.028,-0.288,1.318,-0.512,46.3732781277834,A816V
-3.359,0.383,8.364,-0.046,0.012,1.483,1.088,0.0,0.0,0.0,-1.999,-1.694,0.0,0.241,-0.19,-0.806,-0.093,3.383385050020252,N818D
-1.021,0.591,-3.278,-0.003,-0.243,0.055,1.84,0.0,0.0,0.0,0.0,0.259,0.0,-1.628,0.427,4.381,0.29,1.671949088633596,E821M
-1.018,5.697,8.285,0.006,0.623,1.311,3.212,0.0,0.0,0.0,0.0,0.0,0.0,4.197,-0.868,-3.471,-1.408,16.56816937413123,A816D
2.845,-0.695,0.992,0.001,0.003,0.257,-0.352,0.0,0.0,0.0,-0.366,0.34,-0.042,0.35,-1.075,-0.527,-1.488,0.2466925197237515,A816G
0.786,-0.092,-3.522,0.0,-0.022,0.436,0.391,0.0,0.0,0.0,0.0,0.0,0.0,-1.196,0.389,1.614,0.337,-0.8778809573874469,S822A
-5.283,1.127,0.401,-0.046,-0.387,1.091,2.461,0.0,0.0,0.0,-1.842,0.233,0.0,0.002,0.571,2.997,0.983,2.308963401498886,N818M
-0.734,6.001,-6.948,0.005,-0.685,0.241,3.859,0.0,0.0,0.0,0.0,0.662,0.0,-1.976,0.118,3.306,0.063,3.9162926183919353,E821Y
-4.298,49.652638576654226,-1.145,0.015,0.389,0.354,-0.876,0.0,0.0,0.0,-0.157,-0.154,0.0,1.015,0.401,0.336,0.286,49.5953057008562,A816L
-4.073,7.732,-1.111,-0.037,-0.79,2.053,1.275,0.0,0.0,0.0,-1.842,-0.905,0.0,-2.663,0.278,3.942,0.101,3.9652577576669046,E821F
-5.967,18.948,-0.175,-0.038,-0.455,1.786,-1.234,0.0,0.0,0.0,-1.999,-1.694,0.051,-1.389,0.115,3.982,0.065,11.998810386989703,N818V
-0.117,-0.467,-2.795,0.011,-0.145,-0.898,4.337,0.0,0.0,0.0,1.481,0.0,0.0,-3.411,-0.182,2.629,-0.217,0.2266914172440692,E820R
-0.414,-0.086,-5.938,0.004,-0.511,-0.24,5.384,0.0,0.0,0.0,1.072,0.0,0.0,-3.215,-0.038,4.381,0.062,0.4612991486520741,E820M
-1.741,0.694,3.984,-0.042,0.017,0.359,2.434,0.0,0.0,0.0,-1.842,-0.655,0.0,1.781,0.692,-1.385,0.428,4.722452281270648,N818E
-4.843,49.89213006633664,-1.918,0.005,0.109,0.347,-0.091,1.836,0.0,0.0,0.0,0.0,0.222,-1.189,0.487,-1.354,1.199,49.86727362287749,S822P
-4.119,2.453,5.13,0.012,0.025,0.475,-0.493,0.0,0.0,0.0,0.0,-1.006,0.0,4.111,0.205,-2.776,0.279,4.2971834491173695,A816Q
-4.947,2.287,2.07,0.005,-0.353,0.961,0.384,0.0,0.0,0.0,0.0,0.0,0.0,2.961,0.107,0.332,0.643,4.451875080889181,A816M
1.845,-0.622,-2.277,-0.002,-0.306,0.063,0.414,0.0,0.0,0.0,0.598,0.0,0.0,-1.835,0.228,0.578,0.266,-1.0491103245316251,E820D
3.045,-0.653,-5.765,-0.007,-0.598,-0.514,5.315,0.0,0.0,0.0,1.072,0.0,0.0,-4.438,-0.612,2.434,-0.462,-1.182134863581382,E820S
3.213,-0.664,-0.119,-0.056,-0.447,2.062,-0.416,0.0,0.0,0.0,-1.842,-1.354,0.115,-2.441,1.695,2.138,3.416,5.30067933632381,N818G
-3.609,4.388,2.28,-0.055,-0.493,1.871,-0.395,0.0,0.0,0.0,-1.842,-0.905,0.0,-3.294,0.027,2.423,0.237,0.6356851561814665,E821H
-3.624,0.219,2.848,-0.041,-0.183,0.037,4.748,0.0,0.0,0.0,-1.842,0.233,0.0,0.24,0.734,0.625,0.408,4.402460580135312,N818K
-12.487,49.6429525802406,5.34,0.028,-0.257,1.137,2.371,0.0,0.0,0.0,0.0,0.0,0.0,3.955,-0.185,-0.107,-0.169,49.637594314800815,A816F
-6.388,4.556,7.016,0.013,-0.206,0.645,-2.248,0.0,0.0,0.0,0.0,-1.357,0.0,3.044,-0.194,-1.42,-0.295,3.1684242706679697,A816R
-7.53,44.41512905025489,8.106,-0.035,0.09,1.47,-2.767,22.624,0.0,0.0,-1.842,-1.54,-0.007,1.482,-0.82,-2.968,-0.15,46.98863849041398,A819P
1.124,2.615,0.602,-0.062,-1.01,1.566,0.275,0.0,0.0,0.0,-1.842,-0.905,-0.057,-4.395,1.109,3.522,1.077,3.620589395236948,E821G
-1.663,0.975,-0.543,0.006,0.07,0.287,0.397,0.0,0.0,0.0,0.0,0.0,0.0,2.747,0.212,-0.425,0.191,2.2532648075113,S822K
3.116,1.988,-6.567,-0.021,-0.967,0.11,3.377,0.0,0.0,0.0,0.0,0.662,0.0,-4.333,0.177,4.049,0.055,1.6493211680331117,E821A
-3.143,3.281,-1.923,-0.036,-0.594,1.504,0.489,0.0,0.0,0.0,-1.842,-0.905,-0.051,-2.576,0.173,5.367,0.171,-0.0832100190635856,E821V
0.421,-0.16,-6.351,0.016,-0.61,-0.539,5.697,0.0,0.0,0.0,1.072,0.0,-0.055,-4.316,0.495,5.028,0.464,1.1621713474544322,E820I
-3.33,1.022,1.876,0.0,-0.076,0.835,-1.646,0.0,0.0,0.0,0.0,0.0,0.0,0.223,0.208,1.039,0.51,0.6609101026323287,N818H
-3.621,1.077,6.446,-0.042,-0.055,1.583,-2.807,0.0,0.0,0.0,-1.842,-1.567,0.0,-0.744,0.0,0.0,0.0,-1.5689197357958165,E821E
-9.679,41.66135401616755,8.122,-0.016,0.974,1.274,3.578,0.0,0.0,0.0,-0.77,-1.799,0.0,3.38,0.095,-1.626,0.409,42.790253191525466,A819H
-1.355,0.003,5.924,0.001,0.03,0.177,-1.12,0.0,0.0,0.0,0.0,-1.239,0.0,0.415,-0.813,-1.615,-0.81,-0.4021903602797465,A816S
2.594,-1.872,1.84,-0.002,0.0,0.01,0.04,0.0,0.0,0.0,0.0,0.0,-0.02,0.0,0.746,-0.527,0.883,3.6943400352154185,A819G
-11.611,49.999933297657186,4.214,0.018,-0.177,0.76,0.175,0.0,0.0,0.0,0.0,0.0,0.0,1.63,-0.103,0.936,1.633,49.99992620852875,A816W
-1.903,1.05,1.511,-0.045,-0.538,1.45,0.429,0.0,0.0,0.0,-1.842,-0.905,0.0,-1.952,0.171,2.629,0.11,0.1669795417759587,E821R
-3.185,4.169,-4.955,0.022,-0.029,-0.909,6.064,0.0,0.0,0.0,3.156,0.0,0.0,-1.895,-0.43,4.985,0.047,7.042019502346761,E820W
0.0,0.0,0.0,0.0,0.0,0.0,0.0,0.0,0.0,0.0,0.0,0.0,0.0,0.0,0.0,0.0,0.0,0.0,S822S
4.19,-0.698,-7.274,-0.008,-0.673,-0.418,5.72,0.0,0.0,0.0,1.072,0.0,0.057,-4.576,0.128,3.522,0.785,1.8264859414090324,E820G
-3.569,1.373,-2.17,0.008,0.007,0.545,0.112,0.0,0.0,0.0,0.0,0.0,0.0,2.075,0.378,1.947,0.15,0.8538254447497593,S822M
3.363,-0.653,-7.448,-0.007,-0.673,-0.376,5.667,0.0,0.0,0.0,1.072,0.0,0.0,-4.576,-0.647,4.049,-0.249,-0.4782217415587411,E820A
-3.895,4.341,-1.338,-0.01,-0.292,1.401,2.622,0.0,0.0,0.0,-1.842,0.234,0.0,0.901,0.149,3.001,0.242,5.51400754650922,N818L
-5.101,49.304751939639644,-4.304,0.014,0.013,0.59,-0.911,0.0,0.0,0.0,0.0,0.0,0.003,-0.08,1.005,2.593,0.86,49.14138168043644,S822I
-4.888,7.838,5.357,-0.037,0.038,0.374,2.083,0.0,0.0,0.0,-1.842,0.233,0.0,0.773,0.599,1.245,0.464,12.236580823116356,N818R
-11.744,49.999997670995974,0.613,0.038,0.241,0.25,0.895,0.0,0.0,0.0,0.0,0.0,0.0,3.385,0.105,2.55,0.464,49.999997352543915,S822W
-0.206,1.248,0.232,-0.053,-0.87,1.803,0.082,0.0,0.0,0.0,-1.842,-0.905,0.0,-3.906,0.126,3.876,0.25,-0.1625671860394959,E821T
-9.851,41.247849632088034,6.11,-0.005,-0.002,0.103,-1.607,0.0,0.0,0.0,-1.066,-1.54,-0.001,1.668,0.498,1.318,0.589,39.95994327603027,A819V
0.271,-0.628,-2.294,0.002,-0.433,-0.496,4.047,0.0,0.0,0.0,1.072,0.0,0.0,-3.799,0.112,2.009,-0.001,-0.1367968906756687,E820K
-5.293,34.587,1.295,0.061,0.584,0.345,0.567,0.0,0.0,0.0,0.0,0.0,0.0,5.526,0.201,-1.162,0.16,36.87163577188437,S822Q
-1.045,2.624,2.756,-0.059,-0.952,1.741,-1.358,0.0,0.0,0.0,-1.842,-1.327,0.0,-4.099,0.254,2.434,0.277,-0.5932688376875603,E821S
-13.56,30.298,20.457,-0.027,0.297,2.213,-3.249,0.0,0.0,0.0,-1.842,-1.913,0.0,4.653,0.169,-4.05,0.356,33.80100056496974,A819E
-3.014,4.474,-2.49,0.005,-0.009,0.26,0.379,0.0,0.0,0.0,0.0,0.0,0.0,0.308,0.194,3.544,0.1,3.7505911025203886,S822C
-6.978,49.243478098022095,-3.72,0.037,0.043,0.328,0.151,0.0,0.0,0.0,0.0,0.0,0.0,3.267,0.068,1.951,0.138,49.08786856865632,S822L
-8.602,49.98489215152913,3.636,0.022,0.333,0.2,1.247,0.0,0.0,0.0,0.0,0.0,0.0,3.843,0.228,-0.011,0.243,49.98556486249638,S822H
2.668,-0.179,-2.66,-0.003,-0.019,0.36,0.382,0.0,0.0,0.0,0.0,0.0,-0.031,-1.546,0.451,1.087,0.553,1.0628755095716542,S822G
-0.417,0.137,0.359,0.004,0.289,0.513,-1.678,0.0,0.0,0.0,-1.053,0.0,0.0,1.829,0.409,-1.857,0.28,-1.185437253643954,S822D
-0.524,-0.356,-4.08,-0.002,0.29,-0.405,4.006,0.0,0.0,0.0,-0.086,0.0,0.0,-2.729,-0.412,2.423,-0.298,-2.1711108493148004,E820H
0.821,-0.644,-3.875,0.0,0.037,-0.323,5.44,0.0,0.0,0.0,0.005,0.0,0.0,-2.302,0.173,1.384,0.087,0.8035056815116377,E820N
-3.639,0.813,5.179,-0.045,-0.443,2.051,-1.935,0.0,0.0,0.0,-1.999,-1.694,0.0,-1.702,0.814,2.492,0.643,0.5349498600882043,N818T
0.0,0.0,0.0,0.0,0.0,0.0,0.0,0.0,0.0,0.0,0.0,0.0,0.0,0.0,0.0,0.0,0.0,0.0,E820E
-1.619,1.162,1.386,-0.051,-0.685,1.548,-0.187,0.0,0.0,0.0,-1.842,-0.905,0.0,-2.312,0.065,2.009,0.01,-1.4181536952618217,E821K
-2.205,0.961,-0.263,0.01,0.16,0.512,0.82,0.0,0.0,0.0,0.0,0.0,0.0,2.454,0.237,0.194,0.248,3.127769569661609,S822R
-3.883,1.106,5.226,-0.041,-0.16,1.55,-2.403,0.0,0.0,0.0,-1.842,-1.688,0.0,-0.853,0.179,1.273,0.108,-1.424875606280466,E821Q
-4.376,23.371,2.867,0.025,0.606,0.009,0.614,0.0,0.0,0.0,0.0,0.0,0.0,5.336,0.308,-2.435,0.274,26.59910975427136,S822E
1.826,-0.658,-6.729,-0.005,-0.625,-0.481,5.284,0.0,0.0,0.0,1.072,0.0,0.0,-4.499,-0.14,5.979,-0.316,0.7091232861687331,E820C
-1.394,44.87952149850176,-2.956,0.028,-0.046,-0.579,2.949,0.0,0.0,0.0,-0.776,1.773,0.0,3.974,0.417,1.922,0.341,45.872792476402886,N818Y
-0.926,0.088,-0.368,0.006,0.24,0.414,0.046,0.0,0.0,0.0,-1.009,0.0,0.0,1.773,0.228,-1.051,0.244,-0.3163268529422112,S822N
0.0,0.0,0.0,0.0,0.0,0.0,0.0,0.0,0.0,0.0,0.0,0.0,0.0,0.0,0.0,0.0,0.0,0.0,A819A
-4.534,49.703550593511316,-4.399,0.02,0.022,0.435,-0.541,0.0,0.0,0.0,0.0,0.0,0.003,-0.32,0.748,2.932,0.572,49.637251948262104,S822V
0.391,-0.427,-2.854,0.011,-0.554,-0.565,2.914,0.0,0.0,0.0,1.072,-1.385,0.0,-3.236,-0.022,3.876,-0.11,-0.8901146667964213,E820T
-10.543,49.999999995945956,-3.006,0.041,0.152,-0.704,2.642,0.0,0.0,0.0,0.043,0.262,0.0,4.242,0.151,1.507,0.231,49.99999999505218,S822F
-9.948,40.013,5.36,-0.017,0.002,1.337,3.65,0.0,0.0,0.0,-0.77,-1.54,0.0,5.241,0.322,0.332,0.301,44.28373865423089,A819M
1.107,0.304,-7.329,0.01,-0.614,-0.42,5.628,0.0,0.0,0.0,1.072,0.0,-0.055,-4.432,0.489,5.367,0.284,1.410805068427976,E820V
-6.987,12.118,1.408,-0.016,0.101,0.029,3.983,0.0,0.0,0.0,-1.842,0.233,0.0,1.884,0.234,3.601,1.002,15.748838173821357,N818W
-1.1,0.328,-6.052,0.018,-0.168,-0.283,5.462,0.0,0.0,0.0,1.481,0.0,0.0,-3.306,-0.383,3.306,-0.396,-1.09151915824566,E820Y
-4.664,7.797,1.386,0.003,0.042,-0.055,-0.317,0.0,0.0,0.0,0.0,0.0,0.0,1.828,0.474,1.93,0.285,8.70806219487713,A819C
-17.621,49.99999999999999,1.036,0.035,-0.327,-0.005,1.197,0.0,0.0,0.0,0.0,0.0,0.0,8.306,0.215,0.871,0.288,49.99999999999999,S822Y
-2.948,11.883,-0.236,0.007,0.052,0.509,-0.758,0.0,0.0,0.0,0.0,0.0,0.0,-0.318,-0.084,1.441,-0.059,9.487596091503406,S822T
-7.553,9.468,12.182,-0.033,0.806,0.769,-2.26,0.0,0.0,0.0,-1.842,-1.54,0.0,3.666,0.436,-2.665,0.626,12.059938560633327,A819N
1.156,-0.625,-4.57,0.001,-0.358,-0.753,5.093,0.0,0.0,0.0,1.072,0.0,0.0,-2.113,-0.017,1.273,0.017,0.1774613406694243,E820Q
-9.012,7.465,18.583,-0.033,0.443,1.637,-3.427,0.0,0.0,0.0,-2.152,-2.228,0.0,3.891,0.195,-3.471,0.329,12.222877173884854,A819D
-14.373,49.740673255291156,6.699,-0.006,0.025,-0.244,-1.511,0.0,0.0,0.0,-1.066,-1.54,-0.001,1.998,0.558,0.979,0.667,49.64583242694669,A819I
-14.519,49.99999958308764,5.852,-0.017,0.076,1.278,-1.949,0.0,0.0,0.0,-1.842,-1.54,0.0,4.518,0.159,0.336,0.411,49.99999944319424,A819L
-1.212,-0.038,5.375,0.002,0.062,-0.164,-0.567,0.0,0.0,0.0,0.0,-1.482,0.0,1.002,0.062,-1.615,0.302,1.7287274252057614,A819S
-10.491,43.002,10.592,-0.006,0.275,0.262,4.825,0.0,0.0,0.0,-0.77,-1.54,0.0,4.48,0.236,-2.04,0.429,49.254777954276506,A819K
-3.701,13.139,5.621,0.022,0.127,-0.09,-0.427,0.0,0.0,0.0,0.0,0.0,0.0,1.552,0.478,-0.173,0.71,17.258934853854385,A819T
-6.818,42.345,8.313,0.02,0.47,0.258,-0.632,0.0,0.0,0.0,0.0,0.0,0.0,7.131,0.315,-2.776,0.459,49.084992089284015,A819Q
-16.416,49.99999966817889,10.122,0.013,1.022,-0.673,-2.317,0.0,0.0,0.0,-0.912,0.0,0.0,7.089,0.116,0.936,0.354,49.99999965922761,A819W
-10.636,44.002,9.759,0.038,0.696,1.059,-0.524,0.0,0.0,0.0,-0.565,0.0,0.0,5.881,0.154,-1.42,0.375,48.81939000993032,A819R
-14.638,49.77620621633231,12.276,0.001,0.656,1.689,-2.921,0.0,0.0,0.0,-1.842,-1.54,0.0,5.437,0.332,-0.743,0.456,49.768622547427064,A819Y
-5.93,20.622,6.513,0.01,0.841,-1.181,0.224,0.0,0.0,0.0,0.0,0.014,0.157,3.176,4.203,-2.139,8.763,35.27343746003942,G823N
1.598,-0.287,-2.562,-0.003,-0.277,0.034,4.533,0.0,0.0,0.0,1.508,0.0,0.0,-1.321,0.444,1.856,0.395,5.919676529608751,D824S
-3.791,14.574,0.949,0.002,0.02,0.071,-1.004,0.0,0.0,0.0,0.0,0.0,0.157,1.401,4.088,2.456,7.784,26.70714560205772,G823C
-3.549,2.766,0.939,0.001,0.104,-0.263,3.725,0.0,0.0,0.0,1.508,0.0,0.0,0.616,0.058,1.845,0.225,7.976334003094394,D824H
0.0,0.0,0.0,0.0,0.0,0.0,0.0,0.0,0.0,0.0,0.0,0.0,0.0,0.0,0.0,0.0,0.0,0.0,D824D
-0.972,1.08,-1.564,0.008,0.716,-0.446,4.948,0.0,0.0,0.0,1.508,0.0,0.0,2.204,0.052,0.694,0.145,8.375310193118139,D824Q
0.198,0.693,-3.448,-0.003,-0.289,0.081,4.546,0.0,0.0,0.0,1.508,0.0,0.0,-1.652,0.52,5.4,0.634,8.190556286843957,D824C
-0.581,1.017,-0.797,0.006,0.936,-0.155,3.377,0.0,0.0,0.0,1.508,0.0,0.0,2.243,-0.118,-0.579,0.017,6.873510823260517,D824E
-2.141,49.8575914037566,-3.702,0.015,-0.121,0.046,4.97,0.0,0.0,0.0,1.508,0.0,0.0,-0.636,-0.122,3.807,0.124,49.87740293684735,D824L
-1.815,5.014,-3.912,0.034,-0.186,-0.105,5.281,0.0,0.0,0.0,1.508,0.0,-0.009,-0.882,-0.133,4.449,0.211,9.457208075236965,D824I
-0.072,0.2,-1.563,0.01,-0.042,0.022,4.834,0.0,0.0,0.0,1.508,0.0,0.0,1.469,0.002,2.051,0.108,8.526069770890786,D824R
-2.909,49.99976193152003,-2.852,0.02,0.011,0.202,4.868,0.0,0.0,0.0,1.508,0.0,0.0,1.208,0.106,3.364,0.293,49.9998113735349,D824F
0.282,-0.001,-0.88,-0.003,-0.277,0.047,0.331,0.0,0.0,0.0,0.0,0.0,0.0,-1.551,-0.101,3.47,-0.309,1.010985170705112,D825A
-4.083,17.134,4.022,0.007,0.572,0.17,-1.731,0.0,0.0,0.0,-1.204,0.0,0.157,4.077,4.467,-3.523,9.268,29.334561575147973,G823E
2.681,-0.299,-3.741,-0.005,-0.301,0.227,5.313,0.0,0.0,0.0,1.508,0.0,0.054,-1.765,0.969,2.943,0.979,8.567308262086499,D824G
1.923,-0.293,-3.939,-0.003,-0.301,0.149,5.294,0.0,0.0,0.0,1.508,0.0,0.0,-1.765,0.26,3.47,0.302,6.607536808106488,D824A
-0.291,0.295,0.098,0.009,-0.016,0.444,0.94,0.0,0.0,0.0,1.508,-0.827,0.0,1.784,-0.008,1.431,0.061,5.429829022480703,D824K
-2.202,6.099,-2.809,0.013,-0.086,-0.052,5.103,0.0,0.0,0.0,1.508,0.0,0.0,-0.109,0.198,3.803,0.398,11.86555958641884,D824M
-1.804,0.663,-1.319,0.018,0.21,0.069,6.455,0.0,0.0,0.0,1.508,0.0,0.0,1.958,0.191,4.406,0.323,12.680186189297274,D824W
-0.678,0.42,-1.046,0.001,-0.049,-0.234,4.978,0.0,0.0,0.0,1.508,0.0,0.0,0.347,0.375,0.805,0.429,6.858838735039285,D824N
0.415,-0.066,-3.028,0.001,-0.249,0.063,4.247,0.0,0.0,0.0,1.508,0.0,0.0,-0.951,0.181,3.297,0.359,5.777016313736681,D824T
-6.278,19.716,6.363,0.004,0.422,0.598,-1.453,0.0,0.0,0.0,-0.684,0.0,0.157,4.188,4.386,-1.099,9.096,35.41771285438108,G823H
-6.03,30.108,1.055,0.025,0.086,0.267,-0.25,0.0,0.0,0.0,0.0,0.014,0.128,-0.186,5.334,1.505,8.954,41.01291534061261,G823I
-5.79,39.864328148442574,6.248,0.012,0.327,-0.821,-0.902,0.0,0.0,0.0,0.0,0.014,0.157,3.655,4.966,-1.513,8.444,44.12622739153615,G823K
0.947,-0.011,-3.406,-0.002,-0.254,0.093,5.208,3.759,0.0,0.0,1.508,0.0,0.096,-1.611,2.143,0.502,2.096,11.068918729230065,D824P
-3.284,49.999593332183196,-1.525,0.02,0.023,0.148,5.095,0.0,0.0,0.0,1.508,0.0,0.0,1.359,0.136,2.727,0.239,49.99968578902895,D824Y
-5.089,21.455,4.593,0.007,0.12,0.69,-1.093,0.0,0.0,0.0,0.0,0.0,0.157,3.925,4.391,-2.25,9.097,36.003764956948544,G823Q
-0.388,0.585,-4.175,0.012,-0.247,-0.016,5.437,0.0,0.0,0.0,1.508,0.0,-0.009,-1.62,-0.079,4.788,0.169,5.96710167848903,D824V
-6.306,49.08571660932168,2.783,0.008,0.133,0.104,0.29,0.0,0.0,0.0,0.0,0.014,0.157,3.593,5.028,0.859,9.432,49.517632958062926,G823M
-5.539,49.81878726117701,2.134,0.005,0.114,0.047,-2.708,49.96557093518563,0.0,0.0,0.0,0.0,0.128,0.0,6.616,-2.442,10.109,49.999955438073314,G823P
-1.48,8.806,-0.478,0.001,0.0,0.06,-0.905,0.0,0.0,0.0,0.0,0.0,0.157,0.0,4.834,0.526,8.833,20.35507880505986,G823A
-4.991,16.52,1.62,0.016,0.027,0.079,-0.966,0.0,0.0,0.0,0.0,0.0,0.157,1.737,4.587,0.863,9.327,28.97726914112286,G823L
-5.08,18.257,8.842,0.011,0.996,-0.945,5.12,0.0,0.0,0.0,0.0,0.0,0.157,1.979,3.754,-2.944,9.144,39.291545898990535,G823D
0.0,0.0,0.0,0.0,0.0,0.0,0.0,0.0,0.0,0.0,0.0,0.0,0.0,0.0,0.0,0.0,0.0,0.0,N826N
0.079,0.0,-0.613,-0.002,-0.265,0.034,0.063,0.0,0.0,0.0,0.0,0.0,0.0,-1.147,0.185,5.4,-0.048,3.687257368394512,D825C
0.0,0.0,0.0,0.0,0.0,0.0,0.0,0.0,0.0,0.0,0.0,0.0,0.0,0.0,0.0,0.0,0.0,0.0,G823G
-11.154,49.99999958310432,-0.83,0.032,0.185,0.259,-0.975,0.0,0.0,0.0,0.0,0.0,0.157,1.332,4.643,0.42,9.157,49.999999633579314,G823F
-4.893,41.70527399931467,0.062,0.02,0.182,-0.017,0.742,0.0,0.0,0.0,2.084,0.0,0.0,-1.853,0.044,2.558,0.498,41.52968894705315,N826F
-1.268,0.053,0.135,0.017,-0.255,0.031,0.563,0.0,0.0,0.0,0.0,0.0,0.0,0.324,0.077,3.364,0.0,3.042250479521158,D825F
0.113,0.026,-0.236,-0.002,-0.227,0.057,-0.033,0.0,0.0,0.0,0.0,0.0,0.0,-1.123,-0.033,1.856,0.011,0.4092903789717184,D825S
-0.273,0.116,-0.23,0.003,-0.002,0.054,0.313,0.0,0.0,0.0,0.0,0.0,0.0,1.131,-0.067,-0.579,-0.025,0.4398772982203809,D825E
-13.649,49.999998762020354,3.868,0.021,0.318,0.241,-0.477,0.0,0.0,0.0,0.0,-0.171,0.157,2.946,4.099,1.462,9.46,49.999999110862944,G823W
-6.986,48.56354047747842,3.086,0.019,0.15,-0.258,-0.394,0.0,0.0,0.0,0.0,0.0,0.157,4.278,4.924,-0.216,8.936,49.164383101959814,G823Y
-0.849,0.099,-0.487,0.025,-0.195,0.021,0.23,0.0,0.0,0.0,0.0,0.0,-0.027,-0.629,0.121,4.449,0.174,2.9346735792234995,D825I
-3.862,16.304,2.379,0.007,0.041,0.285,-0.34,0.0,0.0,0.0,0.0,0.0,0.157,1.933,4.097,0.353,9.225,30.58006158882188,G823T
-0.073,0.0,-0.265,0.002,-0.037,-0.06,0.205,0.0,0.0,0.0,0.0,0.0,0.0,0.137,0.198,0.805,0.272,1.1864628104704025,D825N
0.581,-0.002,-0.843,-0.004,-0.277,0.061,0.287,0.0,0.0,0.0,0.0,0.0,-0.052,-1.551,0.736,2.943,0.651,2.532886092746935,D825G
0.0,0.0,0.0,0.0,0.0,0.0,0.0,0.0,0.0,0.0,0.0,0.0,0.0,0.0,0.0,0.0,0.0,0.0,D825D
-0.581,0.33,-0.834,0.012,-0.237,0.065,0.251,0.0,0.0,0.0,0.0,0.0,-0.027,-1.168,0.068,4.788,0.118,2.787082433954879,D825V
-1.276,0.245,1.092,0.001,0.049,0.024,0.372,0.0,0.0,0.0,0.0,0.0,0.0,-0.516,-0.121,1.845,0.046,1.762556825030856,D825H
-2.221,8.409,2.537,0.001,0.022,0.12,-0.909,0.0,0.0,0.0,0.0,0.0,0.157,1.768,3.776,-1.088,7.712,20.283186488081128,G823S
-6.547,49.89731581677555,-1.285,0.006,0.003,0.315,0.057,0.0,0.0,0.0,0.0,0.0,0.128,-1.38,5.606,1.844,9.362,49.925743323420605,G823V
-2.441,1.33,-0.169,0.006,-0.226,-0.111,1.33,0.0,0.0,0.0,2.084,0.0,0.0,-2.159,0.556,2.997,1.106,4.303295428684123,N826M
-7.069,29.371,8.248,0.013,0.551,-0.061,-1.269,0.0,0.0,0.0,0.0,-0.304,0.157,2.855,4.031,-0.893,9.181,44.81048790127602,G823R
-0.296,-1.159,0.52,0.002,0.204,-0.991,1.645,0.0,0.0,0.0,0.0,0.0,0.0,0.757,0.219,-3.471,0.28,-2.2905553618051044,A827D
-2.52,1.333,4.387,0.012,0.07,0.504,-3.566,0.0,0.0,0.0,2.084,-0.246,0.0,-1.317,0.883,0.625,1.054,3.3026511320779264,N826K
-2.028,6.685,-1.104,0.031,-0.066,0.029,1.162,0.0,0.0,0.0,2.084,0.0,0.0,-2.346,1.278,3.001,1.702,10.42587467503006,N826L
-2.799,0.099,0.638,0.016,-0.142,-0.163,0.552,0.0,0.0,0.0,0.0,0.0,0.0,0.365,-0.089,4.406,-0.043,2.8396668935380376,D825W
-0.123,0.0,-0.536,0.014,-0.23,0.023,0.241,0.0,0.0,0.0,0.0,0.0,0.0,-1.346,-0.084,3.807,0.006,1.7732920484689885,D825L
-0.057,-0.051,0.429,0.0,0.024,0.032,0.136,0.0,0.0,0.0,0.0,0.0,0.04,0.31,0.066,-0.982,0.047,-0.0051861357600273,V828L
-0.318,0.099,-1.465,-0.002,-0.181,0.065,0.658,0.0,0.0,0.0,2.084,0.0,0.0,-2.877,-0.137,4.595,0.098,2.6174844811394,N826C
1.264,-0.128,-2.396,-0.004,-0.217,-0.043,1.639,0.0,0.0,0.0,2.084,0.0,0.0,-2.944,0.165,2.664,0.724,2.8067182932094283,N826A
-0.269,0.108,-0.316,0.003,-0.105,0.052,0.185,0.0,0.0,0.0,0.0,0.0,0.0,0.968,0.09,0.694,0.091,1.501926052117824,D825Q
-1.013,0.011,1.708,0.013,0.151,0.205,-1.816,0.0,0.0,0.0,0.0,-0.538,0.0,1.056,-0.063,2.051,-0.006,1.7609039037541834,D825R
-1.234,3.709,-0.652,-0.001,-0.194,0.015,-0.208,0.237,0.0,0.0,0.0,0.0,-0.019,-1.306,-0.867,0.502,10.375,10.359687554220727,D825P
0.381,-0.085,0.505,-0.01,0.205,-0.125,0.217,0.0,0.0,0.0,0.0,0.0,0.04,1.958,0.248,-3.983,0.344,-0.3055115077943355,V828N
-1.477,0.034,0.684,0.013,0.081,-0.106,-0.602,0.0,0.0,0.0,0.408,0.0,0.0,0.753,0.576,-0.173,0.613,0.8044793868984925,A827T
-1.295,0.052,0.176,0.017,-0.218,0.01,0.487,0.0,0.0,0.0,0.0,0.0,0.0,0.143,0.072,2.727,0.028,2.20051842602129,D825Y
-1.836,11.13,1.242,0.012,0.578,-0.541,2.265,1.01,0.0,0.0,2.084,0.0,-0.013,-0.422,-0.878,-2.968,6.776,18.43791956441885,A827P
-0.329,0.349,-0.536,0.004,-0.227,0.007,-0.084,0.0,0.0,0.0,0.0,0.0,0.0,-1.196,0.152,3.297,0.294,1.731127583755779,D825T
0.062,0.0,-0.502,0.003,-0.159,0.034,0.314,0.0,0.0,0.0,0.0,0.0,0.0,-0.481,-0.008,1.431,0.039,0.7337356545810962,D825K
0.0,0.0,0.0,0.0,0.0,0.0,0.0,0.0,0.0,0.0,0.0,0.0,0.0,0.0,0.0,0.0,0.0,0.0,A827A
0.682,-1.071,-1.639,-0.002,-0.001,-0.506,3.545,0.0,0.0,0.0,0.472,0.0,0.0,-1.071,-0.005,-0.806,0.086,-0.3163020103706913,N826D
-0.307,0.0,-0.311,0.008,-0.271,0.031,0.159,0.0,0.0,0.0,0.0,0.0,0.0,-0.23,0.155,3.803,-0.051,2.9879521865855168,D825M
-1.335,1.296,1.338,0.005,0.036,-0.24,-0.405,0.0,0.0,0.0,2.084,-0.542,0.0,-0.449,0.684,-0.111,1.062,3.422593692198234,N826Q
0.188,0.001,0.21,-0.009,0.01,-0.047,-0.183,0.0,0.0,0.0,0.0,0.0,0.04,-0.015,0.256,-1.491,0.196,-0.8434797551689144,V828T
-1.002,1.236,1.951,0.005,0.141,-0.215,4.365,0.0,0.0,0.0,2.084,0.0,0.0,-0.625,0.831,-1.385,0.94,8.324490945726666,N826E
-1.845,0.164,0.989,0.019,0.202,-0.12,0.069,0.0,0.0,0.0,0.0,0.0,0.0,1.906,0.409,-0.107,0.379,2.065570195031228,A827F
-1.78,-0.016,0.554,0.004,0.055,-0.104,0.007,0.0,0.0,0.0,0.408,0.0,0.0,0.503,0.556,1.93,0.191,2.30898318378297,A827C
-2.252,0.716,2.99,0.003,0.266,0.63,-1.978,0.0,0.0,0.0,-1.146,0.0,0.0,1.518,0.219,-1.626,0.353,-0.3066394557286003,A827H
-1.308,12.046,-1.796,0.013,-0.176,0.04,1.213,0.0,0.0,0.0,2.084,0.0,0.012,-2.814,2.675,3.982,2.085,18.055183008428912,N826V
-1.024,49.61448393932134,-0.955,0.0,-0.116,0.116,0.249,49.90359857479826,0.0,0.0,2.084,0.0,0.035,-2.944,6.678,-0.303,10.653,49.99979066753179,N826P
-0.845,-1.013,1.839,0.003,0.185,-0.908,0.544,0.0,0.0,0.0,0.0,-0.017,0.0,1.983,0.288,-4.05,0.34,-1.6519912192198944,A827E
2.126,-0.268,-2.291,-0.005,-0.217,-0.215,1.756,0.0,0.0,0.0,2.084,0.0,0.047,-2.944,-0.589,2.138,0.37,1.99030598044601,N826G
-2.165,0.239,2.615,0.011,0.269,-0.176,-0.993,0.0,0.0,0.0,0.408,0.0,0.0,1.486,0.326,-2.04,0.405,0.3857420616800482,A827K
-1.737,0.048,0.016,0.019,0.055,-0.123,0.209,0.0,0.0,0.0,0.408,0.0,0.031,-0.165,0.797,1.318,0.607,1.483959763085977,A827V
0.877,-0.086,0.045,-0.016,-0.042,0.011,0.129,0.0,0.0,0.0,0.0,0.0,-0.01,-0.047,1.285,-1.845,1.04,1.3424711236651774,V828G
-0.678,0.002,1.307,0.005,0.231,-0.235,0.052,0.0,0.0,0.0,0.0,0.0,0.0,1.518,0.507,-2.665,0.552,0.5956420102380662,A827N
0.891,-0.141,-0.544,-0.003,-0.158,-0.031,0.645,0.0,0.0,0.0,1.943,0.0,0.0,-2.773,-0.281,1.05,0.104,0.7014275246169746,N826S
0.253,-0.063,0.396,-0.008,0.094,0.007,0.063,0.0,0.0,0.0,0.0,0.0,0.04,0.921,0.225,-3.358,0.072,-1.3563765327531885,V828K
-5.439,23.102,2.111,0.027,0.172,0.063,0.705,0.0,0.0,0.0,2.084,0.0,0.0,-0.888,0.089,1.922,0.571,24.518378916307825,N826Y
-1.123,8.949,-1.6,0.019,-0.17,0.136,1.21,0.0,0.0,0.0,2.084,0.0,0.012,-2.555,2.564,3.644,2.427,15.595428306585177,N826I
-2.03,0.093,1.421,0.019,0.211,-0.087,-0.125,0.0,0.0,0.0,0.0,0.0,0.0,2.044,0.443,-0.743,0.446,1.692209532703714,A827Y
-1.564,0.978,0.194,-0.001,-0.049,-0.362,0.65,0.0,0.0,0.0,2.084,0.0,0.0,0.329,-0.046,1.039,0.439,3.689845777272467,N826H
-0.84,0.002,0.905,0.007,0.006,-0.026,-0.123,0.0,0.0,0.0,0.0,0.0,0.0,1.083,0.409,0.332,0.25,2.005029673187096,A827M
-2.102,0.269,0.489,0.027,0.071,-0.055,0.218,0.0,0.0,0.0,0.408,0.0,0.031,0.356,0.869,0.979,0.718,2.279185283230504,A827I
0.442,-0.085,0.726,-0.012,0.246,-0.056,0.32,0.0,0.0,0.0,0.0,0.0,0.04,2.153,0.045,-4.789,0.191,-0.7788705112731122,V828D
-2.964,-0.91,-4.474,0.015,-0.467,-1.671,11.128,0.0,0.0,0.0,3.199,1.364,0.0,-2.213,-0.034,3.601,0.821,7.394463624656964,N826W
-0.916,0.001,0.713,0.018,0.044,-0.076,-0.017,0.0,0.0,0.0,0.0,0.0,0.0,0.065,0.252,0.336,0.418,0.837776185829398,A827L
0.639,-0.002,0.091,-0.001,0.0,0.008,0.009,0.0,0.0,0.0,0.0,0.0,0.01,0.0,0.619,-0.527,0.722,1.5674152323524595,A827G
-0.153,5.828,-1.248,0.008,-0.155,-0.098,0.651,0.0,0.0,0.0,1.874,0.0,0.0,-2.945,0.481,2.492,0.72,7.452598276102435,N826T
0.684,-0.085,-0.032,-0.015,-0.042,-0.016,0.037,0.0,0.0,0.0,0.0,0.0,0.04,-0.047,0.39,-1.319,0.156,-0.2481619695116705,V828A
-4.198,1.556,4.313,0.016,0.517,-0.684,-0.989,0.0,0.0,0.0,2.084,0.0,0.0,-1.242,0.4,1.245,0.63,3.6463223592920713,N826R
0.22,-0.075,0.136,-0.014,-0.013,0.018,0.017,0.0,0.0,0.0,0.0,0.0,0.04,0.191,0.223,0.612,0.015,1.3724513890108485,V828C
0.254,-0.058,0.414,-0.009,0.259,0.0,0.107,0.0,0.0,0.0,0.0,0.0,0.04,2.339,0.214,-5.368,0.055,-1.751958697729151,V828E
-0.481,-0.017,1.493,-0.01,0.331,-0.154,0.072,0.0,0.0,0.0,0.0,0.0,0.04,1.222,0.182,-2.944,0.183,-0.0818539967884817,V828H
-0.037,0.369,-0.219,-0.012,0.078,-0.016,-0.227,0.455,0.0,0.0,0.0,0.0,0.026,0.726,-0.218,-4.286,0.469,-2.8913907507327394,V828P
-0.403,-0.075,0.749,0.006,0.009,-0.034,0.331,0.0,0.0,0.0,0.0,0.0,0.04,1.516,0.34,-1.425,0.052,1.1078118408723867,V828F
-2.612,0.387,1.155,0.028,0.29,-0.175,0.196,0.0,0.0,0.0,0.0,0.0,0.0,2.034,0.249,0.936,0.367,2.8560697238031025,A827W
0.37,-0.085,0.176,0.002,0.194,-0.026,0.004,0.0,0.0,0.0,0.0,0.0,0.04,1.46,0.196,-0.382,0.049,1.998596073763906,V828W
-1.985,-1.15,1.435,0.01,0.273,-0.88,1.412,0.0,0.0,0.0,0.408,-0.39,0.0,2.362,0.389,-2.776,0.415,-0.4772767171054966,A827Q
0.184,-0.085,0.429,-0.003,-0.035,-0.053,-0.116,0.0,0.0,0.0,0.0,0.0,0.04,1.318,0.505,-0.986,0.158,1.356142644569445,V828M
-2.375,0.017,3.063,0.015,0.371,-0.056,-2.01,0.0,0.0,0.0,0.408,-0.437,0.0,1.957,0.215,-1.42,0.333,0.0816320141880169,A827R
-0.224,-0.051,1.435,0.002,0.083,-0.416,0.098,0.0,0.0,0.0,0.408,0.0,0.0,-0.068,0.023,-1.615,0.14,-0.1844818466069,A827S
-0.008,0.007,0.113,0.008,0.025,0.007,0.051,0.0,0.0,0.0,0.0,0.0,0.0,0.265,0.028,-0.339,0.03,0.1891545108622949,V828I
0.0,0.0,0.0,0.0,0.0,0.0,0.0,0.0,0.0,0.0,0.0,0.0,0.0,0.0,0.0,0.0,0.0,0.0,V828V
-0.419,-0.075,0.742,0.005,0.046,-0.033,0.202,0.0,0.0,0.0,0.0,0.0,0.04,1.415,0.256,-2.061,0.036,0.1547284897623058,V828Y
0.256,-0.066,0.401,-0.005,0.184,0.007,-0.011,0.0,0.0,0.0,0.0,0.0,0.04,1.554,0.209,-2.738,0.085,-0.0840077890475186,V828R
-0.496,-0.015,1.464,-0.006,0.394,0.164,-0.755,0.0,0.0,0.0,0.0,0.0,0.04,2.079,0.324,-4.094,0.166,-0.7357063330222218,V828Q
0.553,-0.075,0.448,-0.013,0.011,-0.008,-0.197,0.0,0.0,0.0,0.0,0.0,0.04,0.245,0.425,-2.933,0.346,-1.1570003598412768,V828S
-0.248,0.556,-3.136,0.005,0.216,-1.219,5.723,0.0,0.0,0.0,1.755,1.013,0.0,1.099,-0.039,1.845,0.431,8.003507769889438,D829H
-0.473,0.008,1.996,0.004,0.277,-0.142,0.274,0.0,0.0,0.0,0.0,0.0,0.0,1.503,0.16,-3.471,0.328,0.4657918541126946,A830D
-3.669,0.861,1.858,0.012,0.007,-1.463,4.4,0.0,0.0,0.0,1.547,0.513,0.0,-1.073,0.907,1.431,0.987,6.318822627208988,D829K
2.929,-0.272,-5.262,-0.004,-0.282,-0.946,5.84,0.0,0.0,0.0,1.547,0.513,-0.04,-2.754,-0.42,2.943,0.444,4.236534531172651,D829G
-0.499,-0.056,-1.295,0.001,-0.063,-0.204,3.459,0.0,0.0,0.0,-0.519,-0.738,0.0,0.379,-0.009,0.805,-0.08,1.1824117549016364,D829N
-3.637,13.679,-3.452,0.031,-0.129,-0.814,5.425,0.0,0.0,0.0,1.547,0.513,0.0,-2.121,1.224,3.807,1.645,17.718973146045528,D829L
-2.469,0.854,0.469,0.006,-0.028,-2.048,4.473,0.0,0.0,0.0,1.547,0.513,0.0,-0.246,0.729,0.694,1.026,5.5206094135778585,D829Q
-0.946,0.007,1.17,0.019,0.047,-0.167,0.0,0.0,0.0,0.0,0.0,0.0,0.0,0.138,0.112,0.336,0.391,1.1100231280329351,A830L
-1.744,0.751,1.371,0.006,0.078,-1.901,7.774,0.0,0.0,0.0,1.956,0.513,0.0,-0.912,0.85,-0.579,0.889,9.051713443523568,D829E
1.732,-0.166,-5.37,-0.003,-0.282,-0.789,5.752,0.0,0.0,0.0,1.547,0.513,0.0,-2.754,0.204,3.47,0.687,4.542450082785649,D829A
0.855,-0.004,-1.021,0.001,-0.475,0.373,0.155,0.0,0.0,0.0,0.0,0.0,0.0,-0.794,0.739,0.625,0.546,1.0000053647645473,N831K
0.894,-0.018,-0.089,-0.001,0.0,0.08,0.042,0.0,0.0,0.0,0.0,0.0,-0.027,0.0,0.798,-0.527,0.932,2.0847740447512706,A830G
-1.039,0.029,0.749,0.001,0.024,-0.045,-0.097,0.0,0.0,0.0,0.0,0.0,0.0,0.914,0.405,1.93,0.297,3.170627181208601,A830C
-2.95,7.329,-3.246,0.023,-0.2,-0.853,5.491,0.0,0.0,0.0,1.547,0.513,-0.008,-2.0,2.492,4.449,2.121,14.70955740147508,D829I
0.0,0.0,0.0,0.0,0.0,0.0,0.0,0.0,0.0,0.0,0.0,0.0,0.0,0.0,0.0,0.0,0.0,0.0,A830A
0.0,0.0,0.0,0.0,0.0,0.0,0.0,0.0,0.0,0.0,0.0,0.0,0.0,0.0,0.0,0.0,0.0,0.0,D829D
-3.557,39.93044479064724,-4.56,0.035,0.158,-1.624,13.594,0.0,0.0,0.0,2.078,1.628,0.0,2.29,0.073,2.727,0.533,43.845988592274836,D829Y
0.462,-0.004,-0.995,0.014,-0.375,0.302,0.279,0.0,0.0,0.0,0.0,0.0,0.0,0.427,0.648,1.922,0.443,3.120482482560419,N831Y
-1.309,49.965408102229866,-3.878,0.001,-0.179,-0.734,3.953,49.82243296204735,0.0,0.0,1.547,0.513,0.015,-2.754,6.811,0.502,10.656,49.999966409406035,D829P
-3.046,38.57251321416527,-5.853,0.037,0.165,-1.661,14.035,0.0,0.0,0.0,2.078,1.628,0.0,2.651,0.015,3.364,0.434,43.097546318986744,D829F
-0.648,0.003,-3.816,-0.001,-0.245,-0.729,4.946,0.0,0.0,0.0,1.547,0.513,0.0,-2.66,-0.148,5.4,0.054,4.2169643588667896,D829C
-2.596,0.112,1.6,0.02,0.005,-0.133,-0.027,0.0,0.0,0.0,0.0,0.0,0.0,2.127,0.257,-0.107,0.375,1.6345464148417932,A830F
0.206,-0.004,-1.322,-0.003,-0.586,0.406,0.043,0.0,0.0,0.0,0.0,0.0,0.0,-0.964,0.933,4.595,1.081,4.385893070856923,N831C
-0.676,0.001,1.72,0.006,0.239,-0.318,0.102,0.0,0.0,0.0,0.0,0.0,0.0,1.615,0.389,-2.665,0.624,1.0381135508954458,A830N
0.037,-0.004,-1.558,0.012,-0.582,0.406,0.265,0.0,0.0,0.0,0.0,0.0,0.032,-1.652,1.255,3.982,0.791,2.983505712710553,N831V
0.29,-0.004,-1.064,0.012,-0.368,0.298,0.341,0.0,0.0,0.0,0.0,0.0,0.0,-0.179,0.423,3.601,0.673,4.025065848688882,N831W
0.037,0.064,-1.489,0.001,-0.096,-1.929,5.534,0.0,0.0,0.0,1.773,0.626,0.0,-1.835,-0.274,1.856,0.047,4.315124569826139,D829S
-5.6,3.078,3.292,0.013,0.199,-1.409,4.093,0.0,0.0,0.0,1.321,0.513,0.0,-1.535,0.427,2.051,0.564,7.007704169104727,D829R
-0.976,0.094,1.71,0.005,0.254,-0.144,-0.118,0.0,0.0,0.0,0.0,0.0,0.0,2.879,0.115,-4.05,0.341,0.1097489147091437,A830E
-1.008,0.084,1.432,0.007,0.112,-0.109,-0.249,0.0,0.0,0.0,0.0,0.0,0.0,1.44,0.186,-2.04,0.412,0.2680988037162706,A830K
-1.398,7.56,-4.802,0.014,-0.24,-0.636,5.449,0.0,0.0,0.0,1.547,0.513,-0.008,-2.639,2.495,4.788,1.786,14.430263119930828,D829V
0.316,-0.004,-1.237,0.006,-0.566,0.279,0.238,0.0,0.0,0.0,0.0,0.0,0.0,-1.152,1.326,2.492,1.813,3.5100145396240805,N831T
-1.079,0.007,1.34,0.018,0.241,-0.134,0.114,0.0,0.0,0.0,0.0,0.0,0.0,1.409,0.077,0.936,0.331,3.261083347124781,A830W
-0.954,0.323,1.092,0.006,0.047,-0.212,-0.121,0.0,0.0,0.0,0.0,0.0,0.0,0.568,0.391,-0.173,0.687,1.656375969124042,A830T
-2.392,0.095,1.162,0.007,-0.012,-0.092,-0.087,0.0,0.0,0.0,0.0,0.0,0.0,1.98,0.298,0.332,0.301,1.5937058446429546,A830M
-2.004,0.184,0.549,0.0,-0.068,0.299,-0.461,0.0,0.0,0.0,0.0,0.0,0.0,1.271,0.306,1.039,0.435,1.5509936752616795,N831H
-1.592,0.492,-3.501,0.023,0.089,-1.106,6.359,0.0,0.0,0.0,1.755,1.013,0.0,0.72,-0.059,4.406,0.78,9.381252650355124,D829W
-0.301,3.971,-2.913,0.009,-0.219,-0.65,4.285,0.0,0.0,0.0,1.509,-0.929,0.0,-2.75,0.396,3.297,0.574,6.282407423470772,D829T
-0.693,0.007,1.421,0.009,0.196,-0.097,0.008,0.0,0.0,0.0,0.0,0.0,0.0,1.653,0.114,-1.42,0.359,1.5583890639660467,A830R
-4.311,1.532,-2.996,0.008,-0.154,-1.084,5.546,0.0,0.0,0.0,1.956,0.513,0.0,-2.512,0.567,3.803,1.07,3.939137503460529,D829M
-0.763,0.019,-0.809,0.008,-0.469,0.348,0.089,0.0,0.0,0.0,0.0,0.0,0.0,0.085,0.534,2.997,0.498,2.537257984926896,N831M
0.187,-0.001,0.826,-0.001,0.088,0.166,-0.104,0.0,0.0,0.0,0.0,0.0,0.0,0.009,-0.181,-0.806,-0.203,-0.0189062667715234,N831D
-1.75,0.383,0.959,0.022,0.059,-0.245,0.091,0.0,0.0,0.0,0.0,0.0,-0.01,0.996,0.417,0.979,0.601,2.502092177777513,A830I
-3.622,5.163,3.806,0.014,0.805,-2.663,10.265,0.271,0.0,0.0,2.181,0.98,-0.012,-0.018,-0.805,-2.968,9.262,22.65970451991245,A830P
-3.792,46.223223975965226,0.893,0.005,0.425,-2.589,4.672,0.0,0.0,0.0,0.225,0.742,0.06,3.172,-0.598,-2.139,-0.605,46.29164408821983,G832N
0.511,-0.004,-1.001,0.015,-0.389,0.302,0.421,0.0,0.0,0.0,0.0,0.0,0.0,0.103,0.579,2.558,0.331,3.4251274549543496,N831F
-0.986,0.085,1.471,0.006,0.149,-0.185,-0.181,0.0,0.0,0.0,0.0,0.0,0.0,2.773,0.271,-2.776,0.454,1.0816569093976796,A830Q
1.414,-0.009,-1.463,-0.008,-0.643,0.361,0.238,0.0,0.0,0.0,0.0,0.0,0.068,-1.684,1.276,2.138,1.548,3.235319315840684,N831G
0.85,-0.004,-1.019,0.0,-0.258,0.374,0.189,0.0,0.0,0.0,0.0,0.0,0.0,0.864,0.797,-1.385,0.498,0.905097711045414,N831E
1.151,-0.004,-1.429,-0.005,-0.643,0.374,0.146,0.0,0.0,0.0,0.0,0.0,0.0,-1.684,0.505,2.664,0.344,1.4182685836804012,N831A
-2.226,0.228,2.827,0.004,0.285,0.285,-0.267,0.0,0.0,0.0,0.0,0.0,0.0,1.078,0.046,-1.626,0.403,1.03850266689642,A830H
0.09,-0.004,-0.032,0.002,-0.054,0.195,-0.583,0.0,0.0,0.0,0.0,0.0,0.0,0.106,0.57,-0.111,0.462,0.6410751620568362,N831Q
0.0,0.0,0.0,0.0,0.0,0.0,0.0,0.0,0.0,0.0,0.0,0.0,0.0,0.0,0.0,0.0,0.0,0.0,N831N
0.243,-0.022,-3.739,0.027,0.394,-1.007,4.02,0.0,0.0,0.0,0.208,1.013,-0.01,1.297,0.361,1.318,0.534,4.6396203290671565,A830V
-2.669,0.118,1.612,0.02,0.04,-0.148,-0.056,0.0,0.0,0.0,0.0,0.0,0.0,1.89,0.272,-0.743,0.424,0.7620543468831329,A830Y
-0.244,-0.004,-1.404,0.015,-0.474,0.313,0.065,0.0,0.0,0.0,0.0,0.0,0.0,-0.71,0.538,3.001,0.286,1.3813742959343926,N831L
0.863,-0.004,-1.026,0.004,-0.392,0.373,0.134,0.0,0.0,0.0,0.0,0.0,0.0,-0.291,0.623,1.245,0.557,2.087427100441573,N831R
-0.562,-0.004,-1.396,0.028,-0.526,0.342,0.2,0.0,0.0,0.0,0.0,0.0,0.032,-0.885,1.282,3.644,0.758,2.910830027408224,N831I
1.095,-0.004,-0.91,-0.005,-0.61,0.252,0.195,0.0,0.0,0.0,0.0,0.0,0.0,-1.309,0.992,1.05,1.039,1.78543533338609,N831S
0.409,0.081,-1.636,-0.002,-0.527,0.382,-0.148,1.616,0.0,0.0,0.0,0.0,0.025,-1.638,0.088,-0.303,0.946,-0.7083798883895724,N831P
-9.265,49.86369684258469,0.328,0.018,-0.307,-1.26,7.739,0.0,0.0,0.0,-0.086,1.116,0.084,3.895,0.2,1.844,0.061,49.88552375790645,G832V
-0.265,0.027,1.45,0.001,0.046,0.0,-0.287,0.0,0.0,0.0,0.0,0.0,0.0,0.531,0.071,-1.615,0.324,0.2838611099599575,A830S
0.0,0.0,0.0,0.0,0.0,0.0,0.0,0.0,0.0,0.0,0.0,0.0,0.0,0.0,0.0,0.0,0.0,0.0,G832G
-6.064,47.2088281327464,2.158,0.013,0.461,-2.776,4.149,0.0,0.0,0.0,0.225,0.004,0.06,5.724,-0.572,-2.25,-0.562,47.2701884445297,G832Q
-5.876,48.59052796399385,-3.571,0.017,0.197,-2.221,5.129,0.0,0.0,0.0,0.225,0.742,0.06,1.933,-0.524,0.863,-0.523,48.379101475330934,G832L
-6.229,47.627835909767754,1.638,0.022,0.636,-1.347,5.618,0.0,0.0,0.0,0.225,0.873,0.06,3.553,-0.412,-0.893,-0.498,47.91058456182648,G832R
-7.083,49.22265702316274,-2.789,0.043,0.395,-1.489,5.263,0.0,0.0,0.0,0.225,0.873,0.06,4.105,-0.401,0.42,-0.41,49.197981750827445,G832F
-2.653,46.43064796665074,0.874,0.007,0.29,-2.608,8.646,0.0,0.0,0.0,0.531,1.497,0.06,6.194,-0.648,-2.944,-0.668,47.440947728564964,G832D
-4.341,49.998164958468195,-3.759,0.007,-0.01,-1.449,10.288,0.855,0.691,0.0,0.122,1.628,0.206,4.037,0.08,-2.442,3.058,49.99871848103239,G832P
-2.741,46.76006158404143,-0.778,-0.001,-0.053,-0.418,0.896,0.0,0.0,0.0,0.0,0.358,0.06,0.699,-0.165,0.526,-0.384,46.49950354801612,G832A
-9.159,49.5107172085302,-1.843,0.031,0.529,-2.213,6.725,0.0,0.0,0.0,0.225,0.873,0.06,4.347,-0.416,1.462,-0.451,49.51403750528034,G832W
-6.069,49.303092982901035,1.133,0.004,0.523,-2.706,3.866,0.0,0.0,0.0,0.225,0.742,0.06,4.894,-0.515,-1.099,-0.465,49.31939481774156,G832H
-7.111,47.09088898992959,2.374,0.0,-0.038,-0.379,0.159,0.0,0.0,0.0,0.0,0.358,0.06,0.914,-0.13,2.456,-0.409,46.88696523951142,G832C
-7.279,47.10137767603022,6.629,0.019,0.605,-2.037,9.448,0.0,0.0,0.0,0.323,0.985,0.06,6.692,-0.424,-3.523,-0.458,48.116592145832335,G832E
-10.853,49.999999999999986,3.692,0.041,-0.164,-2.375,7.746,0.0,0.0,0.0,-0.086,1.062,0.084,7.938,0.222,1.505,0.049,49.99999999999999,G832I
-6.406,47.74047248795261,-0.822,0.008,0.287,-1.942,5.244,0.0,0.0,0.0,0.225,0.825,0.06,3.366,-0.227,0.859,-0.502,47.82503631365786,G832M
-6.816,48.14463351448756,5.057,0.005,-0.28,-1.14,7.231,0.0,0.0,0.0,-0.086,0.727,0.06,3.85,-0.567,0.353,-0.436,48.64359547131044,G832T
-3.735,46.426239652240895,5.461,-0.001,-0.024,-0.698,-0.012,0.0,0.0,0.0,0.0,0.26,0.06,1.462,-0.539,-1.088,-0.465,46.51896696742881,G832S
-4.658,48.43513770329151,1.114,0.019,0.567,-1.998,4.604,0.0,0.0,0.0,0.225,0.825,0.06,4.101,-0.441,-1.513,-0.462,48.57884198358581,G832K
-7.2,49.129987764279846,-2.381,0.04,0.404,-1.489,5.3,0.0,0.0,0.0,0.225,0.873,0.06,3.68,-0.405,-0.216,-0.393,49.076605810146376,G832Y
-3.7,10.761,0.986,0.026,-0.262,0.369,-0.251,0.0,0.0,0.0,0.0,0.0,0.17,3.031,0.817,0.979,0.613,13.53886907861522,A833I
0.0,0.0,0.0,0.0,0.0,0.0,0.0,0.0,0.0,0.0,0.0,0.0,0.0,0.0,0.0,0.0,0.0,0.0,A833A
-2.875,45.39884889551041,1.149,0.004,-0.197,-0.095,-0.884,19.098,0.0,0.0,0.0,0.277,-0.134,4.654,-0.572,-2.968,10.571,48.45243656647379,A833P
-1.679,0.757,3.353,0.004,-0.064,-0.025,3.035,0.0,0.0,0.0,0.0,0.137,0.0,6.01,0.061,-4.05,0.078,7.61873490449284,A833E
-2.003,0.183,5.814,0.004,0.319,-0.185,1.757,0.0,0.0,0.0,-0.575,0.0,0.0,3.656,0.19,-3.471,0.214,5.904469886357447,A833D
-2.17,0.13,4.377,0.006,0.212,-0.507,0.846,0.0,0.0,0.0,0.0,0.166,0.0,2.271,0.216,-2.665,0.34,3.222674221701368,A833N
-3.334,1.591,1.32,0.021,0.057,-0.119,0.146,0.0,0.0,0.0,0.409,0.137,0.0,1.843,-0.086,0.336,0.045,2.3668021923197102,A833L
-1.399,0.702,1.285,0.002,0.015,-0.044,-1.213,0.0,0.0,0.0,0.0,0.166,0.0,0.932,0.282,1.93,-0.016,2.641889490187168,A833C
0.405,1.563,-5.424,0.002,-0.134,0.069,7.763,4.253,0.0,0.0,2.482,0.14,0.17,-3.218,-0.674,0.502,0.417,8.319165512071663,D834P
1.083,0.0,1.087,0.003,0.055,0.153,-0.417,0.0,0.0,0.0,0.0,0.14,0.224,-0.458,0.446,-0.527,0.538,2.325851489643924,A833G
3.251,-0.285,-7.474,-0.004,-0.293,-0.102,8.417,0.0,0.0,0.0,2.482,0.0,0.0,-2.936,0.392,3.47,0.536,7.456145618049391,D834A
-3.57,1.088,4.775,0.008,0.264,-0.193,-1.741,0.0,0.0,0.0,-1.031,0.277,0.0,4.402,0.072,-2.776,0.109,1.6854324901977409,A833Q
-4.397,1.391,2.565,0.012,0.137,-0.052,-0.494,0.0,0.0,0.0,0.409,0.277,0.0,2.317,0.109,0.332,0.016,2.624137551439503,A833M
-4.86,1.216,8.036,0.011,0.302,0.358,-5.193,0.0,0.0,0.0,0.0,-1.098,0.0,3.537,0.069,-2.04,0.125,0.4650266942559256,A833K
-4.862,0.886,3.975,0.023,0.156,0.411,0.365,0.0,0.0,0.0,0.0,0.408,0.0,2.834,0.012,-0.107,0.108,4.210580758574224,A833F
-4.484,1.474,6.882,0.008,0.375,0.22,-1.581,0.0,0.0,0.0,0.0,-0.55,0.0,2.531,0.069,-1.626,0.069,3.389870701857149,A833H
0.525,-0.032,-1.33,0.006,-0.381,-0.213,1.747,0.0,0.0,0.0,1.143,0.0,0.0,-1.827,0.178,3.112,0.205,3.133428063096062,Q835L
-0.473,0.015,2.969,0.001,0.022,-0.038,-1.843,0.0,0.0,0.0,0.0,-1.088,0.0,1.277,-0.084,-1.615,-0.048,-0.9034222580406776,A833S
-2.459,0.89,3.758,0.011,0.163,0.252,-0.76,0.0,0.0,0.0,0.0,-0.358,0.0,1.847,0.2,-0.173,0.168,3.539478187853206,A833T
-2.42,2.601,-0.075,0.018,-0.222,-0.22,-0.067,0.0,0.0,0.0,0.0,0.277,0.17,2.774,0.677,1.318,0.444,5.274350792145697,A833V
0.847,-0.049,-1.181,-0.003,-0.131,-0.286,2.145,0.0,0.0,0.0,1.143,0.0,0.0,0.251,-0.15,-1.274,0.051,1.3640086897013362,Q835E
-0.961,27.785,0.276,0.001,0.0,-0.017,-0.899,0.0,0.0,0.0,0.0,0.0,0.112,0.0,3.573,0.526,9.886,40.28326699153911,G837A
0.788,-0.075,-1.676,-0.008,-0.427,-0.196,1.202,0.0,0.0,0.0,1.143,0.0,0.0,-1.929,0.074,4.705,-0.048,3.553309414260412,Q835C
-0.715,-0.16,-1.137,0.019,1.405,-0.209,6.855,0.0,0.0,0.0,2.482,0.14,0.0,0.559,0.502,-0.579,0.554,9.71793986246223,D834E
-6.651,2.226,5.908,0.017,0.285,-0.328,1.229,0.0,0.0,0.0,0.0,0.91,0.0,3.058,-0.056,0.936,0.183,7.717545790550844,A833W
1.329,-0.082,-1.257,-0.008,-0.401,-0.216,0.778,0.0,0.0,0.0,1.143,0.0,0.0,-1.713,0.049,1.161,0.26,1.042765664341914,Q835S
3.086,-0.237,-5.084,0.001,-0.103,-0.405,7.667,0.0,0.0,0.0,2.482,0.14,-0.07,-2.952,-0.121,2.943,0.134,7.482141248696621,D834G
0.331,0.013,-1.436,0.015,-0.387,-0.316,1.487,0.0,0.0,0.0,1.143,0.0,-0.024,-1.555,0.598,3.754,0.389,4.013158303349769,Q835I
0.0,0.0,0.0,0.0,0.0,0.0,0.0,0.0,0.0,0.0,0.0,0.0,0.0,0.0,0.0,0.0,0.0,0.0,T836T
-0.407,-0.081,-0.186,-0.004,-0.064,0.183,0.6,0.0,0.0,0.0,0.0,0.0,0.0,0.338,0.618,2.103,0.597,3.696837800207732,T836C
-5.265,1.013,5.186,0.023,0.172,0.509,0.167,0.0,0.0,0.0,0.409,-0.768,0.0,2.291,0.079,-0.743,0.12,3.192432157358894,A833Y
-3.275,20.891,4.027,0.004,0.244,-0.468,-1.826,0.0,0.0,0.0,0.0,0.0,0.112,3.229,3.519,-1.099,9.734,35.09116190613781,G837H
-6.049,1.581,7.948,0.019,0.49,-0.583,-3.891,0.0,0.0,0.0,0.0,0.24,0.0,3.586,-0.005,-1.42,0.099,2.015535492844492,A833R
1.114,-0.083,-0.738,-0.006,-0.161,-0.521,2.582,0.0,0.0,0.0,1.143,0.0,0.0,0.485,-0.401,-0.695,0.095,2.813258126218102,Q835D
-0.699,0.014,-0.397,0.011,-0.344,-0.19,1.746,0.0,0.0,0.0,1.143,0.0,0.0,-0.574,-0.042,2.033,0.011,2.710036377902952,Q835Y
-2.237,24.632,2.145,0.008,0.093,-0.067,-0.896,0.0,0.0,0.0,0.0,0.0,0.112,2.985,3.753,-1.513,9.769,38.78386307833887,G837K
-3.21,7.359,-5.156,0.025,0.137,0.368,7.954,0.0,0.0,0.0,2.482,0.14,0.0,-0.495,0.642,3.803,0.559,14.608912829900078,D834M
0.762,0.024,-1.362,-0.003,-0.404,-0.272,0.672,0.0,0.0,0.0,1.143,0.0,0.0,-2.004,-0.029,2.602,0.216,1.3440927777437537,Q835T
0.264,-0.079,1.191,0.003,0.847,0.183,0.366,0.0,0.0,0.0,0.0,0.0,0.0,2.241,0.557,-1.453,0.567,4.685495636735936,T836H
-8.529,49.648823999310366,-4.504,0.019,-0.054,-1.205,7.853,0.0,0.0,0.0,2.482,0.14,0.0,-0.384,0.472,3.807,0.569,49.65805938020664,D834L
-3.228,0.625,-3.23,0.027,0.353,-0.037,7.536,0.0,0.0,0.0,2.482,0.14,0.0,-0.675,0.603,2.727,0.746,8.071661526414232,D834Y
1.509,-0.083,-2.159,-0.009,-0.46,-0.301,1.859,0.0,0.0,0.0,1.143,0.0,0.0,-2.042,0.023,2.775,0.161,2.417429316757876,Q835A
0.916,-0.145,1.813,0.008,0.879,-0.004,0.438,0.0,0.0,0.0,0.0,0.0,0.0,2.237,0.687,-3.298,0.271,3.802440840308236,T836D
-2.962,0.471,-3.921,0.027,0.36,0.01,7.756,0.0,0.0,0.0,2.482,0.14,0.0,-0.665,0.615,3.364,0.702,8.38142631514495,D834F
1.015,-0.271,-5.75,0.001,-0.203,0.031,7.259,0.0,0.0,0.0,2.482,0.14,0.0,-2.864,0.333,5.4,0.21,7.78515771552884,D834C
-0.892,0.011,-0.132,0.021,0.021,0.082,0.712,0.0,0.0,0.0,0.0,0.0,-0.034,0.078,0.919,1.151,0.894,2.830376405573361,T836I
0.407,0.009,-1.76,0.006,-0.414,-0.313,1.369,0.0,0.0,0.0,1.143,0.0,-0.024,-1.792,0.364,4.093,0.316,3.404687621938251,Q835V
0.622,-0.073,-1.097,0.008,-0.212,-0.287,1.559,0.0,0.0,0.0,1.143,0.0,0.0,-0.105,-0.09,3.711,-0.023,5.15704703438746,Q835W
-0.648,0.031,-0.539,0.011,-0.38,-0.089,2.022,0.0,0.0,0.0,1.143,0.0,0.0,-0.633,0.099,2.669,0.066,3.752690199155495,Q835F
-2.104,0.025,-2.074,0.023,1.163,-0.398,8.148,0.0,0.0,0.0,2.482,0.14,0.0,0.824,0.441,0.694,0.601,9.967948855775148,D834Q
-0.477,13.203,-0.843,0.016,0.519,-0.526,6.423,10.642,0.0,0.0,3.625,-0.756,-0.074,-2.202,-0.896,-0.193,1.479,29.94244462864583,Q835P
-5.874,26.829,-2.569,0.023,0.767,-0.28,7.759,0.0,0.0,0.0,2.482,0.14,0.0,-0.431,0.608,4.406,0.833,34.69595218335428,D834W
-3.112,12.597,-5.988,0.033,-0.07,-0.404,7.953,0.0,0.0,0.0,2.482,0.14,0.014,-1.967,1.329,4.449,1.122,18.58129779529304,D834I
-3.42,35.476,1.807,0.033,0.065,0.092,-0.764,0.0,0.0,0.0,0.0,0.0,0.056,0.3,4.998,1.505,9.856,38.08124745285436,G837I
1.953,-0.082,-2.238,-0.011,-0.46,-0.257,1.857,0.0,0.0,0.0,1.143,0.0,-0.059,-2.042,0.951,2.249,1.008,4.012731714097754,Q835G
-2.548,29.625,2.727,0.009,0.609,0.139,-0.811,0.0,0.0,0.0,0.0,0.0,0.112,2.623,3.419,-2.25,9.781,43.43546610174656,G837Q
-2.816,10.301,-0.175,0.012,-0.029,0.019,0.617,0.0,0.0,0.0,0.0,0.0,0.0,0.024,0.582,0.509,0.377,9.421167347063715,T836L
-0.627,0.505,0.699,-0.005,-0.031,-0.238,0.898,0.0,0.0,0.0,1.143,0.0,0.0,-0.636,-0.141,1.15,0.164,2.8818089512515144,Q835H
1.064,-0.083,-1.081,-0.004,-0.206,-0.554,1.848,0.0,0.0,0.0,1.143,0.0,0.0,0.202,-0.134,0.11,0.245,2.550586201200076,Q835N
-2.37,28.553,2.301,0.016,0.279,0.075,-0.58,0.0,0.0,0.0,0.0,0.0,0.112,2.828,3.526,-0.893,9.747,43.59282406548425,G837R
-2.344,0.33,-1.493,0.011,0.819,0.236,6.552,0.0,0.0,0.0,1.831,0.14,0.0,-1.764,0.247,1.845,0.33,6.742679337364507,D834H
0.643,-0.056,-0.235,-0.001,-0.22,-0.391,-0.243,0.0,0.0,0.0,1.143,0.0,0.0,-0.525,-0.079,0.736,0.045,0.8190177318205087,Q835K
-0.55,-0.117,-2.662,0.026,0.609,-0.142,9.27,0.0,0.0,0.0,2.482,0.14,0.0,-0.9,0.092,0.805,0.112,9.167156701843624,D834N
-0.108,-0.043,0.481,0.018,0.366,0.124,0.771,0.0,0.0,0.0,0.0,0.0,0.0,2.193,0.54,-0.57,0.437,4.208350947019653,T836Y
2.494,-0.283,-4.703,0.0,-0.181,-0.128,6.989,0.0,0.0,0.0,2.482,0.14,0.0,-3.176,-0.398,1.856,-0.025,5.069519834093057,D834S
0.0,0.0,0.0,0.0,0.0,0.0,0.0,0.0,0.0,0.0,0.0,0.0,0.0,0.0,0.0,0.0,0.0,0.0,D834D
-2.398,0.037,3.186,0.007,0.305,-0.311,-0.183,0.0,0.0,0.0,0.0,0.0,0.0,1.526,0.682,-1.247,0.482,2.0844353398848625,T836R
0.115,0.739,-0.504,-0.001,-0.196,0.214,0.145,28.728,0.0,0.0,0.0,0.0,0.0,-1.557,0.0,-0.303,-0.074,27.306095175123573,N838P
1.786,-0.196,-1.033,-0.005,-0.073,0.137,0.951,0.0,0.0,0.0,0.0,0.0,0.0,-0.015,0.946,0.172,0.802,3.472886380925729,T836A
-3.613,20.878,7.557,0.011,1.012,-0.408,5.671,0.0,0.0,0.0,0.0,0.0,0.112,3.914,3.631,-3.523,9.81,45.0518211519892,G837E
0.0,0.0,0.0,0.0,0.0,0.0,0.0,0.0,0.0,0.0,0.0,0.0,0.0,0.0,0.0,0.0,0.0,0.0,Q835Q
0.811,-0.055,-1.349,-0.002,-0.423,-0.276,1.428,0.0,0.0,0.0,1.143,0.0,0.0,-0.814,0.441,3.108,0.318,4.330884039129387,Q835M
0.438,-0.054,-0.042,0.005,-0.07,-0.443,-0.051,0.0,0.0,0.0,1.143,0.0,0.0,-0.173,0.059,1.356,0.081,2.2495645616982074,Q835R
-3.504,33.513,2.224,0.042,0.217,0.136,-0.977,0.0,0.0,0.0,0.0,0.0,0.112,3.165,3.457,0.42,9.733,48.53753561395388,G837F
-2.136,15.894,-2.816,0.013,0.13,-0.8,8.815,0.0,0.0,0.0,2.482,0.0,0.0,0.813,0.522,1.431,0.61,24.96004219475037,D834K
-3.259,49.99943375033712,-0.092,0.001,-0.156,-0.667,1.673,49.703006245959855,0.0,0.0,2.651,0.0,0.055,0.725,6.652,-2.442,10.573,49.99999910040953,G837P
0.655,-0.129,1.225,0.015,0.708,-0.137,0.67,0.0,0.0,0.0,0.0,0.0,0.0,1.655,0.647,-2.493,0.348,3.163477785350437,T836N
-0.116,-0.092,0.491,0.019,0.381,0.115,0.627,0.0,0.0,0.0,0.0,0.0,0.0,2.149,0.538,0.066,0.523,4.700235865137529,T836F
-0.004,0.467,-0.437,0.0,0.049,0.148,0.126,16.995,0.0,0.0,0.0,0.0,0.209,-0.012,1.814,-2.795,1.87,18.428331803348897,T836P
-0.659,-0.177,0.76,0.018,0.476,0.14,0.655,0.0,0.0,0.0,0.0,0.0,0.0,2.759,0.7,1.109,1.098,6.877073767368643,T836W
-2.453,24.112,1.909,0.011,0.057,-0.07,-1.22,0.0,0.0,0.0,0.0,0.0,0.112,0.315,4.009,0.859,9.905,37.54551170518846,G837M
0.027,12.147,-5.439,0.007,-0.17,-0.428,7.065,0.0,0.0,0.0,2.482,0.14,0.0,-2.88,-0.356,3.297,0.014,15.90842837463913,D834T
-2.404,0.174,1.04,0.001,-0.005,0.428,0.671,0.0,0.0,0.0,0.0,0.0,0.0,1.261,0.783,0.505,0.621,3.076124108110207,T836M
-0.538,0.0,2.455,-0.002,-0.17,0.063,1.468,0.0,0.0,0.0,0.0,0.0,0.0,3.002,0.763,-3.877,0.563,3.7272976926356014,T836E
2.862,-0.422,-1.21,-0.006,-0.073,0.285,1.021,0.0,0.0,0.0,0.0,0.0,-0.069,-0.015,0.632,-0.354,0.53,3.1796694006998223,T836G
-2.061,13.337,3.879,0.003,0.344,-0.369,0.606,0.0,0.0,0.0,0.0,0.0,0.112,3.191,2.721,-2.944,9.681,28.49841744047308,G837D
-0.527,-0.006,-0.716,0.012,-0.028,0.108,0.7,0.0,0.0,0.0,0.0,0.0,-0.034,-0.017,0.706,1.49,0.643,2.33263068104759,T836V
0.0,0.0,0.0,0.0,0.0,0.0,0.0,0.0,0.0,0.0,0.0,0.0,0.0,0.0,0.0,0.0,0.0,0.0,N838N
-0.991,11.999,-7.046,0.019,-0.196,-0.242,7.925,0.0,0.0,0.0,2.482,0.14,0.014,-2.89,1.06,4.788,1.016,18.07903046443164,D834V
-2.107,23.717,1.124,0.003,0.021,-0.054,-1.594,0.0,0.0,0.0,0.0,0.0,0.112,1.398,2.817,2.456,9.853,37.74527838681763,G837C
-0.171,0.0,-0.387,0.016,-0.06,0.096,-0.09,0.0,0.0,0.0,0.0,0.0,0.0,-0.055,0.0,2.558,0.0,1.905655480822929,N838F
1.62,-0.165,0.416,-0.005,-0.008,-0.052,0.148,0.0,0.0,0.0,0.0,0.0,0.0,0.175,0.368,-1.442,0.249,1.3029077283183597,T836S
-2.943,37.164,1.108,0.016,0.031,0.235,-0.664,0.0,0.0,0.0,0.0,0.0,0.056,0.0,4.884,1.844,9.827,38.71867082208068,G837V
-3.021,3.637,-2.187,0.018,0.281,-0.243,9.252,0.0,0.0,0.0,2.482,0.0,0.0,0.297,0.402,2.051,0.523,13.494453943594976,D834R
-1.507,14.412,3.068,0.003,0.071,0.351,1.257,0.0,0.0,0.0,0.0,-0.976,0.112,0.205,2.656,-1.088,6.04,24.603519461302767,G837S
0.0,0.0,0.0,0.0,0.0,0.0,0.0,0.0,0.0,0.0,0.0,0.0,0.0,0.0,0.0,0.0,0.0,0.0,G837G
-2.161,0.216,3.348,0.006,0.129,-0.267,-0.211,0.0,0.0,0.0,0.0,0.0,0.0,2.21,0.617,-1.867,0.51,2.5286805966795782,T836K
-2.405,14.77,3.193,0.005,0.302,-0.21,0.428,0.0,0.0,0.0,0.0,0.0,0.112,2.91,3.036,-2.139,9.693,29.69423893125156,G837N
-2.224,-0.076,2.941,0.001,0.103,-0.282,-0.396,0.0,0.0,0.0,0.0,0.0,0.0,2.379,0.667,-2.603,0.42,0.9293443527466252,T836Q
0.477,0.0,-0.448,-0.004,-0.384,0.21,-0.036,0.0,0.0,0.0,0.0,0.0,0.0,-1.743,0.0,2.664,0.0,0.7363304215377866,N838A
-0.257,0.021,-0.401,0.033,-0.135,0.064,-0.281,0.0,0.0,0.0,0.0,0.0,0.0,-0.869,0.0,3.644,0.0,1.8185593843836607,N838I
0.126,0.0,0.235,-0.001,0.033,0.005,-0.157,0.0,0.0,0.0,0.0,0.0,0.0,0.516,0.0,-0.806,0.0,-0.04947814702723,N838D
-2.583,26.632,3.337,0.006,0.078,0.544,1.553,0.0,0.0,0.0,0.0,-1.123,0.112,0.031,3.017,0.353,9.811,41.77003545300147,G837T
-3.986,34.6,2.685,0.026,0.296,0.204,-0.916,0.0,0.0,0.0,0.0,0.0,0.112,2.309,3.482,1.462,9.925,38.16282642928744,G837W
-2.933,33.034,1.711,0.017,0.038,0.292,-0.805,0.0,0.0,0.0,0.0,0.0,0.112,0.011,3.941,0.863,9.809,46.090223627374144,G837L
0.198,0.0,-0.283,0.002,-0.182,0.173,-0.087,0.0,0.0,0.0,0.0,0.0,0.0,-0.542,0.0,0.625,0.0,-0.096198503505775,N838K
0.377,0.0,-0.165,0.008,-0.242,0.12,-0.402,0.0,0.0,0.0,0.0,0.0,0.0,-1.691,0.0,2.492,0.0,0.4956188202958174,N838T
0.389,0.0,-0.203,0.009,0.111,0.141,-0.247,0.0,0.0,0.0,0.0,0.0,0.0,-0.211,0.0,1.245,0.0,1.2344286652026994,N838R
-0.108,0.0,-0.456,0.015,-0.177,0.123,-0.14,0.0,0.0,0.0,0.0,0.0,0.0,-1.156,0.0,3.001,0.0,1.1018586954400007,N838L
-3.512,32.266,2.237,0.039,0.227,0.119,-0.643,0.0,0.0,0.0,0.0,0.0,0.112,3.142,3.899,-0.216,9.751,47.41807592025589,G837Y
0.58,-0.003,-0.452,-0.006,-0.384,0.223,-0.079,0.0,0.0,0.0,0.0,0.0,0.0,-1.743,0.0,2.138,0.0,0.2739135475246712,N838G
-0.173,0.0,-0.106,-0.001,0.066,0.057,-0.067,0.0,0.0,0.0,0.0,0.0,0.0,0.309,0.0,1.039,0.0,1.1243970798257124,N838H
-0.351,0.001,0.421,0.005,0.348,-0.134,-0.302,0.0,0.0,0.0,0.0,0.0,0.0,0.735,0.0,-0.111,0.0,0.6107041502518769,N838Q
0.19,0.0,-0.278,0.001,0.058,0.173,-0.229,0.0,0.0,0.0,0.0,0.0,0.0,1.059,0.0,-1.385,0.0,-0.410735463552669,N838E
0.117,0.003,-0.454,0.017,-0.254,0.134,-0.168,0.0,0.0,0.0,0.0,0.0,0.0,-1.712,0.0,3.982,0.0,1.6657765072243365,N838V
0.209,0.0,-0.38,-0.003,-0.355,0.167,-0.22,0.0,0.0,0.0,0.0,0.0,0.0,-1.296,0.0,4.595,0.0,2.7175588932441315,N838C
0.471,0.0,-0.341,-0.003,-0.243,0.185,-0.129,0.0,0.0,0.0,0.0,0.0,0.0,-1.352,0.0,1.05,0.0,-0.3622344483796951,N838S
-0.223,0.0,-0.145,0.008,-0.201,0.118,-0.03,0.0,0.0,0.0,0.0,0.0,0.0,-0.319,0.0,2.997,0.0,2.2046347983509804,N838M
-0.208,0.0,-0.368,0.016,-0.055,0.089,-0.149,0.0,0.0,0.0,0.0,0.0,0.0,-0.041,0.0,1.922,0.0,1.204990795083063,N838Y
-0.1,0.0,-0.296,0.014,-0.016,0.096,-0.118,0.0,0.0,0.0,0.0,0.0,0.0,-0.399,0.0,3.601,0.0,2.7823672318087347,N838W
