fa_atr,fa_rep,fa_sol,fa_intra_rep,fa_intra_sol_xover4,lk_ball_wtd,fa_elec,pro_close,hbond_sr_bb,hbond_lr_bb,hbond_bb_sc,hbond_sc,omega,fa_dun,p_aa_pp,ref,rama_prepro,score,variant
0.733,-0.12,-1.784,0.0,0.17,-0.066,0.876,0.0,0.0,0.0,1.701,0.0,0.0,2.651,0.54,-3.876,0.489,1.313203883786855,T2E
3.766,-1.011,-8.205,-0.009,-0.529,-0.72,5.64,0.0,0.0,0.0,1.701,0.287,0.0,0.419,0.488,0.173,0.503,2.502167815315488,T2A
7.349,-1.217,-4.857,-0.013,-0.131,0.297,1.089,0.0,0.0,0.0,0.0,0.0,0.0,-2.849,0.0,-0.332,0.0,-0.6631865341153116,M1A
-2.428,0.631,-0.294,0.029,0.044,0.099,1.223,0.0,0.0,0.0,0.283,0.0,-0.081,-0.073,-0.729,2.594,-0.145,1.1499437218838011,S4I
-0.081,-0.657,0.052,-0.001,-0.005,-0.007,0.134,0.0,0.0,0.0,0.0,0.0,0.0,0.666,0.0,0.0,0.0,0.0995718733538524,T2T
0.66,-0.776,-1.966,-0.001,0.096,-0.076,1.488,0.0,0.0,0.0,1.701,0.0,0.0,3.242,0.471,-2.602,0.492,2.7283801650085024,T2Q
2.431,-1.486,-4.264,-0.007,-0.211,-0.833,2.089,0.0,0.0,0.0,0.664,0.287,0.0,3.793,0.476,-3.297,0.352,-0.008287825121215,T2D
1.899,-0.241,0.466,0.005,0.45,-0.256,0.504,0.0,0.0,0.0,0.0,0.0,0.0,0.117,0.0,-1.752,0.0,1.192552277648247,M1R
2.694,-1.009,-6.989,0.005,-0.487,-0.83,5.765,0.0,0.0,0.0,1.701,0.287,0.0,0.484,0.42,0.51,0.476,3.0268378115774794,T2L
0.825,-0.119,-2.199,0.001,0.031,-0.06,2.012,0.0,0.0,0.0,1.701,0.0,0.0,0.797,0.516,-1.866,0.512,2.150724196516421,T2K
-1.286,0.432,-1.073,0.001,-0.016,0.373,0.576,0.0,0.0,0.0,0.283,0.0,0.0,0.12,-0.079,3.545,0.339,3.2139316536095066,S4C
0.263,0.005,-2.212,0.0,-0.024,0.294,0.956,0.0,0.0,0.0,0.0,0.0,0.0,-0.489,-0.396,1.615,-0.242,-0.230475017407798,S4A
0.283,29.537,-3.169,0.002,0.051,0.472,1.535,0.0,0.0,0.0,1.025,-0.471,0.0,-0.247,0.0,0.005,0.0,29.02256573447312,M1L
0.293,0.073,-2.392,0.015,0.131,-0.183,1.844,0.0,0.0,0.0,1.701,0.0,0.0,1.824,0.553,0.067,0.566,4.490407445119672,T2F
3.326,-0.045,4.997,-0.012,0.344,0.151,-0.129,0.0,0.0,0.0,0.0,0.0,0.0,0.033,0.0,-3.803,0.0,4.863469680173239,M1D
0.992,-0.3,6.575,-0.008,0.187,1.395,-4.999,0.0,0.0,0.0,0.0,-0.718,0.0,0.193,0.0,-4.381,0.0,-1.0647039959160338,M1E
1.685,1.714,-4.517,0.02,-0.31,1.091,0.811,0.0,0.0,0.0,0.558,0.0,-0.149,0.216,-0.258,2.605,0.069,3.5333083981095115,H3I
0.824,-0.773,-2.48,-0.005,-0.075,-0.092,2.213,0.0,0.0,0.0,1.701,0.0,0.0,1.035,0.514,2.103,0.256,5.2215278098331055,T2C
0.47,15.466,-7.935,0.007,-0.479,-0.793,5.181,0.0,0.0,0.0,1.701,0.287,0.027,0.436,1.115,1.491,0.861,17.834995196010368,T2V
-4.653,1.601,5.032,0.025,1.199,0.975,-3.469,0.0,0.0,0.0,-0.774,-0.288,0.0,3.133,-0.59,2.551,-0.26,4.479953890425577,S4W
-1.903,1.933,5.929,0.003,0.545,0.893,-5.336,0.0,0.0,0.0,0.32,-0.288,0.0,-0.337,-0.114,-1.273,-0.264,0.1091455861146641,Q5E
0.49,-0.703,0.106,-0.006,-0.013,0.016,0.201,0.0,0.0,0.0,0.056,0.0,0.0,0.751,-0.005,-1.441,0.002,-0.5472592768760478,T2S
5.098,-1.033,-7.932,-0.01,-0.529,-0.747,5.365,0.0,0.0,0.0,1.701,0.287,-0.006,0.419,0.48,-0.353,0.503,3.2425112347409595,T2G
2.556,-1.634,-6.878,0.006,-0.297,-0.891,5.847,0.0,0.0,0.0,1.701,0.287,0.0,2.524,0.529,1.11,0.694,5.553032748507121,T2W
3.065,-1.003,-6.798,0.0,-0.341,-0.776,5.966,0.0,0.0,0.0,1.701,0.287,0.0,1.816,0.467,-1.246,0.468,3.604917483572081,T2R
-2.688,14.816,-2.702,0.018,-0.015,-0.092,1.729,0.0,0.0,0.0,1.701,0.0,0.027,2.352,1.422,1.152,1.05,18.76908421740154,T2I
-2.425,0.034,2.635,0.01,0.826,0.433,-1.644,0.0,0.0,0.0,0.0,-1.219,0.0,2.085,-0.234,-1.161,-0.168,-0.8287848089544241,S4Q
0.866,21.462,1.859,0.02,0.521,1.534,7.436,0.0,0.0,0.0,0.843,-0.728,0.018,-2.806,0.0,0.647,0.0,31.672135347510675,M1I
-4.999,2.261,7.022,0.025,0.683,1.306,-2.963,0.0,0.0,0.0,0.0,-0.288,0.0,-0.261,-0.567,0.872,-0.292,2.800268426848333,S4Y
-0.053,0.017,-0.775,0.001,0.184,-0.294,0.944,0.0,0.0,0.0,0.683,0.0,0.0,3.04,0.431,-2.492,0.44,2.1250651199115964,T2N
0.015,0.517,0.078,0.0,0.023,-0.011,0.026,0.0,0.0,0.0,0.0,0.0,0.0,-0.7,0.0,0.0,0.0,-0.0508897437262021,M1M
8.98,-1.433,-5.066,-0.015,-0.131,0.554,1.102,0.0,0.0,0.0,0.0,0.0,0.02,-2.849,0.0,-0.859,0.0,0.3041513568980463,M1G
0.643,9.107,3.031,0.029,1.073,1.281,5.287,0.0,0.0,0.0,0.418,-0.149,0.0,0.642,0.0,0.604,0.0,21.965941982783534,M1W
-0.609,0.003,1.152,0.002,0.641,0.147,1.96,0.0,0.0,0.0,0.0,0.0,0.0,2.287,-0.03,-1.856,-0.117,3.5781634532002045,S4D
-4.174,1.24,6.731,0.024,1.078,0.445,-4.301,0.0,0.0,0.0,0.0,-0.288,0.0,0.643,-0.379,0.195,-0.367,0.8465395533162337,S4R
0.0,0.0,0.0,0.0,0.0,0.0,0.0,0.0,0.0,0.0,0.0,0.0,0.0,0.0,0.0,0.0,0.0,0.0,S4S
4.36,47.14,-1.89,-0.01,-0.09,0.463,5.82,5.188,0.0,0.0,0.56,0.0,0.062,-2.764,0.0,-3.3,0.0,40.21738346745255,M1P
-2.204,0.272,2.16,0.004,0.249,0.738,-1.193,0.0,0.0,0.0,0.283,-1.565,0.0,2.685,0.277,-1.05,0.181,0.8361649929095165,S4N
0.327,0.081,-2.403,0.015,0.14,-0.185,1.763,0.0,0.0,0.0,1.701,0.0,0.0,1.792,0.572,-0.569,0.646,3.8791390801332,T2Y
-4.241,2.049,7.061,0.008,1.048,1.1,-3.664,0.0,0.0,0.0,0.0,-0.288,0.0,-0.378,-0.428,-0.011,-0.223,2.0303211288037346,S4H
-4.971,1.456,6.536,0.026,0.649,1.437,-2.333,0.0,0.0,0.0,0.0,-0.288,0.0,0.43,-0.62,1.508,-0.306,3.523005127474107,S4F
2.054,0.693,2.815,-0.01,0.295,-0.083,1.25,0.0,0.0,0.0,0.0,0.0,0.0,-0.348,0.0,-2.997,0.0,3.6703769797202312,M1N
1.692,11.026,4.322,0.0,0.989,1.569,6.424,0.0,0.0,0.0,0.843,-0.728,0.0,0.511,0.0,-1.958,0.0,24.69134451743912,M1H
-1.457,-0.988,0.805,-0.002,0.22,0.628,-0.655,0.0,0.0,0.0,-0.124,0.0,0.0,3.905,0.47,-1.452,0.388,1.736464081367103,T2H
-3.092,11.439,-2.028,0.001,0.008,0.116,0.872,0.771,0.0,0.0,0.283,0.0,-0.015,-0.081,1.471,-1.353,11.337,19.72739851553797,S4P
-1.808,1.119,-1.345,0.02,0.024,0.359,1.157,0.0,0.0,0.0,0.283,0.0,-0.081,-0.157,-0.595,2.933,-0.24,1.6664983767427657,S4V
-1.176,1.272,2.869,0.003,0.38,1.052,-3.415,0.0,0.0,0.0,0.0,-0.288,-0.018,-1.006,0.177,1.088,0.469,1.406942882485282,S4G
3.985,2.574,-1.933,-0.006,-0.079,0.352,-0.577,0.0,0.0,0.0,0.0,0.0,0.0,-2.779,0.0,-0.505,0.0,1.0328333031661714,M1T
0.034,-0.106,-2.407,0.002,-0.012,-0.155,1.995,0.0,0.0,0.0,1.701,0.0,0.0,1.274,0.63,0.506,0.476,3.9368934914928095,T2M
1.78,15.65,1.033,0.003,0.394,1.715,7.492,0.0,0.0,0.0,0.843,-0.728,0.018,-3.585,0.0,0.986,0.0,25.600061905084885,M1V
3.37,-0.14,-3.21,-0.012,-0.103,0.405,0.143,0.0,0.0,0.0,0.0,0.0,0.0,-2.167,0.0,1.598,0.0,-0.1144856169728427,M1C
-0.585,0.003,-0.302,0.007,0.312,0.226,1.236,0.0,0.0,0.0,0.0,0.0,0.0,2.134,-0.407,-2.434,-0.402,-0.2142118010524427,S4E
-1.053,49.86167841619498,3.646,0.016,0.949,1.461,6.835,0.0,0.0,0.0,0.843,-0.728,0.0,0.395,0.0,-1.075,0.0,49.91190208146265,M1Y
-0.272,49.88087022357875,2.243,0.015,0.955,1.418,7.645,0.0,0.0,0.0,0.843,-0.728,0.0,0.246,0.0,-0.439,0.0,49.92603699805048,M1F
-1.246,9.21,-2.716,0.001,0.77,-0.025,6.034,0.709,0.0,0.0,4.015,0.0,0.029,0.407,-0.154,-2.795,0.571,14.808971167839672,T2P
-4.011,1.242,4.944,0.021,0.555,1.041,-3.306,0.0,0.0,0.0,0.0,-0.288,0.0,-0.497,-0.548,1.952,-0.283,0.8190967902253306,S4L
2.482,-0.64,0.273,0.008,0.289,0.247,1.179,0.0,0.0,0.0,0.0,0.0,0.0,0.554,0.0,-2.372,0.0,2.020578039955126,M1K
0.316,-0.142,-3.827,0.018,-0.137,0.236,0.512,0.0,0.0,0.0,0.558,0.0,0.0,0.484,0.04,1.519,0.024,-0.4005507246251909,H3F
8.07,0.048,-6.593,-0.003,-0.365,0.752,0.801,0.0,0.0,0.0,0.558,0.0,-0.029,-3.092,0.39,1.099,0.616,2.248305090835629,H3G
2.122,-1.055,0.346,0.0,0.252,-0.331,0.235,0.0,0.0,0.0,0.0,0.0,0.0,1.52,0.0,-3.108,0.0,-0.0194413909143804,M1Q
-0.804,0.82,0.611,0.01,0.344,0.525,-1.42,0.0,0.0,0.0,0.0,0.0,0.0,0.577,-0.284,-0.425,-0.395,-0.4425107309341456,S4K
-2.494,-0.133,-0.159,0.011,0.198,0.551,0.828,0.0,0.0,0.0,0.283,0.0,0.0,1.578,-0.271,1.947,-0.015,2.322715599924095,S4M
-0.785,0.004,0.126,0.011,0.04,0.002,-0.09,0.0,0.0,0.0,0.0,0.0,0.0,-0.486,-0.338,1.442,-0.112,-0.1889893108402702,S4T
5.172,-0.445,-3.834,-0.006,-0.184,-0.03,2.576,0.0,0.0,0.0,2.314,0.0,-0.01,-2.532,0.674,2.249,0.695,6.636076906949711,Q5G
6.098,-0.883,-4.112,-0.002,-0.367,0.307,0.569,0.0,0.0,0.0,0.558,0.0,0.0,-1.537,0.125,0.011,0.043,0.8100236774030236,H3S
6.501,-1.22,-1.319,-0.012,-0.078,0.025,-0.355,0.0,0.0,0.0,0.0,0.0,0.0,-2.428,0.0,-1.947,0.0,-0.8322154704649165,M1S
-1.92,9.128,-0.405,0.016,0.156,1.592,-3.06,0.0,0.0,0.0,0.558,-0.288,0.0,-3.004,-0.42,1.963,-0.078,4.236953137133696,H3L
-1.748,1.812,2.579,0.053,0.512,0.797,-1.123,0.0,0.0,0.0,2.314,-0.288,0.0,-1.304,0.236,2.67,0.052,6.55973724922319,Q5F
-3.081,6.505,1.469,0.029,0.368,0.778,-0.81,0.0,0.0,0.0,2.314,-0.288,-0.089,-3.749,-0.061,3.755,0.119,7.259087243263593,Q5I
-2.507,0.917,2.71,0.006,0.277,0.725,-1.327,0.0,0.0,0.0,2.314,-0.288,0.0,-1.821,0.125,3.109,0.165,4.402938549664441,Q5M
0.372,-0.284,-3.516,0.017,-0.125,0.09,0.65,0.0,0.0,0.0,0.558,0.0,0.0,0.482,0.085,0.883,-0.013,-0.8019168036182691,H3Y
-0.451,0.784,2.12,0.0,0.278,0.719,-1.452,0.0,0.0,0.0,2.314,-0.288,0.0,-2.856,0.405,4.706,0.44,6.718751717698069,Q5C
4.465,0.239,-1.0,0.003,0.197,1.228,-2.326,0.0,0.0,0.0,0.442,-0.68,0.0,1.307,0.01,-1.845,-0.069,1.971010510811766,H3D
-1.201,1.799,3.728,0.007,0.631,0.489,-2.02,0.0,0.0,0.0,2.314,-0.288,0.0,-1.758,0.251,1.151,0.044,5.146130084615379,Q5H
-1.935,1.162,2.224,0.016,0.344,0.814,-0.966,0.0,0.0,0.0,2.314,-0.288,0.0,-2.743,-0.13,3.113,-0.034,3.889520650858003,Q5L
3.146,-0.06,-4.188,-0.005,-0.184,0.094,2.663,0.0,0.0,0.0,2.314,0.0,0.0,-2.532,-0.115,2.776,-0.165,3.7423881071702,Q5A
4.565,0.198,-4.317,0.001,-0.319,0.342,0.086,0.0,0.0,0.0,0.558,0.0,0.0,-1.638,0.006,1.453,0.15,1.0826657390700802,H3T
-0.772,1.723,3.896,0.005,0.552,0.655,-0.585,0.0,0.0,0.0,2.314,-0.288,0.0,-2.972,0.573,0.111,0.364,5.574949770615376,Q5N
-0.958,2.057,2.428,0.01,0.333,0.32,-1.515,0.0,0.0,0.0,2.314,-0.288,0.0,-2.848,0.25,2.603,0.185,4.89058515232432,Q5T
1.817,-0.159,0.061,-0.002,0.122,-0.206,1.213,0.0,0.0,0.0,2.314,0.0,0.0,-1.245,0.336,-0.694,0.003,3.5570516878381118,Q5D
-2.331,1.231,4.683,0.004,0.45,0.741,-3.832,0.0,0.0,0.0,0.0,-0.288,0.0,-0.432,0.0,0.0,0.0,0.2288808307534964,H3H
-1.6,0.839,3.611,0.006,0.385,0.662,-0.278,0.0,0.0,0.0,2.314,-0.288,0.0,-2.038,0.12,0.737,-0.169,4.299958539123281,Q5K
5.643,-0.847,-7.676,0.015,-0.218,0.946,1.291,0.0,0.0,0.0,0.558,0.0,-0.149,0.164,-0.18,2.944,-0.012,2.477588916877494,H3V
8.444,-5.74,-8.445,0.012,1.348,-0.373,3.22,0.0,0.0,0.0,1.551,0.549,0.0,2.7,-0.434,-2.423,-0.317,0.0891352821734017,H3E
6.482,0.169,-6.627,-0.002,-0.365,0.782,0.784,0.0,0.0,0.0,0.558,0.0,0.0,-3.092,-0.4,1.626,-0.247,-0.3345141133820561,H3A
7.771,-4.678,-8.514,0.037,0.72,-0.459,4.358,0.0,0.0,0.0,1.551,0.549,0.0,2.943,-0.172,-0.414,-0.222,3.4695921875186286,H3K
4.168,-0.861,-5.106,-0.002,-0.379,0.478,0.724,0.0,0.0,0.0,0.558,0.0,0.0,-1.959,0.141,3.556,0.338,1.654390728780072,H3C
-0.64,1.573,-2.861,0.004,-0.21,0.59,1.136,0.0,0.0,0.0,0.558,0.0,0.0,-0.474,-0.184,1.958,0.101,1.5492338665940224,H3M
-3.767,2.163,5.339,0.013,0.644,0.093,0.259,0.0,0.0,0.0,2.314,-0.288,0.0,-1.98,0.023,1.357,-0.164,6.004035756541043,Q5R
1.131,-2.503,-3.294,0.028,0.94,0.389,0.646,0.0,0.0,0.0,1.551,0.261,0.0,0.655,-0.005,2.562,-0.074,2.2862819824943017,H3W
6.206,-5.571,-6.738,0.018,0.629,-0.882,4.83,0.0,0.0,0.0,1.551,0.549,0.0,3.61,-0.272,0.206,-0.205,3.9297131535277,H3R
5.275,0.388,-6.286,-0.001,-0.354,0.648,1.066,2.018,0.0,0.0,0.558,0.0,-0.008,-1.67,1.565,-1.342,0.667,2.518946116100324,H3P
-3.566,1.599,4.423,0.001,0.074,0.618,-4.182,0.0,0.0,0.0,-0.774,-0.287,0.0,-0.27,-0.473,3.471,-0.203,0.4310195291052423,D8A
-1.609,49.97701192604384,-2.524,-0.004,-0.148,0.168,3.201,1.029,0.0,0.0,4.016,0.0,0.013,-2.261,1.94,-0.192,10.828,49.98710364132149,Q5P
-2.006,5.141,0.943,0.02,0.322,0.778,-1.013,0.0,0.0,0.0,2.314,-0.288,-0.089,-2.906,0.033,4.094,0.026,7.366342983897766,Q5V
3.882,-0.849,-3.819,0.008,0.553,0.231,0.077,0.0,0.0,0.0,0.558,0.0,0.0,2.257,-0.331,-1.15,-0.061,1.3553324165500271,H3Q
-1.272,2.777,-1.962,0.02,0.15,-0.116,2.775,0.0,0.0,0.0,2.314,0.0,0.0,-1.321,0.199,3.712,-0.017,7.258186378361643,Q5W
-4.845,2.287,5.549,0.019,0.256,0.576,-4.089,0.0,0.0,0.0,-0.774,-0.287,0.0,0.625,-0.435,3.808,-0.03,2.658904704627276,D8L
3.179,0.235,-1.465,0.003,-0.109,-0.442,0.795,0.0,0.0,0.0,0.558,0.0,0.0,-2.067,0.218,-1.039,0.292,0.1545769761787596,H3N
12.811,-1.194,-10.856,-0.012,-0.3,2.375,-0.629,0.0,0.0,0.0,0.899,-1.959,0.0,0.029,-0.044,1.42,0.084,2.6229735655356308,R7A
-1.851,1.007,2.514,0.035,0.503,0.799,-1.059,0.0,0.0,0.0,2.314,-0.288,0.0,-0.308,0.288,2.034,0.023,6.009325388090929,Q5Y
0.08,1.061,0.021,0.0,0.025,0.022,-0.081,0.0,0.0,0.0,0.0,0.0,0.0,-1.016,0.0,0.0,0.0,0.111299618119574,Q5Q
12.157,-1.184,-7.899,-0.012,-0.275,2.094,-1.738,0.0,0.0,0.0,0.899,-1.959,0.0,0.437,0.378,-0.195,0.308,3.010395858900438,R7S
-2.451,0.755,3.72,0.025,0.521,0.826,-3.686,0.0,0.0,0.0,-0.774,-0.287,0.0,1.336,-0.063,3.364,0.053,3.3376217724860453,D8F
-5.28,1.647,5.719,0.002,0.085,0.578,-4.916,0.0,0.0,0.0,-0.774,-0.287,0.0,-0.153,0.094,5.401,0.438,2.551231162091426,D8C
0.582,0.768,3.118,0.0,0.291,0.358,-1.536,0.0,0.0,0.0,2.314,-0.288,0.0,-2.502,0.418,1.162,0.134,4.817585998202048,Q5S
-3.495,0.981,2.548,0.003,-0.262,-0.231,-0.533,0.0,0.0,0.0,-0.774,0.0,0.0,1.103,-0.202,1.432,-0.179,0.387307563187278,D8K
-3.266,1.947,3.392,0.001,0.303,0.389,-3.023,0.0,0.0,0.0,0.0,-0.723,0.0,1.646,-0.427,-0.578,-0.283,-0.6251727928522541,D8E
0.509,26.637,-6.143,0.07,0.082,-0.332,3.722,0.0,0.0,0.0,1.752,0.0,0.0,1.914,0.132,0.677,0.165,29.182246440133667,R6Y
-5.892,1.896,6.724,0.008,0.082,0.517,-4.286,0.0,0.0,0.0,-0.774,-0.287,0.0,0.871,-0.198,3.803,0.163,2.6263840833014456,D8M
-4.675,1.01,3.434,0.001,0.027,-0.173,-1.046,0.0,0.0,0.0,-0.774,0.0,0.0,2.672,-0.045,1.845,0.05,2.3242547109953198,D8H
-3.966,1.108,1.552,0.025,-0.303,-0.187,-0.422,0.0,0.0,0.0,-0.774,0.0,-0.135,0.417,-0.334,4.45,0.126,1.5552478614554277,D8I
-4.622,1.751,6.623,0.003,0.308,0.467,-4.189,0.0,0.0,0.0,0.0,-0.287,0.0,-0.232,0.0,0.0,0.0,-0.1795482629638627,D8D
-5.475,1.658,5.868,0.021,0.509,0.601,-4.2,0.0,0.0,0.0,-0.774,-0.287,0.0,1.284,-0.1,4.407,-0.033,3.476970003413726,D8W
-2.254,1.573,4.667,0.0,0.074,0.444,-4.264,0.0,0.0,0.0,-0.774,-0.287,-0.024,-0.27,0.336,2.944,0.671,2.8358154443990315,D8G
-4.289,49.99722864117351,-0.884,0.0,-0.203,0.194,1.324,0.036,1.176,0.0,-0.491,0.0,0.004,0.479,1.417,0.503,11.164,49.9981739153008,D8P
-1.246,0.146,0.781,0.005,-0.05,-0.069,-0.497,0.0,0.0,0.0,-0.774,0.0,0.0,2.199,-0.318,0.695,0.002,0.8717627022535908,D8Q
-4.477,1.599,6.798,0.011,0.139,0.394,-5.185,0.0,0.0,0.0,-0.774,-0.287,0.0,-0.147,-0.023,3.298,0.185,1.5284681209302562,D8T
-5.46,2.668,5.145,0.021,0.128,0.575,-4.257,0.0,0.0,0.0,-0.774,-0.287,-0.135,-0.191,-0.236,4.789,0.03,2.013585987640454,D8V
-5.133,1.76,5.506,0.005,0.264,0.181,-2.676,0.0,0.0,0.0,0.0,-0.287,0.0,-0.495,0.238,0.806,0.357,0.5255521477968159,D8N
-2.438,0.754,3.711,0.024,0.53,0.825,-3.682,0.0,0.0,0.0,-0.774,-0.287,0.0,1.383,-0.01,2.728,0.013,2.7750386905997857,D8Y
6.439,-0.804,-2.54,-0.002,0.189,0.911,5.927,0.0,0.0,0.0,2.256,-0.621,0.0,3.041,-0.124,-2.629,-0.079,11.961855030445804,R6E
16.83,-2.087,-12.408,-0.011,-0.158,2.442,-0.325,0.0,0.0,0.0,0.899,-1.959,0.019,-0.171,0.681,0.893,0.877,5.52018698686561,R7G
-6.04,1.892,7.734,0.011,0.268,0.347,-4.241,0.0,0.0,0.0,-0.774,-0.287,0.0,1.249,-0.307,2.051,-0.174,1.7276027438595063,D8R
2.917,-0.393,-1.11,-0.015,-0.293,-0.091,0.109,0.0,0.0,0.0,0.0,0.0,-0.013,-2.194,0.589,1.513,0.863,1.8826664587659248,K9G
-1.639,0.753,4.831,0.004,0.24,0.663,-4.682,0.0,0.0,0.0,-0.774,-0.287,0.0,0.02,0.098,1.856,0.119,1.2002531229932174,D8S
10.23,-0.756,-8.787,-0.005,-0.236,1.977,-1.764,0.0,0.0,0.0,0.899,-1.959,0.0,0.467,0.119,1.247,0.311,1.7413445791528377,R7T
10.999,-0.575,-13.347,0.008,-0.11,2.68,0.033,0.0,0.0,0.0,0.899,-1.959,-0.089,-0.496,-0.126,2.738,0.145,0.7991441203698741,R7V
2.053,-0.133,-7.559,-0.007,-0.155,0.324,3.177,0.0,0.0,0.0,1.752,0.0,0.0,-0.288,0.107,1.752,0.33,1.3518135018457542,R6M
11.09,-1.276,-7.945,-0.005,0.165,2.629,-2.129,0.0,0.0,0.0,0.899,-1.959,0.0,3.727,-0.161,-2.629,-0.081,2.324644552723612,R7E
6.906,-2.135,-2.679,-0.007,0.073,-0.461,5.164,0.0,0.0,0.0,1.752,0.0,0.0,2.113,0.334,-2.051,0.182,9.190255455444913,R6D
12.405,-1.414,-7.476,-0.008,0.46,2.771,-2.643,0.0,0.0,0.0,0.899,-1.959,0.0,3.094,0.286,-2.051,0.132,4.4954894912102645,R7D
6.009,2.477,-12.722,0.002,-0.22,2.214,-0.626,0.0,0.0,0.0,0.899,-1.959,0.0,0.991,-0.188,1.757,0.094,-1.273471307716591,R7L
9.738,-1.111,-9.94,-0.012,-0.288,2.423,-1.493,0.0,0.0,0.0,0.899,-1.959,0.0,0.144,0.36,3.35,0.573,2.6840864554362724,R7C
9.042,49.98661102554691,-10.126,-0.008,-0.124,3.28,0.113,20.886,1.116,0.0,0.929,-2.056,0.016,0.078,2.246,-1.548,11.666,49.99676467686975,R7P
-2.366,5.861,-0.889,0.009,-0.075,-0.034,0.252,0.0,0.0,0.0,0.0,0.0,0.0,0.114,0.154,1.933,0.224,5.1813304731304015,K9F
-2.375,0.283,1.596,-0.011,0.086,0.112,-1.292,0.0,0.0,0.0,0.0,0.0,0.0,0.109,0.132,0.414,0.2,-0.746425108947733,K9H
6.933,41.81806207349868,-6.794,0.027,0.566,1.889,-0.984,0.0,0.0,0.0,0.899,-1.959,0.0,3.913,0.133,-0.206,0.15,43.08970324388369,R7H
-2.593,4.184,-0.69,0.008,-0.058,-0.012,0.099,0.0,0.0,0.0,0.0,0.0,0.0,0.027,0.201,1.297,0.2,2.6616195604524364,K9Y
-1.28,0.23,-0.977,0.003,-0.215,-0.012,0.154,0.0,0.0,0.0,0.0,0.0,0.0,-2.003,-0.256,2.376,0.127,-1.8543839503395247,K9L
7.709,6.117,-15.919,0.006,-0.619,-0.246,7.039,0.0,0.0,0.0,1.752,0.287,-0.105,1.993,-0.118,2.738,0.164,10.793820835413726,R6V
0.072,0.036,0.31,-0.008,0.485,-0.014,0.363,0.0,0.0,0.0,0.0,0.0,0.0,0.674,-0.254,-2.01,-0.083,-0.4296180536853171,K9E
6.948,-2.756,-9.483,-0.009,-0.212,0.668,2.728,0.0,0.0,0.0,1.752,0.0,0.0,-0.733,0.339,3.35,0.633,3.223996015172588,R6C
-2.354,0.863,2.021,-0.003,-0.143,-0.244,-0.415,0.0,0.0,0.0,0.0,0.0,0.0,0.201,0.0,0.0,0.0,-0.0731170746412317,K9K
5.749,-0.968,-4.684,-0.006,0.059,-0.676,2.88,0.0,0.0,0.0,1.752,0.0,0.0,1.342,0.594,-1.245,0.535,5.329791947548983,R6N
0.0,0.0,0.0,0.0,0.0,0.0,0.0,0.0,0.0,0.0,0.0,0.0,0.0,0.0,0.0,0.0,0.0,0.0,R7R
3.079,0.618,-2.733,-0.006,-0.028,0.999,2.902,0.0,0.0,0.0,1.752,0.0,0.0,2.789,0.012,-1.356,0.164,8.189327012802323,R6Q
-0.051,0.038,-0.636,-0.013,-0.281,0.021,-0.402,0.0,0.0,0.0,0.0,0.0,0.0,-2.087,0.305,3.97,0.564,1.427694112341669,K9C
0.257,48.63145217174871,-12.456,0.055,0.017,2.993,0.155,0.0,0.0,0.0,0.899,-1.959,0.0,5.697,0.124,1.313,0.173,48.47579728471929,R7F
6.485,49.985269235257505,-13.053,-0.014,-0.616,0.025,7.682,17.635,1.184,0.0,1.752,0.287,-0.015,-0.501,2.089,-1.548,11.489,49.99604547301868,R6P
-4.401,30.63,3.93,0.036,-0.371,1.557,1.906,0.0,0.0,0.0,0.0,-0.826,-0.133,0.567,-0.162,3.019,0.273,36.02163058379119,K9I
10.115,-1.585,-7.452,-0.007,0.117,3.267,-2.514,0.0,0.0,0.0,0.265,-1.959,0.0,2.428,0.54,-1.245,0.494,2.4639945215990338,R7N
-0.007,0.061,1.628,-0.011,0.015,-0.255,0.923,0.0,0.0,0.0,0.0,0.0,0.0,-0.87,0.201,-1.431,0.15,0.4037157834602567,K9D
-2.037,0.446,0.143,0.008,-0.012,0.114,0.262,0.0,0.0,0.0,0.0,0.0,0.0,-0.237,0.118,2.976,0.152,1.933029820038428,K9W
2.982,49.29636186477413,-7.234,0.031,0.299,2.54,-2.172,0.0,0.0,0.0,-0.743,-1.959,0.0,5.21,0.179,0.677,0.167,49.295753246225935,R7Y
4.336,-5.247,8.783,-0.015,0.447,-0.177,-1.689,0.0,0.0,0.0,0.0,0.0,0.0,1.732,0.492,-3.807,0.047,4.901645513182302,L10D
4.63,-2.273,-6.725,-0.003,-0.331,-0.444,4.173,0.0,0.0,0.0,0.0,0.287,0.0,0.931,0.0,0.0,0.0,0.2441545516037422,R6R
6.636,0.104,-10.868,0.015,-0.231,2.375,-0.204,0.0,0.0,0.0,0.899,-1.959,-0.089,-0.125,-0.21,2.399,0.223,-1.0369154164798149,R7I
10.6,-2.916,-11.548,-0.01,-0.224,0.706,3.164,0.0,0.0,0.0,1.752,0.0,0.0,-0.853,-0.103,1.42,0.062,2.047854064655212,R6A
0.094,11.742,-7.795,0.012,-0.03,0.056,3.167,0.0,0.0,0.0,1.752,0.0,0.0,2.1,0.075,1.313,0.176,12.658707320323174,R6F
13.396,-2.718,-12.313,-0.015,-0.25,0.788,3.68,0.0,0.0,0.0,1.752,0.0,-0.007,-0.947,0.64,0.893,0.88,5.776464902768339,R6G
-1.957,0.345,-0.596,-0.005,-0.28,0.027,0.089,0.0,0.0,0.0,0.0,0.0,0.0,-0.681,0.007,2.372,0.315,-0.3635842819260233,K9M
3.26,19.119,-9.913,0.003,-0.171,0.857,2.734,0.0,0.0,0.0,1.752,0.0,0.0,0.143,-0.178,1.757,0.113,19.474423244643503,R6L
1.384,-0.207,-1.83,-0.014,-0.293,0.062,0.22,0.0,0.0,0.0,0.0,0.0,0.0,-2.194,-0.179,2.04,0.026,-0.9860026029441542,K9A
-4.101,-0.124,2.963,0.0,0.062,0.115,-1.32,0.0,0.0,0.0,0.0,0.0,0.0,0.101,-0.086,0.62,0.016,-1.755888181861792,K9R
5.06,7.806,-14.825,0.013,-0.61,-0.146,7.041,0.0,0.0,0.0,1.752,0.287,-0.105,1.617,-0.221,2.399,0.256,10.32161569537834,R6I
9.044,-1.691,-8.473,-0.005,0.044,2.851,-2.399,0.0,0.0,0.0,-0.054,-1.959,0.0,2.543,-0.019,-1.356,0.124,-1.3484789571691636,R7Q
-0.445,0.023,0.808,-0.008,-0.03,-0.354,0.145,0.0,0.0,0.0,0.0,0.0,0.0,-1.165,0.427,-0.625,0.512,-0.7125462498465822,K9N
0.375,0.301,3.73,0.002,0.383,0.994,-4.156,0.0,0.0,0.0,0.342,0.0,0.0,2.502,0.062,-0.619,-0.018,3.8978315852102696,R7K
-0.956,0.183,2.124,-0.009,-0.242,0.224,-0.336,0.0,0.0,0.0,0.0,0.0,0.0,-0.966,0.119,1.867,0.354,2.3604627752083616,K9T
-4.174,36.759,2.909,0.015,-0.435,1.646,1.943,0.0,0.0,0.0,0.0,-0.826,-0.133,-0.506,-0.085,3.358,0.192,40.66109611200272,K9V
8.907,-2.302,-8.326,-0.004,-0.032,0.958,3.126,0.0,0.0,0.0,1.752,0.0,0.0,0.696,0.128,1.247,0.322,6.4693145814985655,R6T
2.659,48.74007662097393,-8.063,0.026,0.476,2.595,-2.128,0.0,0.0,0.0,0.899,-1.959,0.0,5.566,0.098,2.356,0.146,48.86631381570744,R7W
5.817,-0.247,-10.132,-0.008,-0.233,2.157,-0.861,0.0,0.0,0.0,0.899,-1.959,0.0,1.775,0.112,1.752,0.301,-0.6274816856619054,R7M
-2.003,0.639,1.255,-0.008,-0.106,0.0,0.308,0.0,0.0,0.0,0.0,0.0,0.0,-0.004,-0.138,-0.736,0.149,-0.6438380252870957,K9Q
-3.672,49.93505661955658,0.0,-0.013,-0.256,0.206,0.461,3.843,1.067,0.0,0.0,0.0,-0.009,-1.697,1.959,-0.928,11.49,49.960520893135126,K9P
2.056,0.257,-1.165,-0.004,-0.08,0.058,0.546,0.0,0.0,0.0,1.752,0.0,0.0,-0.547,0.086,-0.619,-0.006,2.330553336532148,R6K
12.0,-3.786,-9.038,-0.008,-0.057,0.669,2.887,0.0,0.0,0.0,1.752,0.0,0.0,-0.642,0.378,-0.195,0.332,4.290914831595728,R6S
3.759,3.841,-7.654,-0.012,-0.262,-0.976,6.559,0.0,0.0,0.0,1.752,-0.254,0.0,0.772,0.138,-0.206,0.18,7.634276892184289,R6H
1.041,-0.076,0.414,-0.014,-0.268,-0.178,-0.65,0.0,0.0,0.0,0.0,0.0,0.0,-1.722,0.306,0.425,0.289,-0.4347659270874828,K9S
-3.575,7.827,-4.684,0.014,0.036,-0.357,3.33,0.0,0.0,0.0,1.752,0.0,0.0,2.569,0.044,2.356,0.151,9.460739211170903,R6W
-3.734,44.45,1.204,0.03,0.153,0.026,-0.265,0.0,0.0,0.0,0.0,0.0,0.0,2.79,0.301,-0.443,0.075,44.58857647197669,L10F
7.836,-5.239,2.291,-0.017,-0.163,0.046,0.066,0.0,0.0,0.0,0.0,0.0,0.0,-1.535,0.123,-0.336,-0.022,3.0506513169020764,L10A
10.243,-5.414,3.934,-0.018,-0.163,-0.154,-0.035,0.0,0.0,0.0,0.0,0.0,0.002,-1.535,0.853,-0.863,0.779,7.62903576778649,L10G
4.459,-3.823,4.946,-0.01,-0.099,0.014,-1.274,0.0,0.0,0.0,0.0,0.0,0.0,-1.111,0.307,-0.509,0.215,3.11508155250408,L10T
-11.351,49.987898076118825,1.875,0.022,0.278,-0.191,-0.395,0.0,0.0,0.0,0.0,0.0,0.0,2.245,0.271,0.6,0.049,49.984244630774874,L10W
2.878,0.259,3.193,0.015,-0.248,1.698,2.278,0.0,0.0,0.0,0.0,-0.618,-0.112,0.455,0.062,0.982,0.051,10.8926038603895,L10V
0.0,0.0,0.0,0.0,0.0,0.0,0.0,0.0,0.0,0.0,0.0,0.0,0.0,0.0,0.0,0.0,0.0,0.0,L10L
1.48,-3.089,9.998,-0.004,1.06,0.439,-1.172,0.0,0.0,0.0,0.0,0.0,0.0,1.386,0.036,-4.386,-0.18,5.569619142742113,L10E
2.231,-3.074,5.646,0.001,0.866,0.489,-0.079,0.0,0.0,0.0,0.0,0.0,0.0,2.845,0.175,-3.112,0.036,6.024172526659868,L10Q
1.176,0.715,3.382,0.034,-0.125,-0.115,1.565,0.0,0.0,0.0,0.362,0.621,-0.112,1.521,-0.027,0.643,0.133,9.772489560621352,L10I
9.28,-5.734,3.784,-0.014,0.054,0.007,0.014,0.0,0.0,0.0,0.0,0.0,0.0,-0.713,0.564,-1.951,0.215,5.507830445897525,L10S
-2.919,-3.295,8.524,-0.003,0.571,1.067,0.442,0.0,0.0,0.0,0.0,-0.618,0.0,3.237,0.324,-1.962,0.059,5.426915180270044,L10H
6.976,-5.585,0.919,-0.013,0.026,0.253,0.066,0.0,0.0,0.0,0.0,0.0,0.0,-0.386,0.538,1.594,0.492,4.879316287745724,L10C
-1.312,15.002,2.041,0.0,-0.1,0.044,-0.11,0.0,0.0,0.0,0.0,0.0,0.0,0.244,0.298,-0.004,0.21,16.31302290406893,L10M
-6.483,45.193214053838695,15.538,0.016,1.261,0.187,0.105,0.0,0.0,0.0,0.362,-0.033,0.0,5.799,0.189,-1.756,-0.099,47.31244521552011,L10R
1.634,49.97054478808558,4.15,-0.016,-0.127,0.254,0.48,25.06,1.152,0.0,0.0,0.0,-0.015,-0.707,2.401,-3.304,11.604,49.99463227459049,L10P
2.931,-5.099,6.552,-0.012,0.421,-0.098,-0.243,0.0,0.0,0.0,0.0,0.0,0.0,1.95,0.745,-3.001,0.408,4.552838670425444,L10N
-2.704,5.853,12.572,-0.005,0.338,0.344,0.828,0.0,0.0,0.0,0.0,0.0,0.0,1.13,0.258,-2.376,-0.113,16.12476992524853,L10K
-4.684,49.91953032187222,3.865,0.05,0.075,0.509,-0.145,0.0,0.0,0.0,0.0,0.0,0.0,3.161,0.357,-1.079,0.068,49.92624073082854,L10Y
-3.382,30.459,-5.025,0.066,0.136,-0.019,5.712,0.0,0.0,0.0,0.0,0.0,0.0,3.109,-0.388,1.933,0.117,32.71727058459328,K11F
5.115,-1.336,-4.02,-0.006,-0.092,-0.558,4.432,0.0,0.0,0.0,0.0,0.0,0.0,-1.197,0.38,0.425,0.378,3.5201070417397204,K11S
0.43,24.78,-5.838,0.046,0.094,-0.141,5.082,0.0,0.0,0.0,0.0,0.0,0.0,0.498,-0.126,2.376,0.166,27.36568310258326,K11L
7.749,-1.632,-7.546,-0.007,-0.115,-0.513,4.945,0.0,0.0,0.0,0.0,0.0,-0.05,-1.74,0.488,1.513,0.82,3.908962373358463,K11G
-0.877,0.003,1.738,0.005,0.259,-0.318,-0.14,0.0,0.0,0.0,0.0,0.0,0.0,1.014,0.722,-2.665,0.48,0.2215980570038027,A12N
1.338,-0.352,-0.357,-0.001,0.145,-0.802,8.366,0.0,0.0,0.0,0.0,0.0,0.0,1.531,-0.063,-2.01,-0.029,7.765744395479032,K11E
-0.203,0.02,1.525,0.0,0.024,-0.134,-0.643,0.0,0.0,0.0,0.0,0.0,0.0,0.415,0.489,-1.614,0.278,0.1570359047655074,A12S
-0.997,-0.038,1.47,0.016,0.182,-0.127,-0.106,0.0,0.0,0.0,0.0,0.0,0.0,0.719,-0.081,0.337,0.029,1.4029913466131347,A15L
-0.165,-0.1,-3.778,-0.003,-0.072,-0.106,4.873,0.0,0.0,0.0,0.0,0.0,0.0,-0.288,0.096,2.372,0.466,3.2952844351018484,K11M
1.528,-1.263,-1.727,-0.002,0.143,-1.154,5.135,0.0,0.0,0.0,0.0,0.0,0.0,0.734,0.494,-0.625,0.589,3.84949258300594,K11N
-1.469,0.179,1.414,0.003,0.396,-0.087,-0.428,0.0,0.0,0.0,0.0,0.0,0.0,2.28,0.233,-1.625,0.121,1.0151814169244062,A12H
2.576,-1.261,-5.952,-0.005,-0.104,-0.048,4.308,0.0,0.0,0.0,0.0,0.0,0.0,-1.364,0.235,3.97,0.817,3.1698863735898613,K11C
-4.718,49.37059712947036,1.422,0.001,0.029,0.257,0.056,1.024,0.795,0.0,0.0,0.0,0.012,-0.164,2.138,-2.968,11.085,49.559481611193455,A12P
-0.803,0.022,0.92,0.001,0.012,-0.006,-0.442,0.0,0.0,0.0,0.0,0.0,0.0,0.133,0.443,1.93,0.589,2.797221060477341,A12C
0.325,-0.809,-1.025,0.031,0.218,0.267,0.552,0.0,0.0,0.0,0.0,0.0,-0.054,-0.079,-0.127,0.979,0.199,0.4763728844491197,A12I
2.375,-0.866,-2.408,-0.008,-0.677,0.281,0.412,0.0,0.0,0.0,0.0,0.0,0.0,-2.466,0.116,2.776,-0.017,-0.4827080913776171,Q13A
-1.428,0.01,0.861,0.022,0.292,-0.129,-0.12,0.0,0.0,0.0,0.0,0.0,0.0,1.936,0.142,-0.106,0.105,1.5848167070648742,A12F
0.275,49.99964065707675,-5.947,-0.005,-0.058,-0.103,6.303,2.573,1.179,0.0,0.0,0.0,-0.022,-2.071,0.714,-0.928,3.0,49.99970472266377,K11P
-1.305,10.494,-6.672,0.04,-0.002,-0.231,4.748,0.0,0.0,0.0,0.0,0.0,-0.063,2.099,-0.097,3.019,0.413,12.441959788530994,K11I
0.0,0.0,0.0,0.0,0.0,0.0,0.0,0.0,0.0,0.0,0.0,0.0,0.0,0.0,0.0,0.0,0.0,0.0,A12A
5.701,-1.416,-7.952,-0.006,-0.115,-0.318,4.942,0.0,0.0,0.0,0.0,0.0,0.0,-1.74,-0.027,2.04,0.149,1.2549613869716725,K11A
1.563,-0.824,0.365,0.005,0.447,-0.043,0.615,0.0,0.0,0.0,0.0,0.0,0.0,1.119,0.451,-3.47,0.135,0.3619155184546798,A12D
0.88,-0.808,-0.85,0.017,0.219,0.276,0.452,0.0,0.0,0.0,0.0,0.0,0.0,0.13,-0.063,0.337,0.052,0.6404136412349999,A12L
2.414,-0.367,0.531,-0.003,0.202,-1.055,9.358,0.0,0.0,0.0,0.0,0.0,0.0,-0.698,0.176,-1.431,0.301,9.427032692869943,K11D
-1.566,0.063,1.201,0.021,0.283,-0.07,-0.042,0.0,0.0,0.0,0.0,0.0,0.0,2.262,0.119,0.937,0.085,3.2922674727117283,A12W
1.038,-0.048,0.094,-0.001,0.0,-0.1,-0.083,0.0,0.0,0.0,0.0,0.0,0.0,0.0,0.742,-0.526,0.815,1.9286161032362088,A12G
1.049,-0.824,0.696,0.007,0.409,-0.031,-0.107,0.0,0.0,0.0,0.0,0.0,0.0,2.338,0.003,-4.049,-0.138,-0.6487378521480878,A12E
-2.111,0.467,0.942,0.005,0.068,0.073,-0.034,0.0,0.0,0.0,0.0,0.0,0.0,1.518,0.216,0.333,0.275,1.7513644045684489,A12M
0.0,0.0,0.0,0.0,0.0,0.0,0.0,0.0,0.0,0.0,0.0,0.0,0.0,0.0,0.0,0.0,0.0,0.0,K11K
1.281,16.343,-7.37,0.011,-0.065,-0.057,4.771,0.0,0.0,0.0,0.0,0.0,-0.063,-1.358,-0.018,3.358,0.271,17.102061780964277,K11V
-1.52,1.346,-1.135,0.0,0.22,-0.796,4.42,0.0,0.0,0.0,0.0,0.0,0.0,1.747,-0.155,0.414,0.262,4.801013021193967,K11H
0.779,-0.828,0.363,0.008,0.332,0.1,-0.387,0.0,0.0,0.0,0.0,0.0,0.0,2.027,0.141,-2.775,0.112,-0.1293753345689765,A12Q
0.891,-0.086,-1.759,0.0,0.069,-0.91,4.353,0.0,0.0,0.0,0.0,0.0,0.0,0.984,0.068,-0.736,0.26,3.132471976492297,K11Q
-0.987,0.011,1.455,0.006,0.117,-0.01,-0.062,0.0,0.0,0.0,0.0,0.0,0.0,1.003,0.199,-2.039,-0.068,-0.373945526151374,A12K
-0.673,0.054,-6.467,0.026,0.739,0.212,6.058,0.0,0.0,0.0,0.0,0.0,0.0,3.399,-0.253,2.976,0.073,6.141342915845598,K11W
-0.623,0.225,0.556,0.004,0.075,-0.717,1.92,0.0,0.0,0.0,0.0,0.0,0.0,0.184,-0.154,0.62,0.046,2.1329867924102928,K11R
-1.433,0.053,0.522,0.02,0.055,-0.027,-0.116,0.0,0.0,0.0,0.0,0.0,-0.054,-0.008,-0.015,1.318,0.102,0.4147383712740975,A12V
-0.728,0.001,1.417,0.01,0.066,-0.213,-0.697,0.0,0.0,0.0,0.0,0.0,0.0,0.036,0.233,-0.173,0.255,0.2062528261415082,A12T
-1.047,0.021,1.512,0.01,0.198,0.013,-0.341,0.0,0.0,0.0,0.0,0.0,0.0,1.552,0.108,-1.419,-0.063,0.5420756819919461,A12R
-4.128,33.469,-3.536,0.071,0.172,-0.186,4.804,0.0,0.0,0.0,0.0,0.0,0.0,2.619,-0.345,1.297,0.073,34.308316011648,K11Y
-1.397,0.001,0.88,0.022,0.302,-0.133,-0.097,0.0,0.0,0.0,0.0,0.0,0.0,1.967,0.199,-0.742,0.094,1.0951457702610696,A12Y
1.512,-0.274,0.537,-0.001,0.0,-0.196,-0.061,0.0,0.0,0.0,0.0,0.0,-0.003,0.0,0.719,-0.526,0.797,2.5021867865166314,A15G
-0.429,-0.081,2.315,0.002,0.678,-0.191,0.393,0.0,0.0,0.0,0.0,0.0,0.0,2.901,0.443,-3.47,0.127,2.6866993912683483,A15D
2.588,0.378,-3.995,-0.002,-0.069,0.163,4.678,0.0,0.0,0.0,0.0,0.0,0.0,0.547,0.096,1.867,0.281,6.530465631427205,K11T
-5.503,49.99994446573661,1.92,0.001,0.037,-0.071,1.846,0.209,0.955,0.0,0.0,0.0,0.005,0.307,0.958,-2.968,2.151,49.999944123439484,A16P
-1.933,1.2,1.088,-0.001,-0.344,-0.139,0.502,0.0,0.0,0.0,0.0,0.0,0.0,0.408,0.235,1.151,0.067,2.2316242161887203,Q13H
-0.281,-0.194,-0.559,0.004,-0.581,0.279,0.135,0.0,0.0,0.0,0.0,0.0,0.0,-1.474,0.159,3.109,0.151,0.7467448007660096,Q13M
-0.368,-0.09,1.307,0.001,0.046,-0.1,-0.298,0.0,0.0,0.0,0.0,0.0,0.0,1.197,0.417,1.93,0.582,4.623142976701274,A15C
-0.151,0.475,1.187,-0.001,-0.397,0.092,0.38,0.0,0.0,0.0,0.0,0.0,0.0,-0.161,0.464,0.111,0.335,2.3328085289567757,Q13N
0.0,0.0,0.0,0.0,0.0,0.0,0.0,0.0,0.0,0.0,0.0,0.0,0.0,0.0,0.0,0.0,0.0,0.0,A15A
0.025,0.153,0.018,0.006,-0.374,0.198,0.332,0.0,0.0,0.0,0.0,0.0,0.0,-0.967,0.119,0.737,-0.096,0.1501431408710232,Q13K
-0.567,-0.034,1.732,0.007,0.193,-0.089,-0.218,0.0,0.0,0.0,0.0,0.0,0.0,1.169,0.184,-2.039,-0.087,0.2500392975791783,A15K
-1.552,0.003,1.458,0.019,0.413,-0.037,-0.197,0.0,0.0,0.0,0.0,0.0,0.0,1.247,0.057,0.937,0.064,2.410738350435849,A15W
-1.115,0.004,2.402,0.008,0.229,-0.206,0.034,0.0,0.0,0.0,0.0,0.0,0.0,1.437,0.285,-2.039,0.119,1.155822271716488,A16K
-4.225,49.713031728660816,1.551,0.038,0.114,0.153,-0.573,0.0,0.0,0.0,0.0,0.0,-0.067,1.267,-0.179,0.979,0.172,49.70407865075234,A15I
-0.864,-0.056,1.497,0.021,0.294,-0.064,-0.233,0.0,0.0,0.0,0.0,0.0,0.0,1.631,0.077,-0.106,0.07,2.2658456542615117,A15F
-1.477,0.302,1.359,0.009,0.097,-0.035,-0.379,0.0,0.0,0.0,0.0,0.0,0.0,1.903,0.203,0.333,0.259,2.57261195171418,A15M
-3.816,0.839,0.99,0.047,0.212,-0.305,0.248,0.0,0.0,0.0,0.0,0.0,0.0,3.0,0.662,-0.106,0.436,2.204863684020438,A16F
-3.799,0.505,1.155,0.047,0.238,-0.318,0.272,0.0,0.0,0.0,0.0,0.0,0.0,3.446,0.694,-0.742,0.363,1.8586075589780648,A16Y
-0.857,-0.016,1.49,0.02,0.304,-0.067,-0.141,0.0,0.0,0.0,0.0,0.0,0.0,1.66,0.134,-0.742,0.065,1.8477410963289456,A15Y
-0.665,-0.051,2.287,0.006,0.346,-0.175,1.096,0.0,0.0,0.0,0.0,0.0,0.0,2.829,-0.001,-4.049,-0.147,1.475252812886538,A15E
-0.612,-0.057,1.791,0.003,0.665,-0.103,-0.477,0.0,0.0,0.0,0.0,0.0,0.0,1.545,0.187,-1.625,0.094,1.4103991562685678,A15H
0.358,0.275,-1.035,-0.006,-0.661,0.251,-0.054,0.0,0.0,0.0,0.0,0.0,0.0,-2.691,0.535,4.706,0.322,1.9981505949028813,Q13C
0.5,0.435,2.498,-0.003,-0.359,0.234,1.101,0.0,0.0,0.0,0.0,0.0,0.0,-1.011,0.216,-0.694,0.004,2.9195417066696336,Q13D
0.0,0.0,0.0,0.0,0.0,0.0,0.0,0.0,0.0,0.0,0.0,0.0,0.0,0.0,0.0,0.0,0.0,0.0,A16A
-3.353,5.096,1.163,0.031,0.079,-0.383,0.008,0.0,0.0,0.0,0.0,0.0,-0.087,0.74,0.496,0.979,0.436,5.201828439513292,A16I
-1.466,16.716,-1.258,0.031,-0.554,0.12,0.446,0.0,0.0,0.0,0.0,0.0,-0.148,-0.949,0.071,3.755,0.15,16.91128091291057,Q13I
-6.618,49.99501279520407,1.418,0.002,0.037,0.076,-0.077,0.877,1.161,0.0,0.0,0.0,0.004,-0.182,2.137,-2.968,11.186,49.996238391184,A15P
-1.756,0.393,4.578,0.003,0.313,-0.591,0.772,0.0,0.0,0.0,0.0,0.0,0.0,1.344,0.374,-3.47,0.28,2.23761177048641,A16D
-2.528,44.988,0.564,0.019,0.054,0.066,-0.248,0.0,0.0,0.0,0.0,0.0,-0.067,-0.017,-0.063,1.318,0.076,44.15939989020444,A15V
-0.936,-0.016,2.753,0.011,0.068,-0.206,-1.818,0.0,0.0,0.0,0.0,0.0,0.0,0.458,0.686,-0.173,0.568,1.395033457241425,A16T
-4.934,1.543,1.956,0.027,0.279,-0.083,0.217,0.0,0.0,0.0,0.0,0.0,0.0,3.378,0.524,0.937,0.236,4.07961861262379,A16W
0.417,-0.411,0.306,-0.002,0.139,0.116,0.258,0.0,0.0,0.0,0.0,0.0,0.0,0.583,-0.134,-1.273,-0.145,-0.1474751553687383,Q13E
-1.869,1.306,1.155,0.001,0.013,-0.03,-1.14,0.0,0.0,0.0,0.0,0.0,0.0,0.227,0.681,1.93,0.611,2.8837769986073454,A16C
4.328,-0.988,-1.18,-0.009,-0.677,0.135,0.409,0.0,0.0,0.0,0.0,0.0,0.029,-2.466,0.846,2.249,0.737,3.4112505909570245,Q13G
-0.608,-0.021,1.997,0.003,0.626,-0.214,-0.16,0.0,0.0,0.0,0.0,0.0,0.0,2.298,0.721,-2.665,0.464,2.440911511453578,A15N
-0.105,-0.035,1.754,0.0,0.073,-0.251,-0.362,0.0,0.0,0.0,0.0,0.0,0.0,0.785,0.47,-1.614,0.27,0.9832773745540636,A15S
0.0,0.0,0.0,0.0,0.0,0.0,0.0,0.0,0.0,0.0,0.0,0.0,0.0,0.0,0.0,0.0,0.0,0.0,Q13Q
-2.666,-0.075,-1.694,0.027,-0.481,0.167,0.406,0.0,0.0,0.0,0.0,0.0,0.0,1.77,0.304,2.67,0.121,0.546223597812741,Q13F
-1.291,0.007,3.525,0.007,0.39,-0.192,0.432,0.0,0.0,0.0,0.0,0.0,0.0,3.092,0.03,-4.049,0.031,1.9801193977327785,A16E
-1.137,5.712,3.307,0.01,0.064,-0.283,-1.056,0.0,0.0,0.0,0.0,0.0,0.0,0.022,0.192,-0.173,0.228,6.885540498901946,A15T
-2.796,49.731182242724486,-0.833,-0.006,-0.638,0.508,0.365,20.25,1.064,0.0,0.0,0.0,0.0,-1.479,2.036,-0.192,2.625,49.88331906164611,Q13P
1.438,-0.146,0.163,-0.001,0.0,-0.136,-0.047,0.0,0.0,0.0,0.0,0.0,-0.062,0.0,0.781,-0.526,0.836,2.297642780173419,A16G
1.807,-0.805,0.622,-0.008,-0.652,0.075,-0.205,0.0,0.0,0.0,0.0,0.0,0.0,-1.937,0.467,1.162,0.153,0.6773033927922825,Q13S
-2.333,39.54555272162415,2.784,-0.018,-0.007,0.088,-0.033,0.0,0.0,0.0,0.0,0.0,0.071,2.025,0.553,-0.646,0.264,40.530219991261404,I14M
-2.504,0.021,3.827,0.017,0.562,-0.057,-1.376,0.0,0.0,0.0,-0.189,0.0,0.0,2.209,0.095,-1.419,-0.079,1.1061674959080392,A15R
-1.095,-0.055,2.132,0.009,0.877,-0.148,0.06,0.0,0.0,0.0,0.0,0.0,0.0,2.387,0.145,-2.775,0.097,1.6326836302314405,A15Q
-0.975,24.75,8.85,-0.015,0.233,-0.301,0.399,0.0,0.0,0.0,0.0,0.0,0.071,2.538,0.272,-2.604,-0.054,33.16101858854745,I14H
-2.727,-0.224,-1.396,0.027,-0.46,0.042,0.389,0.0,0.0,0.0,0.0,0.0,0.0,2.207,0.33,2.034,0.09,0.3101056058078484,Q13Y
-0.696,1.428,-2.255,0.014,-0.288,0.318,0.524,0.0,0.0,0.0,0.0,0.0,0.0,1.216,0.299,3.712,0.027,4.296422007163756,Q13W
-0.915,19.461,-2.395,0.015,-0.617,0.254,0.492,0.0,0.0,0.0,0.0,0.0,-0.148,-1.87,0.116,4.094,0.093,18.578012629178147,Q13V
-2.462,3.812,-2.537,0.007,-0.596,0.24,0.323,0.0,0.0,0.0,0.0,0.0,0.0,0.447,-0.106,3.113,-0.003,2.236308112028155,Q13L
1.748,-1.64,14.417,-0.018,0.183,1.109,0.869,0.0,0.0,0.0,0.0,0.0,0.071,2.322,0.434,-5.028,-0.111,14.353228293231268,I14E
-4.473,49.91217318966117,12.551,0.001,0.846,1.262,0.306,0.0,0.0,0.0,0.0,-0.01,0.071,3.89,0.473,-2.398,-0.094,49.94654384767646,I14R
-2.02,4.171,1.125,0.021,0.345,-0.21,-0.689,0.0,0.0,0.0,0.0,0.0,0.311,1.421,2.275,1.463,2.575,10.78581281813058,G18W
6.556,-3.177,8.961,-0.02,0.217,-0.041,0.385,0.0,0.0,0.0,0.0,0.0,0.071,1.214,0.758,-4.449,0.134,10.606148728397784,I14D
-7.209,49.48916633105848,-1.268,0.026,0.098,0.697,0.449,0.0,0.0,0.0,0.0,0.0,0.039,1.238,0.994,2.594,0.554,49.4514889362925,S17I
-0.524,0.033,2.681,0.0,0.026,-0.185,-1.551,0.0,0.0,0.0,0.0,0.0,0.0,0.894,0.501,-1.614,0.29,0.5490558258411511,A16S
-1.393,0.002,2.412,0.019,0.572,-0.194,-0.641,0.0,0.0,0.0,0.0,0.0,0.0,2.658,0.173,-1.419,0.172,2.359867416070074,A16R
-3.682,0.507,3.404,0.005,0.355,-0.456,0.379,0.0,0.0,0.0,0.0,0.0,0.0,2.28,0.54,-1.625,0.391,2.097468768166664,A16H
-2.352,0.332,3.499,0.005,0.267,-0.648,0.031,0.0,0.0,0.0,0.0,0.0,0.0,1.112,0.526,-2.665,0.608,0.7144643825745334,A16N
2.146,-0.818,-1.996,0.01,-0.188,0.45,0.638,0.0,0.0,0.0,0.0,0.0,0.0,-0.193,0.055,1.357,-0.053,1.4059654652871814,Q13R
-0.47,0.003,1.607,0.01,0.917,-0.095,-0.126,0.0,0.0,0.0,0.0,0.0,0.0,2.313,0.13,-2.775,0.307,1.8183904364905172,A16Q
-1.195,0.017,1.493,0.018,0.202,-0.095,-0.144,0.0,0.0,0.0,0.0,0.0,0.0,0.996,0.109,0.337,0.355,2.091372740815132,A16L
-2.285,4.881,0.738,0.257,0.13,-0.048,-0.456,0.0,0.0,0.0,0.0,0.0,0.104,0.365,5.035,1.506,10.777,21.000637261939342,G18I
-1.669,0.012,1.784,0.01,0.12,0.025,-0.089,0.0,0.0,0.0,0.0,0.0,0.0,2.319,0.276,0.333,0.454,3.5732967167000425,A16M
10.855,-3.18,0.092,-0.022,-0.065,0.759,0.229,0.0,0.0,0.0,0.0,0.0,0.071,-0.418,0.543,-0.979,0.091,7.972775350172924,I14A
-5.091,49.99032612723971,-0.143,0.001,0.015,0.516,1.502,7.911,0.486,0.0,0.0,0.0,0.064,0.852,0.314,-1.353,2.805,49.992940581408014,S17P
-4.061,4.836,-0.73,0.041,0.222,0.3,0.945,0.0,0.0,0.0,0.0,0.0,0.0,2.25,0.361,1.508,0.175,5.846752680728059,S17F
-1.906,19.743,0.534,0.021,0.057,-0.063,-0.252,0.0,0.0,0.0,0.0,0.0,-0.087,0.498,0.566,1.318,0.398,20.82405261697932,A16V
-1.179,0.084,-1.065,0.001,-0.014,0.195,0.298,0.0,0.0,0.0,0.0,0.0,0.0,-0.766,0.468,3.545,0.027,1.593806883652178,S17C
0.0,0.0,0.0,0.0,0.0,0.0,0.0,0.0,0.0,0.0,0.0,0.0,0.0,0.0,0.0,0.0,0.0,0.0,S17S
0.932,11.792,0.043,-0.009,0.019,0.166,-0.048,0.0,0.0,0.0,0.0,0.0,0.071,-0.022,0.263,-0.642,-0.062,12.498205955111416,I14L
0.0,0.0,0.0,0.0,0.0,0.0,0.0,0.0,0.0,0.0,0.0,0.0,0.0,0.0,0.0,0.0,0.0,0.0,I14I
2.033,-0.059,-1.914,-0.002,-0.03,0.124,1.105,0.0,0.0,0.0,0.0,0.0,-0.033,-1.013,0.506,1.088,0.41,2.212579415655,S17G
-0.701,2.58,1.93,-0.002,-0.623,0.411,-0.567,0.0,0.0,0.0,0.0,0.0,0.0,-2.07,0.278,2.603,0.244,4.082405163976546,Q13T
-2.144,1.979,2.014,0.005,0.042,0.383,-0.242,0.0,0.0,0.0,0.0,0.0,0.0,-1.008,0.155,1.442,0.191,2.8150986955840835,S17T
-4.781,1.329,-0.042,0.081,0.24,0.3,0.903,0.0,0.0,0.0,0.0,0.0,0.0,3.349,0.325,0.872,0.189,2.7651193784306543,S17Y
-1.101,0.743,1.83,0.003,0.102,0.172,-0.912,0.0,0.0,0.0,-0.142,0.0,0.311,1.478,2.353,-1.087,2.019,5.768116166326536,G18S
13.515,-3.212,1.053,-0.023,-0.065,0.686,0.061,0.0,0.0,0.0,0.0,0.0,0.053,-0.418,0.889,-1.505,0.713,11.744058802744348,I14G
4.852,-3.102,6.786,-0.017,0.174,-0.385,-0.023,0.0,0.0,0.0,0.0,0.0,0.071,0.744,1.043,-3.644,0.413,6.909226371543809,I14N
-3.08,0.53,0.728,0.003,0.414,0.128,0.666,0.0,0.0,0.0,0.0,0.0,0.0,1.494,0.16,-0.011,0.033,1.06427784822813,S17H
-1.554,-0.013,0.776,0.005,0.271,-0.41,0.737,0.0,0.0,0.0,0.0,0.0,0.0,0.521,0.068,-1.05,-0.057,-0.7083363649130661,S17N
-0.597,4.002,-0.019,0.003,0.0,-0.024,-0.718,0.0,0.0,0.0,0.0,0.0,0.311,0.0,2.491,0.527,2.033,8.006438834752544,G18A
0.0,0.0,0.0,0.0,0.0,0.0,0.0,0.0,0.0,0.0,0.0,0.0,0.0,0.0,0.0,0.0,0.0,0.0,G18G
-1.974,3.354,1.487,0.006,0.472,-0.322,-0.53,0.0,0.0,0.0,0.0,0.0,0.311,1.23,1.755,-1.098,1.368,6.0566197801433646,G18H
6.78,-3.038,1.765,-0.021,-0.055,0.511,-0.377,0.0,0.0,0.0,0.0,0.0,0.071,-0.117,0.746,0.951,0.619,7.831209131247533,I14C
-1.118,0.007,1.7,0.003,0.316,-0.242,2.448,0.0,0.0,0.0,0.0,0.0,0.0,1.227,-0.055,-1.856,-0.172,2.2578911649832207,S17D
-5.515,49.89881473939041,3.781,0.026,0.158,0.055,-0.434,0.0,0.0,0.0,0.0,0.0,0.071,3.702,0.228,-1.721,-0.072,49.89992605620237,I14Y
-4.04,0.543,2.603,0.003,0.215,0.835,-0.606,0.0,0.0,0.0,0.0,-1.632,0.0,1.881,0.064,-1.161,-0.019,-1.3155383191601686,S17Q
-4.303,39.57920614827545,-3.478,0.02,0.025,0.21,2.005,0.0,0.0,0.0,0.0,0.0,0.039,-1.297,0.952,2.933,0.572,38.678950214961304,S17V
-1.744,3.8,1.616,0.011,0.703,-0.104,-1.371,0.0,0.0,0.0,0.0,0.0,0.311,1.732,2.053,-2.249,1.616,6.372268078726165,G18Q
0.368,0.002,-2.533,0.0,-0.03,0.295,1.06,0.0,0.0,0.0,0.0,0.0,0.0,-1.013,0.27,1.615,-0.081,-0.0479795564078813,S17A
-1.526,4.622,1.084,0.013,0.114,-0.052,-0.612,0.0,0.0,0.0,0.0,0.0,0.311,0.605,2.41,0.86,2.442,10.26952990610539,G18M
5.166,49.99787480361882,2.136,-0.021,-0.035,0.874,1.673,18.01,0.975,0.0,0.0,0.0,0.05,0.42,2.393,-3.947,11.553,49.99955775317116,I14P
-3.508,1.904,0.49,0.021,0.287,0.257,0.908,0.0,0.0,0.0,0.0,0.0,0.0,1.592,0.224,2.551,0.033,4.759377759444305,S17W
-1.836,3.428,1.895,0.012,0.111,0.273,-0.579,0.0,0.0,0.0,-0.01,0.0,0.311,0.246,3.351,0.354,3.848,11.400606126447885,G18T
-3.59,49.555942083210184,0.021,0.025,0.141,-0.004,-0.109,0.0,0.0,0.0,0.0,0.0,0.071,3.416,0.168,-1.085,-0.123,49.53658644599033,I14F
-1.727,4.166,0.726,0.019,0.112,-0.107,-0.65,0.0,0.0,0.0,0.0,0.0,0.311,0.046,2.587,0.864,1.986,8.329043774463798,G18L
6.132,-1.8,3.096,-0.017,-0.01,0.005,-0.878,0.0,0.0,0.0,0.0,0.0,0.071,-0.061,0.432,-1.152,0.108,5.924047531332462,I14T
10.069,-2.096,0.188,-0.014,-0.045,0.413,0.062,0.0,0.0,0.0,0.0,0.0,0.111,-0.754,0.819,-0.863,1.119,9.006309758255838,L19G
-1.326,0.731,1.239,0.01,0.753,-0.261,-0.354,0.0,0.0,0.0,0.0,0.0,0.311,1.544,1.337,-2.138,1.323,3.165622954074479,G18N
-3.115,49.84849036508862,-0.492,0.005,0.066,0.047,0.459,49.93249982197558,0.839,0.0,0.0,0.0,0.102,0.0,7.936,-2.441,22.101,49.9999630458348,G18P
-2.128,3.648,0.866,0.024,0.312,-0.201,-0.687,0.0,0.0,0.0,0.0,0.0,0.311,1.638,2.065,0.421,1.6,7.864723773829837,G18F
-2.806,49.31380634958691,15.659,-0.012,0.036,0.131,1.139,0.0,0.0,0.0,0.0,0.0,0.071,2.327,0.523,-3.018,-0.15,49.60528271220851,I14K
-1.761,3.009,1.505,0.016,0.391,-0.148,-0.941,0.0,0.0,0.0,0.0,0.0,0.311,1.224,2.077,-1.512,1.582,5.749137113580673,G18K
-1.152,0.653,0.208,0.006,0.78,0.035,1.521,0.0,0.0,0.0,0.0,0.0,0.0,1.681,0.153,-2.434,0.035,1.4845614796740847,S17E
-1.351,4.186,0.606,0.004,0.017,-0.097,-0.694,0.0,0.0,0.0,0.0,0.0,0.311,0.069,2.278,2.457,2.296,10.08046854393524,G18C
-2.865,0.607,-1.439,0.015,0.072,0.207,0.851,0.0,0.0,0.0,0.0,0.0,0.0,-0.989,0.139,1.952,-0.013,-1.463477674626347,S17L
-1.554,3.644,1.686,0.011,0.834,-0.198,0.153,0.0,0.0,0.0,0.0,0.0,0.311,2.515,2.377,-3.522,1.854,8.10726431343437,G18E
-0.751,1.033,1.076,0.006,0.805,-0.147,-1.87,0.0,0.0,0.0,0.0,-0.025,0.311,1.04,1.85,-2.944,1.559,1.9401538605372932,G18D
-1.413,0.961,-0.018,0.012,0.302,0.15,0.461,0.0,0.0,0.0,0.0,0.0,0.0,0.354,0.217,-0.425,0.084,0.683611116384327,S17K
-1.985,5.888,0.317,0.26,0.061,0.082,-0.486,0.0,0.0,0.0,0.0,0.0,0.104,0.105,5.108,1.845,10.747,22.04262394946022,G18V
-5.969,4.403,-2.112,0.008,0.07,0.213,2.067,0.0,0.0,0.0,0.0,0.0,0.0,0.013,0.33,1.947,0.007,0.9767229704989404,S17M
-0.395,4.903,11.208,-0.008,0.192,0.902,-0.729,0.0,0.0,0.0,0.0,0.0,0.071,3.387,0.654,-3.754,0.084,16.51207156946475,I14Q
10.096,-2.711,4.515,-0.022,-0.02,0.345,-0.705,0.0,0.0,0.0,0.0,0.0,0.071,-0.564,0.799,-2.593,0.27,9.477452256423703,I14S
4.102,-0.243,-0.494,-0.007,-0.018,0.292,0.01,0.0,0.0,0.0,0.0,0.0,0.0,-0.423,0.122,0.339,-0.061,3.616430540308784,I14V
-5.548,1.076,4.482,0.013,0.331,-0.112,-0.558,0.0,0.0,0.0,0.0,0.0,0.0,0.584,0.22,0.195,0.042,0.7246712254675458,S17R
-1.383,4.318,1.099,0.013,0.257,0.003,-0.853,0.0,0.0,0.0,0.0,0.0,0.311,1.282,2.102,-0.893,1.642,7.895650563372328,G18R
-9.782,49.999999999999915,0.957,0.03,0.531,0.542,-0.342,0.0,0.0,0.0,0.0,0.0,0.071,3.355,0.164,-0.042,-0.005,49.999999999999886,I14W
-2.121,3.44,0.889,0.023,0.312,-0.21,-0.53,0.0,0.0,0.0,0.0,0.0,0.311,1.731,2.153,-0.216,1.673,7.45415739884038,G18Y
1.408,17.515,-0.432,0.0,-0.013,0.512,0.08,0.0,0.0,0.0,0.0,0.0,0.055,1.331,0.533,0.982,0.467,22.435155396247183,L19V
-0.749,20.574,0.131,0.009,0.01,0.436,0.06,0.0,0.0,0.0,0.0,0.0,0.055,1.421,0.606,0.643,0.704,23.89817410428782,L19I
-4.035,8.144,10.679,0.001,0.503,-0.161,-0.822,0.0,0.0,0.0,0.0,-0.085,0.0,2.475,0.312,-1.756,0.199,15.452473776561192,L19R
0.0,0.0,0.0,0.0,0.0,0.0,0.0,0.0,0.0,0.0,0.0,0.0,0.0,0.0,0.0,0.0,0.0,0.0,D20D
6.159,-1.233,5.394,-0.014,0.009,0.317,-0.549,0.0,0.0,0.0,0.0,-1.04,0.0,-0.552,0.311,-1.951,0.287,7.136559980959646,L19S
0.0,0.0,0.0,0.0,0.0,0.0,0.0,0.0,0.0,0.0,0.0,0.0,0.0,0.0,0.0,0.0,0.0,0.0,L19L
0.472,-0.321,-4.124,-0.001,-0.283,-0.124,5.394,0.0,0.0,0.0,2.376,0.0,0.0,-2.13,0.512,5.401,0.539,7.710330216182456,D20C
4.351,-1.312,6.88,-0.012,0.206,-0.197,-0.819,0.0,0.0,0.0,0.0,0.0,0.0,1.501,0.712,-3.807,0.513,8.015054186761063,L19D
-0.908,-0.448,-3.75,0.018,-0.07,-0.156,5.892,0.0,0.0,0.0,2.376,0.0,0.0,-0.025,0.32,3.364,0.312,6.922366875753824,D20F
-1.432,7.475,-4.336,0.013,-0.214,-0.111,5.664,0.0,0.0,0.0,2.376,0.0,0.0,0.516,0.037,3.808,0.094,13.887919132908792,D20L
1.674,-1.02,8.077,-0.009,0.218,0.083,-0.876,0.0,0.0,0.0,0.0,0.0,0.0,2.022,0.378,-4.386,0.195,6.353084234885728,L19E
7.476,-1.198,-0.464,-0.014,-0.047,0.446,0.042,0.0,0.0,0.0,0.0,0.0,0.0,-0.404,0.482,-0.336,0.407,6.387453936517204,L19A
3.281,-1.51,4.759,-0.01,0.182,-0.548,-0.227,0.0,0.0,0.0,0.0,0.0,0.0,1.737,0.53,-3.001,0.412,5.602449544567435,L19N
4.44,-1.393,1.385,-0.013,-0.037,0.307,-0.202,0.0,0.0,0.0,0.0,0.0,0.0,0.048,0.268,1.594,0.191,6.585585727134685,L19C
2.212,-0.426,-5.918,-0.002,-0.295,-0.109,5.942,0.0,0.0,0.0,2.376,0.0,0.0,-2.283,0.624,3.471,0.471,6.060850174202415,D20A
-0.99,3.593,1.315,-0.004,0.145,-0.049,0.888,0.0,0.0,0.0,0.0,0.0,0.0,1.995,0.341,-0.004,0.105,7.332598572894085,L19M
0.501,0.765,6.203,-0.009,0.146,0.127,-0.496,0.0,0.0,0.0,0.0,0.0,0.0,2.281,0.31,-3.112,0.07,6.784888042571311,L19Q
-1.993,5.901,0.978,0.036,0.217,-0.122,-0.148,0.0,0.0,0.0,0.0,0.0,0.0,4.028,0.021,-0.443,0.1,8.575208800120208,L19F
-1.952,11.155,10.75,-0.001,0.175,0.388,0.778,0.0,0.0,0.0,0.0,0.0,0.0,2.108,0.326,-2.376,0.128,21.474987128341127,L19K
0.343,-0.352,-3.25,0.012,0.033,-0.186,6.157,0.0,0.0,0.0,2.376,0.0,0.0,-1.118,0.127,1.432,0.044,5.617325257111133,D20K
-0.809,0.516,5.431,-0.004,0.287,-0.423,-0.798,0.0,0.0,0.0,0.0,0.0,0.0,2.739,0.275,-1.962,0.304,5.555415667683519,L19H
4.08,6.453,4.309,-0.011,0.038,0.29,-1.185,0.0,0.0,0.0,0.0,0.0,0.0,-0.009,0.337,-0.509,0.318,14.108897360408037,L19T
3.087,49.97061537508316,2.228,-0.012,0.025,0.308,0.128,43.82614437266535,0.0,0.864,0.0,0.0,0.149,2.955,1.915,-3.304,12.736,49.99916760466055,L19P
-0.214,-0.419,-1.897,0.004,0.006,-0.227,3.789,0.0,0.0,0.0,0.412,0.0,0.0,0.681,0.319,0.806,0.409,3.6688319164004497,D20N
1.916,-0.399,-3.079,-0.002,-0.27,-0.405,5.08,0.0,0.0,0.0,2.376,0.0,0.0,-1.467,0.34,1.856,0.262,6.208828935485144,D20S
-2.952,10.882,3.049,0.045,0.221,-0.173,-1.104,0.0,0.0,0.0,-0.526,0.0,0.0,4.212,0.043,-1.079,0.123,12.740178700979868,L19Y
0.17,-0.025,-3.893,0.012,-0.226,-0.44,4.921,0.0,0.0,0.0,2.376,0.0,0.0,-0.235,0.06,3.298,0.148,6.163451935852663,D20T
4.174,-1.218,-4.854,-0.003,-0.295,-0.196,5.91,0.0,0.0,0.0,2.376,0.0,-0.073,-2.283,1.193,2.944,1.042,8.714060482651803,D20G
-1.134,0.602,-5.586,0.02,-0.239,-0.158,5.839,0.0,0.0,0.0,2.376,0.0,-0.117,-1.473,0.442,4.789,0.481,5.841585410042626,D20V
-6.64,13.245,3.416,0.006,0.295,0.383,-0.659,0.0,0.0,0.0,0.0,0.0,0.0,3.725,-0.024,0.6,0.406,14.750803362599072,L19W
0.377,-0.339,-2.686,0.004,0.47,-0.363,5.575,0.0,0.0,0.0,2.376,0.0,0.0,0.556,0.117,-0.578,0.15,5.658827694473075,D20E
-1.511,0.084,-4.533,0.038,-0.175,-0.24,5.801,0.0,0.0,0.0,2.376,0.0,-0.117,-1.226,0.483,4.45,0.549,5.976615306749181,D20I
-2.334,45.508,-3.789,0.001,-0.257,0.013,7.236,46.97070792754421,0.0,1.646,2.376,0.0,0.013,-0.556,2.606,0.503,1.789,49.65165713126856,D20P
0.085,-0.843,-3.354,0.01,-0.194,-0.305,6.159,0.0,0.0,0.0,2.376,0.0,0.0,-1.135,0.466,3.803,0.387,7.452529888150593,D20M
-1.146,-0.438,-1.196,0.001,0.089,0.26,3.119,0.0,0.0,0.0,0.427,0.0,0.0,0.192,0.146,1.845,0.371,3.6689783892250034,D20H
-2.036,-0.908,-0.367,0.006,0.601,-0.347,2.835,0.0,0.0,0.0,1.296,0.0,0.0,1.221,0.111,0.695,0.122,3.227242727152543,D20Q
-0.735,-0.755,-3.324,0.016,-0.038,-0.277,6.354,0.0,0.0,0.0,2.376,0.0,0.0,-0.669,0.347,4.407,0.394,8.093614450902123,D20W
0.602,-0.697,-3.31,0.016,0.046,-0.182,6.509,0.0,0.0,0.0,2.376,0.0,0.0,-0.02,0.213,2.051,0.146,7.749189857519241,D20R
-0.705,-0.763,-3.784,0.018,-0.06,-0.161,5.964,0.0,0.0,0.0,2.376,0.0,0.0,0.144,0.209,2.728,0.223,6.187050680998254,D20Y
5.282,-0.347,7.837,-0.005,0.425,-0.276,0.83,0.0,0.0,0.0,0.0,0.0,0.0,0.594,0.824,-3.803,0.482,11.843922968244897,M22D
8.49,-1.171,2.325,-0.006,-0.005,-0.066,-0.442,0.0,0.0,0.0,0.0,0.0,0.0,-1.79,0.005,-1.947,-0.17,5.22368624014166,M22S
-1.749,0.955,7.574,0.003,0.018,-0.12,-0.896,0.0,0.0,0.0,0.0,0.0,0.0,1.903,-0.155,-1.614,-0.434,5.483017135094087,A21S
1.007,-0.019,-3.062,0.0,-0.047,-0.087,1.427,0.0,0.0,0.0,0.0,1.2,0.0,-0.23,0.561,1.615,0.643,3.003926020883682,S25A
3.646,5.059,-2.476,0.009,-0.015,0.073,0.298,0.0,0.0,0.0,0.0,0.0,0.072,-1.328,-0.203,0.986,-0.251,5.868569943008424,M22V
-1.905,49.99999980154627,-2.496,0.042,0.588,0.518,-0.331,0.0,0.0,0.0,0.0,0.0,0.0,2.013,-0.001,-0.439,-0.254,49.99999978273557,M22F
-5.67,49.997990621699515,1.535,0.006,0.105,-0.045,1.658,49.84327745539421,0.0,0.665,1.339,0.0,0.096,0.617,7.359,-2.968,20.758,49.99999886056441,A21P
11.616,-1.235,-0.129,-0.009,-0.054,0.225,0.172,0.0,0.0,0.0,0.0,0.0,0.277,-2.288,1.028,-0.859,1.477,10.220238718814471,M22G
9.343,-1.246,-1.676,-0.007,-0.054,0.191,0.133,0.0,0.0,0.0,0.0,0.0,0.0,-2.288,0.03,-0.332,0.077,4.169356967579688,M22A
5.63,-1.09,-0.032,-0.006,-0.027,0.067,-0.253,0.0,0.0,0.0,0.0,0.0,0.0,-1.951,0.119,1.598,0.236,4.289720229892737,M22C
-2.405,2.03,-2.842,0.007,-0.025,-0.14,1.426,0.0,0.0,0.0,0.0,1.2,0.0,1.011,0.389,1.947,0.635,3.2316415612649507,S25M
-1.247,0.173,-3.119,0.019,0.204,-0.204,1.418,0.0,0.0,0.0,0.0,1.2,0.0,1.955,-0.003,1.952,-0.089,2.256801572507811,S25L
-0.536,0.142,-1.955,0.012,0.376,-0.217,1.613,0.0,0.0,0.0,0.0,1.2,0.0,3.175,-0.243,-0.425,-0.318,2.8236957066133077,S25K
-2.221,0.123,-0.364,0.013,0.317,-0.14,2.402,0.0,0.0,0.0,0.0,1.2,0.0,2.445,-0.251,0.195,-0.274,3.4445029012858868,S25R
-16.848,50.0,4.205,0.063,0.615,-0.161,0.85,0.0,0.0,0.0,0.748,0.0,0.0,6.391,-0.007,-0.742,-0.267,50.0,A21Y
-9.574,49.99999951932276,11.005,0.059,0.468,0.116,-0.115,0.0,0.0,0.0,0.0,0.0,0.0,7.01,0.612,-2.775,0.278,49.999999637912126,A21Q
3.804,0.338,5.386,-0.003,0.414,-0.461,0.082,0.0,0.0,0.0,0.0,0.0,0.0,0.581,0.583,-2.997,0.249,7.974451967280174,M22N
-1.915,0.467,0.017,0.003,0.237,-0.052,0.382,0.0,0.0,0.0,0.0,1.2,0.0,3.192,-0.059,-2.434,-0.117,0.9187351109185328,S25E
-0.858,0.002,-2.348,0.022,0.421,-0.253,1.372,0.0,0.0,0.0,0.0,1.2,0.0,3.531,-0.181,1.508,-0.137,4.277168620507155,S25F
-3.529,49.99999996422977,1.353,0.035,0.511,0.833,-0.355,0.0,0.0,0.0,0.0,0.0,0.0,1.176,-0.026,-1.075,-0.266,49.99999996225632,M22Y
-0.796,-0.018,-2.48,0.0,-0.034,-0.147,1.162,0.0,0.0,0.0,0.0,1.2,0.0,-0.116,-0.118,3.545,0.383,2.5804770110999016,S25C
2.023,-0.677,4.114,0.001,0.123,-0.358,-0.499,0.0,0.0,0.0,0.0,0.0,0.0,1.096,0.019,-3.108,-0.209,2.5243834732468717,M22Q
-2.181,0.942,-3.435,0.039,0.038,-0.242,1.318,0.0,0.0,0.0,0.0,1.2,-0.166,2.499,0.086,2.594,0.188,2.8768588158040984,S25I
3.268,-0.84,6.097,0.001,0.248,-0.262,-0.344,0.0,0.0,0.0,0.0,0.0,0.0,0.845,0.022,-4.381,-0.118,4.535233880261558,M22E
0.0,0.0,0.0,0.0,0.0,0.0,0.0,0.0,0.0,0.0,0.0,0.0,0.0,0.0,0.0,0.0,0.0,0.0,M22M
0.429,0.477,1.067,0.016,0.023,-0.089,-0.247,0.0,0.0,0.0,0.0,0.0,0.022,0.383,-0.194,0.643,-0.253,2.2744334279359464,L23I
1.154,9.365,-1.851,0.018,0.035,0.078,0.083,0.0,0.0,0.0,0.0,0.0,0.072,-1.555,-0.004,0.647,-0.152,7.89037329051439,M22I
-1.856,21.864,8.316,-0.004,0.306,-0.38,0.198,0.0,0.0,0.0,0.0,0.0,0.0,0.434,-0.124,-1.958,-0.353,26.44388739616056,M22H
3.83,49.877074871636786,-0.749,-0.005,0.051,0.255,1.463,49.69558355233282,0.0,1.043,0.0,0.0,0.322,-1.938,7.006,-3.3,7.853,49.999800489241125,M22P
-6.963,15.379,16.703,0.005,0.316,1.073,2.105,0.0,0.0,0.0,0.0,0.0,0.0,4.652,0.5,-3.47,0.011,30.30968274561542,A21D
5.483,-0.283,1.57,0.003,-0.004,0.024,-0.143,0.0,0.0,0.0,0.0,0.0,0.0,-1.326,0.117,-0.505,-0.14,4.79484793349161,M22T
0.0,0.0,0.0,0.0,0.0,0.0,0.0,0.0,0.0,0.0,0.0,0.0,0.0,0.0,0.0,0.0,0.0,0.0,A21A
-11.789,25.225,7.346,0.033,0.157,0.285,-1.285,0.0,0.0,0.0,-0.038,-0.741,0.0,5.127,0.086,1.93,-0.367,25.968396077421858,A21C
-10.577,49.9999985498881,11.121,0.112,0.208,-1.141,3.181,0.0,0.0,0.0,0.0,0.327,0.0,6.586,0.721,-2.039,0.233,49.9999989773514,A21K
-0.864,0.004,-2.336,0.022,0.437,-0.261,1.38,0.0,0.0,0.0,0.0,1.2,0.0,3.963,-0.32,0.872,-0.251,3.843798097143917,S25Y
1.592,21.623,-1.157,0.019,0.082,-0.128,0.313,0.0,0.0,0.0,0.0,0.0,0.0,-0.719,0.246,0.005,0.066,21.941646033777715,M22L
-5.085,49.33063512616875,2.082,0.077,0.268,0.286,0.701,0.0,0.0,0.0,0.0,0.0,-0.043,4.734,1.765,1.318,0.914,49.49357353599839,A21V
-1.42,0.026,-0.587,0.005,0.012,-0.033,-0.027,0.0,0.0,0.0,0.0,-0.046,0.0,-0.209,-0.632,1.442,-0.512,-1.9838407789654864,S25T
-0.919,3.497,10.689,0.001,0.205,0.08,-1.415,0.0,0.0,0.0,-0.074,0.0,0.0,1.524,0.08,-2.372,-0.145,11.152918243744352,M22K
-1.028,-0.012,1.032,0.001,0.268,-0.287,-0.686,0.0,0.0,0.0,0.0,1.2,0.0,1.778,0.235,-1.856,0.13,0.7730374612924606,S25D
-14.923,50.0,0.539,0.063,0.627,-0.063,0.083,0.0,0.0,0.0,0.562,0.0,0.0,6.873,-0.087,-0.106,-0.277,50.0,A21F
-8.863,49.99988764318894,2.257,0.087,0.314,0.23,0.208,0.0,0.0,0.0,0.0,0.0,-0.043,5.601,1.695,0.979,1.174,49.99990285571603,A21I
-10.959,49.999395504214,5.006,0.097,0.528,0.18,-0.519,0.0,0.0,0.0,0.0,0.0,0.0,7.225,0.558,0.333,0.356,49.99945962931039,A21M
2.04,-0.023,-2.526,-0.002,-0.047,-0.196,1.453,0.0,0.0,0.0,0.0,1.2,-0.095,-0.23,0.903,1.088,1.306,4.871039753951209,S25G
7.625,-1.593,2.538,-0.016,-0.069,0.16,-0.229,0.0,0.0,0.0,0.0,0.0,0.0,-0.78,0.682,-0.336,0.371,8.350185926828999,L23A
-9.052,49.99999999762025,1.717,0.134,0.54,0.357,-0.186,0.0,0.0,0.0,0.0,0.0,0.0,5.253,1.179,0.337,0.975,49.99999999773653,A21L
-2.155,34.611,2.669,0.007,0.011,-0.178,0.184,0.0,0.0,0.0,0.0,0.056,0.0,2.66,0.149,-0.443,-0.057,37.51187266108877,L23F
-5.223,49.963851194269424,11.087,0.078,1.026,0.452,-0.543,0.0,0.0,0.0,0.0,0.0,0.0,8.293,0.538,-2.665,-0.097,49.978458490931324,A21N
-7.402,49.99982749969252,16.669,0.063,1.811,0.651,-0.993,0.0,0.0,0.0,0.0,0.0,0.0,6.706,0.677,-4.049,0.241,49.999902929188444,A21E
-11.262,49.999999999999176,12.188,0.081,1.204,-0.43,-1.379,0.0,0.0,0.0,0.0,0.0,0.0,8.696,0.082,-1.625,-0.16,49.99999999999939,A21H
-11.108,49.99999999860111,3.266,0.02,0.167,-0.303,1.148,0.0,0.0,0.0,0.0,0.0,0.0,1.192,0.148,0.604,0.155,49.999999998310976,M22W
-6.649,1.341,0.189,0.002,0.415,-0.188,0.972,0.0,0.0,0.0,0.0,1.2,0.0,1.281,-0.409,-0.011,0.036,-1.821156061332431,S25H
0.0,0.0,0.0,0.0,0.0,0.0,0.0,0.0,0.0,0.0,0.0,0.0,0.0,0.0,0.0,0.0,0.0,0.0,L23L
-2.054,-0.016,0.093,0.003,0.245,-0.611,1.265,0.0,0.0,0.0,0.0,1.2,0.0,1.156,-0.044,-1.05,0.129,0.3121391870854495,S25N
4.858,5.421,-9.867,0.007,0.695,-0.592,6.576,29.553,0.0,0.0,0.953,3.353,-0.215,3.144,4.027,-1.353,3.044,49.60221718031062,S25P
3.63,-0.824,2.639,-0.001,0.0,-0.129,0.074,0.0,0.0,0.0,0.0,0.0,0.088,0.0,0.238,-0.526,0.528,5.716351137111133,A21G
-4.829,32.807,11.789,0.008,0.269,-0.036,-0.522,0.0,0.0,0.0,-0.281,0.356,0.0,1.118,-0.089,-1.752,-0.361,38.47921392401395,M22R
-2.463,1.034,-1.238,0.005,0.178,-0.233,1.272,0.0,0.0,0.0,0.0,1.2,0.0,3.63,-0.12,-1.161,-0.127,1.9728565352149872,S25Q
-1.174,3.554,1.623,-0.009,0.033,0.131,-0.232,0.0,0.0,0.0,0.0,0.0,0.0,0.309,0.469,-0.004,-0.029,4.668340443439547,L23M
0.0,0.0,0.0,0.0,0.0,0.0,0.0,0.0,0.0,0.0,0.0,0.0,0.0,0.0,0.0,0.0,0.0,0.0,S25S
4.594,-1.135,2.676,-0.015,-0.057,0.048,-0.451,0.0,0.0,0.0,0.0,0.0,0.0,-0.399,0.491,1.594,0.102,7.443846395347691,L23C
7.205,-1.574,4.647,-0.014,-0.012,-0.074,-0.64,0.0,0.0,0.0,0.0,0.0,0.0,-0.372,0.702,-1.951,0.26,8.172827455292008,L23S
5.256,-0.319,4.459,-0.007,0.009,-0.149,-0.574,0.0,0.0,0.0,0.0,0.0,0.0,-1.77,0.308,-0.509,0.217,6.91763858492368,L23T
-3.546,2.273,-2.468,0.021,0.609,-0.348,1.475,0.0,0.0,0.0,0.0,1.2,0.0,4.035,-0.207,2.551,0.702,6.295109334403378,S25W
-15.616,49.9999999969316,11.234,0.113,0.11,-0.68,4.642,0.0,0.0,0.0,0.562,0.327,0.0,6.452,0.334,-1.419,-0.084,49.999999997583764,A21R
-2.82,3.16,-3.72,0.014,-0.024,0.038,1.483,0.0,0.0,0.0,-0.28,1.362,-0.166,0.534,-0.12,2.933,0.001,2.3929968031209228,S25V
8.995,-1.603,3.145,-0.017,-0.069,0.117,-0.27,0.0,0.0,0.0,0.0,0.0,-0.017,-0.78,1.296,-0.863,1.425,11.356377855881648,L23G
-3.126,41.37667887842099,8.245,0.054,0.243,0.256,-0.853,0.0,0.0,0.0,0.0,0.0,0.0,2.364,0.693,-0.173,0.233,43.570955200328896,A21T
3.399,-1.39,7.694,-0.01,0.243,0.571,-0.648,0.0,0.0,0.0,0.0,0.0,0.0,1.713,0.422,-4.386,0.099,7.707569418806543,L23E
2.283,49.88691791123516,2.883,-0.014,-0.006,0.212,1.639,47.01063609793265,0.0,0.987,0.0,0.0,0.015,2.184,1.801,-3.304,1.825,49.997708129204796,L23P
-21.813,50.0,4.398,0.095,0.897,-0.089,-0.285,0.0,0.0,0.0,0.0,0.0,0.0,6.991,-0.049,0.937,0.142,50.0,A21W
-0.023,1.582,7.452,-0.012,0.265,-0.359,-0.488,0.0,0.0,0.0,0.0,0.0,0.0,2.409,0.455,-1.962,0.158,9.47475086154509,L23H
4.291,-1.456,8.44,-0.012,0.226,-0.102,-0.928,0.0,0.0,0.0,0.0,0.0,0.0,1.647,0.637,-3.807,0.304,9.237312587324825,L23D
0.383,3.207,-4.105,0.026,-0.804,-0.166,3.847,0.0,0.0,0.0,1.023,1.216,-0.017,2.118,0.116,4.45,-0.181,11.109638594909484,D26I
0.15,0.193,6.62,-0.01,0.166,0.085,-0.662,0.0,0.0,0.0,0.0,0.0,0.0,3.011,0.394,-3.112,0.002,6.833410597977263,L23Q
0.723,6.591,8.944,-0.009,0.16,-0.069,1.654,0.0,0.0,0.0,0.0,0.0,0.0,1.701,0.415,-2.376,0.029,17.761233705758514,L23K
-3.084,37.28,4.677,0.006,0.048,-0.253,-0.083,0.0,0.0,0.0,0.0,0.056,0.0,2.424,0.246,-1.079,-0.085,40.15145878279236,L23Y
4.049,-1.934,0.173,-0.008,-0.146,-0.103,-0.124,0.0,0.0,0.0,0.0,0.0,0.0,0.392,0.529,-0.509,0.166,2.485180938371741,L27T
2.893,0.16,6.596,-0.008,0.194,-0.219,-0.291,0.0,0.0,0.0,0.0,0.0,0.0,0.815,0.595,-3.001,0.256,7.986869884139651,L23N
3.763,-0.688,1.657,-0.001,-0.027,0.041,-0.313,0.0,0.0,0.0,0.0,0.0,0.022,-0.755,-0.13,0.982,-0.24,4.307801544209269,L23V
4.117,-1.69,0.982,-0.01,-0.048,0.111,0.455,0.0,0.0,0.0,0.0,0.0,0.0,2.138,0.042,-2.376,-0.254,3.4648364631984805,L27K
-0.86,3.357,-1.456,-0.005,-0.155,0.677,-0.029,0.0,0.0,0.0,-0.362,-0.621,0.0,-0.745,0.0,0.0,0.0,-0.1995485075217402,D26D
-0.689,1.819,8.036,0.002,0.361,-0.542,1.425,0.0,0.0,0.0,0.0,0.0,0.0,0.729,0.326,-1.756,0.011,9.719045270988545,L23R
0.099,0.049,-5.011,-0.005,-0.55,-0.227,4.485,0.0,0.0,0.0,1.023,0.0,0.0,-2.073,0.578,5.401,-0.04,3.727862432493112,D26C
-5.521,10.839,4.3,0.003,0.073,-0.101,0.172,0.0,0.0,0.0,0.0,0.056,0.0,3.372,0.217,0.6,0.114,14.12063479886865,L23W
0.633,0.774,0.874,0.011,0.043,-0.249,0.261,0.0,0.0,0.0,0.0,0.0,0.0,1.769,0.415,-1.079,-0.129,3.3225839162614648,L27Y
1.765,3.322,-8.271,-0.012,-0.742,0.536,4.476,0.0,0.0,0.0,0.661,-0.621,0.0,-2.566,0.921,3.471,0.364,3.301191480799844,D26A
9.323,-2.295,4.567,-0.022,-0.071,0.18,-0.241,0.0,0.0,0.0,0.0,0.0,-0.001,-1.432,1.085,-2.593,0.721,9.21997252405822,I24S
6.308,-1.161,-0.833,-0.017,-0.209,0.404,0.04,0.0,0.0,0.0,0.0,0.0,0.0,-0.564,-0.268,-0.336,-0.283,3.0789041453581376,L27A
-0.716,49.090595655872065,0.979,0.003,0.092,0.054,-0.009,0.0,0.0,0.0,0.0,-0.144,-0.001,-0.26,0.477,-0.642,0.475,49.101634575472005,I24L
7.015,-1.192,-0.806,-0.019,-0.209,0.407,0.051,0.0,0.0,0.0,0.0,0.0,-0.118,-0.564,0.455,-0.863,0.418,4.57383026211096,L27G
-1.339,3.339,-3.462,-0.003,-0.27,0.433,3.215,0.0,0.0,0.0,-0.508,-0.621,0.0,-0.884,0.25,0.806,0.165,1.1193755225315272,D26N
4.784,1.084,-0.879,-0.017,-0.173,0.689,-0.332,1.363,0.0,0.0,-0.12,-0.189,-0.084,-0.498,-0.063,-3.304,-0.464,1.7960987167314215,L27P
3.303,-1.944,-0.573,0.003,-0.157,0.334,-0.147,0.0,0.0,0.0,-0.12,-0.189,-0.07,0.638,0.395,0.982,0.019,2.4699214959632627,L27V
-2.605,3.911,-6.407,0.002,-0.651,0.189,4.769,0.0,0.0,0.0,0.661,-0.621,0.0,-2.336,0.325,3.808,0.093,1.137731967062564,D26L
4.202,-1.162,2.244,-0.012,0.061,0.211,0.386,0.0,0.0,0.0,-0.013,0.0,0.0,0.638,0.368,-3.001,0.162,4.082409299275241,L27N
2.768,7.695,10.285,-0.014,0.533,0.036,0.26,0.0,0.0,0.0,0.0,0.0,-0.001,0.708,1.031,-5.028,0.697,18.967597127558747,I24E
6.582,-1.94,1.523,-0.022,-0.084,0.369,-0.044,0.0,0.0,0.0,0.0,0.0,-0.001,-1.593,0.727,0.951,0.96,7.427079534607628,I24C
6.069,-0.069,8.827,-0.02,0.187,0.222,-0.691,0.0,0.0,0.0,0.0,0.0,-0.001,0.344,0.792,-4.449,0.515,11.725349468491686,I24D
6.076,-1.988,0.434,-0.019,-0.189,0.143,-0.063,0.0,0.0,0.0,0.0,0.0,0.0,0.839,0.279,-1.951,-0.003,3.55623594361964,L27S
1.278,0.719,0.456,0.012,0.03,0.046,0.481,0.0,0.0,0.0,0.0,0.0,0.0,2.642,0.391,-0.443,-0.022,5.588075658873777,L27F
1.125,-0.877,-0.512,0.024,-0.086,0.245,-0.189,0.0,0.0,0.0,0.0,0.0,-0.07,1.147,0.343,0.643,0.051,1.84223523805008,L27I
4.523,-0.822,1.595,-0.009,0.148,0.146,-0.062,0.0,0.0,0.0,-0.12,-0.189,0.0,3.429,-0.13,-4.386,-0.327,3.79501837282146,L27E
3.484,-1.959,-1.023,0.024,0.399,0.089,0.142,0.0,0.0,0.0,0.563,-0.189,0.0,4.967,0.186,0.6,-0.295,6.985961819014619,L27W
3.458,-1.925,0.125,-0.017,-0.16,0.148,-0.215,0.0,0.0,0.0,0.0,0.0,0.0,2.035,0.491,1.594,0.188,5.720724381865011,L27C
4.998,-1.165,2.679,-0.015,0.106,0.277,2.138,0.0,0.0,0.0,-0.12,-0.189,0.0,1.135,0.117,-3.807,-0.042,6.113296084773083,L27D
2.11,-1.392,2.546,-0.009,0.38,-0.362,0.078,0.0,0.0,0.0,0.0,0.0,0.0,2.395,0.31,-1.962,-0.057,4.037639239140617,L27H
-0.013,-0.266,-0.306,-0.002,0.019,-0.035,0.048,0.0,0.0,0.0,0.0,0.0,0.0,0.0,0.0,0.0,0.0,-0.5554985181729535,I24I
-0.07,-0.828,0.052,-0.002,-0.005,-0.001,0.121,0.0,0.0,0.0,0.0,0.0,0.0,0.666,0.0,0.0,0.0,-0.0654812651055181,L27L
3.095,-1.41,3.119,-0.014,-0.003,0.054,-0.767,0.0,0.0,0.0,-0.12,-0.189,0.0,3.072,0.018,-3.112,-0.097,3.644806289490589,L27Q
-1.506,0.08,0.439,0.0,-0.237,-0.474,2.24,0.0,0.0,0.0,1.023,-0.005,0.0,0.28,0.606,-0.578,0.143,2.007818685315442,D26E
4.092,0.008,6.603,-0.019,0.221,-0.255,-0.24,0.0,0.0,0.0,0.0,0.0,-0.001,0.286,0.755,-3.644,0.496,8.301610727415664,I24N
1.311,3.321,-5.073,-0.012,-0.678,0.239,3.498,0.0,0.0,0.0,0.661,-0.621,0.0,-2.298,0.877,1.856,0.366,3.446565162006891,D26S
4.721,8.391,-11.172,0.011,-0.34,-0.942,11.535,1.68,0.0,0.0,3.352,3.353,0.06,4.678,0.846,0.503,10.974,37.646692991033206,D26P
0.93,-1.419,1.926,-0.006,-0.148,-0.171,0.052,0.0,0.0,0.0,-0.12,-0.189,0.0,2.2,0.213,-0.004,0.008,3.2703143610926872,L27M
-2.578,3.333,-3.34,-0.014,-0.442,-0.048,3.525,0.0,0.0,0.0,0.661,-0.621,0.0,1.331,0.47,1.845,0.243,4.363042934546229,D26H
-8.883,49.750497901436404,6.569,0.013,-0.244,0.937,1.18,0.0,0.0,0.0,0.0,0.0,-0.001,4.887,0.592,-1.721,0.564,49.78638592002087,I24Y
3.268,-2.711,2.826,0.008,0.574,0.73,-2.766,0.0,0.0,0.0,-0.993,-0.189,0.0,3.723,-0.067,-1.756,-0.23,2.414841178388542,L27R
12.559,-2.42,1.964,-0.024,-0.098,0.559,0.148,0.0,0.0,0.0,0.0,0.0,0.046,-2.19,2.319,-1.505,4.332,15.689848028338474,I24G
-0.346,8.854,9.13,-0.015,0.899,0.218,0.595,0.0,0.0,0.0,0.0,0.0,-0.001,0.734,0.933,-3.754,0.614,17.862034313642425,I24Q
10.279,-2.309,0.912,-0.023,-0.098,0.52,0.117,0.0,0.0,0.0,0.0,0.0,-0.001,-2.19,1.303,-0.979,1.358,8.888886187947037,I24A
-1.927,42.866,16.723,0.004,0.847,0.671,-0.2,0.0,0.0,0.0,0.361,0.621,-0.001,2.585,1.012,-3.018,0.59,42.02240340715698,I24K
-10.553,49.97924228745988,3.579,-0.005,0.266,0.324,0.494,0.0,0.0,0.0,0.0,-0.035,-0.001,2.354,0.703,-0.042,1.249,49.977811865264535,I24W
3.848,3.285,-8.047,-0.014,-0.742,0.459,4.379,0.0,0.0,0.0,0.661,-0.621,0.083,-2.566,1.725,2.944,1.524,6.916921138928501,D26G
-3.586,49.248745438246324,0.927,0.007,0.204,0.378,0.676,0.0,0.0,0.0,0.0,-0.035,-0.001,3.213,0.519,-1.085,0.394,49.295265682849774,I24F
3.884,-0.232,-0.257,-0.008,-0.051,0.198,0.011,0.0,0.0,0.0,0.0,0.0,0.0,-2.188,0.012,0.339,0.015,1.723349621262514,I24V
-1.882,33.669,7.088,-0.013,0.369,-0.261,-0.206,0.0,0.0,0.0,0.0,0.0,-0.001,-0.423,0.52,-2.604,0.67,36.9256889095434,I24H
0.0,0.0,0.0,0.0,0.0,0.0,0.0,0.0,0.0,0.0,0.0,0.0,0.0,0.0,0.0,0.0,0.0,0.0,I28I
4.865,49.6926561069918,3.145,-0.021,0.024,0.803,1.251,48.1231712102968,0.0,1.048,0.0,0.0,0.127,-1.84,6.513,-3.947,5.255,49.99703936143206,I24P
-1.359,23.608,1.314,-0.015,0.091,0.006,-0.022,0.0,0.0,0.0,0.0,0.0,-0.001,1.167,0.903,-0.646,1.176,26.221927817901133,I24M
-4.168,6.699,-6.096,0.008,-0.712,-0.006,4.202,0.0,0.0,0.0,0.661,-0.621,0.0,1.314,0.54,3.364,-0.008,5.176170517871924,D26F
-3.452,0.859,-1.06,-0.007,-0.384,0.904,4.479,0.0,0.0,0.0,0.661,-1.641,0.0,1.04,0.631,0.695,0.201,2.9231039104597585,D26Q
-5.862,49.084991585254144,15.404,-0.009,0.22,0.926,2.262,0.0,0.0,0.0,0.0,-0.035,-0.001,3.08,0.83,-2.398,0.582,49.495687592042195,I24R
-2.358,0.648,-4.127,-0.002,-0.503,-0.143,4.251,0.0,0.0,0.0,1.023,0.0,0.0,0.9,0.685,3.803,0.186,4.361809449956581,D26M
-0.516,1.666,-5.771,0.016,-0.502,-0.211,4.951,0.0,0.0,0.0,1.023,0.0,-0.017,0.113,0.167,4.789,-0.131,5.574457329163124,D26V
5.714,-1.634,3.441,-0.017,-0.04,0.03,-0.251,0.0,0.0,0.0,0.0,0.0,-0.001,-2.169,0.738,-1.152,0.539,5.198798446136379,I24T
-3.577,0.384,-0.076,0.017,-0.169,1.11,2.164,0.0,0.0,0.0,0.962,-0.48,0.0,1.741,0.561,2.051,0.162,4.849431814815034,D26R
-5.253,2.038,-3.017,0.028,-0.501,0.959,4.116,0.0,0.0,0.0,0.661,-2.114,0.0,2.274,0.591,2.728,0.02,2.528501391620693,D26Y
-3.698,1.046,-0.977,-0.005,-0.371,0.966,5.166,0.0,0.0,0.0,0.661,-1.076,0.0,0.346,0.64,1.432,0.15,4.277834983949788,D26K
-0.804,4.031,-4.762,-0.006,-0.685,0.278,3.693,0.0,0.0,0.0,0.661,-0.621,0.0,-2.54,0.772,3.298,0.278,3.590770739404661,D26T
-4.982,7.322,-3.989,0.012,-0.548,1.339,2.369,0.0,0.0,0.0,0.6,-1.38,0.0,2.082,0.495,4.407,0.091,7.817652110966264,D26W
2.462,0.054,1.072,-0.027,0.295,0.918,-1.639,0.0,0.0,0.0,0.0,-0.012,0.081,-1.963,0.373,-1.152,0.083,0.5458633286891654,I28T
3.885,1.006,3.156,-0.042,-0.632,1.099,3.372,2.268,0.0,0.0,1.023,0.03,0.09,4.229,2.538,-3.947,2.568,20.641621159331635,I28P
2.536,0.957,9.148,-0.013,0.717,-0.202,-1.689,0.0,0.0,0.0,-0.256,-0.712,0.091,2.936,0.635,-4.788,0.114,9.472527482379746,V30D
1.288,-0.825,2.812,-0.031,-0.337,0.12,1.391,0.0,0.0,0.0,0.0,1.46,0.081,1.358,0.113,-0.642,-0.12,6.668436012378834,I28L
3.996,-5.506,2.905,-0.045,-0.354,1.015,-1.244,0.0,0.0,0.0,0.0,0.048,0.081,-0.175,0.625,0.951,0.418,2.713310040100623,I28C
3.294,-5.569,5.557,-0.043,-0.112,0.747,-2.361,0.0,0.0,0.0,0.0,-1.659,0.081,2.733,0.903,-3.644,0.305,0.2312259244465622,I28N
7.75,-5.961,0.912,-0.048,-0.378,0.732,-0.682,0.0,0.0,0.0,0.0,0.03,0.092,0.039,0.942,-1.505,0.67,2.5929679857138126,I28G
2.602,-5.696,7.022,-0.041,0.36,0.2,-0.803,0.0,0.0,0.0,0.0,0.03,0.081,3.451,0.183,-5.028,-0.278,2.0813034911654995,I28E
3.303,-5.219,7.634,-0.044,-0.072,1.171,-1.488,0.0,0.0,0.0,0.0,0.193,0.081,-0.053,0.635,-4.449,-0.041,1.6483387892126302,I28D
-7.347,44.004198658507434,1.35,0.067,0.497,-0.014,0.745,0.0,0.0,0.0,-0.136,0.189,0.091,8.456,0.169,-1.424,-0.01,44.570880722884034,V30F
5.722,-5.579,1.255,-0.046,-0.365,1.076,-0.794,0.0,0.0,0.0,0.0,0.048,0.081,-0.311,0.253,-0.979,-0.102,0.2582989040420216,I28A
1.195,-5.522,3.233,-0.027,-0.168,0.558,-1.332,0.0,0.0,0.0,0.0,0.03,0.081,2.666,0.313,-1.085,-0.072,-0.1317852473421226,I28F
6.524,0.633,0.383,-0.016,-0.027,0.178,0.46,0.0,0.0,0.0,0.12,0.189,0.091,-0.991,0.331,-1.318,0.097,6.653404738857034,V30A
2.098,-5.697,5.265,-0.043,0.025,0.655,-2.374,0.0,0.0,0.0,0.0,-1.422,0.081,2.853,0.379,-2.604,-0.072,-0.8580235902329605,I28H
1.127,-5.39,3.683,-0.041,-0.232,0.565,-0.651,0.0,0.0,0.0,0.0,0.03,0.081,2.808,0.423,-0.646,0.108,1.86358691308692,I28M
1.503,0.012,-0.397,-0.023,-0.061,0.243,0.124,0.0,0.0,0.0,0.0,0.0,0.0,-1.575,0.104,0.339,-0.082,0.1855559921709755,I28V
0.0,0.0,0.0,0.0,0.0,0.0,0.0,0.0,0.0,0.0,0.0,0.0,0.0,0.0,0.0,0.0,0.0,0.0,N29N
1.83,4.515,3.795,0.0,0.682,-0.616,1.773,0.0,0.0,0.0,0.994,0.807,0.091,5.513,0.42,-4.093,0.074,15.783378377811914,V30Q
-3.196,2.854,-2.677,0.001,-0.17,1.0,3.046,0.0,0.0,0.0,1.367,1.982,0.0,1.14,-0.172,2.998,-0.151,8.021581614244042,N29M
6.526,-0.383,-6.955,-0.012,-0.29,0.447,4.209,0.0,0.0,0.0,-0.362,1.777,0.126,-1.914,0.595,2.139,0.438,6.339220891376499,N29G
1.202,0.171,2.176,-0.016,-0.041,0.038,-0.264,0.0,0.0,0.0,0.0,0.0,0.091,0.572,0.603,0.612,0.592,5.735117935118524,V30C
0.181,3.397,8.024,0.059,1.561,-0.529,-0.352,0.0,0.0,0.0,1.54,0.996,0.091,8.693,0.325,-2.737,-0.071,21.177038280221723,V30R
-2.424,8.691,0.604,0.001,0.15,-0.108,0.285,0.0,0.0,0.0,0.12,0.189,0.091,0.434,0.113,-0.981,-0.011,7.153300534153686,V30L
1.359,-5.758,3.391,-0.027,-0.152,0.466,-0.907,0.0,0.0,0.0,0.0,0.03,0.081,2.658,0.374,-1.721,-0.067,-0.2736068300755505,I28Y
1.965,-5.638,5.52,-0.031,0.268,-0.067,-0.899,0.0,0.0,0.0,0.0,0.03,0.081,3.886,0.338,-3.754,-0.066,1.6310590402938487,I28Q
5.651,-5.924,3.509,-0.046,-0.355,0.555,-1.351,0.0,0.0,0.0,0.0,0.03,0.081,0.441,0.669,-2.593,0.127,0.7933016219064939,I28S
-1.011,0.832,11.904,-0.011,0.259,0.082,0.055,0.0,0.0,0.0,0.12,0.189,0.091,3.291,0.228,-5.367,-0.113,10.548103970657849,V30E
1.987,-0.309,-5.289,-0.004,-0.258,0.536,0.576,0.0,0.0,0.0,0.517,1.752,0.0,-0.94,0.254,4.595,-0.061,3.355203513930292,N29C
-1.689,-4.734,4.524,-0.026,-0.109,1.112,-0.442,0.0,0.0,0.0,0.0,0.03,0.081,2.275,0.282,-0.042,-0.066,1.19417222395532,I28W
-4.032,48.93229051900468,-7.641,0.065,-0.316,0.792,2.493,0.0,0.0,0.0,-0.362,1.777,-0.191,1.773,-0.13,3.644,-0.07,48.83521112910591,N29I
0.079,1.124,0.021,0.0,0.025,0.017,-0.072,0.0,0.0,0.0,0.0,0.0,0.0,-1.016,0.0,0.0,0.0,0.1767781193827886,V30V
-0.422,49.99690231676774,3.164,-0.015,0.008,0.051,1.463,18.971,1.287,0.0,0.12,0.189,0.051,-0.355,2.546,-4.286,11.223,49.99920474973166,V30P
1.071,-5.539,7.803,-0.035,-0.099,0.816,-1.565,0.0,0.0,0.0,-0.128,0.03,0.081,2.37,0.375,-3.018,-0.228,1.9324955247604976,I28K
-0.879,1.738,9.423,-0.012,0.199,-0.43,-0.413,0.0,0.0,0.0,0.0,0.0,0.091,1.818,0.918,-3.983,0.43,8.897589506038457,V30N
8.883,0.498,1.052,-0.017,-0.027,0.095,0.186,0.0,0.0,0.0,0.12,0.189,0.088,-0.991,0.888,-1.844,0.79,9.907159205262133,V30G
-4.908,7.292,8.236,0.019,0.661,-0.374,0.355,0.0,0.0,0.0,-0.136,0.189,0.091,5.897,0.26,-2.943,0.006,14.64434677330928,V30H
2.417,1.304,-2.924,-0.002,0.329,-0.25,2.146,0.0,0.0,0.0,1.114,0.996,0.091,3.897,0.434,-0.985,0.255,8.821161452200613,V30M
3.739,0.147,-8.075,-0.012,-0.293,0.812,4.314,0.0,0.0,0.0,-0.362,1.777,0.0,-1.564,-0.11,2.665,-0.206,2.830870382029389,N29A
-1.827,5.698,2.123,-0.007,-0.177,1.039,4.334,0.0,0.0,0.0,-0.63,2.977,0.0,2.021,-0.443,-1.384,-0.379,13.344968678353098,N29E
0.988,-5.659,6.575,-0.028,0.327,-0.244,0.147,0.0,0.0,0.0,0.0,0.03,0.081,3.426,0.311,-2.398,-0.212,3.341886124645498,I28R
-3.52,11.547,1.522,0.008,0.042,-0.046,0.275,0.0,0.0,0.0,0.12,0.189,0.0,-0.571,-0.114,-0.339,0.068,9.179805298835618,V30I
-10.504,49.99985984915001,4.716,0.031,0.352,-0.185,-0.52,0.0,0.0,0.0,-0.136,0.189,0.091,6.665,0.237,-2.06,0.019,49.99985351260484,V30Y
5.831,0.642,4.188,-0.016,0.042,0.01,-0.591,0.0,0.0,0.0,0.0,0.0,0.091,-0.305,0.655,-2.932,0.284,7.898365787044668,V30S
1.4,0.697,-1.642,-0.001,-0.222,0.663,0.928,0.0,0.0,0.0,0.517,1.752,0.0,-0.361,-0.06,2.492,-0.039,6.123172230418732,N29T
-2.31,16.645,-5.355,0.022,-0.153,0.812,2.404,0.0,0.0,0.0,1.367,1.982,0.0,1.981,-0.432,3.002,-0.289,19.675678331178688,N29L
1.437,8.78,9.861,0.007,0.765,0.785,-0.553,0.0,0.0,0.0,0.958,0.807,0.091,5.205,0.369,-3.357,-0.104,25.04937899878405,V30K
2.741,0.711,4.211,-0.008,0.035,-0.245,-0.339,0.0,0.0,0.0,0.12,0.189,0.091,-1.0,0.309,-1.491,0.175,5.496836732793781,V30T
-14.705,49.99992927210591,3.898,0.045,0.577,-0.246,0.132,0.0,0.0,0.0,-0.136,0.189,0.091,7.525,0.144,-0.381,0.056,49.99992084814813,V30W
0.229,41.06078929118275,-4.471,-0.004,-0.235,0.359,1.387,25.471,0.0,0.0,0.517,1.752,-0.033,0.546,1.246,-0.303,11.215,47.87108959199766,N29P
0.463,3.594,0.809,-0.008,-0.107,0.757,-1.28,0.0,0.0,0.0,-0.362,0.337,0.0,0.05,-0.332,-0.805,-0.331,2.784025171685016,N29D
-7.095,11.448,-1.833,0.06,-0.176,2.688,1.769,0.0,0.0,0.0,-0.543,1.693,0.0,2.037,-0.118,2.559,-0.101,12.38873142184434,N29F
0.487,47.84391620720239,-6.565,0.014,-0.237,0.57,1.622,0.0,0.0,0.0,0.517,1.752,-0.191,1.796,-0.119,3.983,-0.118,48.12098669117037,N29V
-1.782,2.568,0.949,0.0,-0.092,0.543,3.208,0.0,0.0,0.0,0.249,2.952,0.0,2.569,-0.31,-0.11,-0.284,10.456987073918526,N29Q
2.94,-0.123,-3.164,-0.012,-0.268,0.629,2.5,0.0,0.0,0.0,-0.362,0.256,0.0,-0.895,0.064,1.051,-0.164,2.450660375899133,N29S
-2.908,2.277,1.22,0.002,0.114,0.896,-0.903,0.0,0.0,0.0,0.517,0.059,0.0,1.469,-0.202,1.04,-0.191,3.388947499345477,N29H
-7.749,15.359,0.444,0.066,-0.188,2.417,2.298,0.0,0.0,0.0,-0.259,1.693,0.0,2.674,-0.131,1.923,-0.182,18.364910264110904,N29Y
-5.185,8.975,6.1,0.032,0.386,2.034,-2.365,0.0,0.0,0.0,-0.039,1.241,0.0,4.217,-0.27,0.626,-0.356,15.395341595292392,N29K
-7.178,5.463,6.192,0.013,0.265,2.66,1.845,0.0,0.0,0.0,-0.362,1.777,0.0,3.14,-0.298,1.246,-0.296,14.464525083918488,N29R
-11.34,11.491,0.117,0.031,0.115,0.508,3.265,0.0,0.0,0.0,1.861,2.952,0.0,1.513,-0.141,3.602,-0.235,13.737822783103638,N29W
3.756,-0.458,-4.373,-0.009,-0.183,0.169,0.325,0.0,0.0,0.0,1.183,0.0,0.0,-1.107,0.319,3.35,0.7,3.670131063682902,R31C
0.837,49.999459207673205,-4.608,-0.006,-0.158,0.151,2.633,10.297,0.965,0.0,1.183,0.0,-0.003,-0.95,1.822,-1.548,11.308,49.99977498894241,R31P
9.063,-1.467,-5.353,-0.011,-0.194,-0.048,1.254,0.0,0.0,0.0,1.183,0.0,-0.023,-1.686,0.605,0.893,0.848,5.060660645587859,R31G
7.302,-1.44,-5.664,-0.01,-0.194,0.066,1.328,0.0,0.0,0.0,1.183,0.0,0.0,-1.686,-0.052,1.42,0.097,2.3476075651910837,R31A
9.13,-3.518,-0.053,-0.021,-0.066,0.033,0.177,0.0,0.0,0.0,0.0,0.0,0.0,-1.093,0.184,2.037,0.027,6.835840867736806,F36C
4.196,-1.426,-2.659,-0.006,0.478,0.125,0.898,0.0,0.0,0.0,1.183,0.0,0.0,-0.317,0.017,-0.206,0.171,2.4532208444347816,R31H
1.858,-0.32,-0.997,-0.004,-0.004,0.068,0.74,0.0,0.0,0.0,1.183,0.0,0.0,0.864,0.125,-1.356,0.201,2.356690932860147,R31Q
7.084,-1.433,-3.483,-0.009,-0.121,-0.27,1.028,0.0,0.0,0.0,1.183,0.0,0.0,-1.052,0.395,-0.195,0.364,3.4922664286734744,R31S
0.0,0.0,0.0,0.0,0.0,0.0,0.0,0.0,0.0,0.0,0.0,0.0,0.0,0.0,0.0,0.0,0.0,0.0,R31R
3.837,-1.203,-4.741,0.007,-0.01,-0.174,1.449,0.0,0.0,0.0,1.183,0.0,0.0,-1.116,-0.151,1.757,0.101,0.9368472506439502,R31L
5.537,-1.437,-2.706,-0.003,0.155,-0.249,1.712,0.0,0.0,0.0,1.183,0.0,0.0,0.973,-0.033,-2.629,-0.051,2.451716597652421,R31E
6.032,-1.437,-1.868,-0.002,0.694,-0.399,0.459,0.0,0.0,0.0,1.183,0.0,0.0,2.412,0.355,-2.051,0.245,5.619720700033895,R31D
8.959,-4.312,-8.155,0.007,0.636,-0.754,3.304,0.0,0.0,0.0,2.176,0.807,0.0,1.781,0.105,-0.619,-0.019,3.914817288299673,R31K
3.067,-1.33,-4.377,0.012,0.103,-0.133,0.889,0.0,0.0,0.0,1.183,0.0,0.0,-0.207,-0.178,1.313,0.098,0.4392851200582299,R31F
1.948,-0.379,-4.728,0.018,-0.121,0.041,1.416,0.0,0.0,0.0,1.183,0.0,-0.05,-1.604,-0.296,2.399,0.255,0.0816425593086478,R31I
5.209,-1.443,-2.437,-0.006,0.438,0.062,1.269,0.0,0.0,0.0,1.183,0.0,0.0,0.481,0.666,-1.245,0.553,4.728235330295775,R31N
2.094,-0.548,-2.907,-0.003,-0.187,0.066,1.006,0.0,0.0,0.0,1.183,0.0,0.0,-0.56,0.114,1.752,0.352,2.361011532103703,R31M
3.819,-0.195,-5.658,0.012,-0.139,0.171,1.317,0.0,0.0,0.0,1.183,0.0,-0.05,-1.354,-0.163,2.738,0.152,1.8298032800551027,R31V
5.479,-1.441,-2.401,0.001,-0.129,-0.098,0.299,0.0,0.0,0.0,1.183,0.0,0.0,-1.677,0.085,1.247,0.277,2.8234581605643143,R31T
-2.118,1.57,3.629,0.002,0.271,-0.39,-0.465,0.0,0.0,0.0,-0.041,0.435,0.0,1.774,-0.021,-1.856,-0.147,2.6424543953169177,S37D
-2.047,1.176,-0.881,-0.013,-0.141,0.81,-0.421,0.0,0.0,0.0,-0.611,-0.462,0.0,2.825,0.479,3.545,0.319,4.576798479637773,S39C
-2.578,49.761,-5.396,0.047,0.278,0.096,4.785,0.0,0.0,0.0,0.898,0.196,0.113,9.091,2.494,0.421,2.431,42.451742837706085,G35F
1.809,0.122,-2.706,-0.002,-0.065,-0.11,0.926,0.0,0.0,0.0,-0.041,0.435,-0.084,-0.259,0.68,1.088,0.585,2.3757777591802096,S37G
4.706,-2.466,9.508,-0.01,0.665,-0.635,-1.991,0.0,0.0,0.0,1.165,-0.263,0.0,3.155,0.132,-3.942,0.149,10.169943914494295,F36E
2.869,-1.347,-3.892,0.011,0.113,-0.221,0.675,0.0,0.0,0.0,1.183,0.0,0.0,-0.182,-0.125,0.677,0.097,-0.1424570898702768,R31Y
-0.063,-0.01,-3.893,0.01,0.228,0.025,0.89,0.0,0.0,0.0,1.183,0.0,0.0,0.01,-0.146,2.356,0.115,0.7049740493785066,R31W
-5.626,49.97932596214439,0.399,0.015,0.602,-0.303,2.666,0.0,0.0,0.0,2.97,1.939,0.094,2.526,-0.06,0.354,-0.099,49.98339231991892,G38T
6.034,48.09907998352426,-0.614,-0.018,0.032,-0.275,2.451,12.257,0.0,0.0,2.023,0.372,0.016,-0.837,0.648,-2.861,12.344,49.45483110865634,F36P
13.162,-3.81,0.717,-0.024,-0.074,0.101,0.337,0.0,0.0,0.0,0.992,0.919,0.061,-1.786,1.248,-0.42,1.475,12.893924013395464,F36G
-1.442,49.89322784484633,-6.93,-0.005,-0.332,1.386,1.112,40.536,0.794,0.0,0.642,-2.692,0.134,5.625,7.794,-2.441,21.317,49.99221721961406,G35P
-0.083,-0.812,0.049,-0.002,-0.005,-0.173,0.091,0.0,0.0,0.0,0.042,0.372,0.0,0.667,0.0,0.0,0.0,0.1450389890815131,F36F
0.269,1.483,-4.839,0.006,0.503,0.154,1.818,7.772,0.0,0.0,0.952,0.435,-0.008,1.014,1.703,-1.353,1.944,11.850113021894911,S37P
0.97,2.621,10.924,-0.005,0.217,-0.038,2.622,0.0,0.0,0.0,0.644,-0.222,0.0,2.599,0.119,-1.932,0.136,18.65367720733116,F36K
-1.909,0.389,0.712,0.005,0.284,-0.485,0.334,0.0,0.0,0.0,-0.041,0.435,0.0,2.078,0.178,-2.434,0.064,-0.3913918053947327,S37E
-6.904,49.73903341091357,8.205,0.04,1.466,-1.099,0.335,0.0,0.0,0.0,3.803,3.905,0.094,4.466,-0.433,-2.944,-0.466,49.828155061866156,G38D
3.68,3.78,-5.821,0.035,0.019,0.408,2.142,0.0,0.0,0.0,0.898,-1.671,0.113,5.83,2.742,0.354,2.863,15.367593722069614,G35T
0.795,-2.032,-4.277,0.029,0.565,-0.221,1.988,0.0,0.0,0.0,0.952,0.435,0.068,1.104,0.17,2.594,0.102,2.272204600760915,S37I
-1.827,9.799,-1.164,0.034,0.614,-0.176,1.179,0.0,0.0,0.0,1.1,0.435,0.0,2.571,0.07,1.952,-0.095,14.490808312150875,S37L
2.635,43.340937030604444,-1.677,0.01,0.003,0.003,0.321,0.0,0.0,0.0,0.042,0.372,-0.004,-0.324,-0.418,1.086,-0.276,43.767578442253445,F36I
0.983,-2.055,-4.892,0.021,0.489,-0.352,1.961,0.0,0.0,0.0,0.994,0.807,0.068,1.02,0.149,2.933,0.114,2.2384580800433014,S37V
7.588,-3.339,3.834,-0.018,0.454,-0.846,0.397,0.0,0.0,0.0,0.042,0.372,0.0,1.217,0.028,-2.558,0.267,7.435325621116362,F36N
0.358,0.267,-1.658,-0.015,-0.173,0.647,0.065,0.0,0.0,0.0,-0.611,-0.462,0.0,2.136,0.12,1.615,0.044,2.332227540912527,S39A
-0.448,6.134,-4.277,0.001,-0.363,-0.246,3.023,0.0,0.0,0.0,0.097,0.288,0.113,3.037,2.827,2.457,4.918,17.557459431438247,G35C
-2.026,0.24,-1.297,0.001,-0.05,-0.445,0.589,0.0,0.0,0.0,0.0,0.807,0.0,-0.058,0.143,3.545,0.0,1.4497504600510638,S37C
-10.381,49.93442795056964,4.562,0.038,-0.089,0.372,5.862,0.0,0.0,0.0,1.981,0.287,0.0,4.552,-0.358,-0.425,-0.456,49.948296244634896,S34K
11.008,-3.579,-0.519,-0.023,-0.074,0.157,0.401,0.0,0.0,0.0,0.992,0.919,0.0,-1.786,0.472,0.107,0.381,8.452036504085754,F36A
2.318,-1.231,-4.651,-0.004,-0.45,-0.65,3.752,0.0,0.0,0.0,0.0,0.288,0.0,0.433,0.0,0.0,0.0,-0.1987925416822236,G35G
-3.02,0.622,-0.191,0.003,-0.067,0.448,1.634,0.0,0.0,0.0,-0.043,-0.368,0.0,-0.156,0.631,1.615,0.309,1.418107564253205,S37A
7.895,-3.127,6.476,-0.015,0.492,0.137,-2.833,0.0,0.0,0.0,0.004,-0.263,0.0,0.984,-0.133,-3.364,0.165,6.415823410035955,F36D
-1.425,2.042,-1.883,0.025,0.022,0.161,0.595,0.0,0.0,0.0,0.0,1.504,0.024,0.656,0.655,2.933,0.441,5.747240732036971,S39V
0.795,4.119,1.05,-0.016,-0.036,-0.187,1.695,0.0,0.0,0.0,0.456,-0.075,0.0,1.39,0.213,0.439,0.126,9.967191319788071,F36M
0.028,0.009,-0.288,0.002,0.282,0.002,0.6,0.0,0.0,0.0,0.0,1.504,0.0,1.368,0.165,-1.856,0.324,2.139257536342484,S39D
8.658,49.99337706097183,-7.082,-0.005,0.651,0.989,4.781,5.882,1.138,0.0,-0.136,1.265,-0.005,0.267,1.737,-2.225,11.267,49.997766964715254,Y32P
0.0,0.0,0.0,0.0,0.0,0.0,0.0,0.0,0.0,0.0,0.0,0.0,0.0,0.0,0.0,0.0,0.0,0.0,S34S
-5.547,8.938,-0.574,0.021,0.226,-0.219,1.345,0.0,0.0,0.0,0.857,0.807,0.0,1.366,-0.131,1.508,-0.2,8.39668883134982,S37F
3.928,23.152,-0.898,-0.005,0.032,-0.133,1.584,0.0,0.0,0.0,0.456,-0.075,0.0,-0.616,-0.174,0.444,0.059,27.75017947461879,F36L
2.698,-3.165,5.563,-0.019,0.265,-0.528,-0.721,0.0,0.0,0.0,0.042,-0.302,0.0,1.903,0.103,-1.519,0.196,4.51651415589663,F36H
-2.081,0.414,0.307,0.006,0.168,-0.453,0.52,0.0,0.0,0.0,-0.041,0.435,0.0,2.197,0.052,-1.161,-0.127,0.2354724480876484,S37Q
-4.877,49.99831448929025,-16.679,0.103,-0.036,1.814,3.467,0.0,0.0,0.0,2.88,-2.692,0.0,12.404,-0.281,1.952,-0.292,49.99815655173178,S34L
-0.049,0.012,-0.729,0.004,0.236,-0.116,0.571,0.0,0.0,0.0,0.0,1.504,0.0,1.116,0.269,-1.05,0.555,2.321408668577988,S39N
-4.432,31.713,3.457,0.027,0.649,-0.944,1.846,0.0,0.0,0.0,3.581,3.838,0.094,0.819,-0.613,-1.087,-0.572,38.37492859409917,G38S
-2.53,49.4453355255052,-1.129,0.013,0.412,0.112,3.776,0.0,0.0,0.0,0.984,-0.939,0.113,8.166,2.511,-1.098,2.385,49.66649287378282,G35H
1.35,7.095,-6.579,0.061,0.072,0.385,2.585,0.0,0.0,0.0,0.898,-1.671,0.134,4.483,5.265,1.506,10.911,26.492636858645483,G35I
-0.353,0.006,-1.031,0.005,0.321,-0.021,0.537,0.0,0.0,0.0,0.0,1.504,0.0,2.354,0.23,-0.011,0.364,3.9038229832951856,S39H
-11.259,49.94363312646292,4.472,0.041,1.065,-1.34,3.535,0.0,0.0,0.0,3.957,2.885,0.094,6.363,-0.252,-2.249,-0.313,49.957386802537485,G38Q
-7.109,49.988134360321084,-7.304,0.051,0.13,1.118,3.414,0.0,0.0,0.0,2.88,-2.692,0.0,11.23,-0.404,-0.011,0.07,49.98876800695054,S34H
-0.055,0.008,-1.004,0.006,0.086,0.044,0.564,0.0,0.0,0.0,0.0,1.504,0.0,0.792,0.181,-0.425,0.094,1.7922566617185112,S39K
2.552,5.765,-3.838,0.012,0.782,0.191,3.552,0.0,0.0,0.0,0.898,-1.671,0.113,5.965,3.219,-3.522,2.956,16.970330926822044,G35E
1.049,0.258,-1.578,-0.016,-0.173,0.619,0.066,0.0,0.0,0.0,-0.611,-0.462,-0.016,2.136,0.673,1.088,0.717,3.7500657648661218,S39G
-2.783,47.34299183481647,-2.159,0.029,0.006,1.389,1.304,0.0,0.0,0.0,2.88,-2.692,0.0,9.533,-0.253,-2.434,-0.276,47.77447422306402,S34E
-3.795,49.93385932987344,-15.522,0.036,-0.301,1.307,3.526,0.0,0.0,0.0,2.88,-2.692,0.246,5.843,-0.044,2.594,0.17,49.91675228161041,S34I
-2.221,15.156,3.008,0.004,0.123,-0.047,5.472,0.0,0.0,0.0,1.981,0.287,0.0,4.052,-0.086,-1.856,-0.221,25.650448887317,S34D
-2.217,8.48,-2.736,0.006,-0.245,0.101,3.828,0.0,0.0,0.0,0.097,0.288,0.113,3.978,3.114,0.86,3.592,19.25665323123235,G35M
-1.478,45.308,-9.395,-0.002,-0.436,-0.613,6.807,0.0,0.0,0.0,2.395,-0.159,0.0,1.613,-0.127,3.545,0.28,47.73526849311406,S34C
5.303,5.413,-8.405,0.004,-0.053,0.482,2.272,0.0,0.0,0.0,0.898,-1.671,0.113,3.633,3.106,0.527,2.841,14.460180354391696,G35A
0.645,7.731,-6.568,0.017,0.036,0.306,2.386,0.0,0.0,0.0,0.898,-1.671,0.113,4.731,3.213,0.864,3.245,15.941948296370356,G35L
-12.17,49.999999999997144,-4.69,0.05,0.773,-0.819,3.258,0.0,0.0,0.0,3.91,3.905,0.039,1.126,0.186,1.506,-0.033,49.99999999999678,G38I
-0.054,0.01,-0.563,0.004,0.255,-0.099,0.18,0.0,0.0,0.0,0.0,1.504,0.0,2.645,-0.051,-2.434,0.037,1.4322130811497118,S39E
6.621,4.938,-5.441,0.024,-0.052,0.119,3.463,0.0,0.0,0.0,0.898,-1.672,0.055,4.953,-0.022,0.643,0.076,14.598868149908869,L33I
-5.681,1.139,3.258,0.004,0.396,-0.076,0.094,0.0,0.0,0.0,0.414,-0.195,0.0,2.595,-0.237,-0.011,-0.239,1.460323372108178,S37H
1.869,12.223,-10.599,0.023,-0.349,1.345,3.564,0.0,0.0,0.0,2.88,-2.692,0.0,6.463,-0.53,1.442,-0.395,15.240415195513153,S34T
-2.147,0.427,0.304,0.006,0.093,-0.389,1.03,0.0,0.0,0.0,-0.041,0.435,0.0,0.632,0.065,-0.425,-0.085,-0.0964139495968083,S37K
-3.169,1.652,2.36,0.003,0.256,-0.351,0.403,0.0,0.0,0.0,-0.028,0.435,0.0,1.123,-0.228,-1.05,-0.198,1.2091436820646777,S37N
3.914,-0.118,-11.025,-0.004,-0.472,-0.527,6.036,0.0,0.0,0.0,1.981,0.287,0.0,-0.953,0.418,1.615,0.399,1.549809246043651,S34A
2.388,7.584,-7.711,0.049,0.005,0.642,2.664,0.0,0.0,0.0,0.898,-1.671,0.134,4.368,5.546,1.845,10.881,27.62039982430042,G35V
-0.431,0.314,-1.303,0.02,0.199,0.0,0.447,0.0,0.0,0.0,0.0,1.504,0.0,2.237,0.363,0.872,0.457,4.678343685179698,S39Y
-4.838,49.44546789090437,-6.315,0.018,-0.084,0.854,2.598,0.0,0.0,0.0,2.88,-2.692,0.0,11.304,-0.304,-1.161,-0.26,49.48780431471725,S34Q
-2.727,0.436,-0.168,0.008,-0.016,-0.601,1.033,0.0,0.0,0.0,0.0,0.807,0.0,0.83,0.394,1.947,0.002,1.9455620978899333,S37M
0.0,0.0,0.0,0.0,0.0,0.0,0.0,0.0,0.0,0.0,0.0,0.0,0.0,0.0,0.0,0.0,0.0,0.0,S37S
-2.243,0.35,0.503,0.01,0.175,-0.616,1.314,0.0,0.0,0.0,0.0,0.807,0.0,1.172,-0.048,0.195,-0.127,1.492543029502713,S37R
3.773,2.251,-5.286,0.01,0.688,0.884,1.4,0.0,0.0,0.0,-0.257,-1.671,0.113,6.144,2.139,-2.138,1.937,9.98332651721512,G35N
4.709,2.794,-5.474,0.003,-0.026,0.183,1.851,0.0,0.0,0.0,0.898,-1.671,0.113,4.481,2.442,-1.087,2.44,11.653637193586292,G35S
0.0,0.0,0.0,0.0,0.0,0.0,0.0,0.0,0.0,0.0,0.0,0.0,0.0,0.0,0.0,0.0,0.0,0.0,G38G
-10.005,49.999998553190586,1.266,0.024,0.225,-0.639,1.825,4.199,0.0,0.0,1.987,1.706,0.082,0.355,-1.536,-2.441,9.608,49.999998891393226,G38P
-1.799,0.253,-0.216,0.005,0.011,-0.015,0.0,0.0,0.0,0.0,-0.041,-0.08,0.0,-0.253,-0.415,1.442,-0.256,-1.3652769106201958,S37T
-0.23,4.148,-1.467,0.0,0.408,-1.112,5.335,0.0,0.0,0.0,0.557,0.288,0.113,5.211,2.421,-2.944,2.357,15.083389918966532,G35D
-1.536,1.744,4.444,0.002,0.116,0.179,0.318,0.0,0.0,0.0,0.0,0.0,0.0,0.357,0.094,-0.636,-0.008,5.072391428024503,F36Y
-2.767,35.105,-3.261,0.049,0.283,-0.067,5.767,0.0,0.0,0.0,0.745,0.196,0.113,8.34,2.556,-0.216,2.667,49.505754365643725,G35Y
-0.751,0.35,0.483,-0.01,-0.111,0.604,-0.667,0.0,0.0,0.0,-0.611,-2.057,0.0,2.195,0.399,1.442,0.546,1.810779074375432,S39T
-2.968,49.99716926284312,-8.351,-0.001,-0.412,-0.425,8.365,39.782058356349346,0.742,0.0,1.981,0.287,0.455,-0.595,3.709,-1.353,6.725,49.99976752530345,S34P
7.05,-0.738,-8.615,-0.006,-0.472,-0.586,6.053,0.0,0.0,0.0,1.981,0.287,0.134,-0.953,0.871,1.088,1.071,7.163192087146172,S34G
0.0,0.0,0.0,0.0,0.0,0.0,0.0,0.0,0.0,0.0,0.0,0.0,0.0,0.0,0.0,0.0,0.0,0.0,L33L
-0.398,0.011,-1.36,0.013,0.042,-0.053,0.43,0.0,0.0,0.0,0.0,1.504,0.0,-0.001,0.094,1.952,0.387,2.6185711452840224,S39L
4.883,-1.89,5.579,-0.01,-0.029,0.351,-1.213,0.0,0.0,0.0,0.0,0.0,0.0,0.212,0.279,-0.509,0.226,7.876236492886164,L33T
-1.16,0.37,-0.995,0.005,0.134,0.443,-0.031,0.0,0.0,0.0,-0.611,-0.462,0.0,4.264,0.15,2.551,0.291,4.947616015384938,S39W
-2.887,22.707,-3.484,0.013,0.503,-0.68,2.655,0.0,0.0,0.0,1.947,1.192,0.094,1.925,-0.653,0.527,-0.755,23.10260934908274,G38A
-0.611,0.459,-0.9,0.006,0.064,0.529,-0.022,0.0,0.0,0.0,-0.611,-0.462,0.0,4.526,0.343,1.508,0.502,5.331652568889922,S39F
11.22,-3.548,1.814,-0.022,-0.037,-0.198,0.221,0.0,0.0,0.0,0.0,0.0,0.0,-1.016,0.441,-1.508,0.355,7.720272183887346,F36S
3.847,-0.339,-3.727,0.006,-0.418,-0.552,1.36,0.0,0.0,0.0,0.731,2.154,0.02,-3.988,1.953,2.139,5.018,8.203346690576154,N40G
-14.897,49.999999990760976,-8.39,0.075,-0.032,-0.557,4.753,0.0,0.0,0.0,1.981,0.287,0.0,7.538,-0.361,0.872,-0.29,49.99999998674491,S34Y
-1.793,1.743,-1.539,0.022,0.041,0.733,0.107,0.0,0.0,0.0,-0.611,-0.462,0.024,3.17,0.583,2.594,0.417,5.027570681472071,S39I
-0.75,0.632,-1.262,0.016,-0.295,-0.341,1.299,0.0,0.0,0.0,0.611,1.965,0.0,-2.647,0.7,2.998,2.06,4.984993270079258,N40M
-0.299,0.276,-0.297,-0.009,0.034,0.483,-0.205,0.0,0.0,0.0,-0.611,-0.462,0.0,4.455,0.091,-1.161,0.218,2.512796230271306,S39Q
-12.408,49.99998868781311,6.825,0.042,1.309,-1.576,4.742,0.0,0.0,0.0,2.921,1.726,0.094,6.679,-0.32,-1.512,-0.332,49.9999918475334,G38K
-18.433,49.99999999999963,0.325,0.056,0.771,-0.212,1.371,0.0,0.0,0.0,1.941,1.112,0.094,5.608,-0.238,0.421,-0.354,49.9999999999995,G38F
-17.577,50.0,1.35,0.05,-0.615,-2.246,6.047,0.0,0.0,0.0,1.517,2.599,0.094,5.733,-0.205,-0.216,-0.279,50.0,G38Y
-11.527,49.999959617345844,-1.048,0.035,0.163,-0.252,0.235,0.0,0.0,0.0,2.587,3.098,0.039,-0.149,0.117,1.845,-0.135,49.99995069132991,G38V
-0.206,0.267,0.404,-0.014,-0.118,0.538,-0.436,0.0,0.0,0.0,-0.611,-1.966,0.0,2.234,0.0,0.0,0.0,0.0906946594984674,S39S
-21.532,49.999999999823,-5.186,0.163,0.821,0.343,0.953,0.0,0.0,0.0,1.869,-0.724,0.0,12.248,-0.206,2.551,0.479,49.99999999975407,S34W
1.977,5.545,-4.132,0.01,0.639,0.028,2.411,0.0,0.0,0.0,0.898,-1.671,0.113,6.139,3.011,-2.249,2.951,15.666645287599296,G35Q
-5.753,8.864,-0.269,0.02,0.232,-0.382,1.171,0.0,0.0,0.0,0.857,0.807,0.0,1.451,-0.204,0.872,-0.23,7.435747135703423,S37Y
4.058,3.136,-6.219,0.03,0.529,0.614,2.066,0.0,0.0,0.0,0.898,-1.671,0.113,6.837,2.553,-1.512,2.475,13.903196977909602,G35K
0.961,-0.236,-0.581,0.014,0.199,-0.702,1.768,0.0,0.0,0.0,0.611,1.965,0.0,-0.769,0.779,-1.384,0.766,3.3910127820249727,N40E
-9.003,49.73102133764087,0.839,0.017,0.135,-0.179,0.442,0.0,0.0,0.0,2.587,3.098,0.094,-1.232,-0.088,2.457,-0.533,49.71595661217621,G38C
6.604,46.344,-2.258,-0.006,-0.045,-0.093,0.429,0.0,0.0,0.0,0.042,0.372,-0.004,-0.635,-0.359,1.425,-0.251,38.72016606488299,F36V
-15.587,49.99999852207256,8.451,0.053,1.021,-0.369,0.612,0.0,0.0,0.0,2.538,3.096,0.094,4.902,-0.438,-1.098,-0.374,49.99999868387175,G38H
-6.103,49.836409195174944,-1.854,0.03,0.407,0.803,3.336,0.0,0.0,0.0,0.903,-0.047,0.113,6.397,2.398,1.463,3.806,49.897283600602236,G35W
-6.406,49.971150953767186,-13.525,0.031,-0.188,1.403,3.59,0.0,0.0,0.0,2.88,-2.692,0.0,8.036,0.25,1.947,0.356,49.965710889305385,S34M
-1.993,0.128,-1.583,0.012,0.181,0.275,0.417,0.0,0.0,0.0,0.0,1.504,0.0,1.898,0.132,1.947,0.361,3.278663402278653,S39M
2.622,-0.336,-3.702,0.007,-0.418,-0.785,1.263,0.0,0.0,0.0,0.731,2.154,0.0,-3.988,0.95,2.665,1.663,2.82521520143996,N40A
0.789,-0.202,0.681,0.014,0.236,-0.469,1.596,0.0,0.0,0.0,0.611,1.965,0.0,-2.446,-0.08,-0.805,-0.17,1.719455924920794,N40D
-0.039,47.509,-15.334,0.026,-0.328,1.306,3.648,0.0,0.0,0.0,2.88,-2.692,0.246,4.794,-0.199,2.933,0.004,44.75000083513305,S34V
0.546,7.322,-3.118,0.017,0.346,0.371,0.983,0.0,0.0,0.0,0.898,-1.671,0.113,5.378,2.549,-0.893,2.233,15.070963390131965,G35R
2.448,-1.843,11.585,-0.013,0.089,-0.705,-1.166,0.0,0.0,0.0,0.0,0.0,0.0,1.751,0.084,-3.807,-0.151,8.267618830704805,L33D
-8.967,49.999999999992845,-14.438,0.022,0.176,1.443,2.684,0.0,0.0,0.0,2.88,-2.692,0.0,6.914,-0.18,1.508,-0.197,49.99999999998895,S34F
0.468,48.96384722016679,7.841,0.009,0.91,1.344,3.255,0.0,0.0,0.0,2.207,1.726,0.0,1.938,0.064,-1.313,0.112,49.504148385841994,F36R
1.15,0.153,-2.038,0.017,-0.35,-0.764,0.827,0.0,0.0,0.0,0.611,1.965,0.0,-3.53,0.893,2.492,0.843,2.2703281651383804,N40T
-1.007,-0.936,-3.217,0.031,1.408,-0.23,3.672,0.0,0.0,0.0,1.701,0.807,0.0,2.211,0.034,2.551,-0.006,7.017839077393091,S37W
8.799,-1.854,1.983,-0.011,-0.026,-0.393,0.225,0.0,0.0,0.0,0.042,0.372,0.0,-1.631,0.148,-0.066,0.254,7.840401028059659,F36T
-3.704,38.43249890199567,-0.517,0.003,0.671,-0.919,1.914,0.0,0.0,0.0,1.998,1.366,0.0,2.597,-0.032,1.043,0.078,40.148271605060714,F36W
-2.733,44.599087963109426,-0.509,0.0,0.051,0.067,1.247,0.959,0.0,0.0,2.019,1.273,-0.032,0.424,-0.113,-1.353,0.537,44.962167192448696,S39P
-0.27,0.275,-0.567,-0.005,0.048,0.573,0.169,0.0,0.0,0.0,-0.611,-0.462,0.0,3.584,0.09,0.195,0.182,3.200332686290721,S39R
1.412,-0.226,-4.317,0.025,-0.349,-0.829,3.591,0.0,0.0,0.0,0.731,3.609,0.0,-0.615,0.296,2.559,0.363,6.24962441138473,N40F
-11.306,49.93354395952094,8.539,0.036,1.232,-0.975,1.668,0.0,0.0,0.0,4.37,2.651,0.094,6.657,-0.367,-3.522,-0.4,49.95302057794176,G38E
-0.495,1.118,-2.291,0.041,-0.32,-0.468,0.93,0.0,0.0,0.0,0.611,1.965,0.023,-1.647,0.421,3.644,0.178,3.71042745710156,N40I
7.668,-3.975,1.529,-0.001,0.933,-0.989,2.086,0.0,0.0,0.0,0.994,0.807,0.0,3.888,0.134,-2.669,0.161,10.56412706410265,F36Q
-0.114,46.129,-6.979,0.004,0.551,1.84,3.787,0.0,0.0,0.0,2.88,-2.692,0.0,7.794,-0.105,-1.05,0.044,38.928138771684964,S34N
-12.668,49.99999999999831,-3.105,0.051,0.72,-0.721,2.412,0.0,0.0,0.0,3.957,3.098,0.094,3.327,-0.386,0.864,-0.315,49.999999999998124,G38L
8.77,-4.769,2.267,-0.021,-0.122,2.054,-0.565,0.0,0.0,0.0,0.005,-1.869,0.0,-0.72,0.754,-0.872,0.338,5.249896598205623,Y32S
-12.149,49.978847588487824,4.853,0.047,1.427,-0.716,3.388,0.0,0.0,0.0,3.957,3.098,0.094,6.434,-0.428,-0.893,-0.399,49.98506874898676,G38R
-12.089,49.92242312384069,0.502,0.036,0.682,-0.392,2.635,0.0,0.0,0.0,3.957,3.098,0.094,5.461,-0.234,0.86,-0.476,49.93423198347508,G38M
4.098,-2.993,-2.247,0.027,0.115,-0.294,1.171,0.0,0.0,0.0,0.362,0.622,0.0,0.716,0.21,1.08,0.062,2.9257018696141586,Y32L
-19.688,49.99999999999999,1.882,0.082,1.453,-1.022,3.05,0.0,0.0,0.0,2.921,1.733,0.094,6.857,-0.404,1.463,-0.376,49.99999999999999,G38W
-11.054,49.99435511957693,6.647,0.033,0.354,0.217,3.343,0.0,0.0,0.0,3.957,2.078,0.094,5.124,-0.138,-2.138,-0.177,49.995956005208505,G38N
5.265,-5.327,5.793,-0.008,0.198,0.17,-1.267,0.0,0.0,0.0,0.367,0.146,0.0,2.066,0.365,-3.306,-0.059,4.401729713797295,Y32E
1.93,-0.125,-3.639,0.007,-0.211,-1.178,3.818,0.0,0.0,0.0,0.731,3.609,0.0,-2.111,0.115,1.04,0.422,4.406835896732446,N40H
0.645,-0.126,-0.718,0.019,-0.151,-0.656,0.597,0.0,0.0,0.0,0.611,1.965,0.0,-2.006,0.831,0.626,0.605,2.2408025598292625,N40K
0.95,-0.039,-3.033,0.009,-0.376,-0.552,0.739,0.0,0.0,0.0,0.611,1.965,0.0,-3.828,0.33,4.595,1.343,2.714310341735427,N40C
8.188,-5.394,-1.157,-0.014,-0.073,-0.001,0.501,0.0,0.0,0.0,0.367,0.622,0.0,-0.237,0.627,2.673,0.727,6.826374059240607,Y32C
10.767,-3.526,1.045,-0.022,-0.67,-0.863,3.294,0.0,0.0,0.0,0.0,0.287,0.022,-0.215,1.178,-0.863,0.955,11.387141839766857,L33G
15.379,-9.004,-7.213,-0.014,-0.023,-1.212,7.271,0.0,0.0,0.0,0.993,0.836,0.0,0.856,0.453,-0.336,0.259,8.241784272753193,L33A
1.449,-0.19,-4.336,0.024,-0.346,-0.857,3.781,0.0,0.0,0.0,0.731,3.609,0.0,-1.026,0.374,1.923,0.709,5.846068986829096,N40Y
-6.723,49.99991611557949,-5.641,0.108,1.072,2.128,7.985,0.0,0.0,0.0,2.88,-1.672,0.0,11.383,-0.307,0.195,-0.297,49.99994620963263,S34R
0.0,0.0,0.0,0.0,0.0,0.0,0.0,0.0,0.0,0.0,0.0,0.0,0.0,0.0,0.0,0.0,0.0,0.0,N40N
2.101,26.359,-5.266,0.006,-0.319,-0.684,1.003,48.816700615750015,0.0,0.0,0.632,4.241,0.064,-2.7,5.725,-0.303,19.366,49.83966017109711,N40P
0.104,-0.243,0.207,0.025,0.261,-0.584,-0.563,0.0,0.0,0.0,-0.014,1.965,0.0,-2.306,0.522,1.246,0.558,1.1780174264877132,N40R
1.968,-0.105,-4.239,0.023,-0.348,-1.043,4.26,0.0,0.0,0.0,0.61,3.419,0.0,-1.203,0.447,3.602,2.095,9.485591791407389,N40W
3.554,-4.679,7.084,-0.009,-0.052,-0.576,-0.917,0.0,0.0,0.0,0.362,0.621,0.0,0.24,0.57,1.594,0.753,8.542130355032214,L33C
-0.975,-0.993,13.741,-0.008,0.626,-0.179,-2.324,0.0,0.0,0.0,0.0,0.0,0.0,2.407,0.077,-4.386,-0.046,7.936002639050912,L33E
-0.776,3.167,-2.659,0.026,-0.289,-0.249,0.926,0.0,0.0,0.0,0.611,1.965,0.0,-3.375,0.578,3.002,0.511,3.438019222355478,N40L
3.661,-5.103,3.85,-0.004,0.108,0.07,-0.419,0.0,0.0,0.0,0.367,0.622,0.0,2.124,0.523,-2.033,0.2,3.965598404255843,Y32Q
11.782,-6.711,-7.864,-0.012,0.586,0.652,3.373,0.0,0.0,0.0,0.179,1.265,0.0,-0.603,0.4,0.743,0.111,3.900200293676789,Y32A
11.906,6.772,-8.453,0.014,0.094,0.529,4.309,0.0,0.0,0.0,0.898,-1.672,0.055,2.796,0.042,0.982,0.049,18.317573730265394,L33V
-0.297,0.253,-0.978,0.02,0.154,-0.689,1.445,0.0,0.0,0.0,0.731,2.154,0.0,-1.296,0.585,-0.11,0.655,2.6252449381649967,N40Q
-0.003,0.413,-3.134,0.024,-0.364,-0.557,1.063,0.0,0.0,0.0,0.611,1.965,0.023,-3.626,0.333,3.983,0.033,0.7627831023244198,N40V
2.261,-0.34,-1.823,0.008,-0.345,-0.806,0.695,0.0,0.0,0.0,0.611,1.965,0.0,-3.841,0.622,1.051,0.529,0.5862699462923047,N40S
10.396,49.962535614904006,-4.662,-0.009,0.166,-1.653,7.991,29.718,0.849,0.0,1.355,1.458,0.163,3.279,2.482,-3.304,12.029,49.99663459270407,L33P
-4.545,46.427204418782146,0.445,0.051,-0.52,0.698,5.728,0.0,0.0,0.0,0.0,-0.382,0.0,4.714,0.251,-0.443,0.241,47.19391073818591,L33F
-2.763,37.581,12.165,-0.002,0.144,0.722,6.081,0.0,0.0,0.0,0.0,-0.168,0.0,3.285,0.132,-2.376,-0.052,39.933014327227156,L33K
1.709,-2.878,-0.597,0.007,0.166,-0.624,0.319,0.0,0.0,0.0,0.362,0.622,0.0,0.075,-0.047,0.636,-0.005,-0.2574902959827341,Y32F
8.188,-5.655,3.553,-0.013,0.476,-0.65,-0.431,0.0,0.0,0.0,0.367,0.622,0.0,2.375,0.649,-2.728,0.251,7.002569153613422,Y32D
15.409,-7.548,-7.327,-0.011,0.474,-0.076,3.101,0.0,0.0,0.0,0.174,1.265,0.023,-0.603,0.84,0.216,0.766,6.700506148673412,Y32G
2.852,9.669,-2.181,0.016,-0.032,0.959,0.967,0.0,0.0,0.0,0.367,0.508,0.054,-0.133,0.096,1.722,0.241,15.105505272291566,Y32I
-2.773,-0.322,10.864,0.005,0.489,-0.428,-1.059,0.0,0.0,0.0,0.0,0.0,0.0,3.003,0.173,-3.112,0.041,6.878919438935327,L33Q
2.573,-3.49,6.43,-0.005,0.141,-0.538,1.364,0.0,0.0,0.0,0.362,0.622,0.0,1.136,0.437,-1.296,-0.067,7.666774758212796,Y32K
-10.241,49.77265029570529,18.497,0.018,0.438,1.537,3.005,0.0,0.0,0.0,0.0,-0.455,0.0,4.767,0.135,-1.756,0.015,49.87977244084124,L33R
7.003,-5.603,2.328,-0.011,0.474,-0.484,0.574,0.0,0.0,0.0,0.367,0.622,0.0,1.061,0.965,-1.922,0.537,5.908300185926692,Y32N
6.274,0.111,-2.811,0.008,-0.06,0.183,0.677,0.0,0.0,0.0,0.367,0.622,0.054,-0.232,0.225,2.061,0.132,7.608936955876288,Y32V
6.617,-4.516,1.633,-0.012,-0.084,2.069,-0.842,0.0,0.0,0.0,0.005,-1.815,0.0,-1.262,0.422,0.57,0.201,2.9853672530816766,Y32T
3.155,-2.678,7.411,-0.009,0.191,-0.118,-0.422,0.0,0.0,0.0,0.0,0.0,0.0,1.19,0.472,-3.001,0.302,6.48881484528647,L33N
2.551,-3.356,-0.98,-0.008,-0.037,0.121,0.731,0.0,0.0,0.0,0.367,0.622,0.0,1.671,0.467,1.076,0.369,3.591995365355615,Y32M
-1.651,8.547,0.303,-0.011,-0.492,-0.962,3.199,0.0,0.0,0.0,0.0,0.287,0.0,1.515,0.319,-0.004,0.349,11.396867115878194,L33M
3.898,-4.933,3.308,-0.012,0.447,-1.141,-0.29,0.0,0.0,0.0,0.362,0.622,0.0,1.027,0.206,-0.882,0.143,2.7535357863534955,Y32H
-5.188,6.078,3.644,0.01,0.38,1.716,1.286,0.0,0.0,0.0,0.005,-0.845,0.0,0.752,0.075,1.679,0.036,9.627017342226509,Y32W
-7.49,49.99888346035549,3.091,0.024,0.559,-0.653,4.434,0.0,0.0,0.0,1.355,1.425,0.0,9.827,0.348,0.6,0.36,49.999359119631684,L33W
0.914,-2.988,1.371,0.006,0.178,-0.706,-0.016,0.0,0.0,0.0,0.362,0.622,0.0,0.045,0.0,0.0,0.0,-0.2120939195447135,Y32Y
7.792,-3.23,3.296,-0.02,-0.645,-1.113,2.428,0.0,0.0,0.0,0.0,0.287,0.0,0.279,0.558,-1.951,0.34,8.016940819576803,L33S
0.324,7.329,2.85,-0.015,-0.081,-0.793,3.394,0.0,0.0,0.0,0.0,0.287,0.0,2.294,0.185,-1.962,0.21,14.021661091329634,L33H
-0.629,46.3670522833481,-1.055,0.06,0.029,-1.237,7.738,0.0,0.0,0.0,1.355,1.458,0.0,6.584,0.243,-1.079,0.157,47.86043902423995,L33Y
-0.811,6.575,8.266,-0.001,0.31,0.376,1.231,0.0,0.0,0.0,0.367,0.622,0.0,1.384,0.311,-0.677,-0.023,17.927816615341726,Y32R
-9.457,45.019917167071725,10.32,0.002,0.795,0.867,2.19,0.0,0.0,0.0,0.284,-1.159,0.077,8.386,0.923,-3.522,0.185,46.59157859506401,G41E
-9.072,21.879,12.356,0.009,0.382,1.031,2.246,0.0,0.0,0.0,-0.611,-1.966,0.077,6.728,0.818,-2.944,0.248,31.17996317373013,G41D
-10.979,26.429,7.905,0.014,0.32,0.947,0.078,0.0,0.0,0.0,-0.57,-1.594,0.077,6.954,0.997,-2.138,0.113,28.551922549886516,G41N
-21.047,49.9999729306938,-0.484,0.041,0.003,0.485,-0.245,0.0,0.0,0.0,-0.826,-1.594,0.077,10.374,0.426,0.421,-0.326,49.999955019768365,G41F
-7.82,49.983829255017106,-6.681,0.043,0.594,-0.024,1.488,0.0,0.0,0.0,1.035,1.178,0.077,3.861,1.521,0.864,0.897,49.98179104805182,G41L
-7.818,44.5560094366796,1.107,0.003,0.099,0.159,-0.365,49.78976605960714,0.0,0.0,0.0,0.0,0.071,0.574,6.643,-2.441,9.499,49.99102549957261,G41P
-2.976,14.918,-1.196,0.005,-0.019,0.572,-0.462,0.0,0.0,0.0,-0.611,-1.966,0.077,3.748,0.175,0.527,-0.342,12.449785325785342,G41A
-7.926,19.383,-0.657,0.049,0.257,0.005,-0.227,0.0,0.0,0.0,0.041,0.371,0.077,5.447,0.609,2.457,-0.413,19.47184681543149,G41C
-3.072,1.485,1.801,0.001,0.01,0.192,-0.038,0.0,0.0,0.0,0.0,0.0,0.0,1.988,0.376,1.93,-0.179,4.492810636402282,A42C
-11.54,49.956053811075115,12.452,0.04,0.75,2.141,-4.347,0.0,0.0,0.0,0.072,-1.966,0.077,10.852,0.889,-1.512,0.071,49.9680567670527,G41K
-0.22,0.257,0.401,-0.015,-0.119,0.356,-0.331,0.0,0.0,0.0,-0.57,-1.594,0.0,2.234,0.0,0.0,0.0,0.3999376383244453,G41G
-6.371,14.291,6.999,0.008,0.262,-0.06,1.121,0.0,0.0,0.0,0.0,-0.088,0.0,2.864,0.748,-2.039,0.209,17.944201268837105,A42K
-13.676,49.71322624133773,-2.239,0.049,0.156,0.654,-0.561,0.0,0.0,0.0,-0.611,-1.966,0.029,5.478,1.74,1.506,0.798,49.59522417170415,G41I
-17.159,49.99999980717249,0.903,0.016,0.035,0.148,0.413,0.0,0.0,0.0,0.414,-0.447,0.077,3.872,0.801,0.86,0.117,49.99999971288741,G41M
2.335,-0.838,1.153,-0.001,0.0,-0.294,0.258,0.0,0.0,0.0,0.12,0.188,-0.146,0.0,0.727,-0.526,0.95,3.9274422667347153,A42G
-9.519,49.97620947168798,-0.049,0.026,0.071,-0.598,0.172,0.0,0.0,0.0,0.12,0.188,0.022,1.487,1.271,0.979,0.702,49.970792822580606,A42I
-4.203,13.856,4.095,0.02,0.148,-0.114,-0.451,0.0,0.0,0.0,0.0,0.0,0.077,2.793,0.156,-1.087,-0.53,14.75908035449379,G41S
-0.023,0.003,0.0,0.0,0.0,-0.182,0.186,0.0,0.0,0.0,0.12,0.188,0.0,0.0,0.0,0.0,0.0,0.2942413502585168,A42A
-12.251,48.27068434300946,6.498,0.048,1.077,0.769,-0.165,0.0,0.0,0.0,0.486,-2.413,0.077,12.487,0.382,-1.098,-0.299,48.61273683002131,G41H
-22.278,49.99999999968255,2.62,0.058,0.174,0.46,-0.275,0.0,0.0,0.0,-0.611,-1.966,0.077,9.02,0.423,-0.216,-0.326,49.99999999946944,G41Y
-4.32,31.935,-1.228,0.006,0.429,0.079,0.433,0.0,0.0,0.0,0.424,-0.788,0.077,4.572,0.876,0.354,0.032,32.881618252272574,G41T
-10.47,49.99999999999999,8.055,0.018,1.369,-0.74,0.521,0.0,0.0,0.0,0.12,0.188,0.0,6.076,0.623,-2.775,0.241,49.99999999999999,A42Q
-10.024,39.26595781555185,-2.917,0.018,0.003,0.818,-0.446,0.0,0.0,0.0,-0.611,-1.966,0.029,3.063,1.68,1.845,0.744,45.18908621945502,G41V
-11.385,49.47956369282402,5.149,0.017,0.793,0.501,1.105,0.0,0.0,0.0,0.747,0.806,0.077,5.547,0.81,-2.249,-0.01,49.51761758736789,G41Q
-22.085,49.99999998748715,11.405,0.018,0.256,0.789,-1.549,0.0,0.0,0.0,-0.826,-1.594,0.077,8.862,0.548,-0.893,-0.154,49.99999998462667,G41R
-28.674,49.999999999999886,2.415,0.057,0.18,0.591,-0.056,0.0,0.0,0.0,-0.57,-1.594,0.077,8.163,0.423,1.463,0.106,49.999999999999766,G41W
-6.337,9.67,2.937,0.005,0.054,-0.215,-0.201,0.0,0.0,0.0,0.12,0.188,0.0,2.721,0.588,0.333,0.28,10.14239312965151,A42M
-13.988,49.99999999999977,9.125,0.009,0.923,-1.443,-0.004,0.0,0.0,0.0,0.12,0.188,0.0,4.09,0.194,-1.625,-0.089,49.99999999999975,A42H
-1.198,0.079,4.749,0.001,0.043,-0.44,-0.911,0.0,0.0,0.0,0.12,0.188,0.0,1.95,-0.022,-1.614,-0.268,2.6781055781955274,A42S
-11.01,49.99999999999998,-1.027,0.515,0.424,-0.285,-0.391,0.0,0.0,0.0,0.0,0.0,0.0,4.232,1.176,0.337,0.944,49.99999999999997,A42L
-5.148,9.02,7.27,0.005,0.243,-0.695,-2.081,0.0,0.0,0.0,0.12,0.188,0.0,4.095,0.641,-4.049,0.209,9.819353303650589,A42E
3.164,0.16,-7.582,-0.008,-0.637,-0.875,7.541,0.0,0.0,0.0,1.185,0.326,0.0,-1.86,1.024,3.471,1.683,7.591010421582496,D48A
-0.451,1.317,-3.04,0.0,-0.389,-0.935,4.527,0.0,0.0,0.0,1.185,0.098,0.0,1.253,1.44,-0.578,2.331,6.757119354317638,D48E
-2.484,0.021,2.616,0.0,0.346,-0.475,0.063,0.0,0.0,0.0,0.0,0.0,0.0,-1.35,0.285,2.424,0.33,1.7757094059945755,E49H
-4.928,49.99065583561074,1.568,0.001,0.099,-0.035,1.232,49.944525105775234,0.0,1.284,0.0,0.0,-0.172,0.7,7.614,-2.968,9.969,49.99999707981968,A42P
0.283,0.111,-6.559,-0.007,-0.633,-0.606,6.654,0.0,0.0,0.0,1.185,0.326,0.0,-1.319,0.376,5.401,1.475,6.685860669391332,D48C
-17.031,50.0,0.009,0.03,0.511,0.207,0.712,0.0,0.0,0.0,0.0,0.0,0.0,4.643,0.016,-0.106,-0.25,50.0,A42F
1.13,0.457,-5.997,-0.006,-0.277,-1.274,7.608,0.0,0.0,0.0,1.185,0.326,0.0,0.236,0.827,1.845,2.221,8.280333938106878,D48H
-2.704,2.802,-6.203,0.031,-0.622,-1.109,7.707,0.0,0.0,0.0,1.185,0.326,0.0,-0.852,2.042,3.808,3.273,9.68266099298694,D48L
-5.337,39.80881498059874,10.787,0.01,0.98,-0.616,-1.479,0.0,0.0,0.0,0.12,0.188,0.0,4.791,0.815,-3.47,0.387,42.15202529385491,A42D
-25.218,50.0,4.021,0.027,0.685,-1.22,3.197,0.0,0.0,0.0,0.12,0.188,0.0,2.591,0.107,0.937,0.232,50.0,A42W
0.228,0.0,-0.344,-0.005,-0.303,0.006,0.141,0.0,0.0,0.0,0.0,0.0,0.0,-2.747,0.17,4.05,0.005,1.1999951117948058,E49A
-4.97,4.883,18.933,0.025,0.396,1.465,-2.829,0.0,0.0,0.0,-1.173,-0.741,0.0,1.706,0.129,-1.932,-0.04,15.848533119624562,F46K
2.409,10.514,0.249,0.008,-0.157,0.548,0.825,0.0,0.0,0.0,0.0,0.0,0.02,2.188,0.724,1.086,0.599,19.013067035048607,F46I
-4.695,12.285,6.323,0.002,0.247,0.193,1.105,0.0,0.0,0.0,0.12,0.188,0.0,4.284,0.763,-2.665,0.206,18.35652609630029,A42N
2.136,0.399,-6.26,-0.003,-0.554,-0.957,7.48,0.0,0.0,0.0,1.185,0.326,0.0,-0.359,1.733,1.432,2.287,8.845030534495436,D48K
-15.232,49.99999999999983,12.682,0.069,1.241,-0.452,-0.405,0.0,0.0,0.0,0.12,-0.574,0.0,4.204,0.426,-1.419,-0.017,49.99999999999984,A42R
-5.304,25.673,7.199,0.015,0.482,0.406,-2.551,0.0,0.0,0.0,0.0,0.0,0.0,2.996,-0.043,-2.039,0.139,26.97270414927266,A47K
2.127,3.995,11.894,-0.011,0.607,-0.404,-0.806,0.0,0.0,0.0,0.0,-0.873,0.0,2.035,0.259,-3.942,0.04,14.919124133715512,F46E
0.0,0.0,0.0,0.0,0.0,0.0,0.0,0.0,0.0,0.0,0.0,0.0,0.0,0.0,0.0,0.0,0.0,0.0,D48D
-1.072,1.473,1.929,0.0,0.004,-0.072,0.275,0.0,0.0,0.0,0.0,0.0,0.0,0.047,0.068,-0.636,0.002,2.018138339756888,F46Y
-5.857,49.54319029566259,-0.753,0.02,0.055,-0.199,-0.049,0.0,0.0,0.0,0.12,0.188,0.022,1.361,1.247,1.318,0.513,49.5050770938705,A42V
-0.334,42.61527221496445,-6.773,-0.007,-0.586,-0.633,7.404,46.28809691163127,0.0,0.0,1.185,0.326,0.167,-1.51,4.839,0.503,15.614,49.86313878578002,D48P
0.0,0.0,0.0,0.0,0.0,0.0,0.0,0.0,0.0,0.0,0.0,0.0,0.0,0.0,0.0,0.0,0.0,0.0,F46F
-0.772,0.021,0.03,-0.003,-0.273,-0.062,0.083,0.0,0.0,0.0,0.0,0.0,0.0,-2.058,0.534,5.98,0.287,3.764484099116317,E49C
-0.08,0.0,0.171,0.0,-0.014,-0.087,-0.104,0.0,0.0,0.0,0.0,0.0,0.0,-1.535,0.323,1.385,0.522,0.5797612056674097,E49N
-4.754,42.77747989647177,0.837,0.035,0.08,0.193,-0.21,0.0,0.0,0.0,0.0,0.0,0.072,1.651,0.609,1.318,0.601,42.89252125472876,A47V
-1.034,0.162,-0.326,0.011,-0.265,-0.111,0.084,0.0,0.0,0.0,0.0,0.0,0.009,-2.337,0.706,5.368,0.404,2.67058729813698,E49V
-3.609,19.652,3.644,0.007,0.086,0.244,-0.311,0.0,0.0,0.0,0.0,0.0,0.0,1.724,0.612,-0.173,0.112,21.98760694658563,A42T
0.189,-0.21,11.632,-0.018,0.064,0.37,-1.615,0.0,0.0,0.0,-0.786,-0.778,0.0,-0.086,0.217,-2.558,0.052,6.4731910943282855,F46N
1.989,0.615,-6.331,-0.002,-0.636,-0.91,7.437,0.0,0.0,0.0,1.185,0.326,0.0,-0.646,1.571,3.803,3.127,11.528270498888787,D48M
-19.31,50.0,6.014,0.027,0.493,0.17,-0.283,0.0,0.0,0.0,0.0,0.0,0.0,4.114,0.14,-0.742,-0.216,50.0,A42Y
-0.039,0.0,0.401,-0.002,0.032,-0.022,-0.479,0.0,0.0,0.0,0.0,0.0,0.0,-1.283,0.218,0.579,0.288,-0.3084665468502408,E49D
-0.789,0.166,-0.199,0.022,-0.156,-0.064,0.104,0.0,0.0,0.0,0.0,0.0,0.009,-1.866,0.633,5.029,0.382,3.268046294293754,E49I
-1.247,46.58432061203459,-0.111,-0.004,-0.264,-0.229,-0.229,0.741,0.0,0.0,0.0,0.0,-0.034,-2.076,-0.066,1.082,9.266,47.37922991170755,E49P
-8.325,49.88138314505427,7.186,0.023,0.565,0.275,0.867,0.0,0.0,0.0,0.0,0.0,0.0,2.086,0.003,0.937,0.099,49.89774367146988,A47W
0.012,0.0,-0.011,0.001,-0.166,0.001,0.14,0.0,0.0,0.0,0.0,0.0,0.0,-1.856,0.234,2.01,0.056,0.4205616253907465,E49K
-2.678,0.302,2.621,0.004,0.044,0.084,-0.201,0.0,0.0,0.0,0.0,0.0,0.0,0.806,0.19,1.93,0.095,3.196430395994639,A47C
0.603,0.811,-7.126,0.012,-0.411,-1.033,7.629,0.0,0.0,0.0,1.185,0.326,0.0,0.324,1.109,3.364,1.809,8.601470534585815,D48F
0.0,0.0,0.0,0.0,0.0,0.0,0.0,0.0,0.0,0.0,0.0,0.0,0.0,0.0,0.0,0.0,0.0,0.0,E49E
8.524,-1.144,4.454,-0.022,-0.198,1.281,0.165,0.0,0.0,0.0,-0.23,-0.778,-0.035,-2.484,0.45,-0.42,0.446,10.005766757050878,F46G
0.145,0.908,-7.569,0.007,-0.629,-0.756,7.355,0.0,0.0,0.0,1.185,0.326,0.165,-1.506,1.503,4.789,1.768,7.690586097712185,D48V
-2.904,0.097,1.111,0.02,-0.002,-0.352,0.391,0.0,0.0,0.0,0.0,0.0,0.0,-0.824,0.399,3.943,0.467,2.344987646043592,E49F
-5.283,22.505,10.803,0.009,0.47,-0.082,6.09,0.0,0.0,0.0,0.447,0.0,0.0,3.956,-0.096,-4.049,0.078,34.84911791773743,A47E
5.546,-0.903,3.97,-0.021,-0.198,1.179,0.126,0.0,0.0,0.0,-0.23,-0.778,0.0,-2.484,0.388,0.107,0.196,6.896906629998057,F46A
11.005,-1.651,2.946,-0.017,-0.11,0.2,-0.096,0.0,0.0,0.0,0.0,0.0,0.02,-0.713,1.748,-0.863,2.707,15.176231690551504,L44G
1.906,-0.042,6.229,-0.021,-0.189,0.909,-0.296,0.0,0.0,0.0,-0.23,-0.778,0.0,-2.217,0.081,2.037,-0.044,7.342972048166303,F46C
-1.284,2.193,-5.516,0.016,-0.668,-1.251,7.624,0.0,0.0,0.0,1.185,0.326,0.165,-1.844,1.885,4.45,1.949,9.228552865774644,D48I
0.288,0.959,-4.81,0.008,0.007,-0.579,6.274,0.0,0.0,0.0,0.564,0.326,0.0,-0.052,1.254,2.051,1.831,8.122845129020334,D48R
0.005,0.0,-0.01,0.0,-0.099,0.0,0.134,0.0,0.0,0.0,0.0,0.0,0.0,-0.425,0.144,1.274,0.184,1.2063788732484682,E49Q
-0.634,-0.114,4.476,0.002,0.07,-0.324,-0.28,0.0,0.0,0.0,0.0,0.0,0.0,0.168,-0.285,-1.614,-0.025,1.4409591486610225,A47S
0.008,0.0,-0.006,0.004,-0.085,0.001,0.166,0.0,0.0,0.0,0.0,0.0,0.0,-1.297,0.143,2.63,0.146,1.7086710594967371,E49R
4.083,-0.179,-7.399,-0.01,-0.637,-0.798,7.099,0.0,0.0,0.0,1.185,0.326,0.037,-1.86,-0.225,2.944,-0.042,4.5244624982710775,D48G
-6.661,49.087,1.87,0.007,0.23,0.202,1.007,0.0,0.0,0.0,0.0,0.0,0.0,2.279,0.02,1.043,0.304,49.38846426348391,F46W
0.971,0.66,-6.39,0.009,-0.395,-1.118,7.452,0.0,0.0,0.0,1.185,0.326,0.0,0.525,0.81,4.407,3.45,11.891619315576008,D48W
0.796,43.5378252931126,7.308,-0.019,-0.085,1.256,-0.443,14.012,0.0,0.0,-0.23,-0.778,0.148,-2.131,1.053,-2.861,1.546,46.93869284931657,F46P
-1.14,1.406,-2.235,0.003,-0.194,-1.055,5.811,0.0,0.0,0.0,-0.423,0.326,0.0,-0.231,0.078,0.806,0.041,3.193232995192602,D48N
-7.048,49.107806098667886,4.927,0.026,0.39,0.582,1.719,0.0,0.0,0.0,0.562,0.0,0.0,2.81,0.126,-0.106,0.289,49.24704079002381,A47F
-4.239,0.175,1.736,0.017,0.131,-0.474,0.39,0.0,0.0,0.0,0.0,0.0,0.0,-1.614,0.202,4.986,0.256,1.5666758459296943,E49W
2.083,-1.03,5.111,-0.018,0.118,-0.837,0.01,0.0,0.0,0.0,0.0,0.0,0.0,0.592,0.117,-1.519,0.082,4.709116274439793,F46H
-3.778,12.596,5.697,-0.013,-0.113,0.642,-0.248,0.0,0.0,0.0,-0.039,-0.741,0.0,0.106,0.286,0.439,-0.057,14.776247460737522,F46M
1.44,0.09,14.123,-0.018,0.02,0.481,-0.364,0.0,0.0,0.0,-0.23,-0.778,0.0,0.142,0.391,-3.364,0.076,12.00859065215559,F46D
2.821,-0.155,-6.028,-0.008,-0.606,-1.008,5.926,0.0,0.0,0.0,0.687,0.326,0.0,-1.642,0.136,1.856,0.64,2.94594931013512,D48S
-2.49,1.495,12.415,-0.007,0.909,0.317,-0.845,0.0,0.0,0.0,-0.257,-0.741,0.0,2.455,0.131,-2.669,-0.093,10.619082166333785,F46Q
-6.076,13.123,4.223,0.014,0.103,0.379,0.402,0.0,0.0,0.0,0.0,0.0,0.0,2.804,0.099,0.333,0.122,15.526191677042789,A47M
2.886,-0.953,1.197,0.0,0.001,-0.137,0.003,0.0,0.0,0.0,0.0,0.0,0.042,-0.35,0.334,-0.526,0.51,3.006045632211226,A47G
-0.331,0.004,0.526,0.0,-0.244,-0.12,-0.231,0.0,0.0,0.0,0.0,0.0,0.0,-2.687,0.457,3.877,0.515,1.7636819239651231,E49T
0.545,-0.001,-0.311,-0.006,-0.303,0.055,0.069,0.0,0.0,0.0,0.0,0.0,-0.02,-2.747,0.725,3.523,0.681,2.2077234562407284,E49G
0.0,0.0,0.0,0.0,0.0,0.0,0.0,0.0,0.0,0.0,0.0,0.0,0.0,0.0,0.0,0.0,0.0,0.0,A47A
5.757,49.9345457969097,-2.772,-0.006,-0.307,-0.529,4.006,0.0,0.0,0.0,0.0,0.326,0.0,1.208,-0.031,0.444,-0.106,49.952441273285366,F46L
-6.475,1.228,8.534,0.008,0.771,-0.011,-0.675,0.0,0.0,0.0,0.0,0.0,0.0,2.2,-0.087,-1.625,0.095,3.963355770925318,A47H
4.927,-0.536,9.539,-0.01,0.435,-0.189,0.766,0.0,0.0,0.0,0.0,0.0,0.0,1.606,0.485,-3.807,0.144,13.3592861223633,L44D
-3.181,0.495,9.112,0.006,0.704,-0.441,4.077,0.0,0.0,0.0,0.0,0.0,0.0,2.95,-0.225,-3.47,-0.002,10.022984318985664,A47D
-2.854,0.089,1.55,0.019,0.015,-0.365,0.192,0.0,0.0,0.0,0.0,0.0,0.0,-0.916,0.418,3.307,0.421,1.8744901364966609,E49Y
-5.053,49.99980526516812,2.511,0.002,0.06,0.249,2.593,4.841,0.0,0.53,0.0,0.0,-0.213,0.398,0.069,-2.968,1.096,49.9998348282643,A47P
-4.668,17.57,6.848,0.017,1.318,-0.021,-1.924,0.0,0.0,0.0,0.0,0.0,0.0,4.835,-0.16,-2.775,0.036,21.075958783842,A47Q
-8.176,49.999999864772846,1.332,0.032,0.295,0.008,-0.488,0.0,0.0,0.0,0.0,0.0,0.0,3.852,-0.117,0.337,0.086,49.99999984850504,A47L
2.009,0.555,-5.985,-0.004,-0.461,-0.866,6.541,0.0,0.0,0.0,1.185,0.326,0.0,0.67,1.767,0.695,3.117,9.547329676310028,D48Q
3.376,-0.501,7.218,-0.008,0.34,-0.455,0.639,0.0,0.0,0.0,0.0,0.0,0.0,1.711,0.536,-3.001,0.137,9.989629392795903,L44N
-7.196,49.32174736754504,5.584,0.025,0.404,0.261,1.13,0.0,0.0,0.0,0.562,0.0,0.0,2.281,0.093,-0.742,0.288,49.390516929304084,A47Y
-0.179,0.0,0.105,0.006,-0.189,-0.023,0.046,0.0,0.0,0.0,0.0,0.0,0.0,-1.99,0.185,4.382,0.328,2.669960797531303,E49M
0.551,0.916,-7.023,0.011,-0.405,-1.065,7.296,0.0,0.0,0.0,1.185,0.326,0.0,0.24,1.119,2.728,1.523,7.400842815785836,D48Y
-6.514,49.86695145074636,2.385,0.068,0.275,0.256,-0.199,0.0,0.0,0.0,0.0,0.0,0.072,4.136,0.687,0.979,0.59,49.88071733486525,A47I
2.246,1.494,9.09,-0.016,-0.129,1.055,-0.963,0.0,0.0,0.0,-0.819,-0.741,0.0,-2.125,-0.179,-0.066,-0.278,8.567823581320908,F46T
-0.136,2.428,-5.424,0.014,-0.319,-0.257,4.473,0.0,0.0,0.0,0.0,0.326,-0.047,-1.62,-0.113,2.399,0.008,1.7296285997319956,R50I
-0.223,17.813,4.57,-0.002,-0.157,1.229,-0.163,0.0,0.0,0.0,-0.039,-0.741,0.02,-1.775,0.504,1.425,0.289,22.750471738963142,F46V
-0.052,0.018,0.609,-0.004,-0.252,-0.109,-0.201,0.0,0.0,0.0,0.0,0.0,0.0,-2.65,0.055,2.435,-0.035,-0.1877866080842523,E49S
0.598,0.916,-6.345,0.001,-0.605,-0.738,5.577,0.0,0.0,0.0,0.806,0.326,0.0,-1.439,-0.004,3.298,0.44,2.8308886517397696,D48T
-0.128,0.0,-0.042,0.009,-0.209,-0.021,0.115,0.0,0.0,0.0,0.0,0.0,0.0,-2.649,0.147,4.386,0.352,1.9588980939684009,E49L
-5.071,28.352,6.566,0.019,0.57,0.37,-2.797,0.0,0.0,0.0,0.608,-1.147,0.0,2.188,-0.041,-1.419,0.106,28.303278718080943,A47R
11.136,-2.012,2.725,-0.016,-0.064,0.356,-0.183,0.0,0.0,0.0,0.0,0.0,0.073,-1.0,1.334,-0.863,2.066,13.550792775346054,L43G
5.359,-1.73,1.937,-0.012,-0.04,0.146,-0.219,0.0,0.0,0.0,0.0,0.0,0.0,-0.12,0.103,1.594,0.23,7.247376231619228,L43C
-3.918,0.744,6.639,0.006,0.653,-0.465,0.989,0.0,0.0,0.0,0.0,0.0,0.0,2.602,-0.075,-2.665,0.098,4.6083607190248586,A47N
1.075,14.478,6.509,0.004,0.233,-1.134,3.02,0.0,0.0,0.0,-0.463,0.326,0.0,1.303,0.175,-1.313,0.024,24.23723419329326,F46R
8.665,-0.79,1.421,-0.015,-0.11,0.19,0.112,0.0,0.0,0.0,0.0,0.0,0.0,-0.713,0.946,-0.336,0.651,10.020276674426668,L44A
-3.694,49.595282183526564,3.602,0.012,0.099,0.221,-0.633,0.0,0.0,0.0,0.0,0.0,0.0,1.863,-0.094,-0.173,0.194,49.6171918953035,A47T
3.946,0.045,-3.297,-0.013,-0.367,-0.934,3.271,0.0,0.0,0.0,0.0,0.326,0.0,-1.758,0.163,-0.195,0.243,1.429061062729943,R50S
2.622,49.999462894051064,2.583,-0.014,-0.039,0.31,0.771,49.23249818651188,0.0,1.357,0.0,0.0,0.027,1.554,4.009,-3.304,2.995,49.99999751730055,L44P
11.367,-1.503,-13.063,-0.001,0.611,-0.152,7.506,0.0,0.0,0.0,1.892,-1.123,0.0,5.596,0.104,-0.004,0.17,11.398491301394188,L43M
1.179,47.944093557402475,2.398,0.017,0.005,0.063,-0.145,0.0,0.0,0.0,0.0,0.0,0.025,1.594,-0.347,0.643,-0.479,48.30714398324307,L44I
4.325,-0.905,10.437,-0.021,-0.124,1.171,-0.983,0.0,0.0,0.0,-1.536,-0.778,0.0,-1.949,-0.013,-1.508,-0.158,7.959041814007605,F46S
-1.503,2.735,-1.563,-0.004,-0.031,-0.373,2.912,0.0,0.0,0.0,-1.294,0.326,0.0,-0.156,-0.11,-0.206,0.103,0.8350714466203044,R50H
1.892,0.565,10.69,-0.008,0.224,0.194,-2.724,0.0,0.0,0.0,0.0,0.0,0.0,1.286,0.122,-4.386,0.053,7.907005733534788,L43E
3.488,-1.54,7.034,-0.01,0.295,-0.347,0.538,0.0,0.0,0.0,0.0,0.0,0.0,2.215,0.63,-3.001,0.372,9.672024783535107,L43N
-1.215,6.705,2.945,-0.007,-0.014,0.403,-0.84,0.0,0.0,0.0,0.0,-0.208,0.0,0.646,0.586,-0.004,0.4,9.396735836596465,L44M
-1.819,46.431,-6.173,0.048,0.829,0.18,5.599,0.0,0.0,0.0,0.454,0.831,0.031,3.449,0.734,-1.424,0.216,49.38465710066771,V45F
3.042,-0.244,-1.937,-0.01,-0.124,-0.859,6.379,0.0,0.0,0.0,0.0,0.326,0.0,0.095,-0.37,-2.051,0.032,4.276599463533557,R50D
-3.087,43.30279631627481,1.362,0.021,0.014,-0.244,1.371,0.0,0.0,0.0,0.562,0.0,0.0,5.084,0.199,-0.443,-0.005,44.414749107206454,L44F
6.089,-0.683,-5.36,-0.014,-0.393,-0.799,4.55,0.0,0.0,0.0,0.0,0.326,-0.051,-2.678,1.007,0.893,0.975,3.86054692581979,R50G
2.125,-0.066,-3.679,0.008,-0.233,-0.367,3.901,0.0,0.0,0.0,0.0,0.326,0.0,0.462,0.114,1.313,-0.027,3.874246344019866,R50F
0.0,0.0,0.0,0.0,0.0,0.0,0.0,0.0,0.0,0.0,0.0,0.0,0.0,0.0,0.0,0.0,0.0,0.0,L44L
4.547,42.83489581765394,2.258,-0.002,-0.045,0.038,-0.046,0.0,0.0,0.0,0.0,0.0,0.025,0.262,-0.225,0.982,-0.352,44.57928558762704,L44V
4.311,0.078,-6.201,-0.013,-0.393,-0.751,4.602,0.0,0.0,0.0,0.0,0.326,0.0,-2.678,0.12,1.42,0.07,0.8891786723308996,R50A
0.175,0.738,-1.105,-0.008,-0.21,-0.126,3.454,0.0,0.0,0.0,-1.128,0.326,0.0,0.758,0.062,-1.356,0.046,1.6230151703300637,R50Q
2.484,49.56837383217948,-14.912,0.022,0.486,0.485,10.523,0.0,0.0,0.0,1.892,-0.924,0.0,8.923,0.089,0.6,0.32,49.71011066476898,L43W
1.858,1.346,-2.867,-0.006,0.182,-0.87,5.008,0.0,0.0,0.0,0.0,0.326,0.0,0.608,-0.078,-2.629,-0.071,2.80418348361718,R50E
-2.246,9.374,7.803,-0.012,0.213,-0.523,-0.228,0.0,0.0,0.0,0.0,0.0,0.0,2.699,0.328,-1.962,0.182,15.629105934020572,L44H
3.335,0.837,0.16,0.004,-0.017,0.055,-0.132,0.0,0.0,0.0,0.0,0.0,0.109,0.113,-0.667,0.982,-0.416,4.361085295567364,L43V
0.053,5.822,0.148,0.046,0.14,0.391,0.146,0.0,0.0,0.0,0.0,0.0,0.109,3.974,-0.498,0.643,-0.329,10.64166143296984,L43I
3.309,48.656120907324194,2.145,-0.014,0.043,0.383,1.226,48.47582829229543,0.0,1.624,0.0,0.0,0.079,0.051,6.934,-3.304,6.379,49.99008255322642,L43P
1.674,-0.04,11.091,-0.007,0.277,0.577,-0.731,0.0,0.0,0.0,0.0,0.0,0.0,2.092,0.657,-4.386,0.185,11.3877962641252,L44E
-5.057,44.58353487889799,11.869,0.001,0.453,-0.113,3.073,0.0,0.0,0.0,0.0,1.421,0.0,2.978,0.541,-1.756,0.182,46.78197241092548,L44R
2.406,8.646,-6.058,-0.016,-0.689,-1.165,7.066,4.833,0.0,0.0,1.185,0.326,-0.025,-0.069,-0.567,-1.548,11.267,25.59025179628088,R50P
1.965,1.205,-5.573,-0.01,-0.361,-0.679,3.995,0.0,0.0,0.0,0.0,0.326,0.0,-1.766,-0.042,3.35,-0.089,2.3201746303761865,R50C
0.277,2.491,8.385,-0.007,0.132,0.267,0.083,0.0,0.0,0.0,-0.113,-0.724,0.0,1.139,0.182,-3.112,-0.01,8.988434343873905,L43Q
1.364,-0.049,-4.914,0.004,-0.345,-0.436,4.268,0.0,0.0,0.0,0.0,0.326,0.0,-1.453,-0.199,1.757,-0.015,0.3079109457200957,R50L
5.332,-0.716,2.422,-0.014,-0.075,0.066,0.042,0.0,0.0,0.0,0.0,0.0,0.0,-0.377,0.423,1.594,0.283,8.978675307984759,L44C
8.985,-1.905,1.024,-0.015,-0.064,0.31,-0.188,0.0,0.0,0.0,0.0,0.0,0.0,-1.0,0.436,-0.336,0.536,7.781804893092385,L43A
1.27,2.591,-5.982,0.005,-0.347,-0.501,4.333,0.0,0.0,0.0,0.0,0.326,-0.047,-1.886,-0.182,2.738,-0.032,2.2821967205675264,R50V
2.124,-0.19,-4.402,-0.002,-0.414,-0.635,4.038,0.0,0.0,0.0,0.0,0.326,0.0,-0.896,0.252,1.752,0.123,2.0739615097020305,R50M
0.0,0.0,0.0,0.0,0.0,0.0,0.0,0.0,0.0,0.0,0.0,0.0,0.0,0.0,0.0,0.0,0.0,0.0,L43L
-2.938,34.451,7.584,0.032,0.774,0.651,8.815,0.0,0.0,0.0,0.454,0.831,0.031,5.075,1.036,-3.357,0.343,39.578709322888464,V45K
5.085,-1.92,9.383,-0.012,0.321,-0.173,-0.356,0.0,0.0,0.0,0.0,0.0,0.0,2.467,0.846,-3.807,0.536,12.36863063182136,L43D
0.509,1.51,-0.351,-0.005,-0.117,-0.436,-0.47,0.0,0.0,0.0,0.0,0.326,0.0,0.295,-0.034,-0.619,-0.077,0.5285171955226815,R50K
2.579,-0.062,-2.062,-0.01,-0.131,-0.375,2.49,0.0,0.0,0.0,0.0,-1.026,0.0,0.581,-0.115,-1.245,0.212,0.8332751813200048,R50N
2.215,-0.226,-3.575,0.008,-0.215,-0.444,4.197,0.0,0.0,0.0,0.0,0.326,0.0,0.763,-0.026,0.677,-0.062,3.6369389145068,R50Y
-10.321,49.99595093911679,4.509,0.053,0.294,-0.163,0.756,0.0,0.0,0.0,0.562,0.0,0.0,5.29,0.381,0.6,0.596,49.996344479816464,L44W
9.701,-6.472,-1.444,-0.004,0.485,-0.681,2.843,0.0,0.0,0.0,0.994,0.549,0.0,1.045,-0.122,-0.509,-0.024,6.358116304677196,L43T
5.869,-2.38,1.493,-0.016,0.015,0.043,-0.21,0.0,0.0,0.0,0.0,0.0,0.031,-1.415,1.308,-1.318,1.033,4.4529696535669245,V45A
2.815,49.598941694111474,1.496,0.0,0.053,3.041,6.666,0.0,0.0,0.0,0.899,-1.672,0.0,5.303,-0.062,-1.756,-0.197,49.79301579243127,L43R
0.0,0.0,0.0,0.0,0.0,0.0,0.0,0.0,0.0,0.0,0.0,0.0,0.0,0.0,0.0,0.0,0.0,0.0,R50R
4.579,22.927,-1.865,-0.01,0.338,-1.517,7.199,0.0,0.0,0.0,0.994,0.836,0.0,3.049,-0.054,-1.962,-0.162,34.349404406455506,L43H
2.138,1.357,-4.232,-0.007,-0.339,-0.82,2.667,0.0,0.0,0.0,0.0,-0.393,0.0,-2.311,-0.004,1.247,0.084,-0.6163640575823592,R50T
-0.174,49.13002226132282,-5.784,0.025,-0.244,-1.485,7.309,0.0,0.0,0.0,0.0,0.486,0.0,5.84,-0.041,-0.443,-0.182,49.29523041682843,L43F
-0.217,1.637,8.674,0.002,0.182,0.929,0.254,0.0,0.0,0.0,0.0,0.0,0.0,4.204,0.643,-3.112,0.109,13.304142818578384,L44Q
12.577,-6.698,-0.562,-0.009,0.494,-0.595,2.699,0.0,0.0,0.0,0.994,0.549,0.0,0.739,0.286,-1.951,0.082,8.604877658419355,L43S
0.022,0.355,-4.056,0.006,-0.175,-0.305,4.147,0.0,0.0,0.0,0.0,0.326,0.0,1.091,-0.057,2.356,-0.025,3.684279100402364,R50W
7.965,-0.8,5.028,-0.014,-0.046,-0.127,-0.327,0.0,0.0,0.0,0.0,0.0,0.0,-0.391,0.877,-1.951,0.31,10.523107117141535,L44S
-1.787,27.007,16.437,0.007,0.277,0.959,0.956,0.0,0.0,0.0,0.0,0.0,0.0,4.743,0.665,-2.376,0.098,46.98485416665039,L44K
-4.069,49.95844117928354,5.414,0.058,0.169,0.152,1.467,0.0,0.0,0.0,0.562,0.0,0.0,6.17,0.346,-1.079,0.034,49.971260327897895,L44Y
5.053,9.815,4.657,-0.006,-0.048,0.093,-0.481,0.0,0.0,0.0,0.0,0.0,0.0,-0.334,0.414,-0.509,0.125,18.775782699578254,L44T
-2.988,40.711946008032804,0.726,0.108,0.204,0.798,0.239,0.0,0.0,0.0,0.0,0.0,0.031,4.407,0.702,-0.981,0.335,41.850691874815524,V45L
8.033,-2.445,3.172,-0.017,0.015,-0.023,-0.248,0.0,0.0,0.0,0.0,0.0,0.015,-1.415,2.151,-1.844,2.715,10.10720151440546,V45G
2.558,49.99632141312003,-4.65,0.027,0.046,1.641,4.63,0.0,0.0,0.0,0.899,-1.672,0.0,9.761,-0.073,-1.079,-0.203,49.99771302965297,L43Y
3.741,-2.794,7.065,-0.014,0.391,-0.116,-2.136,0.0,0.0,0.0,0.0,0.0,0.031,2.038,1.797,-4.788,0.931,6.145802682518024,V45D
0.756,46.683,3.872,-0.008,0.085,0.404,0.493,48.13067022016854,0.0,1.316,0.0,0.0,0.034,-1.912,7.601,-4.286,5.482,49.83103306538968,V45P
5.884,9.336,3.966,-0.003,0.178,1.265,5.553,0.0,0.0,0.0,0.899,-1.672,0.0,3.811,0.178,-2.376,-0.095,26.92357725350803,L43K
-3.382,33.143,0.244,0.041,0.214,0.871,0.139,0.0,0.0,0.0,0.0,0.0,0.0,3.143,0.097,-0.339,0.059,34.22918676969289,V45I
1.719,-1.443,1.462,-0.015,0.016,-0.067,-0.33,0.0,0.0,0.0,0.0,0.0,0.031,-0.788,0.972,0.612,0.681,2.8481832147292607,V45C
-0.014,-0.311,-0.306,-0.002,0.019,-0.036,0.047,0.0,0.0,0.0,0.0,0.0,0.0,0.0,0.0,0.0,0.0,-0.6020814093571971,V45V
-6.174,25.216,6.741,0.014,0.518,0.32,0.745,0.0,0.0,0.0,0.0,0.0,0.031,3.926,0.822,-2.943,0.322,29.537458642014144,V45H
-1.557,19.743,2.577,-0.004,0.224,0.036,-0.61,0.0,0.0,0.0,0.0,0.0,0.031,4.144,0.956,-0.985,0.538,25.093460133919507,V45M
0.065,-1.31,7.79,-0.013,0.382,0.408,-0.714,0.0,0.0,0.0,0.0,0.0,0.031,1.59,1.513,-3.983,0.744,6.5034777242156,V45N
-12.295,45.03,12.75,0.028,0.725,1.013,2.557,0.0,0.0,0.0,0.0,0.0,0.031,7.035,0.819,-2.737,0.309,40.119283321766744,V45R
-1.949,1.103,15.086,-0.006,0.648,0.109,-7.162,0.0,0.0,0.0,-0.774,0.0,0.031,4.881,1.002,-5.367,0.505,8.107364176972396,V45E
4.558,-2.897,5.24,-0.017,0.035,-0.315,-0.451,0.0,0.0,0.0,0.0,0.0,0.031,-0.18,1.205,-2.932,0.553,4.8306853135347865,V45S
0.001,2.415,6.856,-0.004,0.567,0.125,-1.947,0.0,0.0,0.0,-1.27,0.0,0.031,2.576,1.004,-4.093,0.408,6.666889674408594,V45Q
-4.953,45.738,0.295,0.072,0.826,0.478,3.634,0.0,0.0,0.0,0.454,0.819,0.031,7.154,0.742,-2.06,0.189,39.44251818824385,V45Y
4.256,-1.34,2.121,-0.006,0.209,0.013,-0.149,0.0,0.0,0.0,0.0,0.0,0.031,-1.562,0.558,-1.491,0.422,3.0608299681418885,V45T
-12.671,49.94051700591225,10.101,0.016,0.257,0.274,-0.407,0.0,0.0,0.0,0.0,0.0,0.031,5.19,0.847,-0.381,0.718,49.94925554358807,V45W
2.325,-1.231,-4.648,-0.005,-0.45,-0.739,3.843,0.0,0.0,0.0,0.0,0.287,0.0,0.433,0.0,0.0,0.0,-0.1862389838654508,D51D
-0.787,2.37,-1.12,-0.001,-0.16,0.026,-0.495,6.292,0.0,0.0,0.0,0.0,0.054,-0.578,-0.868,0.503,-0.106,5.12828540800183,D51P
-0.483,-0.434,-2.92,0.009,-0.226,-0.388,1.425,0.0,0.0,0.0,0.0,0.287,0.0,1.02,-0.05,2.051,-0.004,0.2846940399226696,D51R
-0.177,0.0,-0.708,0.017,-0.065,0.012,-0.498,0.0,0.0,0.0,0.0,0.0,0.0,0.708,0.089,3.364,0.005,2.746719620135764,D51F
2.73,-1.232,-5.95,-0.008,-0.718,-0.659,3.372,0.0,0.0,0.0,0.0,0.287,0.0,-1.119,-0.091,3.471,-0.306,-0.2248208196692758,D51A
-1.671,0.135,-0.901,-0.002,-0.24,0.218,-1.311,0.0,0.0,0.0,0.0,0.0,0.0,-0.877,0.189,5.401,-0.037,0.902565431603989,D51C
-0.518,0.0,-0.69,0.004,-0.261,-0.024,-0.652,0.0,0.0,0.0,0.0,0.0,0.0,-0.237,0.175,3.803,-0.037,1.5616930339524515,D51M
2.279,-1.232,-5.128,-0.005,-0.37,-0.772,3.353,0.0,0.0,0.0,0.0,0.287,0.0,1.076,-0.111,1.845,0.055,1.2776619927251431,D51H
2.228,-1.232,-4.965,-0.003,-0.487,-0.826,3.428,0.0,0.0,0.0,0.0,0.287,0.0,0.57,0.207,0.806,0.276,0.2880061678820311,D51N
-1.424,-0.26,-1.004,0.0,-0.529,0.13,1.036,0.0,0.0,0.0,-0.678,0.263,0.0,0.794,0.101,0.695,0.1,-0.7753017527800239,D51Q
1.139,-0.835,-3.23,-0.002,-0.436,-0.13,2.16,0.0,0.0,0.0,0.0,0.263,0.0,1.248,-0.058,-0.578,-0.022,-0.4823156617137556,D51E
2.353,-1.232,-5.342,-0.002,-0.601,-0.683,3.193,0.0,0.0,0.0,0.0,0.287,0.0,-0.035,0.003,1.432,0.041,-0.5878061393839289,D51K
0.909,-0.002,-1.267,-0.004,-0.267,0.018,-0.471,0.0,0.0,0.0,0.0,0.0,0.156,-1.551,0.759,2.944,0.665,1.8877960497900403,D51G
1.214,-1.231,-4.786,0.005,-0.628,-0.912,2.282,0.0,0.0,0.0,0.0,0.287,0.0,0.007,0.154,3.298,0.293,-0.0177420069583149,D51T
-0.015,0.001,0.147,-0.002,-0.217,0.026,-1.434,0.0,0.0,0.0,0.0,0.0,0.0,-1.135,-0.019,1.856,0.015,-0.7756077340191041,D51S
-0.554,-0.018,-5.148,0.006,-0.664,-0.477,3.153,0.0,0.0,0.0,0.0,0.287,0.0,-0.042,-0.069,3.808,0.018,0.298424951069137,D51L
-0.638,-0.881,-5.313,0.019,-0.634,-0.708,3.018,0.0,0.0,0.0,0.0,0.287,0.109,-0.203,0.13,4.45,0.172,-0.1916090527670348,D51I
2.125,-1.232,-5.371,0.011,-0.501,-0.722,3.323,0.0,0.0,0.0,0.0,0.287,0.0,1.233,0.079,2.728,0.031,1.9912704359473992,D51Y
1.971,-1.232,-5.201,0.01,-0.48,-0.725,3.498,0.0,0.0,0.0,0.0,0.287,0.0,0.302,-0.067,4.407,-0.034,2.734820220930942,D51W
0.306,-0.617,-6.159,0.014,-0.651,-0.757,2.997,0.0,0.0,0.0,0.0,0.287,0.109,-0.244,0.076,4.789,0.113,0.2625071777906669,D51V
-3.426,5.79,1.756,0.0,0.015,-0.115,-0.288,0.0,0.0,0.0,-0.112,-0.724,0.0,0.916,0.432,1.93,0.064,6.235046389415629,A52C
-0.277,45.053501715223035,-8.274,0.076,0.436,0.749,1.914,0.0,0.0,0.0,0.899,-1.684,-0.084,8.633,0.714,0.979,0.635,45.868420269680996,A52I
-1.375,43.65029961580844,-5.721,0.049,0.419,-0.172,1.794,0.0,0.0,0.0,0.643,-1.672,0.0,10.801,0.21,0.333,0.07,44.815393122657966,A52M
-8.762,49.33169810195444,-1.496,0.036,0.12,-0.118,0.012,0.0,0.0,0.0,0.0,0.482,0.011,4.081,-0.964,0.979,-0.721,49.14047110150913,A55I
-5.814,5.972,9.116,0.01,1.4,-0.886,-4.425,0.0,0.0,0.0,-0.112,-0.724,0.0,4.802,0.146,-4.049,0.205,5.63728037251758,A52E
-4.208,10.211,9.92,0.001,0.308,-0.251,-4.511,0.0,0.0,0.0,-0.112,-0.724,0.0,4.126,0.21,-3.47,0.269,11.7662936147658,A52D
-8.92,48.18056094499145,10.455,0.095,1.169,-0.142,3.161,0.0,0.0,0.0,1.981,1.966,0.0,2.034,1.151,-1.866,1.021,48.87097113654249,T56K
-6.505,44.776,8.511,0.003,0.96,-0.33,1.302,0.0,0.0,0.0,1.37,0.0,0.0,2.534,0.137,-1.452,0.608,38.86048123024007,T56H
-2.354,0.012,2.605,0.023,0.994,-0.438,-1.957,0.0,0.0,0.0,0.491,0.326,-0.013,1.443,-0.654,-3.522,-0.634,-3.680867379102665,G58E
-3.605,1.618,0.287,0.008,0.18,0.132,-0.369,0.0,0.0,0.0,-0.12,-0.189,-0.013,1.941,-0.384,0.86,-0.344,0.0003399627028102,G58M
-3.14,0.297,0.102,-0.004,-0.031,0.051,2.528,0.0,0.0,0.0,1.367,-0.803,0.0,0.594,-0.074,2.103,0.009,2.9998397978285998,T56C
4.314,-0.097,-7.905,-0.021,-1.021,-0.948,7.429,0.0,0.0,0.0,0.379,1.644,0.0,-0.756,-0.05,1.856,0.386,5.210621734088363,D57S
-1.372,0.007,0.527,0.008,0.141,-0.037,0.581,0.0,0.0,0.0,0.0,0.0,-0.013,0.938,-0.43,-1.512,-0.591,-1.7571483459748831,G58K
0.262,-0.005,-3.382,-0.008,-0.53,0.233,3.617,0.0,0.0,0.0,0.947,0.168,0.0,3.176,0.51,-0.578,0.826,5.234782102324516,D57E
4.768,-0.13,-10.575,-0.02,-1.056,-0.606,8.462,0.0,0.0,0.0,0.947,1.454,0.0,-1.762,0.692,3.471,1.007,6.6531106035843095,D57A
-6.154,47.28570550042823,-8.333,0.033,-0.258,-0.498,8.422,0.0,0.0,0.0,0.944,1.222,0.0,4.333,0.341,3.364,0.829,47.699840147799534,D57F
0.0,0.0,0.0,0.0,0.0,0.0,0.0,0.0,0.0,0.0,0.0,0.0,0.0,0.0,0.0,0.0,0.0,0.0,A52A
-7.405,49.89604839978215,2.861,0.01,0.147,-0.081,3.153,0.0,0.0,0.0,0.342,0.082,0.0,5.667,0.107,-1.625,0.186,49.90940894746758,A52H
-1.679,25.18,0.429,0.004,0.031,0.06,4.854,0.0,0.0,0.0,0.342,0.082,0.0,5.199,0.35,-2.665,0.443,32.6290846222596,A52N
-5.177,3.723,1.814,0.001,0.025,0.018,-0.031,0.0,0.0,0.0,0.0,0.0,0.0,1.521,-0.199,1.93,-0.277,3.34849730933729,A55C
-0.961,-0.256,-0.496,0.017,0.133,-0.614,0.29,0.0,0.0,0.0,0.611,1.966,-0.013,-1.876,-0.06,2.457,-0.364,0.830638486001817,G58C
3.158,-0.828,2.215,-0.001,0.0,-0.104,0.118,0.0,0.0,0.0,0.0,0.0,0.021,0.0,0.786,-0.526,1.501,6.340009616846828,A55G
1.321,-1.04,-0.021,-0.005,-0.427,-0.948,3.366,0.0,0.0,0.0,0.0,0.287,0.0,1.311,0.011,-1.614,0.106,2.3448907297756705,A52S
-1.372,0.524,1.711,0.005,0.344,0.157,-1.348,0.0,0.0,0.0,-0.12,-0.189,-0.013,1.434,-0.41,-2.944,-0.362,-2.5847107627839705,G58D
-3.999,0.584,0.642,0.042,0.41,-0.684,0.762,0.0,0.0,0.0,0.611,1.966,-0.013,-0.53,-0.135,0.421,-0.199,-0.1256799333548315,G58F
-2.422,15.336,0.178,0.011,-0.341,-0.467,2.779,0.0,0.0,0.0,-0.369,0.287,0.0,4.484,0.418,-0.173,0.461,20.178946007315744,A52T
-1.802,0.0,1.14,0.005,0.308,-0.186,-0.483,0.0,0.0,0.0,-0.12,-0.189,-0.013,2.606,-0.258,-2.138,-0.124,-1.256450673282643,G58N
2.662,-0.958,1.605,0.0,0.005,-0.171,-0.041,0.0,0.0,0.0,0.0,0.0,-0.092,0.0,0.569,-0.526,0.67,3.719293764103213,A52G
0.929,21.956,-8.902,0.024,0.018,1.071,2.982,0.0,0.0,0.0,0.643,-1.877,-0.084,6.14,0.626,1.318,0.506,25.348178547952102,A52V
-14.467,49.9999039873663,2.483,0.027,0.098,-0.1,0.043,0.0,0.0,0.0,0.348,0.482,0.0,8.404,-0.526,-0.106,-0.745,49.99988705858717,A55F
-3.777,48.46201845089287,-6.566,0.033,-0.285,1.579,1.34,0.0,0.0,0.0,0.643,-3.067,0.0,9.884,0.049,0.337,0.196,48.483995013362744,A52L
-1.777,45.13504526542169,3.051,0.053,0.733,-0.581,3.424,0.0,0.0,0.0,0.643,-1.672,0.0,11.097,0.16,-2.039,0.262,47.089276667255234,A52K
-10.209,49.998057247004,-4.313,0.09,0.062,0.694,4.071,0.0,0.0,0.0,0.342,0.082,0.0,7.673,0.181,-0.106,0.202,49.99795912875054,A52F
-16.433,49.99999999999999,1.182,0.022,0.886,0.038,2.011,0.0,0.0,0.0,1.37,0.0,0.0,4.118,0.077,1.11,1.044,49.99999999999999,T56W
-9.525,17.75,15.097,0.015,0.615,0.769,1.965,0.0,0.0,0.0,0.0,-0.001,0.0,5.898,-0.226,-4.049,-0.426,27.88145438411766,A55E
3.117,-0.674,6.255,-0.011,0.36,0.092,0.272,0.0,0.0,0.0,0.0,0.0,0.0,2.038,0.723,-3.001,0.23,9.399238995218866,L54N
-0.54,6.573,-2.039,-0.002,-0.308,-0.87,3.573,1.16,0.0,0.0,-0.369,0.287,0.035,2.761,-0.725,-2.968,0.383,6.948102380583123,A52P
4.498,-0.693,7.757,-0.013,0.424,-0.077,0.438,0.0,0.0,0.0,0.0,0.0,0.0,2.393,0.773,-3.807,0.296,11.988355575736025,L54D
0.0,0.0,0.0,0.0,0.0,0.0,0.0,0.0,0.0,0.0,0.0,0.0,0.0,0.0,0.0,0.0,0.0,0.0,D57D
5.208,-0.567,0.162,-0.007,0.239,0.196,0.163,0.0,0.0,0.0,0.0,0.201,0.018,-0.388,1.403,-1.318,1.339,6.647543723917579,V53A
-1.986,-0.082,-0.862,0.032,0.156,-0.501,0.353,0.0,0.0,0.0,0.491,1.777,0.03,-1.748,0.064,1.845,-0.268,-0.7014747618395631,G58V
4.789,-0.925,-3.979,-0.011,-0.062,-0.099,2.696,0.0,0.0,0.0,1.37,0.0,0.0,-0.046,0.438,0.173,0.659,5.002429847376106,T56A
-0.25,32.298,-2.353,0.044,0.675,0.176,1.692,0.0,0.0,0.0,0.643,-1.672,0.0,11.374,0.21,-2.775,0.226,40.28611220320568,A52Q
-11.621,49.99992601073582,-1.447,0.041,0.401,-0.557,3.258,0.0,0.0,0.0,1.724,1.966,0.0,4.647,0.302,-0.569,0.785,49.99992277397693,T56Y
-5.717,49.534635505297054,-5.735,0.058,0.183,-0.939,2.958,0.0,0.0,0.0,1.981,1.966,0.0,-0.897,1.36,0.51,1.697,49.48437532472246,T56L
-0.24,-0.257,-0.748,0.016,0.118,-0.39,0.284,0.0,0.0,0.0,0.491,1.777,-0.013,-2.234,-0.556,0.527,-0.614,-1.8419758199131595,G58A
-1.475,3.122,-9.543,0.015,-0.935,-0.675,8.693,0.0,0.0,0.0,0.947,1.454,-0.077,-1.088,0.46,4.45,1.069,6.415942891013174,D57I
-0.796,-0.38,8.753,-0.005,0.371,-0.07,-0.611,0.0,0.0,0.0,0.0,0.0,0.0,1.999,0.592,-3.112,0.042,6.782376052331301,L54Q
-8.407,40.21513144555585,5.36,0.054,0.479,-0.756,3.137,0.0,0.0,0.0,0.085,0.287,0.0,9.201,0.08,-1.419,0.203,42.78079855255351,A52R
0.233,-0.27,-0.403,0.015,0.118,-0.342,0.133,0.0,0.0,0.0,0.491,1.777,0.0,-2.234,0.0,0.0,0.0,-0.4832933216468973,G58G
1.515,-0.139,-2.624,-0.004,-0.042,-0.836,5.129,0.0,0.0,0.0,1.032,2.435,0.0,-1.005,-0.05,-2.629,-0.023,2.758462960455745,R59E
-9.672,49.988547466944574,-2.994,0.108,0.55,1.46,3.606,0.0,0.0,0.0,0.643,-1.672,0.0,12.622,0.23,-0.742,0.213,49.990376150205776,A52Y
-11.508,49.98240474089194,-2.045,0.105,1.006,1.839,3.685,0.0,0.0,0.0,0.643,-1.672,0.0,12.815,0.017,0.937,0.221,49.98618017344519,A52W
-5.731,15.098,3.291,0.021,1.296,-1.0,3.753,0.0,0.0,0.0,2.022,2.338,0.0,3.067,0.991,-2.602,1.166,23.70783786130073,T56Q
-2.643,0.119,-0.614,0.054,0.337,-0.149,0.482,0.0,0.0,0.0,0.491,1.777,0.03,-1.327,-0.009,1.506,-0.287,-0.2371429072552473,G58I
7.381,-1.05,-2.508,-0.012,-0.062,-0.22,2.554,0.0,0.0,0.0,1.37,0.0,-0.05,-0.046,-0.289,-0.353,0.265,6.978551486442029,T56G
4.786,49.77986484758027,-4.676,-0.013,-0.276,-1.248,8.202,45.86637282529945,0.0,0.964,0.0,0.486,0.067,1.261,3.404,-3.304,2.577,49.99416704868834,L54P
-1.211,-0.258,0.103,0.021,0.178,-0.542,0.055,0.0,0.0,0.0,0.491,1.777,-0.013,-2.143,-0.095,0.354,-0.076,-1.362996528360327,G58T
-3.951,12.065,7.198,0.004,1.347,-0.291,2.402,0.0,0.0,0.0,1.37,0.0,0.0,4.24,0.992,-3.876,0.959,22.45877619938574,T56E
0.189,-0.026,-5.953,-0.011,-0.806,-0.759,8.479,0.0,0.0,0.0,0.947,1.454,0.0,2.302,0.492,0.695,0.766,7.767852289699022,D57Q
-8.013,46.632940921301,-3.796,0.02,0.265,-0.412,2.282,0.0,0.0,0.0,1.37,0.0,0.0,4.634,0.791,0.506,1.233,46.484130197311764,T56M
7.406,-0.689,1.17,-0.014,-0.086,0.268,0.104,0.0,0.0,0.0,0.0,0.0,0.0,-0.503,0.871,-0.336,0.553,8.74152404042502,L54A
4.789,-0.696,2.317,-0.013,-0.053,0.125,-0.083,0.0,0.0,0.0,0.0,0.0,0.0,-0.041,0.484,1.594,0.204,8.624446003447702,L54C
2.035,-0.006,-4.137,-0.012,-0.421,-0.231,3.227,0.0,0.0,0.0,0.12,1.636,0.0,-1.39,0.096,1.42,0.083,2.4162270726828865,R59A
-0.074,5.121,-5.335,-0.017,-0.746,-0.517,7.779,0.0,0.0,0.0,1.068,1.644,0.0,2.26,0.24,1.845,0.76,14.027656005898052,D57H
0.546,0.043,-5.035,0.0,-0.345,-0.795,7.565,0.0,0.0,0.0,0.334,1.644,0.0,-0.429,0.014,0.806,0.18,4.52568718929092,D57N
-0.385,0.323,-7.837,-0.012,-1.072,-0.43,8.842,0.0,0.0,0.0,1.068,1.644,0.0,-0.411,0.506,3.803,1.063,7.102553911347741,D57M
6.511,-0.098,-10.198,-0.022,-1.055,-0.521,8.28,0.0,0.0,0.0,1.068,1.644,0.012,-2.069,-0.245,2.944,0.049,6.300161110529189,D57G
7.317,-0.695,0.198,-0.016,-0.044,0.783,0.08,0.0,0.0,0.0,0.0,0.0,0.039,-0.048,2.298,-1.844,3.382,11.447849985904895,V53G
0.249,0.007,-7.936,-0.016,-0.816,-0.539,8.027,0.0,0.0,0.0,0.948,1.455,0.0,-1.393,0.23,5.401,1.038,6.654738573784243,D57C
0.07,46.546244761931845,1.833,-0.003,0.331,0.48,0.47,46.84694493399214,0.0,1.639,0.0,0.201,0.051,-0.032,7.547,-4.286,5.336,49.932548563378944,V53P
-1.541,-0.247,-0.419,0.038,0.357,-0.147,0.422,0.0,0.0,0.0,0.491,1.777,-0.013,-0.385,-0.427,0.864,-0.28,0.4868685154913237,G58L
0.05,2.677,5.93,0.01,0.776,-0.809,4.743,0.0,0.0,0.0,2.022,2.338,0.0,0.477,-0.111,-3.297,-0.356,14.44964142700951,T56D
2.061,0.165,-8.422,-0.009,-0.994,-0.641,7.482,0.0,0.0,0.0,0.171,1.454,0.0,-0.178,-0.483,3.298,0.043,3.9477930447953895,D57T
-8.772,49.99913757160977,-1.608,0.036,0.698,-0.587,2.324,0.0,0.0,0.0,2.022,2.338,0.0,1.69,0.255,0.067,0.46,49.99909959338027,T56F
-2.875,29.27,-0.673,0.017,0.157,-0.51,0.372,1.863,0.0,0.0,0.491,1.777,-0.043,-1.869,-0.938,-2.441,1.943,26.53863380361622,G58P
-1.176,0.003,0.328,0.007,0.207,0.124,-0.131,0.0,0.0,0.0,-0.12,-0.189,-0.013,2.425,-0.477,-2.249,-0.465,-1.7276526445866691,G58Q
4.009,11.076,-12.606,-0.024,-0.88,-1.003,9.765,16.847,0.0,0.0,2.321,2.921,0.163,0.19,1.524,0.503,3.108,37.91452104796963,D57P
-12.616,49.88553144873754,9.05,0.015,0.352,-1.365,0.17,0.0,0.0,0.0,0.0,0.955,0.0,5.734,-0.369,-1.625,-0.591,49.884194147000684,A55H
-3.009,-0.014,1.581,0.004,0.416,-0.29,-0.814,0.0,0.0,0.0,0.0,0.0,-0.013,2.814,-0.32,-1.098,-0.333,-1.0791271868092736,G58H
0.046,0.68,-6.024,0.001,-0.709,-0.82,9.583,0.0,0.0,0.0,0.947,1.454,0.0,1.267,0.375,1.432,0.76,8.992099132646672,D57K
0.0,0.0,0.0,0.0,0.0,0.0,0.0,0.0,0.0,0.0,0.0,0.0,0.0,0.0,0.0,0.0,0.0,0.0,A55A
1.465,0.094,9.216,-0.009,0.217,-0.023,-0.569,0.0,0.0,0.0,0.0,0.0,0.0,2.675,0.6,-4.386,0.166,9.445515727004477,L54E
1.55,0.005,-3.077,-0.012,-0.407,-0.281,2.76,0.0,0.0,0.0,0.12,1.636,0.0,-1.124,0.315,3.35,0.003,4.8381526435453,R59C
1.715,-0.386,-3.5,0.016,-0.196,-0.829,3.81,0.0,0.0,0.0,0.61,3.42,0.0,-2.539,0.149,1.752,0.07,4.090854756348563,R59M
-0.998,12.605,-9.877,0.03,-1.232,-0.79,8.718,0.0,0.0,0.0,0.947,1.454,0.0,2.028,0.437,3.808,0.504,17.63304770020295,D57L
-0.155,0.442,1.75,-0.016,-0.315,-0.609,1.77,0.0,0.0,0.0,0.0,1.421,0.018,1.775,1.043,-0.985,0.853,6.990508266536153,V53M
1.772,-0.384,-3.109,0.009,-0.023,-1.025,3.598,0.0,0.0,0.0,0.61,3.42,0.0,-1.982,0.149,-1.245,0.219,2.0077042583118327,R59N
-5.253,13.689,-4.616,0.067,0.161,-0.244,2.211,0.0,0.0,0.0,1.37,0.0,0.022,2.879,2.123,1.152,1.275,14.835201032814894,T56I
-5.92,49.999928295032504,3.874,0.012,0.177,-0.006,1.005,0.0,0.0,0.0,0.0,0.0,0.0,2.595,0.341,-1.079,-0.039,49.99993099319291,L54Y
2.938,-0.026,-3.97,-0.014,-0.421,-0.331,3.242,0.0,0.0,0.0,0.12,1.636,0.097,-1.39,0.669,0.893,0.587,4.029059931448956,R59G
-0.559,-0.257,0.472,0.016,0.169,-0.728,0.451,0.0,0.0,0.0,0.611,1.966,-0.013,-2.127,-0.649,-1.087,-0.644,-2.382837105267299,G58S
-3.742,0.008,0.468,0.021,0.262,0.129,-0.155,0.0,0.0,0.0,-0.12,-0.189,-0.013,2.609,-0.135,-0.216,-0.262,-1.3375644407899472,G58Y
-0.184,10.509,-2.6,-0.009,0.022,-0.151,4.891,49.934770425912426,0.0,1.081,1.37,0.0,0.038,0.304,6.201,-2.795,9.937,49.97922471216336,T56P
1.27,-0.004,-2.608,-0.004,0.284,-0.38,3.046,0.0,0.0,0.0,0.12,1.636,0.0,0.696,-0.056,-1.356,-0.043,2.598696941876142,R59Q
0.0,0.0,0.0,0.0,0.0,0.0,0.0,0.0,0.0,0.0,0.0,0.0,0.0,0.0,0.0,0.0,0.0,0.0,V53V
-1.488,6.723,-5.473,0.023,0.153,-0.771,2.843,0.0,0.0,0.0,2.022,2.338,0.022,-1.696,1.815,1.491,1.071,9.073765525160296,T56V
1.504,0.006,-2.696,-0.006,-0.285,-0.214,3.012,0.0,0.0,0.0,0.12,1.636,0.0,-0.585,-0.053,-0.619,-0.008,1.8090867396697377,R59K
-1.294,-0.256,0.315,0.026,0.34,-0.807,0.974,0.0,0.0,0.0,0.611,1.966,-0.013,-0.683,-0.485,-0.893,-0.516,-0.7182893358492493,G58R
1.604,-0.298,-2.496,-0.005,-0.017,-0.738,4.792,0.0,0.0,0.0,0.911,2.245,0.0,-1.264,-0.155,-2.051,0.046,2.5746406252935685,R59D
-1.566,-0.162,-1.111,0.013,0.039,0.522,-0.008,0.0,0.0,0.0,-0.12,-0.189,-0.013,1.452,-0.448,1.463,-0.434,-0.5648329523935445,G58W
1.9,0.689,4.845,-0.012,0.442,-0.167,-2.249,0.0,0.0,0.0,0.0,0.804,0.018,3.259,1.066,-5.367,0.67,5.896754602679948,V53E
-1.394,3.075,-9.579,0.009,-0.768,-0.806,8.681,0.0,0.0,0.0,0.947,1.454,-0.077,-1.217,0.351,4.789,0.863,6.325574647695248,D57V
-11.514,34.692,11.212,0.019,0.464,0.361,-1.685,0.0,0.0,0.0,0.0,-0.001,0.0,4.744,-0.213,-2.775,-0.56,34.742554845399354,A55Q
1.043,0.094,-2.812,0.007,-0.176,-0.332,2.592,0.0,0.0,0.0,0.12,1.636,0.0,0.524,0.131,1.313,0.176,4.317353735913912,R59F
-10.501,49.99972509158802,-0.876,0.028,0.379,0.371,-0.815,0.0,0.0,0.0,0.0,0.201,0.0,2.532,-0.494,0.337,-0.627,49.9995985633572,A55L
-1.725,0.48,2.636,0.011,0.607,-0.987,3.965,0.0,0.0,0.0,2.022,2.338,0.0,1.86,-0.103,-2.492,-0.381,8.232187535314779,T56N
-1.749,1.162,-0.216,0.005,-0.297,-1.049,2.007,0.0,0.0,0.0,0.0,1.795,0.0,-0.042,0.048,-0.339,0.057,1.3814534330745118,V53I
-1.462,0.868,-4.526,0.001,-0.609,-1.051,10.134,0.0,0.0,0.0,1.068,1.644,0.0,0.915,0.464,2.051,0.77,10.266146074171957,D57R
0.088,0.979,-1.351,0.011,0.605,-0.366,3.535,0.0,0.0,0.0,0.0,0.211,0.018,1.765,0.73,-1.424,0.39,5.18729449932448,V53F
-1.046,3.724,0.617,-0.006,-0.318,-1.062,1.851,0.0,0.0,0.0,0.0,1.795,0.018,1.465,0.643,-0.981,0.495,7.19332637148068,V53L
-7.162,9.424,-5.157,0.045,-0.295,-0.232,8.38,0.0,0.0,0.0,0.945,1.454,0.0,3.611,0.548,4.407,1.87,17.838006488679866,D57W
-4.647,4.427,4.833,0.011,0.457,-1.328,4.302,0.0,0.0,0.0,0.0,2.009,0.0,3.972,0.316,-2.665,-0.154,11.533201220800263,A55N
-11.45,49.46645907850728,1.182,0.01,0.143,-1.006,2.837,0.0,0.0,0.0,0.0,0.228,0.0,2.917,-0.289,0.333,-0.452,49.33478429807064,A55M
0.872,-0.385,-1.322,0.009,-0.241,-0.543,2.134,0.0,0.0,0.0,0.61,2.128,0.0,-3.29,-0.064,1.247,-0.009,1.144841430147153,R59T
-0.088,-0.059,3.073,-0.012,0.005,0.937,-1.07,0.0,0.0,0.0,0.0,-0.024,0.018,-0.148,0.924,0.612,0.884,5.049937369987674,V53C
-5.507,4.072,12.369,0.005,0.435,0.056,1.138,0.0,0.0,0.0,0.0,-0.001,0.0,4.301,0.654,-3.47,0.061,14.110793870877842,A55D
-1.123,10.939,-2.106,0.005,-0.108,-1.945,1.788,5.696,0.0,0.0,1.271,2.931,-0.16,1.305,0.505,-1.548,10.905,28.354790952271745,R59P
4.412,-1.117,2.437,-0.012,0.59,-1.208,2.716,0.0,0.0,0.0,0.0,1.349,0.018,2.688,1.501,-4.788,0.89,9.475740827658228,V53D
-2.194,49.78909365459315,5.767,0.008,0.022,1.588,2.333,0.0,0.0,0.0,0.643,-2.223,0.0,9.339,0.471,-1.756,0.117,49.879958715512146,L54R
-18.518,49.9999992534997,4.962,0.021,0.102,-0.607,0.255,0.0,0.0,0.0,0.348,0.955,0.0,6.862,-0.432,0.937,-0.308,49.999999072664345,A55W
1.008,-0.266,-4.029,0.054,-0.177,-0.908,3.746,0.0,0.0,0.0,0.731,3.61,0.061,-1.387,0.585,2.399,0.403,5.828909604641694,R59I
-0.211,1.766,-0.248,0.011,0.635,-0.29,2.683,0.0,0.0,0.0,0.0,0.003,0.018,1.578,0.754,-2.06,0.408,5.044703225947615,V53Y
-6.814,32.503,-5.473,0.047,-0.523,-0.528,7.665,0.0,0.0,0.0,0.943,1.221,0.0,6.172,0.334,2.728,0.725,39.00010346832346,D57Y
1.523,-0.262,-3.527,0.019,-0.213,-0.802,3.853,0.0,0.0,0.0,0.731,3.61,0.0,-3.571,-0.104,1.757,0.033,3.044248851600514,R59L
-1.586,1.009,6.774,-0.008,-0.007,-0.498,0.6,0.0,0.0,0.0,0.0,0.883,0.018,1.496,0.864,-2.737,0.486,7.294039936034551,V53R
-14.931,49.99874993823227,9.294,0.054,1.328,-0.214,2.311,0.0,0.0,0.0,1.724,1.966,0.0,5.508,0.666,-1.246,0.538,49.99905510582446,T56R
3.377,-0.815,1.524,-0.011,-0.031,0.057,0.442,0.0,0.0,0.0,0.212,0.0,0.0,0.566,-0.231,-1.441,-0.129,3.519924965052951,T56S
1.498,-0.387,-3.377,0.006,0.115,-0.952,3.213,0.0,0.0,0.0,0.61,3.42,0.0,-1.631,-0.03,-0.206,0.016,2.295675722469923,R59H
-1.243,0.04,5.638,0.004,0.054,-0.197,-0.503,0.0,0.0,0.0,0.0,0.0,0.0,0.999,-0.055,-1.614,-0.399,2.7225853368559,A55S
-2.801,13.337,1.548,-0.002,0.192,-0.13,-0.204,0.0,0.0,0.0,-0.049,0.0,0.0,4.112,0.584,-0.004,0.159,16.741647485594285,L54M
-11.914,43.05623594850305,12.504,0.016,0.272,-0.216,3.278,0.0,0.0,0.0,0.0,2.009,0.0,3.3,-0.204,-2.039,-0.597,44.54054419458486,A55K
-6.03,40.675,-1.551,0.019,0.048,-0.397,0.434,0.0,0.0,0.0,0.0,0.955,0.011,1.641,-1.084,1.318,-0.769,35.26843494707714,A55V
-0.568,0.979,4.708,-0.015,0.273,-1.42,1.248,0.0,0.0,0.0,0.0,1.327,0.018,1.801,0.79,-2.943,0.513,6.709800995534124,V53H
1.272,-0.223,-3.435,0.021,-0.045,-0.972,3.65,0.0,0.0,0.0,0.731,3.61,0.0,-1.607,0.111,0.677,0.144,3.932008440380741,R59Y
5.095,38.9731359594326,-5.134,-0.003,-0.425,-0.668,4.277,0.0,0.0,0.0,0.0,0.287,0.022,0.39,-0.21,0.982,-0.297,40.5557193756996,L54V
-6.525,49.98412148929255,2.347,0.006,0.118,0.046,0.19,46.86873579362353,0.0,1.164,0.0,0.0,0.085,1.061,5.568,-2.968,3.997,49.99958120707035,A55P
0.208,-0.256,-0.401,0.014,0.118,-0.531,0.417,0.0,0.0,0.0,0.611,1.966,0.0,-2.234,0.0,0.0,0.0,-0.0866742912407971,T56T
6.864,-0.683,4.163,-0.013,-0.027,-0.1,-0.357,0.0,0.0,0.0,0.0,0.0,0.0,-0.131,0.871,-1.951,0.281,8.91537321091846,L54S
2.034,49.46533282600439,-5.273,0.031,-0.255,-1.165,4.264,0.0,0.0,0.0,0.355,3.346,0.022,0.054,-0.306,0.643,-0.409,49.53186411181091,L54I
1.399,-0.381,-1.573,0.004,-0.249,-0.479,2.219,0.0,0.0,0.0,0.61,1.96,0.0,-3.144,-0.132,-0.195,-0.106,-0.0673428412001158,R59S
2.422,48.75830730562449,-1.132,-0.018,-0.243,-1.962,6.876,24.954,1.121,0.0,4.904,2.973,0.069,0.598,2.252,-2.225,13.014,49.852889239754354,Y60P
2.591,-0.631,3.278,-0.008,0.533,-0.554,2.833,0.0,0.0,0.0,0.0,-0.919,0.018,2.45,1.287,-3.983,0.763,7.659708270999999,V53N
4.55,-0.626,3.279,-0.014,0.015,0.375,-0.65,0.0,0.0,0.0,0.0,0.0,0.018,0.359,1.223,-2.932,0.73,6.327502491341875,V53S
1.42,-0.379,-3.471,0.021,-0.012,-0.92,3.577,0.0,0.0,0.0,0.61,3.42,0.0,-1.902,0.093,2.356,-0.014,4.799825642857741,R59W
-0.769,0.774,5.438,-0.01,0.104,-0.74,0.052,0.0,0.0,0.0,0.0,0.412,0.018,2.997,1.038,-4.093,0.597,5.8157656772875725,V53Q
-0.089,0.622,6.365,-0.013,-0.165,-0.533,-2.224,0.0,0.0,0.0,0.0,1.382,0.018,1.896,1.065,-3.357,0.518,5.484744816745206,V53K
0.0,0.0,0.0,0.0,0.0,0.0,0.0,0.0,0.0,0.0,0.0,0.0,0.0,0.0,0.0,0.0,0.0,0.0,R59R
9.168,-0.195,2.108,-0.014,-0.082,0.127,0.093,0.0,0.0,0.0,0.0,0.0,-0.036,-0.503,1.573,-0.863,2.069,13.441871691618417,L54G
-5.055,5.427,4.039,0.006,0.05,-0.087,0.139,0.0,0.0,0.0,0.0,0.0,0.0,0.62,-0.61,-0.173,-0.453,3.90138215103957,A55T
1.169,-0.263,-4.31,0.032,-0.245,-0.846,3.881,0.0,0.0,0.0,0.731,3.61,0.061,-1.988,0.488,2.738,0.368,5.423446257270825,R59V
-2.453,0.319,1.412,0.01,0.629,-1.111,3.243,0.0,0.0,0.0,0.0,0.211,0.018,2.399,0.858,-0.381,1.102,6.253380344963944,V53W
0.0,0.0,0.0,0.0,0.0,0.0,0.0,0.0,0.0,0.0,0.0,0.0,0.0,0.0,0.0,0.0,0.0,0.0,L54L
-4.364,46.85450916297068,0.66,0.01,0.136,-0.24,0.129,0.0,0.0,0.0,0.0,0.0,0.0,2.765,0.231,-0.443,-0.034,46.71144411768837,L54F
6.934,2.764,-1.238,-0.009,-0.424,-0.535,4.19,0.0,0.0,0.0,0.0,0.287,0.0,0.773,0.314,-0.509,0.145,12.689387330741964,L54T
2.448,0.039,0.42,-0.004,0.144,-1.058,2.033,0.0,0.0,0.0,0.0,0.198,0.018,-0.704,0.646,-1.491,0.505,3.1943142890281706,V53T
-14.621,49.999831509552116,0.89,0.049,0.307,-1.636,3.438,0.0,0.0,0.0,0.96,5.068,0.0,8.044,-0.532,-0.742,-0.769,49.9998345497749,A55Y
-15.565,49.99945580082958,12.823,0.05,1.251,-0.395,1.397,0.0,0.0,0.0,0.612,5.068,0.0,3.393,-0.393,-1.419,-0.618,49.99957534824189,A55R
-2.047,5.999,7.63,-0.008,0.439,-0.179,0.606,0.0,0.0,0.0,0.0,0.0,0.0,3.402,0.452,-1.962,0.184,14.513967606199005,L54H
5.61,-0.345,-1.158,-0.009,0.844,-0.201,1.388,0.0,0.0,0.0,1.976,1.133,0.0,0.129,0.272,-2.033,0.211,7.814854695540816,Y60Q
7.652,-0.649,-4.038,-0.017,-0.299,-0.266,1.542,0.0,0.0,0.0,1.976,1.133,0.0,-1.888,0.872,0.743,0.593,7.35200178809805,Y60A
-2.919,19.336,15.354,0.008,0.584,0.5,-1.548,0.0,0.0,0.0,0.0,0.0,0.0,3.62,0.58,-2.376,0.06,33.19737879023296,L54K
-11.665,49.80578196957076,3.52,0.019,0.185,0.075,0.316,0.0,0.0,0.0,0.0,0.0,0.0,4.167,0.46,0.6,0.408,49.790340090305875,L54W
-0.015,-0.286,-1.258,0.001,0.025,0.152,0.488,0.0,0.0,0.0,1.976,1.133,0.0,-0.478,0.108,0.636,0.016,2.496861776676269,Y60F
-1.298,49.99233236069075,-3.214,0.038,0.12,-0.944,4.719,0.0,0.0,0.0,3.956,3.098,-0.001,0.569,0.354,1.722,0.226,49.994722987137685,Y60I
4.737,-0.413,-1.733,-0.016,-0.283,-0.407,1.207,0.0,0.0,0.0,1.976,1.133,0.0,-1.724,0.434,2.673,0.313,7.895492497979603,Y60C
10.215,-1.377,-3.197,-0.02,-0.299,-0.397,1.297,0.0,0.0,0.0,1.976,1.133,-0.1,-1.888,0.85,0.216,0.886,9.292850751349306,Y60G
6.235,-0.387,0.134,-0.011,0.964,-0.15,0.547,0.0,0.0,0.0,1.976,1.133,0.0,0.877,0.482,-3.306,0.395,8.887727860060977,Y60E
2.995,-0.926,1.339,-0.001,0.29,-0.551,-0.131,0.0,0.0,0.0,2.587,2.163,0.0,-3.465,-0.133,-0.882,-0.081,3.200237210541445,Y60H
7.365,-1.267,1.643,-0.001,0.207,-0.806,1.209,0.0,0.0,0.0,2.587,3.098,0.0,-1.562,0.028,-2.728,0.062,9.833052929080395,Y60D
3.787,-0.658,-2.312,0.002,0.034,-0.648,1.867,0.0,0.0,0.0,2.587,3.098,0.0,-2.086,0.484,1.076,0.336,7.565213057657274,Y60M
0.013,-0.001,0.0,0.0,0.0,0.175,-0.086,0.0,0.0,0.0,-0.042,-0.371,0.0,0.0,0.0,0.0,0.0,-0.313263347082966,Y60Y
3.251,46.298,-5.631,-0.007,-0.197,-0.174,3.264,0.0,0.0,0.0,3.345,1.133,0.0,0.868,0.454,1.08,0.193,39.61341150443913,Y60L
2.481,47.577,-4.492,0.01,-0.073,-0.985,3.463,0.0,0.0,0.0,3.956,3.098,-0.001,-1.583,0.368,2.061,0.253,40.423921318399785,Y60V
4.191,1.674,1.59,-0.014,-0.223,-0.573,1.162,0.0,0.0,0.0,1.927,1.133,0.0,-1.187,-0.201,0.57,0.021,10.07020796933466,Y60T
4.001,-0.247,1.588,-0.007,0.085,-0.243,2.082,0.0,0.0,0.0,1.976,1.133,0.0,-0.689,0.342,-1.296,0.229,8.952809937585016,Y60K
8.934,-2.411,-1.859,-0.005,-0.087,-0.522,2.566,0.0,0.0,0.0,3.71,2.463,0.0,-2.996,0.263,-0.872,0.334,9.516786740653515,Y60S
-0.77,0.742,0.438,0.001,0.505,0.025,0.849,0.0,0.0,0.0,1.976,1.133,0.0,0.148,0.363,1.679,0.363,7.448974232002456,Y60W
6.041,-1.258,0.574,-0.012,0.137,-1.03,1.644,0.0,0.0,0.0,2.888,1.569,0.0,-2.345,-0.222,-1.922,-0.039,6.023432353647195,Y60N
2.992,-0.222,2.212,0.01,0.228,0.105,0.682,0.0,0.0,0.0,2.538,0.758,0.0,-1.927,0.064,-0.677,0.097,6.857441074991129,Y60R
1.839,-0.282,-0.912,-0.011,-0.217,0.546,0.035,0.0,0.0,0.0,0.0,0.0,0.0,0.593,0.149,-2.629,-0.031,-0.9212622645245574,R61E
0.0,0.0,0.0,0.0,0.0,0.0,0.0,0.0,0.0,0.0,0.0,0.0,0.0,0.0,0.0,0.0,0.0,0.0,R61R
2.728,-0.33,-2.426,-0.018,-0.534,0.6,0.09,0.0,0.0,0.0,0.0,0.0,0.0,-1.817,0.323,1.42,0.192,0.2255262971070806,R61A
1.219,-0.299,-1.302,0.007,-0.062,0.519,0.144,0.0,0.0,0.0,0.0,0.0,0.0,1.351,-0.366,2.356,0.011,3.5770083833142508,R61W
1.976,-0.325,-1.685,-0.017,-0.492,0.602,-0.091,0.0,0.0,0.0,0.0,0.0,0.0,-1.281,0.204,3.35,0.986,3.2269242016359385,R61C
0.987,0.998,-1.48,0.005,-0.276,0.573,0.066,0.0,0.0,0.0,0.0,0.0,0.0,1.02,-0.442,1.313,-0.082,2.6802290294469917,R61F
0.925,0.307,-1.552,0.028,-0.338,0.607,0.109,0.0,0.0,0.0,0.0,0.0,0.0,0.059,0.023,1.757,0.049,1.9708115887835904,R61L
-0.659,12.564,-1.126,-0.008,-0.071,0.503,0.168,1.771,0.0,0.0,0.0,0.0,0.053,0.314,2.345,-2.795,10.607,23.665294048580108,T62P
0.962,-0.094,-1.876,-0.009,-0.455,0.616,0.004,0.0,0.0,0.0,0.0,0.0,0.0,-0.223,0.222,1.752,0.637,1.5357487345586378,R61M
1.778,-0.166,0.189,-0.016,0.103,0.657,0.126,0.0,0.0,0.0,0.0,0.0,0.0,0.846,0.332,-2.051,0.275,2.0732021854394134,R61D
1.142,0.398,-0.329,-0.015,0.083,0.886,-0.141,0.0,0.0,0.0,0.0,0.0,0.0,-0.565,-0.27,-0.206,0.198,1.1789176446882266,R61H
3.782,-0.167,-1.83,-0.02,-0.534,0.703,-0.217,0.0,0.0,0.0,0.0,0.0,-0.08,-1.817,0.138,0.893,0.732,1.5810950337777283,R61G
1.44,0.191,-0.399,-0.015,0.047,0.55,-0.118,0.0,0.0,0.0,0.0,0.0,0.0,0.088,0.582,-1.245,0.691,1.811186533627506,R61N
-0.372,0.009,-0.448,0.009,-0.011,0.084,0.316,0.0,0.0,0.0,0.0,0.0,0.023,-0.022,-0.314,1.491,-0.183,0.5812018490366881,T62V
-1.774,23.662,-1.126,-0.017,-0.499,0.78,-0.28,1.863,0.0,0.0,0.0,0.0,0.018,-1.804,0.688,-1.548,8.412,28.371453320297405,R61P
1.433,-0.281,0.572,-0.007,0.184,0.632,-1.981,0.0,0.0,0.0,0.0,-0.017,0.0,1.11,0.269,-3.297,-0.111,-1.4942223251753148,T62D
-0.951,15.814,-1.997,0.01,-0.466,0.778,0.03,0.0,0.0,0.0,0.0,0.0,-0.004,-1.67,0.118,2.399,0.34,14.399781676560906,R61I
1.83,-0.278,-1.153,-0.01,-0.331,0.534,0.028,0.0,0.0,0.0,0.0,0.0,0.0,0.847,0.309,-1.356,0.242,0.6621322946605233,R61Q
0.035,11.095,-2.705,0.002,-0.484,0.734,0.053,0.0,0.0,0.0,0.0,0.0,-0.004,-1.807,0.152,2.738,0.204,10.01102384860451,R61V
1.809,-0.285,-1.184,-0.01,-0.366,0.593,0.02,0.0,0.0,0.0,0.0,0.0,0.0,-0.984,0.163,-0.619,-0.067,-0.9314683446141316,R61K
2.505,-0.33,-0.958,-0.018,-0.468,0.403,-0.237,0.0,0.0,0.0,0.0,0.0,0.0,-1.231,0.471,-0.195,0.345,0.2867857498017656,R61S
2.264,-0.151,-2.417,-0.018,-0.328,0.962,0.268,0.0,0.0,0.0,-0.612,-1.966,0.0,-0.627,-0.119,2.776,-0.005,0.0242528340415901,Q63A
-0.755,-0.001,0.563,0.011,0.24,-0.01,0.325,0.0,0.0,0.0,0.0,0.0,0.0,1.629,-0.018,-0.569,-0.141,1.2736250989016753,T62Y
0.925,-0.007,-0.506,-0.011,-0.065,0.111,0.123,0.0,0.0,0.0,0.0,0.0,0.017,0.002,0.619,-0.353,0.623,1.4789402837420766,T62G
0.195,-0.003,-0.114,-0.005,0.195,0.064,0.043,0.0,0.0,0.0,0.0,0.0,0.0,2.646,-0.137,-3.876,-0.311,-1.3024919104732362,T62E
1.299,-0.28,-0.184,-0.009,-0.474,0.681,-0.551,0.0,0.0,0.0,0.0,0.0,0.0,-1.793,0.191,1.247,0.167,0.2916693221252444,R61T
0.0,0.0,0.0,0.0,0.0,0.0,0.0,0.0,0.0,0.0,0.0,0.0,0.0,0.0,0.0,0.0,0.0,0.0,T62T
0.967,1.495,-1.498,0.004,-0.265,0.575,0.039,0.0,0.0,0.0,0.0,0.0,0.0,0.893,-0.393,0.677,-0.055,2.4381393420555924,R61Y
0.527,-0.001,-0.598,-0.009,-0.065,0.08,0.246,0.0,0.0,0.0,0.0,0.0,0.0,0.002,0.012,0.173,-0.085,0.281570175404795,T62A
-0.76,0.0,0.471,0.011,0.229,0.043,0.374,0.0,0.0,0.0,0.0,0.0,0.0,1.639,-0.089,0.067,-0.166,1.8193643644301571,T62F
0.211,-0.003,-0.155,-0.004,0.049,0.071,0.311,0.0,0.0,0.0,0.0,0.0,0.0,1.042,0.018,-1.866,-0.288,-0.6148710949657925,T62K
0.211,-0.002,-0.302,-0.009,-0.053,0.071,0.075,0.0,0.0,0.0,0.0,0.0,0.0,0.167,0.289,2.103,0.379,2.929533733544986,T62C
-0.382,0.014,-0.197,0.018,0.008,0.095,0.386,0.0,0.0,0.0,0.0,0.0,0.023,0.099,-0.417,1.152,-0.12,0.6780174626862845,T62I
0.199,-0.003,-0.141,-0.004,0.12,0.067,0.251,0.0,0.0,0.0,0.0,0.0,0.0,2.233,0.05,-2.602,-0.134,0.0347386111577634,T62Q
0.269,-0.256,0.752,-0.008,0.273,1.134,-1.023,0.0,0.0,0.0,0.0,-1.28,0.0,1.856,-0.031,-1.452,-0.177,0.0570888579893562,T62H
0.013,-0.004,0.149,-0.004,0.189,-0.057,0.105,0.0,0.0,0.0,0.0,0.0,0.0,1.102,0.551,-2.492,0.227,-0.2198419420633399,T62N
-0.08,-0.003,-0.082,0.002,0.016,0.046,0.222,0.0,0.0,0.0,0.0,0.0,0.0,1.289,0.114,0.506,0.061,2.0903041288208897,T62M
-2.263,0.179,0.809,0.01,0.347,0.035,0.423,0.0,0.0,0.0,0.0,0.0,0.0,1.251,-0.103,1.11,-0.114,1.6843832337406184,T62W
0.207,-0.002,-0.149,0.0,0.129,0.071,0.394,0.0,0.0,0.0,0.0,0.0,0.0,1.544,-0.008,-1.246,-0.255,0.6838206007889767,T62R
0.031,-0.002,-0.236,0.006,0.008,0.062,0.282,0.0,0.0,0.0,0.0,0.0,0.0,0.451,-0.215,0.51,-0.193,0.7039929431291512,T62L
0.437,-0.001,-0.003,-0.009,-0.041,-0.019,-0.031,0.0,0.0,0.0,0.0,0.0,0.0,0.418,0.329,-1.441,0.09,-0.2730709817633396,T62S
-0.58,1.238,0.85,-0.006,0.001,1.003,-0.405,0.0,0.0,0.0,-0.61,-1.965,0.0,1.398,-0.178,1.357,-0.182,1.9205049424915612,Q63R
-2.192,0.483,4.305,0.003,0.111,-0.071,-0.907,0.0,0.0,0.0,-0.001,0.0,0.0,0.217,-0.214,-1.273,-0.199,0.2601696082142553,Q63E
3.562,-1.814,-1.872,-0.005,-0.184,0.049,1.833,0.0,0.0,0.0,0.455,-0.075,-0.032,-2.245,0.253,2.249,0.628,2.8019041399691105,Q63G
-0.86,0.001,1.231,0.021,0.353,-0.063,-0.18,0.0,0.0,0.0,0.0,0.0,0.0,1.984,0.497,-0.106,0.309,3.187524814420158,A65F
3.073,-0.619,2.35,-0.001,0.0,0.081,-0.169,0.0,0.0,0.0,0.0,0.0,-0.019,0.0,0.696,-0.526,0.775,5.639638555117699,A64G
0.786,-0.135,-0.877,-0.016,0.056,0.878,0.047,0.0,0.0,0.0,-0.612,-1.966,0.0,2.156,-0.361,1.151,-0.125,0.9809018074649885,Q63H
-0.558,0.221,-2.585,0.013,-0.156,-0.038,0.789,0.0,0.0,0.0,0.042,0.372,-0.048,-3.037,-0.511,4.094,-0.134,-1.5386146093262596,Q63V
-1.495,24.469,-1.363,-0.003,-0.174,0.387,0.826,0.138,0.0,0.0,-0.001,0.0,0.038,-2.733,1.728,-0.192,11.063,32.68669453813391,Q63P
-4.992,41.893,9.937,0.002,0.61,0.899,-0.686,0.0,0.0,0.0,0.042,0.372,0.0,3.316,0.431,-3.47,0.153,48.507353812841984,A64D
0.529,-0.037,-1.19,0.003,-0.102,0.979,0.158,0.0,0.0,0.0,-0.612,-1.966,0.0,2.844,-0.423,2.034,-0.154,2.0610647974499443,Q63Y
-0.236,0.86,-1.032,-0.017,-0.284,0.676,0.072,0.0,0.0,0.0,-0.612,-1.966,0.0,0.149,0.097,4.706,0.529,2.9397225795623854,Q63C
-19.718,49.99999999998507,4.256,0.023,0.248,-0.177,-0.44,0.0,0.0,0.0,2.018,1.111,0.0,4.206,-0.044,-0.106,0.038,49.999999999978954,A64F
1.462,-0.411,-0.022,-0.001,0.086,0.387,0.11,0.0,0.0,0.0,-0.001,0.0,0.0,-1.261,0.121,-0.694,0.052,-0.1755681323002136,Q63D
0.675,-0.388,-1.517,0.016,0.004,0.442,0.553,0.0,0.0,0.0,-0.001,0.0,0.0,0.725,-0.481,2.67,-0.2,2.4956361068527717,Q63F
0.573,-0.396,-1.371,0.013,0.048,0.332,0.597,0.0,0.0,0.0,-0.001,0.0,0.0,-0.155,-0.481,3.712,-0.091,2.7770683755704795,Q63W
-1.606,0.771,-2.081,0.007,-0.256,0.694,0.373,0.0,0.0,0.0,-0.611,-1.965,-0.048,-0.732,-0.636,3.755,-0.067,-2.4037590508116864,Q63I
0.0,0.0,0.0,0.0,0.0,0.0,0.0,0.0,0.0,0.0,0.0,0.0,0.0,0.0,0.0,0.0,0.0,0.0,Q63Q
-8.843,23.94,10.467,0.01,0.387,0.507,1.364,0.0,0.0,0.0,2.654,0.664,0.0,6.202,0.736,-2.665,0.471,35.89285356792311,A64N
0.135,1.332,-1.416,-0.005,-0.254,0.899,0.396,0.0,0.0,0.0,-0.61,-1.965,0.0,-0.163,-0.385,3.113,-0.142,0.93323148596005,Q63L
2.002,-0.151,-0.415,-0.018,-0.305,0.701,-0.031,0.0,0.0,0.0,-0.612,-1.966,0.0,-0.081,0.156,1.162,0.183,0.6220206016337215,Q63S
0.988,-0.098,-0.242,-0.013,-0.077,0.932,0.291,0.0,0.0,0.0,-0.612,-1.966,0.0,0.522,0.408,0.111,0.333,0.5741174627048622,Q63N
0.252,0.037,-1.414,0.005,-0.148,-0.088,0.404,0.0,0.0,0.0,-0.001,0.0,0.0,-2.856,-0.211,2.603,0.027,-1.390458333474271,Q63T
-5.23,34.982,1.927,-0.011,-0.097,0.774,-1.119,0.0,0.0,0.0,-0.611,-1.966,0.0,5.681,0.402,1.93,0.608,37.26954158293688,A64C
0.504,0.796,-0.333,0.001,-0.094,0.194,0.838,0.0,0.0,0.0,0.001,0.0,0.0,-1.877,-0.121,0.737,-0.234,0.4108498489943031,Q63K
-0.603,0.745,-1.054,-0.013,-0.318,0.615,0.421,0.0,0.0,0.0,-0.569,-1.594,0.0,0.325,-0.092,3.109,0.173,1.1431413027871713,Q63M
-1.749,0.031,0.654,0.001,0.012,-0.077,-0.515,0.0,0.0,0.0,0.0,0.0,0.0,0.125,0.574,1.93,0.608,1.5948003578671432,A65C
-1.522,1.265,5.406,-0.012,-0.046,0.382,-0.841,0.0,0.0,0.0,-0.611,-1.966,0.0,3.264,0.471,-1.614,0.278,4.452075432616312,A64S
-5.644,46.28466423051977,1.049,0.001,0.036,0.159,-0.173,1.193,0.567,0.0,0.0,0.0,0.028,0.356,1.839,-2.968,2.276,46.096794472895816,A65P
-1.134,0.033,1.498,0.002,0.291,-0.211,1.582,0.0,0.0,0.0,0.0,0.0,0.0,1.295,-0.365,-1.856,-0.397,0.7381829429418758,S66D
1.63,-0.032,-1.811,-0.002,-0.026,0.02,0.999,0.0,0.0,0.0,0.0,0.0,0.043,-0.401,0.482,1.088,0.573,2.563132739775938,S66G
-9.608,42.763798182564436,14.539,0.005,0.393,-0.714,1.643,0.0,0.0,0.0,2.374,0.559,0.0,5.498,0.028,-4.049,-0.142,45.129052968274955,A64E
0.0,0.0,0.0,0.0,0.0,0.0,0.0,0.0,0.0,0.0,0.0,0.0,0.0,0.0,0.0,0.0,0.0,0.0,A64A
-0.383,0.0,1.921,0.002,0.734,-0.169,0.007,0.0,0.0,0.0,0.0,0.0,0.0,2.963,0.421,-3.47,0.205,2.2306690433340464,A65D
1.185,0.009,0.454,-0.001,0.0,-0.114,-0.025,0.0,0.0,0.0,0.0,0.0,-0.014,0.0,0.799,-0.526,0.872,2.637990606236372,A65G
-9.565,49.96966500280344,-5.062,0.027,-0.041,-1.45,4.694,0.0,0.0,0.0,-0.214,1.899,0.0,4.393,0.189,0.333,0.267,49.96363854776479,A64M
-2.168,0.046,1.363,0.02,0.545,-0.072,-0.269,0.0,0.0,0.0,0.0,0.0,0.0,2.136,0.445,0.937,0.195,3.1774426667129774,A65W
-3.162,0.046,3.123,0.01,0.201,-0.29,-0.276,0.0,0.0,0.0,0.0,0.0,0.0,1.444,0.146,-1.419,0.07,-0.1072305975283143,A65R
-0.383,-0.008,-0.833,0.021,0.341,0.167,0.951,0.0,0.0,0.0,0.0,0.0,0.0,1.536,-0.407,1.508,-0.218,2.6753616930850512,S66F
0.0,0.0,0.0,0.0,0.0,0.0,0.0,0.0,0.0,0.0,0.0,0.0,0.0,0.0,0.0,0.0,0.0,0.0,A65A
-2.68,0.053,2.672,0.006,0.121,-0.253,0.437,0.0,0.0,0.0,0.0,0.0,0.0,0.885,0.251,-2.039,0.05,-0.4977472618345473,A65K
-2.069,0.056,2.714,0.005,0.273,-0.365,0.544,0.0,0.0,0.0,0.0,0.0,0.0,2.504,-0.011,-4.049,-0.05,-0.4492277701913281,A65E
-0.372,-0.012,-0.841,0.02,0.352,0.166,0.99,0.0,0.0,0.0,0.0,0.0,0.0,1.624,-0.341,0.872,-0.219,2.2402271142725567,S66Y
-9.756,49.973523417473096,-1.528,0.044,0.685,-0.033,1.718,0.0,0.0,0.0,3.234,1.918,0.0,6.651,-0.075,0.337,0.025,49.97672176856751,A64L
-1.835,0.469,1.056,0.005,0.251,-0.406,1.39,0.0,0.0,0.0,0.0,0.0,0.0,2.248,-0.548,-2.434,-0.432,-0.2382673482111386,S66E
-15.775,49.99512540649274,8.539,0.044,0.612,-0.151,3.662,0.0,0.0,0.0,-0.214,1.899,0.0,5.81,0.077,-1.419,-0.082,49.995676512657376,A64R
-2.291,0.055,2.218,0.006,0.2,-0.404,-0.072,0.0,0.0,0.0,0.0,0.0,0.0,2.519,0.087,-2.775,0.219,-0.2381931671352504,A65Q
-0.872,-0.001,2.181,0.011,0.068,-0.254,-1.03,0.0,0.0,0.0,0.0,0.0,0.0,0.241,0.469,-0.173,0.434,1.0744548534269145,A65T
-2.973,0.065,1.31,0.004,0.047,-0.099,0.052,0.0,0.0,0.0,0.0,0.0,0.0,1.693,0.235,0.333,0.379,1.045813808050525,A65M
-0.852,-0.001,1.214,0.021,0.362,-0.066,-0.085,0.0,0.0,0.0,0.0,0.0,0.0,1.987,0.542,-0.742,0.265,2.6453943054793854,A65Y
-5.241,1.619,3.836,0.003,0.383,-0.14,-1.471,0.0,0.0,0.0,0.0,0.0,0.0,2.394,0.446,-1.625,0.285,0.4892825020954205,A65H
-0.365,-1.378,-5.213,0.033,0.08,-0.235,3.506,0.0,0.0,0.0,1.701,0.807,0.0,0.64,0.191,2.67,0.2,2.634805302008317,Q67F
-2.625,0.098,1.026,0.03,0.078,-0.19,0.063,0.0,0.0,0.0,0.0,0.0,-0.065,0.393,0.213,0.979,0.35,0.350044588544506,A65I
-2.893,0.313,3.311,0.003,0.276,-0.222,-1.482,0.0,0.0,0.0,0.0,0.0,0.0,2.742,0.619,-2.665,0.564,0.56757706889357,A65N
-21.769,49.99999999999999,9.449,0.022,0.268,-0.239,-0.654,0.0,0.0,0.0,2.018,1.111,0.0,4.112,0.009,-0.742,0.032,49.99999999999999,A64Y
-2.989,2.253,0.59,0.017,0.083,-0.179,-0.153,0.0,0.0,0.0,0.0,0.0,0.0,0.517,0.012,0.337,0.207,0.6957766621681003,A65L
-2.785,1.278,0.4,0.009,0.178,-0.373,0.544,0.0,0.0,0.0,0.0,0.0,0.0,1.051,-0.417,0.195,-0.339,-0.2564600133528074,S66R
-6.613,49.9995438616409,2.551,0.001,0.11,-0.046,3.103,7.24,0.991,0.0,2.365,0.757,-0.01,3.23,1.934,-2.968,10.884,49.99982200706687,A64P
0.406,-0.01,-2.063,0.0,-0.026,0.211,0.988,0.0,0.0,0.0,0.0,0.0,0.0,-0.401,-0.176,1.615,-0.118,0.425067594570919,S66A
-10.784,49.99936278037795,1.383,0.049,0.201,0.044,0.729,0.0,0.0,0.0,1.629,0.542,-0.104,3.566,-0.2,0.979,0.181,49.99931559675647,A64I
-1.868,0.212,0.18,0.021,0.056,-0.048,-0.104,0.0,0.0,0.0,0.0,0.0,-0.065,0.174,0.291,1.318,0.272,0.4387022874905142,A65V
-3.098,0.268,-1.507,0.026,0.268,-0.038,1.061,0.0,0.0,0.0,0.0,0.0,0.0,2.602,-0.279,2.551,-0.106,1.7471552386732585,S66W
-4.635,49.99361991345654,-0.853,0.001,0.011,0.338,1.502,14.939,1.011,0.0,0.0,0.0,0.094,0.455,1.986,-1.353,3.147,49.99672070690425,S66P
3.13,-2.037,-2.921,-0.001,-0.144,-0.143,1.797,0.0,0.0,0.0,1.701,0.807,0.0,-1.656,0.264,2.603,0.228,3.626626459677937,Q67T
-0.499,0.002,2.14,0.0,0.025,-0.196,-0.855,0.0,0.0,0.0,0.0,0.0,0.0,0.583,0.543,-1.614,0.303,0.4322179389389475,A65S
-0.048,-0.011,-0.765,0.008,0.202,0.144,0.887,0.0,0.0,0.0,0.0,0.0,0.0,0.85,-0.451,-0.425,-0.385,0.0063307914745109,S66K
-1.449,0.248,0.359,0.005,0.245,-0.299,0.935,0.0,0.0,0.0,0.0,0.0,0.0,0.892,-0.01,-1.05,0.011,-0.1158981132357439,S66N
-22.506,50.0,0.156,0.032,0.015,-0.754,6.929,0.0,0.0,0.0,3.107,2.003,0.0,5.849,-0.026,0.937,0.042,50.0,A64W
-0.153,-0.01,-0.749,0.003,0.731,0.127,0.723,0.0,0.0,0.0,0.0,0.0,0.0,1.518,-0.418,-0.011,-0.274,1.4867396043362078,S66H
-12.566,49.998516282700386,2.994,0.02,0.177,-0.75,5.662,0.0,0.0,0.0,0.256,-1.074,0.0,8.682,0.131,-1.625,0.097,49.99863047410111,A64H
-10.774,49.97921903063175,7.86,0.031,0.29,-0.74,4.459,0.0,0.0,0.0,-0.916,-0.439,0.0,9.815,0.18,-2.039,-0.096,49.98468328375681,A64K
-1.878,0.822,-0.54,0.006,-0.013,0.045,0.853,0.0,0.0,0.0,0.0,0.0,0.0,0.779,-0.227,1.947,0.002,1.7976724036252565,S66M
3.159,-2.501,-3.185,0.001,0.08,-0.812,3.481,0.0,0.0,0.0,1.701,0.807,0.0,-0.945,0.262,0.111,0.284,2.441268655256863,Q67N
-2.175,0.509,0.204,0.005,0.168,-0.353,0.779,0.0,0.0,0.0,0.0,0.0,0.0,1.916,-0.347,-1.161,-0.288,-0.7422476586737048,S66Q
-4.533,42.133,4.099,0.008,0.118,-0.253,-1.347,0.0,0.0,0.0,0.042,0.372,0.0,0.587,0.178,-0.173,0.208,41.43892500029074,A64T
-2.25,1.972,-1.172,0.03,0.053,-0.055,1.146,0.0,0.0,0.0,0.0,0.0,0.021,-0.164,-0.72,2.594,-0.323,1.130718345241803,S66I
1.348,-2.031,1.011,0.005,0.096,0.264,-0.436,-0.612,0.0,0.0,0.0,0.0,0.006,0.624,0.466,0.929,1.425,3.095563525739408,P69K
-1.959,0.801,-1.173,0.016,0.057,-0.05,0.975,0.0,0.0,0.0,0.0,0.0,0.0,-0.1,-0.551,1.952,-0.325,-0.3568450663942712,S66L
-7.645,46.4115996345782,-0.236,0.003,0.032,0.518,1.783,0.0,0.0,0.0,2.167,-1.656,-0.104,6.185,-0.071,1.318,0.076,46.72543423360633,A64V
-1.294,1.257,-1.763,0.021,0.03,0.106,0.93,0.0,0.0,0.0,0.0,0.0,0.021,-0.397,-0.646,2.933,-0.355,0.8396001089079164,S66V
-11.509,44.703175290396615,9.676,0.004,0.272,-0.595,2.352,0.0,0.0,0.0,1.411,0.372,0.0,5.798,0.18,-2.775,0.115,45.670969120834435,A64Q
-1.11,0.059,-1.235,0.0,-0.013,0.025,0.298,0.0,0.0,0.0,0.0,0.0,0.0,-0.237,0.02,3.545,0.291,1.6427175968265146,S66C
0.0,0.0,0.0,0.0,0.0,0.0,0.0,0.0,0.0,0.0,0.0,0.0,0.0,0.0,0.0,0.0,0.0,0.0,S66S
-0.386,-0.011,0.061,0.011,0.043,-0.05,-0.115,0.0,0.0,0.0,0.0,0.0,0.0,-0.275,-0.298,1.442,-0.112,0.3079636984011813,S66T
-0.496,-1.958,-3.441,0.0,-0.18,-0.329,2.296,0.0,0.0,0.0,1.701,0.807,0.0,0.204,0.101,3.109,0.104,1.9158008402787343,Q67M
0.824,-1.919,0.596,0.024,0.264,0.028,-0.245,-0.612,0.0,0.0,0.0,0.0,0.006,1.34,0.769,2.862,1.815,5.751982452626862,P69F
2.044,-2.039,1.961,0.001,0.527,-0.158,-0.153,-0.612,0.0,0.0,0.0,0.0,0.006,2.879,0.488,-0.502,1.649,6.092533116342111,P69D
1.09,-2.028,0.622,0.002,0.017,0.29,-0.381,-0.612,0.0,0.0,0.0,0.0,0.006,1.57,0.487,3.301,1.698,6.062018700992894,P69M
1.066,-0.934,-5.755,0.01,-0.099,-0.368,3.309,0.0,0.0,0.0,1.701,0.807,0.0,-2.505,-0.102,3.113,0.016,0.2585980139442654,Q67L
0.0,0.0,0.0,0.0,0.0,0.0,0.0,0.0,0.0,0.0,0.0,0.0,0.0,0.0,0.0,0.0,0.0,0.0,Q67Q
1.565,-2.471,-2.547,0.002,0.16,-0.359,2.387,0.0,0.0,0.0,1.701,0.807,0.0,0.029,0.105,1.151,0.095,2.624136166378776,Q67H
2.347,-2.053,0.132,0.022,0.19,0.065,0.001,-0.612,0.0,0.0,0.0,0.0,0.006,1.276,0.423,3.305,1.741,6.844089741944117,P69L
1.106,-2.019,1.636,0.003,0.614,-0.213,-0.51,-0.612,0.0,0.0,0.0,0.0,0.006,1.085,0.596,1.343,1.695,4.73009650867516,P69H
2.872,-2.053,-0.361,-0.001,-0.039,0.103,-0.036,-0.612,0.0,0.0,0.0,0.0,0.006,-0.322,0.306,2.968,1.381,4.212161893495022,P69A
-0.164,42.609,-6.338,0.034,0.058,-0.13,3.138,0.0,0.0,0.0,1.701,0.807,-0.009,-0.77,0.345,3.755,0.256,45.28975299253648,Q67I
5.433,-2.507,-4.488,-0.004,-0.17,-0.535,2.676,0.0,0.0,0.0,1.701,0.807,0.0,-1.33,0.289,1.162,0.056,3.088289434475428,Q67S
3.615,-2.396,-5.773,-0.003,-0.184,-0.263,2.574,0.0,0.0,0.0,1.701,0.807,0.0,-1.672,0.544,4.706,0.129,3.78338089799945,Q67C
3.604,-2.298,-4.282,0.009,0.121,-0.499,2.867,0.0,0.0,0.0,1.701,0.807,0.0,-0.653,0.063,0.737,-0.06,2.11485489398774,Q67K
5.888,-2.513,-7.648,-0.004,-0.197,-0.25,3.259,0.0,0.0,0.0,1.701,0.807,0.0,-2.169,0.19,2.776,0.057,1.8966019125125515,Q67A
3.291,-2.054,-0.418,-0.003,-0.039,0.205,-0.071,-0.612,0.0,0.0,0.0,0.0,0.063,-0.322,0.926,2.442,2.032,5.440586158669021,P69G
0.0,0.0,0.0,0.0,0.0,0.0,0.0,0.0,0.0,0.0,0.0,0.0,0.0,0.0,0.0,0.0,0.0,0.0,A68A
1.713,-2.034,1.399,0.003,0.496,-0.192,-0.344,-0.612,0.0,0.0,0.0,0.0,0.006,2.482,0.64,0.303,1.904,5.763183140284127,P69N
1.53,-2.033,0.204,0.0,-0.025,0.268,-0.216,-0.612,0.0,0.0,0.0,0.0,0.006,0.024,0.882,4.898,1.712,6.637883996853134,P69C
1.645,-2.034,0.874,0.004,0.163,0.139,-0.624,-0.612,0.0,0.0,0.0,0.0,0.006,2.116,0.397,0.193,1.571,3.837478686610666,P69Q
1.037,-1.766,-0.286,0.015,-0.001,0.148,-0.35,-0.612,0.0,0.0,0.0,0.0,0.092,0.338,0.924,4.286,1.75,5.574255005848954,P69V
8.071,-2.637,-6.998,-0.005,-0.197,-0.25,3.161,0.0,0.0,0.0,1.701,0.807,0.035,-2.169,0.873,2.249,0.677,5.316120734171591,Q67G
2.184,-1.956,0.38,0.007,0.362,0.075,-0.1,-0.612,0.0,0.0,0.0,0.0,0.006,2.95,0.227,-1.081,1.387,3.82933425737383,P69E
2.045,-2.166,-4.246,0.014,0.063,-0.349,3.076,0.0,0.0,0.0,1.701,0.807,0.0,-0.62,0.131,3.712,0.024,4.190971700627415,Q67W
0.854,-1.072,2.189,-0.001,0.078,-0.026,-1.393,0.0,0.0,0.0,0.3,-0.255,0.0,0.604,-0.106,-1.273,-0.077,-0.1801472452102643,Q67E
0.969,-1.594,0.195,0.023,0.046,0.178,-0.321,-0.612,0.0,0.0,0.0,0.0,0.092,0.714,0.864,3.947,1.737,6.236016701599738,P69I
2.303,-1.232,-5.735,-0.006,-0.775,-0.508,4.487,0.0,0.0,0.0,0.0,0.287,0.0,-1.727,0.659,5.401,0.354,3.5079493439477574,D70C
1.584,-1.977,0.368,0.003,0.02,0.061,-0.684,-0.612,0.0,0.0,0.0,0.0,0.006,-0.175,0.857,2.795,1.954,4.200723887294544,P69T
3.814,-2.485,-2.032,-0.001,0.126,-0.524,2.087,0.0,0.0,0.0,1.701,0.807,0.0,-0.508,-0.041,-0.694,0.006,2.252095669038681,Q67D
0.913,49.99892745455974,-5.485,-0.003,-0.159,-0.192,5.441,31.956,0.878,0.0,1.701,0.807,0.039,-0.463,1.173,-0.192,10.902,49.99983838361901,Q67P
1.568,-2.043,1.009,0.008,0.177,0.242,-0.762,-0.612,0.0,0.0,0.0,0.0,0.006,1.259,0.396,1.549,1.506,4.303641691245048,P69R
-0.833,-2.015,-4.489,0.04,0.079,-0.246,3.091,0.0,0.0,0.0,1.701,0.807,0.0,1.462,0.162,2.034,0.117,1.90471988311333,Q67Y
0.546,7.659,-7.758,0.014,-0.077,-0.14,3.214,0.0,0.0,0.0,1.701,0.807,-0.009,-1.586,0.332,4.094,0.217,9.011286322172282,Q67V
-10.218,49.999999923009966,-0.758,0.027,0.211,0.292,2.23,0.0,0.0,0.0,1.981,0.0,0.0,3.263,0.271,0.337,0.062,49.99999991557863,A68L
2.181,-2.293,-2.196,0.02,0.53,0.072,0.695,0.0,0.0,0.0,0.746,0.807,0.0,0.723,0.031,1.357,0.003,2.673053077980285,Q67R
0.0,0.0,0.0,0.0,0.0,0.0,0.0,0.0,0.0,0.0,0.0,0.0,0.0,0.0,0.0,0.0,0.0,0.0,P69P
2.693,-2.053,0.454,-0.001,0.012,-0.048,-0.538,-0.612,0.0,0.0,0.0,0.0,0.006,-0.2,0.331,1.354,1.421,2.8185167754611484,P69S
2.331,-1.232,-4.683,-0.004,-0.45,-0.742,3.832,0.0,0.0,0.0,0.0,0.287,0.0,0.432,0.0,0.0,0.0,-0.2288808307530416,D70D
-14.498,49.99999999968841,-0.883,0.109,0.608,2.291,0.123,0.0,0.0,0.0,2.552,-3.988,0.0,12.379,-0.299,-0.106,-0.842,49.99999999965488,A68F
1.426,-1.136,-5.426,0.008,-0.684,-0.371,4.651,0.0,0.0,0.0,0.0,0.287,0.0,-1.889,0.233,3.808,0.252,1.157024754646045,D70L
2.064,-1.232,-5.331,0.007,-0.428,-0.509,4.884,0.0,0.0,0.0,0.0,0.287,0.0,0.143,0.305,2.051,0.281,2.522135675604659,D70R
-0.041,-1.867,0.841,0.021,0.407,-0.036,-0.12,-0.612,0.0,0.0,0.0,0.0,0.006,0.64,0.447,3.905,1.564,5.155034008152597,P69W
1.91,-1.232,-5.354,0.003,-0.671,-0.564,4.704,0.0,0.0,0.0,0.0,0.287,0.0,-1.132,0.501,3.803,0.258,2.5129932683812517,D70M
6.41,-6.063,-10.573,0.009,0.047,-1.209,8.171,0.0,0.0,0.0,0.994,0.836,0.0,0.629,0.311,1.432,0.35,1.3435307846314115,D70K
0.881,-1.933,0.599,0.023,0.281,0.011,-0.195,-0.612,0.0,0.0,0.0,0.0,0.006,1.341,0.757,2.226,1.738,5.122897808754033,P69Y
2.915,-1.232,-6.415,-0.007,-0.791,-0.424,4.579,0.0,0.0,0.0,0.0,0.287,0.0,-1.912,0.57,3.471,0.414,1.4544191160141509,D70A
6.205,-6.051,-9.602,0.004,0.115,-0.706,6.501,0.0,0.0,0.0,0.994,0.294,0.0,1.816,0.324,-0.578,0.343,-0.3432740885652947,D70E
0.147,-0.289,-6.604,0.011,-0.74,-0.169,4.637,0.0,0.0,0.0,0.0,0.287,-0.022,-1.877,1.041,4.789,0.843,2.0520719873707094,D70V
-20.144,50.0,-0.827,0.094,0.865,0.921,0.204,0.0,0.0,0.0,2.391,-1.749,0.0,9.98,-0.012,0.937,0.187,50.0,A68W
-6.813,19.828,5.828,0.03,0.5,0.676,-4.933,0.0,0.0,0.0,0.0,-0.287,0.0,1.76,-0.251,1.93,-0.236,18.03268844648028,A68C
-3.49,49.750238932698956,8.983,0.018,1.072,3.218,-3.971,0.0,0.0,0.0,1.313,-3.426,0.0,7.825,-0.352,-3.47,-0.131,49.815493910144525,A68D
3.72,-1.237,-6.331,-0.009,-0.791,-0.493,4.503,0.0,0.0,0.0,0.0,0.287,0.052,-1.912,0.644,2.944,0.709,2.0864306293951813,D70G
2.341,-1.231,-4.246,-0.006,-0.724,-0.411,3.75,0.0,0.0,0.0,0.0,0.273,0.0,-1.629,0.231,1.856,0.362,0.5654403096655187,D70S
-10.835,49.9999999987895,-2.019,0.108,0.715,1.504,0.54,0.0,0.0,0.0,1.429,-1.959,0.0,10.887,-0.349,-0.742,-0.825,49.99999999871222,A68Y
2.137,-1.232,-4.975,-0.002,-0.483,-0.678,4.725,0.0,0.0,0.0,0.0,0.287,0.0,-0.272,0.015,0.806,0.069,0.3961309488809093,D70N
-0.339,-2.052,-13.206,0.028,0.366,-0.423,8.951,0.0,0.0,0.0,1.335,0.836,0.0,3.651,0.315,3.364,0.326,3.1515206907872653,D70F
-0.688,49.753,-5.675,-0.005,-0.728,-0.443,4.422,0.848,0.0,0.0,0.0,0.287,0.297,-1.885,0.723,0.503,12.304,41.59410359973613,D70P
1.569,-1.232,-5.807,0.013,-0.514,-0.56,4.602,0.0,0.0,0.0,0.0,0.287,0.0,-0.055,0.301,2.728,0.351,1.682466027406008,D70Y
1.654,-1.397,-4.664,-0.002,-0.718,-0.577,4.003,0.0,0.0,0.0,0.284,0.018,0.0,-1.559,0.194,3.298,0.391,0.9258124227430926,D70T
1.932,-1.232,-5.394,-0.004,-0.348,-0.605,4.544,0.0,0.0,0.0,0.0,0.287,0.0,-0.54,0.196,1.845,0.279,0.9592672025698904,D70H
1.639,-1.228,-4.889,0.0,-0.506,-0.197,3.992,0.0,0.0,0.0,0.0,0.203,0.0,0.579,0.172,0.695,0.223,0.6821858068205984,D70Q
-7.133,42.904293643103955,2.862,0.001,0.118,0.012,2.543,48.99730375667379,0.518,0.0,1.133,-0.666,-0.11,2.014,3.195,-2.968,21.099,49.9687057277567,A68P
-14.233,49.99999997770603,10.639,0.08,0.735,-0.446,1.884,0.0,0.0,0.0,0.342,0.0,0.0,6.592,-0.228,-1.419,-0.487,49.99999998058478,A68R
0.177,1.065,-5.521,0.042,-0.565,0.006,4.561,0.0,0.0,0.0,-0.112,0.287,-0.022,0.585,1.006,4.45,0.81,6.76660439020884,D70I
0.218,-0.913,-5.937,0.011,-0.286,-0.561,4.529,0.0,0.0,0.0,0.0,0.287,0.0,0.643,0.307,4.407,0.343,3.047317297837708,D70W
-6.232,49.99924394571181,9.616,0.003,0.531,2.883,-2.688,0.0,0.0,0.0,2.88,-3.045,0.0,9.761,0.243,-4.049,0.096,49.99949313206345,A68E
-11.043,49.9999999519003,12.946,0.062,0.724,-0.179,4.361,0.0,0.0,0.0,1.465,-0.635,0.0,4.769,0.201,-2.039,-0.006,49.99999996855375,A68K
-9.032,49.99921698416932,0.632,0.018,0.378,-0.127,1.359,0.0,0.0,0.0,0.342,0.0,0.0,5.0,0.136,0.333,-0.152,49.9991812522615,A68M
-9.11,49.999985713420486,6.012,0.005,0.43,2.611,0.442,0.0,0.0,0.0,4.003,-3.615,0.0,9.313,0.012,-2.775,-0.159,49.9999892753301,A68Q
2.779,-1.015,0.993,-0.003,0.0,-0.16,-0.032,0.0,0.0,0.0,0.0,0.0,-0.001,0.0,0.995,-0.526,10.079,13.106329329388243,A68G
-7.426,49.99998292593624,-4.283,0.188,0.216,2.218,-1.014,0.0,0.0,0.0,2.88,-2.979,0.064,6.925,0.571,0.979,0.529,49.99998213375667,A68I
-5.192,49.97773929908093,5.196,0.022,0.802,1.573,-1.672,0.0,0.0,0.0,1.313,-3.426,0.0,9.379,-0.622,-2.665,-0.645,49.98107728961695,A68N
-4.486,41.344,3.16,0.227,0.124,-0.045,-1.672,0.0,0.0,0.0,0.0,0.0,0.0,3.495,0.181,-0.173,-0.138,42.01667411078529,A68T
-3.695,1.184,10.417,0.005,0.483,0.318,-5.847,0.0,0.0,0.0,-0.366,-0.287,0.0,0.385,0.131,-1.614,0.099,1.2127428764024444,A68S
-10.518,49.99919767583603,5.446,0.025,1.528,1.581,-2.591,0.0,0.0,0.0,0.899,-2.979,0.0,10.664,-0.737,-1.625,-0.608,49.99923168062307,A68H
-6.681,49.800174355396685,-1.398,0.068,0.083,-0.122,-0.8,0.0,0.0,0.0,0.0,0.0,0.064,3.552,0.526,1.318,0.28,49.77376448226941,A68V
12.195,-7.585,0.057,-0.01,0.759,1.474,-2.148,0.0,0.0,0.0,1.892,-2.431,0.0,5.561,1.047,-3.807,0.752,7.756502649104959,L71D
-0.743,1.729,1.103,0.024,0.213,0.779,2.323,0.0,0.0,0.0,0.085,0.0,0.0,4.857,-0.27,-1.079,-0.181,8.840919594250408,L71Y
5.852,-1.985,3.9,-0.009,0.404,1.386,-3.623,0.0,0.0,0.0,-0.256,-0.287,0.0,-0.199,0.281,-0.336,0.507,5.632840890757507,L71A
11.149,49.1763588423654,-6.145,-0.01,0.605,2.194,1.822,47.95790179157003,0.894,0.0,1.636,-2.431,0.442,4.22,5.397,-3.304,15.372,49.99515537214329,L71P
11.993,-2.789,-3.259,-0.019,-0.153,2.61,-0.41,0.0,0.0,0.0,0.643,-1.959,0.499,2.062,0.944,-0.863,1.668,10.966878398617157,L71G
6.725,-6.754,0.708,-0.004,0.92,0.292,-1.567,0.0,0.0,0.0,0.737,0.262,0.0,1.188,0.166,1.594,0.326,4.591757928924608,L71C
0.873,1.116,4.662,-0.005,0.601,-0.295,0.82,0.0,0.0,0.0,0.085,0.0,0.0,3.721,0.019,-1.962,-0.002,9.633048692726334,L71H
0.316,2.039,-1.835,0.018,0.21,0.855,1.95,0.0,0.0,0.0,0.085,0.0,0.0,4.541,-0.209,-0.443,-0.186,7.341107037230131,L71F
-2.326,1.232,4.65,0.004,0.45,0.739,-3.839,0.0,0.0,0.0,0.0,-0.287,0.0,-0.432,0.0,0.0,0.0,0.1912075262919188,L71L
-0.332,4.966,0.565,0.018,0.041,0.28,-0.547,0.0,0.0,0.0,-0.256,0.0,0.396,3.116,-0.181,0.643,0.069,8.77684263193646,L71I
0.934,-1.076,9.689,-0.01,0.224,0.536,-2.269,0.0,0.0,0.0,0.0,0.0,0.0,2.661,0.156,-4.386,0.161,6.619671470497906,L71E
3.935,10.21,4.528,-0.007,0.375,1.548,0.42,0.0,0.0,0.0,0.643,-1.959,0.0,4.813,0.125,-2.376,-0.005,22.24925425194874,L71K
-2.942,2.358,11.579,-0.004,0.609,1.501,-3.703,0.0,0.0,0.0,0.0,-0.287,0.0,1.536,0.147,-3.112,0.002,7.684420726758162,L71Q
4.37,2.683,-4.167,-0.012,0.186,2.094,-0.128,0.0,0.0,0.0,0.643,-1.959,0.0,4.368,0.061,-0.004,0.175,8.310159109889355,L71M
7.615,-7.124,0.554,-0.004,0.703,-0.72,2.345,0.0,0.0,0.0,0.737,0.549,0.0,4.316,0.678,-3.001,0.513,7.158778191605961,L71N
5.241,3.643,-3.382,0.001,0.044,2.678,-2.638,0.0,0.0,0.0,0.643,-2.98,0.396,4.649,-0.38,0.982,-0.03,8.863928189479111,L71V
-1.238,1.448,9.307,-0.001,0.428,0.674,2.846,0.0,0.0,0.0,0.085,0.0,0.0,4.295,-0.045,-1.756,-0.026,16.018749494835674,L71R
0.647,2.072,-4.724,0.01,0.961,-0.017,6.026,0.0,0.0,0.0,1.176,0.549,0.0,5.603,-0.118,0.6,0.241,13.025846054843214,L71W
-3.543,32.682,-0.078,0.002,0.077,0.301,0.026,0.0,0.0,0.0,0.0,0.0,-0.027,0.772,0.39,-0.981,0.435,30.053125086248883,V73L
6.738,-5.763,2.466,-0.001,0.997,0.103,-1.516,0.0,0.0,0.0,0.737,0.262,0.0,1.632,-0.13,-0.509,0.072,5.085662536583641,L71T
-1.508,1.672,-3.327,0.023,-0.083,-0.896,4.143,0.0,0.0,0.0,0.0,0.199,0.0,-0.475,0.145,3.943,0.019,3.8544308623349934,E72F
9.664,-6.845,2.721,-0.005,0.928,0.113,-1.326,0.0,0.0,0.0,0.994,0.262,0.0,1.267,0.151,-1.951,0.174,6.144698109169895,L71S
0.0,0.0,0.0,0.0,0.0,0.0,0.0,0.0,0.0,0.0,0.0,0.0,0.0,0.0,0.0,0.0,0.0,0.0,E72E
1.467,-0.603,2.155,-0.014,-0.036,0.04,-0.235,0.0,0.0,0.0,0.0,0.0,-0.027,0.573,0.705,0.612,0.869,5.505504871473022,V73C
-1.931,1.117,1.158,0.011,0.072,0.071,-0.034,0.0,0.0,0.0,0.0,0.0,0.0,2.649,-0.052,-0.339,-0.056,2.6642729092709487,V73I
6.039,-0.925,2.215,-0.016,-0.05,0.422,0.212,0.0,0.0,0.0,0.0,0.0,-0.01,-0.002,2.274,-1.844,4.271,12.584923948058758,V73G
-1.924,11.859,10.854,-0.003,0.801,-0.407,0.765,0.0,0.0,0.0,1.369,-0.905,-0.027,6.659,1.011,-5.367,0.661,25.345759914217524,V73E
2.311,0.273,-2.967,0.001,0.123,-0.645,3.518,0.0,0.0,0.0,0.0,0.199,0.0,-1.446,0.035,0.579,0.095,2.076818757778028,E72D
1.717,-0.123,-3.846,-0.004,-0.269,-0.518,3.621,0.0,0.0,0.0,0.0,1.053,0.0,-3.054,0.081,4.05,-0.133,2.576069199423955,E72A
8.351,-2.802,0.229,-0.024,-0.325,0.825,0.335,0.0,0.0,0.0,0.611,1.965,0.021,-3.214,2.122,-1.505,4.939,11.527608034454715,I75G
-4.686,44.843,3.065,-0.005,0.065,0.569,1.533,0.0,0.0,0.0,0.401,-0.404,-0.027,2.729,0.832,-0.985,1.098,49.02498846156959,V73M
4.82,-0.825,1.511,-0.014,-0.05,0.297,0.092,0.0,0.0,0.0,0.0,0.0,-0.027,-0.002,1.264,-1.318,1.232,6.980261357937252,V73A
1.226,0.227,8.549,-0.012,0.501,0.072,-0.418,0.0,0.0,0.0,0.0,0.0,-0.027,3.664,0.716,-4.788,0.453,10.159455783129944,V73D
-7.917,49.9041785282494,8.47,0.01,0.471,0.358,0.634,0.0,0.0,0.0,1.369,0.0,-0.027,5.719,0.563,-2.06,0.538,49.9307552145446,V73Y
6.96,-2.691,-0.081,-0.022,-0.325,0.693,0.323,0.0,0.0,0.0,0.611,1.965,-0.03,-3.214,1.066,-0.979,1.264,5.540354113793455,I75A
-2.698,49.416413604044536,7.597,-0.012,0.191,0.226,-1.71,0.0,0.0,0.0,0.611,1.965,-0.03,0.904,0.287,-2.604,0.736,49.53044164979195,I75H
2.863,-0.165,-3.156,-0.005,-0.269,-0.627,3.599,0.0,0.0,0.0,0.0,1.053,-0.023,-3.054,0.968,3.523,0.826,5.534220285547008,E72G
2.481,0.286,-3.046,0.0,-0.1,-0.756,3.493,0.0,0.0,0.0,0.0,0.199,0.0,-2.844,0.142,2.435,0.148,2.4371559723392693,E72S
-5.986,49.90931624664344,3.39,0.011,0.44,0.486,1.346,0.0,0.0,0.0,1.369,0.0,-0.027,6.105,0.457,-1.424,0.373,49.9301654395673,V73F
1.047,0.305,-3.386,0.017,0.067,-0.548,3.364,0.0,0.0,0.0,0.0,0.199,0.0,-0.666,0.098,3.307,0.02,3.8226633221652255,E72Y
4.347,0.35,5.946,-0.009,0.286,0.826,-3.093,0.0,0.0,0.0,0.611,1.021,-0.03,0.008,0.83,-5.028,0.662,6.725342448281253,I75E
1.528,0.394,-3.133,0.007,0.047,-0.838,4.018,0.0,0.0,0.0,0.0,0.199,0.0,-1.446,0.002,2.63,0.025,3.433718970621612,E72R
1.573,0.31,-4.002,-0.001,-0.124,-0.687,3.783,0.0,0.0,0.0,0.0,0.199,0.0,-2.735,0.156,5.98,0.001,4.451349449699137,E72C
-5.916,17.894,9.096,-0.012,0.449,0.168,-1.035,0.0,0.0,0.0,0.0,0.0,-0.027,3.218,0.484,-2.943,0.66,22.034802766545,V73H
4.108,-0.825,4.043,-0.013,0.019,0.075,-0.442,0.0,0.0,0.0,0.0,0.0,-0.027,0.326,1.106,-2.932,0.698,6.136275040106057,V73S
4.995,-2.628,0.421,-0.012,0.035,0.036,-0.01,0.0,0.0,0.0,0.611,1.965,-0.03,-2.745,0.55,0.951,0.846,4.985566838161958,I75C
0.206,-0.267,-0.404,0.015,0.118,-0.538,0.466,0.0,0.0,0.0,0.611,1.965,0.0,-2.234,0.0,0.0,0.0,-0.060562178281998,I75I
-5.202,49.77507799186702,4.272,-0.003,-0.064,0.885,0.23,0.0,0.0,0.0,0.611,1.965,-0.03,-0.307,0.398,-1.721,0.615,49.78941826455146,I75Y
0.084,0.002,6.559,-0.011,0.271,-0.725,-0.01,0.0,0.0,0.0,0.0,0.0,-0.027,2.573,0.718,-3.983,0.455,5.905184630978056,V73N
0.765,-0.008,-0.532,-0.011,-0.199,-0.051,-0.121,0.0,0.0,0.0,0.0,0.0,0.034,-1.425,0.728,0.893,0.876,0.9473080748718984,R77G
0.46,-0.266,-0.33,0.005,-0.056,-0.639,0.194,0.0,0.0,0.0,0.611,1.965,0.0,-3.258,0.386,-0.195,0.302,-0.8220892884248769,R77S
3.551,12.936,-0.122,0.02,-0.014,0.412,0.491,0.0,0.0,0.0,0.611,1.965,-0.03,-1.567,0.33,-0.642,0.402,18.3416077237398,I75L
3.62,0.686,2.266,-0.01,0.082,0.404,-0.485,39.47,0.0,0.0,0.0,0.0,-0.083,0.35,5.955,-4.286,4.547,39.09599449141219,V73P
-0.887,41.968,7.179,0.033,0.995,1.291,0.779,0.0,0.0,0.0,0.0,0.0,-0.027,3.993,1.001,-3.357,0.567,39.48570904160923,V73K
0.0,0.0,0.0,0.0,0.0,0.0,0.0,0.0,0.0,0.0,0.0,0.0,0.0,0.0,0.0,0.0,0.0,0.0,V73V
1.759,-0.4,-4.689,0.002,-0.013,-0.996,4.201,0.0,0.0,0.0,0.0,2.009,0.0,-1.73,0.031,2.01,0.049,2.232309560827616,E72K
5.384,-1.67,7.142,-0.023,0.463,1.499,-2.811,0.0,0.0,0.0,0.0,-0.618,-0.03,0.617,0.187,-4.449,0.118,5.809824134992368,I75D
4.792,-2.297,3.536,-0.031,-0.062,0.249,-0.322,0.0,0.0,0.0,0.0,0.0,-0.03,1.313,0.329,-3.644,0.214,4.045229428240191,I75N
-7.204,49.38947362925893,4.628,0.005,0.099,0.69,-0.136,46.51314825462688,0.0,1.307,0.0,-0.024,0.012,1.046,3.402,-2.968,2.011,49.98021490804548,A74P
1.716,-0.645,-4.009,0.013,-0.087,-0.492,3.892,0.0,0.0,0.0,0.0,0.211,0.0,-2.473,-0.055,4.386,0.014,2.472556459905263,E72L
-10.442,49.96887615710291,20.371,0.005,0.995,2.407,0.224,0.0,0.0,0.0,1.369,0.0,-0.027,7.813,0.831,-2.737,0.593,49.986775864840105,V73R
1.688,-0.718,-4.389,0.003,-0.023,-1.206,3.827,0.0,0.0,0.0,0.0,2.009,0.0,-0.718,0.147,1.274,0.124,2.0174797724121163,E72Q
-0.454,-0.267,-0.373,0.025,0.158,-0.594,0.31,0.0,0.0,0.0,0.611,1.965,0.0,-1.319,0.165,0.677,0.155,1.0579867713322528,R77Y
5.809,-0.783,0.68,-0.019,-0.203,0.853,0.135,42.317,0.0,0.0,0.611,1.965,0.057,-3.215,4.879,-3.947,5.65,39.94867985959826,I75P
4.136,7.054,2.665,-0.003,0.539,0.301,1.402,0.0,0.0,0.0,0.611,1.965,-0.03,-1.287,0.682,-2.398,0.67,16.30693207858326,I75R
-3.63,15.328,-2.43,0.041,0.191,-1.299,3.118,0.0,0.0,0.0,0.0,2.009,-0.031,1.774,-1.213,0.979,-0.94,13.897215704711243,A74I
-0.392,15.432,-3.412,0.0,-0.071,-0.433,3.313,3.665,0.0,0.0,0.0,0.199,-0.008,-2.922,-0.628,1.082,0.133,15.955613729958031,E72P
0.483,-0.622,-2.99,0.001,0.161,-0.95,4.316,0.0,0.0,0.0,0.0,2.009,0.0,-2.086,-0.028,2.424,0.104,2.8212509435738866,E72H
0.0,0.0,0.0,0.0,0.0,0.0,0.0,0.0,0.0,0.0,0.0,0.0,0.0,0.0,0.0,0.0,0.0,0.0,A74A
2.536,41.284,6.088,0.009,0.834,0.099,1.144,0.0,0.0,0.0,0.611,1.965,-0.03,1.103,0.9,-3.018,0.634,39.71897307534309,I75K
-13.614,49.99999999898094,5.728,0.008,0.633,0.568,2.404,0.0,0.0,0.0,1.369,0.0,-0.027,5.734,0.658,-0.381,1.104,49.99999999913795,V73W
-1.404,5.213,8.275,-0.02,0.456,0.066,1.512,0.0,0.0,0.0,0.0,0.0,-0.03,1.813,0.759,-3.754,0.582,13.468050232647329,I75Q
-4.569,34.553,9.29,0.003,0.673,0.307,-1.477,0.0,0.0,0.0,-0.939,0.0,-0.027,5.971,0.923,-4.093,0.571,41.18480613027418,V73Q
0.263,0.323,-3.353,0.002,-0.098,-0.953,3.836,0.0,0.0,0.0,0.0,0.199,0.0,-1.364,0.289,4.382,0.035,3.5594902894738425,E72M
0.75,0.528,-4.662,0.022,-0.088,-0.763,3.687,0.0,0.0,0.0,0.0,0.199,0.0,-2.694,0.014,5.029,0.1,2.1192101814067428,E72I
6.008,-2.425,3.447,-0.035,-0.37,1.19,-1.287,0.0,0.0,0.0,0.0,-1.554,-0.03,-0.733,0.956,-2.593,0.696,3.270209320075537,I75S
0.065,-0.124,-2.279,0.013,-0.032,-0.419,3.09,0.0,0.0,0.0,0.0,1.053,0.0,-1.616,0.009,4.986,-0.005,4.741491595907064,E72W
2.086,0.267,-3.238,0.003,0.086,-0.735,3.795,0.0,0.0,0.0,0.0,0.199,0.0,-1.381,0.21,1.385,0.315,2.990157539707525,E72N
1.183,0.457,-4.619,0.013,-0.111,-0.743,3.756,0.0,0.0,0.0,0.0,0.199,0.0,-2.999,-0.034,5.368,0.05,2.5179548394276026,E72V
-3.648,49.3537143210523,0.583,-0.002,-0.069,0.555,-1.219,0.0,0.0,0.0,0.611,1.965,-0.03,-0.349,0.281,-1.085,0.385,49.29964498455121,I75F
-2.069,2.926,6.324,0.015,0.631,-0.518,-0.09,0.0,0.0,0.0,0.0,0.962,0.0,5.671,-0.245,-4.049,-0.371,9.185231607258627,A74E
1.703,-0.338,3.027,-0.007,0.013,0.083,-0.165,0.0,0.0,0.0,0.0,0.0,-0.027,0.014,0.721,-1.491,0.532,4.063897834888167,V73T
-3.224,1.636,1.707,0.015,0.324,0.057,-0.311,0.0,0.0,0.0,0.0,0.202,0.0,2.371,-0.367,1.93,-0.308,4.030579913768406,A74C
-10.071,43.009,1.557,0.021,0.072,-0.214,0.343,0.0,0.0,0.0,0.0,0.657,0.0,2.664,-0.638,-0.106,-0.646,36.64548503005176,A74F
4.438,-0.646,1.143,-0.011,-0.145,0.413,0.259,0.0,0.0,0.0,0.611,1.965,-0.03,-2.328,0.657,-0.646,1.41,7.090136928090715,I75M
3.6,-1.803,-0.726,0.002,0.073,-0.311,0.612,0.0,0.0,0.0,0.611,1.965,0.0,-3.404,0.068,0.339,0.092,1.1181245707341532,I75V
0.194,-0.267,-0.378,0.01,0.107,-0.552,0.52,0.0,0.0,0.0,0.611,1.965,0.0,-1.466,-0.01,-1.356,0.095,-0.5270191852393964,R77Q
-1.622,0.824,2.158,0.012,0.35,-2.017,2.867,0.0,0.0,0.0,0.0,1.16,0.0,4.375,-0.03,-2.665,-0.284,5.127852582706282,A74N
-0.18,-0.256,-0.529,0.034,-0.004,-0.592,0.528,0.0,0.0,0.0,0.611,1.965,-0.015,-3.437,-0.224,2.399,0.186,0.4847041543985142,R77I
4.563,-1.659,3.351,-0.02,-0.013,0.705,-1.886,0.0,0.0,0.0,0.0,-0.936,-0.03,-0.282,0.781,-1.152,0.645,4.067619201915932,I75T
0.041,-0.267,0.436,0.007,0.228,-0.524,-0.434,0.0,0.0,0.0,0.611,1.965,0.0,-2.217,0.231,-2.051,0.092,-1.8827342085896817,R77D
-2.519,3.323,2.44,0.018,0.43,-1.249,1.669,0.0,0.0,0.0,0.0,2.009,0.0,3.327,-0.26,-2.039,-0.516,6.632761626733554,A74K
-3.408,2.466,4.755,0.017,0.623,-0.563,0.364,0.0,0.0,0.0,0.0,0.483,0.0,5.507,-0.241,-2.775,-0.537,6.689909839695474,A74Q
-7.4,49.47461163543542,3.972,0.024,0.223,0.572,-0.466,0.0,0.0,0.0,0.348,0.202,0.0,4.791,-0.838,0.337,-0.598,49.49841700970314,A74L
1.697,0.452,-3.853,0.005,-0.102,-0.868,3.739,0.0,0.0,0.0,0.0,0.199,0.0,-3.04,0.115,3.877,0.247,2.465954307657966,E72T
-0.171,-0.261,-0.763,0.025,-0.025,-0.556,0.483,0.0,0.0,0.0,0.611,1.965,-0.015,-3.624,-0.148,2.738,0.12,0.3778196872142416,R77V
-5.013,49.988107279019076,2.688,-0.007,0.419,1.704,-1.047,0.0,0.0,0.0,0.0,0.0,-0.03,1.346,0.42,-0.042,0.999,49.98877194678882,I75W
-1.032,1.466,5.847,0.008,0.303,-1.102,-1.149,0.0,0.0,0.0,0.0,0.483,0.0,4.361,0.115,-3.47,-0.18,5.650425462709109,A74D
0.189,-0.265,-0.39,0.016,-0.013,-0.682,0.174,0.0,0.0,0.0,0.611,1.965,0.0,-3.553,0.113,1.247,0.292,-0.2990663712243986,R77T
-4.274,12.198,-0.089,0.031,0.356,-0.091,-0.401,0.0,0.0,0.0,0.0,0.202,-0.031,1.99,-1.16,1.318,-0.819,9.227232964961786,A74V
-0.994,-0.764,-2.459,-0.013,-0.715,0.098,0.849,0.0,0.0,0.0,1.154,-1.966,0.0,-1.228,0.057,3.877,-0.26,-2.364777909866234,E76T
-1.571,0.116,2.606,0.003,0.304,-0.423,-0.47,0.0,0.0,0.0,0.0,0.0,0.0,1.971,-0.43,-2.665,-0.24,-0.7989363292194867,A78N
-0.922,0.02,0.262,0.001,-0.107,-0.058,-0.195,0.0,0.0,0.0,0.0,0.0,0.0,-0.285,0.129,1.752,0.283,0.8777529606541066,R77M
-0.887,0.352,3.896,0.003,0.064,-0.022,-0.29,0.0,0.0,0.0,0.0,0.0,0.0,0.77,-0.002,-1.614,-0.284,1.9860031122066173,A74S
0.331,0.002,-0.631,-0.009,-0.199,0.009,-0.004,0.0,0.0,0.0,0.0,0.0,0.0,-1.425,0.023,1.42,0.118,-0.3664934517996698,R77A
-4.449,5.517,1.839,0.013,0.155,0.302,0.452,0.0,0.0,0.0,0.0,0.483,0.0,4.696,-0.368,0.333,-0.398,8.573348611852225,A74M
2.225,-0.959,1.304,-0.002,-0.008,-0.092,-0.008,0.0,0.0,0.0,0.0,0.001,-0.049,-0.179,0.783,-0.526,1.712,4.199669882096487,A74G
-3.222,5.253,3.555,0.02,0.424,0.208,-1.171,0.0,0.0,0.0,0.0,0.202,0.0,3.823,-0.652,-0.173,-0.427,7.837962830576771,A74T
0.195,-0.267,-0.35,0.01,0.187,-0.549,0.399,0.0,0.0,0.0,0.611,1.965,0.0,-1.087,-0.17,-2.629,-0.079,-1.7642957283526357,R77E
-0.278,-0.233,-0.549,0.018,-0.002,-0.603,0.42,0.0,0.0,0.0,0.611,1.965,0.0,-3.382,-0.184,1.757,0.074,-0.3886522938737471,R77L
-1.868,0.413,-4.595,0.01,-0.617,-0.386,2.15,0.0,0.0,0.0,1.765,0.0,-0.052,-3.453,0.545,5.368,0.236,-0.4878361825724369,E76V
-2.771,-0.038,-3.56,0.0,-0.724,0.109,1.858,0.0,0.0,0.0,1.154,-1.966,-0.052,-1.132,0.489,5.029,0.272,-1.335984841675554,E76I
-3.825,3.243,1.494,0.072,0.199,-0.129,0.08,0.0,0.0,0.0,0.0,0.0,-0.026,1.747,1.495,0.979,1.267,6.595138666850744,A78I
-2.562,0.257,1.83,0.021,0.262,0.111,-0.38,0.0,0.0,0.0,0.0,0.0,0.0,2.168,0.171,-0.106,0.096,1.8665369806533365,A78F
-2.835,0.51,0.925,0.011,0.081,-0.361,-0.286,0.0,0.0,0.0,0.0,0.0,0.0,0.54,0.108,2.356,0.143,1.1901148951424148,R77W
0.233,-0.266,-0.583,0.006,-0.068,-0.526,0.286,0.0,0.0,0.0,0.611,1.965,0.0,-3.536,0.386,3.35,0.542,2.3979306743547117,R77C
0.62,-1.081,0.879,-0.007,-0.308,0.088,-1.428,0.0,0.0,0.0,0.321,0.0,0.0,-0.996,0.129,0.579,0.187,-1.0179384417631354,E76D
-0.436,0.0,-0.075,0.01,0.024,0.028,-0.313,0.0,0.0,0.0,0.0,0.0,0.0,0.95,0.109,1.313,0.158,1.7657082352436646,R77F
0.206,-0.266,-0.403,0.014,0.119,-0.539,0.467,0.0,0.0,0.0,0.611,1.965,0.0,-2.234,0.0,0.0,0.0,-0.060562178281998,R77R
-8.284,21.598,6.174,0.003,0.141,-2.132,2.48,0.0,0.0,0.0,1.765,-1.445,0.0,0.836,-0.418,-1.625,-0.393,18.700973909964432,A74H
0.21,-0.267,-0.415,0.011,0.038,-0.538,0.489,0.0,0.0,0.0,0.611,1.965,0.0,-2.733,0.037,-0.619,-0.029,-1.241288434030821,R77K
-2.29,47.10790042248822,-2.336,0.012,-0.689,-0.244,1.271,0.0,0.0,0.0,1.765,0.0,0.0,-1.134,-0.26,3.943,-0.392,47.067532863946404,E76F
-0.306,-0.001,0.488,-0.005,0.064,-0.099,-0.513,0.0,0.0,0.0,0.0,0.0,0.0,-0.327,0.504,-1.245,0.458,-0.9831527022336104,R77N
1.384,-0.486,0.309,-0.003,0.0,0.075,-0.16,0.0,0.0,0.0,0.0,0.0,-0.02,0.0,0.473,-0.526,1.059,2.10406842298994,A78G
-4.122,0.453,5.896,0.021,0.883,-0.902,0.319,0.0,0.0,0.0,0.0,0.0,0.0,3.19,0.239,-1.419,0.303,4.8599566494172,A78R
-0.35,0.0,0.237,-0.007,0.198,-0.087,-0.435,0.0,0.0,0.0,0.0,0.0,0.0,0.549,0.102,-0.206,0.12,0.118267174950688,R77H
0.0,0.0,0.0,0.0,0.0,0.0,0.0,0.0,0.0,0.0,0.0,0.0,0.0,0.0,0.0,0.0,0.0,0.0,E76E
-1.185,1.54,-0.513,-0.016,-0.691,0.03,2.199,0.0,0.0,0.0,1.154,-1.966,0.0,0.095,0.061,2.01,-0.038,2.679111639552275,E76K
1.936,-1.167,-1.534,-0.008,-0.636,-0.217,1.356,0.0,0.0,0.0,1.765,0.0,0.0,-2.956,-0.556,2.435,-0.584,-0.1676104715475048,E76S
0.0,0.0,0.0,0.0,0.0,0.0,0.0,0.0,0.0,0.0,0.0,0.0,0.0,0.0,0.0,0.0,0.0,0.0,A78A
-2.805,3.879,-0.038,-0.01,-0.581,-0.53,0.987,6.698,0.0,0.0,1.765,-0.399,0.046,-0.971,2.319,-1.548,1.384,10.193761814786512,R77P
-1.292,0.126,1.225,0.001,0.016,0.078,-0.107,0.0,0.0,0.0,0.0,0.0,0.0,0.153,0.592,1.93,0.643,3.3642561338269843,A78C
2.318,-1.162,-3.504,-0.009,-0.681,-0.187,2.012,0.0,0.0,0.0,1.765,0.0,0.0,-3.47,-0.596,4.05,-0.467,0.06812779397751,E76A
-1.789,-0.807,-2.799,-0.021,-0.748,0.152,1.685,0.0,0.0,0.0,1.154,-1.966,0.0,-0.944,-0.143,5.98,-0.37,-0.6188718267817421,E76C
-1.385,0.712,-2.517,-0.008,-0.755,0.326,1.719,0.0,0.0,0.0,1.154,-1.966,0.0,-0.367,0.51,4.386,0.725,2.5335437487849504,E76L
-2.52,0.893,3.283,0.011,0.31,0.225,1.346,0.0,0.0,0.0,0.0,0.0,0.0,1.404,0.358,-2.039,0.336,3.605227929605917,A78K
-2.373,0.601,5.112,0.005,0.389,-0.927,-2.155,0.0,0.0,0.0,0.0,0.0,0.0,2.536,0.351,-4.049,0.33,-0.181286107311962,A78E
3.401,-1.201,-3.313,-0.01,-0.681,-0.148,2.129,0.0,0.0,0.0,1.765,0.0,-0.055,-3.47,-0.21,3.523,0.346,2.075481290768721,E76G
-2.903,2.177,1.448,0.014,0.1,-0.049,0.128,0.0,0.0,0.0,0.0,0.0,0.0,0.122,0.107,0.337,0.08,1.560376314518635,A78L
-1.477,1.423,-0.431,-0.005,-0.445,-0.677,1.504,0.0,0.0,0.0,1.765,0.0,0.0,-0.804,-0.437,2.424,-0.466,2.373311442907834,E76H
-2.619,0.408,1.944,0.02,0.262,0.129,-0.269,0.0,0.0,0.0,0.0,0.0,0.0,2.315,0.371,-0.742,0.274,2.092158045129054,A78Y
-1.185,0.103,-2.169,0.0,-0.636,-0.25,2.192,0.0,0.0,0.0,1.765,0.0,0.0,-1.889,0.0,4.382,0.007,2.3208928868305065,E76M
-3.612,0.418,2.721,0.023,0.327,-0.018,-0.421,0.0,0.0,0.0,0.0,0.0,0.0,2.161,0.101,0.937,0.387,3.0210853509536264,A78W
-2.171,0.159,2.839,0.003,0.429,-0.208,-0.591,0.0,0.0,0.0,0.0,0.0,0.0,1.973,-0.059,-1.625,0.248,0.9966553627195937,A78H
-3.442,13.659,3.831,0.021,0.413,-1.24,1.722,0.0,0.0,0.0,0.0,1.917,0.0,4.049,-0.38,-1.419,-0.471,18.65959732951296,A74R
-1.258,-0.163,3.54,0.003,0.33,-0.298,-1.865,0.0,0.0,0.0,0.0,0.0,0.0,3.016,-0.45,-3.47,-0.236,-0.8517566338757661,A78D
0.174,-1.061,-0.345,-0.006,-0.37,-0.095,0.733,0.0,0.0,0.0,0.478,0.0,0.0,-0.991,0.213,1.385,0.132,0.2463287350606151,E76N
-10.897,42.462,3.276,0.021,0.107,-0.481,0.057,0.0,0.0,0.0,0.0,0.657,0.0,2.522,-0.567,-0.742,-0.616,35.79694043218956,A74Y
-1.887,34.086,-2.856,-0.007,-0.571,-0.178,3.325,49.800174355396685,0.0,1.512,1.765,0.0,0.052,-3.47,6.149,1.082,9.889,49.971679143291794,E76P
-8.055,47.89231941699652,6.65,0.001,-0.093,0.457,2.206,0.464,0.0,0.0,1.765,0.655,0.006,0.376,-0.658,-2.968,10.697,48.65915852184419,A78P
-0.893,-0.15,-1.017,-0.002,-0.526,-0.604,2.138,0.0,0.0,0.0,1.765,0.0,0.0,-0.583,-0.026,1.274,-0.086,1.2876423218781383,E76Q
-9.798,23.843,2.205,0.022,0.4,-1.45,2.811,0.0,0.0,0.0,0.0,0.2,0.0,1.808,-0.402,0.937,-0.151,20.422100294561005,A74W
-1.546,0.257,2.424,0.003,0.12,-0.102,-0.06,0.0,0.0,0.0,0.0,0.0,0.0,0.115,0.77,-0.173,1.503,3.308035571818891,A78T
-2.751,6.58,0.556,0.057,0.06,-0.063,0.032,0.0,0.0,0.0,0.0,0.0,-0.026,1.094,1.364,1.318,1.0,9.22091790008949,A78V
-3.121,0.399,1.936,0.01,0.183,0.143,-0.237,0.0,0.0,0.0,0.0,0.0,0.0,2.068,0.175,0.333,0.603,2.4912691139099934,A78M
-2.552,48.70604146061234,-2.149,0.011,-0.653,-0.245,1.654,0.0,0.0,0.0,1.765,0.0,0.0,-1.236,-0.283,3.307,-0.363,48.66748043475599,E76Y
-2.159,0.562,-0.198,-0.012,-0.594,0.209,2.556,0.0,0.0,0.0,1.154,-1.966,0.0,0.653,-0.197,2.63,-0.281,2.3568569978851883,E76R
-2.826,2.317,3.76,0.007,0.668,0.676,-1.926,0.0,0.0,0.0,0.0,-1.149,0.0,2.356,0.199,-2.775,0.268,1.5726458860108323,A78Q
-6.582,5.177,0.681,0.076,0.267,-0.121,-0.318,0.0,0.0,0.0,0.0,-0.087,-0.016,4.653,-0.449,-0.216,-0.693,2.3717297551954744,G80Y
-0.267,0.052,1.99,0.0,0.032,-0.215,-0.256,0.0,0.0,0.0,0.0,0.0,0.0,0.345,0.401,-1.614,0.607,1.076172875251359,A78S
-2.703,14.877,-0.434,-0.004,-0.699,0.304,0.684,0.0,0.0,0.0,1.154,-1.966,0.0,1.357,-0.316,4.986,0.035,17.273262712997848,E76W
8.609,-1.582,1.137,-0.022,-0.049,0.379,-0.186,0.0,0.0,0.0,0.0,0.0,-0.062,-0.009,0.414,-1.844,0.703,7.485453833214251,V79G
4.773,-0.654,6.615,0.0,0.621,0.026,-1.217,0.0,0.0,0.0,-0.261,1.777,0.025,2.242,0.48,-4.788,0.235,9.872096930017506,V79D
0.234,-0.271,-0.403,0.015,0.119,-0.342,0.133,0.0,0.0,0.0,0.491,1.777,0.0,-2.234,0.0,0.0,0.0,-0.4833660112915368,V79V
-2.627,2.334,0.898,0.007,0.26,-0.267,-0.092,0.0,0.0,0.0,0.0,0.0,-0.016,1.73,-0.124,-2.138,-0.362,-0.3967165118299363,G80N
-1.989,2.61,-0.394,0.004,0.016,-0.057,-0.083,0.0,0.0,0.0,0.0,0.0,-0.016,0.458,-0.302,2.457,-0.29,2.4110987846236185,G80C
-2.72,2.086,0.766,0.009,0.207,-0.361,0.095,0.0,0.0,0.0,0.0,0.0,-0.016,3.176,-0.697,-2.249,-0.731,-0.4359075779132126,G80Q
1.996,-1.076,2.255,-0.005,0.081,-0.339,0.243,0.0,0.0,0.0,0.611,1.966,0.025,-1.783,0.495,0.612,0.779,5.856406480498208,V79C
-3.243,9.112,-0.52,0.006,0.044,-0.098,-0.407,2.342,0.0,0.0,0.0,0.0,0.018,1.068,1.476,-2.441,10.098,17.452562263298205,G80P
3.172,-0.893,6.257,-0.014,0.366,0.095,-1.53,0.0,0.0,0.0,-0.775,-0.189,0.025,5.479,0.737,-3.983,0.526,9.270815499688752,V79N
6.846,-1.836,0.123,-0.006,0.07,0.02,0.222,0.0,0.0,0.0,0.491,1.777,0.025,-2.243,0.446,-1.318,0.129,4.741781746529568,V79A
-6.189,5.696,-0.625,0.073,0.254,-0.252,-0.188,0.0,0.0,0.0,0.0,-0.087,-0.016,4.493,-0.501,0.421,-0.678,2.3989473288027057,G80F
4.148,48.693980506563925,2.15,-0.019,-0.003,0.834,0.392,27.554,0.785,0.0,-0.12,-0.189,0.062,2.083,1.601,-4.286,5.855,49.74236591271299,V79P
-0.869,47.79554777881293,-1.202,-0.001,-0.303,-1.388,3.699,0.0,0.0,0.0,0.611,3.42,0.025,-0.022,0.078,-0.981,-0.022,48.043288868929075,V79L
-2.188,2.174,1.755,0.005,0.306,-0.074,-1.067,0.0,0.0,0.0,0.0,0.0,-0.016,2.036,-0.366,-2.944,-0.724,-1.1030975815776856,G80D
-1.25,2.237,14.629,-0.005,0.103,-0.138,0.429,0.0,0.0,0.0,0.491,1.777,0.025,1.728,0.31,-5.367,-0.044,14.9204999516337,V79E
-5.966,39.0587868888365,-2.574,0.039,0.175,-0.142,0.234,0.0,0.0,0.0,0.0,0.0,0.001,2.975,-0.825,1.506,-0.621,47.21804872992516,G80I
-3.757,2.329,1.896,0.013,0.204,-0.668,0.694,0.0,0.0,0.0,0.0,0.0,-0.016,2.153,-0.667,-0.893,-0.869,0.4172979158147427,G80R
-0.887,1.668,-0.839,0.003,0.004,-0.033,0.166,0.0,0.0,0.0,0.0,0.0,-0.016,0.35,-0.751,0.527,-0.821,-0.6294308396556971,G80A
-4.629,3.305,1.252,0.017,0.36,-0.47,-0.178,0.0,0.0,0.0,0.0,-0.087,-0.016,3.983,-0.494,-1.098,-0.696,1.2474043769470882,G80H
-4.015,49.863,-1.906,0.023,0.065,-0.089,0.207,0.0,0.0,0.0,0.0,0.0,0.001,2.892,-0.74,1.845,-0.705,47.43720969316132,G80V
3.026,-1.592,2.482,-0.002,0.114,-0.158,-1.31,0.0,0.0,0.0,0.491,1.088,0.025,0.352,0.27,-1.491,0.132,3.424213825793231,V79T
-2.742,3.682,2.101,0.019,-0.096,-0.906,1.054,0.0,0.0,0.0,0.491,1.777,0.0,-1.348,-0.116,-0.339,0.074,3.648944617020789,V79I
-2.969,44.42966460070928,8.832,-0.02,-0.079,-1.795,6.228,0.0,0.0,0.0,1.559,3.42,0.025,3.114,-0.097,-2.943,0.025,46.90011991712581,V79H
-6.476,49.999999996399055,2.357,0.012,-0.191,-1.781,6.295,0.0,0.0,0.0,1.439,3.232,0.025,3.014,-0.223,-1.424,-0.156,49.99999999718102,V79F
-2.572,38.474169578203295,11.579,0.011,0.435,-0.812,0.442,0.0,0.0,0.0,0.491,1.777,0.025,1.352,0.34,-3.357,-0.118,41.84743176854676,V79K
-4.465,10.89,12.575,0.009,0.655,0.87,-1.078,0.0,0.0,0.0,0.491,1.777,0.025,3.919,0.245,-2.737,-0.044,23.127662566237177,V79R
-2.807,7.397,11.962,-0.004,0.036,-0.236,-0.405,0.0,0.0,0.0,0.491,1.777,0.025,1.509,0.519,-4.093,0.221,16.387483857777625,V79Q
-6.551,5.845,-1.536,0.015,0.091,-0.223,0.133,0.0,0.0,0.0,0.0,0.0,-0.016,1.848,-0.565,0.86,-0.561,-0.6616430628207581,G80M
-3.806,3.764,-1.035,0.019,0.078,-0.166,0.045,0.0,0.0,0.0,0.0,0.0,-0.016,0.582,-0.848,0.864,-0.762,-1.2831062498844403,G80L
-2.425,1.956,1.057,0.008,0.276,-0.287,-0.526,0.0,0.0,0.0,0.0,0.0,-0.016,3.214,-0.825,-3.522,-0.958,-2.050050916512646,G80E
-10.774,50.0,7.752,0.013,0.149,-1.283,2.383,0.0,0.0,0.0,1.115,2.585,0.025,5.316,-0.144,-0.381,0.012,50.0,V79W
-3.082,2.507,1.034,0.013,0.211,-0.331,1.436,0.0,0.0,0.0,0.0,0.0,-0.016,2.516,-0.589,-1.512,-0.882,1.3037103238764305,G80K
-2.7,47.6974089367572,3.611,0.004,0.139,-0.373,0.033,0.0,0.0,0.0,0.0,0.0,0.025,2.196,0.332,-0.985,0.438,47.929735534154226,V79M
-7.905,50.0,8.245,0.006,-0.155,-1.905,4.205,0.0,0.0,0.0,1.151,2.956,0.025,5.236,-0.165,-2.06,-0.084,50.0,V79Y
0.0,0.0,0.0,0.0,0.0,0.0,0.0,0.0,0.0,0.0,0.0,0.0,0.0,0.0,0.0,0.0,0.0,0.0,G80G
-1.543,0.852,1.123,0.002,0.045,-0.15,-0.182,0.0,0.0,0.0,0.0,0.0,-0.016,1.348,-0.284,-1.087,-0.568,-0.460447521222477,G80S
-2.214,2.246,0.674,0.009,0.034,-0.164,-0.446,0.0,0.0,0.0,0.0,0.0,-0.016,1.785,-0.512,0.354,-0.543,1.2080785680354893,G80T
5.665,-1.577,4.505,-0.02,0.017,0.129,-0.517,0.0,0.0,0.0,-0.12,-0.189,0.025,0.444,0.603,-2.932,0.333,6.362991292844072,V79S
-6.457,3.342,0.655,0.034,0.332,-0.445,-0.249,0.0,0.0,0.0,0.0,0.0,-0.016,3.578,-0.534,1.463,-0.724,0.978211687857538,G80W
1.13,-0.431,-1.504,-0.011,-0.335,0.148,-0.372,0.0,0.0,0.0,0.0,0.0,0.0,-1.817,0.364,3.35,0.569,1.089452859549965,R81C
0.259,1.689,-1.749,-0.011,-0.311,0.162,0.077,11.095,0.0,0.0,0.0,0.0,-0.024,-0.891,2.363,-1.548,10.978,22.08557338568789,R81P
-0.423,-0.346,-1.44,-0.005,-0.337,0.218,-0.137,0.0,0.0,0.0,0.0,0.0,0.0,-0.798,0.132,1.752,0.294,-1.0921138503151724,R81M
4.682,-1.061,-1.03,-0.013,-0.347,0.348,-0.151,0.0,0.0,0.0,0.0,0.0,0.01,-1.947,0.714,0.893,0.883,2.97834296288147,R81G
-1.72,42.243638672986414,1.028,-0.006,0.03,-0.044,0.034,0.0,0.0,0.0,0.0,0.0,0.0,0.678,0.07,-0.206,0.109,42.23543974740266,R81H
-3.206,49.713123280420135,-2.027,0.042,-0.092,0.133,-0.199,0.0,0.0,0.0,0.0,0.0,0.0,1.965,0.061,1.313,0.143,49.69095068274049,R81F
3.324,-0.653,-2.151,-0.012,-0.347,0.222,-0.011,0.0,0.0,0.0,0.0,0.0,0.0,-1.947,0.028,1.42,0.138,0.0099111722254292,R81A
0.0,0.0,0.0,0.0,0.0,0.0,0.0,0.0,0.0,0.0,0.0,0.0,0.0,0.0,0.0,0.0,0.0,0.0,R81R
0.699,-0.517,0.513,-0.007,-0.078,-0.225,-0.306,0.0,0.0,0.0,0.0,0.0,0.0,1.655,-0.162,-2.629,-0.074,-1.1332707413591834,R81E
-3.942,49.7848422307879,-0.656,0.031,-0.081,0.185,-0.064,0.0,0.0,0.0,0.0,0.0,0.0,1.533,0.122,0.677,0.148,49.766514602523884,R81Y
0.965,-0.63,2.46,-0.009,-0.044,0.146,-1.013,0.0,0.0,0.0,0.0,0.0,0.0,-0.136,0.238,-2.051,0.099,0.0226430346333472,R81D
2.844,-0.634,0.271,-0.012,-0.323,-0.126,-0.328,0.0,0.0,0.0,0.0,0.0,0.0,-1.555,0.374,-0.195,0.316,0.631271832522998,R81S
-0.099,33.281,-1.947,0.034,-0.105,0.183,0.013,0.0,0.0,0.0,0.0,0.0,0.0,1.502,-0.188,1.757,0.072,34.50054633637865,R81L
-3.716,13.221,-0.287,0.236,0.265,-0.128,-0.191,0.0,0.0,0.0,0.0,0.0,0.0,3.333,0.062,2.356,0.148,15.29875462742757,R81W
-0.533,32.123,-2.043,0.018,-0.271,0.046,0.121,0.0,0.0,0.0,0.0,0.0,-0.115,-1.418,-0.28,2.399,0.171,30.21714186304848,R81I
-0.082,0.182,0.035,0.0,-0.198,-0.085,0.027,0.0,0.0,0.0,0.0,0.0,0.0,0.231,0.028,-0.619,-0.029,-0.5106949361927491,R81K
0.122,-0.589,0.975,-0.007,-0.091,0.171,-0.16,0.0,0.0,0.0,0.0,0.0,0.0,-0.495,0.517,-1.245,0.464,-0.3401173570030096,R81N
0.351,27.776,-2.685,0.009,-0.291,0.074,0.067,0.0,0.0,0.0,0.0,0.0,-0.115,-1.588,-0.196,2.738,0.106,26.243059312925425,R81V
0.973,6.554,-0.019,-0.005,-0.294,0.338,-0.717,0.0,0.0,0.0,0.0,0.0,0.0,-0.037,0.085,1.247,0.282,8.404767753920396,R81T
0.311,-0.451,-0.355,-0.007,-0.137,-0.3,0.212,0.0,0.0,0.0,0.0,0.0,0.0,1.011,0.007,-1.356,0.099,-0.9679304481417148,R81Q
1.891,0.528,0.488,-0.023,-0.544,-1.393,1.762,0.0,0.0,0.0,0.0,2.009,0.0,-3.193,0.517,0.57,0.211,2.821187234476156,Y82T
0.275,49.998576624403654,-2.404,-0.022,-0.149,-0.948,4.892,8.551,1.042,0.0,0.0,2.009,0.01,-1.741,1.603,-2.225,11.339,49.999415065094524,Y82P
2.173,0.524,2.848,-0.029,0.035,-1.239,-0.165,0.0,0.0,0.0,0.0,0.698,0.0,-0.505,0.714,-2.728,0.303,2.627964282092534,Y82D
7.232,-1.249,-3.681,-0.024,-0.186,-1.159,3.734,0.0,0.0,0.0,0.0,2.009,-0.07,-2.474,0.779,0.216,0.776,5.901606014506115,Y82G
5.731,-1.209,-4.025,-0.022,-0.186,-0.965,3.779,0.0,0.0,0.0,0.0,2.009,0.0,-2.474,0.587,0.743,0.181,4.148104558005343,Y82A
1.569,0.518,1.591,-0.027,0.001,-1.427,1.981,0.0,0.0,0.0,0.0,0.622,0.0,-0.368,1.001,-1.922,0.602,4.141106388359731,Y82N
3.13,0.067,-2.906,-0.022,-0.176,-0.984,2.815,0.0,0.0,0.0,0.0,2.009,0.0,-2.035,0.673,2.673,0.82,6.063654869272796,Y82C
0.787,1.446,2.289,-0.009,0.185,0.247,-0.26,0.0,0.0,0.0,0.0,0.201,0.0,1.546,0.646,-2.033,0.257,5.302035919085029,Y82Q
-0.764,0.435,0.41,0.002,0.003,0.355,-0.356,0.0,0.0,0.0,0.0,0.931,0.0,-0.604,-0.05,0.636,-0.022,0.9777463985255964,Y82F
3.577,0.154,1.854,-0.015,0.035,0.361,-1.416,0.0,0.0,0.0,0.0,0.201,0.0,-0.835,0.842,-0.872,0.378,4.264166186006378,Y82S
0.645,0.543,0.154,-0.02,-0.371,-1.294,3.062,0.0,0.0,0.0,0.0,2.009,0.0,-1.204,0.574,1.076,0.467,5.640227267205091,Y82M
1.613,2.79,-0.237,0.02,-0.151,-0.076,0.294,0.0,0.0,0.0,0.0,0.482,0.012,0.955,0.236,1.722,0.274,7.934140332645711,Y82I
3.232,-0.642,2.526,-0.011,0.709,-0.033,-0.475,0.0,0.0,0.0,0.0,0.931,0.0,1.151,0.489,-3.306,-0.007,4.564257649873525,Y82E
0.407,-0.159,-0.387,0.021,-0.052,0.016,-0.196,0.0,0.0,0.0,0.0,0.931,0.0,-0.202,0.306,1.08,0.084,1.8491163138321556,Y82L
1.934,-0.877,0.997,-0.019,0.334,-0.653,-0.103,0.0,0.0,0.0,0.0,0.49,0.0,0.138,0.186,-0.882,0.177,1.7207055649939775,Y82H
0.581,3.982,-2.15,-0.011,-0.553,-1.27,3.263,0.0,0.0,0.0,0.0,2.009,0.012,-2.855,0.351,2.061,0.166,5.585471138869252,Y82V
3.591,-1.189,-1.206,0.0,0.524,-0.542,2.282,0.0,0.0,0.0,0.0,1.621,0.0,0.51,0.391,-0.677,0.016,5.322756387768777,Y82R
4.507,-1.207,-2.638,-0.009,0.294,-1.045,3.786,0.0,0.0,0.0,0.0,2.009,0.0,-0.202,0.527,-1.296,-0.038,4.687035276372853,Y82K
-1.495,-0.113,2.369,0.002,0.209,0.155,-0.18,0.0,0.0,0.0,0.0,0.931,0.0,0.107,0.093,1.679,0.055,3.8121619146713774,Y82W
-0.168,27.54,1.176,-0.002,0.11,-0.158,0.49,0.0,0.0,0.0,0.0,0.956,0.0,3.079,0.247,-0.004,0.182,33.44534912539439,L83M
0.0,0.0,0.0,0.0,0.0,0.0,0.0,0.0,0.0,0.0,0.0,0.0,0.0,0.0,0.0,0.0,0.0,0.0,Y82Y
-3.144,36.626,11.36,-0.001,0.306,0.091,-1.068,0.0,0.0,0.0,0.0,0.0,0.0,3.743,0.421,-3.47,0.142,45.00427990082335,A84D
-5.868,49.99578080955412,1.74,0.011,0.107,0.103,0.088,0.0,0.0,0.0,0.0,0.0,0.0,3.042,0.446,-0.443,0.102,49.995665736594816,L83F
9.572,-2.025,0.647,-0.014,-0.079,0.626,-0.029,0.0,0.0,0.0,0.0,0.0,0.0,-0.173,0.054,-0.336,-0.136,8.10525131854547,L83A
-9.267,49.92332632461642,8.557,-0.001,0.369,-0.317,-0.782,0.0,0.0,0.0,0.0,0.0,0.0,4.329,0.097,-1.625,0.074,49.92759720967598,A84H
-3.374,0.53,3.133,0.015,0.065,0.291,-1.397,0.0,0.0,0.0,-1.164,0.0,0.024,0.357,-0.515,0.354,-0.572,-2.2547173027910503,G85T
11.696,-2.535,1.885,-0.015,-0.079,0.516,-0.131,0.0,0.0,0.0,0.0,0.0,-0.042,-0.173,0.833,-0.863,0.713,11.80208327028572,L83G
-2.746,0.289,1.313,0.003,0.045,0.212,-0.161,0.0,0.0,0.0,0.0,0.0,0.024,0.921,-0.275,2.457,-0.132,1.947465545760906,G85C
-2.719,22.437,3.169,-0.003,0.016,0.061,-0.764,0.0,0.0,0.0,0.0,0.0,0.0,0.816,0.382,1.93,0.597,25.921438056976285,A84C
-6.96,47.59190835851062,1.149,0.034,0.234,-0.025,-0.709,0.0,0.0,0.0,0.0,0.0,0.0,6.847,-0.096,0.337,0.006,47.66758451777843,A84L
-5.322,1.094,8.498,0.023,1.758,0.553,-5.739,0.0,0.0,0.0,-0.362,0.0,0.024,5.726,-0.237,-2.944,-0.587,2.4823995706094597,G85D
-8.799,49.999999999999936,2.866,0.015,0.327,0.788,1.352,0.0,0.0,0.0,0.0,0.0,0.0,3.745,0.406,0.6,0.014,49.999999999999936,L83W
0.0,0.0,0.0,0.0,0.0,0.0,0.0,0.0,0.0,0.0,0.0,0.0,0.0,0.0,0.0,0.0,0.0,0.0,A84A
-6.855,49.337,8.67,0.026,0.742,0.822,-1.129,0.0,0.0,0.0,0.0,0.0,0.0,5.746,0.173,-2.775,0.1,39.97283338390908,A84Q
-2.522,25.494,9.891,-0.007,0.313,-0.108,0.581,0.0,0.0,0.0,0.0,0.0,0.0,4.469,0.409,-1.962,0.077,36.63251842331465,L83H
-3.033,50.0,4.238,0.018,0.202,1.049,0.083,0.0,0.0,0.0,0.0,0.0,0.0,4.375,0.491,-1.079,0.072,50.0,L83Y
3.461,-0.61,2.578,-0.002,0.0,-0.228,-0.081,0.0,0.0,0.0,0.0,0.0,-0.018,0.0,0.672,-0.526,0.762,6.008282996142725,A84G
-1.491,1.133,6.104,0.0,0.069,-0.196,-1.175,0.0,0.0,0.0,-0.395,0.0,0.0,0.659,0.451,-1.614,0.268,3.8127105666217176,A84S
4.073,33.976,1.657,0.038,0.077,0.125,0.104,0.0,0.0,0.0,0.0,0.956,-0.168,6.525,0.14,0.643,0.148,48.28953532767264,L83I
-4.203,0.682,5.038,0.007,1.143,0.484,-4.069,0.0,0.0,0.0,-0.759,0.0,0.024,2.452,-0.601,-1.098,-0.673,-1.5763643568566297,G85H
-4.733,49.87695695212204,4.589,-0.002,0.039,0.212,-0.287,16.591,1.219,0.0,0.0,0.0,-0.012,0.671,1.963,-2.968,3.219,49.94576962869243,A84P
5.745,-1.738,1.761,-0.013,-0.067,0.394,-0.382,0.0,0.0,0.0,0.0,0.0,0.0,-0.06,0.566,1.594,0.418,8.215141388057646,L83C
-5.255,41.15024972719344,0.371,0.013,0.055,0.215,-0.698,0.0,0.0,0.0,0.0,0.0,-0.089,0.59,-0.109,1.318,0.054,39.941045203522506,A84V
-18.766,49.99999653857377,1.711,0.048,0.337,-0.006,-1.483,0.0,0.0,0.0,0.0,0.0,0.0,10.197,-0.062,0.937,0.029,49.999995409319965,A84W
0.14,-0.001,-1.06,-0.004,-0.262,0.106,-0.302,0.0,0.0,0.0,0.0,0.0,0.0,-2.363,0.656,5.98,0.514,3.4030709312953604,E89C
-11.079,49.99983528790075,0.563,0.067,0.335,-0.15,-1.326,0.0,0.0,0.0,0.0,-0.073,0.0,11.533,-0.077,-0.106,0.015,49.99983330119087,A84F
0.0,0.0,0.0,0.0,0.0,0.0,0.0,0.0,0.0,0.0,0.0,0.0,0.0,0.0,0.0,0.0,0.0,0.0,G85G
-7.955,44.36471766666213,0.662,0.03,0.113,0.028,-0.717,0.0,0.0,0.0,0.0,0.0,-0.089,2.699,-0.238,0.979,0.156,43.36876766998567,A84I
-3.768,0.474,1.737,0.018,0.173,0.307,-0.007,0.0,0.0,0.0,0.0,0.0,0.024,0.531,-0.74,0.864,-0.743,-1.1314033093906346,G85L
-5.657,37.718,11.06,0.003,0.744,0.368,-0.977,0.0,0.0,0.0,0.0,0.0,0.0,4.698,0.016,-4.049,-0.148,43.77562618325965,A84E
-1.719,0.258,-0.501,0.001,0.0,0.303,0.122,0.0,0.0,0.0,0.0,0.0,0.024,0.0,-0.622,0.527,-0.732,-2.3422821532676608,G85A
5.101,46.09064663044044,0.452,-0.008,0.07,-0.263,2.326,12.08,0.711,0.0,0.0,0.199,-0.046,-0.053,2.102,-3.304,10.919,48.80299555983086,L83P
0.202,38.871479024350926,8.218,0.059,0.942,0.028,4.337,0.0,0.0,0.0,0.0,2.009,0.0,8.35,0.254,-2.376,-0.134,45.04099520607726,L83K
5.595,-1.919,8.937,-0.011,0.231,0.36,-0.667,0.0,0.0,0.0,0.0,0.0,0.0,1.143,0.441,-3.807,0.015,10.31509099054233,L83D
-3.276,0.187,3.193,0.006,0.566,0.399,-0.91,0.0,0.0,0.0,-1.057,0.0,0.024,3.331,0.076,-2.138,-0.286,0.1136208995067136,G85N
1.335,0.257,-3.214,-0.017,0.088,-1.226,3.174,0.0,0.0,0.0,0.0,2.009,0.0,-0.916,0.16,-0.206,0.207,1.6519165497595625,R86H
-8.836,42.365245546979146,3.069,0.011,0.275,0.171,-0.627,0.0,0.0,0.0,0.0,0.0,0.0,5.024,0.176,0.333,0.253,42.32274971546825,A84M
0.0,0.0,0.0,0.0,0.0,0.0,0.0,0.0,0.0,0.0,0.0,0.0,0.0,0.0,0.0,0.0,0.0,0.0,L83L
-3.494,0.396,4.746,0.011,0.345,0.696,-4.399,0.0,0.0,0.0,0.0,0.0,0.024,1.77,-0.485,-1.512,-0.862,-2.767936932659495,G85K
-2.992,0.28,2.839,0.008,0.334,0.216,1.206,0.0,0.0,0.0,0.0,0.0,0.024,2.627,-0.612,-3.522,-0.883,-0.4770331322145011,G85E
-9.938,44.75013048946172,14.499,0.008,0.297,-0.309,0.039,0.0,0.0,0.0,0.0,0.0,0.0,3.562,0.165,-2.039,-0.11,45.85111116057746,A84K
7.461,-0.758,-5.402,-0.024,-0.663,-1.123,4.104,0.0,0.0,0.0,0.0,2.009,-0.022,-3.816,0.644,0.893,0.869,4.17078351936334,R86G
-6.668,49.851266365019185,14.265,0.005,0.67,-0.526,0.911,0.0,0.0,0.0,0.0,0.0,0.0,3.358,0.16,-1.756,-0.116,49.90144602699188,L83R
3.819,-1.951,6.811,-0.008,0.191,0.02,-0.599,0.0,0.0,0.0,0.0,0.0,0.0,1.206,0.654,-3.001,0.375,7.513865013818986,L83N
-4.324,0.299,1.337,0.012,0.016,0.251,-0.123,0.0,0.0,0.0,0.0,0.0,0.024,1.451,-0.475,0.86,-0.483,-1.1595556691945603,G85M
-4.922,44.512,8.139,0.0,0.272,0.071,-0.305,0.0,0.0,0.0,-0.302,0.0,0.0,4.747,0.724,-2.665,0.456,38.381108391741826,A84N
1.726,-1.515,11.614,-0.002,0.817,0.528,-0.348,0.0,0.0,0.0,0.0,0.0,0.0,4.007,-0.009,-4.386,-0.223,12.207591314926049,L83E
-4.763,26.583,0.541,0.021,0.032,0.51,-0.345,0.0,0.0,0.0,0.0,0.0,-0.061,0.333,-0.761,1.845,-0.692,23.241770555472385,G85V
3.758,7.315,-0.602,0.001,-0.04,0.63,-0.059,0.0,0.0,0.0,0.0,0.0,-0.168,2.711,0.215,0.982,0.068,14.807939409467735,L83V
-4.911,1.262,3.848,0.025,0.755,0.099,-2.744,0.0,0.0,0.0,0.0,0.0,0.024,2.18,-0.807,0.421,-0.757,-0.6082395636997262,G85F
2.717,-0.77,-3.787,-0.006,-0.107,-1.189,3.232,0.0,0.0,0.0,0.0,2.009,0.0,-1.325,0.105,-0.619,-0.003,0.2546453879062937,R86K
-5.874,26.585,1.263,0.031,0.072,0.359,-0.057,0.0,0.0,0.0,0.0,0.0,-0.061,0.429,-0.895,1.506,-0.589,22.767705825539903,G85I
1.932,-0.382,-2.441,-0.015,-0.021,-1.536,3.586,0.0,0.0,0.0,0.0,2.009,0.0,-0.98,0.049,-1.356,0.191,1.035016508576291,R86Q
-7.677,49.99878294586621,1.022,0.004,0.015,0.552,0.903,9.249,1.223,0.0,0.0,0.0,0.017,0.381,1.196,-2.441,1.585,49.999043663646695,G85P
5.785,-1.409,3.77,-0.009,-0.029,0.626,-0.792,0.0,0.0,0.0,0.0,0.0,0.0,0.949,0.405,-0.509,0.23,9.012487140141276,L83T
-5.487,1.479,5.639,0.019,0.474,0.632,-4.612,0.0,0.0,0.0,-1.347,0.0,0.024,2.808,-0.59,-0.893,-0.838,-2.6953548526150826,G85R
-3.086,31.412,5.282,0.005,0.069,-0.061,-1.582,0.0,0.0,0.0,0.0,0.0,0.0,0.97,0.145,-0.173,0.189,33.16977485088523,A84T
-3.101,0.266,2.556,0.009,0.222,0.226,-0.883,0.0,0.0,0.0,0.0,0.0,0.024,2.825,-0.449,-2.249,-0.634,-1.1903211227679549,G85Q
-13.322,49.999918715127336,2.948,0.039,0.342,-0.37,-1.189,0.0,0.0,0.0,0.0,-0.073,0.0,11.032,-0.022,-0.742,0.014,49.99991422172498,A84Y
-0.294,2.293,8.936,0.018,0.606,0.654,-0.715,0.0,0.0,0.0,0.0,0.0,0.0,4.367,0.099,-3.112,0.019,12.86935519174176,L83Q
-15.175,49.08980231512252,14.495,0.037,0.449,0.459,-0.797,0.0,0.0,0.0,0.0,-0.073,0.0,6.717,0.066,-1.419,-0.094,49.24354784058179,A84R
-2.439,0.5,2.949,0.002,0.024,0.319,-1.424,0.0,0.0,0.0,-0.991,0.0,0.024,0.831,-0.193,-1.087,-0.473,-1.9596707407686156,G85S
-5.621,0.83,4.797,0.026,0.863,0.398,-2.927,0.0,0.0,0.0,0.0,0.0,0.024,2.58,-0.756,-0.216,-0.755,-0.7587902733494047,G85Y
8.802,-2.095,4.325,-0.014,-0.054,0.176,-0.552,0.0,0.0,0.0,0.0,0.0,0.0,0.34,0.555,-1.951,0.138,9.668776276597328,L83S
3.662,-0.932,-2.337,-0.018,0.062,-1.243,3.413,0.0,0.0,0.0,0.0,2.009,0.0,-0.415,0.341,-2.051,0.212,2.7010060884008453,R86D
0.009,49.9938250319193,-4.776,-0.022,-0.628,-0.877,5.249,10.428,1.289,0.0,0.0,2.009,-0.002,-3.392,1.833,-1.548,10.494,49.9972326200927,R86P
3.36,-0.829,-4.187,-0.01,-0.584,-1.342,3.14,0.0,0.0,0.0,0.0,2.009,0.0,-3.427,0.182,1.247,0.328,-0.1147420457566568,R86T
3.204,-0.98,-3.639,-0.017,0.015,-1.454,3.664,0.0,0.0,0.0,0.0,2.009,0.0,-0.171,0.622,-1.245,0.551,2.5583225679206407,R86N
0.92,0.403,-5.517,0.02,-0.564,-1.097,3.719,0.0,0.0,0.0,0.0,2.009,-0.099,-2.576,-0.173,2.399,0.291,-0.2683473631414017,R86I
-7.177,1.076,4.494,0.023,0.928,0.319,-2.815,0.0,0.0,0.0,0.0,0.0,0.024,2.26,-0.764,1.463,-0.731,-0.9025469539249116,G85W
0.004,0.387,-5.7,0.006,-0.302,-1.048,3.395,0.0,0.0,0.0,0.0,2.009,0.0,0.035,0.104,0.677,0.156,-0.2778245379981854,R86Y
-18.205,49.99999975918331,9.494,0.054,0.362,1.016,-3.266,0.0,0.0,0.0,0.173,-0.348,0.103,5.829,-0.293,1.506,-0.58,49.99999971563442,G88I
1.238,-0.003,-2.053,-0.005,-0.275,0.314,0.206,0.0,0.0,0.0,0.0,0.0,0.0,-2.583,0.115,4.05,-0.042,0.962990801171145,E89A
2.604,-0.32,-1.175,-0.007,0.99,-1.307,0.883,0.0,0.0,0.0,0.0,2.009,0.0,0.361,-0.082,-2.629,-0.085,1.2409573030274714,R86E
1.6,0.854,-5.369,0.007,-0.516,-1.374,3.778,0.0,0.0,0.0,0.0,2.009,0.0,0.57,-0.14,1.757,0.129,3.303898459076436,R86L
2.818,-0.056,-5.361,-0.022,-0.651,-1.18,3.496,0.0,0.0,0.0,0.0,2.009,0.0,-3.674,0.358,3.35,0.664,1.7513661810221492,R86C
2.22,-0.004,-1.929,-0.006,-0.275,0.219,0.123,0.0,0.0,0.0,0.0,0.0,-0.003,-2.583,0.858,3.523,0.793,2.93522484476739,E89G
-1.127,0.388,-0.971,0.0,-0.205,0.073,0.423,0.0,0.0,0.0,0.0,0.0,0.0,-1.108,0.209,4.382,0.394,2.457887292915529,E89M
5.545,-1.02,-6.436,-0.02,-0.65,-0.965,4.083,0.0,0.0,0.0,0.0,2.009,0.0,-3.472,-0.131,1.42,0.034,0.3973257103025389,R86A
-8.578,49.99805949924719,13.465,0.042,0.304,-0.738,1.017,0.0,0.0,0.0,0.682,0.0,0.0,11.248,0.081,-4.049,-0.115,49.998862726747106,A87E
-14.338,49.999808654856665,15.363,0.034,0.85,0.176,-3.203,0.0,0.0,0.0,-0.047,-0.404,0.093,6.765,0.127,-1.512,-0.793,49.99983104689677,G88K
4.857,-0.673,-3.164,-0.022,-0.639,-1.357,3.272,0.0,0.0,0.0,0.0,2.009,0.0,-3.383,0.402,-0.195,0.341,1.4473055766843572,R86S
-0.079,0.018,-1.391,0.017,-0.218,0.142,0.192,0.0,0.0,0.0,0.0,0.0,0.002,-2.002,0.531,5.368,0.353,2.9329493313312014,E89V
1.9,0.061,-7.207,-0.003,-0.608,-1.06,3.909,0.0,0.0,0.0,0.0,2.009,-0.099,-3.812,-0.056,2.738,0.185,-2.043931653517575,R86V
0.435,0.075,-3.668,-0.006,-0.459,-1.221,3.744,0.0,0.0,0.0,0.0,2.009,0.0,-1.554,0.114,1.752,0.348,1.5685927660751986,R86M
-1.013,0.124,0.547,-0.003,0.128,-0.186,-0.798,0.0,0.0,0.0,0.0,0.0,0.0,-0.399,0.487,2.424,0.345,1.6555914811426646,E89H
-2.633,0.839,3.058,0.03,0.386,0.28,-3.668,0.0,0.0,0.0,-0.362,0.0,0.0,0.078,0.066,4.386,0.283,2.7434525555215714,E89L
-0.168,0.0,-0.161,0.0,-0.086,0.055,-0.012,0.0,0.0,0.0,0.0,0.0,0.0,-0.301,0.099,1.274,0.247,0.9465625622033258,E89Q
-3.105,49.839187988804404,-1.385,-0.004,-0.238,0.412,0.776,0.469,1.382,0.0,0.0,0.0,0.009,-2.007,1.19,1.082,9.593,49.88399331783807,E89P
0.127,0.664,-6.374,0.007,-0.312,-0.992,3.518,0.0,0.0,0.0,0.0,2.009,0.0,0.139,0.049,1.313,0.18,0.3268221064024601,R86F
0.046,0.001,-0.52,0.001,-0.152,0.124,0.259,0.0,0.0,0.0,0.0,0.0,0.0,-1.721,0.298,2.01,0.074,0.4193644588494862,E89K
0.1,0.677,1.292,-0.002,0.04,0.104,-1.566,0.0,0.0,0.0,0.0,0.0,0.0,-1.197,0.367,0.579,0.228,0.622899966765317,E89D
0.0,0.0,0.0,0.0,0.0,0.0,0.0,0.0,0.0,0.0,0.0,0.0,0.0,0.0,0.0,0.0,0.0,0.0,E89E
-1.282,0.255,-0.266,0.018,-0.084,-0.107,0.351,0.0,0.0,0.0,0.0,0.0,0.0,0.025,0.588,3.943,0.399,3.8404381989362255,E89F
0.0,0.0,0.0,0.0,0.0,0.0,0.0,0.0,0.0,0.0,0.0,0.0,0.0,0.0,0.0,0.0,0.0,0.0,R86R
0.015,-0.001,-0.473,0.004,-0.072,0.125,0.333,0.0,0.0,0.0,0.0,0.0,0.0,-1.197,0.173,2.63,0.145,1.6836174817533447,E89R
-0.439,0.004,-0.855,0.026,-0.196,0.087,0.365,0.0,0.0,0.0,0.0,0.0,0.002,-1.709,0.473,5.029,0.387,3.174101507190244,E89I
0.975,-0.002,-0.407,-0.005,-0.249,0.142,-0.541,0.0,0.0,0.0,0.0,0.0,0.0,-1.639,0.499,2.435,0.202,1.4095555272267577,E89S
0.696,-0.003,-0.38,0.007,-0.206,0.088,-0.579,0.0,0.0,0.0,0.0,0.0,0.0,-1.893,0.592,3.877,0.517,2.7140857465572026,E89T
-1.421,1.146,-2.789,0.001,-0.126,-0.414,2.824,0.0,0.0,0.0,0.0,1.8,0.0,-0.235,0.041,2.356,0.141,3.3240201568323755,R86W
-15.642,49.999932877448686,17.303,0.018,0.451,0.146,-2.887,0.0,0.0,0.0,-0.047,-0.404,0.093,6.61,0.285,-2.249,-0.42,49.99994107806355,G88Q
-0.168,0.514,0.535,0.001,-0.039,-0.097,-0.722,0.0,0.0,0.0,0.0,0.0,0.0,-1.122,0.483,1.385,0.554,1.3251766175740158,E89N
-20.092,50.0,2.22,0.024,0.441,0.436,-0.914,0.0,0.0,0.0,-0.089,0.0,0.093,9.237,-0.535,0.421,-0.865,50.0,G88F
-11.439,49.99915866296853,13.053,0.02,0.312,0.841,-3.786,0.0,0.0,0.0,-0.047,-0.404,0.093,4.142,0.063,0.354,-0.551,49.9992433399649,G88T
-7.411,21.955,7.76,0.007,0.256,0.955,-2.672,0.0,0.0,0.0,-0.047,-0.404,0.093,3.397,0.248,0.527,-0.554,24.111561939675997,G88A
-1.838,0.428,0.732,0.013,-0.03,0.204,-0.162,0.0,0.0,0.0,0.0,0.0,0.0,-0.594,0.492,4.986,0.214,4.446286022019422,E89W
-11.293,49.999903336122806,18.5,0.025,1.125,1.0,-3.735,0.0,0.0,0.0,-0.047,-0.404,0.093,6.597,0.199,-2.944,-0.433,49.999931703811654,G88D
-1.31,0.267,-0.264,0.017,-0.07,-0.096,0.247,0.0,0.0,0.0,0.0,0.0,0.0,0.012,0.607,3.307,0.338,3.05593391981256,E89Y
-15.277,49.99999994832387,1.706,0.061,0.35,0.138,-0.907,0.0,0.0,0.0,0.0,-0.208,0.0,6.225,0.115,-0.106,0.141,49.999999929508895,A87F
-15.882,49.999612329067666,12.621,0.021,0.259,0.807,-2.976,0.0,0.0,0.0,-0.047,-0.404,0.093,4.823,0.078,0.86,-0.141,49.99961406326293,G88M
-3.399,3.92,5.314,0.004,0.066,0.586,-1.636,0.0,0.0,0.0,0.0,0.0,0.0,0.358,-0.039,-0.173,0.285,5.285919018814184,A90T
-15.601,49.09952720834374,17.936,0.016,0.501,2.385,-3.988,0.0,0.0,0.0,-0.047,-0.404,0.093,9.436,0.438,-2.138,-0.105,49.3579752331967,G88N
-3.603,47.892649512886706,13.091,0.002,0.325,0.638,0.315,0.0,0.0,0.0,0.0,0.0,0.0,5.328,0.452,-3.47,0.203,48.750144083531104,A87D
0.0,0.0,0.0,0.0,0.0,0.0,0.0,0.0,0.0,0.0,0.0,0.0,0.0,0.0,0.0,0.0,0.0,0.0,A87A
0.0,0.0,0.0,0.0,0.0,0.0,0.0,0.0,0.0,0.0,0.0,0.0,0.0,0.0,0.0,0.0,0.0,0.0,G88G
-5.2,46.14453125671601,1.096,0.001,0.01,0.07,-1.19,0.0,0.0,0.0,0.0,0.0,0.0,0.538,0.499,1.93,0.654,45.90134707308807,A87C
-6.976,49.999417950833056,2.845,0.001,0.034,0.166,1.32,10.888,1.035,0.0,0.0,0.0,0.041,0.343,1.684,-2.968,11.319,49.99973563921245,A87P
-18.01,49.99989202284638,19.069,0.046,0.276,-0.308,3.221,0.0,0.0,0.0,1.205,-1.593,0.0,8.445,0.236,-2.039,-0.038,49.99992907989997,A87K
-14.586,49.99992587743531,20.723,0.017,0.566,0.286,-1.24,0.0,0.0,0.0,-0.047,-0.404,0.093,6.683,0.102,-3.522,-0.72,49.9999460680946,G88E
-16.121,49.99999999999891,17.075,0.045,0.892,-0.733,-2.505,0.0,0.0,0.0,-0.047,-0.404,0.093,6.501,-0.399,-1.098,-0.628,49.99999999999902,G88H
-12.731,40.09442002866472,9.701,0.007,0.264,1.134,-2.976,0.0,0.0,0.0,-0.047,-0.404,0.093,4.608,0.17,2.457,0.187,40.94018478444551,G88C
-17.826,50.0,9.242,0.039,0.427,-0.426,2.085,0.0,0.0,0.0,1.244,0.0,0.0,7.353,0.166,-0.742,0.106,50.0,A87Y
-10.857,49.99996885416799,4.171,0.027,0.314,0.01,1.303,0.0,0.0,0.0,0.682,0.0,0.0,6.948,0.252,0.333,0.329,49.999972934060395,A87M
-8.794,49.99986584988925,0.833,0.027,0.107,0.182,-0.519,0.0,0.0,0.0,0.0,0.0,-0.131,1.472,-0.008,0.979,0.289,49.9998324008063,A87I
-14.575,49.99951681678343,16.09,0.062,1.279,1.108,-5.484,0.0,0.0,0.0,-0.047,-0.404,0.093,7.811,-0.011,-0.893,-0.718,49.99959337687257,G88R
3.499,-0.952,2.859,-0.001,0.0,-0.196,-0.066,0.0,0.0,0.0,0.0,0.0,-0.023,0.0,0.78,-0.526,0.822,6.19313347510024,A87G
-5.162,49.88626087755226,9.661,0.038,0.427,0.731,-1.057,0.0,0.0,0.0,0.0,-0.208,0.0,5.666,0.757,-2.665,0.524,49.919698105656195,A87N
-11.445,49.99999996848839,11.217,0.038,0.482,0.069,0.306,0.0,0.0,0.0,0.0,-0.208,0.0,6.347,0.276,-1.625,0.19,49.99999997485882,A87H
-11.723,49.99994947641592,8.702,0.062,0.787,0.373,-1.821,0.0,0.0,0.0,0.0,-0.208,0.0,6.729,0.213,-2.775,0.179,49.99995050598105,A87Q
-21.065,50.0,4.317,0.056,0.527,0.877,-1.294,0.0,0.0,0.0,0.0,-0.208,0.0,5.709,0.144,0.937,0.089,50.0,A87W
-5.295,45.489,4.605,0.004,0.047,0.218,-0.722,0.0,0.0,0.0,0.0,0.0,0.0,1.943,0.342,-0.173,0.293,46.75007920245002,A87T
-20.29,49.99999999999985,15.006,0.044,0.76,0.163,-2.071,0.0,0.0,0.0,-0.047,-0.404,0.093,6.818,-0.435,1.463,-0.679,49.99999999999985,G88W
-16.665,49.9999990802738,3.011,0.051,0.215,0.497,-1.14,0.0,0.0,0.0,0.523,-1.593,0.0,3.356,0.023,0.337,0.111,49.999998556155724,A87L
-4.341,3.286,2.755,0.011,0.146,0.238,-0.652,0.0,0.0,0.0,0.0,0.139,0.0,0.792,0.108,0.333,0.104,2.9180022812204243,A90M
-4.91,49.99141171059351,-3.831,0.035,0.077,-0.712,2.957,0.0,0.0,0.0,0.0,0.327,-0.019,3.252,0.774,0.979,0.599,49.99124732301861,A90I
0.0,0.0,0.0,0.0,0.0,0.0,0.0,0.0,0.0,0.0,0.0,0.0,0.0,0.0,0.0,0.0,0.0,0.0,A90A
-2.853,1.357,7.047,0.003,0.345,-0.093,-1.989,0.0,0.0,0.0,0.0,0.0,0.0,2.224,-0.257,-3.47,-0.044,2.270165299737073,A90D
-5.976,49.999972750355596,2.94,0.001,0.042,0.017,1.769,17.845,0.598,0.0,0.0,0.0,0.158,2.019,-0.025,-2.968,11.687,49.999991146844124,A90P
-5.151,49.53459844792029,0.384,0.022,0.089,0.103,-0.296,0.0,0.0,0.0,0.0,0.0,-0.131,1.326,0.116,1.318,0.173,49.495034920365995,A87V
-15.774,49.999999857577784,9.79,0.07,0.44,0.95,-3.138,0.0,0.0,0.0,-0.047,-0.404,0.093,5.416,-0.138,0.864,-0.699,49.999999842122946,G88L
-5.985,3.749,5.895,0.004,0.415,0.653,-2.335,0.0,0.0,0.0,0.0,-0.956,0.0,2.944,-0.056,-1.625,0.108,2.811408060890926,A90H
-8.85,18.917,13.613,0.006,0.276,0.909,-3.579,0.0,0.0,0.0,-0.047,-0.404,0.093,4.781,0.354,-1.087,-0.342,24.63892438070661,G88S
-9.538,49.99120944758489,1.686,-0.002,0.156,0.403,0.121,12.06,1.155,0.0,0.0,0.0,0.121,5.258,1.107,-2.441,1.767,49.99452782681146,G88P
-13.849,49.998133571334144,7.881,0.029,0.302,1.104,-3.204,0.0,0.0,0.0,-0.047,-0.404,0.103,4.104,-0.201,1.845,-0.665,49.997895407419605,G88V
2.374,-0.484,0.966,-0.002,0.0,-0.149,-0.118,0.0,0.0,0.0,0.0,0.0,0.014,0.0,0.264,-0.526,0.483,2.8214459962978253,A90G
-4.814,5.891,0.479,0.031,-0.148,-1.11,2.277,0.0,0.0,0.0,0.0,1.421,0.0,3.605,0.182,-0.106,0.278,7.984701237590571,A90F
-2.971,1.38,1.744,0.001,0.015,0.127,-1.037,0.0,0.0,0.0,0.0,0.0,0.0,0.277,0.212,1.93,0.081,1.7599526585079277,A90C
-2.962,2.272,4.798,0.011,0.921,0.054,-1.576,0.0,0.0,0.0,0.0,-0.962,0.0,3.894,-0.076,-4.049,0.122,2.447116197278092,A90E
-21.633,50.0,5.407,0.024,0.456,0.435,-0.607,0.0,0.0,0.0,-0.089,0.0,0.093,9.282,-0.466,-0.216,-0.78,50.0,G88Y
-3.603,0.98,5.187,0.004,0.305,0.044,0.105,0.0,0.0,0.0,0.0,0.0,0.0,2.44,-0.128,-2.665,0.058,2.726877021935252,A90N
-5.493,39.909,0.732,0.016,0.071,-0.091,0.28,0.0,0.0,0.0,0.0,0.0,0.0,1.137,-0.071,0.337,0.095,36.91940581918516,A90L
-3.362,2.387,4.099,0.007,0.696,-0.067,-0.321,0.0,0.0,0.0,0.0,0.0,0.0,2.526,-0.13,-2.775,0.078,3.1382293071771983,A90Q
-1.429,37.256,-3.42,0.071,-0.059,-0.634,2.913,0.0,0.0,0.0,0.0,0.327,-0.019,2.601,0.724,1.318,0.622,40.26870854438539,A90V
-21.891,49.99993964522052,18.384,0.047,0.456,-0.345,1.917,0.0,0.0,0.0,1.205,-1.593,0.0,8.42,0.118,-1.419,-0.024,49.99995112441603,A87R
-1.661,1.004,6.394,0.0,0.022,0.023,-1.366,0.0,0.0,0.0,0.0,0.0,0.0,0.809,0.551,-1.614,0.32,4.480555247387656,A87S
-3.242,1.691,3.802,0.022,0.93,-0.108,0.227,0.0,0.0,0.0,0.0,0.0,0.0,3.844,-0.008,-1.419,0.137,5.876361246510214,A90R
-1.846,2.626,2.589,0.006,-0.014,-0.89,1.964,0.0,0.0,0.0,0.0,1.421,0.0,1.278,0.022,-2.039,0.184,5.3009232262677415,A90K
-5.845,6.706,2.283,0.037,-0.122,-0.593,1.405,0.0,0.0,0.0,0.0,1.421,0.0,4.648,0.135,-0.742,0.291,9.623846570665364,A90Y
-4.453,3.46,2.653,0.021,-0.048,-0.878,1.993,0.0,0.0,0.0,0.0,1.421,0.0,3.104,0.016,0.937,0.105,8.329060525933528,A90W
-0.791,0.009,3.891,0.0,0.03,-0.274,-1.589,0.0,0.0,0.0,0.0,0.0,0.0,1.107,-0.26,-1.614,0.072,0.5821356099747845,A90S
-7.394,11.754,6.194,0.127,0.317,-0.018,-1.535,0.0,0.0,0.0,-0.038,-0.741,-0.021,1.016,2.921,0.864,1.97,15.41420917037999,G91L
0.0,0.0,0.0,0.0,0.0,0.0,0.0,0.0,0.0,0.0,0.0,0.0,0.0,0.0,0.0,0.0,0.0,0.0,G91G
-3.258,5.053,2.377,0.007,0.472,-0.234,-0.413,0.0,0.0,0.0,0.0,0.0,-0.021,1.189,1.88,-1.098,1.197,7.149161794533484,G91H
-1.361,0.634,2.416,0.003,0.295,-0.341,1.833,0.0,0.0,0.0,0.608,0.0,0.36,1.962,-0.863,-2.944,-1.378,1.2250441170001525,G93D
-1.677,2.052,2.529,0.012,0.968,-0.263,-1.173,0.0,0.0,0.0,0.0,0.0,-0.021,1.867,2.035,-2.944,1.53,4.912812147578279,G91D
-1.059,5.295,0.049,0.004,0.0,-0.219,-0.707,0.0,0.0,0.0,0.0,0.0,-0.021,0.0,2.792,0.527,1.925,8.584484663366311,G91A
-3.274,6.882,1.606,0.025,0.297,-0.053,-0.401,0.0,0.0,0.0,0.0,0.0,-0.021,1.806,2.568,-0.216,1.509,10.725799178364468,G91Y
-1.937,0.731,0.327,0.018,0.049,-0.315,0.726,0.0,0.0,0.0,0.608,0.0,0.24,-0.428,-1.291,1.845,-1.62,-1.0482574548491357,G93V
-2.491,6.264,2.246,0.012,0.665,-0.061,-1.177,0.0,0.0,0.0,0.0,0.0,-0.021,1.817,2.321,-2.249,1.631,8.955871398530462,G91Q
0.786,-0.284,-1.626,-0.003,0.092,-0.475,7.024,0.0,0.0,0.0,0.0,0.0,0.0,0.644,0.02,-2.01,0.102,4.270659208232928,K94E
-2.28,7.699,2.306,0.011,0.783,-0.104,-0.136,0.0,0.0,0.0,0.0,0.0,-0.021,3.205,2.638,-3.522,1.789,12.365694364648787,G91E
-1.884,1.449,2.099,0.012,0.81,-0.179,-0.001,0.0,0.0,0.0,0.0,0.0,-0.021,1.291,1.491,-2.138,1.302,4.229004456500206,G91N
-2.281,6.571,1.164,0.006,0.018,-0.029,-0.837,0.0,0.0,0.0,0.0,0.0,-0.021,0.015,2.667,2.457,1.814,11.541483621910174,G91C
-2.415,5.283,2.094,0.02,0.368,-0.035,-0.569,0.0,0.0,0.0,0.0,0.0,-0.021,1.774,2.268,-0.893,1.397,9.269437832034328,G91R
-2.663,0.462,0.753,0.034,0.109,-0.382,0.691,0.0,0.0,0.0,0.608,0.0,0.24,0.313,-1.38,1.506,-1.67,-1.3786421822892407,G93I
-3.02,6.582,1.593,0.302,0.129,-0.12,-0.486,0.0,0.0,0.0,0.0,0.0,0.078,0.354,4.958,1.506,9.606,21.482088064114123,G91I
-1.34,0.592,1.427,0.006,0.208,-0.291,0.194,0.0,0.0,0.0,0.608,0.0,0.36,2.573,-0.797,-2.249,-1.218,0.071731067836481,G93Q
-4.829,20.87,3.485,0.005,0.517,0.97,1.348,22.601,0.0,0.0,2.376,0.0,-0.114,2.18,2.418,-2.441,1.237,38.338376443194186,G93P
-1.268,0.456,1.126,0.007,0.325,-0.044,1.77,0.0,0.0,0.0,0.608,0.0,0.36,2.521,-0.862,-3.522,-1.335,0.1394552742483483,G93E
-3.422,6.538,1.642,0.026,0.3,-0.044,-0.441,0.0,0.0,0.0,0.0,0.0,-0.021,1.672,2.405,0.421,1.642,10.717098884133977,G91F
-2.674,4.372,2.319,0.017,0.379,-0.115,-0.732,0.0,0.0,0.0,0.0,0.0,-0.021,1.27,2.005,-1.512,1.232,6.538086006048161,G91K
-1.786,4.728,1.436,0.084,0.281,-0.266,-0.52,0.0,0.0,0.0,0.0,0.0,-0.021,2.124,2.633,0.86,2.43,11.98121017239896,G91M
2.544,-1.144,11.116,-0.012,0.247,0.44,-1.519,0.0,0.0,0.0,0.0,0.0,0.0,2.503,0.361,-4.788,0.436,10.183038447246872,V92D
-3.915,5.994,2.506,0.121,0.928,-0.684,-0.846,0.0,0.0,0.0,0.0,0.0,-0.021,2.664,2.744,1.463,2.48,13.430929395324029,G91W
-0.522,0.434,-0.346,0.001,-0.002,0.035,0.758,0.0,0.0,0.0,0.608,0.0,0.36,-0.433,-0.425,0.527,-0.919,0.0747528969584436,G93A
-2.674,7.86,0.913,0.325,0.061,0.092,-0.522,0.0,0.0,0.0,0.0,0.0,0.078,0.07,4.396,1.845,9.577,22.020494435388628,G91V
-1.235,0.719,0.582,0.002,0.009,-0.141,0.309,0.0,0.0,0.0,0.608,0.0,0.36,-0.097,-0.759,2.457,0.226,3.038562885215015,G93C
-2.267,0.519,1.708,0.004,0.633,-0.254,-0.202,0.0,0.0,0.0,0.608,0.0,0.36,1.248,-0.977,-1.098,-1.095,-0.8151162288011164,G93H
0.0,0.0,0.0,0.0,0.0,0.0,0.0,0.0,0.0,0.0,0.0,0.0,0.0,0.0,0.0,0.0,0.0,0.0,G93G
-0.568,49.915576915472634,-3.513,0.008,-0.04,-0.562,2.936,49.928423311467334,0.86,0.0,0.0,0.326,0.074,-0.014,7.276,-2.441,17.598,49.99997483736091,G91P
-1.813,5.331,1.956,0.257,0.078,-0.566,-0.71,0.0,0.0,0.0,0.0,0.0,-0.021,0.386,4.099,0.354,5.156,14.505291415047624,G91T
-1.107,1.73,1.378,0.004,0.108,-0.347,-0.521,0.0,0.0,0.0,0.0,0.0,-0.021,0.337,2.715,-1.087,1.965,5.152086072591601,G91S
-2.943,0.775,1.244,0.022,0.263,-0.151,0.52,0.0,0.0,0.0,0.608,0.0,0.36,1.492,-0.928,0.421,-1.207,0.472934098954056,G93F
-0.653,0.704,1.059,0.001,0.021,-0.275,0.124,0.0,0.0,0.0,0.608,0.0,0.36,0.149,-0.481,-1.087,-0.731,-0.2006903064898324,G93S
-1.952,0.659,0.904,0.017,0.068,-0.043,0.511,0.0,0.0,0.0,0.608,0.0,0.36,-0.137,-1.094,0.864,-1.409,-0.6461510332744638,G93L
-4.032,32.527,3.854,0.013,0.187,-0.299,0.551,0.0,0.0,0.0,0.0,0.0,0.0,4.207,0.667,-0.985,0.451,37.14095303596173,V92M
-3.792,1.413,0.936,0.015,0.214,-0.369,0.624,0.0,0.0,0.0,0.608,0.0,0.36,1.165,-0.599,0.86,-0.745,0.686751567167903,G93M
-3.44,0.585,1.548,0.018,0.308,-0.21,0.323,0.0,0.0,0.0,0.608,0.0,0.36,1.749,-0.808,1.463,-0.631,1.8718278163150897,G93W
-1.303,0.407,0.981,0.01,0.06,-0.405,0.134,0.0,0.0,0.0,0.608,0.0,0.36,-0.322,-0.843,0.354,-1.186,-1.146267323107395,G93T
1.619,-1.77,3.251,-0.013,-0.012,-0.034,-0.272,0.0,0.0,0.0,0.0,0.0,0.0,0.313,0.563,0.612,0.392,4.648506397680876,V92C
-1.307,0.445,0.867,0.009,0.179,-0.025,0.669,0.0,0.0,0.0,0.608,0.0,0.36,0.71,-0.911,-1.512,-1.447,-1.3577823073399031,G93K
3.266,-0.342,-6.068,-0.007,-0.187,-0.181,5.56,0.0,0.0,0.0,0.0,0.0,0.0,-2.974,0.287,2.04,0.728,2.121769588080042,K94A
1.805,-0.249,-4.33,-0.006,-0.173,-0.289,5.354,0.0,0.0,0.0,0.0,0.0,0.0,-2.403,-0.283,3.97,0.346,3.740630424073743,K94C
-1.513,0.513,1.758,0.005,0.25,-0.388,0.573,0.0,0.0,0.0,0.608,0.0,0.36,1.079,-0.561,-2.138,-1.025,-0.4796450461612949,G93N
-1.498,49.8057276865703,1.868,0.023,0.101,0.198,0.238,0.0,0.0,0.0,0.0,0.0,0.0,4.349,0.143,-0.981,0.317,49.83933709743006,V92L
-1.214,0.378,-2.276,0.014,0.374,-0.514,4.723,0.0,0.0,0.0,0.0,0.0,0.0,-0.691,-0.309,2.976,0.612,4.073106514555093,K94W
5.218,-0.627,-5.264,-0.008,-0.187,-0.175,5.567,0.0,0.0,0.0,0.0,0.0,0.035,-2.974,1.299,1.513,3.721,8.116155781067846,K94G
-7.362,49.99994940968079,0.442,0.06,0.17,0.064,0.1,0.0,0.0,0.0,0.0,0.0,0.0,5.775,0.299,-1.424,0.273,49.999946056520685,V92F
2.58,-0.397,-1.878,-0.006,0.367,-0.391,6.501,0.0,0.0,0.0,0.0,0.0,0.0,0.586,-0.212,-1.431,-0.071,5.649677384360075,K94D
-0.353,-0.198,-3.34,0.015,0.09,-0.571,4.888,0.0,0.0,0.0,0.0,0.0,0.0,-0.108,-0.505,1.933,-0.195,1.655348819288747,K94F
-0.713,2.135,-4.395,0.0,-0.167,-0.451,5.529,0.0,0.0,0.0,0.0,0.0,0.0,-1.081,-0.125,2.372,0.554,3.658415579319353,K94M
0.0,0.0,0.0,0.0,0.0,0.0,0.0,0.0,0.0,0.0,0.0,0.0,0.0,0.0,0.0,0.0,0.0,0.0,K94K
-2.949,0.671,1.273,0.021,0.276,-0.165,0.612,0.0,0.0,0.0,0.608,0.0,0.36,1.417,-0.949,-0.216,-1.186,-0.2272967467313265,G93Y
-0.088,-0.35,-1.718,-0.005,0.186,-0.476,4.455,0.0,0.0,0.0,0.0,0.0,0.0,0.021,-0.492,0.414,0.084,2.0325252533639286,K94H
0.462,-0.076,-2.374,0.002,0.025,-0.148,3.927,0.0,0.0,0.0,0.0,0.0,0.0,-0.819,-0.175,0.62,0.002,1.4463969705464024,K94R
-0.39,-0.114,-3.273,0.013,0.094,-0.57,4.825,0.0,0.0,0.0,0.0,0.0,0.0,0.003,-0.421,1.297,-0.03,1.4308875394574443,K94Y
0.005,14.343,-4.425,-0.002,-0.04,-0.414,6.453,42.03652465736204,0.0,0.0,0.813,0.0,0.128,-2.15,5.386,-0.928,12.886,47.65572212254339,K94P
-2.935,12.24,-5.656,0.032,-0.074,-0.307,5.023,0.0,0.0,0.0,0.0,0.0,0.005,3.066,-1.034,3.019,-0.602,12.775552334029951,K94I
-3.189,11.87,1.182,0.038,0.085,-0.245,0.597,0.0,0.0,0.0,0.0,0.0,0.0,2.929,-0.087,-0.339,-0.068,12.773533450323612,V92I
0.535,-0.285,-2.483,-0.002,0.034,-0.519,5.425,0.0,0.0,0.0,0.0,0.0,0.0,0.112,-0.074,-0.736,0.017,2.025110422570833,K94Q
7.171,-3.196,1.709,-0.014,-0.045,0.184,0.032,0.0,0.0,0.0,0.0,0.0,0.0,-0.006,0.911,-1.318,0.759,6.186989652272132,V92A
-0.322,1.079,-4.617,0.007,-0.11,-0.531,5.219,0.0,0.0,0.0,0.0,0.0,0.0,0.037,-0.562,2.376,-0.12,2.457403223279698,K94L
0.849,1.863,8.383,-0.004,0.207,0.515,0.033,0.0,0.0,0.0,0.0,0.0,0.0,4.664,0.471,-3.983,0.49,13.487052966311012,V92N
-0.873,27.591,13.024,0.016,0.678,-0.059,0.15,0.0,0.0,0.0,0.0,0.0,0.0,5.864,0.569,-5.367,0.438,42.03024707264149,V92E
4.895,-2.035,11.178,-0.011,0.398,0.069,-0.119,0.0,0.0,0.0,0.0,0.0,0.0,1.91,0.381,-3.807,0.044,12.90303476877375,L95D
-1.785,-0.469,2.358,0.015,0.405,0.469,-1.743,0.0,0.0,0.0,0.813,-1.618,0.36,3.147,-0.894,-0.893,-1.266,-1.1015879594724538,G93R
1.132,-0.196,-2.07,-0.003,0.118,-0.153,5.273,0.0,0.0,0.0,-0.658,0.0,0.0,0.047,-0.245,-0.625,-0.088,2.530372689786873,K94N
-1.473,11.971,-6.355,0.018,-0.101,-0.259,5.292,0.0,0.0,0.0,0.0,0.0,0.005,1.279,-1.008,3.358,-0.573,12.151556971771925,K94V
-4.993,48.97648549125995,8.991,0.011,0.312,0.122,0.756,0.0,0.0,0.0,0.0,0.0,0.0,5.197,0.513,-2.943,0.503,49.26842836933499,V92H
-4.174,27.779,10.89,0.023,0.889,-1.062,1.498,0.0,0.0,0.0,0.0,-0.474,0.0,6.565,0.47,-2.737,0.404,40.068542068861234,V92R
2.924,-0.314,-3.307,-0.007,-0.159,-0.463,5.413,0.0,0.0,0.0,0.0,0.0,0.0,-2.242,0.091,0.425,0.134,2.495682860458828,K94S
2.142,-1.418,3.939,-0.007,0.013,-0.288,-0.009,0.0,0.0,0.0,0.562,0.0,0.0,-0.326,0.51,-1.491,0.519,4.144714260665069,V92T
-1.901,49.995704867036416,10.668,0.102,0.537,-0.084,3.153,0.0,0.0,0.0,0.0,0.326,0.0,6.045,0.542,-3.357,0.397,49.997773616367965,V92K
9.87,-3.551,3.272,-0.015,-0.045,0.146,-0.054,0.0,0.0,0.0,0.0,0.0,-0.039,-0.006,1.632,-1.844,2.02,11.38456125503194,V92G
1.146,0.351,-2.546,-0.005,-0.081,-0.328,4.413,0.0,0.0,0.0,0.385,0.0,0.0,0.058,-0.286,1.867,-0.049,4.925534388649567,K94T
-5.967,49.999999999999964,-0.411,0.202,0.138,-0.387,5.809,0.0,0.0,0.0,0.0,0.326,0.0,7.492,0.468,-2.06,0.256,49.99999999999998,V92Y
3.587,-2.003,10.63,-0.01,0.277,0.273,-1.745,0.0,0.0,0.0,0.0,0.0,0.0,2.007,0.642,-4.386,0.225,9.495012591120712,L95E
1.394,49.99923881750993,4.696,-0.01,0.035,0.243,1.864,39.78022343469567,0.0,0.82,0.0,0.0,0.057,2.396,1.804,-4.286,11.62,49.99996204073482,V92P
0.749,49.312633200557066,0.807,0.016,0.025,-0.234,2.089,0.0,0.0,0.0,1.244,0.0,0.031,3.822,-0.434,0.643,-0.502,49.50494115201706,L95I
2.525,49.96400264632856,4.993,-0.011,-0.017,0.234,1.832,38.854060569334806,0.0,0.815,0.0,0.0,0.011,-0.06,5.391,-3.304,4.9,49.9977395102089,L95P
-14.366,49.99999999994542,5.394,0.101,0.554,0.144,-0.251,0.0,0.0,0.0,0.0,0.0,0.0,9.445,0.39,-0.381,0.51,49.99999999994868,V92W
5.449,-1.662,3.508,-0.013,-0.07,0.106,-0.636,0.0,0.0,0.0,0.0,0.0,0.0,-0.009,0.347,1.594,0.408,9.01927116806496,L95C
6.008,-3.133,6.359,-0.014,-0.018,-0.041,-0.745,0.0,0.0,0.0,0.0,0.0,0.0,0.715,0.872,-2.932,0.612,7.682757511257705,V92S
-2.21,43.51287691697122,10.451,0.013,0.482,0.053,0.327,0.0,0.0,0.0,0.562,0.0,0.0,4.725,0.552,-4.093,0.423,45.76972732133324,V92Q
-2.982,15.156,3.475,0.024,-0.004,-0.142,0.128,0.0,0.0,0.0,0.0,0.0,0.0,3.927,0.092,-0.443,-0.055,19.174247853950877,L95F
0.0,0.0,0.0,0.0,0.0,0.0,0.0,0.0,0.0,0.0,0.0,0.0,0.0,0.0,0.0,0.0,0.0,0.0,V92V
11.321,-2.329,4.522,-0.013,-0.124,0.113,-0.162,0.0,0.0,0.0,0.0,0.0,0.052,-0.069,1.883,-0.863,3.685,18.014126735340824,L95G
-0.314,-0.219,9.308,-0.011,0.282,-0.03,-0.157,0.0,0.0,0.0,0.0,0.0,0.0,2.664,0.139,-1.962,0.215,9.914357108473723,L95H
0.448,5.764,11.065,-0.001,0.54,-0.486,0.997,0.0,0.0,0.0,0.0,0.0,0.0,2.633,0.641,-2.376,0.125,19.34656052227456,L95K
0.0,0.0,0.0,0.0,0.0,0.0,0.0,0.0,0.0,0.0,0.0,0.0,0.0,0.0,0.0,0.0,0.0,0.0,L95L
-16.147,50.0,7.006,0.005,0.314,-0.652,1.817,0.0,0.0,0.0,0.0,0.0,-0.219,5.856,-0.359,-1.098,-0.437,50.0,G96H
5.517,1.066,4.565,-0.01,-0.05,-0.145,0.182,0.0,0.0,0.0,0.561,0.0,0.0,-0.054,0.348,-0.509,0.103,11.573741675697192,L95T
9.19,-2.008,2.832,-0.015,-0.107,0.09,-0.151,0.0,0.0,0.0,0.0,0.0,0.0,-0.419,0.902,-0.336,0.761,10.736890576283711,L95A
-12.174,49.999999999978414,10.418,0.005,0.219,-0.677,-1.038,0.0,0.0,0.0,0.0,0.0,-0.219,3.852,-0.352,-3.522,-0.412,49.99999999997477,G96E
0.842,8.237,3.455,-0.01,0.006,0.059,-0.297,0.0,0.0,0.0,0.0,0.0,0.0,1.478,0.461,-0.004,0.607,14.832832086156714,L95M
7.46,-0.643,-11.855,-0.004,-0.324,-0.698,10.744,0.0,0.0,0.0,2.33,2.137,0.0,-3.052,-0.265,4.05,-0.131,9.747000989109438,E98A
3.269,-1.942,8.342,-0.009,0.319,-0.056,0.268,0.0,0.0,0.0,0.0,0.0,0.0,2.17,0.386,-3.001,0.044,9.787403269416473,L95N
3.47,43.78523778756277,0.26,-0.001,-0.06,-0.122,0.425,0.0,0.0,0.0,0.473,0.0,0.031,0.284,-0.366,0.982,-0.432,44.842370349316404,L95V
-10.284,49.99999999999983,5.89,0.026,0.238,-0.047,-1.177,0.0,0.0,0.0,0.0,0.0,-0.219,4.719,-0.181,-2.138,-0.176,49.99999999999981,G96N
-14.03,49.999999999999964,-2.326,0.018,0.05,-0.23,-0.252,0.0,0.0,0.0,0.0,0.0,-0.219,0.4,-0.476,0.864,-0.415,49.99999999999992,G96L
-4.071,12.931,13.038,-0.002,0.339,0.753,0.558,0.0,0.0,0.0,0.0,0.0,0.0,2.059,0.478,-1.756,0.166,24.49197164516363,L95R
-8.11,49.99999999992405,-0.277,0.001,0.019,0.064,-0.113,0.0,0.0,0.0,0.0,0.0,-0.219,0.962,-0.102,2.457,-0.548,49.999999999903956,G96C
-3.22,18.275,0.31,0.017,1.233,-0.168,1.506,0.0,0.0,0.0,0.0,1.449,0.0,3.909,0.308,-1.161,0.096,22.553971207051973,S99Q
8.36,-2.041,6.372,-0.013,-0.041,-0.367,-0.841,0.0,0.0,0.0,0.0,0.0,0.0,-0.078,0.761,-1.951,0.272,10.43259710565735,L95S
-7.84,46.78181008194422,4.833,0.003,0.162,-0.377,-0.049,0.0,0.0,0.0,0.0,0.0,0.0,4.243,0.292,0.6,0.642,47.08007556939104,L95W
-0.961,11.058,-8.23,0.028,-0.106,-0.557,9.96,0.0,0.0,0.0,2.33,4.617,0.0,5.55,-0.36,4.986,0.112,28.42703916178516,E98W
-18.636,50.0,-1.923,0.046,0.172,-0.594,2.146,0.0,0.0,0.0,0.0,0.0,-0.219,3.015,-0.358,0.421,-0.39,50.0,G96F
-13.627,49.99999999997877,6.918,0.017,0.507,-1.221,0.081,0.0,0.0,0.0,0.0,0.0,-0.219,4.694,-0.327,-2.249,-0.379,49.99999999997322,G96Q
0.468,0.629,7.4,-0.004,0.222,0.603,-1.063,0.0,0.0,0.0,0.0,0.0,0.0,3.862,0.571,-3.112,0.13,9.70392443796868,L95Q
-19.41,49.999999999998245,12.149,0.02,0.414,1.376,-2.155,0.0,0.0,0.0,0.0,0.0,-0.219,1.964,-0.424,-0.893,-0.411,49.99999999999763,G96R
-8.301,49.99999999985397,8.817,0.003,0.27,0.21,1.111,0.0,0.0,0.0,0.0,0.0,-0.219,3.83,-0.29,-2.944,-0.327,49.999999999866056,G96D
3.436,10.512,-10.668,-0.002,-0.236,-0.781,10.954,0.582,0.0,0.0,2.33,2.137,0.031,-2.325,-0.583,1.082,2.07,18.53677209033708,E98P
-5.231,21.833,6.88,0.025,0.001,-0.002,-0.213,0.0,0.0,0.0,0.0,0.0,0.0,4.014,0.207,-1.079,0.089,26.52283269465124,L95Y
11.025,-1.204,0.023,-0.022,-0.558,0.475,0.114,0.0,0.0,0.0,0.0,0.0,0.0,-1.602,-0.097,0.107,0.242,8.502576908988885,F97A
-16.858,50.0,-0.281,0.008,0.071,-0.107,-0.435,0.0,0.0,0.0,0.0,0.0,-0.219,1.302,-0.303,0.86,-0.51,49.99999999999999,G96M
6.84,-0.617,-8.615,-0.004,-0.293,-1.05,10.461,0.0,0.0,0.0,2.33,2.137,0.0,-2.701,0.208,2.435,0.51,11.640264203535937,E98S
-2.736,-0.013,-0.423,0.007,0.968,0.011,0.819,0.0,0.0,0.0,0.0,1.449,0.0,2.736,0.434,-0.011,0.198,3.438185210306756,S99H
3.25,-1.783,-3.882,-0.006,-0.154,0.02,1.298,0.0,0.0,0.0,0.0,1.449,-0.073,-0.593,0.66,1.088,0.55,1.8239915002136515,S99G
-1.449,5.196,-3.271,0.002,0.067,-0.073,0.71,0.0,0.0,0.0,0.0,1.449,0.0,0.687,0.669,3.545,0.121,7.651690745169844,S99C
3.373,-0.216,-12.493,0.016,-0.495,-0.565,10.161,0.0,0.0,0.0,2.33,4.802,0.0,-0.93,-0.268,4.386,-0.239,9.85948034695366,E98L
0.0,0.0,0.0,0.0,0.0,0.0,0.0,0.0,0.0,0.0,0.0,0.0,0.0,0.0,0.0,0.0,0.0,0.0,G96G
-1.921,7.373,-11.001,0.005,-0.225,-0.695,11.184,0.0,0.0,0.0,2.33,2.137,0.0,-2.663,-0.239,4.382,0.025,10.690895859794864,E98M
-3.354,48.91791432648895,-1.836,0.0,0.008,0.044,-0.252,0.0,0.0,0.0,0.0,0.0,-0.219,0.35,-0.485,0.527,-0.553,48.64064420529265,G96A
-14.324,50.0,-1.772,0.04,0.078,-0.375,0.014,0.0,0.0,0.0,0.0,0.0,-0.059,2.761,0.391,1.506,0.078,50.0,G96I
-10.266,49.9999994924496,0.303,0.002,0.082,0.213,0.699,16.576,0.0,1.515,0.0,0.0,-0.311,2.257,-1.192,-2.441,0.232,49.99999962650018,G96P
9.623,-1.442,-11.183,-0.007,-0.324,-0.606,10.62,0.0,0.0,0.0,2.33,2.137,0.07,-3.052,0.528,3.523,1.122,13.336957583006551,E98G
-26.098,50.0,4.911,0.025,0.257,0.783,-0.277,0.0,0.0,0.0,0.0,0.0,-0.219,0.834,-0.439,1.463,-0.334,50.0,G96W
-3.154,5.813,-2.817,0.027,0.547,0.209,0.886,0.0,0.0,0.0,0.0,1.449,0.0,3.897,0.684,1.508,0.34,9.389320411502696,S99F
4.155,6.162,-12.895,0.028,-0.531,-0.899,10.19,0.0,0.0,0.0,2.33,4.802,0.036,-0.922,0.485,5.029,0.247,18.21439621744412,E98I
-1.587,1.22,-1.811,0.039,1.9,-0.273,1.373,0.0,0.0,0.0,0.0,1.449,0.0,3.009,0.291,0.195,0.076,5.880558934629335,S99R
6.974,-0.748,-12.724,0.025,-0.488,-0.862,9.98,0.0,0.0,0.0,2.33,4.802,0.036,1.193,0.465,5.368,0.274,16.624381132962526,E98V
-0.855,-0.369,0.564,0.004,0.957,-0.599,-1.184,0.0,0.0,0.0,0.0,1.027,0.0,3.115,0.34,-1.856,0.239,1.3814920830163828,S99D
-2.198,5.291,-0.72,0.026,0.745,-0.103,1.863,0.0,0.0,0.0,0.0,1.449,0.0,3.108,0.305,-0.425,0.05,9.38919117667001,S99K
-10.028,49.999999999999304,-3.885,0.026,0.078,-0.053,0.167,0.0,0.0,0.0,0.0,0.0,-0.059,3.017,0.263,1.845,-0.08,49.99999999999902,G96V
1.855,-1.066,5.673,-0.019,0.452,-0.302,-0.24,0.0,0.0,0.0,0.0,0.0,0.0,0.016,0.106,-1.519,0.092,5.047017136540717,F97H
-20.216,50.0,2.459,0.04,0.185,-0.715,-0.04,0.0,0.0,0.0,0.0,0.0,-0.219,3.322,-0.302,-0.216,-0.379,50.0,G96Y
7.842,-1.435,6.4,-0.01,0.461,-0.005,-1.829,0.0,0.0,0.0,0.0,0.0,0.0,1.701,0.85,-3.364,0.729,11.337114270262646,F97D
8.073,-1.471,0.603,-0.022,-0.49,0.331,-0.147,0.0,0.0,0.0,0.0,0.0,0.0,-1.495,0.436,2.037,0.189,8.039939965599388,F97C
-2.34,33.202,1.291,0.026,1.331,-0.122,0.046,0.0,0.0,0.0,0.0,1.449,0.0,6.588,0.107,-2.434,0.008,39.1509969349695,S99E
1.416,-0.956,-4.994,0.0,0.026,-0.015,1.268,0.0,0.0,0.0,0.0,1.449,0.0,-0.061,0.175,1.615,0.085,0.0076193427432826,S99A
-3.043,32.937,-4.463,0.056,0.275,-0.024,1.381,0.0,0.0,0.0,0.0,1.449,-0.08,2.902,0.769,2.594,0.256,35.00911991954968,S99I
4.743,0.003,-9.322,-0.001,-0.224,-0.826,10.795,0.0,0.0,0.0,2.33,2.137,0.0,-1.936,0.534,3.877,1.317,13.425077225448833,E98T
-4.908,49.98885563470897,4.904,0.004,0.042,-0.218,0.174,0.0,0.0,0.0,0.0,0.0,-0.219,2.263,-0.547,-1.087,-0.597,49.988770340279316,G96S
-8.729,49.99999999963548,2.65,0.015,0.037,-0.244,0.474,0.0,0.0,0.0,0.0,0.0,-0.219,3.339,-0.181,0.354,-0.306,49.99999999959208,G96T
0.0,0.0,0.0,0.0,0.0,0.0,0.0,0.0,0.0,0.0,0.0,0.0,0.0,0.0,0.0,0.0,0.0,0.0,E98E
-16.319,49.999999999999055,12.279,0.017,0.139,-0.067,-1.55,0.0,0.0,0.0,0.0,-1.108,-0.219,3.176,-0.338,-1.512,-0.347,49.99999999999881,G96K
-5.142,47.41898908061823,-2.972,-0.002,-0.132,0.057,1.686,8.577,0.521,0.0,0.0,1.449,-0.021,0.349,-0.304,-1.353,3.922,48.00851146794598,S99P
-1.302,13.942,-2.431,0.012,0.17,-0.228,0.664,0.0,0.0,0.0,0.0,1.449,0.0,2.032,0.654,1.442,0.495,16.897093067187598,S99T
-1.637,2.563,-3.129,0.0,-0.094,0.011,7.078,0.0,0.0,0.0,-0.136,1.328,0.0,0.692,-0.243,1.274,-0.086,7.620000289522295,E98Q
-3.162,5.612,-2.458,0.028,0.564,0.213,0.86,0.0,0.0,0.0,0.0,1.449,0.0,4.756,0.692,0.872,0.286,9.711362542122744,S99Y
2.086,0.815,-10.731,0.05,-0.359,-0.744,9.702,0.0,0.0,0.0,2.33,4.802,0.0,2.938,-0.235,3.943,-0.192,14.40419137240292,E98F
0.0,0.0,0.0,0.0,0.0,0.0,0.0,0.0,0.0,0.0,0.0,0.0,0.0,0.0,0.0,0.0,0.0,0.0,F97F
2.565,0.277,-6.063,0.001,-0.043,-0.903,11.503,0.0,0.0,0.0,2.33,2.137,0.0,-0.264,-0.784,1.385,-0.515,11.624614365535765,E98N
4.102,-0.471,-10.507,-0.003,-0.308,-0.585,10.325,0.0,0.0,0.0,2.33,2.137,0.0,-2.705,0.125,5.98,0.54,10.957701187016935,E98C
3.802,0.023,-3.961,-0.002,0.01,-0.408,4.814,0.0,0.0,0.0,1.232,2.137,0.0,0.696,-0.943,0.579,-0.697,7.280125359684689,E98D
5.847,-1.391,-3.577,-0.003,-0.657,0.38,0.568,0.0,0.0,0.0,0.0,-0.228,0.0,-0.666,-0.169,0.011,-0.153,-0.0383194412397642,H100S
5.997,1.994,-1.391,-0.005,-0.486,0.379,0.154,0.0,0.0,0.0,0.0,0.0,0.044,-0.873,0.782,1.425,0.414,8.431510250417887,F97V
5.034,-1.102,-10.601,0.007,-0.002,-1.674,11.792,0.0,0.0,0.0,2.33,4.802,0.0,2.884,-0.467,2.424,-0.072,15.353679548848731,E98H
4.529,-1.382,-2.839,0.004,-0.602,0.437,-0.095,0.0,0.0,0.0,0.0,2.664,0.0,-0.204,0.216,1.958,0.06,4.746299025502367,H100M
-3.312,33.231,-2.769,0.03,0.653,0.045,2.036,0.0,0.0,0.0,0.0,1.449,0.0,2.718,0.418,1.952,0.314,36.764537120577415,S99L
3.846,5.47,-1.25,0.014,-0.264,0.139,0.214,0.0,0.0,0.0,0.0,0.0,0.0,-0.604,1.017,0.444,0.987,10.011145368906456,F97L
12.599,-1.23,0.958,-0.023,-0.558,0.492,0.288,0.0,0.0,0.0,0.0,0.0,-0.143,-1.602,0.798,-0.42,1.329,12.486958934346148,F97G
1.304,0.334,-2.16,0.02,-0.307,-0.063,-0.462,0.0,0.0,0.0,0.0,2.664,0.0,1.227,0.126,2.562,0.0,5.243394974638704,H100W
0.0,0.0,0.0,0.0,0.0,0.0,0.0,0.0,0.0,0.0,0.0,0.0,0.0,0.0,0.0,0.0,0.0,0.0,H100H
2.284,-0.392,0.503,0.006,-0.469,0.027,-0.922,0.0,0.0,0.0,0.0,1.215,0.0,0.33,0.014,-0.414,0.025,2.207556224412656,H100K
-1.327,-0.427,-0.926,0.006,0.894,-0.675,1.509,0.0,0.0,0.0,0.0,1.449,0.0,2.623,0.535,-1.05,0.416,3.025226460337535,S99N
-8.071,49.96015938061565,0.941,0.019,0.297,-0.112,0.993,0.0,0.0,0.0,0.0,1.449,0.0,0.684,0.319,2.551,0.101,49.95881341625655,S99W
-3.416,8.408,-2.765,0.02,0.319,0.057,1.511,0.0,0.0,0.0,0.0,1.449,0.0,4.51,0.459,1.947,0.169,12.667399172017213,S99M
5.294,-1.228,-2.283,-0.002,-0.302,-0.047,-1.121,0.0,0.0,0.0,0.0,1.215,0.0,1.794,-0.092,-1.845,0.006,1.38973956785253,H100D
3.409,3.606,-0.763,0.023,-0.299,0.36,0.272,0.0,0.0,0.0,0.0,0.0,0.044,1.307,0.91,1.086,0.616,10.568850083000145,F97I
7.003,-1.396,-5.391,-0.005,-0.686,0.343,1.283,0.0,0.0,0.0,0.0,1.215,0.045,-1.727,0.56,1.099,0.499,2.8415984345072047,H100G
0.0,0.0,0.0,0.0,0.0,0.0,0.0,0.0,0.0,0.0,0.0,0.0,0.0,0.0,0.0,0.0,0.0,0.0,S99S
4.125,1.001,-6.057,0.036,0.459,-1.171,13.154,0.0,0.0,0.0,2.33,4.802,0.0,2.552,-0.052,2.01,0.028,23.214513359226657,E98K
3.339,-1.361,-2.04,0.001,-0.116,-0.092,0.617,0.0,0.0,0.0,0.0,1.215,0.0,1.08,0.115,-1.039,0.106,1.8258408482126924,H100N
4.059,0.407,-12.914,0.051,0.156,-0.634,11.839,0.0,0.0,0.0,2.33,3.353,0.0,2.544,-0.16,3.307,-0.065,14.271353004381126,E98Y
-1.724,16.497,-4.573,0.029,0.114,-0.065,1.359,0.0,0.0,0.0,0.0,1.449,-0.08,0.705,0.85,2.933,0.299,17.7935822343195,S99V
4.721,-0.881,-2.529,0.002,-0.573,0.347,-0.588,0.0,0.0,0.0,0.0,2.664,0.0,-1.186,-0.04,1.453,0.023,3.4113030280925614,H100T
5.736,-1.356,-4.835,0.019,-0.21,0.313,1.387,0.0,0.0,0.0,0.0,1.215,0.0,1.754,0.187,1.519,0.203,5.932459194816829,H100F
6.329,-1.367,4.837,-0.018,0.253,-0.349,0.115,0.0,0.0,0.0,0.0,0.0,0.0,0.057,0.729,-2.558,0.51,8.537281154834318,F97N
8.065,-1.101,1.575,-0.011,-0.461,0.211,-0.07,0.0,0.0,0.0,0.0,0.0,0.0,-1.017,0.392,-0.066,0.186,7.7010960201209855,F97T
6.12,44.00645278371517,1.236,-0.02,-0.462,0.479,0.232,49.9601960025473,0.0,0.638,0.0,0.0,-0.218,-1.252,7.508,-2.861,8.932,49.99887429471515,F97P
6.218,-1.386,-5.486,-0.003,-0.686,0.377,1.375,0.0,0.0,0.0,0.0,1.215,0.0,-1.727,0.12,1.626,-0.004,1.6371872094682658,H100A
-0.865,6.243,-1.233,0.017,-0.144,-0.228,14.209,0.0,0.0,0.0,2.33,4.802,0.0,0.964,-0.172,2.63,0.023,28.57546160597576,E98R
4.767,-1.179,8.64,-0.009,1.105,0.436,-2.072,0.0,0.0,0.0,0.0,0.0,0.0,3.039,0.444,-3.942,0.337,11.563772962284247,F97E
3.462,0.525,-4.499,0.014,-0.596,0.476,-0.036,0.0,0.0,0.0,0.0,2.664,-0.107,-1.072,0.606,2.944,0.47,4.850539275621031,H100V
-0.862,0.513,1.54,-0.001,0.009,-0.084,-0.167,0.0,0.0,0.0,0.0,0.0,0.0,-0.469,0.121,-0.636,0.013,-0.0240988141938487,F97Y
4.187,-1.239,-5.097,-0.002,-0.652,0.37,1.16,0.0,0.0,0.0,0.0,1.215,0.0,-0.936,0.298,3.556,0.013,2.874544463548318,H100C
-0.425,42.743,7.279,-0.009,-0.298,0.183,1.649,0.0,0.0,0.0,0.0,0.0,0.0,3.363,0.301,-1.313,0.168,39.525571326703165,F97R
4.611,-1.408,-1.815,0.002,-0.318,0.163,-0.421,0.0,0.0,0.0,0.0,2.664,0.0,1.228,0.005,-2.423,-0.018,2.2681665287402666,H100E
4.514,0.426,-5.342,0.026,-0.528,0.241,1.396,0.0,0.0,0.0,0.0,1.215,-0.107,-0.249,0.704,2.605,0.473,5.373957186202915,H100I
4.32,-0.973,-3.331,0.011,-0.54,0.264,-0.093,0.0,0.0,0.0,0.0,2.664,0.0,-1.159,-0.04,1.963,0.026,3.1119560281499616,H100L
4.44,-1.33,-2.311,0.003,-0.421,0.158,0.07,0.0,0.0,0.0,0.0,2.664,0.0,1.115,-0.045,-1.15,-0.066,3.126239582586777,H100Q
2.545,-0.731,1.239,-0.01,-0.143,0.195,0.156,0.0,0.0,0.0,0.0,0.0,0.0,1.582,0.39,0.439,0.383,6.043323460243755,F97M
10.498,-1.475,2.435,-0.024,-0.463,0.085,-0.108,0.0,0.0,0.0,0.0,0.0,0.0,-1.419,-0.079,-1.508,-0.006,7.935520190582338,F97S
1.728,0.942,10.033,0.011,0.194,0.558,1.254,0.0,0.0,0.0,0.0,0.0,0.0,2.717,0.568,-1.932,0.364,16.435543461308725,F97K
3.054,-1.495,-2.598,0.041,-0.372,0.304,-0.331,0.0,0.0,0.0,0.0,2.664,0.0,2.138,0.172,0.883,0.192,4.651499963885499,H100Y
2.714,43.05959523114834,-5.914,-0.002,-0.509,-0.139,2.595,3.001,0.0,0.0,0.0,2.664,0.274,-0.001,0.306,-1.342,11.288,46.05819739892135,H100P
3.493,-0.426,-2.896,0.015,0.079,0.14,1.088,0.0,0.0,0.0,0.0,1.215,0.0,1.317,0.05,0.206,0.012,4.29335563656673,H100R
-4.955,15.553,2.237,0.001,0.128,0.046,-0.666,0.0,0.0,0.0,0.0,0.0,0.0,0.954,0.089,1.043,0.451,14.880358577923973,F97W
3.271,2.52,6.392,-0.007,0.78,0.198,0.413,0.0,0.0,0.0,0.0,0.0,0.0,2.128,0.431,-2.669,0.35,13.806870224592558,F97Q
2.285,-1.973,5.789,-0.012,0.304,-1.085,1.365,0.0,0.0,0.0,0.161,0.0,0.12,2.124,0.553,-4.788,0.5,5.341110539004831,V101D
4.852,-2.078,-0.225,-0.016,-0.038,0.053,0.207,0.0,0.0,0.0,0.0,0.0,0.12,-0.048,0.684,-1.318,0.881,3.0723501491906973,V101A
1.844,-0.962,3.03,-0.009,0.649,0.082,0.162,0.0,0.0,0.0,0.0,0.0,0.12,1.98,0.167,-4.093,0.215,3.1825076940606323,V101Q
2.311,-1.282,1.98,-0.006,0.071,0.046,0.197,0.0,0.0,0.0,0.0,0.0,0.12,0.912,0.502,-0.985,1.073,4.9364376354192245,V101M
0.693,-0.906,1.131,-0.014,-0.007,0.071,0.146,0.0,0.0,0.0,0.0,0.0,0.12,0.809,-0.024,0.612,0.727,3.3551749460802966,V101C
0.577,0.01,-1.6,-0.004,-0.067,-0.066,2.056,0.0,0.0,0.0,1.648,0.0,0.0,0.449,0.612,2.103,0.294,6.010799433407328,T103C
2.479,-1.905,0.913,0.005,0.22,-0.063,0.076,0.0,0.0,0.0,0.0,0.0,0.12,2.195,0.369,-0.981,0.253,3.679265958713586,V101L
2.191,-0.918,3.408,-0.009,0.764,-0.184,1.16,0.0,0.0,0.0,0.0,0.0,0.12,2.633,0.197,-5.367,0.191,4.183607467040019,V101E
6.019,-2.079,-0.055,-0.017,-0.038,0.044,0.279,0.0,0.0,0.0,0.0,0.0,0.012,-0.048,0.988,-1.844,1.756,5.015111787981368,V101G
3.784,-2.205,0.659,0.01,0.012,-0.45,0.243,0.0,0.0,0.0,0.161,2.664,0.12,3.3,-0.092,-1.424,0.107,6.888173665751992,V101F
5.956,-2.299,-1.226,-0.011,0.641,-0.139,1.332,0.0,0.0,0.0,0.0,1.215,0.12,3.015,-0.318,-2.943,0.181,5.523351715364242,V101H
0.674,-0.493,4.543,0.002,0.726,-0.375,-1.638,0.0,0.0,0.0,-0.606,0.0,0.12,1.386,-0.096,-2.737,-0.145,1.3597755450327895,V101R
0.516,0.007,-1.11,0.0,0.172,-0.056,1.131,0.0,0.0,0.0,1.648,0.0,0.0,2.682,0.698,-3.876,0.577,2.388754280503008,T103E
1.703,-0.829,4.407,-0.013,0.24,-0.637,0.05,0.0,0.0,0.0,0.0,0.0,0.12,1.572,0.095,-3.983,0.313,3.038044202667834,V101N
1.386,-0.909,5.528,-0.003,0.313,0.133,-4.817,0.0,0.0,0.0,0.0,0.0,0.12,2.077,-0.01,-3.357,-0.077,0.3810569130266685,V101K
-6.495,12.602,4.135,0.002,0.151,-0.264,1.138,0.0,0.0,0.0,0.0,0.056,0.015,1.918,0.332,-0.381,0.428,13.636425410256834,V102W
-1.532,2.632,-1.479,-0.002,0.034,0.067,1.491,0.385,0.0,0.0,1.648,0.0,0.0,0.015,-0.218,-2.795,0.464,0.7088464864336856,T103P
-0.225,9.538,1.776,-0.007,0.088,-0.522,1.206,0.0,0.0,0.0,0.0,1.2,0.015,3.242,0.587,-0.985,0.451,16.361371443393864,V102M
0.0,0.0,0.0,0.0,0.0,0.0,0.0,0.0,0.0,0.0,0.0,0.0,0.0,0.0,0.0,0.0,0.0,0.0,V101V
3.103,34.688,-0.498,-0.011,-0.249,-0.114,0.636,47.96803908717945,1.094,0.0,0.0,2.664,-0.119,1.465,4.205,-4.286,14.687,49.79053452190431,V101P
0.913,-0.016,-0.37,-0.018,-0.05,0.12,0.058,0.0,0.0,0.0,0.0,0.0,0.079,0.018,0.199,-1.318,-0.003,-0.3923705840434195,V104A
3.929,-2.078,3.198,-0.015,0.012,-0.181,-0.034,0.0,0.0,0.0,0.0,0.0,0.12,0.158,0.062,-2.932,0.1,2.3370028076490144,V101S
-0.101,0.186,0.783,-0.001,0.241,-0.1,-1.279,0.0,0.0,0.0,0.605,0.0,0.0,2.648,0.47,-3.297,0.282,0.4356135234183966,T103D
5.046,-2.114,-1.826,0.009,0.511,-0.418,1.771,0.0,0.0,0.0,0.161,1.215,0.12,3.82,-0.185,-2.06,-0.087,5.962316029181693,V101Y
0.521,-1.412,0.334,0.011,0.11,-0.025,-0.065,0.0,0.0,0.0,0.0,0.0,0.0,1.793,0.239,-0.339,0.191,1.3558031193779243,V101I
2.238,-0.74,3.147,-0.011,0.024,-0.245,-0.173,0.0,0.0,0.0,0.0,0.0,0.12,-0.039,-0.563,-1.491,-0.46,1.804879778766008,V101T
0.697,-0.019,0.261,-0.015,0.242,0.1,-0.363,0.0,0.0,0.0,0.0,0.0,0.079,1.438,0.56,-4.788,0.124,-1.6865345322580652,V104D
-2.071,2.448,7.179,-0.011,0.172,-0.68,-0.929,0.0,0.0,0.0,0.0,-0.957,0.015,4.549,0.263,-3.983,0.449,6.443457261793583,V102N
4.342,-2.238,0.975,0.005,0.01,-0.266,0.118,0.0,0.0,0.0,0.0,2.664,0.12,2.968,-0.108,-0.381,1.168,9.373938104865829,V101W
1.904,-0.02,-2.192,-0.006,-0.076,0.029,1.85,0.0,0.0,0.0,1.648,0.0,0.018,-0.014,0.421,-0.353,0.407,3.614682873530228,T103G
0.57,0.007,-1.379,0.001,0.033,-0.062,1.974,0.0,0.0,0.0,1.648,0.0,0.0,0.771,0.69,-1.866,0.622,3.010252752774932,T103K
-2.492,13.28,-1.64,0.018,-0.015,-0.102,1.501,0.0,0.0,0.0,1.648,0.0,0.046,2.843,1.56,1.152,1.126,18.9225195211975,T103I
1.0,0.001,-2.312,-0.005,-0.076,-0.008,1.916,0.0,0.0,0.0,1.648,0.0,0.0,-0.014,0.615,0.173,0.596,3.531671892029408,T103A
0.419,-0.006,0.058,-0.005,-0.008,0.04,0.052,0.0,0.0,0.0,0.013,0.0,0.0,0.057,-0.006,-1.441,-0.004,-0.8318252326205311,T103S
0.743,-0.019,-0.037,-0.013,0.202,0.116,-0.084,0.0,0.0,0.0,0.0,0.0,0.079,2.68,0.188,-5.367,-0.162,-1.675748436356571,V104E
0.035,0.01,-1.36,0.014,0.143,-0.072,1.91,0.0,0.0,0.0,1.648,0.0,0.0,1.845,0.76,-0.569,0.757,5.1198604474880085,T103Y
1.274,-0.023,-0.423,-0.019,-0.05,0.189,-0.035,0.0,0.0,0.0,0.0,0.0,0.059,0.018,0.767,-1.844,0.706,0.6153920060874043,V104G
5.143,-1.092,0.791,-0.016,-0.049,0.01,0.051,0.0,0.0,0.0,0.0,0.0,0.015,0.347,0.841,-1.318,0.681,5.400756271190403,V102A
0.208,0.004,-1.471,0.01,-0.035,-0.102,1.987,0.0,0.0,0.0,1.648,0.0,0.0,0.056,0.613,0.51,0.584,4.010834231929948,T103L
0.643,-0.018,-0.952,0.002,0.575,0.408,-0.752,0.0,0.0,0.0,0.0,0.0,0.079,3.139,-0.038,-1.424,-0.069,1.5909123768019526,V104F
0.042,0.012,-1.366,0.015,0.135,-0.078,2.193,0.0,0.0,0.0,1.648,0.0,0.0,1.847,0.755,0.067,0.685,5.951999676200785,T103F
0.787,-0.018,-0.148,-0.017,-0.039,0.124,-0.188,0.0,0.0,0.0,0.0,0.0,0.079,0.283,0.513,0.612,0.581,2.5653694509351226,V104C
-0.084,1.6,-0.708,-0.017,-0.014,0.092,0.08,1.265,0.0,0.0,0.0,0.0,0.067,0.07,2.038,-4.286,1.01,1.1101590781447612,V104P
1.503,-0.394,1.819,-0.014,-0.011,0.087,-0.458,0.0,0.0,0.0,0.0,0.0,0.015,0.218,0.504,0.612,0.312,4.192427795774847,V102C
-3.064,0.932,2.822,0.0,0.2,0.488,-0.26,0.0,0.0,0.0,-0.357,0.0,0.0,2.929,0.557,-1.452,0.425,3.218486737252988,T103H
-6.818,23.334,2.685,0.006,0.057,-0.284,1.032,0.0,0.0,0.0,0.0,-0.087,0.015,3.554,0.323,-1.424,0.241,22.63269108489999,V102F
-0.34,-0.016,0.683,-0.002,0.112,0.167,-0.097,0.0,0.0,0.0,0.0,0.0,0.079,0.519,0.045,-0.981,-0.044,0.1211379209121332,V104L
6.768,-0.32,1.586,-0.017,-0.021,0.095,0.121,0.0,0.0,0.0,0.0,0.0,0.0,-0.252,1.612,-1.844,1.93,9.656292401837844,V102G
1.582,-0.245,5.058,-0.011,0.547,-0.258,-1.178,0.0,0.0,0.0,0.0,0.144,0.015,4.049,0.502,-5.367,0.412,5.248762806516197,V102E
0.041,-0.011,-0.506,0.003,0.216,0.105,-0.075,0.0,0.0,0.0,0.0,0.0,0.079,2.771,-0.003,-0.381,-0.023,2.214547730378399,V104W
0.0,0.0,0.0,0.0,0.0,0.0,0.0,0.0,0.0,0.0,0.0,0.0,0.0,0.0,0.0,0.0,0.0,0.0,T103T
-0.4,0.146,0.039,0.001,0.18,-0.259,1.06,0.0,0.0,0.0,0.658,0.0,0.0,3.169,0.489,-2.492,0.387,2.9774296015316395,T103N
-0.052,-0.017,0.715,-0.008,-0.044,-0.044,-0.333,0.0,0.0,0.0,0.0,0.0,0.079,1.453,0.321,-0.985,0.226,1.3078410982402602,V104M
0.935,-0.019,-0.888,-0.016,0.94,0.325,-0.765,0.0,0.0,0.0,0.0,0.0,0.079,3.03,0.159,-2.943,0.018,0.8525938515942926,V104H
2.296,-0.179,6.362,-0.014,0.253,-0.607,-1.992,0.0,0.0,0.0,0.0,1.2,0.015,3.337,0.072,-4.788,0.316,6.27030405083201,V102D
-1.409,13.973,-2.251,0.012,-0.029,-0.099,1.39,0.0,0.0,0.0,1.648,0.0,0.046,-0.002,1.255,1.491,0.977,17.001343486908127,T103V
-0.686,0.057,2.322,-0.009,0.759,0.593,-2.741,0.0,0.0,0.0,0.0,-0.398,0.079,2.598,0.36,-4.093,0.074,-1.086851137621352,V104Q
-0.571,-0.19,5.903,0.004,0.763,-0.594,0.142,0.0,0.0,0.0,0.0,0.0,0.015,4.395,0.427,-2.737,0.41,7.964936685522389,V102R
-0.937,0.054,-1.476,0.004,0.056,-0.264,1.777,0.0,0.0,0.0,1.648,0.0,0.0,1.721,0.804,0.506,0.57,4.461023273981709,T103M
-2.639,1.723,7.053,-0.014,0.309,0.38,0.308,0.0,0.0,0.0,0.0,0.186,0.015,4.75,0.401,-2.943,0.504,10.031430081393635,V102H
0.558,0.012,-1.371,0.004,0.111,-0.059,2.18,0.0,0.0,0.0,1.648,0.0,0.0,1.376,0.616,-1.246,0.542,4.371865518361574,T103R
0.642,-0.02,0.093,-0.013,0.198,0.051,-0.064,0.0,0.0,0.0,0.0,0.0,0.079,1.105,0.868,-3.983,0.421,-0.624976775343157,V104N
-0.016,0.006,0.104,0.009,0.019,0.007,0.059,0.0,0.0,0.0,0.0,0.0,0.0,0.085,-0.134,-0.339,0.097,-0.1046556912524465,V104I
-0.23,0.003,-0.5,0.018,0.025,0.069,0.242,0.0,0.0,0.0,0.0,0.0,0.0,0.438,-0.22,3.364,0.003,3.2120569592464108,D105F
0.009,0.004,-0.677,0.002,0.472,-0.163,1.358,0.0,0.0,0.0,1.648,0.0,0.0,1.922,0.63,-2.602,0.597,3.199795408788532,T103Q
0.228,-0.015,0.176,-0.008,0.011,0.002,-0.398,0.0,0.0,0.0,0.0,0.0,0.079,0.022,0.255,-1.491,0.126,-1.0159114253749522,V104T
0.067,0.0,-0.449,0.001,-0.036,0.057,-0.095,0.0,0.0,0.0,0.0,0.0,0.0,1.229,-0.445,-0.578,-0.279,-0.5288545216319562,D105E
-1.052,0.818,4.541,-0.004,0.802,1.156,-8.22,0.0,0.0,0.0,0.0,-0.279,0.079,2.833,0.308,-3.357,-0.156,-2.5348436819549534,V104K
0.342,0.002,-0.927,-0.003,-0.299,0.092,0.2,0.0,0.0,0.0,0.0,0.0,0.0,-1.291,-0.465,3.471,-0.161,0.9607898691906483,D105A
-1.245,-0.132,1.439,0.018,0.039,0.025,0.01,0.0,0.0,0.0,0.0,0.0,0.0,1.293,-0.066,-0.339,-0.046,0.9950746899348816,V102I
-2.753,10.728,0.426,0.0,0.078,-0.041,0.28,0.0,0.0,0.0,0.0,0.0,0.015,0.392,0.161,-0.981,0.309,8.613663975920417,V102L
0.086,0.0,-0.521,0.002,-0.184,0.076,0.181,0.0,0.0,0.0,0.0,0.0,0.0,-0.317,-0.235,1.432,-0.192,0.3282786389675038,D105K
0.0,0.0,0.0,0.0,0.0,0.0,0.0,0.0,0.0,0.0,0.0,0.0,0.0,0.0,0.0,0.0,0.0,0.0,D105D
0.42,49.99724610044952,3.721,-0.005,0.093,0.123,0.209,26.904,1.1,0.0,0.0,0.0,0.084,3.57,1.197,-4.286,11.367,49.999535514250034,V102P
-0.739,-0.015,3.076,0.002,0.628,-0.332,-2.213,0.0,0.0,0.0,0.0,0.0,0.079,1.657,0.211,-2.737,-0.128,-0.514035518654282,V104R
0.873,-0.017,-0.02,-0.018,-0.027,0.084,-0.336,0.0,0.0,0.0,0.0,0.0,0.079,0.511,0.594,-2.932,0.24,-0.972327151308491,V104S
0.129,0.01,-1.268,0.012,0.162,-0.08,2.182,0.0,0.0,0.0,1.648,0.0,0.0,1.471,0.749,1.11,0.81,6.934165883409378,T103W
0.0,0.0,0.0,0.0,0.0,0.0,0.0,0.0,0.0,0.0,0.0,0.0,0.0,0.0,0.0,0.0,0.0,0.0,V104V
0.658,-0.019,-0.923,0.002,0.588,0.388,-0.673,0.0,0.0,0.0,0.0,0.0,0.079,3.148,0.015,-2.06,-0.056,1.1444216051158946,V104Y
0.271,0.002,-0.376,-0.003,-0.275,-0.01,-0.19,0.0,0.0,0.0,0.0,0.0,0.0,-0.862,0.059,1.856,0.137,0.6083277911245659,D105S
-3.182,14.786,6.111,0.004,0.206,-0.144,1.287,0.0,0.0,0.0,0.0,-0.039,0.015,4.38,0.495,-3.357,0.392,20.95344480999665,V102K
0.116,0.001,-0.655,-0.003,-0.287,0.077,-0.063,0.0,0.0,0.0,0.0,0.0,0.0,-1.172,0.025,5.401,0.45,3.8886791939528393,D105C
-2.076,13.829,-1.366,-0.002,-0.264,0.149,-0.444,0.237,0.0,0.0,0.0,0.0,0.003,-1.115,1.609,0.503,11.052,22.11354470677543,D105P
1.723,-0.711,3.115,-0.008,0.012,-0.088,-0.521,0.0,0.0,0.0,0.0,0.0,0.015,0.015,0.557,-1.491,0.526,3.144489634162028,V102T
-0.063,0.0,-0.299,0.003,-0.045,-0.048,0.181,0.0,0.0,0.0,0.0,0.0,0.0,-0.285,0.261,0.806,0.353,0.8623559118580033,D105N
-0.317,0.014,-0.631,0.025,-0.224,0.027,0.283,0.0,0.0,0.0,0.0,0.0,-0.086,-1.129,-0.493,4.45,0.091,2.008603116313907,D105I
0.307,0.49,5.337,-0.01,0.48,0.161,-0.926,0.0,0.0,0.0,0.0,-1.043,0.015,2.766,0.512,-4.093,0.44,4.434915636440337,V102Q
0.0,0.0,0.0,0.0,0.0,0.0,0.0,0.0,0.0,0.0,0.0,0.0,0.0,0.0,0.0,0.0,0.0,0.0,V102V
-5.447,42.605691360422554,5.307,0.006,0.165,0.008,0.236,0.0,0.0,0.0,0.0,-0.087,0.015,3.507,0.449,-2.06,0.257,43.225427226786955,V102Y
0.783,-0.001,-0.97,-0.005,-0.299,0.078,0.094,0.0,0.0,0.0,0.0,0.0,-0.012,-1.291,0.31,2.944,0.683,2.313920374868303,D105G
-0.093,0.001,-0.588,0.014,-0.225,0.057,0.039,0.0,0.0,0.0,0.0,0.0,0.0,-1.007,-0.489,3.808,-0.064,1.4521489442597613,D105L
3.983,-0.285,4.119,-0.014,0.045,-0.231,-0.705,0.0,0.0,0.0,0.0,0.0,0.015,0.059,0.798,-2.932,0.602,5.451495063746052,V102S
-0.235,0.0,-0.677,0.003,0.045,0.04,0.157,0.0,0.0,0.0,0.0,0.0,0.0,1.021,-0.153,1.845,0.012,2.0577754695984822,D105H
-4.006,1.777,1.226,0.002,0.011,0.148,-0.302,0.0,0.0,0.0,0.0,0.0,0.035,0.327,-0.12,2.457,-0.074,1.4794515764315292,G106C
-2.175,0.578,-0.675,0.001,0.0,0.159,0.064,0.0,0.0,0.0,0.0,0.0,0.035,0.0,-0.319,0.527,-0.619,-2.426329626094457,G106A
0.074,0.001,-0.505,0.006,-0.103,0.076,0.212,0.0,0.0,0.0,0.0,0.0,0.0,0.243,-0.333,2.051,-0.19,1.532585809198963,D105R
0.069,0.0,-0.472,0.002,-0.114,0.06,0.06,0.0,0.0,0.0,0.0,0.0,0.0,0.934,-0.32,0.695,-0.014,0.9012375096992856,D105Q
-0.137,0.0,-0.473,0.009,-0.217,0.073,0.123,0.0,0.0,0.0,0.0,0.0,0.0,-0.081,-0.225,3.803,0.149,3.024618169087489,D105M
0.006,0.002,-0.462,0.007,-0.233,-0.051,-0.172,0.0,0.0,0.0,0.0,0.0,0.0,-1.228,-0.152,3.298,0.145,1.1592302294220644,D105T
-0.321,0.009,-0.828,0.016,-0.244,0.026,0.204,0.0,0.0,0.0,0.0,0.0,-0.086,-1.276,-0.387,4.789,-0.008,1.8918899719628823,D105V
-6.814,49.99928569245789,1.299,0.002,0.035,0.132,1.0,17.661,0.0,0.0,1.648,0.0,0.077,0.459,1.423,-2.441,10.816,49.999740299075704,G106P
-0.934,0.042,-0.54,0.016,0.164,0.043,0.195,0.0,0.0,0.0,0.0,0.0,0.0,0.076,-0.246,4.407,-0.041,3.182025008158462,D105W
-0.216,0.002,-0.5,0.017,0.034,0.069,0.2,0.0,0.0,0.0,0.0,0.0,0.0,0.476,-0.164,2.728,-0.019,2.6285696344750704,D105Y
0.0,0.0,0.0,0.0,0.0,0.0,0.0,0.0,0.0,0.0,0.0,0.0,0.0,0.0,0.0,0.0,0.0,0.0,G106G
-5.42,15.8,-0.57,0.02,0.054,0.136,0.121,0.0,0.0,0.0,0.0,0.0,0.007,0.347,-0.721,1.845,-0.752,10.865384041031804,G106V
-6.988,13.153,0.11,0.029,0.072,0.241,0.009,0.0,0.0,0.0,0.0,0.0,0.007,0.417,-0.847,1.506,-0.685,7.0236006005370655,G106I
-0.855,0.189,-2.307,0.012,-0.223,0.379,-0.541,0.0,0.0,0.0,0.0,0.0,0.0,-1.03,-0.472,3.808,-0.049,-1.089931582484951,D108L
-4.435,0.915,3.543,0.006,0.25,-0.163,0.316,0.0,0.0,0.0,0.0,0.0,0.035,1.168,0.181,-2.138,-0.277,-0.6022137811198718,G106N
-5.506,1.73,4.022,0.006,0.106,0.099,-0.077,0.0,0.0,0.0,0.0,0.0,0.035,1.633,-0.335,-1.512,-0.854,-0.6541217835372208,G106K
-3.991,1.187,4.873,0.003,0.284,0.048,-3.902,0.0,0.0,0.0,-0.66,-0.248,0.035,2.755,-0.105,-2.944,-0.554,-3.2207271973311435,G106D
-6.905,1.6,1.861,0.007,0.004,0.166,-0.122,0.0,0.0,0.0,0.0,0.0,0.035,1.478,-0.313,0.86,-0.43,-1.7626380808940212,G106M
-4.268,1.35,1.894,0.009,0.062,-0.181,-1.225,0.0,0.0,0.0,0.0,-0.623,0.035,0.71,-0.425,0.354,-0.596,-2.907050725395948,G106T
-5.57,1.568,1.677,0.057,0.215,0.242,0.054,0.0,0.0,0.0,0.0,0.0,0.035,3.917,-0.73,0.421,-0.833,1.0523597079115916,G106F
-5.763,2.311,6.635,0.005,0.248,0.43,-3.286,0.0,0.0,0.0,-1.64,0.0,0.035,3.513,-0.416,-3.522,-0.809,-2.262775371978478,G106E
0.238,36.215,0.095,0.001,-0.13,-0.115,-0.037,0.0,0.0,0.0,0.0,0.0,-0.099,-0.359,-0.025,0.982,0.036,36.80001757719469,L107V
1.684,-1.063,3.635,-0.013,0.44,-0.403,-0.193,0.0,0.0,0.0,0.0,0.0,0.0,1.629,0.802,-3.001,0.432,3.947416688207341,L107N
-5.306,3.335,1.239,0.018,0.074,0.165,-0.029,0.0,0.0,0.0,0.0,0.0,0.035,1.129,-0.599,0.864,-0.762,0.1609992407277332,G106L
-2.725,0.726,2.724,0.001,0.023,-0.16,-0.55,0.0,0.0,0.0,0.0,-0.858,0.035,0.568,-0.059,-1.087,-0.431,-1.7941277765896757,G106S
5.778,-1.297,1.44,-0.018,-0.181,-0.06,0.089,0.0,0.0,0.0,0.0,0.0,0.0,-0.687,0.818,-0.863,0.79,5.808091601907336,L107G
0.343,-0.728,3.818,-0.006,0.102,-0.443,-0.155,0.0,0.0,0.0,0.0,0.0,0.0,1.362,0.199,-1.756,-0.09,2.6446308180679807,L107R
0.0,0.0,0.0,0.0,0.0,0.0,0.0,0.0,0.0,0.0,0.0,0.0,0.0,0.0,0.0,0.0,0.0,0.0,D108D
-1.44,0.329,-1.103,0.002,0.047,0.084,-0.497,0.0,0.0,0.0,0.0,0.0,0.0,0.983,-0.11,1.845,0.03,0.1688338212693452,D108H
1.04,-0.395,3.462,-0.007,0.181,-0.314,-0.09,0.0,0.0,0.0,0.0,0.0,0.0,1.284,0.265,-2.376,-0.106,2.9451216601185024,L107K
1.462,-1.074,2.331,-0.007,-0.155,-0.025,-0.112,0.0,0.0,0.0,0.0,0.0,0.0,1.063,0.311,-0.004,0.234,4.023852802735519,L107M
-6.646,2.293,4.758,0.01,0.187,0.529,0.041,0.0,0.0,0.0,-0.08,0.0,0.035,2.092,-0.396,-0.893,-0.798,1.1308505146153038,G106R
-0.036,0.018,-2.331,-0.003,-0.284,0.383,-1.045,0.0,0.0,0.0,0.0,0.0,0.0,-1.17,0.051,5.401,0.445,1.429789232586927,D108C
-6.796,1.433,2.674,0.011,0.573,-0.012,-0.162,0.0,0.0,0.0,0.0,0.0,0.035,3.466,-0.606,-1.098,-0.741,-1.2266551661557514,G106H
-6.192,2.798,4.724,0.005,0.174,0.329,-1.715,0.0,0.0,0.0,-1.825,0.0,0.035,3.013,-0.2,-2.249,-0.604,-1.7074680702151,G106Q
1.552,-1.096,2.99,-0.009,0.048,-0.395,0.128,0.0,0.0,0.0,0.0,0.0,0.0,2.426,0.241,-3.112,0.062,2.833460365171959,L107Q
-5.482,1.711,1.686,0.055,0.229,0.195,0.024,0.0,0.0,0.0,0.0,0.0,0.035,3.855,-0.674,-0.216,-0.783,0.6345911053724649,G106Y
2.544,-1.131,1.608,-0.015,-0.136,0.01,-0.279,0.0,0.0,0.0,0.0,0.0,0.0,0.496,0.505,1.594,0.552,5.746949599444179,L107C
-1.056,0.282,-2.28,0.024,-0.222,0.318,-0.432,0.0,0.0,0.0,0.0,0.0,-0.13,-1.085,-0.433,4.45,0.107,-0.4587873174193646,D108I
-6.822,1.769,1.898,0.027,0.276,0.092,-0.201,0.0,0.0,0.0,0.0,0.0,0.035,4.051,-0.718,1.463,-0.714,1.1528177891382256,G106W
-0.186,0.59,-2.743,0.015,-0.242,0.412,-0.555,0.0,0.0,0.0,0.0,0.0,-0.13,-1.245,-0.332,4.789,0.009,0.3816188083308134,D108V
4.054,-1.099,0.735,-0.016,-0.181,0.093,0.155,0.0,0.0,0.0,0.0,0.0,0.0,-0.687,0.144,-0.336,0.026,2.884449950487124,L107A
1.314,-0.004,-3.104,-0.003,-0.295,0.533,-0.463,0.0,0.0,0.0,0.0,0.0,0.0,-1.282,-0.466,3.471,-0.173,-0.4727059926835864,D108A
2.403,-0.01,-2.848,-0.004,-0.295,0.475,-0.501,0.0,0.0,0.0,0.0,0.0,-0.023,-1.282,0.323,2.944,0.684,1.865149641273092,D108G
-0.706,0.129,-0.153,0.001,-0.036,0.03,0.413,0.0,0.0,0.0,0.0,0.0,0.0,1.228,-0.444,-0.578,-0.278,-0.3949025098736456,D108E
0.0,0.0,0.0,0.0,0.0,0.0,0.0,0.0,0.0,0.0,0.0,0.0,0.0,0.0,0.0,0.0,0.0,0.0,L107L
-0.382,-0.696,3.765,-0.014,0.48,-0.07,-0.52,0.0,0.0,0.0,0.0,0.0,0.0,2.096,0.249,-1.962,0.047,2.992283210877531,L107H
-1.806,4.158,0.412,0.005,0.101,-0.015,-0.455,0.0,0.0,0.0,0.0,0.0,0.0,1.828,0.167,-0.443,0.04,3.991141512308104,L107F
-1.51,0.219,-0.885,0.006,-0.102,0.079,-1.16,0.0,0.0,0.0,0.0,0.0,0.0,0.235,-0.323,2.051,-0.181,-1.5695460967542658,D108R
-2.241,49.99994610055371,2.439,-0.016,-0.147,0.006,1.78,0.182,0.905,0.0,0.0,0.0,-0.028,-0.023,2.407,-3.304,10.441,49.99996717913954,L107P
1.861,1.909,3.533,-0.008,-0.119,-0.075,-1.126,0.0,0.0,0.0,0.0,0.0,0.0,-0.326,0.248,-0.509,0.2,5.587520520911539,L107T
-1.998,0.102,-2.468,0.022,-0.012,0.316,-0.345,0.0,0.0,0.0,0.0,0.0,0.0,1.891,-0.184,4.407,-0.033,1.6979220793425611,D108W
2.29,-1.11,4.845,-0.015,0.49,-0.306,0.426,0.0,0.0,0.0,0.0,0.0,0.0,2.168,0.53,-3.807,0.091,5.6018081657664425,L107D
0.0,0.0,0.0,0.0,0.0,0.0,0.0,0.0,0.0,0.0,0.0,0.0,0.0,0.0,0.0,0.0,0.0,0.0,A109A
-1.096,1.169,-0.809,0.002,-0.182,0.072,-0.828,0.0,0.0,0.0,0.0,0.0,0.0,-0.331,-0.224,1.432,-0.183,-0.976420823310491,D108K
-4.055,49.99684479360446,-1.977,-0.002,-0.26,0.647,0.148,1.008,1.096,0.0,0.0,0.0,-0.014,-1.087,1.57,0.503,2.943,49.996909631943915,D108P
-1.434,0.486,-2.523,0.011,-0.078,0.443,-0.623,0.0,0.0,0.0,0.0,0.0,0.0,0.891,-0.217,3.803,0.156,0.9156697097307642,D108M
-1.559,1.254,-2.665,0.046,-0.081,0.277,-0.401,0.0,0.0,0.0,0.0,0.0,0.0,1.446,-0.152,3.364,0.028,1.5558891142686662,D108F
-1.797,44.719,1.044,0.01,-0.1,-0.341,0.135,0.0,0.0,0.0,0.0,0.0,-0.099,-0.49,-0.133,0.643,0.119,43.708037416581874,L107I
3.714,-1.113,2.993,-0.016,-0.109,-0.193,-0.431,0.0,0.0,0.0,0.0,0.0,0.0,0.124,0.554,-1.951,0.256,3.8287674379939753,L107S
1.825,-1.099,3.937,-0.01,0.16,-0.337,0.321,0.0,0.0,0.0,0.0,0.0,0.0,2.189,0.082,-4.386,-0.151,2.529907890014101,L107E
-0.344,0.012,-0.869,0.002,-0.044,-0.117,-0.702,0.0,0.0,0.0,0.0,0.0,0.0,-0.278,0.25,0.806,0.357,-0.926331203811742,D108N
-0.906,0.191,-0.968,0.002,-0.105,-0.026,-0.312,0.0,0.0,0.0,0.0,0.0,0.0,1.217,-0.326,0.695,-0.007,-0.5447492309767767,D108Q
-2.68,0.244,1.905,0.041,0.239,-0.114,0.157,0.0,0.0,0.0,0.0,0.0,0.0,2.722,0.263,-0.742,0.116,2.149351408862003,A109Y
-1.785,2.219,-2.538,0.042,-0.064,0.182,-0.441,0.0,0.0,0.0,0.0,0.0,0.0,1.36,-0.099,2.728,0.0,1.6043441985148092,D108Y
-2.587,5.059,2.024,0.005,0.112,0.031,-0.584,0.0,0.0,0.0,0.0,0.0,0.0,1.836,0.229,-1.079,0.047,5.090369182785935,L107Y
0.622,-0.005,-1.22,0.006,-0.231,0.339,-1.454,0.0,0.0,0.0,0.0,0.0,0.0,-1.194,-0.106,3.298,0.164,0.2188718444019741,D108T
-1.515,0.245,1.545,0.001,0.012,-0.024,-0.899,0.0,0.0,0.0,0.0,0.0,0.0,0.115,0.452,1.93,0.571,2.4338761104879723,A109C
-2.402,0.776,3.102,0.009,0.199,-0.093,-0.672,0.0,0.0,0.0,0.0,0.0,0.0,1.508,0.107,-1.419,-0.054,1.0618209458300498,A109R
0.94,-0.004,-1.24,-0.003,-0.272,0.414,-1.367,0.0,0.0,0.0,0.0,0.0,0.0,-0.835,0.074,1.856,0.132,-0.305443280835334,D108S
-2.4,0.51,3.376,0.003,0.217,0.44,-0.802,0.0,0.0,0.0,0.0,0.0,0.0,0.55,0.137,0.6,0.054,2.6828415233915166,L107W
-2.591,0.129,1.862,0.045,0.223,-0.102,0.398,0.0,0.0,0.0,0.0,0.0,0.0,2.822,0.206,-0.106,0.129,3.015031954162623,A109F
-3.662,0.129,2.104,0.024,0.31,-0.235,0.389,0.0,0.0,0.0,0.0,0.0,0.0,2.285,0.174,0.937,0.097,2.5513577826493474,A109W
-4.833,49.994906554438174,1.986,0.001,0.036,0.206,0.401,3.434,0.939,0.0,0.0,0.0,-0.016,0.289,2.191,-2.968,11.451,49.996986009743985,A109P
-1.417,0.043,4.114,0.003,0.306,-0.509,1.183,0.0,0.0,0.0,0.0,0.0,0.0,1.319,0.436,-3.47,0.123,2.1292086434771136,A109D
-0.403,-0.003,2.671,0.0,0.024,-0.228,-1.472,0.0,0.0,0.0,0.0,0.0,0.0,0.415,0.487,-1.614,0.272,0.1494006593181893,A109S
-2.189,5.433,4.096,0.004,0.049,0.318,-0.613,0.0,0.0,0.0,0.0,0.0,0.0,1.681,0.247,-0.173,0.272,9.124143480728662,A109T
-2.389,0.066,2.943,0.005,0.351,-0.356,0.297,0.0,0.0,0.0,0.0,0.0,0.0,2.299,0.259,-1.625,0.129,1.9785567176934364,A109H
1.578,-0.703,0.262,-0.004,-0.151,-0.168,0.132,0.0,0.0,0.0,0.0,0.0,-0.009,-0.495,0.751,-0.526,0.824,1.4919511766474898,A109G
-2.65,0.971,2.406,0.003,0.046,-0.141,-0.14,0.0,0.0,0.0,0.0,0.0,0.0,1.59,0.212,0.333,0.274,2.9056210708788512,A109M
-3.182,27.855,1.212,0.03,0.211,-0.082,0.144,0.0,0.0,0.0,0.0,0.0,-0.109,0.865,-0.095,0.979,0.205,28.030649519320605,A109I
-2.306,0.709,3.035,0.006,0.118,-0.16,-0.127,0.0,0.0,0.0,0.0,0.0,0.0,0.959,0.192,-2.039,-0.06,0.32767794223696,A109K
-2.8,1.002,1.802,0.014,0.078,-0.102,0.046,0.0,0.0,0.0,0.0,0.0,0.0,0.278,-0.07,0.337,0.06,0.646233528536186,A109L
-2.19,0.773,4.013,0.005,0.269,-0.393,0.427,0.0,0.0,0.0,0.0,0.0,0.0,2.521,-0.023,-4.049,-0.136,1.2162943916443965,A109E
-2.472,30.191,0.608,0.02,0.19,-0.053,-0.17,0.0,0.0,0.0,0.0,0.0,-0.109,0.718,0.006,1.318,0.113,30.35907567984418,A109V
5.737,-0.813,0.258,-0.015,-0.074,0.262,-0.033,0.0,0.0,0.0,0.0,0.0,0.0,-0.224,0.057,-0.336,-0.093,4.725084042851222,L110A
-1.744,-0.047,3.147,0.005,0.261,-0.691,-0.031,0.0,0.0,0.0,0.0,0.0,0.0,1.015,0.692,-2.665,0.478,0.4195756893614089,A109N
-2.38,0.797,3.225,0.005,0.198,-0.365,-0.556,0.0,0.0,0.0,0.0,0.0,0.0,2.484,0.109,-2.775,0.107,0.8487614052705794,A109Q
-1.811,-0.606,1.696,0.028,0.189,-0.056,0.014,0.0,0.0,0.0,0.0,0.0,0.0,3.067,0.408,-1.079,0.064,1.9127623309846056,L110Y
0.974,49.99442579491591,2.0,-0.015,-0.039,0.447,0.796,21.107,1.317,0.0,0.0,0.0,-0.001,0.489,2.215,-3.304,2.626,49.998225138276666,L110P
1.525,-0.654,5.797,-0.011,0.187,-0.075,-0.479,0.0,0.0,0.0,0.0,0.0,0.0,2.28,0.022,-4.386,-0.212,3.9934542972382583,L110E
0.0,0.0,0.0,0.0,0.0,0.0,0.0,0.0,0.0,0.0,0.0,0.0,0.0,0.0,0.0,0.0,0.0,0.0,L110L
0.288,4.424,-0.194,0.01,0.013,0.094,-0.002,0.0,0.0,0.0,0.0,0.0,-0.11,-0.007,0.043,0.643,0.148,5.346748902555646,L110I
2.925,3.885,2.054,-0.009,-0.011,-0.08,-1.282,0.0,0.0,0.0,0.0,0.0,0.0,0.235,0.355,-0.509,0.22,7.782083591958099,L110T
0.279,-0.628,1.516,-0.012,-0.03,0.145,-0.183,0.0,0.0,0.0,0.0,0.0,0.0,1.4,0.27,-0.004,0.201,2.9524168361681404,L110M
2.439,-0.795,4.412,-0.01,0.182,-0.577,-0.175,0.0,0.0,0.0,0.0,0.0,0.0,0.792,0.72,-3.001,0.402,4.385816870617873,L110N
-1.446,-0.601,1.087,0.029,0.177,-0.023,0.576,0.0,0.0,0.0,0.0,0.0,0.0,3.132,0.355,-0.443,0.085,2.9272236863362195,L110F
0.156,-0.694,4.186,-0.01,0.27,-0.434,0.024,0.0,0.0,0.0,0.0,0.0,0.0,1.994,0.368,-1.962,0.073,3.971372837591844,L110H
0.258,-0.614,5.282,-0.008,0.14,0.044,0.723,0.0,0.0,0.0,0.0,0.0,0.0,2.075,0.258,-2.376,-0.126,5.65435182482247,L110K
-1.928,2.641,5.525,-0.004,0.265,-0.113,0.471,0.0,0.0,0.0,0.0,0.0,0.0,2.423,0.17,-1.756,-0.118,7.576151756101353,L110R
3.35,-0.77,5.902,-0.013,0.227,-0.365,-0.228,0.0,0.0,0.0,0.0,0.0,0.0,1.084,0.481,-3.807,0.04,5.900166283747467,L110D
5.235,-0.774,3.55,-0.015,-0.05,-0.088,-0.929,0.0,0.0,0.0,0.0,0.0,0.0,0.217,0.558,-1.951,0.183,5.9353289597781895,L110S
0.661,-0.66,4.054,-0.01,0.117,-0.16,-0.205,0.0,0.0,0.0,0.0,0.0,0.0,2.259,0.143,-3.112,0.034,3.118720388367592,L110Q
7.805,-0.923,1.741,-0.017,-0.074,0.083,-0.107,0.0,0.0,0.0,0.0,0.0,-0.007,-0.224,0.827,-0.863,0.748,8.98691536672436,L110G
3.491,-0.759,1.87,-0.015,-0.062,0.174,-0.719,0.0,0.0,0.0,0.0,0.0,0.0,-0.118,0.54,1.594,0.475,6.469185467327407,L110C
1.962,4.32,-0.234,0.001,-0.007,0.234,-0.232,0.0,0.0,0.0,0.0,0.0,-0.11,-0.179,0.132,0.982,0.059,6.92658919168025,L110V
-5.236,8.384,1.101,0.028,0.273,-0.18,0.461,0.0,0.0,0.0,0.0,0.0,0.0,2.885,0.319,0.6,0.03,8.664538995272778,L110W
-2.488,0.062,2.034,0.006,0.269,-0.357,-0.005,0.0,0.0,0.0,0.0,0.0,0.042,1.037,-0.149,-2.138,-0.285,-1.9716642178041184,G112N
-1.174,0.726,2.838,0.009,0.06,-0.046,-1.323,0.0,0.0,0.0,0.0,0.0,0.0,-0.002,0.049,-0.173,0.13,1.0938237084465072,A111T
-0.533,-0.02,2.248,0.002,0.633,-0.101,-0.035,0.0,0.0,0.0,0.0,0.0,0.0,2.78,0.378,-3.47,0.095,1.977522774102681,A111D
-0.594,-0.007,1.554,0.008,0.171,-0.035,-0.144,0.0,0.0,0.0,0.0,0.0,0.0,1.083,0.111,-2.039,-0.157,-0.0499959050509914,A111K
0.0,0.0,0.0,0.0,0.0,0.0,0.0,0.0,0.0,0.0,0.0,0.0,0.0,0.0,0.0,0.0,0.0,0.0,A111A
-0.422,-0.003,1.177,0.002,0.042,-0.044,-0.305,0.0,0.0,0.0,0.0,0.0,0.0,0.978,0.322,1.93,0.554,4.230297881602155,A111C
-6.299,49.99934667532515,1.581,0.003,0.039,0.163,1.349,1.958,1.138,0.0,0.0,0.0,-0.053,0.481,2.052,-2.968,3.212,49.9994125147307,A111P
-0.608,-0.001,1.833,0.006,0.29,-0.09,0.341,0.0,0.0,0.0,0.0,0.0,0.0,3.521,-0.031,-4.049,-0.171,1.0396483476256435,A111E
-1.269,0.031,1.091,0.016,0.163,-0.065,-0.131,0.0,0.0,0.0,0.0,0.0,0.0,0.553,-0.16,0.337,-0.052,0.5134364578404984,A111L
-3.069,0.162,1.368,0.02,0.425,0.118,-0.121,0.0,0.0,0.0,0.0,0.0,0.0,2.033,-0.159,0.937,-0.011,1.701947947511144,A111W
-3.894,13.948,0.921,0.027,0.069,0.062,-0.067,0.0,0.0,0.0,0.0,0.0,-0.092,0.062,-0.352,0.979,0.068,11.728608044193152,A111I
-1.005,0.011,1.372,0.021,0.249,-0.027,-0.063,0.0,0.0,0.0,0.0,0.0,0.0,1.491,-0.153,-0.106,-0.057,1.732953898430651,A111F
1.478,-0.136,0.484,-0.001,0.0,-0.198,-0.017,0.0,0.0,0.0,0.0,0.0,-0.007,0.0,0.593,-0.526,0.721,2.38962651859515,A111G
-0.746,-0.006,1.772,0.003,0.612,-0.058,-0.479,0.0,0.0,0.0,0.0,0.0,0.0,1.399,-0.004,-1.625,-0.005,0.8633564467793349,A111H
-0.744,-0.028,1.905,0.004,0.583,-0.166,-0.306,0.0,0.0,0.0,0.0,0.0,0.0,2.19,0.672,-2.665,0.404,1.8495054069276196,A111N
-2.853,0.211,1.595,0.008,0.011,0.051,-0.108,0.0,0.0,0.0,0.0,0.0,0.042,1.157,-0.506,0.86,-0.463,0.0044083883994971,G112M
-2.278,0.515,1.08,0.01,0.217,-0.062,-0.095,0.0,0.0,0.0,0.0,0.0,0.0,1.7,0.136,0.333,0.207,1.7626246721158625,A111M
-2.973,0.077,1.838,0.006,0.357,-0.244,0.226,0.0,0.0,0.0,0.0,0.0,0.042,2.223,-0.288,-1.098,-0.555,-0.3897210690024622,G112H
-1.08,0.036,3.021,0.018,1.052,0.681,-4.382,0.0,0.0,0.0,0.0,-1.122,0.0,3.571,0.032,-1.419,-0.132,0.2755469604494465,A111R
-2.366,0.098,0.913,0.002,0.012,0.163,-0.67,0.0,0.0,0.0,0.0,0.0,0.042,0.145,-0.173,2.457,-0.225,0.3972989569344918,G112C
-0.136,0.023,1.631,0.001,0.067,-0.201,-0.365,0.0,0.0,0.0,0.0,0.0,0.0,0.623,0.388,-1.614,0.232,0.6476524891115787,A111S
-1.005,0.001,1.359,0.021,0.262,-0.03,-0.012,0.0,0.0,0.0,0.0,0.0,0.0,1.5,-0.095,-0.742,-0.04,1.2188255369915169,A111Y
-1.237,0.051,-0.182,0.001,0.0,0.142,-0.061,0.0,0.0,0.0,0.0,0.0,0.042,0.0,-0.818,0.527,-0.88,-2.415015723987608,G112A
-2.492,16.581,0.219,0.018,0.05,0.05,-0.213,0.0,0.0,0.0,0.0,0.0,-0.092,-0.025,-0.226,1.318,-0.019,15.1680560955283,A111V
-3.123,0.088,1.091,0.051,0.226,-0.015,0.225,0.0,0.0,0.0,0.0,0.0,0.042,2.632,-0.244,0.421,-0.539,0.8560944522619138,G112F
-1.67,-0.009,2.229,0.009,0.825,-0.351,-0.392,0.0,0.0,0.0,0.0,0.0,0.0,2.532,0.145,-2.775,0.048,0.5906912737586936,A111Q
0.0,0.0,0.0,0.0,0.0,0.0,0.0,0.0,0.0,0.0,0.0,0.0,0.0,0.0,0.0,0.0,0.0,0.0,G112G
-2.252,0.076,2.735,0.004,0.314,-0.244,0.652,0.0,0.0,0.0,0.0,0.0,0.042,1.281,-0.357,-2.944,-0.636,-1.3267494540289135,G112D
-2.896,0.226,2.12,0.007,0.193,-0.04,-0.266,0.0,0.0,0.0,0.0,0.0,0.042,2.277,-0.65,-2.249,-0.619,-1.8546624455705116,G112Q
-5.936,49.996345026237826,1.115,0.002,0.035,0.234,0.907,0.456,1.175,0.0,0.0,0.0,0.054,0.177,0.746,-2.441,1.316,49.996015151383574,G112P
-2.749,0.221,2.692,0.006,0.276,-0.181,0.311,0.0,0.0,0.0,0.0,0.0,0.042,2.544,-0.749,-3.522,-0.915,-2.023523088419097,G112E
-2.185,0.052,1.878,0.013,0.068,0.074,-0.924,0.0,0.0,0.0,0.0,0.0,0.042,0.209,-0.22,0.354,-0.41,-1.0499018114107912,G112T
-3.551,0.247,1.126,0.033,0.078,0.262,0.109,0.0,0.0,0.0,0.0,0.0,-0.04,0.4,-0.496,1.506,-0.487,-0.8152759938036525,G112I
-2.937,0.346,1.149,0.017,0.082,0.068,-0.087,0.0,0.0,0.0,0.0,0.0,0.042,0.226,-0.717,0.864,-0.624,-1.5711789989684348,G112L
-4.07,0.141,1.108,0.026,0.315,-0.162,0.292,0.0,0.0,0.0,0.0,0.0,0.042,2.267,-0.309,1.463,-0.673,0.4398406527091083,G112W
-3.159,0.21,4.834,0.014,0.549,0.535,-5.599,0.0,0.0,0.0,0.0,-0.687,0.042,3.395,-0.515,-1.512,-0.806,-2.698970262165858,G112K
-2.934,0.722,0.598,0.024,0.056,0.274,-0.074,0.0,0.0,0.0,0.0,0.0,-0.04,0.198,-0.407,1.845,-0.568,-0.3075467457899776,G112V
0.08,-0.015,0.433,-0.005,0.177,-0.237,-0.704,0.0,0.0,0.0,0.0,0.0,0.0,0.042,-0.159,0.579,0.155,0.3466019214520202,E115D
-1.53,0.075,1.749,0.001,0.025,0.04,-0.886,0.0,0.0,0.0,0.0,0.0,0.042,0.615,-0.222,-1.087,-0.547,-1.725227789574319,G112S
-4.819,42.46255160892642,2.627,0.001,0.012,0.09,-1.74,0.0,0.0,0.0,0.0,0.0,0.0,0.686,0.483,1.93,0.365,42.360308666435245,A113C
0.0,0.0,0.0,0.0,0.0,0.0,0.0,0.0,0.0,0.0,0.0,0.0,0.0,0.0,0.0,0.0,0.0,0.0,E115E
-2.776,0.221,1.829,0.01,0.203,0.09,-0.413,0.0,0.0,0.0,0.0,0.0,0.042,1.523,-0.625,-0.893,-0.787,-1.5752931137656103,G112R
0.0,0.0,0.0,0.0,0.0,0.0,0.0,0.0,0.0,0.0,0.0,0.0,0.0,0.0,0.0,0.0,0.0,0.0,A113A
-3.635,1.41,1.12,0.022,0.239,0.032,-0.038,0.0,0.0,0.0,0.0,0.0,0.042,2.257,-0.195,-0.216,-0.596,0.4432213895115637,G112Y
-0.207,-0.016,0.248,-0.004,0.006,-0.173,-0.952,0.0,0.0,0.0,0.0,0.0,0.0,-0.754,0.022,2.424,0.243,0.8369214651359016,E115H
-6.092,49.031725580624844,9.523,0.005,0.301,0.008,-0.766,0.0,0.0,0.0,0.0,-0.492,0.0,4.433,0.243,-2.665,0.566,49.20791235613358,A113N
-0.361,-0.01,0.019,0.012,-0.086,-0.111,-0.751,0.0,0.0,0.0,0.0,0.0,0.0,-0.643,0.126,4.986,0.114,3.293411730861408,E115W
-6.454,49.98683879029939,3.621,0.001,0.036,0.207,1.331,13.245,0.963,0.0,0.0,0.0,-0.031,1.131,-0.264,-2.968,10.131,49.994306267281615,A113P
-8.003,49.9458659175369,8.844,0.093,0.861,0.159,1.862,0.0,0.0,0.0,0.0,0.0,0.0,6.616,0.116,-2.039,0.064,49.96157442626872,A113K
-0.208,0.014,-0.182,0.008,-0.241,-0.049,-0.644,0.0,0.0,0.0,0.0,0.0,0.0,-2.042,0.046,4.386,0.171,1.260135214734191,E115L
-14.278,50.0,6.008,0.015,0.12,0.225,-0.183,0.0,0.0,0.0,0.0,0.0,0.0,1.852,0.09,0.937,0.256,50.0,A113W
-0.355,-0.019,-0.03,0.014,-0.243,-0.078,-0.685,0.0,0.0,0.0,0.0,0.0,0.0,-0.815,0.27,3.943,0.109,2.1105610049251027,E115F
-11.878,49.989849692945064,11.223,0.04,1.887,0.195,1.842,0.0,0.0,0.0,0.0,0.0,0.0,7.107,0.03,-1.419,0.159,49.992970658117734,A113R
0.432,-0.034,-1.019,-0.006,-0.313,-0.043,-0.652,0.0,0.0,0.0,0.0,0.0,0.0,-2.335,0.171,4.05,0.039,0.2890198939094262,E115A
7.96,-1.52,1.181,-0.015,-0.1,0.324,0.092,0.0,0.0,0.0,0.0,0.0,0.0,-0.026,0.424,-0.336,0.203,8.187555368184576,L114A
-0.725,0.062,-0.358,0.025,-0.217,-0.009,-0.686,0.0,0.0,0.0,0.0,0.0,-0.036,-1.115,0.267,5.029,0.257,2.4919126705942745,E115I
-5.095,45.44324051938675,13.564,0.004,0.287,0.398,-3.69,0.0,0.0,0.0,0.0,0.0,0.0,4.851,0.124,-3.47,0.297,46.5534886942616,A113D
3.292,-0.614,0.97,-0.002,0.0,-0.292,0.2,0.0,0.0,0.0,0.0,0.0,0.009,0.0,0.596,-0.526,0.695,4.3271168917112846,A113G
-3.183,49.998374607685555,0.084,-0.005,-0.208,0.148,-0.16,12.898,0.947,0.0,0.0,0.0,-0.01,-0.585,-0.655,1.082,10.395,49.99929115560282,E115P
-14.165,50.0,5.562,0.032,0.427,0.022,0.521,0.0,0.0,0.0,0.0,0.0,0.0,5.232,0.355,-0.106,0.488,50.0,A113F
-10.299,49.999989170426964,6.338,0.018,0.389,0.143,1.099,0.0,0.0,0.0,0.0,0.0,0.0,4.56,0.09,0.333,0.367,49.99999041017692,A113M
-0.099,-0.013,0.302,-0.002,0.093,-0.25,-1.066,0.0,0.0,0.0,0.0,0.0,0.0,-0.194,0.097,1.385,0.353,0.6049335193613388,E115N
1.131,-0.046,-1.013,-0.008,-0.313,-0.169,-0.66,0.0,0.0,0.0,0.0,0.0,-0.056,-2.335,1.105,3.523,1.074,2.233382165446756,E115G
-1.943,10.058,0.606,0.003,0.014,0.124,-0.869,0.0,0.0,0.0,0.0,0.0,0.089,0.021,3.111,2.457,6.573,20.243643907591377,G116C
-8.797,49.84556397838423,11.337,0.019,1.045,-0.144,0.058,0.0,0.0,0.0,0.0,0.0,0.0,6.586,-0.131,-4.049,0.017,49.87819782136749,A113E
-2.646,12.107,0.784,0.063,0.129,0.054,-0.683,0.0,0.0,0.0,0.0,0.0,0.132,0.548,4.795,1.506,10.761,27.551106790765743,G116I
-2.078,11.793,1.795,0.007,0.833,0.039,-0.072,0.0,0.0,0.0,0.0,0.0,0.089,3.482,3.664,-3.522,3.852,19.882373148888064,G116E
-1.99,10.664,2.958,0.004,0.33,-0.493,0.023,0.0,0.0,0.0,0.0,0.0,0.089,1.594,2.779,-2.944,2.967,15.98064054463589,G116D
-9.068,49.616093508226456,9.348,0.029,0.979,-0.333,0.255,0.0,0.0,0.0,0.0,0.0,0.0,7.698,0.029,-2.775,0.224,49.702387002397565,A113Q
-0.364,-0.022,-0.055,0.014,-0.205,-0.079,-0.624,0.0,0.0,0.0,0.0,0.0,0.0,-0.899,0.116,3.307,0.074,1.2620466483379005,E115Y
0.109,-0.021,-0.495,-0.005,-0.282,-0.077,-0.863,0.0,0.0,0.0,0.0,0.0,0.0,-2.183,0.208,5.98,0.074,2.4450367255656147,E115C
-15.041,50.0,7.821,0.031,0.447,-0.023,-0.197,0.0,0.0,0.0,0.0,0.0,0.0,5.4,0.353,-0.742,0.42,50.0,A113Y
-3.52,8.705,2.745,0.009,0.682,-0.141,-0.775,0.0,0.0,0.0,0.0,0.0,0.089,3.771,2.842,-1.098,2.774,16.083832352318268,G116H
-1.186,1.117,6.131,0.0,0.026,-0.03,-1.333,0.0,0.0,0.0,0.0,0.0,0.0,1.716,-0.027,-1.614,0.021,4.821650654989526,A113S
-3.928,7.625,1.465,0.029,0.297,-0.132,-0.754,0.0,0.0,0.0,0.0,0.0,0.089,2.794,2.935,0.421,2.938,13.77776424651438,G116F
-0.754,7.679,-0.152,0.002,0.0,0.034,-0.754,0.0,0.0,0.0,0.0,0.0,0.089,0.0,3.452,0.527,3.504,13.62598185059528,G116A
-2.501,46.67125261028111,2.427,0.037,0.282,0.474,-0.253,0.0,0.0,0.0,0.0,0.0,0.0,5.495,0.099,-0.443,0.084,47.33204006329162,L114F
-0.419,0.058,0.881,0.001,-0.261,-0.016,-1.936,0.0,0.0,0.0,0.0,0.0,0.0,-2.308,0.122,3.877,0.252,0.2496825433261165,E115T
0.033,-0.006,-0.186,0.001,-0.169,-0.047,-0.71,0.0,0.0,0.0,0.0,0.0,0.0,-1.448,0.067,2.01,0.017,-0.4384817893239869,E115K
-1.646,8.29,1.375,0.037,0.073,0.05,-1.002,0.0,0.0,0.0,0.0,0.0,0.089,1.892,3.093,0.354,3.051,15.656714815708028,G116T
0.037,-0.008,-0.181,0.004,-0.077,-0.047,-0.922,0.0,0.0,0.0,0.0,0.0,0.0,-0.814,0.154,2.63,0.112,0.8888617140471524,E115R
-0.721,0.167,-0.641,0.02,-0.242,-0.022,-0.692,0.0,0.0,0.0,0.0,0.0,-0.036,-0.935,0.141,5.368,0.156,2.561138726192212,E115V
-1.329,7.129,0.816,0.026,1.076,0.021,-0.719,0.0,0.0,0.0,0.0,0.0,0.089,3.108,3.432,-2.249,3.979,15.377915077373927,G116Q
-9.842,49.928311644802825,4.88,0.038,0.385,0.078,1.043,0.0,0.0,0.0,0.0,0.0,0.0,6.058,0.04,0.337,0.385,49.93743194986695,A113L
1.307,-0.891,9.644,-0.01,0.215,-0.061,1.16,0.0,0.0,0.0,0.0,0.0,0.0,2.947,0.129,-4.386,0.078,10.130220116750706,L114E
-6.586,49.471193085386425,0.725,0.035,0.043,0.104,0.274,0.0,0.0,0.0,0.0,0.0,0.04,2.221,0.568,1.318,0.412,49.45309176883892,A113V
-2.255,13.789,0.303,0.046,0.058,0.166,-0.61,0.0,0.0,0.0,0.0,0.0,0.132,0.287,5.051,1.845,10.731,29.54368726620305,G116V
0.0,0.0,0.0,0.0,0.0,0.0,0.0,0.0,0.0,0.0,0.0,0.0,0.0,0.0,0.0,0.0,0.0,0.0,G116G
-11.467,50.0,12.467,0.004,0.359,-0.242,-1.503,0.0,0.0,0.0,0.0,0.0,0.0,3.793,0.214,-1.625,0.365,50.0,A113H
0.345,-0.035,-0.232,-0.006,-0.257,-0.175,-0.841,0.0,0.0,0.0,0.0,0.0,0.0,-2.036,0.247,2.435,0.278,-0.2755121136588059,E115S
-8.77,49.93097181187432,2.437,0.058,0.172,0.176,0.72,0.0,0.0,0.0,0.0,0.0,0.04,3.655,0.499,0.979,0.403,49.93198876278131,A113I
-2.291,10.785,2.105,0.006,0.296,-0.461,-0.824,0.0,0.0,0.0,0.0,0.0,0.089,1.517,2.589,-2.138,2.451,14.124823736966391,G116N
-0.404,0.012,-0.126,0.004,-0.228,-0.053,-0.846,0.0,0.0,0.0,0.0,0.0,0.0,-1.028,0.415,4.382,0.285,2.413229090327832,E115M
-2.656,8.545,2.07,0.014,0.372,-0.064,-1.198,0.0,0.0,0.0,0.0,0.0,0.089,1.201,2.881,-1.512,3.1,12.842210836247432,G116K
-0.405,0.037,0.366,0.004,0.141,-0.134,-0.743,0.0,0.0,0.0,0.0,0.0,0.0,-0.242,0.184,1.274,0.126,0.6084724167351396,E115Q
-1.342,6.953,0.745,0.022,0.328,0.045,-0.685,0.0,0.0,0.0,0.0,0.0,0.089,2.132,3.606,0.86,4.707,17.460620127122638,G116M
2.847,48.04163059559404,2.856,-0.018,-0.05,0.521,0.352,38.4778401275578,0.407,0.0,0.0,0.0,0.039,2.319,0.749,-3.304,3.992,49.830805532320625,L114P
4.78,-1.556,1.939,-0.017,-0.077,0.266,-0.569,0.0,0.0,0.0,0.0,0.0,0.0,-0.163,0.385,1.594,0.117,6.699957865218266,L114C
-2.162,14.875,0.666,0.018,0.101,0.111,-0.822,0.0,0.0,0.0,0.0,0.0,0.089,0.109,3.621,0.864,4.151,21.6197350391501,G116L
0.0,0.0,0.0,0.0,0.0,0.0,0.0,0.0,0.0,0.0,0.0,0.0,0.0,0.0,0.0,0.0,0.0,0.0,L114L
-0.119,-0.245,6.984,-0.004,0.19,-0.295,-0.734,0.0,0.0,0.0,-0.089,0.0,0.0,4.539,-0.025,-3.112,-0.046,7.044266758504818,L114Q
-4.837,42.317721931557486,6.064,0.003,0.059,0.119,-0.701,0.0,0.0,0.0,-0.016,0.0,0.0,0.801,0.436,-0.173,0.597,42.95938326729723,A113T
7.307,-1.475,4.117,-0.015,-0.07,-0.006,-0.69,0.0,0.0,0.0,0.0,0.0,0.0,0.697,0.009,-1.951,0.068,7.990076849450816,L114S
4.597,-1.557,8.47,-0.016,0.25,-0.069,1.249,0.0,0.0,0.0,0.0,0.0,0.0,1.633,-0.087,-3.807,-0.11,10.553565883768895,L114D
-4.829,49.99091200255476,2.218,0.003,0.314,0.19,-2.905,49.28193584421165,0.0,0.0,0.0,0.0,0.131,1.566,7.721,-2.441,11.491,49.999961627944735,G116P
9.537,-1.668,1.417,-0.017,-0.1,0.185,0.18,0.0,0.0,0.0,0.0,0.0,-0.081,-0.026,0.58,-0.863,0.556,9.699691969104606,L114G
-2.304,9.294,6.628,-0.014,0.311,-0.241,-0.969,0.0,0.0,0.0,-0.089,0.0,0.0,2.014,0.0,-1.962,0.042,12.709792243710808,L114H
-3.757,11.123,2.148,0.027,0.353,-0.334,-0.679,0.0,0.0,0.0,0.0,0.0,0.089,1.946,2.513,1.463,5.109,19.9994488122627,G116W
3.47,0.172,0.815,0.056,-0.033,0.4,-0.173,0.0,0.0,0.0,0.0,0.0,0.058,2.735,0.662,0.982,0.554,9.699180009188922,L114V
-1.395,1.314,2.351,0.003,0.068,0.146,-0.918,0.0,0.0,0.0,-0.095,0.0,0.089,0.267,2.727,-1.087,2.778,6.246731379629182,G116S
-2.119,6.917,2.013,0.025,0.589,0.007,-0.579,0.0,0.0,0.0,0.0,0.0,0.089,2.39,2.765,-0.893,2.693,13.896597992428497,G116R
1.574,-0.083,0.885,-0.009,-0.007,-0.223,0.242,0.0,0.0,0.0,0.0,0.0,0.0,0.616,0.701,-1.431,0.607,2.8710267261994886,K117D
-3.81,8.723,1.789,0.032,0.29,-0.246,-0.494,0.0,0.0,0.0,0.0,0.0,0.089,2.734,2.933,-0.216,3.626,15.450297555680663,G116Y
0.532,40.88240205901567,-1.943,-0.01,-0.198,0.713,0.486,48.822067323064935,1.245,0.0,0.0,0.0,-0.052,1.418,3.819,-0.928,14.345,49.9450505996895,K117P
-2.059,40.83489350070166,1.138,-0.013,-0.047,-0.017,0.277,0.0,0.0,0.0,-0.089,0.0,0.0,2.518,0.336,-0.004,0.03,41.50135039136943,L114M
0.289,0.0,-0.103,-0.003,-0.274,0.066,-0.18,0.0,0.0,0.0,0.0,0.0,0.0,-1.607,0.841,1.051,0.854,0.9315523604216196,N118S
3.078,-1.405,6.045,-0.01,0.197,-0.38,0.366,0.0,0.0,0.0,0.0,0.0,0.0,1.468,-0.064,-3.001,-0.073,6.218257637333636,L114N
5.044,-1.338,3.473,-0.013,-0.02,0.407,-0.782,0.0,0.0,0.0,0.0,0.0,0.0,-0.376,-0.069,-0.509,0.05,5.866488256044249,L114T
0.425,0.415,0.807,0.071,-0.007,0.376,0.033,0.0,0.0,0.0,0.0,0.0,0.058,3.44,0.684,0.643,0.541,7.484127994810024,L114I
-1.683,46.014,10.437,0.018,0.758,-0.172,-2.471,0.0,0.0,0.0,0.0,0.0,0.0,4.859,0.096,-2.376,0.059,40.21750420696566,L114K
-3.935,49.75621549871986,5.065,0.036,0.29,0.647,-0.215,0.0,0.0,0.0,0.0,0.0,0.0,5.545,0.095,-1.079,0.093,49.812237413905564,L114Y
-0.124,4.26,-2.933,0.003,-0.231,0.466,0.398,0.0,0.0,0.0,0.0,0.0,-0.073,-0.374,-0.603,3.358,0.038,4.183973473940341,K117V
-8.208,49.999453575973476,4.128,0.075,0.563,0.841,-0.207,0.0,0.0,0.0,0.0,0.0,0.0,9.52,0.119,0.6,0.067,49.99959516546896,L114W
-0.107,0.0,-0.317,0.017,-0.038,0.079,0.036,0.0,0.0,0.0,0.0,0.0,0.0,-0.385,0.574,2.559,0.288,2.7014978904110194,N118F
3.413,-0.095,-3.66,-0.011,-0.267,0.617,0.39,0.0,0.0,0.0,0.0,0.0,0.0,-1.368,0.122,2.04,0.522,1.7037515047161378,K117A
0.145,0.0,-0.273,-0.002,-0.29,0.111,-0.106,0.0,0.0,0.0,0.0,0.0,0.0,-1.757,0.99,4.595,0.886,4.296108985317687,N118C
-0.132,0.0,-0.352,0.027,-0.246,0.083,0.029,0.0,0.0,0.0,0.0,0.0,-0.004,-1.775,1.73,3.983,1.19,4.531447029094579,N118V
-4.24,21.706,10.696,0.007,0.764,0.939,-2.347,0.0,0.0,0.0,0.0,0.0,0.0,2.963,0.119,-1.756,0.029,28.879377367815778,L114R
0.99,-0.059,-0.049,-0.008,-0.03,-0.298,0.133,0.0,0.0,0.0,0.0,0.0,0.0,0.295,0.422,-0.625,0.426,1.195984731562703,K117N
1.595,-0.089,-2.354,-0.01,-0.256,0.404,0.072,0.0,0.0,0.0,0.0,0.0,0.0,-1.264,-0.015,3.97,0.254,2.308360224216358,K117C
0.805,-0.009,0.449,-0.004,0.319,-0.063,1.248,0.0,0.0,0.0,0.0,0.0,0.0,1.654,0.013,-2.01,0.183,2.585755785665242,K117E
-0.15,0.0,-0.099,0.006,-0.244,0.09,0.033,0.0,0.0,0.0,0.0,0.0,0.0,-0.683,0.604,2.998,0.8,3.354174061007143,N118M
-0.888,3.45,-2.132,0.017,-0.191,0.388,0.216,0.0,0.0,0.0,0.0,0.0,-0.073,0.225,-0.507,3.019,0.079,3.6017193563286583,K117I
-2.013,0.253,-1.749,0.009,-0.037,0.144,-0.396,0.0,0.0,0.0,0.0,0.0,0.0,0.13,-0.388,1.933,-0.161,-2.275337776264905,K117F
0.328,0.0,-0.344,-0.003,-0.307,0.138,0.104,0.0,0.0,0.0,0.0,0.0,0.0,-1.928,0.446,2.665,0.264,1.3603920234654652,N118A
5.076,-0.114,-3.435,-0.012,-0.267,0.557,0.483,0.0,0.0,0.0,0.0,0.0,-0.065,-1.368,0.782,1.513,1.828,4.9776573350955005,K117G
-1.299,44.01276011401766,-2.502,0.002,-0.207,0.247,0.215,0.0,0.0,0.0,0.0,0.0,0.0,-0.9,-0.351,2.376,-0.086,43.423311870175645,K117L
0.101,0.0,-0.192,0.002,0.086,0.114,-0.062,0.0,0.0,0.0,0.0,0.0,0.0,0.572,0.773,-1.384,0.55,0.5582310313584458,N118E
-2.536,0.579,-1.778,0.002,-0.066,0.323,0.223,0.0,0.0,0.0,0.0,0.0,0.0,1.703,-0.061,2.372,0.123,0.8840464345544206,K117M
0.0,0.0,0.0,0.0,0.0,0.0,0.0,0.0,0.0,0.0,0.0,0.0,0.0,0.0,0.0,0.0,0.0,0.0,N118N
0.087,0.0,0.186,-0.001,0.028,-0.002,-0.194,0.0,0.0,0.0,0.0,0.0,0.0,0.733,-0.024,-0.805,-0.016,-0.0088043276850839,N118D
-1.306,0.058,0.359,-0.008,0.095,-0.271,-0.15,0.0,0.0,0.0,0.0,0.0,0.0,0.5,-0.117,0.414,0.096,-0.3308455017167944,K117H
-2.428,0.124,-0.723,0.009,0.009,0.324,-0.015,0.0,0.0,0.0,0.0,0.0,0.0,0.449,-0.382,1.297,-0.142,-1.4773248619173955,K117Y
0.465,-0.008,-0.336,-0.004,0.268,0.029,0.697,0.0,0.0,0.0,0.0,0.0,0.0,0.771,0.013,-0.736,0.009,1.1664030694755638,K117Q
-0.263,0.0,0.188,0.004,0.318,-0.063,0.093,0.0,0.0,0.0,0.0,0.0,0.0,-0.17,0.605,-0.11,0.471,1.069682504604998,N118Q
-0.883,0.087,0.698,0.002,0.017,0.032,-0.015,0.0,0.0,0.0,0.0,0.0,0.0,0.709,-0.136,0.62,0.026,1.1567982742396907,K117R
0.978,-0.057,-0.014,-0.007,-0.171,0.137,-1.341,0.0,0.0,0.0,0.0,0.0,0.0,-0.956,-0.262,1.867,0.205,0.3800978925369236,K117T
0.0,0.0,0.0,0.0,0.0,0.0,0.0,0.0,0.0,0.0,0.0,0.0,0.0,0.0,0.0,0.0,0.0,0.0,K117K
0.111,0.0,-0.196,0.003,-0.134,0.114,0.068,0.0,0.0,0.0,0.0,0.0,0.0,-1.097,0.781,0.626,0.571,0.8451844802787036,N118K
0.462,-0.009,-0.33,-0.006,-0.307,0.152,0.102,0.0,0.0,0.0,0.0,0.0,0.001,-1.928,0.944,2.139,1.359,2.574962093386148,N118G
0.116,0.0,-0.198,0.007,-0.052,0.115,0.123,0.0,0.0,0.0,0.0,0.0,0.0,-0.57,0.656,1.246,0.515,1.954763024520844,N118R
-0.43,0.0,-0.311,0.038,-0.188,0.045,-0.023,0.0,0.0,0.0,0.0,0.0,-0.004,-1.224,1.845,3.644,1.431,4.819411911210409,N118I
-0.043,0.0,-0.083,-0.001,0.122,0.042,-0.249,0.0,0.0,0.0,0.0,0.0,0.0,0.129,0.365,1.04,0.482,1.8023129416719712,N118H
-0.113,0.0,-0.305,0.011,-0.205,0.088,0.031,0.0,0.0,0.0,0.0,0.0,0.0,-1.806,0.52,3.002,0.277,1.497843953954316,N118L
-0.763,0.538,-0.426,0.0,-0.2,0.186,0.106,0.726,0.0,0.0,0.0,0.0,0.015,-1.925,-0.141,-0.303,0.526,-1.6637581075656271,N118P
2.688,-0.05,-0.604,-0.012,-0.219,0.633,-0.299,0.0,0.0,0.0,-0.089,-0.967,0.0,-0.154,0.101,0.425,0.218,1.6708813586483302,K117S
-3.413,0.703,-0.701,0.006,-0.019,-0.041,-0.149,0.0,0.0,0.0,0.0,0.0,0.0,-0.045,-0.328,2.976,0.316,-0.6949099551779909,K117W
-5.672,43.56316614415599,-3.862,0.025,0.063,-0.005,2.296,0.0,0.0,0.0,0.682,0.0,0.003,3.929,-0.676,1.152,-0.497,42.91715491637401,T119I
4.614,-0.275,-2.92,-0.008,-0.059,0.322,2.539,0.0,0.0,0.0,0.682,0.0,0.0,-0.038,0.727,0.173,0.824,6.5825160551105455,T119A
0.045,0.0,-0.147,0.0,-0.185,0.033,-0.286,0.0,0.0,0.0,0.0,0.0,0.0,-1.804,1.203,2.492,1.782,3.131246145666637,N118T
-0.365,0.075,-0.13,0.025,0.012,0.034,-0.005,0.0,0.0,0.0,0.0,0.0,0.0,-0.068,0.517,3.602,0.597,4.290515437432759,N118W
4.059,-0.123,-4.728,-0.008,-0.347,-0.064,4.903,0.0,0.0,0.0,0.0,0.0,0.034,-4.312,0.735,3.523,1.292,4.961226115658974,E120G
-0.124,0.0,-0.312,0.016,-0.038,0.076,0.043,0.0,0.0,0.0,0.0,0.0,0.0,-0.055,0.774,1.923,0.506,2.8056747073324004,N118Y
-5.111,12.754,9.221,-0.003,0.236,0.949,2.501,0.0,0.0,0.0,0.682,0.0,0.0,4.387,0.408,-3.876,0.177,22.324266367705604,T119E
-11.928,49.99999999999969,-4.282,0.036,0.129,-0.318,2.873,0.0,0.0,0.0,1.244,0.0,0.0,4.261,-0.012,0.067,-0.113,49.999999999999574,T119F
6.961,-0.601,-1.826,-0.009,-0.059,0.419,2.594,0.0,0.0,0.0,0.682,0.0,0.015,-0.038,1.653,-0.353,3.258,12.694871775181127,T119G
-6.653,49.937,-4.387,0.018,0.109,0.074,2.586,0.0,0.0,0.0,0.682,0.0,0.0,3.076,-0.119,0.51,-0.025,45.80667034671546,T119L
1.164,-0.217,-4.739,-0.006,-0.329,-0.132,4.914,0.0,0.0,0.0,0.0,0.0,0.0,-3.089,0.048,5.98,0.026,3.6165968790101033,E120C
0.168,-0.011,-4.608,0.007,-0.29,-0.205,5.122,0.0,0.0,0.0,0.0,0.0,0.0,-2.895,-0.452,4.386,-0.139,1.0808288658520269,E120L
-2.983,0.739,4.955,0.0,0.396,0.191,3.411,0.0,0.0,0.0,0.682,0.0,0.0,2.561,0.449,-2.492,0.162,8.070900837935142,T119N
-9.281,49.99989789928552,9.498,0.014,0.522,0.761,1.977,0.0,0.0,0.0,0.682,0.0,0.0,6.16,0.387,-1.866,0.04,49.99992846471646,T119K
-0.971,-0.067,8.415,-0.002,0.487,0.274,4.515,0.0,0.0,0.0,0.682,0.0,0.0,2.299,0.62,-3.297,0.254,13.20775553884755,T119D
-13.641,50.0,-0.243,0.038,0.165,-0.233,2.865,0.0,0.0,0.0,1.244,0.0,0.0,4.439,0.038,-0.569,-0.046,50.0,T119Y
-8.297,49.999740603403794,-2.015,0.002,-0.014,0.336,1.55,0.0,0.0,0.0,0.682,0.0,0.0,3.74,0.34,0.506,0.439,49.99971066340924,T119M
-0.353,0.31,-2.133,-0.006,-0.024,0.11,2.259,0.0,0.0,0.0,0.682,0.0,0.0,0.425,0.194,2.103,0.408,3.975996257768657,T119C
2.915,-0.105,-5.229,-0.007,-0.347,-0.017,4.869,0.0,0.0,0.0,0.0,0.0,0.0,-4.312,0.18,4.05,0.266,2.2603059158766428,E120A
-11.972,50.0,12.271,0.032,0.716,0.82,1.002,0.0,0.0,0.0,0.682,0.0,0.0,6.361,0.213,-1.246,0.028,50.0,T119R
-7.987,49.99915707978052,8.613,0.001,0.301,-0.107,3.483,0.0,0.0,0.0,1.244,0.0,0.0,3.85,0.054,-1.452,0.074,49.999389666475565,T119H
1.831,-0.103,-3.795,-0.005,0.015,-0.23,4.665,0.0,0.0,0.0,0.0,0.0,0.0,-2.421,-0.02,2.424,0.101,2.4612190937034484,E120H
-1.729,35.908,-4.045,0.023,0.021,0.039,2.242,0.0,0.0,0.0,0.682,0.0,0.003,3.79,-0.679,1.491,-0.513,37.23202276732263,T119V
0.339,0.017,-4.793,0.016,-0.295,-0.229,5.043,0.0,0.0,0.0,0.0,0.0,0.076,-3.27,-0.568,5.029,-0.192,1.1705225608448018,E120I
0.454,-0.13,-3.324,-0.001,-0.173,-0.385,4.235,0.0,0.0,0.0,0.0,0.0,0.0,-1.224,-0.02,1.274,-0.128,0.5763091991861984,E120Q
-18.503,50.0,0.102,0.048,0.416,-0.359,2.162,0.0,0.0,0.0,1.244,0.0,0.0,4.397,0.165,1.11,0.66,50.0,T119W
2.439,-0.073,-3.385,-0.005,-0.293,-0.035,4.573,0.0,0.0,0.0,0.0,0.0,0.0,-3.844,0.224,2.435,0.161,2.194406907681696,E120S
1.544,-0.093,-4.078,0.012,-0.116,-0.209,4.679,0.0,0.0,0.0,0.0,0.0,0.0,-2.712,-0.255,3.307,-0.164,1.9151437083166911,E120Y
3.621,-0.276,1.766,-0.008,-0.032,0.246,0.209,0.0,0.0,0.0,0.033,0.0,0.0,0.645,0.529,-1.441,0.237,5.529851379350248,T119S
1.544,-0.092,-4.075,0.013,-0.125,-0.202,4.571,0.0,0.0,0.0,0.0,0.0,0.0,-2.706,-0.31,3.943,-0.173,2.385607590413656,E120F
-0.549,49.91750479483345,-3.86,-0.005,-0.265,0.149,6.005,30.282,0.0,1.15,0.0,0.0,0.048,-2.319,1.672,1.082,1.742,49.97974907481709,E120P
0.369,49.971016822044476,-0.19,-0.006,0.011,0.124,3.573,49.46658643001052,0.755,0.0,0.682,0.0,0.036,2.906,6.534,-2.795,8.546,49.99993164878004,T119P
0.739,0.036,-3.556,0.0,-0.214,-0.229,5.203,0.0,0.0,0.0,0.0,0.0,0.0,-2.999,0.008,2.01,-0.066,0.9306510708029236,E120K
1.734,-0.103,-3.963,0.01,-0.108,-0.188,4.682,0.0,0.0,0.0,0.0,0.0,0.0,-3.226,-0.245,4.986,0.077,3.653782173802938,E120W
2.286,-0.104,-3.026,-0.005,-0.085,-0.266,4.744,0.0,0.0,0.0,0.0,0.0,0.0,-2.118,0.345,0.579,0.286,2.634028625635437,E120D
0.677,-0.155,-3.995,0.001,-0.294,-0.129,4.888,0.0,0.0,0.0,0.0,0.0,0.0,-2.595,-0.011,4.382,-0.149,2.6178726300256585,E120M
0.0,0.0,0.0,0.0,0.0,0.0,0.0,0.0,0.0,0.0,0.0,0.0,0.0,0.0,0.0,0.0,0.0,0.0,E120E
0.746,-0.045,-5.041,0.007,-0.32,-0.184,4.963,0.0,0.0,0.0,0.0,0.0,0.076,-3.56,-0.521,5.368,-0.192,1.2932569944543957,E120V
2.023,-0.107,-3.298,-0.004,-0.104,-0.305,4.645,0.0,0.0,0.0,0.0,0.0,0.0,-2.714,0.249,1.385,0.191,1.960119344603754,E120N
0.0,0.0,0.0,0.0,0.0,0.0,0.0,0.0,0.0,0.0,0.0,0.0,0.0,0.0,0.0,0.0,0.0,0.0,T119T
0.462,0.025,-3.267,0.003,-0.118,-0.24,5.198,0.0,0.0,0.0,0.0,0.0,0.0,-2.638,-0.106,2.63,-0.086,1.8616847669488836,E120R
1.437,0.062,-4.274,0.0,-0.298,-0.319,4.676,0.0,0.0,0.0,0.0,0.0,0.0,-3.815,-0.119,3.877,0.165,1.389380254728394,E120T
-7.041,35.379,5.16,-0.002,0.127,0.839,1.908,0.0,0.0,0.0,-0.423,0.0,0.0,4.648,0.356,-2.602,0.09,38.44101770498082,T119Q
4.493,-1.372,2.247,-0.017,-0.047,-0.07,-0.108,0.0,0.0,0.0,0.0,0.0,0.0,-0.364,0.381,1.594,0.178,6.912668047027637,L121C
-2.124,19.746,6.576,-0.015,0.28,-0.322,-0.577,0.0,0.0,0.0,-0.146,0.0,0.0,4.083,0.309,-1.962,0.232,26.07953685790858,L121H
0.0,0.0,0.0,0.0,0.0,0.0,0.0,0.0,0.0,0.0,0.0,0.0,0.0,0.0,0.0,0.0,0.0,0.0,L121L
3.051,-1.167,5.329,-0.015,0.208,0.119,0.063,0.0,0.0,0.0,0.0,0.0,0.0,0.861,0.265,-3.001,0.106,5.81975383951044,L121N
6.755,-1.671,1.929,-0.018,-0.061,0.048,0.193,0.0,0.0,0.0,0.0,0.0,0.0,-1.148,0.856,-0.336,0.58,7.125566643451975,L121A
0.271,10.936,0.23,0.009,0.017,-0.134,0.066,0.0,0.0,0.0,0.0,0.0,-0.015,1.258,-0.244,0.643,-0.38,12.65488308874842,L121I
0.789,2.07,2.756,-0.006,0.119,-0.188,-1.061,0.0,0.0,0.0,0.0,-0.002,0.027,2.564,0.955,-4.093,0.348,4.2753596811674015,V122Q
4.189,-1.576,6.725,-0.017,0.221,-0.227,-0.904,0.0,0.0,0.0,0.0,0.0,0.0,2.343,0.148,-3.807,0.053,7.1470773255134645,L121D
0.989,-0.123,9.729,-0.014,0.248,0.068,-0.551,0.0,0.0,0.0,0.0,0.0,0.0,2.316,0.546,-4.386,0.168,8.987811697480765,L121E
7.869,-1.719,2.813,-0.02,-0.061,0.02,0.203,0.0,0.0,0.0,0.0,0.0,0.05,-1.148,1.561,-0.863,2.156,10.861694554309906,L121G
-4.574,47.41717809817986,-0.227,0.002,0.141,-0.195,-0.524,0.0,0.0,0.0,0.0,0.0,0.0,3.923,0.178,-0.443,0.0,47.23837119474156,L121F
-1.706,3.14,1.071,-0.007,-0.06,-0.155,0.102,0.0,0.0,0.0,0.0,0.0,0.0,0.469,0.622,-0.004,0.329,3.801052623039823,L121M
6.25,-1.668,3.909,-0.018,-0.033,-0.327,-0.203,0.0,0.0,0.0,0.0,0.0,0.0,-0.396,0.776,-1.951,0.337,6.676064104968873,L121S
-0.669,-1.051,12.575,0.005,0.263,-0.089,0.462,0.0,0.0,0.0,0.0,0.0,0.0,2.655,0.522,-2.376,0.135,12.433025250406672,L121K
-0.614,-0.454,3.081,-0.003,-0.011,0.582,0.443,0.0,0.0,0.0,0.0,0.0,0.027,1.588,0.885,-0.985,0.468,5.006089529718565,V122M
-5.038,43.82776612703847,7.717,0.002,0.782,-0.766,0.665,0.0,0.0,0.0,0.0,0.0,0.0,2.124,0.404,-1.756,0.171,44.7528213873725,L121R
2.497,-1.896,-3.103,-0.012,-0.339,-0.168,0.428,0.0,0.0,0.0,0.0,1.449,0.0,-2.193,0.203,1.42,0.159,-1.5552636393977082,R123A
5.396,-1.28,2.172,-0.013,0.079,0.031,-0.457,6.053,0.0,0.0,0.0,0.0,0.061,-0.725,2.45,-3.304,2.005,12.46831458817337,L121P
4.744,-1.576,2.562,-0.015,0.055,-0.241,-0.426,0.0,0.0,0.0,0.0,0.0,0.0,1.121,0.476,-0.509,0.228,6.417010926563762,L121T
-6.409,49.88223311706089,4.308,0.003,0.15,0.014,-1.495,0.0,0.0,0.0,0.0,0.0,0.0,1.682,0.38,-1.079,0.01,49.870200318782395,L121Y
2.746,9.03,0.547,-0.001,-0.017,-0.153,0.009,0.0,0.0,0.0,0.0,0.0,-0.015,0.978,-0.112,0.982,-0.25,13.742044333479043,L121V
1.075,-1.711,-2.454,-0.011,-0.326,-0.22,0.252,0.0,0.0,0.0,0.0,1.449,0.0,-1.128,-0.085,3.35,-0.166,0.024404165527585,R123C
-0.298,2.417,7.114,-0.005,0.241,0.013,-0.686,0.0,0.0,0.0,0.0,0.0,0.0,3.297,0.508,-3.112,0.166,9.653440213348176,L121Q
4.061,-0.466,-0.224,-0.014,-0.037,0.325,0.136,0.0,0.0,0.0,0.0,0.0,0.027,-0.442,1.231,-1.318,0.937,4.215432828285429,V122A
0.414,-0.272,-1.105,-0.006,-0.208,-0.23,0.55,0.0,0.0,0.0,0.0,1.449,0.0,-0.703,0.014,-0.619,-0.027,-0.7429457875380194,R123K
-2.264,48.78797096219305,-2.677,0.009,-0.111,-0.416,0.565,0.0,0.0,0.0,0.0,1.449,0.0,0.456,0.09,1.313,-0.061,48.70648820959655,R123F
-0.497,1.928,-2.837,0.003,-0.291,-0.156,0.435,0.0,0.0,0.0,0.0,1.449,-0.012,-2.179,-0.295,2.738,-0.083,0.2029427616503198,R123V
0.263,-0.408,-1.726,-0.009,-0.287,-0.174,0.566,0.0,0.0,0.0,0.0,1.449,0.0,-0.179,0.23,1.752,0.058,1.5347222712232451,R123M
-1.294,22.673,0.233,-0.01,0.048,-0.113,-0.075,0.0,0.0,0.0,0.0,1.449,0.0,0.496,-0.058,-0.206,0.069,23.21369533251459,R123H
0.041,-0.277,1.468,-0.013,-0.025,-0.006,-0.31,0.0,0.0,0.0,0.0,0.0,0.027,0.144,0.946,0.612,0.62,3.227313245711457,V122C
-0.378,0.033,5.22,-0.007,0.196,0.303,-5.108,0.0,0.0,0.0,-0.851,1.306,0.0,0.295,-0.422,-2.051,0.019,-1.4468752036948445,R123D
0.998,0.413,0.923,0.007,0.014,0.325,1.138,0.0,0.0,0.0,0.0,0.0,0.027,2.135,0.685,-1.424,0.159,5.399235819901378,V122F
1.058,0.046,7.224,-0.003,0.289,0.452,-3.745,0.0,0.0,0.0,0.0,0.0,0.027,2.706,1.793,-4.788,0.931,5.98918296166903,V122D
3.492,-1.898,-2.707,-0.014,-0.339,-0.169,0.403,0.0,0.0,0.0,0.0,1.449,0.04,-2.193,1.064,0.893,1.003,1.0236868313299965,R123G
0.66,-0.356,-0.577,-0.009,-0.084,0.086,-1.009,0.0,0.0,0.0,0.0,0.538,0.0,1.715,-0.001,-2.629,-0.018,-1.6831995634472603,R123E
-0.201,-0.021,0.684,0.014,0.036,0.303,0.489,0.0,0.0,0.0,0.0,-0.002,0.0,0.836,0.118,-0.339,0.067,1.984029260219586,V122I
-0.921,1.973,-2.005,0.012,-0.261,-0.12,0.542,0.0,0.0,0.0,0.0,1.449,-0.012,-1.961,-0.286,2.399,-0.102,0.7051822953576448,R123I
-9.162,42.38778092783857,3.019,-0.001,0.158,0.152,-0.967,0.0,0.0,0.0,-0.037,0.0,0.0,3.75,0.297,0.6,0.466,41.88760279729426,L121W
1.679,-0.595,4.094,-0.009,0.504,0.486,-0.428,0.0,0.0,0.0,0.0,0.0,0.027,3.198,0.938,-5.367,0.45,4.975196783106185,V122E
6.279,-0.84,-0.285,-0.016,-0.041,0.549,0.667,0.0,0.0,0.0,0.0,-0.002,0.024,-0.784,2.049,-1.844,2.522,8.276587692664862,V122G
0.554,-0.1,-1.009,-0.008,-0.126,-0.037,-0.25,0.0,0.0,0.0,0.0,0.37,0.0,1.619,0.082,-1.356,0.059,-0.2027210196420128,R123Q
-0.891,1.433,-2.639,-0.003,-0.037,-0.431,4.257,0.0,0.0,0.0,0.0,0.0,0.027,0.405,0.702,-0.981,0.295,2.13470356892276,V122L
0.164,5.123,-1.323,-0.006,-0.281,-0.18,0.099,0.0,0.0,0.0,0.0,1.449,0.0,-2.176,0.05,1.247,0.088,4.255251402254999,R123T
0.316,-0.284,5.006,-0.012,0.226,-0.088,0.575,0.0,0.0,0.0,0.0,-0.002,0.027,0.992,1.49,-3.983,0.726,4.9879215158780426,V122N
-2.565,49.08444744340883,1.905,-0.012,0.101,0.345,1.436,43.01996359466432,0.0,1.051,0.0,0.0,0.073,-0.693,7.497,-4.286,5.526,49.95423816134949,V122P
3.079,-0.217,1.392,-0.008,0.01,0.083,0.246,0.0,0.0,0.0,0.0,-0.002,0.027,-0.689,0.53,-1.491,0.388,3.347400662952623,V122T
1.162,-0.513,1.587,-0.006,0.124,-0.51,3.001,0.0,0.0,0.0,0.0,0.0,0.027,0.254,0.979,-3.357,0.284,3.0310533449842296,V122K
-1.347,0.452,3.334,-0.005,0.099,-0.118,-1.066,0.0,0.0,0.0,-0.825,0.85,0.0,0.182,-0.165,-1.245,0.176,0.3226951092178751,R123N
-1.282,49.71939290579174,-2.482,0.004,-0.264,-0.285,0.319,0.0,0.0,0.0,0.0,1.449,0.0,-1.608,-0.226,1.757,-0.037,49.68805331122861,R123L
0.0,0.0,0.0,0.0,0.0,0.0,0.0,0.0,0.0,0.0,0.0,0.0,0.0,0.0,0.0,0.0,0.0,0.0,V122V
-1.905,0.657,2.981,-0.014,0.223,-0.29,2.184,0.0,0.0,0.0,0.0,-1.782,0.027,0.414,0.776,-2.943,0.259,0.5855897324322541,V122H
0.924,-0.658,2.417,-0.003,0.162,-0.094,2.288,0.0,0.0,0.0,0.0,-1.091,0.027,1.012,0.756,-2.737,0.244,3.244982071516233,V122R
0.963,0.992,-3.219,-0.01,-0.257,-0.137,-0.177,0.456,0.0,0.0,0.0,1.449,0.033,-1.876,-0.337,-1.548,0.997,-2.670948754226174,R123P
-1.731,35.063,-1.258,0.018,-0.028,-0.388,0.605,0.0,0.0,0.0,0.0,1.449,0.0,0.745,-0.059,2.356,-0.082,36.69021811551738,R123W
2.002,-1.896,-0.485,-0.012,-0.276,-0.066,0.111,0.0,0.0,0.0,0.0,-0.048,0.0,-1.938,0.212,-0.195,0.281,-2.310135798797546,R123S
0.0,0.0,0.0,0.0,0.0,0.0,0.0,0.0,0.0,0.0,0.0,0.0,0.0,0.0,0.0,0.0,0.0,0.0,R123R
3.634,-0.481,1.922,-0.013,0.015,0.116,-0.294,0.0,0.0,0.0,0.0,0.0,0.027,0.116,1.134,-2.932,0.489,3.732382357125061,V122S
-1.308,47.603,-2.942,0.025,0.407,0.08,1.539,0.0,0.0,0.0,0.0,1.215,0.0,5.169,-0.069,2.551,-0.118,39.71599653310344,S125W
1.017,0.419,0.969,0.006,0.047,0.271,0.963,0.0,0.0,0.0,0.0,0.0,0.027,2.05,0.68,-2.06,0.127,4.514313810082967,V122Y
-2.534,48.983431764005154,-2.36,0.009,-0.097,-0.492,0.475,0.0,0.0,0.0,0.0,1.449,0.0,0.468,0.007,0.677,-0.085,48.878457727264376,R123Y
-2.453,0.642,2.716,0.001,0.107,-0.097,2.222,0.0,0.0,0.0,0.0,-1.297,0.027,-0.263,0.797,-0.381,0.621,2.637978221756157,V122W
0.914,47.81879657865454,-1.857,0.006,0.529,-0.027,1.451,0.0,0.0,0.0,0.0,1.215,0.0,5.124,-0.193,-0.011,-0.016,48.35137810526597,S125H
-0.065,-0.821,-1.98,0.021,0.463,-0.46,1.017,0.0,0.0,0.0,0.0,2.664,0.0,2.901,-0.107,0.195,-0.132,3.695498133211231,S125R
4.04,1.585,-4.176,0.008,0.684,0.089,1.236,0.0,0.0,0.0,0.0,2.664,0.0,3.931,-0.005,-1.05,0.142,9.146266450431312,S125N
-2.044,5.884,-1.457,0.001,-0.005,-0.13,-0.034,0.0,0.0,0.0,0.0,1.215,0.0,0.457,-0.012,3.545,-0.13,7.287176983422341,S125C
2.723,9.539,-3.309,0.014,1.113,0.214,2.17,0.0,0.0,0.0,0.0,1.215,0.0,5.31,-0.007,-1.161,-0.06,17.760849089260546,S125Q
0.633,0.036,-3.258,0.0,-0.059,0.016,0.301,0.0,0.0,0.0,0.0,1.215,0.0,-0.318,-0.077,1.615,-0.28,-0.1770457928023461,S125A
-0.141,49.3498243998457,-4.582,0.026,0.238,0.092,1.539,0.0,0.0,0.0,0.0,1.215,0.0,4.222,0.026,1.508,-0.128,49.44570477906777,S125F
0.0,0.0,0.0,0.0,0.0,0.0,0.0,0.0,0.0,0.0,0.0,0.0,0.0,0.0,0.0,0.0,0.0,0.0,S125S
-1.069,0.853,4.585,0.0,0.101,0.09,-0.378,0.0,0.0,0.0,0.0,-1.536,0.0,2.23,-0.386,-1.614,-0.093,2.783773964637703,A124S
1.965,35.501,0.702,0.008,0.496,-0.042,-1.973,0.0,0.0,0.0,0.0,0.609,0.0,4.665,-0.194,-2.434,-0.208,39.0933205374447,S125E
3.621,1.787,-6.233,0.036,0.251,0.521,1.912,0.0,0.0,0.0,0.0,1.215,0.055,2.817,-0.121,2.933,-0.112,8.679615835984123,S125V
-3.717,37.21,-6.833,0.182,1.142,-0.602,6.107,0.0,0.0,0.0,0.953,3.353,0.0,7.515,-0.085,0.333,0.23,45.78788269918391,A124M
-0.136,-0.775,-1.918,0.016,0.366,-0.462,1.047,0.0,0.0,0.0,0.0,2.664,0.0,2.729,-0.128,-0.425,-0.172,2.8054016396679344,S125K
0.0,0.0,0.0,0.0,0.0,0.0,0.0,0.0,0.0,0.0,0.0,0.0,0.0,0.0,0.0,0.0,0.0,0.0,A124A
-1.134,0.106,0.295,0.02,0.039,0.09,-0.139,0.0,0.0,0.0,0.0,0.142,0.0,1.81,-0.079,1.442,0.039,2.6286230189950857,S125T
-5.671,42.393967448836364,-1.687,0.216,0.104,0.012,0.215,0.0,0.0,0.0,0.0,0.0,-0.008,5.941,-0.158,1.318,-0.233,42.407859603570955,A124V
4.001,1.833,-1.356,0.004,0.653,0.133,-1.881,0.0,0.0,0.0,0.0,1.215,0.0,5.082,-0.232,-1.856,-0.072,7.522716774810078,S125D
-0.286,-0.879,-2.199,0.012,0.218,-0.406,0.933,0.0,0.0,0.0,0.0,2.664,0.0,2.586,0.18,1.947,-0.02,4.747523814874967,S125M
2.623,-0.178,-3.294,-0.002,-0.059,-0.314,0.2,0.0,0.0,0.0,0.0,1.215,0.044,-0.318,0.855,1.088,0.754,2.6127994905100422,S125G
-0.582,48.23982768522657,-2.949,0.025,0.276,0.253,1.865,0.0,0.0,0.0,0.0,1.215,0.0,3.932,-0.088,0.872,-0.145,48.53550748205132,S125Y
-3.329,14.224,-0.977,0.002,0.053,0.009,0.308,3.569,0.0,0.0,0.0,1.215,0.05,1.087,-0.891,-1.353,2.431,16.39490730997113,S125P
0.286,49.6290123809855,-5.896,0.018,0.258,0.519,1.422,0.0,0.0,0.0,0.0,1.215,0.0,2.092,-0.183,1.952,-0.085,49.651867783692026,S125L
1.456,49.49889192985201,-5.437,0.041,0.279,0.561,1.727,0.0,0.0,0.0,0.0,1.215,0.055,2.812,-0.031,2.594,-0.016,49.593479750545306,S125I
-12.386,49.99999990461551,-1.324,0.04,0.493,0.132,1.925,0.0,0.0,0.0,0.0,0.0,0.0,4.545,-0.459,-0.106,-0.467,49.99999987069764,A124F
-12.522,49.99999999999988,10.185,0.007,0.365,-0.481,-2.618,0.0,0.0,0.0,0.0,0.0,0.0,3.457,-0.814,-1.625,-0.627,49.99999999999986,A124H
3.044,-0.258,1.506,-0.005,-0.006,-0.045,0.079,0.0,0.0,0.0,0.0,0.0,-0.049,-0.35,0.24,-0.526,0.657,4.287631022019241,A124G
-4.756,17.168,3.779,0.011,0.682,0.253,0.87,0.0,0.0,0.0,0.0,0.0,0.0,3.214,-0.982,-2.665,-0.736,16.83765362969166,A124N
-4.712,20.113,0.26,0.009,0.09,-0.043,-0.104,0.0,0.0,0.0,0.0,0.0,0.0,1.847,-0.346,1.93,-0.024,19.019227176019285,A124C
-8.698,43.856,-2.866,0.058,0.218,-0.244,1.629,0.0,0.0,0.0,0.0,0.0,-0.008,4.219,-0.106,0.979,-0.195,38.84372440937091,A124I
-10.657,49.86452734390241,-0.386,0.551,0.317,-0.199,-0.016,0.0,0.0,0.0,0.0,0.0,0.0,4.169,-0.009,0.337,-0.209,49.82714165563632,A124L
-13.99,49.999960275809016,2.636,0.032,0.472,0.351,1.144,0.0,0.0,0.0,0.0,0.0,0.0,4.213,-0.421,-0.742,-0.373,49.99994811610666,A124Y
-10.386,42.15098263527343,12.912,0.034,0.497,0.651,0.6,0.0,0.0,0.0,0.0,0.0,0.0,7.203,-0.08,-2.039,-0.13,44.44599469038165,A124K
-1.595,46.733,-0.735,0.053,2.31,-0.666,5.088,0.0,0.0,0.0,0.953,3.062,0.0,7.305,-0.343,-2.775,-0.201,41.43169421869673,A124Q
-7.681,44.467416026284276,8.708,0.036,0.612,0.692,-1.429,0.0,0.0,0.0,0.0,0.0,0.0,5.443,-0.008,-4.049,0.054,44.94425942261774,A124E
-3.565,15.64,5.701,0.012,0.756,0.004,-0.964,0.0,0.0,0.0,0.0,0.0,0.0,4.114,-0.66,-3.47,-0.481,17.08802037422015,A124D
-4.973,37.152,5.643,0.003,0.1,-0.055,0.426,0.0,0.0,0.0,0.0,0.0,0.0,2.472,-0.659,-0.173,-0.413,39.52475897432714,A124T
-6.859,49.99944689093138,3.602,0.002,0.086,0.225,1.658,47.90351434307808,0.0,1.14,0.0,0.0,0.005,-0.35,2.569,-2.968,2.909,49.999989075838215,A124P
-14.28,49.63858576141428,13.745,0.071,0.688,0.463,0.784,0.0,0.0,0.0,0.0,0.0,0.0,4.267,-0.533,-1.419,-0.46,49.683441645130145,A124R
-4.128,5.836,1.666,0.087,0.128,0.102,-0.498,0.0,0.0,0.0,0.0,0.0,0.165,0.86,5.294,1.506,10.947,21.96180793813096,G126I
-17.12,49.99999999679627,5.682,0.037,0.698,1.164,0.381,0.0,0.0,0.0,0.0,0.0,0.0,4.142,-0.004,0.937,0.172,49.99999999625364,A124W
-1.23,-0.266,2.685,0.01,0.17,-0.523,-0.439,0.0,0.0,0.0,0.362,0.621,0.175,1.15,2.602,2.457,4.196,11.967909720153555,G126C
-2.967,6.693,0.877,0.079,0.059,0.179,-0.385,0.0,0.0,0.0,0.0,0.0,0.165,0.693,5.586,1.845,10.917,23.74022860457489,G126V
-2.168,2.635,-1.524,0.033,0.051,0.008,1.139,0.0,0.0,0.0,0.0,0.0,0.011,1.973,-0.398,1.152,-0.046,2.865951775291933,T127I
-1.935,-0.607,3.155,0.022,0.348,-0.484,-0.452,0.0,0.0,0.0,0.362,0.621,0.175,3.764,2.825,0.86,3.103,11.753109395164756,G126M
-6.186,7.96,7.623,0.012,0.3,0.06,-0.847,0.0,0.0,0.0,0.0,0.0,0.0,3.397,0.079,-1.866,-0.264,10.266426809888571,T127K
-1.303,0.224,5.755,0.012,0.515,-1.035,-0.689,0.0,0.0,0.0,0.362,1.837,0.175,3.111,2.169,-2.944,2.047,10.233734350852728,G126D
-2.792,4.165,-1.759,-0.008,-0.322,0.424,0.926,0.0,0.0,0.0,-0.362,-0.622,0.0,-1.03,-0.592,1.615,-0.337,-0.6941892013508095,S130A
-2.556,3.182,3.458,0.006,0.303,-0.6,-0.386,0.0,0.0,0.0,0.0,0.0,0.175,1.659,1.819,-2.138,1.698,6.61945954495809,G126N
-0.622,25.364,-4.504,0.008,0.151,0.299,1.396,0.0,0.0,0.0,0.0,0.0,0.0,3.635,-0.187,0.51,-0.16,25.88950508433095,T127L
-4.868,3.004,2.571,0.028,0.336,-0.186,-0.318,0.0,0.0,0.0,0.0,0.0,0.175,2.502,2.298,-0.216,2.254,7.579546911577609,G126Y
-4.51,3.506,2.293,0.025,0.339,-0.036,-0.745,0.0,0.0,0.0,0.0,0.0,0.175,2.094,2.207,0.421,2.135,7.902839097074548,G126F
-2.316,1.973,4.233,0.011,0.581,0.382,-0.665,0.0,0.0,0.0,0.0,-0.075,0.0,4.328,-0.006,-1.246,-0.216,6.9838495526405495,T127R
-1.162,49.650332514158606,-1.42,-0.009,-0.078,0.094,2.019,17.131,1.046,0.0,0.0,0.0,0.027,1.486,1.732,-2.795,12.051,49.894937846748945,T127P
-3.711,4.402,4.832,0.015,0.395,-0.106,-2.711,0.0,0.0,0.0,0.0,0.0,0.175,1.181,2.335,-1.512,2.187,7.480664715388684,G126K
-3.139,4.451,1.432,0.017,0.1,-0.067,-0.7,0.0,0.0,0.0,0.0,0.0,0.175,0.415,2.938,0.864,2.805,9.288476918864715,G126L
-0.776,5.508,0.158,0.002,0.0,0.033,-0.675,0.0,0.0,0.0,0.0,0.0,0.175,0.0,2.829,0.527,2.538,10.31749872861701,G126A
2.922,-0.353,-2.368,-0.009,-0.062,0.06,1.338,0.0,0.0,0.0,0.0,0.0,0.0,-0.008,0.056,0.173,-0.056,1.6916530565806625,T127A
-0.035,0.041,-1.452,-0.008,-0.018,0.006,1.059,0.0,0.0,0.0,0.0,0.0,0.0,0.71,0.279,2.103,0.512,3.1970124358751946,T127C
2.356,-0.841,-2.016,0.003,0.142,0.246,0.422,0.0,0.0,0.0,0.0,0.0,0.0,-0.201,0.0,0.0,0.0,0.1119921550784965,T127T
-3.199,-0.603,5.59,0.013,0.676,-0.933,-0.426,0.0,0.0,0.0,0.362,0.621,0.175,2.889,2.241,-1.098,2.097,8.40380236808619,G126H
-1.25,1.128,3.917,0.015,0.512,-0.6,0.737,0.0,0.0,0.0,0.362,0.621,0.175,3.776,2.882,-3.522,2.567,11.318113374995846,G126E
1.22,-0.817,0.441,-0.001,0.718,0.305,1.339,0.0,0.0,0.0,0.0,0.0,0.0,3.542,0.609,-2.492,0.326,5.1894844634939545,T127N
0.0,0.0,0.0,0.0,0.0,0.0,0.0,0.0,0.0,0.0,0.0,0.0,0.0,0.0,0.0,0.0,0.0,0.0,G126G
-4.287,-0.061,4.827,0.028,0.58,-0.959,-0.093,0.0,0.0,0.0,0.362,0.621,0.175,3.403,2.297,1.463,3.269,11.623216678181734,G126W
-4.018,4.169,0.739,0.0,-0.113,0.309,-0.107,0.0,0.0,0.0,-0.362,-0.622,0.0,0.141,-0.307,-0.425,-0.314,-0.9088834086794576,S130K
-1.086,3.674,-2.872,0.012,0.015,0.112,1.238,0.0,0.0,0.0,0.0,0.0,0.011,-0.68,-0.264,1.491,-0.129,1.5209174288902432,T127V
-0.088,-0.319,-3.593,0.004,-0.337,0.058,2.841,0.0,0.0,0.0,1.933,0.425,0.0,-0.951,0.208,4.382,0.459,5.0210795988491554,E129M
-6.826,49.998915418043616,1.114,-0.001,-0.132,0.015,1.81,1.129,0.883,0.0,0.0,0.0,0.031,-0.221,1.15,-1.353,11.156,49.99923582340419,S130P
-2.975,49.97630347360884,0.3,0.003,0.102,-0.235,-2.585,48.224406517545845,0.0,0.0,0.0,1.216,0.165,2.008,7.673,-2.441,11.442,49.999761734734015,G126P
-2.278,3.745,1.833,0.058,0.073,-0.204,-0.278,0.0,0.0,0.0,0.0,0.0,0.175,2.178,2.569,0.354,2.822,11.045257317647838,G126T
-4.177,4.926,-0.554,-0.007,-0.31,0.41,-0.146,0.0,0.0,0.0,-0.362,-0.622,0.0,-0.896,-0.009,3.545,0.324,2.1228658816048664,S130C
-0.357,-0.182,4.261,-0.002,0.799,-0.023,0.537,0.0,0.0,0.0,0.0,0.0,0.0,3.514,0.314,-3.297,0.045,5.607092198739565,T127D
-1.53,4.035,-1.768,-0.009,-0.322,0.237,1.013,0.0,0.0,0.0,-0.362,-0.622,-0.016,-1.03,0.227,1.088,0.535,1.475816066622201,S130G
-0.259,-2.674,3.619,0.01,0.245,-0.381,-1.029,0.0,0.0,0.0,-0.174,0.621,0.175,1.74,2.25,-1.087,2.27,5.3217694157197,G126S
-4.079,4.171,0.706,-0.001,-0.081,-0.053,0.876,0.0,0.0,0.0,-0.362,-0.622,0.0,2.215,-0.394,-1.161,-0.119,1.095533067715451,S130Q
-2.16,3.328,-1.591,-0.003,0.528,0.304,0.514,0.0,0.0,0.0,-0.362,-0.622,0.0,0.37,-0.158,-0.011,-0.079,0.0595260337281615,S130H
-4.166,4.417,2.155,-0.005,-0.017,-0.13,2.77,0.0,0.0,0.0,-0.362,-0.622,0.0,0.238,-0.108,-1.856,-0.116,2.1977493532920107,S130D
0.981,-0.748,-3.729,-0.006,-0.318,-0.07,3.24,0.0,0.0,0.0,1.416,0.0,0.0,-1.422,0.479,5.98,0.755,6.5562797041193335,E129C
-2.186,4.32,2.2,0.009,0.258,-0.01,-0.83,0.0,0.0,0.0,0.0,0.0,0.175,2.886,2.682,-2.249,2.484,9.736883337901872,G126Q
1.601,-0.736,1.65,-0.005,-0.078,0.948,-2.717,0.0,0.0,0.0,1.933,-0.071,0.0,-1.279,0.337,0.579,0.323,2.484266907959864,E129D
-5.996,40.244399416098375,2.885,0.078,0.455,0.553,1.454,0.0,0.0,0.0,0.0,0.0,0.0,2.119,-0.297,-0.569,-0.19,40.41647073906435,T127Y
-2.882,1.283,6.352,0.024,0.532,0.138,-3.489,0.0,0.0,0.0,0.362,-0.843,0.175,3.924,2.327,-0.893,1.989,8.9973316867206,G126R
3.259,-1.244,-4.869,-0.008,-0.369,0.218,3.61,0.0,0.0,0.0,1.416,0.0,0.0,-3.092,-0.119,4.05,0.086,2.936622891360912,E129A
-5.621,31.438,1.316,0.077,0.41,0.662,1.423,0.0,0.0,0.0,0.0,0.0,0.0,3.568,-0.349,0.067,-0.226,32.76581844713064,T127F
-5.311,6.42,-0.287,0.022,-0.247,0.215,0.892,0.0,0.0,0.0,-0.362,-0.622,-0.138,-0.791,-0.438,2.594,0.006,1.9530649141968297,S130I
-5.11,4.18,-0.282,0.013,0.004,0.107,0.67,0.0,0.0,0.0,-0.362,-0.622,0.0,0.689,-0.211,1.508,-0.088,0.4966087082791546,S130F
-3.1,0.368,2.161,0.014,0.304,-0.135,-0.525,0.0,0.0,0.0,0.0,0.0,0.0,2.464,-0.418,0.195,-0.308,1.019593372367808,S130R
-6.462,6.872,-1.237,0.002,0.017,-0.031,1.247,0.0,0.0,0.0,0.0,0.0,0.0,2.122,0.096,0.506,0.153,3.285184475486858,T127M
0.0,0.0,0.0,0.0,0.0,0.0,0.0,0.0,0.0,0.0,0.0,0.0,0.0,0.0,0.0,0.0,0.0,0.0,E129E
-4.526,4.345,1.28,-0.003,-0.062,-0.271,0.928,0.0,0.0,0.0,-0.362,-0.622,0.0,-0.013,0.149,-1.05,0.229,0.0224524609243417,S130N
4.476,-1.164,-1.092,-0.007,0.103,0.266,0.542,0.0,0.0,0.0,0.0,0.0,0.0,0.348,0.361,-1.441,0.153,2.5453505548591693,T127S
-4.545,14.815,-0.98,0.013,-0.267,0.286,0.756,0.0,0.0,0.0,-0.362,-0.622,-0.138,-0.959,-0.33,2.933,-0.098,10.500262977766624,S130V
4.761,-0.556,-1.112,-0.01,-0.062,-0.034,1.115,0.0,0.0,0.0,0.0,0.0,-0.019,-0.008,0.436,-0.353,0.586,4.74285648265527,T127G
-1.776,0.88,-0.742,0.003,-0.1,1.416,2.853,0.0,0.0,0.0,-0.361,-1.077,0.0,1.663,0.121,1.274,0.312,4.465652850305787,E129Q
-3.188,1.305,2.832,-0.003,0.238,-0.654,0.818,0.0,0.0,0.0,0.0,0.0,0.0,3.946,-0.173,-1.452,-0.113,3.554351597617142,T127H
-4.922,2.387,3.562,-0.004,0.119,-0.706,1.259,0.0,0.0,0.0,0.0,0.0,0.0,4.259,0.19,-2.602,-0.008,3.5345410570853346,T127Q
-4.325,3.813,-0.47,0.009,-0.133,0.408,0.612,0.0,0.0,0.0,-0.362,-0.622,0.0,0.135,-0.521,1.952,-0.156,0.3420052671531266,S130L
-3.753,4.158,0.583,0.003,-0.256,0.127,-0.746,0.0,0.0,0.0,-0.362,-0.622,0.0,-0.933,-0.112,1.442,0.048,-0.4225454837287543,S130T
-4.348,47.35898060201847,1.559,0.021,0.345,0.281,1.437,0.0,0.0,0.0,0.0,0.0,0.0,3.225,-0.307,1.11,-0.132,47.66802871771708,T127W
-1.181,-0.047,4.302,-0.002,0.366,-0.129,1.332,0.0,0.0,0.0,0.0,0.0,0.0,3.504,-0.006,-3.876,-0.228,4.0341374204249405,T127E
-0.526,-0.025,0.233,0.008,0.328,-0.063,2.902,0.0,0.0,0.0,0.0,0.0,0.0,2.632,-0.507,-2.434,-0.418,2.1286055345585737,S130E
-1.371,0.817,-0.132,-0.001,-0.025,1.491,0.81,0.0,0.0,0.0,-0.362,-1.24,0.0,0.009,0.0,0.0,0.0,-0.0033449369943809,S130S
-3.052,0.808,1.421,0.008,-0.061,-0.288,1.093,0.0,0.0,0.0,0.0,0.0,0.0,1.703,-0.292,1.947,0.036,3.323545320814901,S130M
-2.768,3.326,-2.187,0.015,0.156,0.32,1.197,0.0,0.0,0.0,-0.362,-0.622,0.0,0.56,-0.157,0.872,-0.134,0.2155572457329526,S130Y
-7.519,6.376,0.042,0.012,0.135,-0.309,0.943,0.0,0.0,0.0,-0.362,-0.622,0.0,0.828,-0.235,2.551,-0.178,1.6632343924613906,S130W
-3.462,1.886,2.066,-0.01,-0.04,1.936,1.437,0.0,0.0,0.0,1.416,-3.605,0.0,0.075,0.302,2.424,0.346,4.769463653975436,E129H
-5.592,3.296,0.249,0.011,-0.168,2.232,3.839,0.0,0.0,0.0,1.416,-1.466,0.0,-0.052,0.206,3.943,0.32,8.232913156709856,E129F
-10.358,9.613,2.612,0.0,-0.178,1.901,4.59,0.0,0.0,0.0,1.416,-1.466,0.0,0.114,0.204,4.986,0.208,13.639904624651535,E129W
-2.127,1.502,-2.26,0.018,-0.3,1.407,4.255,0.0,0.0,0.0,1.416,-1.466,-0.116,-2.81,0.082,5.029,0.451,5.078776168567401,E129I
2.903,-1.294,-1.704,-0.008,-0.345,0.375,2.456,0.0,0.0,0.0,1.416,-0.848,0.0,-2.588,0.49,2.435,0.432,3.717934164314784,E129S
-1.472,9.656,-3.588,-0.007,-0.333,0.718,3.616,0.12,0.0,0.0,1.416,0.0,0.034,-3.1,1.248,1.082,11.045,20.43285152982025,E129P
-2.931,2.124,-3.156,0.005,-0.174,1.461,4.32,0.0,0.0,0.0,1.416,-1.077,0.0,-2.081,-0.006,4.386,0.279,4.564668731472921,E129L
-1.248,1.769,0.682,-0.007,-0.123,1.505,3.28,0.0,0.0,0.0,1.416,-1.706,0.0,-2.018,0.621,1.385,0.641,6.194865915532773,E129N
3.908,1.001,-6.414,-0.014,-0.506,0.248,3.795,0.0,0.0,0.0,1.416,-0.621,-0.028,-3.171,0.696,3.523,0.935,4.765387465731237,E129G
-0.748,-0.103,-1.35,0.008,0.127,-0.337,5.125,0.0,0.0,0.0,1.416,0.0,0.0,-0.821,0.04,2.63,0.116,6.103551430475363,E129R
-0.354,-0.212,-1.665,0.007,-0.107,-0.321,4.778,0.0,0.0,0.0,1.416,0.0,0.0,-0.465,0.162,2.01,0.097,5.345031283538219,E129K
-1.281,1.019,-3.039,0.006,-0.323,1.646,4.117,0.0,0.0,0.0,1.416,-1.077,-0.116,-2.991,0.192,5.368,0.339,5.274412501840743,E129V
1.869,-0.595,-2.888,0.005,-0.311,0.263,1.866,0.0,0.0,0.0,1.933,-0.581,0.0,-2.49,0.398,3.877,0.46,3.803347571363929,E129T
-6.791,3.856,3.182,0.011,-0.137,2.396,3.115,0.0,0.0,0.0,1.416,-2.15,0.0,-0.413,0.256,3.307,0.259,8.3041160094092,E129Y
-9.298,49.96470813500329,16.076,0.033,0.478,0.445,2.389,0.0,0.0,0.0,0.362,0.621,0.149,8.067,0.133,-2.737,-0.032,49.98189148488011,V128R
2.067,-2.43,11.558,-0.005,0.432,-0.158,-2.156,0.0,0.0,0.0,0.362,0.621,0.149,1.697,0.151,-4.788,-0.126,7.372512527922254,V128D
0.03,0.798,0.07,0.002,0.024,-0.038,0.066,0.0,0.0,0.0,0.0,0.0,0.0,-1.05,0.0,0.0,0.0,-0.0995664625786503,V128V
1.116,46.350069535619426,0.051,0.034,0.968,-1.168,4.821,0.0,0.0,0.0,0.56,1.452,0.149,7.802,0.33,-0.985,0.277,47.995407652233006,V128M
1.374,2.046,10.879,0.001,1.504,-0.443,-1.039,0.0,0.0,0.0,0.362,0.621,0.149,2.691,0.008,-5.367,-0.125,12.661669938352134,V128E
-0.399,37.284,-2.768,0.018,0.286,0.416,0.525,0.0,0.0,0.0,0.0,0.0,0.149,2.66,0.007,-0.981,-0.015,37.17945854235586,V128L
6.799,-3.372,3.81,-0.008,0.127,-0.472,0.006,0.0,0.0,0.0,0.362,0.621,0.149,-0.737,0.387,-1.318,0.171,6.525033274985617,V128A
1.284,45.70393529502095,10.788,0.058,1.474,-0.533,6.34,0.0,0.0,0.0,0.56,1.452,0.149,10.574,0.115,-3.357,-0.077,48.602834372372826,V128K
-3.181,49.9505584616913,-1.156,0.045,0.586,-0.398,5.786,0.0,0.0,0.0,0.56,1.452,0.149,10.143,0.208,-1.424,0.133,49.97048360362954,V128F
4.912,-3.754,1.691,-0.005,0.259,-0.27,0.257,0.0,0.0,0.0,0.362,0.621,0.149,0.24,0.628,0.612,0.533,6.234771324591975,V128C
-2.595,13.677,9.408,0.0,1.148,-0.349,-0.819,0.0,0.0,0.0,0.362,0.621,0.149,2.901,0.19,-4.093,0.009,20.60715268592889,V128Q
4.632,6.074,3.907,-0.004,0.288,-0.428,0.351,1.506,0.0,0.0,0.362,0.93,0.059,0.279,2.366,-4.286,11.398,27.43409090051045,V128P
11.22,-4.924,2.903,-0.007,0.248,0.058,0.42,0.0,0.0,0.0,0.362,0.621,0.173,-0.238,1.083,-1.844,0.857,10.929927919313512,V128G
-4.427,39.69808851502364,12.203,0.002,0.936,0.271,-0.303,0.0,0.0,0.0,0.879,1.347,0.149,4.079,0.173,-2.943,0.07,43.471553445528585,V128H
0.06,20.013,-0.835,0.023,0.401,-0.395,0.584,0.0,0.0,0.0,0.362,0.621,0.0,1.0,-0.061,-0.339,0.039,21.47334845423916,V128I
7.53,-1.291,3.907,-0.011,0.117,0.085,0.213,0.0,0.0,0.0,0.0,0.0,0.149,-0.567,0.573,-2.932,0.277,8.048058201265576,V128S
2.814,-0.857,6.483,-0.002,0.521,-0.274,-0.039,0.0,0.0,0.0,0.362,0.621,0.149,1.914,0.519,-3.983,0.299,8.5256926858317,V128N
-3.85,49.9898764517058,1.509,0.057,0.642,-0.247,5.762,0.0,0.0,0.0,0.56,1.452,0.149,12.561,0.251,-2.06,0.097,49.99484658055409,V128Y
-11.604,49.8202142275285,12.295,-0.007,0.422,1.045,-0.105,0.0,0.0,0.0,0.0,1.625,0.149,6.681,0.313,-0.381,0.193,49.88238736735778,V128W
4.254,-0.883,2.308,-0.003,0.158,-0.024,0.266,0.0,0.0,0.0,0.0,0.0,0.149,-0.752,0.295,-1.491,0.212,4.487859937972644,V128T
3.353,0.867,0.453,-0.024,-0.156,0.927,-1.477,0.0,0.0,0.0,-0.362,-0.621,0.0,-1.89,0.531,1.594,0.496,3.689901180229299,L131C
-1.455,1.116,1.037,0.009,0.042,0.104,0.114,0.0,0.0,0.0,0.0,0.0,0.0,0.575,-0.128,-0.339,-0.123,0.95162281426542,V134I
-0.804,0.59,-0.292,0.002,-0.403,-0.056,-1.366,0.0,0.0,0.0,0.0,0.0,0.0,-2.691,0.448,3.877,0.459,-0.2360862877008003,E133T
3.286,11.861,-0.265,-0.007,0.311,0.258,-0.678,14.794,0.0,0.0,-0.173,0.196,0.261,-0.184,3.818,-4.286,13.769,42.9599190855381,V134P
1.733,-4.097,8.906,-0.008,0.508,-0.349,-0.551,0.0,0.0,0.0,0.188,0.714,0.072,3.719,0.191,-4.788,0.167,6.403520565959752,V134D
-3.097,3.713,2.594,0.321,0.606,-1.204,-0.099,0.0,0.0,0.0,0.188,0.714,0.0,1.803,0.283,2.424,0.337,8.584694533928314,E133H
4.153,-1.125,0.198,-0.016,-0.052,0.056,0.215,0.0,0.0,0.0,0.0,0.0,0.072,-0.002,1.058,-1.318,1.036,4.273397093475523,V134A
-1.365,-0.792,4.927,-0.002,0.331,0.669,-2.113,0.0,0.0,0.0,-0.785,0.0,0.072,2.507,0.679,-2.737,0.55,1.9397354645418543,V134R
-8.042,49.99999975727818,6.302,0.04,0.46,-0.17,0.698,0.0,0.0,0.0,0.188,0.714,0.072,6.33,0.327,-0.381,0.95,49.999999820100896,V134W
0.0,0.0,0.0,0.0,0.0,0.0,0.0,0.0,0.0,0.0,0.0,0.0,0.0,0.0,0.0,0.0,0.0,0.0,A137A
-3.743,49.99966632835613,5.574,0.003,0.382,-0.21,0.9,0.0,0.0,0.0,0.0,0.0,0.072,4.046,0.298,-2.943,0.547,49.99972598292787,V134H
0.011,-2.807,-0.373,-0.001,-0.194,-0.721,-1.015,0.0,0.0,0.0,0.188,0.714,0.0,-0.959,0.501,5.98,0.716,2.0408318916695407,E133C
4.402,-4.283,0.879,-0.008,0.33,-0.345,-0.217,0.0,0.0,0.0,0.188,0.714,0.072,0.938,0.514,0.612,0.651,4.448360396539329,V134C
-8.048,42.52586615118358,-0.623,0.165,0.154,-0.497,-0.733,3.938,0.0,0.0,0.188,0.714,0.0,6.82,0.21,3.943,0.313,44.14689432499061,E133F
3.164,-3.498,-1.421,-0.002,-0.241,-0.601,-0.458,0.0,0.0,0.0,0.188,0.714,0.0,-2.41,-0.098,4.05,0.09,-0.5222985812640673,E133A
0.896,-3.55,6.608,-0.007,0.479,-0.373,-0.381,0.0,0.0,0.0,0.188,0.714,0.072,3.402,0.327,-3.983,0.236,4.626217142905944,V134N
-0.199,-0.162,3.587,0.059,0.421,-0.223,-0.348,0.0,0.0,0.0,0.188,0.714,0.072,3.105,0.164,-0.981,0.3,6.696448957308803,V134L
-4.917,4.489,2.873,0.003,-0.257,0.02,-0.109,0.0,0.0,0.0,0.0,0.0,0.0,0.861,0.129,2.01,0.077,5.179789699104958,E133K
-5.093,49.99999999999903,3.064,0.029,0.463,-0.947,-0.536,0.0,0.0,0.0,0.188,0.714,0.072,4.528,0.24,-1.424,0.326,49.99999999999909,V134F
5.334,-1.139,0.371,-0.017,-0.052,0.117,0.285,0.0,0.0,0.0,0.0,0.0,0.03,-0.002,1.944,-1.844,3.69,8.71587782211418,V134G
-2.522,0.073,1.953,0.002,0.023,0.089,-0.561,0.0,0.0,0.0,0.0,0.0,0.0,1.481,0.678,1.93,0.628,3.7729241762726815,A137C
0.549,-0.294,4.439,-0.01,0.295,0.287,0.3,0.0,0.0,0.0,0.0,0.0,0.072,3.328,0.79,-5.367,0.513,4.903075380246946,V134E
0.0,0.0,0.0,0.0,0.0,0.0,0.0,0.0,0.0,0.0,0.0,0.0,0.0,0.0,0.0,0.0,0.0,0.0,V134V
-0.131,-1.368,5.751,0.003,0.444,-0.156,-1.697,0.0,0.0,0.0,0.188,0.714,0.0,1.571,0.243,0.579,0.324,6.467608744714198,E133D
-0.277,49.999962285661006,-0.815,0.001,-0.063,-0.318,1.869,7.095,0.625,0.0,0.188,0.714,-0.078,-2.238,0.307,1.082,10.999,49.99998242806445,E133P
0.0,0.0,0.0,0.0,0.0,0.0,0.0,0.0,0.0,0.0,0.0,0.0,0.0,0.0,0.0,0.0,0.0,0.0,E133E
-3.618,2.94,-1.676,0.031,-0.005,-0.712,-0.468,0.0,0.0,0.0,0.188,0.714,0.0,3.258,0.062,4.386,0.312,5.413573102809551,E133L
-6.899,50.0,3.218,0.044,0.246,-0.185,1.181,0.0,0.0,0.0,0.0,0.0,0.072,5.299,0.416,-2.06,0.411,50.0,V134Y
-3.436,24.941,-0.636,0.029,-0.173,-0.526,-0.774,0.0,0.0,0.0,0.188,0.714,-0.099,-1.216,0.267,5.029,0.484,24.793931357717383,E133I
5.243,-3.979,-0.437,-0.002,-0.239,-0.687,-0.665,0.0,0.0,0.0,0.188,0.714,-0.076,-2.06,0.617,3.523,0.863,3.0045399297871427,E133G
0.301,-0.196,2.901,-0.004,0.214,-0.102,-0.053,0.0,0.0,0.0,0.0,0.0,0.072,2.361,0.862,-3.357,0.45,3.447391808254679,V134K
3.559,0.638,1.328,-0.027,-0.661,1.494,-0.593,0.0,0.0,0.0,-0.362,-0.621,0.0,-1.906,0.077,-0.336,-0.062,2.5269326150717006,L131A
-1.126,0.589,5.765,0.019,0.782,-0.04,-1.933,0.0,0.0,0.0,0.0,0.0,0.0,6.095,0.426,-3.47,0.253,7.358894406339232,A137D
0.747,-4.051,3.935,-0.005,0.276,-0.515,-0.354,0.0,0.0,0.0,0.188,0.714,0.072,1.96,0.623,-0.985,1.012,3.6166829324188257,V134M
3.493,-1.125,2.913,-0.016,-0.024,-0.298,-0.976,0.0,0.0,0.0,0.0,0.0,0.072,0.816,0.944,-2.932,0.629,3.4953726410631134,V134S
-3.59,9.194,0.657,0.006,-0.234,-0.518,-0.709,0.0,0.0,0.0,0.188,0.714,0.0,-0.426,0.286,4.382,0.445,10.396617665143822,E133M
1.372,-0.02,2.688,0.003,0.315,0.103,-0.006,0.0,0.0,0.0,0.0,0.0,0.0,2.724,0.283,-0.004,0.21,7.666004056961128,L131M
-1.477,9.292,-1.779,0.021,-0.192,-0.635,-0.729,0.0,0.0,0.0,0.188,0.714,-0.099,-1.449,0.332,5.368,0.372,9.925664966479644,E133V
-0.532,-0.706,4.116,-0.011,0.142,0.2,-1.658,0.0,0.0,0.0,-1.252,0.0,0.072,3.598,0.74,-4.093,0.472,1.0875675360980497,V134Q
-2.376,2.902,2.917,0.037,0.164,0.721,-0.088,0.0,0.0,0.0,0.0,0.538,0.0,5.163,0.407,0.333,0.373,11.090039971604028,A137M
-3.995,-1.095,2.509,0.003,-0.048,0.507,0.686,0.0,0.0,0.0,-0.174,-0.631,0.0,0.472,0.142,1.274,0.3,-0.0494921953413722,E133Q
-4.914,46.22395073590697,2.219,0.022,0.382,-0.204,-0.328,0.0,0.0,0.0,0.0,0.0,0.0,1.62,0.496,-0.106,0.276,46.14513347359524,A137F
0.65,-2.694,2.615,0.0,-0.219,1.25,-1.05,0.0,0.0,0.0,-1.28,-0.631,0.0,-1.343,0.468,2.435,0.408,0.6107546848431866,E133S
-2.396,2.009,1.599,0.034,-0.072,0.601,-0.378,0.0,0.0,0.0,0.0,0.538,-0.103,3.841,0.494,1.318,0.302,7.7863770464794015,A137V
-10.353,5.441,1.325,0.495,0.363,-0.84,0.009,0.0,0.0,0.0,0.188,0.714,0.0,1.974,0.162,4.986,0.115,4.582015226453905,E133W
-0.643,-0.01,3.284,0.0,0.042,-0.14,-0.497,0.0,0.0,0.0,0.0,0.0,0.0,0.667,0.62,-1.614,0.341,2.048534630946506,A137S
-0.397,-2.465,1.142,0.036,0.637,0.456,0.397,0.0,0.0,0.0,-0.174,-0.631,0.0,1.673,0.528,1.385,0.579,3.165748794323008,E133N
1.492,-0.416,2.66,-0.004,0.016,-0.194,-0.984,0.0,0.0,0.0,0.0,0.0,0.072,0.369,0.729,-1.491,0.528,2.7751146959319613,V134T
-2.281,7.406,5.292,0.028,1.487,0.499,-1.467,0.0,0.0,0.0,0.0,0.538,0.0,6.552,0.141,-4.049,-0.062,14.08565709119921,A137E
-4.409,38.46519284268272,2.08,0.045,0.077,0.489,-0.293,0.0,0.0,0.0,0.0,0.538,-0.103,3.842,0.407,0.979,0.395,40.016907831466625,A137I
-2.16,1.196,4.729,0.029,-0.065,0.663,-1.638,0.0,0.0,0.0,0.0,0.538,0.0,3.124,0.665,-0.173,0.424,7.333837993909356,A137T
-6.345,1.724,5.007,0.022,0.35,-0.027,0.17,0.0,0.0,0.0,0.0,0.0,0.0,1.282,0.43,0.937,0.094,3.64352930404425,A137W
-9.958,49.8927960761884,0.958,0.037,0.268,1.43,-0.416,3.938,0.0,0.0,-1.405,-0.631,0.0,3.537,0.243,3.307,0.211,49.89911400062914,E133Y
-4.379,1.553,0.661,0.016,0.006,0.386,0.076,0.0,0.0,0.0,0.0,0.0,0.0,2.145,-0.009,2.63,0.117,3.203733850363733,E133R
2.616,47.8792400852586,2.024,-0.018,0.023,0.782,-0.423,23.602,0.541,0.0,0.0,0.0,0.009,-0.554,2.285,-3.304,11.312,49.54483398880649,L131P
1.592,-0.357,1.429,-0.007,-0.178,0.023,-0.403,0.0,0.0,0.0,0.0,0.0,-0.044,-0.457,0.786,-0.526,0.817,2.6747142017029546,A137G
-4.844,46.55876045389449,5.862,0.019,1.182,-0.702,-0.232,0.0,0.0,0.0,0.0,-0.002,0.0,4.764,0.266,-2.775,0.239,47.02668638268505,A137Q
-3.094,10.05,-9.809,0.013,-0.173,0.745,8.982,0.0,0.0,0.0,0.905,-0.074,0.0,-0.149,-0.208,1.933,-0.067,9.053740466993986,K135F
-4.289,49.58981218056092,1.807,0.032,0.078,0.567,-0.259,0.0,0.0,0.0,0.0,0.538,0.0,3.195,0.194,0.337,0.253,49.62800008622569,A137L
-3.672,0.138,4.962,0.027,0.122,0.523,-0.142,0.0,0.0,0.0,0.0,0.538,0.0,6.078,0.178,-1.419,0.062,7.394443987629984,A137R
-3.153,0.14,4.805,0.024,0.026,0.641,0.109,0.0,0.0,0.0,0.0,0.538,0.0,5.321,0.3,-2.039,0.032,6.744135470610672,A137K
-5.412,0.56,7.086,0.005,0.579,0.362,-1.251,0.0,0.0,0.0,0.0,-0.395,0.0,2.586,0.517,-1.625,0.28,3.2915135669575197,A137H
-5.156,47.825018077757704,1.237,0.003,-0.064,-0.072,1.895,0.756,0.0,0.0,-0.285,0.0,-0.019,0.369,0.829,-2.968,0.955,47.59993711290373,A137P
-2.091,1.361,4.732,0.019,0.581,0.563,-0.624,0.0,0.0,0.0,0.0,0.538,0.0,4.82,0.688,-2.665,0.535,8.458098339133585,A137N
4.104,-2.173,8.579,-0.015,0.298,-0.067,-1.99,0.0,0.0,0.0,0.0,0.0,0.0,-0.283,0.498,-3.807,0.053,5.195333993267923,L131D
-5.446,1.159,4.341,0.024,0.251,0.313,-0.095,0.0,0.0,0.0,0.0,0.0,0.0,2.441,0.54,-0.742,0.19,2.9759437780444387,A137Y
7.081,-4.161,3.408,-0.024,-0.521,0.643,-0.655,0.0,0.0,0.0,0.0,0.0,0.003,-0.81,0.83,-0.863,0.764,5.692870647974814,L131G
1.782,-1.68,4.81,0.009,1.061,-0.27,0.959,0.0,0.0,0.0,0.0,0.0,0.0,4.087,0.178,-1.756,-0.112,9.067631970714956,L131R
-2.373,0.006,1.737,0.019,0.182,-0.309,0.324,0.0,0.0,0.0,0.0,0.0,-0.014,0.755,-0.837,0.864,-0.788,-0.4346127926112331,G138L
-3.462,35.931,2.666,0.022,-0.073,1.062,1.993,0.0,0.0,0.0,0.0,0.0,0.0,4.48,0.308,-0.443,0.076,42.5587407706239,L131F
-1.071,0.341,1.124,0.005,-0.048,2.204,0.787,0.0,0.0,0.0,-0.357,-1.239,-0.089,-0.423,-0.005,0.643,0.144,2.013461259076621,L131I
7.287,-3.54,4.151,-0.02,-0.004,0.152,-1.747,0.0,0.0,0.0,0.0,0.0,0.0,-0.487,0.559,-1.951,0.204,4.605688105815943,L131S
1.147,-0.648,8.824,-0.007,0.748,0.907,-1.875,0.0,0.0,0.0,-0.362,-1.239,0.0,3.552,0.037,-4.386,-0.198,6.500619812300784,L131E
-1.873,0.011,4.012,0.005,0.301,-0.222,-2.197,0.0,0.0,0.0,0.0,0.0,-0.014,1.378,-0.324,-2.944,-0.72,-2.586616850469227,G138D
0.0,0.0,0.0,0.0,0.0,0.0,0.0,0.0,0.0,0.0,0.0,0.0,0.0,0.0,0.0,0.0,0.0,0.0,L131L
-2.462,0.023,1.514,0.021,0.054,-0.492,0.075,0.0,0.0,0.0,0.0,0.0,-0.089,-0.009,-0.825,1.845,-0.745,-1.0918299774189109,G138V
5.311,-1.939,2.788,-0.006,0.876,-0.172,-0.03,0.0,0.0,0.0,0.0,0.0,0.0,2.52,0.167,-3.112,0.041,6.443188984285598,L131Q
-0.438,8.263,2.7,-0.013,0.471,0.427,0.145,0.0,0.0,0.0,-0.362,-0.621,0.0,1.411,0.342,-1.962,0.068,10.431895987048849,L131H
0.569,3.197,8.1,0.039,0.769,1.169,2.45,0.0,0.0,0.0,0.0,0.0,0.0,4.898,0.261,-2.376,-0.12,18.95539784323728,L131K
0.0,0.0,0.0,0.0,0.0,0.0,0.0,0.0,0.0,0.0,0.0,0.0,0.0,0.0,0.0,0.0,0.0,0.0,G138G
3.954,-0.141,-7.139,-0.021,-1.082,0.965,0.957,0.0,0.0,0.0,-0.189,0.644,0.0,-2.419,0.277,1.247,0.255,-2.6914540042221238,R132T
2.265,1.261,3.683,-0.014,0.035,0.497,-0.168,0.0,0.0,0.0,-0.362,-0.621,0.0,-0.684,0.747,-3.001,0.412,4.0504200263517305,L131N
-2.566,0.006,1.718,0.005,0.66,-0.367,0.28,0.0,0.0,0.0,0.0,0.0,-0.014,1.692,-0.551,-1.098,-0.736,-0.9737064121388812,G138H
-1.928,0.006,2.276,0.005,0.626,-0.578,0.175,0.0,0.0,0.0,0.0,0.0,-0.014,2.363,-0.061,-2.138,-0.367,0.3654317402458673,G138N
-2.667,0.021,1.969,0.04,0.115,-0.517,0.096,0.0,0.0,0.0,0.0,0.0,-0.089,1.179,-0.924,1.506,-0.663,0.0669304993841706,G138I
-3.034,0.224,0.862,0.023,0.289,-0.225,0.182,0.0,0.0,0.0,0.0,0.0,-0.014,1.731,-0.604,0.421,-0.73,-0.8764482642770872,G138F
3.303,-2.427,1.19,0.002,-0.041,0.69,-0.353,0.0,0.0,0.0,0.005,0.0,-0.089,-0.238,0.09,0.982,0.054,3.166535626206951,L131V
-1.825,0.012,1.85,0.002,0.012,-0.262,-0.256,0.0,0.0,0.0,0.0,0.0,-0.014,0.127,-0.317,2.457,-0.263,1.5211962386840696,G138C
5.131,-0.807,-2.543,-0.031,-0.432,0.5,0.053,0.0,0.0,0.0,-0.189,0.644,0.0,-0.361,0.042,-2.051,0.059,0.0151758781557873,R132D
-4.971,39.89634459314252,6.119,0.02,-0.068,1.175,1.724,0.0,0.0,0.0,0.0,0.0,0.0,4.432,0.363,-1.079,0.062,42.39185494106126,L131Y
-2.04,0.005,2.308,0.009,0.192,-0.448,0.362,0.0,0.0,0.0,0.0,0.0,-0.014,1.274,-0.576,-1.512,-0.897,-1.338755510070314,G138K
-0.996,0.006,0.502,0.002,0.0,-0.124,0.147,0.0,0.0,0.0,0.0,0.0,-0.014,0.0,-0.704,0.527,-0.783,-1.4383788339910095,G138A
-1.392,15.487,-6.526,0.006,-0.507,1.103,2.001,0.0,0.0,0.0,-0.734,1.193,0.0,1.646,0.206,1.313,0.174,13.970085607840929,R132F
-2.337,0.006,3.233,0.009,0.225,-0.353,-1.341,0.0,0.0,0.0,0.0,0.0,-0.014,3.153,-0.629,-2.249,-0.74,-1.0376368482027374,G138Q
-3.15,0.216,1.119,0.022,0.3,-0.338,0.176,0.0,0.0,0.0,0.0,0.0,-0.014,1.735,-0.544,-0.216,-0.729,-1.4233415504791085,G138Y
-2.286,20.835,-3.917,0.007,-0.093,0.859,16.762,1.314,0.0,0.0,2.876,0.753,-0.014,-1.709,-0.914,0.503,-0.109,34.864238805908144,D136P
2.224,-0.327,-3.63,-0.001,-0.321,0.825,8.738,0.0,0.0,0.0,-0.42,-0.299,0.0,-3.794,-0.399,1.856,-0.389,4.06195643370711,D136S
-4.968,35.63,6.369,0.091,0.596,0.632,3.147,0.0,0.0,0.0,0.0,0.0,0.0,6.552,0.274,0.6,0.038,48.96031569372849,L131W
-1.726,0.005,2.017,0.011,0.065,-0.466,-0.511,0.0,0.0,0.0,0.0,0.0,-0.014,0.033,-0.563,0.354,-0.581,-1.3746674738242746,G138T
-5.288,0.538,2.602,0.02,0.243,0.181,0.313,0.0,0.0,0.0,0.005,0.0,-0.014,2.247,-0.53,0.86,-0.565,0.6112696090162899,G138M
-2.31,0.006,1.685,0.02,0.627,-0.283,0.307,0.0,0.0,0.0,0.0,0.0,-0.014,2.236,-0.642,-0.893,-0.883,-0.1461352402598095,G138R
-3.964,27.18,1.292,0.003,-0.068,0.601,2.569,7.833,0.0,0.0,-0.285,0.0,0.003,0.397,1.586,-2.441,1.621,36.325077376283616,G138P
-2.137,0.006,3.633,0.008,0.345,-0.324,-1.841,0.0,0.0,0.0,0.0,0.0,-0.014,2.956,-0.779,-3.522,-0.954,-2.624468188901119,G138E
0.4,0.642,-6.676,0.0,-0.37,0.837,10.068,0.0,0.0,0.0,0.56,0.0,0.0,-1.249,0.133,5.401,-0.2,9.543590813649873,D136C
4.862,-3.089,3.617,-0.008,-0.03,0.338,-1.115,0.0,0.0,0.0,0.005,0.0,0.0,-0.181,0.326,-0.509,0.215,4.429610681718486,L131T
-3.237,0.009,1.148,0.022,0.476,-0.311,0.234,0.0,0.0,0.0,0.0,0.0,-0.014,2.02,-0.635,1.463,-0.735,0.4386437819139246,G138W
6.569,-2.067,-11.405,-0.025,-0.984,1.106,2.039,0.0,0.0,0.0,-0.189,0.644,0.0,-2.942,0.496,3.35,0.134,-3.273111775178449,R132C
-2.313,49.999974249849124,-7.798,0.011,-0.244,-0.159,12.443,0.0,0.0,0.0,0.56,0.0,0.0,-3.266,-0.118,3.808,0.012,49.99997710238602,D136L
8.595,-2.888,-12.324,-0.008,-0.39,0.313,8.835,0.0,0.0,0.0,0.471,-0.074,0.0,-2.043,0.072,2.04,0.122,2.7198665696353146,K135A
-3.76,2.991,-0.695,0.001,-0.128,0.823,7.434,0.0,0.0,0.0,-1.383,0.0,0.0,-0.249,-0.028,1.845,-0.07,6.779762876333734,D136H
3.338,49.530616290800786,-9.671,-0.003,-0.309,0.808,9.437,14.018,0.0,0.915,0.471,-0.074,-0.053,0.873,0.266,-0.928,0.808,49.787639218572444,K135P
0.355,42.981,-12.077,0.028,-0.315,0.255,8.563,0.0,0.0,0.0,0.471,-0.074,0.0,0.617,-0.271,2.376,-0.117,42.79118553104854,K135L
-1.141,0.007,2.172,0.002,0.024,-0.375,-0.459,0.0,0.0,0.0,0.0,0.0,-0.014,0.4,-0.279,-1.087,-0.55,-1.3007357681042322,G138S
-2.577,19.644,-2.963,0.007,-0.466,1.281,1.967,0.0,0.0,0.0,-0.734,2.365,0.0,1.444,0.194,0.677,0.116,20.956408866417178,R132Y
2.914,-2.043,-2.474,-0.002,0.188,0.17,12.489,0.0,0.0,0.0,0.471,-0.074,0.0,0.948,-0.019,-2.01,0.05,10.60577394456891,K135E
-2.387,4.532,-6.559,0.025,0.099,0.691,8.673,0.0,0.0,0.0,1.475,0.956,-0.132,-2.439,0.091,5.029,0.332,10.386118363681137,E139I
-1.242,34.003,-3.96,0.022,0.841,0.591,11.598,0.0,0.0,0.0,0.56,0.0,0.0,-0.31,-0.078,2.051,-0.021,44.052409737149446,D136R
2.737,-0.648,-4.922,-0.025,-0.848,1.165,1.665,0.0,0.0,0.0,-0.189,0.644,0.0,-0.326,0.243,-1.245,0.292,-1.458416045137028,R132N
0.0,0.0,0.0,0.0,0.0,0.0,0.0,0.0,0.0,0.0,0.0,0.0,0.0,0.0,0.0,0.0,0.0,0.0,L140L
3.216,-0.734,-8.516,-0.002,-0.393,0.624,11.264,0.0,0.0,0.0,0.56,0.0,0.0,-3.953,-0.146,3.471,-0.113,5.274767594193918,D136A
5.419,-0.791,-8.186,-0.003,-0.393,0.619,10.974,0.0,0.0,0.0,0.56,0.0,0.016,-3.953,0.174,2.944,0.219,7.595731204459298,D136G
7.513,-0.896,-9.979,-0.028,-1.116,0.966,2.15,0.0,0.0,0.0,-0.189,0.644,0.0,-3.966,0.139,1.42,-0.04,-3.3808741413702137,R132A
3.119,-1.898,-10.534,0.007,-0.848,1.275,2.289,0.0,0.0,0.0,-0.362,0.84,0.025,-2.373,0.296,2.399,0.205,-5.561437690270168,R132I
4.59,-2.643,-1.008,-0.003,-0.421,1.182,-0.894,0.0,0.0,0.0,0.0,0.282,-0.126,0.622,0.178,0.982,0.065,2.803408034007589,L140V
0.371,-0.145,-4.386,-0.022,-0.902,1.115,1.551,0.0,0.0,0.0,-0.189,0.639,0.0,-1.244,-0.049,-1.356,-0.006,-4.623397273578348,R132Q
9.243,-1.56,-9.872,-0.029,-1.139,0.739,2.137,0.0,0.0,0.0,-0.189,0.644,0.011,-3.266,0.815,0.893,0.647,-0.927216657136114,R132G
1.072,49.994545554746686,2.78,-0.013,-0.048,0.343,0.641,15.466,1.133,0.0,0.053,-0.041,-0.001,1.323,2.182,-3.304,11.581,49.99855238904593,L140P
4.002,49.970030334401365,-10.541,-0.023,-0.956,1.356,2.878,27.095,1.409,0.0,-0.189,0.644,-0.001,-1.578,1.137,-1.548,2.962,49.98967619722534,R132P
5.668,-2.628,-10.624,-0.007,-0.379,0.25,8.553,0.0,0.0,0.0,0.471,-0.074,0.0,-1.909,0.088,3.97,0.04,3.41583387940932,K135C
-1.258,2.675,-0.18,-0.022,-0.404,0.871,-1.493,0.0,0.0,0.0,-2.429,0.636,0.0,0.376,0.14,-0.206,0.088,-1.2053090706974672,R132H
0.0,0.0,0.0,0.0,0.0,0.0,0.0,0.0,0.0,0.0,0.0,0.0,0.0,0.0,0.0,0.0,0.0,0.0,D136D
-9.105,40.442257073077634,-2.525,0.011,-0.443,0.637,5.235,0.0,0.0,0.0,1.287,2.735,0.0,1.156,0.162,2.356,-0.004,40.94905383493019,R132W
-2.804,48.715,-7.911,0.025,0.068,0.217,12.156,0.0,0.0,0.0,0.56,0.0,0.0,-0.906,0.019,3.364,0.053,39.493503749896014,D136F
-7.89,43.43111303901625,-4.615,0.007,-0.227,0.092,7.064,0.0,0.0,0.0,0.988,0.753,0.0,0.479,-0.351,2.976,0.043,43.26125766432101,K135W
4.383,-2.044,-5.069,-0.027,-0.698,1.012,2.859,0.0,0.0,0.0,-0.189,0.644,0.0,-0.636,-0.162,-2.629,-0.098,-2.6541693094825405,R132E
2.803,24.165,-12.654,0.007,-0.361,0.098,8.829,0.0,0.0,0.0,0.524,-0.114,0.093,-1.115,-0.032,3.358,0.207,25.80628325829639,K135V
9.064,-2.252,-8.88,-0.025,-0.97,0.882,1.944,0.0,0.0,0.0,-0.189,0.644,0.0,-2.609,0.303,-0.195,0.04,-2.242423394594653,R132S
-0.162,3.024,-8.512,-0.019,-1.098,0.817,2.245,0.0,0.0,0.0,-0.189,0.644,0.0,-1.958,0.034,1.752,0.096,-3.3243863269995018,R132M
0.136,9.899,-3.879,0.006,-0.31,0.78,8.571,0.0,0.0,0.0,-0.526,0.0,0.0,-3.591,-0.152,3.298,-0.213,14.01406371769599,D136T
-1.765,32.554,-7.111,0.009,-0.101,0.242,11.828,0.0,0.0,0.0,0.56,0.0,0.0,-1.439,0.063,3.803,-0.055,38.58606715866267,D136M
8.0,-2.894,-8.506,-0.008,-0.366,-0.096,8.387,0.0,0.0,0.0,0.471,-0.074,0.0,-1.28,0.119,0.425,0.152,4.329267653171428,K135S
1.66,-0.859,-7.248,-0.009,-0.851,0.842,1.647,0.0,0.0,0.0,-0.362,0.84,0.0,-1.883,-0.136,1.757,0.025,-4.577379560262216,R132L
5.477,-2.676,-4.576,-0.005,-0.138,0.065,11.113,0.0,0.0,0.0,0.471,-0.074,0.0,0.212,0.245,-1.431,0.316,8.997265914477111,K135D
-3.885,23.811,-6.266,0.023,-0.316,1.165,11.881,0.0,0.0,0.0,0.986,0.295,0.026,-1.219,0.852,4.45,0.487,32.28559513956952,D136I
-2.269,32.476,1.483,0.009,0.393,-0.17,5.369,0.0,0.0,0.0,0.56,0.0,0.0,-0.251,-0.013,-0.578,-0.022,36.9835717760302,D136E
-0.463,-1.677,-4.979,-0.006,-0.084,0.411,7.816,0.0,0.0,0.0,0.471,-0.074,0.0,0.565,-0.016,0.414,0.093,2.470928944406978,K135H
-3.538,46.755,-1.309,0.009,-0.247,1.231,14.674,0.0,0.0,0.0,0.56,0.0,0.0,0.662,0.015,1.432,0.057,41.77296201603341,D136K
3.216,-0.024,-8.778,-0.006,-0.989,1.091,1.644,0.0,0.0,0.0,-0.362,0.84,0.025,-3.575,0.309,2.738,0.179,-3.692758617518166,R132V
3.657,-2.792,1.875,-0.013,-0.064,0.238,-0.846,0.0,0.0,0.0,0.0,0.0,0.0,0.268,0.558,1.594,0.439,4.911811793643892,L140C
0.407,13.729,-9.204,0.02,-0.191,1.37,12.164,0.0,0.0,0.0,0.986,0.295,0.026,-2.064,0.665,4.789,0.309,23.297665348138707,D136V
-7.831,43.01164819790679,-5.671,0.013,-0.202,0.322,11.994,5.666,0.0,0.0,0.56,0.0,0.0,0.116,-0.007,4.407,0.12,45.110149699543456,D136W
-0.747,2.276,-0.539,-0.024,-0.93,0.845,0.001,0.0,0.0,0.0,-0.189,0.655,0.0,-0.067,0.085,-0.619,-0.067,0.6811200272888982,R132K
0.562,28.043,-11.233,0.021,-0.321,0.087,8.611,0.0,0.0,0.0,0.524,-0.114,0.093,-0.16,0.007,3.019,0.324,29.458960930938247,K135I
11.059,-2.968,-11.236,-0.009,-0.39,0.371,8.933,0.0,0.0,0.0,0.471,-0.074,0.094,-2.043,0.563,1.513,0.887,7.170497215816795,K135G
4.144,-2.809,-6.308,-0.005,-0.15,-0.467,8.72,0.0,0.0,0.0,0.471,-0.074,0.0,1.574,0.194,-0.625,0.3,4.962664809238731,K135N
-1.088,2.949,-2.28,0.002,-0.058,0.395,8.995,0.0,0.0,0.0,-1.383,0.0,0.0,-0.069,0.092,0.806,0.141,8.499267520582634,D136N
-2.871,17.741,-2.716,0.009,-0.004,0.867,12.383,0.0,0.0,0.0,0.56,0.0,0.0,0.693,-0.018,0.695,0.029,27.3636051856829,D136Q
-3.766,38.585,-5.994,0.024,0.083,0.082,12.14,0.0,0.0,0.0,0.56,0.0,0.0,-0.944,0.049,2.728,0.102,43.64540751311824,D136Y
-2.544,11.159,3.678,0.206,0.173,1.39,-1.076,0.0,0.0,0.0,0.0,0.538,0.0,7.664,0.461,-1.079,0.071,20.639378910449977,L140Y
0.014,-1.374,-8.652,-0.002,-0.29,0.591,8.624,0.0,0.0,0.0,0.471,-0.074,0.0,0.329,-0.043,2.372,-0.109,1.8557148809888984,K135M
-7.269,13.859,6.455,0.016,0.209,1.521,2.584,0.0,0.0,0.0,0.471,-0.075,0.0,0.698,-0.088,0.62,0.013,19.01347655206132,K135R
1.454,26.586,-7.094,-0.003,-0.21,0.172,7.332,13.573,0.0,0.0,1.84,1.338,-0.004,-2.62,2.3,1.082,10.772,40.557560850521774,E139P
-4.735,20.764,-4.392,0.012,-0.162,0.905,8.955,0.0,0.0,0.0,0.29,-0.074,0.0,-0.213,-0.132,1.297,-0.055,22.46161166000479,K135Y
-3.142,4.123,0.103,-0.007,-0.368,0.475,0.067,0.0,0.0,0.0,-0.189,-0.817,0.0,-0.195,0.0,0.0,0.0,0.0509948450035153,R132R
2.168,-1.161,-0.69,0.004,-0.404,0.966,-0.477,0.0,0.0,0.0,0.0,0.282,-0.126,0.471,0.099,0.643,0.148,1.9195225235614544,L140I
1.553,-1.476,-3.716,0.0,0.176,0.545,7.462,0.0,0.0,0.0,0.099,-0.074,0.0,1.306,-0.015,-0.736,-0.032,5.089513849321747,K135Q
8.695,-2.871,1.594,-0.015,-0.077,0.317,-0.266,0.0,0.0,0.0,0.0,0.0,-0.011,0.16,0.837,-0.863,0.732,8.230110360382241,L140G
0.0,0.0,0.0,0.0,0.0,0.0,0.0,0.0,0.0,0.0,0.0,0.0,0.0,0.0,0.0,0.0,0.0,0.0,K135K
1.32,-1.976,8.013,-0.012,0.193,-0.118,-0.967,0.0,0.0,0.0,0.0,0.0,0.0,2.311,0.002,-4.386,-0.215,4.163097438146224,L140E
3.736,-2.791,7.339,-0.01,0.242,-0.262,-0.175,0.0,0.0,0.0,0.0,0.0,0.0,1.827,0.457,-3.807,0.024,6.577937790229953,L140D
-1.091,44.647,2.116,0.029,0.148,1.534,-0.436,0.0,0.0,0.0,0.0,0.538,0.0,6.705,0.413,-0.443,0.097,39.75384903039697,L140F
5.111,-1.827,-8.224,-0.004,-0.294,0.339,7.075,0.0,0.0,0.0,0.471,-0.074,0.0,-1.586,0.118,1.867,0.33,3.301297183848874,K135T
6.993,-2.827,1.166,-0.014,-0.077,0.384,-0.26,0.0,0.0,0.0,0.0,0.0,0.0,0.16,0.064,-0.336,-0.111,5.140094533112915,L140A
0.743,-0.729,1.442,0.534,0.641,1.133,1.844,0.0,0.0,0.0,0.0,0.538,0.0,5.346,0.375,0.6,0.023,12.486891594492818,L140W
-2.939,12.456,-5.143,-0.002,-0.39,0.289,6.264,0.0,0.0,0.0,2.183,1.782,0.0,-0.323,0.276,4.382,0.375,19.21278676943689,E139M
3.011,-0.347,-8.014,-0.003,-0.233,0.145,6.232,0.0,0.0,0.0,1.84,1.338,0.0,-3.502,0.579,5.98,0.612,7.638821696794139,E139C
6.275,-2.807,4.231,-0.014,-0.051,0.078,-1.156,0.0,0.0,0.0,0.0,0.0,0.0,0.637,0.559,-1.951,0.159,5.957496024560669,L140S
2.955,-0.618,-2.293,-0.001,0.055,-0.095,1.882,0.0,0.0,0.0,1.84,1.338,0.0,-1.904,0.443,0.579,0.209,4.3906883567669865,E139D
6.08,-0.6,-10.471,-0.004,-0.25,0.061,7.07,0.0,0.0,0.0,1.845,1.338,0.0,-3.963,0.127,4.05,0.127,5.41147720624781,E139A
8.665,-0.795,-9.469,-0.005,-0.25,0.073,6.932,0.0,0.0,0.0,1.845,1.338,0.0,-3.963,0.879,3.523,0.94,9.714218726157242,E139G
2.364,-2.296,5.617,-0.011,0.186,-0.726,-0.044,0.0,0.0,0.0,0.0,0.0,0.0,0.836,0.682,-3.001,0.386,3.9905965461102815,L140N
-0.585,40.4474423577514,-8.682,0.009,-0.142,0.176,7.08,0.0,0.0,0.0,1.84,1.338,0.0,-2.961,0.003,4.386,0.19,41.326040579371565,E139L
2.312,0.816,-4.417,0.0,-0.198,0.438,5.186,0.0,0.0,0.0,1.84,1.338,0.0,-2.101,0.365,3.877,0.419,9.8775807467714,E139T
-2.388,1.012,1.611,-0.013,-0.037,0.521,-0.451,0.0,0.0,0.0,0.0,0.0,0.0,2.172,0.26,-0.004,0.189,2.869389700217198,L140M
-3.757,36.847,-4.03,0.052,0.134,0.344,10.215,0.0,0.0,0.0,3.592,1.338,0.0,3.749,0.407,3.943,0.29,39.33081427633326,E139F
-8.722,5.799,5.495,0.008,0.067,0.071,11.677,0.0,0.0,0.0,2.309,1.782,0.0,-0.147,0.179,2.63,0.095,21.24465164895787,E139R
4.316,-2.606,3.626,-0.006,-0.01,-0.218,-1.426,0.0,0.0,0.0,0.0,0.0,0.0,0.681,0.381,-0.509,0.227,4.454349578158372,L140T
0.061,-0.941,5.977,-0.011,0.12,0.011,-1.47,0.0,0.0,0.0,0.0,0.0,0.0,2.297,0.116,-3.112,0.024,3.068849063321068,L140Q
1.621,-2.924,6.464,0.002,0.499,1.37,-1.237,0.0,0.0,0.0,0.0,0.538,0.0,2.108,0.167,-1.756,-0.114,6.73452189887621,L140R
-3.001,1.824,7.164,-0.008,0.243,0.104,-0.499,0.0,0.0,0.0,0.0,0.0,0.0,3.67,0.393,-1.962,0.075,7.999947227529901,L140H
1.72,-0.439,-4.032,0.002,0.009,-0.087,7.211,0.0,0.0,0.0,1.84,1.338,0.0,-2.563,0.675,1.385,0.569,7.629522748885165,E139N
-1.954,5.84,-0.928,0.007,0.269,0.14,6.261,0.0,0.0,0.0,3.592,1.335,0.0,-0.283,0.375,2.424,0.258,17.336983971290692,E139H
-0.09,4.282,-7.6,0.018,0.081,0.645,8.469,0.0,0.0,0.0,1.475,0.956,-0.132,-3.003,0.16,5.368,0.257,10.887139842577426,E139V
5.363,-0.632,-6.251,-0.003,-0.221,-0.6,6.211,0.0,0.0,0.0,1.84,1.338,0.0,-3.149,0.572,2.435,0.361,7.2645638672929636,E139S
2.305,-2.791,5.719,0.001,0.348,1.397,-2.365,0.0,0.0,0.0,0.0,0.538,0.0,3.372,0.256,-2.376,-0.129,6.27249358812378,L140K
-4.027,7.254,5.145,0.019,0.329,1.279,9.771,0.0,0.0,0.0,3.418,0.709,0.0,0.187,0.254,2.01,0.072,26.423188691000178,E139K
0.0,0.0,0.0,0.0,0.0,0.0,0.0,0.0,0.0,0.0,0.0,0.0,0.0,0.0,0.0,0.0,0.0,0.0,E139E
-0.931,1.026,-2.534,0.001,-0.033,0.131,4.627,0.0,0.0,0.0,-0.333,-0.251,0.0,-1.094,0.125,1.274,0.207,2.2170035007236493,E139Q
-13.645,44.715201408942576,-3.97,0.061,0.272,0.035,9.503,0.0,0.0,0.0,2.316,1.578,0.0,2.708,0.38,4.986,0.223,45.53814790649559,E139W
-4.367,38.159,-2.253,0.056,0.136,0.098,10.963,0.0,0.0,0.0,3.592,1.338,0.0,1.855,0.452,3.307,0.27,39.51301931175386,E139Y
-2.486,0.358,1.914,0.002,0.659,-0.155,-0.64,0.0,0.0,0.0,0.0,0.0,0.0,1.482,0.215,-1.625,0.133,-0.1437015501317091,A141H
0.0,0.0,0.0,0.0,0.0,0.0,0.0,0.0,0.0,0.0,0.0,0.0,0.0,0.0,0.0,0.0,0.0,0.0,A141A
-3.153,0.55,0.155,0.022,0.307,0.135,0.172,0.0,0.0,0.0,0.0,0.0,0.0,3.142,0.073,-0.106,0.093,1.3892527309421894,A141F
-1.906,0.26,3.581,0.004,0.255,0.056,-1.269,0.0,0.0,0.0,0.0,-0.598,0.0,1.024,0.749,-2.665,0.493,-0.0179495164395575,A141N
1.31,-0.046,0.082,-0.002,0.0,-0.075,-0.111,0.0,0.0,0.0,0.0,0.0,-0.016,0.0,0.741,-0.526,0.808,2.163918920332208,A141G
4.384,-0.825,-0.312,-0.013,-0.07,0.131,0.04,0.0,0.0,0.0,0.0,0.0,0.0,-0.666,0.166,-0.336,0.028,2.526635153089273,L142A
-0.309,0.043,2.334,0.0,0.024,0.061,-1.257,0.0,0.0,0.0,0.0,0.0,0.0,0.433,0.502,-1.614,0.292,0.5076024317518204,A141S
-1.535,0.112,4.647,0.002,0.299,0.149,-1.885,0.0,0.0,0.0,0.0,-0.591,0.0,1.314,0.457,-3.47,0.162,-0.3384304122041612,A141D
-1.955,0.04,3.741,0.009,1.033,0.014,-1.902,0.0,0.0,0.0,0.0,0.0,0.0,3.069,0.037,-4.049,-0.132,-0.0963845076673806,A141E
-1.537,0.076,1.353,0.0,0.012,0.246,-0.928,0.0,0.0,0.0,0.0,0.0,0.0,0.165,0.446,1.93,0.617,2.3797759022941136,A141C
-2.816,0.049,2.601,0.018,0.693,-0.449,0.137,0.0,0.0,0.0,0.0,0.0,0.0,1.841,0.107,-1.419,-0.06,0.7008316938085954,A141R
-3.36,0.512,0.516,0.021,0.313,0.076,0.141,0.0,0.0,0.0,0.0,0.0,0.0,2.964,0.128,-0.742,0.078,0.6471576403523613,A141Y
1.007,-0.464,2.656,-0.011,0.32,-0.129,-0.326,0.0,0.0,0.0,0.0,0.0,0.0,1.446,0.281,-1.962,0.045,2.8642601112330794,L142H
-2.68,0.006,3.132,0.008,0.861,0.047,-0.495,0.0,0.0,0.0,0.0,0.0,0.0,2.392,0.179,-2.775,0.132,0.8053238941163272,A141Q
-3.633,0.713,0.945,0.019,0.25,0.0,0.09,0.0,0.0,0.0,0.0,0.0,0.0,2.692,0.219,0.333,0.288,1.9157937224495072,A141M
-1.944,0.036,1.001,0.015,0.181,0.189,0.033,0.0,0.0,0.0,0.0,0.0,0.0,0.699,-0.043,0.337,0.058,0.5601689286302189,A141L
-2.863,0.435,1.253,0.026,0.073,0.273,0.096,0.0,0.0,0.0,0.0,0.0,-0.057,0.11,-0.126,0.979,0.216,0.413838134223397,A141I
-1.124,-0.003,1.38,0.007,0.191,-0.05,0.036,0.0,0.0,0.0,0.0,0.0,0.0,1.111,0.21,-2.039,-0.067,-0.3488627533358794,A141K
-4.943,49.98985456342914,1.173,0.001,0.036,0.436,0.696,4.481,0.904,0.0,0.0,0.0,-0.001,0.066,1.984,-2.968,3.191,49.99171128428117,A141P
-1.208,0.002,1.941,0.009,0.064,-0.002,-1.361,0.0,0.0,0.0,0.0,0.0,0.0,0.026,0.242,-0.173,0.251,-0.2095543581922356,A141T
-2.24,1.111,0.475,0.017,0.054,0.28,-0.173,0.0,0.0,0.0,0.0,0.0,-0.057,-0.011,-0.003,1.318,0.111,0.8800941435297318,A141V
-2.55,0.354,-1.321,0.007,-0.072,-0.156,0.854,0.0,0.0,0.0,0.0,1.046,0.0,1.924,0.075,0.937,0.076,1.1720306368874844,A141W
-1.371,7.226,-0.563,0.018,0.041,0.156,-0.074,0.0,0.0,0.0,0.0,0.0,-0.122,0.823,-0.085,0.643,0.115,6.807955730112781,L142I
0.377,-0.13,2.44,0.001,0.264,0.089,-0.177,0.0,0.0,0.0,0.0,0.0,0.0,2.083,0.196,-1.756,-0.086,3.300508852501025,L142R
2.621,-0.806,1.162,-0.013,-0.059,0.091,-0.506,0.0,0.0,0.0,0.0,0.0,0.0,-0.54,0.533,1.594,0.51,4.5872922739526985,L142C
2.555,-0.811,4.224,-0.011,0.229,-0.245,0.541,0.0,0.0,0.0,0.0,0.0,0.0,0.744,0.486,-3.807,0.052,3.958128876503906,L142D
6.594,-0.864,0.764,-0.015,-0.07,0.046,0.002,0.0,0.0,0.0,0.0,0.0,-0.009,-0.666,0.863,-0.863,0.798,6.579024993995745,L142G
0.365,-0.596,0.05,0.027,0.112,-0.09,0.043,0.0,0.0,0.0,0.0,0.0,0.0,2.518,0.251,-0.443,0.064,2.3033471091823685,L142F
1.223,-0.221,4.339,-0.008,0.695,0.033,-0.008,0.0,0.0,0.0,0.0,0.0,0.0,2.649,0.046,-4.386,-0.159,4.202502071159188,L142E
0.0,0.0,0.0,0.0,0.0,0.0,0.0,0.0,0.0,0.0,0.0,0.0,0.0,0.0,0.0,0.0,0.0,0.0,L142L
0.509,-0.691,0.502,0.01,0.164,-0.015,0.041,0.0,0.0,0.0,0.0,0.0,0.0,1.916,0.311,-1.079,0.067,1.7361272566306525,L142Y
0.213,49.48916633105848,1.299,-0.013,-0.035,0.332,-0.317,16.986,1.016,0.0,0.0,0.0,-0.058,0.215,2.494,-3.304,2.612,49.78268054174801,L142P
2.014,-0.82,2.924,-0.009,0.185,-0.374,-0.19,0.0,0.0,0.0,0.0,0.0,0.0,0.396,0.752,-3.001,0.409,2.285514878342383,L142N
0.39,0.732,3.778,-0.007,0.049,0.013,-0.084,0.0,0.0,0.0,0.0,0.0,0.0,0.642,0.248,-2.376,-0.106,3.2780031577967748,L142K
0.013,-0.655,0.809,0.001,0.166,0.073,-0.182,0.0,0.0,0.0,0.0,0.0,0.0,2.172,0.314,-0.004,0.22,2.927430191032272,L142M
-0.79,1.882,-0.739,0.011,-0.001,0.085,0.188,0.0,0.0,0.0,0.0,0.0,-0.118,0.205,-0.015,0.643,0.155,1.5031613183596164,L145I
-0.319,7.417,-0.845,0.003,-0.018,0.276,-0.062,0.0,0.0,0.0,0.0,0.0,-0.122,-0.317,0.007,0.982,0.04,7.041097066057091,L142V
3.984,-0.81,2.679,-0.013,-0.047,-0.139,-0.627,0.0,0.0,0.0,0.0,0.0,0.0,-0.269,0.561,-1.951,0.238,3.605356099065375,L142S
1.645,-0.686,4.165,-0.009,-0.023,0.168,-0.531,0.0,0.0,0.0,0.0,0.0,0.0,1.029,0.275,-0.509,0.209,5.733714976066494,L142T
0.793,-0.152,2.967,-0.006,0.603,-0.131,-0.429,0.0,0.0,0.0,0.0,0.0,0.0,2.346,0.201,-3.112,0.038,3.11804475257236,L142Q
-2.654,49.99566118150079,0.026,-0.017,-0.183,1.081,1.358,11.455,1.127,0.0,0.0,0.844,-0.015,-0.128,2.093,-3.304,11.207,49.99826313643057,L145P
-1.355,-0.178,0.544,0.012,0.206,-0.246,0.226,0.0,0.0,0.0,0.0,0.0,0.0,2.05,0.228,0.6,0.062,2.1476571019818493,L142W
1.148,-0.361,2.766,-0.013,0.227,-0.186,1.522,0.0,0.0,0.0,0.0,0.0,0.0,0.995,0.492,-3.807,0.07,2.853906560800624,L145D
1.195,-0.324,0.093,-0.015,-0.063,0.15,-0.429,0.0,0.0,0.0,0.0,0.0,0.0,-0.175,0.511,1.594,0.52,3.057367291962919,L145C
2.553,-0.363,-1.479,-0.015,-0.075,0.192,0.213,0.0,0.0,0.0,0.0,0.0,0.0,-0.298,0.026,-0.336,-0.091,0.3255450341694086,L145A
0.703,1.125,-4.05,-0.008,-0.642,0.662,1.928,0.0,0.0,0.0,0.0,1.275,0.0,-0.782,-0.172,1.757,0.089,1.881551182455496,R144L
-1.553,-0.197,0.007,0.021,0.178,0.048,0.195,0.0,0.0,0.0,0.0,0.0,0.0,2.888,0.251,-0.443,0.064,1.4569402592028382,L145F
0.345,-0.014,2.259,-0.011,0.188,0.003,0.368,0.0,0.0,0.0,0.0,0.0,0.0,2.227,0.049,-4.386,-0.212,0.8165093399641137,L145E
-1.277,49.999901304460096,-4.778,-0.024,-0.81,0.752,4.151,16.33,0.814,0.0,0.0,1.275,0.0,-1.611,1.9,-1.548,3.417,49.999953081489714,R144P
-0.02,-0.222,1.386,-0.011,0.328,-0.11,-0.739,0.0,0.0,0.0,0.0,0.0,0.0,2.269,0.327,-1.962,0.076,1.323891895511224,L145H
4.477,-0.594,-5.778,-0.025,-0.845,0.694,2.462,0.0,0.0,0.0,0.0,1.275,0.0,-2.38,-0.035,1.42,0.118,0.7876388263191529,R144A
4.204,-0.427,-0.687,-0.017,-0.075,0.035,0.139,0.0,0.0,0.0,0.0,0.0,-0.02,-0.298,0.798,-0.863,0.748,3.536821373867042,L145G
-0.24,14.602,-5.387,0.011,-0.803,0.58,2.393,0.0,0.0,0.0,0.0,1.275,-0.059,0.554,-0.214,2.738,0.131,15.580896205883846,R144V
-1.827,-0.091,0.182,0.019,0.19,-0.026,0.213,0.0,0.0,0.0,0.0,0.0,0.0,2.781,0.306,-1.079,0.043,0.7107017493124204,L145Y
0.035,-0.065,0.375,-0.009,-0.066,0.106,-0.032,0.0,0.0,0.0,0.0,0.0,0.0,0.83,0.264,-0.004,0.215,1.6480052628267003,L145M
1.622,-0.488,-3.482,-0.015,-0.821,0.504,2.133,0.0,0.0,0.0,0.0,1.275,0.0,-0.892,0.108,1.752,0.348,2.040896274546185,R144M
4.374,-0.613,-4.444,-0.017,-0.415,0.911,3.047,0.0,0.0,0.0,0.0,1.275,0.0,0.615,-0.04,-2.629,-0.04,2.0222264878148053,R144E
1.183,-0.238,0.767,-0.008,-0.012,-0.093,-1.031,0.0,0.0,0.0,0.0,0.0,0.0,0.109,0.331,-0.509,0.208,0.7055251721133118,L145T
0.242,3.296,-0.971,0.004,-0.021,0.138,0.021,0.0,0.0,0.0,0.0,0.0,-0.118,-0.288,0.093,0.982,0.055,3.43136733349138,L145V
0.054,-0.021,1.406,-0.01,0.111,0.011,-0.215,0.0,0.0,0.0,0.0,0.0,0.0,1.932,0.177,-3.112,0.053,0.3848587429845338,L145Q
0.0,0.0,0.0,0.0,0.0,0.0,0.0,0.0,0.0,0.0,0.0,0.0,0.0,0.0,0.0,0.0,0.0,0.0,R144R
6.267,-0.839,-5.062,-0.026,-0.845,0.498,2.393,0.0,0.0,0.0,0.0,1.275,-0.019,-2.38,0.574,0.893,0.847,3.575369942503812,R144G
0.0,0.0,0.0,0.0,0.0,0.0,0.0,0.0,0.0,0.0,0.0,0.0,0.0,0.0,0.0,0.0,0.0,0.0,L145L
2.177,-0.362,1.121,-0.015,-0.051,0.015,-0.666,0.0,0.0,0.0,0.0,0.0,0.0,0.129,0.548,-1.951,0.206,1.1514261764746152,L145S
0.441,-0.118,1.025,-0.01,0.04,0.097,0.13,0.0,0.0,0.0,0.0,0.0,0.0,0.687,0.254,-2.376,-0.128,0.0419848537708276,L145K
0.143,-0.101,1.022,-0.006,0.121,0.035,-0.229,0.0,0.0,0.0,0.0,0.0,0.0,1.247,0.156,-1.756,-0.125,0.5072013305609744,L145R
1.813,-0.128,-1.374,-0.022,-0.219,0.271,1.443,0.0,0.0,0.0,0.0,1.275,0.0,0.13,0.657,-1.245,0.548,3.147779682117516,R144N
0.74,-0.377,1.831,-0.01,0.182,-0.274,0.646,0.0,0.0,0.0,0.0,0.0,0.0,0.709,0.757,-3.001,0.419,1.6223007733572103,L145N
4.456,-0.383,-3.369,-0.021,-0.078,1.015,2.524,0.0,0.0,0.0,0.0,1.275,0.0,0.759,0.353,-2.051,0.243,4.721371846278998,R144D
-1.448,12.618,-4.345,0.017,-0.784,0.418,2.525,0.0,0.0,0.0,0.0,1.275,-0.059,0.293,-0.345,2.399,0.227,12.789168301151676,R144I
3.27,-0.532,-3.888,-0.019,-0.026,1.076,1.905,0.0,0.0,0.0,0.0,1.275,0.0,-0.33,-0.022,-0.206,0.149,2.6508606577745013,R144H
4.064,-0.612,-3.042,-0.025,-0.772,0.214,1.814,0.0,0.0,0.0,0.0,1.275,0.0,-1.775,0.377,-0.195,0.366,1.689631983047093,R144S
2.84,-0.609,-4.093,-0.024,-0.798,0.509,1.861,0.0,0.0,0.0,0.0,1.275,0.0,-1.432,0.303,3.35,0.699,3.8785932223895534,R144C
2.199,0.187,-4.968,-0.001,-0.458,0.897,2.347,0.0,0.0,0.0,0.0,1.275,0.0,0.125,-0.203,1.313,0.079,2.7897251244705785,R144F
2.304,0.024,-2.41,-0.018,-0.782,0.548,0.667,0.0,0.0,0.0,0.0,1.275,0.0,-2.026,0.046,1.247,0.266,1.1396078191653487,R144T
2.124,0.248,-4.648,-0.002,-0.446,0.769,2.206,0.0,0.0,0.0,0.0,1.275,0.0,0.14,-0.149,0.677,0.089,2.2823448587853363,R144Y
-1.891,0.181,-0.14,0.009,0.23,-0.226,0.184,0.0,0.0,0.0,0.0,0.0,0.0,2.017,0.227,0.6,0.023,1.2135666874987692,L145W
2.242,-0.523,-2.232,-0.015,-0.603,0.522,1.1,0.0,0.0,0.0,0.0,0.419,0.0,0.829,0.128,-1.356,0.195,0.7053454015549505,R144Q
1.032,-0.16,-5.017,-0.004,-0.361,0.744,2.177,0.0,0.0,0.0,0.0,1.275,0.0,1.372,-0.185,2.356,0.115,3.34244952198128,R144W
2.979,-2.656,6.412,-0.014,0.19,0.101,-0.459,0.0,0.0,0.0,0.0,0.0,0.0,2.006,0.699,-3.001,0.389,6.643883739707235,L143N
-6.2,32.674,3.035,0.002,0.014,0.197,-0.751,0.0,0.0,0.0,0.0,0.0,0.0,0.824,0.51,1.93,0.629,32.864285174732686,A146C
0.936,-0.101,0.194,-0.002,0.038,0.053,1.229,0.0,0.0,0.0,0.0,0.0,0.0,-1.197,0.454,0.579,0.257,2.439901007295248,E148D
2.321,-0.334,-2.425,-0.017,-0.653,0.491,1.186,0.0,0.0,0.0,0.0,1.275,0.0,-1.336,0.094,-0.619,-0.023,-0.0416662795414595,R144K
2.016,49.98122628580778,1.852,-0.013,-0.038,0.218,0.538,19.503,1.293,0.0,0.0,0.0,-0.054,0.399,2.378,-3.304,3.31,49.99389700881907,L143P
-2.806,49.993587422237454,-2.273,-0.004,-0.226,0.591,1.456,13.621,1.228,0.0,0.0,0.0,-0.025,-1.584,2.253,1.082,11.324,49.99760633476468,E148P
0.0,0.0,0.0,0.0,0.0,0.0,0.0,0.0,0.0,0.0,0.0,0.0,0.0,0.0,0.0,0.0,0.0,0.0,C147C
-14.264,50.0,5.058,0.016,0.209,-0.234,-0.485,0.0,0.0,0.0,0.0,0.0,0.0,2.916,0.254,0.333,0.326,50.0,A146M
1.199,-1.75,9.764,-0.013,0.171,0.345,-0.136,0.0,0.0,0.0,0.0,0.0,0.0,3.051,0.011,-4.386,-0.181,8.072065428947099,L143E
2.424,-0.109,-3.502,-0.005,-0.261,0.567,0.347,0.0,0.0,0.0,0.0,0.0,0.0,-2.551,0.033,4.05,0.157,1.1484437321298628,E148A
-20.277,50.0,11.893,0.035,0.341,-0.2,1.441,0.0,0.0,0.0,1.115,-0.155,0.0,6.163,0.313,-0.742,0.152,50.0,A146Y
0.0,0.0,0.0,0.0,0.0,0.0,0.0,0.0,0.0,0.0,0.0,0.0,0.0,0.0,0.0,0.0,0.0,0.0,L143L
0.0,0.0,0.0,0.0,0.0,0.0,0.0,0.0,0.0,0.0,0.0,0.0,0.0,0.0,0.0,0.0,0.0,0.0,A146A
0.881,-0.095,-2.517,-0.004,-0.25,0.444,-0.253,0.0,0.0,0.0,0.0,0.0,0.0,-2.416,0.437,5.98,0.712,2.919790227724661,E148C
0.414,-1.234,-0.554,0.01,-0.006,0.045,-0.213,0.0,0.0,0.0,0.0,0.0,-0.149,0.38,0.034,0.643,0.137,-0.495331285891325,L143I
-19.946,50.0,4.771,0.036,0.222,0.375,1.486,0.0,0.0,0.0,0.435,0.64,0.0,4.805,0.258,-0.106,0.179,50.0,A146F
-0.332,0.139,-0.873,0.001,-0.075,0.163,0.012,0.0,0.0,0.0,0.0,0.0,0.0,-0.332,0.147,1.274,0.231,0.3529735817160144,E148Q
-25.74,50.0,9.633,0.024,0.341,0.3,1.813,0.0,0.0,0.0,0.094,0.0,0.0,3.955,0.237,0.937,0.128,50.0,A146W
0.472,-0.09,-0.691,0.0,-0.006,-0.043,0.886,0.0,0.0,0.0,0.0,0.0,0.0,-1.525,0.723,1.385,0.602,1.7114948062962867,E148N
4.851,-2.797,1.751,-0.016,-0.068,0.055,-0.556,0.0,0.0,0.0,0.0,0.0,0.0,-0.463,0.565,1.594,0.449,5.361543944034793,L143C
9.742,-2.961,1.382,-0.018,-0.08,0.079,-0.234,0.0,0.0,0.0,0.0,0.0,-0.021,-0.574,0.877,-0.863,0.769,8.097073223413418,L143G
-12.22,49.999999999968026,1.933,0.05,0.076,0.485,1.19,0.0,0.0,0.0,1.115,0.0,-0.071,5.537,0.005,0.979,0.274,49.99999999996719,A146I
-10.112,49.999999999990415,19.29,0.011,1.452,0.83,-0.119,0.0,0.0,0.0,1.115,0.0,0.0,6.241,0.042,-4.049,-0.11,49.99999999999466,A146E
3.59,-0.126,-3.293,-0.006,-0.261,0.397,0.272,0.0,0.0,0.0,0.0,0.0,-0.005,-2.551,0.745,3.523,0.95,3.234274201702192,E148G
0.0,0.0,0.0,0.0,0.0,0.0,0.0,0.0,0.0,0.0,0.0,0.0,0.0,0.0,0.0,0.0,0.0,0.0,E148E
2.042,-0.101,-1.519,-0.005,-0.237,0.316,-0.453,0.0,0.0,0.0,0.0,0.0,0.0,-2.143,0.484,2.435,0.411,1.228131942664504,E148S
4.61,-2.441,7.717,-0.014,0.221,-0.469,0.935,0.0,0.0,0.0,0.0,0.0,0.0,2.271,0.454,-3.807,0.027,9.501709685428525,L143D
-3.024,44.139,14.01,-0.002,0.475,-0.437,1.016,0.0,0.0,0.0,-0.173,0.229,0.0,2.874,0.25,-2.376,-0.113,40.67454197490376,L143K
7.95,-2.939,0.584,-0.016,-0.08,0.208,-0.111,0.0,0.0,0.0,0.0,0.0,0.0,-0.574,0.137,-0.336,-0.033,4.785604407325081,L143A
-0.407,0.09,-2.728,0.023,-0.188,0.395,0.341,0.0,0.0,0.0,0.0,0.0,-0.103,-2.441,-0.164,5.029,0.306,0.1524972464553684,E148I
-0.138,0.094,-2.58,0.01,-0.188,0.376,0.26,0.0,0.0,0.0,0.0,0.0,0.0,-2.207,-0.071,4.386,0.172,0.1143591414922866,E148L
-5.592,41.909248190331894,2.229,0.006,0.254,-0.009,1.328,0.0,0.0,0.0,-0.006,1.567,0.0,3.466,0.361,-0.443,0.092,42.825021002965705,L143F
-16.742,50.0,15.356,0.005,0.393,-0.029,0.945,0.0,0.0,0.0,0.0,0.273,0.0,4.039,0.335,-1.625,0.193,50.0,A146H
5.012,-2.263,2.14,-0.009,-0.017,-0.061,-1.354,0.0,0.0,0.0,0.0,0.0,0.0,0.268,0.335,-0.509,0.224,3.762995187853448,L143T
4.106,-0.66,1.213,-0.001,0.0,0.009,0.058,0.0,0.0,0.0,0.0,0.0,-0.016,0.0,0.787,-0.526,0.85,5.819637566571373,A146G
1.72,-0.109,-2.307,-0.002,0.402,0.455,0.005,0.0,0.0,0.0,0.0,0.0,0.0,-0.939,0.209,2.424,0.231,2.0897067130085816,E148H
-9.51,44.888,18.048,0.031,0.502,0.919,3.732,0.0,0.0,0.0,-0.119,-0.107,0.0,3.278,0.182,-1.756,-0.094,41.68014851458307,L143R
-0.141,0.021,-1.77,0.002,-0.252,0.481,0.111,0.0,0.0,0.0,0.0,0.0,0.0,-1.429,0.225,4.382,0.398,2.027494728649799,E148M
0.707,0.39,-3.043,0.014,-0.208,0.53,0.143,0.0,0.0,0.0,0.0,0.0,-0.103,-2.565,-0.056,5.368,0.216,1.3918547085638693,E148V
-0.369,0.292,7.454,-0.012,0.096,0.317,-1.851,0.0,0.0,0.0,-0.122,0.0,0.0,2.29,0.144,-3.112,0.023,5.14648427609859,L143Q
-14.025,49.99999999899068,14.331,0.01,0.864,1.23,1.898,0.0,0.0,0.0,0.0,0.273,0.0,5.065,0.166,-2.775,0.166,49.99999999924336,A146Q
1.885,-0.109,-2.399,0.003,-0.069,0.518,0.31,0.0,0.0,0.0,0.0,0.0,0.0,-1.331,0.195,2.01,0.06,1.0713831514588037,E148K
-1.811,0.13,-2.143,0.044,-0.045,0.347,0.345,0.0,0.0,0.0,0.0,0.0,0.0,0.717,0.127,3.943,0.222,1.8741622290756368,E148F
-17.729,49.99999998065264,24.277,0.016,0.517,0.509,-2.207,0.0,0.0,0.0,0.0,0.0,0.0,4.15,0.245,-2.039,-0.02,49.999999985792535,A146K
-13.681,49.999999999952486,2.192,0.023,0.067,0.542,0.995,0.0,0.0,0.0,0.0,0.0,0.0,3.822,0.0,0.337,0.115,49.999999999940584,A146L
-7.214,49.990770977202494,3.732,0.002,0.048,-0.046,0.843,15.499,1.18,0.0,0.0,0.273,0.004,0.82,1.995,-2.968,2.994,49.99535475770246,A146P
-19.459,50.0,17.943,0.028,1.665,-0.345,-0.051,0.0,0.0,0.0,0.0,0.273,0.0,4.241,0.143,-1.419,-0.018,50.0,A146R
1.636,-0.109,-1.556,0.005,-0.197,0.27,-0.548,0.0,0.0,0.0,0.0,0.0,0.0,-2.525,0.203,3.877,0.375,1.428097037958196,E148T
-9.104,49.79126282772759,12.299,0.005,0.251,0.091,0.136,0.0,0.0,0.0,0.0,0.0,0.0,3.318,0.74,-2.665,0.528,49.83307462899369,A146N
-14.517,49.99964930488176,9.319,0.036,0.487,1.069,5.093,0.0,0.0,0.0,-0.106,0.956,0.0,5.205,0.337,0.6,0.044,49.99975059749164,L143W
-6.902,32.421,17.564,0.003,0.292,0.636,1.443,0.0,0.0,0.0,0.0,0.0,0.0,4.815,0.475,-3.47,0.179,47.456300961865736,A146D
-2.562,46.568,1.85,-0.013,0.068,-0.269,0.386,0.0,0.0,0.0,-0.173,0.502,0.0,1.152,0.288,-0.004,0.195,47.985884114211785,L143M
-17.613,50.0,2.431,0.018,0.26,-0.134,2.882,0.0,0.0,0.0,1.522,0.273,0.0,3.968,-0.319,-0.993,-0.458,50.0,C147W
-9.31,48.63544188872022,-0.117,0.018,0.044,0.125,0.396,0.0,0.0,0.0,-0.209,0.273,-0.071,4.688,0.115,1.318,0.171,48.49058176898758,A146V
-2.301,0.358,-1.254,0.045,-0.028,0.093,0.269,0.0,0.0,0.0,0.0,0.0,0.0,0.645,0.186,3.307,0.219,1.5384670619610006,E148Y
-1.564,0.802,8.295,0.0,0.073,0.447,-1.398,0.0,0.0,0.0,0.005,-1.086,0.0,0.905,0.543,-1.614,0.31,5.718918763665442,A146S
-0.783,-0.02,-0.608,0.004,-0.071,0.273,0.494,0.0,0.0,0.0,0.0,0.0,0.0,-0.662,0.116,2.63,0.069,1.4420565416787667,E148R
-7.894,43.797350093519036,6.595,0.082,0.429,1.348,1.871,0.0,0.0,0.0,-0.006,0.741,0.0,8.096,0.411,-1.079,0.078,45.86281917277854,L143Y
-2.364,11.617,7.603,-0.015,0.356,0.098,-1.073,0.0,0.0,0.0,0.0,1.338,0.0,3.205,0.348,-1.962,0.063,19.212162455486578,L143H
-5.978,46.307,6.302,0.006,0.051,0.091,-0.321,0.0,0.0,0.0,0.0,0.0,0.0,2.043,0.347,-0.173,0.321,48.996364158896085,A146T
-3.57,11.807,12.037,0.002,0.793,-0.542,-2.289,0.0,0.0,0.0,0.154,-0.085,0.0,4.314,-0.474,-5.979,-0.675,15.49112253928297,C147E
3.402,-0.955,-0.548,0.003,-0.026,0.222,-0.448,0.0,0.0,0.0,0.0,0.0,-0.149,-0.164,0.11,0.982,0.06,2.4858429129101296,L143V
-9.327,48.88567990961351,1.657,0.049,0.109,0.395,0.333,0.0,0.0,0.0,0.0,0.0,-0.071,3.318,0.02,0.979,0.278,48.78158616816257,A149I
-7.849,48.62842528203207,10.247,0.005,0.736,0.589,0.135,0.0,0.0,0.0,0.0,0.0,0.0,3.832,0.731,-2.665,0.531,48.930346316135584,A149N
7.29,-2.928,3.599,-0.016,-0.056,-0.106,-0.72,0.0,0.0,0.0,0.0,0.0,0.0,-0.143,0.57,-1.951,0.194,5.728674997260441,L143S
-0.554,-0.063,-2.743,0.015,0.16,0.748,-0.008,0.0,0.0,0.0,0.0,0.0,0.0,-0.788,0.098,4.986,0.216,2.0658131975717424,E148W
-4.898,46.78890385167357,1.39,0.03,0.043,-0.065,2.016,0.0,0.0,0.0,0.9,0.0,-0.089,2.278,-0.628,-0.951,-0.408,46.74097191425316,C147I
-1.833,0.826,6.391,0.0,0.259,-0.359,-0.462,0.0,0.0,0.0,-0.215,-0.108,0.0,3.18,0.235,-4.595,-0.107,3.2138534164550947,C147N
-19.108,49.999999999456605,4.048,0.021,0.343,-0.46,-0.034,0.0,0.0,0.0,0.0,0.0,0.0,3.056,0.26,0.937,0.135,49.999999999162895,A149W
-11.819,44.335505623756646,4.274,0.043,0.273,-0.206,0.391,0.0,0.0,0.0,0.0,0.273,0.0,3.362,0.34,-0.742,0.162,43.50313296137403,A149Y
-8.369,47.396161252058434,14.078,0.005,0.281,-0.33,1.475,0.0,0.0,0.0,0.0,0.273,0.0,2.869,0.035,-4.049,-0.107,47.95328979383381,A149E
-8.883,49.40275043217013,10.936,0.013,0.465,0.207,-1.469,0.0,0.0,0.0,0.0,0.0,0.0,4.605,0.246,-2.039,-0.015,49.49196855460502,A149K
-3.991,4.643,2.565,0.001,0.011,0.135,-0.179,0.0,0.0,0.0,0.0,0.0,0.0,0.468,0.515,1.93,0.626,6.724574897452385,A149C
-0.073,1.707,3.04,0.002,0.034,0.201,0.466,0.0,0.0,0.0,0.0,0.0,0.0,1.987,-0.261,-2.103,-0.313,4.687610835495207,C147T
0.0,0.0,0.0,0.0,0.0,0.0,0.0,0.0,0.0,0.0,0.0,0.0,0.0,0.0,0.0,0.0,0.0,0.0,A149A
-5.436,23.872,10.349,0.004,0.576,0.023,2.146,0.0,0.0,0.0,0.883,0.25,0.0,4.508,-0.315,-4.705,-0.478,31.675045353012592,C147Q
-0.234,-0.085,9.064,-0.001,0.28,-0.474,-0.741,0.0,0.0,0.0,-0.215,0.0,0.0,4.362,-0.032,-5.4,-0.462,6.062620491076814,C147D
3.167,-0.03,1.276,-0.001,0.0,-0.115,-0.165,0.0,0.0,0.0,0.0,0.0,-0.014,0.0,0.789,-0.526,0.855,5.2334211387824325,A149G
-13.654,49.99999999192449,3.532,0.017,0.265,-0.141,-0.051,0.0,0.0,0.0,0.0,0.0,0.0,3.23,0.254,0.333,0.329,49.99999998978088,A149M
-5.993,49.99822424140831,-0.198,0.01,0.055,0.079,0.83,0.0,0.0,0.0,0.201,0.0,0.0,1.953,-0.526,-1.593,-0.52,49.997769394508936,C147L
-2.028,49.99432160467619,-0.02,0.0,0.032,0.148,2.401,17.198,1.059,0.0,0.0,0.273,0.007,0.717,1.97,-4.898,2.239,49.99735480830534,C147P
-10.995,48.612316010849625,3.207,0.039,0.252,0.064,0.347,0.0,0.0,0.0,0.0,0.0,0.0,3.18,0.286,-0.106,0.19,48.404860604145085,A149F
3.414,-0.763,2.94,-0.001,0.012,-0.322,-0.099,0.0,0.0,0.0,0.0,0.0,0.0,0.266,0.033,-3.544,-0.276,1.6595741585117594,C147S
-12.411,49.99998473442045,3.695,0.029,0.256,0.252,5.345,0.0,0.0,0.0,3.481,0.0,0.0,7.427,-0.233,-2.672,-0.456,49.99998735686887,C147Y
-1.953,29.311,-1.477,0.014,0.048,-0.042,1.229,0.0,0.0,0.0,-0.215,0.273,-0.089,0.562,-0.533,-0.612,-0.483,26.032419444906736,C147V
-11.852,49.999999751680555,0.675,0.047,0.234,-0.033,-0.239,0.0,0.0,0.0,0.0,0.0,0.0,3.858,0.0,0.337,0.12,49.99999967337823,A149L
4.258,-0.381,-2.01,-0.001,-0.003,0.033,1.602,0.0,0.0,0.0,0.0,0.273,0.0,-0.13,-0.359,-1.93,-0.486,0.8656367735268304,C147A
-5.242,49.985766147357644,2.622,0.001,0.026,0.17,0.5,13.14,1.117,0.0,0.0,0.0,0.007,0.848,2.01,-2.968,11.557,49.994503184563314,A149P
-13.945,49.61180184076424,13.16,0.023,0.565,0.55,-0.672,0.0,0.0,0.0,2.099,0.013,0.0,8.594,-0.328,-3.349,-0.606,49.695655110314995,C147R
-10.255,49.999941309365994,-0.001,0.018,0.237,-0.12,0.87,0.0,0.0,0.0,0.519,0.0,0.0,3.905,-0.295,-2.036,-0.462,49.99992039459247,C147F
-4.982,12.944,4.208,0.007,0.063,-0.138,-0.569,0.0,0.0,0.0,-0.793,0.0,0.0,0.424,0.356,-0.173,0.33,11.678344060452671,A149T
-7.767,46.64268834209441,7.715,-0.003,0.377,-0.3,0.241,0.0,0.0,0.0,0.303,0.0,0.0,3.896,-0.255,-3.555,-0.477,46.6652664542088,C147H
-9.781,49.88622451662595,10.051,0.006,0.211,-0.789,-2.094,0.0,0.0,0.0,0.0,0.273,0.0,2.855,0.156,-2.775,0.167,49.87813086941386,A149Q
7.112,-0.512,-1.366,-0.002,-0.003,0.013,1.492,0.0,0.0,0.0,0.0,0.273,0.017,-0.13,0.329,-2.456,0.279,5.043967763200044,C147G
-9.185,49.86207566060591,18.763,0.021,0.392,1.41,-0.398,0.0,0.0,0.0,1.518,0.0,0.0,4.617,-0.277,-3.969,-0.626,49.91551498001498,C147K
-4.699,4.123,11.343,0.002,0.32,-0.281,4.106,0.0,0.0,0.0,0.0,0.273,0.0,3.442,0.473,-3.47,0.178,15.812265961433011,A149D
-9.677,43.741,9.873,0.006,0.363,-0.673,-0.295,0.0,0.0,0.0,0.0,0.0,0.0,2.648,0.347,-1.625,0.199,44.90615578431289,A149H
-13.086,48.19486758522848,12.736,0.023,0.5,-0.891,-2.698,0.0,0.0,0.0,0.0,0.0,0.0,5.439,0.145,-1.419,-0.013,48.24630975047809,A149R
-7.714,47.10722631655505,2.7,0.011,0.163,-0.169,1.76,0.0,0.0,0.0,-0.215,0.273,0.0,3.675,-0.21,-1.597,-0.296,46.91951581741018,C147M
-0.998,0.001,5.631,0.0,0.024,0.083,-1.104,0.0,0.0,0.0,-0.868,0.0,0.0,0.441,0.543,-1.614,0.309,2.4490587885029527,A149S
-7.769,39.50090806345625,-1.019,0.019,0.063,0.096,0.328,0.0,0.0,0.0,0.0,0.0,-0.071,3.003,0.126,1.318,0.177,49.84493202206977,A149V
-5.277,9.308,2.714,0.001,-0.004,0.102,-1.777,0.0,0.0,0.0,0.112,-0.274,0.0,0.919,0.247,1.93,0.495,8.495444842169945,A150C
-7.467,12.673,9.844,0.005,0.205,0.702,-0.028,0.0,0.0,0.0,1.115,-0.274,0.0,5.268,0.559,-2.665,0.317,20.252974271093308,A150N
-19.687,49.85344821134559,21.272,0.038,0.76,-0.309,-0.722,0.0,0.0,0.0,0.517,-0.076,0.0,6.679,-0.026,-1.419,-0.178,49.888520000026446,A150R
-5.776,6.641,14.733,0.003,0.278,0.604,-3.99,0.0,0.0,0.0,-0.885,-0.274,0.0,1.909,0.274,-3.47,0.012,10.057468880981332,A150D
-14.205,49.81529559930957,17.589,0.049,0.759,-0.63,0.055,0.0,0.0,0.0,2.416,0.108,0.0,10.515,0.013,-2.039,-0.219,49.89613074755989,A150K
-9.798,49.9305511343978,8.743,0.035,1.156,-1.368,5.227,0.0,0.0,0.0,2.849,1.542,0.0,12.865,-0.13,-1.625,-0.12,49.96799114750351,A150H
-1.221,-0.19,6.39,0.0,0.014,-0.492,-1.542,0.0,0.0,0.0,0.0,-0.274,0.0,0.474,0.298,-1.614,0.179,2.019975940763061,A150S
-11.387,49.80149417716021,1.932,0.037,0.162,-0.107,-1.947,0.0,0.0,0.0,2.396,-0.517,0.0,7.816,-0.24,0.337,-0.129,49.787991583976655,A150L
-7.736,39.705,1.827,0.024,-0.011,-0.329,-0.624,0.0,0.0,0.0,2.509,0.108,-0.08,7.124,-0.373,1.318,-0.126,43.33481626765365,A150V
-10.277,34.205,16.941,0.015,0.281,0.688,-1.21,0.0,0.0,0.0,2.187,-1.681,0.0,9.344,-0.113,-4.049,-0.215,46.11568370365672,A150E
-23.479,49.99999976807918,8.6,0.039,0.381,0.598,-2.224,0.0,0.0,0.0,2.396,-0.517,0.0,8.089,-0.244,0.937,-0.061,49.999999711182134,A150W
0.222,-0.419,0.135,0.0,-0.009,0.056,-0.555,0.0,0.0,0.0,0.0,-0.274,0.0,0.0,0.0,0.0,0.0,-0.8430437158681343,A150A
-11.645,47.03259753533698,3.717,0.034,-0.017,-0.187,-0.848,0.0,0.0,0.0,3.511,-0.842,-0.08,6.902,-0.489,0.979,-0.063,47.14233317595915,A150I
3.468,-1.327,1.504,-0.001,-0.009,-0.04,-0.686,0.0,0.0,0.0,0.0,-0.274,-0.002,0.0,0.506,-0.526,0.67,3.281457786333021,A150G
-8.537,49.462902301190006,2.715,0.05,0.677,-1.565,4.382,0.0,0.0,0.0,2.849,1.076,0.0,12.601,0.077,0.333,0.152,49.702246198808005,A150M
-12.324,35.603,13.108,0.015,0.144,0.807,-2.205,0.0,0.0,0.0,2.187,-0.448,0.0,10.074,0.09,-2.775,-0.032,44.24248226718532,A150Q
-12.533,49.999369902579616,1.32,0.064,0.732,-1.601,4.806,0.0,0.0,0.0,2.849,1.542,0.0,13.789,-0.221,-0.106,-0.144,49.99958594301087,A150F
-6.718,49.95336371000627,3.558,0.001,0.021,0.507,-0.027,16.759,0.928,0.0,0.112,-0.274,0.007,1.304,2.157,-2.968,2.762,49.97741166142558,A150P
-5.357,28.172,6.446,0.015,0.004,-0.504,-1.829,0.0,0.0,0.0,2.396,0.108,0.0,6.788,-0.056,-0.173,0.052,36.06180600128869,A150T
-17.615,49.999999840111606,9.796,0.047,0.308,0.075,-0.54,0.0,0.0,0.0,2.396,-0.517,0.0,9.478,-0.153,-0.742,-0.107,49.9999998548925,A150Y
-1.642,0.406,1.793,0.0,0.011,-0.143,-0.707,0.0,0.0,0.0,0.0,0.0,0.0,0.15,0.395,1.93,0.564,2.756056784419343,A152C
-1.592,0.371,4.614,0.002,0.296,-0.366,0.918,0.0,0.0,0.0,0.0,0.0,0.0,1.36,0.427,-3.47,0.107,2.666283203114517,A152D
-2.825,0.94,4.512,0.014,0.407,1.134,-3.692,0.0,0.0,0.0,0.0,-1.4,0.0,2.395,0.082,-1.419,-0.094,0.0522144991552977,A152R
2.168,-0.459,0.287,-0.002,0.0,0.049,-0.056,0.0,0.0,0.0,0.0,0.0,0.001,0.0,0.699,-0.526,0.784,2.94378821319674,A152G
0.0,0.0,0.0,0.0,0.0,0.0,0.0,0.0,0.0,0.0,0.0,0.0,0.0,0.0,0.0,0.0,0.0,0.0,A152A
-3.129,0.642,2.118,0.014,0.071,-0.059,-0.093,0.0,0.0,0.0,0.0,0.0,0.0,0.383,-0.104,0.337,0.007,0.1856954121092258,A152L
-4.227,0.436,2.269,0.039,0.252,-0.189,0.036,0.0,0.0,0.0,0.0,0.0,0.0,3.478,0.048,-0.106,0.046,2.080130737439049,A152F
-3.455,0.591,4.518,0.004,0.182,-0.227,0.244,0.0,0.0,0.0,0.0,0.0,0.0,2.548,0.132,-2.775,0.076,1.836073767186008,A152Q
-1.744,0.585,3.447,0.005,0.743,-0.156,0.524,0.0,0.0,0.0,0.0,0.0,0.0,3.164,-0.019,-4.049,-0.157,2.3418746665763592,A152E
-4.932,2.303,2.218,0.005,0.065,0.0,-0.212,0.0,0.0,0.0,0.0,0.0,0.0,1.883,0.19,0.333,0.24,2.090720971895962,A152M
-4.938,49.99491815367574,1.829,0.001,0.034,0.114,0.613,12.138,1.076,0.0,0.0,0.0,0.005,0.556,2.18,-2.968,11.045,49.99786516189834,A152P
-1.931,0.303,3.615,0.004,0.251,-0.676,-0.266,0.0,0.0,0.0,0.0,0.0,0.0,1.029,0.704,-2.665,0.444,0.8121365847337074,A152N
-5.913,12.344,3.085,0.023,0.123,-0.549,1.307,0.0,0.0,0.0,0.0,0.702,-0.07,1.262,-0.22,0.979,0.142,13.215450054550502,A152I
-4.761,12.575,2.362,0.014,0.103,-0.385,1.096,0.0,0.0,0.0,0.0,0.702,-0.07,1.148,-0.105,1.318,0.05,14.045369038797844,A152V
-18.576,50.0,3.034,0.026,0.26,0.362,0.005,0.0,0.0,0.0,0.0,0.0,0.0,4.392,-0.03,-0.106,0.002,50.0,A153F
-2.671,0.672,3.087,0.003,0.404,-0.49,-0.496,0.0,0.0,0.0,0.0,0.0,0.0,2.672,0.153,-1.625,0.067,1.7749256579425037,A152H
0.0,0.0,0.0,0.0,0.0,0.0,0.0,0.0,0.0,0.0,0.0,0.0,0.0,0.0,0.0,0.0,0.0,0.0,D151D
-0.937,49.985876159056254,-8.157,-0.003,-0.26,0.252,8.334,8.709,1.254,0.0,1.876,0.0,0.016,-1.416,1.436,0.503,2.346,49.99191609970424,D151P
-2.9,0.57,3.988,0.005,0.113,-0.261,-1.039,0.0,0.0,0.0,0.0,0.0,0.0,1.032,0.164,-2.039,-0.104,-0.4714782927128453,A152K
4.718,-0.35,-9.702,-0.004,-0.294,0.161,7.61,0.0,0.0,0.0,1.876,0.0,0.0,-1.824,-0.309,3.471,-0.115,5.236925261068564,D151A
-0.41,0.165,2.995,0.0,0.023,-0.289,-1.078,0.0,0.0,0.0,0.0,0.0,0.0,0.415,0.448,-1.614,0.256,0.909068045099275,A152S
-2.431,1.142,5.254,0.003,0.044,0.087,-0.827,0.0,0.0,0.0,0.0,0.0,0.0,2.386,0.156,-0.173,0.206,5.846343009889779,A152T
0.701,0.004,-0.147,-0.008,0.583,-0.106,2.099,0.0,0.0,0.0,0.0,0.0,0.0,2.737,0.22,-3.297,0.068,2.852650159564746,T155D
-4.57,0.517,2.875,0.037,0.263,-0.395,-0.138,0.0,0.0,0.0,0.0,0.0,0.0,3.345,0.107,-0.742,0.046,1.3428385603824609,A152Y
-2.067,0.341,-0.813,0.002,0.004,-0.176,2.081,0.0,0.0,0.0,0.0,1.024,0.0,1.857,-0.355,1.845,-0.084,3.658839155056967,D156H
4.673,-0.179,-5.358,-0.005,-0.305,0.142,2.949,0.0,0.0,0.0,0.0,1.024,-0.002,-1.771,0.233,2.944,0.648,4.993612716656116,D156G
-5.962,1.205,2.88,0.023,0.31,-0.231,0.083,0.0,0.0,0.0,0.0,0.0,0.0,2.509,0.024,0.937,0.049,1.8252487560246209,A152W
-12.814,49.99999626958046,11.684,0.044,1.264,0.635,0.853,0.0,0.0,0.0,0.0,0.0,0.0,7.643,0.135,-2.775,0.058,49.999997149356055,A153Q
-1.031,0.251,-3.73,0.023,0.053,0.77,2.737,0.0,0.0,0.0,0.0,1.024,0.0,3.29,-0.487,3.364,-0.123,6.142311588064331,D156F
2.251,0.174,-6.251,-0.004,-0.305,0.259,3.119,0.0,0.0,0.0,0.0,1.024,0.0,-1.771,-0.389,3.471,-0.087,1.4901263850572375,D156A
-1.94,9.756,-7.479,0.08,0.099,0.241,7.097,0.0,0.0,0.0,1.876,0.0,0.0,4.189,-0.643,3.364,-0.236,16.403945008285746,D151F
-12.46,49.999999999110344,1.495,0.146,0.439,0.496,0.252,0.0,0.0,0.0,0.0,0.0,0.0,7.422,-0.129,0.337,-0.021,49.999999999035275,A153L
0.576,2.493,-2.693,0.005,0.057,-0.282,5.69,0.0,0.0,0.0,1.876,0.0,0.0,1.092,-0.345,-0.578,-0.281,7.611082760571435,D151E
-0.44,8.547,-8.297,0.05,-0.075,0.077,7.881,0.0,0.0,0.0,1.876,0.0,0.0,0.749,-0.509,3.808,-0.189,13.477954404917682,D151L
3.078,-0.079,-10.065,-0.001,0.551,1.388,5.146,0.0,0.0,0.0,2.605,-2.904,0.0,-0.553,-0.044,5.401,0.46,4.983082467166241,D151C
1.353,0.004,-2.793,-0.01,-0.061,0.182,1.753,0.0,0.0,0.0,0.0,0.0,0.0,-0.015,0.017,0.173,-0.064,0.5373367791705732,T155A
-0.374,0.452,-5.271,0.035,-0.06,0.984,3.251,0.0,0.0,0.0,0.0,1.024,0.0,2.637,-0.541,3.808,-0.131,5.811501476030799,D156L
-1.121,0.548,-1.714,-0.008,-0.042,0.198,0.261,0.0,0.0,0.0,0.0,0.0,0.0,1.097,0.192,2.103,0.555,2.069254572255886,T155C
-1.506,1.178,-3.674,0.05,0.398,0.122,6.306,0.0,0.0,0.0,1.876,0.0,0.0,2.737,-0.449,1.845,-0.133,8.750667123884568,D151H
-1.761,2.781,-2.689,0.021,0.015,-0.322,6.155,0.0,0.0,0.0,-0.293,0.0,0.0,1.767,0.304,0.806,0.287,7.071132892052674,D151N
-2.161,17.675,-7.15,0.027,0.073,-0.182,7.188,0.0,0.0,0.0,1.876,0.0,0.0,3.309,-0.591,2.728,-0.212,22.580346910069693,D151Y
0.034,0.014,-0.909,-0.006,0.564,-0.014,1.123,0.0,0.0,0.0,0.0,0.0,0.0,1.232,-0.257,-1.452,-0.049,0.2784968250430211,T155H
-4.268,29.161,-7.953,0.031,-0.16,-0.105,6.642,0.0,0.0,0.0,3.982,-0.297,-0.026,4.238,-0.704,4.45,-0.059,34.933082916536705,D151I
-0.497,1.028,-9.101,0.016,-0.278,-0.527,6.431,0.0,0.0,0.0,2.165,-0.593,-0.026,-0.969,-0.569,4.789,-0.149,1.7192289255103788,D151V
6.584,-0.359,-9.153,-0.005,-0.294,0.019,7.411,0.0,0.0,0.0,1.876,0.0,-0.033,-1.824,0.165,2.944,0.558,7.889557129556806,D151G
1.996,-0.065,-6.366,0.005,-0.232,-0.258,5.564,0.0,0.0,0.0,1.876,0.0,0.0,-1.819,-0.312,3.298,-0.025,3.6617660282961424,D151T
0.187,0.145,-4.63,0.009,0.784,-0.122,8.422,0.0,0.0,0.0,1.876,0.0,0.0,1.647,-0.161,0.695,-0.053,8.798261302198625,D151Q
0.487,0.014,-0.511,-0.003,0.262,0.165,2.266,0.0,0.0,0.0,0.0,0.0,0.0,2.455,-0.042,-3.876,-0.24,0.975714397052343,T155E
-0.149,0.245,-4.097,-0.003,-0.293,0.19,2.251,0.0,0.0,0.0,0.0,1.024,0.0,-1.578,-0.054,5.401,0.46,3.3975441406273603,D156C
-1.998,0.42,-3.317,0.01,-0.087,0.293,2.841,0.0,0.0,0.0,0.0,1.024,0.0,0.58,-0.239,3.803,0.12,3.449871359712688,D156M
-6.25,49.83455651435672,15.943,0.014,0.785,1.006,1.554,0.0,0.0,0.0,0.0,0.0,0.0,5.489,0.409,-3.47,0.096,49.911195781340474,A153D
0.406,-0.045,-6.997,0.016,-0.058,0.152,7.97,0.0,0.0,0.0,1.876,0.0,0.0,0.278,-0.229,3.803,0.102,7.273238446230152,D151M
-0.413,0.041,-1.512,0.012,0.192,0.1,1.292,0.0,0.0,0.0,0.0,0.0,0.0,1.329,-0.506,0.067,-0.216,0.3866407552102373,T155F
-2.098,49.98839020242387,2.563,-0.013,-0.014,0.23,1.223,29.435,1.062,0.0,0.0,0.0,0.026,1.518,3.045,-4.286,3.647,49.99728580605344,V158P
0.0,0.0,0.0,0.0,0.0,0.0,0.0,0.0,0.0,0.0,0.0,0.0,0.0,0.0,0.0,0.0,0.0,0.0,D156D
0.063,0.05,-1.459,0.006,0.102,0.113,1.651,0.0,0.0,0.0,0.0,0.0,0.0,0.313,-0.21,0.51,-0.133,1.0072553897848593,T155L
2.872,-0.066,-2.416,-0.011,-0.061,-0.006,1.592,0.0,0.0,0.0,0.0,0.0,-0.039,-0.015,0.369,-0.353,0.566,2.430018565918317,T155G
-2.212,3.391,-1.707,0.017,0.008,0.06,1.868,0.0,0.0,0.0,0.0,0.0,-0.053,0.086,-0.313,1.152,0.048,2.345784499428646,T155I
-0.608,0.017,-1.05,0.003,-0.046,0.142,2.507,0.0,0.0,0.0,0.0,1.024,0.0,-0.365,0.288,0.806,0.318,3.035026284799642,D156N
-11.146,49.999999999995346,19.35,0.035,1.284,1.72,-0.128,0.0,0.0,0.0,0.0,0.0,0.0,6.566,-0.027,-4.049,-0.166,49.99999999999728,A153E
-0.164,0.515,-5.127,0.039,-0.073,0.649,3.454,0.0,0.0,0.0,0.0,1.024,-0.05,0.376,-0.721,4.45,-0.012,4.35990095915713,D156I
-0.028,0.794,-4.349,0.022,0.485,-0.71,6.835,0.0,0.0,0.0,2.165,-0.593,0.0,2.559,-0.337,2.051,-0.259,8.636254092152058,D151R
0.607,0.004,-1.052,-0.002,0.112,0.123,1.621,0.0,0.0,0.0,0.0,0.0,0.0,0.879,0.016,-1.866,-0.26,0.1833066212366247,T155K
0.077,0.252,-4.95,0.013,0.387,0.294,7.397,0.0,0.0,0.0,1.876,0.0,0.0,1.639,-0.244,1.432,-0.297,7.873248855451038,D151K
0.463,0.875,-6.341,0.019,-0.132,0.684,3.383,0.0,0.0,0.0,0.0,1.024,-0.05,-1.03,-0.599,4.789,-0.098,2.987049606802202,D156V
-0.114,0.468,-0.555,0.005,0.572,1.037,-0.19,0.0,0.0,0.0,0.0,0.342,0.0,1.763,-0.424,-0.578,-0.26,2.0641165789115803,D156E
3.506,0.417,-5.087,-0.002,-0.307,-0.73,4.469,0.0,0.0,0.0,2.165,-0.593,0.0,-0.431,0.041,1.856,0.11,5.413949121689711,D151S
-0.091,0.004,-0.767,0.001,0.664,0.049,1.372,0.0,0.0,0.0,0.0,0.0,0.0,2.707,0.117,-2.602,0.018,1.4686348733814611,T155Q
-2.824,11.251,-5.971,0.061,0.252,-0.379,7.913,0.0,0.0,0.0,1.876,0.0,0.0,1.655,-0.6,4.407,-0.166,17.47519086499301,D151W
-4.643,49.99957832430337,-1.401,-0.008,-0.018,0.347,2.781,0.143,1.085,0.0,0.0,0.0,0.006,0.729,1.244,-2.795,3.071,49.999587326667914,T155P
0.414,-0.016,-0.498,-0.006,0.531,-0.18,1.15,0.0,0.0,0.0,0.0,0.0,0.0,1.946,0.526,-2.492,0.356,1.7320395700783138,T155N
-1.61,0.434,-3.431,0.019,0.043,1.236,2.875,0.0,0.0,0.0,0.0,1.024,0.0,3.58,-0.503,4.407,-0.086,7.9867184480972355,D156W
0.613,0.047,0.143,-0.009,-0.038,0.015,0.241,0.0,0.0,0.0,0.0,0.0,0.0,0.559,0.334,-1.441,0.15,0.6124166283741488,T155S
-0.903,0.025,0.499,0.008,0.43,-0.074,0.459,0.0,0.0,0.0,0.0,0.0,0.0,1.633,-0.112,-1.246,-0.211,0.5059420870370559,T155R
0.0,0.0,0.0,0.0,0.0,0.0,0.0,0.0,0.0,0.0,0.0,0.0,0.0,0.0,0.0,0.0,0.0,0.0,T155T
-5.761,46.11327297125612,6.483,0.024,0.11,0.093,0.04,0.0,0.0,0.0,0.0,0.0,0.0,3.001,0.107,-0.173,0.172,46.68097838560532,A153T
-3.051,49.93607656582026,-3.944,-0.003,-0.272,0.392,3.25,14.099,1.127,0.0,0.0,1.024,0.018,-1.249,1.737,0.503,10.786,49.975919611096174,D156P
-0.739,0.034,-1.31,0.01,0.362,0.064,1.369,0.0,0.0,0.0,0.0,0.0,0.0,1.688,-0.374,1.11,-0.161,2.051260642137549,T155W
-1.298,0.336,-0.927,0.003,0.329,0.423,1.0,0.0,0.0,0.0,0.0,1.024,0.0,1.159,-0.253,0.695,-0.043,2.446856146376604,D156Q
-0.354,0.022,-1.192,0.001,-0.054,0.098,1.392,0.0,0.0,0.0,0.0,0.0,0.0,1.223,0.053,0.506,0.198,1.892136769836952,T155M
-15.923,50.0,13.843,0.005,0.654,0.361,1.388,0.0,0.0,0.0,0.0,0.0,0.0,2.904,0.091,-1.625,0.032,50.0,A153H
-1.225,9.194,-2.452,0.01,-0.002,0.183,1.252,0.0,0.0,0.0,0.0,0.0,-0.053,0.706,-0.187,1.491,-0.06,8.856558703898145,T155V
-8.514,49.98571881919436,11.344,0.026,0.767,0.979,0.022,0.0,0.0,0.0,0.0,0.0,0.0,5.638,0.693,-2.665,0.423,49.98992036572727,A153N
1.785,0.106,-2.624,-0.004,-0.281,-0.164,2.053,0.0,0.0,0.0,0.0,1.024,0.0,-1.329,0.008,1.856,0.145,2.575235006781668,D156S
-0.978,-0.036,2.505,0.011,0.067,-0.139,-1.633,0.0,0.0,0.0,0.0,0.0,0.0,0.362,0.633,-0.173,0.532,1.152104374053124,A159T
1.671,0.342,-4.48,0.01,-0.121,0.244,2.429,0.0,0.0,0.0,0.0,1.024,0.0,-1.005,-0.322,3.298,0.056,3.144781898769452,D156T
0.437,-0.081,-0.118,0.0,0.145,-0.801,1.486,0.0,0.0,0.0,-0.796,0.0,0.0,2.223,-0.068,-0.206,-0.009,2.2124813653424558,R160H
-0.762,0.032,1.191,0.018,0.198,-0.112,-0.09,0.0,0.0,0.0,0.0,0.0,0.0,1.007,0.086,0.337,0.314,2.216656705763171,A159L
-0.415,0.022,-1.441,0.011,0.205,0.067,1.483,0.0,0.0,0.0,0.0,0.0,0.0,1.284,-0.458,-0.569,-0.204,-0.0160794355228972,T155Y
0.577,0.044,-2.832,0.012,0.15,0.578,3.217,0.0,0.0,0.0,0.0,1.024,0.0,1.065,-0.27,1.432,-0.236,4.759410682324187,D156K
4.081,-1.078,1.593,-0.001,0.0,-0.194,-0.171,0.0,0.0,0.0,0.0,0.0,-0.005,0.0,0.661,-0.526,0.758,5.115543386712716,A153G
0.1,-0.026,-2.192,0.03,0.016,0.577,1.229,0.0,0.0,0.0,0.0,0.0,0.0,1.961,0.12,1.313,0.104,3.2311329897536325,R160F
-1.645,-0.115,7.264,0.0,0.04,-0.071,-0.596,0.0,0.0,0.0,0.0,0.0,0.0,1.905,0.421,-1.614,0.243,5.831614609105145,A153S
-1.413,0.381,-1.356,0.011,0.024,0.369,3.653,0.0,0.0,0.0,0.0,1.024,0.0,1.277,-0.346,2.051,-0.215,5.460777065596403,D156R
-5.615,47.311,2.57,0.013,0.091,0.139,-0.178,0.0,0.0,0.0,0.0,0.0,0.0,3.753,0.363,1.93,0.554,38.46534976454086,A153C
-0.697,0.018,1.327,0.021,0.352,-0.079,-0.146,0.0,0.0,0.0,0.0,0.0,0.0,2.015,0.634,-0.106,0.407,3.743574535335256,A159F
-2.111,0.717,2.605,0.005,0.271,-0.374,-0.307,0.0,0.0,0.0,0.0,0.0,0.0,2.177,0.569,-2.665,0.609,1.4940906506460578,A159N
-0.653,0.019,1.807,0.006,0.353,-0.249,0.401,0.0,0.0,0.0,0.0,0.0,0.0,3.889,0.026,-4.049,0.008,1.5582651136994627,A159E
-2.637,1.586,-3.05,0.049,-0.099,0.074,2.837,0.0,0.0,0.0,0.0,1.024,0.0,2.707,-0.427,2.728,-0.109,4.6843945004852685,D156Y
-7.607,49.99887138165765,3.716,0.001,0.032,-0.022,0.584,10.597,0.962,0.0,0.0,0.0,-0.02,0.889,2.161,-2.968,2.619,49.999271467936396,A153P
-0.582,0.011,1.391,0.008,0.221,-0.112,-0.18,0.0,0.0,0.0,0.0,0.0,0.0,1.405,0.285,-2.039,0.106,0.5145772428534201,A159K
-0.423,0.018,1.42,0.01,0.91,-0.115,-0.214,0.0,0.0,0.0,0.0,0.0,0.0,2.266,0.12,-2.775,0.292,1.5078016080360612,A159Q
-1.613,0.032,1.334,0.01,0.053,-0.034,-0.258,0.0,0.0,0.0,0.0,0.0,0.0,2.108,0.271,0.333,0.446,2.6801005138379423,A159M
-1.884,0.374,1.466,0.02,0.503,-0.066,0.015,0.0,0.0,0.0,0.0,0.0,0.0,2.171,0.537,0.937,0.238,4.310970716522888,A159W
-12.877,49.99999999999999,1.914,0.047,0.119,-0.185,0.14,0.0,0.0,0.0,0.0,0.0,-0.09,2.724,-0.282,0.979,0.106,49.999999999999986,A153I
-2.237,3.852,1.119,0.041,0.12,-0.038,-0.291,0.0,0.0,0.0,0.0,0.0,-0.029,1.507,0.414,0.979,0.424,5.859476500368146,A159I
-14.083,49.999802029354576,2.891,0.021,0.163,-0.09,-0.138,0.0,0.0,0.0,0.0,0.0,0.0,3.215,0.17,0.333,0.221,49.99973490897419,A153M
0.0,0.0,0.0,0.0,0.0,0.0,0.0,0.0,0.0,0.0,0.0,0.0,0.0,0.0,0.0,0.0,0.0,0.0,A153A
-14.14,49.99978864088991,15.904,0.061,0.611,0.417,-0.545,0.0,0.0,0.0,0.0,0.0,0.0,7.643,0.141,-2.039,-0.128,49.999846046588,A153K
-26.011,50.0,5.774,0.021,0.397,-0.279,-0.33,0.0,0.0,0.0,0.0,0.0,0.0,3.535,-0.051,0.937,0.024,50.0,A153W
-18.851,49.999999645043225,14.607,0.048,0.845,2.871,-1.173,0.0,0.0,0.0,0.0,0.325,0.0,7.747,0.062,-1.419,-0.113,49.99999970879236,A153R
-1.742,0.689,4.012,0.003,0.309,-0.265,0.387,0.0,0.0,0.0,0.0,0.0,0.0,1.318,0.403,-3.47,0.264,1.9062236684123943,A159D
-2.35,0.004,3.906,0.019,0.708,-0.222,-1.979,0.0,0.0,0.0,0.0,-0.759,0.0,2.379,0.173,-1.419,0.147,0.6038501365615048,A159R
-0.612,0.018,2.429,0.0,0.025,-0.072,-1.394,0.0,0.0,0.0,0.0,0.0,0.0,0.776,0.543,-1.614,0.309,0.4052740675156201,A159S
0.547,1.354,-2.942,0.037,-0.016,0.839,1.224,0.0,0.0,0.0,0.0,0.0,0.031,0.586,0.795,2.399,0.519,5.370904541754271,R160I
-0.489,0.007,1.389,0.003,0.729,-0.103,-0.27,0.0,0.0,0.0,0.0,0.0,0.0,1.865,0.534,-1.625,0.372,2.410986983816201,A159H
0.0,0.0,0.0,0.0,0.0,0.0,0.0,0.0,0.0,0.0,0.0,0.0,0.0,0.0,0.0,0.0,0.0,0.0,A159A
-1.727,0.731,0.825,0.001,0.012,0.079,-0.827,0.0,0.0,0.0,0.0,0.0,0.0,0.183,0.655,1.93,0.633,2.495566300789505,A159C
1.817,0.124,-0.036,-0.007,0.107,0.319,1.628,0.0,0.0,0.0,0.0,0.152,0.0,0.648,-0.319,-2.051,-0.258,2.1240765172447027,R160D
1.342,-0.195,0.362,-0.001,0.0,-0.119,-0.053,0.0,0.0,0.0,0.0,0.0,-0.033,0.0,0.796,-0.526,0.865,2.435619085484177,A159G
4.376,-0.26,-2.848,-0.008,-0.239,-0.471,1.747,0.0,0.0,0.0,-0.796,0.0,-0.015,-0.457,0.255,0.893,0.359,2.536618711323854,R160G
-8.44,49.9840067698052,-0.037,0.028,0.096,-0.059,-0.266,0.0,0.0,0.0,0.0,0.0,-0.09,2.971,-0.163,1.318,0.017,49.98075591894515,A153V
-1.836,3.662,0.391,0.021,0.056,-0.043,-0.151,0.0,0.0,0.0,0.0,0.0,-0.029,0.358,0.488,1.318,0.367,4.601314357831825,A159V
0.592,-0.035,-0.071,-0.003,-0.082,0.29,0.609,0.0,0.0,0.0,0.0,0.0,0.0,-0.51,-0.002,-0.619,0.052,0.2192100736397151,R160K
-5.763,49.99997486451752,1.574,0.001,0.036,0.076,1.928,0.926,0.803,0.0,0.0,0.0,0.006,0.304,1.309,-2.968,10.861,49.999982527881606,A159P
-4.171,2.033,0.533,0.058,0.236,-0.112,0.032,0.0,0.0,0.0,0.0,0.0,0.0,4.063,0.673,-0.742,0.343,2.944726621200516,A159Y
1.78,0.251,-1.046,0.001,0.468,-0.48,1.314,0.0,0.0,0.0,-0.796,0.0,0.0,1.601,-0.164,-1.356,-0.057,1.5147393715715225,R160Q
3.309,-0.254,-3.732,-0.009,-0.236,0.643,1.454,0.0,0.0,0.0,0.0,0.0,0.0,-1.33,0.066,1.42,-0.096,1.2335421593472802,R160A
-24.067,50.0,15.411,0.044,0.243,0.523,-0.67,0.0,0.0,0.0,0.0,1.024,0.0,5.078,0.029,-0.742,0.009,50.0,A153Y
4.602,-1.578,3.281,-0.018,-0.122,0.024,-0.328,0.0,0.0,0.0,0.0,0.0,0.0,0.152,0.567,1.594,0.449,8.623134661610266,L154C
1.99,-0.133,-2.795,-0.008,-0.22,0.701,0.775,0.0,0.0,0.0,0.0,0.0,0.0,-1.102,0.269,3.35,-0.016,2.809214048477997,R160C
1.942,0.076,-1.695,-0.003,0.572,0.57,1.713,0.0,0.0,0.0,0.0,0.0,0.0,1.299,-0.063,-2.629,0.008,1.7883568884822123,R160E
1.378,0.292,-0.571,-0.005,-0.161,0.798,-0.039,0.0,0.0,0.0,0.0,0.0,0.0,-1.325,-0.071,1.247,0.167,1.7087316499937515,R160T
-2.111,49.99825794048217,-1.713,-0.008,-0.19,0.629,2.571,5.412,0.783,0.0,0.0,0.0,0.117,0.537,0.096,-1.548,2.746,49.998700104720854,R160P
3.298,-1.249,5.283,-0.016,-0.027,0.016,-0.756,0.0,0.0,0.0,0.0,0.0,-0.04,0.595,0.738,-2.932,0.574,5.479219977817365,V158S
0.53,2.083,-3.12,0.025,-0.15,0.849,1.294,0.0,0.0,0.0,0.0,0.0,0.031,0.664,0.779,2.738,0.542,6.262458423236012,R160V
0.44,-0.004,-1.996,-0.006,-0.167,0.433,1.109,0.0,0.0,0.0,0.0,0.0,0.0,0.278,0.105,1.752,-0.057,1.8863679664550543,R160M
0.0,0.0,0.0,0.0,0.0,0.0,0.0,0.0,0.0,0.0,0.0,0.0,0.0,0.0,0.0,0.0,0.0,0.0,R160R
1.724,-0.149,-1.219,-0.004,0.066,0.229,1.003,0.0,0.0,0.0,0.0,0.0,0.0,0.269,-0.212,-1.245,-0.139,0.3210169832468637,R160N
-0.647,-0.089,-1.673,0.018,0.079,0.311,1.179,0.0,0.0,0.0,0.0,0.0,0.0,1.31,-0.006,2.356,-0.006,2.830991787827088,R160W
1.492,-0.673,4.578,-0.003,0.683,-0.096,0.089,0.0,0.0,0.0,0.0,0.0,-0.04,4.057,0.798,-3.983,0.536,7.435896300600007,V158N
0.22,1.27,6.675,-0.01,0.254,0.189,-1.842,0.0,0.0,0.0,0.0,0.0,-0.04,3.271,0.31,-5.367,0.099,5.025790532455176,V158E
2.951,-0.23,-1.871,-0.009,-0.205,0.617,0.268,0.0,0.0,0.0,0.0,0.0,0.0,-0.352,-0.191,-0.195,0.003,0.7845900606519081,R160S
1.177,0.038,-2.567,0.005,-0.133,0.619,1.164,0.0,0.0,0.0,0.0,0.0,0.0,-1.308,-0.077,1.757,-0.059,0.6143936039043183,R160L
-0.214,0.445,-1.946,0.069,0.033,0.433,1.349,0.0,0.0,0.0,0.0,0.0,0.0,2.939,0.09,0.677,0.127,4.001307422076252,R160Y
-0.43,3.307,4.611,-0.008,0.146,0.264,-0.228,0.0,0.0,0.0,0.0,0.0,-0.04,3.201,0.511,-4.093,0.275,7.513615390198993,V158Q
0.333,-0.24,1.751,-0.015,-0.04,0.095,-0.585,0.0,0.0,0.0,0.0,0.0,-0.04,0.685,0.665,0.612,1.047,4.265987543005394,V158C
6.147,-1.26,2.877,-0.017,-0.05,0.1,-0.079,0.0,0.0,0.0,0.0,0.0,0.021,0.01,1.139,-1.844,1.138,8.179063993291038,V158G
1.87,10.329,0.058,0.005,-0.089,0.223,-0.257,0.0,0.0,0.0,0.0,0.0,0.013,0.653,0.008,0.982,0.067,13.85932497744784,L157V
0.0,0.0,0.0,0.0,0.0,0.0,0.0,0.0,0.0,0.0,0.0,0.0,0.0,0.0,0.0,0.0,0.0,0.0,V158V
2.363,-0.689,6.022,-0.012,0.772,-0.114,-0.796,0.0,0.0,0.0,0.0,0.0,-0.04,3.697,0.485,-4.788,0.202,7.099608564829168,V158D
10.037,-2.518,2.334,-0.016,-0.186,0.021,-0.127,0.0,0.0,0.0,0.0,0.0,-0.038,-0.045,0.662,-0.863,0.709,9.967575738165124,L157G
1.425,49.96701689108139,3.955,-0.017,-0.119,0.163,0.395,20.93,1.135,0.0,0.0,0.0,0.018,-0.611,2.398,-3.304,2.578,49.98963556734889,L154P
-2.652,49.61431492930144,0.447,0.03,0.233,0.125,-0.258,0.0,0.0,0.0,0.0,0.0,-0.04,4.975,0.24,-1.424,0.163,49.64153716411709,V158F
4.38,-1.249,1.743,-0.016,-0.05,0.198,0.042,0.0,0.0,0.0,0.0,0.0,-0.04,0.01,0.696,-1.318,0.477,4.8697090983694125,V158A
-3.371,11.787,-0.258,0.016,0.04,-0.019,-0.071,0.0,0.0,0.0,0.0,0.0,0.0,3.326,-0.079,-0.339,0.003,11.032920835969207,V158I
0.353,3.393,0.783,0.031,0.149,0.211,0.264,0.0,0.0,0.0,0.0,0.0,-0.04,3.293,0.244,-0.981,0.142,7.839508603282184,V158L
-4.169,49.44909565541895,2.92,0.05,0.034,0.189,-0.447,0.0,0.0,0.0,0.0,0.0,0.0,8.649,0.404,-1.079,0.079,49.576880635703056,L154Y
4.355,-2.307,7.709,-0.011,0.577,-0.356,-0.47,0.0,0.0,0.0,0.0,0.0,0.0,3.541,0.448,-3.807,0.181,9.85624950030251,L157D
1.814,-0.871,4.264,-0.008,0.01,-0.069,-0.767,0.0,0.0,0.0,0.0,0.0,-0.04,0.06,0.44,-1.491,0.331,3.670917216638145,V158T
-1.779,31.425,6.337,-0.008,0.47,0.362,-1.503,0.0,0.0,0.0,0.0,-0.744,0.0,3.543,0.028,-1.962,0.08,36.24600295485561,L157H
6.903,-2.359,4.404,-0.014,-0.117,-0.316,-0.648,0.0,0.0,0.0,0.0,0.0,0.0,0.521,0.545,-1.951,0.273,7.238473715488908,L157S
-1.583,3.024,4.258,0.146,0.58,-0.148,-0.107,0.0,0.0,0.0,0.0,0.0,-0.04,4.999,0.252,-2.943,0.123,8.558948751307298,V158H
4.392,-1.446,9.343,-0.018,0.449,0.486,-1.215,0.0,0.0,0.0,0.0,0.0,0.0,2.022,0.449,-3.807,0.026,10.681403195518897,L154D
-0.142,0.032,2.559,-0.005,-0.032,0.147,-0.161,0.0,0.0,0.0,0.0,0.0,-0.04,2.221,0.581,-0.985,0.659,4.830791281600341,V158M
2.903,-1.936,6.064,-0.011,0.45,0.468,-0.756,0.0,0.0,0.0,0.0,-1.22,0.0,4.504,0.768,-3.001,0.468,8.696619033599973,L157N
-0.789,27.002,1.365,0.027,-0.049,-0.092,-0.292,0.0,0.0,0.0,0.0,0.0,0.013,2.511,-0.124,0.643,0.177,30.39020684345928,L157I
0.287,1.995,4.029,-0.003,0.394,-0.079,0.778,0.0,0.0,0.0,0.0,0.0,-0.04,3.692,0.371,-3.357,0.116,8.180378378406886,V158K
7.822,-1.812,2.409,-0.019,-0.169,0.09,-0.029,0.0,0.0,0.0,0.0,0.0,0.0,-1.262,0.148,-0.336,-0.022,6.818418685624465,L154A
1.371,-1.599,9.647,-0.011,0.831,0.662,-1.284,0.0,0.0,0.0,0.0,0.0,0.0,1.979,0.011,-4.386,-0.177,7.044954718817053,L154E
7.579,-2.381,0.906,-0.014,-0.186,0.201,0.028,0.0,0.0,0.0,0.0,0.0,0.0,-0.045,0.167,-0.336,0.035,5.949769719140477,L157A
-3.26,49.701736188037934,1.51,0.03,0.247,0.162,-0.204,0.0,0.0,0.0,0.0,0.0,-0.04,4.886,0.348,-2.06,0.249,49.72312479051078,V158Y
0.543,49.99845560843931,3.138,-0.013,-0.107,0.446,0.815,5.128,1.171,0.0,0.0,0.0,-0.006,0.671,1.594,-3.304,11.042,49.99933629647097,L157P
4.536,-2.22,2.97,-0.01,-0.145,-1.007,-0.329,0.0,0.0,0.0,-0.796,0.0,0.0,1.569,0.428,1.594,0.65,7.238546879820205,L157C
-7.613,46.496,9.445,0.017,0.844,0.664,0.574,0.0,0.0,0.0,0.0,0.0,0.0,5.995,0.107,-1.756,-0.089,39.91046658406926,L157R
6.89,-1.806,6.249,-0.019,-0.093,-0.251,-0.504,0.0,0.0,0.0,0.0,0.0,0.0,-0.081,0.571,-1.951,0.198,9.203975732046956,L154S
-0.759,7.83,0.493,0.009,0.03,0.261,0.244,0.0,0.0,0.0,0.0,0.0,-0.094,1.1,0.026,0.643,0.134,9.915646610604654,L154I
-0.144,1.713,4.387,0.001,0.589,0.145,0.688,0.0,0.0,0.0,0.0,0.0,-0.04,1.818,0.405,-2.737,0.194,7.01642713733122,V158R
0.0,0.0,0.0,0.0,0.0,0.0,0.0,0.0,0.0,0.0,0.0,0.0,0.0,0.0,0.0,0.0,0.0,0.0,L154L
-3.584,15.658,1.239,0.045,0.462,-0.1,0.36,0.0,0.0,0.0,0.0,0.0,-0.04,4.657,0.382,-0.381,0.45,19.144797645793687,V158W
1.025,-1.67,8.856,-0.009,0.111,-0.259,-0.832,0.0,0.0,0.0,0.0,0.0,0.0,3.139,0.147,-4.386,-0.128,5.993098619944249,L157E
-1.409,1.237,1.782,-0.009,0.114,-0.014,-0.271,0.0,0.0,0.0,0.0,0.0,0.0,0.725,0.292,-0.004,0.196,2.639278000469403,L154M
-4.06,49.518369355419125,-0.046,0.026,0.135,-0.18,-0.258,0.0,0.0,0.0,0.0,0.0,0.0,4.23,-0.223,-0.443,-0.055,49.501285488950494,L157F
-4.087,49.20736130710694,-1.527,0.003,0.463,1.054,0.834,0.0,0.0,0.0,0.0,0.0,0.0,3.13,-0.112,0.6,-0.021,49.21781946378236,L157W
-0.601,4.782,0.851,-0.005,0.575,0.512,0.75,0.0,0.0,0.0,0.0,0.0,0.0,4.041,0.254,-0.004,0.293,11.447225402672302,L157M
4.028,-1.411,4.389,-0.006,-0.125,0.044,-1.687,0.0,0.0,0.0,0.0,0.0,0.0,-0.034,0.215,-0.509,0.145,5.046505824569294,L157T
-3.037,16.122,12.206,0.007,0.623,0.372,0.827,0.0,0.0,0.0,-0.016,0.0,0.0,5.177,0.247,-2.376,-0.112,30.04080385804241,L154K
0.0,0.0,0.0,0.0,0.0,0.0,0.0,0.0,0.0,0.0,0.0,0.0,0.0,0.0,0.0,0.0,0.0,0.0,L157L
-2.819,6.424,15.076,0.004,0.545,-0.495,-1.208,0.0,0.0,0.0,-0.796,0.0,0.0,4.492,0.23,-2.376,-0.13,18.946169799764903,L157K
-6.244,49.99832798623933,3.23,0.048,0.139,-0.308,0.05,0.0,0.0,0.0,0.0,0.0,0.0,5.308,-0.176,-1.079,-0.053,49.99838790138842,L157Y
-1.077,29.142,6.753,-0.016,0.389,0.03,-0.977,0.0,0.0,0.0,-0.016,0.0,0.0,3.426,0.34,-1.962,0.06,36.09147389627401,L154H
10.278,-2.115,4.237,-0.021,-0.169,-0.044,-0.003,0.0,0.0,0.0,0.0,0.0,0.02,-1.262,0.884,-0.863,0.774,11.71430782767152,L154G
-2.672,47.66214458892872,-0.135,0.043,0.022,0.076,-0.928,0.0,0.0,0.0,0.0,0.0,0.0,8.662,0.354,-0.443,0.091,48.083107551406165,L154F
-0.665,0.685,5.811,-0.006,0.005,-0.5,-0.916,0.0,0.0,0.0,0.0,0.0,0.0,3.327,0.306,-3.112,0.131,5.063807206196088,L157Q
3.018,-0.876,6.895,-0.015,0.427,0.101,0.078,0.0,0.0,0.0,0.0,0.0,0.0,2.325,0.697,-3.001,0.388,10.036790478105786,L154N
1.77,8.818,1.027,-0.001,-0.113,0.26,0.287,0.0,0.0,0.0,0.0,0.0,-0.094,0.997,0.101,0.982,0.059,14.093829506064594,L154V
-0.277,-0.602,7.03,-0.011,0.638,0.342,0.234,0.0,0.0,0.0,0.0,0.0,0.0,1.665,0.147,-3.112,0.022,6.07742897456842,L154Q
-10.175,49.01606738621789,1.459,0.053,0.376,0.046,-0.764,0.0,0.0,0.0,-0.016,0.0,0.0,8.495,0.332,0.6,0.047,49.03361593487884,L154W
4.326,4.674,5.173,-0.006,-0.102,-0.086,-0.612,0.0,0.0,0.0,0.0,0.0,0.0,-0.773,0.33,-0.509,0.224,12.63759003430414,L154T
-7.309,43.30529535470484,12.632,0.013,0.723,0.917,0.887,0.0,0.0,0.0,0.0,0.0,0.0,3.2,0.183,-1.756,-0.09,45.304541327231846,L154R
-0.89,0.934,1.078,0.003,0.1,-0.107,-0.564,0.0,0.0,0.0,0.0,0.0,0.28,1.645,2.257,-1.087,1.805,5.449843119019306,G161S
-1.868,3.161,1.69,0.022,0.106,-1.215,-0.267,0.0,0.0,0.0,-0.796,0.0,0.28,0.918,2.383,0.864,1.75,7.026036231652142,G161L
-0.725,3.154,0.833,0.006,-0.002,-1.065,-0.342,0.0,0.0,0.0,-0.796,0.0,0.28,0.874,2.328,0.527,1.851,6.919417910629818,G161A
-1.398,3.111,0.625,0.004,0.017,-0.136,-0.607,0.0,0.0,0.0,0.0,0.0,0.28,0.057,2.139,2.457,1.919,8.465390743927856,G161C
-2.704,49.7947905301004,-0.351,0.005,0.07,0.171,0.265,49.959539718860874,0.971,0.0,0.0,0.0,0.149,0.0,7.8,-2.441,21.78,49.99997024138389,G161P
-1.242,1.037,2.368,0.003,0.599,-0.089,-1.872,0.0,0.0,0.0,0.0,-0.35,0.28,2.576,1.659,-2.944,1.351,3.3750936156004627,G161D
0.0,0.0,0.0,0.0,0.0,0.0,0.0,0.0,0.0,0.0,0.0,0.0,0.0,0.0,0.0,0.0,0.0,0.0,G161G
-0.399,3.318,0.452,0.007,0.299,-0.154,-0.55,0.0,0.0,0.0,0.0,0.0,0.28,2.913,2.174,-3.522,1.627,6.441138143899252,G161E
-2.359,3.091,1.353,0.021,0.337,-0.13,-0.74,0.0,0.0,0.0,0.0,0.0,0.28,1.42,2.15,1.463,2.379,9.261405798100668,G161W
-1.813,2.879,1.682,0.011,0.677,-0.143,-1.053,0.0,0.0,0.0,0.0,0.0,0.28,1.755,1.86,-2.249,1.414,5.299135022148221,G161Q
-2.041,0.957,1.941,0.01,0.722,-0.473,-0.096,0.0,0.0,0.0,0.0,0.0,0.28,1.434,1.11,-2.138,1.098,2.801018144830323,G161N
-2.247,2.766,1.823,0.027,0.304,-1.25,-0.261,0.0,0.0,0.0,-0.796,0.0,0.28,2.552,1.949,0.421,1.413,6.979592070873423,G161F
-1.998,2.532,1.467,0.006,0.462,-0.301,-0.416,0.0,0.0,0.0,0.0,0.0,0.28,1.232,1.545,-1.098,1.142,4.849213542814141,G161H
-1.81,2.233,3.026,0.013,0.109,-0.948,-0.197,0.0,0.0,0.0,-0.796,0.0,0.28,1.206,3.618,0.354,4.371,11.458653297608862,G161T
-3.029,2.683,3.677,0.024,0.639,0.492,-3.518,0.0,0.0,0.0,0.0,0.0,0.28,1.985,1.905,-0.893,1.396,5.639856851189734,G161R
-2.453,11.766,0.236,0.229,0.061,0.041,-0.399,0.0,0.0,0.0,0.0,0.0,0.128,0.084,4.456,1.845,10.599,26.58828804981817,G161V
1.043,1.73,-4.717,0.006,-0.577,0.627,1.115,0.0,0.0,0.0,0.0,0.0,-0.02,-0.741,0.4,2.399,0.946,2.2101629182839133,R164I
-1.842,3.367,1.179,0.013,0.104,-0.139,-0.582,0.0,0.0,0.0,0.0,0.0,0.28,0.647,2.123,0.86,2.263,8.26947074073928,G161M
-13.829,49.98870847388207,4.004,0.048,0.965,1.551,-0.029,0.0,0.0,0.0,0.0,0.152,0.031,7.84,-0.141,-0.216,-0.448,49.988676263744885,G162Y
-2.148,2.534,0.904,0.023,0.307,-0.208,-0.428,0.0,0.0,0.0,0.0,0.0,0.28,1.762,1.985,-0.216,1.435,6.227257644786732,G161Y
-2.798,10.799,0.661,0.222,0.126,-0.079,-0.375,0.0,0.0,0.0,0.0,0.0,0.128,0.386,4.825,1.506,10.629,26.025622894216667,G161I
-1.455,2.571,1.11,0.01,0.177,-0.062,-0.598,0.0,0.0,0.0,0.0,0.0,0.28,0.744,1.84,-1.512,1.326,4.427138554999374,G161K
-6.42,44.39611600276632,-2.042,0.029,0.782,0.7,0.354,0.0,0.0,0.0,0.0,0.0,0.031,3.585,-0.131,2.457,-0.235,44.20454291236287,G162C
0.0,0.0,0.0,0.0,0.0,0.0,0.0,0.0,0.0,0.0,0.0,0.0,0.0,0.0,0.0,0.0,0.0,0.0,G162G
2.211,0.065,-2.48,-0.003,-0.343,0.4,-0.27,0.0,0.0,0.0,0.0,-0.954,0.0,1.988,0.094,-1.356,0.319,-0.3296855664564191,R164Q
-8.117,49.14208136366852,-3.796,0.039,0.779,0.831,0.77,0.0,0.0,0.0,0.0,0.0,0.003,2.542,-0.239,1.845,-0.424,48.92182882964292,G162V
5.504,-0.011,-3.85,-0.02,-0.623,-0.018,0.953,0.0,0.0,0.0,0.0,0.0,0.0,-1.589,-0.292,-0.195,0.133,-0.0096805560942812,R164S
-7.903,49.924367290744954,2.832,0.043,1.45,0.906,-0.302,0.0,0.0,0.0,0.0,0.0,0.031,5.143,-0.307,-2.138,-0.219,49.92294532401224,G162N
-10.097,49.99999999657865,7.319,0.051,0.878,0.547,-1.697,0.0,0.0,0.0,0.741,-0.253,0.031,5.554,-0.516,-1.512,-0.71,49.99999999662408,G162K
-0.336,1.339,-0.259,0.044,0.097,-0.099,0.02,-0.086,0.0,0.0,0.0,0.0,0.005,3.587,1.439,3.947,0.393,10.090961679621389,P165I
2.921,25.792,5.083,-0.009,0.038,0.328,-0.244,6.796,0.0,0.0,0.0,0.0,0.172,-0.382,1.88,-3.304,12.631,38.775382207077385,L163P
-15.756,49.99997283306871,1.006,0.059,1.205,1.036,0.654,0.0,0.0,0.0,0.0,0.0,0.031,5.871,-0.299,1.463,-0.577,49.99996640769004,G162W
7.018,-2.897,6.13,-0.014,-0.061,-0.22,-0.195,0.0,0.0,0.0,0.0,0.0,0.0,-0.215,0.641,-1.951,0.673,8.908035638411093,L163S
-3.062,40.20948043481142,-0.784,0.003,-0.017,0.225,0.107,0.0,0.0,0.0,0.0,0.0,0.031,0.35,-0.764,0.527,-0.836,38.61379902698108,G162A
-10.134,49.98277996985049,0.265,0.053,1.04,1.265,-0.044,0.0,0.0,0.0,0.741,-0.101,0.031,7.874,-0.166,0.421,-0.378,49.983365459763284,G162F
-20.895,49.99999999333522,8.226,0.078,1.541,0.71,1.1,0.0,0.0,0.0,0.0,0.0,0.031,13.127,-0.634,-0.893,-0.645,49.9999999937848,G162R
-6.354,46.25723681544176,5.512,0.02,1.464,0.631,-0.088,0.0,0.0,0.0,0.0,0.0,0.031,4.931,-0.439,-2.944,-0.551,46.56316757806408,G162D
0.826,0.147,-1.149,-0.008,-0.32,0.062,0.608,0.0,0.0,0.0,0.0,0.0,0.0,-0.529,0.219,-0.619,0.079,-0.6856387004961562,R164K
7.339,-0.464,-6.598,-0.018,-0.713,0.301,1.431,0.0,0.0,0.0,0.0,0.0,0.039,-1.594,0.61,0.893,1.861,3.083799487058286,R164G
-9.554,48.933346311738774,-1.788,0.06,0.847,0.673,0.507,0.0,0.0,0.0,0.0,0.0,0.003,3.721,-0.304,1.506,-0.391,48.71448340421162,G162I
-9.286,49.97777310212875,0.955,0.037,1.243,0.332,1.136,0.0,0.0,0.0,0.0,0.0,0.031,5.441,-0.286,-1.098,-0.429,49.975992887265406,G162H
7.706,-2.889,3.76,-0.014,-0.091,0.099,0.036,0.0,0.0,0.0,0.0,0.0,0.0,-0.742,0.457,-0.336,0.678,8.661591817318367,L163A
-10.437,49.99667824835768,-2.376,0.057,0.933,0.497,0.298,0.0,0.0,0.0,0.0,0.0,0.031,3.075,-0.712,0.864,-0.473,49.99538057593498,G162L
0.177,1.569,-0.149,0.02,0.051,-0.175,-0.398,-0.086,0.0,0.0,0.0,0.0,0.045,3.577,1.301,2.795,0.469,9.19654720730182,P165T
-4.615,45.08537631501813,6.692,0.007,0.025,-0.666,0.797,0.0,0.0,0.0,-0.795,0.0,0.031,1.52,-0.321,-1.087,-0.567,45.272450700751484,G162S
3.26,0.22,-5.305,-0.018,-0.653,0.142,0.935,0.0,0.0,0.0,0.0,0.0,0.0,-1.709,0.238,3.35,0.379,0.8381387573465418,R164C
-7.634,44.90027506441096,1.283,0.032,0.666,-0.6,1.312,0.0,0.0,0.0,-0.795,0.0,0.031,6.671,-0.56,0.86,-0.372,45.07035612221772,G162M
3.069,0.419,0.161,-0.013,0.325,0.053,0.397,0.0,0.0,0.0,0.0,-0.404,0.0,2.803,0.613,-2.051,3.129,8.498313734258772,R164D
-5.369,47.02764104892817,0.175,0.03,1.353,-0.079,0.377,0.0,0.0,0.0,0.0,0.0,0.031,6.324,-0.69,-2.249,-0.522,46.955353872661426,G162Q
2.03,46.91989164081375,-4.932,-0.018,-0.601,0.438,-0.105,49.26942427334188,0.0,0.0,0.0,0.0,0.135,-1.594,7.111,-1.548,11.176,49.985581242156634,R164P
-4.855,48.94706134590677,-0.998,0.034,0.019,-0.193,-0.395,-0.086,0.0,0.0,0.0,0.0,0.045,4.582,1.187,3.305,0.328,49.06400772788889,P165L
2.443,0.06,-1.305,-0.011,-0.224,0.53,0.377,0.0,0.0,0.0,0.0,-1.326,0.0,1.176,0.101,-2.629,0.388,-0.423192833980238,R164E
5.235,-0.543,-6.07,-0.009,-0.43,0.164,1.053,0.0,0.0,0.0,-0.248,0.0,0.0,-0.854,-0.356,1.42,0.05,-0.5902013838945095,R164A
-10.194,49.999999818176576,3.641,0.019,0.066,-0.733,3.059,0.812,0.0,0.254,-0.795,0.0,0.031,2.953,0.172,-2.441,10.572,49.99999986483854,G162P
-10.613,48.696967524077714,7.946,0.054,2.329,1.182,-0.087,0.0,0.0,0.0,0.0,0.0,0.031,6.423,-0.79,-3.522,-0.791,48.803557381398974,G162E
0.0,0.0,0.0,0.0,0.0,0.0,0.0,0.0,0.0,0.0,0.0,0.0,0.0,0.0,0.0,0.0,0.0,0.0,R164R
2.152,14.381,-5.282,0.001,-0.709,0.561,0.681,0.0,0.0,0.0,0.0,0.0,0.0,1.508,-0.117,1.313,1.295,15.781286952929122,R164F
-6.333,46.194336017267865,0.363,0.029,0.791,0.577,-0.464,0.0,0.0,0.0,0.0,0.0,0.031,2.545,-0.147,0.354,-0.253,45.80977313178345,G162T
1.111,-0.329,0.441,0.01,0.017,0.032,-0.184,-0.086,0.0,0.0,0.0,0.0,0.045,2.477,1.355,3.301,0.149,8.339548823346377,P165M
-9.893,49.305276457983815,0.698,0.01,0.188,-0.232,-0.448,0.0,0.0,0.0,-0.016,0.0,0.0,7.629,-0.029,0.6,0.674,49.28228800323504,L163W
0.876,2.939,-4.195,0.004,-0.388,0.252,0.866,0.0,0.0,0.0,-0.248,0.0,0.0,-0.127,0.668,1.757,0.796,3.1976499815286843,R164L
1.789,0.321,-0.972,-0.015,0.129,0.403,0.661,0.0,0.0,0.0,0.0,-1.318,0.0,0.554,0.474,-1.245,2.261,3.041064117876431,R164N
2.808,-1.029,-0.65,-0.001,-0.07,0.056,-0.153,-0.086,0.0,0.0,0.0,0.0,0.045,-0.03,0.937,2.968,-0.11,4.684845269467814,P165A
-0.176,4.845,-0.071,0.014,-0.018,0.239,0.058,0.0,0.0,0.0,0.0,0.0,0.01,0.599,0.03,0.643,-0.135,6.035613090763263,L163I
2.215,0.059,-3.796,-0.01,-0.641,0.411,1.227,0.0,0.0,0.0,0.0,0.0,0.0,-0.557,0.051,1.752,0.946,1.6575825305028502,R164M
1.442,-0.46,0.844,0.017,0.569,-0.021,0.11,-0.086,0.0,0.0,0.0,0.0,0.045,2.431,1.103,1.549,0.172,7.714596553106503,P165R
-2.055,11.086,-2.68,0.005,-0.027,0.136,2.965,0.0,0.0,0.0,0.0,0.0,0.0,1.086,-0.047,2.356,10.716,23.538395964715846,R164W
0.856,4.286,-1.999,-0.011,0.309,0.128,0.572,0.0,0.0,0.0,-0.087,-0.966,0.0,1.114,-0.168,-0.206,0.758,4.585015706005834,R164H
-1.31,2.063,8.578,0.022,0.223,0.73,-2.447,-0.086,0.0,0.0,0.0,0.0,0.045,4.042,1.039,-0.502,0.165,12.560646405177522,P165D
1.204,-1.029,2.073,0.022,1.675,-0.134,-1.481,-0.086,0.0,0.0,0.0,0.0,0.045,4.087,1.071,-1.081,0.17,6.534730562321556,P165E
-1.913,47.19446632585028,0.308,0.023,-0.364,0.366,1.083,-0.086,0.0,0.0,0.361,0.0,0.045,4.123,1.25,2.862,0.163,47.96473795535967,P165F
0.144,-0.437,1.496,0.004,-0.044,-0.983,-0.209,-0.086,0.0,0.0,-0.795,0.0,0.045,1.479,1.351,4.898,0.094,6.956690490671463,P165C
2.108,13.865,-5.115,0.0,-0.676,0.481,0.789,0.0,0.0,0.0,0.0,0.0,0.0,1.114,-0.034,0.677,0.501,13.70830120053006,R164Y
-0.955,6.57,-0.197,0.002,0.0,-0.042,-0.813,0.0,0.0,0.0,0.0,0.0,0.105,0.0,3.901,0.527,4.547,13.642607532385682,G166A
4.319,-1.052,0.097,-0.002,-0.07,0.13,-0.212,-0.086,0.0,0.0,0.0,0.0,0.019,-0.03,1.84,2.442,0.804,8.199739578235722,P165G
-0.012,0.114,0.975,0.003,-0.003,-1.127,0.229,0.0,0.0,0.0,-0.796,0.0,0.0,0.873,0.0,0.0,0.0,0.2581017421980505,G166G
-4.472,40.03,6.406,0.01,0.331,0.14,0.155,-0.086,0.0,0.0,0.0,-0.734,0.045,2.195,1.042,1.343,0.176,46.57998242554709,P165H
-6.343,48.36987835171468,3.665,0.011,0.167,-1.117,-0.359,0.0,0.0,0.0,-0.811,0.0,0.0,6.398,0.079,-1.079,0.202,48.42114337281244,L163Y
-2.374,9.405,2.176,0.011,0.393,-1.364,-0.253,0.0,0.0,0.0,-0.796,0.0,0.105,3.153,3.13,-1.098,3.506,15.99256802969694,G166H
4.673,-2.807,3.56,-0.013,-0.076,0.047,-0.136,0.0,0.0,0.0,0.0,0.0,0.0,-0.339,0.039,1.594,0.672,7.213800136471036,L163C
1.005,-1.029,1.272,0.023,1.269,-0.124,-1.043,-0.086,0.0,0.0,0.0,0.0,0.045,3.547,1.249,0.193,0.238,6.557367987283442,P165Q
2.052,1.786,-6.231,-0.003,-0.653,0.427,0.944,0.0,0.0,0.0,0.0,0.0,-0.02,-1.139,0.301,2.738,0.245,0.4470178225562904,R164V
4.325,-2.906,8.929,-0.012,0.217,0.177,-1.307,0.0,0.0,0.0,0.0,0.0,0.0,2.97,-0.538,-3.807,-0.473,7.574551350452339,L163D
1.369,0.293,1.175,0.01,0.234,0.174,0.11,-0.086,0.0,0.0,0.0,0.0,0.045,2.368,1.171,0.929,0.23,8.019974677594973,P165K
-3.085,24.847,10.948,-0.008,0.13,0.719,0.823,0.0,0.0,0.0,-0.016,0.0,0.0,4.349,0.382,-2.376,0.242,36.95397140270984,L163K
2.267,-1.03,2.135,0.0,-0.017,0.006,-0.768,-0.086,0.0,0.0,0.0,0.0,0.045,0.386,1.061,1.354,0.165,5.516879650865803,P165S
9.216,-3.171,5.075,-0.016,-0.091,0.128,0.064,0.0,0.0,0.0,0.0,0.0,0.182,-0.742,1.393,-0.863,3.014,14.18845759103533,L163G
3.435,1.65,-4.919,-0.008,-0.623,0.224,0.677,0.0,0.0,0.0,0.0,0.0,0.0,-1.8,0.117,1.247,0.088,0.0856524378302765,R164T
-4.74,45.329352271793255,-0.057,0.011,0.149,-0.111,-0.364,0.0,0.0,0.0,-0.016,0.0,0.0,5.771,-0.143,-0.443,0.108,45.35878974172888,L163F
0.0,0.0,0.0,0.0,0.0,0.0,0.0,0.0,0.0,0.0,0.0,0.0,0.0,0.0,0.0,0.0,0.0,0.0,P165P
-4.805,47.805872182286265,4.668,0.018,0.095,0.328,-0.403,-0.086,0.0,0.0,0.0,0.0,0.045,1.846,1.131,3.905,0.104,48.32257639885012,P165W
-1.445,3.635,5.378,0.012,0.332,0.045,0.964,-0.086,0.0,0.0,0.0,0.0,0.045,3.643,1.341,0.303,0.4,14.566879158015354,P165N
-2.368,12.774,0.434,0.034,0.058,0.248,-0.477,0.0,0.0,0.0,0.0,0.0,0.063,0.077,4.707,1.845,10.328,27.71934314859959,G166V
-1.877,10.973,0.703,0.002,0.014,0.056,-0.692,0.0,0.0,0.0,0.0,0.0,0.105,0.031,3.556,2.457,8.846,24.17178856444048,G166C
-1.445,7.136,2.024,0.028,0.069,-0.958,-0.779,0.0,0.0,0.0,-0.796,0.0,0.105,2.526,3.752,0.354,3.744,15.75876090416,G166T
-2.014,10.364,2.751,0.004,0.336,-0.331,-0.878,0.0,0.0,0.0,0.0,0.0,0.105,1.79,3.16,-2.944,3.988,16.33110830996725,G166D
-1.891,46.56354210550826,0.503,0.023,-0.323,0.269,0.849,-0.086,0.0,0.0,0.361,0.0,0.045,4.421,1.226,2.226,0.203,47.46369878635067,P165Y
0.123,6.967,-1.036,0.025,0.608,0.227,-0.825,0.0,0.0,0.0,0.0,0.0,0.105,2.578,3.275,-1.512,4.073,14.604339134269594,G166K
1.036,-1.702,10.388,-0.01,0.246,0.131,-0.745,0.0,0.0,0.0,0.0,0.0,0.0,2.343,0.308,-4.386,0.227,7.835076108684689,L163E
-2.947,11.411,0.794,0.046,0.264,-0.097,-0.465,0.0,0.0,0.0,0.0,0.0,0.105,3.246,3.516,0.421,3.74,20.030862782296023,G166F
-1.287,3.227,-0.843,0.035,-0.003,-0.014,-0.095,-0.086,0.0,0.0,0.0,0.0,0.005,2.607,1.367,4.286,0.317,9.51663184854192,P165V
-1.806,10.625,-0.412,0.024,0.257,0.346,-0.61,0.0,0.0,0.0,0.0,0.0,0.105,2.521,2.958,1.463,7.063,22.53146181395823,G166W
3.553,-0.474,-5.31,-0.019,-0.453,1.333,-0.641,0.0,0.0,0.0,0.0,0.0,0.0,-2.485,0.033,3.35,-0.083,-1.1977449378398433,R167C
-2.022,6.352,2.389,0.013,0.48,0.26,-1.27,0.0,0.0,0.0,0.0,-0.03,0.105,3.483,3.968,-3.522,5.239,15.443267978982476,G166E
-2.544,12.749,0.746,0.017,0.094,0.246,-0.605,0.0,0.0,0.0,0.0,0.0,0.105,0.133,4.012,0.864,5.523,21.33852191773553,G166L
-3.463,49.991462740209165,-1.704,0.001,-0.034,0.106,-0.416,35.399,0.0,1.761,0.0,0.0,0.065,0.496,7.576,-2.441,11.322,49.99878122218443,G166P
-2.719,12.565,0.683,0.051,0.127,0.146,-0.608,0.0,0.0,0.0,0.0,0.0,0.063,0.648,4.465,1.506,10.357,27.282778562671865,G166I
-1.738,5.974,0.948,0.02,0.947,0.024,-0.763,0.0,0.0,0.0,0.0,0.0,0.105,3.133,3.813,-2.249,5.482,15.693291274589685,G166Q
2.795,-2.78,7.822,-0.007,0.195,-0.997,0.188,0.0,0.0,0.0,-0.796,0.0,0.0,2.97,-0.365,-3.001,-0.372,5.651534198418403,L163N
4.526,3.606,4.521,-0.006,-0.035,-0.045,-0.053,0.0,0.0,0.0,0.0,0.0,0.0,-0.567,0.642,-0.509,0.853,12.932669969768083,L163T
-3.097,12.851,0.562,0.014,0.232,-0.033,-0.722,0.0,0.0,0.0,0.0,0.0,0.105,2.146,3.498,0.86,6.449,22.86202692795632,G166M
-2.821,11.883,0.727,0.037,0.271,-0.123,-0.436,0.0,0.0,0.0,0.0,0.0,0.105,2.898,3.213,-0.216,5.271,20.80682876820947,G166Y
-0.551,12.404,0.058,0.004,0.206,-0.093,-1.055,0.0,0.0,0.0,0.0,0.0,0.105,1.966,3.094,-2.138,3.384,17.381877869346454,G166N
-1.439,2.083,3.209,0.005,0.053,-1.053,-0.556,0.0,0.0,0.0,-0.965,0.0,0.105,0.968,3.165,-1.087,3.411,7.896299087238276,G166S
0.0,0.0,0.0,0.0,0.0,0.0,0.0,0.0,0.0,0.0,0.0,0.0,0.0,0.0,0.0,0.0,0.0,0.0,L163L
-0.253,46.40037354854375,-5.432,-0.02,-0.331,1.726,-0.455,12.496,0.845,0.0,0.0,0.0,0.115,0.465,0.438,-1.548,11.547,48.32314020250094,R167P
2.929,3.323,1.198,0.003,-0.05,0.232,0.094,0.0,0.0,0.0,0.0,0.0,0.01,-0.737,0.086,0.982,-0.055,8.01422264294888,L163V
-1.177,5.595,1.09,0.019,0.482,-0.448,-0.55,0.0,0.0,0.0,0.0,0.0,0.105,2.729,3.013,-0.893,3.48,13.443850410423464,G166R
-3.093,12.895,2.492,-0.009,0.013,-0.063,-0.431,0.0,0.0,0.0,-0.016,0.0,0.0,4.56,0.288,-0.004,0.572,17.20254906540822,L163M
5.218,-0.874,-3.586,-0.018,-0.4,0.969,0.587,0.0,0.0,0.0,0.796,-0.237,0.0,-0.568,0.31,-2.051,0.185,0.3273396983454404,R167D
-0.999,-0.785,7.483,-0.005,0.172,0.105,0.259,0.0,0.0,0.0,0.0,0.0,0.0,2.829,0.167,-3.112,0.208,6.32142096982011,L163Q
-8.146,36.641,11.832,-0.003,0.377,0.733,0.401,0.0,0.0,0.0,-0.016,0.0,0.0,4.829,0.234,-1.756,0.372,45.49870094669973,L163R
5.891,-0.52,-7.091,-0.019,-0.464,1.591,-0.314,0.0,0.0,0.0,0.0,0.0,0.0,-2.658,0.179,1.42,0.078,-1.909421415900852,R167A
-2.503,12.732,7.467,-0.008,0.293,-0.419,-0.8,0.0,0.0,0.0,-0.016,0.0,0.0,6.65,-0.116,-1.962,0.334,21.652644069635244,L163H
3.118,-1.499,-4.418,-0.005,-0.084,-0.142,2.065,0.0,0.0,0.0,1.502,0.467,0.0,-0.008,0.357,0.173,0.305,1.8308419828047136,T168A
4.056,-0.714,-3.541,-0.014,0.018,1.398,0.252,0.0,0.0,0.0,0.796,-1.028,0.0,0.139,0.068,-2.629,0.019,-1.1828317736512872,R167E
-1.98,-0.542,2.063,0.0,0.101,-0.748,1.34,0.0,0.0,0.0,1.502,0.467,0.0,2.509,0.155,-2.602,0.105,2.3685718351489413,T168Q
1.288,2.266,-6.756,-0.004,-0.43,1.462,-0.462,0.0,0.0,0.0,0.0,0.0,-0.006,-0.074,0.552,2.738,0.317,0.8881907229622357,R167V
-0.225,-1.263,0.48,0.005,0.591,-0.061,4.138,0.0,0.0,0.0,1.502,0.467,0.0,1.59,0.252,-3.876,0.231,3.8289627794622447,T168E
7.566,-0.715,-6.469,-0.02,-0.464,1.581,-0.361,0.0,0.0,0.0,0.0,0.0,-0.044,-2.658,0.427,0.893,0.569,0.3019426773735176,R167G
1.925,-0.488,-2.012,-0.012,0.118,0.302,0.049,0.0,0.0,0.0,0.0,0.0,0.0,-1.012,0.01,-1.356,-0.11,-2.58702454480931,R167Q
5.503,-0.684,-4.433,-0.017,-0.446,1.149,-0.454,0.0,0.0,0.0,0.0,0.0,0.0,-1.385,-0.045,-0.195,-0.076,-1.0858685476860046,R167S
-7.773,49.8438085763522,3.942,0.004,-0.008,1.813,6.354,0.0,0.0,0.0,2.282,4.23,0.0,3.32,0.029,2.63,0.057,49.92042396367197,E169R
0.038,2.296,-5.309,0.011,-0.389,1.162,-0.49,0.0,0.0,0.0,0.0,0.0,-0.006,0.116,0.69,2.399,0.601,1.116803119190081,R167I
2.948,-0.247,-6.78,0.027,-0.295,1.328,0.673,0.0,0.0,0.0,0.796,0.0,0.0,1.132,-0.116,1.313,-0.057,0.7194524527362773,R167F
-4.261,49.986885030251635,-2.228,0.031,0.131,-0.161,2.382,0.0,0.0,0.0,1.502,0.467,0.0,3.237,0.063,0.067,0.173,49.987600192199665,T168F
5.19,-0.164,-5.219,-0.002,-0.047,-1.103,5.174,0.0,0.0,0.0,2.282,4.23,0.0,-1.985,0.382,0.579,0.302,9.617122631763095,E169D
1.021,-0.467,-3.94,-0.009,-0.443,0.883,-0.454,0.0,0.0,0.0,0.0,0.0,0.0,-1.651,0.123,1.752,-0.114,-3.2998027291939707,R167M
0.628,1.125,-5.067,-0.001,-0.422,1.087,-0.288,0.0,0.0,0.0,0.0,0.0,0.0,-2.262,-0.199,1.757,-0.148,-3.790932030572321,R167L
2.893,-0.437,-3.869,-0.016,-0.338,1.352,-0.862,0.0,0.0,0.0,0.456,-0.788,0.0,-0.021,0.036,-0.206,0.026,-1.7783291591626949,R167H
2.485,-0.258,-1.405,-0.015,-0.233,1.382,-0.912,0.0,0.0,0.0,0.0,0.0,0.0,-0.936,0.129,-1.245,0.13,-0.8808465342531235,R167N
0.613,-0.053,0.987,-0.006,-0.293,1.457,-3.955,0.0,0.0,0.0,-0.235,0.0,0.0,-0.387,0.032,-0.619,-0.075,-2.5343636477659857,R167K
3.516,48.647875983751916,-10.807,-0.004,-0.296,-0.714,8.787,3.842,0.0,0.672,2.282,4.23,-0.005,-2.964,1.797,1.082,0.837,49.16734952682562,E169P
-2.672,35.131,2.444,0.017,-0.142,0.843,3.306,0.0,0.0,0.0,2.282,3.051,0.0,3.731,0.138,2.01,0.038,38.15384556536024,E169K
2.211,-0.786,-6.001,0.001,-0.278,0.918,1.104,0.0,0.0,0.0,0.796,0.0,0.0,0.52,-0.205,2.356,0.123,0.7559425781887512,R167W
2.771,-0.177,-6.329,0.029,-0.286,1.173,0.819,0.0,0.0,0.0,0.796,0.0,0.0,1.026,-0.066,0.677,-0.009,0.4214839355065578,R167Y
3.198,2.597,-3.557,-0.013,-0.385,1.26,-1.246,0.0,0.0,0.0,0.0,0.0,0.0,-1.95,0.033,1.247,-0.044,1.1381201105709806,R167T
-0.829,12.138,-4.637,0.019,-0.101,0.181,2.77,0.0,0.0,0.0,3.548,0.467,0.029,0.784,0.903,1.152,0.83,17.25497799790196,T168I
5.802,-1.514,-3.87,-0.006,-0.084,-0.087,1.924,0.0,0.0,0.0,1.502,0.467,-0.025,-0.008,0.499,-0.353,0.653,4.897642931227438,T168G
0.159,-1.365,-2.346,-0.004,-0.074,-0.159,1.489,0.0,0.0,0.0,1.502,0.467,0.0,0.22,0.144,2.103,0.094,2.230279038028584,T168C
2.703,-0.24,-3.463,0.006,0.11,0.426,1.786,0.0,0.0,0.0,0.967,0.0,0.0,1.076,0.077,-0.619,-0.009,2.817838479465081,R170K
-0.203,-0.108,3.737,-0.003,0.181,-0.633,3.842,0.0,0.0,0.0,1.502,0.467,0.0,1.962,0.425,-3.297,0.314,8.185574546060707,T168D
-0.013,-0.113,-0.925,-0.003,0.002,1.096,-0.24,0.0,0.0,0.0,0.796,0.0,0.0,-0.873,0.0,0.0,0.0,-0.2753676873455788,R167R
-3.087,27.502,-2.19,0.016,-0.026,-0.056,1.79,0.0,0.0,0.0,1.502,0.467,0.0,2.198,-0.015,0.51,0.078,28.689160657295133,T168L
-2.098,-0.885,-0.686,-0.002,-0.042,-0.122,1.759,0.0,0.0,0.0,1.502,0.467,0.0,1.457,0.313,0.506,0.099,2.2696520103074818,T168M
3.225,-0.476,-5.986,-0.008,-0.187,0.498,3.247,0.0,0.0,0.0,0.967,0.0,0.0,-1.389,0.331,3.35,0.627,4.195116796350476,R170C
-3.432,5.871,2.801,0.005,0.264,-1.05,2.248,0.0,0.0,0.0,0.706,0.467,0.0,3.899,0.183,-1.452,0.228,10.737963936461483,T168H
-2.05,1.399,2.554,0.001,0.03,0.062,0.317,0.0,0.0,0.0,1.502,0.467,0.0,0.865,0.171,-1.866,0.14,3.592291256646604,T168K
1.125,10.557,-6.089,0.011,-0.169,0.074,2.551,0.0,0.0,0.0,3.548,0.467,0.029,0.677,0.699,1.491,0.521,15.492767915878405,T168V
3.377,6.261,-4.84,0.007,1.206,-0.513,3.613,3.218,0.0,0.0,2.753,0.467,0.102,1.303,0.628,-2.795,1.111,15.897338295879536,T168P
-0.985,0.975,1.519,-0.002,0.138,-0.694,3.049,0.0,0.0,0.0,1.502,0.467,0.0,1.52,0.231,-2.492,0.264,5.491364218424678,T168N
-4.472,49.669549956809405,-1.864,0.015,0.135,-0.228,1.705,0.0,0.0,0.0,1.502,0.467,0.0,2.312,0.124,-0.569,0.226,49.66090308888021,T168Y
-6.22,46.368,0.718,0.023,0.205,-0.313,1.935,0.0,0.0,0.0,1.502,0.467,0.0,2.473,0.001,1.11,0.392,48.66096859004688,T168W
2.151,-0.445,0.66,-0.005,-0.008,0.058,0.395,0.0,0.0,0.0,-0.004,0.14,0.0,0.204,0.029,-1.441,0.047,1.780377965425032,T168S
-3.183,0.237,3.225,0.007,0.307,-0.049,0.503,0.0,0.0,0.0,1.502,0.467,0.0,1.406,0.182,-1.246,0.214,3.571108569772832,T168R
0.006,0.136,0.918,0.003,-0.003,-1.096,0.246,0.0,0.0,0.0,-0.795,0.0,0.0,0.873,0.0,0.0,0.0,0.2904583314252704,T168T
1.779,-0.603,-4.873,0.001,0.063,0.343,3.286,0.0,0.0,0.0,0.967,0.0,0.0,0.158,0.109,1.752,0.324,3.3055855565410184,R170M
0.02,49.29588659826895,-5.468,-0.008,-0.157,1.057,3.067,2.689,0.0,0.505,0.967,0.0,0.011,-0.574,2.163,-1.548,11.638,49.60231287639096,R170P
5.554,-0.32,-12.485,-0.005,-0.321,-0.958,7.552,0.0,0.0,0.0,2.282,4.23,0.0,-3.107,0.358,5.98,0.757,9.513929275351074,E169C
-4.873,49.99999999998509,-9.051,0.037,-0.07,-0.061,6.756,0.0,0.0,0.0,2.282,4.23,0.0,2.295,-0.084,3.307,0.157,49.99999999998776,E169Y
1.357,-0.171,-4.353,0.027,0.787,0.533,2.23,0.0,0.0,0.0,0.967,0.0,0.0,1.093,0.025,2.356,0.15,4.997523582349004,R170W
-3.543,49.99999999375815,-12.455,0.036,-0.081,-0.116,6.515,0.0,0.0,0.0,2.282,4.23,0.0,2.079,-0.135,3.943,0.164,49.999999994445474,E169F
2.886,-0.643,-4.169,0.028,0.656,0.646,2.159,0.0,0.0,0.0,0.967,0.0,0.0,1.526,0.115,0.677,0.16,5.007018529442576,R170Y
3.138,-0.649,-4.84,0.029,0.646,0.654,2.143,0.0,0.0,0.0,0.967,0.0,0.0,1.513,0.057,1.313,0.165,5.133890165183402,R170F
3.933,-0.809,-3.362,-0.001,0.622,0.641,2.707,0.0,0.0,0.0,0.967,-1.523,0.0,1.833,0.59,-1.245,0.526,4.87598228636034,R170N
4.707,-0.967,-2.799,-0.003,0.666,0.649,0.793,0.0,0.0,0.0,0.967,-1.395,0.0,1.944,0.329,-2.051,0.174,3.010062311425145,R170D
3.84,0.362,-7.411,0.0,-0.087,-1.129,8.57,0.0,0.0,0.0,2.282,4.23,0.0,-2.272,0.696,1.385,0.611,11.073973466992811,E169N
0.0,0.0,0.0,0.0,0.0,0.0,0.0,0.0,0.0,0.0,0.0,0.0,0.0,0.0,0.0,0.0,0.0,0.0,E169E
3.977,-0.946,-2.918,0.006,0.718,1.416,1.997,0.0,0.0,0.0,0.967,-1.948,0.0,1.544,-0.13,-2.629,-0.074,1.9774070073290204,R170E
-10.202,49.99998524177438,-8.268,0.018,0.121,-0.139,8.348,0.0,0.0,0.0,2.282,4.23,0.0,4.401,-0.096,4.986,0.17,49.99998831990619,E169W
0.433,44.09574749841402,-14.208,0.024,-0.225,-0.476,8.256,5.716,0.0,0.0,2.282,4.23,-0.028,-0.887,-0.239,5.029,0.326,45.99917848010022,E169I
12.329,-0.774,-13.424,-0.006,-0.332,-0.936,8.048,0.0,0.0,0.0,2.282,4.23,-0.023,-3.335,0.648,3.523,0.903,13.12902614899349,E169G
2.261,1.618,-6.807,0.012,-0.144,0.391,3.5,0.0,0.0,0.0,0.967,0.0,-0.078,-1.517,-0.151,2.738,0.152,2.9379973598854576,R170V
0.0,0.0,0.0,0.0,0.0,0.0,0.0,0.0,0.0,0.0,0.0,0.0,0.0,0.0,0.0,0.0,0.0,0.0,R170R
7.615,-0.975,-7.418,-0.01,-0.2,0.876,3.473,0.0,0.0,0.0,0.967,0.0,0.008,-1.512,0.64,0.893,0.882,5.236704148055424,R170G
6.113,-0.969,-7.461,-0.009,-0.2,0.655,3.617,0.0,0.0,0.0,0.967,0.0,0.0,-1.512,-0.084,1.42,0.081,2.615354450151699,R170A
5.143,-1.087,-4.598,0.003,0.913,1.349,2.139,0.0,0.0,0.0,0.967,-1.365,0.0,1.151,0.115,-0.206,0.165,4.688388411555252,R170H
0.657,0.116,-5.385,0.021,-0.135,-0.043,3.595,0.0,0.0,0.0,0.967,0.0,-0.078,-1.133,-0.252,2.399,0.24,0.9652806141882592,R170I
1.757,0.053,-2.352,0.001,0.414,0.719,2.998,0.0,0.0,0.0,-0.208,0.0,0.0,0.035,0.012,-1.356,0.154,2.2246842964138978,R170Q
5.375,-0.969,-4.265,-0.009,-0.175,0.541,2.944,0.0,0.0,0.0,0.967,0.0,0.0,-1.106,0.37,-0.195,0.333,3.80857533102926,R170S
3.95,43.550627976114306,-15.087,0.014,-0.238,-0.882,8.05,5.716,0.0,0.0,2.282,4.23,-0.028,-1.345,-0.107,5.368,0.218,45.930300801813914,E169V
9.466,-0.444,-14.282,-0.005,-0.332,-0.868,7.948,0.0,0.0,0.0,2.282,4.23,0.0,-3.335,-0.03,4.05,0.143,8.820268861406703,E169A
3.025,-0.732,-5.528,0.012,0.133,0.719,3.689,0.0,0.0,0.0,0.967,0.0,0.0,-0.533,-0.187,1.757,0.105,3.4227921263520784,R170L
3.794,-0.926,-4.252,0.003,-0.133,0.369,2.866,0.0,0.0,0.0,0.967,0.0,0.0,-1.471,0.102,1.247,0.313,2.8752527823396576,R170T
-1.587,49.99385214042604,-5.531,-0.001,0.122,-1.11,7.578,0.0,0.0,0.0,2.282,4.23,0.0,1.324,0.065,2.424,0.238,49.995883868554436,E169H
-2.04,39.634,-10.866,-0.001,-0.33,0.342,8.11,0.0,0.0,0.0,2.282,4.23,0.0,-0.602,0.146,4.382,0.411,45.69571264053821,E169M
-0.99,0.681,-3.389,0.009,-0.102,-0.19,4.576,0.0,0.0,0.0,1.112,0.415,0.0,1.0,0.154,1.274,0.261,4.808159879144796,E169Q
-0.155,30.824,-13.617,0.007,-0.264,-0.727,7.792,0.0,0.0,0.0,2.282,4.23,0.0,-2.446,-0.11,4.386,0.164,32.36537460180307,E169L
4.978,47.56554144583664,-11.277,0.008,-0.266,-1.158,8.309,0.0,0.0,0.0,2.282,4.23,0.0,-2.622,0.135,3.877,0.339,48.27764764622771,E169T
8.724,-0.52,-9.918,-0.005,-0.309,-1.505,7.61,0.0,0.0,0.0,2.282,4.23,0.0,-2.869,0.434,2.435,0.419,11.006177413200705,E169S
3.089,-1.417,-4.277,-0.005,-0.183,-0.067,1.856,0.0,0.0,0.0,2.047,0.466,0.0,-2.551,-0.16,2.776,-0.158,1.4140270050229446,Q171A
1.757,-0.885,-2.689,-0.004,-0.17,-0.061,1.812,0.0,0.0,0.0,2.047,0.466,0.0,-2.427,0.341,4.706,0.465,5.35686531403735,Q171C
-1.725,49.996277154721184,-2.746,-0.004,-0.146,0.017,2.58,2.539,0.0,0.0,3.549,0.466,0.006,-2.418,1.861,-0.192,11.269,49.99796108366214,Q171P
1.395,-1.279,-0.783,0.001,0.084,-0.467,1.872,0.0,0.0,0.0,2.047,0.466,0.0,-1.545,0.577,0.111,0.364,2.8418550345541007,Q171N
0.0,-0.935,-5.533,0.012,0.09,-0.395,2.98,0.0,0.0,0.0,2.047,0.466,0.0,-0.671,0.065,3.712,-0.035,1.8025182214191773,Q171W
0.038,-0.032,-0.48,0.005,0.018,-0.275,2.669,0.0,0.0,0.0,2.047,0.466,0.0,-1.0,-0.022,1.357,-0.182,4.607238168308413,Q171R
0.319,-0.046,1.367,-0.001,0.072,0.265,-1.714,0.0,0.0,0.0,0.366,-0.447,0.0,1.136,-0.125,-1.273,-0.272,-0.3558970710423637,Q171E
4.677,-1.573,-6.946,0.013,-0.054,-0.55,3.383,0.0,0.0,0.0,2.047,0.466,0.0,-0.328,0.086,2.67,0.013,3.902552475675293,Q171F
1.809,-1.218,0.065,-0.002,0.13,-0.594,-0.237,0.0,0.0,0.0,2.047,0.466,0.0,-1.266,0.312,-0.694,0.015,0.8302760820915864,Q171D
4.871,-1.446,-4.257,-0.006,-0.183,-0.065,1.583,0.0,0.0,0.0,2.047,0.466,-0.012,-2.551,0.622,2.249,0.688,4.004719890171373,Q171G
4.653,-1.578,-6.435,0.013,-0.045,-0.753,3.393,0.0,0.0,0.0,2.047,0.466,0.0,-0.282,0.141,2.034,-0.012,3.640585814112683,Q171Y
0.313,0.432,-2.5,0.012,-0.102,-0.192,2.188,0.0,0.0,0.0,2.047,0.466,0.0,-2.254,-0.169,3.113,-0.052,3.30011778440462,Q171L
0.0,0.0,0.0,0.0,0.0,0.0,0.0,0.0,0.0,0.0,0.0,0.0,0.0,0.0,0.0,0.0,0.0,0.0,Q171Q
0.699,-1.186,-0.906,0.002,0.159,-0.488,1.376,0.0,0.0,0.0,2.047,0.466,0.0,-0.224,0.163,1.151,0.026,3.2823769522506154,Q171H
2.719,-1.408,-1.702,-0.005,-0.157,-0.091,1.538,0.0,0.0,0.0,2.047,-0.26,0.0,-2.117,0.375,1.162,0.148,2.245173946518662,Q171S
5.073,-1.62,-5.385,0.002,-0.315,0.136,2.19,0.0,0.0,0.0,2.047,-0.222,0.0,-1.982,0.172,2.603,0.155,2.850953860269101,Q171T
1.487,-0.515,-3.99,0.028,0.315,-0.397,2.028,0.0,0.0,0.0,1.252,0.466,-0.058,-0.835,-0.172,3.755,0.106,3.467905244990334,Q171I
-0.286,-0.046,-1.594,0.002,-0.171,-0.282,1.93,0.0,0.0,0.0,2.047,0.466,0.0,-1.423,0.088,3.109,0.161,3.999406976727414,Q171M
4.201,2.943,-6.777,0.011,-0.327,0.25,2.79,0.0,0.0,0.0,2.047,0.466,-0.058,-2.028,-0.062,4.094,0.004,7.55304811008682,Q171V
3.231,-0.442,-3.746,0.008,0.04,-0.109,2.479,0.0,0.0,0.0,1.799,0.466,0.0,0.99,0.079,0.737,-0.184,5.346843137546557,Q171K
-3.204,49.976357427384706,-0.585,-0.006,-0.131,0.199,1.244,3.271,0.891,0.0,-0.223,0.326,0.003,0.311,2.432,-1.548,11.888,49.98695372222411,R174P
1.392,-0.747,2.891,-0.016,-0.04,0.0,-0.674,0.0,0.0,0.0,0.0,0.0,0.052,0.229,0.597,0.612,0.593,4.8886710673855305,V172C
0.205,0.044,0.468,-0.005,0.072,-0.139,1.016,0.0,0.0,0.0,0.0,0.0,0.0,1.188,-0.157,-2.629,-0.079,-0.0170125923516479,R174E
-2.399,1.823,1.69,0.018,0.054,-1.06,0.158,0.0,0.0,0.0,-0.795,0.0,0.0,2.637,-0.117,-0.339,0.071,1.739422135544146,V172I
1.267,-0.952,9.344,-0.011,0.222,-0.3,-2.458,0.0,0.0,0.0,0.0,-0.923,0.052,2.232,0.638,-4.788,0.12,4.443022422256718,V172D
0.038,0.054,0.101,-0.004,-0.01,-0.085,0.382,0.0,0.0,0.0,0.0,0.0,0.0,0.788,0.038,-1.356,0.071,0.0175429057944711,R174Q
-0.975,-0.144,-0.349,0.038,0.029,-0.122,0.438,0.0,0.0,0.0,0.0,0.0,0.0,1.569,0.019,1.313,0.12,1.9358878597997773,R174F
0.507,0.0,1.571,-0.007,0.109,-0.194,1.76,0.0,0.0,0.0,0.0,0.0,0.0,-0.236,0.15,-2.051,0.036,1.6431589894637,R174D
0.077,-0.013,-0.085,-0.004,-0.08,-0.013,0.246,0.0,0.0,0.0,0.0,0.0,0.0,-0.456,-0.013,-0.619,-0.041,-1.0046969431675734,R174K
-0.087,1.23,7.121,-0.009,0.194,-0.51,-0.66,0.0,0.0,0.0,0.0,-1.044,0.052,1.463,0.922,-3.983,0.432,5.119657007450542,V172N
4.567,-1.025,2.337,-0.01,-0.076,-1.064,0.179,0.0,0.0,0.0,-0.795,0.0,0.052,1.597,0.319,-1.318,0.086,4.849771909331594,V172A
-8.17,49.73476146430478,-0.932,0.164,0.458,-0.118,-0.488,0.0,0.0,0.0,0.0,0.0,0.052,12.192,0.149,-1.424,-0.018,49.753774516521375,V172F
1.693,-0.161,-2.111,-0.01,-0.203,0.19,0.473,0.0,0.0,0.0,0.0,0.0,0.0,-1.452,0.128,1.42,0.186,0.1533638417420206,R174A
0.476,-0.139,-1.029,-0.009,-0.19,0.043,-0.161,0.0,0.0,0.0,0.0,0.0,0.0,-1.303,0.393,3.35,0.577,2.006527493670092,R174C
-2.834,7.48,-2.641,0.001,-0.019,0.279,0.386,0.0,0.0,0.0,0.0,0.0,0.0,1.564,0.034,3.545,0.312,8.105525772012697,S173C
-1.214,-0.122,-0.192,0.034,0.045,-0.116,0.316,0.0,0.0,0.0,0.0,0.0,0.0,1.458,0.087,0.677,0.13,1.1002937585703876,R174Y
0.265,-0.003,0.735,-0.004,0.063,-0.359,0.778,0.0,0.0,0.0,0.0,0.0,0.0,-0.619,0.465,-1.245,0.414,0.4875127083639654,R174N
2.73,-0.166,-2.107,-0.011,-0.203,0.191,0.464,0.0,0.0,0.0,0.0,0.0,0.024,-1.452,0.787,0.893,0.891,2.039759072667266,R174G
6.525,-1.155,3.597,-0.011,-0.076,-1.206,0.055,0.0,0.0,0.0,-0.795,0.0,0.054,1.597,0.871,-1.844,0.78,8.390753412392769,V172G
-1.053,0.469,-0.898,-0.004,-0.134,-0.019,0.313,0.0,0.0,0.0,0.0,0.0,0.0,-0.084,0.159,1.752,0.303,0.8033032103248843,R174M
-0.571,-0.004,0.563,-0.006,0.215,-0.262,-0.175,0.0,0.0,0.0,0.0,0.0,0.0,1.068,0.018,-0.206,0.071,0.7103093753212306,R174H
-9.425,49.99968021862917,7.561,0.033,0.666,-0.334,0.215,0.0,0.0,0.0,0.564,0.326,0.0,3.959,-0.089,-0.011,-0.014,49.99972144297476,S173H
0.223,0.697,-1.437,0.012,-0.147,0.124,0.303,0.0,0.0,0.0,0.0,0.0,-0.097,-1.449,-0.236,2.738,0.05,0.780662796153365,R174V
-0.935,10.333,1.121,0.003,0.253,-0.462,1.132,0.0,0.0,0.0,0.741,-0.253,0.052,2.979,0.425,-0.985,0.252,14.654354521130244,V172M
-7.866,49.600074535131135,9.855,0.002,0.24,0.736,-1.053,5.716,0.0,0.0,-0.262,-0.698,0.0,4.77,-0.548,-2.434,-0.357,49.710402783834105,S173E
-12.086,49.999999999933046,-1.082,0.013,0.21,0.198,-0.472,0.0,0.0,0.0,0.0,-0.314,0.0,5.238,-0.304,1.947,0.08,49.99999999991291,S173M
-9.163,49.999900599240945,-3.431,0.008,0.106,0.414,-0.592,5.716,0.0,0.0,0.0,-0.314,0.0,4.222,-0.523,1.952,-0.091,49.99989361227552,S173L
-0.367,0.03,-0.805,0.022,-0.125,-0.042,0.428,0.0,0.0,0.0,0.0,0.0,-0.097,-1.258,-0.317,2.399,0.099,-0.0346052175937074,R174I
-1.186,49.50389279328898,4.12,-0.015,-0.032,0.142,-0.194,22.827,0.847,0.0,0.0,0.0,0.086,0.971,2.493,-4.286,11.521,49.887951323082696,V172P
-0.22,0.219,-0.43,0.006,-0.126,-0.01,0.236,0.0,0.0,0.0,0.0,0.0,0.0,-1.459,-0.168,1.757,0.045,-0.1511940820171275,R174L
0.0,0.0,0.0,0.0,0.0,0.0,0.0,0.0,0.0,0.0,0.0,0.0,0.0,0.0,0.0,0.0,0.0,0.0,R174R
-6.846,41.99538380413631,6.322,0.03,0.695,0.084,-3.745,0.0,0.0,0.0,0.564,0.022,0.0,4.416,-0.292,-0.425,-0.254,42.16193518433815,S173K
-8.789,49.999999997363645,-0.692,0.109,0.403,1.833,1.343,0.0,0.0,0.0,0.564,-1.088,0.0,8.882,-0.04,1.508,0.008,49.99999999775706,S173F
1.051,0.153,-5.015,-0.001,-0.046,0.157,0.425,0.0,0.0,0.0,0.0,0.0,0.0,-1.03,-0.556,1.615,-0.311,-3.560161064429621,S173A
3.999,-0.362,-3.965,-0.002,-0.046,0.121,0.349,0.0,0.0,0.0,0.0,0.0,-0.018,-1.03,0.248,1.088,0.566,0.9444828937482724,S173G
1.424,-0.161,-0.229,-0.009,-0.177,-0.017,-0.354,0.0,0.0,0.0,0.0,0.0,0.0,-1.061,0.386,-0.195,0.323,-0.0720576526255172,R174S
-2.28,49.10883122579874,7.569,0.017,1.188,0.44,0.472,0.0,0.0,0.0,0.0,-0.194,0.052,8.113,0.319,-2.737,-0.076,49.46576333689709,V172R
-9.628,49.992979073051714,5.513,0.008,0.203,0.067,-3.266,5.716,0.0,0.0,-0.526,-0.698,0.0,6.316,-0.45,-1.161,-0.08,49.99352218373227,S173Q
-2.588,1.274,-4.795,0.028,-0.025,1.807,1.619,0.0,0.0,0.0,0.795,0.0,0.0,0.716,-0.035,3.943,0.174,2.911822752824037,E175F
2.96,0.997,5.892,-0.004,0.611,-0.017,3.153,0.0,0.0,0.0,0.0,0.0,0.052,5.734,0.23,-5.367,-0.116,14.125845098066748,V172E
0.0,0.0,0.0,0.0,0.0,0.0,0.0,0.0,0.0,0.0,0.0,0.0,0.0,0.0,0.0,0.0,0.0,0.0,V172V
-4.727,38.292,10.188,-0.003,0.294,1.342,-0.365,0.0,0.0,0.0,0.0,-0.314,0.0,6.408,-0.123,-1.856,-0.096,49.03931273338162,S173D
-8.941,49.978099566379505,-4.181,0.029,0.067,0.065,0.226,5.716,0.0,0.0,0.0,0.326,-0.056,2.065,-0.319,2.594,0.051,49.97592953531536,S173I
-5.736,47.90597596750015,-4.854,0.021,0.012,-0.009,0.339,0.0,0.0,0.0,0.0,0.0,-0.056,-0.153,-0.238,2.933,-0.029,47.163828403914636,S173V
1.621,-0.086,3.515,-0.002,0.003,-1.379,-0.426,0.0,0.0,0.0,-0.795,0.0,0.052,1.239,0.303,-1.491,0.17,2.722898849650392,V172T
-2.837,4.017,9.602,-0.004,0.559,-0.753,-0.39,0.0,0.0,0.0,-0.839,0.0,0.052,4.867,0.422,-4.093,0.076,10.67669830779414,V172Q
-5.725,39.87561692498619,13.918,0.005,0.461,-0.775,-1.564,0.0,0.0,0.0,-0.795,0.0,0.052,5.159,0.37,-3.357,-0.109,42.33665460033779,V172K
-6.447,43.82683945899228,6.357,-0.001,0.312,1.275,-0.439,0.0,0.0,0.0,0.0,-0.458,0.0,6.156,0.077,-1.05,0.264,45.087234200296486,S173N
-1.74,-0.154,-0.235,0.015,0.11,-0.141,0.515,0.0,0.0,0.0,0.0,0.0,0.0,0.82,0.075,2.356,0.169,1.7882474248740436,R174W
-0.378,6.995,-2.59,-0.007,-0.17,0.287,0.625,0.0,0.0,0.0,0.0,0.0,0.052,3.834,0.108,-0.981,-0.014,7.759256818523909,V172L
-1.785,20.695,4.334,-0.022,0.187,0.071,0.086,0.0,0.0,0.0,0.0,0.0,0.052,7.518,0.251,-2.943,0.008,28.451138748820767,V172H
-13.099,49.99999996524804,1.726,0.001,0.298,-0.807,2.364,0.0,0.0,0.0,0.0,0.0,0.052,9.578,0.124,-0.381,0.047,49.99999996511164,V172W
1.135,-0.041,-0.254,-0.002,-0.087,0.051,0.977,0.0,0.0,0.0,0.0,0.0,0.0,-1.709,0.718,1.385,0.602,2.772494742175695,E175N
-6.004,49.98282604983081,-2.562,0.003,-0.007,0.254,0.33,7.26,1.238,0.0,0.0,0.0,0.023,0.328,1.232,-1.353,10.828,49.98918638926785,S173P
3.946,-1.025,5.567,-0.01,-0.053,-1.378,-0.556,0.0,0.0,0.0,-0.795,0.0,0.052,2.053,0.651,-2.932,0.281,5.79976258875422,V172S
1.078,-0.16,-0.233,0.003,-0.135,-0.081,-0.474,0.0,0.0,0.0,0.0,0.0,0.0,-1.381,0.087,1.247,0.252,0.202785532538428,R174T
0.605,49.71250474039816,-5.424,-0.013,-0.493,1.979,1.452,20.784,1.014,0.0,0.795,0.0,0.018,-3.002,2.063,1.082,11.424,49.92079594600948,E175P
-2.704,0.066,0.981,0.026,0.636,-0.254,-0.24,0.0,0.0,0.0,0.0,0.0,0.0,0.901,-0.041,0.337,0.075,-0.2194151629812495,A178L
-0.008,-0.133,-0.921,-0.004,0.003,1.096,-0.246,0.0,0.0,0.0,0.795,0.0,0.0,-0.874,0.0,0.0,0.0,-0.2911502971678601,E175E
2.484,-0.262,-7.098,0.012,-0.467,1.448,1.411,0.0,0.0,0.0,0.795,0.0,0.02,-3.033,-0.245,5.029,0.296,0.386108943469253,E175I
-8.675,43.48759540149313,8.438,0.029,0.713,0.567,-1.912,0.0,0.0,0.0,-0.061,0.326,0.0,4.492,-0.398,0.195,-0.235,44.28499875179306,S173R
-4.141,47.052,-0.941,0.001,0.001,0.066,-0.548,0.0,0.0,0.0,0.0,-0.698,0.0,1.078,-0.057,1.442,0.133,43.38492425376626,S173T
2.676,-0.171,-4.574,-0.01,-0.339,1.679,1.209,0.0,0.0,0.0,0.795,0.0,0.0,-3.62,-0.002,4.05,0.153,1.843297139570268,E175A
1.213,-0.057,-3.145,-0.009,-0.328,1.838,0.501,0.0,0.0,0.0,0.795,0.0,0.0,-3.437,0.381,5.98,0.735,4.465333579544904,E175C
-7.225,49.86438657021832,-0.678,0.042,0.76,0.367,0.698,0.0,0.0,0.0,0.0,0.0,0.0,2.982,0.006,0.872,-0.039,49.85184066116719,S173Y
1.171,-0.04,-3.767,0.007,0.299,1.94,1.514,0.0,0.0,0.0,0.795,0.0,0.0,-1.282,0.162,2.01,0.042,2.850958467822693,E175K
-1.057,49.636751791923956,-4.772,-0.003,-0.227,0.273,2.387,11.632,0.897,0.0,0.564,0.325,-0.018,-2.088,2.045,1.082,3.279,49.7947956352817,E177P
-1.222,0.002,2.143,0.005,0.256,-0.5,-0.068,0.0,0.0,0.0,0.0,0.0,0.0,1.009,0.73,-2.665,0.499,0.1869594358709037,A178N
0.0,0.0,0.0,0.0,0.0,0.0,0.0,0.0,0.0,0.0,0.0,0.0,0.0,0.0,0.0,0.0,0.0,0.0,S173S
-12.441,49.99994730712659,3.388,0.035,0.442,0.704,0.209,3.091,0.0,0.0,0.564,0.326,0.0,6.07,-0.095,2.551,-0.109,49.999956392892024,S173W
-0.749,0.773,-2.426,-0.006,0.251,1.536,0.624,0.0,0.0,0.0,0.795,0.0,0.0,-1.465,0.112,2.424,0.218,2.0853851442284395,E175H
-1.672,0.025,4.536,0.014,0.922,0.488,-5.735,0.0,0.0,0.0,0.0,-0.281,0.0,2.783,0.217,-2.039,-0.049,-0.7933593864909199,A178K
1.465,-0.115,-0.527,-0.007,-0.036,1.41,-0.364,0.0,0.0,0.0,0.795,0.0,0.0,-1.906,0.425,0.579,0.279,1.997120663108717,E175D
-1.391,0.12,2.547,0.004,0.263,-0.298,0.729,0.0,0.0,0.0,0.0,0.0,0.0,2.531,0.016,-4.049,-0.128,0.3414776958684342,A178E
-0.279,1.005,-4.464,0.006,-0.158,1.522,1.274,0.0,0.0,0.0,0.795,0.0,0.0,-2.98,-0.104,4.386,0.155,1.1567801994181082,E175L
-0.58,-0.111,-1.967,-0.003,-0.117,0.935,0.967,0.0,0.0,0.0,0.795,0.0,0.0,-0.696,0.157,1.274,0.24,0.8932165715486917,E175Q
1.057,-0.16,-6.569,-0.01,-0.477,1.418,1.263,0.0,0.0,0.0,0.795,0.0,0.0,-1.515,0.179,4.382,0.397,0.7617318751147195,E175M
2.383,-0.171,-2.318,-0.01,-0.316,1.399,0.451,0.0,0.0,0.0,0.795,0.0,0.0,-3.184,0.445,2.435,0.415,2.3236145437658706,E175S
4.033,-0.178,-4.128,-0.011,-0.339,1.595,1.063,0.0,0.0,0.0,0.795,0.0,0.001,-3.62,0.677,3.523,0.921,4.330323095924314,E175G
-7.535,49.576159142419776,4.478,0.031,0.278,0.254,0.221,0.0,0.0,0.0,-0.658,-0.253,0.052,7.628,0.214,-2.06,0.011,49.618766484539485,V172Y
0.466,-0.173,-3.397,0.011,0.373,2.004,1.697,0.0,0.0,0.0,0.795,0.0,0.0,-1.012,0.071,2.63,0.055,3.519532843908109,E175R
9.265,-1.23,-0.831,-0.016,-0.077,-0.099,0.396,0.0,0.0,0.0,0.0,0.0,0.012,-0.267,0.837,-0.863,0.772,7.896908679593253,L179G
1.19,-0.121,-3.119,-0.001,-0.275,1.398,0.297,0.0,0.0,0.0,0.795,0.0,0.0,-3.611,0.14,3.877,0.344,0.910767147869592,E175T
-0.989,0.017,2.799,0.002,0.3,-0.344,0.846,0.0,0.0,0.0,0.0,0.0,0.0,1.303,0.461,-3.47,0.151,1.0749806518683729,A178D
-0.354,0.066,-1.814,0.009,0.24,0.53,2.605,0.0,0.0,0.0,0.564,0.325,0.0,0.646,0.087,2.63,0.073,5.606155841923282,E177R
0.0,0.0,0.0,0.0,0.0,0.0,0.0,0.0,0.0,0.0,0.0,0.0,0.0,0.0,0.0,0.0,0.0,0.0,A178A
0.135,0.313,-2.603,0.011,-0.289,0.36,0.774,0.0,0.0,0.0,0.0,0.0,0.02,-2.77,-0.12,5.368,0.199,1.395548916873622,E175V
-0.77,41.44107360999495,-5.981,0.028,-0.187,0.105,2.753,0.0,0.0,0.0,0.564,0.325,-0.108,-1.393,-0.154,5.029,0.341,41.61166123492984,E177I
-1.026,0.037,1.01,0.0,0.012,-0.045,-0.722,0.0,0.0,0.0,0.0,0.0,0.0,0.128,0.467,1.93,0.603,2.393133056245688,A178C
0.343,18.12,0.878,0.059,0.037,-0.173,-0.125,0.0,0.0,0.0,0.0,0.0,-0.093,2.807,-0.117,0.643,0.123,22.501024177378213,L176I
-4.677,49.90609290402882,1.291,0.001,0.028,0.129,-0.112,2.189,1.013,0.0,-0.061,-0.087,0.01,0.515,2.097,-2.968,11.613,49.93945396951047,A178P
-1.499,0.477,-4.687,0.034,0.117,1.857,0.909,0.0,0.0,0.0,0.795,0.0,0.0,1.33,0.022,3.307,0.175,2.8350703563939987,E175Y
-1.577,0.005,1.327,0.009,0.03,-0.074,-0.345,0.0,0.0,0.0,0.0,0.0,0.0,1.753,0.23,0.333,0.294,1.9815882868419976,A178M
6.778,-0.75,-1.849,-0.015,-0.077,0.131,0.319,0.0,0.0,0.0,0.0,0.0,0.0,-0.267,0.096,-0.336,-0.043,3.985635828119485,L179A
1.16,-0.052,0.043,-0.001,0.0,-0.158,-0.01,0.0,0.0,0.0,0.0,0.0,-0.004,0.0,0.76,-0.526,0.83,2.037835035186617,A178G
-1.567,49.99883947340927,-7.044,0.144,0.111,0.103,2.973,0.0,0.0,0.0,0.564,0.325,0.0,3.601,0.082,3.943,0.231,49.99898967334639,E177F
-1.831,0.352,2.125,0.006,0.519,0.257,-0.892,0.0,0.0,0.0,0.0,-1.123,0.0,3.19,0.272,-1.625,0.148,1.3965696259097058,A178H
4.647,-0.066,-6.526,-0.004,-0.262,0.162,2.787,0.0,0.0,0.0,0.564,0.325,0.0,-2.554,-0.021,4.05,0.136,3.2352980501120783,E177A
-0.269,0.021,1.753,0.0,0.024,-0.17,-1.082,0.0,0.0,0.0,0.0,0.0,0.0,0.421,0.509,-1.614,0.29,-0.1194411513508839,A178S
-1.726,45.476,-5.822,0.013,-0.187,0.167,3.016,0.0,0.0,0.0,0.564,0.325,0.0,-1.134,-0.075,4.386,0.189,45.18981026325128,E177L
-2.933,-0.006,1.187,0.039,0.636,-0.207,-0.194,0.0,0.0,0.0,0.0,0.0,-0.052,0.725,-0.078,0.979,0.227,0.3195641441473071,A178I
-0.933,-0.001,1.929,0.009,0.065,-0.252,-1.258,0.0,0.0,0.0,0.0,0.0,0.0,0.046,0.274,-0.173,0.28,-0.0148558799974125,A178T
-1.967,0.032,1.152,0.046,0.218,-0.203,0.262,0.0,0.0,0.0,0.0,0.0,0.0,2.881,0.187,-0.106,0.133,2.632193518679742,A178F
1.338,-0.855,0.605,0.002,0.048,-0.008,-0.179,0.0,0.0,0.0,0.564,-0.194,0.0,-0.187,0.435,0.579,0.285,2.4311609206761204,E177D
-0.437,0.152,-1.878,0.01,-0.028,-0.189,0.649,0.0,0.0,0.0,-0.337,0.045,0.0,2.075,0.141,1.274,0.257,1.731770956432911,E177Q
6.354,-1.071,-5.637,-0.005,-0.26,-0.007,2.65,0.0,0.0,0.0,0.564,0.325,-0.017,-2.204,0.718,3.523,0.946,5.877225255972462,E177G
-1.529,0.128,1.962,0.009,0.195,-0.098,-0.638,0.0,0.0,0.0,0.0,0.0,0.0,1.549,0.122,-1.419,-0.046,0.2328148563772174,A178R
-4.143,44.56033181967895,0.356,0.007,0.06,0.008,3.975,0.0,0.0,0.0,0.564,0.325,0.0,1.286,0.2,2.424,0.26,45.55683959475493,E177H
-1.654,0.281,-4.079,0.004,-0.195,0.238,2.336,0.0,0.0,0.0,0.564,0.325,0.0,-0.647,0.196,4.382,0.416,2.165303495145963,E177M
1.18,-0.553,-6.473,0.01,-0.231,1.135,2.649,0.0,0.0,0.0,0.795,0.0,0.0,-0.141,-0.04,4.986,0.188,3.5035516932539394,E175W
-2.933,21.587,2.317,-0.009,0.062,0.101,0.003,0.0,0.0,0.0,0.0,0.0,0.0,1.636,0.308,-0.004,0.23,23.299634611290458,L176M
0.197,-0.563,-1.274,0.004,-0.001,-0.201,2.743,0.0,0.0,0.0,0.564,-0.464,0.0,-0.836,0.717,1.385,0.622,2.89005287734949,E177N
1.568,-0.054,-5.376,-0.001,-0.247,0.302,1.943,0.0,0.0,0.0,0.564,0.325,0.0,-2.055,0.421,5.98,0.739,4.10772192067725,E177C
1.022,42.67496202444762,-7.016,0.02,-0.206,0.233,2.529,0.0,0.0,0.0,0.564,0.325,-0.108,-1.516,-0.036,5.368,0.24,43.050529364207655,E177V
2.867,-0.397,5.762,-0.009,0.696,-0.177,1.118,0.0,0.0,0.0,0.0,0.0,0.0,2.703,0.04,-4.386,-0.189,8.027479631492042,L179E
-2.071,0.039,1.151,0.042,0.235,-0.198,0.099,0.0,0.0,0.0,0.0,0.0,0.0,2.768,0.243,-0.742,0.116,1.6803236066655245,A178Y
2.455,42.733,-1.72,0.005,0.366,0.853,1.32,0.0,0.0,0.0,0.0,-0.078,-0.073,3.944,0.072,0.982,0.052,38.45640147833097,L179V
-2.898,0.036,1.345,0.024,0.306,-0.287,0.388,0.0,0.0,0.0,0.0,0.0,0.0,2.336,0.164,0.937,0.102,2.4504211100104385,A178W
4.823,7.871,4.278,-0.009,-0.099,-0.056,-1.131,0.0,0.0,0.0,0.0,0.0,0.0,0.007,0.258,-0.509,0.202,15.633641706864182,L176T
-1.351,-0.002,2.486,0.009,0.88,-0.028,-1.797,0.0,0.0,0.0,0.0,-0.001,0.0,2.331,0.148,-2.775,0.131,0.0295710046009389,A178Q
-1.667,0.509,0.836,0.018,0.054,-0.053,-0.257,0.0,0.0,0.0,0.0,0.0,-0.052,0.001,0.032,1.318,0.128,0.8641839709866872,A178V
-2.05,49.99775464640713,-6.082,0.193,0.126,-0.031,2.444,0.0,0.0,0.0,0.564,0.325,0.0,2.91,0.138,3.307,0.219,49.997932207440776,E177Y
0.0,0.0,0.0,0.0,0.0,0.0,0.0,0.0,0.0,0.0,0.0,0.0,0.0,0.0,0.0,0.0,0.0,0.0,E177E
0.0,0.0,0.0,0.0,0.0,0.0,0.0,0.0,0.0,0.0,0.0,0.0,0.0,0.0,0.0,0.0,0.0,0.0,L179L
0.0,0.0,0.0,0.0,0.0,0.0,0.0,0.0,0.0,0.0,0.0,0.0,0.0,0.0,0.0,0.0,0.0,0.0,L176L
-0.943,1.019,-1.531,0.006,-0.056,-0.115,3.076,0.0,0.0,0.0,0.564,0.325,0.0,-0.31,0.184,2.01,0.067,4.29458004912135,E177K
-0.133,0.509,6.749,0.014,1.492,0.224,-4.015,0.0,0.0,0.0,0.0,-0.921,0.0,3.163,0.184,-1.756,-0.107,5.401347266935545,L179R
-2.671,1.419,4.582,0.034,0.161,0.487,-1.463,0.0,0.0,0.0,0.0,-1.211,0.0,2.759,0.352,-1.079,0.063,3.4331161704108126,L179Y
-4.996,19.97,11.356,0.012,0.413,0.104,-0.965,0.0,0.0,0.0,-0.061,-0.708,0.0,0.902,-0.114,-1.752,-0.343,23.81844796459427,M180R
1.488,-0.362,-3.434,0.002,-0.213,0.245,2.424,0.0,0.0,0.0,0.564,0.325,0.0,0.118,0.213,3.877,0.387,5.631325572105652,E177T
-1.669,0.478,3.479,0.016,0.302,0.538,-0.265,0.0,0.0,0.0,0.0,-1.479,0.0,3.022,0.263,0.6,0.043,5.327243660488648,L179W
3.872,-0.395,-3.088,-0.004,-0.238,-0.194,1.442,0.0,0.0,0.0,0.564,0.325,0.0,-2.131,0.473,2.435,0.421,3.4791594673843065,E177S
4.104,-0.631,0.332,-0.014,-0.065,0.021,-0.31,0.0,0.0,0.0,0.0,0.0,0.0,-0.154,0.531,1.594,0.5,5.906426893419166,L179C
10.134,-3.397,3.924,-0.017,-0.197,0.033,-0.037,0.0,0.0,0.0,0.0,0.0,0.004,-0.361,0.822,-0.863,0.788,10.833535884921956,L176G
3.099,16.12,1.441,0.052,0.018,-0.081,-0.263,0.0,0.0,0.0,0.0,0.0,-0.093,3.035,-0.011,0.982,0.039,24.338965857129324,L176V
4.582,1.756,4.339,-0.001,0.191,-0.135,-0.021,0.0,0.0,0.0,0.0,0.0,0.0,1.086,0.461,-2.997,0.198,9.45716160529014,M180N
-0.159,-0.492,5.714,-0.009,0.243,-0.4,-0.393,0.0,0.0,0.0,0.0,0.0,0.0,2.353,0.33,-1.962,0.064,5.288609577291709,L179H
1.568,0.012,1.861,-0.002,0.15,0.224,-0.185,0.0,0.0,0.0,0.0,0.0,0.0,1.885,0.29,-0.004,0.211,6.010672079403321,L179M
4.279,-0.628,4.977,-0.012,0.233,-0.544,1.399,0.0,0.0,0.0,0.0,0.0,0.0,1.42,0.501,-3.807,0.054,7.872789818870842,L179D
1.362,37.708,0.098,0.021,0.428,0.895,1.074,0.0,0.0,0.0,0.0,-0.078,-0.073,5.087,-0.022,0.643,0.139,47.28120895966231,L179I
1.733,-2.148,10.174,-0.011,0.113,-0.053,-0.146,0.0,0.0,0.0,0.0,0.0,0.0,3.735,0.075,-4.386,-0.157,8.92844928145837,L176E
3.493,1.779,3.656,-0.011,-0.03,0.13,-0.426,0.0,0.0,0.0,0.0,0.0,0.0,1.694,0.313,-0.509,0.214,10.302978979304273,L179T
4.609,-3.35,9.437,-0.014,0.407,0.147,-0.341,0.0,0.0,0.0,0.0,0.0,0.0,3.209,0.527,-3.807,0.085,10.908891121456918,L176D
-1.737,49.38879363836502,-5.511,0.486,0.345,0.223,3.009,0.0,0.0,0.0,0.564,0.325,0.0,1.801,0.07,4.986,0.215,49.49447214673108,E177W
-2.098,0.434,2.212,0.03,0.143,0.197,0.178,0.0,0.0,0.0,0.0,0.0,0.0,3.177,0.296,-0.443,0.073,4.199323060865481,L179F
6.651,-1.887,1.783,-0.001,-0.027,0.182,-1.216,0.0,0.0,0.0,0.0,-0.274,0.0,0.382,0.142,-0.505,0.007,5.235680230773596,M180T
1.518,49.99409578548144,0.182,-0.014,-0.042,0.29,0.825,12.442,1.228,0.0,0.0,0.0,0.02,0.471,2.338,-3.304,2.624,49.997191855800885,L179P
9.593,-2.442,2.339,-0.005,-0.05,0.125,-1.123,0.0,0.0,0.0,0.0,-0.274,0.0,-1.062,0.293,-1.947,-0.029,5.419510569123531,M180S
3.113,-0.715,3.866,-0.01,0.184,-0.497,0.209,0.0,0.0,0.0,0.0,0.0,0.0,0.758,0.753,-3.001,0.413,5.0719710644577845,L179N
-3.705,31.77,14.797,-0.004,0.898,0.883,0.625,0.0,0.0,0.0,0.0,0.0,0.0,0.959,0.265,-2.376,-0.108,44.00584983767021,L176K
10.432,-2.451,-1.394,-0.005,-0.074,0.423,-0.41,0.0,0.0,0.0,0.0,-0.274,0.0,-1.523,-0.274,-0.332,-0.352,3.764453361679671,M180A
6.205,-0.715,1.851,-0.015,-0.052,-0.341,-0.503,0.0,0.0,0.0,0.0,0.0,0.0,0.144,0.561,-1.951,0.212,5.39504589568628,L179S
6.617,-2.033,-0.429,-0.004,-0.062,0.315,-0.959,0.0,0.0,0.0,0.0,-0.274,0.0,-1.402,0.274,1.598,0.292,3.932013021410057,M180C
-1.629,0.651,7.494,-0.009,0.112,-0.053,1.057,0.0,0.0,0.0,0.0,0.0,0.0,1.928,0.175,-3.112,0.041,6.653022072474187,L179Q
4.412,-0.456,1.387,0.001,0.335,0.615,-0.176,0.0,0.0,0.0,0.0,0.0,0.0,2.787,0.262,-2.376,-0.117,6.673861125285157,L179K
4.904,-3.029,3.131,-0.015,-0.156,0.046,-0.256,0.0,0.0,0.0,0.0,0.0,0.0,1.199,0.509,1.594,0.545,8.471766578709321,L176C
1.502,49.89151628831504,4.187,-0.013,-0.109,0.318,-0.296,8.55,1.023,0.0,0.0,0.0,-0.011,0.663,2.401,-3.304,11.629,49.962447569043164,L176P
8.189,-2.111,2.658,-0.017,-0.181,0.156,0.12,0.0,0.0,0.0,0.0,0.0,0.0,-0.711,0.135,-0.336,0.015,7.918129699590963,L176A
-4.577,44.75828228847918,0.175,0.04,0.254,0.122,0.149,0.0,0.0,0.0,0.0,0.0,0.0,5.663,0.187,-0.443,0.045,45.07003275069707,L176F
3.037,-2.617,7.312,-0.013,0.375,0.231,-0.349,0.0,0.0,0.0,0.0,0.0,0.0,2.318,0.797,-3.001,0.429,8.520264531259045,L176N
5.084,11.122,-2.5,0.017,-0.018,0.227,-0.278,0.0,0.0,0.0,0.0,-0.274,-0.088,-1.126,-0.081,0.986,-0.143,12.922920109099778,M180V
0.045,0.011,7.358,-0.012,0.011,0.161,-0.012,0.0,0.0,0.0,0.0,0.0,0.0,2.733,0.231,-3.112,0.058,7.472582826583448,L176Q
-2.69,9.532,8.133,-0.002,0.443,-0.32,-0.202,0.0,0.0,0.0,0.0,0.0,0.0,3.632,0.262,-1.962,0.05,16.876125056196997,L176H
-3.632,49.92823136652128,-2.291,0.025,0.225,0.357,-0.855,0.0,0.0,0.0,0.0,-0.274,0.0,0.782,0.066,-0.439,-0.129,49.90817652313587,M180F
-6.495,48.62055708948985,4.347,0.029,0.315,0.216,0.763,0.0,0.0,0.0,0.0,0.325,0.0,6.196,0.248,-1.079,0.05,48.8640224237851,L176Y
6.383,-0.766,6.867,-0.002,0.226,-0.057,-0.657,0.0,0.0,0.0,0.0,-0.274,0.0,1.504,0.206,-3.803,-0.153,9.473807938142045,M180D
7.472,-2.239,5.529,-0.016,-0.108,-0.28,-0.448,0.0,0.0,0.0,0.0,0.0,0.0,0.125,0.555,-1.951,0.25,8.889161048998403,L176S
-5.365,49.973688073615676,1.312,0.028,0.263,0.732,-0.529,0.0,0.0,0.0,0.0,-0.274,0.0,2.253,0.12,-1.075,-0.165,49.970686348695274,M180Y
-6.545,40.12614548584625,13.35,0.007,0.731,0.085,0.872,0.0,0.0,0.0,0.0,-0.315,0.0,6.095,0.197,-1.756,-0.093,43.79896116009604,L176R
-11.432,49.999959400313784,1.461,0.054,0.367,0.025,0.174,0.0,0.0,0.0,0.0,0.0,0.0,4.796,0.156,0.6,0.053,49.99995283692982,L176W
12.499,-2.435,-0.086,-0.006,-0.074,0.333,-0.523,0.0,0.0,0.0,0.0,-0.274,-0.025,-1.523,0.531,-0.859,0.514,8.071490668070965,M180G
-10.842,49.98912293234196,0.932,0.013,0.315,-0.156,-0.738,0.0,0.0,0.0,-0.061,-0.087,0.0,1.246,0.04,0.604,-0.201,49.98445018198682,M180W
-0.623,0.915,10.875,0.011,0.396,0.273,-0.215,0.0,0.0,0.0,0.0,-0.274,0.0,2.638,-0.008,-2.372,-0.346,11.26891402517208,M180K
1.326,45.59626202881516,-2.326,0.017,-0.007,0.263,-0.474,0.0,0.0,0.0,0.0,-0.274,0.0,1.908,-0.242,0.005,-0.201,45.59525826193839,M180L
2.318,14.933,-2.01,0.02,0.003,0.076,-0.063,0.0,0.0,0.0,0.0,-0.274,-0.088,-1.525,-0.188,0.647,-0.041,13.80662368834396,M180I
0.222,-0.419,0.135,0.0,-0.009,0.056,-0.56,0.0,0.0,0.0,0.0,-0.274,0.0,0.0,0.0,0.0,0.0,-0.8472849587196833,M180M
1.848,-0.795,5.613,-0.001,0.148,-0.004,-1.302,0.0,0.0,0.0,0.0,-0.274,0.0,2.027,-0.102,-3.108,-0.159,3.8901741804500034,M180Q
-1.554,39.22564764508801,5.664,0.024,0.338,0.297,-0.252,0.0,0.0,0.0,0.0,0.052,0.0,4.777,0.119,-1.958,-0.121,41.75431836913009,M180H
3.446,-1.348,7.87,-0.002,0.177,0.106,-1.512,0.0,0.0,0.0,0.0,-0.274,0.0,2.162,-0.218,-4.381,-0.446,5.578996476541988,M180E
4.497,49.97560052927437,0.107,-0.003,-0.035,0.558,0.195,10.306,1.103,0.0,0.0,-0.274,0.006,-0.711,1.631,-3.3,2.747,49.98755178512847,M180P
4.071,-0.318,-0.565,-0.015,-0.073,0.287,0.162,0.0,0.0,0.0,0.0,0.0,0.0,-0.325,0.162,-0.336,0.027,3.0761915987868638,L181A
3.736,-0.308,1.542,-0.015,-0.049,0.039,-0.597,0.0,0.0,0.0,0.0,0.0,0.0,0.072,0.56,-1.951,0.241,3.269213234072822,L181S
-1.205,0.112,-0.701,0.002,-0.102,-0.179,-1.245,0.0,0.0,0.0,0.0,0.0,0.0,1.377,-0.238,0.695,0.021,-1.4651130545630622,D182Q
0.0,0.0,0.0,0.0,0.0,0.0,0.0,0.0,0.0,0.0,0.0,0.0,0.0,0.0,0.0,0.0,0.0,0.0,D182D
1.177,-0.049,-3.21,-0.003,-0.311,0.358,-0.586,0.0,0.0,0.0,0.0,0.0,0.0,-1.394,-0.241,3.471,-0.291,-1.0809198004862992,D182A
2.247,-0.308,0.358,-0.014,-0.061,0.194,-0.382,0.0,0.0,0.0,0.0,0.0,0.0,-0.197,0.528,1.594,0.517,4.474090406003825,L181C
3.013,-0.803,-0.783,0.002,0.385,-0.075,3.662,0.0,0.0,0.0,0.0,1.024,0.0,0.764,0.676,-2.423,0.387,5.827697857694602,H183E
2.123,-0.309,2.135,-0.01,0.187,0.085,0.451,0.0,0.0,0.0,0.0,0.0,0.0,2.242,0.051,-4.386,-0.158,2.409855958048638,L181E
5.174,-0.359,-0.416,-0.016,-0.073,0.189,-0.001,0.0,0.0,0.0,0.0,0.0,0.005,-0.325,0.855,-0.863,0.797,4.966234518925148,L181G
2.512,-0.125,-2.894,-0.004,-0.311,0.19,-0.576,0.0,0.0,0.0,0.0,0.0,-0.022,-1.394,0.491,2.944,0.533,1.343834662996187,D182G
2.123,-0.311,4.122,-0.012,0.225,0.018,0.397,0.0,0.0,0.0,0.0,0.0,0.0,1.081,0.495,-3.807,0.058,4.388488124823198,L181D
1.887,-0.238,1.307,0.006,0.217,0.272,-0.313,0.0,0.0,0.0,0.0,0.0,0.0,1.433,0.24,-0.443,0.061,4.427450517555371,L181F
-0.155,0.007,-2.073,-0.002,-0.298,0.342,-1.307,0.0,0.0,0.0,0.0,0.0,0.0,-1.143,0.318,5.401,0.273,1.3607745803603848,D182C
-0.516,0.304,0.01,0.022,0.041,-0.132,0.013,0.0,0.0,0.0,0.0,0.0,-0.108,0.827,-0.093,0.643,0.116,1.125647429249966,L181I
-0.871,0.178,0.158,0.001,-0.038,-0.078,-0.819,0.0,0.0,0.0,0.0,0.0,0.0,1.228,-0.343,-0.578,-0.233,-1.3977088973713307,D182E
-1.267,0.078,-2.265,0.044,-0.085,0.114,-0.254,0.0,0.0,0.0,0.0,0.0,0.0,1.382,0.241,3.364,0.186,1.538669570105867,D182F
-1.487,1.131,3.591,-0.01,0.271,0.131,-0.563,0.0,0.0,0.0,0.0,0.0,0.0,2.0,0.278,-1.962,0.046,3.425775702105057,L181H
-0.85,48.003485237495056,0.178,-0.014,-0.035,0.432,-0.229,3.913,0.671,0.0,0.0,0.0,-0.023,0.519,2.486,-3.304,11.499,48.9049081430714,L181P
-2.037,1.285,1.807,-0.004,0.009,0.007,-0.18,0.0,0.0,0.0,0.0,0.0,0.0,0.888,0.314,-0.004,0.222,2.3070136700657717,L181M
0.0,0.0,0.0,0.0,0.0,0.0,0.0,0.0,0.0,0.0,0.0,0.0,0.0,0.0,0.0,0.0,0.0,0.0,L181L
-0.923,0.177,-0.939,0.003,-0.189,0.237,-0.286,0.0,0.0,0.0,0.0,0.0,0.0,-0.516,-0.052,1.432,-0.164,-1.2231856839887314,D182K
-0.904,0.58,-2.219,0.013,-0.229,0.214,-0.568,0.0,0.0,0.0,0.0,0.0,0.0,-1.241,-0.266,3.808,0.077,-0.7375863116772052,D182L
-1.098,0.103,-1.293,0.001,0.1,-0.002,-0.697,0.0,0.0,0.0,0.0,0.0,0.0,1.362,0.134,1.845,0.125,0.5781432669423339,D182H
-1.424,0.212,-2.398,0.027,-0.232,0.191,-0.523,0.0,0.0,0.0,0.0,0.0,-0.038,-0.411,0.173,4.45,0.159,0.1837266357379121,D182I
-3.943,49.97751922202361,-1.496,-0.002,-0.274,0.542,0.064,0.984,1.322,0.0,0.0,0.0,0.006,-0.868,0.55,0.503,2.55,49.97746194838053,D182P
1.376,-0.173,1.704,-0.009,0.041,0.034,0.348,0.0,0.0,0.0,0.0,0.0,0.0,0.64,0.251,-2.376,-0.107,1.7277624402590843,L181K
-0.332,-0.015,-0.776,0.002,-0.046,-0.128,-0.448,0.0,0.0,0.0,0.0,0.0,0.0,-0.26,0.106,0.806,0.324,-0.7695999355219101,D182N
1.4,0.276,2.139,0.004,0.337,0.406,-0.619,0.0,0.0,0.0,0.0,0.0,0.0,1.002,0.214,0.6,0.061,5.816819711423705,L181W
-2.157,0.506,-2.151,0.006,-0.249,0.502,-0.74,0.0,0.0,0.0,0.0,0.0,0.0,0.983,-0.14,3.803,0.169,0.5326748462348405,D182M
2.786,-0.81,-1.492,0.004,0.246,-0.37,2.147,0.0,0.0,0.0,0.0,1.024,0.0,0.776,0.477,-1.15,0.236,3.873993199058986,H183Q
3.188,-0.319,1.594,-0.006,-0.009,-0.059,-0.72,0.0,0.0,0.0,0.0,0.0,0.0,-0.288,0.27,-0.509,0.208,3.3495780531393398,L181T
3.103,-0.99,-3.594,-0.003,-0.411,0.135,2.576,0.0,0.0,0.0,0.0,1.024,0.0,-1.056,0.51,3.556,0.192,5.040840483120746,H183C
-1.447,0.221,-0.715,0.006,-0.108,0.373,-0.321,0.0,0.0,0.0,0.0,0.0,0.0,0.027,-0.178,2.051,-0.082,-0.1748927408339113,D182R
1.427,-0.317,2.873,-0.01,0.18,-0.187,0.051,0.0,0.0,0.0,0.0,0.0,0.0,0.733,0.761,-3.001,0.413,2.9211263731590407,L181N
-1.042,-0.005,-2.144,0.045,-0.074,0.074,-0.491,0.0,0.0,0.0,0.0,0.0,0.0,2.021,0.257,2.728,0.119,1.4866824152322806,D182Y
-1.795,0.035,-1.86,0.023,-0.018,0.211,-0.315,0.0,0.0,0.0,0.0,0.0,0.0,1.656,0.113,4.407,-0.017,2.438944680307941,D182W
1.764,-0.311,1.871,-0.009,0.112,0.108,0.312,0.0,0.0,0.0,0.0,0.0,0.0,1.873,0.207,-3.112,0.042,2.8560726252308086,L181Q
1.874,-0.232,1.28,0.005,0.228,0.279,-0.229,0.0,0.0,0.0,0.0,0.0,0.0,1.429,0.301,-1.079,0.064,3.919626402081121,L181Y
-0.507,0.497,-2.569,0.017,-0.254,0.347,-0.789,0.0,0.0,0.0,0.0,0.0,-0.038,-0.692,0.233,4.789,0.135,1.1662213809879631,D182V
0.849,-0.011,-1.129,-0.003,-0.285,0.211,-1.494,0.0,0.0,0.0,0.0,0.0,0.0,-0.355,0.105,1.856,-0.061,-0.318584829918791,D182S
-0.54,0.206,3.988,0.0,0.438,-0.657,-0.409,0.0,0.0,0.0,0.0,0.0,0.0,1.259,0.197,-1.756,-0.087,2.637632118245392,L181R
2.064,-0.271,-0.088,0.003,-0.019,0.147,0.042,0.0,0.0,0.0,0.0,0.0,-0.108,-0.331,0.002,0.982,0.039,2.459122290369123,L181V
0.378,-0.052,-1.14,0.008,-0.243,0.089,-1.59,0.0,0.0,0.0,0.0,0.0,0.0,-0.623,0.276,3.298,0.304,0.7048442170494127,D182T
2.015,-0.288,-0.076,0.01,-0.073,0.622,-0.292,0.0,0.0,0.0,0.0,-0.712,0.0,0.578,0.416,0.206,0.27,2.674995013923308,H183R
3.547,-0.944,1.067,0.0,-0.074,-0.397,4.297,0.0,0.0,0.0,0.0,1.024,0.0,0.976,-0.108,-1.845,-0.083,7.459872813055881,H183D
6.151,-1.079,-5.274,-0.004,-0.427,0.329,3.033,0.0,0.0,0.0,0.0,1.024,0.0,-1.656,0.887,1.626,0.459,5.068851832208338,H183A
1.282,27.575,-3.831,0.235,-0.298,0.055,2.891,0.0,0.0,0.0,0.0,1.024,-0.209,1.561,0.94,2.605,0.534,34.362079406042994,H183I
0.179,15.48,-5.778,0.013,-0.37,0.474,2.835,0.0,0.0,0.0,0.0,1.024,-0.209,-1.654,1.054,2.944,0.609,16.597473797113935,H183V
-1.403,4.374,-2.801,0.018,-0.183,-0.13,1.626,0.0,0.0,0.0,0.0,1.024,0.0,2.397,0.202,1.519,-0.023,6.61831277166948,H183F
8.417,-1.109,-4.21,-0.007,-0.427,0.117,3.126,0.0,0.0,0.0,0.0,1.024,0.593,-1.656,0.823,1.099,0.63,8.418701469617872,H183G
-2.435,16.628,0.216,0.086,0.132,0.065,-0.829,0.0,0.0,0.0,0.0,0.0,0.137,0.269,5.641,1.506,10.07,31.484724370841377,G184I
2.075,-0.732,-0.252,0.007,-0.095,-0.166,0.572,0.0,0.0,0.0,0.0,1.024,0.0,-0.404,0.659,-0.414,0.446,2.7203638979719926,H183K
0.125,49.9966625331545,-4.457,0.014,-0.312,0.115,2.822,0.0,0.0,0.0,0.0,1.024,0.0,0.663,0.459,1.963,0.2,49.99699394137159,H183L
0.0,0.0,0.0,0.0,0.0,0.0,0.0,0.0,0.0,0.0,0.0,0.0,0.0,0.0,0.0,0.0,0.0,0.0,H183H
-0.515,49.99776548741928,-1.836,-0.002,-0.359,0.539,4.104,11.799,0.682,0.0,0.0,1.024,0.477,-1.304,1.05,-1.342,11.874,49.99921618650014,H183P
-0.702,7.245,-0.253,0.002,0.0,-0.009,-1.007,0.0,0.0,0.0,0.0,0.0,0.159,0.0,4.193,0.527,4.351,14.50300601827007,G184A
2.046,-0.21,-2.283,0.002,-0.256,0.127,2.374,0.0,0.0,0.0,0.0,1.024,0.0,0.07,0.643,1.958,0.207,5.699918636808434,H183M
2.275,-0.909,0.064,0.0,-0.102,-0.155,2.056,0.0,0.0,0.0,0.0,1.024,0.0,0.344,-0.29,-1.039,-0.213,3.0534748900288378,H183N
-1.506,6.746,0.476,0.031,0.34,0.018,-0.945,0.0,0.0,0.0,0.0,0.0,0.159,2.507,4.086,0.86,6.41,19.179497371851767,G184M
2.79,-0.603,-0.219,0.001,-0.339,0.298,2.62,0.0,0.0,0.0,0.0,1.024,0.0,-1.648,0.429,1.453,0.427,6.230257364865111,H183T
-1.532,7.118,0.027,0.014,0.06,0.042,-0.95,0.0,0.0,0.0,0.0,0.0,0.159,3.3,4.012,2.457,7.821,22.52717224097637,G184C
-1.59,16.165,2.117,0.005,0.356,-0.409,-0.771,0.0,0.0,0.0,0.0,0.0,0.159,1.716,3.497,-2.944,4.112,22.41325262482269,G184D
1.867,-0.03,-4.333,-0.002,-0.295,0.062,4.13,0.0,0.0,0.0,1.805,0.0,0.0,-1.927,0.526,3.471,0.413,5.68581045519818,D186A
5.542,-1.07,-1.697,-0.003,-0.394,0.003,2.329,0.0,0.0,0.0,0.0,1.024,0.0,-0.857,0.638,0.011,0.504,6.027607490251967,H183S
-1.517,6.768,0.561,0.039,0.99,-0.016,-1.033,0.0,0.0,0.0,0.0,0.0,0.159,3.619,4.356,-2.249,4.847,16.522164495244624,G184Q
-0.652,-0.199,-1.196,0.016,-0.155,0.256,0.427,0.0,0.0,0.0,0.0,0.345,0.0,0.295,0.332,2.562,0.167,2.1966190153218577,H183W
-1.645,15.606,1.216,0.008,0.84,-0.014,-0.159,0.0,0.0,0.0,0.0,0.0,0.159,3.545,4.713,-3.522,5.056,25.80169469464886,G184E
-2.615,11.528,0.55,0.048,0.281,-0.054,-1.026,0.0,0.0,0.0,0.0,0.0,0.159,3.346,3.908,0.421,4.017,20.56099723685452,G184F
-1.769,13.754,-0.52,0.017,-0.169,0.226,5.483,0.0,0.0,0.0,0.0,1.024,0.0,2.418,0.261,0.883,0.039,21.645885938655965,H183Y
0.0,0.0,0.0,0.0,0.0,0.0,0.0,0.0,0.0,0.0,0.0,0.0,0.0,0.0,0.0,0.0,0.0,0.0,G184G
-2.309,12.008,1.259,0.008,0.407,-0.273,-0.887,0.0,0.0,0.0,0.0,0.0,0.159,2.324,3.892,-1.098,3.835,19.32301261194766,G184H
-2.174,16.44,-0.18,0.069,0.059,0.193,-0.664,0.0,0.0,0.0,0.0,0.0,0.137,0.231,5.954,1.845,10.04,31.9475428663211,G184V
-17.365,49.9999999999994,1.708,0.046,0.205,-0.187,-0.595,0.0,0.0,0.0,0.0,0.0,0.0,3.644,0.245,-0.106,0.314,49.99999999999903,A185F
-2.054,15.148,0.305,0.018,0.106,0.076,-0.983,0.0,0.0,0.0,0.0,0.0,0.159,0.124,4.78,0.864,5.424,23.96513514054459,G184L
-1.782,17.239,1.493,0.007,0.308,-0.43,-1.038,0.0,0.0,0.0,0.0,0.0,0.159,1.375,3.582,-2.138,3.645,22.42001164321141,G184N
-2.116,7.923,1.545,0.049,0.764,0.329,-0.592,0.0,0.0,0.0,0.0,0.0,0.159,2.217,3.889,-1.512,3.726,16.377820647408726,G184K
-4.591,49.98594265715528,-0.432,0.003,0.052,-0.054,-0.416,8.185,0.714,0.0,0.0,0.0,0.137,0.0,7.895,-2.441,15.213,49.99467356675431,G184P
-1.635,8.005,0.856,0.06,0.074,-0.062,-1.088,0.0,0.0,0.0,0.0,0.0,0.159,1.071,4.35,0.354,4.136,16.277865386389294,G184T
-1.373,3.813,2.15,0.002,0.059,0.08,-0.078,0.0,0.0,0.0,0.0,0.0,0.159,0.068,3.645,-1.087,3.647,11.083027023004432,G184S
-3.199,12.553,0.958,0.026,0.344,-0.168,-1.062,0.0,0.0,0.0,0.0,0.0,0.159,2.066,3.116,1.463,6.64,22.893827308408163,G184W
-2.498,8.583,0.774,0.059,0.854,-0.309,-0.848,0.0,0.0,0.0,0.0,0.0,0.159,2.937,3.771,-0.893,3.829,16.416281207784778,G184R
-2.231,14.601,0.431,0.039,0.278,-0.078,-0.819,0.0,0.0,0.0,0.0,0.0,0.159,3.009,3.935,-0.216,5.164,24.27146710680063,G184Y
-9.625,49.98952427472337,14.803,0.005,0.272,-0.548,-1.592,0.0,0.0,0.0,0.0,0.0,0.0,3.889,0.139,-4.049,0.296,49.990925024439385,A185E
-4.779,43.39,2.117,0.001,0.014,-0.039,-1.013,0.0,0.0,0.0,0.0,0.0,0.0,0.944,0.447,1.93,0.19,43.200711806600566,A185C
-20.513,50.0,16.535,0.008,0.172,-1.057,0.623,0.0,0.0,0.0,0.0,0.0,0.0,1.777,0.11,-1.419,0.313,50.0,A185R
-11.411,49.99999944997924,0.307,0.014,0.054,-0.446,-0.262,0.0,0.0,0.0,0.0,0.0,0.0,0.782,0.092,0.337,0.311,49.9999991720722,A185L
-11.873,49.994461353942285,0.218,0.03,0.086,0.06,-0.177,0.0,0.0,0.0,0.0,0.273,0.057,2.651,0.55,0.979,0.643,49.99281522952343,A185I
3.136,-0.351,1.598,-0.001,0.009,0.224,0.387,0.0,0.0,0.0,0.0,0.273,0.06,0.0,0.674,-0.526,0.813,6.293831962493869,A185G
-3.408,3.94,-3.515,0.026,0.001,-0.087,3.533,0.0,0.0,0.0,1.805,0.0,0.0,0.87,0.374,4.407,0.37,8.315720083465294,D186W
-1.441,0.621,0.544,0.003,-0.012,-0.265,0.325,0.0,0.0,0.0,1.805,0.0,0.0,0.939,0.143,-0.578,0.157,2.2395478436501435,D186E
0.881,0.396,-2.75,0.01,-0.217,-0.285,3.793,0.0,0.0,0.0,1.805,0.273,0.0,-0.477,0.253,3.298,0.302,7.280903358459682,D186T
1.57,-0.018,-2.318,-0.002,-0.27,-0.202,3.27,0.0,0.0,0.0,1.805,0.0,0.0,-1.161,0.43,1.856,0.305,5.264128798229194,D186S
-2.111,0.452,-3.702,0.047,-0.053,0.009,3.85,0.0,0.0,0.0,1.805,0.0,0.0,1.56,0.405,3.364,0.403,6.031066575049181,D186F
-0.469,0.007,-3.203,0.038,-0.175,-0.084,4.192,0.0,0.0,0.0,1.805,0.0,-0.094,-1.058,0.423,4.45,0.514,6.344572425398155,D186I
-6.144,49.99763716578665,3.778,0.002,0.071,0.0,1.005,13.183,0.0,1.218,0.0,0.0,-0.001,0.879,-0.762,-2.968,10.495,49.99896982779396,A185P
0.0,0.0,0.0,0.0,0.0,0.0,0.0,0.0,0.0,0.0,0.0,0.0,0.0,0.0,0.0,0.0,0.0,0.0,D186D
-1.719,-0.011,-1.312,0.005,0.063,-0.007,2.019,0.0,0.0,0.0,0.574,0.0,0.0,0.59,0.257,1.845,0.381,2.6845576131552207,D186H
-14.02,49.999999944826875,2.669,0.004,0.045,-0.358,-0.498,0.0,0.0,0.0,0.0,0.0,0.0,2.298,0.257,0.333,0.196,49.99999992067464,A185M
0.027,0.407,-2.605,0.015,0.059,-0.02,5.023,0.0,0.0,0.0,1.805,0.273,0.0,0.117,0.226,2.051,0.164,7.542355988678537,D186R
-3.237,48.93810562541341,-3.118,-0.001,-0.258,0.225,5.97,37.237,0.0,0.974,1.805,0.0,0.109,-0.54,2.307,0.503,1.662,49.81299851331491,D186P
0.317,-0.015,-3.396,-0.001,-0.283,0.075,3.607,0.0,0.0,0.0,1.805,0.0,0.0,-1.799,0.637,5.401,0.577,6.923310027136722,D186C
-0.226,0.419,-0.136,0.0,0.009,-0.026,0.565,0.0,0.0,0.0,0.0,0.273,0.0,0.0,0.0,0.0,0.0,0.8769902527053546,A185A
-0.034,0.007,-4.263,0.019,-0.239,0.031,4.146,0.0,0.0,0.0,1.805,0.0,-0.094,-1.476,0.436,4.789,0.443,5.569632452608175,D186V
-25.539,50.0,3.691,0.025,0.246,-0.717,-0.859,0.0,0.0,0.0,0.0,0.0,0.0,2.758,0.04,0.937,0.281,50.0,A185W
0.123,-0.02,-2.391,0.013,0.03,-0.031,4.116,0.0,0.0,0.0,1.805,0.0,0.0,-0.622,0.165,1.432,0.094,4.711345917740346,D186K
-5.492,41.48511131534185,11.871,0.002,0.302,-0.029,-1.201,0.0,0.0,0.0,0.0,0.273,0.0,2.233,0.206,-3.47,0.316,42.92178328312179,A185D
3.168,-0.162,-3.688,-0.003,-0.295,-0.011,4.093,0.0,0.0,0.0,1.805,0.0,-0.031,-1.927,1.207,2.944,1.007,8.105350228539919,D186G
-2.004,1.638,-3.35,0.001,-0.246,0.047,3.529,0.0,0.0,0.0,1.805,0.0,0.0,-0.241,0.37,3.803,0.382,5.734657412513116,D186M
-15.427,49.999999999999986,16.275,0.006,0.111,0.241,0.099,0.0,0.0,0.0,0.0,0.0,0.0,1.115,0.183,-2.039,0.363,49.999999999999986,A185K
-0.093,-0.054,-1.572,0.006,0.013,-0.143,2.513,0.0,0.0,0.0,-0.13,0.0,0.0,0.995,0.421,0.806,0.45,3.209672665548169,D186N
-1.215,-0.049,3.83,0.003,0.31,0.073,-1.299,0.0,0.0,0.0,-1.093,0.0,0.0,2.019,0.601,-3.47,0.114,-0.1755241206167284,A187D
-2.221,1.132,-3.637,0.027,-0.041,0.186,3.796,0.0,0.0,0.0,1.805,0.0,0.0,1.708,0.308,2.728,0.292,6.082303696623512,D186Y
-1.953,0.933,-0.998,0.004,-0.088,-0.179,3.076,0.0,0.0,0.0,1.805,0.0,0.0,0.546,0.171,0.695,0.17,4.179336491359663,D186Q
-4.65,49.579806768812155,1.26,-0.022,0.036,-0.077,-0.166,49.917419026078406,0.0,1.115,0.0,0.0,0.268,0.0,7.487,-2.968,20.631,49.999860534418104,A187P
-1.283,1.805,1.089,0.0,0.018,0.091,0.536,0.0,0.0,0.0,0.0,0.273,0.0,2.151,0.152,1.93,-0.325,6.437873325333612,A187C
-1.811,1.971,1.766,0.009,0.201,-0.002,0.496,0.0,0.0,0.0,0.0,0.273,0.0,2.96,0.359,-1.419,-0.067,4.736058759953266,A187R
-13.368,50.0,1.202,-0.007,0.414,-1.018,1.055,0.0,0.0,0.0,0.0,-0.376,0.0,-0.387,-0.089,-0.106,-0.289,50.0,A187F
0.0,0.0,0.0,0.0,0.0,0.0,0.0,0.0,0.0,0.0,0.0,0.0,0.0,0.0,0.0,0.0,0.0,0.0,A187A
0.519,0.004,-3.487,0.017,-0.076,0.003,4.276,0.0,0.0,0.0,1.805,0.0,0.0,0.177,0.061,3.808,0.146,7.252000860477892,D186L
-2.762,0.146,3.449,0.004,0.206,-0.094,-0.433,0.0,0.0,0.0,0.0,0.0,0.0,3.986,0.112,-1.625,-0.14,2.8482911437697567,A187H
-7.879,47.15835758608571,-0.527,0.02,0.053,-0.013,0.195,0.0,0.0,0.0,0.0,0.273,0.057,1.53,0.486,1.318,0.556,46.69015612362821,A185V
-2.171,2.129,4.066,0.008,0.684,0.314,-1.42,0.0,0.0,0.0,-1.814,0.0,0.0,4.047,0.666,-4.049,0.225,2.686036053996986,A187E
-19.675,49.999999999999936,7.7,0.045,0.227,-0.011,1.869,0.0,0.0,0.0,0.0,0.273,0.0,4.262,0.28,-0.742,0.353,49.99999999999993,A185Y
-1.513,1.926,1.847,0.006,0.112,0.054,-0.18,0.0,0.0,0.0,0.0,0.0,0.0,2.041,0.732,-2.039,0.213,3.1985657837278723,A187K
-7.112,49.3333953767505,8.504,0.004,0.257,0.1,-0.451,0.0,0.0,0.0,0.0,0.0,0.0,2.305,0.389,-2.665,0.558,49.38154311350135,A185N
-14.09,49.99999992175883,10.992,0.004,0.394,0.349,-0.838,0.0,0.0,0.0,0.0,0.0,0.0,3.762,0.074,-1.625,0.318,49.999999919661434,A185H
-1.517,0.117,3.022,0.005,0.253,0.097,-0.57,0.0,0.0,0.0,-1.528,0.0,0.0,2.576,0.608,-2.665,-0.014,0.3802843437083538,A187N
-11.817,49.99907725629815,10.774,0.014,0.226,-0.842,-0.793,0.0,0.0,0.0,0.0,0.0,0.0,4.454,0.261,-2.775,0.356,49.99907192035692,A185Q
-1.518,1.581,5.883,0.0,0.034,-0.138,-0.851,0.0,0.0,0.0,0.0,0.273,0.0,1.133,0.042,-1.614,0.251,5.073040885376486,A185S
5.551,0.007,2.081,-0.018,-0.062,-0.133,-0.592,0.0,0.0,0.0,0.0,-0.067,0.041,1.278,0.71,-2.932,0.504,6.364838757684765,V188S
-4.973,46.529,5.674,0.006,0.101,-0.279,-0.348,0.0,0.0,0.0,0.0,0.0,0.0,1.084,0.446,-0.173,0.637,48.70363648136458,A185T
-18.355,50.0,4.439,0.002,0.59,-0.442,-0.367,0.0,0.0,0.0,0.0,1.165,0.0,1.693,-0.027,0.937,0.165,50.0,A187W
-1.673,2.196,1.703,0.007,0.01,0.064,-0.227,0.0,0.0,0.0,0.0,0.0,0.0,2.257,0.573,0.333,0.332,5.573592704422708,A187M
1.388,-0.445,0.954,-0.001,0.0,0.045,0.059,0.0,0.0,0.0,0.0,0.0,0.324,0.0,0.432,-0.526,0.685,2.912493812066941,A187G
-2.042,1.72,2.541,0.005,0.116,0.061,-1.093,0.0,0.0,0.0,0.0,0.0,0.0,4.978,0.624,-2.775,0.264,4.399498565146359,A187Q
-4.073,46.73122196693534,0.784,-0.002,-0.006,-0.098,0.11,0.0,0.0,0.0,0.0,0.0,0.082,0.475,1.557,0.979,0.978,46.829121259057956,A187I
-2.062,2.76,0.982,0.013,0.038,0.16,-0.042,0.0,0.0,0.0,0.0,0.0,0.0,2.197,1.154,0.337,0.966,6.50269575735706,A187L
-1.979,10.499,3.24,-0.009,0.049,0.234,-0.398,0.0,0.0,0.0,0.0,0.0,0.0,1.305,0.661,-0.173,0.178,13.606680892065016,A187T
-0.429,0.024,2.319,0.0,0.038,-0.036,-0.761,0.0,0.0,0.0,0.0,0.0,0.0,1.884,-0.118,-1.614,-0.381,0.9254000840514892,A187S
-3.842,47.82969404426068,0.002,-0.007,-0.011,-0.081,0.012,0.0,0.0,0.0,0.0,0.0,0.082,0.408,1.603,1.318,0.751,47.849548343900004,A187V
-14.926,50.0,5.21,-0.001,0.438,-0.822,0.799,0.0,0.0,0.0,0.0,0.273,0.0,1.153,0.007,-0.742,-0.265,50.0,A187Y
-2.816,6.538,0.002,0.013,0.041,0.004,-0.135,0.0,0.0,0.0,0.0,0.0,0.0,1.625,-0.054,-0.339,0.005,4.883773740630659,V188I
1.037,-0.573,1.74,-0.014,-0.021,0.23,-0.279,0.0,0.0,0.0,0.0,-0.273,0.041,0.369,0.561,0.612,0.17,3.598696890217525,V188C
-5.701,49.99693693872089,1.102,0.022,0.137,0.5,2.553,0.0,0.0,0.0,0.564,0.326,0.041,7.56,0.34,-1.424,0.17,49.99760872904987,V188F
-7.153,49.9996692650046,5.637,0.022,0.16,0.492,1.573,0.0,0.0,0.0,0.564,0.052,0.041,7.259,0.393,-2.06,0.155,49.99975136183915,V188Y
-0.158,0.673,5.567,0.018,0.757,-0.189,-1.957,0.0,0.0,0.0,0.0,-0.273,0.041,4.55,0.313,-2.737,0.23,6.831815103670351,V188R
4.979,-1.05,-5.426,-0.002,-0.071,-0.195,0.992,0.0,0.0,0.0,0.0,1.166,-0.059,-0.465,-0.008,1.088,0.408,1.3574224154426702,S189G
-2.812,43.95622405965622,6.843,0.002,0.362,-0.702,1.173,0.0,0.0,0.0,0.564,0.326,0.041,8.328,0.443,-2.943,0.29,46.159299035577476,V188H
-5.041,38.77817201199745,-5.357,0.036,0.021,0.007,2.057,0.0,0.0,0.0,0.0,1.166,-0.021,2.14,-0.598,2.933,-0.278,48.7706263611658,S189V
0.0,0.0,0.0,0.0,0.0,0.0,0.0,0.0,0.0,0.0,0.0,0.0,0.0,0.0,0.0,0.0,0.0,0.0,F190F
6.154,-0.283,-0.019,-0.018,-0.253,0.065,0.783,0.0,0.0,0.0,-0.895,0.274,0.0,1.549,0.709,-2.558,0.479,5.9840202756429335,F190N
-1.141,4.401,8.81,0.005,0.313,0.054,-1.612,0.0,0.0,0.0,0.564,-0.253,0.041,3.459,0.405,-3.357,0.299,11.98618604165813,V188K
4.683,-0.9,-0.16,-0.016,-0.051,0.006,0.2,0.0,0.0,0.0,-0.061,-0.087,0.041,0.342,0.716,-1.318,0.46,3.8548633778893873,V188A
8.643,-0.365,-1.852,-0.025,-0.506,0.317,1.442,0.0,0.0,0.0,0.0,0.274,-0.046,-0.982,0.625,-0.42,1.167,8.268574576862193,F190G
-0.952,9.582,-1.121,0.004,0.142,0.012,1.875,0.0,0.0,0.0,0.564,0.052,0.041,1.879,0.181,-0.981,0.189,11.46633659289273,V188L
5.671,-1.118,0.367,-0.017,-0.041,0.163,0.125,0.0,0.0,0.0,0.0,0.0,0.068,0.342,1.425,-1.844,1.38,6.517981410808034,V188G
-9.173,49.99949070080619,8.618,0.014,0.773,0.492,2.092,0.0,0.0,0.0,0.564,0.052,0.041,6.009,0.251,-0.381,0.151,49.99965173203071,V188W
1.686,-0.917,6.046,-0.014,0.248,-0.246,0.934,0.0,0.0,0.0,0.0,0.0,0.041,3.184,0.444,-4.788,0.451,7.066843609747821,V188D
5.672,0.822,-2.123,-0.007,-0.457,0.363,0.867,0.0,0.0,0.0,0.0,0.0,-0.07,-0.794,1.175,1.425,0.81,7.679514972948255,F190V
3.884,-0.361,-1.901,0.013,-0.312,0.154,0.885,0.0,0.0,0.0,0.0,0.0,0.0,-0.254,1.142,0.444,1.202,4.894331610366635,F190L
0.224,-0.418,0.137,0.0,-0.009,0.058,-0.553,0.0,0.0,0.0,0.0,-0.273,0.0,0.0,0.0,0.0,0.0,-0.8343304201323463,V188V
3.977,2.235,0.342,-0.013,0.068,0.046,-0.376,3.661,0.0,0.0,-0.061,-0.36,-0.001,0.813,0.684,-4.286,1.279,8.006472818997054,V188P
-0.942,1.316,1.17,-0.001,0.104,-0.419,2.027,0.0,0.0,0.0,0.564,0.052,0.041,2.513,0.51,-0.985,0.188,6.135303283429721,V188M
0.785,0.008,4.812,-0.006,1.305,-0.13,-1.105,0.0,0.0,0.0,0.0,-0.273,0.041,4.394,0.416,-5.367,0.295,5.172663017588548,V188E
1.348,-0.247,-6.657,-0.001,-0.071,-0.139,1.079,0.0,0.0,0.0,0.0,1.166,0.0,-0.465,-0.266,1.615,-0.205,-2.8438262446209137,S189A
-8.237,49.99458511677744,-2.87,0.026,0.21,-0.444,1.861,0.0,0.0,0.0,0.0,1.166,0.0,4.335,-0.548,1.952,-0.319,49.993927043619436,S189L
1.143,-1.205,4.367,-0.012,0.225,-0.535,-0.6,0.0,0.0,0.0,0.0,-0.273,0.041,2.489,0.499,-3.983,0.498,2.6517988921182223,V188N
2.053,-0.663,2.431,-0.017,0.49,-0.016,-0.12,0.0,0.0,0.0,-0.492,0.0,0.0,0.61,0.14,-1.519,0.148,3.043806886875018,F190H
4.031,48.75230882423761,0.349,-0.021,-0.453,0.229,0.882,49.78421440962502,0.0,0.0,0.0,1.166,-0.024,-0.5,7.491,-2.861,20.12,49.9991903448736,F190P
-0.281,1.522,3.902,-0.004,1.065,0.218,-1.556,0.0,0.0,0.0,0.0,-0.273,0.041,4.034,0.427,-4.093,0.276,5.27586152605204,V188Q
4.472,-0.764,-0.957,-0.017,-0.406,0.306,0.95,0.0,0.0,0.0,0.0,0.0,0.0,0.431,0.54,0.439,0.53,5.522982695686551,F190M
6.064,-0.349,-1.543,-0.022,-0.461,0.107,0.872,0.0,0.0,0.0,0.0,0.274,0.0,-0.912,0.35,2.037,0.071,6.485218373772113,F190C
4.791,-0.743,0.631,-0.015,-0.288,0.162,0.033,0.0,0.0,0.0,0.0,0.0,0.0,-0.256,0.686,-1.932,0.449,3.517248424487206,F190K
1.384,-1.053,2.169,-0.007,0.004,0.026,-1.191,0.0,0.0,0.0,0.0,-0.273,0.041,0.399,0.407,-1.491,0.436,0.849829533663069,V188T
-10.193,40.98102272675753,6.531,0.01,0.625,-0.174,-1.273,0.0,0.0,0.0,-0.191,1.166,0.0,3.098,-0.602,-0.011,-0.261,40.554029450526556,S189H
4.491,-0.303,0.267,-0.009,-0.042,0.299,0.64,0.0,0.0,0.0,0.0,0.274,0.0,0.796,0.371,-1.313,0.22,5.688228528628315,F190R
5.015,-0.765,0.35,-0.016,-0.21,-0.225,-0.334,0.0,0.0,0.0,0.0,0.0,0.0,1.434,0.561,-2.669,0.481,3.621302488604215,F190Q
-4.574,5.41,3.696,0.019,0.695,-0.762,1.657,0.0,0.0,0.0,-0.312,1.166,0.0,3.333,0.209,-1.05,0.186,9.671977741678347,S189N
7.321,-0.346,-0.556,-0.023,-0.436,0.025,0.642,0.0,0.0,0.0,0.0,0.274,0.0,-0.886,-0.075,-1.508,-0.038,4.392478266737498,F190S
-2.006,7.363,-3.932,0.012,-0.018,0.213,1.739,0.0,0.0,0.0,0.0,1.166,0.0,2.401,-0.104,3.545,0.388,10.76678580099815,S189C
7.613,-0.347,-2.388,-0.024,-0.506,0.246,1.373,0.0,0.0,0.0,0.0,0.274,0.0,-0.982,-0.081,0.107,0.206,5.488616639924885,F190A
-14.244,49.999999999995765,3.752,0.033,0.282,0.049,0.342,0.0,0.0,0.0,0.0,1.166,0.0,5.548,-0.741,0.872,-0.37,49.99999999999517,S189Y
-9.026,49.99999996955639,-1.866,0.033,0.218,0.019,1.725,0.0,0.0,0.0,0.0,1.166,0.0,5.053,-0.269,1.947,0.031,49.99999996835283,S189M
-7.661,49.999931554345906,4.467,0.032,1.027,0.746,2.804,0.0,0.0,0.0,0.0,1.166,0.0,6.162,-0.154,-1.161,-0.141,49.999948857848366,S189Q
-12.756,49.99994530128611,11.177,0.054,0.87,0.783,5.689,0.0,0.0,0.0,0.0,1.166,0.0,6.815,-0.384,0.195,-0.371,49.99996778775452,S189R
-0.863,0.276,2.998,0.0,-0.016,0.087,-0.252,0.0,0.0,0.0,0.0,0.0,0.0,0.155,0.121,-0.636,0.027,1.8950287751617907,F190Y
-4.828,17.406,1.316,0.004,0.109,0.255,0.878,0.0,0.0,0.0,0.0,0.0,0.0,1.51,0.078,1.043,0.473,18.242381744937347,F190W
6.69,-0.694,0.956,-0.02,-0.205,0.348,-1.003,0.0,0.0,0.0,-1.043,0.0,0.0,0.965,0.746,-3.364,0.649,4.0251742666278005,F190D
-9.56,49.98927370507699,-3.266,0.061,0.082,0.153,2.278,0.0,0.0,0.0,0.0,1.166,-0.021,3.789,-0.73,2.594,-0.193,49.98758821477676,S189I
-2.616,4.485,6.327,0.025,0.846,-0.691,5.732,0.0,0.0,0.0,0.0,0.967,0.0,3.471,-0.079,-1.856,-0.093,16.5181918897415,S189D
-12.396,49.99999999967144,-1.174,0.034,0.274,-0.237,-0.381,0.0,0.0,0.0,0.0,1.166,0.0,5.626,-0.792,1.508,-0.411,49.99999999956901,S189F
-6.085,49.99895112834067,8.847,0.03,1.169,0.814,2.428,0.0,0.0,0.0,0.0,1.166,0.0,6.137,-0.347,-2.434,-0.377,49.99933381104828,S189E
5.124,-0.118,-1.882,-0.001,-0.453,0.318,0.96,0.0,0.0,0.0,0.0,0.0,-0.07,-0.673,1.164,1.086,0.994,6.447177436097263,F190I
-10.786,49.98415637808974,12.699,0.036,0.997,1.287,-2.55,0.0,0.0,0.0,0.0,1.166,0.0,7.242,-0.288,-0.425,-0.426,49.98892442890164,S189K
-4.826,49.999995555085206,-3.383,0.0,-0.026,-0.117,2.189,26.992,0.0,1.242,0.0,1.166,0.026,2.357,1.16,-1.353,0.714,49.99999843765888,S189P
-17.601,49.98228754039032,3.995,0.041,0.675,0.074,9.092,0.0,0.0,0.0,0.0,1.166,0.0,5.03,-0.713,2.551,-0.303,49.98490975772397,S189W
6.334,-0.766,-1.064,-0.013,-0.441,0.092,0.505,0.0,0.0,0.0,0.0,0.0,0.0,-0.938,0.565,-0.066,0.367,4.573107128389893,F190T
5.234,-0.326,0.793,-0.016,-0.091,-0.142,1.467,0.0,0.0,0.0,0.0,0.274,0.0,1.374,0.584,-3.942,0.459,5.664525060250526,F190E
0.0,0.0,0.0,0.0,0.0,0.0,0.0,0.0,0.0,0.0,0.0,0.0,0.0,0.0,0.0,0.0,0.0,0.0,S189S
-2.39,8.168,0.575,0.027,0.032,0.242,1.444,0.0,0.0,0.0,0.0,1.166,0.0,2.153,-0.354,1.442,-0.169,12.336191826077991,S189T
0.276,0.239,-3.053,0.005,-0.041,0.921,1.121,0.0,0.0,0.0,0.0,0.0,0.0,-2.361,0.015,5.98,-0.182,2.919755606112858,E191C
3.91,-0.02,-4.353,-0.012,-0.448,0.941,1.506,0.0,0.0,0.0,0.0,0.0,-0.058,-2.953,0.988,3.523,1.002,4.024464793206789,E191G
0.0,0.0,0.0,0.0,0.0,0.0,0.0,0.0,0.0,0.0,0.0,0.0,0.0,0.0,0.0,0.0,0.0,0.0,E191E
2.335,-0.018,-2.538,-0.006,0.005,0.517,2.086,0.0,0.0,0.0,0.0,0.0,0.0,-0.688,-0.36,1.385,0.068,2.7841397754705213,E191N
2.165,-0.014,-3.716,-0.006,-0.365,0.53,1.72,0.0,0.0,0.0,0.0,0.0,0.0,-2.402,0.219,4.05,0.137,2.317772019917584,E191A
3.362,-0.019,-3.618,-0.009,-0.382,0.85,1.002,0.0,0.0,0.0,0.0,0.0,0.0,-2.722,0.256,2.435,0.251,1.406143959955898,E191S
3.391,-0.019,-3.81,-0.008,-0.144,0.856,1.135,0.0,0.0,0.0,0.0,0.0,0.0,0.064,-0.636,0.579,-0.083,1.3239002157172308,E191D
-2.122,9.207,-2.342,0.019,-0.12,0.402,1.995,3.091,0.0,0.0,0.0,0.0,0.0,0.027,0.199,3.943,-0.026,14.272523362777974,E191F
2.803,0.839,-4.602,-0.008,-0.375,0.913,1.384,0.348,0.0,0.0,0.0,0.0,-0.007,-2.898,-0.579,1.082,2.045,0.944369705896861,E191P
1.027,0.221,-4.258,-0.003,-0.382,0.804,1.474,0.0,0.0,0.0,0.0,0.0,0.0,-1.676,0.452,4.382,0.193,2.233027473256016,E191M
2.085,-0.017,-3.766,0.004,-0.35,0.905,1.58,0.0,0.0,0.0,0.0,0.0,0.0,-2.722,0.003,4.386,0.154,2.262157449879851,E191L
2.773,-0.006,-4.138,-0.004,-0.388,0.758,1.055,0.0,0.0,0.0,0.0,0.0,0.0,-2.947,0.083,3.877,0.116,1.1779543123159328,E191T
0.796,0.073,-2.008,-0.008,-0.062,0.912,1.666,0.0,0.0,0.0,0.0,0.0,0.0,-1.402,-0.066,2.424,0.08,2.40473003228999,E191H
0.323,0.003,-3.16,0.018,-0.283,0.45,1.746,0.0,0.0,0.0,0.0,0.0,-0.057,-2.059,0.388,5.029,0.234,2.6295971779729825,E191I
-2.981,9.566,-0.926,0.018,-0.083,0.367,1.819,3.091,0.0,0.0,0.0,0.0,0.0,-0.054,-0.026,3.307,-0.087,14.0104732664538,E191Y
0.703,0.001,-3.382,0.009,-0.315,0.566,1.675,0.0,0.0,0.0,0.0,0.0,-0.057,-2.324,0.174,5.368,0.218,2.6354580917586645,E191V
-0.334,0.06,-0.77,0.001,-0.134,0.159,0.814,0.0,0.0,0.0,0.0,0.0,0.0,-0.062,0.155,1.274,0.058,1.2208903632597412,E191Q
1.707,0.25,-2.992,-0.002,-0.211,0.66,1.774,0.0,0.0,0.0,0.0,0.0,0.0,-1.364,0.06,2.01,-0.039,1.854522100193208,E191K
2.555,-0.017,-3.673,0.006,0.093,0.819,1.494,0.0,0.0,0.0,0.0,0.0,0.0,-1.59,0.212,2.63,0.056,2.585993315726228,E191R
-6.492,20.852,6.238,0.049,0.292,0.207,2.376,0.0,0.0,0.0,-0.061,0.325,0.0,5.78,0.064,-2.602,-0.058,26.969592453640416,T192Q
1.132,-0.018,-2.9,0.021,0.169,0.541,1.422,0.0,0.0,0.0,0.0,0.0,0.0,-0.635,0.015,4.986,-0.051,4.678678447099173,E191W
-4.441,14.744,9.618,-0.001,0.231,0.179,0.871,0.0,0.0,0.0,-0.061,0.325,0.0,3.679,-0.035,-3.876,-0.148,21.085884710699247,T192E
4.256,-1.039,-2.633,-0.008,-0.055,0.294,1.303,0.0,0.0,0.0,0.0,0.325,0.0,-0.048,0.139,0.173,-0.076,2.631034513257191,T192A
-0.558,-0.032,7.22,-0.005,0.228,-0.202,0.316,0.0,0.0,0.0,0.0,0.325,0.0,3.441,-0.151,-3.297,-0.01,7.274521725214299,T192D
-10.772,49.998605366692736,-3.411,0.048,0.182,0.473,0.476,0.0,0.0,0.0,-0.061,0.325,0.0,7.958,0.07,0.067,-0.177,49.99830860206687,T192F
-8.531,44.84775262926812,5.144,0.01,0.318,-0.276,0.225,0.0,0.0,0.0,0.0,0.325,0.0,5.38,-0.064,-1.452,-0.055,45.04397395405957,T192H
-8.36,38.19555073708978,-1.142,0.047,0.176,0.279,1.203,0.0,0.0,0.0,0.0,0.325,0.0,5.105,0.238,0.506,-0.101,48.55322197265127,T192M
-1.928,3.217,-3.457,0.011,-0.012,0.402,1.412,0.0,0.0,0.0,0.0,0.325,-0.022,-0.003,-0.276,1.491,-0.225,0.933960932134596,T192V
6.736,-1.085,-2.689,-0.01,-0.027,-0.077,1.223,0.0,0.0,0.0,-0.318,0.325,-0.011,0.189,1.023,-0.353,0.8,5.726238356542126,T192G
-0.683,37.092,1.924,0.002,0.67,1.224,1.016,15.568,0.0,0.0,0.564,0.325,-0.002,3.136,-0.437,-2.795,0.188,40.983868799764785,T192P
-18.44,49.999999998942116,-2.087,0.014,0.126,-0.242,0.053,0.0,0.0,0.0,0.0,0.325,0.0,4.057,-0.075,1.11,-0.198,49.999999998044686,T192W
-9.078,48.04086244107184,10.619,0.051,0.296,0.502,2.352,0.0,0.0,0.0,0.0,0.325,0.0,5.631,-0.037,-1.866,-0.122,48.60712272263921,T192K
-0.145,-0.569,-1.715,-0.007,-0.022,0.103,0.981,0.0,0.0,0.0,0.0,0.325,0.0,0.237,-0.015,2.103,-0.22,1.0558043884334438,T192C
-14.496,49.9994381049296,13.329,0.043,0.741,1.625,0.381,0.0,0.0,0.0,0.275,0.325,0.0,7.887,-0.068,-1.246,-0.138,49.999602611145214,T192R
-5.606,38.668115794752296,-2.723,0.028,0.073,0.478,1.313,0.0,0.0,0.0,0.416,0.325,-0.022,1.647,-0.261,1.152,-0.206,48.04540710504125,T192I
-2.494,2.326,4.878,0.006,0.414,-0.114,1.533,0.0,0.0,0.0,0.0,0.325,0.0,3.528,0.026,-2.492,0.132,8.068131392787109,T192N
3.245,-1.063,1.198,-0.007,0.004,-0.035,0.291,0.0,0.0,0.0,0.0,0.325,0.0,0.243,0.171,-1.441,0.119,3.04745108533848,T192S
-5.743,38.71064853461548,-2.991,0.007,-0.012,0.51,0.788,0.0,0.0,0.0,-0.061,0.325,0.0,4.276,-0.186,0.51,-0.181,48.780215485135614,T192L
0.0,0.0,0.0,0.0,0.0,0.0,0.0,0.0,0.0,0.0,0.0,0.0,0.0,0.0,0.0,0.0,0.0,0.0,T192T
-9.188,49.999695583235074,-1.733,0.048,0.371,0.522,1.691,0.0,0.0,0.0,0.564,0.325,0.0,7.238,0.009,-0.569,-0.187,49.999684298872936,T192Y
-10.319,49.895356589176544,-1.372,0.013,0.002,0.344,-0.739,0.0,0.0,0.0,-0.21,0.273,0.0,3.534,-0.65,0.337,-0.374,49.849103567956064,A196L
3.989,-0.766,2.437,-0.02,0.27,0.734,1.196,0.0,0.0,0.0,0.0,0.0,-0.033,1.81,1.093,-5.028,0.677,6.357052556128565,I193E
-2.679,0.082,3.589,0.004,0.613,-0.631,-0.322,0.0,0.0,0.0,0.0,0.0,0.0,1.465,0.351,-1.625,0.357,1.2034718324061942,A198H
-1.118,0.039,1.175,0.002,0.027,-0.037,-0.258,0.0,0.0,0.0,0.0,0.0,0.0,0.639,0.627,1.93,0.426,3.452193395909489,A198C
2.911,46.21114011266779,-1.686,-0.022,0.051,1.098,-0.909,42.96391827328998,0.0,1.655,0.0,0.0,-0.095,0.185,6.427,-3.947,3.696,49.79544373754762,I193P
-11.248,45.115569611668,11.135,0.018,0.26,-0.299,0.087,0.0,0.0,0.0,0.203,0.288,0.0,4.503,-0.244,-2.775,-0.374,45.39653048834901,A196Q
-7.887,15.021,6.04,0.025,0.316,-1.328,1.21,0.0,0.0,0.0,-0.38,0.0,0.0,4.233,-0.199,0.333,-0.406,16.976663667923276,A196M
3.347,-0.805,-0.244,-0.023,-0.059,0.105,-0.215,0.0,0.0,0.0,0.0,0.0,-0.033,-0.211,0.93,0.951,0.81,4.551550945311647,I193C
-5.871,6.306,8.921,0.001,0.532,-0.005,-0.517,0.0,0.0,0.0,0.415,-0.202,0.0,3.5,-0.003,-2.665,-0.086,10.327666974538944,A196N
-3.26,0.598,2.577,0.023,0.275,-0.194,0.112,0.0,0.0,0.0,0.0,0.0,0.0,1.883,0.499,-0.742,0.375,2.146032616807588,A198Y
-16.226,49.98257490865396,1.132,0.015,0.215,-0.673,-0.517,0.0,0.0,0.0,-0.016,0.0,0.012,6.975,0.653,-0.381,1.384,49.97654653704799,V194W
-13.038,49.03034379087466,9.68,0.012,0.353,-1.93,-0.28,0.0,0.0,0.0,-0.795,0.0,0.0,4.226,-0.202,-1.625,-0.182,48.87372819604652,A196H
2.153,-0.779,0.322,-0.001,0.0,-0.011,0.167,0.0,0.0,0.0,0.0,0.0,0.01,0.0,0.582,-0.526,1.03,2.9455618844708624,A196G
-1.32,0.138,2.343,0.007,0.4,-0.158,-0.129,0.0,0.0,0.0,0.0,0.0,0.0,3.928,-0.057,-4.049,0.034,1.1365559874650444,A198E
-3.536,3.281,2.226,0.001,0.079,-0.327,1.064,0.0,0.0,0.0,0.336,0.0,0.085,2.359,1.797,2.457,10.046,19.86788260150911,G197C
-3.868,7.199,3.476,0.015,0.049,-0.162,-0.177,0.0,0.0,0.0,0.0,0.0,0.0,0.789,-0.332,-0.173,-0.118,6.698065147707894,A196T
0.336,0.434,-0.36,0.018,0.205,0.546,-0.473,0.0,0.0,0.0,0.0,0.0,-0.033,2.344,0.693,-1.085,0.36,2.982736245467777,I193F
-7.047,49.99342536070544,10.659,0.005,0.296,-0.936,7.49,0.0,0.0,0.0,0.336,0.0,0.085,4.867,2.006,-3.522,10.002,49.99750662250554,G197E
-2.997,5.201,1.871,0.0,-0.057,0.644,-0.931,0.0,0.0,0.0,0.038,0.273,0.0,2.591,-0.154,1.93,-0.244,8.162984167233162,A196C
-0.827,-0.091,3.912,0.001,0.099,-0.094,-1.201,0.0,0.0,0.0,0.0,-1.221,0.0,1.903,0.037,-1.614,-0.102,0.8005222372958087,A196S
-4.669,6.265,11.819,-0.001,0.445,0.29,2.221,0.0,0.0,0.0,0.248,0.0,0.0,4.759,0.067,-3.47,-0.016,17.956909698576283,A196D
0.0,0.0,0.0,0.0,0.0,0.0,0.0,0.0,0.0,0.0,0.0,0.0,0.0,0.0,0.0,0.0,0.0,0.0,A198A
-15.64,49.97205031501002,-0.364,0.045,0.218,-0.128,-0.115,0.0,0.0,0.0,0.0,0.0,0.0,3.377,-0.504,-0.106,-0.424,49.951774366645054,A196F
-5.688,5.041,3.251,0.028,0.02,-0.5,1.741,0.0,0.0,0.0,0.336,0.0,0.085,5.524,2.165,0.421,9.933,22.355436185581084,G197F
-0.32,0.166,-1.092,0.009,0.082,0.378,0.312,0.0,0.0,0.0,0.0,1.818,0.0,1.771,-0.17,1.246,-0.379,3.8208318190968384,N199R
-4.756,11.118,1.404,0.023,-0.009,-0.512,0.58,0.0,0.0,0.0,0.455,2.804,0.121,5.065,-0.753,1.318,-0.53,16.327873981159655,A196V
-1.417,0.124,2.035,0.008,0.296,-0.118,-0.29,0.0,0.0,0.0,0.0,0.0,0.0,3.11,0.094,-2.775,0.244,1.3106492492836423,A198Q
0.0,0.0,0.0,0.0,0.0,0.0,0.0,0.0,0.0,0.0,0.0,0.0,0.0,0.0,0.0,0.0,0.0,0.0,A196A
8.702,-1.231,-3.053,-0.026,-0.029,0.818,-0.577,0.0,0.0,0.0,0.0,0.0,-0.007,-0.955,2.254,-1.505,3.259,7.647811925357018,I193G
-1.416,1.51,0.48,0.001,0.038,-0.051,0.1,0.417,0.0,0.0,0.0,0.0,-0.038,0.336,-0.085,-2.968,1.855,0.1786668688268946,A198P
-2.377,1.312,0.526,0.018,0.037,-0.079,-0.049,0.0,0.0,0.0,0.0,0.0,-0.053,1.182,0.616,1.318,0.401,2.852635262581316,A198V
0.362,0.027,1.334,-0.02,-0.019,-0.246,0.534,0.0,0.0,0.0,0.0,0.0,-0.033,1.341,0.982,-0.646,0.735,4.3480536745271365,I193M
-1.154,0.011,3.631,0.003,0.537,-0.402,0.087,0.0,0.0,0.0,0.0,0.0,0.0,3.343,0.218,-3.47,0.284,3.085535838024498,A198D
7.112,-0.848,-3.133,-0.024,-0.029,0.942,-0.489,0.0,0.0,0.0,0.0,0.0,-0.033,-0.955,1.378,-0.979,1.116,4.054870288102165,I193A
-2.317,0.294,1.353,0.038,0.102,-0.111,0.019,0.0,0.0,0.0,0.0,0.0,0.0,3.088,0.096,0.337,0.387,3.285061596382775,A198L
-9.941,34.333,10.048,0.024,1.019,0.463,0.783,0.0,0.0,0.0,1.173,0.0,0.0,8.063,-0.318,-1.419,-0.351,43.87586456357485,A196R
-1.275,0.11,1.929,0.012,0.275,-0.086,-0.307,0.0,0.0,0.0,0.0,0.0,0.0,2.348,0.103,-1.419,0.162,1.8498706090178985,A198R
-14.357,49.99996978433671,9.215,0.016,-0.188,1.741,1.696,0.0,0.0,0.0,1.324,0.273,0.0,9.246,-0.445,0.937,-0.227,49.999979112630676,A196W
-9.368,26.849,14.473,0.012,0.654,-0.141,1.608,0.0,0.0,0.0,-1.101,0.0,0.0,7.197,-0.218,-4.049,-0.259,35.65602035545726,A196E
1.312,22.127,4.08,-0.007,0.12,0.158,-0.604,47.16750941413627,0.0,0.0,0.0,0.0,0.063,1.974,7.052,-4.286,6.609,49.381319353196716,V194P
-1.584,0.034,2.966,0.004,0.53,-0.592,-0.199,0.0,0.0,0.0,0.0,0.0,0.0,2.995,0.36,-2.665,0.557,2.4072867262809723,A198N
-6.55,45.35688030727716,-2.73,0.042,0.163,0.25,1.078,0.0,0.0,0.0,1.15,0.377,0.121,4.528,-0.808,0.979,-0.534,45.002282741607594,A196I
-5.777,49.625253065708776,1.41,0.002,0.118,-0.19,1.957,49.98014994168955,0.0,1.642,0.336,0.0,0.154,1.744,6.684,-2.441,10.937,49.99996151613382,G197P
-3.367,0.849,2.289,0.024,0.255,-0.098,0.411,0.0,0.0,0.0,0.0,0.0,0.0,1.853,0.505,-0.106,0.456,3.0710809309464366,A198F
1.396,-0.006,0.252,-0.001,0.0,0.156,-0.064,0.0,0.0,0.0,0.0,0.0,-0.049,0.0,0.679,-0.526,0.703,2.538001487150268,A198G
-8.229,49.72633490915552,13.303,0.059,0.761,-0.856,-3.486,0.0,0.0,0.0,0.168,0.273,0.0,6.491,-0.218,-2.039,-0.33,49.78370597607104,A196K
-9.207,49.99999999999999,3.655,0.014,0.105,-0.108,2.302,0.0,0.0,0.0,0.336,0.0,0.085,1.756,2.44,0.864,10.009,49.99999999999999,G197L
-2.805,49.62487953779409,-0.961,0.006,0.511,-0.718,6.665,3.094,0.0,0.0,2.283,4.229,0.022,1.584,1.25,-2.968,3.346,49.798168561229176,A196P
-2.696,1.376,1.247,0.028,0.08,-0.126,0.042,0.0,0.0,0.0,0.0,0.0,-0.053,1.627,0.562,0.979,0.394,3.458644285544324,A198I
-3.337,32.709,13.975,-0.007,0.625,0.505,-2.007,0.0,0.0,0.0,-0.016,0.0,0.012,6.523,0.95,-5.367,0.727,45.2921608200993,V194E
-1.349,0.13,1.919,0.009,0.178,-0.096,-0.095,0.0,0.0,0.0,0.0,0.0,0.0,1.431,0.195,-2.039,0.079,0.3614296953405755,A198K
1.279,0.234,-1.18,-0.009,-0.026,0.167,0.027,0.0,0.0,0.0,0.0,0.0,0.0,-0.234,0.025,0.339,0.1,0.72190910586869,I193V
4.108,0.29,-1.042,-0.015,0.028,0.7,-1.134,0.0,0.0,0.0,0.0,0.0,-0.033,-0.563,0.616,-1.152,0.532,2.335065065705294,I193T
-16.669,49.9852415194623,3.866,0.05,0.148,-0.969,-0.978,0.0,0.0,0.0,-1.005,0.273,0.0,5.437,-0.429,-0.742,-0.434,49.976668127684505,A196Y
3.054,-0.665,4.783,-0.022,0.203,-0.313,0.336,0.0,0.0,0.0,0.0,0.0,-0.033,1.613,1.52,-4.449,0.838,6.8633143082693095,I193D
-1.489,0.167,1.742,0.01,0.124,-0.115,-0.04,0.0,0.0,0.0,0.0,0.0,0.0,2.313,0.186,0.333,0.378,3.607311672781634,A198M
4.042,-0.644,1.245,-0.021,0.227,0.357,-0.5,0.0,0.0,0.0,0.0,0.0,-0.033,0.879,1.334,-3.644,0.733,3.9723129296914976,I193N
-3.893,2.92,6.514,0.002,0.375,-0.566,1.56,0.0,0.0,0.0,0.336,0.0,0.085,4.115,1.547,-2.944,1.413,11.463274957084876,G197D
-0.223,0.013,1.901,0.0,0.047,-0.097,-0.333,0.0,0.0,0.0,0.0,0.0,0.0,0.14,0.161,-1.614,0.121,0.1160428845382739,A198S
0.949,0.722,2.316,-0.021,0.346,0.924,-1.608,0.0,0.0,0.0,-0.998,0.0,-0.033,1.083,0.847,-2.604,0.579,2.4991561009296674,I193H
-1.956,3.581,0.737,0.0,0.061,-0.196,1.543,0.0,0.0,0.0,0.336,0.0,0.085,1.394,1.785,0.527,1.823,9.719932922114594,G197A
-0.235,-0.131,0.246,0.007,0.605,0.028,1.372,0.0,0.0,0.0,0.0,1.818,0.0,3.239,-0.312,-1.384,-0.534,4.718628768191593,N199E
-0.19,0.444,-0.234,-0.01,-0.001,0.221,0.015,0.0,0.0,0.0,0.0,0.0,-0.033,0.323,0.507,-0.642,0.425,0.8235822396447929,I193L
0.0,0.0,0.0,0.0,0.0,0.0,0.0,0.0,0.0,0.0,0.0,0.0,0.0,0.0,0.0,0.0,0.0,0.0,G197G
1.033,0.296,-1.551,0.004,0.123,0.446,0.849,0.0,0.0,0.0,0.0,0.0,-0.033,2.914,0.759,-1.721,0.408,3.5256140387853065,I193Y
0.0,0.0,0.0,0.0,0.0,0.0,0.0,0.0,0.0,0.0,0.0,0.0,0.0,0.0,0.0,0.0,0.0,0.0,I193I
-7.216,49.99410475254176,2.831,0.022,0.098,-0.64,0.986,0.0,0.0,0.0,0.336,0.0,0.125,3.217,3.276,1.506,10.055,49.9967117368754,G197I
3.276,-0.777,1.755,-0.019,0.183,0.585,-0.358,0.0,0.0,0.0,0.0,0.0,-0.033,1.987,1.081,-3.754,0.523,4.447846657590617,I193Q
-4.164,38.56805894887631,1.272,0.013,0.08,-0.055,-0.348,0.0,0.0,0.0,-0.016,0.0,0.0,4.154,0.066,-0.339,0.069,38.860540299053014,V194I
3.083,-0.608,1.684,-0.017,0.242,0.937,-2.02,0.0,0.0,0.0,0.0,0.0,-0.033,1.108,1.075,-3.018,0.514,2.947451127741488,I193K
1.648,-0.749,2.91,-0.011,0.33,0.912,-1.965,0.0,0.0,0.0,-0.76,0.0,-0.033,1.271,0.949,-2.398,0.541,2.644079542746113,I193R
1.661,-0.021,10.574,-0.008,0.478,-0.276,-1.9,0.0,0.0,0.0,0.0,0.0,0.012,1.997,0.981,-4.788,0.71,9.419682424684424,V194D
-7.67,49.86018971676137,-0.18,0.016,0.064,-0.318,-0.751,0.0,0.0,0.0,0.0,0.0,0.012,3.033,0.572,-1.424,0.418,49.82070615536492,V194F
-2.781,46.16302266607629,-2.706,0.038,-0.153,0.487,-0.533,0.0,0.0,0.0,-0.21,1.811,-0.08,1.613,0.299,3.644,-0.142,46.34850668147739,N199I
-4.393,0.401,2.731,0.021,0.381,-0.08,0.626,0.0,0.0,0.0,0.0,0.0,0.0,2.243,0.219,0.937,0.202,3.2866381841072325,A198W
-6.508,48.48008510065573,15.148,0.043,0.538,0.143,1.654,0.0,0.0,0.0,0.0,-0.314,0.012,10.476,0.937,-3.357,0.544,49.292304924229796,V194K
0.0,0.0,0.0,0.0,0.0,0.0,0.0,0.0,0.0,0.0,0.0,0.0,0.0,0.0,0.0,0.0,0.0,0.0,V194V
-1.602,0.772,1.603,0.007,0.059,-0.122,-0.361,0.0,0.0,0.0,0.0,0.0,0.0,0.576,0.61,-0.173,0.598,1.9671353239593827,A198T
-7.233,49.99651951845383,9.364,0.018,0.298,-0.613,-2.674,0.0,0.0,0.0,0.336,0.0,0.085,4.465,1.751,-1.512,1.627,49.99725234672222,G197K
1.799,-0.836,5.134,-0.008,-0.01,-0.38,-0.861,0.0,0.0,0.0,0.0,-1.446,0.012,-0.42,0.69,-1.491,0.546,2.7272298585889985,V194T
-5.256,27.295,8.217,0.012,0.406,-0.778,-0.911,0.0,0.0,0.0,0.0,0.0,0.012,4.155,0.553,-2.943,0.553,31.314950985752603,V194H
-1.313,0.054,-0.106,0.0,0.087,0.31,-0.222,0.0,0.0,0.0,0.0,0.385,0.0,1.202,-0.012,1.04,-0.191,1.233691835262789,N199H
-5.722,5.659,3.306,0.027,0.052,-0.541,1.612,0.0,0.0,0.0,0.336,0.0,0.085,5.922,2.479,-0.216,9.95,22.94732859192959,G197Y
-1.695,0.316,2.076,-0.001,0.249,1.252,-1.078,0.0,0.0,0.0,0.0,-1.519,-0.033,2.577,0.908,-0.042,0.944,3.952470924793943,I193W
-0.055,1.004,8.183,-0.009,0.316,-0.325,-0.657,0.0,0.0,0.0,0.0,0.0,0.012,2.497,0.877,-3.983,0.643,8.502658918203906,V194N
8.521,-1.025,2.608,-0.015,-0.066,-0.305,-0.444,0.0,0.0,0.0,0.0,0.0,-0.014,-0.47,2.232,-1.844,3.621,12.79783690029376,V194G
-8.45,49.99561564895533,5.235,0.005,0.124,0.126,1.773,0.0,0.0,0.0,0.336,0.0,0.085,2.658,2.429,0.86,10.104,49.99762094001588,G197M
-4.034,49.99487036674014,0.125,-0.001,0.032,-0.13,-0.326,0.0,0.0,0.0,0.0,0.0,0.012,3.086,0.543,-0.981,0.525,49.99462889806756,V194L
-8.094,22.538,16.503,0.005,0.188,0.497,-0.101,0.0,0.0,0.0,0.0,1.612,0.0,3.909,-0.282,-4.049,-0.703,32.02338288160627,A195E
6.276,-0.812,-5.305,-0.008,-0.351,0.776,0.295,0.0,0.0,0.0,-0.21,1.832,-0.026,-1.119,0.48,2.139,0.172,4.138763138285867,N199G
-4.731,5.335,4.528,0.013,0.393,-0.589,1.419,0.0,0.0,0.0,0.336,0.0,0.085,4.146,1.997,-0.893,9.947,21.984854879648537,G197R
1.498,-0.167,-3.392,-0.006,-0.338,0.78,-0.11,0.0,0.0,0.0,-0.21,1.832,0.0,-0.799,0.246,4.595,-0.21,3.71923449307792,N199C
-15.917,49.99999999613271,4.279,0.024,0.009,0.31,5.854,0.0,0.0,0.0,-0.306,3.494,0.0,4.552,-0.77,-0.106,-1.011,49.99999999619572,A195F
-5.441,4.024,5.163,0.003,0.261,-0.241,0.018,0.0,0.0,0.0,-0.495,0.0,0.085,5.437,1.596,-1.098,9.934,19.245270874760536,G197H
6.42,-0.771,0.248,-0.024,0.03,0.684,-1.516,0.0,0.0,0.0,-0.003,0.0,-0.033,-0.555,1.295,-2.593,0.741,3.921494806310193,I193S
3.613,-0.361,-5.92,-0.006,-0.351,0.794,0.251,0.0,0.0,0.0,-0.21,1.832,0.0,-1.119,-0.102,2.665,-0.553,0.5316391245812611,N199A
-7.383,49.99190890114451,8.618,0.004,0.221,-0.83,1.525,0.0,0.0,0.0,0.336,0.0,0.085,5.217,1.826,-2.249,1.794,49.99439140475688,G197Q
2.06,-0.837,2.88,-0.012,-0.034,-0.26,-0.775,0.0,0.0,0.0,0.0,0.0,0.012,-0.163,0.727,0.612,0.957,5.165595527100095,V194C
5.901,-0.948,1.736,-0.013,-0.066,-0.163,-0.546,0.0,0.0,0.0,0.0,0.0,0.012,-0.47,1.259,-1.318,1.5,6.882673094402207,V194A
-1.678,0.472,-2.122,0.016,-0.05,0.636,-0.532,0.0,0.0,0.0,-0.21,1.811,0.0,1.591,0.068,2.559,-0.066,2.4938089872487126,N199F
-0.948,-0.049,-2.571,0.009,-0.045,0.254,0.703,0.0,0.0,0.0,0.0,1.818,0.0,0.745,-0.16,2.998,-0.188,2.5661260129356838,N199M
-4.478,6.83,13.122,0.001,0.251,-0.182,-3.408,0.0,0.0,0.0,-0.21,1.924,0.0,4.751,-0.496,-3.47,-0.874,13.75977599558587,A195D
-4.096,34.141,9.346,-0.002,0.392,0.846,-0.237,0.0,0.0,0.0,0.0,0.0,0.012,4.267,0.893,-4.093,0.646,42.11281950474768,V194Q
-6.387,49.99546257309817,1.355,0.015,0.086,-0.502,1.102,0.0,0.0,0.0,0.336,0.0,0.125,3.271,3.397,1.845,10.025,49.99747628848877,G197V
0.0,0.0,0.0,0.0,0.0,0.0,0.0,0.0,0.0,0.0,0.0,0.0,0.0,0.0,0.0,0.0,0.0,0.0,N199N
-4.26,2.95,5.007,0.005,0.328,-1.042,1.843,0.0,0.0,0.0,0.336,0.0,0.085,4.827,1.589,-2.138,1.338,10.867274006308662,G197N
-1.651,0.312,-2.09,0.017,-0.035,0.618,-0.307,0.0,0.0,0.0,-0.21,1.811,0.0,1.695,0.076,1.923,-0.119,2.04061573501167,N199Y
-2.604,7.708,-2.134,0.008,-0.203,0.966,0.07,0.0,0.0,0.0,0.321,1.795,0.0,-0.666,-0.204,3.002,-0.191,7.867084617325872,N199L
-12.395,49.63864337412423,2.165,0.039,-0.046,0.464,-0.716,0.0,0.0,0.0,-0.226,1.629,0.0,5.324,-0.801,0.337,-0.924,49.556379445098706,A195L
-9.345,49.9526592264081,2.839,0.013,0.121,0.025,-0.617,0.0,0.0,0.0,0.0,0.0,0.012,3.091,0.592,-2.06,0.49,49.94254945653151,V194Y
1.381,-0.13,0.778,-0.004,-0.031,0.303,1.489,0.0,0.0,0.0,-0.21,1.832,0.0,0.339,-0.079,-0.805,-0.248,4.616339937501834,N199D
0.688,0.099,0.934,-0.002,-0.293,1.126,-0.745,0.0,0.0,0.0,-0.21,1.832,0.0,-1.056,0.165,2.492,-0.015,5.014475918022981,N199T
4.687,-0.944,6.552,-0.013,-0.039,-0.225,-0.788,0.0,0.0,0.0,0.0,-1.434,0.012,0.355,1.004,-2.932,0.717,6.94967793733781,V194S
0.173,48.640761550468774,-3.773,-0.006,-0.314,0.883,1.125,11.094,0.859,0.0,-0.21,1.832,-0.009,-0.042,-0.209,-0.303,2.123,49.194591973000676,N199P
0.0,0.0,0.0,0.0,0.0,0.0,0.0,0.0,0.0,0.0,0.0,0.0,0.0,0.0,0.0,0.0,0.0,0.0,A195A
-0.15,-0.039,-1.13,0.006,0.052,0.188,0.783,0.0,0.0,0.0,0.0,1.818,0.0,1.104,-0.057,0.626,-0.48,2.722232214113774,N199K
-5.124,49.98021888619501,4.043,0.007,0.106,-0.469,-0.544,0.0,0.0,0.0,0.336,0.0,0.085,1.852,3.195,0.354,10.002,49.98862863750827,G197T
-6.155,4.574,3.365,0.02,0.116,-0.645,1.612,0.0,0.0,0.0,0.336,0.0,0.085,5.656,1.664,1.463,10.123,22.21335429385772,G197W
-1.892,45.72149814579683,-3.513,0.018,-0.22,0.646,-0.4,0.0,0.0,0.0,-0.21,1.811,-0.08,0.753,0.365,3.983,-0.129,45.90306932546929,N199V
-2.268,4.948,3.383,0.001,0.048,-0.3,-1.446,0.0,0.0,0.0,0.414,-0.351,0.085,0.136,1.484,-1.087,1.672,6.717997876262189,G197S
-0.4,-0.127,-0.84,0.003,0.394,0.262,0.748,0.0,0.0,0.0,0.0,1.818,0.0,2.079,-0.178,-0.11,-0.338,3.3119955905685856,N199Q
-5.163,15.017,3.231,0.002,0.022,-0.117,-0.111,0.0,0.0,0.0,0.0,0.476,0.0,2.135,-0.58,1.93,-0.425,16.418086584698585,A195C
-2.23,1.46,-1.822,0.012,0.05,0.621,-0.44,0.0,0.0,0.0,-0.21,1.811,0.0,1.053,-0.095,3.602,-0.277,3.5347170385593927,N199W
3.331,-1.054,0.821,-0.002,0.0,0.31,0.047,0.0,0.0,0.0,0.0,0.0,-0.005,0.0,1.011,-0.526,2.864,6.796942153644977,A195G
-5.513,48.294450123421676,3.181,-0.011,0.12,-0.182,-0.683,0.0,0.0,0.0,0.0,0.0,0.012,3.341,0.94,-0.985,1.074,48.37903994557356,V194M
3.232,-0.336,-2.108,-0.006,-0.324,0.513,-0.089,0.0,0.0,0.0,-0.21,1.832,0.0,0.256,-0.155,1.051,-0.544,3.1115375696897445,N199S
-6.337,9.421,10.161,0.0,0.148,-0.014,-0.579,0.0,0.0,0.0,-0.226,1.394,0.0,5.14,-0.545,-2.665,-0.901,14.996893197120244,A195N
-0.293,0.113,5.124,-0.001,-0.046,-0.547,0.398,0.0,0.0,0.0,0.0,0.253,0.0,0.785,-0.242,-1.614,-0.688,3.2439167553402517,A195S
-10.069,32.742,12.47,0.003,0.042,0.538,2.682,0.0,0.0,0.0,-0.016,1.643,0.0,4.416,-0.378,-2.775,-0.785,40.512496396241886,A195Q
-11.328,49.41222140560013,14.763,0.046,0.576,0.393,0.383,0.0,0.0,0.0,0.0,-0.314,0.012,10.731,0.736,-2.737,0.505,49.660211274880396,V194R
-13.142,41.90716582422324,9.862,0.007,-0.493,0.779,3.794,0.0,0.0,0.0,-0.173,2.189,0.0,2.815,-0.383,0.333,-0.217,43.36818879829538,A195M
-11.874,49.984335941630675,11.821,0.004,0.234,0.315,0.569,0.0,0.0,0.0,-0.226,1.629,0.0,4.706,-0.779,-1.625,-0.754,49.9866624443818,A195H
-17.824,49.99999999997007,10.918,0.018,-0.139,1.429,3.458,0.0,0.0,0.0,-0.306,2.218,0.0,7.329,-0.71,-0.742,-0.849,49.999999999975294,A195Y
-20.878,49.99999999998099,7.939,0.015,0.138,-0.306,6.937,0.0,0.0,0.0,-0.306,3.465,0.0,5.916,-0.604,0.937,-0.098,49.999999999983245,A195W
-4.4,15.235,5.945,0.002,-0.01,0.188,-1.238,0.0,0.0,0.0,-0.226,0.458,0.0,4.83,-0.564,-0.173,-0.869,19.17920573419633,A195T
-10.868,49.9999753474462,2.067,0.029,0.028,-0.201,0.236,0.0,0.0,0.0,0.0,2.038,0.035,1.124,-1.285,0.979,-1.392,49.999967106380325,A195I
-7.638,49.82210651968218,2.894,0.005,0.122,0.08,0.649,47.954698699944494,0.0,1.422,0.0,0.0,0.065,1.038,5.354,-2.968,4.445,49.99701008790975,A195P
-14.413,47.854,22.868,0.012,-0.324,1.785,1.267,0.0,0.0,0.0,-0.383,2.175,0.0,4.309,-0.299,-2.039,-0.823,42.26947236834791,A195K
-18.206,46.99446987924819,22.366,0.029,0.233,2.355,0.689,0.0,0.0,0.0,-0.271,1.953,0.0,4.239,-0.488,-1.419,-0.84,48.01559179260993,A195R
-7.104,49.98403425012936,0.78,0.014,-0.027,-0.605,0.462,0.0,0.0,0.0,0.0,0.805,0.035,1.158,-1.29,1.318,-1.398,49.97982420731976,A195V
-10.422,49.999999999915055,10.853,0.07,1.494,-0.396,12.061,0.0,0.0,0.0,1.556,1.29,0.0,5.545,0.413,-0.425,0.155,49.99999999996504,S200K
-8.75,49.99999999875318,12.953,0.016,1.323,0.029,10.827,0.0,0.0,0.0,1.737,1.426,0.0,5.008,0.216,-2.434,0.081,49.99999999949172,S200E
-5.406,49.77744429547401,-3.102,-0.001,-0.095,0.041,3.064,12.669,0.953,0.0,1.556,-0.136,0.068,1.534,-0.028,-1.353,10.627,49.90142278027398,S200P
-9.265,50.0,-2.849,0.058,0.631,-0.34,10.681,0.0,0.0,0.0,1.556,1.29,0.0,4.797,0.501,1.947,0.124,50.0,S200M
-4.105,11.413,-4.331,-0.001,-0.12,0.283,2.466,0.0,0.0,0.0,1.556,-0.136,0.0,1.129,0.594,3.545,0.002,12.295148166908575,S200C
-11.141,49.999999984418004,-1.869,0.018,-0.198,0.728,2.292,0.0,0.0,0.0,1.953,0.15,0.0,2.033,0.43,1.952,0.231,49.99999998213413,S200L
1.482,-0.21,-6.893,0.0,-0.055,-0.151,2.981,0.0,0.0,0.0,1.766,0.0,0.0,-0.093,0.32,1.615,0.167,0.9294653227727848,S200A
-7.843,19.858,6.366,0.002,0.177,0.767,1.33,0.0,0.0,0.0,1.766,-0.396,0.0,3.409,0.436,-1.05,0.237,25.060193235721957,S200N
-4.753,8.148,9.596,0.001,0.2,0.932,5.535,0.0,0.0,0.0,1.572,-0.136,0.0,5.054,0.293,-1.856,0.156,24.742151283696103,S200D
-10.34,49.99999999999982,4.751,0.052,1.325,0.026,12.589,0.0,0.0,0.0,1.766,1.426,0.0,5.073,0.353,-0.011,0.131,49.999999999999915,S200H
0.671,-0.393,-0.428,-0.002,-0.079,0.403,-0.528,0.0,0.0,0.0,-0.21,-0.136,0.0,0.426,0.0,0.0,0.0,-0.2737088364765441,S200S
-12.785,50.0,-3.486,0.069,0.848,-0.027,11.637,0.0,0.0,0.0,1.556,1.29,0.0,4.911,0.622,1.508,0.287,50.0,S200F
-10.303,49.988382305994215,-5.197,0.046,0.007,0.123,2.92,0.0,0.0,0.0,1.556,0.014,-0.071,3.85,0.985,2.594,0.288,49.98680262531885,S200I
-5.849,28.37,-7.131,0.031,-0.022,0.036,3.216,0.0,0.0,0.0,1.556,0.014,-0.071,3.784,1.013,2.933,0.361,28.240990103045988,S200V
5.131,-0.043,-5.76,0.0,-0.053,-0.271,3.281,0.0,0.0,0.0,1.782,0.0,0.011,-0.443,0.689,1.088,0.505,5.918574020336109,S200G
-15.029,49.999999999999915,13.178,0.072,1.809,-1.044,10.935,0.0,0.0,0.0,1.556,-0.352,0.0,5.265,0.334,0.195,0.114,49.99999999999996,S200R
-7.625,49.99999999999994,3.851,0.065,1.347,-0.164,11.968,0.0,0.0,0.0,1.766,1.426,0.0,6.1,0.336,-1.161,0.106,49.99999999999997,S200Q
-17.113,50.0,1.703,0.101,0.317,0.147,3.385,0.0,0.0,0.0,2.347,0.0,0.0,3.62,0.72,0.872,0.322,50.0,S200Y
-19.689,50.0,1.572,0.068,1.072,-0.284,12.565,0.0,0.0,0.0,1.527,1.29,0.0,5.77,0.407,2.551,0.083,50.0,S200W
-3.87,5.248,-1.602,0.002,-0.071,0.419,-0.534,0.0,0.0,0.0,-0.379,-0.136,0.0,0.346,0.451,1.442,0.296,1.61368402898961,S200T
-12.767,49.98767040880325,12.1,0.07,2.082,-0.975,1.379,6.716,0.0,0.0,0.0,0.0,0.0,5.899,-0.034,-1.419,0.122,49.99271977786908,A201R
0.752,-0.085,4.385,-0.015,0.59,-0.081,-3.367,0.0,0.0,0.0,-1.052,0.0,-0.004,1.914,-0.039,-4.449,-0.163,-1.6168324531261078,I202D
-8.388,49.81670610575072,15.146,0.008,0.481,0.938,-3.574,0.0,0.0,0.0,0.0,0.0,0.0,4.368,-0.093,-4.049,0.099,49.84948128935165,A201E
-1.014,-0.056,5.811,0.0,0.062,-0.01,-1.917,0.0,0.0,0.0,0.0,0.0,0.0,0.168,-0.28,-1.614,0.014,1.1626392899472648,A201S
0.279,0.106,0.347,-0.003,0.175,0.099,0.034,0.0,0.0,0.0,0.0,0.0,-0.004,1.562,0.301,-1.721,0.875,2.0499502913050947,I202Y
0.668,0.002,-0.292,0.003,-0.217,0.158,0.243,0.0,0.0,0.0,0.0,0.0,0.0,1.137,0.434,-1.15,0.345,1.3301077561293368,H204Q
-4.779,5.837,12.159,0.015,0.758,0.25,-1.946,0.0,0.0,0.0,-0.431,0.0,0.0,3.319,-0.24,-3.47,-0.016,11.452119748377754,A201D
0.331,0.159,0.269,-0.002,0.166,0.084,0.065,0.0,0.0,0.0,0.0,0.0,-0.004,1.581,0.161,-1.085,0.823,2.546561588531404,I202F
1.06,-0.063,0.21,-0.021,-0.05,-0.028,-0.335,0.0,0.0,0.0,0.0,0.0,-0.004,0.186,0.432,0.951,3.155,5.492478061957854,I202C
-9.94,49.99997305061507,4.854,0.006,0.122,0.143,-1.266,0.0,0.0,0.0,0.0,0.0,0.0,3.049,0.097,0.333,0.123,49.999970239097976,A201M
-7.368,46.661843404045186,7.569,0.017,1.331,-0.077,-1.097,0.0,0.0,0.0,0.0,0.0,0.0,4.87,-0.159,-2.775,0.056,46.953946244719106,A201Q
4.525,-0.784,-0.676,-0.024,-0.089,-0.004,0.143,0.0,0.0,0.0,0.0,0.0,0.135,-0.2,1.928,-1.505,8.497,11.944623400455155,I202G
-10.79,49.99999999999997,2.356,0.038,0.303,-0.479,0.188,0.0,0.0,0.0,0.0,0.0,0.0,3.987,-0.107,0.337,0.092,49.99999999999997,A201L
3.159,-0.204,-0.884,-0.022,-0.089,0.057,0.207,0.0,0.0,0.0,0.0,0.0,-0.004,-0.2,0.93,-0.979,2.61,4.579281878703114,I202A
1.507,-0.132,1.133,-0.015,0.467,-0.203,0.247,0.0,0.0,0.0,0.0,0.0,-0.004,2.313,0.63,-3.754,1.118,3.304273005664072,I202Q
-4.024,2.318,2.766,0.002,0.044,0.176,-1.383,0.0,0.0,0.0,0.0,0.0,0.0,1.165,0.195,1.93,0.103,3.29013710157119,A201C
0.0,0.0,0.0,0.0,0.0,0.0,0.0,0.0,0.0,0.0,0.0,0.0,0.0,0.0,0.0,0.0,0.0,0.0,I202I
0.0,0.0,0.0,0.0,0.0,0.0,0.0,0.0,0.0,0.0,0.0,0.0,0.0,0.0,0.0,0.0,0.0,0.0,A201A
0.361,-0.081,2.737,-0.015,0.619,-0.035,-1.293,0.0,0.0,0.0,0.0,0.0,-0.004,3.318,0.679,-5.028,0.974,2.230477455050732,I202E
-0.154,-0.005,2.383,-0.012,0.212,-0.119,0.426,0.0,0.0,0.0,0.0,0.0,-0.004,1.608,0.588,-2.398,1.327,3.8480588906991215,I202R
-11.353,49.110454895788095,4.025,0.075,0.423,0.046,0.163,0.0,0.0,0.0,0.0,0.0,0.0,4.391,0.099,-0.742,0.297,49.01483687549455,A201Y
-10.945,49.42899438449389,3.256,0.069,0.411,0.214,0.232,0.0,0.0,0.0,0.0,0.0,0.0,4.193,0.138,-0.106,0.294,49.37566441163286,A201F
-0.256,0.103,0.525,-0.007,0.032,0.086,0.24,0.0,0.0,0.0,0.0,0.0,-0.004,0.404,0.237,-0.642,0.99,1.7066743452862738,I202L
-9.965,49.99920753145094,12.538,0.013,0.378,0.211,1.669,0.0,0.0,0.0,0.0,0.0,0.0,3.612,-0.028,-2.039,0.16,49.9993900929604,A201K
-0.399,-0.109,1.107,-0.018,0.025,-0.043,0.2,0.0,0.0,0.0,0.0,0.0,-0.004,1.617,0.556,-0.646,0.665,2.948225369485272,I202M
-1.886,49.967466182921214,0.933,-0.019,0.037,0.293,1.074,46.91,1.054,0.0,0.0,0.0,0.188,-0.198,4.055,-3.947,14.722,49.99740420724313,I202P
3.583,-0.592,0.828,-0.002,0.0,0.129,-0.082,0.0,0.0,0.0,0.0,0.0,-0.031,0.0,0.306,-0.526,0.507,4.118737786070824,A201G
2.702,-0.188,1.503,-0.022,-0.019,-0.082,-0.44,0.0,0.0,0.0,0.0,0.0,-0.004,0.059,0.879,-2.593,1.89,3.682175273665053,I202S
0.295,-0.149,2.686,-0.012,0.466,-0.213,-1.25,0.0,0.0,0.0,-1.269,0.0,-0.004,1.354,0.146,-3.644,-0.186,-1.782694248011694,I202N
-1.804,0.776,3.144,-0.016,0.374,-0.651,-0.005,0.0,0.0,0.0,0.0,0.0,-0.004,1.799,0.202,-2.604,1.295,2.505368254805262,I202H
0.866,0.16,0.658,-0.005,0.184,-0.035,0.097,0.0,0.0,0.0,0.0,0.0,-0.004,1.855,0.271,-0.042,4.244,8.246153908735323,I202W
-13.918,49.99999999947885,5.504,0.258,0.58,-0.178,0.48,0.0,0.0,0.0,0.0,0.0,0.0,3.932,0.0,0.937,0.112,49.999999999428695,A201W
-7.364,49.99882884112118,4.82,0.001,0.042,0.141,1.046,31.525,1.037,0.0,0.0,0.0,0.085,2.21,0.045,-2.968,11.341,49.99978136113499,A201P
-9.591,45.81599214694739,9.246,0.008,0.803,0.037,0.227,0.0,0.0,0.0,0.0,0.0,0.0,3.263,-0.081,-1.625,0.109,46.18336479700654,A201H
-0.047,-0.069,2.259,-0.016,0.114,-0.198,0.245,0.0,0.0,0.0,0.0,0.0,-0.004,0.946,0.788,-3.018,1.311,2.309582015938531,I202K
-5.758,49.85441667967219,4.821,0.007,0.077,0.276,-1.771,0.0,0.0,0.0,0.0,0.0,0.0,0.357,-0.081,-0.173,0.233,49.842226195819414,A201T
1.218,-0.007,-0.849,-0.003,-0.442,0.191,0.167,0.0,0.0,0.0,0.0,0.0,0.0,-1.199,0.962,1.626,0.671,2.332863078341461,H204A
-9.939,49.95021929127727,2.43,0.098,0.261,0.446,-0.636,0.0,0.0,0.0,0.0,0.0,0.016,2.914,0.712,0.979,0.608,49.945829413224644,A201I
1.292,-0.037,0.427,-0.016,-0.023,-0.249,-0.117,0.0,0.0,0.0,0.0,0.0,-0.004,-0.124,0.758,-1.152,0.428,1.180527535262172,I202T
-6.492,8.682,8.999,0.027,0.716,-0.401,0.65,0.0,0.0,0.0,0.0,0.0,0.0,4.454,-0.099,-2.665,0.087,13.956868503862324,A201N
0.514,0.088,-0.606,-0.01,-0.037,-0.041,-0.024,0.0,0.0,0.0,0.0,0.0,0.0,-0.197,0.079,0.339,-0.027,0.0769274804263204,I202V
0.231,-0.001,0.343,0.001,-0.124,-0.199,0.344,0.0,0.0,0.0,0.0,0.0,0.0,0.459,-0.145,-1.039,-0.087,-0.2183190168771034,H204N
-6.698,45.792033461618274,0.554,0.031,0.084,-0.155,0.035,0.0,0.0,0.0,0.0,0.0,0.016,1.716,0.644,1.318,0.622,45.486132072410456,A201V
-1.725,23.71,-1.064,-0.001,-0.366,0.059,-0.183,9.479,0.0,0.0,0.0,0.0,0.123,-1.199,2.28,-1.342,13.472,43.24121808359018,H204P
-0.361,0.039,-0.659,0.02,-0.285,0.123,0.155,0.0,0.0,0.0,0.0,0.0,0.009,-1.155,0.64,2.605,0.402,1.532444253678932,H204I
0.0,0.0,0.0,0.0,0.0,0.0,0.0,0.0,0.0,0.0,0.0,0.0,0.0,0.0,0.0,0.0,0.0,0.0,H204H
1.634,-0.01,-0.532,-0.005,-0.442,0.22,0.104,0.0,0.0,0.0,0.0,0.0,0.012,-1.199,1.04,1.099,1.022,2.941594994021898,H204G
-1.93,0.202,2.001,0.01,0.093,-0.289,0.085,-0.789,0.0,0.0,0.0,0.0,-0.037,3.103,0.459,3.301,0.185,6.391594320040667,P203M
-0.368,0.056,-0.645,0.017,-0.157,0.109,0.05,0.0,0.0,0.0,0.0,0.0,0.0,0.362,0.254,1.519,0.063,1.2599315131221829,H204F
-1.843,0.233,-1.274,0.023,0.087,0.079,0.177,0.0,0.0,0.0,0.0,0.0,0.0,1.62,0.234,0.883,0.145,0.3623297480030487,H204Y
0.667,-0.001,-0.261,0.002,-0.07,0.158,0.026,0.0,0.0,0.0,0.0,0.0,0.0,1.191,0.727,-2.423,0.534,0.5481106270467535,H204E
1.451,0.313,-4.214,-0.009,-0.15,0.763,1.514,23.206,0.0,0.0,0.0,0.0,0.017,-2.036,2.177,-1.548,1.517,22.99705019895077,R206P
0.687,-0.007,-0.462,-0.001,-0.425,0.154,-0.042,0.0,0.0,0.0,0.0,0.0,0.0,-1.032,0.586,3.556,0.355,3.366811592826025,H204C
0.604,-0.007,0.537,0.0,-0.103,-0.084,-0.321,0.0,0.0,0.0,0.0,0.0,0.0,1.098,0.129,-1.845,0.099,0.1058623658805117,H204D
0.667,-0.001,-0.271,0.004,-0.274,0.159,0.174,0.0,0.0,0.0,0.0,0.0,0.0,-0.341,0.613,-0.414,0.454,0.7673569057690202,H204K
0.357,-0.001,-0.461,0.011,-0.336,0.118,0.103,0.0,0.0,0.0,0.0,0.0,0.0,-1.152,0.589,1.963,0.276,1.464734156231998,H204L
0.666,-0.002,-0.272,0.007,-0.192,0.159,0.272,0.0,0.0,0.0,0.0,0.0,0.0,0.325,0.268,0.206,0.251,1.6866128101116828,H204R
0.894,-0.007,0.048,-0.002,-0.365,0.086,-0.138,0.0,0.0,0.0,0.0,0.0,0.0,-0.822,0.511,0.011,0.579,0.7933755895278409,H204S
-3.395,1.06,-1.306,0.019,0.481,0.043,0.082,0.0,0.0,0.0,0.0,0.0,0.0,1.063,0.536,2.562,0.416,1.559148913471745,H204W
0.169,0.003,-0.111,0.007,-0.341,0.08,0.263,0.0,0.0,0.0,0.0,0.0,0.0,-0.367,0.678,1.958,0.482,2.8198887123346594,H204M
-0.317,0.045,-1.17,0.014,-0.384,0.11,0.097,0.0,0.0,0.0,0.0,0.0,0.009,-1.195,0.654,2.944,0.425,1.229337256753297,H204V
3.781,-0.118,-4.069,-0.015,-0.288,0.804,1.498,0.0,0.0,0.0,0.0,0.0,-0.015,-2.09,0.612,0.893,1.259,2.249345303130667,R206G
0.956,-0.017,-2.767,0.006,-0.063,0.545,0.957,0.0,0.0,0.0,0.0,0.0,0.0,-0.499,-0.302,1.313,0.013,0.1417019328644073,R206F
0.359,0.011,-0.043,0.001,-0.351,0.03,-0.16,0.0,0.0,0.0,0.0,0.0,0.0,-1.196,0.144,1.453,0.296,0.5459047879735408,H204T
2.242,-0.02,-1.767,-0.011,0.001,0.574,2.026,0.0,0.0,0.0,0.0,0.0,0.0,-0.28,0.494,-2.051,0.985,2.191292939371351,R206D
1.597,-0.018,-3.533,0.017,-0.145,0.635,1.073,0.0,0.0,0.0,0.0,0.0,-0.051,-1.178,-0.151,2.399,0.48,1.1232569272481214,R206I
3.1,1.325,-5.78,0.002,-0.353,0.709,0.359,0.0,0.0,0.0,-0.21,2.024,0.0,1.215,0.337,1.958,-0.054,4.630149037371211,H205M
2.479,-0.019,-3.52,-0.013,-0.275,0.694,1.248,0.0,0.0,0.0,0.0,0.0,0.0,-1.967,0.089,3.35,1.227,3.2907167661442145,R206C
1.344,-0.019,-3.544,0.002,-0.232,0.529,1.114,0.0,0.0,0.0,0.0,0.0,0.0,-2.015,-0.331,1.757,-0.444,-1.8426763689681136,R206L
5.159,-1.548,3.623,0.007,0.165,1.994,-3.044,-0.789,0.0,0.0,-0.829,-0.237,-0.037,5.023,0.468,-0.502,0.131,9.580354791487252,P203D
2.448,-0.02,-2.92,-0.009,-0.008,0.616,1.471,0.0,0.0,0.0,0.0,0.0,0.0,0.297,0.085,-2.629,0.001,-0.6706448447941966,R206E
0.0,0.0,0.0,0.0,0.0,0.0,0.0,0.0,0.0,0.0,0.0,0.0,0.0,0.0,0.0,0.0,0.0,0.0,P203P
-0.503,0.229,4.059,0.007,0.478,-0.267,-0.599,-0.789,0.0,0.0,0.0,0.0,-0.037,3.642,0.609,0.303,0.391,7.521062427154447,P203N
3.153,-0.018,-4.132,-0.013,-0.288,0.735,1.379,0.0,0.0,0.0,0.0,0.0,0.0,-2.09,0.182,1.42,0.396,0.7208694056312197,R206A
1.233,-0.018,-1.706,-0.012,0.042,0.937,-0.082,0.0,0.0,0.0,0.0,-0.972,0.0,1.154,-0.008,-0.206,1.264,1.6235758456336953,R206H
6.111,-0.707,-0.873,-0.003,0.103,-0.183,3.073,0.0,0.0,0.0,-0.21,2.024,0.0,0.745,0.049,-1.845,-0.046,8.237900536432335,H205D
-2.892,24.919,2.426,0.019,0.522,-0.461,5.518,-0.789,0.0,0.0,0.0,0.489,-0.037,2.971,0.402,3.305,0.222,36.610630833167306,P203L
0.653,-0.018,-0.76,-0.001,-0.001,0.624,-0.376,0.0,0.0,0.0,0.0,0.0,0.0,-0.775,0.098,-0.619,-0.235,-1.4136065547311318,R206K
0.979,1.738,-1.263,-0.007,-0.119,1.425,-1.552,0.0,0.0,0.0,0.0,-1.879,0.0,1.284,0.075,-1.356,-0.409,-1.0856026378958177,R206Q
0.0,0.0,0.0,0.0,0.0,0.0,0.0,0.0,0.0,0.0,0.0,0.0,0.0,0.0,0.0,0.0,0.0,0.0,R206R
2.068,-0.018,-2.47,-0.01,-0.04,0.369,1.681,0.0,0.0,0.0,0.0,0.0,0.0,-0.617,0.349,-1.245,0.619,0.6837590778336562,R206N
2.447,-1.059,-0.69,0.002,-0.037,0.007,0.223,-0.789,0.0,0.0,0.0,0.0,-0.037,-0.307,0.306,2.968,-0.146,2.884807880979679,P203A
2.487,-0.431,-4.014,-0.006,-0.062,0.057,2.124,0.0,0.0,0.0,1.718,0.344,0.0,-0.126,1.335,0.173,1.266,4.866066958155898,T208A
2.062,-0.949,1.879,0.0,0.01,-0.093,-0.014,-0.789,0.0,0.0,0.0,0.0,-0.037,-0.236,0.303,1.354,-0.119,3.367968760554504,P203S
0.526,-0.216,-2.38,-0.005,-0.055,-0.018,1.693,0.0,0.0,0.0,1.718,0.344,0.0,0.338,0.68,2.103,1.289,6.016755835452386,T208C
0.466,-0.02,-2.604,-0.008,-0.187,0.469,1.541,0.0,0.0,0.0,0.0,0.0,0.0,-0.059,0.029,1.752,0.118,1.4966247178772392,R206M
0.883,-0.557,-0.487,-0.003,0.063,-0.727,3.24,0.0,0.0,0.0,1.718,0.567,0.0,3.048,0.673,-2.492,0.389,6.315690453165871,T208N
3.002,-0.02,-3.114,-0.013,-0.262,0.579,1.27,0.0,0.0,0.0,0.0,0.0,0.0,-1.499,0.148,-0.195,0.208,0.1016615439493762,R206S
-0.579,-0.111,-0.296,0.013,0.35,-0.145,1.915,0.0,0.0,0.0,1.718,0.344,0.0,1.898,0.971,-1.246,0.853,5.683865544695664,T208R
-1.306,2.665,0.26,0.0,0.203,-0.711,2.685,0.0,0.0,0.0,1.718,0.596,0.0,2.831,0.877,-1.452,0.917,9.283674366453852,T208H
0.427,0.108,0.811,0.004,-0.001,-0.176,-0.019,-0.789,0.0,0.0,0.0,0.0,-0.037,1.495,0.847,4.898,0.192,7.757383508214389,P203C
-2.522,5.518,-4.44,0.017,-0.305,1.271,0.588,0.0,0.0,0.0,-0.21,2.024,0.0,0.041,0.195,1.519,-0.087,3.608154777881964,H205F
6.455,-0.796,-7.325,-0.002,-0.342,0.366,1.54,0.0,0.0,0.0,0.0,2.068,0.0,-2.003,0.208,3.556,-0.092,3.631001994853023,H205C
-1.016,-0.007,3.608,0.011,0.263,-0.484,-0.523,-0.789,0.0,0.0,0.0,0.0,-0.037,3.772,0.378,0.193,0.053,5.420567464580017,P203Q
-0.286,-0.028,3.723,0.015,1.307,-0.293,-0.528,-0.789,0.0,0.0,0.0,0.0,-0.037,3.884,0.21,-1.081,-0.138,5.956914864389546,P203E
4.022,-0.533,-3.821,-0.007,-0.062,0.193,1.911,0.0,0.0,0.0,1.718,0.344,0.134,-0.126,0.489,-0.353,0.316,4.224578350497723,T208G
-4.486,19.412,5.91,0.022,0.765,-0.541,4.587,-0.789,0.0,0.0,0.0,0.489,-0.037,4.225,0.725,2.226,0.233,32.73930295539276,P203Y
-0.754,-0.108,0.033,0.005,0.183,-0.3,2.026,0.0,0.0,0.0,1.718,0.344,0.0,1.042,1.114,-1.866,0.95,4.385842273992239,T208K
1.415,-0.002,-2.92,0.01,0.01,0.425,1.425,0.0,0.0,0.0,0.0,0.0,0.0,0.675,-0.309,2.356,2.145,5.228590472368069,R206W
0.879,-0.015,-2.726,0.006,-0.054,0.568,0.897,0.0,0.0,0.0,0.0,0.0,0.0,-0.65,-0.285,0.677,0.21,-0.4931834811955013,R206Y
9.547,-0.886,-8.965,-0.004,-0.372,0.572,1.919,0.0,0.0,0.0,0.0,2.068,0.0,-2.426,0.085,1.626,-0.294,2.867211101224484,H205A
-1.955,23.408,-2.333,-0.006,-0.069,-0.288,5.452,42.41530358122431,0.0,0.0,4.001,2.867,0.023,0.382,3.514,-2.795,4.458,48.141322094313935,T208P
1.15,0.381,0.541,-0.003,0.238,0.042,-0.698,0.0,0.0,0.0,0.28,0.344,0.0,3.312,0.745,-3.297,0.282,3.315263148056374,T208D
-2.32,1.13,-3.057,0.013,-0.221,-0.076,0.829,0.0,0.0,0.0,0.0,0.191,0.0,0.322,0.081,2.562,-0.096,-0.6423353198547375,H205W
2.319,-0.016,-3.175,-0.009,-0.185,0.549,0.943,0.0,0.0,0.0,0.0,0.0,0.0,-1.73,0.045,1.247,0.019,0.003439344102162,R206T
1.714,-0.02,-4.131,0.007,-0.231,0.648,0.921,0.0,0.0,0.0,0.0,0.0,-0.051,-1.375,-0.15,2.738,0.333,0.4014974553815591,R206V
0.24,-0.072,-2.771,0.022,0.088,0.301,2.721,0.0,0.0,0.0,0.0,0.0,0.0,0.374,0.479,3.364,0.349,5.094131585941568,D209F
-5.021,1.185,2.243,0.023,-0.001,-0.098,-0.73,0.0,0.0,0.0,-0.211,0.272,0.0,2.927,0.113,-0.106,0.159,0.7577767967411546,A210F
4.371,49.58395379487043,-6.158,-0.001,-0.245,0.802,2.213,12.901,0.848,0.0,0.0,2.068,0.165,-0.96,-0.689,-1.342,4.03,49.79704117525841,H205P
4.684,-0.061,-1.6,0.007,0.262,0.113,1.721,0.0,0.0,0.0,-0.21,2.024,0.0,2.723,0.026,-2.423,-0.124,7.138677309553259,H205E
-2.763,3.121,-0.168,0.013,-0.021,-0.434,1.704,0.0,0.0,0.0,1.718,0.344,0.0,3.113,1.154,1.11,2.305,11.195927262885334,T208W
-0.143,0.03,-1.735,0.003,-0.19,0.014,3.227,0.0,0.0,0.0,0.0,0.0,0.0,-1.683,0.436,1.432,0.429,1.819114454691544,D209K
-0.154,0.357,-2.564,0.007,-0.1,-0.259,2.614,0.0,0.0,0.0,1.718,0.596,0.0,-0.384,1.354,0.51,1.113,4.8075737350609415,T208L
-0.159,-0.052,-2.901,0.023,-0.216,0.121,2.685,0.0,0.0,0.0,0.0,0.0,-0.026,-2.401,1.229,4.45,0.82,3.5707498998506253,D209I
-3.984,17.1,-0.049,0.019,0.287,0.391,3.859,0.0,0.0,0.0,1.508,2.858,0.0,1.925,0.943,0.067,0.909,25.830948304683943,T208F
11.66,-1.274,-7.715,-0.005,-0.372,0.458,1.841,0.0,0.0,0.0,0.0,2.068,0.332,-2.426,0.99,1.099,0.704,7.357872009618177,H205G
0.788,-0.282,-0.223,-0.001,0.11,-0.665,1.72,0.0,0.0,0.0,1.718,0.596,0.0,1.979,1.359,-3.876,0.974,4.196993425940491,T208E
-4.268,0.261,4.749,0.004,0.378,-0.558,-0.436,0.0,0.0,0.0,0.0,0.0,0.0,1.168,-0.11,-1.625,0.271,-0.1662871552605338,A210H
-3.187,14.46,5.93,0.005,1.123,-0.534,4.929,-0.789,0.0,0.0,0.0,-0.927,-0.037,2.769,0.569,1.343,0.184,25.835850160569635,P203H
-1.994,7.384,0.85,0.023,0.044,-0.221,0.104,-0.789,0.0,0.0,0.0,0.0,0.12,1.957,0.846,3.947,0.225,12.493851256720973,P203I
3.685,0.092,-2.775,0.005,0.064,0.963,-1.035,0.0,0.0,0.0,-1.637,2.024,0.0,1.064,0.193,-1.15,0.016,1.5073106811778416,H205Q
-3.752,17.763,4.067,0.022,0.759,-0.658,4.722,-0.789,0.0,0.0,0.0,0.489,-0.037,4.582,0.734,2.862,0.306,31.06764046060653,P203F
-3.581,31.928,-1.087,0.018,0.001,-0.07,1.373,0.0,0.0,0.0,1.921,0.546,-0.017,-0.419,0.765,1.152,0.767,33.29592052311591,T208I
4.044,-1.102,-0.249,-0.002,-0.038,-0.012,0.083,-0.789,0.0,0.0,0.0,0.0,0.066,-0.351,0.913,2.442,0.517,5.518506490630216,P203G
-0.578,-0.114,-1.086,0.004,-0.05,0.022,2.098,0.0,0.0,0.0,1.718,0.344,0.0,1.163,1.194,0.506,1.547,6.768019879614485,T208M
3.033,24.118,-7.876,0.03,-0.271,0.52,1.88,0.0,0.0,0.0,0.0,2.068,0.233,-0.198,0.129,2.605,0.019,26.287332583916623,H205I
-1.755,8.569,-3.038,0.009,-0.038,-0.594,3.228,0.0,0.0,0.0,3.466,0.604,-0.017,0.14,0.683,1.491,0.695,13.442517713045165,T208V
-0.708,49.67991088544323,2.744,0.023,-0.044,1.407,-0.613,-0.789,0.0,0.0,-0.829,-0.146,-0.037,6.614,0.428,3.905,0.063,49.801802737231434,P203W
1.512,-0.055,-0.174,-0.002,0.0,0.173,-0.053,0.0,0.0,0.0,0.0,0.0,-0.073,0.0,0.937,-0.526,1.045,2.783564998524753,A210G
-1.87,0.104,3.325,0.007,0.569,-0.262,0.057,0.0,0.0,0.0,0.0,0.0,0.0,3.377,-0.117,-4.049,0.074,1.215437646822238,A210E
-1.442,0.168,3.853,0.019,0.634,-0.617,-0.186,-0.789,0.0,0.0,0.0,0.0,-0.037,3.569,0.45,0.929,-0.098,6.450538144629036,P203K
0.809,46.653702491902735,-8.274,0.047,-0.153,0.427,1.952,0.0,0.0,0.0,0.0,2.181,0.0,1.158,0.008,1.963,-0.067,46.66019861243878,H205L
-0.905,-0.142,0.437,0.002,0.473,-0.1,1.051,0.0,0.0,0.0,1.487,0.344,0.0,2.028,1.223,-2.602,1.104,4.397463449039606,T208Q
5.14,-0.663,-2.928,0.0,0.058,-0.053,1.394,0.0,0.0,0.0,0.0,2.068,0.0,0.078,0.254,-1.039,0.195,4.501759395390991,H205N
6.617,-1.748,-2.136,-0.003,-0.069,-0.315,-0.31,-0.261,0.0,0.0,0.0,0.0,0.007,-0.05,1.818,2.442,0.697,6.687424650164076,P207G
0.201,-0.051,-1.87,0.002,0.0,0.128,1.86,0.0,0.0,0.0,0.0,0.0,0.0,-0.123,0.407,-0.578,0.401,0.3738477003366824,D209E
0.11,-0.052,-2.088,0.003,-0.113,-0.014,2.987,0.0,0.0,0.0,0.0,0.0,0.0,-0.118,0.278,0.695,0.275,1.9615307259091423,D209Q
-1.465,0.263,4.381,0.016,0.462,-0.262,-0.635,-0.789,0.0,0.0,0.0,-0.005,-0.037,2.744,0.377,1.549,-0.012,6.5852765650111,P203R
0.363,0.334,2.949,0.014,0.081,0.044,-0.98,-0.789,0.0,0.0,0.0,-0.003,-0.037,2.723,0.815,2.795,0.436,8.744304770272947,P203T
2.745,1.555,-0.831,0.008,-0.193,-0.081,-0.133,0.0,0.0,0.0,-0.21,2.024,0.0,0.74,0.078,-0.414,-0.078,5.208596158086948,H205K
0.0,0.0,0.0,0.0,0.0,0.0,0.0,0.0,0.0,0.0,0.0,0.0,0.0,0.0,0.0,0.0,0.0,0.0,D209D
-4.077,18.412,0.488,0.018,0.29,0.204,3.547,0.0,0.0,0.0,1.508,2.858,0.0,1.849,0.93,-0.569,0.839,26.294193114433483,T208Y
1.365,-0.072,-3.449,-0.003,-0.344,0.352,2.539,0.0,0.0,0.0,0.0,0.0,0.0,-2.5,0.566,3.471,0.403,2.325068934113005,D209A
1.837,-0.116,-3.233,-0.005,-0.344,0.418,2.487,0.0,0.0,0.0,0.0,0.0,0.12,-2.5,0.618,2.944,0.67,2.89551734259976,D209G
4.651,-1.706,-3.179,-0.003,-0.148,0.141,-0.566,-0.261,0.0,0.0,-0.21,0.273,-0.007,0.377,0.877,2.968,-0.348,2.857178200561748,P207A
0.0,0.0,0.0,0.0,0.0,0.0,0.0,0.0,0.0,0.0,0.0,0.0,0.0,0.0,0.0,0.0,0.0,0.0,H205H
0.223,-0.031,-2.794,-0.002,-0.329,0.147,2.143,0.0,0.0,0.0,0.0,0.0,0.0,-2.318,0.75,5.401,0.293,3.481761393597253,D209C
-8.434,49.99999913171847,14.571,0.013,0.187,0.869,-1.107,-0.261,0.0,0.0,0.0,0.326,-0.007,3.601,0.909,0.929,-0.131,49.99999945107617,P207K
0.0,0.0,0.0,0.0,0.0,0.0,0.0,0.0,0.0,0.0,0.0,0.0,0.0,0.0,0.0,0.0,0.0,0.0,T208T
6.071,12.358,-5.062,0.007,-0.317,0.391,0.874,0.0,0.0,0.0,0.0,2.068,0.0,-1.941,0.16,1.453,0.134,16.195056984881603,H205T
-0.799,0.04,-2.832,0.01,-0.242,0.338,2.678,0.0,0.0,0.0,0.0,0.0,0.0,-2.478,0.372,3.808,0.31,1.2018435581267113,D209L
1.607,-0.447,-0.179,-0.005,-0.008,0.078,0.209,0.0,0.0,0.0,-0.085,0.061,0.0,0.255,0.56,-1.441,0.677,1.282031224710181,T208S
-0.41,0.036,-0.998,0.001,-0.045,-0.195,1.937,0.0,0.0,0.0,0.0,0.0,0.0,-0.71,0.046,0.806,0.099,0.5670762675767946,D209N
0.28,-0.054,-2.315,0.01,0.063,0.147,2.946,0.0,0.0,0.0,0.0,0.0,0.0,-0.898,0.417,2.051,0.345,2.98996155783675,D209R
4.192,0.063,-1.544,0.026,-0.527,1.422,0.03,-0.789,0.0,0.0,-0.829,-0.226,0.12,3.356,0.91,4.286,0.236,10.723118729893258,P203V
-0.625,-0.22,4.163,0.001,0.179,0.483,-1.401,0.0,0.0,0.0,-0.211,-0.653,0.0,2.702,-0.159,-3.47,0.213,1.0044122536285158,A210D
-10.858,50.0,-1.994,0.015,0.049,1.084,-2.687,-0.261,0.0,0.0,-0.21,-0.989,-0.007,4.269,1.053,2.862,-0.117,50.0,P207F
-0.925,-0.042,-2.397,0.018,0.467,0.069,2.79,0.0,0.0,0.0,0.0,0.0,0.0,-0.617,0.421,4.407,0.331,4.520769788359985,D209W
0.499,-0.072,-2.136,0.0,0.444,0.183,2.097,0.0,0.0,0.0,0.0,0.0,0.0,-0.183,0.324,1.845,0.282,3.282186880198651,D209H
-0.476,30.597,-3.378,-0.001,-0.282,0.164,3.311,2.667,0.0,0.0,0.0,0.0,0.246,-2.471,0.531,0.503,1.706,33.11353652632215,D209P
-7.362,49.99994774580256,-1.665,0.021,-0.08,0.33,-1.745,-0.261,0.0,0.0,-0.416,0.599,-0.007,2.519,0.905,3.305,-0.015,49.99993899063844,P207L
8.868,-0.922,-5.504,-0.002,-0.316,0.28,1.237,0.0,0.0,0.0,0.0,2.068,0.0,-2.084,0.159,0.011,0.003,3.796032990694584,H205S
4.667,22.511,-8.795,0.022,-0.3,0.479,1.878,0.0,0.0,0.0,0.0,2.068,0.233,-1.055,0.066,2.944,-0.052,24.66370942828576,H205V
-2.857,7.067,-1.515,0.015,-0.299,1.147,-0.67,0.0,0.0,0.0,-0.21,0.673,0.0,0.387,0.134,0.883,-0.086,4.666615879599931,H205Y
-1.622,0.191,-2.097,0.006,-0.231,0.321,2.443,0.0,0.0,0.0,0.0,0.0,0.0,-1.735,0.555,3.803,0.235,1.869892239694764,D209M
-0.846,0.332,-2.141,0.02,0.054,-0.026,3.459,0.0,0.0,0.0,0.967,0.0,0.0,-0.13,0.46,2.728,0.393,5.268352284730327,D209Y
1.245,-0.072,-2.781,-0.002,-0.278,0.311,2.372,0.0,0.0,0.0,0.0,0.0,0.0,-2.265,0.321,1.856,0.438,1.1442670219607862,D209S
-16.165,50.0,20.846,0.008,0.34,0.366,-2.009,-0.261,0.0,0.0,-0.105,-0.314,-0.007,6.101,0.921,1.549,-0.117,50.0,P207R
2.091,0.641,-1.692,0.01,-0.132,0.395,-0.074,0.0,0.0,0.0,-0.21,2.024,0.0,1.869,0.055,0.206,-0.093,5.090516463866379,H205R
-0.154,-0.057,-3.19,0.014,-0.294,0.108,2.607,0.0,0.0,0.0,0.0,0.0,-0.026,-2.462,1.302,4.789,0.876,3.5118581858359903,D209V
-0.923,0.858,-0.397,-0.001,-0.062,-0.021,-1.034,-0.261,0.0,0.0,0.0,0.0,-0.007,0.689,1.071,4.898,-0.132,4.678677336728015,P207C
-1.473,5.478,10.298,0.001,0.232,0.598,-1.538,-0.261,0.0,0.0,-1.07,-0.538,-0.007,1.761,0.819,-0.502,-0.078,13.718467703964052,P207D
-0.378,0.004,2.581,-0.001,0.025,-0.003,-0.903,0.0,0.0,0.0,0.0,-1.231,0.0,0.81,0.08,-1.614,0.282,-0.3475607360762751,A210S
0.251,-0.054,-2.809,0.001,-0.268,0.073,2.368,0.0,0.0,0.0,0.0,0.0,0.0,-2.494,0.355,3.298,0.514,1.2336188246556503,D209T
3.786,-1.657,-0.8,0.034,1.581,1.064,1.379,-0.261,0.0,0.0,0.967,-2.386,-0.007,5.952,1.026,0.193,-0.057,10.810044334663644,P207Q
7.065,-2.335,-2.123,0.035,2.241,1.463,-0.238,-0.261,0.0,0.0,0.757,-1.14,-0.007,8.045,0.828,-1.081,-0.176,13.069404621803416,P207E
-2.347,0.127,3.27,0.009,0.434,-0.109,-1.147,0.0,0.0,0.0,-0.652,0.0,0.0,2.347,0.075,-2.775,0.218,-0.5486478831890054,A210Q
-4.285,49.99861093400643,2.238,0.001,0.068,-0.099,0.674,5.044,0.0,0.0,1.718,0.0,-0.075,0.421,-0.829,-2.968,11.0,49.99917110018849,A210P
3.716,10.044,-7.31,0.046,1.127,1.781,0.267,-0.261,0.0,0.0,0.757,-0.601,-0.006,4.612,1.102,3.947,0.053,19.271379371389685,P207I
0.0,0.0,0.0,0.0,0.0,0.0,0.0,0.0,0.0,0.0,0.0,0.0,0.0,0.0,0.0,0.0,0.0,0.0,P207P
0.0,0.0,0.0,0.0,0.0,0.0,0.0,0.0,0.0,0.0,0.0,0.0,0.0,0.0,0.0,0.0,0.0,0.0,A210A
-1.804,6.37,1.898,0.007,0.09,-0.285,-0.895,-0.261,0.0,0.0,0.0,0.0,-0.007,3.261,1.197,3.301,-0.04,12.830473655798867,P207M
-1.702,0.029,1.198,0.001,0.03,-0.191,-0.257,0.0,0.0,0.0,0.0,0.0,0.0,0.258,0.08,1.93,0.155,1.5301724643848047,A210C
-2.329,5.319,5.998,0.001,0.114,0.709,-1.819,-0.261,0.0,0.0,-1.024,0.273,-0.007,3.2,1.066,0.303,0.144,11.68518854748595,P207N
-9.838,49.999999999833584,9.931,0.002,0.166,-0.462,-2.832,-0.261,0.0,0.0,0.0,0.253,-0.007,2.968,0.838,1.343,-0.036,49.99999999984677,P207H
-4.876,1.089,5.558,0.014,0.353,-0.831,-0.807,0.0,0.0,0.0,0.0,0.0,0.0,2.074,-0.017,-1.419,0.156,1.2940247969856955,A210R
-21.018,50.0,4.701,0.016,0.042,0.232,-2.113,-0.261,0.0,0.0,-0.21,0.273,-0.007,2.579,0.975,3.905,-0.13,50.0,P207W
-2.741,0.976,0.842,0.017,0.044,-0.086,0.044,0.0,0.0,0.0,0.0,0.0,-0.082,0.521,-0.017,1.318,0.184,1.0214050448564649,A210V
-2.972,1.046,1.759,0.039,0.073,-0.081,-0.087,0.0,0.0,0.0,0.0,0.0,-0.082,1.418,0.079,0.979,0.284,2.4553683077569985,A210I
-1.427,2.391,-1.922,0.018,-0.018,-0.032,-0.401,-0.261,0.0,0.0,0.0,0.0,-0.006,2.066,1.008,4.286,-0.046,5.65549169279052,P207V
2.917,-1.388,2.327,-0.001,-0.045,-0.463,-1.271,-0.261,0.0,0.0,-0.276,0.0,-0.007,0.732,0.973,1.354,-0.054,4.535415885266957,P207S
-15.631,50.0,5.482,0.018,0.104,-0.307,-0.895,-0.261,0.0,0.0,0.0,-0.698,-0.007,3.613,0.96,2.226,-0.122,50.0,P207Y
-3.108,3.227,1.724,0.016,0.061,-0.339,-0.191,0.0,0.0,0.0,0.0,0.113,0.0,1.127,-0.089,0.337,0.214,3.0926087188881866,A210L
-5.441,1.089,2.675,0.006,0.066,-0.648,-0.044,0.0,0.0,0.0,0.0,0.113,0.0,2.475,0.266,0.333,0.274,1.1640278871830103,A210M
-4.436,0.845,4.676,0.008,0.194,-0.854,-0.859,0.0,0.0,0.0,0.0,0.0,0.0,1.654,-0.047,-2.039,0.109,-0.7490439967257316,A210K
-3.375,0.357,3.185,0.018,0.193,-0.49,-0.548,0.0,0.0,0.0,0.0,0.0,0.0,2.296,0.021,0.937,0.168,2.7605002653228894,A210W
-0.186,1.243,0.086,0.003,0.026,-0.218,-1.312,-0.261,0.0,0.0,0.0,0.0,-0.007,1.871,0.98,2.795,0.104,5.122641748323986,P207T
-1.68,0.14,2.305,0.006,0.051,-0.218,-1.112,0.0,0.0,0.0,0.0,-1.323,0.0,0.054,0.004,-0.173,0.329,-1.616154374672078,A210T
-2.394,0.492,4.141,0.004,0.386,-0.346,-0.917,0.0,0.0,0.0,0.0,-0.172,0.0,2.228,0.073,-2.665,0.426,1.2582356966270254,A210N
-5.722,1.522,3.638,0.023,0.041,-0.068,-1.835,0.0,0.0,0.0,-0.211,-0.225,0.0,3.259,-0.005,-0.742,0.141,-0.1816169905901006,A210Y
2.15,-0.684,1.712,-0.009,0.257,-0.098,0.007,0.0,0.0,0.0,0.0,0.0,0.024,2.881,0.708,-5.367,0.43,2.008026681681258,V211E
1.81,-0.08,3.808,-0.012,0.233,-0.127,1.264,0.0,0.0,0.0,0.0,0.0,0.024,2.427,0.875,-4.788,0.577,6.008316025449403,V211D
2.113,-0.696,0.694,-0.013,-0.031,0.035,0.082,0.0,0.0,0.0,0.0,0.0,0.024,0.455,0.654,0.612,0.446,4.373657286836078,V211C
-0.347,-0.171,1.732,0.009,0.184,-1.19,0.328,0.0,0.0,0.0,-0.795,0.0,0.024,2.589,0.376,-1.424,0.253,1.5658262582667248,V211F
2.145,-0.692,1.438,-0.005,0.17,-0.047,-0.22,0.0,0.0,0.0,0.0,0.0,0.024,1.894,0.578,-2.737,0.373,2.9198580712138664,V211R
-0.549,-0.179,0.936,0.005,0.193,-0.153,-0.059,0.0,0.0,0.0,0.0,0.0,0.024,1.741,0.494,-2.06,0.228,0.6195075490334148,V211Y
0.297,-0.616,2.681,-0.011,0.329,-0.207,-0.243,0.0,0.0,0.0,-0.056,0.0,0.024,2.152,0.626,-2.943,0.472,2.503771239485559,V211H
3.413,-0.705,-0.164,-0.014,-0.044,0.053,0.136,0.0,0.0,0.0,0.0,0.0,0.024,-0.019,0.983,-1.318,0.79,3.1334842980400026,V211A
4.505,-0.721,0.058,-0.015,-0.044,0.036,0.092,0.0,0.0,0.0,0.0,0.0,0.007,-0.019,1.627,-1.844,2.092,5.771542105477465,V211G
2.309,1.156,0.414,-0.01,0.091,0.217,-0.03,7.276,0.0,0.0,0.0,0.0,0.071,0.059,2.907,-4.286,2.329,12.50043958919855,V211P
0.549,4.467,0.498,0.007,0.035,0.015,-0.106,0.0,0.0,0.0,0.0,0.0,0.024,2.057,0.157,-0.981,0.3,7.019811479883401,V211L
-0.355,0.194,2.339,-0.006,0.034,0.051,-0.226,0.0,0.0,0.0,0.0,0.0,0.024,1.231,0.753,-0.985,0.377,3.4291012596022483,V211M
-0.262,0.211,3.617,-0.008,0.145,0.171,-1.303,0.0,0.0,0.0,-0.683,0.0,0.024,2.98,0.684,-4.093,0.32,1.798165625364618,V211Q
0.0,0.0,0.0,0.0,0.0,0.0,0.0,0.0,0.0,0.0,0.0,0.0,0.0,0.0,0.0,0.0,0.0,0.0,V211V
1.288,0.018,-0.631,-0.004,-0.314,0.273,1.465,0.0,0.0,0.0,0.151,-0.226,0.0,1.558,0.173,-1.273,0.186,2.66236893588939,Q213E
-2.055,0.45,1.339,0.007,0.492,0.082,0.585,0.0,0.0,0.0,0.0,0.0,0.024,2.733,0.568,-0.381,0.595,4.436708226261317,V211W
-0.207,0.049,0.824,0.009,0.03,-0.044,0.009,0.0,0.0,0.0,0.0,0.0,0.0,0.295,-0.097,-0.339,-0.081,0.4454170890369369,V211I
2.038,-0.68,1.422,-0.008,0.087,-0.061,-0.03,0.0,0.0,0.0,0.0,0.0,0.024,1.251,0.686,-3.357,0.337,1.7077733261055528,V211K
1.351,-0.634,2.619,-0.011,0.235,-0.401,0.487,0.0,0.0,0.0,0.0,0.0,0.024,2.199,0.837,-3.983,0.519,3.239307654338745,V211N
3.999,-1.489,0.949,-0.019,-0.037,1.262,-0.761,0.0,0.0,0.0,0.795,0.0,0.0,-0.613,0.162,1.594,-0.012,5.829654417765369,L212C
2.333,-0.041,-2.929,-0.009,-0.571,0.349,0.169,0.0,0.0,0.0,0.151,-0.226,0.0,-0.827,0.249,2.776,0.5,1.9245390671646876,Q213A
-0.156,-0.016,0.445,0.009,0.027,0.017,0.073,0.0,0.0,0.0,0.0,0.0,0.0,0.266,0.016,-0.339,0.019,0.3611459774863306,V214I
3.105,-0.591,2.658,-0.01,-0.02,-1.25,0.109,0.0,0.0,0.0,-0.795,0.0,0.024,1.568,0.988,-2.932,0.564,3.414071094766996,V211S
4.13,-1.732,5.379,-0.016,0.215,0.835,0.042,0.0,0.0,0.0,0.795,0.0,0.0,0.86,-0.046,-3.807,0.092,6.746948537983144,L212D
0.73,0.072,1.34,-0.007,0.012,-0.142,-0.234,0.0,0.0,0.0,0.0,0.0,0.024,0.039,0.501,-1.491,0.461,1.3032169495213566,V211T
-0.455,0.915,-0.25,0.014,-0.344,-0.56,0.217,0.0,0.0,0.0,-0.644,-0.226,0.0,1.615,-0.322,2.67,-0.07,2.5594510891412483,Q213F
0.266,-0.237,1.737,-0.012,0.223,-0.357,-0.321,0.0,0.0,0.0,0.0,0.0,0.046,2.966,0.295,-3.983,0.357,0.9789699505479348,V214N
1.235,-0.012,-1.768,-0.008,-0.562,0.432,-0.736,0.0,0.0,0.0,0.151,-0.226,0.0,-0.715,-0.14,4.706,0.307,2.6626822419932523,Q213C
0.166,0.049,-0.261,-0.007,-0.218,0.136,-0.445,0.0,0.0,0.0,0.151,-0.226,0.0,0.806,-0.083,1.151,0.108,1.3263014069855217,Q213H
0.945,-0.03,-0.18,-0.006,-0.351,-0.068,-0.298,0.0,0.0,0.0,0.151,-0.226,0.0,0.689,0.373,0.111,0.461,1.5708187708892185,Q213N
1.132,0.271,0.592,-0.005,-0.215,0.375,-1.237,0.0,0.0,0.0,-0.663,-0.226,0.0,2.712,0.579,-0.694,0.528,3.146487718398703,Q213D
-0.491,1.228,-1.249,0.012,-0.332,0.059,1.007,0.0,0.0,0.0,0.361,0.0,0.0,-0.091,-0.347,2.034,-0.075,2.114829112671032,Q213Y
0.815,1.656,0.576,-0.004,-0.491,0.459,-0.784,0.0,0.0,0.0,0.151,-0.377,0.0,-0.805,-0.332,2.603,-0.078,3.3873818251058765,Q213T
-1.167,1.793,0.354,0.005,0.168,-0.039,-0.099,0.0,0.0,0.0,0.0,0.0,0.046,2.459,0.349,-1.424,0.051,2.495091310798898,V214F
-4.467,11.165,-0.149,0.003,0.15,0.879,-0.18,0.0,0.0,0.0,0.795,0.0,0.0,2.039,0.266,-0.443,0.002,10.059254676213186,L212F
0.484,-0.235,0.517,-0.013,-0.013,0.061,-0.232,0.0,0.0,0.0,0.0,0.0,0.046,0.23,0.257,0.612,0.008,1.7209367319051123,V214C
-0.298,45.065149208379815,-0.509,0.011,0.034,1.241,-0.308,0.0,0.0,0.0,0.795,0.0,0.079,1.112,0.066,0.643,0.038,45.58226757386137,L212I
0.697,0.333,2.536,-0.012,0.225,-0.119,-1.213,0.0,0.0,0.0,0.0,0.0,0.046,3.218,0.111,-4.788,0.215,1.247780201575324,V214D
0.494,-0.004,1.359,-0.009,0.271,0.047,-0.519,0.0,0.0,0.0,0.0,0.0,0.046,2.362,0.243,-5.367,0.078,-1.0005926235289735,V214E
0.399,0.012,-0.934,0.001,-0.548,0.386,-0.145,0.0,0.0,0.0,0.151,-0.226,0.0,0.131,0.007,3.109,0.26,2.6024608911668565,Q213M
-1.098,49.93467648906619,-1.414,-0.006,-0.449,0.81,3.028,49.071,0.0,0.0,1.324,-0.226,0.258,2.78,3.194,-0.192,2.965,49.9940804855329,Q213P
3.35,-0.178,-3.28,-0.01,-0.571,0.336,0.154,0.0,0.0,0.0,0.151,-0.226,0.029,-0.827,0.583,2.249,1.151,2.9086626427547344,Q213G
0.536,0.013,-1.45,0.005,-0.526,0.4,-0.073,0.0,0.0,0.0,0.151,-0.226,0.0,-0.777,-0.188,3.113,0.03,1.0077875820024929,Q213L
0.165,-0.008,-0.229,0.004,-0.291,-0.158,0.406,0.0,0.0,0.0,0.361,0.0,0.0,-0.372,-0.016,0.737,0.007,0.6052596340598484,Q213K
0.318,49.992876107870195,3.374,-0.014,0.077,0.393,1.902,29.16,0.0,0.948,0.0,0.0,0.051,0.72,-0.466,-3.304,0.322,49.99813300796783,L212P
-0.148,0.012,0.309,-0.002,-0.005,0.366,-0.981,0.0,0.0,0.0,-0.21,-0.226,0.0,0.776,0.0,0.0,0.0,-0.1069424648940184,Q213Q
-0.175,0.288,-0.572,0.008,-0.319,0.289,-0.151,0.0,0.0,0.0,0.151,-0.226,0.0,0.769,-0.229,3.712,0.478,4.024226773579812,Q213W
-0.738,1.039,1.805,-0.013,0.363,-0.346,-0.471,0.0,0.0,0.0,0.0,0.0,0.046,3.458,0.212,-2.943,0.176,2.586447514891006,V214H
1.835,-0.334,0.07,-0.014,-0.044,-0.004,-0.066,0.0,0.0,0.0,0.0,0.0,0.046,-0.044,0.419,-1.318,0.159,0.7056773338990752,V214A
2.144,0.002,-1.195,-0.009,-0.55,0.162,-0.849,0.0,0.0,0.0,0.151,-0.226,0.0,-0.211,-0.122,1.162,0.135,0.5928595098612277,Q213S
-8.157,48.96524085856602,-3.055,0.049,0.371,1.165,0.92,0.0,0.0,0.0,1.536,-0.254,0.0,3.924,0.134,0.6,0.019,48.846362333129974,L212W
-0.316,3.386,-2.104,0.023,-0.501,0.05,0.52,0.0,0.0,0.0,0.361,0.0,0.105,2.967,0.0,3.755,0.253,8.497219420271449,Q213I
2.875,-1.579,4.32,-0.015,0.192,0.672,0.088,0.0,0.0,0.0,0.795,0.0,0.0,0.362,0.173,-3.001,0.277,5.158327606095099,L212N
-1.349,1.093,0.004,-0.014,0.052,1.236,-0.368,0.0,0.0,0.0,0.795,0.0,0.0,0.887,0.425,-0.004,0.128,2.885186003366925,L212M
-0.037,-0.003,1.532,-0.004,0.193,-0.04,0.015,0.0,0.0,0.0,0.0,0.0,0.046,1.572,0.213,-2.737,0.09,0.8381452881471887,V214R
-0.394,45.74584059911859,-2.027,0.007,-0.508,0.425,1.537,0.0,0.0,0.0,0.763,-0.226,0.105,0.577,-0.171,4.094,0.044,46.38336495278795,Q213V
-0.268,0.066,0.712,-0.011,0.023,-0.025,0.007,0.0,0.0,0.0,0.0,0.0,0.046,1.688,0.517,-0.985,0.133,1.9016795084835396,V214M
6.704,-1.484,-0.654,-0.02,-0.049,1.42,0.025,0.0,0.0,0.0,0.795,0.0,0.0,-1.583,0.247,-0.336,0.002,5.065276110999776,L212A
-0.44,2.172,0.187,0.001,0.011,-0.069,0.002,0.0,0.0,0.0,0.0,0.0,0.046,0.61,0.089,-0.981,0.048,1.6755917133709772,V214L
-0.01,0.04,1.287,-0.008,0.102,-0.038,0.334,0.0,0.0,0.0,0.0,0.0,0.046,0.946,0.243,-3.357,0.102,-0.3149539166934119,V214K
2.335,-0.337,0.208,-0.016,-0.044,0.045,-0.157,0.0,0.0,0.0,0.0,0.0,-0.011,-0.044,1.305,-1.844,1.034,2.473587362322405,V214G
-1.203,-0.072,4.1,-0.017,0.26,0.729,-0.348,0.0,0.0,0.0,0.795,0.0,0.0,1.352,0.062,-1.962,0.132,3.828509004911439,L212H
1.149,0.072,0.471,0.007,-0.185,-1.004,-0.679,0.0,0.0,0.0,-0.434,0.0,0.0,0.921,-0.075,1.357,0.078,1.676603906177661,Q213R
6.14,-1.549,2.859,-0.02,-0.024,1.017,-1.057,0.0,0.0,0.0,0.795,0.0,0.0,-0.728,0.301,-1.951,0.229,6.011958748716779,L212S
0.296,2.377,-0.133,-0.012,0.075,0.004,-0.32,1.464,0.0,0.0,0.0,0.0,0.024,0.615,-0.158,-4.286,0.391,0.3346271423508824,V214P
0.862,-1.384,7.897,-0.015,0.213,0.944,-0.746,0.0,0.0,0.0,0.795,0.0,0.0,2.023,0.081,-4.386,-0.057,6.226003648799633,L212E
0.337,0.006,1.204,-0.008,0.143,-0.046,-0.062,0.0,0.0,0.0,0.0,0.0,0.046,2.366,0.342,-4.093,0.17,0.4038078945134202,V214Q
9.215,-2.33,0.272,-0.021,-0.049,1.225,0.072,0.0,0.0,0.0,0.795,0.0,0.093,-1.583,1.16,-0.863,0.954,8.9382968952998,L212G
1.579,-0.33,1.12,-0.013,0.013,-0.105,-0.315,0.0,0.0,0.0,0.0,0.0,0.046,0.246,0.45,-2.932,0.35,0.1079390899853933,V214S
3.326,-1.127,4.507,-0.017,0.048,1.558,-1.975,0.0,0.0,0.0,0.795,0.0,0.0,1.526,0.154,-0.509,0.125,8.410503971877915,L212T
-0.665,-0.863,5.307,-0.015,0.128,1.199,0.156,0.0,0.0,0.0,0.795,0.0,0.0,2.148,0.233,-3.112,0.089,5.39989782692669,L212Q
0.012,-0.113,-0.975,-0.003,0.002,1.127,-0.229,0.0,0.0,0.0,0.795,0.0,0.0,-0.873,0.0,0.0,0.0,-0.2581037297827606,L212L
-2.206,5.117,1.118,0.004,0.214,-0.25,-0.001,0.0,0.0,0.0,0.0,0.0,0.046,3.184,0.205,-0.381,0.033,7.081261460305768,V214W
-1.711,1.779,8.374,-0.002,0.233,0.726,1.269,0.0,0.0,0.0,0.0,0.0,0.0,2.328,0.122,-2.376,-0.037,10.703264525602208,L212K
0.447,0.121,0.798,-0.008,0.01,-0.043,-0.439,0.0,0.0,0.0,0.0,0.0,0.046,0.0,0.278,-1.491,0.222,-0.0592224838480888,V214T
-6.813,31.653,4.355,0.003,0.209,1.123,-0.626,0.0,0.0,0.0,0.795,0.0,0.0,2.703,0.15,-1.079,-0.022,32.4514644993958,L212Y
0.0,0.0,0.0,0.0,0.0,0.0,0.0,0.0,0.0,0.0,0.0,0.0,0.0,0.0,0.0,0.0,0.0,0.0,V214V
-1.43,2.16,0.704,0.004,0.182,-0.156,-0.088,0.0,0.0,0.0,0.0,0.0,0.046,2.652,0.285,-2.06,0.04,2.33867616611542,V214Y
-4.933,6.325,0.298,0.024,0.3,0.117,-1.403,0.0,0.0,0.0,0.0,0.0,0.084,1.84,2.996,0.421,2.918,8.98426202576502,G215F
1.602,45.43854116503766,-1.045,-0.005,-0.005,1.375,0.017,0.0,0.0,0.0,0.795,0.0,0.079,0.226,0.001,0.982,-0.03,46.08499971053162,L212V
-5.887,48.26414649685953,7.561,0.003,0.39,2.178,0.696,0.0,0.0,0.0,0.795,0.0,0.0,3.058,0.134,-1.756,0.012,48.69200307426532,L212R
-0.771,3.499,-0.103,0.002,0.0,-0.032,-0.763,0.0,0.0,0.0,0.0,0.0,0.084,0.0,3.52,0.527,3.366,9.32611804111616,G215A
-2.476,2.998,3.97,0.004,0.329,-0.41,0.849,0.0,0.0,0.0,0.0,0.0,0.084,1.961,2.81,-2.944,2.903,10.075650097636071,G215D
0.0,0.0,0.0,0.0,0.0,0.0,0.0,0.0,0.0,0.0,0.0,0.0,0.0,0.0,0.0,0.0,0.0,0.0,G215G
-1.949,3.326,1.788,0.019,0.519,0.139,0.114,0.0,0.0,0.0,0.0,0.0,0.084,3.938,3.758,-3.522,3.676,11.886896474203468,G215E
-2.191,3.641,0.473,0.003,0.014,0.135,-0.638,0.0,0.0,0.0,0.0,0.0,0.084,0.38,3.201,2.457,6.095,13.651380676249346,G215C
-4.398,7.547,0.506,0.084,0.155,0.41,-0.499,0.0,0.0,0.0,0.0,0.0,0.136,2.554,5.229,1.506,10.815,24.041373529235216,G215I
-4.466,3.887,2.74,0.005,0.472,0.065,-1.681,0.0,0.0,0.0,-1.311,0.0,0.084,1.823,2.94,-1.098,2.793,6.250301313967157,G215H
-3.625,5.575,0.174,0.033,0.122,0.226,-0.735,0.0,0.0,0.0,0.0,0.0,0.084,2.543,3.705,0.864,4.011,12.975132534788372,G215L
-3.906,49.97375322923978,-0.687,0.003,0.056,-0.207,-1.071,9.499,0.0,0.959,0.0,0.0,0.134,0.35,7.933,-2.441,11.604,49.98920887005834,G215P
-5.768,3.869,1.775,0.023,0.323,0.063,-0.273,0.0,0.0,0.0,0.0,0.0,0.084,2.065,3.625,0.86,4.515,11.158093930441057,G215M
-2.614,6.287,0.082,0.067,0.085,0.374,-0.498,0.0,0.0,0.0,0.0,0.0,0.136,2.436,5.508,1.845,10.785,24.490983796230463,G215V
-1.138,0.868,1.891,0.003,0.076,0.048,-1.455,0.0,0.0,0.0,-0.895,0.0,0.084,0.629,2.775,-1.087,2.789,4.583452126476459,G215S
-2.286,6.801,1.318,0.008,0.152,0.126,-0.787,0.0,0.0,0.0,0.0,0.0,0.084,1.002,2.927,-1.512,2.958,10.78808808490885,G215K
-2.433,4.702,1.528,0.024,0.276,0.123,-0.845,0.0,0.0,0.0,0.0,0.0,0.084,5.079,3.453,-2.249,3.732,13.4728479183118,G215Q
-1.917,1.421,1.46,0.02,0.584,0.087,-0.931,0.0,0.0,0.0,0.0,0.0,0.084,2.771,2.903,-0.893,2.687,8.273219230414497,G215R
-2.124,2.157,1.745,0.031,0.072,0.226,-0.677,0.0,0.0,0.0,0.0,0.0,0.084,2.05,3.15,0.354,3.114,10.179762199338484,G215T
-5.127,5.544,1.187,0.021,0.388,-0.085,-1.101,0.0,0.0,0.0,0.0,0.0,0.084,2.433,2.575,1.463,4.806,12.186906418249691,G215W
-3.025,3.2,2.89,0.005,0.29,-0.314,-0.634,0.0,0.0,0.0,0.0,0.0,0.084,1.597,2.643,-2.138,2.406,7.002353390927738,G215N
-5.043,7.972,0.467,0.022,0.29,0.067,-1.147,0.0,0.0,0.0,0.0,0.0,0.084,1.64,3.022,-0.216,3.458,10.613200682040995,G215Y
-3.361,12.751,-2.136,0.018,0.765,-0.175,6.646,0.0,0.0,0.0,1.173,0.0,0.0,2.431,-0.089,2.051,0.002,20.074673305466376,D216R
-2.653,12.11,-2.593,0.041,0.502,0.221,6.814,0.0,0.0,0.0,1.173,0.0,0.0,3.25,-0.011,1.432,0.053,20.33516879003901,D216K
0.164,1.186,-6.757,-0.001,-0.247,0.392,4.297,0.0,0.0,0.0,1.173,0.0,0.0,-0.94,0.252,5.401,-0.124,4.792154882061595,D216C
0.032,0.061,0.867,0.003,-0.003,-1.094,0.264,0.0,0.0,0.0,-0.795,0.0,0.0,0.874,0.0,0.0,0.0,0.2075228692124255,D216D
-3.709,10.131,3.488,0.0,0.002,-0.1,0.66,0.0,0.0,0.0,1.173,0.0,0.0,1.212,-0.054,-0.578,-0.013,12.21040282241256,D216E
-4.935,8.191,-6.532,0.049,-0.086,0.232,4.488,0.0,0.0,0.0,1.173,0.0,0.0,2.339,0.05,3.364,0.006,8.33559241072021,D216F
3.604,-0.129,-8.166,0.002,-0.261,-0.705,5.202,0.0,0.0,0.0,0.378,0.0,0.0,-0.659,-0.21,3.471,-0.312,2.2121045526830585,D216A
-1.196,0.578,-2.522,0.004,-0.034,-0.343,5.216,0.0,0.0,0.0,1.173,0.0,0.0,1.123,0.192,0.806,0.243,5.236910491811159,D216N
-2.326,49.98390603249988,-5.742,0.005,-0.142,0.23,6.841,17.135,0.901,0.0,1.383,0.225,0.032,-1.488,-0.982,0.503,10.909,49.994638097002124,D216P
-10.179,47.9518919598373,-4.726,0.023,-0.428,-0.593,4.547,0.0,0.0,0.0,0.739,-1.302,0.0,4.946,-0.15,4.407,-0.021,47.72009320332143,D216W
-3.846,11.339,-2.053,0.006,0.035,-0.735,4.477,0.0,0.0,0.0,1.234,0.225,0.0,0.919,-0.118,1.845,0.007,13.332472974531356,D216H
-2.912,6.506,-5.204,0.009,-0.072,0.148,4.7,0.0,0.0,0.0,1.173,0.0,0.0,1.282,0.059,3.803,-0.114,9.3768617296912,D216M
-6.367,28.36,-8.076,0.095,0.01,0.091,6.236,0.0,0.0,0.0,1.383,0.225,0.632,0.521,0.387,4.45,0.346,28.290563062596675,D216I
-1.986,7.031,-3.109,0.025,0.351,-0.166,5.548,0.0,0.0,0.0,1.383,0.225,0.0,1.942,0.064,0.695,0.046,12.048185231041998,D216Q
-4.245,46.13904141140882,-7.781,0.012,-0.2,0.305,4.588,0.0,0.0,0.0,1.173,0.0,0.0,1.114,-0.103,3.808,0.007,45.93739781072051,D216L
6.329,-0.379,-6.774,-0.002,-0.255,-0.863,5.208,0.0,0.0,0.0,0.378,0.0,1.167,-1.009,0.452,2.944,0.486,7.6791629803508386,D216G
-2.791,13.411,-9.366,0.023,-0.2,0.075,6.083,0.0,0.0,0.0,1.383,0.225,0.632,-2.111,0.321,4.789,0.254,12.724251317935114,D216V
-0.288,1.556,-4.034,0.002,-0.179,0.286,3.572,0.0,0.0,0.0,1.173,0.0,0.0,-1.188,0.255,3.298,0.322,4.771716377814528,D216T
-4.881,5.679,-5.192,0.049,-0.071,-1.362,5.77,0.0,0.0,0.0,0.588,0.225,0.0,2.731,0.087,2.728,0.047,6.396948998036123,D216Y
2.692,-0.297,-4.287,-0.002,-0.234,0.171,4.199,0.0,0.0,0.0,1.173,0.0,0.0,-0.74,-0.171,1.856,-0.075,4.2835798054300085,D216S
-8.07,49.980646913508195,-1.431,0.009,0.214,-0.121,-0.128,0.0,0.0,0.0,0.21,0.136,-0.037,3.529,-0.142,-1.424,0.222,49.97435774576756,V218F
1.462,-0.754,8.489,-0.006,0.591,0.302,-1.146,0.0,0.0,0.0,0.0,0.0,-0.037,2.509,-0.333,-4.788,-0.353,5.931808668381109,V218D
5.503,4.618,1.386,-0.008,-0.091,0.446,0.434,0.0,0.0,0.0,-0.151,0.0,0.0,-1.803,-0.094,0.444,-0.045,10.63826722118256,F217L
5.327,10.684,0.806,0.009,-0.01,0.157,0.599,0.0,0.0,0.0,1.601,0.0,0.227,1.372,0.542,1.086,0.47,22.8705924701178,F217I
7.257,26.637,2.348,-0.023,-0.079,0.424,-0.114,40.94617065525891,0.0,0.0,0.0,0.0,-0.075,-0.92,-0.595,-2.861,0.481,47.35614813587809,F217P
11.245,-6.387,0.044,-0.025,-0.156,-0.02,0.222,0.0,0.0,0.0,0.0,0.0,0.0,-2.919,-0.022,0.107,-0.091,1.996311860226342,F217A
7.001,-6.182,5.561,-0.02,0.075,0.179,0.074,0.0,0.0,0.0,0.0,-1.094,0.0,-1.337,0.223,-2.558,0.291,2.21093340799257,F217N
10.818,-6.4,3.088,-0.025,-0.133,-0.418,-0.339,0.0,0.0,0.0,0.0,0.0,0.0,-2.094,-0.002,-1.508,0.006,2.9910286502756662,F217S
-2.058,4.509,10.475,-0.008,0.196,0.353,-1.817,0.0,0.0,0.0,0.0,0.0,-0.037,3.488,0.405,-5.367,0.582,10.718051030662082,V218E
8.526,-6.637,1.365,-0.025,-0.153,-0.026,-0.183,0.0,0.0,0.0,-0.118,0.0,0.0,-2.4,0.305,2.037,-0.081,2.610086473386218,F217C
2.888,-5.665,5.859,-0.023,0.15,0.154,-0.585,0.0,0.0,0.0,0.0,0.0,0.0,-0.999,0.013,-1.519,0.003,0.276584547219727,F217H
5.318,-5.966,9.943,-0.016,1.174,-0.039,-2.325,0.0,0.0,0.0,0.0,-0.736,0.0,1.083,0.035,-3.942,0.017,4.542403292365407,F217E
13.339,-6.469,0.425,-0.026,-0.156,-0.059,0.185,0.0,0.0,0.0,0.0,0.0,0.212,-2.919,0.523,-0.42,0.574,5.207182124577457,F217G
1.958,-1.08,1.76,-0.01,-0.014,0.179,-0.066,0.0,0.0,0.0,0.0,0.0,-0.037,0.47,-0.03,0.612,1.154,4.895322851077253,V218C
8.496,-6.66,6.633,-0.024,0.085,-0.5,-1.494,0.0,0.0,0.0,-0.118,-0.076,0.0,0.623,0.178,-3.364,0.166,3.9440224567067617,F217D
3.682,-3.959,6.317,-0.005,0.429,-0.985,1.885,0.0,0.0,0.0,0.21,0.136,0.0,0.285,0.077,-2.669,0.028,5.429916197370631,F217Q
-6.183,20.428,0.982,-0.009,0.1,0.143,0.683,0.0,0.0,0.0,1.784,0.0,0.0,1.001,-0.169,1.043,0.045,19.84619776707109,F217W
0.0,0.0,0.0,0.0,0.0,0.0,0.0,0.0,0.0,0.0,0.0,0.0,0.0,0.0,0.0,0.0,0.0,0.0,F217F
0.119,-0.35,5.896,-0.008,0.502,0.423,0.219,0.0,0.0,0.0,0.0,0.0,-0.037,2.232,-0.283,-3.983,-0.206,4.522436628035166,V218N
0.494,-0.494,9.577,-0.015,0.272,-0.039,-0.899,0.0,0.0,0.0,0.21,0.136,-0.044,3.385,0.969,-5.028,0.696,9.216668019211966,I220E
7.039,-1.689,3.074,-0.016,-0.053,0.219,0.068,0.0,0.0,0.0,0.0,0.0,-0.088,-0.358,1.581,-1.844,6.426,14.357047584856218,V218G
0.307,49.94590053352818,4.656,-0.006,-0.041,-0.739,2.077,49.613391756384054,0.0,0.941,-0.795,0.0,-0.057,1.293,4.452,-4.286,6.527,49.999881566134576,V218P
4.569,0.606,2.294,-0.011,0.017,0.038,0.661,0.0,0.0,0.0,0.581,0.0,0.0,-0.384,0.07,0.439,-0.111,8.767860816674101,F217M
-5.316,40.54206090979445,6.462,-0.012,0.518,0.202,-0.104,0.0,0.0,0.0,0.0,0.0,-0.037,4.533,-0.229,-2.943,0.4,41.66557701886474,V218H
1.892,-0.501,3.212,-0.005,0.011,-0.197,-0.273,0.0,0.0,0.0,0.0,0.0,-0.037,0.18,0.44,-1.491,0.78,4.008382167293803,V218T
5.438,-1.765,1.661,-0.011,-0.066,0.245,0.061,0.0,0.0,0.0,0.0,0.0,-0.037,-0.358,0.566,-1.318,1.51,5.9248934576478405,V218A
5.896,9.461,-0.75,-0.012,-0.062,0.094,0.622,0.0,0.0,0.0,1.601,0.0,0.227,0.013,0.452,1.425,0.342,19.309826915146232,F217V
-0.011,0.114,0.975,0.003,-0.003,-1.127,0.229,0.0,0.0,0.0,-0.795,0.0,0.0,0.873,0.0,0.0,0.0,0.2578838095771516,V218V
-1.906,49.876449596653345,4.602,0.014,0.107,-0.069,0.444,0.0,0.0,0.0,0.581,0.0,0.0,0.438,0.062,-0.636,-0.009,49.893117213416154,F217Y
-3.06,8.94,-0.229,0.012,0.026,0.16,0.161,0.0,0.0,0.0,0.0,0.0,0.0,-0.193,0.008,-0.339,0.035,5.5198503157516825,V218I
0.662,4.833,11.54,-0.002,0.344,1.056,0.658,0.0,0.0,0.0,0.113,0.0,0.0,0.432,-0.031,-1.313,0.032,18.321719822559544,F217R
8.092,-0.644,-9.956,-0.016,-0.765,0.531,5.358,0.0,0.0,0.0,-0.194,0.015,0.0,-2.727,0.275,2.04,0.528,2.534235346403875,K219A
-14.831,49.98748259240588,1.333,0.214,0.705,0.162,-0.049,0.0,0.0,0.0,0.194,0.136,-0.037,11.562,0.214,-0.381,1.314,49.98774710932269,V218W
-10.108,49.73235928381774,10.64,0.008,0.398,0.568,0.965,0.0,0.0,0.0,0.0,0.0,-0.037,5.66,0.083,-2.737,0.475,49.78859833121898,V218R
4.237,-1.453,4.946,-0.013,0.024,0.087,-0.291,0.0,0.0,0.0,0.0,0.0,-0.037,-0.135,0.474,-2.932,0.663,5.567292619983846,V218S
-4.359,19.314,3.021,0.019,0.025,0.36,0.17,0.0,0.0,0.0,0.0,0.0,-0.037,2.027,0.345,-0.985,2.322,22.220787267095147,V218M
4.168,-2.69,10.512,-0.009,0.09,-0.35,1.099,0.0,0.0,0.0,0.0,0.0,0.0,-0.716,0.034,-1.932,0.059,10.262258648620444,F217K
-4.551,24.491,0.09,0.005,0.109,0.039,0.599,0.0,0.0,0.0,0.21,0.136,-0.037,2.189,0.229,-0.981,0.392,22.917708713882803,V218L
-4.216,11.05,7.737,-0.006,0.187,0.351,-0.649,0.0,0.0,0.0,0.0,0.0,-0.037,3.061,0.222,-4.093,0.571,14.1756809283238,V218Q
-5.986,39.37470289961673,12.761,0.023,0.92,0.696,2.28,0.0,0.0,0.0,0.0,0.0,-0.037,3.878,0.426,-3.357,0.556,43.18787449672945,V218K
8.262,-5.796,4.344,-0.021,-0.062,0.018,0.589,0.0,0.0,0.0,0.0,-0.997,0.0,-2.756,0.292,-0.066,0.293,4.0984120772425285,F217T
-6.026,49.99999770254791,-1.685,0.018,0.255,0.048,0.914,0.0,0.0,0.0,0.741,-0.253,-0.037,5.224,-0.043,-2.06,0.601,49.99999748062566,V218Y
4.165,-1.137,-3.424,-0.009,-0.242,-0.432,7.428,0.0,0.0,0.0,-0.194,1.291,0.0,-0.748,-0.005,-2.01,0.044,4.725153310251926,K219E
10.06,-0.764,-9.322,-0.018,-0.765,0.479,5.299,0.0,0.0,0.0,-0.194,0.015,0.061,-2.727,1.036,1.513,2.483,7.152806230865281,K219G
9.265,-1.797,4.102,-0.024,-0.084,0.239,-0.115,0.0,0.0,0.0,0.0,0.0,-0.073,-0.501,2.271,-1.505,4.609,16.384152154730373,I220G
2.458,-0.538,-9.532,0.021,-0.381,-0.239,7.898,0.0,0.0,0.0,-0.194,1.291,0.0,-1.575,-0.629,2.376,-0.134,0.819613333167581,K219L
4.231,-1.398,3.099,-0.022,-0.069,0.188,-0.189,0.0,0.0,0.0,0.0,0.0,-0.044,0.163,0.641,0.951,0.979,8.529112894730815,I220C
-1.875,20.722,10.026,0.144,1.014,0.272,0.911,0.0,0.0,0.0,0.0,0.0,-0.044,10.848,0.966,-3.018,0.609,40.57242733541784,I220K
2.595,-0.6,0.683,-0.009,-0.037,0.023,0.003,0.0,0.0,0.0,0.0,0.0,0.0,-0.149,0.011,0.339,0.029,2.888537414458824,I220V
-2.767,16.963,9.208,0.028,0.465,0.982,-1.114,0.0,0.0,0.0,0.0,-0.314,-0.044,9.582,0.411,-2.604,0.697,31.48947246586158,I220H
5.099,0.16,-5.877,-0.007,-0.701,0.527,4.389,0.0,0.0,0.0,-0.194,-2.38,0.0,-2.352,-0.091,1.867,0.083,0.5211150780487515,K219T
-0.753,9.286,1.455,-0.018,-0.037,0.129,0.292,0.0,0.0,0.0,0.0,0.0,-0.044,1.349,0.826,-0.646,1.302,13.140092707046051,I220M
-2.953,43.937,-2.688,0.007,-0.403,0.857,6.677,4.36,0.0,0.0,-0.21,1.291,0.0,0.721,-0.264,1.297,-0.079,39.10907780584162,K219Y
-4.949,7.168,-3.291,0.005,-0.043,0.249,7.638,0.0,0.0,0.0,0.0,1.426,0.0,0.456,-0.374,2.976,0.506,11.766586258932648,K219W
7.658,-1.741,3.114,-0.023,-0.084,0.322,-0.122,0.0,0.0,0.0,0.0,0.0,-0.044,-0.501,1.224,-0.979,1.369,10.193030278913966,I220A
0.669,-0.393,-0.426,-0.002,-0.079,0.404,-0.527,0.0,0.0,0.0,-0.21,-0.136,0.0,0.426,0.0,0.0,0.0,-0.27467430895922,K219K
6.037,-1.301,-3.804,-0.014,-0.015,-0.22,6.233,0.0,0.0,0.0,-0.239,0.84,0.0,-0.21,-0.524,-1.431,-0.147,5.201657638491724,K219D
5.317,-0.62,-8.059,-0.015,-0.728,0.684,4.792,0.0,0.0,0.0,-0.194,0.015,0.0,-2.47,-0.268,3.97,0.13,2.5514392098457392,K219C
3.026,9.352,-9.204,-0.001,-0.72,0.668,5.06,0.0,0.0,0.0,-0.345,0.015,-0.01,-2.022,-0.75,3.358,-0.393,8.031954464504679,K219V
6.108,-1.348,6.39,-0.02,0.061,-0.311,-0.233,0.0,0.0,0.0,0.21,0.136,-0.044,-0.648,1.001,-2.593,0.696,9.404426510332542,I220S
1.692,3.359,-2.618,-0.003,-0.023,-0.051,6.738,0.0,0.0,0.0,-0.194,1.291,0.0,-0.535,-0.387,0.414,0.084,9.764875751420732,K219H
-0.863,49.69169865754264,-8.26,0.015,-0.653,0.662,4.803,0.0,0.0,0.0,-0.345,0.015,-0.01,0.683,-0.9,3.019,-0.535,49.66111142254571,K219I
2.551,44.74515400468123,4.58,-0.02,0.034,0.594,0.466,43.9190939343735,0.0,1.067,0.0,0.0,-0.05,-0.153,6.19,-3.947,5.798,49.81918700351714,I220P
-1.905,23.621,-6.054,0.008,-0.437,0.007,7.384,0.0,0.0,0.0,-0.21,1.291,0.0,0.31,-0.468,1.933,-0.106,25.372740530763167,K219F
6.969,-0.24,-6.293,-0.014,-0.62,-0.167,5.077,0.0,0.0,0.0,0.016,0.151,0.0,-2.878,0.17,0.425,0.213,2.8071648660516075,K219S
0.0,0.0,0.0,0.0,0.0,0.0,0.0,0.0,0.0,0.0,0.0,0.0,0.0,0.0,0.0,0.0,0.0,0.0,I220I
3.877,-1.014,9.736,-0.02,0.237,0.299,-1.898,0.0,0.0,0.0,0.0,0.0,-0.044,2.796,0.556,-4.449,0.38,10.455432239082027,I220D
2.141,49.563098887707774,-8.038,-0.014,-0.691,0.332,5.526,45.51335125362966,0.0,1.537,-0.194,0.015,0.063,-0.541,2.466,-0.928,1.746,49.98202347525806,K219P
3.659,-0.14,4.626,-0.014,0.058,-0.543,0.189,0.0,0.0,0.0,0.21,0.136,-0.044,-0.899,0.747,-1.152,0.557,7.38774897069311,I220T
-1.503,12.358,2.043,0.045,0.29,-0.172,0.3,0.0,0.0,0.0,0.21,0.136,-0.044,3.121,0.443,-0.642,0.461,17.04481582463154,I220L
-5.425,46.57361566931787,2.016,0.051,0.235,0.517,-0.585,0.0,0.0,0.0,0.0,-0.314,-0.044,10.549,0.439,-1.085,0.38,47.36117769443186,I220F
2.103,-0.628,-2.922,-0.009,-0.508,0.487,3.87,0.0,0.0,0.0,-0.194,-1.772,0.0,0.446,-0.059,-0.736,0.04,0.1151190673672317,K219Q
-0.19,1.77,6.153,-0.013,0.173,0.661,-0.115,0.0,0.0,0.0,0.0,0.0,-0.044,4.521,0.861,-3.754,0.617,10.636721818735625,I220Q
-14.459,49.99534305853593,6.561,0.053,0.524,0.769,-1.467,0.0,0.0,0.0,0.21,-0.323,-0.044,9.526,0.617,-0.042,1.251,49.99589844476444,I220W
-0.888,1.147,-7.318,-0.004,-0.66,0.645,4.933,0.0,0.0,0.0,-0.194,0.015,0.0,-1.044,-0.038,2.372,0.369,-0.6672727736181514,K219M
3.729,-0.762,-3.223,-0.013,-0.351,0.267,5.341,0.0,0.0,0.0,-0.239,-0.53,0.0,0.376,-0.398,-0.625,-0.094,3.4758069887773217,K219N
2.291,-0.658,7.34,-0.018,0.234,0.204,-0.604,0.0,0.0,0.0,0.0,0.0,-0.044,2.708,0.578,-3.644,0.4,8.787042485774009,I220N
-6.944,44.50845674018872,10.616,0.089,0.665,0.626,1.033,0.0,0.0,0.0,0.0,0.0,-0.044,8.282,0.765,-2.398,0.594,46.69728665764241,I220R
-2.904,-0.154,2.293,-0.002,-0.051,0.965,1.292,0.0,0.0,0.0,-0.21,-0.07,0.0,-0.294,-0.146,0.62,0.074,1.4124891513433795,K219R
-7.905,49.857329504908556,6.156,0.051,0.332,0.279,-0.404,0.0,0.0,0.0,0.21,-0.178,-0.044,10.089,0.516,-1.721,0.606,49.896301578532004,I220Y
0.0,0.0,0.0,0.0,0.0,0.0,0.0,0.0,0.0,0.0,0.0,0.0,0.0,0.0,0.0,0.0,0.0,0.0,A227A
9.35,-2.039,-1.585,-0.048,-0.22,0.282,0.63,0.0,0.0,0.0,0.0,0.1,-0.001,-3.049,1.783,-0.863,2.951,7.291319573978626,L225G
-1.907,20.822,0.162,-0.009,-0.115,0.116,0.78,0.0,0.0,0.0,0.0,-0.04,0.034,-0.509,-0.48,0.643,-0.477,19.01793056539259,L225I
0.698,2.008,1.05,-0.024,-0.098,0.076,0.754,0.0,0.0,0.0,0.0,-0.04,0.0,0.419,0.505,-0.004,0.346,5.690386295912731,L225M
0.0,0.0,0.0,0.0,0.0,0.0,0.0,0.0,0.0,0.0,0.0,0.0,0.0,0.0,0.0,0.0,0.0,0.0,L225L
6.729,-1.724,-2.3,-0.046,-0.22,0.09,0.65,0.0,0.0,0.0,0.0,0.1,0.0,-3.049,0.912,-0.336,0.681,1.4864057231970946,L225A
1.957,-1.531,4.868,-0.021,0.363,-0.436,-0.087,0.0,0.0,0.0,-0.843,0.1,0.0,0.128,0.758,-3.001,0.251,2.5035621892109248,L225N
-9.835,49.99978541228166,15.172,0.008,0.295,0.477,1.175,0.0,0.0,0.0,0.0,0.0,0.0,4.549,-0.053,-4.049,-0.294,49.99984067989078,A224E
4.908,-0.84,0.542,-0.015,-0.047,0.203,-0.263,0.0,0.0,0.0,0.0,0.0,0.001,-0.019,1.103,-1.318,1.575,5.8297179867061,V226A
-2.914,49.67027375335914,9.318,-0.026,0.094,-0.708,0.062,0.0,0.0,0.0,0.0,1.166,0.0,0.726,0.338,-1.962,0.164,49.743098579378284,L225H
9.171,-4.037,7.821,-0.022,0.312,0.174,-0.591,0.0,0.0,0.0,0.0,-0.273,0.0,1.576,0.569,-3.364,0.097,11.432200265342544,F222D
-2.052,4.347,0.371,0.05,0.554,0.028,0.028,0.0,0.0,0.0,0.0,0.0,0.0,3.06,0.046,-0.106,-0.121,6.20356075992936,A227F
3.024,-1.609,7.176,-0.032,0.468,-0.096,-1.923,0.0,0.0,0.0,-0.761,0.1,0.0,0.381,0.88,-3.807,0.331,4.130550350922476,L225D
-0.843,0.043,2.255,0.005,0.885,0.111,-0.112,0.0,0.0,0.0,0.0,0.0,0.0,2.192,-0.769,-3.47,-0.576,-0.2829979290722804,A227D
3.256,-1.605,-0.071,-0.045,-0.185,-0.073,0.145,0.0,0.0,0.0,0.0,0.1,0.0,-2.554,0.421,1.594,0.374,1.3568609863609709,L225C
2.15,-1.595,4.316,-0.04,0.117,-0.347,-0.186,0.0,0.0,0.0,0.0,0.1,0.0,-0.136,0.623,-4.386,0.242,0.8599258914039183,L225E
-5.021,49.99924627075905,3.411,0.023,-0.07,-0.227,0.071,0.0,0.0,0.0,0.0,1.166,0.0,3.195,0.195,-0.443,-0.057,49.99931095640514,L225F
-5.038,6.872,1.704,0.001,0.009,-0.042,-0.146,0.0,0.0,0.0,0.0,0.0,0.0,0.788,-0.171,1.93,-0.26,5.648793354867166,A224C
-6.913,49.99997168475193,7.262,0.014,-0.006,-0.311,2.417,0.0,0.0,0.0,0.0,1.166,0.0,1.812,0.276,-1.079,0.004,49.99997648238115,L225Y
-0.466,0.026,2.182,0.0,0.032,-0.114,-0.339,0.0,0.0,0.0,0.0,0.0,0.0,0.073,-0.075,-1.614,0.012,-0.2852338957357005,A227S
-1.55,0.566,2.228,0.009,0.813,-0.085,0.839,0.0,0.0,0.0,0.0,0.0,0.0,3.185,-0.187,-4.049,-0.238,1.5285751161061398,A227E
1.608,-1.356,2.902,-0.04,-0.006,-0.511,1.212,0.0,0.0,0.0,0.0,0.1,0.0,-0.322,0.616,-3.112,0.099,1.190112568901441,L225Q
-2.231,13.552,-0.224,0.031,0.063,0.084,0.149,0.0,0.0,0.0,0.0,0.0,0.013,0.779,1.519,1.318,9.725,24.77453494269253,A227V
0.431,49.491842754827644,0.914,-0.044,-0.147,0.195,2.127,49.398006087601644,0.0,0.734,0.0,0.1,-0.074,-1.467,5.641,-3.304,3.651,49.9978208266787,L225P
0.847,2.91,3.914,-0.022,0.053,-0.564,0.715,0.0,0.0,0.0,0.0,0.189,0.0,0.847,0.605,-2.376,0.093,7.210920224103802,L225K
-2.969,1.3,2.099,0.015,0.419,-0.222,-0.206,0.0,0.0,0.0,0.408,0.0,0.0,2.863,-0.584,-1.625,-0.525,0.9698779489726804,A227H
-0.842,48.74261195980548,2.257,-0.013,0.063,0.35,0.694,49.370947279832116,1.353,0.0,0.0,0.0,0.097,0.331,6.678,-4.286,7.357,49.995402589812585,V226P
-0.343,-0.637,3.047,-0.005,-0.005,0.293,0.452,0.0,0.0,0.0,0.0,0.0,0.001,2.924,0.799,-0.985,1.25,6.788683673819151,V226M
0.498,13.79,-1.437,-0.032,-0.186,-0.362,0.015,0.0,0.0,0.0,0.0,0.0,0.034,-2.2,-0.428,0.982,-0.363,10.31170950896717,L225V
-1.114,0.03,1.67,0.006,0.796,0.237,0.105,0.0,0.0,0.0,0.0,0.0,0.0,1.685,-1.212,-2.665,-0.908,-1.370118600219712,A227N
-0.537,1.593,5.754,-0.033,0.183,0.921,-0.614,0.0,0.0,0.0,0.0,0.934,0.0,0.945,0.488,-1.756,0.132,8.011270213066382,L225R
-2.419,0.441,0.749,0.222,0.125,0.149,-0.018,0.0,0.0,0.0,0.0,0.0,0.013,1.048,2.282,0.979,9.755,13.324731283356414,A227I
-1.829,4.323,1.857,0.006,0.031,0.288,-0.324,0.0,0.0,0.0,0.0,0.0,0.001,2.769,0.42,-1.424,0.406,6.522768737873093,V226F
2.158,-0.78,3.511,-0.007,0.012,-0.153,-0.508,0.0,0.0,0.0,0.0,0.0,0.001,0.034,0.703,-1.491,0.59,4.068815511615185,V226T
-6.09,49.68351507914075,6.635,-0.008,0.027,-0.027,0.486,0.0,0.0,0.0,0.0,0.639,0.0,0.891,0.424,0.6,0.55,49.73156384799414,L225W
-14.779,49.999999999999986,9.698,0.017,0.354,-0.492,1.029,0.0,0.0,0.0,0.0,0.598,0.0,4.903,-0.211,-1.625,-0.321,49.999999999999986,A224H
-1.429,0.324,0.645,0.001,0.017,0.032,-0.007,0.0,0.0,0.0,0.0,0.0,0.0,0.039,0.05,1.93,0.084,1.684822745146903,A227C
-1.59,38.33104773270232,0.358,0.011,0.125,0.127,-0.327,0.0,0.0,0.0,0.0,0.0,0.001,2.263,0.454,-0.981,0.513,38.718670186831844,V226L
-4.55,49.99821233984601,0.573,0.002,0.068,0.038,1.613,49.99904331787634,0.0,0.0,1.805,0.0,0.045,0.277,5.006,-2.968,10.608,49.9999999896327,A227P
6.089,-1.656,1.92,-0.046,-0.157,-0.379,0.105,0.0,0.0,0.0,0.0,0.1,0.0,-2.677,0.825,-1.951,0.31,2.4835882593240517,L225S
2.93,-0.625,2.727,-0.039,-0.161,-0.308,-0.109,0.0,0.0,0.0,0.0,-0.396,0.0,-3.012,0.186,-0.509,0.095,0.7779395401428246,L225T
-2.818,21.907,1.331,0.02,0.036,0.219,-0.136,0.0,0.0,0.0,0.0,0.0,0.0,2.238,0.074,-0.339,0.077,22.60748549905452,V226I
-7.639,30.809,8.845,0.005,0.272,0.108,-0.463,0.0,0.0,0.0,0.0,0.0,0.0,4.444,0.246,-2.665,-0.045,33.916142735586845,A224N
1.317,-0.48,0.998,-0.002,0.003,-0.019,0.161,0.0,0.0,0.0,0.0,0.0,-0.023,-0.35,-0.186,-0.526,0.235,1.1277578835752138,A227G
-2.495,0.612,3.756,0.018,0.689,0.563,-2.986,0.0,0.0,0.0,0.0,-1.082,0.0,2.257,-0.369,-1.419,-0.358,-0.8157504439059267,A227R
6.951,-0.87,1.401,-0.016,-0.047,0.138,-0.129,0.0,0.0,0.0,0.0,0.0,0.02,-0.019,2.125,-1.844,3.832,11.54008279192294,V226G
-1.545,0.284,1.646,0.009,0.1,0.043,0.208,0.0,0.0,0.0,0.0,0.0,0.0,0.822,0.077,0.333,0.284,2.2574608339357383,A227M
-3.094,24.989,1.214,0.019,0.334,-0.045,0.357,0.0,0.0,0.0,0.0,0.0,0.0,1.846,0.117,0.937,0.414,27.08549755141098,A227W
-9.282,49.921261064561826,2.563,0.019,0.156,0.114,-1.234,49.943970126200206,0.0,0.0,0.0,-0.134,-0.039,3.059,6.869,-2.441,11.447,49.99997165523437,G223P
-14.513,49.99999999878737,3.226,0.01,0.053,-0.091,-0.166,0.0,0.0,0.0,0.0,0.0,0.0,2.605,-0.155,0.333,-0.341,49.99999999825917,A224M
0.477,-0.539,7.188,-0.002,0.746,-0.293,3.224,0.0,0.0,0.0,0.0,0.0,0.001,3.822,0.839,-5.367,0.754,10.84827127879771,V226E
3.311,-0.652,1.975,-0.001,0.0,0.005,0.178,0.0,0.0,0.0,0.0,0.0,0.122,0.0,0.509,-0.526,1.067,5.987926499494733,A224G
-2.059,0.587,2.457,0.012,0.366,0.045,-0.887,0.0,0.0,0.0,0.0,0.0,0.0,1.775,-0.316,-2.039,-0.409,-0.4709443931405985,A227K
-0.317,-0.534,7.873,-0.003,0.144,0.759,-5.489,0.0,0.0,0.0,-0.574,0.0,0.001,2.603,0.832,-3.357,0.549,2.484107033980081,V226K
-0.052,-0.563,6.582,-0.004,0.469,-0.092,0.494,0.0,0.0,0.0,0.0,0.0,0.001,2.196,0.742,-4.093,0.649,6.328265994161939,V226Q
-3.329,31.744,0.164,0.021,0.3,0.18,0.189,0.0,0.0,0.0,0.0,0.0,0.0,1.872,-0.055,-0.742,-0.109,30.232513290876568,A227Y
-1.103,0.122,1.982,0.021,0.076,-0.095,-0.407,0.0,0.0,0.0,0.0,0.0,0.0,0.448,1.208,-0.173,1.826,3.904369162492685,A227T
-1.756,0.337,2.348,0.007,0.675,0.261,-1.399,0.0,0.0,0.0,0.0,-1.084,0.0,2.606,-0.371,-2.775,-0.391,-1.5444602795946594,A227Q
-3.156,15.172,-0.218,0.027,0.111,0.132,-0.214,0.0,0.0,0.0,0.0,0.0,0.0,2.275,0.33,0.337,0.153,14.947604688358751,A227L
2.329,-0.838,1.661,-0.013,-0.011,0.142,-0.528,0.0,0.0,0.0,0.0,0.0,0.001,0.207,0.541,0.612,1.032,5.133596603709975,V226C
-0.633,0.067,4.983,-0.005,0.391,-0.06,-0.215,0.0,0.0,0.0,0.0,0.0,0.001,3.456,0.334,-2.943,0.547,5.921274928833554,V226H
2.08,-0.816,6.984,-0.007,0.564,0.192,1.029,0.0,0.0,0.0,0.0,0.0,0.001,2.237,0.564,-4.788,0.499,8.536812238597122,V226D
4.615,43.673,0.393,0.063,-0.073,0.143,-0.518,0.0,0.0,0.0,0.0,0.052,0.0,2.234,1.229,0.444,1.228,39.46587809660835,F222L
-0.67,0.41,0.425,0.002,0.079,-0.405,0.526,0.0,0.0,0.0,0.21,0.136,0.0,-0.426,0.0,0.0,0.0,0.2838088605421944,D221D
0.252,-0.669,-7.482,-0.001,-0.292,-0.414,6.618,0.0,0.0,0.0,0.0,1.426,0.0,-2.885,0.203,5.401,0.553,2.705100916193487,D221C
-0.6,-0.598,6.984,0.004,0.356,0.514,-3.131,0.0,0.0,0.0,0.0,-1.18,0.001,3.582,0.617,-2.737,0.513,4.324208831267697,V226R
1.322,-0.693,5.071,-0.006,0.469,-0.653,-0.074,0.0,0.0,0.0,0.0,0.0,0.001,1.951,0.543,-3.983,0.495,4.44218730777834,V226N
0.0,0.0,0.0,0.0,0.0,0.0,0.0,0.0,0.0,0.0,0.0,0.0,0.0,0.0,0.0,0.0,0.0,0.0,V226V
4.069,-0.419,3.508,-0.014,0.026,-0.02,-0.027,0.0,0.0,0.0,0.0,0.273,0.001,0.198,0.795,-2.932,0.664,6.121784160691504,V226S
-11.321,49.999997235331556,-0.21,0.042,0.067,-0.361,-0.235,0.0,0.0,0.0,0.0,0.0,0.0,3.435,-0.455,0.337,-0.572,49.99999599357191,A224L
-17.422,50.0,0.819,0.094,0.235,-0.15,0.137,0.0,0.0,0.0,0.0,0.0,0.0,4.97,-0.524,-0.106,-0.583,50.0,A224F
-2.289,6.122,1.913,0.005,0.075,0.107,0.228,0.0,0.0,0.0,0.0,0.273,0.001,2.16,0.45,-2.06,0.533,7.517186929205536,V226Y
0.0,0.0,0.0,0.0,0.0,0.0,0.0,0.0,0.0,0.0,0.0,0.0,0.0,0.0,0.0,0.0,0.0,0.0,A224A
-4.708,3.666,2.214,0.011,0.237,-0.04,0.118,0.0,0.0,0.0,0.0,0.0,0.001,3.408,0.487,-0.381,1.58,6.590698240413303,V226W
-7.431,40.37287907142821,-1.168,0.019,0.039,-0.237,0.225,0.0,0.0,0.0,0.0,0.0,0.12,1.518,-0.386,1.318,-0.269,49.73137732034979,A224V
-1.597,0.106,0.238,0.004,0.023,-0.229,1.575,0.0,0.0,0.0,0.0,1.426,0.0,-0.354,0.503,-0.578,0.369,1.482957725357437,D221E
-3.576,3.237,-0.053,0.037,0.341,-0.076,-0.605,0.0,0.0,0.0,0.0,0.0,0.091,3.108,2.767,0.421,2.722,8.412417228338654,G228F
-5.861,7.556,12.979,0.003,0.325,0.335,-2.413,0.0,0.0,0.0,0.0,0.0,0.0,4.969,0.458,-3.47,0.093,14.973369486922364,A224D
-27.913,50.0,5.461,0.046,0.328,0.041,0.687,0.0,0.0,0.0,0.0,0.325,0.0,5.223,-0.495,0.937,-0.09,50.0,A224W
-5.831,46.12252682191053,2.325,0.003,0.079,-0.155,1.648,35.476,0.0,0.0,1.114,0.0,0.261,2.579,2.858,-2.968,2.278,49.18144426286811,A224P
-15.433,50.0,15.736,0.022,0.42,-0.384,0.37,0.0,0.0,0.0,0.0,0.325,0.0,5.639,-0.129,-2.039,-0.45,50.0,A224K
-20.325,49.99999999954723,16.773,0.02,0.711,0.384,0.582,0.0,0.0,0.0,0.0,0.273,0.0,4.608,-0.196,-1.419,-0.394,49.999999999565276,A224R
8.102,27.635,2.885,-0.02,-0.349,0.417,0.617,49.10049045088827,0.0,0.921,0.0,0.052,0.08,-1.424,7.502,-2.861,9.372,49.89085536723735,F222P
-19.711,50.0,5.234,0.066,0.275,-0.548,-0.731,0.0,0.0,0.0,0.0,0.325,0.0,5.917,-0.513,-0.742,-0.556,50.0,A224Y
-3.229,3.351,1.186,0.006,0.529,-0.313,-1.015,0.0,0.0,0.0,0.0,0.0,0.091,2.147,2.741,-1.098,2.623,7.016853178058909,G228H
12.238,-4.374,1.013,-0.022,-0.449,0.273,0.192,0.0,0.0,0.0,0.0,0.325,0.0,-2.124,0.289,0.107,0.37,7.836950808221218,F222A
-0.369,3.196,-8.687,0.012,-0.263,-0.462,7.756,0.0,0.0,0.0,0.0,1.426,-0.063,-3.186,-0.406,4.789,-0.252,3.4870254560555622,D221V
-5.09,49.55587134383465,6.527,0.002,0.068,-0.146,0.529,0.0,0.0,0.0,0.0,-0.134,0.226,0.806,0.883,-1.087,0.086,49.60065937227052,G223S
-11.201,49.99990554157417,-0.072,0.038,0.075,-0.429,0.61,0.0,0.0,0.0,0.0,0.273,0.12,2.466,-0.294,0.979,-0.163,49.999871991082344,A224I
-11.909,49.99999882794252,10.577,0.006,0.151,-0.56,0.544,0.0,0.0,0.0,0.0,0.0,0.0,4.143,-0.099,-2.775,-0.457,49.9999988099619,A224Q
6.767,-1.232,-10.594,-0.007,-0.305,-0.649,8.283,0.0,0.0,0.0,0.0,0.613,-0.032,-3.401,1.775,2.944,4.19,8.348344091956278,D221G
-1.23,4.661,-0.908,0.002,0.0,-0.009,-0.725,0.0,0.0,0.0,0.0,0.0,0.091,0.0,3.338,0.527,3.172,8.917298651245801,G228A
0.0,0.0,0.0,0.0,0.0,0.0,0.0,0.0,0.0,0.0,0.0,0.0,0.0,0.0,0.0,0.0,0.0,0.0,F222F
-4.146,5.107,2.143,0.011,0.313,-0.252,-0.11,0.0,0.0,0.0,0.0,0.0,0.091,2.047,2.757,-1.512,2.784,9.23183296744378,G228K
3.056,2.564,1.551,-0.007,-0.162,-0.024,-0.301,0.0,0.0,0.0,0.0,-0.273,0.0,2.125,0.681,0.439,0.65,10.297791968165257,F222M
-1.458,0.232,5.928,0.0,0.023,-0.105,-0.057,0.0,0.0,0.0,0.0,0.0,0.0,0.578,-0.101,-1.614,-0.236,3.191685073844156,A224S
3.503,-0.87,-9.488,-0.002,-0.306,-0.674,7.731,0.0,0.0,0.0,0.0,1.426,0.0,-3.538,0.741,3.471,0.934,2.9246687180934714,D221A
-4.115,9.439,-1.162,0.096,0.167,0.378,0.532,0.0,0.0,0.0,0.0,1.189,0.136,5.198,5.143,1.506,10.865,29.369490298249502,G228I
-2.647,3.207,1.565,0.006,0.305,-0.408,-1.001,0.0,0.0,0.0,0.0,0.0,0.091,1.592,2.423,-2.138,2.208,5.200739493867559,G228N
-1.87,49.709554258837535,-7.577,0.0,-0.192,-0.326,9.123,45.684652250889414,0.0,1.478,0.0,1.426,0.242,-3.192,4.8,0.503,4.184,49.990686170504404,D221P
-5.274,14.551,4.826,0.007,0.104,0.06,0.633,0.0,0.0,0.0,0.0,-1.379,0.0,0.84,-0.261,-0.173,-0.25,13.68259394272809,A224T
-2.398,3.369,2.306,0.005,0.363,-0.411,-1.401,0.0,0.0,0.0,0.0,0.0,0.091,2.104,2.642,-2.944,2.684,6.407640417686935,G228D
-4.344,5.81,0.795,0.006,0.072,-0.086,-0.582,0.0,0.0,0.0,0.0,0.0,0.091,2.1,3.426,0.86,4.149,12.294320850208123,G228M
-7.376,5.242,0.812,0.032,0.359,-0.479,-0.537,0.0,0.0,0.0,0.0,0.0,0.091,1.717,2.475,1.463,4.43,8.226069621152192,G228W
-3.398,9.951,-1.445,0.084,0.095,0.557,0.577,0.0,0.0,0.0,0.0,1.189,0.136,5.073,5.417,1.845,10.835,30.912927717666665,G228V
-18.575,50.0,5.172,0.047,0.459,0.102,-0.809,0.0,0.0,0.0,0.0,1.166,0.226,5.215,1.254,0.421,0.414,50.0,G223F
-9.32,49.99972960657176,3.722,0.018,0.033,-0.079,-0.069,0.0,0.0,0.0,0.0,1.166,0.226,3.263,1.322,2.457,0.059,49.99975822379565,G223C
-2.282,5.114,-7.222,0.024,-0.175,-0.246,7.534,0.0,0.0,0.0,0.016,1.426,-0.063,-3.007,-0.478,4.45,-0.331,4.757896673439063,D221I
-3.417,11.334,0.213,0.049,0.074,-0.011,-0.82,0.0,0.0,0.0,0.0,0.0,0.091,2.882,2.946,0.354,2.973,16.66646447900939,G228T
7.779,-3.668,5.974,-0.02,0.234,0.003,-0.66,0.0,0.0,0.0,0.0,-0.273,0.0,1.8,0.545,-2.558,-0.008,9.146517636091858,F222N
14.669,-5.112,2.803,-0.028,-0.463,0.41,-0.826,0.0,0.0,0.0,0.0,-0.971,0.094,-1.774,0.481,-0.42,0.834,9.694435245641898,F222G
2.331,16.736,11.276,0.009,0.21,0.17,0.256,0.0,0.0,0.0,0.0,-0.273,0.0,2.42,0.93,-1.932,0.506,32.637886134269365,F222K
-1.136,6.805,-8.322,0.011,-0.201,-0.581,7.649,0.0,0.0,0.0,0.0,1.339,0.0,-2.379,-0.099,3.808,0.126,7.016248953889772,D221L
2.873,-0.782,-6.054,-0.002,-0.28,-0.884,6.2,0.0,0.0,0.0,0.0,0.591,0.0,-2.398,0.612,1.856,0.397,2.126967820832533,D221S
-3.564,5.829,2.177,0.01,0.716,-0.42,-1.521,0.0,0.0,0.0,0.0,0.0,0.091,1.883,3.28,-2.249,3.455,9.68460096948752,G228Q
0.708,-0.544,-4.897,0.004,0.096,-1.255,8.346,0.0,0.0,0.0,0.0,1.426,0.0,-1.206,0.084,0.806,0.057,3.622398207480728,D221N
5.531,-3.567,9.842,0.045,1.242,0.149,-0.207,0.0,0.0,0.0,0.0,0.052,0.0,6.035,0.871,-3.942,0.499,16.548721083775035,F222E
-2.266,1.728,2.46,0.003,0.076,0.275,-0.852,0.0,0.0,0.0,-0.56,0.0,0.091,0.35,2.618,-1.087,2.633,5.466727020111875,G228S
-3.846,5.278,-0.186,0.017,0.104,-0.089,-0.492,0.0,0.0,0.0,0.0,0.0,0.091,0.446,3.479,0.864,3.711,9.373776839801849,G228L
-3.154,5.599,2.793,0.01,0.867,-0.467,-1.55,0.0,0.0,0.0,0.0,0.0,0.091,2.362,3.522,-3.522,3.392,9.940382132337165,G228E
6.937,8.976,1.644,0.041,-0.207,0.786,-1.288,0.0,0.0,0.0,0.0,-0.732,-0.075,3.957,1.866,1.425,0.853,24.18294479369956,F222V
-15.414,49.99999999999999,12.773,0.032,1.386,1.013,1.044,0.0,0.0,0.0,0.0,1.166,0.226,6.964,1.599,-2.249,0.679,49.99999999999999,G223Q
-4.606,5.788,2.957,0.016,0.425,-0.084,-0.108,0.0,0.0,0.0,0.0,0.0,0.091,1.878,2.73,-0.893,2.494,10.68578372867455,G228R
-15.99,50.0,2.965,0.032,0.022,-0.065,3.363,0.0,0.0,0.0,1.115,0.18,-0.018,2.5,3.018,1.506,1.84,50.0,G223I
-1.497,3.678,3.699,-0.002,0.002,0.304,-1.263,0.0,0.0,0.0,0.0,-0.273,0.0,0.195,0.074,-0.636,0.055,4.335596871505459,F222Y
-2.276,3.144,0.184,0.003,0.015,0.084,-0.564,0.0,0.0,0.0,0.0,0.0,0.091,0.385,3.019,2.457,5.703,12.242884774796494,G228C
9.599,-2.98,1.989,-0.021,-0.435,0.22,-0.67,0.0,0.0,0.0,0.0,-0.273,0.0,-1.73,0.108,2.037,-0.13,7.714104551392666,F222C
0.0,0.0,0.0,0.0,0.0,0.0,0.0,0.0,0.0,0.0,0.0,0.0,0.0,0.0,0.0,0.0,0.0,0.0,G228G
-2.996,0.627,-1.568,0.019,0.128,-1.254,4.75,0.0,0.0,0.0,0.226,1.437,0.0,0.611,0.418,0.695,0.285,3.374899206736245,D221Q
-0.111,0.89,-7.118,0.002,-0.227,-0.529,7.285,0.0,0.0,0.0,0.0,1.426,0.0,-1.512,0.303,3.803,0.92,5.130471549074628,D221M
4.1,-2.477,7.521,0.051,0.874,0.086,-0.093,0.0,0.0,0.0,0.0,0.052,0.0,5.897,0.831,-2.669,0.571,14.74524010197183,F222Q
-20.681,50.0,16.316,0.043,0.74,-0.395,-1.684,0.0,0.0,0.0,0.0,1.166,0.226,6.563,1.295,-0.893,0.627,50.0,G223R
-3.535,3.487,0.131,0.028,0.337,-0.11,-0.514,0.0,0.0,0.0,0.0,0.0,0.091,2.583,2.808,-0.216,3.14,8.22815896300608,G228Y
-4.355,49.89063715161361,-1.092,0.002,0.056,0.197,-2.266,29.075,0.0,0.0,0.0,0.298,0.135,0.256,7.839,-2.441,13.698,49.97910241855963,G228P
-3.17,48.05189543145681,13.537,0.037,0.479,1.464,-1.069,0.0,0.0,0.0,0.0,-0.273,0.0,4.113,0.508,-1.313,0.24,48.90207053399579,F222R
-2.999,2.098,-7.138,0.03,-0.235,-0.658,7.167,0.0,0.0,0.0,0.0,1.339,0.0,0.026,-0.074,3.364,0.09,3.008295190435092,D221F
1.405,3.051,-6.382,0.003,-0.25,-0.91,6.587,0.0,0.0,0.0,0.0,1.426,0.0,-3.164,0.324,3.298,0.289,5.674526990057075,D221T
-9.485,49.99997877880319,8.355,0.026,0.069,0.683,-0.824,0.0,0.0,0.0,0.093,-1.009,0.226,3.198,1.851,0.354,0.95,49.999982264186826,G223T
-27.275,50.0,10.172,0.069,0.649,-0.221,0.665,0.0,0.0,0.0,0.0,1.166,0.226,5.459,1.22,1.463,0.987,50.0,G223W
1.673,6.28,-5.877,0.004,-0.332,-0.085,2.078,0.0,0.0,0.0,0.0,1.165,0.0,-2.674,-0.304,1.963,-0.295,3.595972318385975,H230L
4.217,10.831,2.051,0.086,-0.05,0.585,-1.471,0.0,0.0,0.0,0.0,-0.732,-0.075,6.537,1.956,1.086,1.053,26.07322863975924,F222I
-1.272,0.976,-4.449,0.005,0.019,-1.081,6.687,0.0,0.0,0.0,0.0,1.426,0.0,-1.11,-0.058,1.845,0.408,3.394380087525633,D221H
2.955,-2.908,6.521,-0.021,0.44,0.085,-0.803,0.0,0.0,0.0,0.0,-0.273,0.0,-0.384,0.179,-1.519,0.129,4.401853070397237,F222H
1.574,6.953,-3.718,-0.006,-0.338,0.124,1.843,0.0,0.0,0.0,0.0,1.165,0.0,-1.26,0.033,1.958,-0.236,8.091386795967082,H230M
-3.653,48.49052731565801,-0.744,0.002,0.0,0.172,0.324,0.0,0.0,0.0,0.0,0.0,0.226,0.0,1.051,0.527,0.354,48.38330758503815,G223A
0.0,0.0,0.0,0.0,0.0,0.0,0.0,0.0,0.0,0.0,0.0,0.0,0.0,0.0,0.0,0.0,0.0,0.0,G223G
-16.447,50.0,15.189,0.04,0.646,0.328,-4.25,0.0,0.0,0.0,0.0,1.166,0.226,6.775,1.695,-1.512,0.8,50.0,G223K
-13.326,49.99670511088285,19.177,0.025,0.569,-0.637,8.037,0.0,0.0,0.0,0.0,1.166,0.226,6.256,1.834,-3.522,0.95,49.99856352199128,G223E
-1.301,5.09,1.867,0.013,0.171,-0.123,-1.711,0.0,0.0,0.0,0.0,1.165,0.0,0.409,-0.028,0.206,-0.143,5.61506695567914,H230R
9.143,-0.449,3.924,-0.01,-0.408,0.412,-1.543,0.0,0.0,0.0,0.0,-1.36,0.0,-1.64,0.671,-0.066,0.285,8.958193330366157,F222T
2.361,9.367,-7.54,0.019,-0.296,0.211,1.563,0.0,0.0,0.0,0.0,1.165,0.586,-0.912,0.071,2.944,0.109,9.646143569667402,H230V
-16.321,49.9999999999996,15.178,0.024,0.813,0.079,-0.198,0.0,0.0,0.0,0.0,1.166,0.226,6.022,1.098,-1.098,0.41,49.99999999999971,G223H
-7.001,49.75388932706558,2.314,-0.004,0.487,0.194,-0.06,0.0,0.0,0.0,0.0,0.0,0.0,-0.371,0.039,1.043,0.477,49.72391035994676,F222W
3.123,1.561,0.508,-0.018,-0.005,-1.624,-0.149,0.0,0.0,0.0,0.0,2.165,0.0,0.275,0.17,-0.882,0.245,5.367223911201791,Y229H
11.764,-4.716,4.451,-0.024,-0.395,0.167,-0.741,0.0,0.0,0.0,0.0,-0.273,0.0,-2.047,-0.021,-1.508,-0.106,6.550848579486228,F222S
-16.174,50.0,4.55,0.05,0.454,-0.096,-1.104,0.0,0.0,0.0,0.0,0.0,0.226,6.999,1.539,0.86,0.897,50.0,G223M
-11.614,49.999095997881476,11.338,0.024,0.811,0.639,-3.207,0.0,0.0,0.0,-0.125,-0.134,0.226,6.105,1.603,-2.138,0.568,49.99923257419245,G223N
-0.287,1.795,-3.581,0.007,-0.076,-0.956,6.173,0.0,0.0,0.0,0.0,1.426,0.0,-1.491,0.532,1.432,0.301,5.272307984375175,D221K
-9.826,49.9992605746358,16.155,0.021,0.935,0.046,-0.11,0.0,0.0,0.0,0.0,1.166,0.226,7.464,1.426,-2.944,0.71,49.99959856710118,G223D
-20.235,50.0,9.073,0.039,0.443,0.27,-0.166,0.0,0.0,0.0,0.0,1.166,0.226,4.195,1.239,-0.216,0.342,50.0,G223Y
3.305,49.688199801922885,-4.916,-0.001,-0.278,0.248,2.829,37.917,0.0,1.152,0.0,1.165,-0.167,0.145,1.216,-1.342,2.153,49.944968236737104,H230P
-1.947,10.077,-5.084,0.018,-0.138,0.247,1.665,0.0,0.0,0.0,0.0,1.165,0.0,0.147,-0.249,1.519,-0.227,7.193296674708108,H230F
-16.142,49.999999999999986,3.53,0.051,0.279,0.058,0.563,0.0,0.0,0.0,0.0,1.166,0.226,5.011,2.512,0.864,1.63,49.999999999999986,G223L
-1.373,1.76,-4.375,0.012,0.097,-0.723,7.245,0.0,0.0,0.0,0.0,1.426,0.0,-1.32,0.343,2.051,0.349,5.488192151265821,D221R
-0.342,3.013,2.847,0.042,0.137,0.493,-0.998,0.0,0.0,0.0,0.0,1.165,0.0,2.673,0.078,-0.414,-0.173,8.520695815978797,H230K
-11.443,49.99999999970603,-0.503,0.039,0.07,0.187,1.66,0.0,0.0,0.0,1.115,-0.155,-0.018,5.28,2.909,1.845,1.749,49.99999999973649,G223V
10.575,-1.854,-6.806,-0.004,-0.35,0.184,2.136,0.0,0.0,0.0,0.0,1.165,0.672,-2.135,0.534,1.099,0.837,6.052393195256627,H230G
-4.376,49.997961396369305,-2.402,0.041,-0.098,0.084,1.991,0.0,0.0,0.0,0.0,1.165,0.0,1.971,-0.326,2.562,-0.001,49.99801071454052,H230W
3.221,-1.628,-0.509,0.0,-0.097,-0.052,1.082,0.0,0.0,0.0,0.0,0.237,0.0,-0.355,0.252,-1.039,0.122,1.2329310376362628,H230N
0.0,0.0,0.0,0.0,0.0,0.0,0.0,0.0,0.0,0.0,0.0,0.0,0.0,0.0,0.0,0.0,0.0,0.0,H230H
-3.461,2.033,-5.823,0.031,-0.204,-0.872,6.677,0.0,0.0,0.0,0.0,1.339,0.0,0.207,0.051,2.728,0.284,2.9857439756442545,D221Y
1.612,0.844,3.428,0.008,0.365,-0.358,1.75,0.0,0.0,0.0,0.0,0.999,0.0,1.439,0.04,-2.423,-0.099,7.603313673059802,H230E
4.67,-1.461,1.437,-0.001,-0.111,-0.512,1.872,0.0,0.0,0.0,0.0,1.066,0.0,0.187,0.384,-1.845,0.23,5.916735379313195,H230D
8.374,-1.726,-7.432,-0.003,-0.35,0.143,1.983,0.0,0.0,0.0,0.0,1.165,0.0,-2.135,0.15,1.626,0.068,1.8630525063440475,H230A
-3.606,1.522,-5.152,0.02,-0.112,-0.313,6.575,0.0,0.0,0.0,0.0,0.537,0.0,-0.089,0.092,4.407,0.751,4.629634403688897,D221W
-0.34,4.59,-5.213,0.029,-0.29,0.021,1.606,0.0,0.0,0.0,0.0,1.165,0.586,2.722,0.095,2.605,0.265,7.839352034470494,H230I
9.9,-0.505,-3.5,-0.022,-0.232,0.215,2.559,0.0,0.0,0.0,0.0,1.612,0.0,-2.091,0.538,0.743,0.586,9.80143679958178,Y229A
-0.254,5.134,-4.091,0.152,-0.114,0.002,1.925,0.0,0.0,0.0,0.0,1.165,0.0,2.122,-0.23,0.883,-0.201,6.4944258507757695,H230Y
4.988,-1.695,-5.759,-0.002,-0.339,0.128,1.639,0.0,0.0,0.0,0.0,1.165,0.0,-2.021,0.057,3.556,-0.099,1.6174641854206584,H230C
1.636,2.862,2.742,0.002,0.227,0.027,-0.468,0.0,0.0,0.0,-0.223,2.165,0.0,1.528,0.169,-0.677,0.142,10.131633884391022,Y229R
7.294,-1.501,-2.559,-0.002,-0.298,0.051,1.144,0.0,0.0,0.0,0.0,0.052,0.0,-1.041,0.096,0.011,0.011,3.258143304888563,H230S
0.483,1.596,0.5,0.023,0.32,-0.305,1.039,0.0,0.0,0.0,0.0,1.165,0.0,2.3,0.014,-1.15,-0.242,5.741780158731444,H230Q
4.825,-1.501,-3.502,0.002,-0.256,-0.151,1.062,0.0,0.0,0.0,0.0,1.165,0.0,-1.902,0.114,1.453,0.137,1.44491310871922,H230T
1.44,1.871,-4.412,0.001,-0.204,-0.841,0.948,0.0,0.0,0.0,0.174,1.97,0.0,0.17,-0.074,0.636,-0.015,1.661983837275102,Y229F
7.694,1.204,-3.332,-0.02,-0.352,-0.886,0.812,0.0,0.0,0.0,0.0,2.165,0.0,-1.402,0.217,2.673,0.265,9.035620693527337,Y229C
3.55,3.761,-5.376,0.026,-0.347,-0.935,1.429,0.0,0.0,0.0,0.174,1.97,0.0,2.05,-0.274,1.08,0.028,7.133037958663408,Y229L
2.467,47.02648722798814,-4.923,0.009,-0.023,0.347,1.599,0.0,0.0,0.0,0.0,1.339,-0.027,-0.374,-0.584,1.722,-0.27,47.17071793403092,Y229I
4.568,2.854,3.45,-0.012,0.283,-1.236,1.114,0.0,0.0,0.0,0.0,2.438,0.0,2.001,0.306,-3.306,0.223,12.68238243232372,Y229E
5.845,-0.918,1.546,-0.018,0.032,-0.083,1.329,0.0,0.0,0.0,0.0,1.339,0.0,0.391,0.514,-1.922,0.333,8.385903780348599,Y229N
12.736,0.202,-3.863,-0.024,-0.359,-0.8,1.69,0.0,0.0,0.0,0.0,2.438,0.119,-2.145,1.255,0.216,2.073,13.536498917380868,Y229G
6.217,48.10384795965882,-3.334,-0.021,-0.296,-0.503,0.541,44.43597329527565,1.02,0.0,0.0,2.165,-0.139,-0.71,3.296,-2.225,13.446,49.94773246351992,Y229P
5.009,46.644504841474664,-5.341,-0.003,-0.053,0.292,1.81,0.0,0.0,0.0,0.0,1.339,-0.027,-0.677,-0.521,2.061,-0.17,47.09451938209982,Y229V
7.288,1.425,2.247,-0.019,-0.113,-0.897,0.029,0.0,0.0,0.0,0.0,2.165,0.0,0.796,0.641,-2.728,0.436,11.269904671060203,Y229D
3.381,1.234,2.822,-0.006,0.378,-0.035,1.563,0.0,0.0,0.0,0.0,1.339,0.0,2.414,0.306,-2.033,0.068,11.431245655259543,Y229Q
0.0,0.0,0.0,0.0,0.0,0.0,0.0,0.0,0.0,0.0,0.0,0.0,0.0,0.0,0.0,0.0,0.0,0.0,Y229Y
9.955,1.16,-1.258,-0.021,-0.339,-1.173,0.858,0.0,0.0,0.0,0.0,2.165,0.0,-1.123,0.555,-0.872,0.332,10.239045894215453,Y229S
1.616,8.094,-3.217,-0.009,-0.308,-1.185,1.699,0.0,0.0,0.0,0.0,2.438,0.0,-0.166,0.211,1.076,0.165,10.412911527019103,Y229M
-4.778,5.431,0.031,-0.001,0.148,-0.837,2.15,0.0,0.0,0.0,0.93,1.669,0.0,-1.077,0.151,1.679,0.43,5.924688656270519,Y229W
2.799,1.082,4.184,0.025,0.405,0.405,-0.398,0.0,0.0,0.0,0.0,1.339,0.0,2.343,0.291,-1.296,0.102,11.27817648547125,Y229K
6.996,1.404,-0.53,-0.017,-0.256,-1.121,-0.4,0.0,0.0,0.0,0.0,2.165,0.0,-0.135,-0.037,0.57,0.224,8.86133828349898,Y229T
-6.161,49.83642879278514,-6.46,0.016,-0.025,0.16,1.348,0.0,0.0,0.0,1.115,0.0,-0.022,0.279,0.035,2.933,-0.017,49.78539542892979,S231V
-3.545,7.401,-4.153,0.003,-0.023,0.093,0.48,0.0,0.0,0.0,1.115,0.0,0.0,1.306,-0.021,3.545,0.13,6.328511272913602,S231C
1.411,-0.15,-5.755,0.0,-0.079,0.203,2.04,0.0,0.0,0.0,1.115,0.0,0.0,-0.435,0.34,1.615,0.331,0.634606002340206,S231A
-4.399,6.151,6.981,0.003,0.815,0.416,-0.175,0.0,0.0,0.0,1.077,0.273,0.0,4.041,0.633,-1.856,0.342,14.30241859480202,S231D
4.504,-0.683,-4.193,-0.001,-0.079,0.179,1.818,0.0,0.0,0.0,1.115,0.0,-0.024,-0.435,0.681,1.088,0.998,4.967744980976931,S231G
-9.432,40.99020873422931,5.882,0.011,0.664,0.26,0.752,0.0,0.0,0.0,1.115,-0.008,0.0,4.98,0.101,-1.161,-0.137,41.934758408969714,S231Q
-10.473,49.99999999996196,-5.495,0.04,-0.008,0.296,3.113,0.0,0.0,0.0,1.115,0.0,0.0,3.16,-0.118,1.952,-0.136,49.99999999995055,S231L
-7.509,46.75,9.014,0.008,1.014,-0.005,0.841,0.0,0.0,0.0,0.9,0.0,0.0,6.278,0.265,-2.434,0.033,40.08048621497149,S231E
-11.881,49.99913012280619,6.44,-0.002,0.201,-0.417,1.702,0.0,0.0,0.0,1.202,0.0,0.0,4.539,0.027,-0.011,0.002,49.99919064452025,S231H
-13.205,50.0,11.404,0.021,0.213,0.639,1.945,0.0,0.0,0.0,1.417,0.0,0.0,3.24,0.083,-0.425,-0.13,50.0,S231K
-15.285,49.999999991853436,-1.675,0.016,-0.092,0.254,3.912,0.0,0.0,0.0,1.405,0.0,0.0,4.859,-0.22,1.508,-0.189,49.99999998984605,S231F
-4.947,49.99965251646968,-2.675,0.002,0.035,0.215,3.09,48.86311033522641,0.0,1.212,1.115,0.0,0.155,-0.087,2.88,-1.353,3.362,49.99999645662767,S231P
-11.586,49.99645460346818,-2.005,0.022,0.1,0.107,1.659,0.0,0.0,0.0,1.115,0.0,0.0,4.85,0.114,1.947,0.077,49.995905328597225,S231M
-23.283,50.0,4.263,0.014,-0.067,0.283,2.236,0.0,0.0,0.0,1.202,0.0,0.0,5.908,-0.134,2.551,0.332,50.0,S231W
-6.092,11.746,3.266,0.006,0.725,-0.485,2.134,0.0,0.0,0.0,0.903,0.0,0.0,3.456,0.441,-1.05,0.288,15.337383757002954,S231N
-9.935,49.97192710004559,-4.948,0.058,0.189,0.157,0.85,0.0,0.0,0.0,1.115,0.0,-0.022,1.711,0.198,2.594,0.206,49.96160815796232,S231I
-17.871,49.999999991378694,8.662,0.027,0.683,1.251,2.009,0.0,0.0,0.0,2.698,0.273,0.0,7.729,0.059,0.195,-0.049,49.999999993126956,S231R
-17.783,49.99999999999971,0.633,0.028,0.489,0.039,1.637,0.0,0.0,0.0,1.115,0.0,0.0,2.93,-0.222,0.872,-0.194,49.99999999999956,S231Y
5.773,-1.787,1.737,-0.01,-0.059,0.366,0.128,0.0,0.0,0.0,0.0,0.0,0.0,-0.063,0.504,1.594,0.118,8.298477394604106,L239C
-3.327,6.292,-2.247,0.011,0.003,0.05,1.059,0.0,0.0,0.0,1.115,0.0,0.0,2.403,-0.172,1.442,-0.173,6.453502469862542,S231T
0.0,0.0,0.0,0.0,0.0,0.0,0.0,0.0,0.0,0.0,0.0,0.0,0.0,0.0,0.0,0.0,0.0,0.0,S231S
1.461,1.508,-0.397,-0.003,-0.038,-0.046,0.486,0.0,0.0,0.0,0.0,0.206,0.0,0.161,0.0,0.0,0.0,3.3381291087177942,D232D
-4.199,38.233809394151244,0.662,0.018,0.163,-0.034,-0.539,0.0,0.0,0.0,0.0,0.0,0.0,3.39,0.172,-0.443,-0.058,49.50157084170337,L239F
-5.633,49.26064040385283,0.305,0.012,0.066,-0.043,-0.445,0.0,0.0,0.0,0.0,0.0,0.153,0.938,1.175,0.86,8.469,49.414157888512115,G240M
3.042,-0.147,-6.07,-0.002,-0.27,0.111,0.433,0.0,0.0,0.0,0.0,0.0,0.0,-2.576,0.012,3.471,0.306,-1.6903827507856022,D232A
-4.639,39.655503984649705,1.076,0.004,0.555,-0.274,-0.213,0.0,0.0,0.0,0.0,0.0,0.153,2.073,0.262,-1.098,7.71,41.558363398428725,G240H
-2.202,1.138,1.298,0.004,0.281,0.303,1.828,0.0,0.0,0.0,0.0,0.0,0.0,1.655,-0.258,-0.578,-0.19,3.277991843217251,D232E
0.0,0.0,0.0,0.0,0.0,0.0,0.0,0.0,0.0,0.0,0.0,0.0,0.0,0.0,0.0,0.0,0.0,0.0,G240G
-1.156,0.369,-1.744,0.002,0.001,-0.097,0.471,0.0,0.0,0.0,0.0,0.0,0.0,-0.799,-0.061,0.806,-0.005,-2.2152016565394206,D232N
-1.95,46.684,-1.0,0.001,0.0,-0.024,-0.454,0.0,0.0,0.0,0.0,0.0,0.153,0.0,1.582,0.527,8.193,39.553028079941384,G240A
-5.162,39.940944417229005,-0.359,0.023,0.197,0.037,-0.28,0.0,0.0,0.0,0.0,0.0,0.153,2.207,1.017,0.421,7.77,41.92057992652353,G240F
-4.319,2.499,-4.959,0.01,-0.226,0.157,0.253,0.0,0.0,0.0,0.0,0.0,0.0,0.118,-0.243,3.803,0.06,-2.848557276648762,D232M
0.181,-0.072,-5.407,-0.001,-0.258,0.059,-0.029,0.0,0.0,0.0,0.0,0.0,0.0,-1.596,-0.433,5.401,-0.033,-2.1887711414296973,D232C
-3.567,38.747850187659324,2.839,0.003,0.578,-0.29,-0.048,0.0,0.0,0.0,0.0,0.0,0.153,3.024,1.077,-2.944,8.097,41.85028605415725,G240D
-3.755,44.576358082685154,1.314,0.011,0.983,-0.176,-0.49,0.0,0.0,0.0,0.0,0.0,0.153,3.524,0.968,-3.522,1.248,44.6289361430836,G240E
4.744,-0.275,-5.644,-0.003,-0.27,0.389,0.592,0.0,0.0,0.0,0.0,0.0,0.133,-2.576,1.063,2.944,1.923,3.017887850149009,D232G
-3.428,39.29161015165798,-0.175,0.003,0.039,0.024,-0.291,0.0,0.0,0.0,0.0,0.0,0.153,1.789,1.408,2.457,8.402,42.66358392264383,G240C
-5.389,49.449336665508035,-1.265,0.021,0.046,-0.012,-0.476,0.0,0.0,0.0,0.0,0.0,0.02,0.018,0.926,1.845,8.375,49.53239306017594,G240V
3.612,16.857,4.005,-0.019,0.049,0.805,1.035,48.48534490284953,0.0,1.041,0.0,0.0,0.063,-0.474,7.297,-4.286,5.044,49.622607974206325,V238P
-8.699,49.69965928749813,15.552,0.003,0.555,0.743,-1.353,0.0,0.0,0.0,0.0,0.0,0.0,4.897,0.358,-1.756,0.023,49.80105990879176,L239R
-6.528,49.7314823420837,1.985,0.016,0.326,-0.042,0.36,0.0,0.0,0.0,0.0,0.0,0.153,1.502,0.862,-0.893,7.7,49.783890536025446,G240R
11.026,-1.824,0.987,-0.012,-0.071,0.372,0.159,0.0,0.0,0.0,0.0,0.0,-0.028,-0.437,1.324,-0.863,1.503,12.133567160459506,L239G
0.457,-0.038,8.847,0.001,0.573,-0.841,1.499,0.0,0.0,0.0,-0.795,0.0,0.0,3.076,0.439,-3.112,-0.002,10.103270985352992,L239Q
5.371,-1.759,4.792,-0.007,0.033,0.497,-1.84,0.0,0.0,0.0,0.0,0.0,0.0,1.293,0.323,-0.509,0.21,8.401813718771791,L239T
-2.431,47.361,1.402,0.003,0.061,-0.102,-0.164,0.0,0.0,0.0,0.0,0.0,0.153,0.846,1.058,-1.087,6.924,39.66895554431673,G240S
-5.883,49.996811936803965,-0.736,0.045,0.173,0.051,-0.423,0.0,0.0,0.0,0.0,0.0,0.153,1.732,1.239,0.864,8.367,49.99744991936064,G240L
-3.872,44.15127990939724,0.744,0.011,0.806,-0.039,-0.401,0.0,0.0,0.0,0.0,0.0,0.153,2.364,1.387,-2.249,8.367,45.56169800164992,G240Q
-6.365,49.56020101269576,-0.501,0.037,0.102,0.016,-0.451,0.0,0.0,0.0,0.0,0.0,0.02,0.687,0.96,1.506,8.405,49.631156078766026,G240I
-5.155,39.86760668512777,-0.318,0.022,0.215,0.033,-0.23,0.0,0.0,0.0,0.0,0.0,0.153,1.582,0.693,-0.216,8.356,41.59121318328205,G240Y
0.383,21.76,0.235,0.011,0.004,0.256,0.277,0.0,0.0,0.0,0.0,0.0,0.031,-0.476,-0.199,0.643,-0.27,22.65388426020172,L239I
-4.28,44.093969439365516,0.776,0.027,0.545,-0.085,-0.112,0.0,0.0,0.0,0.0,0.0,0.153,2.257,0.879,-1.512,1.218,44.06351727673052,G240K
-5.08,39.58592533558931,0.185,0.02,0.371,-0.111,-0.317,0.0,0.0,0.0,0.0,0.0,0.153,2.315,0.806,1.463,8.452,42.288960146674434,G240W
0.803,0.844,12.037,-0.009,0.213,0.305,-0.875,0.0,0.0,0.0,0.0,0.0,0.0,2.394,0.467,-4.386,0.107,11.89856068485733,L239E
-3.961,49.103,1.517,0.005,0.537,-0.375,0.071,0.0,0.0,0.0,0.0,0.0,0.153,3.463,0.892,-2.138,7.597,40.67418029213993,G240N
-5.822,38.862,0.16,0.041,-0.288,1.633,3.092,0.0,0.0,0.0,0.0,0.0,0.0,3.116,-0.481,3.364,-0.387,43.28965463472787,D232F
8.889,-1.794,0.639,-0.011,-0.071,0.571,0.24,0.0,0.0,0.0,0.0,0.0,0.0,-0.437,0.716,-0.336,0.403,8.807484262517619,L239A
-3.915,42.44077851152225,1.681,0.011,0.056,0.031,-0.8,0.0,0.0,0.0,0.0,0.0,0.153,0.0,1.099,0.354,1.33,42.441010309107554,G240T
5.347,-1.798,7.879,-0.008,0.211,0.007,-0.117,0.0,0.0,0.0,0.0,0.0,0.0,1.605,0.703,-3.807,0.315,10.335642821630929,L239D
3.859,20.636,0.392,0.005,-0.028,0.415,0.284,0.0,0.0,0.0,0.0,0.0,0.031,-0.416,-0.128,0.982,-0.24,25.79105021023201,L239V
-7.888,49.99868863005388,0.417,0.003,0.044,-0.056,2.658,49.984604865748864,0.0,0.854,0.0,0.0,0.057,0.0,4.871,-2.441,9.019,49.999999850642915,G240P
-1.018,6.402,-5.985,0.011,-0.262,0.067,0.54,0.0,0.0,0.0,0.0,0.0,0.047,-2.534,-0.8,4.789,-0.694,0.5605059905522012,D232V
-1.61,19.621,-4.775,-0.002,-0.154,0.236,0.917,47.72842714251927,0.0,0.0,1.262,0.0,-0.025,-1.875,6.163,0.503,8.016,49.25556343721353,D232P
4.023,-1.544,6.91,-0.004,0.173,-0.828,0.302,0.0,0.0,0.0,-0.795,0.0,0.0,2.145,0.65,-3.001,0.253,8.282696682920914,L239N
0.0,0.0,0.0,0.0,0.0,0.0,0.0,0.0,0.0,0.0,0.0,0.0,0.0,0.0,0.0,0.0,0.0,0.0,L239L
-3.556,6.123,-6.989,0.01,-0.292,0.75,0.5,0.0,0.0,0.0,0.0,-0.52,0.0,-0.95,-0.445,3.808,-0.264,-1.8263051479059411,D232L
3.909,43.99743151992429,3.293,-0.006,-0.003,-0.495,0.245,39.35112899922424,0.0,1.121,-0.795,0.0,0.022,2.953,2.1,-3.304,1.962,49.51221972273298,L239P
9.663,-2.116,-1.018,-0.011,-0.083,0.118,-0.481,0.0,0.0,0.0,0.0,-0.273,0.0,-1.149,-0.588,-0.332,-0.311,3.419094082225456,M233A
-2.04,20.136,7.975,-0.01,0.266,-0.192,-0.052,0.0,0.0,0.0,0.0,0.0,0.0,2.617,0.466,-1.962,0.171,27.37563374491833,L239H
-2.538,11.661,1.665,0.011,0.091,-0.03,0.574,0.0,0.0,0.0,0.0,0.0,0.0,3.733,0.507,-0.004,-0.014,15.65663879362205,L239M
-3.521,49.596,14.114,-0.002,0.45,0.38,-0.364,0.0,0.0,0.0,0.0,0.0,0.0,2.541,0.454,-2.376,0.029,42.07119050813266,L239K
-3.361,7.641,-5.696,0.028,-0.225,0.3,0.376,0.0,0.0,0.0,0.0,0.0,0.047,-0.563,-0.624,4.45,-0.603,1.7681651003233585,D232I
-1.985,20.091,8.677,0.049,0.182,1.049,0.132,0.0,0.0,0.0,0.0,0.0,0.036,6.183,0.964,-4.093,0.327,31.611723654941216,V238Q
-11.113,49.999999994970324,3.368,0.002,0.335,0.596,0.158,0.0,0.0,0.0,0.0,0.0,0.0,3.405,0.277,0.6,0.164,49.99999999450617,L239W
2.131,0.156,9.825,-0.014,0.298,0.389,-2.53,0.0,0.0,0.0,0.0,0.0,0.036,3.001,1.806,-4.788,0.894,11.20468684560842,V238D
7.882,-0.96,5.29,-0.009,-0.01,-0.649,-0.639,0.0,0.0,0.0,-0.795,0.0,0.0,0.495,0.741,-1.951,0.26,9.655029412507474,L239S
-5.979,45.687954344263126,4.069,0.022,0.171,0.391,-0.884,0.0,0.0,0.0,0.0,0.0,0.0,3.344,0.267,-1.079,-0.083,45.72715326425052,L239Y
2.382,-0.019,-2.525,-0.001,-0.22,0.273,-0.773,0.0,0.0,0.0,0.0,-0.483,0.0,-2.002,-0.207,1.856,-0.254,-1.9734568328813111,D232S
-6.592,5.727,-0.077,0.002,0.191,0.534,-0.163,0.0,0.0,0.0,0.0,0.0,0.0,-0.21,-0.569,1.845,-0.41,0.2796908560001157,D232H
8.713,-3.421,2.644,-0.018,-0.044,0.533,0.025,0.0,0.0,0.0,0.0,0.0,0.024,-0.438,2.059,-1.844,2.537,10.769573013513536,V238G
0.884,1.038,-1.57,0.008,-0.732,0.303,-0.568,0.0,0.0,0.0,0.0,0.0,0.0,1.664,-0.242,1.432,-0.304,1.908993634960325,D232K
-3.07,10.093,-0.028,0.006,0.037,-0.091,-0.026,0.0,0.0,0.0,0.0,0.0,0.0,0.018,0.105,-0.339,0.052,6.755926224327368,V238I
-5.48,5.496,3.296,0.027,0.746,-0.639,-2.091,0.0,0.0,0.0,0.0,0.0,0.0,1.535,-0.428,2.051,-0.457,4.055531901597988,D232R
0.0,0.0,0.0,0.0,0.0,0.0,0.0,0.0,0.0,0.0,0.0,0.0,0.0,0.0,0.0,0.0,0.0,0.0,M233M
5.962,-0.287,6.29,-0.008,0.769,0.202,0.405,0.0,0.0,0.0,0.0,0.0,0.0,3.159,0.313,-3.803,0.268,13.270322773112866,M233D
-6.25,36.973,1.853,0.041,-0.256,1.299,1.619,0.0,0.0,0.0,0.0,0.0,0.0,3.062,-0.485,2.728,-0.384,40.199360593836445,D232Y
-4.264,47.70001699674773,0.345,0.038,0.457,-0.571,1.979,0.0,0.0,0.0,2.648,0.0,0.036,4.978,0.68,-1.424,0.139,48.112187269362224,V238F
-4.324,2.605,0.129,0.002,-0.141,0.894,-0.526,0.0,0.0,0.0,-0.602,-0.007,0.0,0.82,-0.225,0.695,-0.225,-0.9040049000927866,D232Q
6.363,-2.723,1.102,-0.017,-0.044,0.529,0.042,0.0,0.0,0.0,0.0,0.0,0.036,-0.438,1.234,-1.318,0.923,5.690133644386606,V238A
1.653,-2.13,3.0,-0.016,-0.014,0.106,-0.135,0.0,0.0,0.0,0.0,0.0,0.036,0.563,0.955,0.612,0.605,5.234857679659399,V238C
1.85,-1.787,4.096,-0.009,0.009,-0.147,-0.804,0.0,0.0,0.0,0.0,0.0,0.036,-0.339,0.527,-1.491,0.384,2.3248651576016077,V238T
0.0,0.0,0.0,0.0,0.0,0.0,0.0,0.0,0.0,0.0,0.0,0.0,0.0,0.0,0.0,0.0,0.0,0.0,V238V
-0.712,23.985,1.249,0.028,0.196,0.208,0.62,0.0,0.0,0.0,0.581,0.0,0.036,4.194,0.669,-0.981,0.255,30.32948028940359,V238L
-3.108,23.928,14.991,0.065,0.721,1.004,0.932,0.0,0.0,0.0,0.311,0.0,0.036,5.158,0.989,-3.357,0.275,41.94381080735184,V238K
-8.118,38.74585282466727,13.64,0.034,0.84,-0.009,-0.7,0.0,0.0,0.0,0.581,0.0,0.036,6.272,0.784,-2.737,0.246,42.411915740998175,V238R
-1.059,-1.924,10.733,-0.012,0.455,-0.471,-0.589,0.0,0.0,0.0,0.0,0.0,0.036,2.436,1.498,-3.983,0.693,7.813399722202803,V238N
-1.616,8.479,11.973,-0.014,0.2,0.757,-1.516,0.0,0.0,0.0,0.0,0.0,0.036,3.741,0.959,-5.367,0.44,18.07195133195933,V238E
-0.194,2.493,-3.276,0.005,-0.155,0.339,-1.166,0.0,0.0,0.0,0.0,-0.726,0.0,-0.061,-0.248,3.298,-0.245,0.0644553109900698,D232T
-4.778,27.531,7.41,0.014,0.427,-0.94,-0.541,0.0,0.0,0.0,0.581,0.0,0.036,3.688,0.795,-2.943,0.264,31.542939259400328,V238H
6.552,-1.597,-0.472,-0.009,-0.033,-0.041,-0.745,0.0,0.0,0.0,0.0,-0.273,0.0,-0.707,-0.017,1.598,-0.29,3.965737438536962,M233C
7.925,-1.989,-5.136,-0.009,-0.049,-0.11,2.053,0.0,0.0,0.0,0.0,1.275,0.162,-0.487,0.968,-0.353,1.65,5.90033398037599,T234G
-6.212,48.38163855035194,3.79,0.087,0.462,-0.331,2.071,0.0,0.0,0.0,2.664,0.0,0.036,4.793,0.685,-2.06,0.11,48.72740579532768,V238Y
5.399,-2.642,5.113,-0.017,-0.018,0.237,-0.768,0.0,0.0,0.0,0.0,0.0,0.036,0.113,1.155,-2.932,0.479,6.156617842207197,V238S
-1.7,20.897,1.94,0.073,0.317,0.032,0.396,0.0,0.0,0.0,0.327,0.0,0.036,5.363,0.904,-0.985,0.441,28.03938637392389,V238M
-2.999,16.763,-0.639,0.02,-0.701,0.681,4.108,0.0,0.0,0.0,0.223,0.0,0.0,2.842,-0.407,4.407,0.349,24.647560989514204,D232W
3.437,6.818,1.718,0.079,-0.181,0.013,0.496,0.0,0.0,0.0,0.0,0.0,0.0,1.428,0.131,0.444,0.089,14.468755944012171,F237L
7.27,-1.951,3.219,-0.021,-0.266,0.182,-0.066,0.0,0.0,0.0,-0.015,0.0,0.0,-1.094,0.201,2.037,0.372,9.866616342796306,F237C
11.565,-2.174,-0.472,-0.012,-0.083,0.262,-0.151,0.0,0.0,0.0,0.0,-0.273,-0.034,-1.149,0.233,-0.859,0.786,7.637362324953983,M233G
-3.152,49.99999348621514,-1.395,0.053,0.602,-0.41,1.228,0.0,0.0,0.0,0.0,0.277,0.0,4.764,-0.364,-0.439,-0.423,49.99999367630855,M233F
3.066,33.579,1.61,0.008,-0.204,-0.011,0.156,0.0,0.0,0.0,0.0,0.0,0.092,2.515,0.354,1.086,0.352,42.6012796116695,F237I
1.849,0.65,5.483,-0.003,0.309,-0.281,-0.456,0.0,0.0,0.0,0.02,-0.702,0.0,1.622,0.02,-3.108,-0.047,5.356761355255003,M233Q
4.581,38.71785722209091,0.932,-0.001,-0.221,0.235,-0.221,0.0,0.0,0.0,-0.015,0.0,0.092,-0.841,0.187,1.425,0.15,41.00423069230837,F237V
4.472,49.965359656444704,4.095,-0.021,-0.154,0.481,0.87,38.49251215932523,0.0,1.39,-0.015,0.0,0.258,-1.2,3.514,-2.861,3.178,49.997426261539125,F237P
5.553,1.876,0.124,-0.009,0.028,0.238,1.03,49.972884804880906,0.0,0.85,0.0,-0.273,0.026,-1.149,6.916,-3.3,10.153,49.98877896974297,M233P
11.37,-1.702,3.461,-0.023,-0.277,0.128,0.17,0.0,0.0,0.0,0.0,0.0,0.017,-1.897,0.94,-0.42,1.299,13.063951481893127,F237G
9.476,-1.492,2.273,-0.022,-0.277,0.179,0.311,0.0,0.0,0.0,0.0,0.0,0.0,-1.897,0.566,0.107,0.572,9.794445530912071,F237A
4.717,2.379,4.086,-0.004,0.8,0.22,0.218,0.0,0.0,0.0,0.0,0.0,0.0,1.083,0.249,-2.997,0.09,10.839855974576947,M233N
6.595,3.511,5.185,-0.015,-0.183,0.04,-0.251,0.0,0.0,0.0,0.0,0.0,0.0,-1.525,0.05,-0.066,0.048,13.387667253857671,F237T
1.603,-1.012,2.219,-0.012,-0.101,0.116,0.21,0.0,0.0,0.0,-0.015,0.0,0.0,3.387,0.341,0.439,0.32,7.493039190433592,F237M
3.97,-1.512,9.962,-0.015,0.789,0.149,-0.837,0.0,0.0,0.0,-0.015,0.0,0.0,2.846,0.5,-3.942,0.266,12.157736050761288,F237E
-11.005,49.20139428690964,4.129,0.049,0.736,0.581,1.438,0.0,0.0,0.0,0.581,0.0,0.036,3.467,0.787,-0.381,0.606,49.23318112966562,V238W
7.016,-1.745,7.324,-0.02,-0.019,-0.077,-1.254,0.0,0.0,0.0,-0.015,0.0,0.0,0.613,0.923,-3.364,0.624,10.00453277667657,F237D
6.035,-1.874,5.924,-0.019,-0.025,-0.349,-0.199,0.0,0.0,0.0,-0.015,0.0,0.0,0.818,0.715,-2.558,0.543,8.993898596995223,F237N
14.836,-3.623,-10.984,-0.016,-0.585,-0.841,7.609,0.0,0.0,0.0,1.122,1.593,-0.004,-0.929,0.99,0.893,1.727,11.78540713522284,R235G
3.109,-0.177,7.88,-0.004,0.424,-0.366,1.329,0.0,0.0,0.0,0.0,0.0,0.0,2.362,0.031,-4.381,-0.054,10.151793065062977,M233E
-0.746,49.99935565499772,-1.934,-0.005,0.08,-0.248,1.957,48.234563230649954,0.0,1.712,0.0,1.426,0.238,-0.338,6.885,-2.795,9.074,49.99999372260786,T234P
-0.975,21.667,12.888,-0.002,0.68,0.906,-1.48,0.0,0.0,0.0,-0.695,0.0,0.0,2.54,0.263,-1.313,0.159,34.63452106072987,F237R
1.844,7.819,-1.966,0.024,0.223,0.044,-0.674,0.0,0.0,0.0,0.0,-0.273,0.0,0.059,0.621,0.005,0.669,8.393246347224931,M233L
4.316,-0.922,6.144,0.003,0.365,-0.077,0.656,0.0,0.0,0.0,0.0,0.0,0.0,2.51,0.336,-2.669,0.083,10.74291972232777,F237Q
9.697,-2.384,-6.022,-0.016,-0.354,-1.218,7.246,0.0,0.0,0.0,1.122,1.593,0.0,0.347,1.054,-2.051,0.918,9.931127926321096,R235D
-0.06,-0.514,0.088,0.0,0.001,0.067,-0.25,0.0,0.0,0.0,-0.015,0.0,0.0,0.7,0.0,0.0,0.0,0.0153667406657405,F237F
3.77,-1.658,0.323,-0.007,-0.025,0.15,-0.044,0.0,0.0,0.0,0.0,0.119,0.0,0.386,-0.069,-1.441,-0.024,1.4814334783270624,T234S
1.911,9.63,-0.665,0.025,0.088,0.467,-0.461,0.0,0.0,0.0,0.0,-0.273,-0.055,0.905,0.436,0.647,0.343,12.996683819138523,M233I
-10.442,49.999999983498746,0.413,0.051,0.761,-0.087,0.009,0.0,0.0,0.0,0.0,0.004,0.0,4.964,-0.305,0.604,0.031,49.99999998063784,M233W
-0.71,15.804,9.253,0.0,0.614,-0.9,5.204,0.0,0.0,0.0,2.575,1.319,0.0,8.715,-0.351,-1.958,-0.353,39.21063318895972,M233H
4.592,5.412,-1.193,0.011,-0.027,0.323,-0.547,0.0,0.0,0.0,0.0,-0.273,-0.055,0.568,0.426,0.986,0.171,10.39308190877773,M233V
-0.588,38.001,-1.46,0.003,0.159,0.208,0.42,42.6095250739862,0.0,0.0,1.512,0.0,0.066,-0.292,6.718,-2.795,5.127,48.800645961685824,T236P
8.972,-1.45,4.944,-0.022,-0.254,-0.101,0.172,0.0,0.0,0.0,0.0,0.0,0.0,-1.294,0.228,-1.508,0.23,9.915569682611476,F237S
0.813,-0.821,4.638,-0.003,0.517,-1.389,9.159,0.0,0.0,0.0,-0.074,1.426,0.0,1.087,0.725,-3.297,0.61,13.391393818436429,T234D
-4.158,40.904,11.613,0.009,0.976,-0.908,4.207,0.0,0.0,0.0,2.292,-0.273,0.0,4.74,-0.121,-1.752,-0.252,40.813273160089025,M233R
-4.141,45.146,4.982,-0.005,0.704,-0.323,8.094,0.0,0.0,0.0,0.0,0.905,0.0,3.226,-0.221,-1.452,-0.217,40.61869335055396,T234H
3.304,2.377,8.016,-0.009,0.001,0.157,1.208,0.0,0.0,0.0,0.0,0.0,0.0,-0.662,0.322,-1.932,0.086,12.864031636398067,F237K
-0.738,49.409,-8.605,0.011,-0.126,-1.451,5.813,0.0,0.0,0.0,1.122,1.593,0.0,2.554,0.039,0.677,0.016,38.21055775840701,R235Y
-1.664,2.952,2.757,0.002,0.01,0.26,-0.191,0.0,0.0,0.0,0.0,0.0,0.0,0.734,-0.021,-0.636,-0.001,4.200207243921568,F237Y
2.059,-1.141,5.833,-0.018,0.187,-0.474,-0.383,0.0,0.0,0.0,0.0,0.0,0.0,0.327,0.26,-1.519,0.19,5.320320951016356,F237H
5.094,-0.168,-4.116,-0.01,-0.056,0.044,0.91,0.0,0.0,0.0,1.512,0.0,0.0,-0.542,0.722,0.173,0.875,4.438024721652255,T236A
4.837,-1.683,-5.43,-0.007,-0.049,0.145,1.983,0.0,0.0,0.0,0.0,1.275,0.0,-0.487,-0.027,0.173,0.236,0.9676611056993352,T234A
-0.327,-0.295,-2.248,-0.005,-0.017,-0.086,1.807,0.0,0.0,0.0,0.0,1.275,0.0,0.188,0.008,2.103,0.354,2.758599291275459,T234C
8.558,12.002,-11.261,-0.015,-0.414,-0.719,8.469,49.062305428797934,0.0,0.98,1.048,1.593,0.069,-1.64,7.268,-1.548,7.212,49.733284668952976,R235P
8.367,-0.305,-13.781,-0.003,-0.576,-0.882,7.618,0.0,0.0,0.0,1.122,1.593,-0.015,-0.219,-0.115,2.738,0.081,5.622449051040803,R235V
-5.11,39.89452788481233,11.623,-0.002,0.255,0.448,-4.876,0.0,0.0,0.0,0.223,1.281,0.0,1.538,-0.022,-1.866,-0.016,41.089453911841595,T234K
10.039,-2.339,-11.872,-0.017,-0.6,-0.804,7.491,0.0,0.0,0.0,1.122,1.593,0.0,-1.206,0.398,3.35,0.581,7.736301574070694,R235C
-4.711,49.99999990841056,2.548,0.047,0.57,-0.034,1.158,0.0,0.0,0.0,0.0,0.004,0.0,4.271,-0.257,-1.075,-0.406,49.99999991583598,M233Y
-3.295,42.6303047639746,-3.046,0.005,0.152,-0.742,8.795,0.0,0.0,0.0,0.0,1.437,0.0,1.282,0.108,0.51,0.17,43.97081879964194,T234L
-0.685,2.628,11.112,0.011,0.6,0.513,1.108,0.0,0.0,0.0,0.02,-0.273,0.0,1.458,0.148,-2.372,-0.046,14.22169423445257,M233K
8.609,-2.438,-8.01,-0.015,-0.377,-1.515,6.878,0.0,0.0,0.0,1.122,1.593,0.0,0.737,0.768,-1.245,0.633,6.740517106256675,R235N
8.931,-2.113,2.078,-0.01,0.003,-0.133,-0.852,0.0,0.0,0.0,0.0,-0.273,0.0,-0.936,-0.526,-1.947,-0.49,3.7314258992976193,M233S
6.601,41.93,-13.185,0.003,-0.647,-0.742,7.272,0.0,0.0,0.0,1.122,1.593,0.0,3.681,0.456,1.757,0.42,38.18820623121642,R235L
6.284,0.551,-13.381,0.017,-0.518,-0.716,7.259,0.0,0.0,0.0,1.122,1.593,-0.015,1.676,0.135,2.399,0.235,6.640052549749044,R235I
-3.797,27.721,-3.966,0.018,0.178,-0.857,8.277,0.0,0.0,0.0,0.0,1.437,0.029,-1.126,-0.148,1.152,-0.048,28.870930247135902,T234I
-6.699,49.99982397976082,3.061,0.012,0.185,-0.602,2.179,0.0,0.0,0.0,0.0,1.426,0.0,1.9,-0.141,-0.569,-0.139,49.99982826005636,T234Y
-6.566,38.71185026161851,1.293,-0.003,0.214,-0.615,-0.544,0.0,0.0,0.0,0.274,-0.54,0.0,0.956,0.079,1.043,0.536,47.66674129486978,F237W
6.274,-2.45,-7.264,-0.001,-0.097,-1.358,7.038,0.0,0.0,0.0,1.122,1.593,0.0,1.8,0.111,-1.356,0.099,5.509739719378104,R235Q
13.036,-3.503,-12.481,-0.015,-0.585,-0.837,7.312,0.0,0.0,0.0,1.122,1.593,0.0,-0.929,0.096,1.42,0.453,6.679235805182316,R235A
-4.547,45.69702266393252,2.301,-0.005,0.006,0.433,2.67,0.0,0.0,0.0,0.0,1.437,0.0,1.651,-0.092,0.506,0.141,46.380446324811246,T234M
1.222,14.86,-11.396,0.007,-0.59,-0.984,6.855,0.0,0.0,0.0,1.122,1.593,0.0,2.681,0.062,1.313,0.017,16.761998352664932,R235F
12.26,-2.799,-9.492,-0.017,-0.587,-0.983,7.2,0.0,0.0,0.0,1.122,1.593,0.0,-0.872,0.062,-0.195,0.199,7.490863251993005,R235S
-6.188,49.99707791838623,1.974,0.02,0.191,-0.387,2.871,0.0,0.0,0.0,0.0,0.905,0.0,3.884,-0.109,0.067,-0.126,49.99741886836293,T234F
6.15,-1.232,2.021,0.001,0.013,-0.301,-1.213,0.0,0.0,0.0,0.0,0.0,0.0,-1.117,0.022,-0.505,-0.187,3.65224910742154,M233T
7.635,-2.501,-5.278,-0.009,0.002,-1.366,8.673,0.0,0.0,0.0,1.122,1.593,0.0,1.869,0.151,-2.629,0.219,9.479941762570888,R235E
-3.15,45.299698538671215,4.371,-0.003,0.278,-0.338,9.587,0.0,0.0,0.0,0.0,0.816,0.0,1.329,-0.072,-2.602,-0.072,46.81750244841564,T234Q
0.0,0.0,0.0,0.0,0.0,0.0,0.0,0.0,0.0,0.0,0.0,0.0,0.0,0.0,0.0,0.0,0.0,0.0,T234T
-7.068,49.45746891480465,8.857,0.003,0.347,0.297,0.086,0.0,0.0,0.0,1.512,-0.396,0.0,5.164,0.35,-2.602,0.103,49.58368136994271,T236Q
-1.903,3.034,-3.406,0.007,-0.013,0.296,2.169,0.0,0.0,0.0,0.0,1.275,0.029,0.333,-0.35,1.491,-0.146,2.8172357227026623,T234V
7.946,-0.176,-2.457,-0.013,-0.059,0.012,0.877,0.0,0.0,0.0,1.512,0.0,-0.014,-0.892,1.637,-0.353,3.042,11.060094685891045,T236G
-0.998,-0.412,1.996,0.002,0.539,-1.61,9.783,0.0,0.0,0.0,-0.074,1.426,0.0,0.679,0.486,-2.492,0.389,9.71604554308692,T234N
3.68,0.909,-5.206,-0.014,-0.343,-0.907,7.352,0.0,0.0,0.0,1.122,1.593,0.0,1.445,-0.018,-0.206,0.004,9.41069735739893,R235H
-12.503,49.99999997936072,6.035,0.02,0.763,0.131,8.627,0.0,0.0,0.0,0.0,0.917,0.0,1.391,0.042,1.11,0.288,49.99999998428849,T234W
-1.595,44.884,6.339,-0.005,0.368,-0.069,7.576,0.0,0.0,0.0,0.0,0.698,0.0,2.348,-0.077,-3.876,0.017,40.58850481461479,T234E
9.89,-1.775,-10.742,-0.013,-0.565,-1.139,7.19,0.0,0.0,0.0,1.122,1.593,0.0,-0.219,0.116,1.247,0.127,6.831639348673434,R235T
-5.499,45.8332765679686,-9.712,0.025,0.217,-1.288,6.393,0.0,0.0,0.0,1.122,1.593,0.0,3.377,0.148,2.356,0.404,45.69292691490654,R235W
-2.3,10.718,-5.003,0.009,0.013,0.045,0.868,0.0,0.0,0.0,1.512,0.0,0.0,0.703,-0.667,1.491,-0.516,6.873190098087662,T236V
0.04,0.03,-2.456,-0.006,0.0,0.017,0.831,0.0,0.0,0.0,1.512,0.0,0.0,0.745,0.215,2.103,0.403,3.433884117841444,T236C
-4.934,24.373,12.902,0.005,0.65,0.809,-1.084,0.0,0.0,0.0,1.512,-0.396,0.0,4.538,0.389,-3.876,0.177,35.06542746551327,T236E
-6.848,46.97,11.828,0.003,0.318,0.628,-1.878,0.0,0.0,0.0,0.0,1.437,0.0,1.671,-0.194,-1.246,-0.238,39.07182051428204,T234R
-8.517,39.59897946203624,9.116,0.044,0.771,-0.243,0.358,0.0,0.0,0.0,2.093,0.0,0.0,5.928,0.378,-1.866,0.024,42.25083410413256,T236K
-0.356,0.569,7.52,-0.005,0.494,0.065,0.815,0.0,0.0,0.0,1.512,0.0,0.0,3.058,0.687,-3.297,0.318,11.379066201782509,T236D
-6.552,48.51571075393623,-3.562,0.02,0.045,0.338,0.565,0.0,0.0,0.0,1.512,-0.396,0.0,2.867,-0.059,0.51,-0.006,48.212908649481484,T236L
4.498,1.095,-11.35,-0.012,-0.522,-0.742,7.546,0.0,0.0,0.0,1.122,1.593,0.0,1.099,0.104,1.752,0.309,6.490663964928672,R235M
-8.121,49.96833383523835,5.844,0.035,0.69,-0.685,1.523,0.0,0.0,0.0,2.093,0.0,0.0,4.006,0.073,-1.452,0.033,49.97305677450797,T236H
0.0,0.0,0.0,0.0,0.0,0.0,0.0,0.0,0.0,0.0,0.0,0.0,0.0,0.0,0.0,0.0,0.0,0.0,T236T
-11.041,49.999999997739025,-2.133,0.051,0.168,-0.437,1.778,0.0,0.0,0.0,2.093,-0.396,0.0,4.184,0.024,0.067,-0.108,49.99999999715464,T236F
-5.428,47.260666459815035,-2.798,0.033,0.108,0.176,0.327,0.0,0.0,0.0,1.512,0.0,0.0,4.338,-0.628,1.152,-0.463,47.07685405961252,T236I
-12.449,50.0,1.368,0.065,0.232,-0.212,1.806,0.0,0.0,0.0,2.093,-0.396,0.0,5.709,0.051,-0.569,-0.068,50.0,T236Y
3.324,4.054,-1.983,0.004,-0.257,-1.199,1.614,0.0,0.0,0.0,1.122,1.593,0.0,2.73,0.215,-0.619,0.142,10.739832726461373,R235K
-5.728,38.372,0.641,0.07,0.243,0.301,1.366,0.0,0.0,0.0,1.512,0.0,0.0,5.307,0.366,0.506,0.419,43.37395185235141,T236M
0.0,0.0,0.0,0.0,0.0,0.0,0.0,0.0,0.0,0.0,0.0,0.0,0.0,0.0,0.0,0.0,0.0,0.0,R235R
3.864,-0.697,1.511,-0.008,-0.004,0.01,-0.052,0.0,0.0,0.0,0.058,0.0,0.0,0.858,0.519,-1.441,0.228,4.84625778317286,T236S
-9.394,49.8427131264654,8.814,0.101,0.943,-0.123,2.592,0.0,0.0,0.0,4.501,-0.199,0.0,6.582,0.184,-1.246,-0.005,49.90549480786188,T236R
-2.373,1.764,4.59,0.005,0.507,-0.451,0.997,0.0,0.0,0.0,1.512,0.0,0.0,2.567,0.499,-2.492,0.21,7.335696461441557,T236N
-14.281,49.99999252562377,-0.07,0.195,0.654,-0.643,2.503,0.0,0.0,0.0,4.16,0.0,0.0,8.058,0.154,1.11,0.677,49.99999324177988,T236W
0.007,-0.118,-0.693,-0.005,-0.106,0.113,-0.147,0.0,0.0,0.0,0.0,0.0,0.0,-0.73,-0.289,3.97,-0.336,1.6627846740823315,K241C
-0.9,8.747,-1.79,-0.004,-0.013,0.029,1.824,49.91622895661342,1.115,0.0,0.0,0.0,0.095,-0.825,6.078,-0.928,18.5,49.97662615506462,K241P
0.002,-0.131,1.544,-0.004,0.28,-0.088,1.087,0.0,0.0,0.0,0.0,0.0,0.0,1.513,0.14,-1.431,0.026,2.935482811546308,K241D
0.052,0.026,0.144,0.0,0.168,-0.038,0.855,0.0,0.0,0.0,0.0,0.0,0.0,1.466,-0.056,-2.01,-0.064,0.54148911405332,K241E
0.997,-0.149,-1.204,-0.006,-0.135,-0.025,0.274,0.0,0.0,0.0,0.0,0.0,0.0,-0.825,-0.199,2.04,-0.396,0.3692444077598793,K241A
-1.588,0.185,-1.126,0.021,0.572,-0.121,0.152,0.0,0.0,0.0,0.0,0.0,0.0,1.437,-0.059,1.933,-0.2,1.2050513539086296,K241F
1.51,-0.205,-1.012,-0.008,-0.135,-0.013,0.53,0.0,0.0,0.0,0.0,0.0,0.084,-0.825,0.54,1.513,0.84,2.817624480392851,K241G
-0.546,0.124,-0.444,0.008,-0.065,0.098,0.322,0.0,0.0,0.0,0.0,0.0,0.0,-0.643,0.164,2.376,0.304,1.696542083269378,K241L
0.021,0.012,0.044,0.004,0.1,0.008,-0.197,0.0,0.0,0.0,0.0,0.0,0.0,0.526,-0.088,0.62,-0.299,0.7492334793814734,K241R
-0.397,-0.106,1.052,-0.003,0.293,-0.346,0.19,0.0,0.0,0.0,0.0,0.0,0.0,1.217,0.162,-0.625,0.062,1.495925114579677,K241N
-1.062,0.141,1.304,-0.004,0.155,-0.022,0.465,0.0,0.0,0.0,0.0,0.0,0.0,0.592,-0.446,0.414,-0.572,0.9631319633019756,K241H
-1.064,0.068,0.009,0.006,-0.057,0.224,0.034,0.0,0.0,0.0,0.0,0.0,0.0,0.829,0.057,2.372,0.013,2.491237054110797,K241M
-1.056,0.253,1.124,0.003,0.298,0.421,-0.664,0.0,0.0,0.0,-1.239,0.0,0.0,2.143,-0.004,-0.736,-0.03,0.5122846613378442,K241Q
0.0,0.0,0.0,0.0,0.0,0.0,0.0,0.0,0.0,0.0,0.0,0.0,0.0,0.0,0.0,0.0,0.0,0.0,K241K
0.759,-0.125,-0.118,-0.005,-0.082,0.029,-0.147,0.0,0.0,0.0,0.0,0.0,0.0,-0.732,-0.295,0.425,-0.563,-0.8549990539293049,K241S
-0.508,0.282,-1.227,0.019,-0.064,0.079,0.291,0.0,0.0,0.0,0.0,0.0,0.026,-0.799,0.556,3.358,-0.008,2.0025572269580607,K241V
0.085,-0.159,-0.332,0.009,-0.039,-0.028,-0.15,0.0,0.0,0.0,0.0,0.0,0.0,-0.763,0.539,1.867,-0.165,0.8629621684849553,K241T
-0.634,0.018,-0.547,0.023,-0.04,-0.01,0.356,0.0,0.0,0.0,0.0,0.0,0.026,-0.761,0.547,3.019,-0.103,1.8930636005272845,K241I
-1.591,0.124,0.46,0.016,-0.07,0.194,0.759,0.0,0.0,0.0,0.0,0.0,0.0,1.848,-0.22,1.297,-0.152,2.6640228320352435,K241Y
-3.152,0.537,-0.477,0.02,0.823,-0.338,0.135,0.0,0.0,0.0,0.0,0.0,0.0,1.768,-0.126,2.976,0.457,2.6217029762810853,K241W
1.482,-0.735,-3.031,-0.005,-0.483,-0.292,4.119,0.0,0.0,0.0,0.723,0.0,0.0,-3.423,-0.049,3.471,-0.078,1.6979826737924668,D244A
0.877,-0.674,-2.931,0.014,-0.435,-0.323,4.189,0.0,0.0,0.0,0.723,0.0,0.009,-3.416,-0.095,4.789,-0.025,2.70208550985285,D244V
1.787,-0.744,-2.851,-0.006,-0.483,-0.282,3.929,0.0,0.0,0.0,0.723,0.0,-0.107,-3.423,-0.012,2.944,0.473,1.9475700384691663,D244G
1.119,-0.733,-2.627,0.003,-0.284,-0.311,4.027,0.0,0.0,0.0,0.723,0.0,0.0,-0.746,-0.068,0.695,-0.051,1.7480561889949513,D244Q
1.264,-0.741,-2.59,0.0,-0.239,-0.376,4.03,0.0,0.0,0.0,0.723,0.0,0.0,-2.136,0.279,0.806,0.378,1.3975433057955795,D244N
0.575,0.138,-3.529,-0.004,-0.449,-0.258,4.14,1.442,0.0,0.0,0.723,0.0,-0.003,-3.408,0.217,0.503,0.442,0.5280364368843493,D244P
0.607,-0.734,-2.01,-0.002,0.107,-0.438,4.097,0.0,0.0,0.0,0.723,0.0,0.0,-2.136,-0.536,1.845,-0.052,1.4720696617612248,D244H
-2.484,0.21,2.234,0.021,0.205,-0.148,-0.257,0.0,0.0,0.0,0.0,0.0,0.0,2.161,-0.052,-0.106,0.061,1.8450863912078148,A243F
-1.88,0.0,3.556,0.004,0.22,-0.049,-0.115,0.0,0.0,0.0,0.0,0.0,0.0,1.508,0.086,-2.665,0.21,0.8760406869535018,A243N
0.0,0.0,0.0,0.0,0.0,0.0,0.0,0.0,0.0,0.0,0.0,0.0,0.0,0.0,0.0,0.0,0.0,0.0,A243A
-7.41,49.96884876460224,-0.143,0.103,0.187,-0.261,-0.443,0.0,0.0,0.0,0.0,0.0,0.0,4.999,-0.423,0.337,-0.313,49.96435854112873,A242L
-0.299,0.032,2.811,0.0,0.022,-0.321,-0.804,0.0,0.0,0.0,0.0,0.0,0.0,1.024,-0.22,-1.614,-0.174,0.4582186745676608,A243S
0.094,-0.717,-1.903,0.016,-0.251,-0.507,3.843,0.0,0.0,0.0,0.723,0.0,0.0,-2.103,-0.652,2.728,-0.309,0.9614855723730216,D244Y
-3.779,2.862,4.35,0.005,0.828,0.113,-0.404,0.0,0.0,0.0,0.0,0.0,0.0,3.646,0.121,-2.665,0.093,5.169865259002108,A242N
-2.17,0.167,2.809,0.002,0.361,-0.297,-0.354,0.0,0.0,0.0,0.0,0.0,0.0,1.549,0.01,-1.625,0.009,0.4610886148927875,A243H
-1.221,-0.111,2.388,0.002,0.046,-0.581,1.692,0.0,0.0,0.0,0.723,-0.225,0.0,1.3,0.006,-4.049,0.025,-0.0052368168514931,A243E
-2.099,-0.105,-0.745,0.015,-0.183,-0.293,4.083,0.0,0.0,0.0,0.723,0.0,0.0,-1.86,-0.612,4.407,-0.266,3.063896213563339,D244W
0.0,0.0,0.0,0.0,0.0,0.0,0.0,0.0,0.0,0.0,0.0,0.0,0.0,0.0,0.0,0.0,0.0,0.0,D244D
1.365,-0.736,-2.808,-0.004,-0.473,-0.301,3.986,0.0,0.0,0.0,0.723,0.0,0.0,-2.951,-0.067,5.401,0.689,4.823937281465078,D244C
1.124,-0.732,-2.557,0.002,-0.178,-0.31,4.005,0.0,0.0,0.0,0.723,0.0,0.0,-1.002,-0.211,-0.578,-0.308,-0.0251612959389149,D244E
-1.443,0.065,1.864,0.001,0.01,-0.039,-0.608,0.0,0.0,0.0,0.0,0.0,0.0,0.264,0.122,1.93,-0.091,2.0749445622925577,A243C
-4.606,0.479,11.303,0.012,1.322,0.712,-9.148,0.0,0.0,0.0,-0.615,-0.314,0.0,5.731,0.216,-3.47,0.174,1.7946661517796656,A242D
0.871,-0.656,-2.83,0.023,-0.417,-0.316,4.237,0.0,0.0,0.0,0.723,0.0,0.009,-3.261,-0.114,4.45,0.129,2.846229214703726,D244I
-0.824,0.774,3.722,0.002,0.167,-0.409,-0.144,0.0,0.0,0.0,-0.217,-0.35,0.0,1.176,0.159,-3.47,0.126,0.7114296604122501,A243D
2.267,-0.343,0.428,-0.001,0.0,-0.053,-0.11,0.0,0.0,0.0,0.0,0.0,-0.035,0.0,0.302,-0.526,0.398,2.326680118746708,A243G
1.118,-0.733,-2.624,0.003,-0.325,-0.298,4.19,0.0,0.0,0.0,0.723,0.0,0.0,-2.588,-0.193,1.432,-0.325,0.3790482080428319,D244K
0.128,-0.715,-2.138,0.017,-0.266,-0.421,4.109,0.0,0.0,0.0,0.723,0.0,0.0,-2.015,-0.696,3.364,-0.3,1.7895590732830442,D244F
-2.211,7.25,-0.612,0.03,-0.126,-0.591,3.727,0.0,0.0,0.0,0.723,0.0,-0.01,0.795,0.844,0.979,0.605,11.401279934967988,A243I
-1.592,0.086,2.804,0.012,0.267,-0.11,-0.112,0.0,0.0,0.0,0.0,0.0,0.0,1.324,-0.004,-2.039,0.033,0.6688856467771984,A243K
1.103,-0.73,-2.606,0.007,-0.226,-0.298,4.126,0.0,0.0,0.0,0.723,0.0,0.0,-1.836,-0.358,2.051,-0.27,1.6857186318286494,D244R
-2.745,3.537,1.998,0.015,0.046,-0.007,-0.235,0.0,0.0,0.0,0.0,0.0,0.0,0.051,-0.156,0.337,-0.024,2.8154755030716387,A243L
0.894,-0.733,-2.616,0.006,-0.488,-0.298,4.204,0.0,0.0,0.0,0.723,0.0,0.0,-2.322,-0.077,3.803,0.319,3.414512264455197,D244M
0.869,-0.731,-2.664,0.011,-0.338,-0.298,4.263,0.0,0.0,0.0,0.723,0.0,0.0,-3.218,-0.27,3.808,-0.201,1.953293923295405,D244L
1.101,-0.727,-2.726,0.004,-0.426,-0.355,3.857,0.0,0.0,0.0,0.723,0.0,0.0,-3.403,-0.12,3.298,-0.094,1.1324346480507756,D244T
2.403,-0.198,1.852,-0.001,0.0,0.008,-0.045,0.0,0.0,0.0,0.0,0.0,0.142,0.0,0.429,-0.526,0.782,4.84649352394058,A242G
-4.391,49.013570170514626,2.244,0.007,0.214,0.114,1.402,5.308,0.0,0.0,2.99,0.0,0.061,1.985,-0.43,-2.968,0.486,49.25331614442888,A243P
-2.677,0.127,2.338,0.01,0.139,-0.235,-0.324,0.0,0.0,0.0,0.0,0.0,0.0,1.797,0.083,0.333,-0.004,1.5862152297643206,A243M
0.0,0.0,0.0,0.0,0.0,0.0,0.0,0.0,0.0,0.0,0.0,0.0,0.0,0.0,0.0,0.0,0.0,0.0,A242A
1.446,-0.736,-2.683,-0.005,-0.461,-0.342,3.846,0.0,0.0,0.0,0.723,0.0,0.0,-2.834,0.164,1.856,0.06,1.034474895616313,D244S
-2.391,0.865,1.939,0.02,0.228,-0.261,0.027,0.0,0.0,0.0,0.311,0.0,0.0,1.385,0.004,-0.742,0.112,1.4962448528601726,A243Y
-1.672,-0.135,1.528,0.003,0.005,-0.65,2.517,0.0,0.0,0.0,0.723,-0.129,0.0,0.844,-0.019,-2.775,0.024,0.2642801150068408,A243Q
-2.258,0.026,1.358,0.003,0.056,-0.056,-0.376,0.0,0.0,0.0,0.0,0.0,0.0,2.046,-0.051,1.93,-0.125,2.5542203512552533,A242C
-3.094,4.064,9.092,0.155,0.634,-0.284,-1.599,0.0,0.0,0.0,0.0,0.0,0.0,8.077,-0.105,-4.049,-0.127,12.76413829455555,A242E
-1.322,3.244,2.975,0.003,-0.116,0.026,2.762,0.0,0.0,0.0,0.532,-0.292,0.0,-1.585,-0.065,-0.173,-0.092,5.89839075015334,A243T
-12.909,49.99999999999996,0.054,0.017,0.232,0.053,-0.438,0.0,0.0,0.0,0.0,0.0,0.0,1.597,-0.36,-0.106,-0.267,49.99999999999993,A242F
-2.335,0.817,2.552,0.017,0.241,-0.225,-0.42,0.0,0.0,0.0,0.0,0.0,0.0,1.302,-0.105,0.937,0.164,2.945196917287604,A243W
7.448,-2.123,-0.852,0.012,-0.426,-0.39,4.375,0.0,0.0,0.0,0.723,0.0,-0.01,1.076,0.649,1.318,0.385,12.1839273332007,A243V
-1.55,0.067,2.81,0.014,0.277,-0.087,-0.129,0.0,0.0,0.0,0.0,0.0,0.0,2.153,-0.062,-1.419,0.042,2.115310597466305,A243R
-6.827,25.294,2.058,0.173,0.21,-0.21,-0.055,0.0,0.0,0.0,-0.118,0.0,0.104,5.08,-0.114,0.979,0.153,26.727150484465938,A242I
-4.382,8.229,1.777,0.006,0.205,-0.054,-0.017,0.0,0.0,0.0,0.0,0.0,0.0,5.691,-0.117,0.333,-0.288,11.382003535652077,A242M
11.398,-4.51,-1.664,-0.02,-0.314,0.162,3.644,0.0,0.0,0.0,0.723,0.0,0.0,-0.747,-0.428,-4.985,-0.189,3.070184383272135,W245E
-0.423,5.71,2.717,-0.002,0.124,0.113,-0.018,2.626,0.0,0.0,0.0,0.0,-0.023,-0.362,0.754,-2.968,1.48,9.72765521596557,A242P
-10.361,49.99998778773686,9.217,-0.001,0.491,-0.162,-0.62,0.0,0.0,0.0,0.0,0.0,0.0,3.085,-0.12,-1.625,-0.049,49.99998771654989,A242H
-4.807,11.963,3.972,0.017,1.219,-1.096,4.602,0.0,0.0,0.0,0.723,0.0,0.0,4.097,-0.121,-2.775,-0.266,17.528243000938346,A242Q
-20.672,49.99999999994708,2.617,0.07,0.445,-0.386,-0.061,0.0,0.0,0.0,0.0,0.0,0.0,4.95,-0.45,0.937,-0.094,49.99999999991224,A242W
-0.592,-0.012,3.34,0.001,0.083,-0.33,-0.731,0.0,0.0,0.0,0.0,0.0,0.0,0.935,0.0,-1.614,-0.028,1.0511838874704154,A242S
-5.509,15.302,-1.022,0.02,0.059,-0.048,-0.13,0.0,0.0,0.0,-0.118,0.0,0.104,2.106,-0.138,1.318,0.026,11.971722471295609,A242V
-15.329,49.99999999805909,6.252,0.196,0.403,-0.007,1.964,0.0,0.0,0.0,0.0,0.0,0.0,7.145,-0.318,-0.742,-0.244,49.999999998005585,A242Y
-6.688,29.754,4.6,0.015,0.535,-0.255,0.598,0.0,0.0,0.0,0.0,0.0,0.0,6.856,-0.06,-2.039,-0.205,33.11164780428885,A242K
-7.903,12.652,4.383,0.021,0.643,0.197,0.454,0.0,0.0,0.0,0.0,0.0,0.0,6.164,-0.174,-1.419,-0.192,14.826710934548371,A242R
10.946,-3.807,-0.858,-0.023,-0.404,0.502,0.681,0.0,0.0,0.0,0.0,0.0,0.0,-1.391,-0.216,-0.936,-0.229,4.264486878365005,W245A
11.767,-4.529,-1.586,-0.018,-0.352,0.121,4.287,0.0,0.0,0.0,0.723,0.0,0.0,-2.538,0.003,-3.601,0.323,4.600888264397554,W245N
-3.099,1.102,4.409,0.011,0.087,-0.087,-1.258,0.0,0.0,0.0,0.0,0.0,0.0,1.697,-0.012,-0.173,0.12,2.798786659609732,A242T
-0.468,0.227,-1.432,-0.002,-0.24,0.119,1.383,0.0,0.0,0.0,0.0,0.309,0.0,-1.387,0.08,4.382,0.506,3.476937924757749,E248M
10.124,-3.807,0.201,-0.022,-0.391,0.362,-0.098,0.0,0.0,0.0,0.0,0.0,0.0,-1.161,0.219,0.994,0.228,6.650606398477748,W245C
2.949,-0.242,0.082,-0.014,-0.125,0.913,-1.931,0.0,0.0,0.0,0.0,-1.02,0.0,0.481,0.277,-0.336,0.155,1.1873111815687023,L247A
9.333,-2.61,1.579,-0.023,-0.31,0.578,2.042,0.0,0.0,0.0,0.723,-0.869,0.0,-1.872,-0.092,-4.406,0.033,4.105180034637897,W245D
12.431,-4.516,-2.476,-0.026,-0.599,0.267,3.994,0.0,0.0,0.0,0.723,0.0,-0.003,-3.333,0.481,-1.462,0.572,6.0513009568726375,W245G
-3.029,49.996707482271106,-1.947,-0.004,-0.249,0.308,2.218,0.455,1.302,0.0,0.0,0.309,0.012,-2.835,1.003,1.082,3.094,49.99692610467073,E248P
0.449,-0.136,-0.513,0.0,-0.036,-0.444,1.822,0.0,0.0,0.0,0.0,0.309,0.0,-1.606,0.481,1.385,0.625,2.3345883511967718,E248N
5.104,-2.001,-0.421,0.003,-0.139,0.323,0.099,0.0,0.0,0.0,0.0,0.0,0.0,1.091,0.079,-1.042,0.191,3.287571671741261,W245F
6.748,-2.408,-0.27,0.013,-0.14,0.227,0.762,0.0,0.0,0.0,0.0,0.069,-0.074,-1.31,0.07,0.043,0.174,3.901788892862896,W245I
8.994,-3.767,0.401,-0.011,-0.496,0.341,0.861,0.0,0.0,0.0,0.0,0.0,0.0,-1.225,-0.371,-0.599,0.063,4.192014705534575,W245L
10.108,-3.789,1.352,-0.02,-0.283,0.907,0.312,0.0,0.0,0.0,0.0,-1.105,0.0,-0.917,0.046,-2.55,-0.043,4.017171531651684,W245S
9.935,17.827,-3.034,-0.024,-0.561,0.177,3.682,0.54,0.0,0.0,0.723,0.0,0.025,-2.564,0.673,-3.904,9.844,33.33986969079365,W245P
8.494,-3.325,-7.194,-0.008,-0.179,-0.378,4.142,0.0,0.0,0.0,2.99,0.0,0.0,-3.038,0.039,2.776,0.08,4.398086012173735,Q246A
-2.396,0.01,-1.133,0.019,0.016,-0.306,1.541,0.0,0.0,0.0,0.0,0.309,0.0,0.005,-0.429,4.986,0.055,2.677502108398357,E248W
7.439,-3.708,1.581,-0.009,-0.171,-0.068,0.418,0.0,0.0,0.0,0.0,0.0,0.0,0.508,-0.251,-0.603,0.152,5.288970688643303,W245M
6.241,-2.4,2.943,-0.018,0.217,-0.095,-0.833,0.0,0.0,0.0,0.0,-0.198,0.0,0.55,0.005,-2.561,0.123,3.9738956183855407,W245H
-0.306,0.724,-3.34,0.013,-0.234,0.19,1.499,0.0,0.0,0.0,0.0,0.309,0.028,-2.856,-0.125,5.368,0.176,1.4455679495063125,E248V
8.172,-3.676,0.964,-0.016,-0.159,0.265,-0.266,0.0,0.0,0.0,0.0,0.0,0.0,2.553,-0.323,-3.712,0.016,3.8186955067583312,W245Q
0.0,0.0,0.0,0.0,0.0,0.0,0.0,0.0,0.0,0.0,0.0,0.0,0.0,0.0,0.0,0.0,0.0,0.0,L247L
10.576,-3.803,0.571,-0.016,-0.306,0.432,0.384,0.0,0.0,0.0,0.0,0.0,0.0,-0.876,-0.122,-2.975,-0.131,3.733378597328283,W245K
8.369,-3.268,-1.484,-0.003,-0.334,0.533,0.771,0.0,0.0,0.0,0.0,0.0,-0.074,-0.642,0.12,0.382,0.152,4.520446755497915,W245V
0.802,-0.13,0.559,-0.013,-0.114,0.727,-2.477,0.0,0.0,0.0,0.0,-1.02,0.0,0.763,0.485,1.594,0.672,1.846258563001584,L247C
8.651,-3.744,3.584,-0.007,-0.052,0.657,-1.893,0.0,0.0,0.0,0.0,-1.238,0.0,1.098,-0.254,-2.355,-0.047,4.398527866512495,W245R
5.004,-2.3,0.452,0.002,-0.118,0.121,0.427,0.0,0.0,0.0,0.0,0.0,0.0,0.893,0.086,-1.678,0.134,3.02253700047072,W245Y
10.577,-4.51,-2.628,-0.011,-0.529,0.215,3.666,0.0,0.0,0.0,0.723,0.0,0.0,-2.365,0.118,-1.109,0.298,4.444367190540788,W245T
2.2,-0.162,-3.425,-0.005,-0.283,0.23,1.624,0.0,0.0,0.0,0.0,0.309,0.0,-2.867,0.12,4.05,0.195,1.9844641462632355,E248A
0.0,0.0,0.0,0.0,0.0,0.0,0.0,0.0,0.0,0.0,0.0,0.0,0.0,0.0,0.0,0.0,0.0,0.0,W245W
-0.189,0.036,-0.792,0.001,-0.116,0.206,0.339,0.0,0.0,0.0,0.0,-0.119,0.0,-0.117,0.155,1.274,0.27,0.948408766891589,E248Q
-0.469,-0.075,-2.657,0.011,-0.127,0.266,1.54,0.0,0.0,0.0,0.0,0.309,0.0,-2.607,-0.186,4.386,0.086,0.4762697996150109,E248L
-0.691,0.704,2.051,0.008,0.778,0.96,-2.295,0.0,0.0,0.0,0.0,-1.31,0.0,1.481,-0.08,0.6,0.062,2.265508003617469,L247W
0.67,-0.16,-2.686,-0.004,-0.241,0.18,1.372,0.0,0.0,0.0,0.0,0.309,0.0,-2.323,0.152,5.98,0.855,4.1040689502660825,E248C
3.662,-0.189,-3.057,-0.006,-0.283,0.154,1.521,0.0,0.0,0.0,0.0,0.309,-0.069,-2.867,0.216,3.523,0.774,3.687505861773843,E248G
0.766,0.382,4.508,-0.011,0.168,0.615,-2.261,0.0,0.0,0.0,0.0,-1.02,0.0,2.109,0.499,-3.807,0.185,2.1306645318359188,L247D
-4.138,29.626,-1.441,0.043,-0.017,0.676,0.163,0.0,0.0,0.0,0.0,0.309,0.0,1.899,-0.521,3.307,-0.004,29.900542390996637,E248Y
0.0,0.0,0.0,0.0,0.0,0.0,0.0,0.0,0.0,0.0,0.0,0.0,0.0,0.0,0.0,0.0,0.0,0.0,E248E
11.463,-6.698,-4.67,-0.009,-0.179,-0.453,3.963,0.0,0.0,0.0,2.99,0.0,0.014,-3.038,0.696,2.249,0.798,7.125210403938127,Q246G
-0.522,-0.13,-0.757,0.0,0.055,-0.282,1.515,0.0,0.0,0.0,0.0,0.309,0.0,0.222,-0.348,2.424,0.187,2.671529509191714,E248H
0.84,-0.134,0.344,-0.003,0.007,-0.256,2.251,0.0,0.0,0.0,0.0,0.309,0.0,-1.332,0.205,0.579,0.312,3.121816567967926,E248D
-3.276,20.34,-3.352,0.043,-0.028,0.507,1.119,0.0,0.0,0.0,0.0,0.309,0.0,2.011,-0.573,3.943,-0.031,21.012373054484897,E248F
4.15,-0.281,0.578,-0.015,-0.125,0.744,-2.072,0.0,0.0,0.0,0.0,-1.02,-0.025,0.481,0.652,-0.863,0.783,2.9866053365069547,L247G
0.184,2.245,2.86,-0.009,0.124,0.265,-2.394,0.0,0.0,0.0,0.0,-1.02,0.0,1.635,0.784,-3.001,0.468,2.1374424667228595,L247N
-1.238,0.277,-2.788,0.022,-0.215,0.02,1.603,0.0,0.0,0.0,0.0,0.309,0.028,-2.756,-0.23,5.029,0.285,0.3448234088011759,E248I
13.6,-6.434,-1.381,-0.009,-0.343,-1.33,6.944,0.0,0.0,0.0,3.713,0.0,0.0,-2.419,0.182,-0.694,-0.007,11.819570323716334,Q246D
-0.958,-0.083,2.787,-0.002,0.196,0.201,-2.193,0.0,0.0,0.0,0.0,-1.02,0.0,2.704,0.214,-1.756,-0.032,0.0572259652631146,L247R
1.113,-0.091,0.944,-0.007,-0.105,-0.055,-0.834,0.0,0.0,0.0,0.0,0.0,0.0,-0.391,0.17,-0.509,0.173,0.4046235007847372,L247T
-0.952,-0.156,-1.327,0.012,0.255,0.247,1.211,0.0,0.0,0.0,0.0,0.309,0.0,-0.202,-0.113,2.63,0.023,1.9368443303753795,E248R
2.801,-0.229,1.575,-0.014,-0.057,0.693,-2.514,0.0,0.0,0.0,0.0,-1.02,0.0,1.016,0.535,-1.951,0.33,1.1628193211047346,L247S
0.585,-0.065,1.483,0.007,0.13,0.987,-2.062,0.0,0.0,0.0,0.0,-1.02,0.0,1.889,-0.069,-0.443,-0.052,1.3701721162292415,L247F
-1.111,0.19,7.021,-0.002,0.458,0.68,-6.039,0.0,0.0,0.0,-0.615,-1.02,0.0,4.888,0.162,-4.386,-0.054,0.1706198641757055,L247E
0.031,0.046,-0.572,0.0,-0.174,-0.057,1.338,0.0,0.0,0.0,0.0,0.309,0.0,-1.397,0.03,2.01,-0.034,1.5299026410225451,E248K
0.507,-0.058,1.808,0.006,0.143,0.816,-2.222,0.0,0.0,0.0,0.0,-1.02,0.0,1.862,-0.006,-1.079,-0.002,0.7522889447893704,L247Y
4.521,-0.209,-5.739,-0.007,-0.167,-0.454,4.012,0.0,0.0,0.0,2.99,0.0,0.0,-2.894,0.328,4.706,0.496,7.582358538773633,Q246C
0.652,-0.151,-1.827,0.004,-0.224,-0.055,0.675,0.0,0.0,0.0,0.0,0.309,0.0,-2.842,0.025,3.877,0.21,0.6510551781295817,E248T
-0.754,0.722,1.053,-0.011,-0.081,0.658,-2.034,0.0,0.0,0.0,0.0,-1.02,0.0,2.037,0.297,-0.004,0.319,1.1805683488930754,L247M
1.827,-0.151,-1.166,-0.005,-0.261,0.006,0.801,0.0,0.0,0.0,0.0,0.309,0.0,-2.254,0.342,2.435,0.384,2.2676042368025264,E248S
-2.825,49.98445265352424,1.362,-0.013,-0.089,1.038,-1.661,3.718,1.171,0.0,0.0,-1.02,0.039,0.642,2.204,-3.304,11.462,49.990652798879275,L247P
-1.011,0.119,-0.607,0.01,-0.097,-0.035,0.094,0.0,0.0,0.0,0.0,0.0,-0.058,-0.326,-0.267,0.643,0.057,-1.479921108063763,L247I
1.265,-0.24,2.299,-0.011,0.494,1.014,-2.575,0.0,0.0,0.0,0.0,-1.02,0.0,1.78,0.027,-1.962,0.004,1.0746337717389451,L247H
12.76,-6.155,-3.221,-0.007,-0.38,-1.614,8.104,0.0,0.0,0.0,3.713,0.0,0.0,-1.62,0.475,0.111,0.358,12.523344164379523,Q246N
1.437,-0.202,2.651,0.0,0.073,-0.016,2.221,0.0,0.0,0.0,1.487,0.0,0.0,0.393,-0.185,-1.273,-0.161,6.423595278658695,Q246E
1.174,-0.6,-0.12,-0.011,-0.208,0.182,1.352,0.0,0.0,0.0,0.723,-1.02,0.0,-0.229,0.258,-2.376,-0.086,-0.9618840555965562,L247K
0.274,-0.087,2.183,-0.009,0.06,0.553,-1.946,0.0,0.0,0.0,0.0,-1.02,0.0,2.81,0.382,-3.112,0.136,0.2231301131471355,L247Q
-0.103,0.122,-1.287,0.001,-0.116,0.075,-0.083,0.0,0.0,0.0,0.0,0.0,-0.058,-0.402,-0.147,0.982,-0.002,-1.0198752428527769,L247V
11.812,41.424,-6.079,0.047,-0.547,-0.345,8.12,0.0,0.0,0.0,3.713,0.0,0.0,-1.672,-0.215,3.113,-0.031,41.478890375742424,Q246L
10.018,-5.852,-6.837,0.034,-0.423,-0.792,8.008,0.0,0.0,0.0,3.713,0.0,0.0,-0.227,-0.018,2.67,0.031,10.324461664929231,Q246F
10.25,-4.183,-0.921,-0.004,-0.457,-0.917,7.104,0.0,0.0,0.0,3.713,0.0,0.0,-1.656,-0.022,0.737,-0.125,13.51768129635957,Q246K
3.253,44.95420739756473,-8.301,0.073,-0.038,-0.305,3.646,0.0,0.0,0.0,2.99,0.0,-0.104,-1.182,-0.275,4.094,-0.015,45.640412325690164,Q246V
11.978,43.322265872523936,-5.724,-0.011,-0.604,-0.634,8.98,28.539,0.0,0.0,3.713,0.0,-0.012,-2.869,2.391,-0.192,12.328,49.29842082022172,Q246P
0.687,48.02535977266425,-7.507,0.03,-0.017,-0.174,3.432,0.0,0.0,0.0,2.974,0.0,-0.104,-0.963,-0.362,3.755,0.041,48.15935714108143,Q246I
0.0,0.0,0.0,0.0,0.0,0.0,0.0,0.0,0.0,0.0,0.0,0.0,0.0,0.0,0.0,0.0,0.0,0.0,Q246Q
11.088,-6.298,-3.336,-0.005,-0.299,-1.333,8.233,0.0,0.0,0.0,3.713,0.0,0.0,-0.87,-0.003,1.151,-0.007,12.03108340561539,Q246H
-1.966,3.455,-5.582,-0.001,-0.166,-0.297,3.578,0.0,0.0,0.0,2.99,0.0,0.0,-1.546,0.113,3.109,0.211,3.898109911653364,Q246M
4.097,1.813,-2.31,-0.003,-0.129,-0.179,2.445,0.0,0.0,0.0,2.99,0.0,0.0,-1.376,0.035,2.603,0.173,10.159724318462397,Q246T
7.205,-4.9,-1.468,-0.007,-0.154,-0.438,3.709,0.0,0.0,0.0,2.99,0.0,0.0,-2.296,0.339,1.162,0.236,6.376336935271183,Q246S
14.154,-4.162,1.301,-0.032,-0.287,-0.22,3.785,0.0,0.0,0.0,0.723,0.0,0.183,-2.548,-0.144,-0.646,-0.073,12.033502405022093,I249M
8.303,-2.07,-1.829,-0.024,-0.257,0.147,0.189,0.0,0.0,0.0,-0.09,0.0,0.0,-1.424,0.421,2.673,0.606,6.645292822544889,Y250C
-10.009,49.531680260337815,-5.819,0.152,0.633,-0.069,3.805,0.0,0.0,0.0,2.974,0.0,0.0,5.462,0.003,3.712,0.065,49.548323329144814,Q246W
12.932,-2.391,-1.699,-0.026,-0.302,0.023,0.472,0.0,0.0,0.0,-0.09,0.0,-0.007,-2.367,0.672,0.216,0.771,8.203573506226576,Y250G
-3.256,2.702,2.726,0.008,0.149,-0.936,4.195,0.0,0.0,0.0,2.99,0.0,0.0,-0.201,-0.029,1.357,-0.089,9.616663726901152,Q246R
6.932,-2.131,1.08,-0.019,0.331,-0.336,0.05,0.0,0.0,0.0,-0.09,0.0,0.0,1.731,0.756,-1.922,0.441,6.821727665297431,Y250N
9.92,-5.894,-6.102,0.035,-0.406,-0.75,8.201,0.0,0.0,0.0,3.713,0.0,0.0,-0.06,0.05,2.034,0.044,10.7846088646495,Q246Y
2.521,4.794,7.965,-0.011,0.33,1.059,-1.15,0.0,0.0,0.0,-0.09,0.0,0.0,2.302,0.202,-1.296,-0.11,16.515273767869758,Y250K
1.032,-0.227,-2.679,-0.001,-0.017,0.248,0.024,0.0,0.0,0.0,-0.09,0.0,0.0,0.362,-0.062,0.636,-0.03,-0.8049631096459962,Y250F
5.927,-1.476,3.932,-0.014,1.151,-0.457,0.741,0.0,0.0,0.0,-0.09,0.0,0.0,2.085,0.072,-3.306,-0.108,8.454696541501335,Y250E
10.594,-2.29,-3.143,-0.025,-0.302,0.228,0.52,0.0,0.0,0.0,-0.09,0.0,0.0,-2.367,0.146,0.743,0.086,4.098862428941402,Y250A
5.112,0.904,8.682,-0.03,0.258,-0.483,0.115,0.0,0.0,0.0,0.0,0.068,0.183,-1.58,-0.382,-5.028,-0.297,7.520886354892127,I249E
-4.719,22.654,-1.79,-0.001,0.23,0.093,1.498,0.0,0.0,0.0,-0.09,0.0,0.0,-0.792,-0.081,1.679,0.041,18.72104686172952,Y250W
0.0,0.0,0.0,0.0,0.0,0.0,0.0,0.0,0.0,0.0,0.0,0.0,0.0,0.0,0.0,0.0,0.0,0.0,Y250Y
5.349,-1.568,1.347,-0.028,-0.062,-0.233,-0.334,0.0,0.0,0.0,0.0,0.0,0.183,-1.458,0.303,0.951,0.013,4.4633036301818265,I249C
0.0,0.0,0.0,0.0,0.0,0.0,0.0,0.0,0.0,0.0,0.0,0.0,0.0,0.0,0.0,0.0,0.0,0.0,I249I
4.624,-0.606,8.95,-0.024,0.296,-0.332,0.676,0.0,0.0,0.0,0.0,0.068,0.183,-0.898,-0.113,-4.449,-0.148,8.22631464266442,I249D
2.469,15.548,7.355,-0.022,0.353,-0.354,-0.432,0.0,0.0,0.0,0.0,0.019,0.183,-1.338,-0.029,-2.604,-0.101,21.047073730168226,I249H
4.274,49.99581978089802,-1.112,0.002,-0.173,0.133,0.457,22.257,0.813,0.0,-0.09,0.019,0.029,0.476,2.235,-2.225,11.578,49.99911001882186,Y250P
8.013,-2.112,2.73,-0.023,0.361,-0.065,-0.222,0.0,0.0,0.0,-0.09,0.0,0.0,0.504,0.469,-2.728,0.138,6.973447754534391,Y250D
3.199,9.809,2.218,-0.012,0.053,-0.154,-0.072,0.0,0.0,0.0,0.0,-0.022,0.183,-0.825,-0.348,-0.642,-0.175,13.21141741768406,I249L
3.009,13.847,-2.992,-0.007,-0.03,0.161,0.733,0.0,0.0,0.0,0.097,0.0,0.0,0.362,0.245,1.076,0.259,16.756722195522798,Y250M
10.752,-2.374,2.244,-0.028,-0.073,-0.327,0.098,0.0,0.0,0.0,0.0,0.0,0.241,-1.261,0.613,-1.505,0.49,8.868622853802663,I249G
4.77,-1.424,2.298,-0.012,0.786,-0.386,0.112,0.0,0.0,0.0,-0.09,0.0,0.0,1.487,0.266,-2.033,0.089,5.862936946066611,Y250Q
8.881,-1.984,0.943,-0.029,-0.075,-0.351,0.272,0.0,0.0,0.0,0.0,0.0,0.183,-1.611,-0.09,-0.979,-0.227,4.931329353130423,I249A
5.951,14.201,-4.168,-0.005,-0.239,0.236,0.458,0.0,0.0,0.0,-0.09,0.0,-0.054,-1.339,-0.171,2.061,0.003,16.84283024876845,Y250V
5.259,-1.736,3.189,-0.024,-0.021,-0.179,-0.672,0.0,0.0,0.0,0.0,0.0,0.183,-1.276,0.072,-1.152,0.078,3.71894664702495,I249T
3.99,1.365,7.13,-0.029,0.173,-0.419,0.358,0.0,0.0,0.0,0.0,0.068,0.183,-1.881,-0.262,-3.754,-0.186,6.735862963994805,I249Q
10.911,-0.438,7.76,-0.02,0.233,-1.301,4.508,0.0,0.0,0.0,0.723,0.068,0.183,-2.75,-0.203,-2.398,-0.2,17.07565881974392,I249R
-6.017,46.391,4.295,0.038,0.297,-0.42,0.136,0.0,0.0,0.0,0.0,0.308,0.183,6.694,0.019,-0.042,-0.186,38.7733930711364,I249W
3.489,-0.818,5.945,-0.025,0.192,-0.53,0.501,0.0,0.0,0.0,0.0,0.0,0.183,-0.137,0.101,-3.644,0.119,5.373954200807248,I249N
3.788,49.713317731219895,2.783,-0.028,-0.069,-0.227,1.371,16.469,0.998,0.0,0.0,0.308,0.207,-0.164,1.267,-3.947,10.669,49.92454982653184,I249P
4.607,49.0,-2.463,0.07,-0.073,0.274,0.619,0.0,0.0,0.0,-0.09,0.0,-0.054,2.399,-0.293,1.722,0.077,40.306785921327254,Y250I
0.353,24.207,3.072,0.09,0.231,0.157,0.564,0.0,0.0,0.0,0.0,0.308,0.183,3.269,0.046,-1.085,-0.031,31.36388378038509,I249F
4.651,4.208,-3.111,0.083,0.101,0.185,0.554,0.0,0.0,0.0,-0.09,0.0,0.0,2.008,-0.064,1.08,-0.014,9.58966066754897,Y250L
9.978,-2.295,0.153,-0.024,-0.231,-0.135,0.151,0.0,0.0,0.0,-0.09,0.0,0.0,-1.755,0.48,-0.872,0.286,5.644491968794682,Y250S
7.581,-0.98,0.205,-0.018,-0.229,0.071,-1.491,0.0,0.0,0.0,-0.09,0.0,0.0,-1.674,0.126,0.57,0.166,4.237339255963889,Y250T
-0.219,25.66,4.433,0.123,0.252,-0.109,1.041,0.0,0.0,0.0,0.0,0.308,0.183,2.875,0.046,-1.721,-0.081,32.79077611685716,I249Y
3.333,-1.492,1.517,-0.019,0.391,-0.435,-0.21,0.0,0.0,0.0,0.0,0.0,0.0,0.187,0.057,-0.882,0.012,2.4571628572232385,Y250H
13.352,-1.969,7.344,-0.021,0.202,-0.421,2.857,0.0,0.0,0.0,0.723,0.068,0.183,-1.625,-0.119,-3.018,-0.26,17.29592074702805,I249K
7.979,-2.008,4.459,-0.029,-0.049,-0.59,-0.558,0.0,0.0,0.0,0.0,0.0,0.183,-0.881,0.163,-2.593,-0.101,5.973733908376062,I249S
3.187,-0.556,-0.314,-0.01,-0.038,0.04,-0.059,0.0,0.0,0.0,0.0,0.0,0.0,-0.301,0.025,0.339,-0.037,2.273285857553901,I249V
-0.876,5.992,7.815,0.001,0.44,-0.61,-0.521,0.0,0.0,0.0,-0.09,0.0,0.0,1.715,0.144,-0.677,-0.075,13.257493421836443,Y250R
-2.518,49.99938351463771,-1.434,-0.004,-0.15,0.859,1.438,0.332,1.11,0.0,0.0,0.0,0.005,-2.068,1.923,-0.192,11.123,49.9995936878764,Q251P
0.373,0.005,1.229,-0.001,0.074,0.19,0.562,0.0,0.0,0.0,0.0,0.0,0.0,0.296,-0.128,-1.273,-0.264,1.0627342387574572,Q251E
1.266,-0.126,1.465,0.005,0.097,0.592,-2.693,0.0,0.0,0.0,0.0,-0.456,0.0,-0.17,-0.021,1.357,-0.178,1.1364854915850628,Q251R
0.14,0.107,-2.141,0.009,-0.113,0.455,0.106,0.0,0.0,0.0,0.0,0.0,0.0,-1.93,-0.177,3.113,-0.053,-0.4872249947077307,Q251L
1.346,-0.579,-1.839,-0.004,-0.151,0.531,-0.7,0.0,0.0,0.0,0.0,0.0,0.0,-1.745,0.333,4.706,0.468,2.365333480797517,Q251C
2.754,-0.309,-0.286,-0.005,-0.162,0.544,-0.837,0.0,0.0,0.0,0.0,0.0,0.0,-1.803,0.371,1.162,0.154,1.5797955030825506,Q251S
3.367,-0.635,-2.645,-0.005,-0.163,0.734,0.023,0.0,0.0,0.0,0.0,0.0,0.0,-1.868,-0.15,2.776,-0.143,1.290585081498648,Q251A
0.654,1.094,-0.943,0.022,0.628,0.688,-1.019,0.0,0.0,0.0,0.0,0.0,0.0,0.958,0.071,2.67,0.01,4.82979652268159,Q251F
1.256,-0.3,1.601,-0.003,0.113,0.496,0.274,0.0,0.0,0.0,0.0,0.0,0.0,-0.935,0.316,-0.694,0.017,2.139796794484937,Q251D
4.806,-0.656,-2.492,-0.006,-0.163,0.593,0.066,0.0,0.0,0.0,0.0,0.0,-0.01,-1.868,0.621,2.249,0.696,3.836390694076045,Q251G
0.555,0.539,-2.05,0.013,-0.109,0.354,-0.195,0.0,0.0,0.0,0.0,0.0,-0.073,-1.859,-0.087,4.094,0.002,1.1819880945020032,Q251V
0.053,-0.318,0.019,0.0,0.023,0.009,-0.161,0.0,0.0,0.0,0.0,0.0,0.0,0.362,0.0,0.0,0.0,-0.0135722780946707,Q251Q
3.917,0.64,-0.522,-0.01,0.432,0.595,-1.707,0.0,0.0,0.0,0.0,0.0,0.0,0.071,0.148,1.151,0.023,4.736750603590963,Q251H
0.693,-0.437,-0.416,0.008,-0.015,0.391,-0.217,0.0,0.0,0.0,0.0,0.0,0.0,0.216,0.077,0.737,-0.18,0.8526383666585389,Q251K
0.155,0.228,-0.739,0.001,-0.177,0.465,-0.066,0.0,0.0,0.0,0.0,0.0,0.0,-1.102,0.088,3.109,0.162,2.122561544224027,Q251M
-0.7,0.422,-1.682,0.021,-0.09,0.224,0.023,0.0,0.0,0.0,0.0,0.0,-0.073,-1.717,-0.196,3.755,0.102,0.0883992815756755,Q251I
0.455,0.698,-0.088,0.021,0.661,0.685,-1.179,0.0,0.0,0.0,0.0,0.0,0.0,1.359,0.126,2.034,-0.011,4.759908854004834,Q251Y
0.747,-0.479,0.3,0.0,0.091,0.455,-0.15,0.0,0.0,0.0,0.0,0.0,0.0,-0.861,0.581,0.111,0.367,1.1598673981559386,Q251N
1.659,-0.451,0.041,0.004,-0.099,0.203,-1.085,0.0,0.0,0.0,0.0,0.0,0.0,-1.813,0.151,2.603,0.154,1.367392710959166,Q251T
-0.029,0.165,-0.529,0.02,0.77,0.695,-1.571,0.0,0.0,0.0,0.0,0.0,0.0,2.628,0.047,3.712,-0.03,5.878062344172804,Q251W
5.593,-1.004,0.511,-0.015,-0.111,0.541,-0.129,0.0,0.0,0.0,-0.698,-0.358,0.0,0.049,0.04,-0.336,-0.083,3.999567363256346,L252A
0.425,5.251,6.23,-0.002,0.55,0.399,-1.991,0.0,0.0,0.0,-0.698,-0.358,0.0,3.815,0.258,-2.376,-0.125,11.376081453759298,L252K
-2.509,0.99,3.122,0.12,0.329,-0.011,-0.003,0.0,0.0,0.0,0.0,-0.049,0.0,3.298,0.241,0.6,0.028,6.154850819503963,L252W
3.195,-0.942,1.754,-0.014,-0.099,0.469,-0.903,0.0,0.0,0.0,-0.698,-0.358,0.0,0.167,0.516,1.594,0.515,5.195031308696343,L252C
2.152,-1.248,4.519,-0.01,0.172,-0.232,0.027,0.0,0.0,0.0,-0.698,-0.206,0.0,1.346,0.757,-3.001,0.418,3.994386542527764,L252N
7.649,-1.029,1.591,-0.016,-0.111,0.385,-0.139,0.0,0.0,0.0,-0.698,-0.358,-0.023,0.049,0.807,-0.863,0.753,7.994705286928138,L252G
0.435,49.980330115769824,2.491,-0.014,-0.053,0.627,-0.037,9.958,1.175,0.0,-0.698,-0.358,-0.033,0.97,2.157,-3.304,11.246,49.99263446786665,L252P
-0.355,0.69,4.725,-0.011,0.298,0.059,-0.215,0.0,0.0,0.0,-0.698,-0.358,0.0,2.597,0.333,-1.962,0.074,5.176877430426202,L252H
-0.825,0.109,0.835,0.02,0.126,-0.216,1.628,0.0,0.0,0.0,0.0,0.308,0.0,2.51,0.269,-0.443,0.067,4.387642208403122,L252F
1.573,0.04,6.12,-0.009,0.649,0.044,0.186,0.0,0.0,0.0,-0.698,-0.358,0.0,3.116,0.046,-4.386,-0.208,6.113061662607379,L252E
0.553,-0.216,2.478,0.0,0.134,0.478,-0.781,0.0,0.0,0.0,-0.698,-0.358,0.0,2.61,0.27,-0.004,0.214,4.680207243798122,L252M
-1.212,-0.08,1.649,0.018,0.137,-0.489,1.465,0.0,0.0,0.0,0.0,0.308,0.0,2.407,0.325,-1.079,0.049,3.497529944448843,L252Y
0.0,0.0,0.0,0.0,0.0,0.0,0.0,0.0,0.0,0.0,0.0,0.0,0.0,0.0,0.0,0.0,0.0,0.0,L252L
-1.282,23.38,-1.129,0.011,-0.024,0.043,0.249,0.0,0.0,0.0,0.0,0.0,-0.129,-0.137,-0.013,0.643,0.152,21.761230970224236,L252I
1.019,22.269,-0.792,0.006,-0.033,0.501,-0.455,0.0,0.0,0.0,-0.698,-0.358,-0.129,1.121,0.092,0.982,0.055,23.57741314195709,L252V
3.093,-0.961,5.921,-0.012,0.191,-0.047,0.289,0.0,0.0,0.0,-0.698,-0.358,0.0,1.349,0.497,-3.807,0.065,5.521258746217427,L252D
5.037,-0.983,3.536,-0.015,-0.087,0.241,-1.125,0.0,0.0,0.0,-0.698,-0.358,0.0,0.472,0.551,-1.951,0.206,4.827324947570332,L252S
-1.066,0.989,7.722,0.014,1.431,0.612,-4.103,0.0,0.0,0.0,-0.698,-1.059,0.0,3.9,0.164,-1.756,-0.122,6.027772725433806,L252R
0.567,1.305,4.499,0.005,0.565,-0.249,-0.779,0.0,0.0,0.0,-0.698,-0.358,0.0,2.798,0.174,-3.112,0.05,4.765663544133304,L252Q
-1.596,0.41,-2.521,0.0,-0.196,-0.025,-0.266,0.0,0.0,0.0,0.0,0.0,0.0,-1.161,0.267,4.382,0.375,-0.3309721310818077,E255M
2.58,0.459,4.491,-0.01,-0.038,0.603,-1.096,0.0,0.0,0.0,-0.698,-0.358,0.0,2.103,0.329,-0.509,0.21,8.063072762347929,L252T
0.818,5.212,-1.508,0.007,-0.307,-0.001,-0.091,0.0,0.0,0.0,0.0,0.0,-0.119,-3.219,-0.189,5.029,0.243,5.873670566003966,E255I
-2.191,0.699,-2.129,0.046,0.002,0.087,0.026,0.0,0.0,0.0,0.0,0.0,0.0,0.474,0.147,3.943,0.195,1.2994686576600998,E255F
0.775,-0.036,0.018,-0.002,0.038,-0.228,0.242,0.0,0.0,0.0,0.0,0.0,0.0,-1.147,0.428,0.579,0.203,0.8690098831557407,E255D
-0.022,0.668,-2.018,0.008,-0.243,0.219,-0.866,0.0,0.0,0.0,0.0,0.0,0.0,-2.457,0.467,5.98,0.675,2.410047968059189,E255C
5.096,-0.534,-7.917,-0.004,-0.721,-0.632,5.509,0.0,0.0,0.0,0.0,2.131,-0.021,-4.152,0.803,3.523,0.951,4.031427900156132,E255G
1.56,4.905,-2.077,-0.002,-0.327,0.142,-0.26,0.0,0.0,0.0,0.0,0.0,-0.119,-3.358,-0.093,5.368,0.172,5.911272705252713,E255V
-0.228,-0.004,-0.72,0.0,-0.074,-0.133,-0.256,0.0,0.0,0.0,0.0,0.0,0.0,-0.389,0.169,1.274,0.187,-0.1739211507040181,E255Q
3.494,-0.165,-8.822,-0.003,-0.721,-0.593,5.666,0.0,0.0,0.0,0.0,2.131,0.0,-4.152,0.136,4.05,0.205,1.2261154346354033,E255A
0.0,0.0,0.0,0.0,0.0,0.0,0.0,0.0,0.0,0.0,0.0,0.0,0.0,0.0,0.0,0.0,0.0,0.0,E255E
-1.11,49.998010296629175,-7.689,-0.002,-0.686,-0.488,7.159,16.934,0.978,0.0,0.0,2.131,-0.092,-3.279,2.482,1.082,2.722,49.99911097612242,E255P
-0.105,0.002,-2.038,0.01,-0.188,0.019,-0.211,0.0,0.0,0.0,0.0,0.0,0.0,-2.233,-0.056,4.386,0.144,-0.2688969615751375,E255L
0.52,-0.056,-0.8,0.0,-0.007,-0.383,-0.198,0.0,0.0,0.0,0.0,0.0,0.0,-1.518,0.702,1.385,0.556,0.1998122259212778,E255N
0.971,0.37,-0.841,0.007,-0.231,0.06,-1.205,0.0,0.0,0.0,0.0,0.0,0.0,-2.199,0.5,2.435,0.4,0.2663813574454252,E255S
1.723,-0.452,-6.023,-0.006,-0.533,-1.028,5.279,0.0,0.0,0.0,0.0,2.131,0.0,-2.302,0.144,2.63,0.067,1.6297495454166435,E255R
-1.726,0.579,-0.428,0.013,0.122,-0.173,-0.043,0.0,0.0,0.0,0.0,0.0,0.0,-0.227,0.189,2.424,0.178,0.9076532566684818,E255H
-0.034,-0.011,-0.841,0.001,-0.147,-0.068,-0.367,0.0,0.0,0.0,0.0,0.0,0.0,-1.611,0.184,2.01,0.042,-0.842032036095361,E255K
-2.542,0.731,-1.511,0.045,0.011,-0.144,-0.107,0.0,0.0,0.0,0.0,0.0,0.0,0.334,0.212,3.307,0.206,0.5427115970469458,E255Y
-4.706,1.177,-1.688,0.03,0.084,-0.232,0.009,0.0,0.0,0.0,0.0,0.0,0.0,-0.258,0.129,4.986,0.214,-0.2558868375735983,E255W
-0.231,0.096,0.852,-0.002,-0.215,0.21,-1.479,0.0,0.0,0.0,0.0,0.0,0.0,-0.411,0.194,3.877,0.347,3.2378676412843106,E255T
-8.413,12.576,1.706,0.056,0.144,-0.156,-0.041,0.0,0.0,0.0,0.0,0.0,-0.055,3.953,-0.327,0.979,0.092,10.513267449527802,A254I
-3.382,1.367,4.634,0.031,0.87,-0.153,-1.374,0.0,0.0,0.0,0.0,-2.131,0.0,2.562,0.747,-2.665,0.529,1.036158917497005,A259N
-2.326,0.481,1.813,0.001,0.045,-0.046,-0.339,0.0,0.0,0.0,0.0,0.0,0.0,0.97,0.333,1.93,0.569,3.4306668824197004,A254C
-5.292,0.492,7.242,0.012,0.764,-0.513,-1.465,0.0,0.0,0.0,0.0,-0.656,0.0,4.971,0.686,-2.665,0.42,3.9940794174297034,A254N
-1.961,0.137,1.78,0.0,0.011,-0.037,-0.684,0.0,0.0,0.0,0.0,0.0,0.0,0.48,0.51,1.93,0.634,2.8005121283504195,A259C
3.696,-0.997,1.832,-0.002,0.0,-0.36,-0.186,0.0,0.0,0.0,0.0,0.0,-0.011,0.0,0.802,-0.526,0.873,5.11971476600047,A256G
-2.599,0.136,4.726,0.02,1.356,-0.118,-0.716,0.0,0.0,0.0,0.0,-2.131,0.0,5.076,0.049,-4.049,-0.11,1.6388062359756077,A259E
0.0,0.0,0.0,0.0,0.0,0.0,0.0,0.0,0.0,0.0,0.0,0.0,0.0,0.0,0.0,0.0,0.0,0.0,A254A
-4.646,1.979,0.839,0.028,0.06,-0.046,-0.15,0.0,0.0,0.0,0.0,0.0,-0.055,2.134,-0.198,1.318,0.0,1.2627832913021848,A254V
3.284,-0.906,-6.523,0.01,0.364,-0.726,4.555,0.0,0.0,0.0,0.0,2.131,0.0,-2.073,-0.624,2.67,-0.258,1.900708395546644,Q258F
-11.929,49.999843245768176,0.86,0.011,-0.374,-1.202,1.381,1.782,0.0,0.0,0.0,2.131,-0.055,1.398,0.16,0.979,0.331,49.999812128977965,A256I
-2.557,0.165,2.621,0.011,0.105,-0.164,-0.599,0.0,0.0,0.0,0.0,0.0,0.0,1.667,0.256,0.333,0.327,2.162260469818193,A259M
-5.219,2.614,4.913,0.027,0.455,0.168,-2.94,0.0,0.0,0.0,-0.838,0.0,0.0,2.039,0.143,-1.419,-0.019,-0.0768766668124953,A259R
4.55,-0.59,-5.743,-0.02,-0.807,-0.555,4.456,0.0,0.0,0.0,0.0,2.131,-0.044,-4.711,0.174,2.249,0.556,1.6437264865244288,Q258G
-4.015,49.541970018646225,14.58,-0.009,0.194,0.202,0.826,0.0,0.0,0.0,0.0,0.0,0.0,2.323,0.445,-3.47,0.195,49.70770053710798,A256D
-3.929,42.346042371956976,1.876,0.033,0.111,-0.063,-0.414,0.0,0.0,0.0,0.0,0.0,-0.099,1.566,0.002,0.979,0.275,42.44051460212176,A259I
2.587,0.33,-2.309,0.01,0.379,-0.589,-0.736,0.0,0.0,0.0,0.0,0.447,0.0,0.512,0.088,-0.694,0.05,0.0731566523015772,Q258D
-1.152,0.723,4.145,0.02,1.067,-0.615,-0.051,0.0,0.0,0.0,0.0,0.0,0.0,1.385,0.477,-3.47,0.183,2.711486454440092,A259D
1.604,-0.464,-3.942,-0.018,-0.764,-0.564,4.184,0.0,0.0,0.0,0.0,2.131,0.0,-4.081,0.059,4.706,0.528,3.3756359094015806,Q258C
3.046,-0.47,-5.427,-0.019,-0.807,-0.263,4.662,0.0,0.0,0.0,0.0,2.131,0.0,-4.711,-0.115,2.776,-0.065,0.7361384677226397,Q258A
-9.124,49.980882306456856,7.767,0.106,1.099,1.519,-2.874,1.782,0.0,0.0,-0.379,-0.625,0.044,2.415,0.153,-0.981,0.006,49.98156270060318,V253L
-5.961,49.99740895944367,10.668,-0.008,0.134,0.606,-0.337,0.0,0.0,0.0,0.0,0.0,0.0,2.098,0.662,-2.665,0.556,49.99794175749141,A256N
0.0,0.0,0.0,0.0,0.0,0.0,0.0,0.0,0.0,0.0,0.0,0.0,0.0,0.0,0.0,0.0,0.0,0.0,A259A
-0.639,-0.002,3.279,0.0,0.07,-0.324,-0.608,0.0,0.0,0.0,0.0,0.0,0.0,0.616,0.403,-1.614,0.242,1.4231541190931694,A254S
2.197,-0.043,0.893,-0.001,0.0,-0.208,-0.182,0.0,0.0,0.0,0.0,0.0,-0.014,0.0,0.606,-0.526,0.728,3.4472591745450245,A254G
-10.704,6.023,9.058,0.026,0.463,-0.089,-3.762,0.0,0.0,0.0,-0.29,-0.625,0.0,2.813,-0.153,-0.106,-0.044,2.6086956799840664,A254F
-7.826,49.99999999999994,-3.959,-0.008,-0.512,-0.894,6.004,0.0,0.0,0.0,0.0,2.131,0.0,-1.416,0.014,0.337,0.181,49.99999999999993,A256L
-2.678,0.066,8.858,0.013,0.982,-0.06,-4.256,0.0,0.0,0.0,0.0,-1.256,0.0,4.481,0.388,-3.47,0.112,3.177444345847789,A254D
-2.068,0.179,3.204,0.012,0.284,-0.098,-0.947,0.0,0.0,0.0,0.0,0.0,0.0,2.477,0.247,-2.039,-0.021,1.228002531870061,A259K
-5.096,0.384,3.008,0.012,0.028,0.021,0.181,0.0,0.0,0.0,0.0,0.0,0.0,1.864,0.142,0.333,0.221,1.095800760661632,A254M
-10.224,50.0,10.624,0.0,-0.336,-0.617,3.311,0.0,0.0,0.0,0.0,2.131,0.0,1.688,0.255,-2.039,0.032,50.0,A256K
0.0,0.0,0.0,0.0,0.0,0.0,0.0,0.0,0.0,0.0,0.0,0.0,0.0,0.0,0.0,0.0,0.0,0.0,Q258Q
-10.11,4.472,11.724,0.016,0.821,-0.265,-5.788,0.0,0.0,0.0,-0.29,-1.426,0.0,3.424,0.011,-1.625,0.017,0.9799397378778848,A254H
-6.451,49.99748563491345,2.337,0.011,0.042,0.029,0.673,6.962,1.262,0.0,0.0,0.0,0.006,2.605,2.0,-2.968,11.21,49.99876214624928,A254P
2.132,-0.344,0.831,-0.001,0.0,0.002,-0.113,0.0,0.0,0.0,0.0,0.0,-0.022,0.0,0.788,-0.526,0.848,3.5935769253451326,A259G
-3.267,43.148452852603484,2.943,-0.011,-0.104,-0.113,-0.514,0.0,0.0,0.0,0.0,0.0,0.0,-0.285,0.562,1.93,0.617,43.584032962836694,A256C
1.287,-0.452,-6.17,-0.001,-0.489,-0.874,5.694,0.0,0.0,0.0,0.0,2.131,0.0,-3.513,-0.385,3.113,-0.171,0.1682151626844188,Q258L
-11.635,50.0,4.165,-0.007,-0.049,-0.363,0.284,0.0,0.0,0.0,0.0,0.0,0.0,1.057,0.25,0.333,0.365,50.0,A256M
-4.259,1.721,1.536,0.058,0.214,-0.25,0.299,0.0,0.0,0.0,0.0,0.0,0.0,2.995,0.243,-0.106,0.175,2.6231297945664664,A259F
-8.783,5.996,5.604,0.018,0.381,0.414,-2.124,0.0,0.0,0.0,-0.29,0.539,0.0,0.391,-0.145,0.337,-0.038,2.2979225410902018,A254L
-4.364,0.322,7.334,0.009,0.352,-0.3,0.447,0.0,0.0,0.0,0.0,0.0,0.0,3.03,-0.016,-4.049,-0.163,2.5991407284932397,A254E
0.522,-0.099,1.033,-0.01,0.184,0.144,-1.414,0.0,0.0,0.0,0.0,0.72,0.0,-1.251,-0.189,-1.273,-0.235,-1.8707318311289785,Q258E
-5.108,0.454,5.747,0.009,0.233,-0.49,0.503,0.0,0.0,0.0,0.0,0.0,0.0,3.237,0.156,-2.775,0.065,2.028513692249362,A254Q
0.0,0.0,0.0,0.0,0.0,0.0,0.0,0.0,0.0,0.0,0.0,0.0,0.0,0.0,0.0,0.0,0.0,0.0,A256A
-4.527,2.888,2.444,0.042,0.693,0.271,-0.943,0.0,0.0,0.0,0.0,-2.131,0.0,2.219,0.004,0.337,0.114,1.4098516746662426,A259L
-5.573,0.905,5.766,0.019,0.693,-0.031,-0.221,0.0,0.0,0.0,0.0,0.0,0.0,1.715,0.037,-1.419,-0.123,1.766200407179895,A254R
0.147,-0.017,-5.981,0.008,-0.592,-0.699,5.749,0.0,0.0,0.0,0.0,2.131,-0.047,-3.422,-0.564,3.755,-0.04,0.4261906361846286,Q258I
-2.316,0.171,3.532,0.007,0.637,-0.381,-0.521,0.0,0.0,0.0,0.0,0.0,0.0,2.788,0.174,-2.775,0.168,1.4830160335122855,A259Q
-1.94,49.97279356942255,-6.307,-0.016,-0.624,-0.231,5.902,13.216,1.13,0.0,0.0,2.131,0.009,-3.443,1.331,-0.192,11.189,49.98878173434186,Q258P
-16.688,49.99999999832369,-2.987,0.203,0.221,0.063,-0.841,0.0,0.0,0.0,0.0,0.0,0.036,4.691,-0.585,0.864,-0.734,49.9999999968516,G260L
-4.12,1.416,4.128,0.014,0.379,0.021,-1.822,0.0,0.0,0.0,0.0,0.0,0.0,2.235,0.33,-1.625,0.193,1.1479343178441468,A259H
-12.234,4.783,10.645,0.03,0.661,-0.271,-3.701,0.0,0.0,0.0,-0.29,-0.625,0.0,3.065,-0.149,0.937,-0.004,2.847781249663285,A254W
-8.068,49.99999999996873,16.156,-0.009,0.121,0.763,2.282,0.0,0.0,0.0,0.0,0.0,0.0,3.804,0.007,-4.049,-0.07,49.99999999997981,A256E
-5.312,32.675,-0.532,0.015,0.029,0.26,-0.116,0.0,0.0,0.0,0.0,0.0,-0.099,3.729,0.114,1.318,0.171,32.25187969460967,A259V
-4.772,49.78530547331434,1.618,0.0,0.025,0.129,-0.286,12.259,1.218,0.0,0.0,0.0,0.0,0.796,1.967,-2.968,10.779,49.90632442943499,A259P
-2.837,0.605,5.506,0.004,0.048,0.267,-0.819,0.0,0.0,0.0,-0.795,0.0,0.0,1.733,0.348,-0.173,0.318,4.204168359080313,A259T
-12.067,49.999999999998494,12.773,-0.006,0.324,-0.131,-0.113,0.0,0.0,0.0,0.0,0.0,0.0,3.13,0.429,-1.625,0.26,49.999999999998664,A256H
2.297,-1.872,2.505,-0.017,-0.038,0.237,-1.04,0.0,0.0,0.0,-0.089,0.0,0.044,1.656,0.638,0.612,0.654,5.584817685392409,V253C
-15.839,50.0,10.992,0.019,-0.119,-1.159,3.092,0.0,0.0,0.0,0.0,2.131,0.0,4.894,0.152,-1.419,0.044,50.0,A256R
-3.142,0.887,4.106,0.007,0.06,-0.335,-0.888,0.0,0.0,0.0,0.0,0.0,0.0,0.351,0.069,-0.173,0.142,1.084210057750397,A254T
-4.001,49.49305469471615,-5.876,-0.005,-0.58,-0.973,5.649,1.782,0.0,0.0,0.0,2.131,-0.055,-0.494,0.246,1.318,0.244,49.4805191732061,A256V
-6.302,1.22,9.53,0.018,0.591,0.068,-4.533,0.0,0.0,0.0,0.0,0.0,0.0,3.087,0.124,-2.039,-0.146,1.6163766348058743,A254K
0.688,-0.44,-4.191,0.004,-0.157,-1.014,4.959,0.0,0.0,0.0,0.0,2.131,0.0,-1.796,-0.225,1.357,-0.226,1.0875853810841818,Q258R
1.303,-0.485,-1.676,-0.01,-0.746,-0.495,1.944,0.0,0.0,0.0,0.0,2.131,0.0,-4.696,-0.19,2.603,-0.021,-0.3406722480526696,Q258T
1.996,-0.477,-4.732,-0.001,0.081,-0.942,3.311,0.0,0.0,0.0,0.0,2.131,0.0,-1.403,-0.126,0.737,-0.28,0.2915963003993056,Q258K
0.852,0.739,-6.845,0.001,-0.608,-0.779,5.57,0.0,0.0,0.0,0.0,2.131,-0.047,-3.844,-0.43,4.094,-0.127,0.7039716056367524,Q258V
2.137,-0.14,-4.197,0.011,0.207,-0.851,4.341,0.0,0.0,0.0,0.0,0.697,0.0,-1.367,0.379,0.111,0.33,1.6559184171564991,Q258N
3.716,-0.929,-6.212,-0.008,0.734,-0.847,3.964,0.0,0.0,0.0,0.0,2.131,0.0,-2.186,-0.426,1.151,-0.111,0.9746533170002748,Q258H
-7.86,49.99999999999999,10.699,-0.012,0.872,0.267,-0.349,0.0,0.0,0.0,0.0,1.901,0.0,1.568,0.11,-2.775,0.203,49.99999999999999,A256Q
-0.658,0.265,3.602,0.0,0.069,0.113,-1.767,0.0,0.0,0.0,-0.749,0.0,0.0,1.237,0.545,-1.614,0.313,1.3553902449179986,A259S
-1.712,0.569,7.44,0.0,0.042,0.069,-0.922,0.0,0.0,0.0,0.0,0.0,0.0,0.794,0.552,-1.614,0.308,5.526989936615109,A256S
-10.933,6.232,9.813,0.025,0.474,-0.127,-4.092,0.0,0.0,0.0,-0.29,-0.625,0.0,2.814,-0.097,-0.742,-0.031,2.420385995677861,A254Y
1.454,-0.481,-5.92,-0.007,-0.649,-0.71,5.51,0.0,0.0,0.0,0.0,2.131,0.0,-2.58,-0.106,3.109,0.169,1.9179550480573653,Q258M
-14.687,50.0,1.74,0.108,0.485,-0.669,-0.367,0.0,0.0,0.0,0.073,0.212,0.0,8.696,0.451,-0.106,0.276,50.0,A256F
-19.172,50.0,-0.057,0.538,0.862,-0.452,3.727,0.0,0.0,0.0,0.073,1.822,0.0,4.998,0.405,0.937,0.18,50.0,A256W
-16.909,50.0,6.619,0.129,0.5,-0.646,-0.662,0.0,0.0,0.0,0.073,0.212,0.0,7.622,0.5,-0.742,0.237,50.0,A256Y
-4.911,1.847,2.556,0.071,0.846,-0.045,-0.866,0.0,0.0,0.0,0.0,-2.131,0.0,5.204,0.298,-0.742,0.147,2.273146749320404,A259Y
-4.929,1.608,1.931,0.028,0.273,-0.134,-0.489,0.0,0.0,0.0,0.0,0.0,0.0,3.8,0.227,0.937,0.125,3.3740071241302303,A259W
-3.691,44.70618423996248,6.512,-0.009,-0.07,0.021,-1.399,0.0,0.0,0.0,0.0,0.0,0.0,0.809,0.444,-0.173,0.404,45.24898444195976,A256T
-4.48,49.99847616493475,3.647,-0.013,-0.091,-0.027,0.863,15.762,0.852,0.0,0.0,0.0,0.023,-0.109,1.922,-2.968,11.441,49.99947881466461,A256P
2.809,-0.453,-3.258,-0.019,-0.739,-0.736,3.866,0.0,0.0,0.0,0.0,2.131,0.0,-4.239,0.164,1.162,0.144,0.8291921983175143,Q258S
2.224,-0.75,-6.604,0.008,0.455,-0.738,4.542,0.0,0.0,0.0,0.0,2.131,0.0,-2.149,-0.544,3.712,-0.158,2.126862996910404,Q258W
3.264,-0.922,-6.337,0.01,0.376,-0.773,4.593,0.0,0.0,0.0,0.0,2.131,0.0,-2.104,-0.574,2.034,-0.221,1.473930516205428,Q258Y
0.0,0.0,0.0,0.0,0.0,0.0,0.0,0.0,0.0,0.0,0.0,0.0,0.0,0.0,0.0,0.0,0.0,0.0,V253V
-19.806,49.999999999998586,14.288,0.051,0.189,0.985,1.644,0.0,0.0,0.0,0.0,0.0,0.036,5.84,-0.323,-1.512,-0.841,49.999999999998614,G260K
1.682,-0.354,12.989,-0.017,0.228,0.828,-0.665,0.0,0.0,0.0,-0.089,0.0,0.044,2.312,0.652,-4.788,0.162,12.980766848525946,V253D
10.36,-5.462,1.124,-0.024,-0.02,-0.164,0.213,0.0,0.0,0.0,-0.074,0.0,0.039,0.859,0.867,-1.844,0.806,6.67627009635703,V253G
-11.981,49.99999874331069,16.417,0.05,1.415,1.235,-2.313,1.782,0.0,0.0,-0.121,-1.325,0.044,7.357,0.369,-2.737,-0.031,49.99999916296138,V253R
-20.382,50.0,-3.403,0.03,0.21,0.062,-0.112,0.0,0.0,0.0,0.0,-0.52,0.036,3.006,-0.794,0.421,-0.813,50.0,G260F
-0.04,-0.005,0.022,-0.001,0.007,0.01,0.439,0.0,0.0,0.0,0.0,-0.52,0.0,0.25,0.0,0.0,0.0,0.1618686327628893,G260G
-3.81,38.62020031520659,-2.272,0.188,0.153,0.015,0.11,0.0,0.0,0.0,0.0,0.0,0.036,3.882,-0.327,0.527,-0.629,49.18530493278604,G260A
-14.143,49.999953222595515,13.212,0.198,0.973,-0.287,2.052,0.0,0.0,0.0,0.0,0.0,0.036,8.256,-0.395,-3.522,-0.799,49.99996257998047,G260E
-2.772,48.539041351876776,17.397,-0.016,0.209,1.241,-1.642,0.0,0.0,0.0,-0.089,0.0,0.044,4.446,0.29,-5.367,-0.063,49.14932440875356,V253E
-10.437,49.98529631096197,11.543,0.205,1.057,0.005,-0.847,0.0,0.0,0.0,0.0,-2.651,0.036,9.192,-0.101,-2.944,-0.519,49.987738330654416,G260D
-17.603,49.99999999980539,7.145,0.029,0.499,-0.938,-0.165,0.0,0.0,0.0,0.0,0.0,0.036,3.467,-0.604,-1.098,-0.68,49.9999999997107,G260H
-7.93,49.99966466923912,15.941,0.034,1.151,1.356,0.253,1.782,0.0,0.0,-0.074,0.0,0.044,4.778,0.401,-3.357,-0.079,49.999810732616154,V253K
-8.001,49.99916366238225,-0.746,0.003,-0.028,0.121,-0.074,0.0,0.0,0.0,0.0,0.0,0.036,0.662,-0.131,2.457,-0.046,49.998947475047835,G260C
1.117,49.89258168433368,2.975,-0.015,-0.009,0.534,0.142,29.188,1.031,0.0,-0.089,0.0,0.09,1.996,2.515,-4.286,3.363,49.97699842690744,V253P
-15.525,49.99999998108726,-2.411,0.232,0.263,0.084,-0.79,0.0,0.0,0.0,0.0,0.0,-0.019,5.879,-0.779,1.506,-0.611,49.99999996922557,G260I
-11.193,50.0,8.05,0.015,0.21,0.62,-0.128,0.0,0.0,0.0,-0.089,0.0,0.044,4.93,0.209,-2.06,0.022,50.0,V253Y
-22.961,49.99999999997131,10.19,0.03,1.369,-0.397,-0.124,0.0,0.0,0.0,0.0,-0.52,0.036,6.245,-0.416,-0.893,-0.79,49.99999999996012,G260R
-8.92,49.99819956651578,2.474,0.195,0.211,-0.399,0.267,0.0,0.0,0.0,0.0,0.0,0.036,4.243,-0.394,0.354,-0.58,49.998009190188036,G260T
7.138,-2.643,-0.323,-0.023,-0.02,-0.079,0.338,0.0,0.0,0.0,-0.074,0.0,0.044,0.859,0.419,-1.318,0.159,4.4745633157813245,V253A
-9.888,50.0,2.38,0.053,0.229,0.495,0.097,0.0,0.0,0.0,-0.089,0.0,0.044,7.59,0.141,-1.424,-0.023,50.0,V253F
-23.105,50.0,1.952,0.03,0.256,-0.39,-1.087,0.0,0.0,0.0,0.0,0.0,0.036,5.065,-0.743,-0.216,-0.776,50.0,G260Y
-11.417,49.99999979733467,0.505,0.189,0.187,0.026,1.134,9.401,1.055,0.0,0.0,0.0,0.039,4.291,1.214,-2.441,1.909,49.99999984115421,G260P
-7.994,49.637821528432625,-4.929,-0.002,-1.413,-1.133,3.709,1.782,0.0,0.0,-0.29,1.506,-0.128,-6.384,-0.244,3.755,0.09,49.42347678518422,Q257I
-10.764,49.99999909895427,9.382,0.021,0.954,1.351,-2.537,1.782,0.0,0.0,-0.363,-0.625,0.044,1.918,0.464,-0.985,0.306,49.99999913239899,V253M
6.406,-2.068,5.716,-0.018,-0.028,-0.208,-0.999,0.0,0.0,0.0,0.0,0.0,0.044,0.516,0.686,-2.932,0.327,7.437712403465184,V253S
-11.901,49.99692749023883,6.687,0.217,0.483,-0.104,-0.296,0.0,0.0,0.0,0.0,-0.52,0.036,7.679,0.193,-2.138,-0.24,49.99693931687029,G260N
-19.495,49.99999999955674,0.438,0.062,0.689,0.328,-1.331,10.015,0.0,0.0,0.0,-2.651,0.036,7.389,-0.305,0.86,-0.406,49.99999999947206,G260M
-29.418,50.0,-1.148,0.064,0.438,0.125,0.231,0.0,0.0,0.0,0.0,0.0,0.036,8.243,-0.729,1.463,-0.715,50.0,G260W
-17.067,49.99999865035616,7.83,0.05,0.219,0.426,-1.65,10.015,0.0,0.0,0.0,0.0,0.036,6.11,-0.202,-2.249,-0.57,49.9999988004945,G260Q
-6.978,49.998108242015626,11.838,-0.014,0.334,0.752,0.563,0.0,0.0,0.0,-0.089,0.0,0.044,5.116,0.223,-2.943,0.005,49.99867212781628,V253H
-5.233,46.88724592424133,3.591,0.189,0.216,0.088,-0.53,0.0,0.0,0.0,0.0,0.0,0.036,4.705,-0.036,-1.087,-0.42,47.06523643831236,G260S
-4.363,45.53370537852402,1.328,0.007,0.019,0.235,-0.053,0.0,0.0,0.0,-0.089,0.0,0.0,1.137,-0.115,-0.339,0.057,45.14653545829319,V253I
-11.35,49.999990719080266,-3.545,0.205,0.202,-0.118,-0.461,0.0,0.0,0.0,0.0,0.0,-0.019,4.231,-0.645,1.845,-0.696,49.99998595889962,G260V
2.411,-0.734,4.581,-0.011,-0.014,-0.27,-0.991,0.0,0.0,0.0,-0.089,0.0,0.044,0.001,0.327,-1.491,0.184,3.94556582799396,V253T
-0.3,3.371,9.827,-0.014,0.184,0.835,-0.212,0.0,0.0,0.0,-0.089,0.0,0.044,1.839,0.938,-3.983,0.457,12.893059917146047,V253N
-20.441,50.0,6.219,0.105,0.601,0.484,4.604,16.884,0.0,0.0,-0.074,0.0,0.044,3.565,0.121,-0.381,0.079,50.0,V253W
-9.824,49.94207749062053,17.796,0.006,1.769,2.031,-3.574,1.782,0.0,0.0,-0.379,-0.625,0.044,2.466,0.503,-4.093,0.117,49.95796124453813,V253Q
-1.028,3.536,-0.077,0.011,-0.17,0.982,-1.925,0.0,0.0,0.0,-0.29,0.232,0.0,1.254,0.072,0.737,-0.157,3.175643408681708,Q257K
-4.23,20.392,-5.009,-0.021,-1.477,-1.112,5.863,0.0,0.0,0.0,-0.016,2.06,0.0,0.704,0.107,3.109,0.173,20.54205258048546,Q257M
5.216,-2.701,-3.889,-0.037,-1.463,-1.232,2.976,0.0,0.0,0.0,-0.29,1.506,-0.023,-6.135,0.646,2.249,0.735,-2.4433148001926384,Q257G
1.821,-2.031,-0.707,-0.036,-1.389,-1.517,2.363,0.0,0.0,0.0,-0.29,1.506,0.0,-5.19,0.369,1.162,0.18,-3.758539641784864,Q257S
2.586,-2.003,-4.863,-0.036,-1.463,-1.063,3.162,0.0,0.0,0.0,-0.29,1.506,0.0,-6.135,-0.079,2.776,-0.066,-5.968372135495883,Q257A
-4.791,0.953,8.538,-0.015,0.126,-1.176,-2.803,0.0,0.0,0.0,-0.29,0.386,0.0,0.041,-0.141,-1.273,-0.223,-0.6684760841321804,Q257E
-4.507,49.999955953746245,-3.117,-0.035,-1.456,-1.118,5.125,14.58,0.787,0.0,-0.29,1.506,-0.073,-6.145,2.186,-0.192,2.84,49.99997058274334,Q257P
-7.066,42.728,-5.746,-0.013,-1.264,-1.129,6.345,0.0,0.0,0.0,0.0,1.955,0.0,-1.081,0.074,2.67,0.022,37.49291453890737,Q257F
-2.119,5.128,0.136,0.024,-0.191,0.313,-0.877,0.0,0.0,0.0,0.0,-0.218,0.0,2.459,-0.002,1.357,-0.146,5.862757257104022,Q257R
-2.804,11.316,-9.115,-0.019,-1.387,-1.34,6.338,0.0,0.0,0.0,0.0,2.131,0.0,-3.776,-0.19,3.113,-0.044,4.22290873340512,Q257L
-4.001,38.378,-5.721,-0.016,-1.444,-1.352,3.539,16.884,0.0,0.0,-0.29,1.506,-0.128,-6.178,-0.147,4.094,0.004,45.12653271684076,Q257V
-3.285,-1.691,3.089,-0.031,-0.781,-2.008,1.626,0.0,0.0,0.0,-0.29,0.724,0.0,-2.421,0.576,0.111,0.373,-4.0080899934930585,Q257N
-1.414,-2.166,-2.777,-0.035,-1.417,-1.29,2.701,0.0,0.0,0.0,-0.29,1.506,0.0,-4.826,0.334,4.706,0.468,-4.499744152936273,Q257C
0.0,0.0,0.0,0.0,0.0,0.0,0.0,0.0,0.0,0.0,0.0,0.0,0.0,0.0,0.0,0.0,0.0,0.0,Q257Q
-1.483,-2.007,4.936,-0.033,-0.73,-1.991,1.666,0.0,0.0,0.0,-0.29,0.77,0.0,-2.675,0.318,-0.694,0.017,-2.19729512424442,Q257D
-1.818,-1.151,0.002,-0.02,-1.336,-1.339,0.061,1.782,0.0,0.0,-0.29,0.762,0.0,-4.47,0.104,2.603,0.167,-4.943808625838528,Q257T
-4.562,-0.586,-0.347,-0.031,-0.828,-0.929,4.808,0.0,0.0,0.0,0.0,1.186,0.0,-3.394,0.12,1.151,0.015,-3.399041859467161,Q257H
-1.718,49.97523781199558,-3.566,0.021,-0.179,-0.642,5.558,0.0,0.0,0.0,-0.706,3.638,0.0,2.17,0.132,2.034,0.017,49.981100094732895,Q257Y
-7.561,6.853,-2.292,0.026,-0.38,0.228,4.444,0.0,0.0,0.0,-0.29,1.379,0.0,2.745,0.042,3.712,0.003,8.909045571887873,Q257W
-3.255,1.72,0.263,0.039,0.33,-0.466,-0.068,0.0,0.0,0.0,0.0,0.0,0.0,-0.127,0.166,3.712,0.024,2.3380031840192714,Q262W
-0.261,-0.038,1.87,0.004,0.633,0.342,-1.148,0.0,0.0,0.0,0.0,-1.838,0.0,0.284,-0.122,-1.273,-0.203,-1.7497939669385687,Q262E
1.802,-0.435,-1.199,-0.002,0.588,0.099,-0.67,0.0,0.0,0.0,0.0,0.0,0.0,-0.031,0.23,1.151,0.134,1.665897821790395,Q262H
0.354,-0.356,2.459,-0.003,0.128,0.295,-3.221,0.0,0.0,0.0,0.0,-0.593,0.0,-0.838,0.151,-0.694,0.056,-2.2619976701105315,Q262D
-5.666,49.561215691799475,1.323,0.056,0.129,-0.155,-0.743,0.0,0.0,0.0,0.0,0.0,0.067,3.355,0.688,0.979,0.404,49.568756877949355,A263I
-0.254,-0.089,0.321,0.003,0.015,0.114,-0.479,0.0,0.0,0.0,0.0,0.0,0.0,-0.926,0.031,1.357,-0.048,0.0443701796157256,Q262R
2.308,-0.434,-2.745,-0.006,-0.196,0.204,-0.151,0.0,0.0,0.0,0.0,0.0,0.0,-2.29,0.121,2.776,-0.247,-0.6599061405074735,Q262A
0.348,1.102,-2.075,0.018,-0.138,0.263,-0.222,0.0,0.0,0.0,0.0,0.0,-0.005,-1.118,0.507,4.094,0.179,2.9523221937542985,Q262V
0.306,-0.324,-1.461,-0.005,-0.182,0.209,-1.095,0.0,0.0,0.0,0.0,0.0,0.0,-2.007,0.483,4.706,0.162,0.7916502353891701,Q262C
3.559,-0.439,-2.593,-0.007,-0.196,-0.054,-0.171,0.0,0.0,0.0,0.0,0.0,-0.004,-2.29,0.75,2.249,0.523,1.327348980037641,Q262G
2.28,-0.074,3.476,-0.036,-0.476,-0.266,-2.209,0.0,0.0,0.0,0.0,0.52,0.0,-3.011,0.355,-2.051,0.226,-1.2671611101516191,R261D
-2.019,2.796,-1.132,0.039,0.262,0.067,-0.03,0.0,0.0,0.0,0.0,0.0,0.0,0.162,0.287,2.67,0.232,3.3337194983978407,Q262F
0.0,0.0,0.0,0.0,0.0,0.0,0.0,0.0,0.0,0.0,0.0,0.0,0.0,0.0,0.0,0.0,0.0,0.0,Q262Q
-0.149,-0.072,0.169,0.0,-0.066,0.086,-0.382,0.0,0.0,0.0,0.0,0.0,0.0,-1.429,0.166,0.737,-0.15,-1.090563994544027,Q262K
0.3,0.454,-1.928,0.033,0.12,-0.175,0.261,0.0,0.0,0.0,0.0,0.0,0.0,-2.019,-0.05,3.113,0.102,0.2100926430807703,Q262L
-2.863,45.455,1.909,0.001,0.016,0.005,-0.726,0.0,0.0,0.0,0.0,0.0,0.0,0.69,0.229,1.93,0.003,46.64882770029635,A263C
-3.262,49.996542828073196,-1.346,-0.005,-0.157,0.287,0.947,0.82,1.149,0.0,0.0,0.0,-0.014,-1.52,0.359,-0.192,10.654,49.99746142040882,Q262P
-1.151,1.549,-1.289,-0.001,-0.12,0.082,-0.14,0.0,0.0,0.0,0.0,0.0,0.0,-0.753,0.018,3.109,0.146,1.4498776502521196,Q262M
-0.402,-0.112,-1.117,0.028,-0.114,0.128,0.026,0.0,0.0,0.0,0.0,0.0,-0.005,-0.807,0.449,3.755,0.181,2.0093603772238566,Q262I
-0.148,-0.208,1.153,-0.001,0.082,0.043,-1.777,0.0,0.0,0.0,0.0,-0.627,0.0,-1.122,0.215,0.111,0.323,-1.9568505230656683,Q262N
1.548,-0.358,0.347,-0.005,-0.147,0.163,-0.862,0.0,0.0,0.0,0.0,0.0,0.0,-2.161,0.196,1.162,-0.153,-0.2708189725187822,Q262S
-2.141,17.975,3.077,-0.027,-1.454,-0.675,-1.913,0.0,0.0,0.0,0.0,-0.238,0.0,0.085,0.085,-1.356,0.189,13.605559375848316,R261Q
1.506,-0.432,-1.443,0.015,0.228,0.025,-0.049,0.0,0.0,0.0,0.0,0.0,0.0,0.429,0.287,2.034,0.174,2.7743277102617867,Q262Y
1.488,-0.434,-0.228,0.008,-0.126,-0.007,-1.618,0.0,0.0,0.0,0.0,0.0,0.0,-0.837,0.397,2.603,0.308,1.5545451966991095,Q262T
5.197,-3.809,-1.522,-0.029,-0.74,-0.062,-1.511,0.0,0.0,0.0,0.0,0.52,0.0,-3.922,0.382,-0.195,0.359,-5.332836510707693,R261S
2.496,0.28,1.945,0.007,0.294,-0.662,0.252,-0.151,0.0,0.0,0.0,0.0,-0.011,2.639,0.678,-1.081,-0.231,6.453320656373535,P266E
-6.538,49.99999498716966,3.426,0.019,0.281,0.047,-0.129,0.0,0.0,0.0,0.0,0.0,0.0,2.084,0.101,0.937,0.042,49.99999504046655,A263W
-6.61,49.99999704670731,1.475,0.016,0.104,0.186,-0.019,0.0,0.0,0.0,0.0,0.0,0.0,0.398,-0.062,0.337,0.082,49.99999652110009,A263L
8.034,-4.331,-10.916,-0.038,-1.232,-0.947,5.463,0.0,0.0,0.0,0.0,2.651,0.0,-5.564,-0.082,1.42,0.087,-5.45629101297709,R261A
2.621,2.553,-4.665,-0.039,-0.773,0.065,-0.611,0.0,0.0,0.0,0.0,0.52,0.0,-4.177,0.319,3.35,0.682,-0.1570517867583021,R261C
1.799,49.997011009889626,-8.784,-0.044,-1.212,-1.163,6.955,9.83,1.112,0.0,0.0,2.651,0.01,-5.477,1.948,-1.548,10.431,49.998455581621116,R261P
0.0,0.0,0.0,0.0,0.0,0.0,0.0,0.0,0.0,0.0,0.0,0.0,0.0,0.0,0.0,0.0,0.0,0.0,A263A
2.611,-1.584,4.851,-0.022,0.211,-0.441,2.321,0.0,0.0,0.0,0.0,0.0,0.0,-0.334,0.828,-3.807,1.439,6.072993537502725,L265D
3.109,-1.57,-0.233,-0.023,-0.036,0.012,0.395,0.0,0.0,0.0,0.0,0.0,0.0,-2.258,0.415,1.594,1.733,3.139227205537736,L265C
2.197,-1.511,2.974,-0.02,0.216,0.178,0.074,0.0,0.0,0.0,-0.394,0.0,0.0,0.664,0.418,-4.386,0.449,0.860920255879364,L265E
-4.426,47.86,2.384,0.012,0.125,-0.107,-0.358,0.0,0.0,0.0,0.0,0.0,0.0,1.106,0.142,0.333,0.104,47.17283801453959,A263M
-2.98,14.938,7.491,0.002,0.349,-0.265,2.71,0.0,0.0,0.0,0.0,0.0,0.0,5.312,-0.078,-3.47,0.049,24.055724298754058,A263D
2.616,-1.474,1.774,-0.014,0.156,-0.134,-0.706,0.0,0.0,0.0,0.0,0.0,0.0,-0.84,0.333,-1.756,0.464,0.4188320393336653,L265R
10.101,-4.442,-9.837,-0.04,-1.232,-1.02,5.446,0.0,0.0,0.0,0.0,2.651,-0.004,-5.564,0.615,0.893,0.866,-1.567686912063209,R261G
-6.58,49.66358160469838,5.874,0.005,0.398,-0.059,-1.682,0.0,0.0,0.0,0.0,0.0,0.0,4.304,-0.043,-1.625,0.04,49.67191639314207,A263H
2.322,-1.543,2.0,-0.019,0.128,-0.314,-0.243,0.0,0.0,0.0,0.0,0.0,0.0,0.373,0.407,-3.112,0.039,0.0378997183997853,L265Q
-7.086,49.99999721145287,1.756,0.021,0.224,-0.286,-0.245,0.0,0.0,0.0,0.0,0.0,0.0,2.229,0.166,-0.106,0.256,49.99999684659049,A263F
2.535,-0.717,1.568,0.007,-0.015,-0.218,-0.463,-0.151,0.0,0.0,0.0,0.0,-0.011,-0.015,0.809,2.795,0.03,6.153454951471304,P266T
0.73,17.06,-0.812,-0.035,-1.864,-0.972,6.223,0.0,0.0,0.0,0.0,2.355,0.0,-0.793,-0.067,-2.629,-0.059,19.133732306686625,R261E
-3.291,39.20833114904675,4.691,0.006,0.824,-0.23,0.324,0.0,0.0,0.0,0.0,0.0,0.0,3.414,-0.049,-4.049,-0.023,39.81487150639937,A263E
-3.48,49.99999999999849,1.177,0.012,0.932,-0.036,-0.153,0.0,0.0,0.0,0.0,0.0,0.0,1.939,0.042,-1.079,0.651,49.99999999999849,L265Y
3.408,27.579,-10.523,0.016,-0.99,-0.852,5.516,0.0,0.0,0.0,0.0,2.651,0.0,-2.49,-0.166,1.757,0.105,26.00879605774162,R261L
-1.168,25.95,-6.128,-0.005,-1.491,-0.965,3.095,0.0,0.0,0.0,0.0,2.651,-0.008,-3.014,-0.292,2.399,0.253,21.277031330287173,R261I
-5.135,38.746252322031225,5.117,0.021,0.731,0.022,-0.296,0.0,0.0,0.0,0.0,0.0,0.0,3.154,-0.015,-1.419,0.027,39.59732722111423,A263R
-7.415,48.609521648940415,-6.046,-0.022,-1.827,-0.58,5.257,0.0,0.0,0.0,0.0,3.11,0.0,0.476,-0.093,1.313,0.127,48.25942564677025,R261F
-1.469,1.562,5.8,0.001,0.055,0.217,-1.348,0.0,0.0,0.0,-0.681,0.0,0.0,0.138,-0.235,-1.614,-0.169,2.254070994566064,A263S
2.601,-0.39,1.386,-0.001,0.0,-0.197,-0.011,0.0,0.0,0.0,0.0,0.0,0.047,0.0,0.494,-0.526,0.495,3.895074890817568,A263G
0.659,2.81,-3.325,-0.006,-0.501,0.184,-0.077,0.0,0.0,0.0,0.0,0.52,0.0,-1.695,0.109,1.752,0.345,0.7743482519140343,R261M
-5.062,35.561,5.57,0.008,0.391,-0.523,-0.316,0.0,0.0,0.0,0.0,0.0,0.0,4.676,0.009,-2.039,0.056,38.33045841610806,A263K
0.04,0.005,-0.022,0.0,-0.006,-0.01,-0.44,0.0,0.0,0.0,0.0,0.52,0.0,-0.25,0.0,0.0,0.0,-0.1618686327631167,R261R
1.101,4.658,-0.5,0.005,0.092,-0.296,0.239,0.0,0.0,0.0,0.0,0.0,0.075,-1.514,0.191,0.643,0.947,5.640222596155127,L265I
-3.468,38.3590543927737,3.729,0.007,0.701,-0.332,-0.369,0.0,0.0,0.0,0.0,0.0,0.0,2.597,-0.051,-2.775,-0.016,38.367491521398854,A263Q
4.962,-0.544,-7.174,-0.016,-0.459,-1.626,5.092,0.0,0.0,0.0,0.0,2.651,0.0,-1.225,0.649,-1.245,0.55,1.612978047488241,R261N
2.056,8.254,-6.285,-0.012,-0.722,0.138,-0.069,0.0,0.0,0.0,0.0,0.52,-0.008,-4.729,-0.167,2.738,0.153,1.8664562057515468,R261V
7.461,-1.845,-1.36,-0.024,-0.047,0.243,0.494,0.0,0.0,0.0,0.0,0.0,0.171,-2.376,0.94,-0.863,1.703,4.495870756419208,L265G
2.605,-2.919,6.39,-0.012,0.196,0.086,0.0,0.0,0.0,0.0,0.0,0.0,0.0,1.92,-0.586,-3.001,-0.36,4.318931786720668,L264N
-5.898,49.97211729514218,2.967,0.001,0.039,0.234,0.622,20.237,0.177,0.0,0.0,0.0,-0.116,2.066,0.036,-2.968,11.222,49.991122723264745,A263P
1.77,-0.207,1.709,0.016,0.282,-0.115,0.075,-0.151,0.0,0.0,-0.394,0.0,-0.011,4.22,0.744,0.929,-0.216,8.648764317527139,P266K
1.976,6.613,-6.473,0.015,-0.479,-1.284,5.661,0.0,0.0,0.0,0.0,2.131,0.0,-2.046,0.058,-0.206,0.173,6.140489536328914,R261H
0.0,0.0,0.0,0.0,0.0,0.0,0.0,0.0,0.0,0.0,0.0,0.0,0.0,0.0,0.0,0.0,0.0,0.0,G267G
-3.698,14.955,5.146,0.003,0.343,-0.53,0.77,0.0,0.0,0.0,0.0,0.0,0.0,4.368,0.094,-2.665,0.168,18.95345956432084,A263N
-3.624,38.222592464641835,5.279,0.004,0.059,0.309,-1.078,0.0,0.0,0.0,-0.26,0.0,0.0,0.365,-0.001,-0.173,0.067,38.610478689793325,A263T
-5.807,47.721757680558454,-0.966,0.027,0.081,0.008,-0.303,0.0,0.0,0.0,0.0,0.0,0.067,1.992,0.583,1.318,0.416,47.479723146119376,A263V
1.952,-1.538,1.112,-0.018,0.011,0.13,0.105,0.0,0.0,0.0,0.0,0.0,0.0,-0.582,0.359,-0.004,0.588,2.114631040491304,L265M
5.638,-1.487,-1.939,-0.023,-0.047,0.094,0.538,0.0,0.0,0.0,0.0,0.0,0.0,-2.376,0.512,-0.336,0.849,1.4223964583923134,L265A
-1.789,34.283,0.711,-0.002,0.171,0.105,0.479,0.0,0.0,0.0,0.0,0.0,0.0,0.067,0.025,-0.443,0.452,34.05781721649737,L265F
-1.498,5.387,1.366,0.009,0.818,-0.21,-0.699,0.0,0.0,0.0,0.0,0.0,0.073,2.488,3.22,-3.522,3.008,10.438576368872418,G267E
5.107,-1.589,1.205,-0.023,-0.023,-0.17,0.304,0.0,0.0,0.0,0.0,0.0,0.0,-1.792,0.474,-1.951,0.669,2.2100679192221837,L265S
4.041,-3.244,2.883,-0.016,-0.086,0.104,-0.493,0.0,0.0,0.0,0.0,0.0,0.0,-0.351,0.532,1.594,0.453,5.414481324187591,L264C
3.724,8.73,-2.234,-0.014,-0.697,-0.058,-1.413,0.0,0.0,0.0,0.0,0.52,0.0,-3.995,0.088,1.247,0.295,6.192116735649279,R261T
-0.6,-0.862,3.633,-0.014,0.271,-0.353,0.156,0.0,0.0,0.0,0.0,0.0,0.0,0.771,0.32,-1.962,1.741,3.101612871791985,L265H
-0.959,1.365,1.304,0.007,0.903,-0.198,-0.431,0.0,0.0,0.0,0.0,0.0,0.073,2.63,2.422,-2.944,2.385,6.555648281431331,G267D
1.51,48.05632205067294,0.035,0.054,0.163,0.038,0.034,-0.151,0.0,0.0,-0.394,0.0,-0.011,3.445,0.764,3.305,-0.042,48.62232123724989,P266L
-7.335,49.999998922546126,2.399,0.021,0.24,-0.526,-0.221,0.0,0.0,0.0,0.0,0.0,0.0,2.376,0.178,-0.742,0.246,49.99999876722983,A263Y
4.016,49.26811768597621,2.941,0.02,0.119,-0.032,0.822,8.143,0.878,0.0,0.0,0.0,0.015,0.761,-0.95,-3.304,5.544,49.656002700017524,L264P
9.086,-3.739,2.226,0.022,0.455,-0.163,-0.145,0.0,0.0,0.0,0.0,-1.286,0.0,-1.165,-0.158,-0.336,-0.158,4.637210191103122,L264A
-0.572,5.189,-0.005,0.002,0.0,-0.056,-0.773,0.0,0.0,0.0,0.0,0.0,0.073,0.0,3.098,0.527,2.892,10.372710374918142,G267A
1.499,0.628,-0.6,0.0,-0.013,-0.617,0.338,0.0,0.0,0.0,0.0,0.52,0.0,-0.294,0.096,-0.619,-0.011,0.9264551641028902,R261K
2.295,49.99893023952603,-1.156,-0.02,0.086,0.249,1.091,11.303,1.199,0.0,0.0,0.0,0.132,-2.323,2.553,-3.304,7.441,49.99951049378346,L265P
6.004,-2.102,-0.485,-0.003,-0.07,-0.223,0.183,-0.151,0.0,0.0,0.0,0.0,-0.054,-0.042,1.787,2.442,0.843,8.127558757118095,P266G
4.662,-2.049,-1.224,-0.001,-0.07,-0.25,0.438,-0.151,0.0,0.0,0.0,0.0,-0.011,-0.042,0.845,2.968,-0.193,4.920091666500639,P266A
2.18,1.055,1.073,0.008,0.158,-0.708,0.64,-0.151,0.0,0.0,0.0,0.0,-0.011,2.609,0.861,0.193,-0.121,7.782264944508142,P266Q
-1.202,5.736,0.492,0.003,0.015,-0.026,-0.864,0.0,0.0,0.0,0.0,0.0,0.073,0.04,2.797,2.457,5.177,14.696582826253008,G267C
3.396,-1.374,-0.385,0.001,-0.033,-0.23,0.284,-0.151,0.0,0.0,0.0,0.0,-0.011,0.448,0.917,4.898,-0.166,7.59178291009971,P266C
0.0,0.0,0.0,0.0,0.0,0.0,0.0,0.0,0.0,0.0,0.0,0.0,0.0,0.0,0.0,0.0,0.0,0.0,L265L
0.881,-0.883,-0.14,0.024,0.068,-0.159,0.44,-0.151,0.0,0.0,0.0,0.0,-0.011,2.897,0.805,2.226,-0.16,5.833842381712657,P266Y
1.203,-2.257,8.801,-0.007,0.697,-0.027,-0.05,0.0,0.0,0.0,0.0,0.0,0.0,2.779,0.226,-4.386,0.222,7.19970128928253,L264E
-2.167,10.577,-3.75,0.062,-0.135,0.331,0.174,3.876,0.0,0.0,0.0,0.0,0.0,0.894,-0.093,2.356,0.133,12.25781114987467,R261W
2.216,-1.448,2.863,-0.019,0.192,-0.662,0.891,0.0,0.0,0.0,0.0,0.0,0.0,-0.665,0.681,-3.001,1.083,2.1299933985285406,L265N
1.324,-0.898,1.289,0.004,0.367,-0.506,0.367,-0.151,0.0,0.0,0.0,0.0,-0.011,3.46,0.713,1.343,0.01,7.30930399109252,P266H
-1.638,-0.459,2.922,0.004,0.222,-0.197,0.34,0.0,0.0,0.0,0.0,0.0,0.0,0.562,0.018,0.6,2.67,5.042123760884124,L265W
-0.541,-0.063,0.777,0.015,0.609,0.256,-0.812,0.0,0.0,0.0,0.0,-2.131,0.0,1.905,0.0,0.0,0.0,0.0150912891922416,L264L
0.691,43.300296411971985,-0.196,0.031,0.046,0.227,0.037,-0.151,0.0,0.0,-0.394,0.0,-0.03,1.872,1.015,3.947,0.051,44.88028007154808,P266I
2.418,-1.452,1.776,-0.017,0.075,-0.132,-0.546,0.0,0.0,0.0,0.0,0.0,0.0,-1.44,0.425,-2.376,0.204,-1.065576219622244,L265K
-2.937,48.55968434118915,-2.646,0.024,-0.37,-0.165,-0.995,0.0,0.0,0.0,0.0,0.52,0.0,0.365,-0.037,0.677,0.124,48.21573517982359,R261Y
-2.14,15.903,6.524,-0.01,0.268,-0.901,0.052,0.0,0.0,0.0,0.0,0.0,0.0,3.25,-0.177,-1.962,0.195,21.001057017609128,L264H
1.912,4.731,-1.505,-0.004,0.009,-0.192,0.055,0.0,0.0,0.0,0.0,0.0,0.075,-1.702,0.189,0.982,0.79,5.338519202583939,L265V
2.97,-1.365,3.16,0.001,0.471,-0.394,-1.481,-0.151,0.0,0.0,0.0,0.0,-0.011,3.48,0.511,-0.502,-0.08,6.607475592071296,P266D
3.228,-1.172,0.704,-0.019,0.05,-0.319,0.085,0.0,0.0,0.0,0.0,0.0,0.0,-2.04,0.374,-0.509,0.456,0.8388161366931399,L265T
-2.393,8.194,1.663,-0.011,0.078,-0.3,-0.228,0.0,0.0,0.0,0.0,0.0,0.0,3.566,0.067,-0.004,0.659,11.289454079058489,L264M
0.712,-0.417,-0.163,0.024,0.026,-0.159,0.597,-0.151,0.0,0.0,0.0,0.0,-0.011,3.107,0.959,2.862,-0.125,7.259693923010218,P266F
2.378,-1.364,1.894,0.004,0.406,-0.545,-0.145,-0.151,0.0,0.0,0.0,0.0,-0.011,2.447,0.773,0.303,0.115,6.101530226898831,P266N
-7.436,41.148,10.048,-0.002,0.256,0.6,-0.688,0.0,0.0,0.0,-0.044,0.0,0.0,5.413,0.159,-1.756,0.237,47.93164016202968,L264R
0.859,4.089,-1.782,0.015,-0.026,-0.154,0.267,-0.151,0.0,0.0,0.0,0.0,-0.03,0.426,0.873,4.286,-0.054,8.61704353372852,P266V
0.0,0.0,0.0,0.0,0.0,0.0,0.0,0.0,0.0,0.0,0.0,0.0,0.0,0.0,0.0,0.0,0.0,0.0,P266P
1.045,-0.893,0.69,0.022,0.21,-0.362,0.541,-0.151,0.0,0.0,0.0,0.0,-0.011,3.254,0.811,3.905,-0.126,8.931989231846273,P266W
8.827,-3.385,4.148,-0.005,0.507,0.106,-0.616,0.0,0.0,0.0,0.0,-2.131,0.022,1.447,0.191,-0.863,0.774,9.018585703114468,L264G
-1.645,4.361,1.029,0.015,0.39,-0.037,-0.477,0.0,0.0,0.0,0.0,0.0,0.073,1.192,2.547,-1.512,2.526,8.459910336035364,G267K
4.34,-2.012,0.788,0.0,-0.011,-0.243,-0.064,-0.151,0.0,0.0,0.0,0.0,-0.011,0.26,0.925,1.354,0.038,5.210776805066189,P266S
-0.13,-1.279,6.394,0.006,0.576,-0.017,-0.438,0.0,0.0,0.0,0.0,0.0,0.0,3.669,0.138,-3.112,0.216,6.021356768782198,L264Q
1.851,-1.01,1.264,0.021,0.542,-0.658,0.646,-0.151,0.0,0.0,0.0,0.0,-0.011,3.646,0.85,1.549,-0.119,8.417762046915868,P266R
-3.51,49.96571929706632,-0.575,0.003,0.1,-0.107,0.527,49.82124497106038,0.0,1.072,0.0,0.0,0.095,-0.058,7.676,-2.441,11.777,49.99996569539008,G267P
1.982,-0.64,0.569,0.049,0.34,-0.325,1.213,-0.151,0.0,0.0,0.0,0.0,-0.011,3.467,1.11,3.301,0.063,10.965524822871885,P266M
4.024,-3.261,8.246,-0.013,0.23,-0.13,0.276,0.0,0.0,0.0,0.0,0.0,0.0,2.46,-0.547,-3.807,-0.282,7.195351257123093,L264D
-1.469,4.657,0.696,0.027,0.334,-0.129,-0.615,0.0,0.0,0.0,0.0,0.0,0.073,1.998,3.149,0.86,3.685,13.262725681831624,G267M
1.752,21.815,1.434,0.101,0.578,0.324,-0.664,0.0,0.0,0.0,0.0,-2.131,0.045,1.369,1.439,0.982,1.067,28.108754819326805,L264V
-2.245,4.495,1.24,0.005,0.472,-0.26,-0.777,0.0,0.0,0.0,0.0,0.0,0.073,1.181,2.496,-1.098,2.376,7.95562098296773,G267H
-0.088,25.439,0.343,0.124,0.025,-0.11,0.132,0.0,0.0,0.0,0.0,0.0,0.045,0.098,1.548,0.643,1.484,29.67973139828223,L264I
-2.759,5.204,0.817,0.023,0.314,0.206,-1.302,0.0,0.0,0.0,-0.394,0.0,0.073,2.06,2.483,0.421,2.44,9.583303754941426,G267F
-0.965,0.807,1.712,0.004,0.075,0.047,-0.675,0.0,0.0,0.0,-0.403,0.0,0.073,0.439,2.418,-1.087,2.415,4.858039559362396,G267S
-1.91,6.697,0.591,0.077,0.131,-0.01,-0.581,0.0,0.0,0.0,0.0,0.0,0.096,0.533,5.021,1.506,10.854,23.004056072786625,G267I
-1.645,4.806,1.561,0.03,0.613,0.356,-1.048,0.0,0.0,0.0,-0.394,0.0,0.073,3.002,2.514,-0.893,2.227,11.200908539537297,G267R
-1.761,6.958,0.618,0.018,0.103,-0.068,-0.782,0.0,0.0,0.0,0.0,0.0,0.073,0.081,3.203,0.864,3.297,12.603266532964426,G267L
-1.051,1.211,0.977,0.009,0.773,-0.176,-0.395,0.0,0.0,0.0,0.0,0.0,0.073,2.752,2.146,-2.138,1.947,6.124698081632005,G267N
-1.58,5.729,1.177,0.01,0.711,-0.22,-0.473,0.0,0.0,0.0,0.0,0.0,0.073,1.857,3.05,-2.249,3.062,11.14495532454589,G267Q
-4.93,47.492673046422354,-0.161,0.036,0.139,-0.166,0.036,0.0,0.0,0.0,0.0,0.0,0.0,4.109,0.088,-0.443,0.035,47.36678113863472,L264F
-3.766,16.053,13.871,0.008,1.205,1.276,-2.983,0.0,0.0,0.0,0.0,-2.131,0.0,5.358,0.258,-2.376,0.237,27.00908656916431,L264K
8.079,-3.707,6.509,0.022,0.488,-0.389,-0.809,0.0,0.0,0.0,0.0,-1.286,0.0,-0.736,0.226,-1.951,0.446,6.892292810315666,L264S
-3.975,5.056,1.291,0.021,0.406,-0.133,-1.109,0.0,0.0,0.0,-0.394,0.0,0.073,2.78,2.345,1.463,3.948,11.770882273464622,G267W
-1.136,5.456,0.915,0.051,0.074,-0.246,-0.668,0.0,0.0,0.0,0.0,0.0,0.073,1.932,2.706,0.354,2.789,12.29749330202094,G267T
-2.67,5.396,0.802,0.022,0.31,0.201,-0.958,0.0,0.0,0.0,-0.394,0.0,0.073,2.006,2.54,-0.216,2.724,9.834102997683884,G267Y
-1.6,7.935,0.228,0.06,0.059,0.116,-0.524,0.0,0.0,0.0,0.0,0.0,0.096,0.387,5.29,1.845,10.825,24.715255638355305,G267V
-10.576,49.99414142220241,0.242,0.018,0.185,-0.074,-0.382,0.0,0.0,0.0,0.0,0.0,0.0,4.802,0.007,0.6,0.301,49.9928785838992,L264W
0.0,0.0,0.0,0.0,0.0,0.0,0.0,0.0,0.0,0.0,0.0,0.0,0.0,0.0,0.0,0.0,0.0,0.0,A268A
-6.524,48.60485204610327,3.188,0.027,0.14,0.028,-1.149,0.0,0.0,0.0,-0.516,0.0,0.0,3.976,0.286,-1.079,0.191,48.52368604255632,L264Y
-4.574,1.645,2.466,0.01,0.076,0.291,-0.522,0.0,0.0,0.0,0.0,0.0,0.0,1.876,0.226,0.333,0.215,2.040552684307613,A268M
-3.269,0.253,-1.582,0.001,-0.297,0.097,2.542,0.0,0.0,0.0,0.0,0.0,0.0,0.133,0.294,4.382,0.094,2.6492182863948983,E269M
-7.598,11.109,6.574,0.005,0.292,0.219,-1.072,0.0,0.0,0.0,0.0,0.0,0.0,2.753,-0.046,-1.625,0.315,10.92491088279462,A268H
3.885,-1.851,4.957,-0.013,0.01,0.288,-1.779,0.0,0.0,0.0,0.0,0.0,0.0,-0.366,0.589,-0.509,1.258,6.466899931369198,L264T
-4.303,2.152,4.662,0.009,0.423,0.357,-0.778,0.0,0.0,0.0,0.0,0.0,0.0,2.997,0.153,-2.775,0.355,3.250693334349762,A268Q
2.287,-0.271,-2.776,0.0,-0.197,0.105,1.749,0.0,0.0,0.0,0.0,0.0,0.0,-1.042,0.01,2.01,0.023,1.897892817697084,E269K
0.5,-0.057,-2.759,-0.005,-0.291,0.064,1.166,0.0,0.0,0.0,0.0,0.0,0.0,-2.132,0.024,5.98,-0.034,2.4551006880942623,E269C
-3.699,0.295,5.563,0.004,0.331,-0.136,0.485,0.0,0.0,0.0,0.0,0.0,0.0,2.844,0.259,-2.665,0.55,3.830311394728369,A268N
-2.936,0.727,1.52,0.0,0.025,0.187,-0.698,0.0,0.0,0.0,0.0,0.0,0.0,1.038,0.241,1.93,0.218,2.2520305746459144,A268C
-8.979,44.68327569491659,4.53,0.02,0.19,0.554,0.122,0.0,0.0,0.0,0.0,0.0,0.0,3.218,-0.032,0.937,0.218,44.837368145824,A268W
-5.747,6.87,-0.196,0.022,0.068,0.333,-0.169,0.0,0.0,0.0,0.0,0.0,0.092,1.028,0.092,1.318,0.381,4.089040573707052,A268V
-6.762,49.98467612278126,0.794,0.016,0.069,0.289,0.703,0.0,0.0,0.0,0.0,0.0,0.0,1.778,-0.03,0.337,0.261,49.98303374012218,A268L
1.705,-0.269,-3.3,0.014,-0.109,0.076,1.849,0.0,0.0,0.0,0.0,0.0,0.0,0.162,0.127,3.943,-0.001,4.195891479358579,E269F
1.379,1.209,-3.456,-0.004,-0.207,0.145,1.787,1.112,0.0,0.0,0.0,0.0,-0.008,-1.625,-0.444,1.082,0.506,1.4752976984859745,E269P
0.457,-0.24,-3.381,0.011,-0.085,-0.009,1.713,0.0,0.0,0.0,0.0,0.0,0.0,-0.899,-0.015,4.986,-0.007,2.5314386951420147,E269W
1.513,-0.14,-3.234,0.015,-0.101,0.046,1.672,0.0,0.0,0.0,0.0,0.0,0.0,0.429,0.048,3.307,-0.016,3.53848878658755,E269Y
-3.495,1.662,5.231,0.007,0.543,0.164,-0.116,0.0,0.0,0.0,0.0,0.0,0.0,4.292,0.003,-4.049,0.249,4.489009075563445,A268E
0.335,0.483,2.42,-0.003,0.216,0.724,-2.811,0.0,0.0,0.0,-0.568,0.0,0.0,0.176,-0.134,0.579,0.14,1.5572244622030669,E269D
-6.443,49.998396691299604,2.716,0.002,0.126,0.164,1.35,17.732,1.15,0.0,0.0,0.0,0.033,1.138,-0.732,-2.968,11.37,49.999425013987384,A268P
7.831,-0.626,-1.009,-0.016,-0.075,0.501,-0.015,0.0,0.0,0.0,0.0,0.0,0.0,-0.169,-0.04,-0.336,-0.245,5.8012558682635245,L270A
2.759,-0.271,-3.677,-0.006,-0.324,0.111,1.699,0.0,0.0,0.0,0.0,0.0,0.0,-2.39,0.171,4.05,0.079,2.2000440874596734,E269A
-1.08,0.202,-2.564,0.009,-0.246,0.005,1.837,0.0,0.0,0.0,0.0,0.0,0.0,-1.999,-0.138,4.386,-0.009,0.4030975152718383,E269L
3.719,-0.277,-3.41,-0.007,-0.324,0.152,1.527,0.0,0.0,0.0,0.0,0.0,-0.034,-2.39,1.067,3.523,0.971,4.515392885862866,E269G
-0.156,-0.042,-0.983,0.0,-0.128,-0.224,1.657,0.0,0.0,0.0,0.0,0.0,0.0,0.16,0.113,1.274,0.112,1.7844242958231007,E269Q
-6.317,5.727,1.183,0.03,0.09,0.34,-0.141,0.0,0.0,0.0,0.0,0.0,0.092,1.897,0.141,0.979,0.428,4.446337755152626,A268I
0.836,0.202,-2.952,0.001,-0.269,-0.023,1.637,0.0,0.0,0.0,0.0,0.0,0.0,-2.352,0.044,3.877,0.151,1.150954279942198,E269T
-9.076,49.99608487869753,1.208,0.024,0.173,-0.034,-0.539,0.0,0.0,0.0,0.0,0.0,0.0,4.294,0.139,-0.106,0.267,49.99546930702486,A268F
0.0,0.0,0.0,0.0,0.0,0.0,0.0,0.0,0.0,0.0,0.0,0.0,0.0,0.0,0.0,0.0,0.0,0.0,E269E
-2.842,1.927,7.048,-0.001,0.386,0.089,1.211,0.0,0.0,0.0,0.0,0.0,0.0,3.28,0.084,-3.47,0.298,8.009409548559006,A268D
2.273,-0.271,-2.76,0.003,-0.116,0.104,2.012,0.0,0.0,0.0,0.0,0.0,0.0,-0.569,-0.008,2.63,0.029,3.3265493255489678,E269R
-0.219,-0.177,0.61,0.004,0.109,-0.051,0.686,0.0,0.0,0.0,-0.764,0.0,0.0,0.155,0.06,1.385,0.296,2.092044886267786,E269N
0.329,0.642,-3.175,0.019,-0.251,0.04,1.784,0.0,0.0,0.0,0.0,0.0,-0.03,-2.066,-0.175,5.029,-0.018,2.126412816659468,E269I
1.769,-0.262,-2.515,-0.004,0.04,0.01,1.846,0.0,0.0,0.0,0.0,0.0,0.0,0.062,-0.029,2.424,0.126,3.468752026977881,E269H
-3.114,1.541,3.998,0.005,0.048,0.225,-1.391,0.0,0.0,0.0,0.0,0.0,0.0,0.667,0.203,-0.173,0.56,2.5681519366876278,A268T
-0.681,0.053,3.68,0.0,0.052,-0.046,-0.448,0.0,0.0,0.0,0.0,0.0,0.0,0.409,0.061,-1.614,0.309,1.7759188967243065,A268S
2.325,-0.055,0.665,-0.002,0.0,-0.136,-0.145,0.0,0.0,0.0,0.0,0.0,0.121,0.0,0.832,-0.526,0.949,4.026481591411766,A268G
2.321,-0.271,-1.436,-0.005,-0.265,-0.043,0.676,0.0,0.0,0.0,0.0,0.0,0.0,-2.095,0.208,2.435,0.28,1.8032767372169476,E269S
-3.874,1.058,3.661,0.01,0.158,0.19,-0.051,0.0,0.0,0.0,0.0,0.0,0.0,2.98,0.05,-2.039,0.313,2.4543824498200597,A268K
-3.717,1.042,3.84,0.013,0.236,0.209,-0.555,0.0,0.0,0.0,0.0,0.0,0.0,3.674,0.001,-1.419,0.27,3.5943139988432904,A268R
0.386,0.528,-3.543,0.01,-0.278,0.037,1.738,0.0,0.0,0.0,0.0,0.0,-0.03,-2.335,-0.204,5.368,-0.05,1.6254013987427245,E269V
-9.972,49.99916098183775,2.706,0.024,0.197,0.431,-0.178,0.0,0.0,0.0,-0.394,0.0,0.0,4.636,0.134,-0.742,0.289,49.999058974080526,A268Y
-0.436,17.861,0.628,0.013,0.001,0.351,0.041,0.0,0.0,0.0,0.0,0.0,-0.135,0.284,0.246,0.643,0.136,19.634090138482406,L270I
10.004,-0.841,-0.657,-0.017,-0.075,0.628,0.1,0.0,0.0,0.0,0.0,0.0,-0.03,-0.169,0.762,-0.863,0.63,9.472212648025106,L270G
-0.672,4.637,9.525,-0.009,0.047,0.196,-2.873,0.0,0.0,0.0,0.0,0.0,0.0,1.068,0.227,-2.376,-0.172,9.597390936422016,L270K
1.143,-0.162,8.453,-0.003,0.795,-0.114,-0.922,0.0,0.0,0.0,0.0,0.0,0.0,4.111,-0.036,-4.386,-0.274,8.606904327503116,L270E
4.445,-0.6,0.729,-0.015,-0.063,0.269,-0.03,0.0,0.0,0.0,0.0,0.0,0.0,-0.028,0.564,1.594,0.378,7.243707789135215,L270C
-1.235,2.98,6.982,-0.011,0.242,-0.398,-1.254,0.0,0.0,0.0,0.0,0.0,0.0,3.335,0.445,-1.962,0.075,9.199109891018225,L270H
0.578,0.287,7.064,-0.011,0.127,-0.105,-0.064,0.0,0.0,0.0,-0.82,0.0,0.0,2.563,0.058,-3.112,0.003,6.567997264204678,L270Q
4.318,-0.631,6.867,-0.012,0.231,-0.162,1.09,0.0,0.0,0.0,0.0,0.0,0.0,1.48,0.379,-3.807,-0.017,9.73643060296672,L270D
4.367,0.059,3.005,-0.013,-0.028,0.139,-1.043,0.0,0.0,0.0,0.0,0.0,0.0,1.126,0.49,-0.509,0.225,7.820130335985141,L270T
-5.333,28.712,4.786,0.009,0.135,0.254,-1.636,0.0,0.0,0.0,0.0,0.0,0.0,2.483,0.556,-1.079,0.051,28.938008300147203,L270Y
-7.467,39.42776519467731,5.549,0.011,0.204,0.638,-0.213,0.0,0.0,0.0,0.0,0.0,0.0,2.471,0.45,0.6,-0.03,40.23593787592527,L270W
0.0,0.0,0.0,0.0,0.0,0.0,0.0,0.0,0.0,0.0,0.0,0.0,0.0,0.0,0.0,0.0,0.0,0.0,L270L
-3.772,20.057,1.356,0.01,0.117,0.096,-0.187,0.0,0.0,0.0,0.0,0.0,0.0,2.342,0.513,-0.443,0.102,20.19190958216359,L270F
2.264,48.39179695222549,1.324,-0.014,-0.029,0.542,-0.305,20.436,0.0,1.603,0.0,0.0,0.02,1.021,1.64,-3.304,0.496,49.418558175917504,L270P
-0.952,8.657,2.835,-0.012,-0.027,0.306,0.109,0.0,0.0,0.0,0.0,0.0,0.0,1.896,0.208,-0.004,0.162,13.17817671503235,L270M
2.974,-0.682,5.292,-0.01,0.182,-0.196,-0.535,0.0,0.0,0.0,0.0,0.0,0.0,0.87,0.566,-3.001,0.339,5.799266207946857,L270N
1.915,15.926,-0.519,0.0,-0.044,0.188,0.484,0.0,0.0,0.0,0.8,0.0,-0.135,2.234,0.323,0.982,0.063,22.214810852352,L270V
-2.536,2.078,10.701,-0.006,0.126,-0.654,-3.361,0.0,0.0,0.0,0.0,0.0,0.0,1.635,0.118,-1.756,-0.146,6.1987061903003,L270R
7.194,-0.65,2.508,-0.016,-0.051,0.16,-0.127,0.0,0.0,0.0,0.0,0.0,0.0,0.475,0.511,-1.951,0.064,8.118595568693536,L270S
4.518,-0.173,-3.078,-0.006,0.635,-0.296,5.245,0.0,0.0,0.0,0.7,0.0,0.0,1.581,0.244,-2.051,0.102,7.420025502223098,R271D
2.621,-0.083,-5.586,-0.009,-0.195,-0.133,3.74,0.0,0.0,0.0,0.7,0.0,0.0,-1.613,0.419,3.35,0.485,3.696713152599159,R271C
7.406,-0.37,-7.39,-0.011,-0.208,-0.163,3.689,0.0,0.0,0.0,0.7,0.0,0.011,-1.728,0.719,0.893,0.831,4.381167590714085,R271G
3.955,7.974,-7.942,-0.008,-0.203,-0.065,3.841,4.036,0.0,0.0,0.7,0.0,0.011,0.154,2.096,-1.548,3.234,16.233657965670318,R271P
1.914,1.535,-6.197,0.019,0.212,-0.073,3.654,0.0,0.0,0.0,0.7,0.0,0.0,2.052,0.247,1.313,0.193,5.569601338670736,R271F
6.021,-0.282,-7.345,-0.009,-0.208,-0.268,3.852,0.0,0.0,0.0,0.7,0.0,0.0,-1.728,-0.031,1.42,0.027,2.150211911556653,R271A
2.297,8.491,-6.345,0.01,0.037,-0.033,3.586,0.0,0.0,0.0,0.7,0.0,0.0,-0.344,-0.172,1.757,0.087,10.071300225728235,R271L
3.974,-0.047,-3.91,-0.004,0.56,-0.291,3.616,0.0,0.0,0.0,0.7,0.0,0.0,1.149,0.475,-1.245,0.456,5.433178366956099,R271N
6.163,-0.486,-6.498,-0.004,0.152,-0.08,5.483,0.0,0.0,0.0,0.7,0.0,0.0,2.317,-0.184,-2.629,-0.095,4.8388795801784,R271E
1.018,0.278,-3.391,-0.006,-0.149,-0.248,3.338,0.0,0.0,0.0,0.7,0.0,0.0,0.537,0.096,1.752,0.264,4.189680937764479,R271M
5.774,-0.261,-5.384,-0.009,-0.123,-0.446,3.2,0.0,0.0,0.0,0.7,0.0,0.0,-0.374,0.399,-0.195,0.25,3.5326068172453238,R271S
0.0,0.0,0.0,0.0,0.0,0.0,0.0,0.0,0.0,0.0,0.0,0.0,0.0,0.0,0.0,0.0,0.0,0.0,R271R
1.546,0.336,-1.769,0.0,0.012,-0.438,0.903,0.0,0.0,0.0,0.7,0.0,0.0,0.981,0.075,-0.619,-0.027,1.7002345884009171,R271K
2.373,-0.277,-4.447,0.157,0.524,-0.495,3.23,0.0,0.0,0.0,0.7,0.0,0.0,1.909,0.202,-0.206,0.156,3.8269869047346674,R271H
1.185,0.204,-4.831,0.022,-0.129,0.028,3.585,0.0,0.0,0.0,0.7,0.0,-0.123,-1.362,-0.056,2.399,0.231,1.8524486018475272,R271I
-1.465,0.447,-0.276,0.001,0.0,0.046,0.081,0.0,0.0,0.0,0.0,0.0,-0.003,0.0,-0.753,0.527,-0.822,-2.2177558250543825,G272A
2.539,-0.131,-6.683,0.013,-0.151,-0.064,3.673,0.0,0.0,0.0,0.7,0.0,-0.123,-1.595,0.007,2.738,0.161,1.08241249726143,R271V
1.441,0.166,-1.729,-0.005,0.009,-0.169,1.761,0.0,0.0,0.0,-0.191,0.0,0.0,1.561,-0.06,-1.356,0.1,1.528777616692878,R271Q
1.261,2.185,-5.299,0.015,0.376,-0.402,3.307,0.0,0.0,0.0,0.7,0.0,0.0,0.55,0.225,2.356,0.118,5.391633246506217,R271W
2.013,-0.007,-6.04,0.04,0.231,-0.135,3.658,0.0,0.0,0.0,0.7,0.0,0.0,3.012,0.288,0.677,0.171,4.608662550828967,R271Y
-3.082,1.622,1.408,0.002,0.013,0.161,-0.54,0.0,0.0,0.0,0.0,0.0,-0.003,0.458,-0.3,2.457,-0.299,1.8956501086756816,G272C
5.119,-0.435,-7.159,-0.006,-0.191,-0.188,3.558,0.0,0.0,0.0,0.7,0.0,0.0,0.125,0.2,1.247,0.322,3.290888964317673,R271T
0.0,0.0,0.0,0.0,0.0,0.0,0.0,0.0,0.0,0.0,0.0,0.0,0.0,0.0,0.0,0.0,0.0,0.0,G272G
-1.936,0.528,1.892,0.003,0.69,-0.113,-0.124,0.0,0.0,0.0,0.0,0.0,-0.003,2.94,-0.381,-2.944,-0.726,-0.174827598146976,G272D
-1.751,49.792276872900196,-3.417,0.002,0.15,-0.141,2.459,26.061,0.0,0.0,0.7,0.0,0.002,3.199,1.461,-2.441,10.728,49.95265882155323,G272P
-2.196,0.49,1.651,0.011,1.092,-0.084,0.208,0.0,0.0,0.0,0.0,0.0,-0.003,2.954,-0.837,-3.522,-0.954,-1.1938268749636336,G272E
-2.621,0.519,0.987,0.019,0.189,0.038,0.071,0.0,0.0,0.0,0.0,0.0,-0.003,0.917,-0.853,0.864,-0.758,-0.6330041918372444,G272L
-6.928,30.666,13.368,0.005,0.65,0.445,1.036,0.0,0.0,0.0,0.0,0.0,0.11,6.954,0.266,-3.357,-0.158,43.05441528891311,V273K
-3.927,0.672,0.679,0.01,0.037,0.108,0.07,0.0,0.0,0.0,0.0,0.0,-0.003,2.036,-0.573,0.86,-0.561,-0.5930847527076821,G272M
7.712,-1.639,3.039,-0.018,-0.052,-0.053,0.176,0.0,0.0,0.0,0.0,0.0,0.096,0.021,0.794,-1.844,0.725,8.951667765205002,V273G
-2.314,0.472,1.191,0.004,0.678,-0.008,-0.163,0.0,0.0,0.0,0.0,0.0,-0.003,1.846,-0.491,-1.098,-0.691,-0.5770426872211374,G272H
-3.855,2.799,1.687,0.047,0.121,0.037,-0.261,0.0,0.0,0.0,0.0,0.0,-0.112,1.487,-0.811,1.506,-0.616,2.027301543796284,G272I
-2.222,0.492,1.398,0.012,0.294,0.049,0.08,0.0,0.0,0.0,0.0,0.0,-0.003,2.149,-0.674,-0.893,-0.864,-0.1846591026794612,G272R
-3.209,0.544,0.664,0.023,0.331,0.092,-0.04,0.0,0.0,0.0,0.0,0.0,-0.003,2.259,-0.487,0.421,-0.669,-0.0750582246073463,G272F
-2.451,0.489,1.603,0.01,0.907,-0.165,0.051,0.0,0.0,0.0,0.0,0.0,-0.003,2.237,-0.712,-2.249,-0.731,-1.0134115177238527,G272Q
-2.201,0.461,1.65,0.005,0.644,-0.147,-0.167,0.0,0.0,0.0,0.0,0.0,-0.003,2.447,-0.142,-2.138,-0.363,0.0449200744033078,G272N
-2.064,0.773,2.664,0.0,0.013,0.103,-1.2,0.0,0.0,0.0,0.0,-0.954,-0.003,1.347,-0.288,-1.087,-0.571,-1.2694876696166375,G272S
-3.23,0.553,0.674,0.022,0.344,0.088,0.04,0.0,0.0,0.0,0.0,0.0,-0.003,2.248,-0.436,-0.216,-0.685,-0.6019727650223103,G272Y
-2.202,0.473,1.385,0.008,0.201,0.047,0.082,0.0,0.0,0.0,0.0,0.0,-0.003,1.374,-0.596,-1.512,-0.878,-1.620322542605663,G272K
0.402,0.184,-8.372,0.0,-0.59,-0.089,8.495,0.0,0.0,0.0,0.692,1.822,0.0,-2.083,-0.023,5.401,0.475,6.311590760826675,D274C
-3.402,2.656,0.748,0.022,0.056,0.222,-0.14,0.0,0.0,0.0,0.0,0.0,-0.112,0.404,-0.73,1.845,-0.698,0.8696364918978361,G272V
-0.396,-1.121,7.717,-0.013,0.199,-0.606,0.378,0.0,0.0,0.0,0.0,0.0,0.11,1.399,0.812,-3.983,0.396,4.8893354697463565,V273N
1.373,-1.57,2.697,-0.016,-0.041,-0.108,-0.423,0.0,0.0,0.0,0.0,0.0,0.11,0.181,0.493,0.612,0.52,3.825786831602727,V273C
-2.556,0.649,2.407,0.013,0.056,0.097,-1.436,0.0,0.0,0.0,0.0,-1.146,-0.003,1.388,-0.508,0.354,-0.536,-1.223070580714193,G272T
-5.427,0.895,-0.051,0.02,0.419,0.203,-0.21,0.0,0.0,0.0,0.0,0.0,-0.003,2.738,-0.52,1.463,-0.721,-1.1952321589328676,G272W
-1.555,0.043,4.529,0.003,0.321,-0.52,0.674,0.0,0.0,0.0,0.0,0.0,0.0,1.668,0.424,-3.47,0.272,2.3893585008631817,A275D
1.28,0.538,2.227,0.002,0.708,0.754,-3.571,0.0,0.0,0.0,0.0,-0.409,-0.067,0.023,0.799,-0.526,0.844,2.600053691262474,A275G
-4.119,7.162,6.124,-0.008,0.205,-1.111,-0.41,0.0,0.0,0.0,0.0,0.0,0.11,7.646,0.242,-4.093,0.03,11.774596579371746,V273Q
-2.676,5.738,11.62,-0.014,0.217,-0.158,0.106,0.0,0.0,0.0,0.0,-0.521,0.11,3.128,0.091,-5.367,-0.21,12.060367158328518,V273E
5.454,-1.6,1.523,-0.017,-0.052,0.09,0.172,0.0,0.0,0.0,0.0,0.0,0.11,0.021,0.093,-1.318,-0.059,4.413830010630591,V273A
-4.655,12.127,-1.424,0.014,0.444,0.061,8.19,0.0,0.0,0.0,0.251,1.822,0.0,1.412,-0.093,0.695,-0.05,18.791669459094464,D274Q
-7.397,49.60069544322595,0.274,0.027,0.297,0.023,0.565,0.0,0.0,0.0,0.0,0.0,0.11,6.146,0.122,-1.424,-0.012,49.57993687067659,V273F
-2.765,1.328,3.387,0.033,0.787,0.949,-3.368,0.0,0.0,0.0,0.0,-0.409,-0.064,0.633,0.494,0.979,0.423,2.406825507042868,A275I
-1.93,1.416,2.744,0.027,0.765,1.027,-3.548,0.0,0.0,0.0,0.0,-0.409,-0.064,0.763,0.572,1.318,0.37,3.0511401592166294,A275V
1.111,-1.533,10.231,-0.015,0.251,-0.39,1.289,0.0,0.0,0.0,0.0,-0.521,0.11,1.971,0.528,-4.788,0.064,8.305979042066383,V273D
-3.52,2.617,-0.16,0.008,0.019,-0.149,0.043,0.0,0.0,0.0,0.0,0.0,0.0,0.461,-0.119,-0.339,0.096,-1.0457278539006438,V273I
-0.879,11.897,-12.145,0.105,-0.404,0.159,9.478,0.0,0.0,0.0,0.765,1.822,0.0,0.895,-0.489,3.808,-0.216,14.794166876709824,D274L
-1.707,1.209,-6.373,0.006,0.221,-0.141,8.707,0.0,0.0,0.0,-0.298,1.302,0.0,0.302,-0.509,1.845,-0.176,4.384209598549887,D274H
-4.725,49.99809220831581,3.11,0.005,0.784,1.246,-1.509,6.206,1.241,0.0,0.692,-1.296,-0.009,0.927,1.063,-2.968,10.486,49.9989635213428,A275P
-2.799,3.343,1.886,0.014,0.479,0.628,3.493,0.0,0.0,0.0,0.266,1.822,0.0,1.618,-0.298,-0.578,-0.27,9.60156946537586,D274E
-6.217,31.233,7.333,-0.01,0.674,0.3,-0.779,0.0,0.0,0.0,0.0,0.0,0.11,6.701,0.246,-2.943,0.018,36.66422626184885,V273H
-2.878,6.782,-11.837,0.03,-0.128,0.073,10.463,0.0,0.0,0.0,0.765,1.822,0.0,1.03,-0.669,3.364,-0.295,8.519567127347273,D274F
4.585,-1.59,5.562,-0.017,-0.023,-0.253,-0.212,0.0,0.0,0.0,0.0,-0.521,0.11,0.693,0.55,-2.932,0.205,6.1552973817777,V273S
-0.097,49.94721234012039,3.956,-0.016,-0.017,0.108,0.533,12.172,1.145,0.0,0.0,0.0,0.071,0.52,2.213,-4.286,10.659,49.98203867727526,V273P
4.533,-0.423,-10.836,-0.002,-0.626,-0.174,9.603,0.0,0.0,0.0,0.692,1.302,0.0,-2.507,-0.217,3.471,-0.093,4.719210011971882,D274A
-6.462,38.158437154082925,2.355,-0.013,0.025,-0.124,0.119,0.0,0.0,0.0,0.0,0.0,0.11,4.071,0.286,-0.985,0.19,49.75822362716372,V273M
-3.133,0.294,1.82,0.016,0.088,-0.271,0.024,0.0,0.0,0.0,0.0,0.0,0.0,0.602,0.154,0.337,0.329,0.2600874862052933,A275L
-3.17,14.745,-10.114,0.004,-0.56,0.457,9.101,0.0,0.0,0.0,0.765,1.302,0.0,0.803,-0.207,3.803,0.117,17.04343614731738,D274M
-4.528,3.242,4.719,0.003,0.351,0.05,-1.474,0.0,0.0,0.0,0.0,0.0,0.0,3.127,0.615,-1.625,0.291,4.769905124942852,A276H
3.803,-0.407,-6.054,-0.001,-0.566,-0.734,8.455,0.0,0.0,0.0,0.692,1.822,0.0,-2.289,0.057,1.856,0.108,6.737937681733456,D274S
-2.202,0.053,3.683,0.004,0.27,-0.675,0.059,0.0,0.0,0.0,0.0,0.0,0.0,1.094,0.604,-2.665,0.597,0.8224913235237636,A275N
-15.726,49.94876960389909,0.364,0.044,0.556,0.244,1.019,0.0,0.0,0.0,0.0,-0.521,0.11,9.394,0.107,-0.381,-0.009,49.937928820287155,V273W
7.556,-0.683,-9.684,-0.003,-0.626,-0.238,9.459,0.0,0.0,0.0,0.692,1.302,-0.051,-2.507,0.091,2.944,0.529,8.778164010543833,D274G
-5.334,0.199,2.89,0.023,0.316,-0.269,0.336,0.0,0.0,0.0,0.0,0.0,0.0,2.369,0.569,0.937,0.208,2.243010875785785,A275W
-3.832,21.193,0.471,-0.002,0.037,-0.228,0.186,0.0,0.0,0.0,0.0,0.0,0.11,5.404,0.0,-0.981,-0.045,22.30879941238163,V273L
-1.771,0.224,1.658,0.0,0.013,0.044,-0.915,0.0,0.0,0.0,0.0,0.0,0.0,0.206,0.71,1.93,0.626,2.7242017908572507,A275C
0.0,0.0,0.0,0.0,0.0,0.0,0.0,0.0,0.0,0.0,0.0,0.0,0.0,0.0,0.0,0.0,0.0,0.0,A275A
-2.337,1.94,6.209,0.002,0.307,-0.075,1.497,0.0,0.0,0.0,0.0,0.0,0.0,4.402,0.415,-3.47,0.26,9.149485865700854,A276D
0.0,0.0,0.0,0.0,0.0,0.0,0.0,0.0,0.0,0.0,0.0,0.0,0.0,0.0,0.0,0.0,0.0,0.0,D274D
-8.854,49.997405018169616,3.347,0.027,0.308,-0.099,0.897,0.0,0.0,0.0,0.0,0.0,0.11,6.035,0.18,-2.06,-0.014,49.997391823483476,V273Y
-2.536,4.362,1.927,0.001,0.012,0.093,-1.217,0.0,0.0,0.0,0.0,0.0,0.0,0.257,0.769,1.93,0.537,6.134929460760986,A276C
1.995,-0.604,3.76,-0.008,0.011,-0.265,-0.677,0.0,0.0,0.0,0.0,0.0,0.11,0.035,0.259,-1.491,0.15,3.273268178737453,V273T
0.0,0.0,0.0,0.0,0.0,0.0,0.0,0.0,0.0,0.0,0.0,0.0,0.0,0.0,0.0,0.0,0.0,0.0,V273V
-3.947,12.162,0.981,0.015,0.089,1.259,9.832,0.0,0.0,0.0,0.765,1.822,0.0,-0.54,-0.224,1.432,-0.317,23.326052627237686,D274K
-6.241,49.99839560069642,-8.983,0.042,-0.595,-0.217,8.821,0.0,0.0,0.0,0.692,1.822,-0.043,-0.406,-0.708,4.45,-0.114,49.998297533951735,D274I
-11.92,49.7122753141881,12.087,0.003,0.462,0.702,-1.83,0.0,0.0,0.0,-0.34,0.0,0.11,7.338,0.178,-2.737,-0.148,49.75374934421197,V273R
-2.457,45.18130315647282,-10.366,0.015,-0.585,-0.253,9.283,0.0,0.0,0.0,0.692,1.822,-0.043,-2.058,-0.577,4.789,-0.191,45.193888314544644,D274V
0.159,1.963,-5.366,0.008,-0.572,-0.083,8.1,0.0,0.0,0.0,0.692,1.822,0.0,-2.745,-0.306,3.298,-0.057,6.908957256004442,D274T
-7.115,26.559,-0.172,0.025,-0.132,0.891,10.16,0.0,0.0,0.0,0.765,1.302,0.0,0.623,-0.303,2.051,-0.262,34.3895458215211,D274R
-6.137,18.134,-7.549,0.032,0.671,0.501,6.145,0.0,0.0,0.0,0.765,1.555,0.0,2.821,-0.628,4.407,-0.184,20.53077899378127,D274W
-0.378,0.635,4.31,0.003,0.733,0.852,-4.63,0.0,0.0,0.0,0.0,-0.409,0.0,0.811,0.569,-1.614,0.316,1.1985166831730112,A275S
-4.326,0.171,1.719,0.05,0.228,-0.123,0.361,0.0,0.0,0.0,0.0,0.0,0.0,2.757,0.691,-0.106,0.397,1.8186798863589504,A275F
-2.063,0.143,3.932,0.004,0.268,-0.505,0.405,0.0,0.0,0.0,0.0,0.0,0.0,2.963,0.083,-4.049,0.006,1.1877386390699485,A275E
1.889,0.211,-6.369,-0.001,-0.188,-0.396,8.049,0.0,0.0,0.0,0.617,1.822,0.0,-0.53,0.289,0.806,0.277,6.475038690300835,D274N
-3.548,0.087,3.509,0.005,0.357,-0.356,0.254,0.0,0.0,0.0,0.0,0.0,0.0,2.279,0.588,-1.625,0.364,1.9130081614609933,A275H
-3.919,7.039,-7.551,0.041,0.564,0.75,5.946,0.0,0.0,0.0,0.765,1.555,0.0,1.397,-0.617,2.728,-0.25,8.4449745640743,D274Y
-2.746,49.926041390529015,-7.702,0.003,-0.597,-0.281,8.748,14.181,1.051,0.0,0.692,1.822,0.028,-1.63,1.395,0.503,11.264,49.97459620329036,D274P
-4.724,11.095,1.472,0.02,0.193,-0.117,-0.141,0.0,0.0,0.0,0.0,0.0,0.0,2.928,0.718,-0.106,0.327,11.662742634526468,A276F
-0.54,-0.063,0.777,0.015,0.609,0.255,-0.812,0.0,0.0,0.0,0.0,-2.131,0.0,1.905,0.0,0.0,0.0,0.0151671054761663,A276A
-0.651,0.185,3.963,0.0,0.025,-0.072,-1.347,0.0,0.0,0.0,0.0,0.0,0.0,0.784,0.569,-1.614,0.299,2.140451087312385,A276S
2.028,-0.241,1.943,0.013,0.609,0.205,-0.903,0.0,0.0,0.0,0.0,-2.131,-0.101,1.905,0.768,-0.526,0.761,4.32991954937097,A276G
-2.81,0.901,3.95,0.015,0.812,1.042,-4.0,0.0,0.0,0.0,0.0,-0.409,0.0,1.399,0.342,0.333,0.436,2.0118672709070324,A275M
-5.56,47.476980858650656,2.491,0.05,0.728,0.009,-1.48,0.0,0.0,0.0,0.0,-2.131,-0.061,3.927,0.598,0.979,0.375,47.469434905346816,A276I
-2.272,0.17,3.072,0.009,0.2,-0.209,-0.176,0.0,0.0,0.0,0.0,0.0,0.0,1.913,0.206,-1.419,0.142,1.636153589982996,A275R
-4.965,47.713282235089984,1.28,0.033,0.665,0.205,-1.316,0.0,0.0,0.0,0.0,-2.131,-0.061,2.741,0.665,1.318,0.338,47.60094323671269,A276V
-3.646,1.332,4.688,0.007,0.671,-0.005,-1.852,0.0,0.0,0.0,0.0,-1.39,0.0,2.921,0.183,-2.775,0.292,0.4258013033802399,A275Q
-2.448,21.826,4.014,0.006,0.796,-0.014,0.465,0.0,0.0,0.0,0.0,0.0,0.0,3.82,0.138,-4.049,-0.017,24.53627598018602,A276E
3.987,-0.732,0.703,-0.038,-0.269,-0.366,1.445,0.0,0.0,0.0,0.0,0.745,0.0,-3.946,0.47,1.594,0.72,4.310226356753219,L280C
-1.265,0.628,4.207,0.014,0.776,0.816,-4.657,0.0,0.0,0.0,0.0,-0.409,0.0,0.352,0.726,-0.173,0.534,1.54896701585767,A275T
-2.218,0.167,3.007,0.005,0.119,-0.232,0.03,0.0,0.0,0.0,0.0,0.0,0.0,1.291,0.316,-2.039,0.104,0.5490770365634035,A275K
-5.941,49.99748029893965,3.33,0.015,0.644,0.429,0.406,5.336,0.811,0.0,0.0,-2.131,-0.057,2.361,0.534,-2.968,2.238,49.997937644420546,A276P
-3.543,20.848,2.176,0.012,0.1,0.103,-0.4,0.0,0.0,0.0,0.0,0.0,0.0,1.426,0.443,0.333,0.356,21.852208876838404,A276M
-2.428,20.591,3.039,0.014,0.288,-0.05,-0.351,0.0,0.0,0.0,0.0,0.0,0.0,2.873,0.33,-2.039,0.067,22.332272044106503,A276K
-2.55,21.353,3.351,0.007,0.652,-0.112,-0.549,0.0,0.0,0.0,0.0,0.0,0.0,3.113,0.263,-2.775,0.238,22.989020061336987,A276Q
-4.737,0.478,2.238,0.05,0.241,-0.035,0.201,0.0,0.0,0.0,0.0,0.0,0.0,3.096,0.732,-0.742,0.324,1.8444849542379416,A275Y
-3.11,2.518,4.781,0.003,0.284,0.166,-0.567,0.0,0.0,0.0,0.0,0.0,0.0,3.325,0.632,-2.665,0.515,5.881726050165071,A276N
-3.146,17.724,5.588,0.004,0.048,0.154,-0.54,0.0,0.0,0.0,0.0,0.0,0.0,1.237,0.817,-0.173,0.495,22.20692161457441,A276T
-5.165,21.088,5.256,0.014,0.465,0.255,-1.319,0.0,0.0,0.0,0.0,0.0,0.0,4.796,0.225,-1.419,0.099,24.2944463443921,A276R
-3.77,24.073,1.265,0.026,0.152,-0.071,-0.434,0.0,0.0,0.0,0.0,0.0,0.0,4.331,0.243,0.337,0.315,26.465940186582657,A276L
-4.489,8.757,2.522,0.018,0.248,-0.298,-0.2,0.0,0.0,0.0,0.0,0.0,0.0,2.333,0.539,0.937,0.087,10.453320816559426,A276W
5.276,-0.12,-6.656,-0.017,-0.527,-0.229,5.431,0.0,0.0,0.0,0.073,1.822,0.0,-1.031,0.32,3.35,0.635,8.326182209405715,R278C
-4.578,10.334,1.554,0.02,0.211,-0.156,-0.223,0.0,0.0,0.0,0.0,0.0,0.0,3.068,0.752,-0.742,0.235,10.472263221530966,A276Y
-3.905,49.99718473242067,0.835,-0.006,-0.157,0.956,-0.093,0.343,1.486,0.0,-0.352,-0.201,0.019,-1.627,1.812,-0.192,11.167,49.99811901781572,Q279P
6.294,-0.112,-7.863,-0.018,-0.576,-0.183,5.875,0.0,0.0,0.0,0.073,1.822,0.0,-2.274,-0.073,1.42,0.096,4.478469170423523,R278A
3.48,0.043,-5.209,-0.013,0.216,-0.069,5.421,0.0,0.0,0.0,0.073,1.822,0.0,-0.282,0.088,-0.206,0.154,5.516849071069373,R278H
0.058,49.98700563875585,-5.001,-0.018,-0.585,-0.1,5.262,8.948,1.495,0.0,-0.129,1.822,0.032,-1.254,2.183,-1.548,5.951,49.99344666762438,R278P
2.642,0.671,-6.924,0.009,-0.214,-0.109,5.376,0.0,0.0,0.0,0.073,1.822,0.0,0.486,0.018,1.313,0.151,5.313515753174215,R278F
0.621,18.448,-5.938,0.024,-0.545,0.168,5.356,0.0,0.0,0.0,0.765,1.822,-0.031,-0.647,-0.286,2.399,0.228,22.38127037358436,R278I
-7.661,49.19955421838243,-1.54,0.015,0.051,-0.259,-0.095,0.0,0.0,0.0,0.0,0.0,0.022,0.358,-0.823,1.318,-0.613,48.846368916915395,A277V
8.08,-0.198,-7.314,-0.019,-0.576,-0.159,5.714,0.0,0.0,0.0,0.073,1.822,0.014,-2.274,0.632,0.893,0.883,7.569055388580637,R278G
1.943,-0.138,-1.629,-0.006,-0.187,0.327,-0.164,0.0,0.0,0.0,0.0,0.0,0.0,-2.223,-0.126,2.776,-0.198,0.3758868492850524,Q279A
3.466,0.066,-6.91,0.024,-0.335,-0.145,5.571,0.0,0.0,0.0,0.073,1.822,0.0,0.664,-0.192,1.757,0.099,5.957887258562096,R278L
0.622,-0.103,1.277,-0.003,0.119,-0.035,-0.325,0.0,0.0,0.0,0.0,0.0,0.0,-0.944,0.331,-0.694,-0.004,0.2397719928992501,Q279D
-0.908,0.622,-0.058,0.0,0.16,0.049,-0.277,0.0,0.0,0.0,0.0,0.0,0.0,0.69,0.296,1.151,0.053,1.777906062633292,Q279H
4.003,-0.061,-4.6,-0.008,-0.26,-0.605,4.912,0.0,0.0,0.0,0.073,1.822,0.0,-0.222,0.073,-0.619,-0.011,4.493874928778723,R278K
4.118,0.654,-3.81,-0.013,-0.285,-0.039,6.102,0.0,0.0,0.0,-0.129,1.822,0.0,1.657,-0.124,-2.629,-0.068,7.2545629107887635,R278E
4.095,-0.735,1.718,-0.034,0.424,-0.505,2.346,0.0,0.0,0.0,0.0,0.745,0.0,-0.676,0.202,-4.386,-0.035,3.159137755400252,L280E
-14.303,49.999999999660346,9.075,0.045,1.002,-0.256,-0.832,10.015,0.0,0.0,0.0,0.0,0.0,6.361,-0.569,-1.625,-0.079,49.99999999976145,A277H
0.176,0.007,0.625,-0.001,0.078,0.019,0.21,0.0,0.0,0.0,0.0,0.0,0.0,0.28,-0.106,-1.273,-0.276,-0.2620899588387146,Q279E
-1.577,0.069,6.546,0.0,0.023,-0.255,-1.475,0.0,0.0,0.0,0.0,0.0,0.0,0.576,-0.074,-1.614,0.144,2.363592641761897,A277S
-0.723,0.293,-0.712,0.022,-0.112,0.408,-0.338,0.0,0.0,0.0,0.0,0.0,-0.051,-1.942,0.013,3.755,0.125,0.7376244370809673,Q279I
5.08,-0.054,-4.352,-0.015,0.221,-0.351,5.284,0.0,0.0,0.0,0.073,1.822,0.0,0.964,0.331,-2.051,0.178,7.128298354217122,R278D
0.574,-0.119,2.139,0.004,0.202,0.887,-4.727,0.0,0.0,0.0,0.0,-1.365,0.0,-0.12,0.133,0.737,-0.174,-1.8324829838529693,Q279K
0.625,-0.064,-1.043,-0.005,-0.175,0.416,-0.646,0.0,0.0,0.0,0.0,0.0,0.0,-2.11,0.433,4.706,0.426,2.563010596968297,Q279C
4.561,0.178,-4.436,-0.007,-0.509,-0.469,4.604,0.0,0.0,0.0,0.073,1.822,0.0,-2.248,0.079,1.247,0.304,5.198850125859735,R278T
3.152,-0.791,-1.286,-0.02,-0.153,-0.17,1.644,0.0,0.0,0.0,0.0,0.745,-0.057,-3.942,-0.11,0.982,0.013,0.0067726260053859,L280V
2.669,10.112,-7.746,0.011,-0.594,-0.278,5.699,0.0,0.0,0.0,0.073,1.822,-0.031,-1.938,-0.182,2.738,0.142,12.497040416994196,R278V
2.884,-0.181,-1.525,-0.007,-0.187,0.287,-0.214,0.0,0.0,0.0,0.0,0.0,-0.012,-2.223,0.677,2.249,0.674,2.4221051109063865,Q279G
0.669,-0.524,3.794,-0.037,0.251,-0.162,-0.298,0.0,0.0,0.0,0.0,-0.452,0.0,-2.439,-0.062,-1.962,0.027,-1.1931229684803384,L280H
-1.098,0.232,-1.317,0.007,0.039,0.398,-0.203,0.0,0.0,0.0,0.0,0.0,0.0,-0.106,0.132,3.109,0.163,1.3540688115265311,Q279M
1.539,-0.128,0.065,-0.006,-0.163,0.399,-1.107,0.0,0.0,0.0,0.0,0.0,0.0,-1.72,0.431,1.162,0.114,0.5851648112252406,Q279S
3.331,-0.02,-6.396,-0.008,-0.536,-0.239,6.185,0.0,0.0,0.0,0.073,1.822,0.0,-0.478,0.11,1.752,0.325,5.920548922437092,R278M
-0.005,0.297,-1.106,0.013,-0.132,0.464,-0.434,0.0,0.0,0.0,0.0,0.0,-0.051,-2.128,0.104,4.094,0.034,1.147599036706879,Q279V
0.0,0.0,0.0,0.0,0.0,0.0,0.0,0.0,0.0,0.0,0.0,0.0,0.0,0.0,0.0,0.0,0.0,0.0,Q279Q
-11.246,49.999999999428404,-0.415,0.059,0.211,-0.169,-0.507,0.0,0.0,0.0,0.0,0.0,0.0,4.458,-0.694,0.337,-0.49,49.999999999198394,A277L
3.391,-2.222,1.959,-0.003,-0.037,-0.109,-0.202,0.0,0.0,0.0,0.0,0.0,0.088,-0.35,0.518,-0.526,0.937,3.4443815650611214,A277G
-0.03,0.053,-1.146,0.008,-0.11,0.28,-0.359,0.0,0.0,0.0,0.0,0.0,0.0,-2.016,-0.107,3.113,-0.026,-0.3414572596655034,Q279L
-1.246,0.57,-1.666,0.039,0.047,0.258,-0.139,0.0,0.0,0.0,0.0,0.0,0.0,1.038,0.351,2.034,0.026,1.311661502540801,Q279Y
0.0,0.0,0.0,0.0,0.0,0.0,0.0,0.0,0.0,0.0,0.0,0.0,0.0,0.0,0.0,0.0,0.0,0.0,R278R
-1.055,0.354,-1.794,0.038,0.031,0.335,-0.151,0.0,0.0,0.0,0.0,0.0,0.0,1.053,0.301,2.67,0.063,1.8429078065480555,Q279F
4.611,-0.025,-5.093,-0.013,0.142,-0.476,5.426,0.0,0.0,0.0,0.073,1.822,0.0,0.418,0.598,-1.245,0.526,6.760905919685001,R278N
0.298,0.02,0.359,-0.001,0.074,-0.139,-0.42,0.0,0.0,0.0,0.0,0.0,0.0,-1.212,0.558,0.111,0.356,0.0033117121117811,Q279N
-4.682,46.55796288839754,1.06,0.002,0.031,-0.259,-0.344,3.165,0.0,0.0,0.0,0.0,0.0,0.836,-0.316,1.93,0.91,46.85519915985183,A277C
0.705,-0.097,0.413,0.004,-0.121,0.481,-1.33,0.0,0.0,0.0,0.0,0.0,0.0,-2.074,0.31,2.603,0.193,1.0862872309151044,Q279T
4.119,-0.733,3.151,-0.036,0.01,-0.595,2.76,0.0,0.0,0.0,0.0,0.745,0.0,-2.308,0.469,-3.807,0.228,4.002614956358002,L280D
-1.297,0.627,-1.102,0.02,0.102,0.182,-0.041,0.0,0.0,0.0,0.0,0.0,0.0,0.875,0.258,3.712,-0.025,3.309096248179003,Q279W
5.318,-0.723,-0.036,-0.029,-0.187,-0.126,0.261,0.0,0.0,0.0,0.0,0.0,0.0,-2.311,0.309,-0.336,0.149,2.2870901283115472,L280A
3.932,-0.051,-4.894,-0.011,-0.369,-0.075,5.936,0.0,0.0,0.0,0.073,1.822,0.0,1.165,0.025,-1.356,0.154,6.348753196295547,R278Q
0.421,14.658,1.128,-0.038,-0.246,-0.059,1.265,7.689,0.0,0.0,0.0,0.745,0.013,-3.881,1.862,-3.304,11.593,31.843822920887987,L280P
-11.714,49.99918760017043,-0.137,0.212,0.224,-0.385,-0.449,0.0,0.0,0.0,0.0,0.0,0.022,4.602,-0.921,0.979,-0.656,49.99887125119616,A277I
2.461,0.73,-6.479,0.009,-0.203,-0.241,5.314,0.0,0.0,0.0,0.073,1.822,0.0,0.354,0.078,0.677,0.151,4.7460631638045925,R278Y
3.742,-0.737,1.364,-0.028,-0.216,-0.421,1.51,0.0,0.0,0.0,0.0,0.745,0.0,-2.731,0.275,-0.004,0.365,3.863437981746074,L280M
2.757,-0.047,0.289,-0.018,-0.028,0.014,0.952,0.0,0.0,0.0,0.0,0.745,0.0,0.482,-0.188,-0.443,-0.093,4.42142142481589,L280F
6.012,-0.093,-5.731,-0.018,-0.498,-0.471,5.384,0.0,0.0,0.0,0.073,1.822,0.0,-1.412,0.364,-0.195,0.339,5.576010811231754,R278S
-0.386,0.224,-0.085,0.004,0.01,0.138,-0.602,0.0,0.0,0.0,0.0,0.0,0.0,-0.736,0.03,1.357,-0.166,-0.2119912890698287,Q279R
0.103,-0.017,-0.231,-0.01,-0.092,-0.216,1.575,0.0,0.0,0.0,0.0,0.745,0.0,-2.01,0.0,0.0,0.0,-0.1509305985582614,L280L
0.898,0.324,-1.254,-0.011,-0.134,-0.157,1.804,0.0,0.0,0.0,0.0,0.745,-0.057,-3.871,-0.236,0.643,0.081,-1.2279766390827265,L280I
-9.875,49.991462057259376,13.834,0.047,0.322,0.222,-3.134,10.015,0.0,0.0,0.0,0.0,0.0,7.803,-0.471,-4.049,-0.412,49.995181942169644,A277E
6.723,-0.748,0.413,-0.031,-0.187,-0.218,0.172,0.0,0.0,0.0,0.0,0.0,-0.046,-2.311,0.525,-0.863,0.749,4.176618244287283,L280G
-6.488,39.80771661823084,2.684,0.188,0.187,-0.113,-0.331,44.699763195705216,0.431,0.0,0.0,0.0,0.155,5.92,3.199,-2.968,3.953,49.51875016000422,A277P
-5.497,47.01214372983713,11.99,0.002,0.714,0.367,-2.227,3.165,0.0,0.0,0.0,0.0,0.0,3.613,-0.48,-3.47,-0.492,47.785429349078655,A277D
0.0,0.0,0.0,0.0,0.0,0.0,0.0,0.0,0.0,0.0,0.0,0.0,0.0,0.0,0.0,0.0,0.0,0.0,A277A
5.107,-0.733,1.744,-0.039,-0.258,-0.621,1.101,0.0,0.0,0.0,0.0,0.745,0.0,-3.716,0.539,-1.951,0.34,2.2570478862330674,L280S
-9.749,49.922883751435556,7.412,0.009,1.207,-1.206,0.927,0.0,0.0,0.0,0.073,0.212,0.0,6.476,-0.45,-2.775,-0.321,49.92828232149595,A277Q
-5.698,46.901569431197345,5.442,0.026,0.675,-0.156,-2.357,0.0,0.0,0.0,0.0,-2.131,0.0,2.412,-0.436,-0.173,-0.238,46.56933242585523,A277T
1.216,1.547,-4.375,0.007,0.626,0.506,1.587,0.0,0.0,0.0,0.073,1.414,0.0,-0.822,-0.013,2.356,0.148,4.2675012544982565,R278W
-14.151,49.99999683472255,15.092,0.057,0.571,-0.499,0.809,0.0,0.0,0.0,0.0,0.0,0.0,7.564,-0.53,-2.039,-0.534,49.999997543832286,A277K
-17.296,49.99999999999999,0.47,0.05,0.467,-0.31,-1.727,0.0,0.0,0.0,0.0,0.0,0.0,5.871,-0.448,-0.106,-0.202,49.999999999999986,A277F
3.55,-0.739,2.052,-0.029,0.441,-0.467,1.148,0.0,0.0,0.0,0.0,0.745,0.0,-1.581,0.42,-3.112,0.185,2.6127751516289663,L280Q
-22.306,50.0,18.31,0.057,0.484,0.481,0.627,10.015,0.0,0.0,0.0,0.0,0.0,6.348,-0.48,-1.419,-0.331,50.0,A277R
-11.25,49.99735047873382,1.01,0.053,0.34,-0.694,0.483,0.0,0.0,0.0,0.073,0.212,0.0,8.224,-0.2,0.333,0.132,49.99721091214899,A277M
3.311,-0.722,2.75,-0.034,-0.036,-0.41,1.879,0.0,0.0,0.0,0.0,0.745,0.0,-3.112,0.749,-3.001,0.502,2.619674204413741,L280N
2.596,-0.526,3.357,-0.016,0.283,-0.278,-1.545,0.0,0.0,0.0,0.0,0.0,0.0,-0.203,0.263,-2.376,-0.094,1.4604114259955168,L280K
-7.301,49.26251680281239,8.0,0.005,0.693,0.115,-0.312,3.165,0.0,0.0,0.0,0.0,0.0,3.57,-0.184,-2.665,-0.111,49.394853502433044,A277N
2.845,-0.333,0.367,-0.018,-0.008,-0.042,1.042,0.0,0.0,0.0,0.0,0.745,0.0,0.449,-0.134,-1.079,-0.036,3.7981209434078655,L280Y
-0.257,-0.304,4.17,-0.022,0.075,-0.281,-0.107,0.0,0.0,0.0,0.0,-0.061,0.0,-1.953,-0.155,0.6,0.043,1.7479466069689806,L280W
2.426,-0.725,3.922,-0.022,0.254,0.241,-1.474,0.0,0.0,0.0,0.0,-0.991,0.0,-1.894,0.194,-1.756,-0.03,0.1465964468100082,L280R
-27.851,50.0,5.924,0.148,1.143,0.031,-2.273,10.015,0.0,0.0,0.0,-2.131,0.0,10.492,-0.37,0.937,0.389,50.0,A277W
3.8,-0.734,1.283,-0.03,-0.221,-0.605,1.003,0.0,0.0,0.0,0.0,0.745,0.0,-4.302,0.177,-0.509,0.161,0.7678575205413836,L280T
-19.416,50.0,5.293,0.048,0.497,-0.132,-1.645,10.015,0.0,0.0,0.0,0.0,0.0,6.646,-0.542,-0.742,-0.306,50.0,A277Y
-6.184,49.99961201880803,1.617,0.003,0.036,0.011,1.178,1.721,1.147,0.0,0.0,0.0,0.005,0.46,2.065,-2.968,11.365,49.999744589056874,A282P
0.907,-0.095,-1.843,0.003,0.074,0.537,-0.095,0.0,0.0,0.0,0.0,0.0,0.0,1.891,-0.347,-0.578,-0.234,0.2178377392990569,D283E
2.406,-0.134,-3.21,-0.004,-0.309,0.387,-0.785,0.0,0.0,0.0,0.0,0.0,-0.047,-1.384,0.475,2.944,0.54,0.8758059246240464,D283G
-0.887,1.315,-0.889,0.003,-0.189,0.263,-1.042,0.0,0.0,0.0,0.0,0.0,0.0,-0.502,-0.061,1.432,-0.161,-0.7196419138927013,D283K
-3.395,40.33313256988292,7.594,-0.02,0.278,0.686,-0.197,3.165,0.0,0.0,0.0,0.0,0.072,2.331,0.362,-2.604,-0.078,42.841081419339346,I281H
0.0,0.0,0.0,0.0,0.0,0.0,0.0,0.0,0.0,0.0,0.0,0.0,0.0,0.0,0.0,0.0,0.0,0.0,D283D
0.389,-0.086,0.784,0.001,1.094,0.319,-1.768,0.0,0.0,0.0,0.0,0.0,0.0,4.421,0.431,-3.47,0.129,2.240468564685216,A282D
4.429,-0.535,8.085,-0.024,0.234,0.262,0.175,0.0,0.0,0.0,0.0,0.0,0.072,1.247,0.622,-4.449,-0.044,10.075129889413349,I281D
-5.189,10.112,3.085,0.027,0.066,0.229,-0.943,0.0,0.0,0.0,-0.351,-0.201,-0.053,0.432,-0.231,0.979,0.15,8.108619204023853,A282I
-0.571,1.08,-1.57,0.003,-0.298,0.449,-0.917,0.0,0.0,0.0,0.0,0.0,0.0,-0.124,-0.135,3.803,0.175,1.893089618721888,D283M
-1.006,0.004,2.121,0.007,0.221,-0.169,-0.32,0.0,0.0,0.0,0.0,0.0,0.0,3.131,0.16,-2.775,0.091,1.4638787195717669,A282Q
-1.092,0.041,2.213,0.003,0.663,0.055,-1.06,0.0,0.0,0.0,0.0,0.0,0.0,1.462,0.126,-1.625,0.072,0.8558980208915727,A282H
-1.503,0.116,1.813,0.027,0.325,0.024,-0.402,0.0,0.0,0.0,0.0,0.0,0.0,2.533,-0.019,-0.106,0.029,2.835724290008784,A282F
0.0,0.0,0.0,0.0,0.0,0.0,0.0,0.0,0.0,0.0,0.0,0.0,0.0,0.0,0.0,0.0,0.0,0.0,A282A
-2.71,0.92,1.368,0.001,0.011,-0.215,-1.03,0.0,0.0,0.0,0.0,0.0,0.0,0.179,0.39,1.93,0.585,1.4279099503814905,A282C
-1.029,0.008,2.63,0.007,0.345,-0.114,0.253,0.0,0.0,0.0,0.0,0.0,0.0,2.753,0.005,-4.049,-0.151,0.6567289664496911,A282E
-0.691,1.892,-2.115,0.013,-0.23,0.378,-0.86,0.0,0.0,0.0,0.0,0.0,0.0,-1.224,-0.27,3.808,0.078,0.777735578576312,D283L
-1.776,0.168,-2.243,0.045,-0.085,0.319,-0.622,0.0,0.0,0.0,0.0,0.0,0.0,1.38,0.253,3.364,0.184,0.9871720780790838,D283F
-0.938,0.008,2.116,0.016,0.464,-0.149,-0.678,0.0,0.0,0.0,0.0,0.0,0.0,2.143,0.077,-1.419,-0.094,1.5434275161296682,A282R
1.729,-0.052,0.218,-0.001,0.0,-0.175,-0.245,0.0,0.0,0.0,0.0,0.0,-0.008,0.0,0.687,-0.526,0.773,2.3968085001963573,A282G
-0.187,0.315,-2.397,-0.003,-0.297,0.453,-1.825,0.0,0.0,0.0,0.0,0.0,0.0,-1.139,0.315,5.401,0.289,0.923673219625016,D283C
1.302,-0.101,-3.382,-0.003,-0.309,0.59,-0.768,0.0,0.0,0.0,0.0,0.0,0.0,-1.384,-0.269,3.471,-0.289,-1.1436254198324605,D283A
-0.852,0.003,1.854,0.008,0.19,-0.085,-0.069,0.0,0.0,0.0,0.0,0.0,0.0,1.112,0.169,-2.039,-0.106,0.1837200900424704,A282K
-1.509,0.055,-0.811,0.002,0.042,0.117,-0.671,0.0,0.0,0.0,0.0,0.0,0.0,0.886,0.14,1.845,0.126,0.2217966424414044,D283H
-1.008,0.01,2.507,0.004,0.623,-0.199,-0.891,0.0,0.0,0.0,0.0,0.0,0.0,2.243,0.723,-2.665,0.453,1.7996011232121418,A282N
-1.69,0.828,1.55,0.016,0.182,-0.101,-0.012,0.0,0.0,0.0,0.0,0.0,0.0,0.65,-0.096,0.337,0.008,1.6704095296868218,A282L
-1.398,0.006,3.178,0.01,0.064,-0.387,-1.506,0.0,0.0,0.0,0.0,0.0,0.0,0.011,0.152,-0.173,0.198,0.1516865197165771,A282T
-1.973,0.218,1.725,0.01,0.025,-0.121,-0.109,0.0,0.0,0.0,0.0,0.0,0.0,1.601,0.185,0.333,0.248,2.141102624420228,A282M
-3.533,0.283,-1.643,0.021,0.002,0.129,-0.605,0.0,0.0,0.0,0.0,0.0,0.0,1.03,0.123,4.407,-0.018,0.1943725878832083,D283W
-2.743,5.551,0.531,0.019,0.053,-0.11,0.007,0.0,0.0,0.0,0.0,0.0,-0.053,-0.022,-0.107,1.318,0.053,4.49429303875695,A282V
-0.976,0.097,-0.048,0.019,0.815,0.439,-0.797,0.0,0.0,0.0,0.0,0.0,0.0,2.76,-0.024,0.937,0.04,3.2581555485271565,A282W
7.999,-0.732,0.91,-0.026,-0.074,0.502,-0.053,0.0,0.0,0.0,0.0,0.0,0.072,-0.099,0.177,-0.979,-0.176,7.519277534194543,I281A
-1.495,0.117,1.796,0.027,0.337,0.02,-0.259,0.0,0.0,0.0,0.0,0.0,0.0,2.454,0.038,-0.742,0.029,2.3186759632774283,A282Y
-0.941,1.291,-2.177,0.027,-0.232,0.343,-0.65,0.0,0.0,0.0,0.0,0.0,-0.104,-0.456,0.159,4.45,0.161,1.866967930423698,D283I
-0.796,0.034,3.206,0.0,0.023,-0.157,-1.585,0.0,0.0,0.0,0.0,0.0,0.0,0.434,0.453,-1.614,0.265,0.2603136125630954,A282S
-3.826,49.99981840863272,-1.761,-0.002,-0.273,0.738,1.065,0.299,0.89,0.0,0.0,0.0,0.021,-0.895,0.579,0.503,1.773,49.999811817707844,D283P
-0.716,1.46,-0.991,0.002,-0.122,0.274,-1.12,0.0,0.0,0.0,0.0,0.0,0.0,0.93,-0.244,0.695,0.025,0.1913535251103439,D283Q
-0.155,5.885,-2.863,0.017,-0.253,0.526,-0.918,0.0,0.0,0.0,0.0,0.0,-0.104,-0.731,0.221,4.789,0.134,6.54559712487071,D283V
0.604,-0.107,-1.208,0.007,-0.242,0.351,-2.292,0.0,0.0,0.0,0.0,0.0,0.0,-0.684,0.28,3.298,0.304,0.3116507887286843,D283T
-0.328,-0.026,-0.89,0.002,-0.046,-0.165,-0.863,0.0,0.0,0.0,0.0,0.0,0.0,-0.256,0.114,0.806,0.328,-1.3250571518715333,D283N
4.778,-0.708,1.722,-0.026,-0.062,0.293,-0.429,0.0,0.0,0.0,0.0,0.0,0.072,0.053,0.596,0.951,0.412,7.650220996792768,I281C
-1.825,0.02,-1.868,0.045,-0.074,0.408,-0.718,0.0,0.0,0.0,0.0,0.0,0.0,2.067,0.272,2.728,0.116,1.170595529467391,D283Y
-1.113,1.155,-0.641,0.006,-0.108,0.208,-1.519,0.0,0.0,0.0,0.0,0.0,0.0,0.05,-0.184,2.051,-0.085,-0.1806766729564515,D283R
0.885,-0.091,-1.313,-0.003,-0.284,0.411,-2.116,0.0,0.0,0.0,0.0,0.0,0.0,-0.373,0.11,1.856,-0.045,-0.9644619505866104,D283S
4.564,44.1039644971384,2.806,-0.039,-0.146,0.324,-0.624,11.57,0.793,0.0,0.0,0.0,0.072,-0.694,2.287,-3.947,2.856,47.24274667014585,I281P
1.196,0.048,9.911,-0.022,0.197,0.545,-0.482,0.0,0.0,0.0,0.0,0.0,0.072,2.472,0.183,-5.028,-0.321,8.769623858081559,I281E
-5.142,49.99999999334455,0.48,0.013,0.098,-0.138,-0.475,0.0,0.0,0.0,0.0,0.0,0.0,0.382,-0.074,0.337,0.093,49.99999999205529,A284L
-0.481,0.513,7.142,-0.02,0.131,0.39,-1.706,0.0,0.0,0.0,-0.6,0.0,0.072,4.514,0.329,-3.754,-0.074,6.454071494332993,I281Q
-2.75,20.464,6.105,0.0,0.328,-0.313,0.727,0.0,0.0,0.0,0.0,0.0,0.0,4.015,-0.266,-3.47,-0.05,24.78925322661553,A284D
7.311,-0.732,3.9,-0.026,-0.05,0.159,-0.453,0.0,0.0,0.0,0.0,0.0,0.072,0.321,0.65,-2.593,0.097,8.654918510067773,I281S
-0.021,0.078,-0.004,0.0,0.011,0.006,-0.143,0.0,0.0,0.0,0.0,0.0,0.0,0.011,0.0,0.0,0.0,-0.0614134977331559,I281I
-0.305,8.051,-0.493,-0.013,0.011,-0.006,-0.374,0.0,0.0,0.0,0.0,0.0,0.072,3.486,0.1,-0.642,-0.145,9.741388903039253,I281L
2.958,-0.05,0.126,-0.008,-0.009,0.147,-0.275,0.0,0.0,0.0,0.0,0.0,0.0,-0.105,0.118,0.339,-0.098,3.142368808967376,I281V
-4.258,20.576,4.404,0.014,0.313,-0.077,-1.209,0.0,0.0,0.0,0.0,0.0,0.0,2.648,-0.138,-2.665,0.053,19.660783500259413,A284N
2.96,0.089,6.071,-0.022,0.19,-0.049,-0.029,0.0,0.0,0.0,0.0,0.0,0.072,0.934,0.904,-3.644,0.292,7.768809382277595,I281N
-6.973,49.971683568329404,0.289,0.03,0.297,0.73,0.286,0.0,0.0,0.0,0.0,0.0,0.072,7.171,0.244,-1.085,-0.107,49.97274096897394,I281F
9.793,-0.659,1.768,-0.028,-0.062,0.433,-0.275,0.0,0.0,0.0,0.0,0.0,0.065,-0.088,0.896,-1.505,0.621,10.957298447298626,I281G
-2.02,4.624,1.409,0.006,0.473,-0.298,-0.666,0.0,0.0,0.0,0.0,0.0,0.194,1.215,2.385,-1.098,2.007,8.229338908868385,G285H
-2.539,30.978,1.18,0.0,0.012,0.002,-0.765,0.0,0.0,0.0,0.0,0.0,0.0,0.623,0.212,1.93,0.083,31.715833781857555,A284C
-3.357,49.9107293862718,-0.993,0.004,0.059,0.103,-0.318,49.6772967358176,0.891,0.0,0.0,0.0,0.154,0.0,8.161,-2.441,18.85,49.99987567837479,G285P
-1.173,1.062,0.649,-0.029,0.06,-0.474,1.043,0.0,0.0,0.0,0.073,0.212,0.072,2.676,0.381,-0.646,0.086,3.990151894169003,I281M
-6.594,49.103,12.137,-0.007,0.841,-0.272,1.616,3.165,0.0,0.0,0.073,0.212,0.072,3.231,0.273,-2.398,-0.254,42.040759188231824,I281R
-1.553,5.052,1.555,0.011,0.845,-0.162,0.116,0.0,0.0,0.0,0.0,0.0,0.194,2.395,2.993,-3.522,2.445,10.366951473154586,G285E
-1.605,0.431,5.628,0.0,0.061,0.209,-1.009,0.0,0.0,0.0,0.0,0.0,0.0,0.162,-0.258,-1.614,0.08,2.0847538485911628,A284S
-2.049,2.96,12.079,-0.018,0.527,-0.475,1.212,0.0,0.0,0.0,0.073,0.212,0.072,4.162,0.364,-3.018,-0.262,15.839388246722136,I281K
-8.317,49.999718120993144,5.136,0.062,0.285,0.649,-0.125,0.0,0.0,0.0,0.0,0.0,0.072,8.561,0.301,-1.721,-0.113,49.99976726724584,I281Y
-2.174,5.336,0.732,0.024,0.31,-0.117,-0.748,0.0,0.0,0.0,0.0,0.0,0.194,1.627,2.502,0.421,2.08,10.184797639164572,G285F
-14.868,49.999999528086356,2.349,0.02,0.442,0.526,-0.174,0.0,0.0,0.0,0.0,0.068,0.072,5.086,0.229,-0.042,-0.112,49.99999939026556,I281W
-3.56,45.02237726780094,1.963,0.011,0.219,-0.124,-0.506,0.0,0.0,0.0,0.0,0.0,0.0,2.283,0.104,0.333,0.102,45.17615752254072,A284M
2.349,-0.735,1.142,-0.002,0.0,-0.155,0.037,0.0,0.0,0.0,0.0,0.0,-0.024,0.0,0.258,-0.526,0.482,2.8256002228033594,A284G
-6.74,40.11,4.951,0.014,0.424,-0.182,-1.163,0.0,0.0,0.0,0.0,0.0,0.0,2.415,-0.059,-1.625,0.109,38.25449027195828,A284H
-3.558,46.612185978091205,1.595,0.007,0.13,-0.305,-0.302,0.0,0.0,0.0,0.0,0.0,0.0,1.258,0.177,-0.106,0.276,46.50178761041126,A284F
-0.909,4.593,0.515,0.058,0.326,0.023,-0.701,0.0,0.0,0.0,0.0,0.0,0.194,2.195,3.104,0.86,2.929,13.184695603904402,G285M
-1.833,6.7,0.775,0.192,0.132,0.008,-0.55,0.0,0.0,0.0,0.0,0.0,0.143,0.345,5.956,1.506,10.772,24.14502709565568,G285I
-3.12,47.162771683515196,2.818,0.006,0.196,-0.515,-0.449,0.0,0.0,0.0,0.0,0.0,0.0,1.796,0.011,0.937,0.106,47.35318311184356,A284W
4.712,-0.331,3.011,-0.017,-0.009,-0.003,-0.492,0.0,0.0,0.0,0.0,0.0,0.072,-0.078,0.372,-1.152,0.052,6.136160754470211,I281T
-6.229,49.380082136125495,-1.234,0.016,0.041,0.202,-0.456,0.0,0.0,0.0,0.0,-0.206,0.03,0.241,0.728,1.318,0.627,49.24620012969797,A284V
-0.578,5.209,-0.197,0.003,0.0,-0.02,-0.734,0.0,0.0,0.0,0.0,0.0,0.194,0.0,3.003,0.527,2.423,9.825875429658709,G285A
-2.898,45.54001601342521,3.507,0.005,0.804,-0.304,-0.176,0.0,0.0,0.0,0.0,0.0,0.0,3.145,-0.078,-4.049,0.125,45.553499070452254,A284E
0.0,0.0,0.0,0.0,0.0,0.0,0.0,0.0,0.0,0.0,0.0,0.0,0.0,0.0,0.0,0.0,0.0,0.0,G285G
-6.304,49.89709400771551,2.985,0.0,0.041,0.183,0.13,4.857,0.46,0.0,0.0,0.0,0.065,2.028,-0.023,-2.968,11.435,49.93851983317089,A284P
-0.772,1.219,0.86,0.008,0.897,-0.068,-0.438,0.0,0.0,0.0,0.0,0.0,0.194,2.545,2.389,-2.944,2.038,5.926946894500588,G285D
-1.18,0.79,1.814,0.004,0.091,0.211,-0.89,0.0,0.0,0.0,-0.322,0.0,0.194,0.843,2.688,-1.087,2.421,5.57610857514328,G285S
-4.489,41.324,5.001,0.051,1.758,-0.524,0.105,0.0,0.0,0.0,0.0,0.308,0.0,4.476,-0.009,-1.419,0.138,46.72051056149053,A284R
-1.527,7.88,0.343,0.183,0.06,0.148,-0.542,0.0,0.0,0.0,0.0,0.0,0.143,0.185,6.29,1.845,10.743,25.750155287800222,G285V
0.0,0.0,0.0,0.0,0.0,0.0,0.0,0.0,0.0,0.0,0.0,0.0,0.0,0.0,0.0,0.0,0.0,0.0,A284A
-1.343,5.506,0.532,0.004,0.016,0.023,-0.759,0.0,0.0,0.0,0.0,0.0,0.194,0.068,2.778,2.457,3.199,12.67468141762606,G285C
-10.391,49.99999785203534,-0.422,0.038,0.15,0.283,0.573,0.0,0.0,0.0,0.0,0.308,0.03,-0.295,0.775,0.979,0.604,49.99999711575133,A284I
-0.802,1.06,0.696,0.01,0.779,-0.065,-0.524,0.0,0.0,0.0,0.0,0.0,0.194,1.695,1.945,-2.138,1.748,4.596610735812874,G285N
-3.153,45.577194427703176,2.75,0.006,0.704,-0.359,-0.542,0.0,0.0,0.0,0.0,0.0,0.0,2.521,-0.135,-2.775,0.08,45.4216935646148,A284Q
-3.334,45.28282737948822,2.797,0.011,0.329,-0.142,-0.666,0.0,0.0,0.0,0.0,0.0,0.0,1.772,0.019,-2.039,0.185,45.087157009051296,A284K
-0.993,5.292,1.087,0.157,0.076,-0.168,-0.564,0.0,0.0,0.0,0.0,0.0,0.194,1.031,3.184,0.354,3.399,13.04616204432773,G285T
-1.73,5.647,0.622,0.019,0.109,-0.013,-0.708,0.0,0.0,0.0,0.0,0.0,0.194,0.084,3.156,0.864,2.719,10.959872276081567,G285L
1.641,0.095,2.436,-0.016,0.175,0.542,-0.11,0.0,0.0,0.0,0.0,-0.595,0.0,0.335,-0.134,-0.882,-0.097,3.388633879841109,Y286H
-2.16,5.179,0.75,0.023,0.31,-0.127,-0.55,0.0,0.0,0.0,0.0,0.0,0.194,1.677,2.625,-0.216,2.26,9.962923968749692,G285Y
-3.54,42.59308198575529,4.672,0.004,0.067,0.219,-1.333,0.0,0.0,0.0,0.0,0.0,0.0,0.358,-0.043,-0.173,0.29,42.734904985595904,A284T
-1.77,4.348,1.39,0.016,0.396,-0.11,-0.94,0.0,0.0,0.0,0.0,0.0,0.194,1.219,2.627,-1.512,2.077,7.931415599564616,G285K
-1.397,5.879,1.049,0.013,0.25,0.076,-0.912,0.0,0.0,0.0,0.0,0.0,0.194,1.258,2.6,-0.893,2.149,10.264758872508764,G285R
-1.695,5.418,1.454,0.011,0.706,-0.068,-1.338,0.0,0.0,0.0,0.0,0.0,0.194,1.756,2.68,-2.249,2.159,9.026719476868491,G285Q
-3.931,43.80153767612043,2.113,0.005,0.169,0.041,-2.216,0.0,0.0,0.0,0.0,-0.961,0.0,2.617,0.13,-0.742,0.29,43.197633868042374,A284Y
-2.374,4.793,1.17,0.029,0.363,-0.231,-0.697,0.0,0.0,0.0,0.0,0.0,0.194,2.092,2.677,1.463,3.027,12.504510443444133,G285W
7.266,-0.427,-1.342,-0.018,-0.234,0.523,2.009,0.0,0.0,0.0,0.0,0.308,0.0,-2.72,0.838,0.743,0.58,7.524226110347172,Y286A
-7.758,49.99115796511552,-3.461,0.02,0.297,-0.176,5.018,0.0,0.0,0.0,0.073,1.58,0.076,3.773,-0.412,0.86,-0.44,49.99096092356524,G287M
-5.755,37.815,0.28,0.003,0.045,0.157,-0.203,24.465,0.0,0.0,0.0,0.0,0.048,1.957,0.251,-2.441,7.108,42.751975185413635,G287P
-1.208,49.75478134867707,-2.564,0.004,-0.108,0.553,1.563,0.0,0.0,0.0,0.0,0.308,0.01,-1.262,0.424,1.722,0.29,49.752143187750455,Y286I
0.629,0.0,-0.367,-0.006,-0.298,0.063,0.105,0.0,0.0,0.0,0.0,0.0,-0.027,-2.754,0.656,3.523,0.631,2.153782246451556,E288G
-5.045,46.585,-0.396,0.02,0.224,0.036,0.37,0.0,0.0,0.0,0.0,0.0,0.076,1.076,-0.618,0.864,-0.558,42.63272584743072,G287L
-2.342,11.073,0.353,-0.001,0.046,0.545,-0.088,0.0,0.0,0.0,-0.698,-1.286,0.0,0.61,0.353,1.679,0.308,10.549736433467617,Y286W
3.453,-0.097,3.71,-0.013,0.577,0.266,1.938,0.0,0.0,0.0,0.0,0.308,0.0,-0.051,0.482,-3.306,0.401,7.66745785625335,Y286E
-0.158,0.0,-0.127,0.015,-0.061,-0.001,0.039,0.0,0.0,0.0,0.0,0.0,0.0,-0.439,0.38,3.943,0.419,4.009484860130669,E288F
-5.462,37.602,6.617,0.016,1.256,1.104,-3.248,0.0,0.0,0.0,0.0,-1.205,0.076,3.448,-0.673,-3.522,-0.876,35.131549360432246,G287E
4.938,-0.566,3.657,-0.015,0.115,0.129,1.659,0.0,0.0,0.0,0.0,0.308,0.0,-0.192,-0.018,-2.728,0.012,7.298634222958981,Y286D
-6.541,23.053,2.748,0.03,0.306,-0.162,1.123,0.0,0.0,0.0,0.0,0.0,0.076,4.118,-0.185,0.421,-0.511,24.47578724379241,G287F
2.157,46.11177843138003,-2.718,-0.002,-0.186,0.497,1.712,0.0,0.0,0.0,0.0,0.308,0.01,-1.669,0.455,2.061,0.318,46.52849849592777,Y286V
1.061,26.752,-2.131,0.034,-0.124,0.194,2.045,0.0,0.0,0.0,0.0,0.308,0.0,1.431,0.383,1.08,0.153,31.18500616397864,Y286L
2.018,-0.23,0.437,-0.012,-0.069,0.552,1.809,0.0,0.0,0.0,-0.698,0.308,0.0,0.166,0.469,1.076,0.315,6.14021561277923,Y286M
9.399,-0.852,0.366,-0.021,-0.234,0.497,1.938,0.0,0.0,0.0,0.0,0.308,-0.041,-2.72,0.827,0.216,0.848,10.530368780902336,Y286G
-0.048,0.0,0.095,0.0,-0.018,-0.063,0.051,0.0,0.0,0.0,0.0,0.0,0.0,-1.512,0.308,1.385,0.447,0.6448683782889475,E288N
-0.482,0.0,1.111,0.0,-0.238,-0.073,-0.093,0.0,0.0,0.0,0.0,0.0,0.0,-2.707,0.376,3.877,0.426,2.1953349620146128,E288T
5.087,-0.43,-0.179,-0.017,-0.218,0.402,1.724,0.0,0.0,0.0,0.0,0.308,0.0,-2.58,0.458,2.673,0.279,7.506512092973253,Y286C
-0.027,0.0,0.306,-0.002,0.028,0.006,-0.169,0.0,0.0,0.0,0.0,0.0,0.0,-1.25,0.178,0.579,0.258,-0.0945312265539541,E288D
-7.789,43.64554074350504,6.207,0.014,1.216,1.073,-0.497,0.0,0.0,0.0,-0.351,-0.259,0.076,3.958,-0.564,-2.249,-0.579,43.705809446302816,G287Q
-1.468,31.613,-0.739,0.001,0.0,-0.027,0.082,0.0,0.0,0.0,0.0,0.0,0.076,0.0,-0.81,0.527,-0.841,28.412873318792663,G287A
-1.798,0.393,-0.472,0.011,-0.259,-0.151,0.054,0.0,0.0,0.0,0.0,0.0,0.016,-2.443,0.726,5.368,0.381,1.824260724552232,E288V
0.016,0.0,-0.03,0.001,-0.164,0.007,0.09,0.0,0.0,0.0,0.0,0.0,0.0,-1.869,0.203,2.01,0.063,0.3270641750511913,E288K
-4.836,0.573,4.147,0.014,0.785,-0.249,-1.734,0.0,0.0,0.0,-0.001,0.0,0.0,-0.171,0.133,1.274,0.139,0.0742836848628485,E288Q
-2.342,0.517,0.613,0.02,-0.21,-0.236,0.035,0.0,0.0,0.0,0.0,0.0,0.016,-2.244,0.662,5.029,0.341,2.199971293371391,E288I
-3.489,29.592,4.242,0.005,0.503,-0.435,-1.593,0.0,0.0,0.0,0.0,0.0,0.076,4.361,-0.353,-2.944,-0.58,29.385831545103883,G287D
2.919,-0.287,2.888,-0.007,0.409,-0.31,-0.064,0.0,0.0,0.0,0.0,0.308,0.0,-0.15,0.346,-1.296,0.25,5.004315562734973,Y286K
4.002,-0.637,2.355,-0.014,0.092,0.172,1.718,0.0,0.0,0.0,0.0,0.308,0.0,-0.792,-0.255,-1.922,-0.088,4.938292371093439,Y286N
-5.418,43.887,3.771,0.014,0.707,0.209,0.124,0.0,0.0,0.0,-0.351,-0.259,0.076,4.61,-0.481,-1.512,-0.773,44.60294692689354,G287K
0.0,0.0,0.0,0.0,0.0,0.0,0.0,0.0,0.0,0.0,0.0,0.0,0.0,0.0,0.0,0.0,0.0,0.0,E288E
-6.411,40.924409090837045,-0.831,0.032,0.215,0.111,0.366,0.0,0.0,0.0,0.0,0.0,0.011,1.542,-0.361,1.506,-0.438,39.41731767438526,G287I
0.305,-0.034,-1.162,0.002,0.025,0.012,1.345,0.0,0.0,0.0,0.0,0.308,0.0,-0.501,0.081,0.636,-0.018,0.999413809219277,Y286F
-0.124,0.0,0.007,0.007,-0.191,-0.005,0.036,0.0,0.0,0.0,0.0,0.0,0.0,-2.01,0.202,4.382,0.263,2.567535556413304,E288M
0.186,0.0,-0.471,-0.005,-0.298,0.009,0.088,0.0,0.0,0.0,0.0,0.0,0.0,-2.754,0.133,4.05,0.039,0.9768356317845246,E288A
0.0,0.0,0.0,0.0,0.0,0.0,0.0,0.0,0.0,0.0,0.0,0.0,0.0,0.0,0.0,0.0,0.0,0.0,G287G
1.618,49.15404184343884,1.002,-0.02,-0.174,0.572,2.168,32.324,0.0,0.683,0.0,0.308,0.134,-1.67,1.988,-2.225,13.201,49.88424031190339,Y286P
-0.066,0.0,-0.035,-0.002,0.117,-0.019,-0.022,0.0,0.0,0.0,0.0,0.0,0.0,-0.522,0.235,2.424,0.267,2.377296278817312,E288H
-1.92,0.416,0.023,-0.003,-0.267,-0.129,0.018,0.0,0.0,0.0,0.0,0.0,0.0,-2.086,0.473,5.98,0.189,2.6928035139376334,E288C
6.721,-0.465,1.747,-0.018,-0.202,0.197,1.799,0.0,0.0,0.0,0.0,0.308,0.0,-1.997,0.284,-0.872,0.369,7.86974535091781,Y286S
-0.072,0.0,-0.133,0.016,-0.05,-0.001,0.005,0.0,0.0,0.0,0.0,0.0,0.0,-0.453,0.423,3.307,0.393,3.433649804085689,E288Y
-2.737,0.162,2.267,0.008,-0.004,-0.019,-0.985,0.0,0.0,0.0,0.0,-0.262,0.0,-0.537,0.13,2.63,0.123,0.7742567553859772,E288R
1.986,-0.097,2.646,-0.005,0.107,-0.01,0.394,0.0,0.0,0.0,0.0,0.3,0.0,-0.003,0.078,-0.677,0.13,4.848121430250785,Y286R
-4.583,44.25719826939846,3.068,0.006,0.613,0.463,0.197,0.0,0.0,0.0,0.0,0.0,0.076,3.544,-0.127,-2.138,-0.272,44.437864829018565,G287N
-3.377,27.132,0.214,0.003,0.019,-0.013,0.044,0.0,0.0,0.0,0.0,0.0,0.076,1.984,-0.098,2.457,-0.207,28.23380133859814,G287C
2.928,0.007,2.41,-0.011,0.465,-0.014,1.73,0.0,0.0,0.0,0.0,0.308,0.0,-0.706,0.238,-2.033,0.204,5.524870725280607,Y286Q
4.009,-0.782,-2.451,-0.012,-0.441,0.036,0.487,0.0,0.0,0.0,0.272,0.0,0.0,-2.478,0.496,3.556,0.229,2.920314909604258,H289C
-9.962,49.999999999182585,5.668,0.08,2.11,1.806,7.513,0.0,0.0,0.0,-0.298,1.58,0.076,6.818,-0.594,-0.893,-0.747,49.999999999517044,G287R
-5.827,29.96,3.782,0.007,0.555,-0.109,0.017,0.0,0.0,0.0,0.0,0.0,0.076,2.935,-0.225,-1.098,-0.525,29.54819059912461,G287H
9.534,-2.323,-2.927,-0.015,-0.457,0.124,0.889,0.0,0.0,0.0,0.272,0.0,0.106,-2.65,0.663,1.099,0.641,4.955642366107668,H289G
4.279,2.03,2.303,-0.016,-0.158,0.457,0.587,0.0,0.0,0.0,0.0,0.308,0.0,-2.018,-0.127,0.57,0.113,8.32870986666694,Y286T
-3.294,29.529,0.536,0.013,0.102,-0.247,0.206,0.0,0.0,0.0,0.0,0.0,0.076,2.816,-0.089,0.354,-0.368,29.63147434586517,G287T
-1.804,29.2,1.235,0.004,0.082,-0.239,0.181,0.0,0.0,0.0,0.0,0.0,0.076,1.696,-0.185,-1.087,-0.501,28.65696349850191,G287S
0.0,0.0,0.0,0.0,0.0,0.0,0.0,0.0,0.0,0.0,0.0,0.0,0.0,0.0,0.0,0.0,0.0,0.0,Y286Y
-0.103,0.0,-0.104,0.011,-0.207,-0.002,0.007,0.0,0.0,0.0,0.0,0.0,0.0,-2.67,0.161,4.386,0.315,1.7930815590073053,E288L
-0.117,0.0,-0.122,0.012,-0.007,-0.001,0.065,0.0,0.0,0.0,0.0,0.0,0.0,-1.222,0.194,4.986,0.213,3.999433803323427,E288W
-0.271,0.0,1.137,-0.005,-0.245,-0.126,-0.018,0.0,0.0,0.0,0.0,0.0,0.0,-2.66,-0.051,2.435,-0.063,0.1334286146807244,E288S
-4.03,29.889,-0.842,0.021,0.063,-0.04,0.341,0.0,0.0,0.0,0.0,0.0,0.011,1.574,-0.271,1.845,-0.514,28.04522976823023,G287V
-1.918,3.471,-0.186,-0.004,-0.259,-0.116,0.225,0.833,0.0,0.0,0.0,0.0,-0.028,-1.954,-0.126,1.082,10.101,11.12086618940225,E288P
-6.454,23.364,2.831,0.03,0.335,-0.207,1.088,0.0,0.0,0.0,0.0,0.0,0.076,3.382,-0.137,-0.216,-0.589,23.501702488347743,G287Y
-8.932,49.99999538643583,-2.669,0.056,1.014,0.506,5.83,0.0,0.0,0.0,0.073,1.58,0.076,4.839,-0.275,1.463,-0.689,49.99999588708487,G287W
1.409,1.262,0.311,0.012,0.054,0.056,-0.059,0.0,0.0,0.0,0.272,0.0,0.0,2.048,0.216,-0.414,0.165,5.330952633736615,H289K
0.0,0.0,0.0,0.0,0.0,0.0,0.0,0.0,0.0,0.0,0.0,0.0,0.0,0.0,0.0,0.0,0.0,0.0,H289H
2.163,-0.48,2.882,0.001,0.482,-0.362,2.795,0.0,0.0,0.0,0.272,0.0,0.0,1.636,0.279,-2.423,0.202,7.446512730131644,H289E
6.82,-2.008,-4.217,-0.012,-0.455,0.182,0.816,0.0,0.0,0.0,0.272,0.0,0.0,-2.3,0.626,1.626,0.408,1.7575539453046076,H289A
1.671,5.182,-0.885,0.013,-0.286,-0.1,1.022,0.0,0.0,0.0,0.272,0.069,0.0,-1.013,0.115,1.963,0.057,8.078956819206724,H289L
1.573,-1.331,-1.23,-0.005,-0.271,0.227,1.071,0.0,0.0,0.0,0.272,0.0,0.0,-0.156,0.469,1.958,0.152,2.727694192224817,H289M
0.861,0.841,0.955,0.015,0.09,0.098,-0.106,0.0,0.0,0.0,0.272,0.0,0.0,1.655,0.156,0.206,0.11,5.1518689787315,H289R
6.505,10.128,-3.034,-0.033,-0.248,0.649,0.19,0.0,0.0,0.0,0.0,0.0,-0.006,-2.615,0.782,1.425,0.406,14.14894983841441,F290V
0.908,-0.044,0.813,0.006,0.428,-0.355,0.452,0.0,0.0,0.0,0.272,0.0,0.0,2.19,0.107,-1.15,0.051,3.6763136521378783,H289Q
6.157,-1.675,-0.23,-0.013,-0.426,-0.125,0.307,0.0,0.0,0.0,0.272,0.0,0.0,-1.937,0.156,0.011,0.21,2.705896304434873,H289S
8.703,-0.396,0.643,-0.02,-0.231,0.393,-0.859,0.0,0.0,0.0,0.0,0.0,0.0,-2.237,0.73,-0.066,1.56,8.217420916908168,F290T
3.812,-1.645,2.511,-0.01,-0.117,-0.45,0.186,0.0,0.0,0.0,0.272,0.0,0.0,0.129,-0.047,-1.845,-0.092,2.703126265063929,H289D
-2.278,49.62908629590878,-4.366,0.029,-0.321,0.503,0.296,0.0,0.0,0.0,0.272,-0.47,-0.068,1.495,0.666,2.605,0.514,49.61205474786537,H289I
5.347,0.207,-3.153,-0.027,-0.105,-0.227,1.331,0.0,0.0,0.0,0.073,0.212,0.0,-1.429,0.247,0.444,0.039,2.9561065849491115,F290L
-1.997,2.351,-1.048,0.01,0.009,-0.114,0.663,0.0,0.0,0.0,0.272,0.069,0.0,-0.456,0.192,2.562,0.186,2.6975091638626054,H289W
-0.204,0.952,-2.122,0.011,-0.093,0.086,0.63,0.0,0.0,0.0,0.272,0.069,0.0,-0.831,0.093,1.519,0.044,0.4247819220245219,H289F
-0.092,0.752,-2.952,0.008,-0.148,0.155,0.805,0.0,0.0,0.0,0.272,0.244,0.0,0.163,0.056,0.883,0.042,0.1891569437602811,H289Y
1.715,49.998156792919865,-1.497,-0.011,-0.396,0.325,2.296,13.418,0.802,0.0,0.272,0.0,0.476,-1.938,1.056,-1.342,12.215,49.99938374335415,H289P
2.914,-1.375,0.973,-0.007,-0.112,-0.511,-0.095,0.0,0.0,0.0,0.272,0.0,0.0,0.118,-0.123,-1.039,-0.117,0.8951779783105849,H289N
3.333,0.646,0.422,-0.007,-0.379,0.273,-1.016,0.0,0.0,0.0,0.272,0.0,0.0,-2.3,-0.028,1.453,0.127,2.7970448364187632,H289T
3.341,0.126,6.61,-0.036,0.173,-0.571,1.201,0.0,0.0,0.0,0.073,0.212,0.0,0.368,0.466,-1.932,0.32,10.35028223917584,F290K
0.942,46.19653190849511,-4.675,0.018,-0.398,0.468,0.786,0.0,0.0,0.0,0.272,-0.205,-0.068,1.143,0.7,2.944,0.56,46.543922718690915,H289V
5.929,-0.805,6.113,-0.043,0.197,0.168,-1.769,0.0,0.0,0.0,0.0,0.0,0.0,0.532,0.455,-3.942,0.303,7.1364201206909,F290E
9.073,-1.501,-1.25,-0.046,-0.249,0.398,0.102,0.0,0.0,0.0,0.0,0.0,0.0,-2.569,0.254,2.037,0.67,6.916051394222677,F290C
8.078,-1.31,5.734,-0.046,0.448,0.253,-1.73,0.0,0.0,0.0,-0.351,-0.202,0.0,-1.092,-0.243,-3.364,-0.298,5.875084061194002,F290D
13.247,-1.481,-2.46,-0.051,-0.306,0.46,0.12,0.0,0.0,0.0,0.0,0.0,0.378,-3.361,1.224,-0.42,1.786,9.133696615490408,F290G
6.319,49.963636636693636,-0.587,-0.046,-0.207,0.688,0.421,37.011,0.816,0.0,0.0,0.0,0.628,-3.012,0.77,-2.861,10.775,49.99521581140852,F290P
0.0,0.0,0.0,0.0,0.0,0.0,0.0,0.0,0.0,0.0,0.0,0.0,0.0,0.0,0.0,0.0,0.0,0.0,F290F
3.98,-0.827,5.823,-0.017,0.445,1.072,-1.909,0.0,0.0,0.0,-3.525,0.0,0.0,-0.142,0.219,-2.669,0.107,2.555617780073817,F290Q
10.584,-0.874,0.717,-0.048,-0.275,0.372,-0.994,0.0,0.0,0.0,0.0,0.0,0.0,-2.718,0.787,-1.508,0.76,6.802062322453594,F290S
7.649,-1.493,2.707,-0.042,0.374,-0.575,0.811,0.0,0.0,0.0,0.0,0.0,0.0,-1.562,-0.245,-2.558,-0.212,4.8521467253292485,F290N
-6.691,45.291,1.34,0.306,0.355,0.275,-1.907,0.0,0.0,0.0,-0.01,0.0,0.0,2.359,0.22,1.043,0.259,42.839589356226725,F290W
11.507,-1.5,-2.918,-0.049,-0.306,0.503,0.222,0.0,0.0,0.0,0.0,0.0,0.0,-3.361,0.424,0.107,0.267,4.894309138700692,F290A
2.855,49.88767891245149,-2.656,0.013,-0.166,0.516,-0.594,0.0,0.0,0.0,0.0,0.0,-0.006,-0.963,0.714,1.086,0.454,49.893158023953156,F290I
3.015,0.41,-0.846,-0.042,-0.129,-0.023,-0.004,0.0,0.0,0.0,0.0,0.0,0.0,-1.298,0.304,0.439,0.332,2.158735893829089,F290M
-1.418,3.763,3.498,-0.002,0.031,-0.017,-0.032,0.0,0.0,0.0,0.0,0.0,0.0,0.565,0.043,-0.636,0.168,5.961267626860263,F290Y
2.251,4.969,5.067,-0.028,0.501,0.183,2.905,0.0,0.0,0.0,0.073,0.911,0.0,-0.678,0.211,-1.313,0.287,15.33698145397898,F290R
3.243,-1.447,4.347,-0.041,0.34,-0.347,-0.775,0.0,0.0,0.0,0.0,0.0,0.0,-0.638,-0.112,-1.519,0.159,3.210346946430036,F290H
-2.788,0.04,0.57,0.022,0.122,0.041,-0.177,0.0,0.0,0.0,0.0,0.0,0.043,0.051,-0.07,0.864,-0.238,-1.521765755401475,G291L
-1.93,0.003,3.062,0.009,0.37,-0.425,1.267,0.0,0.0,0.0,0.0,0.0,0.043,2.49,-0.766,-2.944,-0.528,0.6483726684184603,G291D
-5.056,18.584,0.41,0.009,0.075,0.172,-0.281,5.988,0.0,0.0,0.0,0.0,0.075,0.059,-0.211,-2.441,0.529,17.90978384439495,G291P
-2.045,0.005,1.664,0.011,0.407,-0.103,-0.015,0.0,0.0,0.0,0.0,0.0,0.043,2.583,0.089,-3.522,-0.169,-1.055057660599232,G291E
-0.564,0.005,-0.055,0.004,0.0,-0.016,-0.023,0.0,0.0,0.0,0.0,0.0,0.043,0.0,0.181,0.527,-0.118,-0.0179406472177561,G291A
-2.673,0.319,0.101,0.006,0.053,0.039,-0.151,0.0,0.0,0.0,0.0,0.0,0.043,0.746,-0.067,2.457,-0.371,0.5014135169542442,G291C
-4.74,1.539,3.254,0.008,0.464,-0.311,-0.282,0.0,0.0,0.0,0.0,0.0,0.043,1.454,-0.423,-1.098,-0.465,-0.5596797695900477,G291H
-5.557,4.521,1.32,0.028,0.279,0.314,0.227,0.0,0.0,0.0,0.0,0.0,0.043,1.927,-0.25,0.421,-0.41,2.8597347484731017,G291F
0.0,0.0,0.0,0.0,0.0,0.0,0.0,0.0,0.0,0.0,0.0,0.0,0.0,0.0,0.0,0.0,0.0,0.0,G291G
-2.615,0.005,1.94,0.012,0.184,-0.122,-0.215,0.0,0.0,0.0,0.0,0.0,0.043,0.813,0.081,-1.512,0.04,-1.3490115635265738,G291K
-5.162,4.49,0.107,0.064,0.279,0.105,-0.004,0.0,0.0,0.0,0.0,0.0,0.105,2.676,0.614,1.506,0.165,4.943687045974457,G291I
-2.739,0.021,2.748,0.01,0.347,-0.457,-0.101,0.0,0.0,0.0,0.0,0.0,0.043,2.337,-0.87,-2.138,-0.594,-1.3939712403334852,G291N
-2.198,0.006,1.421,0.012,0.272,-0.07,-0.502,0.0,0.0,0.0,0.0,0.0,0.043,2.355,-0.095,-2.249,-0.245,-1.2522022670113984,G291Q
-3.343,0.407,0.402,0.012,0.121,-0.077,-0.03,0.0,0.0,0.0,0.0,0.0,0.043,1.436,0.111,0.86,-0.407,-0.4670962946750023,G291M
-5.701,2.623,2.895,0.024,0.326,0.016,0.734,0.0,0.0,0.0,0.0,0.0,0.043,1.512,-0.142,1.463,-0.302,3.4885371924310675,G291W
-1.075,0.003,1.39,0.005,0.083,-0.142,-0.166,0.0,0.0,0.0,0.0,0.0,0.043,0.184,0.015,-1.087,-0.072,-0.8221134743755556,G291S
-4.011,0.972,3.473,0.026,0.513,0.219,-2.387,0.0,0.0,0.0,-0.474,0.0,0.043,2.198,-0.032,-0.893,-0.177,-0.5309630717895288,G291R
-2.214,0.01,1.223,0.01,0.095,-0.077,-0.245,0.0,0.0,0.0,0.0,0.0,0.043,0.009,-0.051,0.354,-0.02,-0.8641922353888276,G291T
0.0,0.0,0.0,0.0,0.0,0.0,0.0,0.0,0.0,0.0,0.0,0.0,0.0,0.0,0.0,0.0,0.0,0.0,H292H
-3.443,0.081,-0.551,0.023,0.06,0.017,0.019,0.0,0.0,0.0,0.0,0.0,0.105,0.007,0.82,1.845,0.253,-0.766211891097555,G291V
-6.382,6.432,2.764,0.026,0.292,0.137,-0.104,0.0,0.0,0.0,0.0,0.0,0.043,2.012,-0.191,-0.216,-0.345,4.467637226108309,G291Y
6.635,-2.763,-6.875,0.0,-0.884,0.17,2.404,0.0,0.0,0.0,0.916,0.0,0.0,-1.322,0.195,3.556,-0.085,1.9442329042067288,H292C
6.407,-0.244,-7.585,0.016,-0.864,0.042,3.506,0.0,0.0,0.0,0.916,-0.52,-0.058,-0.862,1.048,2.944,0.629,5.371569248129617,H292V
-1.59,14.431,-0.147,0.002,0.0,0.123,0.033,0.0,0.0,0.0,0.0,0.0,0.098,0.0,-0.674,0.527,-0.794,12.006965238050045,G293A
6.888,-2.315,-2.944,0.002,-0.752,1.117,0.079,0.0,0.0,0.0,0.916,-1.748,0.0,-0.895,-0.215,0.011,-0.183,-0.0412466242578375,H292S
-5.768,16.934,2.066,0.048,0.248,-0.041,-0.67,0.0,0.0,0.0,0.0,0.0,0.098,3.57,-0.299,0.421,-0.394,16.21106498174254,G293F
-2.954,14.811,2.332,0.008,0.094,-0.133,-0.879,0.0,0.0,0.0,0.0,0.0,0.098,0.652,-0.11,0.354,-0.112,14.15972010715086,G293T
-2.447,3.232,0.554,0.004,0.078,0.118,0.416,3.352,0.0,0.0,0.0,0.0,0.093,0.309,-1.529,-2.441,0.633,2.370607378165687,G293P
-2.047,7.15,2.725,0.003,0.088,-0.048,-0.742,0.0,0.0,0.0,0.0,0.0,0.098,0.938,-0.627,-1.087,-0.567,5.880881864520006,G293S
-5.1,35.742,1.475,0.031,0.066,-0.21,-0.23,0.0,0.0,0.0,0.0,0.0,0.098,2.677,-0.448,0.864,-0.366,34.59723426235064,G293L
-5.779,7.503,3.118,0.014,0.182,-0.037,0.139,0.0,0.0,0.0,0.0,0.0,0.098,2.748,-0.294,0.86,-0.509,8.040381583863791,G293M
-4.272,6.455,1.516,0.006,0.058,0.094,-0.176,0.0,0.0,0.0,0.0,0.0,0.098,1.476,-0.133,2.457,-0.551,7.026043853217061,G293C
-5.8,7.375,4.458,0.02,0.367,-0.03,0.582,0.0,0.0,0.0,0.0,0.0,0.098,3.638,-0.374,-1.512,-0.367,8.45300255308166,G293K
8.124,-2.632,-4.786,0.002,-0.605,0.203,1.844,0.0,0.0,0.0,-0.091,0.0,0.0,0.587,0.615,-1.845,0.487,1.900703286076805,H292D
-6.149,15.354,1.583,0.034,0.132,0.082,0.009,0.0,0.0,0.0,0.0,0.0,0.01,0.95,0.084,1.506,-0.075,13.51694807217109,G293I
-2.899,39.993,-5.082,0.019,-0.457,0.219,1.955,0.0,0.0,0.0,0.916,0.0,0.0,0.361,-0.162,1.519,-0.156,36.22589341508683,H292F
-3.847,13.444,5.842,0.005,0.889,0.164,2.09,0.0,0.0,0.0,0.0,0.0,0.098,4.108,-0.455,-2.944,-0.487,18.90486322481911,G293D
-5.86,7.175,6.917,0.013,0.487,-0.683,0.35,0.0,0.0,0.0,0.0,0.0,0.098,4.139,-0.426,-3.522,-0.437,8.249710646724452,G293E
-6.272,17.119,5.097,0.006,1.084,0.572,-0.582,0.0,0.0,0.0,0.0,0.0,0.098,2.797,-0.498,-1.098,-0.403,17.918598579467698,G293H
0.0,0.0,0.0,0.0,0.0,0.0,0.0,0.0,0.0,0.0,0.0,0.0,0.0,0.0,0.0,0.0,0.0,0.0,G293G
8.992,-2.774,-7.666,-0.002,-0.922,-0.007,3.599,0.0,0.0,0.0,0.916,-0.52,0.0,-1.14,-0.205,1.626,0.076,1.9701985343581327,H292A
11.16,-4.264,2.108,-0.022,-0.267,-0.14,0.15,0.0,0.0,0.0,0.0,0.0,-0.074,-1.3,0.587,-0.863,0.383,7.455626107103626,L294G
7.482,-1.495,-4.807,0.007,-0.232,0.292,1.845,0.0,0.0,0.0,-0.996,0.0,0.0,2.491,0.446,-2.423,0.303,2.912427021818303,H292E
6.355,-1.727,-3.133,0.005,-0.828,-0.204,2.572,0.0,0.0,0.0,0.916,-0.52,0.0,1.061,0.551,-0.414,0.299,4.932319180773675,H292K
5.13,0.401,-2.503,0.014,-0.28,1.331,-0.237,0.0,0.0,0.0,0.596,-2.033,0.0,0.891,0.232,0.206,0.072,3.818487876619656,H292R
9.655,-2.783,-7.559,-0.003,-0.928,0.067,3.238,0.0,0.0,0.0,0.916,0.0,0.09,-1.39,0.514,1.099,1.032,3.946016772463281,H292G
-5.645,8.895,5.917,0.007,0.86,0.874,-0.983,0.0,0.0,0.0,0.0,0.0,0.098,3.694,-0.184,-2.138,-0.197,11.197019153927611,G293N
3.152,0.588,-6.652,0.034,-0.73,-0.204,3.236,0.0,0.0,0.0,0.916,0.0,0.0,-0.693,0.991,1.963,1.042,3.6412596842610574,H292L
-6.206,10.466,5.047,0.012,0.348,-0.782,-0.022,0.0,0.0,0.0,0.0,0.0,0.098,3.714,-0.303,-2.249,-0.349,9.771554381046371,G293Q
5.966,-1.825,-6.855,0.021,-0.859,-0.122,3.616,0.0,0.0,0.0,0.916,-0.52,-0.058,-0.765,1.055,2.605,0.817,3.989680451421236,H292I
-8.564,19.334,3.166,0.051,0.332,-0.054,-0.461,0.0,0.0,0.0,0.0,0.0,0.098,2.72,-0.475,1.463,-0.42,17.186839308974868,G293W
3.601,-3.763,6.204,-0.014,0.579,-0.169,-0.963,0.0,0.0,0.0,0.0,0.0,0.0,1.285,0.345,-3.001,0.185,4.287640565979928,L294N
6.617,-1.775,-3.752,0.003,-0.807,-0.403,1.348,0.0,0.0,0.0,0.916,-0.52,0.0,3.256,0.427,-1.15,0.331,4.489319604753291,H292Q
4.987,-0.879,-5.348,0.007,-0.97,-0.71,3.629,0.0,0.0,0.0,0.916,0.0,0.0,1.242,0.397,1.958,0.374,5.6025377002142704,H292M
-4.183,12.748,0.626,0.023,0.055,0.032,-0.196,0.0,0.0,0.0,0.0,0.0,0.01,0.799,0.018,1.845,-0.173,11.602036315137411,G293V
3.754,-0.007,-0.123,0.009,-0.522,-0.108,2.753,0.0,0.0,0.0,0.0,0.52,0.0,1.216,0.569,-2.423,0.368,6.006266424996738,H296E
-6.494,7.709,4.919,0.02,0.546,0.165,0.36,0.0,0.0,0.0,0.0,0.0,0.098,2.898,-0.473,-0.893,-0.429,8.42617275540647,G293R
8.856,-3.812,1.35,-0.021,-0.267,-0.057,0.007,0.0,0.0,0.0,0.0,0.0,0.0,-1.3,-0.169,-0.336,-0.37,3.879810631035753,L294A
-6.114,16.549,3.088,0.046,0.255,0.052,-0.147,0.0,0.0,0.0,0.0,-1.196,0.098,4.078,-0.265,-0.216,-0.324,15.903281354184172,G293Y
5.292,-2.635,-2.477,0.01,-0.11,-0.085,0.64,0.0,0.0,0.0,0.038,0.0,0.0,1.654,0.569,-1.039,0.31,2.165675394128584,H292N
2.894,40.85751267549263,4.798,-0.006,0.028,0.199,1.325,5.426,0.0,0.0,0.692,0.652,-0.033,1.287,0.252,-3.304,0.308,44.66996772513409,L294P
-10.539,49.94597185915646,6.637,0.058,-0.198,1.509,-6.274,4.36,0.0,0.0,0.215,-0.719,0.0,6.046,-0.076,2.562,0.322,49.95377402349869,H292W
0.0,0.0,0.0,0.0,0.0,0.0,0.0,0.0,0.0,0.0,0.0,0.0,0.0,0.0,0.0,0.0,0.0,0.0,H296H
6.102,22.526,-7.001,0.001,-0.824,-0.068,4.035,49.7455719861723,0.0,0.0,0.916,0.0,0.133,-1.39,7.394,-1.342,19.284,49.965164838999804,H292P
5.127,-0.083,-0.442,-0.002,-0.07,-0.305,0.856,0.0,0.0,0.0,0.241,-0.965,0.0,1.084,0.48,-1.845,0.222,4.299367309011359,H296D
-2.438,43.569,1.843,-0.012,0.012,-0.182,-0.159,10.015,0.0,0.0,0.0,0.0,0.0,1.362,0.155,-0.004,0.03,39.73034066031847,L294M
-4.651,31.647,0.132,0.023,-0.449,0.598,1.381,0.0,0.0,0.0,0.916,0.0,0.0,1.673,-0.039,0.883,-0.125,31.9871351303791,H292Y
7.037,-2.746,-6.812,0.009,-0.853,-0.019,2.478,0.0,0.0,0.0,0.916,0.0,0.0,-1.325,0.421,1.453,0.211,0.7676494326558441,H292T
9.584,-0.747,-7.516,-0.009,-0.983,-0.08,2.219,0.0,0.0,0.0,0.223,0.52,0.097,-2.452,0.32,1.099,0.814,3.0900907715531503,H296G
0.0,0.0,0.0,0.0,0.0,0.0,0.0,0.0,0.0,0.0,0.0,0.0,0.0,0.0,0.0,0.0,0.0,0.0,L294L
8.144,-0.845,-7.438,-0.005,-0.978,0.24,2.029,0.0,0.0,0.0,0.0,0.52,0.0,-2.102,-0.088,1.626,0.156,1.259187247049795,H296A
5.246,-3.737,8.097,-0.018,0.552,-0.302,-2.67,0.0,0.0,0.0,0.0,0.0,0.0,1.849,0.178,-3.807,-0.094,5.294332678207184,L294D
-3.778,47.02360077584167,15.265,-0.005,0.361,0.715,2.101,10.015,0.0,0.0,0.0,0.0,0.0,1.133,0.12,-2.376,-0.27,48.80562194645886,L294K
-4.97,49.99998316532789,0.569,0.006,0.184,-0.433,-0.357,3.166,0.0,0.0,0.0,0.0,0.0,2.065,0.519,-0.443,0.043,49.99998339913995,L294F
-6.757,49.99999999935818,4.744,0.005,0.202,-0.158,-0.083,3.166,0.0,0.0,0.0,0.0,0.0,2.103,0.539,-1.079,-0.042,49.99999999942247,L294Y
5.504,-3.613,2.137,-0.018,-0.209,-0.113,-0.65,0.0,0.0,0.0,0.0,0.0,0.0,0.819,0.565,1.594,0.151,6.164835202077256,L294C
1.04,3.389,-5.665,0.02,-0.917,0.985,2.025,0.0,0.0,0.0,0.0,0.0,-0.057,-0.98,1.498,2.605,1.119,5.062612914596002,H296I
5.126,-0.772,-6.227,-0.004,-0.935,0.435,1.039,0.0,0.0,0.0,0.0,0.52,0.0,-2.061,0.023,3.556,-0.194,0.5078095590433804,H296C
4.11,39.647339655250555,-6.621,0.003,-0.894,-0.529,3.308,49.169337028367124,0.0,0.0,1.61,0.519,0.101,1.599,7.389,-1.342,10.077,49.95537767569896,H296P
0.749,2.464,-4.711,0.042,-0.356,0.31,0.92,0.0,0.0,0.0,0.0,0.52,0.0,2.486,-0.204,1.519,-0.147,3.593553032200589,H296F
-0.245,40.147,0.685,0.007,-0.129,-0.091,-0.184,0.0,0.0,0.0,0.0,0.0,-0.055,0.289,0.433,0.643,0.028,41.5272186814791,L294I
5.245,-3.526,4.485,0.0,-0.195,-0.041,-2.119,0.0,0.0,0.0,0.0,-0.78,0.0,-0.391,0.594,-0.509,0.198,2.959269851973886,L294T
3.894,-0.826,-1.693,0.003,-0.193,-0.061,0.317,0.0,0.0,0.0,0.0,0.52,0.0,1.581,0.484,-1.039,0.095,3.082705977787328,H296N
7.645,-0.849,-4.713,-0.005,-0.91,0.13,0.724,0.0,0.0,0.0,0.0,0.52,0.0,-2.054,-0.227,0.011,-0.241,0.0340406613643153,H296S
-11.836,49.99999999934469,2.322,-0.002,0.306,-0.48,-0.147,0.0,0.0,0.0,0.0,0.0,0.0,2.863,0.298,0.6,-0.203,49.99999999915754,L294W
2.442,1.624,-6.477,0.034,-0.688,0.449,1.801,0.0,0.0,0.0,0.0,0.52,0.0,-0.998,1.041,1.963,1.108,2.819236360997593,H296L
0.24,0.774,-4.398,0.013,-0.672,0.379,1.46,0.0,0.0,0.0,0.0,0.52,0.0,1.88,0.467,1.958,0.479,3.10146835565547,H296M
2.646,-0.085,1.508,0.021,-0.268,0.554,-4.341,0.0,0.0,0.0,0.0,-0.185,0.0,2.139,0.635,-0.414,0.36,2.5709910047226003,H296K
1.675,-2.208,10.929,0.004,1.021,-0.336,-2.417,0.0,0.0,0.0,0.0,0.0,0.0,3.441,-0.116,-4.386,-0.338,7.266398325404907,L294E
-2.059,44.17765585638155,7.563,-0.016,0.489,-0.547,-0.779,0.0,0.0,0.0,0.0,0.0,0.0,2.093,0.371,-1.962,-0.019,45.20666944256095,L294H
2.985,3.342,-7.231,0.013,-0.92,0.826,2.123,0.0,0.0,0.0,0.0,0.0,-0.057,-1.028,1.54,2.944,0.889,5.4256124797677785,H296V
-0.234,-0.538,8.45,-0.009,0.042,0.03,0.771,0.0,0.0,0.0,0.0,0.0,0.0,2.481,0.006,-3.112,-0.099,7.787374038359758,L294Q
-6.032,48.871665444832715,4.852,-0.004,-0.175,0.669,-0.147,0.0,0.0,0.0,-0.188,-1.235,0.032,1.136,-0.607,-1.087,-0.561,48.71195843443103,G297S
2.825,0.599,-1.555,0.009,-0.637,-0.118,1.154,0.0,0.0,0.0,-0.154,0.52,0.0,0.912,0.528,-1.15,0.412,3.3479775002936094,H296Q
2.547,35.43,0.644,0.004,-0.188,-0.361,-0.275,0.0,0.0,0.0,0.0,0.0,-0.055,1.371,0.493,0.982,0.019,40.6083237652922,L294V
5.019,0.1,-4.537,0.006,-0.898,0.426,1.06,0.0,0.0,0.0,0.0,0.0,0.0,-1.797,0.555,1.453,0.315,1.7029757140223865,H296T
-2.371,0.921,5.781,0.028,-0.201,0.148,-4.346,0.0,0.0,0.0,-0.193,0.168,0.0,1.029,0.254,0.206,0.077,1.5036319171144896,H296R
7.755,-3.605,5.939,-0.02,-0.238,-0.023,-2.079,0.0,0.0,0.0,0.0,-0.844,0.0,0.05,0.26,-1.951,-0.125,5.118000238704099,L294S
0.273,2.138,-3.088,0.034,-0.366,0.208,0.964,0.0,0.0,0.0,0.0,0.0,0.0,2.288,-0.11,0.883,-0.121,3.104852345585641,H296Y
-4.014,47.65106837270384,-1.185,-0.002,-0.01,0.46,0.4,0.0,0.0,0.0,0.464,0.0,0.254,0.0,2.511,0.527,1.969,47.7736633686816,G295A
-10.141,49.88006314731804,13.148,0.002,0.562,0.432,0.574,0.0,0.0,0.0,0.464,0.0,0.254,5.362,2.105,-2.944,1.006,49.92217263800999,G295D
-6.99,49.99989421172552,12.199,-0.006,0.502,0.196,0.33,0.0,0.0,0.0,0.0,0.0,0.0,1.9,0.019,-1.756,-0.213,49.99991738083278,L294R
-12.568,49.99999998152837,-0.934,0.019,-0.003,0.572,1.6,0.0,0.0,0.0,0.464,0.0,0.121,1.784,6.478,1.845,3.776,49.999999983715725,G295V
0.728,0.01,-2.088,0.027,-0.083,0.3,1.466,0.0,0.0,0.0,0.0,0.0,0.0,1.997,-0.143,2.562,0.308,5.0845633230555904,H296W
-18.816,49.99157097445885,21.079,0.011,-0.362,3.557,6.556,5.691,0.0,0.0,0.031,-2.263,0.032,7.585,-0.417,-1.512,-0.402,49.99632686426628,G297K
-14.01,49.999976706822395,14.063,0.024,1.353,0.944,3.143,0.0,0.0,0.0,0.464,0.0,0.254,5.71,3.129,-3.522,2.361,49.99998664766502,G295E
-18.318,49.99999999999997,13.352,0.02,1.191,0.729,1.169,0.0,0.0,0.0,0.464,0.0,0.254,5.594,2.999,-1.512,2.413,49.99999999999998,G295K
-16.102,49.944307338755515,15.117,0.012,0.297,1.017,-0.563,5.691,0.0,0.0,0.173,-0.717,0.032,7.555,-0.347,-2.249,-0.411,49.96191425372686,G297Q
-17.616,50.0,2.059,0.039,0.023,-1.191,2.178,0.0,0.0,0.0,1.611,0.0,0.121,6.219,5.088,1.506,3.236,50.0,G295I
-19.947,49.999999610043176,-1.219,0.029,0.32,0.641,0.983,0.0,0.0,0.0,0.464,0.0,0.254,3.785,2.722,0.421,2.049,49.999999429763584,G295F
0.0,0.0,0.0,0.0,0.0,0.0,0.0,0.0,0.0,0.0,0.0,0.0,0.0,0.0,0.0,0.0,0.0,0.0,G295G
-6.619,47.04535517701467,6.71,-0.002,0.076,-0.013,0.006,0.0,0.0,0.0,0.464,0.0,0.254,3.077,1.952,-1.087,1.254,47.66730126129936,G295S
-10.843,49.52480644602492,14.88,-0.003,0.196,1.034,3.52,0.0,0.0,0.0,-0.362,-0.519,0.032,2.552,-0.424,-2.944,-0.464,49.635438732512895,G297D
-19.61,49.9999189488908,5.814,0.008,-0.206,1.972,0.825,0.0,0.0,0.0,-0.933,-1.235,0.032,4.305,-0.349,0.86,-0.572,49.99988340066867,G297M
-15.95,49.99999953639355,9.963,0.017,1.2,1.363,-0.71,0.0,0.0,0.0,0.464,0.0,0.254,4.334,2.921,-2.249,2.433,49.999999605564284,G295Q
-10.154,49.84188808666345,1.452,-0.002,-0.197,1.167,0.652,0.0,0.0,0.0,-0.188,-0.715,0.032,1.506,-0.156,2.457,-0.59,49.80895188738461,G297C
-3.869,48.895728274954145,-1.098,0.001,0.0,0.442,0.293,0.0,0.0,0.0,0.0,0.0,0.032,0.0,-0.639,0.527,-0.769,48.65020315516541,G297A
-17.72,49.999809746224514,8.704,0.006,0.682,0.285,-0.145,0.0,0.0,0.0,0.464,0.0,0.254,4.449,2.142,-1.098,1.354,49.99980492899896,G295H
-27.68,49.99999999967979,1.176,0.028,0.393,0.242,1.07,0.0,0.0,0.0,0.464,0.0,0.254,4.027,2.478,1.463,2.735,49.99999999945371,G295W
-23.415,49.99999999987349,12.611,0.033,0.686,0.25,0.432,0.0,0.0,0.0,0.464,0.0,0.254,5.291,2.612,-0.893,2.234,49.99999999987628,G295R
-11.16,49.96841856017609,1.783,0.001,0.088,0.265,1.02,49.977527311828695,0.0,1.555,0.223,0.0,0.123,1.955,7.366,-2.441,12.238,49.99999578053515,G295P
-10.472,49.872151475376995,1.271,0.0,0.055,0.225,1.498,0.0,0.0,0.0,0.464,0.0,0.254,3.023,2.198,2.457,1.204,49.882784920997295,G295C
-15.991,49.999998349099776,3.748,0.017,-0.048,0.632,2.542,5.691,0.0,0.0,0.173,-0.196,0.032,5.662,-0.51,0.864,-0.439,49.99999848669695,G297L
-15.68,49.99995998876283,0.132,0.261,0.231,0.665,0.879,0.0,0.0,0.0,0.464,0.0,0.254,5.135,3.843,0.864,3.199,49.99996037761165,G295L
-21.712,49.999999999791356,1.826,0.028,0.317,0.776,0.848,0.0,0.0,0.0,0.464,0.0,0.254,3.91,2.774,-0.216,2.018,49.99999999970433,G295Y
-9.984,49.99810657656743,6.396,0.01,0.058,0.792,2.763,0.0,0.0,0.0,0.277,0.0,0.254,2.144,2.719,0.354,1.903,49.99860756417171,G295T
-17.597,49.99999985949599,2.379,0.016,0.22,0.564,0.806,0.0,0.0,0.0,0.464,0.0,0.254,4.385,2.916,0.86,2.808,49.99999984823839,G295M
-12.226,49.329943291537525,10.36,0.0,0.033,0.514,1.636,5.691,0.0,0.0,-0.188,-0.715,0.032,6.195,-0.218,-2.138,-0.222,49.52692604569545,G297N
-12.143,49.8814920931123,9.307,0.008,0.513,0.485,-0.673,0.0,0.0,0.0,0.464,0.0,0.254,5.489,2.081,-2.138,1.099,49.90195520705237,G295N
-24.77,49.9999999999999,19.553,0.016,0.234,2.587,-1.651,3.938,0.0,0.0,-0.188,-1.634,0.032,4.662,-0.501,-0.893,-0.459,49.9999999999999,G297R
-19.907,49.98661798507229,4.11,0.031,-0.364,1.689,7.541,0.0,0.0,0.0,0.031,-1.074,0.032,5.977,-0.356,0.421,-0.447,49.98531782519559,G297F
-8.691,49.99991647383729,6.99,0.017,1.102,2.116,5.487,26.496,0.0,0.0,0.341,-2.013,0.032,7.962,-0.15,0.354,-0.149,49.99998306351448,G297T
0.0,0.0,0.0,0.0,0.0,0.0,0.0,0.0,0.0,0.0,0.0,0.0,0.0,0.0,0.0,0.0,0.0,0.0,G297G
-17.529,49.79100437437795,11.55,0.016,0.037,-0.007,10.098,0.0,0.0,0.0,0.15,0.705,0.032,5.351,-0.519,-1.098,-0.452,49.850155510258425,G297H
-14.794,49.99999672315617,2.722,0.062,1.191,1.637,6.488,0.0,0.0,0.0,0.515,-1.611,0.03,7.722,0.036,1.506,-0.089,49.9999973609626,G297I
-11.483,49.99999999813616,0.358,0.027,1.225,1.849,5.458,0.0,0.0,0.0,0.341,-1.493,0.03,3.537,-0.034,1.845,-0.193,49.9999999982423,G297V
-15.276,49.947458679683066,18.499,0.003,0.405,1.489,-0.103,5.691,0.0,0.0,-2.426,-1.051,0.032,6.628,-0.456,-3.522,-0.467,49.96398362181507,G297E
-11.284,49.9999999999819,0.309,-0.002,-0.132,1.0,3.89,6.958,0.0,0.355,-0.188,-0.715,0.026,0.509,-1.428,-2.441,1.097,49.99999999998035,G297P
-25.071,49.99918967723736,8.663,0.028,-0.111,2.356,14.606,0.0,0.0,0.0,0.897,0.186,0.032,5.694,-0.544,1.463,-0.465,49.99940520987708,G297W
-2.412,3.986,1.504,0.011,-0.056,0.238,-0.056,0.0,0.0,0.0,0.223,0.0,0.0,2.32,0.133,-0.339,0.079,5.630960586471474,V298I
-20.614,49.9989918919223,9.022,0.041,0.981,0.812,8.11,5.691,0.0,0.0,0.986,-0.943,0.032,9.879,-0.318,-0.216,-0.404,49.999402019268935,G297Y
7.786,-0.7,0.439,-0.017,-0.044,0.071,0.468,0.0,0.0,0.0,0.0,0.0,0.048,-0.403,2.121,-1.844,2.71,10.63254505266832,V298G
2.29,-0.428,1.532,-0.014,-0.013,-0.003,0.221,0.0,0.0,0.0,0.0,0.0,0.034,0.869,0.861,0.612,0.713,6.673349457740642,V298C
-0.109,49.470561497861055,1.837,-0.014,0.137,0.095,1.294,49.02460392166106,0.0,0.917,-0.174,0.196,0.074,-0.057,7.675,-4.286,6.546,49.9970212101973,V298P
5.981,-1.255,-0.306,-0.015,-0.04,-0.003,0.362,0.0,0.0,0.0,0.0,0.0,0.034,-0.053,1.246,-1.318,1.094,5.726580337324776,V298A
1.26,1.232,10.644,-0.013,0.268,-0.628,2.728,0.0,0.0,0.0,0.0,0.0,0.034,3.967,1.591,-4.788,0.967,17.260870696804204,V298D
-2.078,2.213,10.755,-0.006,0.472,0.476,6.428,0.0,0.0,0.0,0.0,0.0,0.034,3.159,0.945,-4.093,0.476,18.779672108883915,V298Q
-1.517,5.215,12.787,-0.012,0.142,1.574,2.233,0.0,0.0,0.0,0.223,0.0,0.034,4.273,0.91,-5.367,0.538,21.03203428490292,V298E
0.0,0.0,0.0,0.0,0.0,0.0,0.0,0.0,0.0,0.0,0.0,0.0,0.0,0.0,0.0,0.0,0.0,0.0,V298V
-4.757,11.771,15.972,0.008,0.377,0.124,5.177,0.0,0.0,0.0,0.0,0.0,0.034,4.391,0.958,-3.357,0.377,31.07400239749404,V298K
-24.027,49.91106411557399,6.852,0.025,-0.449,1.309,3.196,0.0,0.0,0.0,1.156,1.873,-0.012,12.722,2.511,1.463,7.417,49.949250410634846,G299W
-8.428,49.999922164317844,7.227,0.015,0.205,-0.085,7.447,0.0,0.0,0.0,1.61,-0.794,0.034,6.142,0.698,-1.424,0.284,49.99995359728804,V298F
-9.831,49.99967609913235,12.546,0.016,0.235,0.094,5.882,0.0,0.0,0.0,1.61,-0.961,0.034,6.505,0.684,-2.06,0.264,49.99982235979151,V298Y
-3.976,12.417,5.8,-0.006,0.056,0.322,7.93,0.0,0.0,0.0,0.0,0.0,0.034,1.66,0.891,-0.985,0.649,24.79238636626769,V298M
-2.606,14.517,3.161,-0.002,0.069,0.303,5.609,0.0,0.0,0.0,0.279,0.0,0.034,1.369,0.7,-0.981,0.439,22.89068454821381,V298L
-8.274,17.616,12.239,-0.006,-0.224,-0.032,1.77,0.0,0.0,0.0,0.988,0.988,-0.012,6.806,1.696,-2.944,2.106,32.71445871778792,G299D
2.036,-0.551,3.291,-0.005,0.048,-0.089,-1.359,0.0,0.0,0.0,0.0,-0.804,0.034,0.701,0.576,-1.491,0.435,2.8199055479483377,V298T
1.431,7.479,-0.155,-0.02,-0.267,0.969,0.949,1.0,0.0,0.0,0.329,-0.377,0.017,0.177,0.325,-3.304,3.241,11.789036744474288,L300P
-1.431,0.408,6.213,-0.019,0.072,1.851,-1.025,0.0,0.0,0.0,-0.362,-2.524,0.0,3.065,0.057,-3.112,-0.134,3.05799028467618,L300Q
-4.039,18.633,2.354,-0.008,-0.538,0.824,4.229,0.0,0.0,0.0,0.988,0.988,-0.012,3.567,1.86,0.527,5.179,34.54925672154059,G299A
-15.159,37.864,6.446,-0.004,-0.513,1.109,4.642,0.0,0.0,0.0,1.457,1.779,-0.012,4.265,3.214,0.86,7.322,39.38462995826967,G299M
-7.857,18.466,3.739,-0.005,-0.518,0.745,3.876,0.0,0.0,0.0,0.988,0.785,-0.012,5.046,2.023,2.457,5.929,35.658229283696755,G299C
-13.319,49.939876303570145,10.371,0.005,0.15,1.027,11.319,0.0,0.0,0.0,1.61,0.0,0.034,5.995,0.815,-0.381,0.83,49.97125242078916,V298W
7.536,-0.574,1.391,-0.023,-0.092,0.296,-0.09,0.0,0.0,0.0,0.0,0.0,0.012,-0.43,0.79,-0.863,0.443,8.392694041862342,L300G
-2.89,2.051,1.941,-0.015,-0.092,1.919,0.591,0.0,0.0,0.0,-0.362,-1.24,0.0,1.269,0.073,-0.004,-0.004,3.2347352880376548,L300M
2.266,0.634,6.375,-0.018,0.19,1.674,-1.144,0.0,0.0,0.0,-0.362,-2.407,0.0,3.632,0.119,-3.807,-0.002,7.148178967508784,L300D
0.207,0.217,7.401,-0.011,0.41,0.353,0.656,0.0,0.0,0.0,-0.829,0.0,0.034,2.761,1.369,-3.983,0.804,9.388290897067009,V298N
-8.156,40.727,4.829,0.083,1.348,1.566,3.981,0.0,0.0,0.0,1.342,-0.502,0.002,5.808,3.574,1.845,7.174,42.722287469013395,G299V
-5.019,41.35269442649671,11.79,-0.007,0.333,-0.598,8.981,0.0,0.0,0.0,1.61,-0.979,0.034,4.66,0.714,-2.943,0.333,45.74621690600363,V298H
2.983,2.827,-0.663,-0.021,-0.301,0.786,-0.006,0.0,0.0,0.0,-0.188,-0.817,0.0,-0.18,0.476,1.594,-0.05,6.4368261532245015,L300C
-9.208,18.821,17.266,0.004,0.485,1.528,3.76,0.0,0.0,0.0,-0.945,-0.375,0.034,3.299,0.713,-2.737,0.308,32.95291259565806,V298R
5.07,-1.319,4.147,-0.015,0.01,-0.082,-1.507,0.0,0.0,0.0,0.0,-0.934,0.034,0.917,1.094,-2.932,0.581,5.062672551137439,V298S
-11.102,27.542,13.754,0.007,0.191,0.483,3.83,0.0,0.0,0.0,0.988,2.149,-0.012,8.177,2.818,-3.522,6.383,38.768715188426064,G299E
0.504,5.629,1.234,0.007,-0.083,0.434,0.873,0.0,0.0,0.0,0.0,0.0,-0.067,3.325,0.562,0.643,0.093,13.151297746846694,L300I
-12.686,31.417,12.594,0.026,1.569,0.631,6.818,0.0,0.0,0.0,0.988,1.947,-0.012,6.571,2.793,-2.249,7.254,40.9403770864778,G299Q
-17.162,41.55155611793833,4.355,0.025,-0.515,0.715,5.363,0.0,0.0,0.0,1.592,2.327,-0.012,8.146,2.817,0.421,6.075,45.020098127279134,G299F
2.292,-0.229,4.488,-0.011,0.19,0.012,0.461,0.0,0.0,0.0,0.0,0.0,0.0,1.123,0.227,-3.001,0.189,5.738923538851623,L300N
2.427,2.867,1.035,-0.02,-0.264,0.548,-0.08,0.0,0.0,0.0,-0.188,-0.817,0.0,0.586,0.345,-0.509,0.115,6.042847949989664,L300T
1.639,8.231,-0.82,-0.009,-0.334,1.077,1.134,0.0,0.0,0.0,-0.188,-0.817,-0.067,2.517,0.583,0.982,0.11,14.034933669443037,L300V
-1.603,3.426,5.291,-0.014,-0.126,0.484,0.663,0.0,0.0,0.0,-0.188,-0.817,0.0,1.756,0.181,-2.376,-0.205,6.470328101702535,L300K
-9.331,44.41196442913879,1.634,0.071,0.139,0.798,9.29,0.0,0.0,0.0,1.518,2.352,0.002,5.228,4.963,1.506,7.154,47.89564296975677,G299I
-18.511,41.98565809605185,8.142,0.023,-0.477,0.0,6.082,0.0,0.0,0.0,2.828,2.309,-0.012,7.65,2.157,-0.216,6.519,45.689780278394174,G299Y
-7.218,18.062,6.933,0.013,1.28,0.906,2.718,0.0,0.0,0.0,0.971,-0.778,-0.012,4.433,2.168,0.354,4.005,33.832045822054624,G299T
-8.265,15.94,6.45,0.009,1.353,1.206,4.743,49.91509304288857,0.659,0.0,1.175,-0.778,0.002,3.983,5.242,-2.441,8.293,49.981093305755095,G299P
-0.787,3.26,-1.918,-0.005,-0.225,0.718,0.482,0.0,0.0,0.0,-0.188,-0.817,0.0,-0.395,0.0,0.0,0.0,0.1229889695507608,L300L
-0.842,6.947,2.822,-0.015,0.109,0.713,0.369,0.0,0.0,0.0,-0.188,0.151,0.0,2.288,0.179,-1.962,-0.004,10.56591230606523,L300H
-3.968,3.435,7.358,0.005,1.259,0.871,3.293,0.0,0.0,0.0,0.971,-0.778,-0.012,4.744,1.475,-1.087,2.252,19.81520817141427,G299S
5.877,-0.492,0.319,-0.016,-0.089,0.217,0.061,0.0,0.0,0.0,0.0,0.0,0.0,-0.08,0.195,-0.336,-0.233,5.420272026618704,L300A
-9.047,10.099,10.893,0.011,1.525,0.426,3.13,0.0,0.0,0.0,0.971,-0.896,-0.012,8.675,2.008,-2.138,2.731,28.373311087729007,G299N
-0.611,-2.019,2.047,-0.001,0.198,1.034,0.529,0.0,0.0,0.0,-0.173,-0.631,0.0,-0.296,0.0,0.0,0.0,0.0768909042380983,G299G
-11.521,49.34322855047558,1.658,0.045,0.13,0.096,9.715,0.0,0.0,0.0,1.35,2.077,-0.012,5.365,3.222,0.864,7.289,49.70703807666641,G299L
-0.306,0.751,8.403,-0.016,0.147,2.058,-2.655,0.0,0.0,0.0,-0.362,-3.235,0.0,3.609,-0.046,-4.386,-0.255,3.7060723720328497,L300E
-16.235,32.782,20.089,0.048,1.344,1.719,9.824,0.0,0.0,0.0,0.243,1.148,-0.012,5.207,3.197,-1.512,7.173,43.08921988857656,G299K
5.323,-0.457,2.847,-0.016,-0.062,-0.111,-0.733,0.0,0.0,0.0,0.0,0.0,0.0,1.202,0.147,-1.951,-0.254,5.932716324750345,L300S
-14.264,28.696,12.77,0.03,1.32,1.024,5.038,0.0,0.0,0.0,0.305,1.447,-0.012,8.021,2.167,-1.098,5.954,38.65295935916642,G299H
-2.736,8.7,1.945,0.009,0.076,0.238,1.391,0.0,0.0,0.0,0.168,1.338,0.0,3.987,0.237,-0.443,0.125,15.032447939143822,L300F
-20.374,43.08409821611985,18.232,0.04,-0.043,1.255,3.819,0.0,0.0,0.0,0.411,1.529,-0.012,11.403,2.791,-0.893,6.175,47.2692990444985,G299R
-4.053,8.32,2.876,0.009,0.212,0.765,0.847,0.0,0.0,0.0,0.0,0.906,0.0,3.991,0.149,0.6,-0.073,14.547434972185329,L300W
-3.652,10.722,3.552,0.011,0.103,0.272,1.454,0.0,0.0,0.0,0.168,1.611,0.0,4.041,0.241,-1.079,0.083,17.524961875931012,L300Y
-3.717,3.018,6.497,-0.009,0.027,0.196,1.944,0.0,0.0,0.0,-0.188,-0.817,0.0,1.672,0.079,-1.756,-0.126,6.81692212638859,L300R
-1.625,1.221,0.353,0.0,0.125,1.715,0.343,0.0,0.0,0.0,-0.362,-0.966,0.0,-1.2,-0.04,1.357,0.089,1.0103919773669077,Q301R
1.477,-0.412,-0.323,0.001,-0.112,-0.494,0.799,0.0,0.0,0.0,0.0,0.0,0.0,0.413,0.103,-1.039,-0.304,0.1063591114573228,H303N
2.457,-0.463,-1.809,0.003,-0.196,0.145,0.403,0.0,0.0,0.0,0.0,0.0,0.0,0.998,0.45,-1.15,-0.005,0.8318943451904488,H303Q
2.741,-0.238,-0.249,0.005,0.22,0.131,1.568,0.0,0.0,0.0,0.0,0.273,0.0,-0.119,0.068,-1.845,-0.346,2.206258453309829,H303D
2.197,-0.174,-2.635,-0.001,-0.384,0.056,0.652,0.0,0.0,0.0,0.0,0.273,0.0,-1.024,0.212,3.556,0.456,3.1827761030679085,H303C
3.785,-1.887,-0.703,-0.029,-0.043,-0.298,0.222,0.0,0.0,0.0,0.0,0.205,0.061,0.628,0.636,0.951,0.4,3.927102026294051,I302C
6.911,-1.222,-0.973,-0.035,-0.058,-0.129,0.263,0.0,0.0,0.0,0.0,0.0,0.091,-0.609,0.977,-1.505,0.702,4.412734205231118,I302G
-0.222,0.418,-0.135,0.0,0.009,-0.059,0.543,0.0,0.0,0.0,0.0,0.273,0.0,0.0,0.0,0.0,0.0,0.8260223521074295,H303H
1.755,-0.091,-2.35,0.023,-0.322,0.048,0.375,0.0,0.0,0.0,0.0,0.0,0.044,-1.736,-0.263,2.605,-0.608,-0.5222719632220105,H303I
2.547,-0.452,-1.707,0.003,-0.076,0.075,0.395,0.0,0.0,0.0,0.0,0.0,0.0,0.754,0.565,-2.423,0.086,-0.2350944820088898,H303E
4.558,-0.656,-2.642,-0.003,-0.407,0.299,0.528,0.0,0.0,0.0,0.0,0.0,-0.1,-1.849,1.857,1.099,3.958,6.638816544464817,H303G
2.071,39.305,-3.235,0.001,-0.287,0.296,-0.219,40.60558081235555,0.0,0.0,0.0,0.0,-0.063,-1.849,5.958,-1.342,16.14,48.94113540826185,H303P
-0.55,1.995,-2.677,0.018,-0.129,-0.267,1.019,0.0,0.0,0.0,0.0,0.273,0.0,-0.084,0.079,1.519,-0.267,0.928753297408548,H303F
3.963,-0.656,-2.87,-0.002,-0.407,0.232,0.404,0.0,0.0,0.0,0.0,0.0,0.0,-1.849,0.83,1.626,0.871,2.139775026205598,H303A
1.708,0.438,-2.346,0.014,-0.289,0.157,0.527,0.0,0.0,0.0,0.0,0.0,0.0,-1.482,0.151,1.963,-0.159,0.6806089250567311,H303L
3.619,-1.762,3.898,-0.027,0.241,0.069,0.409,0.0,0.0,0.0,0.0,0.205,0.061,1.94,0.549,-4.449,-0.065,4.687091136734352,I302D
2.132,-0.054,-1.96,0.004,-0.254,0.041,1.016,0.0,0.0,0.0,0.0,0.273,0.0,-0.483,0.583,-0.414,-0.042,0.8400343951320792,H303K
0.365,-0.158,-1.909,0.026,0.008,-0.087,0.972,0.0,0.0,0.0,0.0,0.273,0.0,0.778,0.227,2.562,0.839,3.893666211055234,H303W
2.371,-0.406,-2.0,0.006,-0.379,0.123,0.368,0.0,0.0,0.0,0.0,0.0,0.0,-0.413,0.467,1.958,0.827,2.9206305271720794,H303M
1.972,-0.317,-3.022,0.013,-0.356,0.034,0.411,0.0,0.0,0.0,0.0,0.0,0.044,-1.839,-0.295,2.944,-0.626,-1.0409130985153752,H303V
-1.075,30.815,-4.326,-0.004,-0.298,1.126,-0.159,0.0,0.0,0.0,-0.362,-0.621,0.0,-2.971,-0.21,3.113,0.012,25.03847116040424,Q301L
2.954,-0.473,2.787,-0.026,0.2,-0.579,0.579,0.0,0.0,0.0,0.0,0.0,0.061,2.178,0.129,-5.028,-0.255,2.526083506646046,I302E
3.79,-0.656,-1.874,0.0,-0.337,0.148,0.234,0.0,0.0,0.0,0.0,0.0,0.0,-1.617,0.523,0.011,0.022,0.2426482739265338,H303S
-0.224,0.419,-0.136,0.0,0.009,-0.058,0.551,0.0,0.0,0.0,0.0,0.273,0.0,0.0,0.0,0.0,0.0,0.8323881903179426,I302I
5.981,-1.204,-1.015,-0.033,-0.058,0.028,0.222,0.0,0.0,0.0,0.0,0.0,0.061,-0.609,0.29,-0.979,-0.052,2.629963488336216,I302A
2.899,-0.862,2.906,-0.029,0.194,-0.127,0.754,0.0,0.0,0.0,0.0,0.0,0.061,0.476,0.821,-3.644,0.296,3.742972717864404,I302N
-0.494,2.334,-2.282,0.018,-0.136,-0.313,0.443,0.0,0.0,0.0,0.0,0.0,0.0,-0.023,0.131,0.883,-0.02,0.5378917530874787,H303Y
4.049,-1.205,0.564,-0.029,-0.01,-0.054,-1.424,0.0,0.0,0.0,0.0,-1.509,0.061,1.026,0.364,-1.152,0.105,0.7843846002526789,I302T
0.159,-0.658,3.547,-0.023,0.161,-0.646,-0.219,0.0,0.0,0.0,0.0,0.0,0.061,0.995,0.287,-2.398,-0.182,1.0814343220513365,I302R
2.225,1.203,-0.244,-0.007,0.235,0.426,0.22,0.0,0.0,0.0,0.0,0.0,0.061,1.435,0.341,-1.085,-0.037,4.769562716171095,I302F
2.166,-0.093,-1.826,0.007,-0.17,0.103,1.156,0.0,0.0,0.0,0.0,0.273,0.0,-0.062,0.342,0.206,-0.075,2.025270455650343,H303R
1.29,-0.835,0.098,-0.029,-0.025,0.271,-0.083,0.0,0.0,0.0,0.0,0.0,0.061,1.541,0.413,-0.646,0.117,2.170748793437724,I302M
2.214,-0.824,2.229,-0.026,0.1,-0.492,-0.348,0.0,0.0,0.0,0.0,0.0,0.061,2.131,0.293,-3.754,-0.072,1.5092058283744336,I302Q
2.837,-0.65,-1.564,0.005,-0.343,0.147,0.032,0.0,0.0,0.0,0.0,0.0,0.0,-1.801,0.441,1.453,-0.047,0.5078549699549058,H303T
1.507,-0.46,0.175,-0.017,0.059,0.443,-0.069,0.0,0.0,0.0,0.0,0.0,0.061,-0.353,0.094,-0.642,-0.104,0.6915285931611379,I302L
2.174,2.79,-2.562,-0.017,-0.314,0.988,-0.207,0.0,0.0,0.0,-0.362,-0.621,0.0,-3.062,-0.106,1.162,0.128,-0.0103504866779076,Q301S
1.218,-1.391,4.111,-0.02,0.237,0.385,-2.143,0.0,0.0,0.0,0.0,0.205,0.061,2.111,0.324,-3.018,-0.208,1.8708370582523912,I302K
4.116,0.16,-1.018,-0.028,-0.011,-0.116,0.633,3.631,0.0,0.0,0.0,0.205,0.097,1.007,2.63,-3.947,0.838,8.196084545948906,I302P
3.076,-0.65,1.345,-0.021,0.573,-0.425,-0.119,0.0,0.0,0.0,0.0,0.205,0.061,2.196,0.36,-2.604,-0.065,3.929986286466601,I302H
1.952,-0.28,2.063,-0.017,0.127,0.488,-1.856,0.0,0.0,0.0,-0.903,0.0,0.0,-0.576,0.521,-0.694,0.463,1.287383035319408,Q301D
4.183,3.157,-5.004,-0.018,-0.327,1.188,0.526,0.0,0.0,0.0,-0.362,-0.348,0.064,-3.716,0.567,2.249,1.092,3.250176475309445,Q301G
5.43,-1.206,0.873,-0.033,-0.018,0.208,-1.37,0.0,0.0,0.0,0.0,-1.524,0.061,0.506,0.655,-2.593,0.139,1.1259273371974814,I302S
1.944,1.213,0.53,-0.008,0.248,0.293,0.107,0.0,0.0,0.0,0.0,0.0,0.061,1.422,0.403,-1.721,-0.032,4.456841772391044,I302Y
-2.266,-0.533,1.882,0.065,0.419,-0.087,0.546,0.0,0.0,0.0,0.0,0.0,0.061,2.858,0.33,-0.042,-0.034,3.197400129567768,I302W
2.81,-0.517,-0.492,-0.016,-0.06,0.052,0.073,0.0,0.0,0.0,0.0,0.0,0.0,-1.107,0.088,0.339,-0.069,1.0995197006839137,I302V
-3.4,49.997406885835645,-2.895,0.019,0.0,0.669,-0.334,0.0,0.0,0.0,0.0,0.0,0.0,0.636,-0.311,2.67,-0.042,49.997077491181564,Q301F
2.855,3.439,-5.26,-0.026,-0.366,1.422,0.779,0.0,0.0,0.0,-0.362,-0.348,0.0,-4.815,0.25,2.776,0.471,0.8125790659405538,Q301A
-0.086,4.015,-1.626,-0.011,-0.128,1.016,-0.361,0.0,0.0,0.0,-0.362,-0.621,0.0,-1.485,0.332,0.111,0.419,1.2115391834599905,Q301N
-2.935,49.878456856012775,-1.384,-0.009,-0.018,1.197,-0.343,0.0,0.0,0.0,-0.362,-0.348,0.0,-1.395,-0.076,1.151,0.143,49.85521728829301,Q301H
0.0,0.0,0.0,0.0,0.0,0.0,0.0,0.0,0.0,0.0,0.0,0.0,0.0,0.0,0.0,0.0,0.0,0.0,Q301Q
1.7,0.467,-2.879,-0.01,-0.171,0.599,-0.162,0.0,0.0,0.0,0.0,0.0,0.0,-2.847,-0.121,4.706,0.273,1.5534117359177344,Q301C
-3.899,3.501,1.0,0.048,-0.063,0.126,0.766,0.0,0.0,0.0,-0.188,-0.715,0.0,3.02,0.391,-0.106,0.472,4.351607102366643,A305F
-2.208,3.496,-0.059,-0.004,-0.215,0.465,-0.722,0.0,0.0,0.0,-0.188,-0.715,0.0,0.307,0.532,1.93,0.75,3.367216500033919,A305C
-1.932,0.817,-2.228,-0.004,-0.124,1.729,0.519,0.0,0.0,0.0,0.155,-0.772,0.0,-1.56,0.016,3.109,0.222,-0.0541583772665035,Q301M
-4.39,49.999854793147925,-0.364,0.015,-0.052,0.711,1.799,0.0,0.0,0.0,0.156,0.274,0.0,0.991,-0.312,2.034,-0.051,49.99985941336119,Q301Y
-1.21,0.025,1.82,0.004,0.258,-0.238,-0.792,0.0,0.0,0.0,0.0,0.52,0.061,1.816,-0.25,-2.944,-0.904,-1.8331173402320928,G307D
-4.214,1.361,4.824,0.004,0.061,1.085,0.466,0.0,0.0,0.0,-0.078,-1.346,0.0,1.398,0.339,-2.039,0.253,2.1140740171624657,A305K
-0.389,3.37,-0.69,-0.008,-0.098,0.618,0.19,0.0,0.0,0.0,-0.362,-0.621,0.0,0.014,0.168,-1.273,0.17,1.0877470398891091,Q301E
-2.288,2.15,1.775,0.0,-0.1,2.294,-3.611,0.0,0.0,0.0,-0.362,-2.588,0.0,-1.375,-0.018,0.737,0.01,-3.3775357686154166,Q301K
-0.664,5.91,-3.245,0.02,-0.12,0.161,-0.436,0.0,0.0,0.0,0.517,0.336,0.113,0.975,0.1,3.755,0.345,7.766764845264106,Q301I
-2.18,0.314,0.136,0.017,0.034,-0.192,-0.276,0.0,0.0,0.0,0.0,0.52,0.008,-0.103,-1.068,1.845,-1.299,-2.246767232054708,G307V
-9.086,8.419,7.256,0.005,0.246,-0.626,-0.756,0.0,0.0,0.0,0.0,-0.521,0.169,3.787,0.726,-1.098,0.19,8.70955668427564,G309H
-1.288,29.792,-2.322,-0.02,-0.243,1.757,0.046,29.379,0.0,0.0,0.155,-0.758,0.277,-4.914,2.733,-0.192,5.907,41.77580548059839,Q301P
1.921,-0.232,-0.023,-0.001,0.0,0.003,0.161,0.0,0.0,0.0,0.0,0.0,0.0,0.0,0.85,-0.526,1.396,3.54755189036473,A305G
-0.924,1.957,0.687,-0.004,-0.116,2.338,0.12,0.0,0.0,0.0,-0.362,-2.643,0.0,-2.589,-0.294,2.603,-0.059,0.7123201529504968,Q301T
-2.282,3.255,2.798,-0.001,0.024,0.051,1.634,0.0,0.0,0.0,-0.188,-0.715,0.0,1.503,0.17,-3.47,0.449,3.2257380362418644,A305D
-1.562,5.515,-2.898,0.002,-0.175,2.156,0.599,0.0,0.0,0.0,-0.362,-1.239,0.113,0.286,-0.065,4.094,0.116,6.579388230806899,Q301V
3.802,-0.285,-1.151,-0.003,-0.113,-0.026,0.209,-0.447,0.0,0.0,0.0,0.0,0.672,-0.026,0.64,2.968,-0.16,6.079459925487981,P306A
0.543,-0.315,1.089,0.006,-0.001,-0.55,-0.022,-0.447,0.0,0.0,0.0,0.0,0.672,2.883,0.442,2.795,-0.413,6.679891979197919,P306T
8.118,-1.109,1.152,-0.024,-0.094,-0.026,-0.462,0.0,0.0,0.0,0.0,0.52,0.004,-0.42,0.877,-0.979,1.274,8.832324920043675,I308A
1.761,2.83,-11.983,0.017,-0.402,-0.605,9.437,0.0,0.0,0.0,2.295,0.557,-0.014,0.542,0.652,5.029,0.103,10.21612546399092,E304I
1.583,10.448,-12.429,0.005,-0.447,-0.65,10.552,0.0,0.0,0.0,2.295,2.798,0.0,2.232,0.46,4.386,0.613,21.84463533353687,E304L
-0.961,0.023,0.355,0.002,0.005,-0.088,-0.515,0.0,0.0,0.0,0.0,0.52,0.061,-0.053,-0.601,2.457,-1.219,-0.0149007590318888,G307C
-3.78,50.0,-9.652,0.017,0.051,0.041,8.086,0.0,0.0,0.0,0.517,0.557,0.0,1.35,-0.699,3.943,-0.377,50.0,E304F
0.0,0.0,0.0,0.0,0.0,0.0,0.0,0.0,0.0,0.0,0.0,0.0,0.0,0.0,0.0,0.0,0.0,0.0,A305A
-3.538,2.042,4.084,0.002,0.039,1.028,1.406,0.0,0.0,0.0,-0.078,-1.346,0.0,1.261,0.539,-0.173,0.639,5.902271241479184,A305T
-0.264,-2.953,-0.432,0.023,0.193,-0.855,-0.094,-0.447,0.0,0.0,0.189,0.714,0.862,3.314,1.36,4.286,0.23,6.126238085665364,P306V
-4.543,1.418,2.014,0.015,-0.007,1.189,0.943,0.0,0.0,0.0,-0.078,-1.346,0.0,0.513,0.335,0.337,0.347,1.1360673583506014,A305L
-4.582,1.49,5.184,0.014,0.367,0.943,-1.618,0.0,0.0,0.0,-0.078,-2.164,0.0,2.972,0.231,-1.419,0.282,1.6193043744958686,A305R
-3.513,1.377,3.944,0.004,0.484,1.068,0.686,0.0,0.0,0.0,-0.078,-1.346,0.0,3.705,0.244,-4.049,0.196,2.7199934914838195,A305E
-2.771,0.007,2.993,0.042,0.171,-0.608,0.241,0.0,0.0,0.0,-0.106,0.0,0.0,4.343,0.404,-0.742,0.283,4.255948909197059,A305Y
-3.477,12.428,0.026,0.0,0.723,0.86,2.734,0.0,0.0,0.0,0.607,-0.822,0.0,1.353,-0.446,2.424,-0.254,16.154498588206252,E304H
-7.076,27.974,1.603,0.027,0.013,0.915,2.315,0.0,0.0,0.0,1.416,-1.346,0.0,1.461,0.66,0.979,1.267,30.20723397613665,A305I
-2.628,0.48,3.841,0.006,0.459,-0.714,-0.734,0.0,0.0,0.0,-0.106,0.0,0.0,3.662,0.403,-2.775,0.406,2.2981437002015355,A305Q
-2.703,3.304,2.086,0.001,-0.015,-0.029,0.03,0.0,0.0,0.0,-0.188,-0.715,0.0,1.506,0.503,-2.665,0.676,1.7905027569290723,A305N
-0.248,2.348,5.925,0.027,0.566,-0.893,2.187,-0.447,0.0,0.0,0.0,0.0,0.672,4.943,0.705,-1.081,-0.128,14.575019083231156,P306E
4.265,-0.526,-11.954,-0.006,-0.355,-0.249,6.889,0.0,0.0,0.0,0.517,0.557,0.0,-3.266,-0.34,5.98,-0.282,1.2280060077862345,E304C
-3.229,3.269,1.852,0.001,0.068,0.006,0.779,0.0,0.0,0.0,-0.188,-0.715,0.0,3.447,0.175,-1.625,0.177,4.015233566066627,A305H
-0.573,0.025,0.678,0.002,0.018,-0.14,-0.608,0.0,0.0,0.0,0.0,0.52,0.061,0.418,-0.477,-1.087,-1.077,-2.24166413703756,G307S
-3.369,1.185,2.747,0.01,-0.037,-0.431,-0.721,0.0,0.0,0.0,-0.106,0.0,0.0,2.265,0.46,0.333,0.4,2.735088374956604,A305M
7.946,1.882,-15.149,-0.007,-0.523,-0.759,6.858,0.0,0.0,0.0,0.517,1.175,0.0,-3.752,-0.463,4.05,0.012,1.7837789113882536,E304A
0.0,0.0,0.0,0.0,0.0,0.0,0.0,0.0,0.0,0.0,0.0,0.0,0.0,0.0,0.0,0.0,0.0,0.0,P306P
5.648,-0.455,-0.052,-0.004,-0.113,-0.072,0.526,-0.447,0.0,0.0,0.0,0.0,1.34,-0.026,0.86,2.442,0.084,9.729853183928752,P306G
-3.953,0.035,3.532,0.01,0.635,-0.401,-0.32,0.0,0.0,0.0,0.0,0.52,0.061,2.084,-0.653,-2.249,-1.386,-2.085914676011953,G307Q
-1.293,3.196,0.993,-0.005,-0.202,0.515,-0.966,0.0,0.0,0.0,-0.188,-1.495,0.0,0.305,0.124,-1.614,0.084,-0.54754409641032,A305S
-4.859,49.98336948690995,-2.697,0.006,-0.133,1.508,-0.147,0.0,0.0,0.0,-0.362,-0.348,0.0,-1.049,-0.216,3.712,0.481,49.98040128510834,Q301W
-2.182,0.017,1.286,0.004,0.345,-0.36,-0.414,0.0,0.0,0.0,0.0,0.52,0.061,1.905,-0.694,-1.098,-1.124,-1.7355818714190718,G307H
-3.235,0.023,1.166,0.021,0.231,-0.185,-0.04,0.0,0.0,0.0,0.0,0.0,0.061,1.498,-0.949,-0.216,-1.393,-3.018723400000681,G307Y
-2.952,3.497,1.17,0.0,-0.043,1.097,2.611,0.473,0.0,0.0,1.416,-1.346,0.0,-0.381,-0.946,-2.968,0.692,2.31931493754405,A305P
-1.461,0.031,1.323,0.005,0.238,-0.248,-0.479,0.0,0.0,0.0,0.0,0.52,0.061,1.274,-0.37,-2.138,-1.025,-2.269592512515146,G307N
-1.864,0.055,-0.372,0.006,0.133,-0.04,-0.355,20.955,0.0,0.0,0.0,0.52,0.014,0.162,1.199,-2.441,0.218,18.190494590217213,G307P
-0.457,0.032,-0.042,0.002,-0.007,-0.023,-0.411,0.0,0.0,0.0,0.0,0.52,0.061,-0.25,-0.506,0.527,-0.983,-1.537352384177893,G307A
-4.257,9.776,-2.115,0.051,0.17,-0.481,0.153,-0.447,0.0,0.0,0.0,0.0,0.862,6.793,1.593,3.947,0.43,16.474205183080358,P306I
-4.634,13.03,1.882,0.018,-0.026,0.415,0.89,-0.447,0.0,0.0,0.0,0.0,0.672,3.95,0.71,2.862,-0.047,19.272698492621885,P306F
0.601,-2.131,8.259,0.016,1.113,-0.665,-1.924,-0.447,0.0,0.0,0.189,0.714,0.672,3.437,0.756,-0.502,-0.119,9.968364659722738,P306D
2.345,10.748,-11.876,-0.005,-0.434,-1.253,7.163,49.783091842303605,0.0,0.495,-0.5,1.175,0.021,-3.403,6.972,1.082,9.375,49.909569425835656,E304P
0.173,0.443,-1.055,0.0,-0.062,-0.073,0.101,-0.447,0.0,0.0,0.0,0.0,0.672,0.623,0.794,4.898,-0.296,5.768821549758286,P306C
1.318,-0.807,-0.175,0.006,0.029,-1.709,-0.936,0.0,0.0,0.0,0.362,1.24,0.0,0.342,0.0,0.0,0.0,-0.3325421898741751,E304E
-4.053,1.972,0.142,0.016,-0.062,0.908,2.716,0.0,0.0,0.0,1.416,-1.346,0.0,0.8,0.6,1.318,1.023,5.450548226525825,A305V
-2.502,7.825,7.03,0.012,0.077,0.328,-4.002,-0.447,0.0,0.0,0.0,0.0,0.672,2.548,0.709,0.929,-0.081,13.097055732188664,P306K
0.04,0.005,-0.03,0.0,-0.007,-0.016,-0.458,0.0,0.0,0.0,0.0,0.52,0.0,-0.25,0.0,0.0,0.0,-0.1942365660438554,G307G
-3.561,0.373,0.17,0.034,0.071,-0.11,-0.314,0.0,0.0,0.0,0.0,0.52,0.008,0.784,-1.098,1.506,-1.267,-2.8866555416489064,G307I
2.116,-0.48,-5.444,0.004,0.371,0.425,6.379,0.0,0.0,0.0,-0.343,0.557,0.0,0.096,0.155,1.385,-0.018,5.201283697597773,E304N
-5.556,10.641,1.626,0.008,0.003,0.199,0.802,-0.447,0.0,0.0,0.0,0.0,0.672,5.566,0.793,3.301,-0.129,17.477687533594462,P306M
1.201,-0.02,0.248,-0.018,0.69,0.23,-0.015,0.0,0.0,0.0,0.0,0.0,-0.018,1.503,0.077,-2.943,0.007,0.9413472886355976,V310H
1.413,-0.02,0.23,-0.013,0.171,0.26,0.056,0.0,0.0,0.0,0.0,0.0,-0.018,1.03,-0.175,-3.357,-0.251,-0.6765026984048745,V310K
-7.412,16.803,2.138,0.023,0.051,-0.145,-0.364,0.0,0.0,0.0,0.0,0.0,0.109,0.318,3.43,1.506,2.343,18.797744594319735,G309I
-1.437,0.527,-2.843,0.006,-0.078,-0.192,5.294,0.0,0.0,0.0,0.517,0.012,0.0,0.631,-0.004,1.274,0.022,3.7275159634516513,E304Q
2.846,-0.277,2.018,-0.002,-0.037,-0.275,-0.032,-0.447,0.0,0.0,0.0,0.0,0.672,0.129,0.313,1.354,-0.482,5.777675471326802,P306S
-2.854,0.02,0.534,0.022,0.223,-0.209,0.033,0.0,0.0,0.0,0.0,0.0,0.061,1.592,-0.98,0.421,-1.425,-2.563921413659955,G307F
-1.349,0.708,4.377,0.021,0.419,-0.435,-1.681,-0.447,0.0,0.0,0.0,-0.603,0.672,6.445,0.674,0.193,-0.096,8.8970240177091,P306Q
-0.649,-0.044,1.818,0.009,0.337,0.543,-2.083,0.0,0.0,0.0,0.0,-1.364,0.061,3.355,-0.642,-3.522,-1.251,-3.432611550911133,G307E
-3.506,22.471,-0.629,0.022,-0.009,0.149,-0.112,-0.447,0.0,0.0,0.0,0.0,0.672,3.278,0.585,3.305,-0.122,25.654591168203297,P306L
-5.152,0.995,0.938,0.019,0.24,-0.356,-0.555,0.0,0.0,0.0,0.0,0.52,0.061,0.948,-0.942,1.463,-1.123,-2.9424555793586933,G307W
-6.631,9.044,4.432,0.017,0.046,0.799,1.104,-0.447,0.0,0.0,0.0,0.0,0.672,2.856,0.68,3.905,0.041,16.517723711686813,P306W
-1.186,0.399,1.042,-0.005,0.023,-0.051,0.044,0.0,0.0,0.0,0.0,0.0,-0.018,-0.039,-0.36,-0.981,-0.05,-1.1842757934248311,V310L
-3.517,0.188,1.021,0.013,0.011,-0.086,-0.472,0.0,0.0,0.0,0.0,0.52,0.061,0.757,-0.681,0.86,-1.39,-2.718113533544056,G307M
-6.271,25.924,0.687,0.02,0.05,-0.027,-0.503,0.0,0.0,0.0,0.0,0.0,0.109,1.538,3.598,1.845,2.036,29.003895565515226,G309V
-7.685,4.337,2.352,0.021,0.04,0.092,0.885,0.0,0.0,0.0,-0.188,-0.715,0.0,2.518,0.237,0.937,0.174,3.0026322117000745,A305W
1.262,-0.02,0.609,-0.017,0.642,0.239,0.111,0.0,0.0,0.0,0.0,0.0,-0.018,2.052,0.155,-3.983,0.26,1.2916034496281554,V310N
-2.13,0.06,0.247,0.017,0.049,-0.007,-0.41,0.0,0.0,0.0,0.0,0.52,0.061,-0.106,-1.081,0.864,-1.423,-3.339655496477917,G307L
0.983,-0.005,0.073,0.0,0.31,0.259,0.061,0.0,0.0,0.0,0.0,0.0,-0.018,1.624,0.149,-1.424,0.03,2.0415488004186955,V310F
5.571,-0.197,-6.312,-0.006,-0.141,-0.539,5.061,0.0,0.0,0.0,1.203,0.216,0.0,-0.481,0.282,0.579,0.157,5.390169896333418,E304D
-3.531,4.971,6.87,0.015,0.167,0.114,-2.564,-0.447,0.0,0.0,0.0,-0.134,0.672,5.778,0.642,1.549,-0.119,13.98145900721397,P306R
-4.959,50.0,-6.42,0.017,0.054,0.359,7.777,0.0,0.0,0.0,0.517,0.557,0.0,1.174,-0.603,3.307,-0.357,50.0,E304Y
-1.76,0.333,0.63,0.01,0.051,-0.203,-0.029,0.0,0.0,0.0,0.0,0.0,0.061,0.348,-0.728,0.354,-1.039,-1.9718270903024404,G307T
-4.87,1.145,5.031,0.009,0.368,-0.385,-1.053,0.0,0.0,0.0,0.0,0.0,0.169,2.32,1.605,-3.522,0.733,1.5482357455114195,G309E
-2.842,6.083,-0.035,0.012,-0.328,-0.786,13.386,0.0,0.0,0.0,1.162,1.175,0.0,-1.62,0.109,2.01,0.009,18.33533643962801,E304K
0.0,0.0,0.0,0.0,0.0,0.0,0.0,0.0,0.0,0.0,0.0,0.0,0.0,0.0,0.0,0.0,0.0,0.0,G309G
6.041,-1.167,-11.151,0.01,-0.298,-1.576,5.941,0.0,0.0,0.0,0.879,0.019,0.0,-2.35,-0.17,3.877,-0.334,-0.2801562591948823,E304T
-0.994,0.027,0.528,0.007,0.118,-0.077,-0.386,0.0,0.0,0.0,0.0,0.52,0.061,0.757,-0.615,-1.512,-1.308,-2.874672710267305,G307K
-5.048,15.646,3.36,0.02,-0.011,0.265,0.87,-0.447,0.0,0.0,0.0,0.0,0.672,3.723,0.742,2.226,0.018,22.034692878339,P306Y
-0.963,0.023,0.525,0.011,0.2,-0.073,-0.287,0.0,0.0,0.0,0.0,0.52,0.061,1.384,-0.743,-0.893,-1.324,-1.5583290298857264,G307R
9.872,1.816,-15.012,-0.008,-0.523,-1.043,6.712,0.0,0.0,0.0,0.517,1.175,0.017,-3.752,0.231,3.523,0.827,4.352063710882021,E304G
-7.044,2.316,2.395,0.039,0.215,-0.28,1.097,0.0,0.0,0.0,2.077,-0.521,0.169,0.898,2.111,0.864,1.505,5.838633420668884,G309L
-0.916,0.368,0.91,0.009,0.021,-0.176,0.096,0.0,0.0,0.0,0.0,0.0,0.0,0.21,-0.084,-0.339,0.071,0.1704860815400479,V310I
-2.474,6.569,-9.62,0.002,-0.514,-0.306,6.46,0.0,0.0,0.0,0.517,1.175,0.0,-2.24,-0.097,4.382,0.06,3.914435892912024,E304M
-0.006,2.993,-0.231,0.024,0.004,-0.364,-0.384,0.0,0.0,0.0,0.0,0.52,0.004,2.3,0.278,-0.642,0.358,4.852062146263506,I308L
-1.245,1.511,3.447,0.003,0.644,0.133,-0.142,-0.447,0.0,0.0,0.0,0.0,0.672,3.279,0.745,0.303,-0.001,8.900788399736939,P306N
-9.595,21.762,6.176,0.026,0.257,0.452,5.106,0.0,0.0,0.0,-0.834,1.175,0.0,-0.083,-0.213,2.63,-0.191,26.667370796136083,E304R
-3.872,7.574,6.144,0.002,0.216,0.15,-0.596,-0.447,0.0,0.0,0.0,0.0,0.672,3.48,0.689,1.343,-0.175,15.179803342099376,P306H
-8.144,49.99999999998488,-6.236,0.018,0.101,0.458,8.806,0.0,0.0,0.0,0.879,0.331,0.0,2.779,-0.542,4.986,0.091,49.99999999998687,E304W
-4.787,1.165,3.994,0.009,0.284,-0.354,0.498,0.0,0.0,0.0,0.0,-0.521,0.169,2.434,1.435,-2.249,0.847,2.9211986415953106,G309Q
4.777,-0.573,7.866,-0.022,0.201,-0.04,-1.577,0.0,0.0,0.0,0.0,0.52,0.004,3.459,-0.061,-4.449,-0.062,10.04320394863248,I308D
4.234,23.236,-14.753,0.012,-0.34,-1.365,7.718,0.0,0.0,0.0,0.879,1.797,-0.014,-1.878,0.351,5.368,-0.065,25.175420116456507,E304V
-0.784,0.009,2.642,-0.017,0.125,-0.599,-0.137,0.0,0.0,0.0,0.0,0.0,-0.018,2.351,-0.312,-4.093,-0.062,-0.8962035947861295,V310Q
7.09,-1.08,5.129,-0.023,-0.022,-0.329,-0.937,0.0,0.0,0.0,0.0,0.52,0.004,-0.186,0.81,-2.593,0.717,9.099070615047822,I308S
-4.972,0.96,8.859,0.009,0.786,0.302,-4.9,0.0,0.0,0.0,-0.734,-1.664,0.169,3.19,0.746,-2.944,-0.132,-0.3253632490875588,G309D
-4.952,45.331,-0.01,0.012,0.206,-0.105,-0.849,6.729,0.0,0.0,0.0,0.52,0.004,9.013,0.128,-1.085,0.349,40.12934495924881,I308F
-5.327,1.051,4.351,0.016,0.487,-0.222,0.416,0.0,0.0,0.0,0.0,0.0,0.169,1.651,1.169,-0.893,0.442,3.308796136451747,G309R
1.798,-0.02,-0.281,-0.021,-0.057,0.244,0.042,0.0,0.0,0.0,0.0,0.0,-0.018,-0.273,-0.486,-1.318,-0.341,-0.7325334492834372,V310A
-5.835,1.157,6.732,0.01,0.651,-0.325,-1.921,0.0,0.0,0.0,-1.185,-1.163,0.169,2.032,0.756,-2.138,-0.218,-1.279752625903939,G309N
4.19,-0.428,2.957,-0.017,-0.028,-0.312,-0.797,0.0,0.0,0.0,0.0,0.52,0.004,-0.319,0.7,-1.152,0.698,6.015654528371442,I308T
-2.256,27.648,1.737,-0.019,0.077,-0.072,-0.541,0.0,0.0,0.0,0.0,0.52,0.004,7.147,0.529,-0.646,1.58,35.70633798367726,I308M
7.298,-0.805,-10.341,-0.007,-0.332,-0.484,6.793,0.0,0.0,0.0,0.517,0.557,0.0,-3.22,-0.629,2.435,-0.359,1.4214269101498758,E304S
3.626,-0.342,2.212,-0.024,-0.054,0.096,-0.849,0.0,0.0,0.0,0.0,0.52,0.004,0.386,0.347,0.951,0.793,7.666919137902141,I308C
-9.208,8.487,3.673,0.026,0.092,-0.478,0.19,0.0,0.0,0.0,0.073,0.211,0.169,3.773,0.768,1.463,0.631,9.868203173876964,G309W
-5.509,1.315,4.71,0.016,0.211,-0.201,0.127,0.0,0.0,0.0,0.0,0.0,0.169,1.522,1.651,-1.512,0.861,3.3566573941468505,G309K
2.245,-0.822,8.13,-0.019,0.241,-0.284,-0.69,0.0,0.0,0.0,0.0,0.52,0.004,2.276,0.64,-5.028,0.611,7.824189553168708,I308E
0.007,0.137,0.685,-0.021,-0.044,0.049,0.005,0.0,0.0,0.0,0.0,0.0,-0.018,-0.104,0.189,0.612,0.308,1.804129120896505,V310C
-9.839,38.19430135994184,3.899,0.057,0.431,-0.129,1.047,0.0,0.0,0.0,0.0,0.0,0.169,3.789,0.861,0.421,0.306,38.607716266803706,G309F
10.154,-1.226,1.72,-0.025,-0.094,0.128,-0.412,0.0,0.0,0.0,0.0,0.52,-0.13,-0.42,1.901,-1.505,5.459,16.070161570841037,I308G
1.49,-0.019,0.758,-0.019,0.689,0.213,0.361,0.0,0.0,0.0,0.0,0.0,-0.018,2.748,-0.038,-4.788,-0.082,1.29231892851476,V310D
3.229,-0.644,5.971,-0.021,0.181,-0.203,-0.608,0.0,0.0,0.0,0.0,0.52,0.004,2.721,0.104,-3.644,0.039,7.649453283395587,I308N
-1.718,1.177,0.02,0.001,0.0,-0.159,-0.08,0.0,0.0,0.0,0.0,0.0,0.169,0.0,0.922,0.527,0.503,1.359964844088836,G309A
-4.658,0.716,1.894,0.004,0.038,-0.055,-0.463,0.0,0.0,0.0,0.0,0.0,0.169,0.405,0.649,2.457,-0.131,1.0226842154156657,G309C
0.0,0.0,0.0,0.0,0.0,0.0,0.0,0.0,0.0,0.0,0.0,0.0,0.0,0.0,0.0,0.0,0.0,0.0,V310V
-0.532,0.01,3.51,-0.017,0.205,-0.354,-0.784,0.0,0.0,0.0,0.0,0.0,-0.018,2.694,-0.409,-5.367,-0.357,-1.4206738470829805,V310E
-0.318,0.017,1.818,-0.009,0.299,-0.081,0.229,0.0,0.0,0.0,0.0,0.0,-0.018,1.761,-0.285,-2.737,-0.223,0.4503037029071493,V310R
-5.236,42.606,1.121,0.004,0.168,-0.251,0.382,49.898421777521094,0.0,0.0,2.077,0.0,0.098,0.438,7.285,-2.441,10.007,49.989286911087675,G309P
-1.187,0.026,1.619,-0.016,0.011,-0.239,0.003,0.0,0.0,0.0,0.0,0.0,-0.018,1.277,-0.16,-0.985,0.09,0.4176025153483351,V310M
-9.822,40.958,4.399,0.053,0.421,-0.378,0.516,0.0,0.0,0.0,0.0,0.0,0.169,2.995,0.893,-0.216,0.373,40.36002340650384,G309Y
2.38,-0.022,-0.103,-0.023,-0.057,0.33,-0.109,0.0,0.0,0.0,0.0,0.0,-0.032,-0.273,0.326,-1.844,0.529,1.103373774076772,V310G
-5.721,1.225,3.019,0.012,0.136,-0.228,0.165,0.0,0.0,0.0,0.0,0.0,0.169,0.657,1.341,0.86,0.902,2.5338226587693957,G309M
-4.553,1.211,3.074,0.012,0.065,-0.197,-1.23,0.0,0.0,0.0,-0.708,0.0,0.169,0.001,1.291,0.354,0.541,0.0287634879168763,G309T
3.482,49.96949958121243,3.935,-0.022,0.015,-0.063,1.375,44.98592611928421,0.0,0.973,0.0,0.52,-0.15,-0.069,4.432,-3.947,5.491,49.999149806502864,I308P
1.46,0.026,0.84,-0.021,-0.013,0.18,-0.395,0.0,0.0,0.0,0.0,0.0,-0.018,0.281,0.106,-2.932,-0.012,-0.4985333980080213,V310S
-2.265,0.598,3.198,0.002,0.033,-0.267,-1.154,0.0,0.0,0.0,-0.644,0.0,0.169,1.011,0.488,-1.087,-0.116,-0.037022618060746,G309S
0.869,-0.02,0.199,-0.001,0.496,0.225,-0.066,0.0,0.0,0.0,0.0,0.0,-0.018,1.971,0.063,-0.381,-0.128,3.2077695128036794,V310W
-9.93,49.9962128733452,-0.309,0.003,0.236,-0.332,-0.611,0.0,0.0,0.0,0.0,0.52,0.004,5.698,0.296,-0.042,0.943,49.995639765958316,I308W
2.527,-0.168,0.197,-0.01,-0.041,-0.073,-0.512,0.0,0.0,0.0,0.0,0.52,0.0,-0.416,0.053,0.339,0.098,2.513126224170492,I308V
-1.066,0.581,0.802,-0.02,-0.021,0.166,0.314,0.919,0.0,0.0,0.0,0.0,-0.027,-0.086,0.878,-4.286,0.223,-1.62224069141962,V310P
0.04,0.005,-0.025,0.0,-0.006,-0.017,-0.454,0.0,0.0,0.0,0.0,0.52,0.0,-0.25,0.0,0.0,0.0,-0.1875184404395895,I308I
0.77,-0.542,6.01,-0.009,0.217,-0.442,-0.947,0.0,0.0,0.0,0.0,0.52,0.004,3.692,0.573,-3.754,0.539,6.628525588484081,I308Q
-1.981,4.163,5.803,-0.023,0.266,0.146,-0.953,0.0,0.0,0.0,0.0,0.52,0.004,1.93,0.137,-2.604,0.678,8.086354810094463,I308H
0.086,0.028,1.025,-0.017,-0.005,-0.084,-0.483,0.0,0.0,0.0,0.0,0.0,-0.018,0.704,0.174,-1.491,0.16,0.0785297417530728,V310T
-6.312,34.081,2.695,0.09,0.216,-0.222,-0.628,6.729,0.0,0.0,0.0,0.52,0.004,11.127,0.244,-1.721,0.579,47.40132110774971,I308Y
-2.629,10.422,13.459,-0.016,0.163,0.75,-3.367,0.0,0.0,0.0,0.0,0.52,0.004,2.946,0.743,-3.018,0.634,20.6139882405123,I308K
0.996,-0.009,0.081,-0.001,0.318,0.258,0.032,0.0,0.0,0.0,0.0,0.0,-0.018,1.683,0.196,-2.06,-0.035,1.4413988355304357,V310Y
-6.583,48.49058678200884,10.391,0.002,0.717,0.481,-0.664,0.0,0.0,0.0,0.0,0.52,0.004,6.275,0.476,-2.398,0.638,48.97748736351503,I308R
0.14,0.0,-0.214,-0.004,-0.065,0.092,0.143,0.0,0.0,0.0,0.0,0.0,0.0,0.167,0.513,2.103,0.051,2.925382256695912,T311C
0.68,0.0,-0.361,-0.005,-0.082,0.118,0.3,0.0,0.0,0.0,0.0,0.0,0.0,-0.002,0.592,0.173,0.222,1.6325707374576268,T311A
0.068,0.0,0.804,-0.002,0.263,-0.152,-0.228,0.0,0.0,0.0,0.0,0.0,0.0,2.176,-0.126,-3.297,-0.342,-0.8384872887118036,T311D
-0.644,0.001,-0.655,0.015,0.193,0.071,0.278,0.0,0.0,0.0,0.0,0.0,0.0,1.7,0.077,0.067,-0.147,0.9535634739847864,T311F
-0.452,0.0,0.135,-0.002,0.363,-0.059,0.32,0.0,0.0,0.0,0.0,0.0,0.0,1.323,-0.028,-1.452,-0.196,-0.0488304819994027,T311H
0.182,0.0,0.027,0.005,0.163,0.096,0.439,0.0,0.0,0.0,0.0,0.0,0.0,1.413,0.141,-1.246,-0.071,1.1471456011447572,T311R
0.164,0.0,0.031,0.0,0.28,0.097,0.203,0.0,0.0,0.0,0.0,0.0,0.0,2.366,0.263,-3.876,0.026,-0.4468477339216861,T311E
-0.156,0.0,0.382,0.0,0.231,-0.047,0.155,0.0,0.0,0.0,0.0,0.0,0.0,1.773,-0.207,-2.492,-0.359,-0.7230395233350464,T311N
0.985,-0.008,-0.276,-0.007,-0.082,0.154,0.361,0.0,0.0,0.0,0.0,0.0,-0.004,-0.002,0.586,-0.353,0.416,1.7680291275560194,T311G
-0.639,0.007,0.502,0.004,0.61,-0.26,0.402,0.0,0.0,0.0,0.0,0.0,0.0,2.259,0.091,-2.602,-0.115,0.2562799144834571,T311Q
0.17,0.0,0.023,0.001,0.081,0.096,0.343,0.0,0.0,0.0,0.0,0.0,0.0,0.853,0.204,-1.866,0.0,-0.0952161785880889,T311K
-0.45,0.0,0.126,0.005,0.036,0.043,0.347,0.0,0.0,0.0,0.0,0.0,0.0,0.772,0.436,0.506,-0.034,1.786123416403825,T311M
0.0,0.0,0.0,0.0,0.0,0.0,0.0,0.0,0.0,0.0,0.0,0.0,0.0,0.0,0.0,0.0,0.0,0.0,T311T
-1.41,5.438,-0.72,-0.003,-0.015,0.069,0.13,3.385,0.0,0.0,0.0,0.0,0.255,0.007,0.929,-2.795,11.671,16.939497285886546,T311P
-0.269,0.0,-0.315,0.01,0.027,0.055,0.309,0.0,0.0,0.0,0.0,0.0,0.0,0.02,0.109,0.51,-0.122,0.3308176619700589,T311L
-0.451,0.008,-0.135,0.021,0.057,0.07,0.372,0.0,0.0,0.0,0.0,0.0,-0.002,0.084,0.705,1.152,0.346,2.225243289304672,T311I
-1.368,0.005,2.093,0.003,0.269,-0.584,-0.182,0.0,0.0,0.0,0.0,0.0,0.0,1.786,0.346,-2.665,-0.092,-0.3903523463975489,A313N
-1.789,0.189,0.679,0.014,0.054,0.064,-0.063,0.0,0.0,0.0,0.0,0.0,0.0,0.178,-0.412,0.337,-0.58,-1.3333898245919045,A313L
0.552,0.0,0.278,-0.004,-0.012,0.04,0.003,0.0,0.0,0.0,0.0,0.0,0.0,0.306,0.158,-1.441,0.06,-0.0602560318459381,T311S
-0.464,0.003,-0.502,0.012,-0.028,0.06,0.292,0.0,0.0,0.0,0.0,0.0,-0.002,0.015,0.776,1.491,0.409,2.059798110592737,T311V
-0.711,0.002,-0.634,0.015,0.199,0.059,0.28,0.0,0.0,0.0,0.0,0.0,0.0,1.774,0.04,-0.569,-0.129,0.322958410706633,T311Y
-1.517,0.06,-0.774,0.013,0.426,0.042,0.329,0.0,0.0,0.0,0.0,0.0,0.0,2.281,0.174,1.11,0.025,2.1675231754838933,T311W
-0.913,0.02,0.764,0.006,0.086,-0.07,-0.06,0.0,0.0,0.0,0.0,0.0,0.0,1.229,-0.276,0.333,-0.417,0.6992936118358557,A313M
-12.73,50.0,11.895,0.013,0.216,0.973,-1.866,0.0,0.0,0.0,2.076,0.0,0.0,2.532,0.307,-0.425,0.235,50.0,S312K
-2.893,48.010439035058766,-3.798,0.0,-0.003,-0.041,2.603,0.0,0.0,0.0,2.076,0.0,0.0,1.481,0.533,3.545,0.035,48.268434744594416,S312C
1.284,-0.03,-6.116,0.0,-0.023,-0.015,2.197,0.0,0.0,0.0,2.076,0.0,0.0,-0.79,-0.054,1.615,-0.195,-0.0502904598884015,S312A
-9.354,50.0,3.688,0.003,0.182,-0.35,4.579,0.0,0.0,0.0,2.076,0.0,0.0,3.47,0.179,-0.011,0.195,50.0,S312H
-2.723,0.148,1.424,0.02,0.242,0.107,0.147,0.0,0.0,0.0,0.0,0.0,0.0,1.413,-0.507,-0.106,-0.72,-0.5584952101582985,A313F
-11.332,50.0,-2.164,0.004,0.014,-0.174,2.909,0.0,0.0,0.0,2.076,0.0,0.0,2.278,0.4,1.947,0.101,50.0,S312M
-3.357,48.76496057603355,5.892,0.003,0.387,0.512,6.549,0.0,0.0,0.0,1.379,0.0,0.0,3.383,0.165,-1.856,0.087,49.26624453723051,S312D
-2.156,5.465,1.919,0.007,0.054,0.268,1.102,0.0,0.0,0.0,0.0,0.0,0.153,0.032,3.439,0.354,9.9,20.53529037668227,G314T
-2.298,0.131,2.323,0.003,0.363,-0.321,-0.164,0.0,0.0,0.0,0.0,0.0,0.0,1.767,-0.337,-1.625,-0.566,-0.7254413388304783,A313H
-0.91,0.01,0.922,0.006,0.123,-0.106,-0.053,0.0,0.0,0.0,0.0,0.0,0.0,0.956,-0.187,-2.039,-0.566,-1.8467883237397016,A313K
-7.199,49.42509784895327,-3.465,0.034,0.046,-0.164,1.957,0.0,0.0,0.0,2.076,0.0,0.036,1.67,0.797,2.594,0.519,49.399438153837764,S312I
-13.079,50.0,-2.541,0.023,0.005,-0.06,3.819,0.0,0.0,0.0,2.076,0.0,0.0,2.794,0.389,1.508,0.217,50.0,S312F
-4.729,49.9876318851709,2.24,0.006,0.376,-0.646,2.547,0.0,0.0,0.0,2.076,0.0,0.0,3.435,0.482,-1.05,0.388,49.98992380906386,S312N
-0.947,0.003,0.441,0.001,0.012,0.012,-0.153,0.0,0.0,0.0,0.0,0.0,0.0,0.134,-0.148,1.93,-0.242,1.0396010895537984,A313C
-0.957,0.003,2.521,0.001,0.266,-0.579,0.209,0.0,0.0,0.0,0.0,0.0,0.0,2.236,0.709,-3.47,0.139,1.0753981658754128,A313D
4.504,-0.255,-5.246,-0.001,-0.023,-0.186,2.143,0.0,0.0,0.0,2.076,0.0,0.038,-0.79,0.627,1.088,0.566,4.539845658655622,S312G
-0.819,0.008,0.875,0.009,0.203,-0.097,-0.106,0.0,0.0,0.0,0.0,0.0,0.0,1.681,-0.374,-1.419,-0.592,-0.6339039111633156,A313R
0.292,-0.007,-0.023,-0.001,0.0,0.006,0.039,0.0,0.0,0.0,0.0,0.0,-0.059,0.0,0.75,-0.526,1.405,1.8723987416683483,A313G
-1.34,0.449,0.603,0.024,0.064,-0.101,0.005,0.0,0.0,0.0,0.0,0.0,-0.067,0.527,-0.827,0.979,-0.622,-0.3087831023919989,A313I
-0.843,0.014,0.933,0.005,0.283,-0.104,0.026,0.0,0.0,0.0,0.0,0.0,0.0,2.426,-0.203,-4.049,-0.397,-1.911020473203962,A313E
0.0,0.0,0.0,0.0,0.0,0.0,0.0,0.0,0.0,0.0,0.0,0.0,0.0,0.0,0.0,0.0,0.0,0.0,A313A
-1.243,0.386,0.098,0.015,0.039,-0.025,0.01,0.0,0.0,0.0,0.0,0.0,-0.067,0.476,-0.97,1.318,-0.684,-0.6500649948382033,A313V
-7.996,49.99999999999997,9.421,0.007,0.257,-0.465,4.824,0.0,0.0,0.0,2.076,0.0,0.0,3.476,0.253,-2.434,0.167,49.999999999999986,S312E
-2.499,5.457,3.94,0.005,0.319,-0.383,-1.607,0.0,0.0,0.0,0.0,0.0,0.153,2.525,2.795,-2.944,7.585,15.343822856174484,G314D
-8.529,49.999999999994316,-4.233,0.014,0.028,0.164,2.727,0.0,0.0,0.0,2.076,0.0,0.0,2.18,0.255,1.952,0.269,49.99999999999356,S312L
-3.101,49.99742466477197,-1.988,0.019,0.781,0.138,1.773,19.57,0.941,0.0,2.012,0.0,-0.002,1.741,-0.962,-1.353,10.194,49.999216870972454,S312P
-9.832,50.0,5.132,0.007,0.147,-0.796,1.007,0.0,0.0,0.0,2.076,0.0,0.0,3.2,0.376,-1.161,0.263,50.0,S312Q
-1.709,14.959,-2.202,0.027,0.744,0.136,-0.167,0.0,0.0,0.0,1.418,0.0,0.0,1.432,0.569,1.442,0.477,17.126408847031144,S312T
-19.092,50.0,11.271,0.012,0.232,-0.462,2.072,0.0,0.0,0.0,2.076,0.0,0.0,4.881,0.194,0.195,0.168,50.0,S312R
-2.853,0.237,1.662,0.02,0.251,-0.019,-0.03,0.0,0.0,0.0,0.0,0.0,0.0,1.388,-0.531,-0.742,-0.742,-1.361243089536856,A313Y
-0.857,0.013,0.859,0.006,0.205,-0.124,-0.106,0.0,0.0,0.0,0.0,0.0,0.0,2.521,-0.181,-2.775,-0.534,-0.9765860203538068,A313Q
-1.177,2.378,-0.027,0.003,0.125,0.078,-0.145,44.71079482855098,0.0,0.0,0.0,0.0,-0.007,0.002,5.478,-2.968,3.857,46.04145531808076,A313P
-3.179,0.07,2.272,0.017,0.257,0.131,-0.182,0.0,0.0,0.0,0.0,0.0,0.0,1.24,-0.414,0.937,-0.304,0.8432177929498721,A313W
-3.589,39.839891668867565,-6.315,0.036,0.723,0.114,0.931,0.0,0.0,0.0,2.012,0.0,0.036,1.246,0.731,2.933,0.425,39.574142482188805,S312V
-1.802,5.595,0.718,0.014,0.245,0.09,-0.196,0.0,0.0,0.0,0.0,0.0,0.153,1.318,3.676,-1.512,7.17,15.467423853952823,G314K
-15.218,50.0,0.331,0.023,0.063,0.528,2.926,0.0,0.0,0.0,2.076,0.0,0.0,3.227,0.223,2.551,0.187,50.0,S312W
-14.625,50.0,1.007,0.023,0.043,-0.317,3.459,0.0,0.0,0.0,2.076,0.0,0.0,2.871,0.421,0.872,0.303,50.0,S312Y
0.0,0.0,0.0,0.0,0.0,0.0,0.0,0.0,0.0,0.0,0.0,0.0,0.0,0.0,0.0,0.0,0.0,0.0,S312S
-0.892,0.032,0.428,0.004,0.101,-0.095,-0.276,0.0,0.0,0.0,0.0,0.0,0.0,0.714,-0.541,-0.173,-0.424,-1.1239883106527486,A313T
-0.104,0.0,0.38,0.001,0.051,-0.072,-0.092,0.0,0.0,0.0,0.0,0.0,0.0,0.724,-0.065,-1.614,-0.375,-1.168929778731126,A313S
-0.92,4.943,-0.541,0.001,0.0,0.05,-0.266,0.0,0.0,0.0,0.0,0.0,0.153,0.0,3.351,0.527,7.578,14.875844999534138,G314A
-1.822,7.753,1.271,0.013,0.672,0.116,-0.227,0.0,0.0,0.0,0.0,0.0,0.153,3.028,3.63,-3.522,9.899,20.9633483304242,G314E
-1.902,6.495,0.932,0.011,0.493,-0.039,-0.37,0.0,0.0,0.0,0.0,0.0,0.153,3.429,3.917,-2.249,8.315,19.184875115411387,G314Q
0.0,0.0,0.0,0.0,0.0,0.0,0.0,0.0,0.0,0.0,0.0,0.0,0.0,0.0,0.0,0.0,0.0,0.0,G314G
-2.3,8.399,0.012,0.023,0.207,-0.074,-0.615,0.0,0.0,0.0,0.0,0.0,0.153,2.195,3.677,0.421,9.822,21.91828071738496,G314F
0.0,0.0,0.0,0.0,0.0,0.0,0.0,0.0,0.0,0.0,0.0,0.0,0.0,0.0,0.0,0.0,0.0,0.0,L316L
-2.163,7.299,-0.011,0.038,0.225,-0.041,-0.246,0.0,0.0,0.0,0.0,0.0,0.153,3.298,3.272,-0.216,9.839,21.4483522717278,G314Y
-2.188,6.476,0.745,0.005,0.375,-0.195,-0.348,0.0,0.0,0.0,0.0,0.0,0.153,2.643,2.886,-1.098,9.824,19.275818996938824,G314H
-1.634,7.275,0.189,0.002,0.006,0.026,-0.249,0.0,0.0,0.0,0.0,0.0,0.153,0.806,3.115,2.457,9.934,22.081045066078783,G314C
-1.29,3.446,1.346,0.002,0.032,0.11,-1.3,0.0,0.0,0.0,-0.394,0.0,0.153,0.283,2.679,-1.087,2.959,6.936766642866814,G314S
-3.247,45.59238737955004,0.038,0.037,0.057,0.289,-1.31,0.0,0.0,0.0,0.0,0.0,0.221,1.23,5.721,1.506,9.944,47.481877209496716,G314I
-1.798,6.128,0.756,0.016,0.273,0.097,-0.072,0.0,0.0,0.0,0.0,0.0,0.153,1.794,3.735,-0.893,9.836,20.024619172462963,G314R
-1.85,7.093,0.629,0.008,0.092,0.095,-0.352,0.0,0.0,0.0,0.0,0.0,0.153,1.139,5.083,0.86,9.992,22.94054106190833,G314M
-3.187,49.97935653077764,0.297,0.003,0.08,0.035,-1.901,49.81027296287156,0.0,0.0,0.0,0.0,0.221,0.0,7.013,-2.441,11.123,49.99997496703059,G314P
-1.958,8.107,1.212,0.004,0.199,0.045,-0.164,0.0,0.0,0.0,0.0,0.0,0.153,3.207,3.081,-2.138,7.129,18.87759703849156,G314N
-2.04,8.034,0.403,0.017,0.031,0.082,-0.37,0.0,0.0,0.0,0.0,0.0,0.153,0.0,4.016,0.864,9.897,21.085999416771077,G314L
-3.002,45.89528302434277,-0.359,0.02,0.026,0.381,-1.239,0.0,0.0,0.0,0.0,0.0,0.221,0.032,6.105,1.845,9.914,47.60802756159687,G314V
-0.971,0.345,0.563,0.0,0.002,0.39,1.118,0.0,0.0,0.0,0.0,0.0,0.0,1.172,0.803,0.506,0.847,4.773360108994211,T315M
-1.868,1.872,-1.149,0.046,0.149,0.269,0.758,0.0,0.0,0.0,0.0,0.0,0.0,2.492,0.846,0.51,0.647,4.5683268307939215,T315L
-0.048,-0.146,-0.567,-0.005,-0.065,0.244,0.384,0.0,0.0,0.0,0.0,0.0,0.0,0.211,0.566,2.103,0.819,3.495041718560969,T315C
1.822,-0.147,-2.091,-0.006,-0.074,0.37,0.778,0.0,0.0,0.0,0.0,0.0,0.0,-0.027,1.065,0.173,1.025,2.8870922546082056,T315A
-1.697,9.058,0.873,-0.01,0.074,0.348,-0.566,1.601,0.0,0.0,0.0,0.0,-0.003,0.576,1.417,-3.304,1.476,9.840916336852844,L317P
-1.291,0.236,1.691,0.0,0.109,0.024,0.536,0.0,0.0,0.0,0.0,0.0,0.0,2.34,0.787,-2.602,0.47,2.29896853524906,T315Q
-2.227,8.717,0.339,0.026,0.296,-0.091,-0.457,0.0,0.0,0.0,0.0,0.0,0.153,2.451,4.465,1.463,10.012,25.144719538480103,G314W
-2.914,1.456,-1.351,0.047,0.155,0.003,0.8,0.0,0.0,0.0,0.0,0.0,-0.044,1.967,0.354,1.152,0.313,1.935988311934807,T315I
-1.864,1.633,1.604,-0.007,0.05,-0.144,0.089,0.0,0.0,0.0,0.0,0.0,0.0,3.782,0.414,-0.004,0.109,5.661188139849628,L316M
0.167,-0.127,2.047,0.003,0.884,0.027,0.295,0.0,0.0,0.0,0.0,0.0,0.0,2.71,1.347,-3.297,0.868,4.92217473708638,T315D
-0.448,0.028,1.545,0.002,0.326,0.116,1.002,0.0,0.0,0.0,0.0,0.0,0.0,3.674,0.964,-3.876,0.624,3.956509424807564,T315E
-1.728,0.723,0.535,-0.002,0.808,0.246,-0.054,0.0,0.0,0.0,0.0,0.0,0.0,2.448,0.613,-1.452,0.449,2.5837919214961858,T315H
-2.908,0.814,-1.133,0.028,0.438,0.228,0.62,0.0,0.0,0.0,0.0,0.0,0.0,3.594,0.477,0.067,0.388,2.612176943120176,T315F
-0.248,-0.116,0.937,0.009,0.715,-0.019,0.436,0.0,0.0,0.0,0.0,0.0,0.0,2.149,1.073,-2.492,0.82,3.2640161559631906,T315N
3.616,-0.271,-1.801,-0.007,-0.074,0.643,0.625,0.0,0.0,0.0,0.0,0.0,-0.072,-0.027,1.063,-0.353,1.146,4.485748330610022,T315G
-0.901,0.018,-1.604,0.011,-0.029,0.122,0.688,0.0,0.0,0.0,0.0,0.0,-0.044,-0.026,0.174,1.491,0.218,0.1153172092947443,T315V
1.474,-0.134,0.256,-0.006,-0.009,0.165,0.024,0.0,0.0,0.0,0.0,0.0,0.0,0.298,0.508,-1.441,0.47,1.6034583202354042,T315S
0.0,0.0,0.0,0.0,0.0,0.0,0.0,0.0,0.0,0.0,0.0,0.0,0.0,0.0,0.0,0.0,0.0,0.0,T315T
-0.584,4.195,0.427,0.005,0.3,0.234,0.851,0.0,0.0,0.0,0.0,0.0,0.0,2.919,0.77,-1.866,0.486,7.736101930474659,T315K
1.598,-0.731,1.989,-0.009,0.204,0.214,1.326,0.0,0.0,0.0,0.0,0.0,0.0,2.519,0.674,-3.807,0.433,4.407431699365816,L317D
-2.036,44.563211611224155,7.093,0.007,1.044,0.232,3.592,3.983,0.0,0.0,0.0,0.0,0.0,6.831,-0.033,-3.47,0.252,47.22381213632277,A318D
-1.54,0.112,1.706,0.003,0.058,-0.098,-0.639,0.0,0.0,0.0,0.0,0.0,0.0,2.567,0.131,1.93,0.211,4.441778342220232,A318C
0.359,-1.606,7.27,-0.007,0.367,0.85,-1.609,0.0,0.0,0.0,0.0,-0.187,0.0,2.413,0.336,-3.112,0.118,5.191998883522729,L316Q
1.251,3.299,-1.514,-0.004,0.027,0.401,0.973,40.36173692285539,0.0,0.0,0.0,0.0,-0.022,-0.027,5.12,-2.795,3.381,43.349466418019084,T315P
1.333,-0.397,1.44,-0.005,0.573,-0.068,0.25,0.0,0.0,0.0,0.0,0.0,0.0,2.689,0.356,-4.386,0.15,1.9323810164612496,L317E
-1.294,6.021,1.361,0.006,0.306,0.425,-0.428,0.0,0.0,0.0,0.0,0.0,0.0,1.547,0.612,-1.246,0.472,7.780224844251734,T315R
4.173,-0.889,-1.111,-0.011,-0.024,0.506,0.292,0.0,0.0,0.0,0.0,0.0,0.026,-0.16,1.028,-0.863,1.228,4.19028782271721,L317G
-4.929,49.99999675589108,4.13,0.009,1.255,-0.556,0.715,3.983,0.0,0.0,0.0,0.0,0.0,6.602,-0.08,-1.625,0.301,49.99999780839036,A318H
-2.17,1.137,-0.24,0.015,0.829,0.346,0.573,0.0,0.0,0.0,0.0,0.0,0.0,2.113,0.694,1.11,1.092,5.497388463742027,T315W
3.202,-1.722,6.53,-0.01,0.313,-0.087,0.189,0.0,0.0,0.0,0.0,0.0,0.0,2.157,0.157,-3.001,0.172,7.900263144330893,L316N
-3.103,0.974,-0.859,0.027,0.423,0.128,0.725,0.0,0.0,0.0,0.0,0.0,0.0,3.747,0.388,-0.569,0.374,2.252594517298803,T315Y
9.721,-2.402,2.548,-0.017,-0.08,0.199,-0.061,0.0,0.0,0.0,0.0,0.0,0.019,-0.659,1.449,-0.863,1.538,11.392315607419278,L316G
1.062,-0.257,1.847,-0.01,0.033,0.364,-1.644,0.0,0.0,0.0,0.0,-1.267,0.0,1.608,0.349,-0.509,0.37,1.9426286530056127,L317T
2.717,2.833,0.378,0.002,-0.027,0.057,-0.128,0.0,0.0,0.0,0.0,0.0,-0.019,0.044,-0.171,0.982,-0.316,6.352000969809069,L316V
6.991,-2.384,4.676,-0.014,-0.017,-0.303,-0.519,0.0,0.0,0.0,0.0,0.0,0.0,-0.339,0.636,-1.951,0.293,7.068863893888874,L316S
1.224,49.998395408160036,4.211,-0.012,0.059,0.224,2.003,7.158,0.0,1.045,0.0,0.0,0.085,-0.151,0.979,-3.304,1.269,49.99911195375941,L316P
4.482,-1.969,8.56,-0.012,0.399,0.193,-0.302,0.0,0.0,0.0,0.0,0.0,0.0,1.849,-0.02,-3.807,0.054,9.42703020458748,L316D
-1.86,5.044,9.67,0.015,0.367,0.468,2.186,0.0,0.0,0.0,0.0,0.0,0.0,6.431,0.32,-2.376,0.079,20.34291671647702,L316K
0.842,-0.835,0.482,0.0,-0.011,0.176,0.013,0.0,0.0,0.0,0.0,0.0,0.0,0.834,0.345,-0.004,-0.023,1.815687933175013,L317M
7.696,-2.392,1.494,-0.016,-0.08,0.184,0.08,0.0,0.0,0.0,0.0,0.0,0.0,-0.659,0.674,-0.336,0.354,6.999427457499905,L316A
-0.28,42.174096867558156,0.145,0.013,0.002,-0.116,-0.215,0.0,0.0,0.0,0.0,0.0,-0.019,0.618,-0.234,0.643,-0.354,42.2324315073684,L316I
1.965,-1.677,8.774,-0.01,0.487,0.541,-0.605,0.0,0.0,0.0,0.0,-0.699,0.0,3.25,0.331,-4.386,0.098,8.069032922266842,L316E
0.0,0.0,0.0,0.0,0.0,0.0,0.0,0.0,0.0,0.0,0.0,0.0,0.0,0.0,0.0,0.0,0.0,0.0,L317L
-7.68,42.094379841200166,9.078,0.01,0.526,0.359,0.352,0.0,0.0,0.0,0.0,0.0,0.0,6.719,0.261,-1.756,0.081,44.12105470574609,L316R
4.738,0.212,2.302,-0.015,-0.049,0.035,-0.259,0.0,0.0,0.0,0.0,0.0,0.0,-0.075,0.356,1.594,-0.009,8.828603701588008,L316C
1.547,-0.814,-0.234,-0.01,-0.013,0.176,0.123,0.0,0.0,0.0,0.0,0.0,0.0,0.043,0.441,1.594,0.167,3.016647246326329,L317C
0.267,-0.625,2.606,-0.008,0.357,0.205,-1.394,0.0,0.0,0.0,0.0,-0.561,0.0,2.84,0.375,-1.962,0.24,2.337954180682118,L317H
-3.995,43.66241970648156,7.379,-0.012,0.297,-0.396,-0.581,0.0,0.0,0.0,0.0,0.0,0.0,5.178,0.267,-1.962,0.171,45.01243113879447,L316H
-12.406,49.9999970774962,1.155,0.005,0.18,-0.356,-1.043,0.0,0.0,0.0,0.0,0.0,0.0,9.068,0.163,0.6,0.079,49.99999676280546,L316W
2.878,-0.413,-1.506,-0.012,-0.027,0.293,0.317,0.0,0.0,0.0,0.0,0.0,0.0,-0.51,0.508,-0.336,0.327,1.5163126364118398,L317A
-6.631,49.655396844113,-0.05,0.007,0.137,-0.239,-0.582,0.0,0.0,0.0,0.0,0.0,0.0,5.249,0.166,-0.443,-0.063,49.62004439950872,L316F
2.138,-0.504,0.716,-0.001,0.0,-0.003,-0.228,0.0,0.0,0.0,0.0,0.0,-0.07,0.0,0.908,-0.526,1.003,3.4308359195208595,A318G
1.414,-0.223,1.746,-0.009,0.182,-0.098,-1.062,0.0,0.0,0.0,0.0,-0.45,0.0,1.892,0.598,-3.001,0.362,1.3487033393560068,L317N
-1.8,1.23,0.949,0.003,0.114,0.011,-0.098,1.414,0.0,0.0,0.0,0.0,-0.04,1.499,-0.781,-2.968,0.187,-0.2786721717607179,A318P
0.0,0.0,0.0,0.0,0.0,0.0,0.0,0.0,0.0,0.0,0.0,0.0,0.0,0.0,0.0,0.0,0.0,0.0,G319G
-1.456,5.464,-1.072,0.015,0.029,0.053,-0.021,0.0,0.0,0.0,0.0,0.0,0.006,2.212,0.016,0.982,0.078,6.300415334647823,L317V
-2.718,0.475,2.663,0.011,0.204,-0.064,0.314,0.0,0.0,0.0,0.0,0.0,0.0,3.454,0.259,0.333,0.249,5.1801566291339896,A318M
0.001,-0.713,1.024,0.008,0.169,0.159,-0.063,0.0,0.0,0.0,0.0,0.0,0.0,1.752,0.092,-0.443,-0.009,1.9732724008756577,L317F
-0.536,-0.217,4.59,-0.007,0.082,0.364,-3.899,0.0,0.0,0.0,0.0,-0.304,0.0,1.213,0.386,-2.376,0.091,-0.6133379105615404,L317K
-0.027,-0.745,1.091,0.008,0.18,0.152,-0.117,0.0,0.0,0.0,0.0,0.0,0.0,1.802,0.148,-1.079,0.012,1.4213123127133258,L317Y
-0.557,4.032,-0.547,0.016,0.05,0.137,0.004,0.0,0.0,0.0,0.0,0.0,0.006,0.779,0.001,0.643,0.133,4.694908771623659,L317I
-8.458,49.99715575679861,3.388,0.007,0.149,-0.108,-0.712,0.0,0.0,0.0,0.0,0.0,0.0,5.714,0.283,-1.079,-0.06,49.9970544673779,L316Y
0.141,-0.837,2.457,-0.002,0.621,0.03,-1.099,0.0,0.0,0.0,-0.677,0.0,0.0,2.241,0.338,-3.112,0.03,0.1271310038466708,L317Q
2.718,-0.755,0.448,-0.009,-0.014,0.546,-1.518,0.0,0.0,0.0,0.0,-0.765,0.0,1.737,0.554,-1.951,0.296,1.2840607160289892,L317S
3.281,3.183,-5.878,-0.006,-0.298,0.486,1.953,0.0,0.0,0.0,-0.189,-0.715,-0.063,-0.5,0.583,1.088,0.597,3.523280871421776,S320G
-2.282,0.13,3.686,0.027,1.798,-0.23,-1.024,0.0,0.0,0.0,0.0,0.0,0.0,4.875,-0.055,-4.049,0.176,3.0516433247901205,A318E
-7.585,49.99999999999994,3.235,0.031,1.071,0.138,1.253,3.983,0.0,0.0,0.0,0.0,0.0,5.933,0.006,0.937,0.206,49.999999999999964,A318W
0.0,0.0,0.0,0.0,0.0,0.0,0.0,0.0,0.0,0.0,0.0,0.0,0.0,0.0,0.0,0.0,0.0,0.0,A318A
-2.691,0.179,4.915,0.0,0.272,0.543,-3.449,0.0,0.0,0.0,-0.337,-1.36,0.0,2.552,0.276,-1.756,0.062,-0.7959563201836772,L317R
4.538,-1.432,3.919,-0.009,-0.023,-0.143,-0.853,0.0,0.0,0.0,0.0,0.0,0.0,-0.638,0.363,-0.509,0.205,5.415802470106428,L316T
-6.949,49.99999910154555,0.959,0.052,1.061,-0.346,0.537,3.983,0.0,0.0,0.0,0.0,0.0,7.256,0.117,-0.106,0.215,49.99999931498938,A318F
-4.292,43.010088041376186,1.304,0.027,0.146,0.125,-0.495,0.0,0.0,0.0,0.0,0.0,-0.05,2.393,0.06,0.979,0.325,43.144519909977596,A318I
-4.854,49.725985354021184,11.58,0.019,0.797,-0.238,5.987,0.0,0.0,0.0,0.0,0.0,-0.134,6.543,2.266,-2.944,2.169,49.88242768830006,G319D
-2.51,5.82,3.642,0.011,0.317,-0.051,-1.247,0.0,0.0,0.0,0.0,0.0,0.0,3.105,0.0,-2.039,0.222,7.271965059338981,A318K
-4.281,49.80443595732791,0.428,0.033,0.875,-0.32,0.453,3.983,0.0,0.0,0.0,0.0,0.0,5.676,-0.067,0.337,0.24,49.854225948442625,A318L
-2.661,38.872270206241744,4.297,0.01,1.082,0.185,0.059,3.983,0.0,0.0,0.0,0.0,0.0,6.646,0.176,-2.665,0.495,42.70402375811542,A318N
-3.295,39.09847955520538,0.533,0.028,0.057,-0.086,-0.386,0.0,0.0,0.0,0.0,0.0,-0.05,2.55,-0.004,1.318,0.252,39.44979291147075,A318V
-8.888,31.36,7.533,-0.002,-0.117,0.483,0.564,0.0,0.0,0.0,-0.272,-0.715,0.0,4.296,0.521,-2.434,0.474,32.804382184076985,S320E
-2.658,4.86,5.572,0.015,0.092,0.158,-1.189,0.0,0.0,0.0,-0.79,0.0,0.0,1.612,0.082,-0.173,0.437,8.017704811251406,A318T
0.357,-0.617,1.216,0.005,0.187,-0.053,-0.225,0.0,0.0,0.0,0.0,0.0,0.0,1.193,0.053,0.6,0.154,2.8682647640491723,L317W
-0.4,-0.487,2.865,0.002,0.097,-0.218,-0.897,0.0,0.0,0.0,0.0,0.0,0.0,2.175,0.076,-1.614,0.3,1.8987429034614247,A318S
-2.426,-0.241,3.021,0.031,1.373,-0.153,-0.938,0.0,0.0,0.0,0.0,0.0,0.0,4.304,0.115,-2.775,0.316,2.626269046182415,A318Q
-2.451,4.044,3.277,0.018,0.654,0.024,-0.833,0.0,0.0,0.0,0.0,0.0,0.0,3.227,-0.022,-1.419,0.208,6.728043917240029,A318R
-14.69,50.0,10.329,0.006,0.493,-0.692,-1.344,0.0,0.0,0.0,0.0,0.0,-0.134,4.356,2.345,-1.098,2.211,50.0,G319H
-8.891,49.999999278569526,4.218,0.064,0.31,0.124,-0.411,3.983,0.0,0.0,0.0,-0.772,0.0,6.452,0.055,-0.742,0.216,49.99999939995038,A318Y
-14.06,49.998277755740446,9.369,0.048,1.09,0.3,-3.256,0.0,0.0,0.0,0.0,0.0,-0.134,7.473,2.837,-2.249,2.701,49.99853939204817,G319Q
-4.77,49.999548923822516,5.021,0.007,0.086,0.281,0.673,0.0,0.0,0.0,0.0,0.0,-0.134,1.246,2.307,-1.087,2.311,49.99964430923848,G319S
-13.071,50.0,0.323,0.031,0.112,0.363,0.326,0.0,0.0,0.0,0.0,0.0,-0.119,1.528,5.175,1.506,10.901,50.0,G319I
-6.036,49.996295129091706,-5.065,0.0,-0.171,0.698,2.536,6.088,1.035,0.0,-0.189,-0.715,0.086,-0.107,-0.512,-1.353,11.556,49.997293681134956,S320P
-19.178,50.0,2.856,0.044,0.578,0.023,2.13,0.0,0.0,0.0,0.0,0.0,-0.134,6.991,2.309,0.421,2.247,50.0,G319F
-14.724,49.99999999996199,3.381,0.039,0.138,-0.093,0.026,0.0,0.0,0.0,0.0,0.0,-0.134,3.88,2.933,0.86,3.314,49.99999999996141,G319M
-12.391,49.9983218219967,12.826,0.032,0.559,0.052,8.517,0.0,0.0,0.0,0.0,0.0,-0.134,4.692,3.014,-3.522,2.722,49.999127938537725,G319E
-8.773,49.99994069105422,-0.391,0.005,0.059,-0.089,-0.199,45.1629239713537,0.0,0.617,0.0,0.0,-0.119,0.7,7.665,-2.441,11.583,49.99999786419606,G319P
-3.414,48.62945300169692,-1.488,0.004,0.002,0.016,-1.065,0.0,0.0,0.0,0.0,0.0,-0.134,0.35,2.934,0.527,2.665,48.650776278436034,G319A
-18.794,50.0,5.467,0.022,0.441,-0.104,-1.432,0.0,0.0,0.0,0.0,0.0,-0.134,3.479,2.31,1.463,3.518,50.0,G319W
-12.839,50.0,0.249,0.026,0.103,-0.051,-2.757,0.0,0.0,0.0,0.0,0.0,-0.134,3.516,3.036,0.864,2.982,50.0,G319L
-10.214,49.93196890211498,8.075,0.019,0.677,-0.105,-1.097,0.0,0.0,0.0,0.0,0.0,-0.134,5.901,1.949,-2.138,1.784,49.94365950457313,G319N
-8.642,49.994069514044206,0.721,0.01,0.062,0.009,0.445,0.0,0.0,0.0,0.0,0.0,-0.134,2.574,2.679,2.457,4.582,49.99509819687827,G319C
-10.677,49.99999999964715,-1.557,0.082,0.057,0.043,-0.968,0.0,0.0,0.0,0.0,0.0,-0.119,1.425,5.454,1.845,10.871,49.999999999727436,G319V
-12.305,49.33772512518474,6.966,0.016,0.361,0.389,3.798,0.0,0.0,0.0,0.0,0.0,0.0,5.078,0.56,-0.425,0.56,49.45709375974492,S320K
-17.812,49.99998836054491,19.167,0.045,0.61,1.422,-3.294,0.0,0.0,0.0,0.0,0.0,-0.134,6.394,2.413,-1.512,2.31,49.999992074145474,G319K
-11.546,46.27778971022654,-3.998,0.023,-0.07,0.132,1.553,5.691,0.0,0.0,-0.189,-0.715,0.0,11.585,0.611,1.947,0.433,46.98591170723335,S320M
-16.323,49.999999996175006,11.612,0.045,0.621,0.277,-1.906,0.0,0.0,0.0,0.0,0.0,-0.134,3.399,2.4,-0.893,2.068,49.99999999634917,G319R
-8.671,49.99947319235819,4.186,0.079,0.078,-0.041,-0.584,0.0,0.0,0.0,0.0,0.0,-0.134,2.584,2.6,0.354,2.776,49.999536965986394,G319T
-17.78,50.0,5.369,0.023,0.335,-0.565,-0.217,0.0,0.0,0.0,0.0,0.0,-0.134,2.625,2.383,-0.216,2.416,50.0,G319Y
-4.656,10.29,3.826,0.021,0.691,0.917,1.053,0.0,0.0,0.0,-0.189,-0.715,0.0,2.562,0.458,-1.856,0.432,12.835379511373958,S320D
-6.531,14.58,0.671,0.025,0.526,1.203,2.09,0.0,0.0,0.0,-0.189,-0.715,0.0,1.806,0.588,-1.05,0.56,13.565225864987497,S320N
-16.74,49.97597619537724,5.193,0.024,0.203,2.214,2.604,26.496,0.0,0.0,-0.189,-0.715,0.0,13.013,0.454,0.195,0.458,49.99363528884691,S320R
-14.876,49.999999457821104,-3.256,0.032,-0.2,0.42,1.855,6.729,0.0,0.0,-0.189,-0.715,0.0,9.586,0.601,1.508,0.557,49.999999500610045,S320F
-3.18,5.46,-4.013,0.004,-0.019,0.187,0.851,0.0,0.0,0.0,0.0,0.0,0.0,0.39,0.605,3.545,0.241,4.070959274197548,S320C
0.474,2.745,-7.009,-0.004,-0.296,0.727,2.078,0.0,0.0,0.0,-0.189,-0.715,0.0,-0.15,0.356,1.615,0.391,0.0234337306674206,S320A
-10.922,47.562,-6.703,0.067,0.003,0.692,2.128,0.0,0.0,0.0,-0.189,-0.715,-0.009,10.07,1.37,2.594,0.951,46.89960971049095,S320I
0.0,0.0,0.0,0.0,0.0,0.0,0.0,0.0,0.0,0.0,0.0,0.0,0.0,0.0,0.0,0.0,0.0,0.0,S320S
-10.632,37.524,4.086,-0.001,-0.185,0.237,-0.566,0.0,0.0,0.0,-0.493,-0.715,0.0,3.457,0.511,-1.161,0.526,32.58928097772173,S320Q
-15.885,49.999999962548905,2.199,0.028,0.072,0.558,-0.057,3.938,0.0,0.0,0.0,-1.65,0.0,6.737,0.609,0.872,0.612,49.99999995948484,S320Y
-19.738,49.99999786684795,1.452,0.029,0.15,-0.281,1.641,3.938,0.0,0.0,-0.107,0.0,0.0,6.239,0.574,2.551,0.623,49.9999976018566,S320W
-12.864,49.97456233229685,4.34,0.001,-0.032,0.025,1.841,0.0,0.0,0.0,-0.189,-0.715,0.0,6.342,0.471,-0.011,0.387,49.974152164744865,S320H
-9.613,49.27890678947935,-4.721,0.077,0.197,0.169,1.418,0.0,0.0,0.0,0.0,0.0,0.0,8.694,0.445,1.952,0.526,49.25395333654548,S320L
-6.553,17.285,-8.127,0.015,-0.253,0.822,1.884,0.0,0.0,0.0,-0.189,-0.715,-0.009,0.233,1.176,2.933,0.787,9.29106598037879,S320V
-4.038,5.556,-1.616,0.008,0.044,0.108,0.2,0.0,0.0,0.0,0.0,0.0,0.0,2.299,0.217,1.442,0.163,4.382362906466369,S320T
1.681,-0.577,3.494,-0.011,0.031,-0.142,-0.533,0.0,0.0,0.0,0.0,0.0,0.068,0.016,-0.093,-1.491,-0.095,2.3475264016321944,V322T
1.497,-0.363,2.574,-0.016,-0.034,0.269,0.317,0.0,0.0,0.0,0.0,-0.52,0.068,0.581,0.323,0.612,0.605,5.912658853693529,V322C
5.477,-0.986,1.339,-0.016,-0.05,0.404,0.2,0.0,0.0,0.0,0.0,0.0,0.068,-0.018,0.437,-1.318,0.844,6.379665236822348,V322A
-8.008,49.998021803278895,3.919,0.012,0.078,0.129,0.02,26.496,0.0,0.0,-0.396,0.0,0.068,8.091,-0.005,-1.424,0.298,49.999386661021035,V322F
-2.621,9.4,8.617,-0.008,0.429,-0.164,-0.159,0.0,0.0,0.0,0.0,0.0,0.068,7.862,0.483,-5.367,0.551,19.0893013046923,V322E
7.615,-0.981,2.295,-0.017,-0.05,0.507,0.194,0.0,0.0,0.0,0.0,0.0,0.157,-0.018,0.859,-1.844,1.405,10.122707874878188,V322G
-7.761,42.52531289179513,10.085,0.0,0.222,1.115,0.46,0.0,0.0,0.0,2.192,0.734,-0.015,8.681,0.499,-2.943,0.517,45.55241334918744,V321H
-6.284,44.882,10.335,-0.002,0.259,0.363,1.813,0.0,0.0,0.0,0.0,0.0,0.068,7.416,0.492,-3.357,0.486,40.54022803590955,V322K
1.597,-0.507,8.638,-0.012,0.837,0.8,0.524,0.0,0.0,0.0,0.0,-0.52,0.068,3.204,1.177,-4.788,0.926,11.942317591632218,V322D
-9.668,49.99983804490193,7.332,0.006,0.073,0.059,-0.963,26.496,0.0,0.0,-0.744,0.0,0.068,7.272,-0.041,-2.06,0.247,49.999947315049745,V322Y
0.928,13.164,2.534,-0.014,0.057,0.44,0.715,46.998781372790546,0.0,1.043,0.0,0.0,0.333,-0.018,6.83,-4.286,6.045,48.9913708433622,V322P
-5.155,16.245,0.461,-0.005,0.026,0.107,0.584,0.0,0.0,0.0,0.0,-0.52,0.068,6.593,0.418,-0.985,0.625,18.46044511447212,V322M
0.114,0.284,6.191,-0.01,0.703,0.589,0.671,0.0,0.0,0.0,0.0,0.0,0.068,2.117,0.831,-3.983,0.775,8.348871227408836,V322N
-3.929,12.17,5.725,-0.008,0.319,-0.452,-0.332,0.0,0.0,0.0,0.0,0.0,0.068,7.695,0.454,-4.093,0.469,18.08486586338222,V322Q
-4.201,38.855,0.513,0.034,0.255,0.027,0.198,0.0,0.0,0.0,0.0,0.0,0.068,3.354,0.776,-0.981,0.786,39.68343060064217,V322L
1.088,14.549,5.535,-0.008,0.097,0.539,-0.244,44.82817036318864,0.0,0.0,0.0,0.0,0.061,-0.033,7.033,-4.286,6.799,48.45416488231914,V321P
4.604,-0.997,4.602,-0.016,0.028,0.133,-0.042,0.0,0.0,0.0,0.0,-0.52,0.068,0.521,0.087,-2.932,0.374,5.907807127548722,V322S
5.908,-2.893,2.243,-0.014,0.028,0.214,-0.627,0.0,0.0,0.0,-0.173,0.196,-0.015,-0.732,1.197,-1.318,1.486,5.498953704187215,V321A
-3.38,0.949,0.108,0.115,0.132,-0.132,0.03,0.0,0.0,0.0,0.0,0.0,0.0,3.615,0.349,-0.339,0.162,1.6073322896593254,V322I
-5.589,45.91005773542318,10.316,-0.013,0.252,-0.168,-0.372,26.496,0.0,0.0,-0.396,0.0,0.068,7.055,0.145,-2.943,0.319,48.96634864409614,V322H
0.0,0.0,0.0,0.0,0.0,0.0,0.0,0.0,0.0,0.0,0.0,0.0,0.0,0.0,0.0,0.0,0.0,0.0,V322V
-3.009,46.934664010789064,7.714,-0.012,0.201,0.774,-1.904,0.0,0.0,0.0,-0.173,0.196,-0.015,2.611,0.849,-4.093,0.639,47.35309556192826,V321Q
1.486,-2.24,10.954,-0.011,0.577,0.158,-0.609,0.0,0.0,0.0,-0.173,0.196,-0.015,1.992,0.928,-4.788,0.711,9.165328046246032,V321D
8.199,-2.912,3.334,-0.015,0.028,0.136,-0.454,0.0,0.0,0.0,-0.173,0.196,-0.019,-0.732,2.181,-1.844,3.449,11.372306510159888,V321G
-15.636,49.9999990674563,1.188,0.101,0.851,0.273,0.22,0.0,0.0,0.0,0.0,0.0,0.068,6.729,0.204,-0.381,0.741,49.99999883124816,V322W
-0.064,-1.123,8.028,-0.007,0.488,-0.019,-0.121,0.0,0.0,0.0,-0.173,0.196,-0.015,1.289,0.843,-3.983,0.652,5.989482066372375,V321N
0.0,0.0,0.0,0.0,0.0,0.0,0.0,0.0,0.0,0.0,0.0,0.0,0.0,0.0,0.0,0.0,0.0,0.0,V321V
-2.802,46.973,14.86,-0.005,0.759,0.495,0.3,0.0,0.0,0.0,-0.173,0.196,-0.015,2.702,0.896,-5.367,0.719,41.54059563260292,V321E
-7.576,48.16369312186328,14.69,0.036,0.678,1.485,-1.191,0.0,0.0,0.0,-0.358,0.734,-0.015,8.187,0.885,-3.357,0.526,48.972543232963645,V321K
-9.252,49.98885518897512,1.33,0.034,0.107,0.13,1.249,0.0,0.0,0.0,2.192,0.196,-0.015,9.534,0.538,-1.424,0.412,49.99088652800577,V321F
-3.766,42.088,2.322,0.005,-0.072,0.15,-0.891,0.0,0.0,0.0,0.163,0.753,0.0,4.384,0.087,-0.339,0.078,44.96263071610565,V321I
-2.376,46.40910786540811,2.02,-0.014,-0.053,1.253,-1.206,0.0,0.0,0.0,-0.173,0.478,-0.015,4.761,0.894,-0.985,1.049,47.11256945965347,V321M
-9.88,49.43006075410554,11.763,0.037,1.094,1.924,-0.346,0.0,0.0,0.0,0.0,-0.084,0.068,6.584,0.23,-2.737,0.317,49.60119034393909,V322R
-10.596,49.834985399811345,13.477,0.007,0.472,0.107,0.255,0.0,0.0,0.0,2.192,0.196,-0.015,5.952,0.68,-2.737,0.476,49.89136416555304,V321R
1.883,-2.314,2.893,-0.013,0.061,0.091,-0.724,0.0,0.0,0.0,-0.173,0.196,-0.015,-0.464,0.677,0.612,0.929,3.638849494287342,V321C
-3.073,49.5811602987857,0.816,0.004,0.165,-0.009,-0.901,0.0,0.0,0.0,0.13,0.196,-0.015,2.221,0.523,-0.981,0.522,49.57438857028975,V321L
4.974,-2.892,6.094,-0.013,0.086,-0.103,-0.999,0.0,0.0,0.0,-0.173,0.196,-0.015,-0.461,0.94,-2.932,0.688,5.387722501530561,V321S
-15.9,49.99997837088059,4.163,0.086,0.35,0.826,0.081,0.0,0.0,0.0,2.192,0.734,-0.015,7.32,0.597,-0.381,1.386,49.99997957832043,V321W
8.959,-2.603,-0.226,-0.019,0.016,-0.766,0.01,0.0,0.0,0.0,0.0,0.0,0.0,1.901,-0.033,-2.728,-0.317,4.195485561439682,Y329D
4.447,-1.253,-5.609,-0.007,-0.088,0.127,3.188,0.0,0.0,0.0,1.611,0.0,0.0,-0.377,0.147,0.173,0.095,2.4520061884377355,T323A
-8.46,49.99988702126511,8.414,0.015,0.114,1.85,-2.508,0.0,0.0,0.0,0.163,1.291,-0.015,8.441,0.553,-2.06,0.471,49.99991884110158,V321Y
1.786,-1.83,4.546,-0.008,0.085,-0.054,-0.817,0.0,0.0,0.0,-0.173,0.196,-0.015,-0.677,0.678,-1.491,0.547,2.771042344384796,V321T
1.244,-0.929,0.697,0.0,-0.032,0.081,-0.22,0.0,0.0,0.0,0.0,0.0,0.047,-2.007,-0.183,0.643,-0.879,-1.5395834962678236,L330I
4.071,5.196,-0.146,0.0,0.625,0.123,0.862,4.36,0.0,0.0,-0.697,0.0,0.0,1.687,0.245,-0.677,-0.03,15.61727135753631,Y329R
-7.689,42.52752570349767,2.35,0.022,-0.214,0.183,13.72,0.0,0.0,0.0,1.611,0.0,0.0,7.21,-0.348,1.11,0.101,46.2253590901871,T323W
8.549,-2.615,2.439,-0.017,-0.057,-0.201,0.202,0.0,0.0,0.0,0.0,0.0,0.179,-0.36,1.785,-1.844,5.04,13.096869700229265,V324G
-1.809,0.741,4.11,-0.003,0.135,0.334,2.181,0.0,0.0,0.0,1.611,0.0,0.0,1.412,0.143,-2.492,0.107,6.4675334139813,T323N
4.875,46.896040193845,-6.147,0.004,-0.226,-0.1,1.108,4.36,0.0,0.0,0.0,0.0,0.04,-1.72,-0.468,1.722,-0.622,47.2184578515856,Y329I
0.0,0.0,0.0,0.0,0.0,0.0,0.0,0.0,0.0,0.0,0.0,0.0,0.0,0.0,0.0,0.0,0.0,0.0,L330L
1.87,-1.468,2.272,-0.016,-0.087,0.163,-0.052,0.0,0.0,0.0,0.0,0.0,0.0,-0.765,0.391,-0.004,-0.002,2.3017420429559934,L330M
-4.943,49.02896004855698,1.164,0.037,-0.183,-0.42,12.498,0.0,0.0,0.0,1.611,0.0,0.0,6.581,-0.258,-0.569,-0.135,49.472780169909775,T323Y
-0.076,6.84,4.764,0.001,-0.516,-0.051,1.202,0.0,0.0,0.0,1.611,0.0,0.0,4.415,-0.018,-1.866,-0.155,16.150907401094628,T323K
5.188,5.834,-5.997,-0.009,-0.231,-0.192,1.069,4.36,0.0,0.0,0.0,0.0,0.0,-1.08,-0.04,1.08,-0.17,9.811259375291684,Y329L
7.348,-1.317,-5.332,-0.008,-0.088,-0.07,3.365,0.0,0.0,0.0,1.611,0.0,0.347,-0.377,0.446,-0.353,0.738,6.307913788368069,T323G
1.394,-0.027,11.834,-0.013,0.527,-0.347,-2.203,0.0,0.0,0.0,0.0,0.0,-0.023,4.313,-0.194,-4.788,-0.069,10.400385736090357,V324D
-3.008,0.889,-0.109,0.019,0.003,0.03,0.011,0.0,0.0,0.0,0.0,0.0,0.0,1.411,0.069,-0.339,0.092,-0.9320391144694896,V324I
0.0,0.0,0.0,0.0,0.0,0.0,0.0,0.0,0.0,0.0,0.0,0.0,0.0,0.0,0.0,0.0,0.0,0.0,V324V
-0.608,26.703,-4.659,0.002,-0.695,0.342,6.044,0.0,0.0,0.0,1.611,0.0,0.0,3.005,-0.327,0.51,-0.265,31.66146896286796,T323L
-3.743,48.35784030925506,12.964,0.0,1.143,-0.564,-1.122,0.0,0.0,0.0,0.0,1.9,-0.023,3.443,0.64,-3.357,0.597,48.97242019166116,V324K
7.905,48.33225551336702,-5.35,-0.019,-0.198,0.308,0.551,45.42022199429297,0.0,1.578,0.0,0.0,-0.079,-1.783,5.591,-2.225,5.296,49.94878373830925,Y329P
9.073,-2.668,-5.131,-0.02,-0.292,0.098,0.191,0.0,0.0,0.0,0.0,0.0,0.0,-1.431,0.116,2.673,0.374,2.9819934856911914,Y329C
4.297,-1.23,2.99,-0.016,-0.055,-0.022,-0.182,0.0,0.0,0.0,0.0,0.0,0.0,-2.226,0.637,-0.509,-0.458,3.226696861854407,L330T
-0.174,-0.303,6.125,-0.008,0.083,0.543,7.088,0.0,0.0,0.0,1.611,0.0,0.0,1.966,0.329,-3.297,0.199,14.16090052564141,T323D
13.173,-2.782,-6.015,-0.022,-0.306,0.128,0.538,0.0,0.0,0.0,0.0,0.0,-0.076,-2.132,1.757,0.216,4.134,8.611318335491887,Y329G
-7.926,49.99414142220241,5.688,0.034,0.257,-0.772,0.14,-1.109,0.0,0.0,0.0,0.0,0.019,3.176,1.318,1.343,3.345,49.99530055493273,P326H
1.525,-1.615,2.689,-0.013,-0.008,0.016,-0.038,0.0,0.0,0.0,0.0,0.0,-0.023,0.201,0.163,0.612,1.312,4.820296962457178,V324C
3.44,-2.166,-3.711,-0.015,-0.151,-0.339,0.629,0.0,0.0,0.0,0.0,0.0,0.0,1.526,0.313,1.076,0.758,1.3584502587661973,Y329M
-8.24,49.81857007013083,5.634,-0.001,0.271,-0.992,4.361,0.0,0.0,0.0,-1.324,2.131,-0.023,4.918,0.32,-2.737,0.548,49.85059757785928,V324R
-2.852,26.636,-3.4,0.012,-0.041,0.016,2.907,0.0,0.0,0.0,1.611,0.0,0.211,2.327,0.287,1.491,0.21,29.41126544684448,T323V
0.0,0.0,0.0,0.0,0.0,0.0,0.0,0.0,0.0,0.0,0.0,0.0,0.0,0.0,0.0,0.0,0.0,0.0,T323T
3.068,42.830105104108846,-1.939,-0.033,-0.429,-0.816,7.221,49.95927190695766,0.0,1.324,0.0,2.131,0.257,-1.217,5.575,-4.286,7.445,49.99848662957904,V324P
-0.366,1.694,-2.445,-0.004,-0.655,0.098,6.713,0.0,0.0,0.0,1.611,0.0,0.0,3.641,0.015,0.506,-0.187,10.621895008654748,T323M
6.335,-2.612,1.329,-0.015,-0.057,-0.073,0.177,0.0,0.0,0.0,0.0,0.0,-0.023,-0.36,0.802,-1.318,1.609,5.790890668073644,V324A
1.545,-0.651,6.743,-0.022,0.122,0.046,-1.263,0.0,0.0,0.0,0.0,0.068,0.0,0.22,0.521,-4.386,0.091,3.036338799672876,L330E
-1.012,2.034,2.476,-0.018,0.019,-0.522,4.938,0.0,0.0,0.0,-1.14,2.131,-0.023,1.787,0.428,-4.093,0.637,7.639328142702652,V324Q
-3.297,5.858,10.117,-0.004,0.112,-0.718,10.459,0.0,0.0,0.0,1.611,0.0,0.0,4.903,0.026,-3.876,-0.078,25.1119585654842,T323E
-1.783,49.9982479475237,-2.5,-0.003,0.044,-0.034,3.062,9.729,0.0,1.164,1.611,0.0,-0.187,-0.014,1.223,-2.795,1.392,49.998867455677974,T323P
-7.753,49.53746170577738,-0.196,0.012,0.299,-0.271,0.404,0.0,0.0,0.0,0.0,0.0,-0.023,5.961,0.1,-1.424,0.346,49.488111562346006,V324F
-0.879,35.722,-3.483,0.014,-0.649,-0.244,5.482,0.0,0.0,0.0,1.611,0.0,0.211,3.595,0.372,1.152,0.473,43.37447311496021,T323I
5.231,-2.609,5.456,-0.015,0.018,-0.149,-0.237,0.0,0.0,0.0,0.0,0.0,-0.023,-0.191,0.472,-2.932,0.565,5.582748341358183,V324S
-3.448,48.58774604958375,-2.462,0.036,-0.266,-0.506,11.105,0.0,0.0,0.0,1.611,0.0,0.0,6.865,-0.283,0.067,-0.163,49.140525076215226,T323F
2.092,-1.346,5.939,-0.007,0.403,-0.49,2.068,0.0,0.0,0.0,0.0,0.0,0.0,0.844,0.463,-1.296,-0.007,8.659973345976823,Y329K
1.22,49.97057186644792,1.987,-0.02,0.004,0.62,1.845,26.077,0.97,0.0,0.0,0.0,0.122,-2.259,3.018,-3.304,5.137,49.99286142548144,L330P
-1.327,1.855,10.639,-0.011,0.484,-0.095,-0.111,0.0,0.0,0.0,0.0,0.0,-0.023,2.995,0.585,-5.367,0.736,10.358776476428602,V324E
2.365,0.125,4.247,-0.009,0.368,0.048,-0.191,0.0,0.0,0.0,0.0,0.0,0.0,0.421,0.049,-1.962,0.736,6.198377517612698,L330H
2.114,-0.507,5.426,-0.018,0.216,-0.012,0.356,0.0,0.0,0.0,0.0,0.068,0.0,-0.596,-0.1,-3.001,-1.097,2.850112140447436,L330N
8.641,-2.84,-0.302,-0.003,-0.103,-0.105,0.402,-1.109,0.0,0.0,0.0,0.0,0.041,-0.981,1.489,2.442,3.635,11.204216621149952,P326G
9.135,-2.565,-4.402,-0.017,-0.186,-0.105,-0.375,0.0,0.0,0.0,0.0,0.0,0.0,0.129,0.276,0.57,-0.055,2.403651840724251,Y329T
-4.58,47.774059981775565,1.467,-0.005,0.194,-0.396,0.28,0.0,0.0,0.0,0.0,0.0,-0.023,4.45,0.487,-0.985,1.985,48.0108098483097,V324M
6.185,-1.503,0.917,-0.025,-0.091,0.324,-0.072,0.0,0.0,0.0,0.0,0.0,0.0,-1.943,0.764,-0.336,1.272,5.492442361997973,L330A
1.596,-1.431,5.112,-0.011,0.063,0.314,0.278,0.0,0.0,0.0,0.0,0.0,0.0,0.111,0.603,-2.376,0.139,4.400099422679432,L330K
-12.254,48.54547682048698,13.125,-0.024,-0.181,-1.555,1.774,0.0,0.0,0.0,0.0,1.235,-0.023,2.573,-0.049,-2.943,0.492,48.66478410422244,V324H
-0.164,13.603,7.661,0.023,0.377,-0.083,-0.621,-1.109,0.0,0.0,0.0,0.0,0.019,4.036,1.187,-0.502,3.31,27.73675228866523,P326D
0.161,0.513,-2.888,-0.006,-0.078,0.052,2.647,0.0,0.0,0.0,1.611,0.0,0.0,-0.261,-0.08,2.103,-0.104,3.667285273316338,T323C
1.125,-1.047,-3.542,0.003,-0.001,0.021,0.608,0.0,0.0,0.0,0.0,0.0,0.0,-0.096,-0.074,0.636,-0.254,-2.6235654381328004,Y329F
6.803,-0.726,0.383,-0.016,0.039,0.053,-0.081,4.36,0.0,0.0,0.0,0.0,0.0,1.407,0.453,-3.306,0.072,9.437390944899334,Y329E
3.828,-1.469,1.629,-0.022,-0.106,0.223,-0.059,0.0,0.0,0.0,0.0,0.0,0.0,-1.577,0.263,1.594,1.09,5.394047686454087,L330C
2.848,-1.169,0.651,-0.009,-0.069,0.106,-0.199,0.0,0.0,0.0,0.0,0.0,0.047,-2.272,-0.064,0.982,-0.845,0.0066715700895656,L330V
7.504,5.253,4.29,0.011,0.196,0.268,1.217,0.0,0.0,0.0,0.0,0.0,0.0,3.244,0.009,-0.443,0.231,21.78191952382963,L330F
4.225,-1.35,5.854,-0.017,0.523,0.1,0.082,0.0,0.0,0.0,0.0,0.0,0.0,-0.654,-0.292,-3.807,-1.045,3.619457961685612,L330D
1.256,-0.629,4.482,-0.02,0.124,-0.427,-0.114,0.0,0.0,0.0,0.0,0.0,0.0,1.005,0.462,-3.112,0.349,3.3769350469372057,L330Q
0.105,0.938,4.105,0.04,0.417,-0.205,-0.579,0.0,0.0,0.0,0.0,0.0,0.0,1.391,0.066,0.6,2.807,9.68541878163137,L330W
11.594,-2.678,-6.574,-0.021,-0.306,0.275,0.465,0.0,0.0,0.0,0.0,0.0,0.0,-2.132,0.707,0.743,0.761,2.8316130276944023,Y329A
0.05,1.993,7.088,-0.011,0.219,0.095,0.264,0.0,0.0,0.0,0.0,0.0,-0.023,5.552,-0.11,-3.983,0.069,11.200176323731055,V324N
6.923,-1.817,1.877,-0.027,-0.069,0.256,0.343,0.0,0.0,0.0,0.0,0.0,0.083,-2.189,1.627,-0.863,6.12,12.263928800057784,L330G
3.643,-2.337,0.472,-0.019,0.099,-0.179,-0.494,0.0,0.0,0.0,-0.891,0.0,0.0,-0.269,-0.116,-0.882,0.077,-0.8982200129885314,Y329H
11.101,-2.711,-3.737,-0.021,-0.278,-0.165,0.242,0.0,0.0,0.0,0.0,0.0,0.0,-1.279,0.472,-0.872,0.058,2.808957785992789,Y329S
2.024,-1.037,3.761,-0.009,0.011,-0.284,-0.49,0.0,0.0,0.0,0.0,0.0,-0.023,-0.268,0.639,-1.491,0.745,3.576982125463473,V324T
3.259,-1.11,0.183,-0.007,-0.014,0.084,0.241,0.0,0.0,0.0,0.149,0.0,0.0,0.144,-0.048,-1.441,-0.03,1.4100352901170936,T323S
6.317,-1.423,-10.605,-0.036,-0.896,0.459,0.043,0.0,0.0,0.0,0.223,-0.005,0.0,-4.447,-0.273,4.05,-0.092,-6.687893421427816,E325A
1.462,-0.499,4.474,-0.005,0.422,0.004,0.546,0.0,0.0,0.0,0.0,0.068,0.0,-0.926,0.457,-1.756,0.251,4.49769259426489,L330R
5.8,-1.477,3.502,-0.022,-0.049,0.332,-0.428,0.0,0.0,0.0,0.0,0.0,0.0,-1.961,0.717,-1.951,0.806,5.268088374055651,L330S
6.954,46.14008060595059,-6.637,-0.004,-0.253,0.144,0.611,0.0,0.0,0.0,0.0,0.0,0.04,-1.777,-0.462,2.061,-0.59,46.15282605234733,Y329V
-9.329,49.98662333609196,3.327,0.001,0.283,-0.301,0.718,0.0,0.0,0.0,0.0,0.0,-0.023,5.569,0.165,-2.06,0.669,49.986086768411035,V324Y
2.299,10.089,-4.778,-0.003,-0.472,0.593,2.084,0.0,0.0,0.0,-0.829,0.0,0.0,2.59,0.1,1.679,0.642,13.993134660363694,Y329W
-3.289,47.233251654479744,-0.395,-0.001,0.029,-0.294,-0.097,0.0,0.0,0.0,0.0,0.0,-0.023,0.985,0.333,-0.981,0.488,46.861567012901276,V324L
7.682,-2.653,-1.301,-0.018,-0.01,-0.524,0.807,0.0,0.0,0.0,0.0,0.0,0.0,0.15,0.014,-1.922,-0.277,1.947250806899774,Y329N
5.179,-2.005,0.584,-0.011,0.704,-0.609,1.393,0.0,0.0,0.0,0.0,0.0,0.0,1.549,0.344,-2.033,-0.005,5.089596220316935,Y329Q
-5.989,44.735,6.627,0.014,0.417,-0.26,7.254,0.0,0.0,0.0,1.427,0.0,0.0,5.311,-0.055,-1.452,0.014,41.065355573714974,T323H
-3.69,0.642,-0.432,0.011,0.021,0.096,-0.065,0.0,0.0,0.0,0.0,0.0,0.0,0.406,0.084,-0.339,0.083,-3.1861425307563422,V328I
-5.254,41.189,3.474,0.035,0.12,0.369,0.382,0.0,0.0,0.0,-0.698,0.295,0.005,4.056,0.411,-1.424,0.405,43.36118079674816,V328F
7.595,0.66,4.677,0.011,0.217,0.282,1.06,0.0,0.0,0.0,0.0,0.0,0.0,3.489,0.196,-1.079,0.246,17.35415720827814,L330Y
-3.635,12.924,-0.316,-0.004,0.02,0.161,0.092,0.0,0.0,0.0,0.0,0.0,0.005,3.516,0.444,-0.981,0.511,12.733787946853,V328L
-5.187,49.99998535468341,-4.095,0.073,-0.031,-0.175,0.088,-1.109,0.0,0.0,0.0,0.0,0.019,5.032,1.392,3.305,3.549,49.9999869378748,P326L
-0.59,11.935,-8.365,0.076,-0.633,0.489,0.531,0.0,0.0,0.0,0.0,0.0,0.019,-1.241,0.31,5.368,0.227,8.123684485936565,E325V
-6.674,13.452,8.172,0.0,0.41,0.866,1.865,0.0,0.0,0.0,2.003,-1.185,0.0,5.017,-0.045,-2.602,-0.209,21.06648075948533,T323Q
0.0,0.0,0.0,0.0,0.0,0.0,0.0,0.0,0.0,0.0,0.0,0.0,0.0,0.0,0.0,0.0,0.0,0.0,Y329Y
-9.091,49.99991054284018,-1.293,0.0,0.11,-0.286,11.437,0.0,0.0,0.0,0.239,1.438,0.0,1.48,-0.516,3.943,-0.903,49.99993117660308,E325F
5.527,-1.564,-5.439,-0.033,-0.787,0.031,-1.237,0.0,0.0,0.0,0.0,-0.005,0.0,-2.978,-0.137,2.435,-0.002,-4.190528108187891,E325S
-14.585,49.99999897135672,2.583,0.002,0.256,-0.382,0.698,0.0,0.0,0.0,0.0,0.0,-0.023,4.298,0.28,-0.381,1.811,49.99999872100391,V324W
1.714,-0.617,1.957,-0.012,-0.011,0.084,-0.188,0.0,0.0,0.0,0.0,0.0,0.005,0.191,0.527,0.612,1.004,5.2632860762523705,V328C
-2.239,6.294,6.417,0.008,-0.285,0.387,3.254,0.0,0.0,0.0,1.611,0.0,0.0,4.136,-0.037,-1.246,-0.076,18.22130305637961,T323R
12.843,-4.444,-11.754,-0.034,-1.471,0.803,-1.072,0.0,0.0,0.0,-0.829,-0.372,-0.236,-2.676,0.71,3.523,9.952,4.940119634850589,E325G
-2.464,0.244,12.004,-0.009,0.248,0.648,-1.768,0.0,0.0,0.0,0.0,0.0,0.005,2.941,0.816,-5.367,0.749,8.043172550912459,V328E
-4.852,30.33,5.66,0.008,0.419,0.685,0.342,-1.109,0.0,0.0,-1.776,0.0,0.019,6.01,1.456,0.193,3.465,40.84696139295124,P326Q
5.734,-2.247,-3.027,-0.002,-0.103,-0.095,0.356,-1.109,0.0,0.0,0.0,0.0,0.019,-0.981,0.997,2.968,3.163,5.6723450723307,P326A
-1.989,1.083,0.412,-0.011,-0.238,-0.386,0.407,0.0,0.0,0.0,0.223,0.0,0.0,-1.283,-0.031,2.01,-0.06,0.1346858372198767,E325K
-19.037,49.999999999999986,-0.609,0.047,0.071,-0.964,0.154,-1.109,0.0,0.0,0.0,0.0,0.019,7.527,1.431,3.905,3.465,49.999999999999986,P326W
0.958,47.293,-1.954,-0.001,-0.093,-0.187,0.09,-1.109,0.0,0.0,0.0,0.0,0.019,-0.237,1.558,4.898,3.143,39.79905705239584,P326C
-0.338,-1.349,7.565,-0.01,0.197,0.525,0.037,0.0,0.0,0.0,0.0,0.0,0.005,2.897,0.554,-3.983,0.517,6.614130028020099,V328N
0.424,44.893495289537775,-8.139,-0.031,-0.842,-0.053,2.709,46.01313577613135,0.0,0.766,0.0,0.012,-0.218,-5.117,2.93,1.082,10.54,49.810416536564404,E325P
5.773,-1.812,1.582,-0.011,-0.057,0.136,0.075,0.0,0.0,0.0,0.0,0.0,0.005,0.011,1.076,-1.318,1.559,7.017619761971446,V328A
-8.396,44.42419162131506,2.019,0.03,0.245,-0.31,-3.689,-1.109,0.0,0.0,0.0,-0.047,0.051,4.349,2.074,3.947,3.748,45.006338817297745,P326I
-2.483,0.267,-0.555,0.07,-0.193,-0.414,-0.463,0.0,0.0,0.0,0.223,0.0,0.0,-1.814,-0.473,2.63,-0.566,-3.771260242516519,E325R
-1.08,0.021,-1.128,0.0,-0.174,0.029,-0.088,0.0,0.0,0.0,0.0,-1.716,0.0,0.105,-0.223,1.274,-0.21,-3.192031538018,E325Q
-4.826,49.956501329099034,-0.468,0.001,-0.239,0.815,13.348,0.0,0.0,0.0,-0.813,1.438,0.0,3.151,-0.242,4.986,0.111,49.97818721617859,E325W
-4.153,49.68328784989428,-3.256,0.014,-0.206,0.046,3.165,0.0,0.0,0.0,0.239,1.438,0.0,-0.5,0.042,4.386,-0.019,49.6980448442885,E325L
-9.789,49.99999951270191,-4.953,0.026,-0.01,-0.999,1.195,-1.109,0.0,0.0,0.074,0.212,0.019,5.348,1.561,2.862,3.449,49.99999946965041,P326F
0.058,0.095,0.053,-0.005,-0.012,0.078,0.017,0.0,0.0,0.0,-0.089,0.0,0.0,-0.154,0.0,0.0,0.0,0.0401677437776015,G327G
-1.938,14.246,4.34,0.025,0.319,-0.659,0.102,-1.109,0.0,0.0,0.0,0.0,0.019,3.92,1.548,0.303,3.514,24.629574149626023,P326N
2.11,3.125,0.846,-0.012,0.297,0.749,2.216,0.0,0.0,0.0,0.0,-0.339,0.0,-1.144,-0.617,0.579,-0.23,7.579301827937115,E325D
-6.765,49.98067552936023,10.649,0.019,0.162,0.134,1.096,-1.109,0.0,0.0,0.074,0.212,0.019,4.871,1.428,0.929,3.45,49.98946351361873,P326K
-2.095,37.818,8.162,-0.001,0.512,-0.624,-0.064,-1.109,0.0,0.0,0.074,0.212,0.019,4.55,1.394,-1.081,3.423,38.569734311327906,P326E
0.0,0.0,0.0,0.0,0.0,0.0,0.0,0.0,0.0,0.0,0.0,0.0,0.0,0.0,0.0,0.0,0.0,0.0,P326P
0.0,0.0,0.0,0.0,0.0,0.0,0.0,0.0,0.0,0.0,0.0,0.0,0.0,0.0,0.0,0.0,0.0,0.0,E325E
-6.256,42.129,5.867,0.032,0.162,0.297,0.247,0.0,0.0,0.0,-0.698,0.295,0.005,3.729,0.438,-2.06,0.514,44.69697313901861,V328Y
1.376,-1.433,9.934,-0.01,0.223,0.285,-0.926,0.0,0.0,0.0,0.0,0.0,0.005,3.478,0.575,-4.788,0.521,9.236913552631904,V328D
2.264,-1.068,-7.679,-0.018,-0.836,0.636,-0.771,0.0,0.0,0.0,0.223,-0.005,0.0,-2.722,-0.507,5.98,-0.365,-4.869771838531051,E325C
0.504,49.103978093648706,3.084,-0.011,0.056,0.322,1.139,49.34218379313181,0.0,1.308,0.0,0.0,0.109,0.711,6.708,-4.286,7.639,49.99700092879143,V328P
-2.859,23.503,10.726,0.008,0.484,-0.545,0.367,0.0,0.0,0.0,0.0,0.309,0.005,3.169,0.321,-2.943,0.522,33.06465456334149,V328H
-4.35,8.806,8.415,-0.006,0.164,0.634,-0.632,0.0,0.0,0.0,0.0,0.0,0.005,3.66,0.727,-4.093,0.645,13.972098573010271,V328Q
-11.165,49.99957617674974,9.146,0.046,0.995,-0.304,0.312,-1.109,0.0,0.0,0.074,0.212,0.019,6.138,1.276,1.549,3.352,49.99972197228502,P326R
-3.793,43.14564419094313,2.169,0.024,0.094,-0.621,1.988,0.0,0.0,0.0,0.273,0.309,0.005,4.38,0.784,-0.985,1.207,44.49272627211419,V328M
-12.539,49.999999999999716,-0.213,0.03,0.037,-0.706,0.151,-1.109,0.0,0.0,0.0,0.0,0.019,5.398,1.579,2.226,3.498,49.9999999999997,P326Y
-10.395,42.189,-2.351,0.045,-0.119,0.952,0.961,4.36,0.0,0.0,-0.918,0.0,0.056,6.251,-0.308,0.421,-0.963,40.177971021940266,G327F
0.529,5.114,-2.371,-0.01,0.241,-0.054,1.474,0.0,0.0,0.0,0.223,0.0,0.0,-0.333,-0.881,1.385,-0.744,4.570134371078211,E325N
-5.529,29.157,-2.665,0.008,0.055,-0.802,0.872,-1.109,0.0,0.0,0.074,0.212,0.019,5.051,1.526,3.301,3.276,33.44509358833693,P326M
-4.853,12.268,7.191,0.036,1.064,0.648,1.09,4.36,0.0,0.0,-0.829,0.0,0.056,8.713,-0.066,-3.522,-0.617,25.53613641254356,G327E
-3.006,12.411,16.591,0.016,0.845,0.553,0.215,0.0,0.0,0.0,0.273,-0.022,0.005,3.034,0.806,-3.357,0.537,28.897367236382934,V328K
4.444,-1.412,2.119,-0.002,-0.081,-0.275,0.132,-1.109,0.0,0.0,0.0,0.0,0.019,0.107,0.895,1.354,3.003,9.192498274878062,P326S
0.0,0.0,0.0,0.0,0.0,0.0,0.0,0.0,0.0,0.0,0.0,0.0,0.0,0.0,0.0,0.0,0.0,0.0,V328V
-1.167,29.949,-5.07,0.017,-0.037,-0.202,-0.082,-1.109,0.0,0.0,0.0,0.0,0.051,3.816,1.976,4.286,3.639,36.06653775078348,P326V
-7.054,34.021,16.516,0.004,0.888,0.293,0.658,0.0,0.0,0.0,0.273,-0.022,0.005,1.85,0.595,-2.737,0.495,45.78253298280333,V328R
7.929,-1.888,2.999,-0.015,-0.046,0.163,0.014,0.0,0.0,0.0,0.0,0.0,0.031,-0.022,2.101,-1.844,3.691,13.109443342616714,V328G
-7.561,49.910996558792064,-3.151,0.14,-0.544,0.55,2.677,4.36,0.0,0.0,-0.918,0.0,-0.004,7.766,0.323,1.506,-0.325,49.926576753162415,G327I
-1.128,3.958,5.331,0.015,0.299,0.429,-5.152,0.0,0.0,0.0,-0.829,-1.555,0.056,6.57,0.149,-2.944,-0.362,4.836935528931235,G327D
-10.482,47.60129089503963,5.393,0.029,0.403,0.218,0.594,0.0,0.0,0.0,0.0,0.295,0.005,5.172,0.463,-0.381,1.571,47.8897720485257,V328W
-2.935,42.386092893654585,-2.815,0.037,-0.257,0.358,3.157,0.0,0.0,0.0,0.239,1.438,0.019,0.265,0.349,5.029,0.472,43.76243238752365,E325I
-7.573,49.51563919752431,5.329,-0.025,0.216,-0.714,9.942,0.0,0.0,0.0,0.239,1.402,0.0,1.288,-0.987,2.424,-0.707,49.685433600017596,E325H
-2.373,2.59,-4.405,-0.014,-0.518,-0.184,0.746,0.0,0.0,0.0,0.0,0.0,0.0,-2.266,-0.121,4.382,-0.268,-2.4320564745200954,E325M
4.702,-1.884,5.24,-0.013,0.005,-0.059,-0.036,0.0,0.0,0.0,0.0,0.0,0.005,0.181,0.775,-2.932,0.651,6.63339340777793,V328S
-10.674,19.363,12.306,0.02,0.073,0.748,0.477,0.0,0.0,0.0,0.826,0.0,0.056,6.934,0.026,-1.512,-0.627,28.01455699918233,G327K
-10.868,49.99999999904897,2.705,0.809,0.097,0.022,10.881,0.0,0.0,0.0,0.239,1.438,0.0,2.279,-0.561,3.307,-0.893,49.99999999934839,E325Y
-10.318,49.291651099974516,1.605,0.05,-0.128,0.788,2.513,4.36,0.0,0.0,-0.755,0.009,0.056,7.885,-0.294,-0.216,-0.943,49.410216649115775,G327Y
1.88,-0.256,3.404,-0.007,0.002,-0.274,-0.313,0.0,0.0,0.0,0.0,0.0,0.005,0.023,0.692,-1.491,0.587,4.2483962738870105,V328T
0.938,14.701,0.856,0.005,-0.015,-0.055,-0.162,-1.109,0.0,0.0,0.0,0.0,0.019,-0.551,1.492,2.795,3.501,22.41461317617359,P326T
3.478,0.988,-5.581,-0.005,-0.686,1.035,1.291,0.0,0.0,0.0,-0.918,0.0,0.056,2.159,-0.645,0.527,-1.011,0.6857463834651298,G327A
-4.02,47.68025007267863,-5.248,0.029,-0.694,0.87,2.898,4.36,0.0,0.0,-0.918,0.0,-0.004,4.045,0.364,1.845,-0.411,47.946281377506025,G327V
2.059,0.473,-4.401,-0.015,-0.724,0.761,-1.179,0.0,0.0,0.0,0.223,-0.005,0.0,-1.385,-0.052,3.877,-0.226,-0.5950980743318723,E325T
-2.579,3.382,2.703,0.002,0.051,0.621,0.771,0.0,0.0,0.0,-0.918,0.0,0.056,4.703,0.172,-2.138,-0.456,6.367786206015808,G327N
-1.134,28.081,-2.101,0.005,-0.532,0.832,1.498,49.750468034103065,0.0,0.0,-0.918,0.0,0.091,2.936,6.434,-2.441,9.436,49.95374145225638,G327P
-7.742,11.793,4.296,0.002,0.379,0.859,0.572,0.0,0.0,0.0,-0.918,0.0,0.056,4.926,-0.465,-1.098,-1.015,11.642456157235074,G327H
-8.829,23.663,7.212,0.062,0.923,-0.262,5.92,4.36,0.0,0.0,-1.999,0.602,0.056,7.364,-0.216,-0.893,-0.852,37.1095851754003,G327R
-0.675,2.944,-3.075,0.004,-0.67,0.927,1.272,0.0,0.0,0.0,-0.829,0.0,0.056,3.287,-0.137,2.457,-0.886,4.67436977392299,G327C
-6.492,13.932,4.525,0.038,0.65,0.437,4.679,4.36,0.0,0.0,-0.829,0.0,0.056,8.115,-0.074,-2.249,-0.652,26.49449201133848,G327Q
-8.118,18.001,-0.449,0.043,-0.202,1.281,1.87,4.36,0.0,0.0,-0.829,0.0,0.056,7.28,-0.067,0.86,-0.574,23.510693841179773,G327M
-12.765,49.995949319234086,3.421,0.054,0.568,-1.244,6.881,0.0,0.0,0.0,-0.829,1.426,0.056,8.127,-0.329,1.463,-0.531,49.99685123149448,G327W
-1.286,5.542,0.584,0.011,-0.639,1.08,1.922,0.0,0.0,0.0,-0.829,0.0,0.056,3.058,0.011,0.354,-0.84,9.024436841021044,G327T
-6.134,17.38,-3.244,0.595,-0.26,0.886,1.798,0.0,0.0,0.0,-0.829,0.0,0.056,6.809,0.474,0.864,0.115,18.508196778924912,G327L
2.179,1.587,-0.444,0.001,-0.645,0.487,1.121,0.0,0.0,0.0,-0.829,0.0,0.056,2.82,-0.581,-1.087,-1.132,3.5303375236289867,G327S
1.293,-0.813,0.421,0.005,0.258,-0.112,0.304,-0.541,0.0,0.0,0.0,0.0,-0.017,2.279,0.655,-1.081,-0.763,1.885590324398436,P331E
1.336,-0.835,0.185,0.0,-0.037,-0.101,0.326,-0.541,0.0,0.0,0.0,0.0,-0.017,0.108,0.851,4.898,-0.681,5.489919016325302,P331C
0.659,-0.801,-0.442,0.02,-0.01,-0.381,0.069,-0.541,0.0,0.0,0.0,0.0,-0.017,1.561,0.687,3.305,-0.601,3.5060930801555514,P331L
1.541,-0.848,0.396,0.0,-0.011,-0.096,0.273,-0.541,0.0,0.0,0.0,0.0,-0.017,0.242,0.896,1.354,-0.488,2.6984425338227997,P331S
1.291,-0.824,0.405,0.009,0.174,-0.104,0.343,-0.541,0.0,0.0,0.0,0.0,-0.017,1.476,0.796,1.549,-0.654,3.9022500826456503,P331R
1.648,-0.852,0.063,-0.002,-0.07,-0.1,0.278,-0.541,0.0,0.0,0.0,0.0,-0.017,-0.059,0.821,2.968,-0.735,3.400027074493437,P331A
1.84,-0.856,0.169,-0.003,-0.07,-0.086,0.237,-0.541,0.0,0.0,0.0,0.0,-0.05,-0.059,1.754,2.442,0.302,5.0773292220176245,P331G
1.053,-0.852,0.841,0.003,0.172,-0.277,0.622,-0.541,0.0,0.0,0.0,0.0,-0.017,1.888,0.768,0.303,-0.404,3.5589873278922823,P331N
1.291,-0.843,1.079,0.0,0.441,-0.27,0.505,-0.541,0.0,0.0,0.0,0.0,-0.017,2.302,0.518,-0.502,-0.603,3.3576592315835114,P331D
0.898,-0.841,1.01,0.001,0.267,-0.213,0.258,-0.541,0.0,0.0,0.0,0.0,-0.017,1.548,0.671,1.343,-0.522,3.8603447670841433,P331H
-1.246,4.213,0.582,0.012,0.125,-0.012,-0.529,0.0,0.0,0.0,0.0,0.0,0.16,0.513,2.644,0.86,2.749,10.069258164358644,G332M
-0.294,-0.573,-0.074,0.015,-0.059,-0.41,0.112,-0.541,0.0,0.0,0.0,0.0,-0.017,2.295,1.061,3.301,-0.488,4.325437777866682,P331M
0.0,0.0,0.0,0.0,0.0,0.0,0.0,0.0,0.0,0.0,0.0,0.0,0.0,0.0,0.0,0.0,0.0,0.0,P331P
0.51,-0.785,0.19,0.024,0.02,-0.307,0.204,-0.541,0.0,0.0,0.0,0.0,-0.017,2.303,0.916,2.862,-0.655,4.722796179099078,P331F
0.044,-0.683,-0.579,0.041,0.019,-0.445,0.059,-0.541,0.0,0.0,0.0,0.0,-0.027,1.84,0.889,3.947,-0.52,4.042786595480038,P331I
1.29,-0.819,0.4,0.006,0.081,-0.104,0.364,-0.541,0.0,0.0,0.0,0.0,-0.017,0.844,0.723,0.929,-0.743,2.411746872874573,P331K
1.294,-0.815,0.357,0.006,0.136,-0.112,0.319,-0.541,0.0,0.0,0.0,0.0,-0.017,2.247,0.84,0.193,-0.627,3.2779717257169523,P331Q
0.949,-0.748,0.049,0.017,-0.024,-0.163,0.269,-0.541,0.0,0.0,0.0,0.0,-0.027,0.05,0.771,4.286,-0.622,4.264642500066202,P331V
-0.1,-0.797,0.411,0.017,0.172,-0.167,0.238,-0.541,0.0,0.0,0.0,0.0,-0.017,1.645,0.782,3.905,-0.644,4.900365922069796,P331W
1.228,-0.738,0.385,0.007,-0.016,-0.208,0.015,-0.541,0.0,0.0,0.0,0.0,-0.017,-0.031,0.772,2.795,-0.514,3.135753999756389,P331T
-1.164,3.281,0.329,0.003,0.016,-0.094,-0.675,0.0,0.0,0.0,0.0,0.0,0.16,0.049,2.391,2.457,3.917,10.666900483968902,G332C
-1.423,0.72,2.816,0.011,1.239,0.076,-2.429,0.0,0.0,0.0,0.0,-0.01,0.16,2.505,1.965,-2.944,1.719,4.40125728985322,G332D
-1.394,3.103,0.695,0.01,0.722,-0.079,-0.336,0.0,0.0,0.0,0.0,0.0,0.16,1.756,2.506,-2.249,2.159,7.051379048027229,G332Q
0.516,-0.786,0.174,0.024,0.058,-0.307,0.21,-0.541,0.0,0.0,0.0,0.0,-0.017,2.214,0.767,2.226,-0.686,3.847519129677721,P331Y
-1.327,3.563,0.762,0.012,0.24,-0.02,-0.387,0.0,0.0,0.0,0.0,0.0,0.16,1.263,2.118,-0.893,1.661,7.149254720457748,G332R
-0.589,3.008,-0.114,0.002,0.0,-0.002,-0.55,0.0,0.0,0.0,0.0,0.0,0.16,0.0,2.612,0.527,2.237,7.287841858954835,G332A
-1.157,4.383,-0.045,0.078,0.03,0.196,-0.248,0.0,0.0,0.0,0.0,0.0,0.164,0.024,5.167,1.845,10.692,21.12498017955545,G332V
-2.059,2.872,0.262,0.023,0.308,-0.144,-0.784,0.0,0.0,0.0,0.0,0.0,0.16,1.6,1.974,0.421,1.801,6.429919640476783,G332F
-1.288,3.608,0.218,0.095,0.102,0.152,-0.254,0.0,0.0,0.0,0.0,0.0,0.164,0.246,4.891,1.506,10.721,20.15814272759917,G332I
-1.454,2.441,0.724,0.015,0.4,-0.001,-0.31,0.0,0.0,0.0,0.0,0.0,0.16,1.177,2.145,-1.512,1.896,5.676896565809784,G332K
-3.492,49.905244729944165,0.247,0.003,0.054,-0.063,-1.07,49.97534945698745,0.0,0.0,0.0,0.0,0.164,0.0,7.319,-2.441,11.666,49.99998575022966,G332P
-0.668,2.992,0.538,0.068,0.045,-0.001,-0.404,0.0,0.0,0.0,0.0,0.0,0.16,1.575,2.352,0.354,2.531,9.539843694342608,G332T
-0.239,0.129,-1.474,0.001,-0.302,0.193,0.415,0.0,0.0,0.0,0.0,0.0,0.0,-1.744,0.023,1.757,0.147,-1.0925358024862817,R333L
-1.122,0.554,1.422,-0.001,-0.1,0.355,-0.211,0.0,0.0,0.0,-0.453,0.0,0.16,0.741,2.047,-1.087,1.969,4.270276270273371,G332S
-2.633,2.791,0.523,0.021,0.402,-0.253,-0.603,0.0,0.0,0.0,0.0,0.0,0.16,2.314,2.1,1.463,2.942,9.22279124109673,G332W
-1.566,3.16,0.345,0.018,0.104,-0.083,-0.456,0.0,0.0,0.0,0.0,0.0,0.16,0.055,2.714,0.864,2.417,7.729456860834261,G332L
0.0,0.0,0.0,0.0,0.0,0.0,0.0,0.0,0.0,0.0,0.0,0.0,0.0,0.0,0.0,0.0,0.0,0.0,G332G
-1.371,2.897,0.891,0.009,0.819,-0.057,-0.383,0.0,0.0,0.0,0.0,0.0,0.16,2.433,2.641,-3.522,2.208,6.722625170730908,G332E
-0.89,0.655,0.639,0.008,0.761,-0.067,-0.321,0.0,0.0,0.0,0.0,0.0,0.16,2.454,1.599,-2.138,1.393,4.249584866008945,G332N
-1.971,2.491,0.871,0.004,0.475,-0.236,-0.562,0.0,0.0,0.0,0.0,0.0,0.16,1.178,2.027,-1.098,1.767,5.10110789255782,G332H
-1.996,2.877,0.25,0.022,0.305,-0.142,-0.455,0.0,0.0,0.0,0.0,0.0,0.16,1.564,2.071,-0.216,1.881,6.31823954401375,G332Y
-2.733,49.99218654437673,-0.644,-0.012,-0.332,0.515,0.295,40.44813353891119,1.223,0.0,0.0,0.0,-0.078,-2.008,4.321,-1.548,16.66,49.999558892333916,R333P
2.108,-0.068,-2.589,-0.013,-0.377,0.28,0.639,0.0,0.0,0.0,0.0,0.0,0.0,-2.011,0.737,1.42,1.086,1.211439530879261,R333A
-0.062,-0.039,-0.181,-0.011,0.038,-0.04,0.339,0.0,0.0,0.0,0.0,0.0,0.0,-0.618,-0.132,-0.206,0.796,-0.1153364568554025,R333H
9.535,-4.056,-0.436,0.006,-0.41,0.154,1.423,0.0,0.0,0.0,0.0,0.0,-0.005,-0.961,-0.295,2.738,-0.323,7.369623240572537,R333V
-0.046,0.226,1.113,-0.008,-0.108,0.189,0.506,0.0,0.0,0.0,0.0,0.0,0.0,0.39,0.099,-2.629,0.259,-0.0097628025891935,R333E
1.831,-0.05,-0.156,-0.013,-0.353,-0.012,0.181,0.0,0.0,0.0,0.0,0.0,0.0,-1.49,0.297,-0.195,0.855,0.8938641390302564,R333S
0.833,-0.048,-1.038,-0.012,-0.366,0.161,0.199,0.0,0.0,0.0,0.0,0.0,0.0,-1.917,0.146,3.35,0.395,1.702846379888797,R333C
0.807,-0.044,1.221,-0.011,-0.088,-0.145,1.178,0.0,0.0,0.0,0.0,0.0,0.0,-0.042,0.518,-2.051,0.629,1.9714298126880292,R333D
-0.685,0.169,-0.819,0.007,-0.115,0.197,0.339,0.0,0.0,0.0,0.0,0.0,0.0,-0.191,0.005,1.313,0.339,0.5587391310982639,R333F
8.515,-3.967,-0.475,0.019,-0.41,0.113,1.494,0.0,0.0,0.0,0.0,0.0,-0.005,-0.094,-0.169,2.399,-0.157,7.261375341563053,R333I
3.84,-0.16,-1.667,-0.014,-0.377,0.298,0.594,0.0,0.0,0.0,0.0,0.0,-0.063,-2.011,1.14,0.893,2.836,5.3071785238869325,R333G
-0.3,-0.028,0.154,-0.008,-0.171,-0.056,0.492,0.0,0.0,0.0,0.0,0.0,0.0,0.67,0.112,-1.356,0.333,-0.1567561876809122,R333Q
0.251,-0.006,-0.311,-0.007,-0.257,0.041,0.563,0.0,0.0,0.0,0.0,0.0,0.0,-0.97,-0.056,-0.619,-0.07,-1.4426087475596887,R333K
0.259,-0.056,0.68,-0.01,-0.111,0.082,0.197,0.0,0.0,0.0,0.0,0.0,0.0,-0.304,0.329,-1.245,0.727,0.5482243646754341,R333N
0.0,0.0,0.0,0.0,0.0,0.0,0.0,0.0,0.0,0.0,0.0,0.0,0.0,0.0,0.0,0.0,0.0,0.0,R333R
10.388,-4.115,0.721,-0.002,-0.399,0.075,0.98,0.0,0.0,0.0,0.0,0.0,0.0,-0.607,-0.16,1.247,0.042,8.16976698050803,R333T
-0.599,0.298,-0.835,0.006,-0.114,0.2,0.311,0.0,0.0,0.0,0.0,0.0,0.0,-0.319,-0.162,0.677,-0.001,-0.536844978151521,R333Y
-1.388,0.074,-1.951,-0.006,-0.369,0.086,0.414,0.0,0.0,0.0,0.0,0.0,0.0,-1.093,0.581,1.752,1.583,-0.3173914521441929,R333M
-0.339,-0.022,-0.727,0.004,-0.094,0.114,0.368,0.0,0.0,0.0,0.0,0.0,0.0,-0.486,-0.036,2.356,1.527,2.6629668974978813,R333W
0.0,0.0,0.0,0.0,0.0,0.0,0.0,0.0,0.0,0.0,0.0,0.0,0.0,0.0,0.0,0.0,0.0,0.0,G334G
0.856,33.26,5.756,0.028,-0.217,-0.791,3.086,0.0,0.0,0.0,1.454,0.0,0.064,3.029,4.847,0.354,8.763,41.82987482433384,G334T
-3.841,48.71495155272398,9.396,0.016,0.843,-1.129,3.325,0.0,0.0,0.0,0.566,0.0,0.064,7.729,5.324,-2.249,8.675,49.58896691875805,G334Q
-3.037,19.169,-1.217,-0.004,0.013,0.072,-0.541,0.0,0.0,0.0,0.183,0.0,0.064,-0.513,5.577,0.527,8.316,28.60638396265472,G334A
0.768,22.413,10.399,0.028,0.563,-1.349,-0.892,0.0,0.0,0.0,0.312,-0.594,0.064,3.573,4.202,-2.944,8.345,44.88624851750569,G334D
-5.354,49.99999998092314,1.586,0.042,-0.093,-0.657,3.813,0.0,0.0,0.0,2.348,0.0,0.081,4.881,6.057,1.506,8.333,49.9999999922568,G334I
-0.619,24.078,8.076,0.031,0.433,-1.385,0.539,0.0,0.0,0.0,0.312,0.0,0.064,5.226,4.247,-2.138,7.473,46.33416400079477,G334N
-22.935,50.0,7.152,0.014,0.072,-0.172,3.52,0.0,0.0,0.0,3.934,0.0,0.064,7.267,5.789,-0.216,8.525,50.0,G334Y
3.473,49.73684835053119,1.07,0.026,-0.007,-0.395,1.173,49.99018582942354,1.417,0.0,0.312,0.0,0.081,1.278,6.924,-2.441,19.338,49.999992870574765,G334P
-4.78,43.2079486838472,8.497,0.041,0.653,-0.363,0.125,0.0,0.0,0.0,-0.117,0.0,0.064,6.48,4.103,-1.098,8.311,47.05634623418275,G334H
-4.349,18.398,6.344,-0.004,0.032,0.053,0.164,0.0,0.0,0.0,0.174,0.0,0.064,2.141,4.409,-1.087,7.37,33.70661283470622,G334S
-2.286,39.244475595614645,13.451,0.032,0.214,-0.113,-0.398,0.0,0.0,0.0,0.582,-0.057,0.064,5.261,5.377,-3.522,8.798,46.12841059713498,G334E
-10.403,49.99997848478135,-0.898,0.035,0.047,-0.456,2.849,0.0,0.0,0.0,2.348,0.0,0.081,3.564,6.606,1.845,9.327,49.9999881650972,G334V
-4.885,49.999999947612075,14.073,0.053,0.762,-0.11,6.037,0.0,0.0,0.0,2.99,0.0,0.064,4.069,5.391,-1.512,7.862,49.999999986972924,G334K
-3.23,48.466675625016705,0.563,0.068,0.059,-0.198,0.878,0.0,0.0,0.0,0.582,0.0,0.064,3.976,5.386,0.864,9.096,49.25086851266136,G334L
1.339,23.772,2.393,0.02,-0.221,-0.466,0.638,0.0,0.0,0.0,0.312,0.0,0.064,1.734,4.804,2.457,7.126,43.969384745153775,G334C
-9.203,49.81924251797429,5.378,0.061,0.577,0.045,0.861,0.0,0.0,0.0,-0.117,0.0,0.064,6.332,5.153,1.463,9.42,49.918802790374095,G334W
-4.169,34.891,3.706,0.028,-0.123,-0.334,2.245,0.0,0.0,0.0,2.238,0.0,0.064,2.711,5.949,0.86,9.373,40.86661905747613,G334M
-7.013,49.66292380282155,2.331,0.077,0.232,0.483,-0.081,0.0,0.0,0.0,0.0,0.0,0.064,7.745,5.34,0.421,8.966,49.839303293153826,G334F
-11.941,49.999999999999766,13.298,0.037,0.934,-0.861,4.049,0.0,0.0,0.0,2.99,0.0,0.064,4.618,4.455,-0.893,8.786,49.999999999999915,G334R
0.0,0.0,0.0,0.0,0.0,0.0,0.0,0.0,0.0,0.0,0.0,0.0,0.0,0.0,0.0,0.0,0.0,0.0,G335G
-14.394,49.999999999816865,16.501,0.027,0.39,-0.269,2.689,4.36,0.0,0.0,0.0,0.0,0.184,5.278,0.998,-3.522,0.18,49.99999999988855,G335E
-13.416,49.99999998391904,-1.841,0.041,0.049,0.478,0.639,0.0,0.0,0.0,0.0,0.0,0.112,2.454,2.557,1.845,1.157,49.999999979615026,G335V
-16.814,49.999999999999986,-0.232,0.047,0.094,0.376,1.184,4.36,0.0,0.0,0.0,0.0,0.112,4.009,2.457,1.506,1.503,49.999999999999986,G335I
-19.535,49.99999999999577,15.864,0.058,0.49,0.64,1.625,4.36,0.0,0.0,0.811,0.489,0.184,6.733,0.239,-1.098,-0.285,49.99999999999723,G335H
-10.478,49.9998625583629,5.302,0.032,0.072,0.484,2.409,0.0,0.0,0.0,0.0,0.0,0.184,2.147,0.915,0.354,0.146,49.99987088683594,G335T
-10.184,49.999803920775705,1.33,0.024,0.045,0.24,1.568,0.0,0.0,0.0,0.0,0.0,0.184,2.172,0.155,2.457,-0.569,49.99978259702487,G335C
-12.01,49.99999121750394,10.202,0.038,0.765,-0.22,1.18,4.36,0.0,0.0,0.0,0.0,0.184,5.063,0.495,-2.138,-0.49,49.9999934746719,G335N
-25.678,49.999999988764074,29.028,0.057,0.869,2.201,2.384,0.0,0.0,0.0,-0.015,1.914,0.184,7.121,0.577,-0.893,-0.153,49.999999994440884,G335R
-19.224,50.0,16.048,0.038,0.229,-0.055,-0.304,4.36,0.0,0.0,0.0,0.0,0.184,3.971,1.025,-1.512,0.23,50.0,G335K
-16.596,49.999999999999886,11.686,0.028,0.266,0.07,0.889,4.36,0.0,0.0,0.0,0.0,0.184,5.238,0.881,-2.249,0.253,49.999999999999915,G335Q
-21.733,49.999995719795876,16.214,0.038,-0.119,2.816,4.813,0.0,0.0,0.0,-0.015,1.914,0.184,5.927,0.771,0.86,0.321,49.9999973499971,G335M
-29.832,50.0,11.121,0.049,0.344,0.345,0.095,4.36,0.0,0.0,0.0,0.489,0.184,6.017,0.177,1.463,0.039,50.0,G335W
-6.112,43.67380714430722,6.871,0.008,0.04,0.692,1.804,0.0,0.0,0.0,0.0,0.0,0.184,2.251,0.01,-1.087,-0.581,44.57376642906197,G335S
-24.843,50.0,11.566,0.086,0.117,1.974,9.119,0.0,0.0,0.0,-0.015,1.914,0.184,7.151,0.202,0.421,-0.303,50.0,G335F
-4.335,43.04097105563128,-1.838,0.007,0.002,0.311,-0.157,0.0,0.0,0.0,0.0,0.0,0.184,0.418,0.336,0.527,-0.046,41.75325020176244,G335A
-10.884,49.99974066565135,14.932,0.037,0.91,0.329,6.25,0.0,0.0,0.0,0.0,0.0,0.184,4.359,0.452,-2.944,-0.403,49.9998471633809,G335D
-16.394,49.999999999968445,0.214,0.081,0.21,0.025,1.561,4.36,0.0,0.0,0.0,0.0,0.184,3.096,1.466,0.864,0.914,49.99999999996382,G335L
-11.062,49.99999974777639,2.567,0.01,0.064,-0.325,3.664,49.94168250582736,0.0,0.0,1.766,0.0,0.085,2.504,7.255,-2.441,10.434,49.99999999991766,G335P
-26.244,50.0,14.875,0.074,0.1,1.356,6.169,0.0,0.0,0.0,-0.015,1.914,0.184,6.597,0.255,-0.216,-0.294,50.0,G335Y
1.899,-0.239,11.961,-0.013,0.226,0.174,-1.619,0.0,0.0,0.0,-0.09,0.0,-0.17,2.83,1.494,-4.788,0.933,12.595947583353336,V336D
5.131,-1.497,-9.555,-0.012,-0.423,0.053,2.13,0.0,0.0,0.0,0.0,-0.395,0.0,-1.67,0.025,3.35,0.518,-2.3459514650787696,R337C
-7.556,49.999999973567455,-0.159,0.022,-0.274,0.615,2.031,0.0,0.0,0.0,0.0,-1.015,0.0,2.902,-0.006,0.677,0.143,49.99999997064632,R337Y
-10.058,49.41369206943817,12.74,0.016,0.508,1.138,1.374,0.0,0.0,0.0,2.093,0.0,-0.17,3.401,0.414,-2.737,0.029,49.586073100292715,V336R
-2.457,21.183,10.563,0.02,0.665,0.645,-0.695,0.0,0.0,0.0,1.342,-0.131,-0.17,6.164,0.61,-4.093,0.181,33.82445172705957,V336Q
0.0,0.0,0.0,0.0,0.0,0.0,0.0,0.0,0.0,0.0,0.0,0.0,0.0,0.0,0.0,0.0,0.0,0.0,D340D
9.492,-2.198,3.478,-0.016,-0.04,0.199,-0.026,0.0,0.0,0.0,-0.074,0.0,0.01,-0.666,1.622,-1.844,2.01,11.94658025954459,V336G
3.535,-1.454,-1.689,-0.01,-0.171,-0.258,5.01,0.0,0.0,0.0,0.0,-0.916,0.0,0.841,0.103,-2.629,0.26,2.622501942404824,R337E
4.636,-1.413,-1.423,-0.011,0.002,0.483,4.871,0.0,0.0,0.0,0.0,-0.916,0.0,0.869,0.7,-2.051,0.677,6.423599811295389,R337D
8.961,-1.643,-11.371,-0.013,-0.45,0.293,2.07,0.0,0.0,0.0,0.0,-0.395,0.0,-1.813,0.264,1.42,0.517,-2.161753116246018,R337A
3.813,-5.149,4.151,-0.028,-0.967,-0.902,-0.974,0.0,0.0,0.0,0.0,0.0,0.009,-0.142,1.104,-0.979,1.452,1.3872819424314002,I338A
-7.908,49.480784104692766,0.548,0.019,-0.099,-0.932,3.837,0.0,0.0,0.0,0.0,0.292,0.0,2.91,0.193,2.356,0.676,49.518437149798224,R337W
1.345,6.972,-6.913,-0.002,-0.366,-0.411,3.174,0.0,0.0,0.0,0.0,0.812,0.0,-0.456,0.139,1.752,0.458,6.503572251083369,R337M
-0.391,1.15,-4.73,0.002,-0.13,0.165,4.035,0.0,0.0,0.0,-0.289,1.592,0.0,-1.884,-1.138,3.298,-0.793,0.885173506144838,D340T
1.546,44.057,4.022,-0.016,0.066,0.223,0.84,48.94772792225935,0.0,1.149,0.0,0.0,0.105,0.036,7.53,-4.286,6.722,49.91099605049767,V336P
2.976,-5.153,8.609,-0.028,-0.915,-0.848,-2.396,0.0,0.0,0.0,0.0,-1.388,0.009,0.461,0.829,-2.593,0.614,0.1759791375316126,I338S
-5.897,49.999992594368905,-5.265,0.018,-0.331,0.572,1.868,0.0,0.0,0.0,0.0,-1.015,0.0,2.08,0.023,1.313,0.156,49.99999040437704,R337F
0.169,2.2,9.693,-0.013,0.226,0.333,-0.808,0.0,0.0,0.0,-0.09,0.0,-0.17,1.937,1.209,-3.983,0.697,11.39903346716642,V336N
-2.767,18.352,5.8,0.026,0.678,-1.759,5.513,0.0,0.0,0.0,0.469,1.593,0.009,5.666,0.429,-1.085,0.338,33.25971789061987,I338F
-1.279,-4.495,10.12,-0.026,-0.707,-0.849,-1.585,0.0,0.0,0.0,0.0,0.0,0.009,2.193,0.67,-3.644,0.523,0.928931865738832,I338N
-3.348,30.123,0.908,0.037,0.07,0.226,-0.487,0.0,0.0,0.0,-0.09,0.0,0.0,3.498,0.21,-0.339,0.119,30.92782646339469,V336I
1.025,8.744,-8.998,0.006,-0.326,-0.206,2.266,0.0,0.0,0.0,0.089,0.0,0.0,0.491,0.133,1.757,0.346,5.328275923624688,R337L
0.087,-4.961,12.171,-0.027,-0.678,-0.73,-1.691,0.0,0.0,0.0,0.0,0.0,0.009,2.716,0.737,-4.449,0.567,3.74923896964242,I338D
2.961,-0.004,-8.165,-0.002,-0.216,0.068,4.147,0.0,0.0,0.0,-0.289,1.592,0.0,-2.246,-0.587,3.471,-0.175,0.5518739161072972,D340A
0.435,-5.121,5.17,-0.028,-0.953,-1.009,-1.481,0.0,0.0,0.0,0.0,0.0,0.009,0.718,0.566,0.951,0.893,0.1497177155804365,I338C
4.471,38.666106085693905,-9.583,-0.012,-0.189,-0.109,2.485,49.796966079360075,0.0,0.0,1.601,0.051,0.028,-1.146,6.815,-1.548,8.957,49.983794248148804,R337P
1.985,1.562,-7.768,0.021,-0.167,-0.425,4.347,0.0,0.0,0.0,0.089,1.426,-0.013,0.199,0.082,2.399,0.089,3.826022238979249,R337I
3.024,-0.615,0.314,-0.009,-0.032,-0.153,-0.187,0.0,0.0,0.0,0.0,0.0,0.0,-0.073,-0.077,0.339,-0.075,2.455733500479937,I338V
2.383,-1.689,2.939,-0.014,-0.028,0.059,-0.22,0.0,0.0,0.0,-0.074,0.0,-0.17,-0.263,0.726,0.612,0.535,4.794017178552622,V336C
-1.58,15.79,14.006,0.02,0.619,1.019,-0.064,0.0,0.0,0.0,-0.138,0.0,-0.17,5.468,0.581,-5.367,0.291,30.473727992855856,V336E
-2.052,49.98898282644995,5.66,-0.026,-0.837,-1.006,-0.561,48.864368486771994,0.0,0.388,0.016,0.0,0.092,-0.492,6.84,-3.947,7.105,49.999919063948006,I338P
-3.509,-4.554,15.469,-0.023,-0.372,-0.911,-3.9,0.0,0.0,0.0,-1.202,0.539,0.009,3.478,0.814,-5.028,0.661,1.4699839536178845,I338E
-11.285,49.99999999960182,-4.719,0.017,-0.99,-2.201,7.75,0.0,0.0,0.0,0.0,1.426,0.0,-0.534,-0.176,3.943,-0.221,49.999999999473374,E339F
3.275,-1.721,-3.664,-0.002,0.016,0.054,2.898,0.0,0.0,0.0,0.089,-1.11,0.0,0.139,0.523,-1.245,0.58,-0.1661312873916358,R337N
-6.972,-2.126,7.383,-0.018,-0.862,-0.709,-0.968,0.0,0.0,0.0,-0.289,0.539,0.009,2.096,0.799,-0.646,1.045,-0.7206528929111755,I338M
11.007,-1.887,-10.905,-0.014,-0.45,0.24,2.26,0.0,0.0,0.0,0.0,-0.395,0.044,-1.813,1.342,0.893,2.03,2.350436404601396,R337G
0.058,-0.276,0.02,0.0,0.023,0.019,-0.157,0.0,0.0,0.0,0.0,0.0,0.0,0.362,0.0,0.0,0.0,0.0490047832929576,V336V
-0.157,-0.06,-6.393,-0.001,-0.205,0.105,3.827,0.0,0.0,0.0,-0.289,1.592,0.0,-2.157,-0.912,5.401,-0.35,0.3981442132314896,D340C
2.642,-1.691,-3.385,-0.002,-0.234,-0.444,0.575,0.0,0.0,0.0,0.089,0.0,0.0,0.73,0.135,-1.356,0.222,-2.718185768334024,R337Q
-7.222,1.474,18.954,0.003,-0.142,0.033,1.341,0.0,0.0,0.0,-0.289,0.539,0.009,2.774,0.801,-3.018,0.463,15.719529288960985,I338K
-3.249,1.845,-2.064,0.004,-0.012,-0.313,3.208,0.0,0.0,0.0,-0.289,1.446,0.0,0.583,-0.795,0.695,-0.698,0.3603484956770444,D340Q
-1.638,46.941905864249875,-11.52,0.018,-0.024,-0.533,6.729,0.0,0.0,0.0,0.0,-0.102,0.137,-2.082,-0.592,5.029,-0.417,46.290638085406464,E339I
-2.029,48.25559727548027,-0.312,-0.002,-0.074,-0.125,2.113,0.0,0.0,0.0,0.0,-0.916,0.0,2.541,-0.065,-0.206,0.04,48.32055402829811,R337H
5.987,-5.412,4.572,-0.031,-0.955,-0.728,-1.817,0.0,0.0,0.0,0.0,-0.008,-0.002,-0.455,2.101,-1.505,3.537,5.28111231453704,I338G
5.277,-0.767,-7.073,-0.003,-0.216,0.183,4.245,0.0,0.0,0.0,-0.289,1.592,0.231,-2.246,-0.129,2.944,0.612,4.357733397869197,D340G
8.234,-1.644,-7.77,-0.013,-0.401,-0.153,2.058,0.0,0.0,0.0,0.0,-0.395,0.0,-1.528,0.155,-0.195,0.195,-1.4569488322372308,R337S
2.05,-0.502,0.672,-0.005,0.18,0.319,-0.306,0.0,0.0,0.0,0.0,0.0,0.0,0.466,0.594,0.579,0.411,4.455969670344757,E339D
-6.569,38.512,19.299,0.003,0.683,-0.936,-2.077,0.0,0.0,0.0,0.0,-0.222,0.009,6.218,0.596,-2.398,0.421,39.48728728064413,I338R
-5.048,-3.764,3.686,-0.014,-0.904,-0.712,-0.896,0.0,0.0,0.0,0.0,0.0,0.009,0.894,0.425,-0.642,0.446,-6.520711122654575,I338L
6.871,-2.157,1.927,-0.015,-0.04,0.139,-0.148,0.0,0.0,0.0,-0.074,0.0,-0.17,-0.666,0.759,-1.318,0.62,5.727816586474091,V336A
-8.123,46.645153361308914,2.35,0.022,0.293,-0.056,0.413,0.0,0.0,0.0,0.507,0.0,-0.17,2.006,0.467,-1.424,0.052,46.1360444611914,V336F
0.0,0.0,0.0,0.0,0.0,0.0,0.0,0.0,0.0,0.0,0.0,0.0,0.0,0.0,0.0,0.0,0.0,0.0,I338I
-3.687,16.585,8.539,0.023,0.72,-1.546,5.16,0.0,0.0,0.0,0.453,1.593,0.009,5.965,0.45,-1.721,0.421,32.960962780804266,I338Y
-0.058,-0.095,-0.053,0.005,0.012,-0.073,-0.017,0.0,0.0,0.0,0.089,0.0,0.0,0.154,0.0,0.0,0.0,-0.0348249369985751,R337R
5.57,-1.591,-7.735,-0.01,-0.34,-0.047,1.712,0.0,0.0,0.0,0.0,0.0,0.0,-1.84,0.284,1.247,0.282,-2.469215796243589,R337T
4.155,1.032,-9.643,0.016,-0.172,-0.472,4.612,0.0,0.0,0.0,0.089,1.426,-0.013,0.422,-0.101,2.738,0.02,4.108396746372591,R337V
2.065,-0.645,4.449,-0.006,0.011,-0.139,-0.427,0.0,0.0,0.0,0.0,0.0,-0.17,0.031,0.438,-1.491,0.241,4.357622036656267,V336T
-9.756,47.05588876033086,5.856,0.026,0.305,0.15,-0.082,0.0,0.0,0.0,0.459,0.0,-0.17,2.513,0.41,-2.06,0.039,46.77968831098567,V336Y
-16.906,49.84182492930494,16.261,-0.005,-0.14,0.162,1.092,1.783,0.0,0.0,-0.289,0.551,0.009,3.152,0.492,-0.042,1.383,49.88277896595242,I338W
1.659,2.129,-0.545,0.003,-0.182,-0.124,-3.112,0.0,0.0,0.0,0.089,0.0,0.0,0.463,0.145,-0.619,0.247,0.1535696027192443,R337K
-0.225,2.52,8.037,-0.001,0.795,-2.304,5.088,0.0,0.0,0.0,0.453,1.593,0.009,6.564,0.379,-2.604,0.463,20.76399853926796,I338H
-3.244,49.98631050759697,2.117,0.002,0.072,0.187,-0.901,0.0,0.0,0.0,-0.138,0.0,-0.17,3.097,0.655,-0.981,0.322,49.986856503132884,V336L
2.17,1.196,-6.931,0.01,0.408,-2.027,9.177,0.0,0.0,0.0,-0.289,3.723,0.0,-0.562,-0.797,1.432,-0.687,6.821081262885627,D340K
-5.215,-1.75,12.015,-0.024,-0.77,-1.022,-1.821,0.0,0.0,0.0,-1.02,0.0,0.009,3.843,0.747,-3.754,0.571,1.8078325750536808,I338Q
-12.134,49.99999980450867,-0.964,0.023,-0.042,0.026,-0.155,0.0,0.0,0.0,0.0,-0.073,0.0,1.438,-0.056,4.986,0.347,49.9999997454122,E339W
-4.687,41.67723834267571,3.45,0.003,0.192,-0.033,0.729,0.0,0.0,0.0,2.093,0.0,-0.17,5.349,0.541,-0.985,0.374,43.54410984739373,V336M
-4.279,2.436,-5.382,0.003,-0.161,-0.37,4.369,0.0,0.0,0.0,-0.289,1.592,0.0,-0.512,-0.802,3.803,-0.422,-0.0140668593542159,D340M
5.68,-2.145,6.437,-0.015,-0.015,-0.071,-0.499,0.0,0.0,0.0,-0.074,0.0,-0.17,-0.025,0.665,-2.932,0.308,7.141861523680518,V336S
-5.76,42.435,16.396,0.019,0.324,-0.938,-1.28,0.0,0.0,0.0,2.045,0.0,-0.17,5.415,0.631,-3.357,0.163,40.351481187185534,V336K
0.577,-0.101,-2.519,-0.005,0.112,0.071,1.178,0.0,0.0,0.0,0.223,0.0,0.0,-0.575,0.423,1.385,0.286,1.0535726986554437,E339N
-1.067,0.151,-2.207,0.003,-0.026,-0.058,2.984,0.0,0.0,0.0,0.0,-0.051,0.0,0.039,-0.292,0.806,-0.16,0.1220682831342401,D340N
-5.847,40.877,11.122,0.005,0.411,0.074,-0.371,0.0,0.0,0.0,0.044,0.0,-0.17,4.826,0.432,-2.943,0.065,48.5260402054389,V336H
2.139,4.138,-14.178,0.018,0.193,-1.3,8.851,0.0,0.0,0.0,-0.289,3.723,0.0,0.991,-0.894,3.808,-0.635,6.564548066201951,D340L
-1.826,27.94,-6.19,-0.001,0.013,-0.019,4.049,49.00189916091319,0.0,0.876,-0.289,1.592,0.551,-0.923,3.893,0.503,3.348,49.7368658889622,D340P
-2.592,4.692,1.037,0.003,-0.093,-0.038,-0.964,0.0,0.0,0.0,0.0,-0.52,0.0,-0.539,0.046,2.01,-0.138,2.9017089421327,E339K
1.603,26.479,-15.823,0.091,0.604,-1.248,9.318,0.0,0.0,0.0,-0.289,3.723,0.208,2.751,-0.903,4.45,-0.611,30.352090326484586,D340I
0.016,-4.047,7.669,-0.023,-0.836,-1.221,-2.177,0.0,0.0,0.0,0.0,-0.257,0.009,2.343,0.614,-1.152,0.486,1.4204142213361592,I338T
-0.084,36.954,-13.721,-0.008,-0.526,-0.785,10.168,0.0,0.0,0.0,-0.289,3.723,0.208,-2.485,-1.122,4.789,-0.786,36.03417221516588,D340V
2.372,-0.164,-4.351,-0.002,-0.192,-0.226,3.776,0.0,0.0,0.0,-0.289,1.592,0.0,-1.675,-0.92,1.856,-0.543,1.231705949677007,D340S
-7.238,15.213,-2.431,0.035,0.371,-1.566,5.042,0.0,0.0,0.0,0.453,1.592,0.0,4.475,-1.214,2.728,-0.823,16.636484870091863,D340Y
-2.563,2.59,-10.639,0.049,-0.051,-2.365,12.038,0.0,0.0,0.0,0.238,3.723,0.0,4.327,-1.139,3.364,-0.83,8.74057169408934,D340F
-4.702,4.563,1.448,-0.006,-0.273,-1.328,2.577,0.0,0.0,0.0,-0.289,3.293,0.0,-1.037,-0.665,-0.578,-0.501,2.4996537354177235,D340E
-15.258,49.740321247453664,3.466,0.024,0.419,-0.304,1.856,0.0,0.0,0.0,0.507,0.0,-0.17,2.371,0.578,-0.381,0.448,49.66419870971912,V336W
-5.874,1.762,-0.14,0.01,0.19,-0.145,3.232,0.0,0.0,0.0,-0.59,1.592,0.0,1.359,-0.887,1.845,-0.675,1.6783814895272826,D340H
-1.137,0.177,-2.103,0.008,-0.068,0.027,-0.821,0.0,0.0,0.0,0.0,-0.653,0.0,1.876,0.06,1.274,-0.048,-1.4082358849336742,E339Q
-6.897,3.378,-7.095,0.044,0.599,-1.992,9.81,0.0,0.0,0.0,0.238,1.592,0.0,5.224,-1.04,4.407,-0.318,7.946610515294424,D340W
0.803,49.99981429509401,-8.631,-0.004,-0.279,0.575,0.909,48.82981792069656,0.0,1.968,-0.453,0.245,0.035,-3.323,6.709,1.082,6.879,49.999998305551316,E339P
7.179,-1.155,-11.756,-0.011,-0.391,0.727,0.988,0.0,0.0,0.0,0.223,0.0,0.0,-3.675,0.318,4.05,0.516,-2.987676706026832,E339A
-5.56,47.5302363776152,0.852,0.022,0.322,0.082,-1.739,0.0,0.0,0.0,0.0,-0.073,0.0,0.796,-0.208,2.424,-0.21,47.19253198981561,E339H
-8.627,49.999999999978606,-3.69,0.031,0.321,-1.441,7.314,0.0,0.0,0.0,0.016,1.438,0.0,1.101,-0.203,3.307,-0.234,49.99999999997802,E339Y
-0.179,38.774584999132635,-10.432,0.006,-0.332,0.637,-0.183,0.0,0.0,0.0,0.0,0.0,0.137,-2.484,-0.761,5.368,-0.502,42.971893940156406,E339V
-2.387,48.788,-8.323,0.014,-0.194,0.449,-0.123,0.0,0.0,0.0,0.223,-0.073,0.0,-1.135,-0.154,4.386,-0.055,41.41641277292115,E339L
-2.935,12.797,-6.282,-0.004,-0.332,0.632,-0.084,0.0,0.0,0.0,0.223,0.0,0.0,-1.973,-0.002,4.382,0.16,6.580964931689778,E339M
10.105,-0.959,-11.65,-0.034,-0.671,0.48,0.25,0.0,0.0,0.0,0.0,0.0,0.099,-4.722,1.26,3.523,2.073,-0.2476540013872181,E339G
-2.063,2.601,-3.11,0.022,0.605,-0.646,7.634,0.0,0.0,0.0,-0.29,3.723,0.0,1.579,-0.948,2.051,-0.663,10.495202299820676,D340R
0.0,0.0,0.0,0.0,0.0,0.0,0.0,0.0,0.0,0.0,0.0,0.0,0.0,0.0,0.0,0.0,0.0,0.0,E339E
2.524,-0.463,-9.345,-0.009,-0.353,0.51,1.222,0.0,0.0,0.0,0.223,0.0,0.0,-2.927,-0.068,5.98,0.174,-2.5312814139040256,E339C
2.591,3.415,-6.758,-0.002,-0.334,0.493,0.127,0.0,0.0,0.0,0.223,0.0,0.0,-3.61,-0.198,3.877,-0.084,-0.2621954100877701,E339T
5.915,-1.112,-6.252,-0.007,-0.293,0.752,-0.42,0.0,0.0,0.0,0.0,-0.073,0.0,-2.318,0.144,2.435,0.018,-1.2104194408839248,E339S
-5.599,1.098,3.338,0.003,0.122,0.692,-1.049,0.0,0.0,0.0,0.223,0.0,0.0,-0.878,-0.184,2.63,-0.252,0.1441666118244029,E339R
-1.046,0.127,4.221,0.001,0.08,0.048,-1.665,0.0,0.0,0.0,-1.206,0.0,0.0,0.56,-0.077,-1.614,-0.099,-0.6712413851178098,A345S
0.0,0.0,0.0,0.0,0.0,0.0,0.0,0.0,0.0,0.0,0.0,0.0,0.0,0.0,0.0,0.0,0.0,0.0,A345A
-4.804,1.532,6.621,0.009,0.599,-0.609,0.126,0.0,0.0,0.0,0.0,0.0,0.0,4.515,0.299,-4.049,0.254,4.492678204907861,A345E
-2.891,0.192,6.802,0.004,0.335,0.468,0.197,0.0,0.0,0.0,-0.583,0.0,0.0,3.647,0.197,-3.47,0.211,5.108088418900479,A345D
-2.833,0.718,1.156,0.001,0.024,0.139,-0.349,0.0,0.0,0.0,0.0,0.0,0.0,2.246,0.5,1.93,0.041,3.5756363228961163,A345C
5.539,-2.785,5.941,-0.014,0.03,-0.21,-0.241,0.0,0.0,0.0,0.0,0.0,0.006,-0.369,0.866,-2.932,0.608,6.435523223741939,V344S
-5.915,7.429,2.591,0.002,0.1,-0.091,-0.478,6.59,0.0,0.0,0.0,0.0,-0.041,0.381,-0.892,-2.968,-0.088,6.620051984755492,A345P
-9.735,49.99236449478806,3.666,0.018,0.157,0.245,-0.16,0.0,0.0,0.0,0.0,0.0,0.0,3.576,0.29,0.937,0.31,49.99214915064422,A345W
-3.905,5.799,2.377,0.009,0.083,-0.298,-1.164,0.0,0.0,0.0,0.0,0.0,0.0,2.114,0.435,-0.173,0.334,5.610237183741901,A345T
-6.82,49.1922799969127,5.383,0.002,0.199,-0.115,-1.159,0.0,0.0,0.0,0.0,0.0,0.0,3.908,0.242,-1.625,0.211,49.199474596719554,A345H
-6.649,10.43,0.593,0.026,0.079,-0.079,0.123,0.0,0.0,0.0,0.0,0.0,0.138,2.371,1.011,0.979,0.654,9.675656769048146,A345I
-9.645,49.99999981187324,3.589,0.02,0.019,0.243,-0.105,0.0,0.0,0.0,0.0,0.0,0.0,3.95,0.425,-0.742,0.323,49.99999979684201,A345Y
-8.631,49.999982093557485,1.715,0.02,-0.013,0.18,-0.118,0.0,0.0,0.0,0.0,0.0,0.0,3.607,0.398,-0.106,0.281,49.999980077660226,A345F
-3.674,9.113,0.707,0.025,0.017,-0.235,0.393,0.0,0.0,0.0,-0.744,0.0,0.0,4.521,-0.09,-0.339,-0.077,9.61477858832518,V344I
-6.6,4.41,6.884,0.008,0.355,-0.677,0.046,0.0,0.0,0.0,0.0,0.0,0.239,3.403,2.984,-3.522,2.428,9.957219749342812,G346E
2.047,-0.143,0.447,-0.001,0.0,0.084,0.093,0.0,0.0,0.0,0.0,0.0,0.261,0.0,0.488,-0.526,0.543,3.2915333741261747,A345G
-13.938,50.0,5.764,0.043,0.279,0.004,1.944,0.0,0.0,0.0,0.0,0.0,0.239,3.732,2.629,-0.216,2.248,50.0,G346Y
-4.432,2.579,0.122,0.004,0.016,-0.268,-0.495,0.0,0.0,0.0,0.0,0.0,0.239,0.417,2.774,2.457,3.15,6.562338563493313,G346C
6.749,-2.827,0.726,-0.014,-0.032,0.237,0.083,0.0,0.0,0.0,0.0,0.0,0.006,-0.706,0.911,-1.318,0.763,4.575549864588538,V344A
-5.951,3.081,5.58,0.011,0.15,-0.146,0.721,0.0,0.0,0.0,0.0,0.0,0.0,4.186,0.32,-2.039,0.321,6.234133601438089,A345K
-5.582,6.341,4.866,0.013,0.442,0.041,-2.239,0.0,0.0,0.0,-1.586,0.0,0.0,5.17,0.341,-2.775,0.298,5.330869632728081,A345Q
-7.365,44.61541413223715,0.769,0.014,0.051,0.131,0.262,0.0,0.0,0.0,0.0,0.0,0.0,2.608,0.222,0.337,0.326,44.050250227481655,A345L
0.779,-2.332,13.291,-0.011,0.406,0.315,0.916,0.0,0.0,0.0,0.0,0.0,0.006,2.565,0.3,-4.788,0.397,11.840467148132348,V344D
-3.332,0.182,4.491,0.003,0.272,-0.481,0.155,0.0,0.0,0.0,0.0,0.0,0.0,3.308,0.47,-2.665,0.413,2.8164333176332548,A345N
-5.662,48.931487425205795,1.676,-0.006,-0.034,0.008,0.314,0.0,0.0,0.0,-0.744,0.0,0.006,6.102,0.67,-0.985,0.471,49.00549097237231,V344M
-10.62,49.502627456702655,10.55,0.011,0.428,-0.456,1.554,0.0,0.0,0.0,-0.744,0.0,0.006,7.994,0.467,-2.737,0.41,49.62153259770524,V344R
0.0,0.0,0.0,0.0,0.0,0.0,0.0,0.0,0.0,0.0,0.0,0.0,0.0,0.0,0.0,0.0,0.0,0.0,G346G
-5.294,8.327,-0.181,0.019,0.063,0.05,0.085,0.0,0.0,0.0,0.0,0.0,0.138,1.788,0.91,1.318,0.513,7.734981042471418,A345V
-4.214,3.183,0.058,0.059,0.285,-0.071,-0.7,0.0,0.0,0.0,0.0,0.0,0.239,2.63,3.154,0.864,2.699,8.185806087542232,G346L
0.916,49.83713925184763,4.709,-0.013,-0.008,0.339,1.414,32.579,0.0,1.171,-0.744,0.0,-0.006,2.985,1.825,-4.286,2.161,49.97084516106553,V344P
-5.586,1.072,2.451,0.01,0.071,0.06,-0.502,0.0,0.0,0.0,0.0,0.0,0.0,3.099,0.383,0.333,0.126,1.51645726651941,A345M
1.465,-2.188,2.489,-0.013,-0.003,0.056,-0.267,0.0,0.0,0.0,0.0,0.0,0.006,-0.057,0.544,0.612,0.388,3.028744855432251,V344C
-6.916,3.733,6.434,0.021,0.457,-0.487,-1.448,0.0,0.0,0.0,0.0,0.0,0.0,4.724,0.192,-1.419,0.215,5.506029056575926,A345R
-1.254,3.725,-0.757,0.002,0.0,-0.028,-0.595,0.0,0.0,0.0,0.0,0.0,0.239,0.0,2.997,0.527,2.414,7.2694059450996065,G346A
-26.15,50.0,7.846,0.057,0.693,1.43,-0.244,0.0,0.0,0.0,0.0,-0.135,0.105,8.806,-0.614,1.463,-0.56,50.0,G347W
-12.472,49.99999999997544,1.227,0.046,0.276,-0.305,1.858,0.0,0.0,0.0,0.0,0.0,0.239,3.857,2.506,0.421,2.069,49.99999999997517,G346F
9.728,-2.839,1.561,-0.016,-0.032,0.102,-0.042,0.0,0.0,0.0,0.0,0.0,0.096,-0.706,1.635,-1.844,2.068,9.709263938189451,V344G
2.115,17.136,-0.558,-0.003,-0.42,0.846,0.956,0.0,0.0,0.0,0.0,0.126,0.035,1.84,0.611,-0.981,0.196,21.898240136246613,V343L
-3.364,46.30820241149374,8.734,-0.008,0.105,-0.054,1.051,0.0,0.0,0.0,-0.744,0.0,0.006,6.119,0.556,-4.093,0.429,47.36811771513658,V344Q
-2.787,0.849,2.06,0.01,0.811,-0.24,0.187,0.0,0.0,0.0,0.0,0.0,0.239,1.676,1.941,-2.138,1.748,4.354390466217865,G346N
-5.509,46.337670498011335,6.461,0.001,0.375,-0.015,0.119,0.0,0.0,0.0,0.0,0.0,0.006,5.588,0.486,-2.943,0.506,46.99001638134841,V344H
-4.508,49.959927726472856,-1.059,0.009,0.865,-0.246,-1.624,48.19181627509073,0.0,0.0,0.0,0.0,0.122,2.996,8.159,-2.441,11.183,49.99956901525415,G346P
-6.963,5.629,4.172,0.016,0.454,-0.123,-1.393,0.0,0.0,0.0,-0.393,0.0,0.239,1.856,2.604,-0.893,2.144,7.347584507194597,G346R
-13.918,49.98799161238088,5.04,0.034,0.33,0.242,1.802,0.0,0.0,0.0,0.0,0.0,0.239,2.65,2.686,1.463,3.018,49.98959588871198,G346W
1.904,-1.85,3.937,-0.009,0.023,-0.203,-0.357,0.0,0.0,0.0,0.0,0.0,0.006,-0.329,0.525,-1.491,0.517,2.67120962621334,V344T
-6.983,11.466,0.029,0.175,0.132,-0.242,-0.572,0.0,0.0,0.0,0.0,0.0,0.117,0.691,5.94,1.506,10.754,23.011402319684063,G346I
-6.383,49.38357164474107,11.452,-0.001,0.201,-0.679,1.687,0.0,0.0,0.0,-0.744,0.0,0.006,6.77,0.544,-3.357,0.398,49.58416024043799,V344K
-10.009,46.8437676032532,6.509,0.013,0.408,-0.099,-0.45,0.0,0.0,0.0,0.0,0.0,0.239,2.96,2.38,-1.098,1.991,47.17330094726405,G346H
1.677,-1.332,2.245,-0.012,-0.007,0.208,-0.028,0.0,0.0,0.0,0.0,0.0,0.035,0.25,0.941,0.612,0.56,5.148197316634651,V343C
-4.19,5.171,-0.749,0.185,0.06,-0.297,-0.549,0.0,0.0,0.0,0.0,0.0,0.117,0.527,6.266,1.845,10.724,19.1104019323202,G346V
-1.518,46.08101857665447,11.638,-0.01,0.212,-0.021,0.14,0.0,0.0,0.0,0.0,0.0,0.006,4.286,0.571,-5.367,0.435,47.376684454731596,V344E
-14.867,49.99996151762443,1.526,0.019,0.181,0.499,0.553,0.0,0.0,0.0,0.0,0.0,0.006,9.976,0.385,-0.381,0.531,49.9999590140463,V344W
-2.324,1.004,2.637,0.008,0.936,-0.216,0.681,0.0,0.0,0.0,0.0,0.0,0.239,2.54,2.389,-2.944,2.031,6.980832434172726,G346D
-7.385,5.816,7.478,0.022,0.371,-0.773,-5.855,0.0,0.0,0.0,0.0,0.0,0.239,2.879,2.63,-1.512,2.066,5.975469898427946,G346K
-3.391,46.345987957345535,0.471,0.023,-0.04,-0.263,0.281,0.0,0.0,0.0,-0.744,0.0,0.006,5.379,0.138,-0.981,0.305,46.508810260116256,V344L
-7.218,49.83076780456472,0.027,0.024,0.138,0.228,0.175,0.0,0.0,0.0,-0.744,0.0,0.006,7.047,0.294,-1.424,0.264,49.82256324601234,V344F
0.0,0.0,0.0,0.0,0.0,0.0,0.0,0.0,0.0,0.0,0.0,0.0,0.0,0.0,0.0,0.0,0.0,0.0,V344V
7.792,-3.224,2.666,-0.015,-0.037,0.452,0.182,0.0,0.0,0.0,0.0,0.0,0.021,-0.799,2.029,-1.844,2.49,9.712453506858765,V343G
-7.167,4.755,2.14,0.011,0.062,-0.546,-0.713,0.0,0.0,0.0,0.0,0.0,0.239,1.751,3.101,0.86,2.916,7.407732532167756,G346M
-2.526,2.531,2.025,0.135,0.076,-0.412,-0.711,0.0,0.0,0.0,0.0,0.0,0.239,1.35,3.21,0.354,3.428,9.699306392641802,G346T
-7.384,5.148,5.142,0.009,0.249,-0.327,-2.735,0.0,0.0,0.0,-0.851,0.0,0.239,2.538,2.672,-2.249,2.14,4.590439152101453,G346Q
-1.229,-0.092,10.292,-0.01,0.354,0.489,0.236,0.0,0.0,0.0,0.0,0.0,0.006,2.156,0.424,-3.983,0.463,9.105605773813068,V344N
2.216,-1.613,-0.256,-0.002,-0.038,0.043,-0.458,-0.916,0.0,0.0,0.0,0.0,0.002,-0.25,0.943,2.442,0.47,2.5812452925406437,P349G
1.581,-1.613,-0.019,0.013,0.072,-0.001,-0.563,-0.916,0.0,0.0,0.0,0.0,0.05,0.605,0.564,3.301,0.118,3.1918537453436784,P349M
-9.958,50.0,9.18,0.011,0.874,-0.593,2.75,0.0,0.0,0.0,0.0,0.0,0.105,3.426,-0.458,-3.522,-0.494,50.0,G347E
-8.03,49.99999999999867,0.797,0.006,0.051,0.119,-0.549,0.0,0.0,0.0,0.0,0.0,0.105,1.755,-0.521,2.457,-0.565,49.999999999998415,G347C
-9.628,49.9762949433462,2.328,0.01,0.173,0.088,-0.13,0.0,0.0,0.0,0.0,0.0,0.006,5.469,0.47,-2.06,0.256,49.97325151129954,V344Y
3.631,9.604,-1.181,-0.001,0.066,0.206,2.034,44.354925074020784,0.0,0.0,0.0,0.0,0.062,1.255,7.036,-2.795,16.181,48.607630638620535,T348P
-11.429,49.99999999999732,-0.53,0.063,0.228,0.345,0.91,0.0,0.0,0.0,0.0,0.0,0.126,4.157,-0.508,1.506,-0.538,49.99999999999664,G347I
-2.188,1.5,2.293,0.003,0.1,0.177,-1.031,0.0,0.0,0.0,-0.503,0.0,0.239,1.202,2.698,-1.087,2.419,5.820128601419356,G346S
0.063,-0.036,0.473,-0.006,0.5,-0.106,-0.205,0.0,0.0,0.0,0.0,0.0,0.0,1.251,0.007,-2.01,-0.004,-0.0719581460275549,K350E
5.492,-6.777,2.479,-0.034,0.29,-0.052,-0.347,0.0,0.0,0.0,0.0,-1.285,0.0,-3.826,-0.163,1.594,0.08,-2.5511238054186838,L342C
0.217,-2.304,8.34,0.003,0.617,-0.405,1.155,0.0,0.0,0.0,0.0,0.0,0.035,3.4,0.792,-2.943,0.254,9.159495145517669,V343H
-4.656,49.99999999998119,-3.307,0.03,0.428,-0.245,1.822,0.0,0.0,0.0,0.0,0.0,0.0,3.469,0.092,0.067,1.013,49.9999999999802,T348F
-14.139,50.0,-0.267,0.021,0.119,-0.247,-1.131,0.0,0.0,0.0,0.0,0.0,0.105,3.591,-0.525,0.864,-0.674,50.0,G347L
-10.876,50.0,6.389,0.014,0.751,-0.436,-0.171,0.0,0.0,0.0,0.0,0.0,0.105,4.341,-0.595,-2.249,-0.688,50.0,G347Q
-3.031,49.97526552326516,-1.416,0.004,0.003,-0.014,0.082,0.0,0.0,0.0,0.0,0.0,0.105,0.35,0.003,0.527,-0.269,49.97136865355201,G347A
-0.039,32.766,3.692,-0.013,-0.106,1.16,1.862,48.881263667871636,0.0,1.257,0.0,0.538,0.061,1.812,6.906,-4.286,4.286,49.84646708393512,V343P
-23.965,50.0,4.68,0.03,0.451,0.333,-1.637,0.0,0.0,0.0,0.0,0.0,0.105,4.406,-0.889,-0.216,-0.845,50.0,G347Y
-18.149,50.0,11.715,0.01,0.818,-0.253,-0.958,0.0,0.0,0.0,0.0,0.0,0.105,4.349,-0.935,-1.098,-0.872,50.0,G347H
-21.694,50.0,16.886,0.037,0.436,-0.025,0.021,0.0,0.0,0.0,0.0,0.0,0.105,5.04,-0.742,-0.893,-0.739,50.0,G347R
6.929,-3.377,-2.573,-0.006,-0.08,0.06,0.758,0.0,0.0,0.0,0.0,0.0,-0.006,0.311,1.009,-0.353,2.679,5.350054304666628,T348G
-6.118,49.99999999377137,1.041,0.01,0.015,-0.176,1.452,9.806,0.0,0.0,0.0,0.0,0.185,1.246,1.166,-2.441,12.191,49.999999997013504,G347P
1.649,-1.613,0.286,0.003,0.292,-0.027,-0.617,-0.916,0.0,0.0,0.0,0.0,0.05,1.141,0.526,-0.502,0.096,0.3666649099566257,P349D
-0.235,-0.022,4.709,0.0,0.52,0.24,2.02,0.0,0.0,0.0,1.949,0.0,0.0,2.953,0.432,-3.297,0.143,9.411777663661267,T341D
-4.467,49.999938018241494,5.554,0.005,0.061,-0.272,0.257,0.0,0.0,0.0,0.0,0.0,0.105,0.96,-0.637,-1.087,-0.576,49.99993776830642,G347S
-7.203,49.99999994224812,8.94,0.009,0.939,-0.229,4.938,0.0,0.0,0.0,0.0,0.0,0.105,3.948,-0.724,-2.944,-0.765,49.99999995637314,G347D
0.0,0.0,0.0,0.0,0.0,0.0,0.0,0.0,0.0,0.0,0.0,0.0,0.0,0.0,0.0,0.0,0.0,0.0,G347G
-0.018,-0.117,0.405,-0.007,-0.007,-0.177,-0.281,0.0,0.0,0.0,0.0,0.0,0.0,1.805,-0.165,-0.625,-0.155,0.6559790844660256,K350N
0.077,-0.95,-0.815,0.022,0.035,-0.048,-0.419,-0.916,0.0,0.0,0.0,0.0,0.005,0.182,0.946,4.286,0.181,2.5853689334419414,P349V
0.0,0.0,0.0,0.0,0.0,0.0,0.0,0.0,0.0,0.0,0.0,0.0,0.0,0.0,0.0,0.0,0.0,0.0,T348T
-7.959,50.0,4.595,0.009,0.076,-0.646,0.614,0.0,0.0,0.0,0.0,0.0,0.105,0.706,-1.085,0.354,-0.855,50.0,G347T
0.025,10.901,6.404,0.011,0.203,0.555,-0.471,0.0,0.0,0.0,0.0,0.0,0.0,3.844,-0.269,-3.112,-0.251,17.83957454371898,L342Q
-3.081,22.462,0.612,0.007,0.022,-0.211,-0.211,0.0,0.0,0.0,0.0,0.0,0.0,0.883,0.093,-0.339,0.03,20.26669040273032,V343I
-21.841,50.0,1.011,0.029,0.444,0.573,-2.299,0.0,0.0,0.0,0.0,0.0,0.105,4.075,-0.792,0.421,-0.811,50.0,G347F
1.657,-1.613,0.095,0.004,0.26,-0.031,-0.812,-0.916,0.0,0.0,0.0,0.0,0.05,2.72,0.266,-1.081,-0.142,0.4559159328296118,P349E
-16.186,50.0,3.164,0.04,0.377,0.516,-0.038,0.0,0.0,0.0,0.0,0.0,0.105,6.376,-0.294,0.86,-0.575,50.0,G347M
-7.219,43.941,-3.314,-0.006,0.013,0.131,1.978,0.0,0.0,0.0,1.949,0.0,0.0,1.825,0.272,0.506,0.029,40.104813069195416,T341M
-10.55,50.0,-1.651,0.019,0.045,-0.424,0.779,0.0,0.0,0.0,0.0,0.0,0.126,1.054,-0.523,1.845,-0.525,50.0,G347V
1.848,-1.613,-0.375,-0.001,-0.038,0.025,-0.506,-0.916,0.0,0.0,0.0,0.0,0.05,-0.25,0.279,2.968,-0.137,1.3313950531698993,P349A
-0.308,-1.508,-2.241,-0.003,-0.069,0.105,0.38,0.0,0.0,0.0,0.0,0.0,0.0,0.883,0.452,2.103,1.825,1.6188180997223751,T348C
-10.721,50.0,6.278,0.092,0.809,-0.653,0.201,0.0,0.0,0.0,0.0,0.0,0.105,4.507,-0.582,-1.512,-0.678,50.0,G347K
-2.913,2.264,-0.832,0.015,-0.213,0.154,-0.051,0.0,0.0,0.0,0.0,0.0,-0.015,-1.15,0.697,3.019,0.518,1.4912165927828482,K350I
-5.794,44.635,16.878,-0.014,0.12,0.04,3.114,0.0,0.0,0.0,0.0,-0.004,0.0,0.02,-0.204,-2.376,-0.221,40.4450649143921,L342K
4.096,-2.415,-3.894,-0.004,-0.08,0.077,0.779,0.0,0.0,0.0,0.0,0.0,0.0,0.311,0.525,0.173,1.383,0.9502313179555132,T348A
2.098,-0.252,-0.395,-0.014,-0.337,0.064,-0.169,0.0,0.0,0.0,0.0,0.0,-0.01,-1.282,0.412,1.513,0.437,2.0654629672787905,K350G
0.887,3.333,5.022,0.003,0.405,0.032,-1.845,0.0,0.0,0.0,0.0,0.0,0.0,4.457,0.516,-3.876,0.827,9.760643474055769,T348E
5.588,-2.798,1.238,-0.014,-0.037,0.453,0.098,0.0,0.0,0.0,0.0,0.0,0.035,-0.799,1.2,-1.318,0.869,4.51543522900829,V343A
0.0,0.0,0.0,0.0,0.0,0.0,0.0,0.0,0.0,0.0,0.0,0.0,0.0,0.0,0.0,0.0,0.0,0.0,P349P
-8.646,49.99999999993618,6.075,0.012,0.878,0.015,0.811,0.0,0.0,0.0,0.0,0.0,0.105,3.603,-0.947,-2.138,-0.812,49.99999999993345,G347N
-2.297,2.305,4.672,0.015,0.177,0.974,-0.652,0.0,0.0,0.0,-0.772,0.0,0.0,4.048,0.965,-2.492,2.164,9.10583503641942,T348N
1.626,-1.613,0.138,0.006,0.246,-0.084,-0.494,-0.916,0.0,0.0,0.0,0.0,0.05,0.945,0.717,0.303,0.32,1.2413101879301394,P349N
-2.557,49.99993849981832,4.239,0.001,0.941,0.289,2.442,0.0,0.0,0.0,0.0,0.0,0.0,4.0,0.237,-1.452,1.483,49.99995814836219,T348H
1.404,-1.613,-0.046,0.023,0.195,0.022,-0.633,-0.916,0.0,0.0,0.0,0.0,0.05,2.409,0.853,2.862,0.217,4.826173538547664,P349F
-5.519,49.999999999999986,-1.238,0.028,0.406,-0.204,2.307,0.0,0.0,0.0,0.0,0.0,0.0,3.073,0.031,-0.569,0.918,49.999999999999986,T348Y
-0.383,-1.351,1.34,0.007,0.287,-0.023,-1.352,-0.916,0.0,0.0,0.0,-0.239,0.05,2.983,0.438,0.193,0.01,1.042930859771559,P349Q
0.03,-1.359,-0.303,0.001,-0.009,0.004,-0.75,-0.916,0.0,0.0,0.0,0.0,0.05,0.37,0.966,4.898,0.158,3.1379709134753284,P349C
-2.106,8.059,3.328,-0.023,0.469,-0.16,-0.263,0.0,0.0,0.0,0.0,-1.285,0.0,0.089,-0.269,-0.004,-0.038,7.795690874749425,L342M
-4.691,27.198,5.761,0.005,0.292,0.268,-1.596,0.0,0.0,0.0,-0.48,0.0,0.0,4.23,0.463,-2.602,0.484,29.331448278422613,T348Q
-1.596,26.706,3.892,0.012,0.125,-0.333,3.586,0.0,0.0,0.0,0.0,0.0,0.0,2.013,0.508,-1.866,0.262,33.31064977116466,T348K
1.554,-1.613,-0.012,0.009,0.234,0.022,-0.378,-0.916,0.0,0.0,0.0,0.0,0.05,1.518,0.496,0.929,-0.111,1.7817398397451143,P349K
1.515,-1.613,0.034,0.002,0.377,0.003,-0.752,-0.916,0.0,0.0,0.0,0.0,0.05,2.352,0.664,1.343,0.108,3.1648983942116047,P349H
-0.848,2.037,0.179,-0.005,0.057,-0.282,-0.419,0.0,0.0,0.0,0.0,0.0,0.0,1.391,-0.068,0.414,-0.003,2.4523086361293736,K350H
1.458,-0.194,9.549,-0.011,0.284,0.012,-1.086,0.0,0.0,0.0,0.0,0.0,0.035,1.778,1.784,-4.788,0.837,9.656964536690792,V343D
1.39,-1.613,-0.027,0.022,0.21,0.011,-0.629,-0.916,0.0,0.0,0.0,0.0,0.05,2.433,0.836,2.226,0.13,4.120945471069945,P349Y
3.134,-1.899,6.685,0.003,0.92,1.138,-4.257,0.0,0.0,0.0,-0.528,0.0,0.0,3.598,1.369,-3.297,3.426,10.290432701702684,T348D
-1.475,0.54,-0.69,-0.01,-0.296,0.105,-0.119,0.0,0.0,0.0,0.0,0.0,0.0,-0.315,0.319,3.97,0.043,2.070792509280409,K350C
-1.957,0.067,2.313,-0.004,0.331,-0.122,2.526,0.0,0.0,0.0,1.949,-0.52,0.0,3.692,0.392,-2.492,0.083,6.257499433664634,T341N
-1.42,3.812,-1.156,0.015,-0.068,-0.014,0.013,0.0,0.0,0.0,0.0,0.0,0.0,1.892,0.056,1.933,0.058,5.121780709233917,K350F
0.0,0.0,0.0,0.0,0.0,0.0,0.0,0.0,0.0,0.0,0.0,0.0,0.0,0.0,0.0,0.0,0.0,0.0,L342L
-7.797,18.0,5.328,0.008,0.27,0.488,3.35,0.0,0.0,0.0,0.0,0.0,0.0,2.797,0.253,-1.246,0.407,21.8581760841505,T348R
-1.454,26.322,-2.509,0.009,0.0,-0.02,1.885,0.0,0.0,0.0,0.0,0.0,0.0,2.44,0.459,0.506,0.804,28.440612715810857,T348M
-7.703,49.9019826199412,3.002,0.024,0.607,-0.113,2.646,0.0,0.0,0.0,1.949,0.0,0.0,6.66,0.128,-1.452,0.041,49.922227950493095,T341H
-4.703,12.668,-3.684,0.025,0.031,-0.014,0.345,0.0,0.0,0.0,0.0,0.0,-0.009,0.721,0.379,1.152,0.585,7.494471362336071,T348I
0.372,39.850839829852966,0.084,0.012,0.429,-0.028,0.028,0.0,0.0,0.0,0.0,-1.285,-0.017,-1.426,-0.225,0.643,-0.407,39.16638242933423,L342I
-1.847,0.526,-1.07,0.017,-0.014,-0.203,-0.06,0.0,0.0,0.0,0.0,0.0,0.0,1.348,0.022,2.976,0.009,1.7025438786120048,K350W
1.442,-1.613,0.008,0.017,0.255,0.022,-0.644,-0.916,0.0,0.0,0.0,0.0,0.05,1.595,0.492,3.905,-0.061,4.550290562007831,P349W
-0.513,21.523,-0.795,0.003,-0.229,-0.028,-0.195,0.0,0.0,0.0,0.0,0.0,0.0,-1.259,-0.076,2.376,-0.067,20.740619089658367,K350L
1.498,-1.613,0.272,0.012,0.308,-0.075,-0.268,-0.916,0.0,0.0,0.0,0.0,0.05,1.603,0.432,1.549,-0.052,2.798722228156066,P349R
1.489,-0.215,1.563,-0.002,-0.277,0.735,1.049,0.0,0.0,0.0,0.0,0.126,0.035,2.595,0.894,-0.985,0.391,7.397275861455,V343M
-2.456,7.49,3.106,0.021,0.19,0.545,1.634,0.0,0.0,0.0,0.0,0.0,0.035,3.801,0.647,-1.424,0.093,13.68197211775282,V343F
0.122,-1.07,-0.677,0.026,0.107,-0.049,-0.405,-0.916,0.0,0.0,0.0,0.0,0.005,0.455,0.902,3.947,0.16,2.606511659551643,P349I
1.402,-1.613,0.857,-0.001,0.012,-0.041,-0.878,-0.916,0.0,0.0,0.0,0.0,0.05,-0.099,0.416,1.354,-0.051,0.4909960267916631,P349S
3.717,-0.317,-3.123,-0.008,-0.057,0.259,2.296,0.0,0.0,0.0,1.949,0.0,0.0,-0.057,0.558,0.173,0.417,5.808638992906936,T341A
5.115,-6.658,9.926,-0.033,0.588,-0.633,-3.318,0.0,0.0,0.0,0.0,-1.285,0.0,-0.005,0.724,-3.807,0.498,1.109610534910189,L342D
0.0,0.0,0.0,0.0,0.0,0.0,0.0,0.0,0.0,0.0,0.0,0.0,0.0,0.0,0.0,0.0,0.0,0.0,V343V
-5.539,7.441,3.15,-0.004,0.143,-0.073,1.27,0.0,0.0,0.0,1.632,-0.52,0.0,3.43,0.273,-2.602,-0.095,8.508161751540456,T341Q
-0.426,45.02823901532816,-3.679,0.058,0.14,0.098,1.501,0.0,0.0,0.0,0.0,0.0,0.0,4.104,0.726,0.51,0.645,45.67867223706724,T348L
0.333,0.014,-2.498,-0.007,-0.022,0.16,2.117,0.0,0.0,0.0,1.949,0.0,0.0,0.389,0.16,2.103,0.064,4.763210817034633,T341C
1.963,1.877,10.038,-0.02,0.202,0.146,-2.04,0.0,0.0,0.0,0.0,-0.52,0.0,1.262,-0.215,-4.386,-0.132,8.172369358113883,L342E
4.607,-2.633,5.133,-0.014,-0.012,0.294,-0.244,0.0,0.0,0.0,0.0,0.0,0.035,-0.259,1.145,-2.932,0.448,5.567074827861006,V343S
-0.651,49.30370172294582,0.181,0.008,0.987,-0.394,-0.712,0.0,0.0,0.0,0.0,-0.067,0.0,1.815,-0.579,-0.443,-0.397,49.29665491515113,L342F
-1.751,4.453,-4.659,0.011,-0.041,0.016,0.201,0.0,0.0,0.0,0.0,0.0,-0.009,0.325,0.034,1.491,0.164,0.2348969132285674,T348V
3.068,-2.438,0.757,-0.004,-0.057,-0.278,0.613,0.0,0.0,0.0,0.0,0.0,0.0,1.05,0.2,-1.441,1.258,2.7249635229125038,T348S
0.0,0.0,0.0,0.0,0.0,0.0,0.0,0.0,0.0,0.0,0.0,0.0,0.0,0.0,0.0,0.0,0.0,0.0,T341T
1.56,-1.613,-0.067,0.019,0.054,0.02,-0.575,-0.916,0.0,0.0,0.0,0.0,0.05,-0.061,0.468,3.305,0.189,2.430493737257848,P349L
-3.823,6.828,6.519,0.021,0.229,0.518,0.656,0.0,0.0,0.0,0.0,-0.85,0.035,4.571,0.661,-2.06,0.076,13.378178950798429,V343Y
2.118,7.076,6.328,-0.007,1.161,-1.531,-0.971,0.0,0.0,0.0,0.0,0.0,0.0,3.27,-0.451,-1.962,-0.343,14.686202212001035,L342H
1.269,-0.245,-0.815,-0.011,-0.337,0.065,-0.048,0.0,0.0,0.0,0.0,0.0,0.0,-1.282,0.247,2.04,0.041,0.92326337643226,K350A
-2.458,39.711,8.121,-0.001,0.11,0.922,1.153,0.0,0.0,0.0,0.0,0.538,0.035,3.782,0.789,-2.737,0.225,38.15812442086594,V343R
0.571,-0.256,1.255,-0.011,-0.271,0.169,-0.451,0.0,0.0,0.0,0.0,-0.888,0.0,-1.005,-0.105,0.425,-0.009,-0.5776904595388714,K350S
12.559,-7.536,0.127,-0.038,-0.116,-0.202,0.676,0.0,0.0,0.0,0.0,0.0,-0.032,-4.222,0.385,-0.863,0.992,1.7281355060815713,L342G
-10.95,49.595056396106955,18.567,-0.015,0.307,2.514,2.382,0.0,0.0,0.0,0.0,-1.548,0.0,0.957,-0.462,-1.756,-0.346,49.72434385192051,L342R
0.219,0.336,1.285,-0.009,0.02,-0.155,-1.032,0.0,0.0,0.0,0.0,0.0,0.0,0.794,-0.225,-1.431,-0.231,-0.4302912584994374,K350D
3.139,5.712,-0.075,0.006,0.367,0.038,0.514,0.0,0.0,0.0,0.0,-1.806,-0.017,-1.544,-0.588,0.982,-0.587,6.137736699078005,L342V
5.886,-0.491,-2.303,-0.01,-0.057,0.206,2.205,0.0,0.0,0.0,1.949,0.0,0.001,-0.057,1.261,-0.353,1.951,10.190173693956469,T341G
-7.923,46.792,7.462,0.0,0.258,0.619,3.888,0.0,0.0,0.0,1.949,0.0,0.0,2.556,0.262,-1.866,-0.08,39.62909594905601,T341K
1.219,-1.613,0.852,0.004,0.02,-0.09,-0.971,-0.916,0.0,0.0,0.0,0.0,0.05,-0.003,0.966,2.795,0.386,2.697749420505943,P349T
4.39,28.257,2.907,-0.031,0.376,0.096,0.933,47.73914702460313,0.0,1.117,0.0,-1.285,0.026,-3.331,6.561,-3.304,4.963,49.565113415863365,L342P
0.099,0.017,0.047,0.003,0.027,0.008,0.043,0.0,0.0,0.0,0.0,0.0,0.0,0.774,0.028,0.62,-0.04,1.6265622901860295,K350R
-10.874,49.99999999507819,-1.135,0.022,0.845,-0.055,1.448,0.0,0.0,0.0,0.0,0.0,0.0,2.835,0.259,1.11,10.343,49.99999999593731,T348W
-5.583,13.455,-4.552,0.025,0.14,0.135,2.634,0.0,0.0,0.0,1.949,-0.52,0.0,5.611,-0.321,0.51,-0.14,13.34420000047885,T341L
0.338,6.399,8.691,0.006,0.797,0.337,1.637,0.0,0.0,0.0,0.0,-0.126,0.035,4.476,0.95,-4.093,0.278,19.72157925222723,V343Q
-10.195,49.999990304317855,-4.843,0.028,0.137,-0.072,2.583,0.0,0.0,0.0,1.949,-0.52,0.0,6.562,-0.088,0.067,-0.172,49.999988362309175,T341F
-13.244,49.99986651896482,6.721,0.012,0.579,0.752,2.101,0.0,0.0,0.0,1.949,0.0,0.0,6.1,0.154,-1.246,-0.02,49.99988561312184,T341R
-5.447,44.03658160662416,-3.832,0.024,-0.082,0.963,1.887,0.0,0.0,0.0,2.365,0.571,-0.037,4.148,-0.628,1.152,-0.56,44.153127145619905,T341I
-0.162,-0.041,0.28,-0.004,0.391,-0.123,0.229,0.0,0.0,0.0,0.0,0.0,0.0,0.606,-0.137,-0.736,-0.099,0.203536119575574,K350Q
0.0,0.0,0.0,0.0,0.0,0.0,0.0,0.0,0.0,0.0,0.0,0.0,0.0,0.0,0.0,0.0,0.0,0.0,K350K
-11.682,49.99999972323853,-2.182,0.037,0.17,0.146,2.858,0.0,0.0,0.0,1.949,0.0,0.0,6.672,0.026,-0.569,-0.177,49.99999969102425,T341Y
4.427,-5.35,5.903,-0.03,0.166,-1.147,-0.357,0.0,0.0,0.0,0.0,0.0,0.0,-1.381,0.321,-3.001,0.282,-0.1672178543874452,L342N
10.364,-7.284,-0.602,-0.04,-0.116,-0.168,0.768,0.0,0.0,0.0,0.0,0.0,0.0,-4.572,-0.217,-0.336,0.192,-2.0120221115250843,L342A
3.74,-1.139,8.774,-0.007,0.787,0.572,3.317,0.0,0.0,0.0,0.0,0.126,0.035,4.618,0.953,-5.367,0.411,16.817900511135576,V343E
3.355,-4.826,6.427,-0.003,0.425,-0.422,1.432,0.0,0.0,0.0,0.0,-0.433,0.035,2.152,1.473,-3.983,0.643,6.274015568681762,V343N
-2.036,39.60531481746541,-4.081,0.025,0.031,0.268,2.477,0.0,0.0,0.0,2.365,-0.52,-0.037,3.849,-0.529,1.491,-0.445,40.62257365326961,T341V
-3.717,2.47,6.021,-0.002,0.291,-0.091,0.394,0.0,0.0,0.0,1.949,0.0,0.0,2.746,0.282,-3.876,0.025,6.493452397139436,T341E
9.511,-7.286,3.006,-0.04,-0.093,-0.483,0.539,0.0,0.0,0.0,0.0,0.0,0.0,-3.885,-0.473,-1.951,-0.156,-1.3120588664571642,L342S
0.083,-0.105,0.012,-0.001,-0.212,0.002,-0.018,0.0,0.0,0.0,0.0,0.0,0.0,-0.48,0.198,2.372,-0.049,1.8012385660658763,K350M
-0.404,-0.132,0.969,-0.004,-0.256,0.122,-0.951,0.0,0.0,0.0,0.0,-0.893,0.0,-0.93,-0.11,1.867,0.044,-0.6782611013395581,K350T
1.669,-2.027,3.83,-0.006,0.015,0.009,-0.334,0.0,0.0,0.0,0.0,0.0,0.035,-0.676,0.515,-1.491,0.365,1.9012954737902417,V343T
-18.26,49.99999999963015,-1.882,0.015,0.154,0.572,1.883,0.0,0.0,0.0,1.949,0.0,0.0,4.295,0.141,1.11,0.276,49.99999999945382,T341W
-5.089,38.36974738864788,3.44,0.015,-0.217,1.228,-0.184,0.0,0.0,0.0,0.0,0.126,0.035,8.076,0.749,-0.381,0.566,41.39075505802181,V343W
2.588,-0.34,1.372,-0.008,-0.031,0.11,0.174,0.0,0.0,0.0,0.156,0.0,0.0,0.647,0.553,-1.441,0.141,3.920738779132535,T341S
-3.738,46.3748863042474,-0.01,-0.01,-0.275,0.095,-0.302,3.606,0.0,0.0,0.0,0.0,0.265,-1.25,0.453,-0.928,11.853,47.51725558991274,K350P
-1.396,2.301,-1.076,0.017,-0.059,-0.037,-0.034,0.0,0.0,0.0,0.0,0.0,0.0,2.068,0.049,1.297,0.078,3.2059439030363137,K350Y
-1.991,49.7938957115672,-0.943,-0.003,0.072,0.676,2.265,25.322,0.0,0.0,4.056,0.0,0.014,0.768,3.099,-2.795,3.083,49.94621279676557,T341P
-1.725,0.723,-1.683,0.004,-0.292,0.002,0.073,0.0,0.0,0.0,0.0,0.0,-0.015,-0.885,0.678,3.358,0.529,0.7671235186196554,K350V
-1.905,49.682351975367446,4.47,0.008,0.985,0.085,-0.97,0.0,0.0,0.0,0.0,-0.067,0.0,1.794,-0.639,-1.079,-0.427,49.70965564152174,L342Y
1.172,-0.161,10.048,0.009,0.286,0.306,-0.598,0.0,0.0,0.0,0.0,0.126,0.035,4.944,0.971,-3.357,0.24,14.018484827602606,V343K
-7.571,49.982795114205366,4.524,0.005,1.049,-0.27,-0.963,0.0,0.0,0.0,0.0,-0.067,0.0,0.518,-0.443,0.6,0.016,49.980907111812456,L342W
5.598,-5.04,3.887,-0.03,0.367,-0.271,-0.754,0.0,0.0,0.0,0.0,-1.285,0.0,-3.993,-0.596,-0.509,-0.554,-3.1809476328598976,L342T
7.621,-3.186,-2.965,-0.003,-0.065,0.002,0.985,0.0,0.0,0.0,0.0,0.0,0.0,-1.785,0.364,-0.332,1.975,2.609217519387357,M351A
0.61,-0.784,4.0,-0.011,-0.72,0.613,-4.188,-0.999,0.0,0.0,-2.049,-0.511,0.028,3.92,1.166,-0.502,1.046,1.616351101215514,P352D
3.793,-2.841,3.442,0.009,0.163,0.836,-3.715,0.0,0.0,0.0,0.0,-0.258,0.0,0.921,0.227,-2.372,0.727,0.9287825602714292,M351K
5.173,-2.95,-1.063,-0.002,-0.05,0.024,0.483,0.0,0.0,0.0,0.0,0.0,0.0,-1.216,-0.14,1.598,2.718,4.571417432114686,M351C
1.854,-0.414,7.69,-0.001,0.229,0.164,-5.977,0.0,0.0,0.0,-0.701,-0.589,0.0,1.895,0.119,-4.381,0.327,0.2103819023375308,M351E
5.361,-2.645,3.351,0.0,0.24,-0.314,-3.482,0.0,0.0,0.0,0.0,-0.666,0.0,2.166,-0.59,-3.803,-0.833,-1.216718097236253,M351D
1.343,-0.674,-0.577,-0.002,-0.08,-0.059,0.325,-0.999,0.0,0.0,0.0,0.0,0.028,-0.059,0.956,2.968,0.803,3.9721779454303032,P352A
1.155,-0.282,-0.627,-0.012,-1.038,0.089,1.646,0.0,0.0,0.0,0.0,0.0,0.0,-1.119,0.182,0.579,0.204,0.7755365431150949,E353D
-0.046,-0.376,-0.562,-0.008,-1.002,0.107,1.068,-0.999,0.0,0.0,0.0,0.0,0.028,1.869,1.57,4.898,0.989,7.53361787131962,P352C
0.971,-0.673,0.653,0.001,0.267,-0.185,0.285,-0.999,0.0,0.0,0.0,0.0,0.028,1.968,1.207,1.343,1.137,6.001603287136732,P352H
2.528,-0.675,-0.527,-0.003,-0.08,-0.044,0.328,-0.999,0.0,0.0,0.0,0.0,0.003,-0.059,1.718,2.442,1.549,6.180021835001071,P352G
5.056,-2.645,1.432,0.001,0.201,-0.237,-0.31,0.0,0.0,0.0,0.0,-0.962,0.0,2.332,-0.41,-2.997,-0.844,0.6142347511633943,M351N
9.758,-3.307,-2.759,-0.005,-0.065,-0.07,0.759,0.0,0.0,0.0,0.0,0.0,0.207,-1.785,1.381,-0.859,8.22,11.47330233781372,M351G
4.872,-2.798,1.895,0.0,0.064,0.175,-1.755,0.0,0.0,0.0,-1.299,0.0,0.0,-0.076,0.19,-0.505,-0.229,0.5315996044794247,M351T
2.162,49.919346789834215,-0.41,-0.002,0.047,0.397,2.475,45.19797058119351,1.015,0.0,0.0,0.0,0.245,-1.084,3.668,-3.3,17.789,49.99837745510982,M351P
-0.582,-0.652,2.611,-0.006,-0.69,0.282,0.086,-0.999,0.0,0.0,-1.996,-1.092,0.028,2.956,1.517,0.303,1.339,3.100757971600615,P352N
0.41,-2.348,-0.388,0.037,0.189,0.048,0.705,0.0,0.0,0.0,0.0,0.0,0.0,1.848,-0.396,-0.439,0.072,-0.264237223200098,M351F
-0.301,-0.233,-1.105,-0.001,-1.136,0.05,0.891,0.0,0.0,0.0,0.0,0.0,0.0,-0.422,0.309,4.382,0.154,2.587368442828165,E353M
1.798,8.627,-1.076,0.012,0.024,-0.048,0.591,0.0,0.0,0.0,0.0,0.0,0.0,-0.897,-0.295,0.005,0.344,9.082186850398102,M351L
0.0,0.0,0.0,0.0,0.0,0.0,0.0,0.0,0.0,0.0,0.0,0.0,0.0,0.0,0.0,0.0,0.0,0.0,M351M
1.607,-1.72,5.409,0.015,0.666,0.539,-0.342,0.0,0.0,0.0,0.0,-0.681,0.0,1.386,0.005,-1.752,0.654,5.784630499970263,M351R
0.97,-0.673,0.679,0.004,0.034,-0.167,0.313,-0.999,0.0,0.0,0.0,0.0,0.028,0.881,1.357,0.929,1.198,4.551903106432746,P352K
4.571,-3.109,0.851,0.003,0.434,-0.391,0.205,0.0,0.0,0.0,0.0,0.0,0.0,1.109,0.065,-3.108,0.363,0.9907101109511132,M351Q
-3.205,2.6,1.112,0.024,-0.003,-0.054,0.463,-0.999,0.0,0.0,0.0,0.0,0.021,0.663,1.792,3.947,1.434,7.791480256230216,P352I
0.0,0.0,0.0,0.0,0.0,0.0,0.0,0.0,0.0,0.0,0.0,0.0,0.0,0.0,0.0,0.0,0.0,0.0,P352P
0.355,-0.018,-1.197,0.009,-1.27,0.093,1.105,0.0,0.0,0.0,0.0,0.0,-0.084,-2.247,0.69,5.029,0.249,2.712067354871351,E353I
0.9,-0.673,1.183,0.003,0.177,-0.148,0.05,-0.999,0.0,0.0,0.0,0.0,0.028,2.844,1.284,-1.081,1.131,4.695025577524802,P352E
1.974,-0.283,-2.193,-0.017,-1.139,0.284,1.397,0.0,0.0,0.0,0.0,0.0,0.0,0.287,0.443,0.173,0.113,1.0404724671448091,T354A
0.673,-0.673,0.669,0.015,-0.035,-0.229,0.184,-0.999,0.0,0.0,0.0,0.0,0.028,0.032,1.343,3.305,1.26,5.569262482314571,P352L
2.505,20.188,-1.186,0.025,0.035,-0.14,-0.112,0.0,0.0,0.0,0.0,0.0,-0.005,-0.332,-0.547,0.647,-0.656,20.41767399828268,M351I
1.415,-0.911,-0.018,-0.002,-0.513,-0.204,1.127,-0.999,0.0,0.0,0.0,0.0,0.028,3.172,1.425,0.193,1.221,5.930727665826908,P352Q
2.263,-2.891,3.081,0.001,0.332,-0.238,-2.268,0.0,0.0,0.0,0.0,-0.327,0.0,1.766,-0.365,-1.958,0.577,-0.0290297889064277,M351H
0.8,-0.672,0.507,0.018,0.125,-0.173,0.293,-0.999,0.0,0.0,0.0,0.0,0.028,1.964,1.423,2.862,1.166,7.338129200632238,P352F
0.648,-0.673,0.698,0.015,0.164,-0.093,0.212,-0.999,0.0,0.0,0.0,0.0,0.028,1.421,1.258,3.905,1.111,7.693647084004397,P352W
-2.541,2.741,-0.348,0.018,-0.015,-0.149,0.4,-0.999,0.0,0.0,0.0,0.0,0.021,0.749,1.727,4.286,1.359,7.2457309355502275,P352V
0.928,-0.672,0.73,0.007,0.115,-0.179,0.391,-0.999,0.0,0.0,0.0,0.0,0.028,1.586,1.237,1.549,1.126,5.843899801045609,P352R
2.191,-0.956,0.661,-0.012,-1.097,0.264,0.503,-0.999,0.0,0.0,-0.729,-1.1,0.028,1.079,1.053,1.354,1.022,3.258937761811921,P352S
0.476,-0.673,2.162,0.002,0.013,-0.069,-0.555,-0.999,0.0,0.0,0.0,-0.9,0.028,0.356,1.618,2.795,1.45,5.702569892901238,P352T
0.623,-0.672,0.725,0.005,-0.072,-0.136,0.194,-0.999,0.0,0.0,0.0,0.0,0.028,1.129,1.465,3.301,1.064,6.65072673489135,P352M
0.691,-0.268,1.827,0.019,0.128,0.542,-1.824,0.0,0.0,0.0,0.0,-1.161,0.0,2.25,-0.265,-1.075,0.13,0.9919593332904242,M351Y
1.073,-0.282,-1.147,0.001,-1.272,0.08,0.992,0.0,0.0,0.0,0.0,0.0,0.0,-2.567,0.271,4.386,0.279,1.814583480891315,E353L
1.229,-0.282,-1.109,-0.006,-1.147,0.122,1.216,0.0,0.0,0.0,0.0,0.0,0.0,-1.145,0.158,2.63,0.075,1.741794821020676,E353R
1.62,-0.283,-1.168,-0.014,-0.791,0.116,1.079,0.0,0.0,0.0,0.0,0.0,0.0,2.348,-0.016,-3.297,-0.135,-0.5415749007308932,T354D
1.685,13.75,-0.653,0.018,0.414,-0.619,1.692,0.0,0.0,0.0,0.0,1.214,0.0,2.43,-0.269,0.604,3.519,23.782164185244937,M351W
3.409,23.196,-2.639,0.011,-0.014,0.113,-0.001,0.0,0.0,0.0,0.0,0.0,-0.005,-1.431,-0.478,0.986,-0.696,22.446010983200267,M351V
1.397,-0.282,-1.377,-0.015,-1.362,0.129,1.172,0.0,0.0,0.0,0.0,0.0,0.0,-2.651,0.095,4.05,0.082,1.236618951778155,E353A
-0.793,0.682,-1.491,0.01,-1.034,0.066,1.181,0.0,0.0,0.0,0.0,0.0,0.0,-0.801,0.49,3.943,0.325,2.5755007415518776,E353F
0.9,-0.673,0.513,0.019,0.122,-0.165,0.27,-0.999,0.0,0.0,0.0,0.0,0.028,2.019,1.453,2.226,1.261,6.971883443639172,P352Y
0.0,0.0,0.0,0.0,0.0,0.0,0.0,0.0,0.0,0.0,0.0,0.0,0.0,0.0,0.0,0.0,0.0,0.0,E353E
-0.486,-0.083,-0.091,-0.012,-0.684,-0.216,0.673,0.0,0.0,0.0,0.0,0.0,0.0,-1.387,0.259,2.424,0.179,0.5765906386843653,E353H
-1.886,2.776,-1.495,0.007,-0.89,-0.01,1.21,0.0,0.0,0.0,0.0,0.0,0.0,-1.506,0.214,4.986,0.111,3.516277587056948,E353W
0.589,-0.244,-1.072,-0.006,-1.16,0.105,1.215,0.0,0.0,0.0,0.0,0.0,0.0,-1.44,0.195,2.01,0.061,0.2542407636053667,E353K
0.104,-0.065,-0.603,0.011,0.034,0.147,0.299,0.0,0.0,0.0,0.0,0.0,0.0,0.024,0.058,0.51,-0.048,0.4700666393707706,T354L
-0.83,0.039,-0.184,0.015,0.199,0.166,0.162,0.0,0.0,0.0,0.0,0.0,0.0,1.794,0.189,0.067,0.057,1.6736247089672815,T354F
6.882,-3.145,0.39,-0.002,-0.004,-0.156,-0.801,0.0,0.0,0.0,-0.258,0.0,0.0,-1.187,0.311,-1.947,1.25,1.328644967816672,M351S
1.607,-0.283,-1.257,-0.017,-1.362,0.131,1.161,0.0,0.0,0.0,0.0,0.0,-0.003,-2.651,0.543,3.523,0.528,1.922803653010078,E353G
1.104,-0.282,-0.838,-0.01,-1.083,0.022,1.48,0.0,0.0,0.0,0.0,0.0,0.0,-1.346,0.355,1.385,0.356,1.1433368181294554,E353N
0.312,1.128,-1.728,-0.014,-1.322,0.16,1.64,0.451,0.0,0.0,0.0,0.0,0.065,-2.102,-0.306,1.082,0.366,-0.2687351248353025,E353P
-0.798,0.499,-1.421,0.009,-1.018,0.006,1.196,0.0,0.0,0.0,0.0,0.0,0.0,-0.913,0.552,3.307,0.307,1.7244912202711475,E353Y
2.381,-0.286,-2.106,-0.019,-1.139,0.334,1.444,0.0,0.0,0.0,0.0,0.0,0.007,0.287,0.647,-0.353,0.504,1.7016122693055422,T354G
-0.974,0.321,-0.526,0.021,0.048,0.119,0.333,0.0,0.0,0.0,0.0,0.0,-0.059,0.146,0.766,1.152,0.5,1.84515992094498,T354I
0.61,-0.237,-1.453,-0.014,-1.329,0.099,0.988,0.0,0.0,0.0,0.0,0.0,0.0,-2.023,0.481,5.98,0.069,3.1715694162678574,E353C
0.313,-0.111,-0.666,-0.005,-0.059,0.168,0.29,0.0,0.0,0.0,0.0,0.0,0.0,0.232,0.429,2.103,0.051,2.745799534989146,T354C
-0.381,-0.097,0.195,-0.003,0.376,-0.061,0.274,0.0,0.0,0.0,0.0,0.0,0.0,1.387,0.078,-1.452,-0.002,0.3129504738788,T354H
0.442,-0.117,-1.654,0.001,-1.322,0.078,1.038,0.0,0.0,0.0,0.0,0.0,-0.084,-2.401,0.775,5.368,0.307,2.427583473349614,E353V
1.171,-0.282,-0.802,-0.015,-1.307,-0.019,0.881,0.0,0.0,0.0,0.0,0.0,0.0,-2.566,-0.16,2.435,-0.045,-0.7100270633059154,E353S
-0.17,0.04,-0.563,0.003,-0.281,0.012,0.303,0.0,0.0,0.0,0.0,0.0,0.0,-0.244,0.171,1.274,0.087,0.6302661842244106,E353Q
1.646,-0.283,-1.672,-0.011,-0.784,0.267,1.275,0.0,0.0,0.0,0.0,0.0,0.0,2.665,0.167,-3.876,0.01,-0.59359661710414,T354E
0.4,-0.067,-0.363,0.001,0.086,0.168,0.315,0.0,0.0,0.0,0.0,0.0,0.0,0.823,0.143,-1.866,-0.009,-0.3693265910326317,T354K
0.062,-0.054,-0.297,0.005,0.051,0.149,0.375,0.0,0.0,0.0,0.0,0.0,0.0,0.811,0.378,0.506,-0.028,1.9584388963469337,T354M
-0.859,42.594727807986544,-1.894,-0.015,-1.079,0.181,1.376,7.161,0.0,0.0,0.0,0.0,0.38,0.311,0.754,-2.795,11.575,45.810745545438415,T354P
0.0,0.0,0.0,0.0,0.0,0.0,0.0,0.0,0.0,0.0,0.0,0.0,0.0,0.0,0.0,0.0,0.0,0.0,T354T
-0.32,-0.043,0.305,0.002,0.662,0.117,0.221,0.0,0.0,0.0,0.0,0.0,0.0,1.846,0.023,-2.602,-0.099,0.1110006815124506,T354Q
0.991,-0.282,-0.8,-0.011,-1.3,-0.021,0.815,0.0,0.0,0.0,0.0,0.0,0.0,-2.612,0.402,3.877,0.41,1.4684164256204897,E353T
-0.859,0.555,-1.304,0.012,-0.026,0.097,0.281,0.0,0.0,0.0,0.0,0.0,-0.059,0.049,0.724,1.491,0.509,1.4692506681255963,T354V
1.51,-0.283,-1.434,-0.011,-0.825,0.202,1.339,0.0,0.0,0.0,0.0,0.0,0.0,1.738,0.044,-2.492,-0.085,-0.2967643845940984,T354N
-1.123,0.213,0.814,0.01,0.184,-0.059,0.348,0.0,0.0,0.0,0.0,0.0,-0.004,1.329,1.413,-0.893,1.411,3.642621992155455,G356R
1.603,-0.282,-1.064,-0.016,-1.074,0.171,1.001,0.0,0.0,0.0,0.0,0.0,0.0,0.579,0.043,-1.441,-0.008,-0.4881202765709531,T354S
-0.895,0.144,-0.123,0.014,0.207,0.132,0.039,0.0,0.0,0.0,0.0,0.0,0.0,1.86,0.189,-0.569,0.074,1.07337853515196,T354Y
-0.536,-0.054,0.03,0.012,0.245,-0.017,0.185,0.0,0.0,0.0,0.0,0.0,0.0,1.534,0.185,1.11,-0.001,2.693273670223789,T354W
0.432,-0.077,-0.368,0.004,0.167,0.173,0.312,0.0,0.0,0.0,0.0,0.0,0.0,1.368,0.189,-1.246,-0.024,0.9301872070684568,T354R
-2.962,0.36,4.477,0.004,0.187,-0.105,-1.623,0.0,0.0,0.0,0.0,0.0,0.0,4.771,0.258,-4.049,0.282,1.5966356631538474,A355E
-3.602,0.258,1.08,0.003,0.05,0.103,-0.679,0.0,0.0,0.0,0.0,0.0,0.0,0.944,0.513,1.93,0.111,0.710345243200436,A355C
-4.363,0.867,0.249,0.024,0.062,0.187,-0.05,0.0,0.0,0.0,0.0,0.0,-0.001,0.932,0.897,0.979,0.69,0.4698011457280699,A355I
-2.966,0.709,5.756,0.016,0.84,0.285,-4.639,0.0,0.0,0.0,-0.786,-0.61,-0.004,1.483,0.15,-2.944,-0.071,-2.7831045939196883,G356D
-1.723,0.089,3.009,0.005,0.264,-0.097,-0.513,0.0,0.0,0.0,-0.721,0.0,0.0,3.257,0.459,-2.665,0.483,1.845467643980328,A355N
0.0,0.0,0.0,0.0,0.0,0.0,0.0,0.0,0.0,0.0,0.0,0.0,0.0,0.0,0.0,0.0,0.0,0.0,A355A
-3.44,17.543,1.161,0.026,0.076,0.112,0.315,0.0,0.0,0.0,0.0,0.0,0.139,0.05,2.33,1.506,2.076,21.8902696236612,G356I
0.0,0.0,0.0,0.0,0.0,0.0,0.0,0.0,0.0,0.0,0.0,0.0,0.0,0.0,0.0,0.0,0.0,0.0,G356G
-2.052,0.565,0.644,0.004,0.095,0.05,-0.041,4.309,0.0,0.0,0.0,0.0,0.277,0.056,0.279,-2.441,0.894,2.638056128533435,G356P
-3.097,0.312,2.48,0.008,0.148,-0.034,0.022,0.0,0.0,0.0,0.0,0.0,0.0,2.87,0.281,-2.039,0.347,1.297372323547279,A355K
-3.607,0.597,3.921,0.003,0.23,0.441,-1.862,0.0,0.0,0.0,-1.379,0.0,0.0,1.748,0.202,-1.625,0.268,-1.065030245520575,A355H
-1.269,0.053,3.706,0.003,0.321,-0.219,-1.012,0.0,0.0,0.0,0.0,0.0,0.0,3.856,0.213,-3.47,0.259,2.439328735913932,A355D
-4.428,3.981,1.972,0.02,-0.031,0.244,-0.431,0.0,0.0,0.0,0.0,0.0,0.0,3.01,0.348,-0.106,0.304,4.881409206849639,A355F
-3.485,0.26,1.573,0.003,0.027,0.073,-0.33,0.0,0.0,0.0,0.0,0.0,0.0,2.568,0.348,0.333,0.163,1.5315518585807697,A355M
-1.351,0.215,0.656,0.021,0.207,-0.013,0.358,0.0,0.0,0.0,0.0,0.0,-0.004,1.862,1.713,0.421,1.606,5.688716921700916,G356F
-1.463,0.154,0.724,0.017,0.038,-0.039,0.18,0.0,0.0,0.0,0.0,0.0,-0.004,0.061,1.5,0.864,1.218,3.246216751549809,G356L
-1.02,0.19,0.539,0.002,0.007,0.009,0.188,0.0,0.0,0.0,0.0,0.0,-0.004,0.594,1.386,2.457,1.106,5.453120202563468,G356C
-1.164,0.179,1.167,0.006,0.244,-0.018,-0.404,0.0,0.0,0.0,0.0,0.0,-0.004,2.711,1.478,-3.522,1.327,1.9977666077229517,G356E
1.311,-0.155,0.678,-0.002,0.135,-0.039,-0.192,0.0,0.0,0.0,0.0,0.0,0.0,-0.504,-0.089,-0.694,-0.138,0.3093295226130976,Q357D
-5.456,49.99993198011671,2.163,0.004,0.091,0.145,1.08,1.475,1.016,0.0,0.0,0.0,-0.012,0.654,-0.843,-2.968,10.711,49.999950727442794,A355P
1.484,-0.162,-1.665,-0.004,-0.192,0.158,0.38,0.0,0.0,0.0,0.0,0.0,0.0,-2.387,0.458,4.706,0.129,2.905616010237964,Q357C
-4.917,4.643,2.837,0.019,0.001,0.136,-1.081,0.0,0.0,0.0,0.0,0.0,0.0,3.008,0.384,-0.742,0.346,4.632349662139859,A355Y
-0.711,0.131,-0.018,0.001,0.0,0.015,0.208,0.0,0.0,0.0,0.0,0.0,-0.004,0.0,1.375,0.527,1.106,2.6280179361253886,G356A
-1.213,0.196,0.974,0.003,0.346,-0.108,0.301,0.0,0.0,0.0,0.0,0.0,-0.004,2.359,1.173,-1.098,1.043,3.969353000233696,G356H
1.58,-0.221,0.431,-0.001,0.0,-0.156,-0.055,0.0,0.0,0.0,0.0,0.0,-0.041,0.0,0.558,-0.526,0.65,2.2175132916513576,A355G
-3.894,4.345,3.191,0.018,0.109,0.102,-0.929,0.0,0.0,0.0,-0.485,0.0,0.0,2.867,0.208,0.937,0.316,6.783021042151631,A355W
-3.374,0.483,4.026,0.018,0.697,-0.118,-0.332,0.0,0.0,0.0,-0.45,0.0,-0.004,0.929,0.35,-2.138,0.124,0.208002674659383,G356N
-5.632,49.32858416770563,0.692,0.015,0.04,0.088,-0.397,0.0,0.0,0.0,0.0,0.0,0.0,0.059,0.185,0.337,0.334,49.20420109861286,A355L
-5.425,0.537,5.145,0.008,0.145,0.665,-1.824,0.0,0.0,0.0,0.0,-0.883,0.0,3.25,0.173,-1.419,0.264,0.6346691574142369,A355R
-3.514,1.314,0.004,0.018,0.058,0.169,-0.117,0.0,0.0,0.0,0.0,0.0,-0.001,1.101,0.811,1.318,0.559,1.717647672312296,A355V
-0.731,0.023,3.202,0.0,0.075,-0.116,-0.86,0.0,0.0,0.0,0.0,0.0,0.0,0.328,-0.011,-1.614,0.052,0.3460192395971262,A355S
-2.793,1.31,1.005,0.011,0.075,0.058,-0.919,0.0,0.0,0.0,0.0,0.0,0.0,1.475,0.502,-0.173,0.487,1.0352786074881806,A355T
-1.364,0.208,0.715,0.018,0.234,-0.029,0.366,0.0,0.0,0.0,0.0,0.0,-0.004,1.71,1.548,1.463,1.902,6.765308032943949,G356W
-3.595,0.297,3.488,0.006,0.127,-0.214,-1.159,0.0,0.0,0.0,0.0,0.0,0.0,3.799,0.328,-2.775,0.329,0.6292068214145274,A355Q
-1.1,0.182,0.793,0.007,0.107,0.023,0.165,0.0,0.0,0.0,0.0,0.0,-0.004,0.761,1.584,-1.512,1.269,2.273732574232781,G356K
-1.155,0.072,1.771,0.001,0.055,0.0,-0.671,0.0,0.0,0.0,-0.515,-0.92,-0.004,0.147,0.549,-1.087,0.602,-1.1573407817384125,G356S
-2.382,0.25,0.76,0.011,0.126,-0.177,-0.079,0.0,0.0,0.0,0.0,0.0,-0.004,1.807,1.583,0.86,1.426,4.177596672535628,G356M
-1.574,0.152,1.431,0.009,0.557,-0.174,-0.463,0.0,0.0,0.0,0.0,0.0,-0.004,1.832,1.504,-2.249,1.512,2.532574678100673,G356Q
-2.459,0.945,0.26,0.018,0.038,0.061,0.053,0.0,0.0,0.0,0.0,0.0,0.139,0.0,2.141,1.845,1.989,5.027662906881233,G356V
0.091,0.044,-1.639,0.034,0.052,0.168,0.535,0.0,0.0,0.0,0.0,0.0,0.0,0.668,0.219,2.67,0.169,3.010363793066972,Q357F
1.023,-0.158,-0.216,0.009,1.118,-0.063,-1.156,0.0,0.0,0.0,0.0,0.0,0.0,1.302,0.137,-1.273,0.085,0.8076598439431564,Q357E
-1.358,0.199,0.643,0.02,0.217,-0.006,0.19,0.0,0.0,0.0,0.0,0.0,-0.004,1.843,1.564,-0.216,1.571,4.661498876256019,G356Y
-1.495,0.12,1.709,0.007,0.062,-0.031,-0.652,0.0,0.0,0.0,-0.068,-0.89,-0.004,0.079,0.593,0.354,0.693,0.4745955302896618,G356T
-0.047,0.271,-0.537,0.008,0.236,-0.077,0.719,0.0,0.0,0.0,0.0,0.0,0.0,-0.889,0.172,1.357,0.059,1.2695865560922357,Q357R
2.827,0.102,-2.652,-0.005,-0.207,0.159,0.54,0.0,0.0,0.0,0.0,0.0,0.0,-2.607,0.355,2.776,0.096,1.3833478596870918,Q357A
0.0,0.0,0.0,0.0,0.0,0.0,0.0,0.0,0.0,0.0,0.0,0.0,0.0,0.0,0.0,0.0,0.0,0.0,Q357Q
-0.591,49.233685387976486,-2.589,0.011,-0.103,0.137,0.413,0.0,0.0,0.0,0.0,0.0,0.084,-4.536,0.866,3.755,0.619,49.1725471115108,Q357I
-0.719,7.316,-2.285,0.01,-0.111,0.215,0.568,4.813,0.0,0.0,0.0,0.0,0.0,-2.235,0.07,3.113,0.027,10.781538401523676,Q357L
4.345,-1.28,-1.699,-0.007,-0.207,0.169,0.589,0.0,0.0,0.0,0.0,0.0,-0.066,-2.607,0.536,2.249,0.518,2.54000605778765,Q357G
0.525,-0.003,-0.443,0.001,-0.054,0.109,0.304,0.0,0.0,0.0,0.0,0.0,0.0,-1.785,0.14,0.737,0.098,-0.3713937031711793,Q357K
0.416,-0.12,-0.532,0.001,0.187,0.084,0.655,0.0,0.0,0.0,0.0,0.0,0.0,0.078,0.084,1.151,0.094,2.0975321564565093,Q357H
0.814,-0.081,-0.262,0.0,0.09,-0.057,0.431,0.0,0.0,0.0,0.0,0.0,0.0,-1.102,-0.012,0.111,-0.05,-0.1176341874499939,Q357N
0.918,-0.067,-0.517,-0.007,-0.059,0.019,0.9,0.0,0.0,0.0,0.0,0.0,0.0,-0.014,0.132,0.173,0.189,1.666473396966694,T358A
0.633,6.662,-2.706,0.012,-0.159,0.109,0.5,0.0,0.0,0.0,0.0,0.0,0.084,-2.556,0.842,4.094,0.631,8.142124406162793,Q357V
1.832,-0.2,-1.713,-0.004,-0.148,0.139,1.036,0.33,0.0,0.0,0.0,0.0,-0.075,-2.574,0.532,-0.192,0.41,-0.626469794166951,Q357P
-0.053,0.206,-1.307,0.001,-0.115,0.196,0.712,0.0,0.0,0.0,0.0,0.0,0.0,-1.235,0.324,3.109,0.044,1.8799926233930364,Q357M
1.277,0.251,-0.909,0.0,-0.134,0.056,0.453,0.0,0.0,0.0,0.0,0.0,0.0,-2.605,0.045,2.603,0.158,1.194652403514965,Q357T
2.438,-0.246,-0.658,-0.005,-0.177,-0.111,0.267,0.0,0.0,0.0,0.0,0.0,0.0,-1.781,0.021,1.162,0.076,0.984314474218536,Q357S
0.032,1.028,-1.361,0.019,0.125,0.046,0.555,0.0,0.0,0.0,0.0,0.0,0.0,-0.135,0.164,3.712,0.1,4.283690807056246,Q357W
-0.894,3.395,-1.715,0.024,0.065,0.254,0.269,0.0,0.0,0.0,0.0,0.0,0.0,0.742,0.21,2.034,0.19,4.570953128010615,Q357Y
0.071,-0.054,0.311,0.0,0.112,0.048,0.479,0.0,0.0,0.0,0.0,0.0,0.0,0.852,-0.044,-1.866,0.064,-0.0296837820744713,T358K
-0.067,-0.064,-0.131,-0.006,-0.022,0.118,0.142,0.0,0.0,0.0,0.0,0.0,0.0,0.112,-0.119,2.103,-0.145,1.9184701372153088,T358C
-0.399,0.015,-0.528,0.009,-0.009,0.113,0.272,0.0,0.0,0.0,0.0,0.0,-0.003,0.001,-0.222,1.491,0.182,0.9188311224570498,T358V
0.464,-0.067,0.622,-0.004,0.245,-0.002,0.341,0.0,0.0,0.0,0.0,0.0,0.0,2.887,-0.632,-3.297,-0.321,0.233894200108125,T358D
-1.528,0.492,1.845,0.004,0.448,0.567,-0.834,0.0,0.0,0.0,-0.643,0.0,0.0,1.861,-0.128,-1.452,0.11,0.7405263698535691,T358H
0.59,-0.067,0.534,-0.005,0.006,0.105,0.197,0.0,0.0,0.0,0.0,0.0,0.0,0.219,0.154,-1.441,0.285,0.5740888687384995,T358S
1.436,-0.269,-0.435,-0.008,-0.059,0.087,0.832,0.0,0.0,0.0,0.0,0.0,-0.028,-0.014,0.952,-0.353,2.719,4.856915243610274,T358G
-0.62,0.235,0.353,0.004,0.044,0.112,0.507,0.0,0.0,0.0,0.0,0.0,0.0,1.243,0.212,0.506,-0.065,2.527960874792143,T358M
0.088,-0.054,0.319,0.004,0.209,0.055,0.39,0.0,0.0,0.0,0.0,0.0,0.0,1.496,0.02,-1.246,0.079,1.3576535726735983,T358R
-0.42,0.028,-0.218,0.018,0.022,0.127,0.4,0.0,0.0,0.0,0.0,0.0,-0.003,0.222,-0.158,1.152,0.234,1.4015837636211472,T358I
-1.163,42.49676909435954,0.063,-0.005,0.018,-0.055,1.073,0.881,0.0,0.0,0.0,0.0,0.042,0.135,-0.52,-2.795,11.41,44.66035842646292,T358P
0.086,-0.053,0.341,-0.001,0.304,0.041,0.722,0.0,0.0,0.0,0.0,0.0,0.0,2.391,-0.082,-3.876,-0.02,-0.1481358823016307,T358E
-1.193,0.077,0.292,0.014,0.062,0.349,1.282,0.0,0.0,0.0,0.0,0.0,0.0,1.612,0.078,0.067,0.302,2.9398362981467017,T358F
-1.244,0.104,0.356,0.013,0.102,0.296,1.031,0.0,0.0,0.0,0.0,0.0,0.0,1.464,-0.067,-0.569,0.18,1.6631248035789667,T358Y
-0.427,1.147,-0.009,0.008,0.037,0.071,0.779,0.0,0.0,0.0,0.0,0.0,0.0,0.198,-0.263,0.51,0.251,2.300854574080404,T358L
-1.817,0.168,0.478,0.012,0.154,0.164,1.076,0.0,0.0,0.0,0.0,0.0,0.0,2.011,-0.098,1.11,0.173,3.4287827789764838,T358W
0.377,-0.067,0.239,-0.002,0.2,-0.061,0.696,0.0,0.0,0.0,0.0,0.0,0.0,2.479,-0.339,-2.492,-0.137,0.8916294170180663,T358N
-0.98,0.205,1.026,0.004,0.407,-0.087,-0.053,0.0,0.0,0.0,0.0,0.0,0.0,2.373,0.045,-2.602,0.111,0.4460069636536445,T358Q
0.0,0.0,0.0,0.0,0.0,0.0,0.0,0.0,0.0,0.0,0.0,0.0,0.0,0.0,0.0,0.0,0.0,0.0,T358T
0.275,-1.922,2.218,0.006,0.812,-0.844,-0.106,-0.31,0.0,0.0,0.0,0.0,-0.071,3.17,1.447,0.303,0.816,5.792601790748222,P359N
0.0,0.0,0.0,0.0,0.0,0.0,0.0,0.0,0.0,0.0,0.0,0.0,0.0,0.0,0.0,0.0,0.0,0.0,E360E
-4.103,1.472,-0.956,0.03,0.592,0.132,0.484,-0.31,0.0,0.0,0.0,0.0,-0.071,2.335,1.334,2.862,0.619,4.4201726369001335,P359F
-13.426,49.996293795147515,10.869,0.077,0.462,2.007,3.465,-0.31,0.0,0.0,0.0,1.479,-0.071,5.531,1.164,1.549,0.586,49.99782987166142,P359R
-1.233,1.477,7.787,0.015,0.492,0.572,1.259,-0.31,0.0,0.0,0.0,0.28,-0.071,4.565,1.121,-0.502,0.508,15.95912221392291,P359D
5.644,-2.081,-1.55,-0.002,-0.074,0.074,0.339,-0.31,0.0,0.0,0.0,0.0,0.092,-0.082,1.708,2.442,1.052,7.25194528845941,P359G
0.157,-0.463,-0.867,-0.008,-0.451,0.99,0.099,0.0,0.0,0.0,0.0,0.538,0.0,-2.347,-0.148,5.98,0.055,3.5349560963122717,E360C
-0.756,-1.707,4.307,0.021,1.685,-0.609,-0.177,-0.31,0.0,0.0,0.0,0.0,-0.071,3.779,1.194,-1.081,0.581,6.854488149419922,P359E
-6.868,37.059,-0.906,0.1,0.517,0.355,-1.07,-0.31,0.0,0.0,0.0,-0.745,-0.071,8.914,1.373,3.301,0.533,42.18119161545019,P359M
3.727,-2.012,-2.305,-0.001,-0.074,0.012,0.29,-0.31,0.0,0.0,0.0,0.0,-0.071,-0.082,0.921,2.968,0.226,3.2881577545858818,P359A
3.249,-2.036,0.31,-0.001,0.014,-0.162,-0.569,-0.31,0.0,0.0,0.0,0.0,-0.071,0.839,1.02,1.354,0.498,4.134578389408716,P359S
-6.6,8.962,1.238,0.029,0.842,0.299,0.437,-0.31,0.0,0.0,0.0,0.0,-0.071,3.24,1.168,3.905,0.568,13.707172170238891,P359W
-10.958,44.12744578115206,14.016,0.044,0.128,0.701,0.501,-0.31,0.0,0.0,0.0,0.28,-0.071,5.81,1.274,0.929,0.653,46.42301231278445,P359K
1.469,-1.974,-1.227,0.002,-0.016,-0.119,-0.208,-0.31,0.0,0.0,0.0,0.0,-0.071,1.138,1.489,4.898,0.48,5.550678616002642,P359C
-5.113,11.732,-2.768,0.04,0.035,0.077,0.161,-0.31,0.0,0.0,0.0,0.28,0.015,2.596,1.648,3.947,0.878,13.218895385648011,P359I
-7.056,48.78422957279335,-3.457,0.059,0.108,0.798,-1.349,-0.31,0.0,0.0,0.0,-0.465,-0.071,6.627,1.242,3.305,0.697,48.79038133550862,P359L
0.0,0.0,0.0,0.0,0.0,0.0,0.0,0.0,0.0,0.0,0.0,0.0,0.0,0.0,0.0,0.0,0.0,0.0,P359P
-1.828,-1.235,2.888,0.021,1.234,-0.742,1.242,-0.31,0.0,0.0,0.0,0.0,-0.071,3.735,1.342,0.193,0.686,7.154532339556226,P359Q
0.931,-1.447,1.027,0.011,0.016,-0.346,0.029,-0.31,0.0,0.0,0.0,0.0,-0.071,0.767,1.518,2.795,0.92,5.8409011947217095,P359T
-2.696,-0.773,2.661,0.008,1.183,-0.116,0.028,-0.31,0.0,0.0,0.0,0.0,-0.071,2.747,1.115,1.343,0.612,5.730954178042339,P359H
-1.337,0.634,-3.109,0.027,0.0,-0.176,0.266,-0.31,0.0,0.0,0.0,0.0,0.015,0.649,1.589,4.286,0.802,3.335259132712736,P359V
-0.951,-0.453,-1.135,0.005,-0.395,0.988,0.371,0.0,0.0,0.0,0.0,0.538,0.0,-2.312,-0.619,4.386,-0.185,0.236777801519338,E360L
-4.754,1.905,0.714,0.029,0.574,0.164,-0.066,-0.31,0.0,0.0,0.0,0.0,-0.071,2.034,1.362,2.226,0.707,4.513322806901897,P359Y
-3.029,48.426054459292516,-0.325,-0.007,-0.404,1.26,1.63,42.50370639181956,0.0,1.138,0.0,0.538,0.054,-1.655,3.186,1.082,2.451,49.89782741685926,E360P
1.568,-0.563,-1.607,-0.009,-0.485,1.088,0.289,0.0,0.0,0.0,0.0,0.538,0.0,-2.789,0.274,4.05,0.399,2.7523572988843625,E360A
0.244,-0.453,-0.383,-0.002,-0.428,0.778,0.115,0.0,0.0,0.0,0.0,0.538,0.0,-2.735,-0.323,3.877,-0.053,1.1737181356097608,E360T
-0.451,-0.507,-0.72,-0.001,-0.404,1.016,0.205,0.0,0.0,0.0,0.0,0.538,0.0,-1.582,-0.047,4.382,0.027,2.4554835272349465,E360M
0.308,-0.608,1.389,-0.007,-0.194,0.89,0.422,0.0,0.0,0.0,0.0,0.538,0.0,-0.782,0.157,0.579,0.109,2.7994695141258035,E360D
-0.595,-0.476,-0.081,-0.002,-0.274,0.834,-0.02,0.0,0.0,0.0,0.0,0.538,0.0,-0.265,0.001,1.274,-0.128,0.8053881038351847,E360Q
-1.78,-0.461,0.351,-0.007,-0.105,0.593,0.286,0.0,0.0,0.0,0.0,0.538,0.0,-0.831,-0.186,2.424,-0.002,0.81799667745031,E360H
-1.143,-0.474,0.121,0.004,-0.087,0.674,0.547,0.0,0.0,0.0,0.0,0.538,0.0,-0.992,-0.123,2.63,-0.05,1.642825990946676,E360R
-0.548,-0.486,-0.059,-0.002,-0.329,0.857,0.843,0.0,0.0,0.0,0.0,0.538,0.0,-1.738,-0.018,2.01,-0.115,0.9536710236529872,E360K
-0.679,-0.348,-1.659,0.005,-0.44,0.931,0.335,0.0,0.0,0.0,0.0,0.538,-0.004,-2.76,-0.865,5.368,-0.493,-0.0739827850700294,E360V
-1.82,0.483,-1.769,0.014,-0.412,0.889,0.314,0.0,0.0,0.0,0.0,0.538,-0.004,-2.487,-0.959,5.029,-0.62,-0.8051529844290144,E360I
2.706,-1.09,-1.192,-0.01,-0.485,1.004,0.273,0.0,0.0,0.0,0.0,0.538,-0.031,-2.789,1.018,3.523,2.081,5.545017473061307,E360G
-0.515,-0.636,0.932,-0.006,-0.228,0.663,0.464,0.0,0.0,0.0,0.0,0.538,0.0,-1.023,0.11,1.385,0.045,1.7282053406761406,E360N
-2.714,-0.337,-1.408,0.012,-0.257,0.85,0.663,0.0,0.0,0.0,0.0,0.538,0.0,0.05,-0.388,3.943,-0.216,0.7343490820583156,E360F
-2.798,-0.429,-0.98,0.011,-0.25,0.787,0.377,0.0,0.0,0.0,0.0,0.538,0.0,0.016,-0.281,3.307,-0.207,0.0906652219944135,E360Y
-6.288,1.454,-1.122,0.014,-0.228,0.981,1.086,0.0,0.0,0.0,0.0,0.538,0.0,0.528,-0.152,4.986,0.275,2.072837082554088,E360W
1.209,-0.591,0.13,-0.008,-0.424,0.901,-0.061,0.0,0.0,0.0,0.0,0.538,0.0,-2.426,0.265,2.435,0.105,2.072531152751708,E360S
0.0,0.0,0.0,0.0,0.0,0.0,0.0,0.0,0.0,0.0,0.0,0.0,0.0,0.0,0.0,0.0,0.0,0.0,L361L
3.967,-0.142,-0.11,-0.011,0.037,0.09,-0.259,12.502,0.0,0.0,0.0,0.0,0.082,-0.293,3.448,-3.304,2.65,18.652224165196458,L361P
5.495,-1.467,0.768,-0.014,-0.045,-0.445,-0.369,0.0,0.0,0.0,0.0,-0.047,0.0,0.489,0.881,-1.951,0.29,3.58629257800294,L361S
1.216,-0.045,-2.446,-0.009,-0.387,0.044,2.966,0.0,0.0,0.0,0.729,0.0,0.0,-1.42,0.51,1.752,0.339,3.248104668397218,R364M
3.204,6.832,4.616,-0.012,0.183,0.425,-3.847,0.0,0.0,0.0,0.0,-0.204,0.0,2.176,0.631,-3.807,0.222,10.416976303129331,L361D
4.66,-0.144,-4.031,-0.021,-0.513,0.438,3.195,0.0,0.0,0.0,0.729,0.0,0.02,-2.317,0.817,0.893,0.972,4.696684089588871,R364G
2.651,-0.072,-2.29,-0.013,-0.352,0.012,2.307,0.0,0.0,0.0,0.729,0.0,0.0,-1.431,0.17,-0.619,0.11,1.1997874430953743,R364K
0.02,0.281,-0.301,-0.017,-0.056,-0.358,2.399,0.0,0.0,0.0,0.729,0.0,0.0,-1.163,-0.259,-0.206,-0.017,1.052944234673987,R364H
1.168,-1.872,1.362,0.005,0.167,-0.093,0.401,-0.153,0.0,0.0,0.0,0.0,0.061,2.281,1.516,0.303,0.067,5.211139026364663,P366N
3.607,-1.065,-0.478,-0.013,-0.08,-0.006,-0.568,0.0,0.0,0.0,0.0,0.0,0.0,0.217,0.46,1.594,0.211,3.876935190520271,L361C
1.87,-0.428,-1.268,0.001,-0.048,0.067,0.016,0.0,0.0,0.0,0.0,0.0,0.037,-0.377,-0.191,0.982,-0.327,0.3331038861470006,L361V
-4.119,49.54191530354545,-0.234,0.046,-0.234,0.101,4.7,0.0,0.0,0.0,0.0,2.131,0.0,2.714,0.233,-0.443,-0.018,49.62276175926946,L361F
0.723,0.934,-0.338,0.009,-0.018,-0.014,0.079,0.0,0.0,0.0,0.0,0.0,0.037,-0.113,-0.308,0.643,-0.448,1.1843349457938075,L361I
5.945,-1.356,-1.138,-0.014,-0.093,-0.078,-0.019,0.0,0.0,0.0,0.0,0.0,0.0,-0.4,0.911,-0.336,0.583,4.003487217120437,L361A
1.207,-1.872,1.605,0.003,0.208,-0.056,0.461,-0.153,0.0,0.0,0.0,0.0,0.061,2.323,1.171,-0.502,-0.125,4.329502295373459,P366D
-1.518,0.994,-1.546,-0.002,-0.188,0.057,2.926,0.0,0.0,0.0,0.729,0.0,0.0,-0.692,0.094,2.356,0.423,3.631915681318105,R364W
7.01,-1.368,-0.896,-0.015,-0.093,0.027,-0.028,0.0,0.0,0.0,0.0,0.0,-0.022,-0.4,1.623,-0.863,2.204,7.178361874730399,L361G
-5.192,49.95103059815029,2.537,0.045,-0.226,0.146,4.24,0.0,0.0,0.0,0.0,2.131,0.0,2.708,0.372,-1.079,-0.02,49.960947860970656,L361Y
1.477,0.196,-2.56,0.003,-0.408,-0.052,3.915,0.0,0.0,0.0,1.105,0.0,-0.006,-1.3,0.107,2.399,0.149,5.024108285778084,R364I
2.551,-0.134,-0.279,-0.017,-0.166,-0.392,5.112,0.0,0.0,0.0,0.729,0.0,0.0,-0.061,0.153,-2.051,0.117,5.561718602985366,R364D
-3.157,41.32801602083003,4.925,-0.028,-0.331,-0.399,4.691,0.0,0.0,0.0,0.0,2.088,0.0,-0.518,0.424,-1.962,0.177,43.02595196771466,L361H
1.533,-0.754,0.717,-0.007,-0.073,-0.185,-0.087,0.0,0.0,0.0,0.0,0.0,0.0,1.29,0.632,-0.004,0.235,3.2968793290158374,L361M
3.9,-0.9,-1.928,-0.017,-0.346,-0.748,3.827,0.0,0.0,0.0,-0.382,2.131,0.0,1.074,0.601,-3.112,0.07,4.169512298012023,L361Q
1.718,-0.045,-3.316,-0.006,-0.405,-0.039,2.738,0.0,0.0,0.0,0.729,0.0,0.0,-2.287,0.372,1.757,0.224,1.4381202461652265,R364L
1.698,0.57,-3.36,-0.005,-0.478,-0.038,3.961,0.0,0.0,0.0,1.105,0.0,-0.006,-1.387,0.045,2.738,0.138,4.980989206595268,R364V
1.703,-1.152,4.623,-0.01,0.345,-0.142,-0.383,0.0,0.0,0.0,-0.014,0.0,0.0,2.28,0.638,-3.001,0.188,5.074568199524265,L361N
4.06,-0.135,-3.856,-0.019,-0.513,0.277,3.075,0.0,0.0,0.0,0.729,0.0,0.0,-2.317,0.826,1.42,0.62,4.166173430141271,R364A
-1.586,0.886,-1.076,0.001,-0.217,0.117,2.689,0.0,0.0,0.0,0.729,0.0,0.0,-0.639,-0.165,0.677,-0.019,1.397932302554409,R364Y
2.843,-0.06,-2.219,-0.014,-0.162,0.03,4.034,0.0,0.0,0.0,0.729,0.0,0.0,0.041,0.313,-2.629,0.323,3.228120809433676,R364E
-7.227,46.97035540455859,2.68,0.046,-0.286,0.73,6.514,0.0,0.0,0.0,0.0,2.131,0.0,1.876,0.452,0.6,0.469,47.780268357805355,L361W
6.207,-1.585,0.794,-0.016,-0.218,0.987,-0.103,0.0,0.0,0.0,0.0,0.571,0.0,-0.518,0.67,-0.336,0.459,6.909974775748196,L362A
3.644,-0.135,-2.161,-0.019,-0.451,0.338,1.344,0.0,0.0,0.0,0.729,-0.854,0.0,-2.064,0.127,-0.195,0.196,0.4984291237926754,R364S
1.475,-1.873,0.421,0.0,-0.06,0.019,0.08,-0.153,0.0,0.0,0.0,0.0,0.061,0.701,1.011,2.968,-0.273,4.375120820521715,P366A
1.92,-0.184,2.578,-0.002,0.191,-0.206,-0.179,0.0,0.0,0.0,0.0,-0.047,0.0,1.76,0.6,-2.376,0.072,4.126565485074025,L361K
2.027,-0.088,-0.838,-0.016,-0.191,-0.67,2.518,0.0,0.0,0.0,0.729,0.0,0.0,-0.576,-0.15,-1.245,0.032,1.531565100963462,R364N
-0.984,0.635,-2.342,0.002,-0.224,0.274,3.127,0.0,0.0,0.0,0.729,0.0,0.0,-0.509,-0.07,1.313,0.068,2.017860386043367,R364F
2.62,-0.134,-3.138,-0.018,-0.497,0.097,2.452,0.0,0.0,0.0,0.729,0.0,0.0,-2.017,0.099,3.35,0.336,3.877834237591742,R364C
-1.3,-0.642,6.278,-0.01,-0.028,0.127,-0.326,0.0,0.0,0.0,0.0,0.571,0.0,1.885,0.22,-3.112,0.142,3.802508425057568,L362Q
1.833,-0.638,5.463,-0.014,0.003,0.852,-0.593,0.0,0.0,0.0,0.0,0.571,0.0,1.546,0.493,-3.001,0.368,6.881290543301248,L362N
0.906,-1.872,1.106,0.02,0.148,-0.011,0.044,-0.153,0.0,0.0,0.0,0.0,0.061,2.971,1.432,2.862,-0.148,7.362048089833024,P366F
2.511,-0.686,8.187,-0.01,0.247,0.924,-4.103,0.0,0.0,0.0,0.0,-0.044,0.0,3.11,0.184,-3.807,-0.034,6.478573255124502,L362D
-1.128,0.016,0.043,0.023,-0.134,-0.058,0.27,0.0,0.0,0.0,0.0,0.0,-0.058,-1.549,-0.009,5.029,0.293,2.735584919896837,E368I
0.0,0.0,0.0,0.0,0.0,0.0,0.0,0.0,0.0,0.0,0.0,0.0,0.0,0.0,0.0,0.0,0.0,0.0,R364R
-1.289,-0.387,7.881,-0.003,0.17,-0.45,-2.816,0.0,0.0,0.0,-0.026,0.0,0.0,1.092,0.491,-1.756,0.141,3.046756259843278,L361R
2.189,-1.875,0.722,-0.001,-0.06,0.019,0.116,-0.153,0.0,0.0,0.0,0.0,0.006,0.701,1.868,2.442,0.419,6.38998997170188,P366G
0.17,-1.14,8.713,-0.012,0.041,0.471,-0.827,0.0,0.0,0.0,0.0,0.571,0.0,2.474,0.201,-4.386,0.063,6.336618085113514,L362E
2.756,-0.852,3.003,-0.011,0.185,-0.402,-1.569,0.0,0.0,0.0,0.0,0.0,0.0,3.174,0.616,-4.386,0.162,2.675509066505356,L361E
-2.052,-1.071,2.565,0.02,1.255,-0.447,0.176,-0.153,0.0,0.0,0.0,0.0,0.061,3.381,1.431,0.193,-0.083,5.271651274264514,P366Q
3.242,-0.986,0.63,-0.007,-0.036,-0.215,-0.516,0.0,0.0,0.0,0.0,0.0,0.0,-0.353,0.37,-0.509,0.131,1.750237528664229,L361T
3.223,12.325,-6.118,-0.019,-0.022,-0.038,7.23,33.332,0.0,0.0,2.605,0.0,0.046,-1.081,2.483,-1.548,2.068,39.83720000393826,R364P
5.627,-1.437,3.806,-0.016,-0.193,0.522,-0.473,0.0,0.0,0.0,0.0,0.571,0.0,0.048,0.61,-1.951,0.578,7.690068973185816,L362S
-3.691,2.876,0.299,0.029,0.079,-0.215,-0.119,0.0,0.0,0.0,0.0,0.0,0.017,0.822,-1.1,0.979,-0.84,-0.8648243918676144,A370I
1.178,-1.872,1.17,0.006,0.057,0.0,0.011,-0.153,0.0,0.0,0.0,0.0,0.061,1.805,1.374,0.929,-0.026,4.5345434589248725,P366K
0.192,-0.011,-0.06,-0.011,0.18,-0.148,1.84,0.0,0.0,0.0,0.729,0.0,0.0,-0.054,0.265,-1.356,0.183,1.747615451766933,R364Q
2.537,-0.009,-2.246,-0.014,-0.439,0.134,1.178,0.0,0.0,0.0,0.729,-0.869,0.0,-2.306,-0.453,1.247,-0.202,-0.7137399518182974,R364T
8.222,-2.046,1.736,-0.017,-0.218,1.122,-0.092,0.0,0.0,0.0,0.0,0.571,-0.112,-0.518,1.239,-0.863,1.351,10.371763898447853,L362G
-0.647,0.507,3.13,-0.01,-0.057,0.503,-0.498,0.0,0.0,0.0,0.0,0.571,0.0,1.445,0.466,-0.004,0.566,5.969672666167753,L362M
-0.075,-1.781,0.633,0.003,-0.003,0.04,0.235,-0.153,0.0,0.0,0.0,0.0,0.061,2.225,1.55,4.898,-0.286,7.343479237548991,P366C
1.166,-1.872,1.398,0.005,0.203,-0.06,-0.167,-0.153,0.0,0.0,0.0,0.0,0.061,3.777,1.269,-1.081,-0.092,4.452191157621883,P366E
-0.813,0.0,0.087,0.015,-0.054,-0.02,0.293,0.0,0.0,0.0,0.0,0.0,0.0,-0.942,-0.266,3.943,-0.139,2.1026342413467773,E368F
-0.523,-1.809,0.91,0.026,0.073,0.051,0.003,-0.153,0.0,0.0,0.0,0.0,0.012,1.864,1.744,3.947,0.131,6.275071076198628,P366I
1.171,-1.872,1.285,0.002,0.287,-0.057,0.031,-0.153,0.0,0.0,0.0,0.0,0.061,3.119,1.244,1.343,-0.195,6.264288087593741,P366H
-2.015,5.916,6.917,-0.011,0.084,1.178,-1.928,0.0,0.0,0.0,0.0,-0.655,0.0,4.241,0.136,-1.962,0.413,12.312552567676448,L362H
0.915,-1.875,2.584,0.001,-0.009,-0.193,-0.714,-0.153,0.0,0.0,-1.243,0.0,0.061,1.205,1.143,1.354,-0.101,2.9710450119746383,P366S
-0.631,-0.618,0.17,0.014,-0.002,-0.04,0.121,0.0,0.0,0.0,0.0,0.0,0.0,-0.709,-0.349,4.986,0.051,2.992550969772537,E368W
3.479,-1.127,1.976,-0.015,-0.206,0.879,-0.397,0.0,0.0,0.0,0.0,0.571,0.0,-0.298,0.412,1.594,1.287,8.151789961628992,L362C
-0.45,-0.618,0.359,0.0,0.118,-0.107,-0.196,0.0,0.0,0.0,0.0,0.0,0.0,-0.101,-0.021,2.424,0.087,1.4947126335573555,E368H
0.056,-0.618,0.007,0.007,-0.043,0.04,0.222,0.0,0.0,0.0,0.0,0.0,0.0,-0.264,-0.069,2.63,-0.062,1.9058052240197867,E368R
0.007,0.0,-0.184,-0.004,-0.258,-0.002,-0.116,0.0,0.0,0.0,0.0,0.0,0.0,-2.383,0.047,5.98,0.004,3.089860844144823,E368C
0.32,-0.619,0.293,-0.002,-0.196,-0.009,-0.402,0.0,0.0,0.0,0.0,0.0,0.0,-1.139,0.096,2.435,0.105,0.8802133341671379,E368S
-0.995,-0.198,9.96,-0.004,0.105,0.675,-3.087,0.0,0.0,0.0,0.0,0.571,0.0,0.913,0.161,-2.376,-0.048,5.67695982414466,L362K
0.877,-1.872,1.154,0.017,-0.018,-0.035,-0.183,-0.153,0.0,0.0,0.0,0.0,0.061,0.909,1.45,3.305,0.082,5.591080059247588,P366L
-0.193,37.129,0.941,0.016,0.04,0.116,0.24,0.0,0.0,0.0,0.0,0.0,-0.098,1.194,-0.176,0.643,-0.094,39.75488020075954,L362I
0.157,-1.416,0.231,0.017,-0.013,0.014,0.216,-0.153,0.0,0.0,0.0,0.0,0.012,0.934,1.666,4.286,0.064,6.012570535893474,P366V
-2.073,26.39,-0.191,0.001,-0.11,-0.023,-0.086,10.253,0.0,0.0,0.0,0.0,0.01,-1.762,0.974,1.082,7.563,42.02478837827744,E368P
0.0,0.0,0.0,0.0,0.0,0.0,0.0,0.0,0.0,0.0,0.0,0.0,0.0,0.0,0.0,0.0,0.0,0.0,L362L
-0.279,0.805,-2.562,-0.007,-0.044,0.021,0.891,0.0,0.0,0.0,2.107,0.0,0.0,1.429,-0.186,2.103,-0.292,3.9854213126354807,T363C
-0.662,-0.001,0.263,0.006,-0.246,-0.039,0.192,0.0,0.0,0.0,0.0,0.0,0.0,-1.544,-0.01,4.382,-0.155,2.184981889625305,E368M
-0.252,0.0,0.484,-0.001,-0.035,-0.24,0.065,0.0,0.0,0.0,0.0,0.0,0.0,-1.055,0.226,1.385,0.22,0.7948930983820901,E368N
0.593,47.764,2.663,-0.015,-0.183,1.29,-0.107,45.86462885966138,0.0,1.219,0.0,0.571,-0.221,1.782,3.815,-3.304,2.934,49.591068076653,L362P
-1.127,-1.776,0.329,0.007,0.093,-0.006,0.194,-0.153,0.0,0.0,0.0,0.0,0.061,3.017,1.542,3.301,-0.192,5.288012930660216,P366M
0.869,-1.872,1.146,0.019,0.151,-0.018,0.053,-0.153,0.0,0.0,0.0,0.0,0.061,3.133,1.436,2.226,-0.082,6.96584765001262,P366Y
0.522,-0.618,-0.6,-0.003,-0.244,0.057,-0.059,0.0,0.0,0.0,0.0,0.0,0.0,-1.796,0.107,4.05,0.142,1.5569508679650426,E368A
0.0,0.0,0.0,0.0,0.0,0.0,0.0,0.0,0.0,0.0,0.0,0.0,0.0,0.0,0.0,0.0,0.0,0.0,P366P
0.0,0.0,0.0,0.0,0.0,0.0,0.0,0.0,0.0,0.0,0.0,0.0,0.0,0.0,0.0,0.0,0.0,0.0,E368E
0.053,-0.618,-0.002,0.003,-0.051,0.038,0.022,0.0,0.0,0.0,0.0,0.0,0.0,0.714,-0.018,1.274,-0.142,1.2705528365781902,E368Q
-5.046,43.68517550056122,4.988,0.019,0.071,1.287,-0.76,0.0,0.0,0.0,0.0,0.571,0.0,3.758,0.347,0.6,0.821,45.08821888904217,L362W
-1.012,0.016,-0.614,0.014,-0.214,-0.06,0.186,0.0,0.0,0.0,0.0,0.0,-0.058,-1.803,-0.03,5.368,0.162,1.9525697104877509,E368V
0.062,-0.618,0.001,0.003,-0.125,0.04,0.079,0.0,0.0,0.0,0.0,0.0,0.0,-0.867,0.047,2.01,-0.077,0.5550440914450974,E368K
5.186,3.978,6.691,-0.012,0.545,-0.467,-0.678,0.0,0.0,0.0,0.0,0.0,0.0,1.803,-0.14,-3.942,-0.218,12.7447874413308,F365E
-0.289,-0.014,0.705,0.004,0.009,-0.165,-0.914,0.0,0.0,0.0,0.0,0.0,0.0,-0.138,0.331,0.579,0.311,0.4200353182386607,E368D
-0.437,0.0,-0.125,0.011,-0.219,-0.032,0.203,0.0,0.0,0.0,0.0,0.0,0.0,-2.444,-0.328,4.386,-0.189,0.8263221828167389,E368L
0.579,-1.872,1.362,0.017,0.185,-0.086,0.073,-0.153,0.0,0.0,0.0,0.0,0.061,2.26,1.27,3.905,-0.236,7.362269289893447,P366W
-0.124,-1.424,1.871,0.01,0.021,-0.097,-0.496,-0.153,0.0,0.0,-0.989,0.0,0.061,0.708,1.543,2.795,0.192,3.9157280261024425,P366T
-3.881,21.196,1.935,0.027,-0.039,1.087,-0.638,0.0,0.0,0.0,0.0,0.571,0.0,4.17,0.266,-0.443,0.3,24.548719687467155,L362F
0.972,-0.624,-0.543,-0.004,-0.244,0.109,-0.108,0.0,0.0,0.0,0.0,0.0,-0.072,-1.796,0.525,3.523,0.926,2.663162052392863,E368G
-0.249,0.0,0.34,0.0,-0.175,-0.24,-0.276,0.0,0.0,0.0,0.0,0.0,0.0,-2.165,0.086,3.877,0.246,1.4424206144035452,E368T
1.259,47.306,0.501,0.001,-0.164,0.964,0.141,0.0,0.0,0.0,0.0,0.571,-0.098,0.203,-0.078,0.982,-0.059,38.705538031352226,L362V
-13.568,23.36,4.682,0.051,1.853,-1.351,4.413,0.0,0.0,0.0,2.56,1.592,0.0,10.919,-0.291,1.11,-0.156,35.1731892356579,T363W
-0.184,-1.58,3.669,0.012,0.258,0.54,-2.582,-0.153,0.0,0.0,0.0,-0.232,0.061,2.843,1.272,1.549,-0.127,5.343167635286136,P366R
-4.594,40.24475156575577,4.296,0.034,0.018,0.653,-1.587,0.0,0.0,0.0,0.0,0.571,0.0,3.38,0.166,-1.079,0.179,40.93810386326391,L362Y
1.283,-0.681,0.832,-0.001,0.0,-0.025,0.013,0.0,0.0,0.0,0.0,0.0,-0.025,0.0,0.697,-0.526,1.429,2.9932149558869696,A370G
-0.896,0.0,0.217,0.015,-0.042,-0.027,0.149,0.0,0.0,0.0,0.0,0.0,0.0,-0.992,-0.232,3.307,-0.114,1.3838468490143896,E368Y
10.384,-3.843,-1.202,-0.02,-0.018,-0.108,0.266,0.0,0.0,0.0,0.0,0.0,0.0,-2.196,-0.106,0.107,-0.345,2.917189719702492,F365A
3.297,1.33,3.434,-0.009,-0.081,0.837,-2.651,0.0,0.0,0.0,0.0,-1.02,0.0,1.611,0.413,-0.509,0.14,6.792104944714993,L369T
6.293,-0.836,2.04,-0.017,-0.16,0.76,-2.059,0.0,0.0,0.0,0.0,-1.02,0.0,0.655,0.52,-0.336,0.208,6.046714936152739,L369A
2.767,-0.744,4.648,-0.011,-0.168,0.854,-0.529,0.0,0.0,0.0,0.0,0.571,0.0,0.405,0.262,-0.509,0.247,7.789930026037837,L362T
-2.679,0.218,3.29,0.011,0.278,-0.455,-0.804,0.0,0.0,0.0,0.0,0.0,0.0,1.796,-0.248,-2.039,-0.474,-1.1049568482424093,A370K
5.908,23.045,1.108,0.011,0.86,-2.181,6.421,22.585,0.0,0.0,3.007,1.064,-0.013,7.831,-0.83,-2.861,9.96,45.41950691414864,F365P
0.0,0.0,0.0,0.0,0.0,0.0,0.0,0.0,0.0,0.0,0.0,0.0,0.0,0.0,0.0,0.0,0.0,0.0,L369L
-4.164,0.23,3.348,0.006,0.352,-0.328,-0.145,0.0,0.0,0.0,0.0,0.0,0.0,2.723,-0.356,-1.625,-0.327,-0.2865443675168535,A370H
4.389,5.068,4.808,-0.007,0.397,-0.771,0.037,0.0,0.0,0.0,0.0,0.0,0.0,2.201,0.01,-2.669,-0.056,13.405725339350964,F365Q
-0.681,0.509,6.867,-0.005,0.201,-0.258,-0.752,0.0,0.0,0.0,0.844,0.0,0.0,4.069,-0.773,-3.297,-0.306,6.415933267135188,T363D
-0.459,38.605266276061236,0.359,0.01,-0.058,0.777,-2.418,0.0,0.0,0.0,0.0,-1.02,0.037,1.741,-0.099,0.643,-0.105,38.363777007398035,L369I
12.952,-4.412,-0.471,-0.021,-0.018,-0.168,0.255,0.0,0.0,0.0,0.0,0.0,-0.037,-2.196,0.753,-0.42,1.33,7.545153536040061,F365G
6.893,-3.187,6.627,-0.019,0.417,-0.55,-0.547,0.0,0.0,0.0,0.0,-0.449,0.0,0.302,-0.072,-3.364,-0.008,6.043102591076149,F365D
3.452,-0.721,2.218,-0.015,-0.111,0.715,-2.297,0.0,0.0,0.0,0.0,-1.02,0.0,0.796,0.147,1.594,-0.238,4.518589917013287,L369C
-3.621,2.461,9.653,0.0,0.44,1.569,-2.448,0.0,0.0,0.0,0.0,-1.37,0.0,3.266,0.208,-1.756,0.138,8.53659252728312,L362R
1.333,-0.26,7.028,-0.012,0.264,-0.021,-1.413,0.0,0.0,0.0,0.0,0.0,0.0,2.822,0.29,-4.386,0.017,5.660575104128839,L369E
4.304,0.015,2.458,-0.013,-0.028,0.862,-2.443,3.42,0.0,0.0,0.0,-1.02,-0.014,1.595,0.061,-3.304,0.772,6.663707573233751,L369P
-0.282,-0.021,1.812,0.001,0.024,-0.178,-0.355,0.0,0.0,0.0,0.0,0.0,0.0,0.676,0.021,-1.614,-0.244,-0.1599320710333813,A370S
4.879,7.631,-1.092,-0.004,0.022,-0.048,1.365,0.0,0.0,0.0,0.158,0.0,-0.012,-1.593,-0.106,1.425,0.328,12.95096460922582,F365V
3.143,-0.851,8.197,-0.013,0.351,0.751,-1.614,0.0,0.0,0.0,0.0,-1.02,0.0,2.982,-0.465,-3.807,-0.141,7.512671327102225,L369D
0.0,0.0,0.0,0.0,0.0,0.0,0.0,0.0,0.0,0.0,0.0,0.0,0.0,0.0,0.0,0.0,0.0,0.0,A370A
1.669,-0.512,6.273,-0.01,0.29,0.381,-1.51,0.0,0.0,0.0,0.0,-1.02,0.0,2.622,-0.163,-3.001,0.044,5.064260304807476,L369N
-3.791,0.421,2.959,0.006,0.21,-0.084,-0.635,0.0,0.0,0.0,0.0,0.0,0.0,2.916,-0.235,-2.775,-0.509,-1.517838043157553,A370Q
3.378,-0.25,0.256,-0.007,-0.029,-0.403,-0.031,0.0,0.0,0.0,-0.141,0.0,0.0,1.182,0.11,-1.441,0.071,2.6924754849169403,T363S
-1.29,0.084,1.064,0.001,0.011,-0.085,-0.459,0.0,0.0,0.0,0.0,0.0,0.0,0.396,-0.311,1.93,-0.324,1.0174127356706322,A370C
2.894,6.192,1.687,-0.014,-0.001,-0.067,0.108,0.0,0.0,0.0,0.0,0.0,0.0,0.66,0.113,0.439,-0.154,11.855855635627222,F365M
5.618,-2.965,4.836,-0.016,0.428,-0.845,0.39,0.0,0.0,0.0,0.0,-0.979,0.0,0.156,0.102,-2.558,0.193,4.3578447499430695,F365N
-1.293,-0.102,3.27,0.002,0.262,-0.362,0.316,0.0,0.0,0.0,0.0,0.0,0.0,2.256,0.088,-3.47,-0.148,0.8196910350616236,A370D
7.429,-1.422,3.147,-0.016,-0.157,0.885,-1.993,0.0,0.0,0.0,0.0,-1.02,-0.047,1.005,1.326,-0.863,1.156,9.43006136662234,L369G
2.206,28.355,0.416,0.002,-0.089,0.653,-2.44,0.0,0.0,0.0,0.0,-1.02,0.037,1.238,-0.073,0.982,-0.029,30.237598436354347,L369V
-0.763,3.856,7.816,-0.006,0.167,1.294,-2.528,0.0,0.0,0.0,0.0,-1.02,0.0,4.819,0.186,-1.962,0.082,11.940589263725316,L369H
-3.494,7.045,11.543,0.015,0.298,0.483,-1.086,0.0,0.0,0.0,0.0,-1.02,0.0,4.432,0.31,-2.376,0.005,16.156917133911065,L369K
5.491,5.23,-1.471,0.025,0.448,-2.006,4.009,0.0,0.0,0.0,0.742,1.072,-0.012,3.712,-0.058,1.086,0.481,18.748306006283883,F365I
-1.877,-0.147,2.719,0.004,0.244,-0.336,0.245,0.0,0.0,0.0,0.0,0.0,0.0,1.665,-0.029,-2.665,-0.248,-0.4241780179690977,A370N
-4.812,3.991,1.354,0.02,0.229,0.022,0.175,0.0,0.0,0.0,0.0,0.0,0.0,1.682,-0.604,-0.106,-0.585,1.3646802935229516,A370F
1.753,-1.626,5.449,-0.016,0.318,-0.307,-1.032,0.0,0.0,0.0,-1.481,0.0,0.0,-1.162,-0.18,-1.519,-0.292,-0.0952191046471853,F365H
-3.553,49.99919084325297,5.406,0.005,0.079,-0.003,0.183,0.0,0.0,0.0,0.0,0.0,0.0,1.86,0.268,-1.079,-0.093,49.999284430682465,L369Y
-6.155,14.719,5.196,0.003,1.018,-0.47,4.733,0.0,0.0,0.0,3.983,-0.365,0.0,5.161,-0.317,-1.452,-0.026,26.02830597647176,T363H
7.049,-2.473,0.424,-0.019,0.012,-0.147,-0.619,0.0,0.0,0.0,0.0,0.0,0.0,-1.272,0.065,2.037,-0.036,5.020775292615781,F365C
1.318,13.039,8.334,0.019,0.788,1.433,-1.185,0.0,0.0,0.0,0.0,-1.02,0.0,3.616,0.289,-1.756,0.032,24.905570363133165,L369R
-2.717,49.56046365344219,2.179,0.006,-0.018,0.659,-1.834,0.0,0.0,0.0,0.0,-1.02,0.0,3.218,0.278,-0.443,-0.076,49.56452358925056,L369F
-0.189,0.091,0.545,-0.008,0.44,0.57,-0.628,0.0,0.0,0.0,0.0,0.0,0.0,0.541,-0.585,0.414,-0.437,0.7535690372303634,K367H
2.33,48.933430730529,-0.799,-0.002,0.078,-0.03,-0.337,0.0,0.0,0.0,0.0,0.0,0.0,1.034,-0.18,0.444,-0.065,49.032888688360075,F365L
-3.987,27.814,1.264,0.01,0.132,0.18,-0.963,18.024,0.0,0.0,0.0,0.0,0.051,1.042,2.577,-2.968,1.587,44.760956213205645,A370P
5.548,-1.121,4.415,-0.014,-0.089,0.513,-2.409,0.0,0.0,0.0,0.0,-1.02,0.0,1.231,0.501,-1.951,0.27,5.872408427827168,L369S
1.185,0.008,2.832,0.015,0.045,0.937,-2.282,0.0,0.0,0.0,0.0,-1.02,0.0,3.471,0.397,-0.004,0.062,5.646122304314758,L369M
-2.801,1.8,6.238,0.006,0.473,1.11,3.168,0.0,0.0,0.0,1.384,-0.594,0.0,2.785,-0.532,-2.492,-0.136,10.408870766822702,T363N
-2.909,0.242,3.981,0.005,0.275,-0.01,-0.985,0.0,0.0,0.0,0.0,0.0,0.0,3.218,-0.232,-4.049,-0.36,-0.8252251168623843,A370E
-2.14,3.154,0.741,0.008,0.051,-0.277,-0.386,0.0,0.0,0.0,0.0,0.0,0.0,0.07,-0.551,-0.173,-0.346,0.1508180045379958,A370T
-3.505,0.957,0.411,0.008,0.014,-0.035,-0.271,0.0,0.0,0.0,0.0,0.0,0.0,1.621,-0.309,0.333,-0.425,-1.2028530325856082,A370M
-0.198,-0.185,5.335,-0.012,0.121,-0.221,-0.544,0.0,0.0,0.0,0.0,0.0,0.0,2.39,0.334,-3.112,0.09,3.997278755605748,L369Q
-2.453,1.033,-4.112,0.01,0.02,0.378,2.181,0.0,0.0,0.0,2.107,-0.594,-0.008,0.743,-0.614,1.491,-0.454,-0.271742601418282,T363V
0.3,26.543,7.166,-0.001,0.27,-0.439,0.789,0.0,0.0,0.0,0.0,0.0,0.0,1.398,-0.14,-1.313,-0.199,34.372859625188084,F365R
4.484,-0.257,-4.811,-0.008,-0.05,-0.063,2.355,0.0,0.0,0.0,2.107,-0.521,0.0,0.227,0.155,0.173,0.098,3.8900857355340577,T363A
-10.101,48.61576022660601,4.516,0.054,0.04,1.266,-0.996,0.0,0.0,0.0,-0.016,-1.02,0.0,5.151,0.222,0.6,-0.079,48.595912634194356,L369W
2.655,7.418,6.838,-0.008,0.341,-0.26,0.901,0.0,0.0,0.0,0.0,0.0,0.0,1.268,-0.1,-1.932,-0.164,16.955638062642493,F365K
-3.056,2.476,0.212,0.021,0.06,-0.189,-0.016,0.0,0.0,0.0,0.0,0.0,0.0,1.364,-0.808,0.337,-0.543,-0.1427272744326728,A370L
7.291,-0.551,-4.51,-0.009,-0.056,-0.327,2.04,0.0,0.0,0.0,2.107,0.0,0.12,-0.023,0.947,-0.353,1.326,8.001528521469936,T363G
-6.663,9.12,-3.238,0.059,1.383,-2.187,10.38,0.0,0.0,0.0,4.436,1.592,0.0,12.095,-0.262,0.067,-0.301,26.480280295962075,T363F
-12.07,17.282,8.998,0.04,1.211,-0.782,8.06,0.0,0.0,0.0,3.983,-0.594,0.0,7.422,-0.221,-1.246,-0.116,31.96686812657458,T363R
-5.31,7.905,2.728,0.02,0.234,0.041,-0.201,0.0,0.0,0.0,0.0,0.0,0.0,1.65,-0.527,-0.742,-0.576,5.221951179886446,A370Y
-2.258,0.182,2.087,0.022,0.57,-0.286,-0.196,0.0,0.0,0.0,0.0,0.0,0.0,2.71,-0.368,-1.419,-0.435,0.6092193703759676,A370R
-2.156,15.544,1.864,0.009,0.581,-1.813,4.946,0.0,0.0,0.0,0.742,1.072,0.0,3.471,-0.155,1.043,-0.225,24.92224723365962,F365W
-6.454,41.973,-1.518,0.034,0.427,0.821,1.106,0.0,0.0,0.0,2.107,1.249,0.0,4.767,-0.458,0.51,-0.202,44.36255242885454,T363L
0.419,0.826,-1.358,-0.012,-0.384,0.316,0.172,31.42,0.0,0.0,0.0,0.0,0.081,-2.703,1.867,-0.928,2.197,31.91023583611991,K367P
-4.118,6.104,2.55,0.037,1.38,-1.404,5.671,0.0,0.0,0.0,3.983,-0.073,0.0,8.567,-0.142,-2.602,-0.085,19.8678041650428,T363Q
-0.262,49.24452849180726,-1.567,0.008,0.112,-1.127,3.113,8.752,0.0,0.946,2.107,-0.072,0.008,2.656,0.191,-2.795,6.638,49.641114430653786,T363P
-3.914,0.514,2.731,0.018,0.243,0.067,-0.003,0.0,0.0,0.0,0.0,0.0,0.0,1.24,-0.385,0.937,-0.159,1.2869157476327473,A370W
-9.931,42.386,13.711,0.003,0.122,-0.037,2.875,0.0,0.0,0.0,1.94,-1.217,0.0,4.547,-0.135,-1.866,-0.138,38.99641410310825,T363K
-1.347,0.138,0.07,-0.013,-0.403,0.313,0.101,0.0,0.0,0.0,-0.29,0.539,0.0,-3.228,0.009,3.97,-0.051,-0.1938630843972077,K367C
0.0,0.0,0.0,0.0,0.0,0.0,0.0,0.0,0.0,0.0,0.0,0.0,0.0,0.0,0.0,0.0,0.0,0.0,T363T
-8.392,7.919,-1.175,-0.001,0.034,-0.203,2.201,0.0,0.0,0.0,2.107,0.0,0.0,3.57,-0.089,0.506,-0.082,6.394475486003557,T363M
0.811,0.031,1.221,-0.009,0.354,0.319,0.086,0.0,0.0,0.0,0.0,0.0,0.0,-1.02,-0.449,-1.431,-0.308,-0.3953009775377722,K367D
-2.965,3.97,-0.416,0.015,0.04,-0.059,-0.083,0.0,0.0,0.0,0.0,0.0,0.017,0.017,-1.032,1.318,-0.746,0.0754246814260568,A370V
-8.232,9.887,-0.785,0.059,1.41,-2.319,10.373,0.0,0.0,0.0,4.436,1.592,0.0,11.814,-0.19,-0.569,-0.266,27.207848221840777,T363Y
6.815,1.12,3.002,-0.01,0.033,-0.254,-1.937,0.0,0.0,0.0,0.0,-0.596,0.0,-1.614,0.023,-0.066,0.128,6.641136858171421,F365T
0.0,0.0,0.0,0.0,0.0,0.0,0.0,0.0,0.0,0.0,0.0,0.0,0.0,0.0,0.0,0.0,0.0,0.0,F365F
-4.423,4.478,8.353,0.002,0.61,-0.588,3.079,0.0,0.0,0.0,2.107,0.0,0.0,4.04,-0.168,-3.876,-0.14,13.473422855616946,T363E
-5.811,2.905,-2.588,0.03,0.055,0.212,2.217,0.0,0.0,0.0,2.107,-0.594,-0.008,2.145,-0.669,1.152,-0.501,0.6518461227967691,T363I
0.612,-0.007,0.412,-0.005,0.298,0.038,0.297,0.0,0.0,0.0,0.0,0.0,0.0,-1.328,-0.726,-0.625,-0.488,-1.5239098463141545,K367N
-1.174,0.927,1.81,0.0,0.042,-0.11,-0.272,0.0,0.0,0.0,0.0,0.0,0.0,0.856,-0.022,-0.636,-0.081,1.340180268498898,F365Y
9.232,-3.645,3.877,-0.02,0.005,-0.246,-1.466,0.0,0.0,0.0,0.0,-0.714,0.0,-1.059,-0.044,-1.508,-0.283,4.128518985512073,F365S
-2.499,0.165,-0.547,0.009,-0.261,0.296,0.024,0.0,0.0,0.0,-0.29,0.539,-0.001,-3.357,0.001,3.019,-0.081,-2.984758875835496,K367I
2.956,0.007,-1.145,-0.018,-0.468,0.368,-0.055,0.0,0.0,0.0,0.0,0.0,0.001,-3.053,0.443,1.513,0.601,1.1471156050088211,K367G
-0.272,-0.123,2.528,-0.006,0.148,0.28,0.529,0.0,0.0,0.0,0.0,-0.663,0.0,2.065,0.121,-2.01,0.092,2.688015046025612,K367E
0.0,0.0,0.0,0.0,0.0,0.0,0.0,0.0,0.0,0.0,0.0,0.0,0.0,0.0,0.0,0.0,0.0,0.0,K367K
-0.961,0.047,-0.215,0.013,0.073,0.316,-0.162,0.0,0.0,0.0,0.0,0.0,0.0,0.303,-0.32,1.933,-0.353,0.6721336976779639,K367F
1.762,0.036,-1.776,-0.014,-0.468,0.238,-0.1,0.0,0.0,0.0,0.0,0.0,0.0,-3.053,0.377,2.04,0.242,-0.7194170750001376,K367A
-3.161,1.211,-1.153,-0.004,-0.336,0.664,0.272,0.0,0.0,0.0,0.0,0.0,0.0,-0.823,0.074,2.372,0.067,-0.8175126722635468,K367M
-1.365,0.159,-0.675,0.002,-0.362,0.289,-0.087,0.0,0.0,0.0,-0.29,0.539,-0.001,-3.401,0.018,3.358,-0.053,-1.8686839984347896,K367V
-1.522,0.059,2.127,-0.006,0.004,0.579,0.174,0.0,0.0,0.0,0.0,0.0,0.0,1.037,-0.164,-0.736,-0.091,1.4598093115400843,K367Q
-3.016,0.687,-0.002,0.12,0.295,0.139,-0.137,0.0,0.0,0.0,0.0,0.0,0.0,-0.175,-0.016,2.976,0.019,0.8887959073774709,K367W
-4.744,6.756,0.323,0.03,-0.317,0.199,-0.17,0.0,0.0,0.0,-0.29,0.539,0.0,-0.628,0.029,2.376,-0.141,3.961137587986741,K367L
-0.864,0.17,-0.004,-0.01,-0.326,0.149,-0.274,0.0,0.0,0.0,-0.29,0.539,0.0,-3.401,-0.519,1.867,-0.215,-3.179827054713087,K367T
1.648,0.033,-0.308,-0.014,-0.389,0.155,-0.466,0.0,0.0,0.0,0.0,0.0,0.0,-2.712,-0.121,0.425,0.109,-1.642010064213764,K367S
-4.975,0.693,5.87,0.003,0.226,0.687,-2.697,0.0,0.0,0.0,-0.29,-0.254,0.0,-0.806,-0.35,0.62,-0.206,-1.479047866483597,K367R
-1.0,0.041,0.127,0.011,0.069,0.2,-0.156,0.0,0.0,0.0,0.0,0.0,0.0,-0.025,-0.361,1.297,-0.293,-0.0903420490806183,K367Y
0.552,48.74405137601786,2.804,-0.013,-0.077,0.121,0.514,39.722827036076445,0.0,1.411,0.0,0.0,0.0,0.465,0.0,-3.304,-0.011,49.86814984084378,L372P
2.332,-0.558,4.865,-0.007,0.765,-0.419,0.278,0.0,0.0,0.0,0.0,0.0,0.0,3.132,0.0,-4.386,0.0,6.002727592990595,L372E
6.521,-1.411,1.394,-0.027,-0.091,0.433,0.218,0.0,0.0,0.0,0.0,0.0,0.054,-0.965,1.179,-0.979,1.176,7.49891333477035,I371A
4.452,-1.41,5.416,-0.025,0.215,0.231,-1.312,0.0,0.0,0.0,0.0,0.0,0.054,2.038,0.311,-4.449,0.267,5.784628987634733,I371D
0.0,0.0,0.0,0.0,0.0,0.0,0.0,0.0,0.0,0.0,0.0,0.0,0.0,0.0,0.0,0.0,0.0,0.0,I371I
4.109,-1.411,2.595,-0.022,0.008,0.346,0.004,0.0,0.0,0.0,0.0,0.0,0.054,0.589,0.733,-0.646,1.172,7.530423726667323,I371M
0.095,0.867,0.244,0.015,-0.01,0.145,-0.048,0.0,0.0,0.0,0.0,0.0,0.0,-0.291,0.0,0.643,0.0,1.658719148022783,L372I
-0.818,47.803295521422534,0.242,-0.007,0.148,0.162,-0.429,0.0,0.0,0.0,0.0,0.0,0.054,1.871,0.355,-1.085,0.445,47.88219301941406,I371F
-1.964,48.8198768852508,1.905,-0.008,0.157,0.112,-0.389,0.0,0.0,0.0,0.0,0.0,0.054,1.955,0.521,-1.721,0.549,48.87319946937541,I371Y
-3.261,38.965677431088075,2.054,0.01,0.14,-1.034,0.315,0.0,0.0,0.0,-0.795,0.0,0.0,4.49,0.0,-1.079,0.0,39.290970102415926,L372Y
1.693,-0.193,0.306,-0.013,-0.019,0.223,0.1,0.0,0.0,0.0,0.0,0.0,0.054,-0.279,0.298,-0.642,0.423,1.9492323436468268,I371L
5.561,-0.744,1.561,-0.014,-0.201,0.146,0.084,0.0,0.0,0.0,0.0,0.0,0.0,-0.578,0.0,-0.336,0.0,5.477993390054962,L372A
-1.876,8.407,5.139,-0.008,0.253,-0.488,-0.336,0.0,0.0,0.0,0.0,0.0,0.0,2.386,0.0,-1.962,0.0,11.513821811024629,L372H
5.119,-0.75,3.463,-0.013,-0.062,0.225,-1.38,0.0,0.0,0.0,-0.056,0.0,0.0,-0.171,0.0,-1.951,0.0,4.423552419289763,L372S
3.86,-1.402,3.927,-0.024,0.185,0.019,-0.371,0.0,0.0,0.0,0.0,0.0,0.054,1.372,0.446,-3.644,0.341,4.761279317006483,I371N
3.066,-0.953,1.01,-0.015,-0.044,0.109,0.135,0.0,0.0,0.0,0.0,0.0,0.0,-0.962,0.12,0.339,0.116,2.918838471957315,I371V
4.819,-1.411,1.714,-0.027,-0.077,0.362,-0.093,0.0,0.0,0.0,0.0,0.0,0.054,-0.239,0.641,0.951,0.788,7.479224891214244,I371C
0.0,0.0,0.0,0.0,0.0,0.0,0.0,0.0,0.0,0.0,0.0,0.0,0.0,0.0,0.0,0.0,0.0,0.0,L372L
0.975,-0.349,3.599,-0.021,0.285,0.34,-0.236,0.0,0.0,0.0,0.0,0.0,0.054,2.25,0.408,-2.604,0.685,5.3841823211776045,I371H
7.281,-1.483,1.435,-0.029,-0.091,0.552,0.255,0.0,0.0,0.0,0.0,0.0,0.064,-0.965,2.095,-1.505,3.987,11.592989914226337,I371G
3.827,-1.374,4.637,-0.024,0.194,0.487,-2.229,0.0,0.0,0.0,-1.235,0.0,0.054,2.591,0.913,-5.028,0.647,3.4580344598171,I371E
-2.817,5.768,2.284,-0.001,-0.13,-0.808,0.288,0.0,0.0,0.0,-0.795,0.0,0.0,2.229,0.0,-0.004,0.0,6.013724377068684,L372M
3.582,-1.368,3.611,-0.022,0.179,0.374,-1.408,0.0,0.0,0.0,-1.49,0.0,0.054,3.047,0.862,-3.754,0.595,4.259807837013341,I371Q
5.567,0.755,1.518,-0.024,0.039,0.535,-0.121,40.09,0.0,0.0,0.0,0.0,0.282,-0.953,4.096,-3.947,4.312,38.95322039017016,I371P
6.205,-1.411,2.838,-0.027,-0.063,0.209,-0.172,0.0,0.0,0.0,0.0,0.0,0.054,-0.148,1.066,-2.593,0.744,6.699037321295009,I371S
2.093,-1.363,4.457,-0.018,0.133,-0.129,0.862,0.0,0.0,0.0,0.0,0.0,0.054,0.856,0.804,-2.398,0.682,6.031342598571882,I371R
2.075,-0.505,5.64,-0.007,0.18,-1.415,0.383,0.0,0.0,0.0,-0.795,0.0,0.0,2.094,0.0,-3.001,0.0,4.64759706038376,L372N
4.195,-1.37,2.738,-0.016,0.17,0.327,0.721,0.0,0.0,0.0,0.0,0.0,0.054,1.411,0.991,-3.018,0.583,6.784713383965709,I371K
-0.579,1.39,2.702,-0.005,0.216,0.521,-0.188,0.0,0.0,0.0,0.0,0.0,0.054,2.207,0.45,-0.042,1.055,7.779585295683091,I371W
0.196,9.367,6.711,0.005,0.377,0.321,-1.322,0.0,0.0,0.0,0.0,0.0,0.0,3.368,0.0,-2.376,0.0,16.646241999228096,L372K
3.174,-0.751,5.949,-0.012,0.223,-0.272,-0.779,0.0,0.0,0.0,0.0,0.0,0.0,1.635,0.0,-3.807,0.0,5.359137518742045,L372D
3.949,-0.89,2.423,-0.022,-0.031,-0.088,-0.196,0.0,0.0,0.0,0.0,0.0,0.054,-0.942,0.853,-1.152,0.655,4.611767119300794,I371T
-5.168,49.999883850334136,2.32,0.0,0.207,-0.088,0.172,0.0,0.0,0.0,0.0,0.0,0.0,1.164,0.0,0.6,0.0,49.999880106986936,L372W
3.988,-0.044,3.205,-0.002,-0.047,-0.116,-0.294,0.0,0.0,0.0,0.0,0.0,0.0,-0.535,0.0,-0.509,0.0,5.643932109594061,L372T
2.602,0.312,1.891,0.008,-0.062,-0.977,0.18,0.0,0.0,0.0,-0.795,0.0,0.0,0.332,0.0,0.982,0.0,4.473350404299254,L372V
-2.11,49.384820148706964,5.958,0.002,0.626,0.556,0.534,0.0,0.0,0.0,0.0,0.0,0.0,2.674,0.0,-1.756,0.0,49.52468772142124,L372R
3.127,-0.725,1.902,-0.013,-0.171,0.039,-0.08,0.0,0.0,0.0,0.0,0.0,0.0,-0.172,0.0,1.594,0.0,5.499889727691425,L372C
-2.247,44.107,-0.534,0.008,0.137,-0.148,0.12,0.0,0.0,0.0,0.0,0.0,0.0,3.866,0.0,-0.443,0.0,44.86571563292114,L372F
6.734,-0.596,2.025,-0.015,-0.21,0.139,-0.061,0.0,0.0,0.0,0.0,0.0,0.0,-0.928,0.0,-0.863,0.0,6.225381198624291,L372G
1.415,-0.018,4.093,-0.007,0.59,-0.227,0.657,0.0,0.0,0.0,0.0,0.0,0.0,1.997,0.0,-3.112,0.0,5.386787695138764,L372Q
