gene,thermostability,Wildtype_AA,position,Mutated_AA,one_letter_mutation,drug,confidence,delta_z,frequency,phenotype,Proximity_to_R_Conferring,Nearest_Mutation_Index,aa_index_dist,llr_score
rpoB,0.3646599768267151,A,2,T,A2T,Rifampicin,3) Uncertain significance,0.01790622,1.0,Unknown,,,26.41694255168034,-0.7446064949035645
rpoB,1.630944052605173,D,3,G,D3G,Rifampicin,3) Uncertain significance,0.017807133,0.1333333333333333,Unknown,,,34.61903783109632,0.2372407913208007
rpoB,0.6330079532681339,A,10,T,A10T,Rifampicin,3) Uncertain significance,0.018519232,0.0,Unknown,,,26.41694255168034,-0.404165506362915
rpoB,0.0435078590376178,T,9,K,T9K,Rifampicin,3) Uncertain significance,0.025624987,0.0,Unknown,,,29.637803707829963,-0.721412181854248
rpoB,0.2554699801694369,T,9,I,T9I,Rifampicin,3) Uncertain significance,0.028811347,0.5,Unknown,,,31.61668122731128,-1.136993169784546
rpoB,3.5404115430219463,P,13,L,P13L,Rifampicin,3) Uncertain significance,0.023371391,0.0,Unknown,,,49.27170475166683,-0.6232833862304688
rpoB,2.20203780879956,S,16,C,S16C,Rifampicin,3) Uncertain significance,0.0519578,0.0,Unknown,,,32.719896973736354,-4.716487646102905
rpoB,0.8678064767600517,Q,19,R,Q19R,Rifampicin,3) Uncertain significance,0.031829465,0.9,Unknown,,,22.596164034846936,0.4962880611419678
rpoB,6.026835294028842,S,21,F,S21F,Rifampicin,3) Uncertain significance,0.037680387,0.0,Unknown,18.87567386876558,443.0,38.08678371297432,-2.1000102758407597
rpoB,127.35744229317696,S,20,I,S20I,Rifampicin,3) Uncertain significance,0.029288497,0.0,Unknown,20.343080518938123,443.0,38.25058504319116,-1.517320156097412
rpoB,-1.0381661143837846,N,24,D,N24D,Rifampicin,3) Uncertain significance,0.02160931,0.0,Unknown,15.489525331655582,443.0,20.632582370741144,0.0862517356872558
rpoB,6.949735207807862,N,24,K,N24K,Rifampicin,3) Uncertain significance,0.023162013,1.0,Unknown,15.489525331655582,443.0,26.3028009866802,-0.2549591064453125
rpoB,-6.532826457208103,V,26,A,V26A,Rifampicin,3) Uncertain significance,0.023537507,1.0,Unknown,16.818325421991336,443.0,27.72096759262996,0.5809001922607422
rpoB,-4.850594891586297,P,27,H,P27H,Rifampicin,3) Uncertain significance,0.035071302,0.2857142857142857,Unknown,17.13144634874709,439.0,40.27416020911824,-2.190895795822144
rpoB,10.515969949575265,G,28,R,G28R,Rifampicin,3) Uncertain significance,0.018268164,0.0,Unknown,15.642387445655467,443.0,44.1492475965258,0.0772914886474609
rpoB,4.085570704631209,P,30,S,P30S,Rifampicin,3) Uncertain significance,0.018242652,0.0,Unknown,14.921499388466282,439.0,33.197952790471106,0.1336910724639892
rpoB,3.703465572533787,P,30,A,P30A,Rifampicin,3) Uncertain significance,0.018200638,0.3333333333333333,Unknown,14.921499388466282,439.0,43.279408841284464,-0.0226023197174072
rpoB,36.43603597021365,A,29,T,A29T,Rifampicin,3) Uncertain significance,0.021817151,0.0,Unknown,14.921499388466282,439.0,26.41694255168034,-0.4072659015655517
rpoB,99.491227705626,A,29,V,A29V,Rifampicin,3) Uncertain significance,0.020326199,0.0,Unknown,14.921499388466282,439.0,27.72096759262996,-0.4628775119781494
rpoB,1.514318388594802,V,33,L,V33L,Rifampicin,3) Uncertain significance,0.01502741,0.0,Unknown,20.483035248712536,443.0,21.74847419041692,-0.096923828125
rpoB,0.7615192175680932,K,37,R,K37R,Rifampicin,3) Uncertain significance,0.02209005,0.8571428571428571,Unknown,23.111251675320407,443.0,22.54394404482823,0.4229216575622558
rpoB,71.04014676687893,L,42,V,L42V,Rifampicin,3) Uncertain significance,0.016204134,1.0,Unknown,15.848430016881796,443.0,21.74847419041692,0.128741979598999
rpoB,5.453601447968595,V,44,A,V44A,Rifampicin,3) Uncertain significance,0.018078778,0.0,Unknown,8.635983904570459,443.0,27.72096759262996,0.9656002521514891
rpoB,11.229346421415812,V,44,G,V44G,Rifampicin,3) Uncertain significance,0.018470753,1.0,Unknown,8.635983904570459,443.0,42.97384860101139,0.5422608852386475
rpoB,5.694664736474351,P,45,S,P45S,Rifampicin,3) Uncertain significance,0.01975424,0.9848484848484848,Unknown,8.43130061141222,443.0,33.197952790471106,0.4840590953826904
rpoB,-0.1711605540594973,G,46,V,G46V,Rifampicin,3) Uncertain significance,0.019767487,1.0,Unknown,7.167403016434917,443.0,42.97384860101139,-0.0174818038940429
rpoB,6.080441437111858,P,45,A,P45A,Rifampicin,3) Uncertain significance,0.039266124,0.875,Unknown,8.43130061141222,443.0,43.279408841284464,0.1323566436767578
rpoB,7.234684051220938,P,45,L,P45L,Rifampicin,3) Uncertain significance,0.04396632,1.0,Unknown,8.43130061141222,443.0,49.27170475166683,-0.2041478157043457
rpoB,5.4731303976896015,P,45,T,P45T,Rifampicin,3) Uncertain significance,0.021923663,1.0,Unknown,8.43130061141222,443.0,34.265110857459,0.1330735683441162
rpoB,5.6312600559354,P,45,Q,P45Q,Rifampicin,3) Uncertain significance,0.02435665,1.0,Unknown,8.43130061141222,443.0,37.5005576758833,-0.5249724388122559
rpoB,-0.5558671511571447,G,46,R,G46R,Rifampicin,3) Uncertain significance,0.01704124,1.0,Unknown,7.167403016434917,443.0,44.1492475965258,-0.3085391521453857
rpoB,8.779094582306243,P,45,R,P45R,Rifampicin,3) Uncertain significance,0.02796381,1.0,Unknown,8.43130061141222,443.0,42.60148692869801,0.1033465862274169
rpoB,2.6690414550985224,L,48,F,L48F,Rifampicin,3) Uncertain significance,0.013558534,0.0,Unknown,3.56504151448479,446.0,22.8377240877722,-0.651909351348877
rpoB,1.8215913989138244,D,49,H,D49H,Rifampicin,3) Uncertain significance,0.028879073,0.0,Unknown,7.5509002112331105,446.0,29.775078049524573,-1.2115981578826904
rpoB,84.85266333058962,Q,51,P,Q51P,Rifampicin,3) Uncertain significance,0.025928989,0.6666666666666666,Unknown,3.2328430212430663,446.0,37.5005576758833,1.041503667831421
rpoB,219.3608599808336,T,52,P,T52P,Rifampicin,3) Uncertain significance,0.01919466,1.0,Unknown,7.757458604465761,446.0,34.265110857459,0.3762078285217285
rpoB,4.014748872578821,D,53,N,D53N,Rifampicin,3) Uncertain significance,0.01748946,0.0,Unknown,9.84499862874546,446.0,20.632582370741144,-0.8887848854064941
rpoB,1.002751450897449,T,52,S,T52S,Rifampicin,3) Uncertain significance,0.022481026,0.0,Unknown,7.757458604465761,446.0,17.12767927453449,0.2312862873077392
rpoB,3.8951641802582335,V,50,G,V50G,Rifampicin,3) Uncertain significance,0.016866991,1.0,Unknown,3.770758809576673,446.0,42.97384860101139,-0.2106356620788574
rpoB,199.7141837701265,A,69,P,A69P,Rifampicin,3) Uncertain significance,0.02904091,0.0,Unknown,23.29780343723417,446.0,43.279408841284464,-0.978041172027588
rpoB,2.121378376830762,E,70,V,E70V,Rifampicin,3) Uncertain significance,0.06122456,0.0,Unknown,22.815959786956164,446.0,40.07063541729576,0.186230182647705
rpoB,2.100155662196812,S,67,F,S67F,Rifampicin,3) Uncertain significance,0.029563474,0.0,Unknown,18.605263180078904,446.0,38.08678371297432,0.5120511054992676
rpoB,59.31361184969137,A,68,V,A68V,Rifampicin,3) Uncertain significance,0.022238499,0.0,Unknown,20.62153015661061,446.0,27.72096759262996,-0.0861122608184814
rpoB,14.825606797932778,N,75,T,N75T,Rifampicin,3) Uncertain significance,0.017709997,1.0,Unknown,24.18326373755208,170.0,24.234231473312622,0.8868594169616699
rpoB,4.341883436237822,V,77,M,V77M,Rifampicin,3) Uncertain significance,0.024925936,0.0,Unknown,20.07975662203108,170.0,26.61946259943389,-1.2333054542541504
rpoB,421.30977418153225,G,79,D,G79D,Rifampicin,3) Uncertain significance,0.019300925,1.0,Unknown,16.60572615093965,170.0,34.61903783109632,-0.1366212368011474
rpoB,87.80633057314344,G,79,S,G79S,Rifampicin,3) Uncertain significance,0.017531047,1.0,Unknown,16.60572615093965,170.0,26.911928800176504,-0.3164381980895996
rpoB,3.217052683476595,L,80,V,L80V,Rifampicin,3) Uncertain significance,0.016590469,0.0,Unknown,16.61451958378576,426.0,21.74847419041692,-0.2047429084777832
rpoB,4.8794683511773655,E,82,K,E82K,Rifampicin,3) Uncertain significance,0.033427633,0.0,Unknown,17.201216294204304,430.0,24.435330484711496,-0.1436018943786621
rpoB,16.782225166579337,I,90,L,I90L,Rifampicin,3) Uncertain significance,0.017698461,1.0,Unknown,24.68009120728688,427.0,20.74950239789154,0.5064692497253418
rpoB,9.560366843101292,I,90,S,I90S,Rifampicin,3) Uncertain significance,0.030653926,1.0,Unknown,24.68009120728688,427.0,38.25058504319116,0.3854086399078369
rpoB,263.15868613947305,S,88,P,S88P,Rifampicin,3) Uncertain significance,0.025514092,1.0,Unknown,25.2238968044194,428.0,33.197952790471106,-0.5574362277984619
rpoB,4.815892700961285,E,91,G,E91G,Rifampicin,3) Uncertain significance,0.016920583,0.0,Unknown,29.96020013284289,427.0,42.48882015717018,0.6028512716293335
rpoB,9.722761611410988,D,92,G,D92G,Rifampicin,3) Uncertain significance,0.019112872,0.9090909090909092,Unknown,31.884442773867,427.0,34.61903783109632,0.8378584384918213
rpoB,-0.6082394996187759,P,89,S,P89S,Rifampicin,3) Uncertain significance,0.024837261,0.0,Unknown,28.43944041291948,428.0,33.197952790471106,0.1576335430145263
rpoB,-1.628147427247768,F,93,L,F93L,Rifampicin,3) Uncertain significance,0.012605271,0.0,Unknown,32.90886173965912,427.0,22.8377240877722,0.6652917861938477
rpoB,2.541340242322349,E,86,V,E86V,Rifampicin,3) Uncertain significance,0.027896777,1.0,Unknown,18.373186577183617,430.0,40.07063541729576,0.273451566696167
rpoB,14.015478738730051,G,95,R,G95R,Rifampicin,3) Uncertain significance,0.03285394,0.0,Unknown,36.3147946848113,427.0,44.1492475965258,0.2550091743469238
rpoB,299.4774479320663,S,96,P,S96P,Rifampicin,3) Uncertain significance,0.02253791,1.0,Unknown,36.503433098819606,427.0,33.197952790471106,-0.2829132080078125
rpoB,-0.7715808276184362,S,98,A,S98A,Rifampicin,3) Uncertain significance,0.024868885,0.0,Unknown,31.8773976980556,426.0,26.48144300167584,0.3024404048919678
rpoB,1.6863736555314972,D,103,E,D103E,Rifampicin,3) Uncertain significance,0.019364446,0.0,Unknown,24.721635969328595,426.0,23.13284454741382,0.236415147781372
rpoB,0.2151754567612442,D,108,E,D108E,Rifampicin,3) Uncertain significance,0.016888507,0.5,Unknown,20.029430271478027,426.0,23.13284454741382,0.2537503242492676
rpoB,1.4814286764844835,D,107,E,D107E,Rifampicin,3) Uncertain significance,0.022395628,0.0,Unknown,20.885146994934,426.0,23.13284454741382,0.2132914066314697
rpoB,13.292235959786012,V,113,I,V113I,Rifampicin,3) Uncertain significance,0.022487942,0.1194029850746268,Unknown,9.518716352534083,436.0,15.178921907491468,-0.17110276222229
rpoB,3.3493670752518483,D,114,N,D114N,Rifampicin,3) Uncertain significance,0.019508544,0.0,Unknown,10.607589028615314,436.0,20.632582370741144,-0.7796139717102051
rpoB,5.285335943625796,D,114,G,D114G,Rifampicin,3) Uncertain significance,0.02627366,1.0,Unknown,10.607589028615314,436.0,34.61903783109632,0.3484997749328613
rpoB,2.12291381014984,D,118,G,D118G,Rifampicin,3) Uncertain significance,0.021639673,1.0,Unknown,12.01513753562564,436.0,34.61903783109632,0.7750914096832275
rpoB,75.14984490410143,C,116,F,C116F,Rifampicin,3) Uncertain significance,0.090011686,0.0,Unknown,12.283624424411558,436.0,31.49026810135259,2.566784381866455
rpoB,3.5706171137130696,D,120,G,D120G,Rifampicin,3) Uncertain significance,0.03798037,0.0,Unknown,12.019267406959557,426.0,34.61903783109632,1.491919994354248
rpoB,-1.5078327436872314,M,121,I,M121I,Rifampicin,3) Uncertain significance,0.027780294,0.1666666666666666,Unknown,11.431112369319091,426.0,24.48735007204724,1.1414804458618164
rpoB,3.0108702050238207,D,120,A,D120A,Rifampicin,3) Uncertain significance,0.030227475,0.0,Unknown,12.019267406959557,426.0,32.79578065715211,0.4208498001098633
rpoB,9.130374068189669,V,129,G,V129G,Rifampicin,3) Uncertain significance,0.025374573,0.0,Unknown,21.55639390065045,426.0,42.97384860101139,-0.6488206386566162
rpoB,7.487826095629316,V,129,I,V129I,Rifampicin,3) Uncertain significance,0.016866757,0.0,Unknown,21.55639390065045,426.0,15.178921907491468,-0.951406717300415
rpoB,2.378163370351104,E,132,D,E132D,Rifampicin,3) Uncertain significance,0.017282853,0.0,Unknown,29.71376443670512,426.0,23.13284454741382,-1.35109543800354
rpoB,13.155632977254754,A,131,V,A131V,Rifampicin,3) Uncertain significance,0.029873801,0.0,Unknown,26.74415182801657,426.0,27.72096759262996,-0.2576954364776611
rpoB,-1.58812547163825,N,135,D,N135D,Rifampicin,3) Uncertain significance,0.021426,1.0,Unknown,37.486491260186014,426.0,20.632582370741144,0.4012060165405273
rpoB,-1.877282730221396,N,137,D,N137D,Rifampicin,3) Uncertain significance,0.022536334,0.0,Unknown,41.57276829849076,427.0,20.632582370741144,0.3409872055053711
rpoB,14.842907533240576,F,151,L,F151L,Rifampicin,3) Uncertain significance,0.016424537,1.0,Unknown,12.141281316236784,426.0,22.8377240877722,0.856717586517334
rpoB,18.12535967896565,M,153,V,M153V,Rifampicin,3) Uncertain significance,0.020838825,0.0,Unknown,10.591439090133129,431.0,26.61946259943389,1.3226463794708252
rpoB,5.407089170612835,M,153,T,M153T,Rifampicin,3) Uncertain significance,0.02668819,0.0,Unknown,10.591439090133129,431.0,32.68277833750696,0.989072322845459
rpoB,0.5144243711292802,M,154,I,M154I,Rifampicin,3) Uncertain significance,0.023100933,0.0,Unknown,7.563449609801069,446.0,24.48735007204724,0.9029228687286376
rpoB,135.5610717855684,T,155,I,T155I,Rifampicin,3) Uncertain significance,0.019459352,1.0,Unknown,5.907421264815986,446.0,31.61668122731128,-1.238799810409546
rpoB,0.1231589697140407,E,156,D,E156D,Rifampicin,3) Uncertain significance,0.011493444,0.25,Unknown,6.689067648035871,446.0,23.13284454741382,0.5604736804962158
rpoB,2.7413958393317444,E,156,G,E156G,Rifampicin,3) Uncertain significance,0.016849725,0.5,Unknown,6.689067648035871,446.0,42.48882015717018,-0.2886772155761719
rpoB,264.8459256694555,T,159,P,T159P,Rifampicin,3) Uncertain significance,0.020536618,1.0,Unknown,3.317598076922541,446.0,34.265110857459,-0.4115359783172607
rpoB,-0.348638692933946,N,163,D,N163D,Rifampicin,3) Uncertain significance,0.019347591,0.25,Unknown,6.065501875360359,426.0,20.632582370741144,0.6802337169647217
rpoB,4.153283717069371,K,157,M,K157M,Rifampicin,3) Uncertain significance,0.032914877,1.0,Unknown,2.649830560620793,446.0,36.91372464835112,-1.76007342338562
rpoB,10.298019510343238,G,158,S,G158S,Rifampicin,3) Uncertain significance,0.022342054,1.0,Unknown,3.628294365125289,446.0,26.911928800176504,-0.2037131786346435
rpoB,1.2636311399146507,N,163,K,N163K,Rifampicin,3) Uncertain significance,0.029284403,0.6666666666666666,Unknown,6.065501875360359,426.0,26.3028009866802,-0.0866751670837402
rpoB,1.815183124781015,I,162,V,I162V,Rifampicin,3) Uncertain significance,0.019546954,0.0,Unknown,5.189201190934875,426.0,15.178921907491468,0.9495031833648682
rpoB,7.082200044480032,E,166,G,E166G,Rifampicin,3) Uncertain significance,0.022568582,1.0,Unknown,3.3688456479927926,434.0,42.48882015717018,0.4619636535644531
rpoB,2.8399566815865,R,167,C,R167C,Rifampicin,3) Uncertain significance,0.050055284,0.8,Unknown,2.465879559102593,431.0,40.517919150720246,-3.183715343475342
rpoB,8.6831504231709,E,166,K,E166K,Rifampicin,3) Uncertain significance,0.023630042,1.0,Unknown,3.3688456479927926,434.0,24.435330484711496,-0.0070312023162841
rpoB,5.011930454288631,V,170,A,V170A,Rifampicin,3) Uncertain significance,0.020007642,0.7857142857142857,Unknown,2.919608535403349,430.0,27.72096759262996,0.7463669776916504
rpoB,12.067085218750435,V,168,G,V168G,Rifampicin,3) Uncertain significance,0.01958769,1.0,Unknown,2.7620524976907865,432.0,42.97384860101139,-0.0022332668304443
rpoB,8.338187329956781,R,167,H,R167H,Rifampicin,3) Uncertain significance,0.024800468,1.0,Unknown,2.465879559102593,431.0,26.692906012304967,-1.2499885559082031
rpoB,7.161173732643874,V,168,A,V168A,Rifampicin,3) Uncertain significance,0.027917199,1.0,Unknown,2.7620524976907865,432.0,27.72096759262996,0.042487621307373
rpoB,26.7572821648896,Q,172,K,Q172K,Rifampicin,3) Uncertain significance,0.020313082,1.0,Unknown,3.318881438075164,450.0,20.152048757182733,0.4269206523895263
rpoB,2.874680053823795,V,170,I,V170I,Rifampicin,3) Uncertain significance,0.015081683,1.0,Unknown,2.919608535403349,430.0,15.178921907491468,-0.9859697818756104
rpoB,52.82519399757166,V,168,M,V168M,Rifampicin,3) Uncertain significance,0.02269314,1.0,Unknown,2.7620524976907865,432.0,26.61946259943389,-1.1018476486206057
rpoB,280.35863979360784,V,170,F,V170F,Rifampicin,1) Assoc w R,0.021239623,0.978021978021978,Resistant,2.919608535403349,430.0,23.46929055924925,-0.733715295791626
rpoB,16.220977111448974,V,168,L,V168L,Rifampicin,3) Uncertain significance,0.013881446,1.0,Unknown,2.7620524976907865,432.0,21.74847419041692,0.0908775329589843
rpoB,22.201078547288944,Q,172,R,Q172R,Rifampicin,3) Uncertain significance,0.018821796,1.0,Unknown,3.318881438075164,450.0,22.596164034846936,0.8761730194091797
rpoB,379.445919476726,L,173,P,L173P,Rifampicin,3) Uncertain significance,0.027581844,1.0,Unknown,2.599231809592983,450.0,49.27170475166683,-0.3009684085845947
rpoB,8.689482993742786,V,170,G,V170G,Rifampicin,3) Uncertain significance,0.02255465,1.0,Unknown,2.919608535403349,430.0,42.97384860101139,1.5503493547439575
rpoB,0.0880941358091149,T,184,S,T184S,Rifampicin,3) Uncertain significance,0.018582815,0.0,Unknown,21.95896402383319,451.0,17.12767927453449,-0.3066365718841553
rpoB,6.386130024697195,V,179,M,V179M,Rifampicin,3) Uncertain significance,0.02292032,0.0,Unknown,18.74135518045589,451.0,26.61946259943389,-1.5893921852111816
rpoB,383.3896501991271,G,178,R,G178R,Rifampicin,3) Uncertain significance,0.02193475,1.0,Unknown,16.46951423084481,451.0,44.1492475965258,0.1165509223937988
rpoB,328.8890703215993,S,176,L,S176L,Rifampicin,3) Uncertain significance,0.018865068,1.0,Unknown,11.170592150821731,451.0,37.32648951510237,0.0438010692596435
rpoB,6.913893662813734,D,186,A,D186A,Rifampicin,3) Uncertain significance,0.017931262,1.0,Unknown,25.129838260522096,452.0,32.79578065715211,0.6531612873077393
rpoB,-0.0240145200345978,D,190,E,D190E,Rifampicin,3) Uncertain significance,0.015279013,0.0,Unknown,30.91355841697944,452.0,23.13284454741382,0.4545862674713135
rpoB,0.8688865012049973,D,190,A,D190A,Rifampicin,3) Uncertain significance,0.017638864,1.0,Unknown,30.91355841697944,452.0,32.79578065715211,0.4421963691711426
rpoB,61.70183248279591,H,194,R,H194R,Rifampicin,3) Uncertain significance,0.025616083,1.0,Unknown,24.216231189018668,451.0,26.692906012304967,1.3147902488708496
rpoB,0.2123730030712067,H,194,Y,H194Y,Rifampicin,3) Uncertain significance,0.03178031,0.1,Unknown,24.216231189018668,451.0,25.616944290458218,0.1129372119903564
rpoB,3.5183826626289374,S,195,R,S195R,Rifampicin,3) Uncertain significance,0.01739377,0.5,Unknown,20.58588317269872,451.0,31.331509629069213,0.2777583599090576
rpoB,4.293490346659837,V,196,A,V196A,Rifampicin,3) Uncertain significance,0.020181267,1.0,Unknown,19.987640280933608,451.0,27.72096759262996,0.0976688861846923
rpoB,3.2841826006033443,I,199,T,I199T,Rifampicin,3) Uncertain significance,0.023922296,1.0,Unknown,13.045882300557514,451.0,31.61668122731128,1.143094539642334
rpoB,1.967235060098119,V,198,M,V198M,Rifampicin,3) Uncertain significance,0.022648904,0.0,Unknown,18.03874502286676,451.0,26.61946259943389,-1.3527133464813232
rpoB,1907.5163081151509,G,203,R,G203R,Rifampicin,3) Uncertain significance,0.018473208,1.0,Unknown,17.443450490083645,430.0,44.1492475965258,-0.2700564861297607
rpoB,2.7051490505914444,S,201,G,S201G,Rifampicin,3) Uncertain significance,0.018420933,0.5,Unknown,13.433940821665086,430.0,26.911928800176504,0.2266714572906494
rpoB,1.8830887775434348,E,207,G,E207G,Rifampicin,3) Uncertain significance,0.04207416,0.0,Unknown,18.246729268556614,451.0,42.48882015717018,0.4198026657104492
rpoB,1.5069127496340116,E,207,K,E207K,Rifampicin,3) Uncertain significance,0.02167087,1.0,Unknown,18.246729268556614,451.0,24.435330484711496,-0.1754233837127685
rpoB,3.690907308840451,D,211,N,D211N,Rifampicin,3) Uncertain significance,0.017050734,1.0,Unknown,29.47984051856456,451.0,20.632582370741144,-0.6906788349151611
rpoB,38.565553997851566,D,211,V,D211V,Rifampicin,3) Uncertain significance,0.026340583,0.0,Unknown,29.47984051856456,451.0,42.073261479334384,0.3814847469329834
rpoB,3.777279092846129,D,209,N,D209N,Rifampicin,3) Uncertain significance,0.017473064,0.0,Unknown,24.51194472089068,451.0,20.632582370741144,-1.014033317565918
rpoB,8.609887090313805,F,208,L,F208L,Rifampicin,3) Uncertain significance,0.017505927,0.0,Unknown,23.22873059381422,451.0,22.8377240877722,0.7492663860321045
rpoB,1.427333206541789,T,215,A,T215A,Rifampicin,3) Uncertain significance,0.016631834,0.0,Unknown,31.3340332226798,451.0,26.41694255168034,0.1543810367584228
rpoB,22.09675841523176,V,216,I,V216I,Rifampicin,3) Uncertain significance,0.016223732,0.0,Unknown,30.289723901019634,451.0,15.178921907491468,-0.5684216022491455
rpoB,3.0434817470295457,R,219,C,R219C,Rifampicin,3) Uncertain significance,0.064252056,1.0,Unknown,22.733801221969014,451.0,40.517919150720246,-3.2260358333587646
rpoB,1.688502363194857,R,219,L,R219L,Rifampicin,3) Uncertain significance,0.01941615,1.0,Unknown,22.733801221969014,451.0,40.57857118014128,0.6434104442596436
rpoB,1.8219232950427795,R,219,S,R219S,Rifampicin,3) Uncertain significance,0.019016376,1.0,Unknown,22.733801221969014,451.0,31.331509629069213,-0.2471230030059814
rpoB,19.246497702330544,R,219,H,R219H,Rifampicin,3) Uncertain significance,0.029213205,1.0,Unknown,22.733801221969014,451.0,26.692906012304967,-1.3187801837921145
rpoB,4.934362956055793,G,217,S,G217S,Rifampicin,3) Uncertain significance,0.023845747,0.5,Unknown,27.241812164391703,451.0,26.911928800176504,-0.2710800170898437
rpoB,2.084195725000882,R,224,G,R224G,Rifampicin,3) Uncertain significance,0.0194127,1.0,Unknown,27.24424188704836,451.0,44.1492475965258,-0.2085351943969726
rpoB,0.1582436591943405,R,224,H,R224H,Rifampicin,3) Uncertain significance,0.021911781,1.0,Unknown,27.24424188704836,451.0,26.692906012304967,-1.215860366821289
rpoB,1.0381106142149292,R,224,C,R224C,Rifampicin,3) Uncertain significance,0.058147814,1.0,Unknown,27.24424188704836,451.0,40.517919150720246,-3.221554517745972
rpoB,6.798722491801527,R,225,G,R225G,Rifampicin,3) Uncertain significance,0.023280414,1.0,Unknown,26.76217780749542,451.0,44.1492475965258,-0.2908496856689453
rpoB,1.2490665952254858,Q,226,E,Q226E,Rifampicin,3) Uncertain significance,0.02742098,1.0,Unknown,29.90642907469897,451.0,21.817564078907125,0.4577603340148926
rpoB,3.938642710976183,R,225,Q,R225Q,Rifampicin,3) Uncertain significance,0.021533081,0.0,Unknown,26.76217780749542,451.0,22.596164034846936,-0.5344135761260986
rpoB,7.804494467156019,Q,226,R,Q226R,Rifampicin,3) Uncertain significance,0.02540931,1.0,Unknown,29.90642907469897,451.0,22.596164034846936,0.4336118698120117
rpoB,9.487994046397487,Q,226,K,Q226K,Rifampicin,3) Uncertain significance,0.024376241,1.0,Unknown,29.90642907469897,451.0,20.152048757182733,-0.1464970111846923
rpoB,-2.807891724087767,K,233,M,K233M,Rifampicin,3) Uncertain significance,0.031525932,0.0,Unknown,36.897677894414976,451.0,36.91372464835112,-2.046292304992676
rpoB,23.363677427235416,V,228,I,V228I,Rifampicin,3) Uncertain significance,0.015040345,1.0,Unknown,30.187483648028707,451.0,15.178921907491468,-0.5840790271759033
rpoB,31.089366387376685,L,232,V,L232V,Rifampicin,3) Uncertain significance,0.023957957,0.0,Unknown,33.824576952269496,451.0,21.74847419041692,-0.6309514045715332
rpoB,28.25572847693684,G,236,D,G236D,Rifampicin,3) Uncertain significance,0.02661949,0.0,Unknown,37.8821380204444,451.0,34.61903783109632,-0.2280061244964599
rpoB,16.995591466146834,L,235,R,L235R,Rifampicin,3) Uncertain significance,0.027048757,0.0,Unknown,32.52325452656915,451.0,40.57857118014128,1.3328449726104736
rpoB,2.7075378774738965,E,240,G,E240G,Rifampicin,3) Uncertain significance,0.02742854,0.0,Unknown,44.09065148078443,451.0,42.48882015717018,-2.973414897918701
rpoB,1.887803141767563,S,239,N,S239N,Rifampicin,3) Uncertain significance,0.019703338,0.5,Unknown,42.84975339485632,451.0,19.57151835136661,-0.9245193004608154
rpoB,0.8413445650803624,S,239,R,S239R,Rifampicin,3) Uncertain significance,0.023821896,0.0,Unknown,42.84975339485632,451.0,31.331509629069213,-0.4472119808197021
rpoB,2.764950928799408,E,250,G,E250G,Rifampicin,4) Not assoc w R - Interim,0.016340591,0.2061855670103092,Susceptible,38.65550771882319,451.0,42.48882015717018,-0.9915118217468262
rpoB,-1.4599414799786246,S,249,A,S249A,Rifampicin,3) Uncertain significance,0.019434014,0.0,Unknown,35.58408819964339,451.0,26.48144300167584,-0.364945650100708
rpoB,382.9890751783041,S,254,P,S254P,Rifampicin,3) Uncertain significance,0.022422,0.6666666666666666,Unknown,39.15224413746933,451.0,33.197952790471106,-1.6142961978912354
rpoB,-0.718319566007267,R,253,M,R253M,Rifampicin,3) Uncertain significance,0.02753052,0.0,Unknown,39.01379712358182,451.0,36.69003863107888,-2.1683294773101807
rpoB,0.2865636079905016,V,262,F,V262F,Rifampicin,3) Uncertain significance,0.019105794,0.0,Unknown,42.90000081585081,451.0,23.46929055924925,-0.4182493686676025
rpoB,2.45365383070839,D,265,A,D265A,Rifampicin,3) Uncertain significance,0.020661924,1.0,Unknown,40.48434486316905,451.0,32.79578065715211,0.3828656673431396
rpoB,4.939397273129998,D,265,G,D265G,Rifampicin,3) Uncertain significance,0.020650787,0.8571428571428571,Unknown,40.48434486316905,451.0,34.61903783109632,-0.4825427532196045
rpoB,2.0644638382991616,D,270,E,D270E,Rifampicin,3) Uncertain significance,0.01648306,0.3333333333333333,Unknown,34.36895538127396,451.0,23.13284454741382,1.8427631855010984
rpoB,1.377173824540023,R,273,C,R273C,Rifampicin,3) Uncertain significance,0.066479824,1.0,Unknown,33.56542693010175,451.0,40.517919150720246,-3.3114283084869385
rpoB,6.118458980630294,K,274,E,K274E,Rifampicin,3) Uncertain significance,0.025196275,1.0,Unknown,29.884044070373093,451.0,24.435330484711496,0.5367448329925537
rpoB,3.10757577442655,K,274,N,K274N,Rifampicin,3) Uncertain significance,0.022323074,1.0,Unknown,29.884044070373093,451.0,26.3028009866802,0.4037113189697265
rpoB,0.0574374719999468,P,280,L,P280L,Rifampicin,3) Uncertain significance,0.023724576,0.9,Unknown,36.96467001070076,427.0,49.27170475166683,1.7965612411499023
rpoB,-0.7018612949682392,P,280,S,P280S,Rifampicin,3) Uncertain significance,0.027511569,1.0,Unknown,36.96467001070076,427.0,33.197952790471106,-1.0190083980560305
rpoB,3.148765490099777,E,284,G,E284G,Rifampicin,3) Uncertain significance,0.02624536,1.0,Unknown,37.93175463908833,427.0,42.48882015717018,-2.50665295124054
rpoB,288.01308621050885,A,286,V,A286V,Rifampicin,3) Uncertain significance,0.022851253,1.0,Unknown,34.577716957601496,451.0,27.72096759262996,-0.0498030185699462
rpoB,0.3377769116855234,T,288,A,T288A,Rifampicin,3) Uncertain significance,0.018214576,1.0,Unknown,31.78554824129983,430.0,26.41694255168034,1.3790242671966553
rpoB,1.3597218929021435,E,291,D,E291D,Rifampicin,3) Uncertain significance,0.015736632,0.0,Unknown,29.04308280813176,430.0,23.13284454741382,-0.277712345123291
rpoB,-0.4653622744449421,E,291,K,E291K,Rifampicin,3) Uncertain significance,0.019743579,1.0,Unknown,29.04308280813176,430.0,24.435330484711496,-0.4748756885528564
rpoB,0.9378700743332048,E,291,V,E291V,Rifampicin,3) Uncertain significance,0.026396487,1.0,Unknown,29.04308280813176,430.0,40.07063541729576,-1.3719630241394043
rpoB,-0.0526796962103617,N,292,S,N292S,Rifampicin,3) Uncertain significance,0.021147216,0.0,Unknown,25.85787054264134,430.0,19.57151835136661,0.7508730888366699
rpoB,24.04688551681147,L,290,F,L290F,Rifampicin,3) Uncertain significance,0.019710694,0.0,Unknown,29.546710764482768,451.0,22.8377240877722,-0.7449486255645752
rpoB,4.982659858405896,L,293,S,L293S,Rifampicin,3) Uncertain significance,0.02004339,1.0,Unknown,23.959302118383988,430.0,37.32648951510237,-0.4900646209716797
rpoB,7.621393669317968,F,295,L,F295L,Rifampicin,3) Uncertain significance,0.015269288,0.1428571428571428,Unknown,27.167583201308137,430.0,22.8377240877722,1.0688066482543943
rpoB,2.352073936452598,K,298,R,K298R,Rifampicin,3) Uncertain significance,0.021332953,0.0,Unknown,21.846012931425232,430.0,22.54394404482823,0.3016555309295654
rpoB,-1.969029715909528,D,301,N,D301N,Rifampicin,3) Uncertain significance,0.016530998,1.0,Unknown,18.23466536572578,430.0,20.632582370741144,-0.8299176692962646
rpoB,5.815438398443803,R,304,C,R304C,Rifampicin,3) Uncertain significance,0.06114683,0.0,Unknown,18.925596873018275,430.0,40.517919150720246,-3.663871765136719
rpoB,7.576516835773873,Y,308,D,Y308D,Rifampicin,3) Uncertain significance,0.031485725,0.8333333333333334,Unknown,18.626985612277707,449.0,36.32517153463494,0.015716552734375
rpoB,16.671686576319644,V,305,I,V305I,Rifampicin,3) Uncertain significance,0.01793186,1.0,Unknown,16.03500951044311,449.0,15.178921907491468,-0.1189727783203125
rpoB,67.03154731645009,V,305,L,V305L,Rifampicin,3) Uncertain significance,0.016374055,1.0,Unknown,16.03500951044311,449.0,21.74847419041692,0.4377789497375488
rpoB,7.132450603327015,Y,308,C,Y308C,Rifampicin,3) Uncertain significance,0.06346911,1.0,Unknown,18.626985612277707,449.0,31.8876454197536,-2.4947986602783203
rpoB,2.267209087435276,R,307,H,R307H,Rifampicin,3) Uncertain significance,0.019700868,0.0,Unknown,21.06392064645136,451.0,26.692906012304967,-1.225088357925415
rpoB,3.6893799267490976,V,310,G,V310G,Rifampicin,3) Uncertain significance,0.025947457,0.0,Unknown,21.20815854806825,451.0,42.97384860101139,0.5928652286529541
rpoB,6.091903966678274,K,309,E,K309E,Rifampicin,3) Uncertain significance,0.026684651,0.0,Unknown,16.29729048032218,449.0,24.435330484711496,0.5424032211303711
rpoB,25.54115740230236,L,314,V,L314V,Rifampicin,3) Uncertain significance,0.02040483,0.0,Unknown,25.942749777153537,451.0,21.74847419041692,-0.3584251403808594
rpoB,3.10939013899224,L,316,V,L316V,Rifampicin,3) Uncertain significance,0.015177941,0.0,Unknown,28.28618447228257,451.0,21.74847419041692,-0.0720248222351074
rpoB,0.1242590276401642,H,317,Y,H317Y,Rifampicin,3) Uncertain significance,0.032909956,0.0,Unknown,28.868684175071103,449.0,25.616944290458218,0.3167798519134521
rpoB,-0.5864803984122773,E,320,D,E320D,Rifampicin,3) Uncertain significance,0.0163206,0.2857142857142857,Unknown,27.134377180985783,449.0,23.13284454741382,-0.0374596118927001
rpoB,0.3678216603257169,P,321,S,P321S,Rifampicin,3) Uncertain significance,0.021660062,0.0,Unknown,29.07247588355695,449.0,33.197952790471106,0.3510432243347168
rpoB,2.130641073635616,E,330,D,E330D,Rifampicin,3) Uncertain significance,0.022113709,1.0,Unknown,30.739404548559506,451.0,23.13284454741382,-0.2245025634765625
rpoB,31.06862867392601,V,332,I,V332I,Rifampicin,3) Uncertain significance,0.018551096,0.0,Unknown,27.452446266225536,451.0,15.178921907491468,-0.1637067794799804
rpoB,58.2020382319638,A,334,D,A334D,Rifampicin,3) Uncertain significance,0.026695823,0.0,Unknown,28.91343234553795,451.0,32.79578065715211,-1.5727578401565552
rpoB,127.89082394980731,A,334,V,A334V,Rifampicin,3) Uncertain significance,0.034204002,0.0,Unknown,28.91343234553795,451.0,27.72096759262996,-0.8347445726394653
rpoB,3.9162719085138633,I,336,T,I336T,Rifampicin,3) Uncertain significance,0.029660396,1.0,Unknown,28.29082170952268,451.0,31.61668122731128,1.3617427349090576
rpoB,5.791815696707545,E,337,K,E337K,Rifampicin,3) Uncertain significance,0.026546242,0.0,Unknown,30.557899764218075,451.0,24.435330484711496,-0.8961091041564941
rpoB,11.807283345387075,R,341,H,R341H,Rifampicin,3) Uncertain significance,0.031789567,1.0,Unknown,31.178756630115966,451.0,26.692906012304967,-0.7213075160980225
rpoB,1.7186522059569145,E,344,Q,E344Q,Rifampicin,3) Uncertain significance,0.02560928,0.0,Unknown,32.94998878603753,451.0,21.817564078907125,-0.5211427211761475
rpoB,4.887603254609076,H,343,R,H343R,Rifampicin,3) Uncertain significance,0.028577592,0.0,Unknown,29.4385953639096,451.0,26.692906012304967,1.2390313148498535
rpoB,1.035339058827958,H,343,Q,H343Q,Rifampicin,3) Uncertain significance,0.031764317,0.074074074074074,Unknown,29.4385953639096,451.0,22.559771492482422,0.6394338607788086
rpoB,6.489261707769856,G,345,S,G345S,Rifampicin,3) Uncertain significance,0.024142701,0.0,Unknown,31.540178074957023,451.0,26.911928800176504,-0.2833642959594726
rpoB,2.070967727023799,T,347,I,T347I,Rifampicin,3) Uncertain significance,0.02769742,0.0,Unknown,30.74633885521981,449.0,31.61668122731128,-0.8494937419891357
rpoB,0.4376825853191803,T,347,N,T347N,Rifampicin,3) Uncertain significance,0.01787877,0.0,Unknown,30.74633885521981,449.0,24.234231473312622,-2.6284658908843994
rpoB,0.1607525706463093,T,350,I,T350I,Rifampicin,3) Uncertain significance,0.03289392,0.0,Unknown,34.545774705454214,451.0,31.61668122731128,-0.6793568134307861
rpoB,127.59356200221372,T,350,P,T350P,Rifampicin,3) Uncertain significance,0.02037778,0.0,Unknown,34.545774705454214,451.0,34.265110857459,-2.383324384689331
rpoB,7.377796467448661,V,351,I,V351I,Rifampicin,3) Uncertain significance,0.017607072,0.0,Unknown,32.23751401705784,451.0,15.178921907491468,-0.6660699844360352
rpoB,5.621213338824873,V,351,A,V351A,Rifampicin,3) Uncertain significance,0.025060194,1.0,Unknown,32.23751401705784,451.0,27.72096759262996,-0.483015775680542
rpoB,189.2748890276821,G,354,S,G354S,Rifampicin,3) Uncertain significance,0.019804835,0.0,Unknown,34.028872064762915,449.0,26.911928800176504,-1.0903851985931396
rpoB,-0.5741834980435669,V,355,I,V355I,Rifampicin,3) Uncertain significance,0.017297829,1.0,Unknown,30.914046160281263,449.0,15.178921907491468,-0.6607067584991455
rpoB,2.3971298858105,P,358,L,P358L,Rifampicin,3) Uncertain significance,0.03463938,0.1428571428571428,Unknown,26.3640091602169,449.0,49.27170475166683,1.921198844909668
rpoB,118.33792564177566,V,357,L,V357L,Rifampicin,3) Uncertain significance,0.01781678,1.0,Unknown,28.47473889256933,449.0,21.74847419041692,-0.6324491500854492
rpoB,8.001975246211714,V,359,A,V359A,Rifampicin,3) Uncertain significance,0.022558326,0.2222222222222222,Unknown,27.194219587993302,451.0,27.72096759262996,-0.5140655040740967
rpoB,1.8543827142962075,E,360,D,E360D,Rifampicin,3) Uncertain significance,0.014708121,1.0,Unknown,23.364795868999167,449.0,23.13284454741382,-0.3246452808380127
rpoB,2.7706353136159123,E,360,K,E360K,Rifampicin,3) Uncertain significance,0.025792623,1.0,Unknown,23.364795868999167,449.0,24.435330484711496,-0.7338876724243164
rpoB,1.2982872491693342,E,360,Q,E360Q,Rifampicin,3) Uncertain significance,0.021680184,0.0,Unknown,23.364795868999167,449.0,21.817564078907125,-0.9006102085113525
rpoB,2.1745671914227387,D,363,N,D363N,Rifampicin,3) Uncertain significance,0.018244516,1.0,Unknown,13.9131437497066,451.0,20.632582370741144,-0.9081947803497314
rpoB,5.022544300687059,T,361,V,T361V,Rifampicin,3) Uncertain significance,0.023180343,1.0,Unknown,20.73501273209158,451.0,27.280310339619216,0.804135799407959
rpoB,10.89145758953373,D,362,H,D362H,Rifampicin,3) Uncertain significance,0.023998702,0.0,Unknown,17.083331583739735,451.0,29.775078049524573,-0.8781521320343018
rpoB,1.0432279249680505,N,369,D,N369D,Rifampicin,3) Uncertain significance,0.019331433,0.0,Unknown,11.85222784964921,451.0,20.632582370741144,0.5288252830505371
rpoB,1.0432279249694147,N,369,D,N369D,Rifampicin,3) Uncertain significance,0.019331433,0.0,Unknown,11.85222784964921,451.0,20.632582370741144,0.5288252830505371
rpoB,284.3214002557648,G,376,V,G376V,Rifampicin,3) Uncertain significance,0.0220229,1.0,Unknown,8.243403302034936,170.0,42.97384860101139,-1.6170353889465332
rpoB,6.009354175745557,E,377,V,E377V,Rifampicin,3) Uncertain significance,0.04703965,1.0,Unknown,8.443413113190635,430.0,40.07063541729576,0.3477320671081543
rpoB,2.688093008961914,Q,382,R,Q382R,Rifampicin,3) Uncertain significance,0.024426125,1.0,Unknown,7.283056844484989,428.0,22.596164034846936,0.582313060760498
rpoB,1.8775461934023951,N,381,H,N381H,Rifampicin,5) Not assoc w R,0.04391697,0.0,Susceptible,8.685241447421026,430.0,25.720699680937056,-0.6670799255371094
rpoB,95.81243765422688,G,376,C,G376C,Rifampicin,3) Uncertain significance,0.06267299,1.0,Unknown,8.243403302034936,170.0,41.869754062050006,-4.531462669372559
rpoB,67.33117615888114,V,375,L,V375L,Rifampicin,3) Uncertain significance,0.017563729,1.0,Unknown,5.668866376975218,170.0,21.74847419041692,0.0305309295654296
rpoB,31.033909087540906,L,378,R,L378R,Rifampicin,3) Uncertain significance,0.043561634,0.9333333333333332,Unknown,3.619544308334952,430.0,40.57857118014128,-0.986494779586792
rpoB,-0.1300618965356079,S,388,L,S388L,Rifampicin,5) Not assoc w R,0.025285,0.072463768115942,Susceptible,16.1917567298919,427.0,37.32648951510237,0.288346529006958
rpoB,81.182391524781,M,387,V,M387V,Rifampicin,3) Uncertain significance,0.024153776,1.0,Unknown,15.653905870420964,427.0,26.61946259943389,0.6059935092926025
rpoB,38.20765775618429,M,387,L,M387L,Rifampicin,3) Uncertain significance,0.024273468,1.0,Unknown,15.653905870420964,427.0,24.945776373708327,0.8185129165649414
rpoB,6.843350733216539,M,390,T,M390T,Rifampicin,3) Uncertain significance,0.029726068,0.1428571428571428,Unknown,17.75776689226433,427.0,32.68277833750696,0.5992724895477295
rpoB,5.515763914748277,E,391,G,E391G,Rifampicin,3) Uncertain significance,0.024422165,1.0,Unknown,20.32252654076257,427.0,42.48882015717018,-0.4784615039825439
rpoB,148.93034059741603,V,394,L,V394L,Rifampicin,3) Uncertain significance,0.018393785,1.0,Unknown,23.52589337304748,427.0,21.74847419041692,0.3599522113800049
rpoB,4.4671390729063205,T,400,N,T400N,Rifampicin,3) Uncertain significance,0.018570703,1.0,Unknown,30.5327368900988,427.0,24.234231473312622,-0.8464176654815674
rpoB,2.139736783989065,T,399,A,T399A,Rifampicin,3) Uncertain significance,0.019614825,1.0,Unknown,31.85613532743733,427.0,26.41694255168034,0.9065670967102052
rpoB,39.50455446629167,T,399,I,T399I,Rifampicin,3) Uncertain significance,0.025747342,1.0,Unknown,31.85613532743733,427.0,31.61668122731128,-0.2203078269958496
rpoB,250.21260674061523,T,400,P,T400P,Rifampicin,3) Uncertain significance,0.021204192,1.0,Unknown,30.5327368900988,427.0,34.265110857459,0.2599837779998779
rpoB,2.20357194850476,T,400,I,T400I,Rifampicin,3) Uncertain significance,0.025036918,1.0,Unknown,30.5327368900988,427.0,31.61668122731128,-0.1601436138153076
rpoB,4.903968717635962,T,400,A,T400A,Rifampicin,3) Uncertain significance,0.022952031,1.0,Unknown,30.5327368900988,427.0,26.41694255168034,0.8372032642364502
rpoB,317.3954177788369,T,399,P,T399P,Rifampicin,3) Uncertain significance,0.02028308,1.0,Unknown,31.85613532743733,427.0,34.265110857459,1.1516001224517822
rpoB,2.3453769032871605,T,400,S,T400S,Rifampicin,3) Uncertain significance,0.019412743,1.0,Unknown,30.5327368900988,427.0,17.12767927453449,0.2285840511322021
rpoB,-0.4901550177960416,Q,401,E,Q401E,Rifampicin,3) Uncertain significance,0.026487686,1.0,Unknown,29.4469534077806,426.0,21.817564078907125,0.8963998556137085
rpoB,-0.3544294027174146,Q,401,R,Q401R,Rifampicin,3) Uncertain significance,0.02696221,1.0,Unknown,29.4469534077806,426.0,22.596164034846936,-0.2980949878692627
rpoB,0.3184124625586264,Q,409,R,Q409R,Rifampicin,3) Uncertain significance,0.018888263,1.0,Unknown,24.76627991846978,426.0,22.596164034846936,-0.5279979705810547
rpoB,20.84263463659317,I,412,L,I412L,Rifampicin,3) Uncertain significance,0.01642083,0.0,Unknown,21.630468695800385,426.0,20.74950239789154,1.1198992729187012
rpoB,3.1620383620156645,A,420,S,A420S,Rifampicin,3) Uncertain significance,0.02040147,1.0,Unknown,6.802620450973321,426.0,26.48144300167584,-0.6699244976043701
rpoB,3.1978405570253017,E,423,G,E423G,Rifampicin,3) Uncertain significance,0.01943541,1.0,Unknown,2.7477155966365965,427.0,42.48882015717018,-0.3070735931396484
rpoB,1.7263992135121953,E,423,A,E423A,Rifampicin,3) Uncertain significance,0.021751678,1.0,Unknown,2.7477155966365965,427.0,28.30103222386084,0.2002589702606201
rpoB,95.1265054837827,F,424,I,F424I,Rifampicin,3) Uncertain significance,0.02404391,1.0,Unknown,2.947867195109036,428.0,19.63118745944652,0.082773208618164
rpoB,73.91285103492874,F,424,V,F424V,Rifampicin,3) Uncertain significance,0.024405263,1.0,Unknown,2.947867195109036,428.0,23.46929055924925,0.602820873260498
rpoB,7.196564856493296,F,424,L,F424L,Rifampicin,3) Uncertain significance,0.01943777,0.6153846153846154,Unknown,2.947867195109036,428.0,22.8377240877722,0.6662819385528564
rpoB,4.836996971781446,T,427,I,T427I,Rifampicin,2) Assoc w R - Interim,0.020941794,1.0,Resistant,1.3300368415949797,428.0,31.61668122731128,-0.8393139839172363
rpoB,3.9890060614648064,T,427,G,T427G,Rifampicin,2) Assoc w R - Interim,0.015717292,0.0,Resistant,1.3300368415949797,428.0,32.364765025301146,0.3089005947113037
rpoB,2.712906963725345,T,427,A,T427A,Rifampicin,2) Assoc w R - Interim,0.014663328,0.8,Resistant,1.3300368415949797,428.0,26.41694255168034,0.0482158660888671
rpoB,1.2827139491027992,T,427,N,T427N,Rifampicin,2) Assoc w R - Interim,0.014090066,0.0,Resistant,1.3300368415949797,428.0,24.234231473312622,-0.4931440353393554
rpoB,316.440335983184,T,427,P,T427P,Rifampicin,2) Assoc w R - Interim,0.02076028,1.0,Resistant,1.3300368415949797,428.0,34.265110857459,0.0165576934814453
rpoB,1.065186550521048,T,427,S,T427S,Rifampicin,2) Assoc w R - Interim,0.015878864,1.0,Resistant,1.3300368415949797,428.0,17.12767927453449,0.1491460800170898
rpoB,5.675603436805886,S,428,G,S428G,Rifampicin,2) Assoc w R - Interim,0.019866819,0.8,Resistant,1.3300368415949797,427.0,26.911928800176504,-0.0528764724731445
rpoB,-2.338632244949622,G,426,S,G426S,Rifampicin,2) Assoc w R - Interim,0.02339735,0.0,Resistant,1.3351771418055367,427.0,26.911928800176504,-0.008634328842163
rpoB,2.263632392818181,Q,429,H,Q429H,Rifampicin,2) Assoc w R - Interim,0.024273561,0.9285714285714286,Resistant,1.3307219844881282,430.0,22.559771492482422,-0.4625585079193115
rpoB,10.68814544949555,Q,429,L,Q429L,Rifampicin,2) Assoc w R - Interim,0.022510923,1.0,Resistant,1.3307219844881282,430.0,35.62677194633543,1.4753811359405518
rpoB,17.457666938418697,Q,429,P,Q429P,Rifampicin,2) Assoc w R - Interim,0.020367336,1.0,Resistant,1.3307219844881282,430.0,37.5005576758833,0.4629552364349365
rpoB,36.08714533060447,S,428,I,S428I,Rifampicin,2) Assoc w R - Interim,0.02696938,0.75,Resistant,1.3300368415949797,427.0,38.25058504319116,-0.8776357173919678
rpoB,14.733510332168862,S,428,T,S428T,Rifampicin,2) Assoc w R - Interim,0.017386897,1.0,Resistant,1.3300368415949797,427.0,17.12767927453449,-0.0258600711822509
rpoB,15.44189603922132,S,428,R,S428R,Rifampicin,2) Assoc w R - Interim,0.020761684,0.875,Resistant,1.3300368415949797,427.0,31.331509629069213,-0.2289073467254638
rpoB,125.8615512605329,L,430,P,L430P,Rifampicin,1) Assoc w R,0.02377023,0.5375,Resistant,1.3307219844881282,429.0,49.27170475166683,-0.277848482131958
rpoB,15.671491457499542,L,430,R,L430R,Rifampicin,2) Assoc w R - Interim,0.020983005,0.9142857142857144,Resistant,1.3307219844881282,429.0,40.57857118014128,0.1862752437591552
rpoB,6.031704907669791,S,431,G,S431G,Rifampicin,2) Assoc w R - Interim,0.019573048,0.9090909090909092,Resistant,1.326582451263422,432.0,26.911928800176504,0.0865266323089599
rpoB,10.792104149239549,S,431,T,S431T,Rifampicin,2) Assoc w R - Interim,0.016212756,0.6666666666666666,Resistant,1.326582451263422,432.0,17.12767927453449,-0.1927580833435058
rpoB,133.42112872570078,S,431,R,S431R,Rifampicin,2) Assoc w R - Interim,0.019538555,1.0,Resistant,1.326582451263422,432.0,31.331509629069213,0.1774015426635742
rpoB,17.348995973880847,S,431,N,S431N,Rifampicin,2) Assoc w R - Interim,0.020782767,1.0,Resistant,1.326582451263422,432.0,19.57151835136661,-0.9146671295166016
rpoB,10.56109000556262,Q,432,H,Q432H,Rifampicin,2) Assoc w R - Interim,0.025633063,1.0,Resistant,1.326582451263422,431.0,22.559771492482422,-0.6599774360656738
rpoB,183.55240016168727,Q,432,P,Q432P,Rifampicin,1) Assoc w R,0.021499606,0.9857142857142858,Resistant,1.326582451263422,431.0,37.5005576758833,-0.0929977893829345
rpoB,2.798334995991354,Q,432,E,Q432E,Rifampicin,2) Assoc w R - Interim,0.02141724,1.0,Resistant,1.326582451263422,431.0,21.817564078907125,0.3089511394500732
rpoB,2.321130845464268,Q,432,K,Q432K,Rifampicin,1) Assoc w R,0.02408912,1.0,Resistant,1.326582451263422,431.0,20.152048757182733,-0.471714973449707
rpoB,1.0962459520706034,Q,432,L,Q432L,Rifampicin,1) Assoc w R,0.03499948,0.9655172413793104,Resistant,1.326582451263422,431.0,35.62677194633543,1.4527612924575806
rpoB,3.5040173934312406,Q,432,N,Q432N,Rifampicin,2) Assoc w R - Interim,0.017896118,1.0,Resistant,1.326582451263422,431.0,22.97715021449716,-0.6360683441162109
rpoB,5.316466301288983,M,434,I,M434I,Rifampicin,2) Assoc w R - Interim,0.024161162,0.9428571428571428,Resistant,1.3240173714872463,435.0,24.48735007204724,0.3467564582824707
rpoB,5.159665349660827,M,434,V,M434V,Rifampicin,2) Assoc w R - Interim,0.024480639,0.8571428571428571,Resistant,1.3240173714872463,435.0,26.61946259943389,0.7756960391998291
rpoB,5.317646858330136,M,434,L,M434L,Rifampicin,2) Assoc w R - Interim,0.024689833,0.0,Resistant,1.3240173714872463,435.0,24.945776373708327,0.9640657901763916
rpoB,3.4823807801876683,M,434,R,M434R,Rifampicin,2) Assoc w R - Interim,0.026743518,1.0,Resistant,1.3240173714872463,435.0,36.69003863107888,0.7955276966094971
rpoB,1.609146907354443,M,434,T,M434T,Rifampicin,2) Assoc w R - Interim,0.02509406,1.0,Resistant,1.3240173714872463,435.0,32.68277833750696,0.6292026042938232
rpoB,3.431946993381644,D,435,E,D435E,Rifampicin,2) Assoc w R - Interim,0.015337039,1.0,Resistant,1.3240173714872463,434.0,23.13284454741382,0.7288808822631836
rpoB,9.583303189916478,D,435,Y,D435Y,Rifampicin,1) Assoc w R,0.03470979,0.7857142857142857,Resistant,1.3240173714872463,434.0,36.32517153463494,-0.5116517543792725
rpoB,5.648519288203715,D,435,G,D435G,Rifampicin,2) Assoc w R - Interim,0.022276837,0.9487179487179488,Resistant,1.3240173714872463,434.0,34.61903783109632,0.2650771141052246
rpoB,1.482654209346947,D,435,N,D435N,Rifampicin,2) Assoc w R - Interim,0.01715467,1.0,Resistant,1.3240173714872463,434.0,20.632582370741144,-0.8350398540496826
rpoB,2.3106729679957425,D,435,A,D435A,Rifampicin,2) Assoc w R - Interim,0.024133822,0.6666666666666666,Resistant,1.3240173714872463,434.0,32.79578065715211,0.6464865207672119
rpoB,21.229283723348544,N,437,I,N437I,Rifampicin,2) Assoc w R - Interim,0.023146907,1.0,Resistant,1.3257322504940396,438.0,41.49721366459114,0.1226973533630371
rpoB,2.102645430222765,D,435,L,D435L,Rifampicin,2) Assoc w R - Interim,0.032628156,1.0,Resistant,1.3240173714872463,434.0,43.80515516859903,0.5795085430145264
rpoB,2.9949929860263182,D,435,V,D435V,Rifampicin,1) Assoc w R,0.031565305,0.9854824935952178,Resistant,1.3240173714872463,434.0,42.073261479334384,0.5591187477111816
rpoB,10.114322292195084,D,435,F,D435F,Rifampicin,1) Assoc w R,0.03514084,0.9230769230769232,Resistant,1.3240173714872463,434.0,42.48686803321608,-0.1414639949798584
rpoB,5.165468975437761,N,437,D,N437D,Rifampicin,2) Assoc w R - Interim,0.017047374,0.7142857142857143,Resistant,1.3257322504940396,438.0,20.632582370741144,0.5394876003265381
rpoB,8.30537043844106,D,435,H,D435H,Rifampicin,2) Assoc w R - Interim,0.027572654,1.0,Resistant,1.3240173714872463,434.0,29.775078049524573,-1.1280510425567627
rpoB,6.8499938838454,Q,436,N,Q436N,Rifampicin,2) Assoc w R - Interim,0.01904884,0.0,Resistant,1.3337713447214152,435.0,22.97715021449716,0.2264366149902343
rpoB,114.56971901573615,Q,436,P,Q436P,Rifampicin,2) Assoc w R - Interim,0.026373811,1.0,Resistant,1.3337713447214152,435.0,37.5005576758833,0.4260826110839844
rpoB,0.6866062067870189,N,437,H,N437H,Rifampicin,2) Assoc w R - Interim,0.027642053,1.0,Resistant,1.3257322504940396,438.0,25.720699680937056,-0.4937248229980469
rpoB,-0.1306160908829952,N,437,Y,N437Y,Rifampicin,2) Assoc w R - Interim,0.02924735,0.0,Resistant,1.3257322504940396,438.0,32.008745830466125,-0.8936247825622559
rpoB,8.66603988861334,Q,436,R,Q436R,Rifampicin,2) Assoc w R - Interim,0.020239916,1.0,Resistant,1.3337713447214152,435.0,22.596164034846936,0.6538982391357422
rpoB,2.1314685597153584,N,437,S,N437S,Rifampicin,2) Assoc w R - Interim,0.020705566,0.25,Resistant,1.3257322504940396,438.0,19.57151835136661,0.2048032283782959
rpoB,3.491937027451968,P,439,A,P439A,Rifampicin,2) Assoc w R - Interim,0.022023283,1.0,Resistant,1.3549575639111426,438.0,43.279408841284464,0.8288371562957764
rpoB,212.0223741644818,N,438,H,N438H,Rifampicin,2) Assoc w R - Interim,0.021448685,1.0,Resistant,1.3257322504940396,437.0,25.720699680937056,-0.2462108135223388
rpoB,7.176065456871129,P,439,S,P439S,Rifampicin,2) Assoc w R - Interim,0.021359334,1.0,Resistant,1.3549575639111426,438.0,33.197952790471106,0.3182909488677978
rpoB,144.7401178736959,P,439,L,P439L,Rifampicin,2) Assoc w R - Interim,0.022198033,0.0,Resistant,1.3549575639111426,438.0,49.27170475166683,1.394581913948059
rpoB,45.9908726517092,S,441,V,S441V,Rifampicin,2) Assoc w R - Interim,0.018505648,1.0,Resistant,1.3337653466783477,442.0,33.799953168217776,0.2387323379516601
rpoB,25.29689892098349,G,442,E,G442E,Rifampicin,2) Assoc w R - Interim,0.015802035,1.0,Resistant,1.3320979693701342,443.0,42.48882015717018,0.3789279460906982
rpoB,87.70171465730027,S,441,L,S441L,Rifampicin,1) Assoc w R,0.01680848,0.9743589743589745,Resistant,1.3337653466783477,442.0,37.32648951510237,0.3461191654205322
rpoB,85.44946160461222,S,441,W,S441W,Rifampicin,2) Assoc w R - Interim,0.035577703,1.0,Resistant,1.3337653466783477,442.0,42.25434326887481,-1.3032338619232178
rpoB,-1.3654819983858033,S,441,A,S441A,Rifampicin,2) Assoc w R - Interim,0.017950844,0.8,Resistant,1.3337653466783477,442.0,26.48144300167584,0.3099343776702881
rpoB,29.585629573692582,S,441,M,S441M,Rifampicin,2) Assoc w R - Interim,0.023802381,1.0,Resistant,1.3337653466783477,442.0,37.281280156388206,-0.6615848541259766
rpoB,31.01383145693308,S,441,Q,S441Q,Rifampicin,1) Assoc w R,0.018675666,0.9375,Resistant,1.3337653466783477,442.0,24.28739299377468,-0.3691444396972656
rpoB,68.06765521448506,S,441,K,S441K,Rifampicin,2) Assoc w R - Interim,0.021334356,0.0,Resistant,1.3337653466783477,442.0,28.589114164715,-0.4513733386993408
rpoB,315.1524336518146,L,443,F,L443F,Rifampicin,2) Assoc w R - Interim,0.017079141,0.5,Resistant,1.3320979693701342,442.0,22.8377240877722,-0.7969100475311279
rpoB,294.9178320650426,T,444,P,T444P,Rifampicin,2) Assoc w R - Interim,0.015372944,1.0,Resistant,1.3369599844423108,443.0,34.265110857459,-0.0607590675354003
rpoB,12.109794748468175,T,444,I,T444I,Rifampicin,2) Assoc w R - Interim,0.020829016,1.0,Resistant,1.3369599844423108,443.0,31.61668122731128,0.0745182037353515
rpoB,360.7653235470025,L,443,W,L443W,Rifampicin,2) Assoc w R - Interim,0.03933401,1.0,Resistant,1.3320979693701342,442.0,33.4396452558813,-2.0240886211395264
rpoB,1.0468589360475562,T,444,S,T444S,Rifampicin,2) Assoc w R - Interim,0.016315382,1.0,Resistant,1.3369599844423108,443.0,17.12767927453449,0.0343484878540039
rpoB,8.480840476506273,L,443,S,L443S,Rifampicin,2) Assoc w R - Interim,0.019325538,1.0,Resistant,1.3320979693701342,442.0,37.32648951510237,-0.3845324516296386
rpoB,0.9128089814662416,S,450,A,S450A,Rifampicin,2) Assoc w R - Interim,0.020571684,1.0,Resistant,1.3288600377767423,449.0,26.48144300167584,0.2295992374420166
rpoB,5.544683970171263,P,454,L,P454L,Rifampicin,3) Uncertain significance,0.039806254,0.3571428571428571,Unknown,4.756563675596047,452.0,49.27170475166683,1.752995491027832
rpoB,16.473630154517195,L,452,V,L452V,Rifampicin,2) Assoc w R - Interim,0.014859588,1.0,Resistant,1.328559370144946,451.0,21.74847419041692,-0.3090490102767944
rpoB,28.20874457749688,G,453,A,G453A,Rifampicin,3) Uncertain significance,0.02042957,0.75,Unknown,1.3295991877253508,452.0,34.52555545602958,-0.0089399814605712
rpoB,17.509738999704496,H,445,L,H445L,Rifampicin,1) Assoc w R,0.029691312,0.9156118143459916,Resistant,1.3290349882527728,446.0,34.52456626707413,1.6582157611846924
rpoB,4.064220906501305,P,454,S,P454S,Rifampicin,3) Uncertain significance,0.037498787,1.0,Unknown,4.756563675596047,452.0,33.197952790471106,1.1077945232391355
rpoB,155.9617773834766,L,452,P,L452P,Rifampicin,1) Assoc w R,0.033251934,0.7336814621409922,Resistant,1.328559370144946,451.0,49.27170475166683,-1.213974118232727
rpoB,5.199991344629325,S,450,G,S450G,Rifampicin,2) Assoc w R - Interim,0.024605501,0.6,Resistant,1.3288600377767423,449.0,26.911928800176504,0.2884769439697265
rpoB,1890.0910854411864,G,453,R,G453R,Rifampicin,3) Uncertain significance,0.019922964,1.0,Unknown,1.3295991877253508,452.0,44.1492475965258,-0.2019338607788086
rpoB,5.340549020637354,P,454,H,P454H,Rifampicin,3) Uncertain significance,0.03199479,0.5,Unknown,4.756563675596047,452.0,40.27416020911824,-0.0345268249511718
rpoB,2.664954985141321,L,452,M,L452M,Rifampicin,2) Assoc w R - Interim,0.022627207,0.0,Resistant,1.328559370144946,451.0,24.945776373708327,-1.3484209775924685
rpoB,4.370724229797361,H,445,D,H445D,Rifampicin,1) Assoc w R,0.023949377,0.9838187702265372,Resistant,1.3290349882527728,446.0,29.775078049524573,0.7890281677246094
rpoB,2.788360849852779,A,451,G,A451G,Rifampicin,2) Assoc w R - Interim,0.02966595,1.0,Resistant,1.328559370144946,452.0,34.52555545602958,0.0609946250915527
rpoB,9.32704720358197,S,450,C,S450C,Rifampicin,2) Assoc w R - Interim,0.058419757,0.375,Resistant,1.3288600377767423,449.0,32.719896973736354,-3.0227468013763428
rpoB,107.27197930461534,S,450,L,S450L,Rifampicin,1) Assoc w R,0.024894115,0.9796120884077584,Resistant,1.3288600377767423,449.0,37.32648951510237,0.5252366065979004
rpoB,5.269721411257251,P,454,R,P454R,Rifampicin,3) Uncertain significance,0.022164876,1.0,Unknown,4.756563675596047,452.0,42.60148692869801,1.0409483909606934
rpoB,5.20626110657804,H,445,N,H445N,Rifampicin,1) Assoc w R,0.021869192,0.6028708133971292,Resistant,1.3290349882527728,446.0,25.720699680937056,0.1468658447265625
rpoB,155.9300596108587,S,450,F,S450F,Rifampicin,1) Assoc w R,0.02987584,0.9951690821256038,Resistant,1.3288600377767423,449.0,38.08678371297432,-0.4542231559753418
rpoB,61.863837623331165,A,451,V,A451V,Rifampicin,2) Assoc w R - Interim,0.022531576,0.5714285714285714,Resistant,1.328559370144946,452.0,27.72096759262996,0.080963134765625
rpoB,5.070147160412034,H,445,C,H445C,Rifampicin,1) Assoc w R,0.04710204,0.8974358974358975,Resistant,1.3290349882527728,446.0,31.199548736845387,-2.0626471042633057
rpoB,62.23090985412318,S,450,V,S450V,Rifampicin,2) Assoc w R - Interim,0.029512346,0.5555555555555556,Resistant,1.3288600377767423,449.0,33.799953168217776,0.3050007820129394
rpoB,-2.555545574297412,R,448,L,R448L,Rifampicin,2) Assoc w R - Interim,0.027556442,1.0,Resistant,1.327701773742881,449.0,40.57857118014128,0.6830737590789795
rpoB,20.07973495293845,S,450,W,S450W,Rifampicin,1) Assoc w R,0.038320974,0.9794238683127572,Resistant,1.3288600377767423,449.0,42.25434326887481,-1.7087008953094482
rpoB,16.112724675640038,S,450,M,S450M,Rifampicin,2) Assoc w R - Interim,0.028395299,0.8888888888888888,Resistant,1.3288600377767423,449.0,37.281280156388206,-0.5336220264434814
rpoB,9.495021899218957,H,445,Q,H445Q,Rifampicin,2) Assoc w R - Interim,0.02302697,0.9130434782608696,Resistant,1.3290349882527728,446.0,22.559771492482422,0.4145259857177734
rpoB,21.85894410386163,S,450,Q,S450Q,Rifampicin,2) Assoc w R - Interim,0.02351942,1.0,Resistant,1.3288600377767423,449.0,24.28739299377468,-0.4039900302886963
rpoB,374.3285471345312,H,445,P,H445P,Rifampicin,2) Assoc w R - Interim,0.021609254,1.0,Resistant,1.3290349882527728,446.0,40.27416020911824,0.597400426864624
rpoB,5.318877642824191,H,445,G,H445G,Rifampicin,2) Assoc w R - Interim,0.02371067,0.7857142857142857,Resistant,1.3290349882527728,446.0,40.87343617252496,1.197951316833496
rpoB,150.8845863585434,S,450,Y,S450Y,Rifampicin,1) Assoc w R,0.030621467,1.0,Resistant,1.3288600377767423,449.0,32.88015694502548,-0.6295425891876221
rpoB,19.102750350765746,H,445,F,H445F,Rifampicin,2) Assoc w R - Interim,0.030240735,1.0,Resistant,1.3290349882527728,446.0,28.89968005866571,0.567284107208252
rpoB,5.145280648063363,H,445,T,H445T,Rifampicin,2) Assoc w R - Interim,0.019630952,1.0,Resistant,1.3290349882527728,446.0,26.264075155156284,0.8212692737579346
rpoB,5.021061256820758,H,445,S,H445S,Rifampicin,1) Assoc w R,0.02195852,0.7307692307692307,Resistant,1.3290349882527728,446.0,28.54996467471172,1.0103414058685305
rpoB,17.18635287029656,H,445,R,H445R,Rifampicin,1) Assoc w R,0.02241214,0.9784172661870504,Resistant,1.3290349882527728,446.0,26.692906012304967,0.8139934539794922
rpoB,80.18815038562252,H,445,Y,H445Y,Rifampicin,1) Assoc w R,0.02732241,0.9817880794701986,Resistant,1.3290349882527728,446.0,25.616944290458218,0.440828800201416
rpoB,1.790016645119522,K,446,E,K446E,Rifampicin,2) Assoc w R - Interim,0.027028305,0.6666666666666666,Resistant,1.3290349882527728,445.0,24.435330484711496,2.0492738485336304
rpoB,-1.8858071351396573,K,446,Q,K446Q,Rifampicin,2) Assoc w R - Interim,0.022164395,0.8333333333333334,Resistant,1.3290349882527728,445.0,20.152048757182733,1.4077370166778564
rpoB,-1.0906200801309751,R,448,Q,R448Q,Rifampicin,2) Assoc w R - Interim,0.017624287,1.0,Resistant,1.327701773742881,449.0,22.596164034846936,-0.7215547561645508
rpoB,-0.8875269259820016,K,446,T,K446T,Rifampicin,2) Assoc w R - Interim,0.018377952,1.0,Resistant,1.3290349882527728,445.0,29.637803707829963,0.7247741222381592
rpoB,-0.5239418162495895,K,446,R,K446R,Rifampicin,2) Assoc w R - Interim,0.020858351,0.6666666666666666,Resistant,1.3290349882527728,445.0,22.54394404482823,0.57572340965271
rpoB,1.1996924460513585,R,448,K,R448K,Rifampicin,2) Assoc w R - Interim,0.017174784,1.0,Resistant,1.327701773742881,449.0,22.54394404482823,-0.7049908638000488
rpoB,18.17604848562405,L,449,M,L449M,Rifampicin,2) Assoc w R - Interim,0.024255415,1.0,Resistant,1.327701773742881,448.0,24.945776373708327,-0.8932504653930664
rpoB,-0.0452791560264813,E,460,D,E460D,Rifampicin,3) Uncertain significance,0.015866395,1.0,Unknown,6.564811116856303,452.0,23.13284454741382,-0.6094224452972412
rpoB,101.80630958392749,G,455,R,G455R,Rifampicin,3) Uncertain significance,0.018321907,1.0,Unknown,6.656259084500826,451.0,44.1492475965258,-0.2349629402160644
rpoB,0.7173827814972356,S,458,T,S458T,Rifampicin,3) Uncertain significance,0.016336672,1.0,Unknown,4.135663550145251,452.0,17.12767927453449,-0.1294112205505371
rpoB,3.514058108923564,L,457,M,L457M,Rifampicin,3) Uncertain significance,0.021474095,0.0,Unknown,3.376458795839202,452.0,24.945776373708327,-1.253591775894165
rpoB,3.236345908278963,R,459,H,R459H,Rifampicin,3) Uncertain significance,0.02275387,0.0,Unknown,3.1392142328933152,452.0,26.692906012304967,-1.1943514347076416
rpoB,3.1279877015872444,E,460,G,E460G,Rifampicin,3) Uncertain significance,0.023436842,0.7777777777777778,Unknown,6.564811116856303,452.0,42.48882015717018,-0.8318910598754883
rpoB,18.2416719190237,G,456,S,G456S,Rifampicin,3) Uncertain significance,0.018307677,1.0,Unknown,4.338352798009863,451.0,26.911928800176504,-0.153146743774414
rpoB,-0.0514869718695081,E,465,Q,E465Q,Rifampicin,3) Uncertain significance,0.024334101,1.0,Unknown,9.78667379654599,451.0,21.817564078907125,-0.8301525115966797
rpoB,19.11035701939636,V,469,L,V469L,Rifampicin,3) Uncertain significance,0.014794009,1.0,Unknown,10.004268588957403,491.0,21.74847419041692,0.3348736763000488
rpoB,1.868253612974513,P,479,S,P479S,Rifampicin,3) Uncertain significance,0.02715763,1.0,Unknown,8.538957371951208,491.0,33.197952790471106,-0.1276469230651855
rpoB,4.726033244696282,I,480,T,I480T,Rifampicin,3) Uncertain significance,0.024540717,1.0,Unknown,7.530520167956522,491.0,31.61668122731128,0.2588021755218506
rpoB,2.2656133557175053,I,480,V,I480V,Rifampicin,3) Uncertain significance,0.016487839,0.9722222222222222,Unknown,7.530520167956522,491.0,15.178921907491468,0.4314513206481933
rpoB,285.45605204520734,T,482,I,T482I,Rifampicin,3) Uncertain significance,0.020236488,1.0,Unknown,2.778022498109048,491.0,31.61668122731128,0.0755202770233154
rpoB,4.478303099018831,P,483,L,P483L,Rifampicin,3) Uncertain significance,0.019707553,0.6666666666666666,Unknown,3.1639668139852644,491.0,49.27170475166683,1.7922635078430176
rpoB,2.53782989525007,T,482,A,T482A,Rifampicin,3) Uncertain significance,0.015655493,1.0,Unknown,2.778022498109048,491.0,26.41694255168034,0.8217670917510986
rpoB,1.3614089058510217,P,483,S,P483S,Rifampicin,3) Uncertain significance,0.022527238,1.0,Unknown,3.1639668139852644,491.0,33.197952790471106,1.707841873168945
rpoB,5.544400705199223,P,483,T,P483T,Rifampicin,3) Uncertain significance,0.01690122,1.0,Unknown,3.1639668139852644,491.0,34.265110857459,1.590263605117798
rpoB,0.313665240019418,M,477,R,M477R,Rifampicin,3) Uncertain significance,0.025060542,0.0,Unknown,3.678426973585301,449.0,36.69003863107888,0.2884786128997803
rpoB,3.3293813873597173,E,481,A,E481A,Rifampicin,3) Uncertain significance,0.020664513,0.875,Unknown,3.874784381097872,444.0,28.30103222386084,0.943394422531128
rpoB,0.4625736958869311,I,488,V,I488V,Rifampicin,3) Uncertain significance,0.017244902,1.0,Unknown,4.877640105624836,491.0,15.178921907491468,1.088003635406494
rpoB,1.5159224551307489,I,488,M,I488M,Rifampicin,3) Uncertain significance,0.023423638,1.0,Unknown,4.877640105624836,491.0,24.48735007204724,0.042936086654663
rpoB,26.22477616995093,I,488,L,I488L,Rifampicin,3) Uncertain significance,0.016960934,1.0,Unknown,4.877640105624836,491.0,20.74950239789154,0.6708009243011475
rpoB,4.548476349103112,N,487,H,N487H,Rifampicin,3) Uncertain significance,0.02308181,0.75,Unknown,3.270322766945162,491.0,25.720699680937056,0.6124992370605469
rpoB,3.18923187017117,N,487,S,N487S,Rifampicin,3) Uncertain significance,0.018845618,1.0,Unknown,3.270322766945162,491.0,19.57151835136661,0.7519421577453613
rpoB,30.96106992584191,L,490,V,L490V,Rifampicin,3) Uncertain significance,0.01517169,1.0,Unknown,1.3286575932120603,491.0,21.74847419041692,0.2516582012176513
rpoB,0.2840604209004596,I,491,V,I491V,Rifampicin,3) Uncertain significance,0.016401794,1.0,Unknown,3.4206513999529538,448.0,15.178921907491468,1.0567996501922607
rpoB,5.141048737319579,I,491,S,I491S,Rifampicin,3) Uncertain significance,0.024606712,0.6,Unknown,3.4206513999529538,448.0,38.25058504319116,2.4443447589874268
rpoB,5.771078364109599,I,491,L,I491L,Rifampicin,3) Uncertain significance,0.01622407,1.0,Unknown,3.4206513999529538,448.0,20.74950239789154,0.942617416381836
rpoB,113.47621283726768,I,491,F,I491F,Rifampicin,1) Assoc w R,0.024606025,0.5686274509803921,Resistant,3.4206513999529538,448.0,19.63118745944652,0.2111191749572754
rpoB,4.063131326066014,I,491,M,I491M,Rifampicin,3) Uncertain significance,0.021908328,0.9,Unknown,3.4206513999529538,448.0,24.48735007204724,0.2822070121765136
rpoB,3.668093871758174,I,491,T,I491T,Rifampicin,3) Uncertain significance,0.020375706,1.0,Unknown,3.4206513999529538,448.0,31.61668122731128,2.375338554382324
rpoB,131.4133552993139,I,491,Y,I491Y,Rifampicin,3) Uncertain significance,0.029242283,1.0,Unknown,3.4206513999529538,448.0,27.868250527953407,0.8007910251617432
rpoB,1.996852788250635,G,492,S,G492S,Rifampicin,3) Uncertain significance,0.019228319,0.0,Unknown,1.328429523911605,491.0,26.911928800176504,-0.4394629001617431
rpoB,66.79458485371606,S,493,L,S493L,Rifampicin,3) Uncertain significance,0.018517071,1.0,Unknown,3.3389622639377,448.0,37.32648951510237,-0.7033970355987549
rpoB,144.1931046228642,S,493,P,S493P,Rifampicin,3) Uncertain significance,0.014218541,1.0,Unknown,3.3389622639377,448.0,33.197952790471106,-0.1219866275787353
rpoB,2.6654240427842524,S,493,T,S493T,Rifampicin,3) Uncertain significance,0.015137329,0.6666666666666666,Unknown,3.3389622639377,448.0,17.12767927453449,-0.2601730823516845
rpoB,25.40693210966083,S,493,W,S493W,Rifampicin,3) Uncertain significance,0.046535082,0.0,Unknown,3.3389622639377,448.0,42.25434326887481,-2.426081418991089
rpoB,280.1700970483971,L,494,P,L494P,Rifampicin,3) Uncertain significance,0.028030418,1.0,Unknown,4.0484292015546,449.0,49.27170475166683,1.1733067035675049
rpoB,26.451196573385914,S,493,R,S493R,Rifampicin,3) Uncertain significance,0.023867141,0.6666666666666666,Unknown,3.3389622639377,448.0,31.331509629069213,-0.0545430183410644
rpoB,270.78082472381584,S,495,P,S495P,Rifampicin,3) Uncertain significance,0.02033204,1.0,Unknown,5.825592587883213,449.0,33.197952790471106,0.1498777866363525
rpoB,1.19357498846648,R,499,Q,R499Q,Rifampicin,3) Uncertain significance,0.020133838,0.0,Unknown,8.967460510088706,449.0,22.596164034846936,-0.6073849201202393
rpoB,9.979532101042878,V,496,G,V496G,Rifampicin,3) Uncertain significance,0.027190542,1.0,Unknown,9.205782258993532,443.0,42.97384860101139,0.8826651573181152
rpoB,5.176963131889806,V,496,A,V496A,Rifampicin,3) Uncertain significance,0.02003574,0.9772727272727272,Unknown,9.205782258993532,443.0,27.72096759262996,0.395327091217041
rpoB,45.717453036439565,R,499,W,R499W,Rifampicin,3) Uncertain significance,0.04874965,0.0,Unknown,8.967460510088706,449.0,38.45697518672335,-2.4001855850219727
rpoB,113.75692028280218,A,498,V,A498V,Rifampicin,3) Uncertain significance,0.024505526,1.0,Unknown,7.47128188465675,449.0,27.72096759262996,-0.579308271408081
rpoB,12.485691509112712,V,496,E,V496E,Rifampicin,3) Uncertain significance,0.03018149,1.0,Unknown,9.205782258993532,443.0,40.07063541729576,0.2193708419799804
rpoB,47.49531015749108,V,496,M,V496M,Rifampicin,3) Uncertain significance,0.024409467,1.0,Unknown,9.205782258993532,443.0,26.61946259943389,-0.8351857662200928
rpoB,27.29794140822605,V,496,L,V496L,Rifampicin,3) Uncertain significance,0.013834676,1.0,Unknown,9.205782258993532,443.0,21.74847419041692,-0.0009355545043945
rpoB,3.877641738741658,A,498,G,A498G,Rifampicin,3) Uncertain significance,0.023306163,0.0,Unknown,7.47128188465675,449.0,34.52555545602958,0.658676266670227
rpoB,11.191092390805352,N,501,K,N501K,Rifampicin,3) Uncertain significance,0.031211516,1.0,Unknown,10.691852271706743,449.0,26.3028009866802,0.6037342548370361
rpoB,9.872999561544477,F,503,V,F503V,Rifampicin,3) Uncertain significance,0.027463121,1.0,Unknown,12.732854707409516,449.0,23.46929055924925,0.8927669525146484
rpoB,2.20061775933209,P,502,L,P502L,Rifampicin,3) Uncertain significance,0.027714364,0.0,Unknown,13.659827341515015,449.0,49.27170475166683,1.210292100906372
rpoB,8.336296213105015,F,503,S,F503S,Rifampicin,3) Uncertain significance,0.031257212,1.0,Unknown,12.732854707409516,449.0,38.08678371297432,1.0435187816619873
rpoB,8.171911628019643,E,507,K,E507K,Rifampicin,3) Uncertain significance,0.026651837,0.5,Unknown,9.755116298640424,449.0,24.435330484711496,0.1640870571136474
rpoB,11.61682659836697,P,509,S,P509S,Rifampicin,3) Uncertain significance,0.023165027,0.75,Unknown,13.468723807399128,449.0,33.197952790471106,0.6899545192718506
rpoB,1.0109171869439706,Y,510,H,Y510H,Rifampicin,3) Uncertain significance,0.032220814,1.0,Unknown,14.050915770867045,449.0,25.616944290458218,-0.2799725532531738
rpoB,181.8992375270618,T,508,P,T508P,Rifampicin,3) Uncertain significance,0.01979011,1.0,Unknown,11.22344127262223,449.0,34.265110857459,-0.2704100608825683
rpoB,2.620533822585003,I,506,V,I506V,Rifampicin,3) Uncertain significance,0.017123848,0.0,Unknown,4.1062803119124895,449.0,15.178921907491468,0.8565006256103516
rpoB,1.7630567963160502,D,515,A,D515A,Rifampicin,3) Uncertain significance,0.029479768,1.0,Unknown,31.879034317243686,449.0,32.79578065715211,-0.0302562713623046
rpoB,97.09712320687368,G,516,D,G516D,Rifampicin,3) Uncertain significance,0.024307853,0.0,Unknown,31.72018184058849,449.0,34.61903783109632,0.7925012111663818
rpoB,8.208840033799788,D,515,Y,D515Y,Rifampicin,3) Uncertain significance,0.042408325,0.0,Unknown,31.879034317243686,449.0,36.32517153463494,-1.4452166557312012
rpoB,3.5608081389514155,V,517,M,V517M,Rifampicin,3) Uncertain significance,0.022983057,0.0,Unknown,29.77085430416804,449.0,26.61946259943389,-1.760303020477295
rpoB,46.94083975354624,G,516,R,G516R,Rifampicin,3) Uncertain significance,0.02017974,0.0,Unknown,31.72018184058849,449.0,44.1492475965258,1.556623458862305
rpoB,3.386899826424724,D,520,V,D520V,Rifampicin,3) Uncertain significance,0.042814855,0.0,Unknown,24.97793692441392,449.0,42.073261479334384,-0.6673059463500977
rpoB,2.600157088141259,D,520,G,D520G,Rifampicin,3) Uncertain significance,0.058742926,1.0,Unknown,24.97793692441392,449.0,34.61903783109632,-0.1063177585601806
rpoB,1.80861723939006,D,520,A,D520A,Rifampicin,3) Uncertain significance,0.04184221,1.0,Unknown,24.97793692441392,449.0,32.79578065715211,-0.469611644744873
rpoB,1.5612469271218288,V,523,L,V523L,Rifampicin,3) Uncertain significance,0.017315669,1.0,Unknown,17.746334410238074,449.0,21.74847419041692,-0.075526475906372
rpoB,160.66425056524213,L,525,P,L525P,Rifampicin,3) Uncertain significance,0.035547674,1.0,Unknown,13.108229819468388,449.0,49.27170475166683,0.4150824546813965
rpoB,8.586859974565868,D,531,Y,D531Y,Rifampicin,3) Uncertain significance,0.028753076,1.0,Unknown,16.819764148168076,449.0,36.32517153463494,0.1923878192901611
rpoB,2.1479641605737925,E,530,Q,E530Q,Rifampicin,3) Uncertain significance,0.030643271,1.0,Unknown,13.704287029977158,449.0,21.817564078907125,-0.4562296867370605
rpoB,2.551424231635337,H,533,N,H533N,Rifampicin,3) Uncertain significance,0.03332023,1.0,Unknown,21.38653101837697,449.0,25.720699680937056,-0.1386933326721191
rpoB,4.197741969870094,H,533,R,H533R,Rifampicin,3) Uncertain significance,0.03235781,0.0,Unknown,21.38653101837697,449.0,26.692906012304967,1.6616089344024658
rpoB,2.227713229771325,T,526,N,T526N,Rifampicin,3) Uncertain significance,0.020064572,0.0,Unknown,11.840836161352806,449.0,24.234231473312622,-1.0588366985321045
rpoB,-140.6363194977339,V,534,A,V534A,Rifampicin,3) Uncertain significance,0.02807938,1.0,Unknown,22.270187538500885,449.0,27.72096759262996,-0.543402910232544
rpoB,17.76251067398198,A,527,T,A527T,Rifampicin,3) Uncertain significance,0.018222198,1.0,Unknown,12.095229348796998,449.0,26.41694255168034,0.2719271183013916
rpoB,66.41772950172754,A,527,V,A527V,Rifampicin,3) Uncertain significance,0.02469134,0.0,Unknown,12.095229348796998,449.0,27.72096759262996,0.0144155025482177
rpoB,-140.85969642778628,V,534,M,V534M,Rifampicin,3) Uncertain significance,0.0312505,0.9807692307692308,Unknown,22.270187538500885,449.0,26.61946259943389,-1.3461582660675049
rpoB,-138.06361303486435,V,534,G,V534G,Rifampicin,3) Uncertain significance,0.022436313,1.0,Unknown,22.270187538500885,449.0,42.97384860101139,-1.4078166484832764
rpoB,-140.17150471168225,V,534,L,V534L,Rifampicin,3) Uncertain significance,0.019290432,1.0,Unknown,22.270187538500885,449.0,21.74847419041692,0.1708652973175048
rpoB,1.980900860096881,P,541,L,P541L,Rifampicin,3) Uncertain significance,0.03457368,0.0,Unknown,29.279742912122696,449.0,49.27170475166683,1.3920884132385254
rpoB,4.808385498126881,D,543,G,D543G,Rifampicin,3) Uncertain significance,0.02197739,0.0,Unknown,32.67297751965682,443.0,34.61903783109632,-0.1706023216247558
rpoB,2.557561070306747,A,544,V,A544V,Rifampicin,3) Uncertain significance,0.03141187,0.0,Unknown,33.4049649154134,443.0,27.72096759262996,-0.043198823928833
rpoB,1.5167824508812373,N,539,K,N539K,Rifampicin,3) Uncertain significance,0.026840352,1.0,Unknown,22.12957991015646,449.0,26.3028009866802,0.3028607368469238
rpoB,7.84160377687067,I,542,K,I542K,Rifampicin,3) Uncertain significance,0.037263475,1.0,Unknown,29.09921890704285,449.0,41.66098982429674,-0.8094925880432129
rpoB,1.5494496077058102,Q,537,K,Q537K,Rifampicin,3) Uncertain significance,0.025159089,1.0,Unknown,18.745957724266848,449.0,20.152048757182733,0.2357451915740966
rpoB,222.156901254104,S,540,P,S540P,Rifampicin,3) Uncertain significance,0.025668094,1.0,Unknown,25.72258738929659,449.0,33.197952790471106,0.3328945636749267
rpoB,7.479498677199899,A,538,P,A538P,Rifampicin,3) Uncertain significance,0.020959584,1.0,Unknown,20.745292212933524,449.0,43.279408841284464,-0.2979753017425537
rpoB,-1.173051117329578,D,545,E,D545E,Rifampicin,3) Uncertain significance,0.01975881,0.3333333333333333,Unknown,33.57793897784674,443.0,23.13284454741382,0.1536197662353515
rpoB,0.5039911210751598,D,545,A,D545A,Rifampicin,3) Uncertain significance,0.02392808,0.0,Unknown,33.57793897784674,443.0,32.79578065715211,0.4704828262329101
rpoB,0.35002663059322,R,547,S,R547S,Rifampicin,3) Uncertain significance,0.027059654,0.0,Unknown,32.627109540993665,449.0,31.331509629069213,-0.974398136138916
rpoB,3.871492678549657,E,550,G,E550G,Rifampicin,3) Uncertain significance,0.05513738,1.0,Unknown,31.68029775743909,449.0,42.48882015717018,1.1418181657791138
rpoB,12.697861301710418,V,549,I,V549I,Rifampicin,3) Uncertain significance,0.0206371,0.0,Unknown,33.2057607050343,449.0,15.178921907491468,-0.5060713291168213
rpoB,4.273217409666813,V,549,G,V549G,Rifampicin,3) Uncertain significance,0.022613972,1.0,Unknown,33.2057607050343,449.0,42.97384860101139,0.1669034957885742
rpoB,8.583361629781848,F,548,L,F548L,Rifampicin,3) Uncertain significance,0.02269027,0.0,Unknown,27.334763690216903,449.0,22.8377240877722,0.9773647785186768
rpoB,-0.0882737639840343,E,550,K,E550K,Rifampicin,3) Uncertain significance,0.03025169,1.0,Unknown,31.68029775743909,449.0,24.435330484711496,-0.5953054428100586
rpoB,11.442600180531826,R,552,L,R552L,Rifampicin,3) Uncertain significance,0.022148563,1.0,Unknown,31.45443690483109,449.0,40.57857118014128,0.3303532600402832
rpoB,1.6016695211451406,R,552,C,R552C,Rifampicin,3) Uncertain significance,0.05433918,1.0,Unknown,31.45443690483109,449.0,40.517919150720246,-2.499804973602295
rpoB,42.44230878275175,R,552,H,R552H,Rifampicin,3) Uncertain significance,0.02626837,1.0,Unknown,31.45443690483109,449.0,26.692906012304967,-0.969092845916748
rpoB,0.3232066874097654,L,554,P,L554P,Rifampicin,3) Uncertain significance,0.03797337,1.0,Unknown,24.453325029533307,449.0,49.27170475166683,-1.4575183391571045
rpoB,3.964313003213192,L,554,V,L554V,Rifampicin,3) Uncertain significance,0.01934006,1.0,Unknown,24.453325029533307,449.0,21.74847419041692,0.5545835494995117
rpoB,-139.84436147735778,V,555,A,V555A,Rifampicin,3) Uncertain significance,0.025323546,1.0,Unknown,22.45061979099909,449.0,27.72096759262996,-0.0213594436645507
rpoB,3.46976997902766,E,563,A,E563A,Rifampicin,3) Uncertain significance,0.024148194,1.0,Unknown,25.258565972754667,449.0,28.30103222386084,-0.3893003463745117
rpoB,2.3533263605518187,E,563,G,E563G,Rifampicin,3) Uncertain significance,0.02296049,1.0,Unknown,25.258565972754667,449.0,42.48882015717018,-1.0034422874450684
rpoB,31.20294081677821,G,560,D,G560D,Rifampicin,3) Uncertain significance,0.026084673,0.0,Unknown,17.97677599014907,449.0,34.61903783109632,-0.467132568359375
rpoB,24.044587375054107,G,560,A,G560A,Rifampicin,3) Uncertain significance,0.024469791,0.0,Unknown,17.97677599014907,449.0,34.52555545602958,-0.581951379776001
rpoB,-1.0414547626423882,E,563,D,E563D,Rifampicin,3) Uncertain significance,0.018232102,0.0,Unknown,25.258565972754667,449.0,23.13284454741382,-1.148177146911621
rpoB,17.152679548581546,A,559,V,A559V,Rifampicin,3) Uncertain significance,0.027497046,1.0,Unknown,18.65869904360966,449.0,27.72096759262996,-0.1069376468658447
rpoB,4.206920135116434,E,563,K,E563K,Rifampicin,3) Uncertain significance,0.03208503,1.0,Unknown,25.258565972754667,449.0,24.435330484711496,-1.6048200130462646
rpoB,10.955941806360444,V,562,A,V562A,Rifampicin,3) Uncertain significance,0.024495825,1.0,Unknown,22.05993504070217,449.0,27.72096759262996,-0.449936032295227
rpoB,4.951309522828524,V,562,M,V562M,Rifampicin,3) Uncertain significance,0.027148586,1.0,Unknown,22.05993504070217,449.0,26.61946259943389,-1.9905577898025515
rpoB,1.3480927057753431,Y,564,H,Y564H,Rifampicin,3) Uncertain significance,0.03479176,1.0,Unknown,28.35215820709245,449.0,25.616944290458218,-0.5762631893157959
rpoB,3.580151749265042,Y,564,C,Y564C,Rifampicin,3) Uncertain significance,0.058798086,0.0,Unknown,28.35215820709245,449.0,31.8876454197536,-2.0823185443878174
rpoB,172.10291586044468,S,567,P,S567P,Rifampicin,3) Uncertain significance,0.022982616,1.0,Unknown,30.509603914177585,449.0,33.197952790471106,-0.5420613288879395
rpoB,3.687169567512683,D,571,A,D571A,Rifampicin,3) Uncertain significance,0.025459535,1.0,Unknown,24.2005185688241,449.0,32.79578065715211,0.5772559642791748
rpoB,6.636884650939464,D,571,Y,D571Y,Rifampicin,3) Uncertain significance,0.03529541,1.0,Unknown,24.2005185688241,449.0,36.32517153463494,-0.5687129497528076
rpoB,6.321108422780981,Y,572,C,Y572C,Rifampicin,3) Uncertain significance,0.07306435,0.2,Unknown,20.90779345124684,449.0,31.8876454197536,-1.6962754726409912
rpoB,3.1362574916256563,Y,572,H,Y572H,Rifampicin,3) Uncertain significance,0.040171534,1.0,Unknown,20.90779345124684,449.0,25.616944290458218,-0.4095473289489746
rpoB,5.552637095512637,M,573,T,M573T,Rifampicin,3) Uncertain significance,0.030810853,0.0,Unknown,20.05282997484396,449.0,32.68277833750696,1.008012771606445
rpoB,3.2782111152178004,D,574,E,D574E,Rifampicin,3) Uncertain significance,0.01542475,1.0,Unknown,16.807872768438006,449.0,23.13284454741382,0.0657896995544433
rpoB,5.951712499547284,V,575,A,V575A,Rifampicin,3) Uncertain significance,0.019283082,1.0,Unknown,17.22344596763377,449.0,27.72096759262996,-0.0155997276306152
rpoB,6.547617696693578,P,577,A,P577A,Rifampicin,3) Uncertain significance,0.021934576,1.0,Unknown,15.734739591108582,443.0,43.279408841284464,0.980865716934204
rpoB,84.53574899023897,S,576,L,S576L,Rifampicin,3) Uncertain significance,0.026671868,1.0,Unknown,16.021259906761383,443.0,37.32648951510237,0.0348453521728515
rpoB,1.2081941038586592,R,578,G,R578G,Rifampicin,3) Uncertain significance,0.03845246,1.0,Unknown,11.680688121853091,443.0,44.1492475965258,0.4838111400604248
rpoB,32.36783426264674,P,577,L,P577L,Rifampicin,3) Uncertain significance,0.02717455,1.0,Unknown,15.734739591108582,443.0,49.27170475166683,0.2762212753295898
rpoB,25.57494345466512,R,578,H,R578H,Rifampicin,3) Uncertain significance,0.026871473,1.0,Unknown,11.680688121853091,443.0,26.692906012304967,-0.761843204498291
rpoB,1.730892834369115,R,578,C,R578C,Rifampicin,3) Uncertain significance,0.058015984,1.0,Unknown,11.680688121853091,443.0,40.517919150720246,-2.8939454555511475
rpoB,7.951210084178001,P,577,T,P577T,Rifampicin,3) Uncertain significance,0.02058119,1.0,Unknown,15.734739591108582,443.0,34.265110857459,0.2049715518951416
rpoB,10.9557862978304,V,581,L,V581L,Rifampicin,3) Uncertain significance,0.018865881,1.0,Unknown,9.398577392350392,444.0,21.74847419041692,0.0339915752410888
rpoB,16.221218673852945,V,581,M,V581M,Rifampicin,3) Uncertain significance,0.026043976,1.0,Unknown,9.398577392350392,444.0,26.61946259943389,-0.518909215927124
rpoB,0.0402548926840609,S,582,T,S582T,Rifampicin,3) Uncertain significance,0.025863575,1.0,Unknown,5.601130778691026,444.0,17.12767927453449,-0.1464660167694091
rpoB,2.595229724406181,S,582,A,S582A,Rifampicin,3) Uncertain significance,0.024025002,1.0,Unknown,5.601130778691026,444.0,26.48144300167584,0.5602524280548096
rpoB,4.997487828402882,V,583,A,V583A,Rifampicin,3) Uncertain significance,0.022907237,0.0,Unknown,3.954233301159656,443.0,27.72096759262996,0.7975656986236572
rpoB,21.16540638089145,V,583,M,V583M,Rifampicin,3) Uncertain significance,0.02939484,1.0,Unknown,3.954233301159656,443.0,26.61946259943389,-0.5733346939086914
rpoB,22.607726911498048,A,584,D,A584D,Rifampicin,3) Uncertain significance,0.034405492,1.0,Unknown,4.20666007659282,444.0,32.79578065715211,0.0196876525878906
rpoB,5.330337283899098,A,584,G,A584G,Rifampicin,3) Uncertain significance,0.02984151,1.0,Unknown,4.20666007659282,444.0,34.52555545602958,0.050077199935913
rpoB,0.2583676312951866,T,585,A,T585A,Rifampicin,3) Uncertain significance,0.018972188,1.0,Unknown,6.618329169813166,444.0,26.41694255168034,0.434373140335083
rpoB,8.803541534892702,F,590,C,F590C,Rifampicin,3) Uncertain significance,0.05990422,0.0,Unknown,17.511118782076704,444.0,31.49026810135259,-1.8185744285583496
rpoB,2.6976621169501414,E,592,D,E592D,Rifampicin,3) Uncertain significance,0.015396087,1.0,Unknown,17.82063222784196,444.0,23.13284454741382,0.1386950016021728
rpoB,4.346766099596607,H,593,Y,H593Y,Rifampicin,3) Uncertain significance,0.039457455,1.0,Unknown,19.925607468782463,444.0,25.616944290458218,0.2494945526123047
rpoB,2.952537849283999,I,588,V,I588V,Rifampicin,3) Uncertain significance,0.021654865,0.8888888888888888,Unknown,10.944905116080264,444.0,15.178921907491468,0.9141478538513184
rpoB,5.314736033317786,D,594,A,D594A,Rifampicin,3) Uncertain significance,0.026751434,0.0,Unknown,16.665333750033323,444.0,32.79578065715211,0.7512624263763428
rpoB,88.13625443160572,M,587,I,M587I,Rifampicin,3) Uncertain significance,0.02461303,0.0,Unknown,7.1240196518538665,443.0,24.48735007204724,0.0209083557128906
rpoB,6.101685255787288,M,587,T,M587T,Rifampicin,3) Uncertain significance,0.026681565,1.0,Unknown,7.1240196518538665,443.0,32.68277833750696,0.6897187232971191
rpoB,2.1403630990657803,D,595,E,D595E,Rifampicin,3) Uncertain significance,0.018602245,1.0,Unknown,15.771716139976634,491.0,23.13284454741382,0.5313928127288818
rpoB,2.1771252748358165,A,596,G,A596G,Rifampicin,3) Uncertain significance,0.025319338,1.0,Unknown,12.34501927904529,491.0,34.52555545602958,-0.6776793003082275
rpoB,38.47070420481077,A,599,V,A599V,Rifampicin,3) Uncertain significance,0.02065294,1.0,Unknown,11.086701448131471,448.0,27.72096759262996,-0.150362491607666
rpoB,2.4547946131147,A,599,T,A599T,Rifampicin,3) Uncertain significance,0.018185126,1.0,Unknown,11.086701448131471,448.0,26.41694255168034,-0.9883427619934082
rpoB,110.482104420631,G,602,A,G602A,Rifampicin,3) Uncertain significance,0.028965518,1.0,Unknown,9.720810717219011,438.0,34.52555545602958,0.3076550960540771
rpoB,5.503144427619645,V,613,F,V613F,Rifampicin,3) Uncertain significance,0.022585405,0.0,Unknown,10.920146244441968,437.0,23.46929055924925,-0.8668985366821289
rpoB,2.494765931033271,V,613,I,V613I,Rifampicin,3) Uncertain significance,0.021641731,0.0,Unknown,10.920146244441968,437.0,15.178921907491468,-0.7232224941253662
rpoB,-1.2992455373405392,R,607,S,R607S,Rifampicin,3) Uncertain significance,0.028806409,1.0,Unknown,2.963627844382635,444.0,31.331509629069213,-0.0662131309509277
rpoB,3.993470448629978,P,618,A,P618A,Rifampicin,3) Uncertain significance,0.028181367,1.0,Unknown,12.06143022199275,438.0,43.279408841284464,0.3287489414215088
rpoB,5.237399695763997,M,624,T,M624T,Rifampicin,3) Uncertain significance,0.030367913,0.0,Unknown,6.348326157342572,443.0,32.68277833750696,0.6558065414428711
rpoB,6.866538854437295,E,625,D,E625D,Rifampicin,3) Uncertain significance,0.0148095805,0.0,Unknown,7.433473481488994,443.0,23.13284454741382,-0.2083332538604736
rpoB,6.280266842960828,D,631,G,D631G,Rifampicin,3) Uncertain significance,0.037532255,1.0,Unknown,4.267214313811758,443.0,34.61903783109632,-0.1220431327819824
rpoB,5.674633404501947,A,628,G,A628G,Rifampicin,3) Uncertain significance,0.034084592,0.0,Unknown,3.490467876947159,443.0,34.52555545602958,-0.2351922988891601
rpoB,257.29582991034977,A,628,P,A628P,Rifampicin,3) Uncertain significance,0.06177576,1.0,Unknown,3.490467876947159,443.0,43.279408841284464,-0.0289361476898193
rpoB,0.3149301056992044,A,632,S,A632S,Rifampicin,3) Uncertain significance,0.025930181,0.0,Unknown,3.6140087160935273,439.0,26.48144300167584,0.0093677043914794
rpoB,3.353463122186895,D,634,G,D634G,Rifampicin,3) Uncertain significance,0.0473646,0.9047619047619048,Unknown,3.127955562344197,439.0,34.61903783109632,-0.1696853637695312
rpoB,4.823947109703568,A,632,G,A632G,Rifampicin,3) Uncertain significance,0.035387944,0.0,Unknown,3.6140087160935273,439.0,34.52555545602958,1.3282023668289185
rpoB,12.615416114867005,G,633,D,G633D,Rifampicin,3) Uncertain significance,0.050313763,1.0,Unknown,6.033529066806565,439.0,34.61903783109632,0.2569961547851562
rpoB,5.630848198367403,A,638,G,A638G,Rifampicin,3) Uncertain significance,0.12117137,1.0,Unknown,15.613380767790176,439.0,34.52555545602958,-0.5251672267913818
rpoB,5.237735109925325,E,639,G,E639G,Rifampicin,3) Uncertain significance,0.049994927,0.0,Unknown,14.994757683937417,446.0,42.48882015717018,-1.0035831928253174
rpoB,8.057688355155278,S,641,R,S641R,Rifampicin,3) Uncertain significance,0.08262876,0.0,Unknown,22.83128848751204,443.0,31.331509629069213,-0.8575692176818848
rpoB,2.4721027363902977,E,639,K,E639K,Rifampicin,3) Uncertain significance,0.03678377,0.0,Unknown,14.994757683937417,446.0,24.435330484711496,-1.8666160106658936
rpoB,2.715139994827496,E,639,D,E639D,Rifampicin,5) Not assoc w R,0.062986664,0.0735294117647058,Susceptible,14.994757683937417,446.0,23.13284454741382,-0.7109532356262207
rpoB,1.1593953579999834,E,639,Q,E639Q,Rifampicin,3) Uncertain significance,0.02487482,0.0,Unknown,14.994757683937417,446.0,21.817564078907125,-1.640012502670288
rpoB,199.80990329536644,G,642,S,G642S,Rifampicin,3) Uncertain significance,0.12845553,0.0,Unknown,24.22518728513775,439.0,26.911928800176504,3.0402274131774902
rpoB,0.4388870323164155,I,644,V,I644V,Rifampicin,3) Uncertain significance,0.019805264,0.0,Unknown,21.08996391651725,439.0,15.178921907491468,1.3188714981079102
rpoB,4.824602781538033,E,645,G,E645G,Rifampicin,3) Uncertain significance,0.1148501,0.0,Unknown,25.07456183066815,439.0,42.48882015717018,-0.9303395748138428
rpoB,5.000140163624565,E,646,G,E646G,Rifampicin,3) Uncertain significance,0.0640671,0.0,Unknown,22.43991374760607,439.0,42.48882015717018,-1.370042324066162
rpoB,2.325552614279786,Y,651,H,Y651H,Rifampicin,3) Uncertain significance,0.029384613,0.0,Unknown,18.735931415331343,439.0,25.616944290458218,-2.3801629543304443
rpoB,3.5342077458776657,T,653,A,T653A,Rifampicin,3) Uncertain significance,0.06656427,0.5,Unknown,21.3866928252126,439.0,26.41694255168034,-0.3512897491455078
rpoB,2.4420563091848635,H,656,Q,H656Q,Rifampicin,3) Uncertain significance,0.04379819,0.3333333333333333,Unknown,23.052601371645668,446.0,22.559771492482422,1.011277198791504
rpoB,0.0893449074505952,M,655,T,M655T,Rifampicin,3) Uncertain significance,0.04120403,0.0,Unknown,25.36911661843984,439.0,32.68277833750696,0.6087806224822998
rpoB,8.82504053405819,G,659,D,G659D,Rifampicin,3) Uncertain significance,0.035039265,0.0,Unknown,30.22315948076905,446.0,34.61903783109632,0.2370448112487793
rpoB,1.9459228421123955,T,660,N,T660N,Rifampicin,3) Uncertain significance,0.027268512,0.0,Unknown,26.5482387739752,446.0,24.234231473312622,-2.233726024627685
rpoB,0.7622881540287381,R,661,Q,R661Q,Rifampicin,3) Uncertain significance,0.024109757,0.0,Unknown,24.320415970949178,446.0,22.596164034846936,-1.3983352184295654
rpoB,1.3542676480074078,R,665,W,R665W,Rifampicin,3) Uncertain significance,0.04541841,1.0,Unknown,14.669530121990965,439.0,38.45697518672335,-0.7685718536376953
rpoB,2.108100342768921,M,666,I,M666I,Rifampicin,3) Uncertain significance,0.026299877,0.0,Unknown,13.856684848837403,439.0,24.48735007204724,-0.1256146430969238
rpoB,35.08596860401531,F,669,L,F669L,Rifampicin,3) Uncertain significance,0.020027148,0.0,Unknown,10.846824327885098,436.0,22.8377240877722,0.7101743221282959
rpoB,113.44365044716916,S,672,F,S672F,Rifampicin,3) Uncertain significance,0.026487378,0.6666666666666666,Unknown,3.019953807593753,436.0,38.08678371297432,-0.5908398628234863
rpoB,3.31372857137103,H,674,D,H674D,Rifampicin,3) Uncertain significance,0.058341675,1.0,Unknown,3.139342765611928,436.0,29.775078049524573,0.5321228504180908
rpoB,169.24142597502487,S,672,P,S672P,Rifampicin,3) Uncertain significance,0.028655639,1.0,Unknown,3.019953807593753,436.0,33.197952790471106,0.0029945373535156
rpoB,4.46922632897622,S,672,A,S672A,Rifampicin,3) Uncertain significance,0.022385769,1.0,Unknown,3.019953807593753,436.0,26.48144300167584,0.302469253540039
rpoB,2.1287240209298943,N,673,S,N673S,Rifampicin,3) Uncertain significance,0.029697185,0.8333333333333334,Unknown,2.671165101598913,436.0,19.57151835136661,0.937706470489502
rpoB,1.2128284041064037,H,674,Q,H674Q,Rifampicin,3) Uncertain significance,0.037455875,1.0,Unknown,3.139342765611928,436.0,22.559771492482422,0.0173931121826171
rpoB,7.359138164401429,S,672,C,S672C,Rifampicin,3) Uncertain significance,0.088902935,1.0,Unknown,3.019953807593753,436.0,32.719896973736354,-1.3634624481201172
rpoB,123.77299242245272,S,672,Y,S672Y,Rifampicin,3) Uncertain significance,0.044518076,1.0,Unknown,3.019953807593753,436.0,32.88015694502548,-0.84444260597229
rpoB,4.161633221405282,N,673,T,N673T,Rifampicin,3) Uncertain significance,0.044354126,0.0,Unknown,2.671165101598913,436.0,24.234231473312622,0.8983054161071777
rpoB,1.0679445008536277,H,674,Y,H674Y,Rifampicin,3) Uncertain significance,0.028497843,1.0,Unknown,3.139342765611928,436.0,25.616944290458218,0.854442834854126
rpoB,3.745223887690827,H,674,R,H674R,Rifampicin,3) Uncertain significance,0.054174032,0.6666666666666666,Unknown,3.139342765611928,436.0,26.692906012304967,0.8714721202850342
rpoB,1.8204156057736327,H,674,N,H674N,Rifampicin,3) Uncertain significance,0.052068777,1.0,Unknown,3.139342765611928,436.0,25.720699680937056,-0.1897003650665283
rpoB,9.55662306369868,G,675,D,G675D,Rifampicin,3) Uncertain significance,0.030313902,0.5714285714285714,Unknown,5.411159210372574,436.0,34.61903783109632,-0.2703418731689453
rpoB,4.799753776093439,T,676,A,T676A,Rifampicin,3) Uncertain significance,0.02330018,1.0,Unknown,2.945905293793411,437.0,26.41694255168034,0.3090062141418457
rpoB,1.6613857396564526,C,681,G,C681G,Rifampicin,3) Uncertain significance,0.054832585,0.0,Unknown,11.243632598053,439.0,41.869754062050006,0.5800971984863281
rpoB,1.6112111348688811,P,682,T,P682T,Rifampicin,3) Uncertain significance,0.0261142,0.0,Unknown,14.10918197487012,439.0,34.265110857459,1.8830795288085935
rpoB,129.28889298167496,T,676,P,T676P,Rifampicin,3) Uncertain significance,0.022003025,0.75,Unknown,2.945905293793411,437.0,34.265110857459,0.4577565193176269
rpoB,-2.3898386584528453,C,681,R,C681R,Rifampicin,3) Uncertain significance,0.0817685,1.0,Unknown,11.243632598053,439.0,40.517919150720246,0.9892401695251464
rpoB,-1.591883494976173,P,682,A,P682A,Rifampicin,3) Uncertain significance,0.030383132,0.0,Unknown,14.10918197487012,439.0,43.279408841284464,0.809457540512085
rpoB,2.811497042645442,N,679,S,N679S,Rifampicin,3) Uncertain significance,0.02567963,1.0,Unknown,8.741952241919408,439.0,19.57151835136661,0.5157370567321777
rpoB,25.192176305357407,T,676,I,T676I,Rifampicin,3) Uncertain significance,0.037731897,1.0,Unknown,2.945905293793411,437.0,31.61668122731128,0.0144507884979248
rpoB,2.6400077448779484,A,686,T,A686T,Rifampicin,3) Uncertain significance,0.0780434,0.0,Unknown,23.864984307558213,439.0,26.41694255168034,-0.4719085693359375
rpoB,43.55318002608465,G,693,V,G693V,Rifampicin,3) Uncertain significance,0.16656393,0.0,Unknown,14.610285726158803,443.0,42.97384860101139,-0.2344765663146972
rpoB,2.4813973275158787,A,692,T,A692T,Rifampicin,3) Uncertain significance,0.15835406,0.8617021276595744,Unknown,18.23325519483562,443.0,26.41694255168034,-0.986741065979004
rpoB,90.33577108452393,V,695,L,V695L,Rifampicin,3) Uncertain significance,0.038051408,0.6395939086294417,Unknown,11.04311663435645,439.0,21.74847419041692,1.4352126121520996
rpoB,10.1313221072528,D,703,G,D703G,Rifampicin,3) Uncertain significance,0.0691094,0.0,Unknown,8.483042143005063,439.0,34.61903783109632,0.0255420207977294
rpoB,174.31241477487765,G,699,S,G699S,Rifampicin,3) Uncertain significance,0.03839324,1.0,Unknown,5.607079988728538,439.0,26.911928800176504,-0.187101125717163
rpoB,7.365158184995835,P,700,S,P700S,Rifampicin,3) Uncertain significance,0.03648263,1.0,Unknown,4.290661254398897,439.0,33.197952790471106,-0.5990285873413086
rpoB,0.8677453041091212,C,701,S,C701S,Rifampicin,3) Uncertain significance,0.061709646,0.0,Unknown,3.906998080368079,438.0,32.719896973736354,0.2344911098480224
rpoB,336.8491569430198,P,700,L,P700L,Rifampicin,3) Uncertain significance,0.089210995,0.6666666666666666,Unknown,4.290661254398897,439.0,49.27170475166683,0.554053783416748
rpoB,25.95668339891245,P,700,R,P700R,Rifampicin,3) Uncertain significance,0.031230865,1.0,Unknown,4.290661254398897,439.0,42.60148692869801,-0.2073593139648437
rpoB,743.7820287451623,C,701,W,C701W,Rifampicin,3) Uncertain significance,0.06197772,1.0,Unknown,3.906998080368079,438.0,34.54185018841475,-1.1132667064666748
rpoB,5.323649147537708,A,708,S,A708S,Rifampicin,3) Uncertain significance,0.023887008,1.0,Unknown,6.944825771752656,438.0,26.48144300167584,-0.3862299919128418
rpoB,2.853577734294504,K,711,R,K711R,Rifampicin,3) Uncertain significance,0.02316842,0.0,Unknown,11.7210165941355,438.0,22.54394404482823,0.5635972023010254
rpoB,1.288365998333575,M,707,T,M707T,Rifampicin,3) Uncertain significance,0.027919946,0.0,Unknown,3.615096264278448,439.0,32.68277833750696,1.0136935710906982
rpoB,4.494003237868128,V,715,A,V715A,Rifampicin,3) Uncertain significance,0.029693432,0.0,Unknown,21.13845930998756,438.0,27.72096759262996,0.6407666206359863
rpoB,1.243783255922608,E,721,G,E721G,Rifampicin,3) Uncertain significance,0.03908579,0.0,Unknown,31.341164528460027,437.0,42.48882015717018,0.4851014614105224
rpoB,-0.2821398657156351,E,721,K,E721K,Rifampicin,3) Uncertain significance,0.029375974,0.0,Unknown,31.341164528460027,437.0,24.435330484711496,-0.6035425662994385
rpoB,0.6320007065010032,P,719,S,P719S,Rifampicin,3) Uncertain significance,0.06295603,0.0,Unknown,29.10177745430681,438.0,33.197952790471106,-0.388756513595581
rpoB,0.0882108644068466,E,721,D,E721D,Rifampicin,3) Uncertain significance,0.017818429,0.0,Unknown,31.341164528460027,437.0,23.13284454741382,-0.1934304237365722
rpoB,1.9645515883385087,I,717,V,I717V,Rifampicin,3) Uncertain significance,0.016570766,1.0,Unknown,24.19018985043316,438.0,15.178921907491468,0.7383749485015869
rpoB,2.7175046180418576,H,723,D,H723D,Rifampicin,3) Uncertain significance,0.040878046,1.0,Unknown,24.73311233953381,437.0,29.775078049524573,1.1430962085723877
rpoB,5.432171552705768,N,724,S,N724S,Rifampicin,3) Uncertain significance,0.019781712,0.0,Unknown,24.54699837047292,438.0,19.57151835136661,0.7184062004089355
rpoB,3.2861957872128187,R,734,H,R734H,Rifampicin,3) Uncertain significance,0.029179562,0.0,Unknown,20.53543476530263,438.0,26.692906012304967,-0.938560962677002
rpoB,137.04740604625158,L,731,P,L731P,Rifampicin,3) Uncertain significance,0.06697249,1.0,Unknown,17.510650330584532,438.0,49.27170475166683,-0.6850032806396484
rpoB,-1.588635274046737,N,733,S,N733S,Rifampicin,3) Uncertain significance,0.027608072,1.0,Unknown,23.17215831553029,437.0,19.57151835136661,0.6099865436553955
rpoB,3.538203011495625,E,737,G,E737G,Rifampicin,3) Uncertain significance,0.023852581,0.0,Unknown,21.78042995443385,437.0,42.48882015717018,2.060253143310547
rpoB,16.338271247192097,V,736,L,V736L,Rifampicin,3) Uncertain significance,0.018649714,1.0,Unknown,20.029995631552183,437.0,21.74847419041692,0.0066547393798828
rpoB,2.752465372638653,E,738,A,E738A,Rifampicin,3) Uncertain significance,0.034235287,0.0,Unknown,19.0526830394042,437.0,28.30103222386084,-0.052847146987915
rpoB,2.615894768843191,V,740,T,V740T,Rifampicin,3) Uncertain significance,0.024349121,0.0,Unknown,13.692896333500803,438.0,27.280310339619216,-0.6303646564483643
rpoB,0.5419779594776628,T,742,A,T742A,Rifampicin,3) Uncertain significance,0.019903027,1.0,Unknown,11.620258559946064,437.0,26.41694255168034,0.3951921463012695
rpoB,4.976162478810238,T,742,N,T742N,Rifampicin,3) Uncertain significance,0.026466154,1.0,Unknown,11.620258559946064,437.0,24.234231473312622,-0.3950426578521728
rpoB,1.7115157627786175,E,750,K,E750K,Rifampicin,3) Uncertain significance,0.034676794,1.0,Unknown,14.979057413602488,436.0,24.435330484711496,-0.7182285785675049
rpoB,2.838079406525594,D,752,G,D752G,Rifampicin,3) Uncertain significance,0.02913675,1.0,Unknown,18.55311944121527,426.0,34.61903783109632,0.2743043899536133
rpoB,0.2219939333604088,E,750,Q,E750Q,Rifampicin,3) Uncertain significance,0.0271789,1.0,Unknown,14.979057413602488,436.0,21.817564078907125,-0.9302659034729004
rpoB,10.397121949116354,A,753,T,A753T,Rifampicin,3) Uncertain significance,0.01779643,0.5,Unknown,23.391285856061867,426.0,26.41694255168034,-0.2860481739044189
rpoB,5.197659515451505,E,750,G,E750G,Rifampicin,3) Uncertain significance,0.026109485,1.0,Unknown,14.979057413602488,436.0,42.48882015717018,-0.2249188423156738
rpoB,2.072255054584275,D,752,N,D752N,Rifampicin,3) Uncertain significance,0.022449933,0.0,Unknown,18.55311944121527,426.0,20.632582370741144,-1.0521106719970703
rpoB,1.738356799914527,I,751,V,I751V,Rifampicin,3) Uncertain significance,0.02001089,0.0,Unknown,19.578398862011163,436.0,15.178921907491468,0.3857660293579101
rpoB,2.21038873632142,H,749,Y,H749Y,Rifampicin,3) Uncertain significance,0.03827093,0.2,Unknown,14.986439637218693,436.0,25.616944290458218,-0.061802864074707
rpoB,39.53726835193311,A,753,V,A753V,Rifampicin,3) Uncertain significance,0.024903364,1.0,Unknown,23.391285856061867,426.0,27.72096759262996,0.3027300834655761
rpoB,5.483150063005269,T,756,A,T756A,Rifampicin,3) Uncertain significance,0.02074381,1.0,Unknown,26.429269342908427,426.0,26.41694255168034,0.5047078132629395
rpoB,4.0208398468403175,E,761,A,E761A,Rifampicin,3) Uncertain significance,0.026917685,1.0,Unknown,24.842542120322552,426.0,28.30103222386084,0.2878315448760986
rpoB,7.324779685185149,E,761,G,E761G,Rifampicin,3) Uncertain significance,0.024355408,1.0,Unknown,24.842542120322552,426.0,42.48882015717018,-0.1268212795257568
rpoB,4.927248511121888,E,761,D,E761D,Rifampicin,3) Uncertain significance,0.020701732,1.0,Unknown,24.842542120322552,426.0,23.13284454741382,-0.5329651832580566
rpoB,0.0958509135934946,D,766,H,D766H,Rifampicin,3) Uncertain significance,0.037122384,1.0,Unknown,34.59796619745155,436.0,29.775078049524573,-0.5653557777404785
rpoB,5.601181247275235,N,769,T,N769T,Rifampicin,3) Uncertain significance,0.022603165,1.0,Unknown,37.56266622592174,437.0,24.234231473312622,1.4227869510650637
rpoB,5.1869833111304615,P,768,L,P768L,Rifampicin,3) Uncertain significance,0.035350252,1.0,Unknown,36.28876043625629,436.0,49.27170475166683,0.3525950908660888
rpoB,0.0087687869167893,I,770,V,I770V,Rifampicin,3) Uncertain significance,0.021528099,0.5,Unknown,33.712418438907626,436.0,15.178921907491468,0.4801552295684814
rpoB,155.8900097130313,L,775,P,L775P,Rifampicin,3) Uncertain significance,0.037509903,1.0,Unknown,32.718238354165706,436.0,49.27170475166683,-1.304464340209961
rpoB,14.582321721654353,A,776,V,A776V,Rifampicin,3) Uncertain significance,0.03214354,0.6666666666666666,Unknown,32.412621877904286,436.0,27.72096759262996,-0.7827577590942383
rpoB,-1.544546840161729,D,777,N,D777N,Rifampicin,3) Uncertain significance,0.023248138,1.0,Unknown,28.276548162744337,436.0,20.632582370741144,-0.8480744361877441
rpoB,-0.7606082545403297,D,777,H,D777H,Rifampicin,3) Uncertain significance,0.04019774,0.0,Unknown,28.276548162744337,436.0,29.775078049524573,-0.8581638336181641
rpoB,24.859942175231936,L,778,V,L778V,Rifampicin,3) Uncertain significance,0.029593835,1.0,Unknown,27.77593479975065,436.0,21.74847419041692,0.4778215885162353
rpoB,7.680731406775067,L,778,M,L778M,Rifampicin,3) Uncertain significance,0.029072197,0.0,Unknown,27.77593479975065,436.0,24.945776373708327,-1.0791869163513184
rpoB,1.4920396491429528,I,783,V,I783V,Rifampicin,3) Uncertain significance,0.02131583,0.0,Unknown,23.58664984689431,436.0,15.178921907491468,0.868973970413208
rpoB,7.907084776983538,G,787,S,G787S,Rifampicin,3) Uncertain significance,0.02849635,1.0,Unknown,23.15387434102552,436.0,26.911928800176504,1.0890979766845703
rpoB,2.473667576256957,E,789,K,E789K,Rifampicin,3) Uncertain significance,0.030688448,0.0,Unknown,24.35247028537352,437.0,24.435330484711496,-0.5494272708892822
rpoB,4.047634627886964,R,791,C,R791C,Rifampicin,3) Uncertain significance,0.06603481,0.0476190476190476,Unknown,23.388129232582948,437.0,40.517919150720246,-3.17673659324646
rpoB,4.9650365634965965,V,800,A,V800A,Rifampicin,3) Uncertain significance,0.02924864,1.0,Unknown,30.07754306787708,426.0,27.72096759262996,-0.498549222946167
rpoB,-0.9288707416262696,K,803,T,K803T,Rifampicin,3) Uncertain significance,0.039135396,1.0,Unknown,33.5212312124719,426.0,29.637803707829963,0.199181318283081
rpoB,63.96363031161218,G,798,S,G798S,Rifampicin,3) Uncertain significance,0.03224094,1.0,Unknown,27.495691844359904,436.0,26.911928800176504,-0.0595560073852539
rpoB,44.52771549447061,V,797,L,V797L,Rifampicin,3) Uncertain significance,0.018137489,1.0,Unknown,23.005775905193893,436.0,21.74847419041692,-0.5716102123260498
rpoB,5.4255928010475145,K,799,Q,K799Q,Rifampicin,3) Uncertain significance,0.027306687,1.0,Unknown,25.40337058344817,426.0,20.152048757182733,-0.8058943748474121
rpoB,0.5356186824969882,E,805,A,E805A,Rifampicin,3) Uncertain significance,0.026827032,0.0,Unknown,38.85254404797709,426.0,28.30103222386084,-0.4271633625030517
rpoB,1.4180386837938386,E,807,A,E807A,Rifampicin,3) Uncertain significance,0.025190005,1.0,Unknown,33.475241612272185,426.0,28.30103222386084,-1.5155253410339355
rpoB,3.143354944748353,E,807,G,E807G,Rifampicin,3) Uncertain significance,0.0234263,1.0,Unknown,33.475241612272185,426.0,42.48882015717018,-1.9706742763519287
rpoB,4.442335330621518,E,812,G,E812G,Rifampicin,3) Uncertain significance,0.029996034,1.0,Unknown,39.27103329427429,426.0,42.48882015717018,-1.4430913925170898
rpoB,1.3511324803635034,A,817,V,A817V,Rifampicin,3) Uncertain significance,0.030887825,1.0,Unknown,48.60222219199447,426.0,27.72096759262996,-0.470318078994751
rpoB,0.5750446797351287,K,822,T,K822T,Rifampicin,3) Uncertain significance,0.030770523,0.0,Unknown,43.91077913223584,426.0,29.637803707829963,0.4546444416046142
rpoB,-0.2448021267573494,E,821,V,E821V,Rifampicin,3) Uncertain significance,0.02953692,1.0,Unknown,45.23569584962741,426.0,40.07063541729576,-0.9486377239227296
rpoB,2.132435989761234,R,824,C,R824C,Rifampicin,3) Uncertain significance,0.06052729,1.0,Unknown,33.07822858014013,426.0,40.517919150720246,-2.8473403453826904
rpoB,1.1357825974987463,R,824,H,R824H,Rifampicin,3) Uncertain significance,0.033137325,1.0,Unknown,33.07822858014013,426.0,26.692906012304967,-1.1280970573425293
rpoB,-1.4366850367132429,R,824,L,R824L,Rifampicin,3) Uncertain significance,0.026107356,1.0,Unknown,33.07822858014013,426.0,40.57857118014128,0.4192962646484375
rpoB,-0.4140881573025581,R,824,S,R824S,Rifampicin,3) Uncertain significance,0.027558032,1.0,Unknown,33.07822858014013,426.0,31.331509629069213,-0.4128210544586181
rpoB,2.4725480142137712,E,825,G,E825G,Rifampicin,3) Uncertain significance,0.01966552,0.0,Unknown,36.25149875522389,426.0,42.48882015717018,0.2792825698852539
rpoB,18.753216454846097,R,827,H,R827H,Rifampicin,3) Uncertain significance,0.026917793,1.0,Unknown,27.917997743391258,426.0,26.692906012304967,-1.3165276050567627
rpoB,1.3291712372028996,R,827,C,R827C,Rifampicin,3) Uncertain significance,0.054404594,0.9897959183673468,Unknown,27.917997743391258,426.0,40.517919150720246,-2.626950979232788
rpoB,-0.145065516734121,R,827,S,R827S,Rifampicin,3) Uncertain significance,0.024454203,1.0,Unknown,27.917997743391258,426.0,31.331509629069213,-0.1979081630706787
rpoB,1.778313623062786,R,827,L,R827L,Rifampicin,3) Uncertain significance,0.022646539,1.0,Unknown,27.917997743391258,426.0,40.57857118014128,0.2127835750579834
rpoB,3.678465915490051,V,833,M,V833M,Rifampicin,3) Uncertain significance,0.02860096,1.0,Unknown,20.55915883493292,437.0,26.61946259943389,-1.4935545921325684
rpoB,5.169958280111587,K,832,N,K832N,Rifampicin,3) Uncertain significance,0.036931414,1.0,Unknown,22.078203980396594,437.0,26.3028009866802,-0.2526273727416992
rpoB,4.992185245617748,K,832,E,K832E,Rifampicin,3) Uncertain significance,0.030996092,1.0,Unknown,22.078203980396594,437.0,24.435330484711496,0.0099720954895019
rpoB,2.7056933990111247,K,832,Q,K832Q,Rifampicin,3) Uncertain significance,0.025038278,1.0,Unknown,22.078203980396594,437.0,20.152048757182733,-0.567197322845459
rpoB,4.9044661789948805,P,834,L,P834L,Rifampicin,3) Uncertain significance,0.029018734,0.0,Unknown,18.52194317559583,437.0,49.27170475166683,0.3160791397094726
rpoB,7.952788746648366,L,831,R,L831R,Rifampicin,3) Uncertain significance,0.023520265,1.0,Unknown,20.66342919265822,436.0,40.57857118014128,-0.1460371017456054
rpoB,11.09340694824823,P,834,T,P834T,Rifampicin,3) Uncertain significance,0.02834482,1.0,Unknown,18.52194317559583,437.0,34.265110857459,0.1928873062133789
rpoB,-0.9279506141911044,H,835,D,H835D,Rifampicin,3) Uncertain significance,0.031227507,1.0,Unknown,18.446656011320886,437.0,29.775078049524573,1.6805219650268557
rpoB,8.143105778576682,H,835,P,H835P,Rifampicin,3) Uncertain significance,0.037704527,1.0,Unknown,18.446656011320886,437.0,40.27416020911824,1.909278154373169
rpoB,0.359967169049014,H,835,R,H835R,Rifampicin,3) Uncertain significance,0.02998453,1.0,Unknown,18.446656011320886,437.0,26.692906012304967,0.8851256370544434
rpoB,7.259452954593598,G,836,S,G836S,Rifampicin,3) Uncertain significance,0.018384064,1.0,Unknown,17.082888807224627,437.0,26.911928800176504,0.5869905948638916
rpoB,24.73431273105507,G,836,C,G836C,Rifampicin,3) Uncertain significance,0.059603013,1.0,Unknown,17.082888807224627,437.0,41.869754062050006,-0.9224505424499512
rpoB,1.0528992239737818,R,845,Q,R845Q,Rifampicin,3) Uncertain significance,0.02071618,1.0,Unknown,16.744688083090704,436.0,22.596164034846936,-1.6064131259918213
rpoB,4.3342782458007605,R,845,W,R845W,Rifampicin,3) Uncertain significance,0.057475775,1.0,Unknown,16.744688083090704,436.0,38.45697518672335,-3.269574880599976
rpoB,4.973188584066065,R,849,H,R849H,Rifampicin,3) Uncertain significance,0.030319244,0.0,Unknown,21.562161904595754,426.0,26.692906012304967,-0.936958074569702
rpoB,1.6854275582027185,D,851,G,D851G,Rifampicin,3) Uncertain significance,0.02721009,0.0,Unknown,25.939208796723168,426.0,34.61903783109632,0.8113512992858887
rpoB,219.72317054249925,D,851,P,D851P,Rifampicin,3) Uncertain significance,0.023467554,0.0,Unknown,25.939208796723168,426.0,35.54235793248025,0.3197329044342041
rpoB,6.460561425981723,P,856,L,P856L,Rifampicin,3) Uncertain significance,0.03384042,0.5,Unknown,15.78554481163066,426.0,49.27170475166683,0.1689314842224121
rpoB,9.509831422399202,L,855,S,L855S,Rifampicin,3) Uncertain significance,0.035290252,1.0,Unknown,17.5897393954544,426.0,37.32648951510237,-0.6135275363922119
rpoB,3.1898428918525497,L,862,R,L862R,Rifampicin,3) Uncertain significance,0.026026612,1.0,Unknown,18.3907149126944,436.0,40.57857118014128,0.3035886287689209
rpoB,3.5142393730152435,Y,866,H,Y866H,Rifampicin,3) Uncertain significance,0.040861335,0.0,Unknown,11.509210268302516,436.0,25.616944290458218,0.0553374290466308
rpoB,7.706021485443216,V,867,A,V867A,Rifampicin,3) Uncertain significance,0.029894534,0.0,Unknown,14.25408046841325,436.0,27.72096759262996,0.7893714904785156
rpoB,7.877130162672074,A,868,V,A868V,Rifampicin,3) Uncertain significance,0.023722837,0.0,Unknown,14.76148386850048,437.0,27.72096759262996,-0.9067776203155518
rpoB,3.0446182434884577,R,871,L,R871L,Rifampicin,3) Uncertain significance,0.02676446,1.0,Unknown,10.012831817223352,437.0,40.57857118014128,-0.5693480968475342
rpoB,2.5475831895346346,R,871,H,R871H,Rifampicin,3) Uncertain significance,0.02726434,1.0,Unknown,10.012831817223352,437.0,26.692906012304967,-1.2154781818389893
rpoB,3.822313130031944,S,874,Y,S874Y,Rifampicin,3) Uncertain significance,0.033565488,1.0,Unknown,16.29488533252076,437.0,32.88015694502548,-0.1639337539672851
rpoB,0.8363337862574554,S,874,T,S874T,Rifampicin,3) Uncertain significance,0.021994306,1.0,Unknown,16.29488533252076,437.0,17.12767927453449,0.4978656768798828
rpoB,118.17382353451283,I,873,F,I873F,Rifampicin,3) Uncertain significance,0.027616821,1.0,Unknown,13.78344010035232,437.0,19.63118745944652,0.3660938739776611
rpoB,4.060520786298184,D,875,A,D875A,Rifampicin,3) Uncertain significance,0.028556967,0.0,Unknown,17.763385657019338,437.0,32.79578065715211,-0.0365705490112304
rpoB,7.2822523856029875,K,891,E,K891E,Rifampicin,3) Uncertain significance,0.031361487,1.0,Unknown,22.72073777411288,437.0,24.435330484711496,-0.3284299373626709
rpoB,2.1104538692779897,K,891,T,K891T,Rifampicin,3) Uncertain significance,0.051451188,1.0,Unknown,22.72073777411288,437.0,29.637803707829963,0.1179895401000976
rpoB,371.6743598205103,G,890,D,G890D,Rifampicin,3) Uncertain significance,0.0392032,0.0,Unknown,20.75593144139768,437.0,34.61903783109632,0.6225111484527588
rpoB,390.992879691456,G,890,C,G890C,Rifampicin,3) Uncertain significance,0.05513926,1.0,Unknown,20.75593144139768,437.0,41.869754062050006,-1.7674946784973145
rpoB,2.65437055650591,I,892,T,I892T,Rifampicin,3) Uncertain significance,0.07715681,0.0,Unknown,19.99265977802856,437.0,31.61668122731128,-0.2118537425994873
rpoB,21.15202557687553,L,893,V,L893V,Rifampicin,3) Uncertain significance,0.022469683,0.0,Unknown,25.40820418683698,438.0,21.74847419041692,0.0960547924041748
rpoB,6.74921209772765,L,893,R,L893R,Rifampicin,3) Uncertain significance,0.022282291,0.0,Unknown,25.40820418683698,438.0,40.57857118014128,1.5187804698944092
rpoB,2.0786208138697475,V,895,F,V895F,Rifampicin,3) Uncertain significance,0.024588628,0.0,Unknown,27.58818415554021,438.0,23.46929055924925,-1.3752408027648926
rpoB,2.414848653682838,E,896,K,E896K,Rifampicin,3) Uncertain significance,0.027180202,1.0,Unknown,30.77280326847068,438.0,24.435330484711496,-0.918796181678772
rpoB,7.254306220616399,A,902,P,A902P,Rifampicin,3) Uncertain significance,0.022377165,0.0,Unknown,34.3483723486281,438.0,43.279408841284464,0.695144534111023
rpoB,4.819959873465905,D,903,N,D903N,Rifampicin,3) Uncertain significance,0.019865286,0.0,Unknown,32.237963660876595,438.0,20.632582370741144,-1.0677388906478882
rpoB,33.835329283183455,P,906,L,P906L,Rifampicin,3) Uncertain significance,0.026749015,0.5,Unknown,26.12623576024682,438.0,49.27170475166683,1.1469690799713137
rpoB,10.798179304052155,P,906,Q,P906Q,Rifampicin,3) Uncertain significance,0.021228861,1.0,Unknown,26.12623576024682,438.0,37.5005576758833,0.2724413871765136
rpoB,3.159825423447728,T,905,I,T905I,Rifampicin,3) Uncertain significance,0.018490555,0.0,Unknown,27.81764537123874,438.0,31.61668122731128,-0.2835731506347656
rpoB,3.135061354608752,I,910,V,I910V,Rifampicin,3) Uncertain significance,0.018278345,0.0,Unknown,22.320382546004907,438.0,15.178921907491468,0.848393440246582
rpoB,3.0232427435944373,I,909,V,I909V,Rifampicin,3) Uncertain significance,0.016099522,1.0,Unknown,17.615811335274913,438.0,15.178921907491468,0.693097710609436
rpoB,4.789115815271089,G,915,S,G915S,Rifampicin,3) Uncertain significance,0.021045165,1.0,Unknown,23.464656251477447,438.0,26.911928800176504,0.0308349132537841
rpoB,12.363748955031042,M,920,V,M920V,Rifampicin,3) Uncertain significance,0.023077514,1.0,Unknown,21.0662567628898,448.0,26.61946259943389,1.0525994300842283
rpoB,11.128562065438928,V,916,M,V916M,Rifampicin,3) Uncertain significance,0.022234555,1.0,Unknown,23.63569008935428,438.0,26.61946259943389,-1.1913034915924072
rpoB,1.9109618331963247,I,925,V,I925V,Rifampicin,5) Not assoc w R,0.016598277,0.0975609756097561,Susceptible,22.002952779115805,438.0,15.178921907491468,0.9205987453460692
rpoB,5.376491909264587,T,928,N,T928N,Rifampicin,3) Uncertain significance,0.021845087,1.0,Unknown,21.277700486659736,438.0,24.234231473312622,-0.3954725265502929
rpoB,146.7292313776984,A,934,V,A934V,Rifampicin,3) Uncertain significance,0.016415456,0.0,Unknown,22.57558280532309,438.0,27.72096759262996,-0.4179093837738037
rpoB,51.45103764993155,A,934,T,A934T,Rifampicin,3) Uncertain significance,0.016599834,1.0,Unknown,22.57558280532309,438.0,26.41694255168034,-0.8353595733642578
rpoB,0.4170408729542032,H,935,R,H935R,Rifampicin,3) Uncertain significance,0.02580703,0.0,Unknown,24.052002931149,438.0,26.692906012304967,0.56675124168396
rpoB,-0.9456891317472582,S,936,R,S936R,Rifampicin,3) Uncertain significance,0.022787718,0.0,Unknown,26.701097823872328,438.0,31.331509629069213,0.1713037490844726
rpoB,-0.7302464845724899,A,943,D,A943D,Rifampicin,3) Uncertain significance,0.019719264,0.0,Unknown,41.93042249966008,443.0,32.79578065715211,-0.4444172382354736
rpoB,26.79977642613312,A,942,T,A942T,Rifampicin,3) Uncertain significance,0.015000302,0.0,Unknown,38.62013249588872,443.0,26.41694255168034,-0.2698197364807129
rpoB,0.6385182483418248,K,944,E,K944E,Rifampicin,5) Not assoc w R,0.02780796,0.037037037037037,Susceptible,44.23779928974768,443.0,24.435330484711496,0.4570841789245605
rpoB,4.2250720414658645,A,943,V,A943V,Rifampicin,3) Uncertain significance,0.020955523,1.0,Unknown,41.93042249966008,443.0,27.72096759262996,-0.1493153572082519
rpoB,-0.7586940042788228,A,943,T,A943T,Rifampicin,3) Uncertain significance,0.01681301,0.0,Unknown,41.93042249966008,443.0,26.41694255168034,0.5977708101272583
rpoB,-1.3627425057034088,K,944,N,K944N,Rifampicin,3) Uncertain significance,0.026647193,0.0,Unknown,44.23779928974768,443.0,26.3028009866802,-0.1205232143402099
rpoB,22.95083532355284,G,945,E,G945E,Rifampicin,3) Uncertain significance,0.019315021,0.1111111111111111,Unknown,40.10901798847735,443.0,42.48882015717018,-0.2483947277069091
rpoB,21.4606706546474,G,945,R,G945R,Rifampicin,3) Uncertain significance,0.02371385,0.0,Unknown,40.10901798847735,443.0,44.1492475965258,0.058119773864746
rpoB,9.586575659272512,V,946,G,V946G,Rifampicin,3) Uncertain significance,0.021346629,0.0,Unknown,36.31654687604536,443.0,42.97384860101139,-0.4388043880462646
rpoB,4.665172224889375,A,951,T,A951T,Rifampicin,3) Uncertain significance,0.016711205,1.0,Unknown,32.94800632815284,443.0,26.41694255168034,-0.240018606185913
rpoB,15.33878767531678,A,950,V,A950V,Rifampicin,3) Uncertain significance,0.018338913,0.0,Unknown,32.76811636331877,443.0,27.72096759262996,-0.2672405242919922
rpoB,-1.1976512865303448,R,952,K,R952K,Rifampicin,3) Uncertain significance,0.02375613,0.5,Unknown,28.78389565364633,443.0,22.54394404482823,-0.3683562278747558
rpoB,0.2254319818084695,P,954,R,P954R,Rifampicin,3) Uncertain significance,0.027056944,0.0,Unknown,25.971966637126275,443.0,42.60148692869801,0.0972442626953125
rpoB,0.7628058227373913,D,955,N,D955N,Rifampicin,3) Uncertain significance,0.022604963,0.0,Unknown,29.6869069624978,443.0,20.632582370741144,-1.032620191574097
rpoB,1.5302637263580436,E,959,K,E959K,Rifampicin,3) Uncertain significance,0.036491178,0.5,Unknown,29.316747534472498,443.0,24.435330484711496,0.0137884616851806
rpoB,97.66651713101464,L,957,V,L957V,Rifampicin,3) Uncertain significance,0.015512184,1.0,Unknown,24.82211918833684,443.0,21.74847419041692,-0.3957316875457763
rpoB,14.041676540741264,A,960,E,A960E,Rifampicin,3) Uncertain significance,0.02051036,0.6666666666666666,Unknown,27.411136751327906,439.0,28.30103222386084,-0.7832393646240234
rpoB,1.1459239685505054,N,963,D,N963D,Rifampicin,3) Uncertain significance,0.0376159,0.0,Unknown,21.55979512889676,439.0,20.632582370741144,1.069005012512207
rpoB,2.100423065918676,N,963,S,N963S,Rifampicin,3) Uncertain significance,0.023620363,0.0,Unknown,21.55979512889676,439.0,19.57151835136661,0.7333097457885742
rpoB,2.8709191801112866,A,964,T,A964T,Rifampicin,3) Uncertain significance,0.01671891,0.0,Unknown,21.020628558632588,439.0,26.41694255168034,0.0107216835021972
rpoB,0.6909427136265549,I,965,V,I965V,Rifampicin,3) Uncertain significance,0.018974643,0.0,Unknown,17.347973109271297,439.0,15.178921907491468,0.3761532306671142
rpoB,4.8021175555295486,F,971,L,F971L,Rifampicin,3) Uncertain significance,0.022942929,1.0,Unknown,15.923870415197438,444.0,22.8377240877722,0.641099214553833
rpoB,7.372695443372777,P,969,S,P969S,Rifampicin,3) Uncertain significance,0.020775903,1.0,Unknown,16.46265744040128,443.0,33.197952790471106,0.2481489181518554
rpoB,2.0878659935660835,V,970,A,V970A,Rifampicin,3) Uncertain significance,0.0129575655,1.0,Unknown,13.96717104498974,444.0,27.72096759262996,-0.1568593978881836
rpoB,145.15650613800972,V,970,M,V970M,Rifampicin,3) Uncertain significance,0.021125961,1.0,Unknown,13.96717104498974,444.0,26.61946259943389,-1.2299067974090576
rpoB,559.4772902101345,G,973,D,G973D,Rifampicin,3) Uncertain significance,0.027974894,1.0,Unknown,20.957289089956262,443.0,34.61903783109632,-0.1376175880432129
rpoB,288.4654331430379,V,970,L,V970L,Rifampicin,3) Uncertain significance,0.012564958,1.0,Unknown,13.96717104498974,444.0,21.74847419041692,0.228424072265625
rpoB,5.49154573727219,A,974,G,A974G,Rifampicin,3) Uncertain significance,0.01895741,0.0,Unknown,22.761762277995963,443.0,34.52555545602958,0.0878632068634033
rpoB,38.53945167731354,A,974,V,A974V,Rifampicin,3) Uncertain significance,0.01848775,1.0,Unknown,22.761762277995963,443.0,27.72096759262996,-0.0934014320373535
rpoB,31.233186314660543,A,974,T,A974T,Rifampicin,3) Uncertain significance,0.016782572,1.0,Unknown,22.761762277995963,443.0,26.41694255168034,1.160033941268921
rpoB,0.1321170308765431,E,976,K,E976K,Rifampicin,3) Uncertain significance,0.022695288,1.0,Unknown,27.95048029998768,444.0,24.435330484711496,-0.6568572521209717
rpoB,1.8533285720614003,Q,975,H,Q975H,Rifampicin,3) Uncertain significance,0.026286203,0.8378378378378378,Unknown,25.80528552448121,444.0,22.559771492482422,-0.3007645606994629
rpoB,0.0444189478312182,A,977,S,A977S,Rifampicin,3) Uncertain significance,0.023235189,1.0,Unknown,30.661993477267583,444.0,26.48144300167584,-0.8531601428985596
rpoB,0.2693532693497218,A,977,T,A977T,Rifampicin,3) Uncertain significance,0.015902264,0.0,Unknown,30.661993477267583,444.0,26.41694255168034,-0.5587868690490723
rpoB,1.13081876079832,Q,980,R,Q980R,Rifampicin,3) Uncertain significance,0.021900646,1.0,Unknown,30.789767683436644,438.0,22.596164034846936,1.0581974983215332
rpoB,1.4242490398751215,G,981,D,G981D,Rifampicin,3) Uncertain significance,0.024263665,1.0,Unknown,32.83193218499332,438.0,34.61903783109632,-0.7682032585144043
rpoB,1.178120129457966,Q,980,K,Q980K,Rifampicin,3) Uncertain significance,0.022569759,1.0,Unknown,30.789767683436644,438.0,20.152048757182733,0.4692697525024414
rpoB,3.126740002007409,S,984,L,S984L,Rifampicin,3) Uncertain significance,0.0166176,0.0,Unknown,33.798901313504274,438.0,37.32648951510237,0.117518663406372
rpoB,4.530242200889006,P,988,A,P988A,Rifampicin,3) Uncertain significance,0.017141478,0.0,Unknown,33.74597703430736,438.0,43.279408841284464,0.5015323162078857
rpoB,1.649428399603039,C,985,S,C985S,Rifampicin,3) Uncertain significance,0.057121232,0.0,Unknown,33.744253866399234,438.0,32.719896973736354,1.4440608024597168
rpoB,5.353472561893341,P,988,S,P988S,Rifampicin,3) Uncertain significance,0.018913446,0.0,Unknown,33.74597703430736,438.0,33.197952790471106,-0.1533279418945312
rpoB,1.6156380454617647,R,990,L,R990L,Rifampicin,3) Uncertain significance,0.018816551,0.0,Unknown,34.82576717030077,438.0,40.57857118014128,-0.1690731048583984
rpoB,2.625082758655026,D,993,G,D993G,Rifampicin,3) Uncertain significance,0.022401752,0.0,Unknown,35.68353694632862,438.0,34.61903783109632,0.5460050106048584
rpoB,-1.579021053897577,D,993,E,D993E,Rifampicin,3) Uncertain significance,0.011644422,0.0,Unknown,35.68353694632862,438.0,23.13284454741382,0.6476607322692871
rpoB,81.87430097146853,G,992,R,G992R,Rifampicin,3) Uncertain significance,0.017728975,1.0,Unknown,38.83419865273391,438.0,44.1492475965258,0.2030019760131836
rpoB,5.415768111469788,V,994,A,V994A,Rifampicin,3) Uncertain significance,0.020660946,0.0,Unknown,35.51914651283163,438.0,27.72096759262996,-1.0091646909713743
rpoB,9.508807522181089,L,995,M,L995M,Rifampicin,3) Uncertain significance,0.022926308,0.0,Unknown,32.36365822956359,438.0,24.945776373708327,-1.8269072771072388
rpoB,5.143957683459576,D,997,E,D997E,Rifampicin,3) Uncertain significance,0.02050937,0.0,Unknown,33.09353130144922,438.0,23.13284454741382,0.8478190898895264
rpoB,1.0273253061272951,D,997,N,D997N,Rifampicin,3) Uncertain significance,0.01702157,0.0,Unknown,33.09353130144922,438.0,20.632582370741144,-1.3624441623687744
rpoB,12.257221109477086,A,998,V,A998V,Rifampicin,3) Uncertain significance,0.024358466,0.0,Unknown,33.933907953549934,438.0,27.72096759262996,-1.2566044330596924
rpoB,10.527667474838836,V,996,G,V996G,Rifampicin,3) Uncertain significance,0.033271167,1.0,Unknown,29.8965116694239,438.0,42.97384860101139,0.4696593284606933
rpoB,5.304311059122483,V,996,A,V996A,Rifampicin,3) Uncertain significance,0.023400232,1.0,Unknown,29.8965116694239,438.0,27.72096759262996,-0.0673999786376953
rpoB,2.368844951713527,A,998,G,A998G,Rifampicin,3) Uncertain significance,0.018312993,0.0,Unknown,33.933907953549934,438.0,34.52555545602958,-0.3900871276855469
rpoB,-1.0082158491431985,M,1003,T,M1003T,Rifampicin,3) Uncertain significance,0.025075942,0.0,Unknown,34.271798464626855,438.0,32.68277833750696,0.8061683177947998
rpoB,318.5351192113535,A,1002,P,A1002P,Rifampicin,3) Uncertain significance,0.022883186,0.0,Unknown,31.75187493676554,438.0,43.279408841284464,-0.920766830444336
rpoB,18.48254056820133,L,1004,I,L1004I,Rifampicin,3) Uncertain significance,0.01755436,0.0,Unknown,30.236883768007587,438.0,20.74950239789154,0.0661695003509521
rpoB,77.11904297865249,F,1005,V,F1005V,Rifampicin,3) Uncertain significance,0.027516851,0.75,Unknown,33.712638312656566,438.0,23.46929055924925,0.9795732498168944
rpoB,6.46209002103069,D,1006,G,D1006G,Rifampicin,3) Uncertain significance,0.02920887,0.0,Unknown,34.89200610455065,438.0,34.61903783109632,0.3168907165527344
rpoB,8.944214540810663,R,1008,C,R1008C,Rifampicin,3) Uncertain significance,0.05446254,1.0,Unknown,32.52190352670029,437.0,40.517919150720246,-2.218621015548706
rpoB,1.475727245561302,E,1011,A,E1011A,Rifampicin,3) Uncertain significance,0.02298518,0.0,Unknown,38.358146253436175,438.0,28.30103222386084,0.0107624530792236
rpoB,0.73941311540284,S,1009,T,S1009T,Rifampicin,3) Uncertain significance,0.021323849,0.0,Unknown,38.12789556217336,438.0,17.12767927453449,-0.1013507843017578
rpoB,2.114357987566564,P,1014,Q,P1014Q,Rifampicin,3) Uncertain significance,0.022128997,0.0,Unknown,38.41774135734686,438.0,37.5005576758833,0.053112506866455
rpoB,2.1547842799759565,P,1014,S,P1014S,Rifampicin,3) Uncertain significance,0.017203206,0.0,Unknown,38.41774135734686,438.0,33.197952790471106,0.4752111434936523
rpoB,2.9253947438992327,P,1014,R,P1014R,Rifampicin,3) Uncertain significance,0.020457866,0.1111111111111111,Unknown,38.41774135734686,438.0,42.60148692869801,0.6096680164337158
rpoB,-2.191537941954266,M,1022,I,M1022I,Rifampicin,3) Uncertain significance,0.025656039,0.0,Unknown,16.16605561044499,438.0,24.48735007204724,-0.341071605682373
rpoB,20.76598535672929,M,1025,L,M1025L,Rifampicin,3) Uncertain significance,0.023359677,1.0,Unknown,7.211905573425099,438.0,24.945776373708327,0.6651303768157959
rpoB,-0.7687827985682816,H,1028,D,H1028D,Rifampicin,3) Uncertain significance,0.023673944,1.0,Unknown,2.7295915445355803,437.0,29.775078049524573,0.9287588596343994
rpoB,-0.9088522038814516,H,1028,Y,H1028Y,Rifampicin,3) Uncertain significance,0.027073797,1.0,Unknown,2.7295915445355803,437.0,25.616944290458218,-0.2746503353118896
rpoB,1.324770416919364,H,1028,R,H1028R,Rifampicin,3) Uncertain significance,0.019871363,0.6666666666666666,Unknown,2.7295915445355803,437.0,26.692906012304967,0.8454749584197998
rpoB,1.5464504298229258,I,1035,T,I1035T,Rifampicin,3) Uncertain significance,0.023535317,1.0,Unknown,15.878815195095648,437.0,31.61668122731128,-0.4325592517852783
rpoB,0.3223848764946524,I,1035,V,I1035V,Rifampicin,3) Uncertain significance,0.017048784,1.0,Unknown,15.878815195095648,437.0,15.178921907491468,0.3236570358276367
rpoB,-0.0879788500956237,I,1046,V,I1046V,Rifampicin,3) Uncertain significance,0.013747786,1.0,Unknown,22.819001380428546,427.0,15.178921907491468,0.473325252532959
rpoB,5.136685169269185,K,1054,R,K1054R,Rifampicin,3) Uncertain significance,0.013921449,1.0,Unknown,15.41708276555589,437.0,22.54394404482823,0.5037615299224854
rpoB,15.056736737084975,A,1055,P,A1055P,Rifampicin,3) Uncertain significance,0.013393042,1.0,Unknown,16.447368968926334,437.0,43.279408841284464,-0.5547451972961426
rpoB,-0.7720314976154441,Q,1056,H,Q1056H,Rifampicin,3) Uncertain significance,0.020365415,1.0,Unknown,18.77719893913892,426.0,22.559771492482422,-0.3123054504394531
rpoB,0.2525431566014049,Q,1056,R,Q1056R,Rifampicin,3) Uncertain significance,0.015678203,1.0,Unknown,18.77719893913892,426.0,22.596164034846936,0.866459846496582
rpoB,40.97515612034249,M,1070,I,M1070I,Rifampicin,3) Uncertain significance,0.020541186,0.0,Unknown,34.329889265769566,452.0,24.48735007204724,0.1204423904418945
rpoB,2.3154808393055646,C,1067,G,C1067G,Rifampicin,3) Uncertain significance,0.04892355,0.0,Unknown,30.36948307100404,452.0,41.869754062050006,1.9583206176757808
rpoB,3.5557922698899347,A,1072,G,A1072G,Rifampicin,3) Uncertain significance,0.015642686,1.0,Unknown,36.13679212381752,452.0,34.52555545602958,-0.0931313037872314
rpoB,4.819293672917411,M,1070,T,M1070T,Rifampicin,3) Uncertain significance,0.021836363,0.0,Unknown,34.329889265769566,452.0,32.68277833750696,0.7826108932495117
rpoB,-0.8188349743677463,Q,1080,R,Q1080R,Rifampicin,3) Uncertain significance,0.01968744,0.8,Unknown,37.58626319548141,429.0,22.596164034846936,0.4310116767883301
rpoB,0.6070256298744425,K,1095,R,K1095R,Rifampicin,3) Uncertain significance,0.021687208,1.0,Unknown,41.80618206677096,437.0,22.54394404482823,0.6282310485839844
rpoB,3.976620147887388,K,1102,T,K1102T,Rifampicin,3) Uncertain significance,0.025819322,1.0,Unknown,43.927015924144,437.0,29.637803707829963,0.0321638584136962
rpoB,0.1583652628196432,K,1102,R,K1102R,Rifampicin,3) Uncertain significance,0.023071688,0.0,Unknown,43.927015924144,437.0,22.54394404482823,0.5674118995666504
rpoB,-0.5857245667907591,N,1105,S,N1105S,Rifampicin,3) Uncertain significance,0.020159127,0.0,Unknown,45.621842323606366,437.0,19.57151835136661,0.102224588394165
rpoB,2.652745369740387,I,1106,T,I1106T,Rifampicin,3) Uncertain significance,0.021936035,1.0,Unknown,41.578674028881686,437.0,31.61668122731128,0.0898580551147461
rpoB,1.2299440058836808,E,1121,D,E1121D,Rifampicin,3) Uncertain significance,0.016614772,1.0,Unknown,25.91014258934136,429.0,23.13284454741382,0.1594266891479492
rpoB,-0.2792214525929921,V,1117,L,V1117L,Rifampicin,3) Uncertain significance,0.011295813,0.0,Unknown,28.54410072151513,429.0,21.74847419041692,0.5289509296417236
rpoB,0.1608417642842141,S,1124,A,S1124A,Rifampicin,3) Uncertain significance,0.020814681,0.0,Unknown,30.31061030398432,427.0,26.48144300167584,0.5090770721435547
rpoB,3.5657784105865176,Q,1123,R,Q1123R,Rifampicin,3) Uncertain significance,0.024902012,1.0,Unknown,33.631216956869125,429.0,22.596164034846936,1.209784984588623
rpoB,-1.0026522024245423,C,1126,F,C1126F,Rifampicin,3) Uncertain significance,0.050743252,0.0,Unknown,33.74703579575545,429.0,31.49026810135259,1.4647364616394043
rpoB,0.2146277946362715,E,1130,V,E1130V,Rifampicin,3) Uncertain significance,0.025923861,0.0,Unknown,40.62408470353518,429.0,40.07063541729576,0.7107099294662476
rpoB,2.24352533488036,S,1133,A,S1133A,Rifampicin,3) Uncertain significance,0.018236494,0.0,Unknown,48.18506917085418,429.0,26.48144300167584,0.3534700870513916
rpoB,1.3566749074843756,S,1134,N,S1134N,Rifampicin,3) Uncertain significance,0.01620024,0.0,Unknown,50.50334264184897,429.0,19.57151835136661,-0.8800630569458008
rpoB,0.3896394154221525,S,1134,K,S1134K,Rifampicin,3) Uncertain significance,0.022802204,0.0,Unknown,50.50334264184897,429.0,28.589114164715,-0.454017162322998
rpoB,2.0524419597199994,S,1134,R,S1134R,Rifampicin,3) Uncertain significance,0.020765916,0.0,Unknown,50.50334264184897,429.0,31.331509629069213,-0.0759508609771728
rpoB,-1.0153457892447475,E,1140,Q,E1140Q,Rifampicin,3) Uncertain significance,0.021098496,1.0,Unknown,44.34795712318663,427.0,21.817564078907125,-0.9464662075042723
rpoB,0.3960657523543887,E,1140,D,E1140D,Rifampicin,3) Uncertain significance,0.012756158,1.0,Unknown,44.34795712318663,427.0,23.13284454741382,-0.3921329975128174
rpoB,3.007019468227554,E,1145,G,E1145G,Rifampicin,3) Uncertain significance,0.018193912,0.0,Unknown,44.29867665066308,427.0,42.48882015717018,-0.1481771469116211
rpoB,2.105062013413317,D,1146,G,D1146G,Rifampicin,3) Uncertain significance,0.02136823,0.0,Unknown,46.86481871297488,427.0,34.61903783109632,0.4953608512878418
rpoB,1.0896449630317877,D,1148,E,D1148E,Rifampicin,3) Uncertain significance,0.009740718,0.0,Unknown,49.060697121015295,426.0,23.13284454741382,0.4101824760437011
rpoB,1.7993145803216066,A,1153,V,A1153V,Rifampicin,3) Uncertain significance,0.018158967,1.0,Unknown,50.8016291274207,426.0,27.72096759262996,-1.110640525817871
rpoB,0.8756215372104634,N,1155,S,N1155S,Rifampicin,3) Uncertain significance,0.019972714,0.6666666666666666,Unknown,49.678906771385385,437.0,19.57151835136661,0.9280731678009032
rpoB,1.5305588726077983,E,1169,A,E1169A,Rifampicin,3) Uncertain significance,0.020108663,0.0,Unknown,,,28.30103222386084,-0.3708573579788208
rpoB,0.8854023022026922,V,1168,F,V1168F,Rifampicin,3) Uncertain significance,0.017431006,0.0,Unknown,,,23.46929055924925,-0.7777833938598633
rpoB,26.62488618069574,A,1172,P,A1172P,Rifampicin,3) Uncertain significance,0.03249136,1.0,Unknown,,,43.279408841284464,-1.1989080905914309
