drug,gene,variant,mutation,effect,confidence,one_letter_mutation,frequency
Bedaquiline,atpE,atpE_p.Ala45Val,p.Ala45Val,missense_variant,3) Uncertain significance,A45V,0.0
Bedaquiline,atpE,atpE_p.Ala62Thr,p.Ala62Thr,missense_variant,3) Uncertain significance,A62T,0.0
Bedaquiline,atpE,atpE_p.Ala63Pro,p.Ala63Pro,missense_variant,2) Assoc w R - Interim,A63P,1.0
Bedaquiline,atpE,atpE_p.Ala63Thr,p.Ala63Thr,missense_variant,3) Uncertain significance,A63T,1.0
Bedaquiline,atpE,atpE_p.Ala63Val,p.Ala63Val,missense_variant,3) Uncertain significance,A63V,1.0
Bedaquiline,atpE,atpE_p.Asp28Ala,p.Asp28Ala,missense_variant,2) Assoc w R - Interim,D28A,
Bedaquiline,atpE,atpE_p.Asp28Gly,p.Asp28Gly,missense_variant,2) Assoc w R - Interim,D28G,
Bedaquiline,atpE,atpE_p.Asp28Val,p.Asp28Val,missense_variant,2) Assoc w R - Interim,D28V,
Bedaquiline,atpE,atpE_p.Glu61Asp,p.Glu61Asp,missense_variant,2) Assoc w R - Interim,E61D,0.4
Bedaquiline,atpE,atpE_p.Ile66Met,p.Ile66Met,missense_variant,2) Assoc w R - Interim,I66M,1.0
Bedaquiline,atpE,atpE_p.Leu59Phe,p.Leu59Phe,missense_variant,3) Uncertain significance,L59F,0.0
Bedaquiline,atpE,atpE_p.Phe76Leu,p.Phe76Leu,missense_variant,3) Uncertain significance,F76L,0.0
Bedaquiline,atpE,atpE_p.Ser37Ala,p.Ser37Ala,missense_variant,3) Uncertain significance,S37A,0.0
Bedaquiline,atpE,atpE_p.Thr51Ile,p.Thr51Ile,missense_variant,3) Uncertain significance,T51I,0.0
Bedaquiline,atpE,atpE_p.Val39Ile,p.Val39Ile,missense_variant,3) Uncertain significance,V39I,0.0
Bedaquiline,pepQ,pepQ_p.Ala124Val,p.Ala124Val,missense_variant,3) Uncertain significance,A124V,0.0
Bedaquiline,pepQ,pepQ_p.Ala137Ser,p.Ala137Ser,missense_variant,3) Uncertain significance,A137S,0.0
Bedaquiline,pepQ,pepQ_p.Ala141Glu,p.Ala141Glu,missense_variant,3) Uncertain significance,A141E,1.0
Bedaquiline,pepQ,pepQ_p.Ala153Gly,p.Ala153Gly,missense_variant,3) Uncertain significance,A153G,0.0
Bedaquiline,pepQ,pepQ_p.Ala16Gly,p.Ala16Gly,missense_variant,3) Uncertain significance,A16G,0.0
Bedaquiline,pepQ,pepQ_p.Ala187Glu,p.Ala187Glu,missense_variant,3) Uncertain significance,A187E,0.0
Bedaquiline,pepQ,pepQ_p.Ala227Asp,p.Ala227Asp,missense_variant,3) Uncertain significance,A227D,0.0
Bedaquiline,pepQ,pepQ_p.Ala242Thr,p.Ala242Thr,missense_variant,3) Uncertain significance,A242T,0.0
Bedaquiline,pepQ,pepQ_p.Ala263Val,p.Ala263Val,missense_variant,3) Uncertain significance,A263V,0.0
Bedaquiline,pepQ,pepQ_p.Ala275Ser,p.Ala275Ser,missense_variant,3) Uncertain significance,A275S,0.0
Bedaquiline,pepQ,pepQ_p.Ala305Val,p.Ala305Val,missense_variant,3) Uncertain significance,A305V,0.0
Bedaquiline,pepQ,pepQ_p.Ala370Val,p.Ala370Val,missense_variant,3) Uncertain significance,A370V,0.0
Bedaquiline,pepQ,pepQ_p.Arg170Trp,p.Arg170Trp,missense_variant,3) Uncertain significance,R170W,0.0
Bedaquiline,pepQ,pepQ_p.Arg278Gly,p.Arg278Gly,missense_variant,3) Uncertain significance,R278G,0.0
Bedaquiline,pepQ,pepQ_p.Arg61Cys,p.Arg61Cys,missense_variant,3) Uncertain significance,R61C,0.0
Bedaquiline,pepQ,pepQ_p.Arg7Gln,p.Arg7Gln,missense_variant,3) Uncertain significance,R7Q,0.1111111111111111
Bedaquiline,pepQ,pepQ_p.Asn118Asp,p.Asn118Asp,missense_variant,3) Uncertain significance,N118D,0.0
Bedaquiline,pepQ,pepQ_p.Asp108Asn,p.Asp108Asn,missense_variant,3) Uncertain significance,D108N,0.0
Bedaquiline,pepQ,pepQ_p.Asp209Glu,p.Asp209Glu,missense_variant,3) Uncertain significance,D209E,0.0
Bedaquiline,pepQ,pepQ_p.Asp20Gly,p.Asp20Gly,missense_variant,3) Uncertain significance,D20G,0.0
Bedaquiline,pepQ,pepQ_p.Asp26Ala,p.Asp26Ala,missense_variant,3) Uncertain significance,D26A,0.0
Bedaquiline,pepQ,pepQ_p.Asp26Gly,p.Asp26Gly,missense_variant,3) Uncertain significance,D26G,0.5
Bedaquiline,pepQ,pepQ_p.Gln262Arg,p.Gln262Arg,missense_variant,3) Uncertain significance,Q262R,0.0
Bedaquiline,pepQ,pepQ_p.Gln5Arg,p.Gln5Arg,missense_variant,3) Uncertain significance,Q5R,0.0
Bedaquiline,pepQ,pepQ_p.Gln63Arg,p.Gln63Arg,missense_variant,3) Uncertain significance,Q63R,0.0
Bedaquiline,pepQ,pepQ_p.Glu177Asp,p.Glu177Asp,missense_variant,3) Uncertain significance,E177D,0.0
Bedaquiline,pepQ,pepQ_p.Glu191Val,p.Glu191Val,missense_variant,3) Uncertain significance,E191V,0.0
Bedaquiline,pepQ,pepQ_p.Glu360Asp,p.Glu360Asp,missense_variant,3) Uncertain significance,E360D,0.0
Bedaquiline,pepQ,pepQ_p.Glu89Asp,p.Glu89Asp,missense_variant,3) Uncertain significance,E89D,0.0
Bedaquiline,pepQ,pepQ_p.Gly112Asp,p.Gly112Asp,missense_variant,3) Uncertain significance,G112D,0.0
Bedaquiline,pepQ,pepQ_p.Gly197Arg,p.Gly197Arg,missense_variant,3) Uncertain significance,G197R,0.0
Bedaquiline,pepQ,pepQ_p.Gly41Asp,p.Gly41Asp,missense_variant,3) Uncertain significance,G41D,0.0
Bedaquiline,pepQ,pepQ_p.Gly80Arg,p.Gly80Arg,missense_variant,3) Uncertain significance,G80R,0.0
Bedaquiline,pepQ,pepQ_p.Gly85Cys,p.Gly85Cys,missense_variant,3) Uncertain significance,G85C,0.0
Bedaquiline,pepQ,pepQ_p.Ile193Thr,p.Ile193Thr,missense_variant,3) Uncertain significance,I193T,0.0
Bedaquiline,pepQ,pepQ_p.Ile193Val,p.Ile193Val,missense_variant,3) Uncertain significance,I193V,0.0
Bedaquiline,pepQ,pepQ_p.Ile24Thr,p.Ile24Thr,missense_variant,3) Uncertain significance,I24T,0.0
Bedaquiline,pepQ,pepQ_p.Ile28Arg,p.Ile28Arg,missense_variant,3) Uncertain significance,I28R,0.0
Bedaquiline,pepQ,pepQ_p.Ile302Val,p.Ile302Val,missense_variant,3) Uncertain significance,I302V,0.0
Bedaquiline,pepQ,pepQ_p.Leu107Arg,p.Leu107Arg,missense_variant,3) Uncertain significance,L107R,0.0
Bedaquiline,pepQ,pepQ_p.Leu179Pro,p.Leu179Pro,missense_variant,3) Uncertain significance,L179P,0.0
Bedaquiline,pepQ,pepQ_p.Lys367Asn,p.Lys367Asn,missense_variant,3) Uncertain significance,K367N,0.0
Bedaquiline,pepQ,pepQ_p.Lys94Asn,p.Lys94Asn,missense_variant,3) Uncertain significance,K94N,0.0
Bedaquiline,pepQ,pepQ_p.Met180Thr,p.Met180Thr,missense_variant,3) Uncertain significance,M180T,0.0
Bedaquiline,pepQ,pepQ_p.Met180Val,p.Met180Val,missense_variant,3) Uncertain significance,M180V,0.0
Bedaquiline,pepQ,pepQ_p.Phe46Leu,p.Phe46Leu,missense_variant,3) Uncertain significance,F46L,0.0
Bedaquiline,pepQ,pepQ_p.Pro165Gln,p.Pro165Gln,missense_variant,3) Uncertain significance,P165Q,0.0
Bedaquiline,pepQ,pepQ_p.Pro266Ser,p.Pro266Ser,missense_variant,3) Uncertain significance,P266S,0.0
Bedaquiline,pepQ,pepQ_p.Pro69Leu,p.Pro69Leu,missense_variant,3) Uncertain significance,P69L,0.0
Bedaquiline,pepQ,pepQ_p.Ser130Leu,p.Ser130Leu,missense_variant,3) Uncertain significance,S130L,0.0
Bedaquiline,pepQ,pepQ_p.Ser200Leu,p.Ser200Leu,missense_variant,3) Uncertain significance,S200L,1.0
Bedaquiline,pepQ,pepQ_p.Ser66Leu,p.Ser66Leu,missense_variant,3) Uncertain significance,S66L,0.0
Bedaquiline,pepQ,pepQ_p.Ser66Pro,p.Ser66Pro,missense_variant,3) Uncertain significance,S66P,1.0
Bedaquiline,pepQ,pepQ_p.Ser99Arg,p.Ser99Arg,missense_variant,3) Uncertain significance,S99R,0.0
Bedaquiline,pepQ,pepQ_p.Thr341Ala,p.Thr341Ala,missense_variant,3) Uncertain significance,T341A,0.0
Bedaquiline,pepQ,pepQ_p.Thr354Ala,p.Thr354Ala,missense_variant,3) Uncertain significance,T354A,0.0
Bedaquiline,pepQ,pepQ_p.Val101Leu,p.Val101Leu,missense_variant,3) Uncertain significance,V101L,0.0
Bedaquiline,pepQ,pepQ_p.Val104Leu,p.Val104Leu,missense_variant,3) Uncertain significance,V104L,0.0
Bedaquiline,pepQ,pepQ_p.Val158Met,p.Val158Met,missense_variant,3) Uncertain significance,V158M,0.0
Bedaquiline,pepQ,pepQ_p.Val298Ile,p.Val298Ile,missense_variant,3) Uncertain significance,V298I,0.0
Bedaquiline,pepQ,pepQ_p.Val324Met,p.Val324Met,missense_variant,3) Uncertain significance,V324M,0.0
Bedaquiline,pepQ,pepQ_p.Val328Phe,p.Val328Phe,missense_variant,3) Uncertain significance,V328F,0.0
Bedaquiline,pepQ,pepQ_p.Val343Ala,p.Val343Ala,missense_variant,3) Uncertain significance,V343A,0.0
Bedaquiline,pepQ,pepQ_p.Val45Leu,p.Val45Leu,missense_variant,3) Uncertain significance,V45L,0.0
Bedaquiline,Rv0678,Rv0678_p.Ala101Glu,p.Ala101Glu,missense_variant,3) Uncertain significance,A101E,0.0
Bedaquiline,Rv0678,Rv0678_p.Ala102Asp,p.Ala102Asp,missense_variant,3) Uncertain significance,A102D,1.0
Bedaquiline,Rv0678,Rv0678_p.Ala102Thr,p.Ala102Thr,missense_variant,3) Uncertain significance,A102T,1.0
Bedaquiline,Rv0678,Rv0678_p.Ala110Val,p.Ala110Val,missense_variant,3) Uncertain significance,A110V,0.0
Bedaquiline,Rv0678,Rv0678_p.Ala112Pro,p.Ala112Pro,missense_variant,3) Uncertain significance,A112P,1.0
Bedaquiline,Rv0678,Rv0678_p.Ala112Ser,p.Ala112Ser,missense_variant,3) Uncertain significance,A112S,0.0
Bedaquiline,Rv0678,Rv0678_p.Ala36Val,p.Ala36Val,missense_variant,2) Assoc w R - Interim,A36V,1.0
Bedaquiline,Rv0678,Rv0678_p.Ala59Val,p.Ala59Val,missense_variant,3) Uncertain significance,A59V,0.0
Bedaquiline,Rv0678,Rv0678_p.Ala62Thr,p.Ala62Thr,missense_variant,3) Uncertain significance,A62T,0.0
Bedaquiline,Rv0678,Rv0678_p.Ala84Val,p.Ala84Val,missense_variant,3) Uncertain significance,A84V,0.5
Bedaquiline,Rv0678,Rv0678_p.Ala86Val,p.Ala86Val,missense_variant,3) Uncertain significance,A86V,0.0
Bedaquiline,Rv0678,Rv0678_p.Ala99Pro,p.Ala99Pro,missense_variant,3) Uncertain significance,A99P,1.0
Bedaquiline,Rv0678,Rv0678_p.Arg105Ser,p.Arg105Ser,missense_variant,3) Uncertain significance,R105S,1.0
Bedaquiline,Rv0678,Rv0678_p.Arg107Cys,p.Arg107Cys,missense_variant,3) Uncertain significance,R107C,0.6666666666666666
Bedaquiline,Rv0678,Rv0678_p.Arg107Leu,p.Arg107Leu,missense_variant,3) Uncertain significance,R107L,1.0
Bedaquiline,Rv0678,Rv0678_p.Arg109Leu,p.Arg109Leu,missense_variant,3) Uncertain significance,R109L,0.0
Bedaquiline,Rv0678,Rv0678_p.Arg109Pro,p.Arg109Pro,missense_variant,3) Uncertain significance,R109P,1.0
Bedaquiline,Rv0678,Rv0678_p.Arg109Trp,p.Arg109Trp,missense_variant,3) Uncertain significance,R109W,1.0
Bedaquiline,Rv0678,Rv0678_p.Arg134Gly,p.Arg134Gly,missense_variant,3) Uncertain significance,R134G,0.0
Bedaquiline,Rv0678,Rv0678_p.Arg135Trp,p.Arg135Trp,missense_variant,3) Uncertain significance,R135W,1.0
Bedaquiline,Rv0678,Rv0678_p.Arg156Gln,p.Arg156Gln,missense_variant,3) Uncertain significance,R156Q,0.0
Bedaquiline,Rv0678,Rv0678_p.Arg30Trp,p.Arg30Trp,missense_variant,3) Uncertain significance,R30W,1.0
Bedaquiline,Rv0678,Rv0678_p.Arg34Gln,p.Arg34Gln,missense_variant,3) Uncertain significance,R34Q,1.0
Bedaquiline,Rv0678,Rv0678_p.Arg34Trp,p.Arg34Trp,missense_variant,3) Uncertain significance,R34W,1.0
Bedaquiline,Rv0678,Rv0678_p.Arg38Leu,p.Arg38Leu,missense_variant,3) Uncertain significance,R38L,1.0
Bedaquiline,Rv0678,Rv0678_p.Arg50Gln,p.Arg50Gln,missense_variant,3) Uncertain significance,R50Q,0.6666666666666666
Bedaquiline,Rv0678,Rv0678_p.Arg50Pro,p.Arg50Pro,missense_variant,3) Uncertain significance,R50P,1.0
Bedaquiline,Rv0678,Rv0678_p.Arg50Trp,p.Arg50Trp,missense_variant,3) Uncertain significance,R50W,1.0
Bedaquiline,Rv0678,Rv0678_p.Arg72Trp,p.Arg72Trp,missense_variant,3) Uncertain significance,R72W,0.5
Bedaquiline,Rv0678,Rv0678_p.Arg89Gln,p.Arg89Gln,missense_variant,3) Uncertain significance,R89Q,1.0
Bedaquiline,Rv0678,Rv0678_p.Arg89Leu,p.Arg89Leu,missense_variant,3) Uncertain significance,R89L,1.0
Bedaquiline,Rv0678,Rv0678_p.Arg89Trp,p.Arg89Trp,missense_variant,3) Uncertain significance,R89W,0.0
Bedaquiline,Rv0678,Rv0678_p.Arg90Cys,p.Arg90Cys,missense_variant,3) Uncertain significance,R90C,0.2
Bedaquiline,Rv0678,Rv0678_p.Arg94Gln,p.Arg94Gln,missense_variant,3) Uncertain significance,R94Q,1.0
Bedaquiline,Rv0678,Rv0678_p.Arg94Trp,p.Arg94Trp,missense_variant,3) Uncertain significance,R94W,0.75
Bedaquiline,Rv0678,Rv0678_p.Arg96Gly,p.Arg96Gly,missense_variant,3) Uncertain significance,R96G,0.0
Bedaquiline,Rv0678,Rv0678_p.Arg96Leu,p.Arg96Leu,missense_variant,3) Uncertain significance,R96L,0.5
Bedaquiline,Rv0678,Rv0678_p.Arg96Trp,p.Arg96Trp,missense_variant,3) Uncertain significance,R96W,0.5
Bedaquiline,Rv0678,Rv0678_p.Asn4Thr,p.Asn4Thr,missense_variant,3) Uncertain significance,N4T,0.36363636363636365
Bedaquiline,Rv0678,Rv0678_p.Asn70Asp,p.Asn70Asp,missense_variant,2) Assoc w R - Interim,N70D,0.8571428571428571
Bedaquiline,Rv0678,Rv0678_p.Asn70Ile,p.Asn70Ile,missense_variant,3) Uncertain significance,N70I,1.0
Bedaquiline,Rv0678,Rv0678_p.Asn70Lys,p.Asn70Lys,missense_variant,3) Uncertain significance,N70K,1.0
Bedaquiline,Rv0678,Rv0678_p.Asn98Asp,p.Asn98Asp,missense_variant,3) Uncertain significance,N98D,0.1111111111111111
Bedaquiline,Rv0678,Rv0678_p.Asp141Tyr,p.Asp141Tyr,missense_variant,3) Uncertain significance,D141Y,0.0
Bedaquiline,Rv0678,Rv0678_p.Asp47Glu,p.Asp47Glu,missense_variant,3) Uncertain significance,D47E,1.0
Bedaquiline,Rv0678,Rv0678_p.Asp47Gly,p.Asp47Gly,missense_variant,3) Uncertain significance,D47G,1.0
Bedaquiline,Rv0678,Rv0678_p.Asp5Asn,p.Asp5Asn,missense_variant,3) Uncertain significance,D5N,0.0
Bedaquiline,Rv0678,Rv0678_p.Asp5Gly,p.Asp5Gly,missense_variant,3) Uncertain significance,D5G,0.0
Bedaquiline,Rv0678,Rv0678_p.Asp8Gly,p.Asp8Gly,missense_variant,3) Uncertain significance,D8G,0.0
Bedaquiline,Rv0678,Rv0678_p.Cys46Arg,p.Cys46Arg,missense_variant,2) Assoc w R - Interim,C46R,0.9
Bedaquiline,Rv0678,Rv0678_p.Cys46Gly,p.Cys46Gly,missense_variant,3) Uncertain significance,C46G,0.0
Bedaquiline,Rv0678,Rv0678_p.Cys46Trp,p.Cys46Trp,missense_variant,3) Uncertain significance,C46W,1.0
Bedaquiline,Rv0678,Rv0678_p.Cys46Tyr,p.Cys46Tyr,missense_variant,3) Uncertain significance,C46Y,1.0
Bedaquiline,Rv0678,Rv0678_p.Gln115Pro,p.Gln115Pro,missense_variant,3) Uncertain significance,Q115P,1.0
Bedaquiline,Rv0678,Rv0678_p.Gln22Arg,p.Gln22Arg,missense_variant,3) Uncertain significance,Q22R,0.0
Bedaquiline,Rv0678,Rv0678_p.Gln22Pro,p.Gln22Pro,missense_variant,3) Uncertain significance,Q22P,0.0
Bedaquiline,Rv0678,Rv0678_p.Gln51Arg,p.Gln51Arg,missense_variant,3) Uncertain significance,Q51R,0.3333333333333333
Bedaquiline,Rv0678,Rv0678_p.Gln51Lys,p.Gln51Lys,missense_variant,3) Uncertain significance,Q51K,0.0
Bedaquiline,Rv0678,Rv0678_p.Gln51Pro,p.Gln51Pro,missense_variant,3) Uncertain significance,Q51P,0.0
Bedaquiline,Rv0678,Rv0678_p.Gln76Arg,p.Gln76Arg,missense_variant,3) Uncertain significance,Q76R,0.5
Bedaquiline,Rv0678,Rv0678_p.Gln76Glu,p.Gln76Glu,missense_variant,3) Uncertain significance,Q76E,0.0
Bedaquiline,Rv0678,Rv0678_p.Gln76Lys,p.Gln76Lys,missense_variant,3) Uncertain significance,Q76K,1.0
Bedaquiline,Rv0678,Rv0678_p.Glu104Asp,p.Glu104Asp,missense_variant,3) Uncertain significance,E104D,0.0
Bedaquiline,Rv0678,Rv0678_p.Glu104Gly,p.Glu104Gly,missense_variant,3) Uncertain significance,E104G,0.0
Bedaquiline,Rv0678,Rv0678_p.Glu104Lys,p.Glu104Lys,missense_variant,3) Uncertain significance,E104K,0.5
Bedaquiline,Rv0678,Rv0678_p.Glu113Lys,p.Glu113Lys,missense_variant,3) Uncertain significance,E113K,0.0
Bedaquiline,Rv0678,Rv0678_p.Glu147Asp,p.Glu147Asp,missense_variant,3) Uncertain significance,E147D,0.5
Bedaquiline,Rv0678,Rv0678_p.Glu21Lys,p.Glu21Lys,missense_variant,3) Uncertain significance,E21K,0.0
Bedaquiline,Rv0678,Rv0678_p.Glu55Asp,p.Glu55Asp,missense_variant,3) Uncertain significance,E55D,0.0
Bedaquiline,Rv0678,Rv0678_p.Gly103Arg,p.Gly103Arg,missense_variant,3) Uncertain significance,G103R,1.0
Bedaquiline,Rv0678,Rv0678_p.Gly103Ser,p.Gly103Ser,missense_variant,3) Uncertain significance,G103S,0.0
Bedaquiline,Rv0678,Rv0678_p.Gly121Arg,p.Gly121Arg,missense_variant,1) Assoc w R,G121R,0.9
Bedaquiline,Rv0678,Rv0678_p.Gly162Glu,p.Gly162Glu,missense_variant,3) Uncertain significance,G162E,0.0
Bedaquiline,Rv0678,Rv0678_p.Gly24Arg,p.Gly24Arg,missense_variant,3) Uncertain significance,G24R,1.0
Bedaquiline,Rv0678,Rv0678_p.Gly24Cys,p.Gly24Cys,missense_variant,3) Uncertain significance,G24C,1.0
Bedaquiline,Rv0678,Rv0678_p.Gly25Asp,p.Gly25Asp,missense_variant,3) Uncertain significance,G25D,1.0
Bedaquiline,Rv0678,Rv0678_p.Gly25Cys,p.Gly25Cys,missense_variant,3) Uncertain significance,G25C,0.0
Bedaquiline,Rv0678,Rv0678_p.Gly41Asp,p.Gly41Asp,missense_variant,3) Uncertain significance,G41D,1.0
Bedaquiline,Rv0678,Rv0678_p.Gly65Arg,p.Gly65Arg,missense_variant,3) Uncertain significance,G65R,1.0
Bedaquiline,Rv0678,Rv0678_p.Gly65Glu,p.Gly65Glu,missense_variant,3) Uncertain significance,G65E,1.0
Bedaquiline,Rv0678,Rv0678_p.Gly78Arg,p.Gly78Arg,missense_variant,3) Uncertain significance,G78R,1.0
Bedaquiline,Rv0678,Rv0678_p.Gly78Trp,p.Gly78Trp,missense_variant,3) Uncertain significance,G78W,0.0
Bedaquiline,Rv0678,Rv0678_p.Gly87Arg,p.Gly87Arg,missense_variant,3) Uncertain significance,G87R,0.5
Bedaquiline,Rv0678,Rv0678_p.Gly87Trp,p.Gly87Trp,missense_variant,3) Uncertain significance,G87W,0.0
Bedaquiline,Rv0678,Rv0678_p.Ile108Thr,p.Ile108Thr,missense_variant,3) Uncertain significance,I108T,0.0
Bedaquiline,Rv0678,Rv0678_p.Ile108Val,p.Ile108Val,missense_variant,3) Uncertain significance,I108V,0.3333333333333333
Bedaquiline,Rv0678,Rv0678_p.Ile16Ser,p.Ile16Ser,missense_variant,3) Uncertain significance,I16S,1.0
Bedaquiline,Rv0678,Rv0678_p.Ile67Leu,p.Ile67Leu,missense_variant,3) Uncertain significance,I67L,1.0
Bedaquiline,Rv0678,Rv0678_p.Ile67Met,p.Ile67Met,missense_variant,3) Uncertain significance,I67M,1.0
Bedaquiline,Rv0678,Rv0678_p.Ile67Ser,p.Ile67Ser,missense_variant,2) Assoc w R - Interim,I67S,1.0
Bedaquiline,Rv0678,Rv0678_p.Ile80Met,p.Ile80Met,missense_variant,3) Uncertain significance,I80M,0.0
Bedaquiline,Rv0678,Rv0678_p.Ile80Ser,p.Ile80Ser,missense_variant,3) Uncertain significance,I80S,0.0
Bedaquiline,Rv0678,Rv0678_p.Leu117Arg,p.Leu117Arg,missense_variant,1) Assoc w R,L117R,0.6666666666666666
Bedaquiline,Rv0678,Rv0678_p.Leu117Pro,p.Leu117Pro,missense_variant,3) Uncertain significance,L117P,0.5
Bedaquiline,Rv0678,Rv0678_p.Leu122Pro,p.Leu122Pro,missense_variant,3) Uncertain significance,L122P,1.0
Bedaquiline,Rv0678,Rv0678_p.Leu136Pro,p.Leu136Pro,missense_variant,3) Uncertain significance,L136P,1.0
Bedaquiline,Rv0678,Rv0678_p.Leu142Arg,p.Leu142Arg,missense_variant,3) Uncertain significance,L142R,0.7777777777777778
Bedaquiline,Rv0678,Rv0678_p.Leu142Pro,p.Leu142Pro,missense_variant,3) Uncertain significance,L142P,0.0
Bedaquiline,Rv0678,Rv0678_p.Leu32Ser,p.Leu32Ser,missense_variant,2) Assoc w R - Interim,L32S,0.8333333333333334
Bedaquiline,Rv0678,Rv0678_p.Leu35Trp,p.Leu35Trp,missense_variant,3) Uncertain significance,L35W,1.0
Bedaquiline,Rv0678,Rv0678_p.Leu40Met,p.Leu40Met,missense_variant,3) Uncertain significance,L40M,1.0
Bedaquiline,Rv0678,Rv0678_p.Leu40Phe,p.Leu40Phe,missense_variant,3) Uncertain significance,L40F,1.0
Bedaquiline,Rv0678,Rv0678_p.Leu40Ser,p.Leu40Ser,missense_variant,3) Uncertain significance,L40S,0.0
Bedaquiline,Rv0678,Rv0678_p.Leu40Val,p.Leu40Val,missense_variant,3) Uncertain significance,L40V,0.0
Bedaquiline,Rv0678,Rv0678_p.Leu56Pro,p.Leu56Pro,missense_variant,3) Uncertain significance,L56P,0.0
Bedaquiline,Rv0678,Rv0678_p.Leu60Gln,p.Leu60Gln,missense_variant,3) Uncertain significance,L60Q,1.0
Bedaquiline,Rv0678,Rv0678_p.Leu60Pro,p.Leu60Pro,missense_variant,3) Uncertain significance,L60P,1.0
Bedaquiline,Rv0678,Rv0678_p.Leu74Met,p.Leu74Met,missense_variant,3) Uncertain significance,L74M,0.0
Bedaquiline,Rv0678,Rv0678_p.Leu83His,p.Leu83His,missense_variant,3) Uncertain significance,L83H,0.0
Bedaquiline,Rv0678,Rv0678_p.Leu83Pro,p.Leu83Pro,missense_variant,3) Uncertain significance,L83P,0.3333333333333333
Bedaquiline,Rv0678,Rv0678_p.Leu95Ser,p.Leu95Ser,missense_variant,3) Uncertain significance,L95S,0.6666666666666666
Bedaquiline,Rv0678,Rv0678_p.Met10Ile,p.Met10Ile,missense_variant,3) Uncertain significance,M10I,0.0
Bedaquiline,Rv0678,Rv0678_p.Met139Ile,p.Met139Ile,missense_variant,3) Uncertain significance,M139I,0.6666666666666666
Bedaquiline,Rv0678,Rv0678_p.Met139Thr,p.Met139Thr,missense_variant,3) Uncertain significance,M139T,1.0
Bedaquiline,Rv0678,Rv0678_p.Met146Thr,p.Met146Thr,missense_variant,2) Assoc w R - Interim,M146T,0.22916666666666666
Bedaquiline,Rv0678,Rv0678_p.Met17Val,p.Met17Val,missense_variant,3) Uncertain significance,M17V,0.0
Bedaquiline,Rv0678,Rv0678_p.Met23Leu,p.Met23Leu,missense_variant,3) Uncertain significance,M23L,0.0
Bedaquiline,Rv0678,Rv0678_p.Met23Val,p.Met23Val,missense_variant,3) Uncertain significance,M23V,0.0
Bedaquiline,Rv0678,Rv0678_p.Met73Ile,p.Met73Ile,missense_variant,3) Uncertain significance,M73I,0.0
Bedaquiline,Rv0678,Rv0678_p.Phe100Ile,p.Phe100Ile,missense_variant,3) Uncertain significance,F100I,1.0
Bedaquiline,Rv0678,Rv0678_p.Phe19Leu,p.Phe19Leu,missense_variant,3) Uncertain significance,F19L,1.0
Bedaquiline,Rv0678,Rv0678_p.Phe19Ser,p.Phe19Ser,missense_variant,3) Uncertain significance,F19S,0.5
Bedaquiline,Rv0678,Rv0678_p.Phe79Leu,p.Phe79Leu,missense_variant,3) Uncertain significance,F79L,1.0
Bedaquiline,Rv0678,Rv0678_p.Phe93Leu,p.Phe93Leu,missense_variant,3) Uncertain significance,F93L,0.6666666666666666
Bedaquiline,Rv0678,Rv0678_p.Phe93Ser,p.Phe93Ser,missense_variant,3) Uncertain significance,F93S,0.5
Bedaquiline,Rv0678,Rv0678_p.Pro14Leu,p.Pro14Leu,missense_variant,3) Uncertain significance,P14L,0.0
Bedaquiline,Rv0678,Rv0678_p.Pro14Ser,p.Pro14Ser,missense_variant,3) Uncertain significance,P14S,0.0
Bedaquiline,Rv0678,Rv0678_p.Pro48Leu,p.Pro48Leu,missense_variant,3) Uncertain significance,P48L,0.75
Bedaquiline,Rv0678,Rv0678_p.Ser151Pro,p.Ser151Pro,missense_variant,3) Uncertain significance,S151P,1.0
Bedaquiline,Rv0678,Rv0678_p.Ser158Arg,p.Ser158Arg,missense_variant,3) Uncertain significance,S158R,0.0
Bedaquiline,Rv0678,Rv0678_p.Ser2Arg,p.Ser2Arg,missense_variant,3) Uncertain significance,S2R,0.0
Bedaquiline,Rv0678,Rv0678_p.Ser2Ile,p.Ser2Ile,missense_variant,3) Uncertain significance,S2I,0.75
Bedaquiline,Rv0678,Rv0678_p.Ser31Gly,p.Ser31Gly,missense_variant,3) Uncertain significance,S31G,0.0
Bedaquiline,Rv0678,Rv0678_p.Ser52Phe,p.Ser52Phe,missense_variant,3) Uncertain significance,S52F,1.0
Bedaquiline,Rv0678,Rv0678_p.Ser52Pro,p.Ser52Pro,missense_variant,3) Uncertain significance,S52P,0.0
Bedaquiline,Rv0678,Rv0678_p.Ser52Tyr,p.Ser52Tyr,missense_variant,3) Uncertain significance,S52Y,0.0
Bedaquiline,Rv0678,Rv0678_p.Ser53Leu,p.Ser53Leu,missense_variant,3) Uncertain significance,S53L,1.0
Bedaquiline,Rv0678,Rv0678_p.Ser53Pro,p.Ser53Pro,missense_variant,3) Uncertain significance,S53P,1.0
Bedaquiline,Rv0678,Rv0678_p.Ser63Arg,p.Ser63Arg,missense_variant,3) Uncertain significance,S63R,0.6666666666666666
Bedaquiline,Rv0678,Rv0678_p.Ser63Gly,p.Ser63Gly,missense_variant,3) Uncertain significance,S63G,1.0
Bedaquiline,Rv0678,Rv0678_p.Ser64Ile,p.Ser64Ile,missense_variant,3) Uncertain significance,S64I,1.0
Bedaquiline,Rv0678,Rv0678_p.Ser68Asn,p.Ser68Asn,missense_variant,3) Uncertain significance,S68N,1.0
Bedaquiline,Rv0678,Rv0678_p.Ser68Gly,p.Ser68Gly,missense_variant,3) Uncertain significance,S68G,0.0
Bedaquiline,Rv0678,Rv0678_p.Ser68Ile,p.Ser68Ile,missense_variant,3) Uncertain significance,S68I,0.0
Bedaquiline,Rv0678,Rv0678_p.Thr33Ile,p.Thr33Ile,missense_variant,3) Uncertain significance,T33I,1.0
Bedaquiline,Rv0678,Rv0678_p.Thr58Pro,p.Thr58Pro,missense_variant,3) Uncertain significance,T58P,0.0
Bedaquiline,Rv0678,Rv0678_p.Thr69Pro,p.Thr69Pro,missense_variant,3) Uncertain significance,T69P,0.0
Bedaquiline,Rv0678,Rv0678_p.Thr91Ile,p.Thr91Ile,missense_variant,3) Uncertain significance,T91I,1.0
Bedaquiline,Rv0678,Rv0678_p.Trp42Arg,p.Trp42Arg,missense_variant,3) Uncertain significance,W42R,0.0
Bedaquiline,Rv0678,Rv0678_p.Tyr145His,p.Tyr145His,missense_variant,3) Uncertain significance,Y145H,0.0
Bedaquiline,Rv0678,Rv0678_p.Tyr157Ser,p.Tyr157Ser,missense_variant,3) Uncertain significance,Y157S,0.6666666666666666
Bedaquiline,Rv0678,Rv0678_p.Tyr26Asp,p.Tyr26Asp,missense_variant,3) Uncertain significance,Y26D,0.0
Bedaquiline,Rv0678,Rv0678_p.Tyr26Cys,p.Tyr26Cys,missense_variant,3) Uncertain significance,Y26C,0.0
Bedaquiline,Rv0678,Rv0678_p.Tyr26His,p.Tyr26His,missense_variant,3) Uncertain significance,Y26H,1.0
Bedaquiline,Rv0678,Rv0678_p.Tyr92Cys,p.Tyr92Cys,missense_variant,3) Uncertain significance,Y92C,1.0
Bedaquiline,Rv0678,Rv0678_p.Val120Met,p.Val120Met,missense_variant,3) Uncertain significance,V120M,0.0
Bedaquiline,Rv0678,Rv0678_p.Val20Ala,p.Val20Ala,missense_variant,3) Uncertain significance,V20A,0.0
Bedaquiline,Rv0678,Rv0678_p.Val20Gly,p.Val20Gly,missense_variant,3) Uncertain significance,V20G,0.5
Bedaquiline,Rv0678,Rv0678_p.Val85Ala,p.Val85Ala,missense_variant,3) Uncertain significance,V85A,0.0
Capreomycin,tlyA,tlyA_p.Ala166Val,p.Ala166Val,missense_variant,3) Uncertain significance,A166V,0.0
Capreomycin,tlyA,tlyA_p.Ala210Thr,p.Ala210Thr,missense_variant,3) Uncertain significance,A210T,0.0
Capreomycin,tlyA,tlyA_p.Ala212Val,p.Ala212Val,missense_variant,3) Uncertain significance,A212V,0.0
Capreomycin,tlyA,tlyA_p.Ala250Thr,p.Ala250Thr,missense_variant,3) Uncertain significance,A250T,0.0
Capreomycin,tlyA,tlyA_p.Ala259Thr,p.Ala259Thr,missense_variant,3) Uncertain significance,A259T,0.0
Capreomycin,tlyA,tlyA_p.Ala29Val,p.Ala29Val,missense_variant,3) Uncertain significance,A29V,0.0
Capreomycin,tlyA,tlyA_p.Ala51Val,p.Ala51Val,missense_variant,3) Uncertain significance,A51V,0.0
Capreomycin,tlyA,tlyA_p.Ala5Thr,p.Ala5Thr,missense_variant,3) Uncertain significance,A5T,0.0
Capreomycin,tlyA,tlyA_p.Ala5Val,p.Ala5Val,missense_variant,3) Uncertain significance,A5V,0.0
Capreomycin,tlyA,tlyA_p.Ala67Glu,p.Ala67Glu,missense_variant,3) Uncertain significance,A67E,1.0
Capreomycin,tlyA,tlyA_p.Arg123Pro,p.Arg123Pro,missense_variant,3) Uncertain significance,R123P,1.0
Capreomycin,tlyA,tlyA_p.Arg133Leu,p.Arg133Leu,missense_variant,3) Uncertain significance,R133L,1.0
Capreomycin,tlyA,tlyA_p.Arg14Trp,p.Arg14Trp,missense_variant,3) Uncertain significance,R14W,1.0
Capreomycin,tlyA,tlyA_p.Arg20Leu,p.Arg20Leu,missense_variant,3) Uncertain significance,R20L,0.0
Capreomycin,tlyA,tlyA_p.Arg244His,p.Arg244His,missense_variant,3) Uncertain significance,R244H,0.0
Capreomycin,tlyA,tlyA_p.Arg244Pro,p.Arg244Pro,missense_variant,3) Uncertain significance,R244P,1.0
Capreomycin,tlyA,tlyA_p.Arg249Gln,p.Arg249Gln,missense_variant,3) Uncertain significance,R249Q,0.0
Capreomycin,tlyA,tlyA_p.Arg262Cys,p.Arg262Cys,missense_variant,3) Uncertain significance,R262C,0.0
Capreomycin,tlyA,tlyA_p.Arg3Pro,p.Arg3Pro,missense_variant,3) Uncertain significance,R3P,0.0
Capreomycin,tlyA,tlyA_p.Arg65Cys,p.Arg65Cys,missense_variant,3) Uncertain significance,R65C,1.0
Capreomycin,tlyA,tlyA_p.Arg84Gly,p.Arg84Gly,missense_variant,3) Uncertain significance,R84G,0.0
Capreomycin,tlyA,tlyA_p.Asn236Asp,p.Asn236Asp,missense_variant,3) Uncertain significance,N236D,1.0
Capreomycin,tlyA,tlyA_p.Asn236His,p.Asn236His,missense_variant,3) Uncertain significance,N236H,0.0
Capreomycin,tlyA,tlyA_p.Asn236Lys,p.Asn236Lys,missense_variant,1) Assoc w R,N236K,1.0
Capreomycin,tlyA,tlyA_p.Asp154Ala,p.Asp154Ala,missense_variant,3) Uncertain significance,D154A,1.0
Capreomycin,tlyA,tlyA_p.Asp154Glu,p.Asp154Glu,missense_variant,3) Uncertain significance,D154E,1.0
Capreomycin,tlyA,tlyA_p.Asp154Gly,p.Asp154Gly,missense_variant,3) Uncertain significance,D154G,1.0
Capreomycin,tlyA,tlyA_p.Asp154Tyr,p.Asp154Tyr,missense_variant,3) Uncertain significance,D154Y,1.0
Capreomycin,tlyA,tlyA_p.Asp35Gly,p.Asp35Gly,missense_variant,3) Uncertain significance,D35G,0.0
Capreomycin,tlyA,tlyA_p.Asp48Asn,p.Asp48Asn,missense_variant,3) Uncertain significance,D48N,0.0
Capreomycin,tlyA,tlyA_p.Asp57Gly,p.Asp57Gly,missense_variant,3) Uncertain significance,D57G,0.0
Capreomycin,tlyA,tlyA_p.Cys170Arg,p.Cys170Arg,missense_variant,3) Uncertain significance,C170R,1.0
Capreomycin,tlyA,tlyA_p.Cys86Arg,p.Cys86Arg,missense_variant,3) Uncertain significance,C86R,1.0
Capreomycin,tlyA,tlyA_p.Cys86Gly,p.Cys86Gly,missense_variant,3) Uncertain significance,C86G,0.0
Capreomycin,tlyA,tlyA_p.Cys86Tyr,p.Cys86Tyr,missense_variant,3) Uncertain significance,C86Y,1.0
Capreomycin,tlyA,tlyA_p.Gln191His,p.Gln191His,missense_variant,3) Uncertain significance,Q191H,0.0
Capreomycin,tlyA,tlyA_p.Glu132Ala,p.Glu132Ala,missense_variant,3) Uncertain significance,E132A,0.0
Capreomycin,tlyA,tlyA_p.Glu132Gln,p.Glu132Gln,missense_variant,3) Uncertain significance,E132Q,0.0
Capreomycin,tlyA,tlyA_p.Glu132Gly,p.Glu132Gly,missense_variant,3) Uncertain significance,E132G,0.0
Capreomycin,tlyA,tlyA_p.Glu238Lys,p.Glu238Lys,missense_variant,3) Uncertain significance,E238K,0.0
Capreomycin,tlyA,tlyA_p.Glu75Lys,p.Glu75Lys,missense_variant,3) Uncertain significance,E75K,0.0
Capreomycin,tlyA,tlyA_p.Gly145Asn,p.Gly145Asn,missense_variant,3) Uncertain significance,G145N,0.0
Capreomycin,tlyA,tlyA_p.Gly188Glu,p.Gly188Glu,missense_variant,3) Uncertain significance,G188E,0.0
Capreomycin,tlyA,tlyA_p.Gly190Arg,p.Gly190Arg,missense_variant,3) Uncertain significance,G190R,0.0
Capreomycin,tlyA,tlyA_p.Gly196Arg,p.Gly196Arg,missense_variant,3) Uncertain significance,G196R,0.0
Capreomycin,tlyA,tlyA_p.Gly232Asp,p.Gly232Asp,missense_variant,2) Assoc w R - Interim,G232D,0.9130434782608695
Capreomycin,tlyA,tlyA_p.Gly235Asp,p.Gly235Asp,missense_variant,3) Uncertain significance,G235D,0.0
Capreomycin,tlyA,tlyA_p.Gly83Cys,p.Gly83Cys,missense_variant,3) Uncertain significance,G83C,0.0
Capreomycin,tlyA,tlyA_p.Gly90Cys,p.Gly90Cys,missense_variant,3) Uncertain significance,G90C,1.0
Capreomycin,tlyA,tlyA_p.Gly94Ser,p.Gly94Ser,missense_variant,3) Uncertain significance,G94S,1.0
Capreomycin,tlyA,tlyA_p.Gly95Glu,p.Gly95Glu,missense_variant,3) Uncertain significance,G95E,1.0
Capreomycin,tlyA,tlyA_p.His68Arg,p.His68Arg,missense_variant,3) Uncertain significance,H68R,0.0
Capreomycin,tlyA,tlyA_p.Ile177Thr,p.Ile177Thr,missense_variant,3) Uncertain significance,I177T,0.0
Capreomycin,tlyA,tlyA_p.Ile27Val,p.Ile27Val,missense_variant,3) Uncertain significance,I27V,0.0
Capreomycin,tlyA,tlyA_p.Ile34Thr,p.Ile34Thr,missense_variant,3) Uncertain significance,I34T,0.0
Capreomycin,tlyA,tlyA_p.Leu100Pro,p.Leu100Pro,missense_variant,3) Uncertain significance,L100P,1.0
Capreomycin,tlyA,tlyA_p.Leu101Pro,p.Leu101Pro,missense_variant,3) Uncertain significance,L101P,1.0
Capreomycin,tlyA,tlyA_p.Leu11Arg,p.Leu11Arg,missense_variant,3) Uncertain significance,L11R,1.0
Capreomycin,tlyA,tlyA_p.Leu122Arg,p.Leu122Arg,missense_variant,3) Uncertain significance,L122R,1.0
Capreomycin,tlyA,tlyA_p.Leu139Arg,p.Leu139Arg,missense_variant,3) Uncertain significance,L139R,1.0
Capreomycin,tlyA,tlyA_p.Leu150Pro,p.Leu150Pro,missense_variant,3) Uncertain significance,L150P,1.0
Capreomycin,tlyA,tlyA_p.Leu155Arg,p.Leu155Arg,missense_variant,3) Uncertain significance,L155R,1.0
Capreomycin,tlyA,tlyA_p.Leu160Trp,p.Leu160Trp,missense_variant,3) Uncertain significance,L160W,0.5
Capreomycin,tlyA,tlyA_p.Leu180Arg,p.Leu180Arg,missense_variant,3) Uncertain significance,L180R,1.0
Capreomycin,tlyA,tlyA_p.Leu218Met,p.Leu218Met,missense_variant,3) Uncertain significance,L218M,0.8
Capreomycin,tlyA,tlyA_p.Leu218Pro,p.Leu218Pro,missense_variant,3) Uncertain significance,L218P,1.0
Capreomycin,tlyA,tlyA_p.Leu241Pro,p.Leu241Pro,missense_variant,3) Uncertain significance,L241P,1.0
Capreomycin,tlyA,tlyA_p.Leu74Pro,p.Leu74Pro,missense_variant,3) Uncertain significance,L74P,1.0
Capreomycin,tlyA,tlyA_p.Leu87Arg,p.Leu87Arg,missense_variant,3) Uncertain significance,L87R,1.0
Capreomycin,tlyA,tlyA_p.Leu87Pro,p.Leu87Pro,missense_variant,3) Uncertain significance,L87P,0.0
Capreomycin,tlyA,tlyA_p.Lys182Arg,p.Lys182Arg,missense_variant,3) Uncertain significance,K182R,0.0
Capreomycin,tlyA,tlyA_p.Lys189Asn,p.Lys189Asn,missense_variant,3) Uncertain significance,K189N,0.0
Capreomycin,tlyA,tlyA_p.Lys69Glu,p.Lys69Glu,missense_variant,3) Uncertain significance,K69E,0.0
Capreomycin,tlyA,tlyA_p.Lys69Thr,p.Lys69Thr,missense_variant,3) Uncertain significance,K69T,0.0
Capreomycin,tlyA,tlyA_p.Phe157Val,p.Phe157Val,missense_variant,3) Uncertain significance,F157V,1.0
Capreomycin,tlyA,tlyA_p.Phe240Leu,p.Phe240Leu,missense_variant,3) Uncertain significance,F240L,0.0
Capreomycin,tlyA,tlyA_p.Pro179Ala,p.Pro179Ala,missense_variant,3) Uncertain significance,P179A,0.5
Capreomycin,tlyA,tlyA_p.Pro179Ser,p.Pro179Ser,missense_variant,3) Uncertain significance,P179S,0.0
Capreomycin,tlyA,tlyA_p.Pro194Ser,p.Pro194Ser,missense_variant,3) Uncertain significance,P194S,0.0
Capreomycin,tlyA,tlyA_p.Pro229Arg,p.Pro229Arg,missense_variant,3) Uncertain significance,P229R,0.0
Capreomycin,tlyA,tlyA_p.Pro233Ser,p.Pro233Ser,missense_variant,3) Uncertain significance,P233S,0.0
Capreomycin,tlyA,tlyA_p.Ser121Leu,p.Ser121Leu,missense_variant,3) Uncertain significance,S121L,0.0
Capreomycin,tlyA,tlyA_p.Ser156Ala,p.Ser156Ala,missense_variant,3) Uncertain significance,S156A,0.0
Capreomycin,tlyA,tlyA_p.Ser228Arg,p.Ser228Arg,missense_variant,3) Uncertain significance,S228R,0.8
Capreomycin,tlyA,tlyA_p.Ser252Leu,p.Ser252Leu,missense_variant,3) Uncertain significance,S252L,0.0
Capreomycin,tlyA,tlyA_p.Thr134Ile,p.Thr134Ile,missense_variant,3) Uncertain significance,T134I,0.0
Capreomycin,tlyA,tlyA_p.Thr97Pro,p.Thr97Pro,missense_variant,3) Uncertain significance,T97P,0.0
Capreomycin,tlyA,tlyA_p.Val108Ala,p.Val108Ala,missense_variant,3) Uncertain significance,V108A,0.0
Capreomycin,tlyA,tlyA_p.Val151Ile,p.Val151Ile,missense_variant,3) Uncertain significance,V151I,0.0
Capreomycin,tlyA,tlyA_p.Val178Ala,p.Val178Ala,missense_variant,3) Uncertain significance,V178A,1.0
Capreomycin,tlyA,tlyA_p.Val181Gly,p.Val181Gly,missense_variant,3) Uncertain significance,V181G,1.0
Capreomycin,tlyA,tlyA_p.Val198Gly,p.Val198Gly,missense_variant,3) Uncertain significance,V198G,0.0
Capreomycin,tlyA,tlyA_p.Val32Leu,p.Val32Leu,missense_variant,3) Uncertain significance,V32L,0.0
Capreomycin,tlyA,tlyA_p.Val46Glu,p.Val46Glu,missense_variant,3) Uncertain significance,V46E,1.0
Capreomycin,tlyA,tlyA_p.Val54Gly,p.Val54Gly,missense_variant,3) Uncertain significance,V54G,1.0
Capreomycin,tlyA,tlyA_p.Val7Phe,p.Val7Phe,missense_variant,3) Uncertain significance,V7F,0.0
Capreomycin,tlyA,tlyA_p.Val99Ile,p.Val99Ile,missense_variant,3) Uncertain significance,V99I,0.0
Clofazimine,fgd1,fgd1_p.Ala10Val,p.Ala10Val,missense_variant,3) Uncertain significance,A10V,0.0
Clofazimine,fgd1,fgd1_p.Ala188Thr,p.Ala188Thr,missense_variant,3) Uncertain significance,A188T,0.0
Clofazimine,fgd1,fgd1_p.Ala216Gly,p.Ala216Gly,missense_variant,3) Uncertain significance,A216G,0.0
Clofazimine,fgd1,fgd1_p.Ala293Val,p.Ala293Val,missense_variant,3) Uncertain significance,A293V,0.0
Clofazimine,fgd1,fgd1_p.Ala2Val,p.Ala2Val,missense_variant,3) Uncertain significance,A2V,0.0
Clofazimine,fgd1,fgd1_p.Ala35Val,p.Ala35Val,missense_variant,3) Uncertain significance,A35V,0.0
Clofazimine,fgd1,fgd1_p.Arg187His,p.Arg187His,missense_variant,3) Uncertain significance,R187H,0.0
Clofazimine,fgd1,fgd1_p.Arg18Cys,p.Arg18Cys,missense_variant,3) Uncertain significance,R18C,1.0
Clofazimine,fgd1,fgd1_p.Arg212Leu,p.Arg212Leu,missense_variant,3) Uncertain significance,R212L,0.0
Clofazimine,fgd1,fgd1_p.Arg45Cys,p.Arg45Cys,missense_variant,3) Uncertain significance,R45C,0.0
Clofazimine,fgd1,fgd1_p.Arg64Ser,p.Arg64Ser,missense_variant,3) Uncertain significance,R64S,0.04568527918781726
Clofazimine,fgd1,fgd1_p.Asn66Ser,p.Asn66Ser,missense_variant,3) Uncertain significance,N66S,0.0
Clofazimine,fgd1,fgd1_p.Asp190Glu,p.Asp190Glu,missense_variant,3) Uncertain significance,D190E,1.0
Clofazimine,fgd1,fgd1_p.Asp273Gly,p.Asp273Gly,missense_variant,3) Uncertain significance,D273G,0.0
Clofazimine,fgd1,fgd1_p.Asp33Gly,p.Asp33Gly,missense_variant,3) Uncertain significance,D33G,0.0
Clofazimine,fgd1,fgd1_p.Gln279Pro,p.Gln279Pro,missense_variant,3) Uncertain significance,Q279P,0.0
Clofazimine,fgd1,fgd1_p.Gln47Leu,p.Gln47Leu,missense_variant,3) Uncertain significance,Q47L,0.0
Clofazimine,fgd1,fgd1_p.Glu119Asp,p.Glu119Asp,missense_variant,3) Uncertain significance,E119D,0.0
Clofazimine,fgd1,fgd1_p.Glu119Lys,p.Glu119Lys,missense_variant,3) Uncertain significance,E119K,0.0
Clofazimine,fgd1,fgd1_p.Glu127Lys,p.Glu127Lys,missense_variant,3) Uncertain significance,E127K,0.0
Clofazimine,fgd1,fgd1_p.Glu19Asp,p.Glu19Asp,missense_variant,3) Uncertain significance,E19D,1.0
Clofazimine,fgd1,fgd1_p.Glu240Gly,p.Glu240Gly,missense_variant,3) Uncertain significance,E240G,0.0
Clofazimine,fgd1,fgd1_p.Glu269Lys,p.Glu269Lys,missense_variant,3) Uncertain significance,E269K,0.0
Clofazimine,fgd1,fgd1_p.Gly137Glu,p.Gly137Glu,missense_variant,3) Uncertain significance,G137E,0.0
Clofazimine,fgd1,fgd1_p.Gly168Arg,p.Gly168Arg,missense_variant,3) Uncertain significance,G168R,0.0
Clofazimine,fgd1,fgd1_p.Gly169Asp,p.Gly169Asp,missense_variant,3) Uncertain significance,G169D,0.0
Clofazimine,fgd1,fgd1_p.Gly199Arg,p.Gly199Arg,missense_variant,3) Uncertain significance,G199R,0.0
Clofazimine,fgd1,fgd1_p.Gly224Asp,p.Gly224Asp,missense_variant,3) Uncertain significance,G224D,1.0
Clofazimine,fgd1,fgd1_p.Gly7Ser,p.Gly7Ser,missense_variant,3) Uncertain significance,G7S,0.0
Clofazimine,fgd1,fgd1_p.His260Pro,p.His260Pro,missense_variant,3) Uncertain significance,H260P,0.0
Clofazimine,fgd1,fgd1_p.His315Asp,p.His315Asp,missense_variant,3) Uncertain significance,H315D,0.0
Clofazimine,fgd1,fgd1_p.His315Tyr,p.His315Tyr,missense_variant,3) Uncertain significance,H315Y,0.0
Clofazimine,fgd1,fgd1_p.Ile229Thr,p.Ile229Thr,missense_variant,3) Uncertain significance,I229T,0.0
Clofazimine,fgd1,fgd1_p.Ile86Leu,p.Ile86Leu,missense_variant,3) Uncertain significance,I86L,0.0
Clofazimine,fgd1,fgd1_p.Leu323Phe,p.Leu323Phe,missense_variant,3) Uncertain significance,L323F,0.0
Clofazimine,fgd1,fgd1_p.Lys183Met,p.Lys183Met,missense_variant,3) Uncertain significance,K183M,0.16666666666666666
Clofazimine,fgd1,fgd1_p.Lys183Thr,p.Lys183Thr,missense_variant,3) Uncertain significance,K183T,0.0
Clofazimine,fgd1,fgd1_p.Lys270Met,p.Lys270Met,missense_variant,5) Not assoc w R,K270M,0.021217712177121772
Clofazimine,fgd1,fgd1_p.Lys296Arg,p.Lys296Arg,missense_variant,3) Uncertain significance,K296R,0.0
Clofazimine,fgd1,fgd1_p.Lys296Glu,p.Lys296Glu,missense_variant,3) Uncertain significance,K296E,0.0
Clofazimine,fgd1,fgd1_p.Met93Thr,p.Met93Thr,missense_variant,3) Uncertain significance,M93T,0.1875
Clofazimine,fgd1,fgd1_p.Phe90Ser,p.Phe90Ser,missense_variant,3) Uncertain significance,F90S,0.0
Clofazimine,fgd1,fgd1_p.Pro166Leu,p.Pro166Leu,missense_variant,3) Uncertain significance,P166L,0.0
Clofazimine,fgd1,fgd1_p.Pro171Thr,p.Pro171Thr,missense_variant,3) Uncertain significance,P171T,0.0
Clofazimine,fgd1,fgd1_p.Pro52Leu,p.Pro52Leu,missense_variant,3) Uncertain significance,P52L,0.0
Clofazimine,fgd1,fgd1_p.Ser54Pro,p.Ser54Pro,missense_variant,3) Uncertain significance,S54P,0.0
Clofazimine,fgd1,fgd1_p.Thr255Ala,p.Thr255Ala,missense_variant,3) Uncertain significance,T255A,0.0
Clofazimine,fgd1,fgd1_p.Thr255Pro,p.Thr255Pro,missense_variant,3) Uncertain significance,T255P,0.0
Clofazimine,fgd1,fgd1_p.Tyr118Ser,p.Tyr118Ser,missense_variant,3) Uncertain significance,Y118S,0.0
Clofazimine,fgd1,fgd1_p.Tyr163Cys,p.Tyr163Cys,missense_variant,3) Uncertain significance,Y163C,0.0
Clofazimine,fgd1,fgd1_p.Tyr81His,p.Tyr81His,missense_variant,3) Uncertain significance,Y81H,0.0
Clofazimine,fgd1,fgd1_p.Val136Met,p.Val136Met,missense_variant,3) Uncertain significance,V136M,0.0
Clofazimine,fgd1,fgd1_p.Val170Met,p.Val170Met,missense_variant,5) Not assoc w R,V170M,0.017699115044247787
Clofazimine,fgd1,fgd1_p.Val286Ala,p.Val286Ala,missense_variant,3) Uncertain significance,V286A,0.0
Clofazimine,fgd1,fgd1_p.Val294Ala,p.Val294Ala,missense_variant,3) Uncertain significance,V294A,0.0
Clofazimine,fgd1,fgd1_p.Val37Gly,p.Val37Gly,missense_variant,3) Uncertain significance,V37G,0.0
Clofazimine,pepQ,pepQ_p.Ala124Val,p.Ala124Val,missense_variant,3) Uncertain significance,A124V,0.0
Clofazimine,pepQ,pepQ_p.Ala137Ser,p.Ala137Ser,missense_variant,3) Uncertain significance,A137S,0.0
Clofazimine,pepQ,pepQ_p.Ala141Glu,p.Ala141Glu,missense_variant,3) Uncertain significance,A141E,1.0
Clofazimine,pepQ,pepQ_p.Ala153Gly,p.Ala153Gly,missense_variant,3) Uncertain significance,A153G,0.0
Clofazimine,pepQ,pepQ_p.Ala16Gly,p.Ala16Gly,missense_variant,3) Uncertain significance,A16G,0.0
Clofazimine,pepQ,pepQ_p.Ala187Glu,p.Ala187Glu,missense_variant,3) Uncertain significance,A187E,0.0
Clofazimine,pepQ,pepQ_p.Ala227Asp,p.Ala227Asp,missense_variant,3) Uncertain significance,A227D,0.0
Clofazimine,pepQ,pepQ_p.Ala242Thr,p.Ala242Thr,missense_variant,3) Uncertain significance,A242T,0.0
Clofazimine,pepQ,pepQ_p.Ala254Thr,p.Ala254Thr,missense_variant,3) Uncertain significance,A254T,0.0
Clofazimine,pepQ,pepQ_p.Ala263Val,p.Ala263Val,missense_variant,3) Uncertain significance,A263V,0.0
Clofazimine,pepQ,pepQ_p.Ala305Val,p.Ala305Val,missense_variant,3) Uncertain significance,A305V,0.0
Clofazimine,pepQ,pepQ_p.Ala370Val,p.Ala370Val,missense_variant,3) Uncertain significance,A370V,0.0
Clofazimine,pepQ,pepQ_p.Ala90Val,p.Ala90Val,missense_variant,3) Uncertain significance,A90V,0.0
Clofazimine,pepQ,pepQ_p.Arg170Trp,p.Arg170Trp,missense_variant,3) Uncertain significance,R170W,0.0
Clofazimine,pepQ,pepQ_p.Arg278Gly,p.Arg278Gly,missense_variant,3) Uncertain significance,R278G,0.0
Clofazimine,pepQ,pepQ_p.Arg61Cys,p.Arg61Cys,missense_variant,3) Uncertain significance,R61C,0.0
Clofazimine,pepQ,pepQ_p.Arg7Gln,p.Arg7Gln,missense_variant,3) Uncertain significance,R7Q,0.09090909090909091
Clofazimine,pepQ,pepQ_p.Asn118Asp,p.Asn118Asp,missense_variant,3) Uncertain significance,N118D,0.0
Clofazimine,pepQ,pepQ_p.Asp108Asn,p.Asp108Asn,missense_variant,3) Uncertain significance,D108N,0.0
Clofazimine,pepQ,pepQ_p.Asp209Glu,p.Asp209Glu,missense_variant,3) Uncertain significance,D209E,0.0
Clofazimine,pepQ,pepQ_p.Asp20Gly,p.Asp20Gly,missense_variant,3) Uncertain significance,D20G,0.0
Clofazimine,pepQ,pepQ_p.Asp26Ala,p.Asp26Ala,missense_variant,3) Uncertain significance,D26A,1.0
Clofazimine,pepQ,pepQ_p.Asp26Gly,p.Asp26Gly,missense_variant,3) Uncertain significance,D26G,0.0
Clofazimine,pepQ,pepQ_p.Gln262Arg,p.Gln262Arg,missense_variant,3) Uncertain significance,Q262R,0.0
Clofazimine,pepQ,pepQ_p.Gln5Arg,p.Gln5Arg,missense_variant,3) Uncertain significance,Q5R,0.0
Clofazimine,pepQ,pepQ_p.Gln63Arg,p.Gln63Arg,missense_variant,3) Uncertain significance,Q63R,0.0
Clofazimine,pepQ,pepQ_p.Glu177Asp,p.Glu177Asp,missense_variant,3) Uncertain significance,E177D,0.0
Clofazimine,pepQ,pepQ_p.Glu191Val,p.Glu191Val,missense_variant,3) Uncertain significance,E191V,0.0
Clofazimine,pepQ,pepQ_p.Glu360Asp,p.Glu360Asp,missense_variant,3) Uncertain significance,E360D,0.0
Clofazimine,pepQ,pepQ_p.Glu76Asp,p.Glu76Asp,missense_variant,3) Uncertain significance,E76D,0.0
Clofazimine,pepQ,pepQ_p.Glu89Asp,p.Glu89Asp,missense_variant,3) Uncertain significance,E89D,0.0
Clofazimine,pepQ,pepQ_p.Gly112Asp,p.Gly112Asp,missense_variant,3) Uncertain significance,G112D,0.0
Clofazimine,pepQ,pepQ_p.Gly197Arg,p.Gly197Arg,missense_variant,3) Uncertain significance,G197R,0.17857142857142858
Clofazimine,pepQ,pepQ_p.Gly291Ser,p.Gly291Ser,missense_variant,3) Uncertain significance,G291S,0.0
Clofazimine,pepQ,pepQ_p.Gly41Asp,p.Gly41Asp,missense_variant,3) Uncertain significance,G41D,0.0
Clofazimine,pepQ,pepQ_p.Gly80Arg,p.Gly80Arg,missense_variant,3) Uncertain significance,G80R,1.0
Clofazimine,pepQ,pepQ_p.Gly85Cys,p.Gly85Cys,missense_variant,3) Uncertain significance,G85C,0.0
Clofazimine,pepQ,pepQ_p.Ile193Thr,p.Ile193Thr,missense_variant,3) Uncertain significance,I193T,0.0
Clofazimine,pepQ,pepQ_p.Ile193Val,p.Ile193Val,missense_variant,3) Uncertain significance,I193V,0.0
Clofazimine,pepQ,pepQ_p.Ile24Thr,p.Ile24Thr,missense_variant,3) Uncertain significance,I24T,0.0
Clofazimine,pepQ,pepQ_p.Ile28Arg,p.Ile28Arg,missense_variant,3) Uncertain significance,I28R,0.0
Clofazimine,pepQ,pepQ_p.Leu107Arg,p.Leu107Arg,missense_variant,3) Uncertain significance,L107R,0.0
Clofazimine,pepQ,pepQ_p.Leu179Pro,p.Leu179Pro,missense_variant,3) Uncertain significance,L179P,0.0
Clofazimine,pepQ,pepQ_p.Lys350Glu,p.Lys350Glu,missense_variant,3) Uncertain significance,K350E,0.0
Clofazimine,pepQ,pepQ_p.Lys367Asn,p.Lys367Asn,missense_variant,3) Uncertain significance,K367N,0.0
Clofazimine,pepQ,pepQ_p.Lys94Asn,p.Lys94Asn,missense_variant,3) Uncertain significance,K94N,0.0
Clofazimine,pepQ,pepQ_p.Met180Thr,p.Met180Thr,missense_variant,3) Uncertain significance,M180T,0.0
Clofazimine,pepQ,pepQ_p.Met180Val,p.Met180Val,missense_variant,3) Uncertain significance,M180V,0.0
Clofazimine,pepQ,pepQ_p.Phe46Leu,p.Phe46Leu,missense_variant,3) Uncertain significance,F46L,0.0
Clofazimine,pepQ,pepQ_p.Pro165Gln,p.Pro165Gln,missense_variant,3) Uncertain significance,P165Q,0.0
Clofazimine,pepQ,pepQ_p.Pro266Ser,p.Pro266Ser,missense_variant,3) Uncertain significance,P266S,0.0
Clofazimine,pepQ,pepQ_p.Pro69Leu,p.Pro69Leu,missense_variant,3) Uncertain significance,P69L,0.0
Clofazimine,pepQ,pepQ_p.Ser130Leu,p.Ser130Leu,missense_variant,3) Uncertain significance,S130L,0.0
Clofazimine,pepQ,pepQ_p.Ser66Leu,p.Ser66Leu,missense_variant,3) Uncertain significance,S66L,0.0
Clofazimine,pepQ,pepQ_p.Ser99Arg,p.Ser99Arg,missense_variant,3) Uncertain significance,S99R,0.0
Clofazimine,pepQ,pepQ_p.Thr341Ala,p.Thr341Ala,missense_variant,3) Uncertain significance,T341A,0.0
Clofazimine,pepQ,pepQ_p.Thr354Ala,p.Thr354Ala,missense_variant,3) Uncertain significance,T354A,0.0
Clofazimine,pepQ,pepQ_p.Val101Leu,p.Val101Leu,missense_variant,3) Uncertain significance,V101L,0.0
Clofazimine,pepQ,pepQ_p.Val104Leu,p.Val104Leu,missense_variant,3) Uncertain significance,V104L,0.0
Clofazimine,pepQ,pepQ_p.Val158Met,p.Val158Met,missense_variant,3) Uncertain significance,V158M,0.0
Clofazimine,pepQ,pepQ_p.Val298Ile,p.Val298Ile,missense_variant,3) Uncertain significance,V298I,0.0
Clofazimine,pepQ,pepQ_p.Val30Leu,p.Val30Leu,missense_variant,3) Uncertain significance,V30L,0.0
Clofazimine,pepQ,pepQ_p.Val324Met,p.Val324Met,missense_variant,3) Uncertain significance,V324M,0.0
Clofazimine,pepQ,pepQ_p.Val328Phe,p.Val328Phe,missense_variant,3) Uncertain significance,V328F,0.0
Clofazimine,pepQ,pepQ_p.Val343Ala,p.Val343Ala,missense_variant,3) Uncertain significance,V343A,0.0
Clofazimine,pepQ,pepQ_p.Val45Leu,p.Val45Leu,missense_variant,3) Uncertain significance,V45L,0.05555555555555555
Clofazimine,pepQ,pepQ_p.Val53Met,p.Val53Met,missense_variant,3) Uncertain significance,V53M,0.0
Clofazimine,Rv0678,Rv0678_p.Ala101Glu,p.Ala101Glu,missense_variant,3) Uncertain significance,A101E,0.0
Clofazimine,Rv0678,Rv0678_p.Ala102Asp,p.Ala102Asp,missense_variant,3) Uncertain significance,A102D,1.0
Clofazimine,Rv0678,Rv0678_p.Ala102Thr,p.Ala102Thr,missense_variant,3) Uncertain significance,A102T,1.0
Clofazimine,Rv0678,Rv0678_p.Ala110Val,p.Ala110Val,missense_variant,3) Uncertain significance,A110V,0.0
Clofazimine,Rv0678,Rv0678_p.Ala112Ser,p.Ala112Ser,missense_variant,3) Uncertain significance,A112S,0.0
Clofazimine,Rv0678,Rv0678_p.Ala124Pro,p.Ala124Pro,missense_variant,3) Uncertain significance,A124P,0.0
Clofazimine,Rv0678,Rv0678_p.Ala36Val,p.Ala36Val,missense_variant,2) Assoc w R - Interim,A36V,0.75
Clofazimine,Rv0678,Rv0678_p.Ala59Val,p.Ala59Val,missense_variant,3) Uncertain significance,A59V,0.0
Clofazimine,Rv0678,Rv0678_p.Ala62Thr,p.Ala62Thr,missense_variant,3) Uncertain significance,A62T,1.0
Clofazimine,Rv0678,Rv0678_p.Ala84Thr,p.Ala84Thr,missense_variant,3) Uncertain significance,A84T,0.0
Clofazimine,Rv0678,Rv0678_p.Ala84Val,p.Ala84Val,missense_variant,3) Uncertain significance,A84V,0.0
Clofazimine,Rv0678,Rv0678_p.Ala86Val,p.Ala86Val,missense_variant,3) Uncertain significance,A86V,0.0
Clofazimine,Rv0678,Rv0678_p.Ala99Pro,p.Ala99Pro,missense_variant,3) Uncertain significance,A99P,1.0
Clofazimine,Rv0678,Rv0678_p.Arg107Cys,p.Arg107Cys,missense_variant,3) Uncertain significance,R107C,0.0
Clofazimine,Rv0678,Rv0678_p.Arg109Leu,p.Arg109Leu,missense_variant,3) Uncertain significance,R109L,0.0
Clofazimine,Rv0678,Rv0678_p.Arg134Gly,p.Arg134Gly,missense_variant,3) Uncertain significance,R134G,0.0
Clofazimine,Rv0678,Rv0678_p.Arg156Gln,p.Arg156Gln,missense_variant,3) Uncertain significance,R156Q,0.0
Clofazimine,Rv0678,Rv0678_p.Arg30Trp,p.Arg30Trp,missense_variant,3) Uncertain significance,R30W,0.0
Clofazimine,Rv0678,Rv0678_p.Arg50Gln,p.Arg50Gln,missense_variant,3) Uncertain significance,R50Q,1.0
Clofazimine,Rv0678,Rv0678_p.Arg50Trp,p.Arg50Trp,missense_variant,3) Uncertain significance,R50W,1.0
Clofazimine,Rv0678,Rv0678_p.Arg72Gln,p.Arg72Gln,missense_variant,3) Uncertain significance,R72Q,0.0
Clofazimine,Rv0678,Rv0678_p.Arg72Trp,p.Arg72Trp,missense_variant,3) Uncertain significance,R72W,0.3333333333333333
Clofazimine,Rv0678,Rv0678_p.Arg89Gln,p.Arg89Gln,missense_variant,3) Uncertain significance,R89Q,1.0
Clofazimine,Rv0678,Rv0678_p.Arg89Leu,p.Arg89Leu,missense_variant,3) Uncertain significance,R89L,1.0
Clofazimine,Rv0678,Rv0678_p.Arg89Trp,p.Arg89Trp,missense_variant,3) Uncertain significance,R89W,0.0
Clofazimine,Rv0678,Rv0678_p.Arg90Cys,p.Arg90Cys,missense_variant,3) Uncertain significance,R90C,0.2
Clofazimine,Rv0678,Rv0678_p.Arg94Gln,p.Arg94Gln,missense_variant,3) Uncertain significance,R94Q,1.0
Clofazimine,Rv0678,Rv0678_p.Arg94Trp,p.Arg94Trp,missense_variant,3) Uncertain significance,R94W,0.0
Clofazimine,Rv0678,Rv0678_p.Arg96Gly,p.Arg96Gly,missense_variant,3) Uncertain significance,R96G,0.0
Clofazimine,Rv0678,Rv0678_p.Arg96Leu,p.Arg96Leu,missense_variant,3) Uncertain significance,R96L,0.0
Clofazimine,Rv0678,Rv0678_p.Arg96Trp,p.Arg96Trp,missense_variant,3) Uncertain significance,R96W,0.0
Clofazimine,Rv0678,Rv0678_p.Asn148His,p.Asn148His,missense_variant,3) Uncertain significance,N148H,0.0
Clofazimine,Rv0678,Rv0678_p.Asn4Thr,p.Asn4Thr,missense_variant,3) Uncertain significance,N4T,0.35714285714285715
Clofazimine,Rv0678,Rv0678_p.Asn70Asp,p.Asn70Asp,missense_variant,2) Assoc w R - Interim,N70D,1.0
Clofazimine,Rv0678,Rv0678_p.Asn70Ile,p.Asn70Ile,missense_variant,3) Uncertain significance,N70I,0.5
Clofazimine,Rv0678,Rv0678_p.Asn70Lys,p.Asn70Lys,missense_variant,3) Uncertain significance,N70K,1.0
Clofazimine,Rv0678,Rv0678_p.Asn98Asp,p.Asn98Asp,missense_variant,3) Uncertain significance,N98D,0.0
Clofazimine,Rv0678,Rv0678_p.Asp15Gly,p.Asp15Gly,missense_variant,3) Uncertain significance,D15G,0.0
Clofazimine,Rv0678,Rv0678_p.Asp5Asn,p.Asp5Asn,missense_variant,3) Uncertain significance,D5N,0.0
Clofazimine,Rv0678,Rv0678_p.Asp5Gly,p.Asp5Gly,missense_variant,3) Uncertain significance,D5G,0.0
Clofazimine,Rv0678,Rv0678_p.Asp8Gly,p.Asp8Gly,missense_variant,3) Uncertain significance,D8G,0.0
Clofazimine,Rv0678,Rv0678_p.Cys46Arg,p.Cys46Arg,missense_variant,2) Assoc w R - Interim,C46R,1.0
Clofazimine,Rv0678,Rv0678_p.Cys46Gly,p.Cys46Gly,missense_variant,3) Uncertain significance,C46G,1.0
Clofazimine,Rv0678,Rv0678_p.Cys46Tyr,p.Cys46Tyr,missense_variant,3) Uncertain significance,C46Y,1.0
Clofazimine,Rv0678,Rv0678_p.Gln22Arg,p.Gln22Arg,missense_variant,3) Uncertain significance,Q22R,0.0
Clofazimine,Rv0678,Rv0678_p.Gln22Pro,p.Gln22Pro,missense_variant,3) Uncertain significance,Q22P,0.0
Clofazimine,Rv0678,Rv0678_p.Gln51Arg,p.Gln51Arg,missense_variant,3) Uncertain significance,Q51R,1.0
Clofazimine,Rv0678,Rv0678_p.Gln51Lys,p.Gln51Lys,missense_variant,3) Uncertain significance,Q51K,0.0
Clofazimine,Rv0678,Rv0678_p.Gln51Pro,p.Gln51Pro,missense_variant,3) Uncertain significance,Q51P,1.0
Clofazimine,Rv0678,Rv0678_p.Gln76Arg,p.Gln76Arg,missense_variant,3) Uncertain significance,Q76R,0.0
Clofazimine,Rv0678,Rv0678_p.Gln76Glu,p.Gln76Glu,missense_variant,3) Uncertain significance,Q76E,0.0
Clofazimine,Rv0678,Rv0678_p.Glu104Asp,p.Glu104Asp,missense_variant,3) Uncertain significance,E104D,0.0
Clofazimine,Rv0678,Rv0678_p.Glu104Gly,p.Glu104Gly,missense_variant,3) Uncertain significance,E104G,0.0
Clofazimine,Rv0678,Rv0678_p.Glu104Lys,p.Glu104Lys,missense_variant,3) Uncertain significance,E104K,0.0
Clofazimine,Rv0678,Rv0678_p.Glu113Lys,p.Glu113Lys,missense_variant,3) Uncertain significance,E113K,0.0
Clofazimine,Rv0678,Rv0678_p.Glu147Asp,p.Glu147Asp,missense_variant,3) Uncertain significance,E147D,1.0
Clofazimine,Rv0678,Rv0678_p.Glu21Lys,p.Glu21Lys,missense_variant,3) Uncertain significance,E21K,0.0
Clofazimine,Rv0678,Rv0678_p.Glu54Lys,p.Glu54Lys,missense_variant,3) Uncertain significance,E54K,0.0
Clofazimine,Rv0678,Rv0678_p.Glu55Asp,p.Glu55Asp,missense_variant,3) Uncertain significance,E55D,0.125
Clofazimine,Rv0678,Rv0678_p.Gly103Ser,p.Gly103Ser,missense_variant,3) Uncertain significance,G103S,0.5
Clofazimine,Rv0678,Rv0678_p.Gly121Arg,p.Gly121Arg,missense_variant,2) Assoc w R - Interim,G121R,0.8
Clofazimine,Rv0678,Rv0678_p.Gly162Glu,p.Gly162Glu,missense_variant,3) Uncertain significance,G162E,0.0
Clofazimine,Rv0678,Rv0678_p.Gly25Asp,p.Gly25Asp,missense_variant,3) Uncertain significance,G25D,0.0
Clofazimine,Rv0678,Rv0678_p.Gly25Cys,p.Gly25Cys,missense_variant,3) Uncertain significance,G25C,0.0
Clofazimine,Rv0678,Rv0678_p.Gly65Arg,p.Gly65Arg,missense_variant,3) Uncertain significance,G65R,1.0
Clofazimine,Rv0678,Rv0678_p.Gly78Trp,p.Gly78Trp,missense_variant,3) Uncertain significance,G78W,0.0
Clofazimine,Rv0678,Rv0678_p.Gly87Arg,p.Gly87Arg,missense_variant,3) Uncertain significance,G87R,0.0
Clofazimine,Rv0678,Rv0678_p.Gly87Trp,p.Gly87Trp,missense_variant,3) Uncertain significance,G87W,0.0
Clofazimine,Rv0678,Rv0678_p.Ile108Thr,p.Ile108Thr,missense_variant,3) Uncertain significance,I108T,0.0
Clofazimine,Rv0678,Rv0678_p.Ile108Val,p.Ile108Val,missense_variant,3) Uncertain significance,I108V,0.3333333333333333
Clofazimine,Rv0678,Rv0678_p.Ile67Leu,p.Ile67Leu,missense_variant,3) Uncertain significance,I67L,0.0
Clofazimine,Rv0678,Rv0678_p.Ile67Ser,p.Ile67Ser,missense_variant,2) Assoc w R - Interim,I67S,0.0
Clofazimine,Rv0678,Rv0678_p.Ile75Val,p.Ile75Val,missense_variant,3) Uncertain significance,I75V,0.0
Clofazimine,Rv0678,Rv0678_p.Ile80Met,p.Ile80Met,missense_variant,3) Uncertain significance,I80M,0.0
Clofazimine,Rv0678,Rv0678_p.Ile80Ser,p.Ile80Ser,missense_variant,3) Uncertain significance,I80S,0.0
Clofazimine,Rv0678,Rv0678_p.Leu117Arg,p.Leu117Arg,missense_variant,2) Assoc w R - Interim,L117R,0.3076923076923077
Clofazimine,Rv0678,Rv0678_p.Leu117Pro,p.Leu117Pro,missense_variant,3) Uncertain significance,L117P,1.0
Clofazimine,Rv0678,Rv0678_p.Leu142Arg,p.Leu142Arg,missense_variant,3) Uncertain significance,L142R,1.0
Clofazimine,Rv0678,Rv0678_p.Leu32Ser,p.Leu32Ser,missense_variant,2) Assoc w R - Interim,L32S,0.25
Clofazimine,Rv0678,Rv0678_p.Leu35Trp,p.Leu35Trp,missense_variant,3) Uncertain significance,L35W,1.0
Clofazimine,Rv0678,Rv0678_p.Leu40Met,p.Leu40Met,missense_variant,3) Uncertain significance,L40M,0.0
Clofazimine,Rv0678,Rv0678_p.Leu40Phe,p.Leu40Phe,missense_variant,3) Uncertain significance,L40F,1.0
Clofazimine,Rv0678,Rv0678_p.Leu40Ser,p.Leu40Ser,missense_variant,3) Uncertain significance,L40S,0.0
Clofazimine,Rv0678,Rv0678_p.Leu40Val,p.Leu40Val,missense_variant,3) Uncertain significance,L40V,0.0
Clofazimine,Rv0678,Rv0678_p.Leu56Pro,p.Leu56Pro,missense_variant,3) Uncertain significance,L56P,1.0
Clofazimine,Rv0678,Rv0678_p.Leu60Gln,p.Leu60Gln,missense_variant,3) Uncertain significance,L60Q,0.0
Clofazimine,Rv0678,Rv0678_p.Leu74Met,p.Leu74Met,missense_variant,3) Uncertain significance,L74M,0.0
Clofazimine,Rv0678,Rv0678_p.Leu83His,p.Leu83His,missense_variant,3) Uncertain significance,L83H,0.0
Clofazimine,Rv0678,Rv0678_p.Leu83Phe,p.Leu83Phe,missense_variant,3) Uncertain significance,L83F,0.0
Clofazimine,Rv0678,Rv0678_p.Leu83Pro,p.Leu83Pro,missense_variant,3) Uncertain significance,L83P,1.0
Clofazimine,Rv0678,Rv0678_p.Leu95Ser,p.Leu95Ser,missense_variant,3) Uncertain significance,L95S,0.0
Clofazimine,Rv0678,Rv0678_p.Met10Ile,p.Met10Ile,missense_variant,3) Uncertain significance,M10I,1.0
Clofazimine,Rv0678,Rv0678_p.Met111Thr,p.Met111Thr,missense_variant,3) Uncertain significance,M111T,0.0
Clofazimine,Rv0678,Rv0678_p.Met139Ile,p.Met139Ile,missense_variant,3) Uncertain significance,M139I,0.0
Clofazimine,Rv0678,Rv0678_p.Met146Thr,p.Met146Thr,missense_variant,2) Assoc w R - Interim,M146T,0.05263157894736842
Clofazimine,Rv0678,Rv0678_p.Met17Val,p.Met17Val,missense_variant,3) Uncertain significance,M17V,0.0
Clofazimine,Rv0678,Rv0678_p.Met23Val,p.Met23Val,missense_variant,3) Uncertain significance,M23V,0.0
Clofazimine,Rv0678,Rv0678_p.Met73Ile,p.Met73Ile,missense_variant,3) Uncertain significance,M73I,0.0
Clofazimine,Rv0678,Rv0678_p.Phe19Leu,p.Phe19Leu,missense_variant,3) Uncertain significance,F19L,0.0
Clofazimine,Rv0678,Rv0678_p.Phe19Ser,p.Phe19Ser,missense_variant,3) Uncertain significance,F19S,1.0
Clofazimine,Rv0678,Rv0678_p.Phe93Leu,p.Phe93Leu,missense_variant,3) Uncertain significance,F93L,0.0
Clofazimine,Rv0678,Rv0678_p.Phe93Ser,p.Phe93Ser,missense_variant,3) Uncertain significance,F93S,0.0
Clofazimine,Rv0678,Rv0678_p.Pro14Leu,p.Pro14Leu,missense_variant,3) Uncertain significance,P14L,0.0
Clofazimine,Rv0678,Rv0678_p.Pro14Ser,p.Pro14Ser,missense_variant,3) Uncertain significance,P14S,1.0
Clofazimine,Rv0678,Rv0678_p.Pro48Leu,p.Pro48Leu,missense_variant,3) Uncertain significance,P48L,0.3333333333333333
Clofazimine,Rv0678,Rv0678_p.Ser151Pro,p.Ser151Pro,missense_variant,3) Uncertain significance,S151P,1.0
Clofazimine,Rv0678,Rv0678_p.Ser158Arg,p.Ser158Arg,missense_variant,3) Uncertain significance,S158R,0.0
Clofazimine,Rv0678,Rv0678_p.Ser2Arg,p.Ser2Arg,missense_variant,3) Uncertain significance,S2R,0.0
Clofazimine,Rv0678,Rv0678_p.Ser2Ile,p.Ser2Ile,missense_variant,3) Uncertain significance,S2I,0.0
Clofazimine,Rv0678,Rv0678_p.Ser31Gly,p.Ser31Gly,missense_variant,3) Uncertain significance,S31G,0.0
Clofazimine,Rv0678,Rv0678_p.Ser52Phe,p.Ser52Phe,missense_variant,3) Uncertain significance,S52F,1.0
Clofazimine,Rv0678,Rv0678_p.Ser52Pro,p.Ser52Pro,missense_variant,3) Uncertain significance,S52P,0.0
Clofazimine,Rv0678,Rv0678_p.Ser52Tyr,p.Ser52Tyr,missense_variant,3) Uncertain significance,S52Y,1.0
Clofazimine,Rv0678,Rv0678_p.Ser53Leu,p.Ser53Leu,missense_variant,3) Uncertain significance,S53L,0.0
Clofazimine,Rv0678,Rv0678_p.Ser53Pro,p.Ser53Pro,missense_variant,3) Uncertain significance,S53P,1.0
Clofazimine,Rv0678,Rv0678_p.Ser68Asn,p.Ser68Asn,missense_variant,3) Uncertain significance,S68N,1.0
Clofazimine,Rv0678,Rv0678_p.Ser68Gly,p.Ser68Gly,missense_variant,3) Uncertain significance,S68G,0.0
Clofazimine,Rv0678,Rv0678_p.Ser68Ile,p.Ser68Ile,missense_variant,3) Uncertain significance,S68I,0.0
Clofazimine,Rv0678,Rv0678_p.Thr33Ile,p.Thr33Ile,missense_variant,3) Uncertain significance,T33I,1.0
Clofazimine,Rv0678,Rv0678_p.Thr58Lys,p.Thr58Lys,missense_variant,3) Uncertain significance,T58K,0.0
Clofazimine,Rv0678,Rv0678_p.Thr58Pro,p.Thr58Pro,missense_variant,3) Uncertain significance,T58P,0.0
Clofazimine,Rv0678,Rv0678_p.Thr69Pro,p.Thr69Pro,missense_variant,3) Uncertain significance,T69P,0.0
Clofazimine,Rv0678,Rv0678_p.Trp42Arg,p.Trp42Arg,missense_variant,3) Uncertain significance,W42R,0.0
Clofazimine,Rv0678,Rv0678_p.Trp42Cys,p.Trp42Cys,missense_variant,3) Uncertain significance,W42C,0.0
Clofazimine,Rv0678,Rv0678_p.Tyr145His,p.Tyr145His,missense_variant,3) Uncertain significance,Y145H,0.0
Clofazimine,Rv0678,Rv0678_p.Tyr157Ser,p.Tyr157Ser,missense_variant,3) Uncertain significance,Y157S,1.0
Clofazimine,Rv0678,Rv0678_p.Tyr26Cys,p.Tyr26Cys,missense_variant,3) Uncertain significance,Y26C,1.0
Clofazimine,Rv0678,Rv0678_p.Val120Met,p.Val120Met,missense_variant,3) Uncertain significance,V120M,1.0
Clofazimine,Rv0678,Rv0678_p.Val20Ala,p.Val20Ala,missense_variant,3) Uncertain significance,V20A,0.0
Clofazimine,Rv0678,Rv0678_p.Val20Gly,p.Val20Gly,missense_variant,3) Uncertain significance,V20G,1.0
Clofazimine,Rv0678,Rv0678_p.Val85Ala,p.Val85Ala,missense_variant,3) Uncertain significance,V85A,0.0
Delamanid,ddn,ddn_p.Ala120Ser,p.Ala120Ser,missense_variant,3) Uncertain significance,A120S,0.0
Delamanid,ddn,ddn_p.Arg23Trp,p.Arg23Trp,missense_variant,3) Uncertain significance,R23W,0.0
Delamanid,ddn,ddn_p.Arg30Ser,p.Arg30Ser,missense_variant,3) Uncertain significance,R30S,0.0
Delamanid,ddn,ddn_p.Arg72Gln,p.Arg72Gln,missense_variant,3) Uncertain significance,R72Q,0.0
Delamanid,ddn,ddn_p.Arg72Gly,p.Arg72Gly,missense_variant,3) Uncertain significance,R72G,0.0
Delamanid,ddn,ddn_p.Arg72Trp,p.Arg72Trp,missense_variant,3) Uncertain significance,R72W,0.0
Delamanid,ddn,ddn_p.Arg7Leu,p.Arg7Leu,missense_variant,3) Uncertain significance,R7L,0.0
Delamanid,ddn,ddn_p.Asp108Asn,p.Asp108Asn,missense_variant,3) Uncertain significance,D108N,0.0
Delamanid,ddn,ddn_p.Asp113Asn,p.Asp113Asn,missense_variant,3) Uncertain significance,D113N,0.0
Delamanid,ddn,ddn_p.Asp15Asn,p.Asp15Asn,missense_variant,3) Uncertain significance,D15N,0.0
Delamanid,ddn,ddn_p.Asp15Glu,p.Asp15Glu,missense_variant,3) Uncertain significance,D15E,0.0
Delamanid,ddn,ddn_p.Glu105Lys,p.Glu105Lys,missense_variant,3) Uncertain significance,E105K,0.0
Delamanid,ddn,ddn_p.Glu150Asp,p.Glu150Asp,missense_variant,3) Uncertain significance,E150D,0.0
Delamanid,ddn,ddn_p.Glu83Ala,p.Glu83Ala,missense_variant,3) Uncertain significance,E83A,0.0
Delamanid,ddn,ddn_p.Glu83Asp,p.Glu83Asp,missense_variant,3) Uncertain significance,E83D,0.0
Delamanid,ddn,ddn_p.Gly34Arg,p.Gly34Arg,missense_variant,3) Uncertain significance,G34R,0.2
Delamanid,ddn,ddn_p.Gly34Glu,p.Gly34Glu,missense_variant,3) Uncertain significance,G34E,0.0
Delamanid,ddn,ddn_p.Gly53Asp,p.Gly53Asp,missense_variant,3) Uncertain significance,G53D,0.0
Delamanid,ddn,ddn_p.Gly70Val,p.Gly70Val,missense_variant,3) Uncertain significance,G70V,0.0
Delamanid,ddn,ddn_p.Gly81Ser,p.Gly81Ser,missense_variant,3) Uncertain significance,G81S,1.0
Delamanid,ddn,ddn_p.Ile144Thr,p.Ile144Thr,missense_variant,3) Uncertain significance,I144T,0.0
Delamanid,ddn,ddn_p.Ile74Val,p.Ile74Val,missense_variant,3) Uncertain significance,I74V,0.0
Delamanid,ddn,ddn_p.Leu49Pro,p.Leu49Pro,missense_variant,2) Assoc w R - Interim,L49P,0.8461538461538461
Delamanid,ddn,ddn_p.Met87Ile,p.Met87Ile,missense_variant,3) Uncertain significance,M87I,0.0
Delamanid,ddn,ddn_p.Phe16Cys,p.Phe16Cys,missense_variant,3) Uncertain significance,F16C,0.0
Delamanid,ddn,ddn_p.Phe17Ser,p.Phe17Ser,missense_variant,3) Uncertain significance,F17S,0.0
Delamanid,ddn,ddn_p.Phe66Ser,p.Phe66Ser,missense_variant,3) Uncertain significance,F66S,0.0
Delamanid,ddn,ddn_p.Pro124Ser,p.Pro124Ser,missense_variant,3) Uncertain significance,P124S,0.0
Delamanid,ddn,ddn_p.Pro45Leu,p.Pro45Leu,missense_variant,3) Uncertain significance,P45L,0.0
Delamanid,ddn,ddn_p.Pro59Gln,p.Pro59Gln,missense_variant,3) Uncertain significance,P59Q,0.0
Delamanid,ddn,ddn_p.Pro6Thr,p.Pro6Thr,missense_variant,3) Uncertain significance,P6T,0.0
Delamanid,ddn,ddn_p.Thr115Ala,p.Thr115Ala,missense_variant,3) Uncertain significance,T115A,0.0
Delamanid,ddn,ddn_p.Thr40Ala,p.Thr40Ala,missense_variant,3) Uncertain significance,T40A,0.0
Delamanid,ddn,ddn_p.Thr56Ala,p.Thr56Ala,missense_variant,3) Uncertain significance,T56A,0.0
Delamanid,ddn,ddn_p.Trp88Arg,p.Trp88Arg,missense_variant,3) Uncertain significance,W88R,1.0
Delamanid,ddn,ddn_p.Tyr65Ser,p.Tyr65Ser,missense_variant,3) Uncertain significance,Y65S,0.3333333333333333
Delamanid,ddn,ddn_p.Val106Met,p.Val106Met,missense_variant,3) Uncertain significance,V106M,0.0
Delamanid,ddn,ddn_p.Val127Phe,p.Val127Phe,missense_variant,3) Uncertain significance,V127F,0.6
Delamanid,ddn,ddn_p.Val98Ala,p.Val98Ala,missense_variant,3) Uncertain significance,V98A,0.0
Delamanid,fgd1,fgd1_p.Ala10Val,p.Ala10Val,missense_variant,3) Uncertain significance,A10V,0.0
Delamanid,fgd1,fgd1_p.Ala188Thr,p.Ala188Thr,missense_variant,3) Uncertain significance,A188T,0.0
Delamanid,fgd1,fgd1_p.Ala216Gly,p.Ala216Gly,missense_variant,3) Uncertain significance,A216G,0.0
Delamanid,fgd1,fgd1_p.Ala2Val,p.Ala2Val,missense_variant,3) Uncertain significance,A2V,0.0
Delamanid,fgd1,fgd1_p.Ala35Val,p.Ala35Val,missense_variant,3) Uncertain significance,A35V,0.0
Delamanid,fgd1,fgd1_p.Arg187His,p.Arg187His,missense_variant,3) Uncertain significance,R187H,0.0
Delamanid,fgd1,fgd1_p.Arg18Cys,p.Arg18Cys,missense_variant,3) Uncertain significance,R18C,0.0
Delamanid,fgd1,fgd1_p.Arg212Leu,p.Arg212Leu,missense_variant,3) Uncertain significance,R212L,0.0
Delamanid,fgd1,fgd1_p.Arg45Cys,p.Arg45Cys,missense_variant,3) Uncertain significance,R45C,0.0
Delamanid,fgd1,fgd1_p.Arg64Ser,p.Arg64Ser,missense_variant,3) Uncertain significance,R64S,0.00980392156862745
Delamanid,fgd1,fgd1_p.Asn66Ser,p.Asn66Ser,missense_variant,3) Uncertain significance,N66S,0.0
Delamanid,fgd1,fgd1_p.Asp190Glu,p.Asp190Glu,missense_variant,3) Uncertain significance,D190E,1.0
Delamanid,fgd1,fgd1_p.Asp273Gly,p.Asp273Gly,missense_variant,3) Uncertain significance,D273G,0.0
Delamanid,fgd1,fgd1_p.Asp33Gly,p.Asp33Gly,missense_variant,3) Uncertain significance,D33G,0.0
Delamanid,fgd1,fgd1_p.Gln279Pro,p.Gln279Pro,missense_variant,3) Uncertain significance,Q279P,0.0
Delamanid,fgd1,fgd1_p.Gln47Leu,p.Gln47Leu,missense_variant,3) Uncertain significance,Q47L,0.0
Delamanid,fgd1,fgd1_p.Glu119Asp,p.Glu119Asp,missense_variant,3) Uncertain significance,E119D,0.0
Delamanid,fgd1,fgd1_p.Glu119Lys,p.Glu119Lys,missense_variant,3) Uncertain significance,E119K,0.0
Delamanid,fgd1,fgd1_p.Glu19Asp,p.Glu19Asp,missense_variant,3) Uncertain significance,E19D,0.0
Delamanid,fgd1,fgd1_p.Glu240Gly,p.Glu240Gly,missense_variant,3) Uncertain significance,E240G,0.0
Delamanid,fgd1,fgd1_p.Glu269Lys,p.Glu269Lys,missense_variant,3) Uncertain significance,E269K,0.0
Delamanid,fgd1,fgd1_p.Gly137Glu,p.Gly137Glu,missense_variant,3) Uncertain significance,G137E,0.0
Delamanid,fgd1,fgd1_p.Gly168Arg,p.Gly168Arg,missense_variant,3) Uncertain significance,G168R,0.0
Delamanid,fgd1,fgd1_p.Gly169Asp,p.Gly169Asp,missense_variant,3) Uncertain significance,G169D,0.0
Delamanid,fgd1,fgd1_p.Gly224Asp,p.Gly224Asp,missense_variant,3) Uncertain significance,G224D,0.0
Delamanid,fgd1,fgd1_p.Gly7Ser,p.Gly7Ser,missense_variant,3) Uncertain significance,G7S,0.0
Delamanid,fgd1,fgd1_p.His260Pro,p.His260Pro,missense_variant,3) Uncertain significance,H260P,0.0
Delamanid,fgd1,fgd1_p.His315Asp,p.His315Asp,missense_variant,3) Uncertain significance,H315D,0.0
Delamanid,fgd1,fgd1_p.His315Tyr,p.His315Tyr,missense_variant,3) Uncertain significance,H315Y,0.0
Delamanid,fgd1,fgd1_p.Ile229Thr,p.Ile229Thr,missense_variant,3) Uncertain significance,I229T,0.0
Delamanid,fgd1,fgd1_p.Ile86Leu,p.Ile86Leu,missense_variant,3) Uncertain significance,I86L,0.0
Delamanid,fgd1,fgd1_p.Leu323Phe,p.Leu323Phe,missense_variant,3) Uncertain significance,L323F,0.0
Delamanid,fgd1,fgd1_p.Lys183Met,p.Lys183Met,missense_variant,3) Uncertain significance,K183M,0.16666666666666666
Delamanid,fgd1,fgd1_p.Lys183Thr,p.Lys183Thr,missense_variant,3) Uncertain significance,K183T,0.0
Delamanid,fgd1,fgd1_p.Lys270Met,p.Lys270Met,missense_variant,3) Uncertain significance,K270M,0.014213197969543147
Delamanid,fgd1,fgd1_p.Lys296Arg,p.Lys296Arg,missense_variant,3) Uncertain significance,K296R,0.0
Delamanid,fgd1,fgd1_p.Lys296Glu,p.Lys296Glu,missense_variant,3) Uncertain significance,K296E,0.0
Delamanid,fgd1,fgd1_p.Met139Ile,p.Met139Ile,missense_variant,3) Uncertain significance,M139I,0.0
Delamanid,fgd1,fgd1_p.Met93Thr,p.Met93Thr,missense_variant,3) Uncertain significance,M93T,0.0
Delamanid,fgd1,fgd1_p.Pro166Leu,p.Pro166Leu,missense_variant,3) Uncertain significance,P166L,0.0
Delamanid,fgd1,fgd1_p.Ser56Cys,p.Ser56Cys,missense_variant,3) Uncertain significance,S56C,0.0
Delamanid,fgd1,fgd1_p.Thr255Ala,p.Thr255Ala,missense_variant,3) Uncertain significance,T255A,0.0
Delamanid,fgd1,fgd1_p.Thr255Pro,p.Thr255Pro,missense_variant,3) Uncertain significance,T255P,0.0
Delamanid,fgd1,fgd1_p.Tyr118Ser,p.Tyr118Ser,missense_variant,3) Uncertain significance,Y118S,0.0
Delamanid,fgd1,fgd1_p.Tyr163Cys,p.Tyr163Cys,missense_variant,3) Uncertain significance,Y163C,0.0
Delamanid,fgd1,fgd1_p.Tyr81His,p.Tyr81His,missense_variant,3) Uncertain significance,Y81H,0.0
Delamanid,fgd1,fgd1_p.Val136Met,p.Val136Met,missense_variant,3) Uncertain significance,V136M,0.0
Delamanid,fgd1,fgd1_p.Val170Met,p.Val170Met,missense_variant,3) Uncertain significance,V170M,0.017241379310344827
Delamanid,fgd1,fgd1_p.Val286Ala,p.Val286Ala,missense_variant,3) Uncertain significance,V286A,0.0
Delamanid,fgd1,fgd1_p.Val294Ala,p.Val294Ala,missense_variant,3) Uncertain significance,V294A,0.0
Delamanid,fgd1,fgd1_p.Val37Gly,p.Val37Gly,missense_variant,3) Uncertain significance,V37G,0.0
Ethambutol,embB,embB_p.Ala1007Thr,p.Ala1007Thr,missense_variant,3) Uncertain significance,A1007T,1.0
Ethambutol,embB,embB_p.Ala1007Val,p.Ala1007Val,missense_variant,3) Uncertain significance,A1007V,0.0
Ethambutol,embB,embB_p.Ala1020Ser,p.Ala1020Ser,missense_variant,3) Uncertain significance,A1020S,0.0
Ethambutol,embB,embB_p.Ala102Thr,p.Ala102Thr,missense_variant,3) Uncertain significance,A102T,0.0
Ethambutol,embB,embB_p.Ala102Val,p.Ala102Val,missense_variant,3) Uncertain significance,A102V,0.0
Ethambutol,embB,embB_p.Ala1058Val,p.Ala1058Val,missense_variant,3) Uncertain significance,A1058V,0.0
Ethambutol,embB,embB_p.Ala1073Asp,p.Ala1073Asp,missense_variant,3) Uncertain significance,A1073D,0.037037037037037035
Ethambutol,embB,embB_p.Ala1073Gly,p.Ala1073Gly,missense_variant,3) Uncertain significance,A1073G,0.0
Ethambutol,embB,embB_p.Ala1073Val,p.Ala1073Val,missense_variant,3) Uncertain significance,A1073V,0.0
Ethambutol,embB,embB_p.Ala1076Thr,p.Ala1076Thr,missense_variant,3) Uncertain significance,A1076T,0.0
Ethambutol,embB,embB_p.Ala1083Glu,p.Ala1083Glu,missense_variant,3) Uncertain significance,A1083E,0.0
Ethambutol,embB,embB_p.Ala1083Thr,p.Ala1083Thr,missense_variant,3) Uncertain significance,A1083T,0.0
Ethambutol,embB,embB_p.Ala1083Val,p.Ala1083Val,missense_variant,3) Uncertain significance,A1083V,0.0
Ethambutol,embB,embB_p.Ala109Thr,p.Ala109Thr,missense_variant,3) Uncertain significance,A109T,0.0
Ethambutol,embB,embB_p.Ala113Thr,p.Ala113Thr,missense_variant,3) Uncertain significance,A113T,0.0
Ethambutol,embB,embB_p.Ala155Pro,p.Ala155Pro,missense_variant,3) Uncertain significance,A155P,0.0
Ethambutol,embB,embB_p.Ala155Thr,p.Ala155Thr,missense_variant,3) Uncertain significance,A155T,0.0
Ethambutol,embB,embB_p.Ala155Val,p.Ala155Val,missense_variant,3) Uncertain significance,A155V,0.0
Ethambutol,embB,embB_p.Ala15Pro,p.Ala15Pro,missense_variant,3) Uncertain significance,A15P,0.0
Ethambutol,embB,embB_p.Ala196Thr,p.Ala196Thr,missense_variant,3) Uncertain significance,A196T,0.0
Ethambutol,embB,embB_p.Ala201Glu,p.Ala201Glu,missense_variant,3) Uncertain significance,A201E,0.0
Ethambutol,embB,embB_p.Ala201Ser,p.Ala201Ser,missense_variant,3) Uncertain significance,A201S,1.0
Ethambutol,embB,embB_p.Ala201Thr,p.Ala201Thr,missense_variant,3) Uncertain significance,A201T,0.0
Ethambutol,embB,embB_p.Ala204Thr,p.Ala204Thr,missense_variant,3) Uncertain significance,A204T,0.0
Ethambutol,embB,embB_p.Ala21Thr,p.Ala21Thr,missense_variant,3) Uncertain significance,A21T,0.0
Ethambutol,embB,embB_p.Ala221Ser,p.Ala221Ser,missense_variant,3) Uncertain significance,A221S,0.0
Ethambutol,embB,embB_p.Ala221Thr,p.Ala221Thr,missense_variant,3) Uncertain significance,A221T,0.0
Ethambutol,embB,embB_p.Ala225Glu,p.Ala225Glu,missense_variant,3) Uncertain significance,A225E,0.0
Ethambutol,embB,embB_p.Ala225Thr,p.Ala225Thr,missense_variant,3) Uncertain significance,A225T,0.0
Ethambutol,embB,embB_p.Ala228Thr,p.Ala228Thr,missense_variant,3) Uncertain significance,A228T,0.0
Ethambutol,embB,embB_p.Ala232Glu,p.Ala232Glu,missense_variant,3) Uncertain significance,A232E,0.0
Ethambutol,embB,embB_p.Ala232Thr,p.Ala232Thr,missense_variant,3) Uncertain significance,A232T,0.0
Ethambutol,embB,embB_p.Ala235Val,p.Ala235Val,missense_variant,3) Uncertain significance,A235V,0.0
Ethambutol,embB,embB_p.Ala249Asp,p.Ala249Asp,missense_variant,3) Uncertain significance,A249D,0.0
Ethambutol,embB,embB_p.Ala259Glu,p.Ala259Glu,missense_variant,3) Uncertain significance,A259E,0.0
Ethambutol,embB,embB_p.Ala259Val,p.Ala259Val,missense_variant,3) Uncertain significance,A259V,0.0
Ethambutol,embB,embB_p.Ala271Thr,p.Ala271Thr,missense_variant,3) Uncertain significance,A271T,0.0
Ethambutol,embB,embB_p.Ala281Val,p.Ala281Val,missense_variant,3) Uncertain significance,A281V,0.0
Ethambutol,embB,embB_p.Ala295Val,p.Ala295Val,missense_variant,3) Uncertain significance,A295V,0.0
Ethambutol,embB,embB_p.Ala30Thr,p.Ala30Thr,missense_variant,3) Uncertain significance,A30T,0.5
Ethambutol,embB,embB_p.Ala313Thr,p.Ala313Thr,missense_variant,3) Uncertain significance,A313T,0.0
Ethambutol,embB,embB_p.Ala313Val,p.Ala313Val,missense_variant,3) Uncertain significance,A313V,0.0
Ethambutol,embB,embB_p.Ala338Thr,p.Ala338Thr,missense_variant,3) Uncertain significance,A338T,0.14285714285714285
Ethambutol,embB,embB_p.Ala33Pro,p.Ala33Pro,missense_variant,3) Uncertain significance,A33P,0.0
Ethambutol,embB,embB_p.Ala356Val,p.Ala356Val,missense_variant,3) Uncertain significance,A356V,0.0
Ethambutol,embB,embB_p.Ala357Thr,p.Ala357Thr,missense_variant,3) Uncertain significance,A357T,0.0
Ethambutol,embB,embB_p.Ala376Thr,p.Ala376Thr,missense_variant,3) Uncertain significance,A376T,0.0
Ethambutol,embB,embB_p.Ala379Thr,p.Ala379Thr,missense_variant,3) Uncertain significance,A379T,0.0
Ethambutol,embB,embB_p.Ala379Val,p.Ala379Val,missense_variant,3) Uncertain significance,A379V,0.0
Ethambutol,embB,embB_p.Ala383Ser,p.Ala383Ser,missense_variant,3) Uncertain significance,A383S,0.0
Ethambutol,embB,embB_p.Ala386Glu,p.Ala386Glu,missense_variant,3) Uncertain significance,A386E,0.0
Ethambutol,embB,embB_p.Ala386Ser,p.Ala386Ser,missense_variant,3) Uncertain significance,A386S,0.0
Ethambutol,embB,embB_p.Ala386Thr,p.Ala386Thr,missense_variant,3) Uncertain significance,A386T,0.0
Ethambutol,embB,embB_p.Ala386Val,p.Ala386Val,missense_variant,3) Uncertain significance,A386V,0.0
Ethambutol,embB,embB_p.Ala388Asp,p.Ala388Asp,missense_variant,3) Uncertain significance,A388D,0.0
Ethambutol,embB,embB_p.Ala388Ser,p.Ala388Ser,missense_variant,3) Uncertain significance,A388S,0.0
Ethambutol,embB,embB_p.Ala388Val,p.Ala388Val,missense_variant,3) Uncertain significance,A388V,0.0
Ethambutol,embB,embB_p.Ala409Pro,p.Ala409Pro,missense_variant,3) Uncertain significance,A409P,0.9473684210526315
Ethambutol,embB,embB_p.Ala431Pro,p.Ala431Pro,missense_variant,3) Uncertain significance,A431P,0.0
Ethambutol,embB,embB_p.Ala432Val,p.Ala432Val,missense_variant,3) Uncertain significance,A432V,0.0
Ethambutol,embB,embB_p.Ala438Thr,p.Ala438Thr,missense_variant,3) Uncertain significance,A438T,0.0
Ethambutol,embB,embB_p.Ala439Gly,p.Ala439Gly,missense_variant,3) Uncertain significance,A439G,0.0
Ethambutol,embB,embB_p.Ala439Thr,p.Ala439Thr,missense_variant,3) Uncertain significance,A439T,0.5
Ethambutol,embB,embB_p.Ala439Val,p.Ala439Val,missense_variant,3) Uncertain significance,A439V,0.0
Ethambutol,embB,embB_p.Ala43Thr,p.Ala43Thr,missense_variant,3) Uncertain significance,A43T,1.0
Ethambutol,embB,embB_p.Ala43Val,p.Ala43Val,missense_variant,3) Uncertain significance,A43V,0.0
Ethambutol,embB,embB_p.Ala451Thr,p.Ala451Thr,missense_variant,3) Uncertain significance,A451T,0.0
Ethambutol,embB,embB_p.Ala454Pro,p.Ala454Pro,missense_variant,3) Uncertain significance,A454P,0.0
Ethambutol,embB,embB_p.Ala454Thr,p.Ala454Thr,missense_variant,3) Uncertain significance,A454T,0.5
Ethambutol,embB,embB_p.Ala457Thr,p.Ala457Thr,missense_variant,3) Uncertain significance,A457T,0.5
Ethambutol,embB,embB_p.Ala484Thr,p.Ala484Thr,missense_variant,3) Uncertain significance,A484T,0.0
Ethambutol,embB,embB_p.Ala485Val,p.Ala485Val,missense_variant,3) Uncertain significance,A485V,0.0
Ethambutol,embB,embB_p.Ala495Thr,p.Ala495Thr,missense_variant,3) Uncertain significance,A495T,0.0
Ethambutol,embB,embB_p.Ala505Pro,p.Ala505Pro,missense_variant,3) Uncertain significance,A505P,0.0
Ethambutol,embB,embB_p.Ala505Thr,p.Ala505Thr,missense_variant,3) Uncertain significance,A505T,0.0
Ethambutol,embB,embB_p.Ala505Val,p.Ala505Val,missense_variant,3) Uncertain significance,A505V,0.5
Ethambutol,embB,embB_p.Ala510Thr,p.Ala510Thr,missense_variant,3) Uncertain significance,A510T,0.0
Ethambutol,embB,embB_p.Ala517Thr,p.Ala517Thr,missense_variant,3) Uncertain significance,A517T,0.0
Ethambutol,embB,embB_p.Ala547Ser,p.Ala547Ser,missense_variant,3) Uncertain significance,A547S,0.0
Ethambutol,embB,embB_p.Ala54Thr,p.Ala54Thr,missense_variant,3) Uncertain significance,A54T,0.0
Ethambutol,embB,embB_p.Ala553Thr,p.Ala553Thr,missense_variant,3) Uncertain significance,A553T,0.0
Ethambutol,embB,embB_p.Ala567Asp,p.Ala567Asp,missense_variant,3) Uncertain significance,A567D,0.0
Ethambutol,embB,embB_p.Ala567Thr,p.Ala567Thr,missense_variant,3) Uncertain significance,A567T,0.0
Ethambutol,embB,embB_p.Ala571Thr,p.Ala571Thr,missense_variant,3) Uncertain significance,A571T,0.0
Ethambutol,embB,embB_p.Ala571Val,p.Ala571Val,missense_variant,3) Uncertain significance,A571V,0.0
Ethambutol,embB,embB_p.Ala5Ser,p.Ala5Ser,missense_variant,3) Uncertain significance,A5S,1.0
Ethambutol,embB,embB_p.Ala5Thr,p.Ala5Thr,missense_variant,3) Uncertain significance,A5T,0.0
Ethambutol,embB,embB_p.Ala601Gly,p.Ala601Gly,missense_variant,3) Uncertain significance,A601G,1.0
Ethambutol,embB,embB_p.Ala601Pro,p.Ala601Pro,missense_variant,3) Uncertain significance,A601P,0.0
Ethambutol,embB,embB_p.Ala607Asp,p.Ala607Asp,missense_variant,3) Uncertain significance,A607D,0.0
Ethambutol,embB,embB_p.Ala608Thr,p.Ala608Thr,missense_variant,3) Uncertain significance,A608T,0.0
Ethambutol,embB,embB_p.Ala627Val,p.Ala627Val,missense_variant,3) Uncertain significance,A627V,0.0
Ethambutol,embB,embB_p.Ala630Thr,p.Ala630Thr,missense_variant,3) Uncertain significance,A630T,0.0
Ethambutol,embB,embB_p.Ala677Glu,p.Ala677Glu,missense_variant,3) Uncertain significance,A677E,0.0
Ethambutol,embB,embB_p.Ala679Ser,p.Ala679Ser,missense_variant,3) Uncertain significance,A679S,0.0
Ethambutol,embB,embB_p.Ala679Thr,p.Ala679Thr,missense_variant,3) Uncertain significance,A679T,0.08333333333333333
Ethambutol,embB,embB_p.Ala679Val,p.Ala679Val,missense_variant,3) Uncertain significance,A679V,1.0
Ethambutol,embB,embB_p.Ala680Thr,p.Ala680Thr,missense_variant,3) Uncertain significance,A680T,0.16666666666666666
Ethambutol,embB,embB_p.Ala683Val,p.Ala683Val,missense_variant,3) Uncertain significance,A683V,0.0
Ethambutol,embB,embB_p.Ala684Thr,p.Ala684Thr,missense_variant,3) Uncertain significance,A684T,0.0
Ethambutol,embB,embB_p.Ala684Val,p.Ala684Val,missense_variant,3) Uncertain significance,A684V,0.0
Ethambutol,embB,embB_p.Ala693Thr,p.Ala693Thr,missense_variant,3) Uncertain significance,A693T,0.0
Ethambutol,embB,embB_p.Ala701Pro,p.Ala701Pro,missense_variant,3) Uncertain significance,A701P,0.0
Ethambutol,embB,embB_p.Ala701Thr,p.Ala701Thr,missense_variant,3) Uncertain significance,A701T,0.0
Ethambutol,embB,embB_p.Ala705Thr,p.Ala705Thr,missense_variant,3) Uncertain significance,A705T,0.0
Ethambutol,embB,embB_p.Ala716Pro,p.Ala716Pro,missense_variant,3) Uncertain significance,A716P,0.0
Ethambutol,embB,embB_p.Ala716Val,p.Ala716Val,missense_variant,3) Uncertain significance,A716V,0.0
Ethambutol,embB,embB_p.Ala720Val,p.Ala720Val,missense_variant,3) Uncertain significance,A720V,0.0
Ethambutol,embB,embB_p.Ala724Thr,p.Ala724Thr,missense_variant,3) Uncertain significance,A724T,0.0
Ethambutol,embB,embB_p.Ala724Val,p.Ala724Val,missense_variant,3) Uncertain significance,A724V,0.0
Ethambutol,embB,embB_p.Ala761Val,p.Ala761Val,missense_variant,3) Uncertain significance,A761V,0.0
Ethambutol,embB,embB_p.Ala799Thr,p.Ala799Thr,missense_variant,3) Uncertain significance,A799T,0.0
Ethambutol,embB,embB_p.Ala801Glu,p.Ala801Glu,missense_variant,3) Uncertain significance,A801E,0.0
Ethambutol,embB,embB_p.Ala801Thr,p.Ala801Thr,missense_variant,3) Uncertain significance,A801T,0.0
Ethambutol,embB,embB_p.Ala840Gly,p.Ala840Gly,missense_variant,3) Uncertain significance,A840G,0.0
Ethambutol,embB,embB_p.Ala840Pro,p.Ala840Pro,missense_variant,3) Uncertain significance,A840P,0.0
Ethambutol,embB,embB_p.Ala840Val,p.Ala840Val,missense_variant,3) Uncertain significance,A840V,0.0
Ethambutol,embB,embB_p.Ala852Val,p.Ala852Val,missense_variant,3) Uncertain significance,A852V,0.0
Ethambutol,embB,embB_p.Ala861Thr,p.Ala861Thr,missense_variant,3) Uncertain significance,A861T,0.0
Ethambutol,embB,embB_p.Ala880Thr,p.Ala880Thr,missense_variant,3) Uncertain significance,A880T,0.0
Ethambutol,embB,embB_p.Ala903Thr,p.Ala903Thr,missense_variant,3) Uncertain significance,A903T,0.0
Ethambutol,embB,embB_p.Ala909Thr,p.Ala909Thr,missense_variant,3) Uncertain significance,A909T,1.0
Ethambutol,embB,embB_p.Ala90Gly,p.Ala90Gly,missense_variant,3) Uncertain significance,A90G,0.0
Ethambutol,embB,embB_p.Ala928Thr,p.Ala928Thr,missense_variant,3) Uncertain significance,A928T,0.0
Ethambutol,embB,embB_p.Ala941Thr,p.Ala941Thr,missense_variant,3) Uncertain significance,A941T,0.0
Ethambutol,embB,embB_p.Ala943Val,p.Ala943Val,missense_variant,3) Uncertain significance,A943V,0.0
Ethambutol,embB,embB_p.Ala945Thr,p.Ala945Thr,missense_variant,3) Uncertain significance,A945T,0.0
Ethambutol,embB,embB_p.Ala94Val,p.Ala94Val,missense_variant,3) Uncertain significance,A94V,0.0
Ethambutol,embB,embB_p.Ala950Val,p.Ala950Val,missense_variant,3) Uncertain significance,A950V,0.0
Ethambutol,embB,embB_p.Ala993Thr,p.Ala993Thr,missense_variant,3) Uncertain significance,A993T,0.0
Ethambutol,embB,embB_p.Arg1045Gln,p.Arg1045Gln,missense_variant,3) Uncertain significance,R1045Q,0.0
Ethambutol,embB,embB_p.Arg1055His,p.Arg1055His,missense_variant,3) Uncertain significance,R1055H,0.0
Ethambutol,embB,embB_p.Arg1059Gly,p.Arg1059Gly,missense_variant,3) Uncertain significance,R1059G,0.0
Ethambutol,embB,embB_p.Arg1059Pro,p.Arg1059Pro,missense_variant,3) Uncertain significance,R1059P,0.0
Ethambutol,embB,embB_p.Arg122His,p.Arg122His,missense_variant,3) Uncertain significance,R122H,0.0
Ethambutol,embB,embB_p.Arg147Cys,p.Arg147Cys,missense_variant,3) Uncertain significance,R147C,0.0
Ethambutol,embB,embB_p.Arg147His,p.Arg147His,missense_variant,3) Uncertain significance,R147H,0.0
Ethambutol,embB,embB_p.Arg14Gln,p.Arg14Gln,missense_variant,3) Uncertain significance,R14Q,0.5333333333333333
Ethambutol,embB,embB_p.Arg173Leu,p.Arg173Leu,missense_variant,3) Uncertain significance,R173L,1.0
Ethambutol,embB,embB_p.Arg173Pro,p.Arg173Pro,missense_variant,3) Uncertain significance,R173P,0.0
Ethambutol,embB,embB_p.Arg182Cys,p.Arg182Cys,missense_variant,3) Uncertain significance,R182C,0.5
Ethambutol,embB,embB_p.Arg213Gln,p.Arg213Gln,missense_variant,5) Not assoc w R,R213Q,0.004761904761904762
Ethambutol,embB,embB_p.Arg213Trp,p.Arg213Trp,missense_variant,3) Uncertain significance,R213W,0.0
Ethambutol,embB,embB_p.Arg238His,p.Arg238His,missense_variant,3) Uncertain significance,R238H,0.0
Ethambutol,embB,embB_p.Arg257Gln,p.Arg257Gln,missense_variant,3) Uncertain significance,R257Q,0.0
Ethambutol,embB,embB_p.Arg257Trp,p.Arg257Trp,missense_variant,3) Uncertain significance,R257W,0.0
Ethambutol,embB,embB_p.Arg267Gln,p.Arg267Gln,missense_variant,3) Uncertain significance,R267Q,0.3333333333333333
Ethambutol,embB,embB_p.Arg267Pro,p.Arg267Pro,missense_variant,3) Uncertain significance,R267P,0.0
Ethambutol,embB,embB_p.Arg351Cys,p.Arg351Cys,missense_variant,3) Uncertain significance,R351C,1.0
Ethambutol,embB,embB_p.Arg351His,p.Arg351His,missense_variant,3) Uncertain significance,R351H,1.0
Ethambutol,embB,embB_p.Arg367His,p.Arg367His,missense_variant,3) Uncertain significance,R367H,0.0
Ethambutol,embB,embB_p.Arg372Cys,p.Arg372Cys,missense_variant,3) Uncertain significance,R372C,0.0
Ethambutol,embB,embB_p.Arg464Gln,p.Arg464Gln,missense_variant,3) Uncertain significance,R464Q,0.0
Ethambutol,embB,embB_p.Arg464Leu,p.Arg464Leu,missense_variant,3) Uncertain significance,R464L,0.0
Ethambutol,embB,embB_p.Arg468His,p.Arg468His,missense_variant,3) Uncertain significance,R468H,0.0
Ethambutol,embB,embB_p.Arg469His,p.Arg469His,missense_variant,3) Uncertain significance,R469H,0.0
Ethambutol,embB,embB_p.Arg507Thr,p.Arg507Thr,missense_variant,3) Uncertain significance,R507T,0.0
Ethambutol,embB,embB_p.Arg524His,p.Arg524His,missense_variant,3) Uncertain significance,R524H,0.6666666666666666
Ethambutol,embB,embB_p.Arg559Pro,p.Arg559Pro,missense_variant,3) Uncertain significance,R559P,0.0
Ethambutol,embB,embB_p.Arg568His,p.Arg568His,missense_variant,3) Uncertain significance,R568H,0.0
Ethambutol,embB,embB_p.Arg573Gln,p.Arg573Gln,missense_variant,3) Uncertain significance,R573Q,0.0
Ethambutol,embB,embB_p.Arg61Pro,p.Arg61Pro,missense_variant,3) Uncertain significance,R61P,0.0
Ethambutol,embB,embB_p.Arg61Trp,p.Arg61Trp,missense_variant,3) Uncertain significance,R61W,0.0
Ethambutol,embB,embB_p.Arg620Cys,p.Arg620Cys,missense_variant,3) Uncertain significance,R620C,0.0
Ethambutol,embB,embB_p.Arg620Pro,p.Arg620Pro,missense_variant,3) Uncertain significance,R620P,0.0
Ethambutol,embB,embB_p.Arg623Pro,p.Arg623Pro,missense_variant,3) Uncertain significance,R623P,0.0
Ethambutol,embB,embB_p.Arg691His,p.Arg691His,missense_variant,3) Uncertain significance,R691H,1.0
Ethambutol,embB,embB_p.Arg728Gln,p.Arg728Gln,missense_variant,3) Uncertain significance,R728Q,0.0
Ethambutol,embB,embB_p.Arg741Trp,p.Arg741Trp,missense_variant,3) Uncertain significance,R741W,0.0
Ethambutol,embB,embB_p.Arg7Thr,p.Arg7Thr,missense_variant,3) Uncertain significance,R7T,0.0
Ethambutol,embB,embB_p.Arg930His,p.Arg930His,missense_variant,3) Uncertain significance,R930H,0.0
Ethambutol,embB,embB_p.Arg972His,p.Arg972His,missense_variant,3) Uncertain significance,R972H,1.0
Ethambutol,embB,embB_p.Asn1004Thr,p.Asn1004Thr,missense_variant,3) Uncertain significance,N1004T,0.0
Ethambutol,embB,embB_p.Asn129Asp,p.Asn129Asp,missense_variant,3) Uncertain significance,N129D,0.0
Ethambutol,embB,embB_p.Asn13Ser,p.Asn13Ser,missense_variant,5) Not assoc w R,N13S,0.03398058252427184
Ethambutol,embB,embB_p.Asn160Asp,p.Asn160Asp,missense_variant,3) Uncertain significance,N160D,0.0
Ethambutol,embB,embB_p.Asn296His,p.Asn296His,missense_variant,3) Uncertain significance,N296H,0.4819277108433735
Ethambutol,embB,embB_p.Asn296Tyr,p.Asn296Tyr,missense_variant,3) Uncertain significance,N296Y,0.4
Ethambutol,embB,embB_p.Asn318Asp,p.Asn318Asp,missense_variant,3) Uncertain significance,N318D,0.5714285714285714
Ethambutol,embB,embB_p.Asn399Thr,p.Asn399Thr,missense_variant,3) Uncertain significance,N399T,0.7142857142857143
Ethambutol,embB,embB_p.Asn400Ser,p.Asn400Ser,missense_variant,3) Uncertain significance,N400S,0.0
Ethambutol,embB,embB_p.Asn400Tyr,p.Asn400Tyr,missense_variant,3) Uncertain significance,N400Y,1.0
Ethambutol,embB,embB_p.Asn522His,p.Asn522His,missense_variant,3) Uncertain significance,N522H,0.0
Ethambutol,embB,embB_p.Asn522Thr,p.Asn522Thr,missense_variant,3) Uncertain significance,N522T,1.0
Ethambutol,embB,embB_p.Asn644Ile,p.Asn644Ile,missense_variant,3) Uncertain significance,N644I,1.0
Ethambutol,embB,embB_p.Asn644Thr,p.Asn644Thr,missense_variant,3) Uncertain significance,N644T,1.0
Ethambutol,embB,embB_p.Asn657Asp,p.Asn657Asp,missense_variant,3) Uncertain significance,N657D,0.0
Ethambutol,embB,embB_p.Asn791Ser,p.Asn791Ser,missense_variant,3) Uncertain significance,N791S,0.0
Ethambutol,embB,embB_p.Asn807Asp,p.Asn807Asp,missense_variant,3) Uncertain significance,N807D,0.0
Ethambutol,embB,embB_p.Asn807Thr,p.Asn807Thr,missense_variant,3) Uncertain significance,N807T,0.0
Ethambutol,embB,embB_p.Asn886His,p.Asn886His,missense_variant,3) Uncertain significance,N886H,0.0
Ethambutol,embB,embB_p.Asn886Thr,p.Asn886Thr,missense_variant,3) Uncertain significance,N886T,0.0
Ethambutol,embB,embB_p.Asn931Asp,p.Asn931Asp,missense_variant,3) Uncertain significance,N931D,0.0
Ethambutol,embB,embB_p.Asp1017Glu,p.Asp1017Glu,missense_variant,3) Uncertain significance,D1017E,1.0
Ethambutol,embB,embB_p.Asp1024Asn,p.Asp1024Asn,missense_variant,3) Uncertain significance,D1024N,0.6116838487972509
Ethambutol,embB,embB_p.Asp1041Ala,p.Asp1041Ala,missense_variant,3) Uncertain significance,D1041A,0.0
Ethambutol,embB,embB_p.Asp1056Ala,p.Asp1056Ala,missense_variant,3) Uncertain significance,D1056A,1.0
Ethambutol,embB,embB_p.Asp1056Glu,p.Asp1056Glu,missense_variant,3) Uncertain significance,D1056E,0.0
Ethambutol,embB,embB_p.Asp1060Asn,p.Asp1060Asn,missense_variant,3) Uncertain significance,D1060N,0.0
Ethambutol,embB,embB_p.Asp1068Tyr,p.Asp1068Tyr,missense_variant,3) Uncertain significance,D1068Y,0.0
Ethambutol,embB,embB_p.Asp1072Asn,p.Asp1072Asn,missense_variant,3) Uncertain significance,D1072N,0.0
Ethambutol,embB,embB_p.Asp108Asn,p.Asp108Asn,missense_variant,3) Uncertain significance,D108N,0.6666666666666666
Ethambutol,embB,embB_p.Asp127Ala,p.Asp127Ala,missense_variant,3) Uncertain significance,D127A,0.0
Ethambutol,embB,embB_p.Asp166Ala,p.Asp166Ala,missense_variant,3) Uncertain significance,D166A,0.0
Ethambutol,embB,embB_p.Asp178Asn,p.Asp178Asn,missense_variant,3) Uncertain significance,D178N,0.0
Ethambutol,embB,embB_p.Asp178His,p.Asp178His,missense_variant,3) Uncertain significance,D178H,0.0
Ethambutol,embB,embB_p.Asp191Glu,p.Asp191Glu,missense_variant,3) Uncertain significance,D191E,0.0
Ethambutol,embB,embB_p.Asp191Tyr,p.Asp191Tyr,missense_variant,3) Uncertain significance,D191Y,0.0
Ethambutol,embB,embB_p.Asp207Asn,p.Asp207Asn,missense_variant,3) Uncertain significance,D207N,0.0
Ethambutol,embB,embB_p.Asp207Glu,p.Asp207Glu,missense_variant,3) Uncertain significance,D207E,0.0
Ethambutol,embB,embB_p.Asp240Asn,p.Asp240Asn,missense_variant,3) Uncertain significance,D240N,0.0
Ethambutol,embB,embB_p.Asp240Gly,p.Asp240Gly,missense_variant,3) Uncertain significance,D240G,0.0
Ethambutol,embB,embB_p.Asp240Tyr,p.Asp240Tyr,missense_variant,3) Uncertain significance,D240Y,0.0
Ethambutol,embB,embB_p.Asp240Val,p.Asp240Val,missense_variant,3) Uncertain significance,D240V,0.0
Ethambutol,embB,embB_p.Asp243His,p.Asp243His,missense_variant,3) Uncertain significance,D243H,0.0
Ethambutol,embB,embB_p.Asp280Asn,p.Asp280Asn,missense_variant,3) Uncertain significance,D280N,0.0
Ethambutol,embB,embB_p.Asp280Tyr,p.Asp280Tyr,missense_variant,3) Uncertain significance,D280Y,0.0
Ethambutol,embB,embB_p.Asp300Glu,p.Asp300Glu,missense_variant,3) Uncertain significance,D300E,1.0
Ethambutol,embB,embB_p.Asp300Gly,p.Asp300Gly,missense_variant,3) Uncertain significance,D300G,0.3333333333333333
Ethambutol,embB,embB_p.Asp311Ala,p.Asp311Ala,missense_variant,3) Uncertain significance,D311A,0.0
Ethambutol,embB,embB_p.Asp311Phe,p.Asp311Phe,missense_variant,3) Uncertain significance,D311F,0.0
Ethambutol,embB,embB_p.Asp328Ala,p.Asp328Ala,missense_variant,3) Uncertain significance,D328A,0.5
Ethambutol,embB,embB_p.Asp328Gly,p.Asp328Gly,missense_variant,3) Uncertain significance,D328G,0.71875
Ethambutol,embB,embB_p.Asp328His,p.Asp328His,missense_variant,3) Uncertain significance,D328H,0.38461538461538464
Ethambutol,embB,embB_p.Asp328Ile,p.Asp328Ile,missense_variant,3) Uncertain significance,D328I,0.5
Ethambutol,embB,embB_p.Asp328Phe,p.Asp328Phe,missense_variant,3) Uncertain significance,D328F,1.0
Ethambutol,embB,embB_p.Asp328Tyr,p.Asp328Tyr,missense_variant,1) Assoc w R,D328Y,0.9019607843137255
Ethambutol,embB,embB_p.Asp328Val,p.Asp328Val,missense_variant,3) Uncertain significance,D328V,1.0
Ethambutol,embB,embB_p.Asp354Ala,p.Asp354Ala,missense_variant,1) Assoc w R,D354A,0.6872146118721462
Ethambutol,embB,embB_p.Asp354Asn,p.Asp354Asn,missense_variant,3) Uncertain significance,D354N,0.0
Ethambutol,embB,embB_p.Asp354Gly,p.Asp354Gly,missense_variant,3) Uncertain significance,D354G,0.5
Ethambutol,embB,embB_p.Asp496Asn,p.Asp496Asn,missense_variant,3) Uncertain significance,D496N,1.0
Ethambutol,embB,embB_p.Asp57Gly,p.Asp57Gly,missense_variant,3) Uncertain significance,D57G,0.5
Ethambutol,embB,embB_p.Asp664Gly,p.Asp664Gly,missense_variant,3) Uncertain significance,D664G,0.0
Ethambutol,embB,embB_p.Asp752His,p.Asp752His,missense_variant,3) Uncertain significance,D752H,0.0
Ethambutol,embB,embB_p.Asp758Asn,p.Asp758Asn,missense_variant,3) Uncertain significance,D758N,0.0
Ethambutol,embB,embB_p.Asp78Ala,p.Asp78Ala,missense_variant,3) Uncertain significance,D78A,0.0
Ethambutol,embB,embB_p.Asp78Glu,p.Asp78Glu,missense_variant,3) Uncertain significance,D78E,0.0
Ethambutol,embB,embB_p.Asp78Gly,p.Asp78Gly,missense_variant,3) Uncertain significance,D78G,0.08333333333333333
Ethambutol,embB,embB_p.Asp814Ala,p.Asp814Ala,missense_variant,3) Uncertain significance,D814A,0.0
Ethambutol,embB,embB_p.Asp814Asn,p.Asp814Asn,missense_variant,3) Uncertain significance,D814N,0.0
Ethambutol,embB,embB_p.Asp816His,p.Asp816His,missense_variant,3) Uncertain significance,D816H,1.0
Ethambutol,embB,embB_p.Asp869Glu,p.Asp869Glu,missense_variant,3) Uncertain significance,D869E,0.0
Ethambutol,embB,embB_p.Asp869Gly,p.Asp869Gly,missense_variant,3) Uncertain significance,D869G,0.0
Ethambutol,embB,embB_p.Asp869His,p.Asp869His,missense_variant,3) Uncertain significance,D869H,0.0
Ethambutol,embB,embB_p.Asp870Asn,p.Asp870Asn,missense_variant,3) Uncertain significance,D870N,0.0
Ethambutol,embB,embB_p.Asp920Asn,p.Asp920Asn,missense_variant,3) Uncertain significance,D920N,1.0
Ethambutol,embB,embB_p.Asp952Glu,p.Asp952Glu,missense_variant,3) Uncertain significance,D952E,0.0
Ethambutol,embB,embB_p.Asp970Ala,p.Asp970Ala,missense_variant,3) Uncertain significance,D970A,0.0
Ethambutol,embB,embB_p.Asp970Glu,p.Asp970Glu,missense_variant,3) Uncertain significance,D970E,0.0
Ethambutol,embB,embB_p.Asp970Gly,p.Asp970Gly,missense_variant,3) Uncertain significance,D970G,0.0
Ethambutol,embB,embB_p.Cys361Ser,p.Cys361Ser,missense_variant,3) Uncertain significance,C361S,0.14285714285714285
Ethambutol,embB,embB_p.Cys361Tyr,p.Cys361Tyr,missense_variant,3) Uncertain significance,C361Y,1.0
Ethambutol,embB,embB_p.Cys4Ser,p.Cys4Ser,missense_variant,3) Uncertain significance,C4S,0.0
Ethambutol,embB,embB_p.Cys549Phe,p.Cys549Phe,missense_variant,3) Uncertain significance,C549F,0.25
Ethambutol,embB,embB_p.Cys549Tyr,p.Cys549Tyr,missense_variant,3) Uncertain significance,C549Y,0.0
Ethambutol,embB,embB_p.Gln112His,p.Gln112His,missense_variant,3) Uncertain significance,Q112H,0.0
Ethambutol,embB,embB_p.Gln139His,p.Gln139His,missense_variant,5) Not assoc w R,Q139H,0.00684931506849315
Ethambutol,embB,embB_p.Gln144Pro,p.Gln144Pro,missense_variant,3) Uncertain significance,Q144P,0.0
Ethambutol,embB,embB_p.Gln3Arg,p.Gln3Arg,missense_variant,3) Uncertain significance,Q3R,0.0
Ethambutol,embB,embB_p.Gln3His,p.Gln3His,missense_variant,3) Uncertain significance,Q3H,0.0
Ethambutol,embB,embB_p.Gln445Arg,p.Gln445Arg,missense_variant,3) Uncertain significance,Q445R,0.9772727272727273
Ethambutol,embB,embB_p.Gln497Arg,p.Gln497Arg,missense_variant,1) Assoc w R,Q497R,0.8168438266557645
Ethambutol,embB,embB_p.Gln497Glu,p.Gln497Glu,missense_variant,3) Uncertain significance,Q497E,0.0
Ethambutol,embB,embB_p.Gln497His,p.Gln497His,missense_variant,3) Uncertain significance,Q497H,0.7777777777777778
Ethambutol,embB,embB_p.Gln497Leu,p.Gln497Leu,missense_variant,3) Uncertain significance,Q497L,0.0
Ethambutol,embB,embB_p.Gln497Lys,p.Gln497Lys,missense_variant,1) Assoc w R,Q497K,0.7397959183673469
Ethambutol,embB,embB_p.Gln497Pro,p.Gln497Pro,missense_variant,3) Uncertain significance,Q497P,0.582089552238806
Ethambutol,embB,embB_p.Gln516Glu,p.Gln516Glu,missense_variant,3) Uncertain significance,Q516E,0.0
Ethambutol,embB,embB_p.Gln51Pro,p.Gln51Pro,missense_variant,3) Uncertain significance,Q51P,0.0
Ethambutol,embB,embB_p.Gln63Lys,p.Gln63Lys,missense_variant,3) Uncertain significance,Q63K,1.0
Ethambutol,embB,embB_p.Gln729Pro,p.Gln729Pro,missense_variant,3) Uncertain significance,Q729P,0.5
Ethambutol,embB,embB_p.Gln853Arg,p.Gln853Arg,missense_variant,3) Uncertain significance,Q853R,0.875
Ethambutol,embB,embB_p.Gln853His,p.Gln853His,missense_variant,3) Uncertain significance,Q853H,1.0
Ethambutol,embB,embB_p.Gln853Pro,p.Gln853Pro,missense_variant,3) Uncertain significance,Q853P,0.5652173913043478
Ethambutol,embB,embB_p.Gln925Pro,p.Gln925Pro,missense_variant,3) Uncertain significance,Q925P,1.0
Ethambutol,embB,embB_p.Glu1008Ala,p.Glu1008Ala,missense_variant,3) Uncertain significance,E1008A,0.0
Ethambutol,embB,embB_p.Glu1008Lys,p.Glu1008Lys,missense_variant,3) Uncertain significance,E1008K,0.0
Ethambutol,embB,embB_p.Glu138Ala,p.Glu138Ala,missense_variant,3) Uncertain significance,E138A,0.0
Ethambutol,embB,embB_p.Glu138Gly,p.Glu138Gly,missense_variant,3) Uncertain significance,E138G,0.0
Ethambutol,embB,embB_p.Glu138Lys,p.Glu138Lys,missense_variant,3) Uncertain significance,E138K,0.6666666666666666
Ethambutol,embB,embB_p.Glu149Ala,p.Glu149Ala,missense_variant,3) Uncertain significance,E149A,0.0
Ethambutol,embB,embB_p.Glu149Lys,p.Glu149Lys,missense_variant,3) Uncertain significance,E149K,0.0
Ethambutol,embB,embB_p.Glu378Ala,p.Glu378Ala,missense_variant,5) Not assoc w R,E378A,0.07679963319578176
Ethambutol,embB,embB_p.Glu378Asp,p.Glu378Asp,missense_variant,3) Uncertain significance,E378D,0.0
Ethambutol,embB,embB_p.Glu405Asp,p.Glu405Asp,missense_variant,3) Uncertain significance,E405D,0.8448275862068966
Ethambutol,embB,embB_p.Glu405Gly,p.Glu405Gly,missense_variant,3) Uncertain significance,E405G,0.0
Ethambutol,embB,embB_p.Glu504Ala,p.Glu504Ala,missense_variant,3) Uncertain significance,E504A,1.0
Ethambutol,embB,embB_p.Glu504Asp,p.Glu504Asp,missense_variant,3) Uncertain significance,E504D,0.6129032258064516
Ethambutol,embB,embB_p.Glu504Gly,p.Glu504Gly,missense_variant,3) Uncertain significance,E504G,1.0
Ethambutol,embB,embB_p.Glu521Ala,p.Glu521Ala,missense_variant,3) Uncertain significance,E521A,0.5
Ethambutol,embB,embB_p.Glu901Asp,p.Glu901Asp,missense_variant,3) Uncertain significance,E901D,0.0
Ethambutol,embB,embB_p.Glu951Gln,p.Glu951Gln,missense_variant,3) Uncertain significance,E951Q,0.0
Ethambutol,embB,embB_p.Glu951Lys,p.Glu951Lys,missense_variant,3) Uncertain significance,E951K,0.0
Ethambutol,embB,embB_p.Glu958Ala,p.Glu958Ala,missense_variant,3) Uncertain significance,E958A,0.0
Ethambutol,embB,embB_p.Glu958Gly,p.Glu958Gly,missense_variant,3) Uncertain significance,E958G,0.0
Ethambutol,embB,embB_p.Glu976Gln,p.Glu976Gln,missense_variant,3) Uncertain significance,E976Q,0.0
Ethambutol,embB,embB_p.Glu976Lys,p.Glu976Lys,missense_variant,3) Uncertain significance,E976K,0.0
Ethambutol,embB,embB_p.Gly1005Ala,p.Gly1005Ala,missense_variant,3) Uncertain significance,G1005A,0.0
Ethambutol,embB,embB_p.Gly1005Asp,p.Gly1005Asp,missense_variant,3) Uncertain significance,G1005D,0.0
Ethambutol,embB,embB_p.Gly100Ser,p.Gly100Ser,missense_variant,3) Uncertain significance,G100S,0.09090909090909091
Ethambutol,embB,embB_p.Gly1031Ser,p.Gly1031Ser,missense_variant,3) Uncertain significance,G1031S,0.5
Ethambutol,embB,embB_p.Gly1035Ser,p.Gly1035Ser,missense_variant,3) Uncertain significance,G1035S,0.0
Ethambutol,embB,embB_p.Gly106Arg,p.Gly106Arg,missense_variant,3) Uncertain significance,G106R,0.0
Ethambutol,embB,embB_p.Gly106Val,p.Gly106Val,missense_variant,3) Uncertain significance,G106V,0.0
Ethambutol,embB,embB_p.Gly1081Ser,p.Gly1081Ser,missense_variant,3) Uncertain significance,G1081S,1.0
Ethambutol,embB,embB_p.Gly1087Asp,p.Gly1087Asp,missense_variant,3) Uncertain significance,G1087D,1.0
Ethambutol,embB,embB_p.Gly1087Cys,p.Gly1087Cys,missense_variant,3) Uncertain significance,G1087C,0.0
Ethambutol,embB,embB_p.Gly1092Ala,p.Gly1092Ala,missense_variant,3) Uncertain significance,G1092A,0.0
Ethambutol,embB,embB_p.Gly1092Arg,p.Gly1092Arg,missense_variant,3) Uncertain significance,G1092R,0.0
Ethambutol,embB,embB_p.Gly1097Ser,p.Gly1097Ser,missense_variant,3) Uncertain significance,G1097S,0.0
Ethambutol,embB,embB_p.Gly156Asp,p.Gly156Asp,missense_variant,3) Uncertain significance,G156D,0.0
Ethambutol,embB,embB_p.Gly156Cys,p.Gly156Cys,missense_variant,4) Not assoc w R - Interim,G156C,0.5736434108527132
Ethambutol,embB,embB_p.Gly169Asp,p.Gly169Asp,missense_variant,3) Uncertain significance,G169D,0.0
Ethambutol,embB,embB_p.Gly175Arg,p.Gly175Arg,missense_variant,3) Uncertain significance,G175R,0.0
Ethambutol,embB,embB_p.Gly175Ser,p.Gly175Ser,missense_variant,3) Uncertain significance,G175S,0.0
Ethambutol,embB,embB_p.Gly194Arg,p.Gly194Arg,missense_variant,3) Uncertain significance,G194R,0.0
Ethambutol,embB,embB_p.Gly199Arg,p.Gly199Arg,missense_variant,3) Uncertain significance,G199R,0.16666666666666666
Ethambutol,embB,embB_p.Gly199Glu,p.Gly199Glu,missense_variant,3) Uncertain significance,G199E,0.0
Ethambutol,embB,embB_p.Gly244Arg,p.Gly244Arg,missense_variant,3) Uncertain significance,G244R,0.0
Ethambutol,embB,embB_p.Gly246Arg,p.Gly246Arg,missense_variant,3) Uncertain significance,G246R,0.07692307692307693
Ethambutol,embB,embB_p.Gly25Ala,p.Gly25Ala,missense_variant,3) Uncertain significance,G25A,0.0
Ethambutol,embB,embB_p.Gly25Arg,p.Gly25Arg,missense_variant,3) Uncertain significance,G25R,0.0
Ethambutol,embB,embB_p.Gly294Ser,p.Gly294Ser,missense_variant,3) Uncertain significance,G294S,0.5
Ethambutol,embB,embB_p.Gly305Cys,p.Gly305Cys,missense_variant,3) Uncertain significance,G305C,0.0
Ethambutol,embB,embB_p.Gly314Ser,p.Gly314Ser,missense_variant,3) Uncertain significance,G314S,0.0
Ethambutol,embB,embB_p.Gly34Arg,p.Gly34Arg,missense_variant,3) Uncertain significance,G34R,0.0
Ethambutol,embB,embB_p.Gly34Val,p.Gly34Val,missense_variant,3) Uncertain significance,G34V,0.0
Ethambutol,embB,embB_p.Gly374Glu,p.Gly374Glu,missense_variant,3) Uncertain significance,G374E,0.0
Ethambutol,embB,embB_p.Gly374Trp,p.Gly374Trp,missense_variant,3) Uncertain significance,G374W,0.0
Ethambutol,embB,embB_p.Gly37Ser,p.Gly37Ser,missense_variant,3) Uncertain significance,G37S,0.0
Ethambutol,embB,embB_p.Gly406Ala,p.Gly406Ala,missense_variant,1) Assoc w R,G406A,0.6223908918406073
Ethambutol,embB,embB_p.Gly406Asp,p.Gly406Asp,missense_variant,1) Assoc w R,G406D,0.5637860082304527
Ethambutol,embB,embB_p.Gly406Cys,p.Gly406Cys,missense_variant,1) Assoc w R,G406C,0.5625
Ethambutol,embB,embB_p.Gly406Ser,p.Gly406Ser,missense_variant,1) Assoc w R,G406S,0.7110266159695817
Ethambutol,embB,embB_p.Gly406Val,p.Gly406Val,missense_variant,3) Uncertain significance,G406V,1.0
Ethambutol,embB,embB_p.Gly443Ser,p.Gly443Ser,missense_variant,3) Uncertain significance,G443S,0.0
Ethambutol,embB,embB_p.Gly458Cys,p.Gly458Cys,missense_variant,3) Uncertain significance,G458C,0.0
Ethambutol,embB,embB_p.Gly459Ser,p.Gly459Ser,missense_variant,3) Uncertain significance,G459S,0.0
Ethambutol,embB,embB_p.Gly474Asp,p.Gly474Asp,missense_variant,3) Uncertain significance,G474D,0.0
Ethambutol,embB,embB_p.Gly535Ser,p.Gly535Ser,missense_variant,3) Uncertain significance,G535S,0.0
Ethambutol,embB,embB_p.Gly542Ser,p.Gly542Ser,missense_variant,3) Uncertain significance,G542S,0.0
Ethambutol,embB,embB_p.Gly580Ser,p.Gly580Ser,missense_variant,3) Uncertain significance,G580S,0.25
Ethambutol,embB,embB_p.Gly603Ala,p.Gly603Ala,missense_variant,3) Uncertain significance,G603A,0.0
Ethambutol,embB,embB_p.Gly603Arg,p.Gly603Arg,missense_variant,3) Uncertain significance,G603R,0.2857142857142857
Ethambutol,embB,embB_p.Gly62Arg,p.Gly62Arg,missense_variant,3) Uncertain significance,G62R,0.0
Ethambutol,embB,embB_p.Gly65Asp,p.Gly65Asp,missense_variant,3) Uncertain significance,G65D,0.0
Ethambutol,embB,embB_p.Gly65Ser,p.Gly65Ser,missense_variant,3) Uncertain significance,G65S,0.0
Ethambutol,embB,embB_p.Gly665Arg,p.Gly665Arg,missense_variant,3) Uncertain significance,G665R,0.0
Ethambutol,embB,embB_p.Gly665Trp,p.Gly665Trp,missense_variant,3) Uncertain significance,G665W,0.0
Ethambutol,embB,embB_p.Gly694Asp,p.Gly694Asp,missense_variant,3) Uncertain significance,G694D,0.0
Ethambutol,embB,embB_p.Gly696Ala,p.Gly696Ala,missense_variant,3) Uncertain significance,G696A,0.0
Ethambutol,embB,embB_p.Gly696Arg,p.Gly696Arg,missense_variant,3) Uncertain significance,G696R,0.0
Ethambutol,embB,embB_p.Gly696Glu,p.Gly696Glu,missense_variant,3) Uncertain significance,G696E,0.0
Ethambutol,embB,embB_p.Gly745Ala,p.Gly745Ala,missense_variant,3) Uncertain significance,G745A,0.0
Ethambutol,embB,embB_p.Gly745Arg,p.Gly745Arg,missense_variant,3) Uncertain significance,G745R,0.0
Ethambutol,embB,embB_p.Gly748Arg,p.Gly748Arg,missense_variant,3) Uncertain significance,G748R,0.0
Ethambutol,embB,embB_p.Gly748Glu,p.Gly748Glu,missense_variant,3) Uncertain significance,G748E,0.0
Ethambutol,embB,embB_p.Gly792Ser,p.Gly792Ser,missense_variant,3) Uncertain significance,G792S,0.0
Ethambutol,embB,embB_p.Gly810Ala,p.Gly810Ala,missense_variant,3) Uncertain significance,G810A,0.0
Ethambutol,embB,embB_p.Gly825Asp,p.Gly825Asp,missense_variant,3) Uncertain significance,G825D,0.0
Ethambutol,embB,embB_p.Gly825Ser,p.Gly825Ser,missense_variant,3) Uncertain significance,G825S,0.0
Ethambutol,embB,embB_p.Gly836Arg,p.Gly836Arg,missense_variant,3) Uncertain significance,G836R,0.0
Ethambutol,embB,embB_p.Gly836Glu,p.Gly836Glu,missense_variant,3) Uncertain significance,G836E,0.0
Ethambutol,embB,embB_p.Gly846Ser,p.Gly846Ser,missense_variant,3) Uncertain significance,G846S,0.0
Ethambutol,embB,embB_p.Gly851Asp,p.Gly851Asp,missense_variant,3) Uncertain significance,G851D,0.0
Ethambutol,embB,embB_p.Gly851Val,p.Gly851Val,missense_variant,3) Uncertain significance,G851V,0.0
Ethambutol,embB,embB_p.Gly871Val,p.Gly871Val,missense_variant,3) Uncertain significance,G871V,0.0
Ethambutol,embB,embB_p.Gly891Glu,p.Gly891Glu,missense_variant,3) Uncertain significance,G891E,0.0
Ethambutol,embB,embB_p.Gly895Arg,p.Gly895Arg,missense_variant,3) Uncertain significance,G895R,0.0
Ethambutol,embB,embB_p.Gly914Arg,p.Gly914Arg,missense_variant,3) Uncertain significance,G914R,0.0
Ethambutol,embB,embB_p.Gly923Glu,p.Gly923Glu,missense_variant,3) Uncertain significance,G923E,0.0
Ethambutol,embB,embB_p.Gly96Glu,p.Gly96Glu,missense_variant,3) Uncertain significance,G96E,0.0
Ethambutol,embB,embB_p.Gly979Ala,p.Gly979Ala,missense_variant,3) Uncertain significance,G979A,0.3333333333333333
Ethambutol,embB,embB_p.Gly979Asp,p.Gly979Asp,missense_variant,3) Uncertain significance,G979D,1.0
Ethambutol,embB,embB_p.His1002Arg,p.His1002Arg,missense_variant,3) Uncertain significance,H1002R,0.47692307692307695
Ethambutol,embB,embB_p.His154Arg,p.His154Arg,missense_variant,3) Uncertain significance,H154R,0.0
Ethambutol,embB,embB_p.His342Asn,p.His342Asn,missense_variant,3) Uncertain significance,H342N,0.0
Ethambutol,embB,embB_p.His687Tyr,p.His687Tyr,missense_variant,3) Uncertain significance,H687Y,0.0
Ethambutol,embB,embB_p.His872Tyr,p.His872Tyr,missense_variant,3) Uncertain significance,H872Y,0.0
Ethambutol,embB,embB_p.His890Arg,p.His890Arg,missense_variant,3) Uncertain significance,H890R,0.0
Ethambutol,embB,embB_p.Ile1006Met,p.Ile1006Met,missense_variant,3) Uncertain significance,I1006M,0.0
Ethambutol,embB,embB_p.Ile1009Leu,p.Ile1009Leu,missense_variant,3) Uncertain significance,I1009L,1.0
Ethambutol,embB,embB_p.Ile1039Met,p.Ile1039Met,missense_variant,3) Uncertain significance,I1039M,0.0
Ethambutol,embB,embB_p.Ile16Leu,p.Ile16Leu,missense_variant,3) Uncertain significance,I16L,0.25
Ethambutol,embB,embB_p.Ile206Ser,p.Ile206Ser,missense_variant,3) Uncertain significance,I206S,0.0
Ethambutol,embB,embB_p.Ile226Val,p.Ile226Val,missense_variant,3) Uncertain significance,I226V,0.0
Ethambutol,embB,embB_p.Ile284Leu,p.Ile284Leu,missense_variant,3) Uncertain significance,I284L,0.0
Ethambutol,embB,embB_p.Ile303Leu,p.Ile303Leu,missense_variant,3) Uncertain significance,I303L,1.0
Ethambutol,embB,embB_p.Ile303Met,p.Ile303Met,missense_variant,3) Uncertain significance,I303M,1.0
Ethambutol,embB,embB_p.Ile32Thr,p.Ile32Thr,missense_variant,3) Uncertain significance,I32T,0.16666666666666666
Ethambutol,embB,embB_p.Ile450Leu,p.Ile450Leu,missense_variant,3) Uncertain significance,I450L,1.0
Ethambutol,embB,embB_p.Ile450Met,p.Ile450Met,missense_variant,3) Uncertain significance,I450M,1.0
Ethambutol,embB,embB_p.Ile450Ser,p.Ile450Ser,missense_variant,3) Uncertain significance,I450S,0.5
Ethambutol,embB,embB_p.Ile465Ser,p.Ile465Ser,missense_variant,3) Uncertain significance,I465S,1.0
Ethambutol,embB,embB_p.Ile489Met,p.Ile489Met,missense_variant,3) Uncertain significance,I489M,1.0
Ethambutol,embB,embB_p.Ile489Thr,p.Ile489Thr,missense_variant,3) Uncertain significance,I489T,0.2
Ethambutol,embB,embB_p.Ile545Met,p.Ile545Met,missense_variant,3) Uncertain significance,I545M,0.0
Ethambutol,embB,embB_p.Ile545Phe,p.Ile545Phe,missense_variant,3) Uncertain significance,I545F,1.0
Ethambutol,embB,embB_p.Ile556Val,p.Ile556Val,missense_variant,3) Uncertain significance,I556V,0.0
Ethambutol,embB,embB_p.Ile563Leu,p.Ile563Leu,missense_variant,3) Uncertain significance,I563L,0.525
Ethambutol,embB,embB_p.Ile666Thr,p.Ile666Thr,missense_variant,3) Uncertain significance,I666T,0.0
Ethambutol,embB,embB_p.Ile709Thr,p.Ile709Thr,missense_variant,3) Uncertain significance,I709T,0.0
Ethambutol,embB,embB_p.Ile709Val,p.Ile709Val,missense_variant,3) Uncertain significance,I709V,0.0
Ethambutol,embB,embB_p.Ile883Val,p.Ile883Val,missense_variant,3) Uncertain significance,I883V,0.0
Ethambutol,embB,embB_p.Leu1036Val,p.Leu1036Val,missense_variant,3) Uncertain significance,L1036V,1.0
Ethambutol,embB,embB_p.Leu1037Ile,p.Leu1037Ile,missense_variant,3) Uncertain significance,L1037I,0.0
Ethambutol,embB,embB_p.Leu1053Val,p.Leu1053Val,missense_variant,3) Uncertain significance,L1053V,0.0
Ethambutol,embB,embB_p.Leu1070Pro,p.Leu1070Pro,missense_variant,3) Uncertain significance,L1070P,1.0
Ethambutol,embB,embB_p.Leu17Trp,p.Leu17Trp,missense_variant,3) Uncertain significance,L17W,0.0
Ethambutol,embB,embB_p.Leu239Arg,p.Leu239Arg,missense_variant,3) Uncertain significance,L239R,0.0
Ethambutol,embB,embB_p.Leu239Pro,p.Leu239Pro,missense_variant,3) Uncertain significance,L239P,0.0
Ethambutol,embB,embB_p.Leu253Arg,p.Leu253Arg,missense_variant,3) Uncertain significance,L253R,0.0
Ethambutol,embB,embB_p.Leu253Ile,p.Leu253Ile,missense_variant,3) Uncertain significance,L253I,0.0
Ethambutol,embB,embB_p.Leu348Pro,p.Leu348Pro,missense_variant,3) Uncertain significance,L348P,0.0
Ethambutol,embB,embB_p.Leu359Ile,p.Leu359Ile,missense_variant,3) Uncertain significance,L359I,1.0
Ethambutol,embB,embB_p.Leu370Arg,p.Leu370Arg,missense_variant,3) Uncertain significance,L370R,0.038461538461538464
Ethambutol,embB,embB_p.Leu402Val,p.Leu402Val,missense_variant,3) Uncertain significance,L402V,0.54
Ethambutol,embB,embB_p.Leu410Pro,p.Leu410Pro,missense_variant,3) Uncertain significance,L410P,1.0
Ethambutol,embB,embB_p.Leu466Ser,p.Leu466Ser,missense_variant,3) Uncertain significance,L466S,1.0
Ethambutol,embB,embB_p.Leu472Val,p.Leu472Val,missense_variant,3) Uncertain significance,L472V,0.0
Ethambutol,embB,embB_p.Leu47Arg,p.Leu47Arg,missense_variant,3) Uncertain significance,L47R,0.0
Ethambutol,embB,embB_p.Leu499Pro,p.Leu499Pro,missense_variant,3) Uncertain significance,L499P,0.0
Ethambutol,embB,embB_p.Leu544Trp,p.Leu544Trp,missense_variant,3) Uncertain significance,L544W,1.0
Ethambutol,embB,embB_p.Leu558Phe,p.Leu558Phe,missense_variant,3) Uncertain significance,L558F,0.0
Ethambutol,embB,embB_p.Leu629Pro,p.Leu629Pro,missense_variant,3) Uncertain significance,L629P,1.0
Ethambutol,embB,embB_p.Leu632Phe,p.Leu632Phe,missense_variant,3) Uncertain significance,L632F,0.16666666666666666
Ethambutol,embB,embB_p.Leu632Ser,p.Leu632Ser,missense_variant,3) Uncertain significance,L632S,0.0
Ethambutol,embB,embB_p.Leu638Ser,p.Leu638Ser,missense_variant,3) Uncertain significance,L638S,0.0
Ethambutol,embB,embB_p.Leu638Trp,p.Leu638Trp,missense_variant,3) Uncertain significance,L638W,0.0
Ethambutol,embB,embB_p.Leu74Arg,p.Leu74Arg,missense_variant,3) Uncertain significance,L74R,0.7241379310344828
Ethambutol,embB,embB_p.Leu74Pro,p.Leu74Pro,missense_variant,3) Uncertain significance,L74P,0.75
Ethambutol,embB,embB_p.Leu777Val,p.Leu777Val,missense_variant,3) Uncertain significance,L777V,0.0
Ethambutol,embB,embB_p.Leu953Met,p.Leu953Met,missense_variant,3) Uncertain significance,L953M,0.0
Ethambutol,embB,embB_p.Leu971Val,p.Leu971Val,missense_variant,3) Uncertain significance,L971V,0.0
Ethambutol,embB,embB_p.Leu974Met,p.Leu974Met,missense_variant,3) Uncertain significance,L974M,0.0
Ethambutol,embB,embB_p.Leu974Val,p.Leu974Val,missense_variant,3) Uncertain significance,L974V,0.0
Ethambutol,embB,embB_p.Lys1011Glu,p.Lys1011Glu,missense_variant,3) Uncertain significance,K1011E,0.0
Ethambutol,embB,embB_p.Lys1011Thr,p.Lys1011Thr,missense_variant,3) Uncertain significance,K1011T,0.0
Ethambutol,embB,embB_p.Lys1022Thr,p.Lys1022Thr,missense_variant,3) Uncertain significance,K1022T,0.0
Ethambutol,embB,embB_p.Lys107Arg,p.Lys107Arg,missense_variant,3) Uncertain significance,K107R,1.0
Ethambutol,embB,embB_p.Lys107Glu,p.Lys107Glu,missense_variant,3) Uncertain significance,K107E,0.0
Ethambutol,embB,embB_p.Lys165Asn,p.Lys165Asn,missense_variant,3) Uncertain significance,K165N,1.0
Ethambutol,embB,embB_p.Lys218Asn,p.Lys218Asn,missense_variant,3) Uncertain significance,K218N,0.0
Ethambutol,embB,embB_p.Lys381Gln,p.Lys381Gln,missense_variant,3) Uncertain significance,K381Q,0.0
Ethambutol,embB,embB_p.Lys561Arg,p.Lys561Arg,missense_variant,3) Uncertain significance,K561R,0.0
Ethambutol,embB,embB_p.Lys561Asn,p.Lys561Asn,missense_variant,3) Uncertain significance,K561N,0.0
Ethambutol,embB,embB_p.Lys561Met,p.Lys561Met,missense_variant,3) Uncertain significance,K561M,0.0
Ethambutol,embB,embB_p.Lys662Glu,p.Lys662Glu,missense_variant,3) Uncertain significance,K662E,0.0
Ethambutol,embB,embB_p.Lys662Thr,p.Lys662Thr,missense_variant,3) Uncertain significance,K662T,0.0
Ethambutol,embB,embB_p.Lys765Asn,p.Lys765Asn,missense_variant,3) Uncertain significance,K765N,0.0
Ethambutol,embB,embB_p.Lys820Thr,p.Lys820Thr,missense_variant,3) Uncertain significance,K820T,0.0
Ethambutol,embB,embB_p.Lys882Glu,p.Lys882Glu,missense_variant,3) Uncertain significance,K882E,0.0
Ethambutol,embB,embB_p.Lys927Arg,p.Lys927Arg,missense_variant,3) Uncertain significance,K927R,0.0
Ethambutol,embB,embB_p.Lys927Glu,p.Lys927Glu,missense_variant,3) Uncertain significance,K927E,0.0
Ethambutol,embB,embB_p.Lys938Asn,p.Lys938Asn,missense_variant,3) Uncertain significance,K938N,0.0
Ethambutol,embB,embB_p.Met1000Arg,p.Met1000Arg,missense_variant,3) Uncertain significance,M1000R,0.8181818181818182
Ethambutol,embB,embB_p.Met265Ile,p.Met265Ile,missense_variant,3) Uncertain significance,M265I,0.0
Ethambutol,embB,embB_p.Met306Ile,p.Met306Ile,missense_variant,1) Assoc w R,M306I,0.6275706940874036
Ethambutol,embB,embB_p.Met306Leu,p.Met306Leu,missense_variant,1) Assoc w R,M306L,0.7435897435897436
Ethambutol,embB,embB_p.Met306Thr,p.Met306Thr,missense_variant,3) Uncertain significance,M306T,0.75
Ethambutol,embB,embB_p.Met306Val,p.Met306Val,missense_variant,1) Assoc w R,M306V,0.8256997455470738
Ethambutol,embB,embB_p.Met316Val,p.Met316Val,missense_variant,3) Uncertain significance,M316V,0.0
Ethambutol,embB,embB_p.Met340Ile,p.Met340Ile,missense_variant,3) Uncertain significance,M340I,0.0
Ethambutol,embB,embB_p.Met350Thr,p.Met350Thr,missense_variant,3) Uncertain significance,M350T,0.0
Ethambutol,embB,embB_p.Met389Ile,p.Met389Ile,missense_variant,3) Uncertain significance,M389I,0.0
Ethambutol,embB,embB_p.Met389Val,p.Met389Val,missense_variant,3) Uncertain significance,M389V,0.0
Ethambutol,embB,embB_p.Met396Ile,p.Met396Ile,missense_variant,3) Uncertain significance,M396I,0.375
Ethambutol,embB,embB_p.Met423Ile,p.Met423Ile,missense_variant,3) Uncertain significance,M423I,0.2
Ethambutol,embB,embB_p.Met423Thr,p.Met423Thr,missense_variant,3) Uncertain significance,M423T,0.9375
Ethambutol,embB,embB_p.Met462Thr,p.Met462Thr,missense_variant,3) Uncertain significance,M462T,0.0
Ethambutol,embB,embB_p.Met557Ile,p.Met557Ile,missense_variant,3) Uncertain significance,M557I,0.0
Ethambutol,embB,embB_p.Met575Arg,p.Met575Arg,missense_variant,3) Uncertain significance,M575R,0.0
Ethambutol,embB,embB_p.Met575Val,p.Met575Val,missense_variant,3) Uncertain significance,M575V,0.0
Ethambutol,embB,embB_p.Met586Val,p.Met586Val,missense_variant,3) Uncertain significance,M586V,0.0
Ethambutol,embB,embB_p.Met606Ile,p.Met606Ile,missense_variant,3) Uncertain significance,M606I,0.0
Ethambutol,embB,embB_p.Met626Val,p.Met626Val,missense_variant,3) Uncertain significance,M626V,0.0
Ethambutol,embB,embB_p.Met660Arg,p.Met660Arg,missense_variant,3) Uncertain significance,M660R,0.0
Ethambutol,embB,embB_p.Met714Ile,p.Met714Ile,missense_variant,3) Uncertain significance,M714I,0.0
Ethambutol,embB,embB_p.Met764Leu,p.Met764Leu,missense_variant,3) Uncertain significance,M764L,0.0
Ethambutol,embB,embB_p.Met804Ile,p.Met804Ile,missense_variant,3) Uncertain significance,M804I,0.5
Ethambutol,embB,embB_p.Met904Ile,p.Met904Ile,missense_variant,3) Uncertain significance,M904I,0.0
Ethambutol,embB,embB_p.Met916Thr,p.Met916Thr,missense_variant,3) Uncertain significance,M916T,0.0
Ethambutol,embB,embB_p.Met91Ile,p.Met91Ile,missense_variant,3) Uncertain significance,M91I,0.0
Ethambutol,embB,embB_p.Met91Thr,p.Met91Thr,missense_variant,3) Uncertain significance,M91T,1.0
Ethambutol,embB,embB_p.Met939Ile,p.Met939Ile,missense_variant,3) Uncertain significance,M939I,0.0
Ethambutol,embB,embB_p.Met939Val,p.Met939Val,missense_variant,3) Uncertain significance,M939V,1.0
Ethambutol,embB,embB_p.Phe1012Leu,p.Phe1012Leu,missense_variant,3) Uncertain significance,F1012L,0.0
Ethambutol,embB,embB_p.Phe1067Leu,p.Phe1067Leu,missense_variant,3) Uncertain significance,F1067L,1.0
Ethambutol,embB,embB_p.Phe161Leu,p.Phe161Leu,missense_variant,3) Uncertain significance,F161L,0.0
Ethambutol,embB,embB_p.Phe176Leu,p.Phe176Leu,missense_variant,3) Uncertain significance,F176L,0.0
Ethambutol,embB,embB_p.Phe256Leu,p.Phe256Leu,missense_variant,3) Uncertain significance,F256L,0.0
Ethambutol,embB,embB_p.Phe285Leu,p.Phe285Leu,missense_variant,3) Uncertain significance,F285L,0.0
Ethambutol,embB,embB_p.Phe285Val,p.Phe285Val,missense_variant,3) Uncertain significance,F285V,0.0
Ethambutol,embB,embB_p.Phe320Cys,p.Phe320Cys,missense_variant,3) Uncertain significance,F320C,1.0
Ethambutol,embB,embB_p.Phe323Leu,p.Phe323Leu,missense_variant,3) Uncertain significance,F323L,0.6666666666666666
Ethambutol,embB,embB_p.Phe330Ile,p.Phe330Ile,missense_variant,3) Uncertain significance,F330I,0.0
Ethambutol,embB,embB_p.Phe330Leu,p.Phe330Leu,missense_variant,3) Uncertain significance,F330L,0.7142857142857143
Ethambutol,embB,embB_p.Phe330Ser,p.Phe330Ser,missense_variant,3) Uncertain significance,F330S,0.7142857142857143
Ethambutol,embB,embB_p.Phe330Val,p.Phe330Val,missense_variant,3) Uncertain significance,F330V,1.0
Ethambutol,embB,embB_p.Phe398Cys,p.Phe398Cys,missense_variant,3) Uncertain significance,F398C,1.0
Ethambutol,embB,embB_p.Phe398Leu,p.Phe398Leu,missense_variant,3) Uncertain significance,F398L,0.0
Ethambutol,embB,embB_p.Phe440Ser,p.Phe440Ser,missense_variant,3) Uncertain significance,F440S,0.0
Ethambutol,embB,embB_p.Phe494Leu,p.Phe494Leu,missense_variant,3) Uncertain significance,F494L,0.0
Ethambutol,embB,embB_p.Phe541Val,p.Phe541Val,missense_variant,3) Uncertain significance,F541V,0.0
Ethambutol,embB,embB_p.Phe579Ser,p.Phe579Ser,missense_variant,3) Uncertain significance,F579S,1.0
Ethambutol,embB,embB_p.Phe579Val,p.Phe579Val,missense_variant,3) Uncertain significance,F579V,0.0
Ethambutol,embB,embB_p.Phe584Leu,p.Phe584Leu,missense_variant,3) Uncertain significance,F584L,0.0
Ethambutol,embB,embB_p.Phe628Ser,p.Phe628Ser,missense_variant,3) Uncertain significance,F628S,0.0
Ethambutol,embB,embB_p.Phe676Ser,p.Phe676Ser,missense_variant,3) Uncertain significance,F676S,0.0
Ethambutol,embB,embB_p.Phe688Cys,p.Phe688Cys,missense_variant,3) Uncertain significance,F688C,0.0
Ethambutol,embB,embB_p.Phe688Val,p.Phe688Val,missense_variant,3) Uncertain significance,F688V,0.0
Ethambutol,embB,embB_p.Phe743Leu,p.Phe743Leu,missense_variant,3) Uncertain significance,F743L,0.0
Ethambutol,embB,embB_p.Phe763Leu,p.Phe763Leu,missense_variant,3) Uncertain significance,F763L,0.0
Ethambutol,embB,embB_p.Phe763Val,p.Phe763Val,missense_variant,3) Uncertain significance,F763V,0.0
Ethambutol,embB,embB_p.Phe79Leu,p.Phe79Leu,missense_variant,3) Uncertain significance,F79L,0.0
Ethambutol,embB,embB_p.Phe994Val,p.Phe994Val,missense_variant,3) Uncertain significance,F994V,0.0
Ethambutol,embB,embB_p.Pro103His,p.Pro103His,missense_variant,3) Uncertain significance,P103H,0.0
Ethambutol,embB,embB_p.Pro103Thr,p.Pro103Thr,missense_variant,3) Uncertain significance,P103T,0.0
Ethambutol,embB,embB_p.Pro1075Leu,p.Pro1075Leu,missense_variant,3) Uncertain significance,P1075L,0.0
Ethambutol,embB,embB_p.Pro1091Gln,p.Pro1091Gln,missense_variant,3) Uncertain significance,P1091Q,0.0
Ethambutol,embB,embB_p.Pro1098Arg,p.Pro1098Arg,missense_variant,3) Uncertain significance,P1098R,0.0
Ethambutol,embB,embB_p.Pro12Gln,p.Pro12Gln,missense_variant,3) Uncertain significance,P12Q,0.0
Ethambutol,embB,embB_p.Pro12Leu,p.Pro12Leu,missense_variant,3) Uncertain significance,P12L,0.0
Ethambutol,embB,embB_p.Pro12Ser,p.Pro12Ser,missense_variant,3) Uncertain significance,P12S,0.0
Ethambutol,embB,embB_p.Pro136Ala,p.Pro136Ala,missense_variant,3) Uncertain significance,P136A,0.0
Ethambutol,embB,embB_p.Pro136Ser,p.Pro136Ser,missense_variant,3) Uncertain significance,P136S,0.0
Ethambutol,embB,embB_p.Pro143Ser,p.Pro143Ser,missense_variant,3) Uncertain significance,P143S,0.0
Ethambutol,embB,embB_p.Pro167Arg,p.Pro167Arg,missense_variant,3) Uncertain significance,P167R,0.6666666666666666
Ethambutol,embB,embB_p.Pro177Leu,p.Pro177Leu,missense_variant,3) Uncertain significance,P177L,0.0
Ethambutol,embB,embB_p.Pro183Ser,p.Pro183Ser,missense_variant,3) Uncertain significance,P183S,0.0
Ethambutol,embB,embB_p.Pro195His,p.Pro195His,missense_variant,3) Uncertain significance,P195H,0.1111111111111111
Ethambutol,embB,embB_p.Pro197Arg,p.Pro197Arg,missense_variant,3) Uncertain significance,P197R,0.3333333333333333
Ethambutol,embB,embB_p.Pro214Ala,p.Pro214Ala,missense_variant,3) Uncertain significance,P214A,0.5
Ethambutol,embB,embB_p.Pro214Gln,p.Pro214Gln,missense_variant,3) Uncertain significance,P214Q,0.0
Ethambutol,embB,embB_p.Pro262Leu,p.Pro262Leu,missense_variant,3) Uncertain significance,P262L,0.0
Ethambutol,embB,embB_p.Pro270Ala,p.Pro270Ala,missense_variant,3) Uncertain significance,P270A,0.0
Ethambutol,embB,embB_p.Pro353Ser,p.Pro353Ser,missense_variant,3) Uncertain significance,P353S,0.0
Ethambutol,embB,embB_p.Pro371Arg,p.Pro371Arg,missense_variant,3) Uncertain significance,P371R,0.0
Ethambutol,embB,embB_p.Pro397Thr,p.Pro397Thr,missense_variant,3) Uncertain significance,P397T,1.0
Ethambutol,embB,embB_p.Pro404Ala,p.Pro404Ala,missense_variant,3) Uncertain significance,P404A,0.5
Ethambutol,embB,embB_p.Pro404Leu,p.Pro404Leu,missense_variant,3) Uncertain significance,P404L,0.0
Ethambutol,embB,embB_p.Pro404Ser,p.Pro404Ser,missense_variant,3) Uncertain significance,P404S,0.5384615384615384
Ethambutol,embB,embB_p.Pro430Leu,p.Pro430Leu,missense_variant,3) Uncertain significance,P430L,0.0
Ethambutol,embB,embB_p.Pro45Leu,p.Pro45Leu,missense_variant,3) Uncertain significance,P45L,0.0
Ethambutol,embB,embB_p.Pro461Gln,p.Pro461Gln,missense_variant,3) Uncertain significance,P461Q,0.0
Ethambutol,embB,embB_p.Pro477Ala,p.Pro477Ala,missense_variant,3) Uncertain significance,P477A,0.0
Ethambutol,embB,embB_p.Pro477Thr,p.Pro477Thr,missense_variant,3) Uncertain significance,P477T,1.0
Ethambutol,embB,embB_p.Pro531His,p.Pro531His,missense_variant,3) Uncertain significance,P531H,0.0
Ethambutol,embB,embB_p.Pro59Thr,p.Pro59Thr,missense_variant,3) Uncertain significance,P59T,0.0
Ethambutol,embB,embB_p.Pro616Ser,p.Pro616Ser,missense_variant,3) Uncertain significance,P616S,1.0
Ethambutol,embB,embB_p.Pro616Thr,p.Pro616Thr,missense_variant,3) Uncertain significance,P616T,0.0
Ethambutol,embB,embB_p.Pro655Gln,p.Pro655Gln,missense_variant,3) Uncertain significance,P655Q,0.0
Ethambutol,embB,embB_p.Pro655Leu,p.Pro655Leu,missense_variant,3) Uncertain significance,P655L,0.0
Ethambutol,embB,embB_p.Pro706Ser,p.Pro706Ser,missense_variant,3) Uncertain significance,P706S,0.0
Ethambutol,embB,embB_p.Pro708Leu,p.Pro708Leu,missense_variant,3) Uncertain significance,P708L,0.0
Ethambutol,embB,embB_p.Pro70Arg,p.Pro70Arg,missense_variant,3) Uncertain significance,P70R,0.0
Ethambutol,embB,embB_p.Pro731Leu,p.Pro731Leu,missense_variant,3) Uncertain significance,P731L,0.037037037037037035
Ethambutol,embB,embB_p.Pro766Arg,p.Pro766Arg,missense_variant,3) Uncertain significance,P766R,0.0
Ethambutol,embB,embB_p.Pro766Leu,p.Pro766Leu,missense_variant,3) Uncertain significance,P766L,0.0
Ethambutol,embB,embB_p.Pro76Leu,p.Pro76Leu,missense_variant,3) Uncertain significance,P76L,0.0
Ethambutol,embB,embB_p.Pro776Leu,p.Pro776Leu,missense_variant,3) Uncertain significance,P776L,0.0
Ethambutol,embB,embB_p.Pro809Ser,p.Pro809Ser,missense_variant,3) Uncertain significance,P809S,0.0
Ethambutol,embB,embB_p.Pro818Leu,p.Pro818Leu,missense_variant,3) Uncertain significance,P818L,0.0
Ethambutol,embB,embB_p.Pro818Thr,p.Pro818Thr,missense_variant,3) Uncertain significance,P818T,0.0
Ethambutol,embB,embB_p.Pro824Leu,p.Pro824Leu,missense_variant,3) Uncertain significance,P824L,0.0
Ethambutol,embB,embB_p.Pro832Ser,p.Pro832Ser,missense_variant,3) Uncertain significance,P832S,0.0
Ethambutol,embB,embB_p.Pro866Ser,p.Pro866Ser,missense_variant,3) Uncertain significance,P866S,0.0
Ethambutol,embB,embB_p.Pro894Ser,p.Pro894Ser,missense_variant,3) Uncertain significance,P894S,0.0
Ethambutol,embB,embB_p.Pro907Ser,p.Pro907Ser,missense_variant,3) Uncertain significance,P907S,0.0
Ethambutol,embB,embB_p.Pro912Thr,p.Pro912Thr,missense_variant,3) Uncertain significance,P912T,0.0
Ethambutol,embB,embB_p.Pro92Ser,p.Pro92Ser,missense_variant,3) Uncertain significance,P92S,0.5
Ethambutol,embB,embB_p.Pro93His,p.Pro93His,missense_variant,3) Uncertain significance,P93H,0.0
Ethambutol,embB,embB_p.Pro93Leu,p.Pro93Leu,missense_variant,3) Uncertain significance,P93L,0.0
Ethambutol,embB,embB_p.Pro957Leu,p.Pro957Leu,missense_variant,3) Uncertain significance,P957L,0.0
Ethambutol,embB,embB_p.Pro999Ser,p.Pro999Ser,missense_variant,3) Uncertain significance,P999S,0.0
Ethambutol,embB,embB_p.Ser1054Pro,p.Ser1054Pro,missense_variant,4) Not assoc w R - Interim,S1054P,0.045454545454545456
Ethambutol,embB,embB_p.Ser10Thr,p.Ser10Thr,missense_variant,3) Uncertain significance,S10T,1.0
Ethambutol,embB,embB_p.Ser119Asn,p.Ser119Asn,missense_variant,3) Uncertain significance,S119N,0.0
Ethambutol,embB,embB_p.Ser119Ile,p.Ser119Ile,missense_variant,3) Uncertain significance,S119I,0.0
Ethambutol,embB,embB_p.Ser142Cys,p.Ser142Cys,missense_variant,3) Uncertain significance,S142C,0.0
Ethambutol,embB,embB_p.Ser168Leu,p.Ser168Leu,missense_variant,3) Uncertain significance,S168L,0.0
Ethambutol,embB,embB_p.Ser174Asn,p.Ser174Asn,missense_variant,3) Uncertain significance,S174N,0.0
Ethambutol,embB,embB_p.Ser203Leu,p.Ser203Leu,missense_variant,3) Uncertain significance,S203L,0.05
Ethambutol,embB,embB_p.Ser211Phe,p.Ser211Phe,missense_variant,3) Uncertain significance,S211F,0.0
Ethambutol,embB,embB_p.Ser22Phe,p.Ser22Phe,missense_variant,3) Uncertain significance,S22F,0.0
Ethambutol,embB,embB_p.Ser260Glu,p.Ser260Glu,missense_variant,3) Uncertain significance,S260E,0.0
Ethambutol,embB,embB_p.Ser261Ala,p.Ser261Ala,missense_variant,3) Uncertain significance,S261A,0.0
Ethambutol,embB,embB_p.Ser261Glu,p.Ser261Glu,missense_variant,3) Uncertain significance,S261E,0.0
Ethambutol,embB,embB_p.Ser261Pro,p.Ser261Pro,missense_variant,3) Uncertain significance,S261P,0.0
Ethambutol,embB,embB_p.Ser272Asn,p.Ser272Asn,missense_variant,3) Uncertain significance,S272N,0.0
Ethambutol,embB,embB_p.Ser297Ala,p.Ser297Ala,missense_variant,3) Uncertain significance,S297A,0.4868804664723032
Ethambutol,embB,embB_p.Ser317Phe,p.Ser317Phe,missense_variant,3) Uncertain significance,S317F,1.0
Ethambutol,embB,embB_p.Ser344Arg,p.Ser344Arg,missense_variant,3) Uncertain significance,S344R,0.0
Ethambutol,embB,embB_p.Ser347Ile,p.Ser347Ile,missense_variant,3) Uncertain significance,S347I,0.6818181818181818
Ethambutol,embB,embB_p.Ser347Thr,p.Ser347Thr,missense_variant,3) Uncertain significance,S347T,0.7222222222222222
Ethambutol,embB,embB_p.Ser347Val,p.Ser347Val,missense_variant,3) Uncertain significance,S347V,1.0
Ethambutol,embB,embB_p.Ser412Leu,p.Ser412Leu,missense_variant,3) Uncertain significance,S412L,0.0
Ethambutol,embB,embB_p.Ser426Arg,p.Ser426Arg,missense_variant,3) Uncertain significance,S426R,0.0
Ethambutol,embB,embB_p.Ser426Asn,p.Ser426Asn,missense_variant,3) Uncertain significance,S426N,0.0
Ethambutol,embB,embB_p.Ser480Leu,p.Ser480Leu,missense_variant,3) Uncertain significance,S480L,0.0
Ethambutol,embB,embB_p.Ser565Gly,p.Ser565Gly,missense_variant,3) Uncertain significance,S565G,0.0
Ethambutol,embB,embB_p.Ser565Thr,p.Ser565Thr,missense_variant,3) Uncertain significance,S565T,0.3333333333333333
Ethambutol,embB,embB_p.Ser617Leu,p.Ser617Leu,missense_variant,3) Uncertain significance,S617L,0.0
Ethambutol,embB,embB_p.Ser622Trp,p.Ser622Trp,missense_variant,3) Uncertain significance,S622W,0.0
Ethambutol,embB,embB_p.Ser650Cys,p.Ser650Cys,missense_variant,3) Uncertain significance,S650C,0.0
Ethambutol,embB,embB_p.Ser650Pro,p.Ser650Pro,missense_variant,3) Uncertain significance,S650P,0.0
Ethambutol,embB,embB_p.Ser651Asn,p.Ser651Asn,missense_variant,3) Uncertain significance,S651N,1.0
Ethambutol,embB,embB_p.Ser651Cys,p.Ser651Cys,missense_variant,3) Uncertain significance,S651C,0.0
Ethambutol,embB,embB_p.Ser651Thr,p.Ser651Thr,missense_variant,3) Uncertain significance,S651T,1.0
Ethambutol,embB,embB_p.Ser669Arg,p.Ser669Arg,missense_variant,3) Uncertain significance,S669R,0.0
Ethambutol,embB,embB_p.Ser669Gly,p.Ser669Gly,missense_variant,3) Uncertain significance,S669G,0.0
Ethambutol,embB,embB_p.Ser66Asn,p.Ser66Asn,missense_variant,3) Uncertain significance,S66N,0.0
Ethambutol,embB,embB_p.Ser73Leu,p.Ser73Leu,missense_variant,3) Uncertain significance,S73L,0.0
Ethambutol,embB,embB_p.Ser773Pro,p.Ser773Pro,missense_variant,3) Uncertain significance,S773P,0.1111111111111111
Ethambutol,embB,embB_p.Ser823Arg,p.Ser823Arg,missense_variant,3) Uncertain significance,S823R,0.0
Ethambutol,embB,embB_p.Ser856Arg,p.Ser856Arg,missense_variant,3) Uncertain significance,S856R,0.25
Ethambutol,embB,embB_p.Ser980Ala,p.Ser980Ala,missense_variant,3) Uncertain significance,S980A,0.0
Ethambutol,embB,embB_p.Thr1015Ala,p.Thr1015Ala,missense_variant,3) Uncertain significance,T1015A,0.0
Ethambutol,embB,embB_p.Thr1025Ile,p.Thr1025Ile,missense_variant,3) Uncertain significance,T1025I,0.0
Ethambutol,embB,embB_p.Thr1069Pro,p.Thr1069Pro,missense_variant,3) Uncertain significance,T1069P,0.0
Ethambutol,embB,embB_p.Thr1082Ala,p.Thr1082Ala,missense_variant,5) Not assoc w R,T1082A,0.5822454308093995
Ethambutol,embB,embB_p.Thr1084Pro,p.Thr1084Pro,missense_variant,3) Uncertain significance,T1084P,1.0
Ethambutol,embB,embB_p.Thr11Pro,p.Thr11Pro,missense_variant,3) Uncertain significance,T11P,0.0
Ethambutol,embB,embB_p.Thr126Asn,p.Thr126Asn,missense_variant,3) Uncertain significance,T126N,0.5
Ethambutol,embB,embB_p.Thr141Arg,p.Thr141Arg,missense_variant,3) Uncertain significance,T141R,0.0
Ethambutol,embB,embB_p.Thr151Ile,p.Thr151Ile,missense_variant,3) Uncertain significance,T151I,1.0
Ethambutol,embB,embB_p.Thr151Pro,p.Thr151Pro,missense_variant,3) Uncertain significance,T151P,0.0
Ethambutol,embB,embB_p.Thr153Asn,p.Thr153Asn,missense_variant,3) Uncertain significance,T153N,1.0
Ethambutol,embB,embB_p.Thr157Ala,p.Thr157Ala,missense_variant,3) Uncertain significance,T157A,0.0
Ethambutol,embB,embB_p.Thr157Ile,p.Thr157Ile,missense_variant,3) Uncertain significance,T157I,0.0
Ethambutol,embB,embB_p.Thr208Asn,p.Thr208Asn,missense_variant,3) Uncertain significance,T208N,0.0
Ethambutol,embB,embB_p.Thr208Ile,p.Thr208Ile,missense_variant,3) Uncertain significance,T208I,0.0
Ethambutol,embB,embB_p.Thr212Ala,p.Thr212Ala,missense_variant,3) Uncertain significance,T212A,0.4
Ethambutol,embB,embB_p.Thr215Ala,p.Thr215Ala,missense_variant,3) Uncertain significance,T215A,0.0
Ethambutol,embB,embB_p.Thr215Ile,p.Thr215Ile,missense_variant,3) Uncertain significance,T215I,0.0
Ethambutol,embB,embB_p.Thr216Ala,p.Thr216Ala,missense_variant,3) Uncertain significance,T216A,0.0
Ethambutol,embB,embB_p.Thr275Ala,p.Thr275Ala,missense_variant,3) Uncertain significance,T275A,0.0
Ethambutol,embB,embB_p.Thr275Asn,p.Thr275Asn,missense_variant,3) Uncertain significance,T275N,0.0
Ethambutol,embB,embB_p.Thr279Pro,p.Thr279Pro,missense_variant,3) Uncertain significance,T279P,0.2
Ethambutol,embB,embB_p.Thr31Ala,p.Thr31Ala,missense_variant,3) Uncertain significance,T31A,0.0
Ethambutol,embB,embB_p.Thr341Asn,p.Thr341Asn,missense_variant,3) Uncertain significance,T341N,0.0
Ethambutol,embB,embB_p.Thr341Ile,p.Thr341Ile,missense_variant,3) Uncertain significance,T341I,0.0
Ethambutol,embB,embB_p.Thr498Ala,p.Thr498Ala,missense_variant,3) Uncertain significance,T498A,0.0
Ethambutol,embB,embB_p.Thr498Asn,p.Thr498Asn,missense_variant,3) Uncertain significance,T498N,0.0
Ethambutol,embB,embB_p.Thr498Ile,p.Thr498Ile,missense_variant,3) Uncertain significance,T498I,0.0
Ethambutol,embB,embB_p.Thr498Pro,p.Thr498Pro,missense_variant,3) Uncertain significance,T498P,1.0
Ethambutol,embB,embB_p.Thr498Ser,p.Thr498Ser,missense_variant,3) Uncertain significance,T498S,1.0
Ethambutol,embB,embB_p.Thr501Ala,p.Thr501Ala,missense_variant,3) Uncertain significance,T501A,0.0
Ethambutol,embB,embB_p.Thr501Lys,p.Thr501Lys,missense_variant,3) Uncertain significance,T501K,0.5
Ethambutol,embB,embB_p.Thr506Asn,p.Thr506Asn,missense_variant,3) Uncertain significance,T506N,0.0
Ethambutol,embB,embB_p.Thr520Ser,p.Thr520Ser,missense_variant,3) Uncertain significance,T520S,0.0
Ethambutol,embB,embB_p.Thr532Ala,p.Thr532Ala,missense_variant,3) Uncertain significance,T532A,0.0
Ethambutol,embB,embB_p.Thr532Ile,p.Thr532Ile,missense_variant,3) Uncertain significance,T532I,1.0
Ethambutol,embB,embB_p.Thr546Ala,p.Thr546Ala,missense_variant,3) Uncertain significance,T546A,0.0
Ethambutol,embB,embB_p.Thr546Ile,p.Thr546Ile,missense_variant,3) Uncertain significance,T546I,1.0
Ethambutol,embB,embB_p.Thr581Ala,p.Thr581Ala,missense_variant,3) Uncertain significance,T581A,0.0
Ethambutol,embB,embB_p.Thr588Met,p.Thr588Met,missense_variant,3) Uncertain significance,T588M,0.0
Ethambutol,embB,embB_p.Thr642Ala,p.Thr642Ala,missense_variant,3) Uncertain significance,T642A,0.8333333333333334
Ethambutol,embB,embB_p.Thr643Ala,p.Thr643Ala,missense_variant,3) Uncertain significance,T643A,0.6666666666666666
Ethambutol,embB,embB_p.Thr643Ile,p.Thr643Ile,missense_variant,3) Uncertain significance,T643I,0.2222222222222222
Ethambutol,embB,embB_p.Thr667Ala,p.Thr667Ala,missense_variant,3) Uncertain significance,T667A,0.0
Ethambutol,embB,embB_p.Thr670Ile,p.Thr670Ile,missense_variant,3) Uncertain significance,T670I,0.0
Ethambutol,embB,embB_p.Thr68Ala,p.Thr68Ala,missense_variant,3) Uncertain significance,T68A,0.0
Ethambutol,embB,embB_p.Thr704Lys,p.Thr704Lys,missense_variant,3) Uncertain significance,T704K,0.0
Ethambutol,embB,embB_p.Thr732Ile,p.Thr732Ile,missense_variant,3) Uncertain significance,T732I,0.0
Ethambutol,embB,embB_p.Thr797Ala,p.Thr797Ala,missense_variant,3) Uncertain significance,T797A,0.0
Ethambutol,embB,embB_p.Thr797Met,p.Thr797Met,missense_variant,3) Uncertain significance,T797M,0.0
Ethambutol,embB,embB_p.Thr797Pro,p.Thr797Pro,missense_variant,3) Uncertain significance,T797P,0.0
Ethambutol,embB,embB_p.Thr811Ala,p.Thr811Ala,missense_variant,3) Uncertain significance,T811A,0.0
Ethambutol,embB,embB_p.Thr819Ile,p.Thr819Ile,missense_variant,3) Uncertain significance,T819I,0.0
Ethambutol,embB,embB_p.Thr822Met,p.Thr822Met,missense_variant,3) Uncertain significance,T822M,0.0
Ethambutol,embB,embB_p.Thr82Ala,p.Thr82Ala,missense_variant,3) Uncertain significance,T82A,0.0
Ethambutol,embB,embB_p.Thr830Met,p.Thr830Met,missense_variant,3) Uncertain significance,T830M,0.0
Ethambutol,embB,embB_p.Thr849Ala,p.Thr849Ala,missense_variant,3) Uncertain significance,T849A,0.0
Ethambutol,embB,embB_p.Thr878Ala,p.Thr878Ala,missense_variant,3) Uncertain significance,T878A,0.0
Ethambutol,embB,embB_p.Thr897Pro,p.Thr897Pro,missense_variant,3) Uncertain significance,T897P,0.0
Ethambutol,embB,embB_p.Thr956Ile,p.Thr956Ile,missense_variant,3) Uncertain significance,T956I,0.0
Ethambutol,embB,embB_p.Thr981Ala,p.Thr981Ala,missense_variant,3) Uncertain significance,T981A,0.0
Ethambutol,embB,embB_p.Thr981Met,p.Thr981Met,missense_variant,3) Uncertain significance,T981M,0.0
Ethambutol,embB,embB_p.Trp1089Arg,p.Trp1089Arg,missense_variant,3) Uncertain significance,W1089R,0.6666666666666666
Ethambutol,embB,embB_p.Trp1089Leu,p.Trp1089Leu,missense_variant,3) Uncertain significance,W1089L,1.0
Ethambutol,embB,embB_p.Trp237Arg,p.Trp237Arg,missense_variant,3) Uncertain significance,W237R,0.0
Ethambutol,embB,embB_p.Trp273Leu,p.Trp273Leu,missense_variant,3) Uncertain significance,W273L,0.0
Ethambutol,embB,embB_p.Trp28Ser,p.Trp28Ser,missense_variant,3) Uncertain significance,W28S,0.0
Ethambutol,embB,embB_p.Trp332Arg,p.Trp332Arg,missense_variant,3) Uncertain significance,W332R,0.391304347826087
Ethambutol,embB,embB_p.Trp332Leu,p.Trp332Leu,missense_variant,3) Uncertain significance,W332L,0.0
Ethambutol,embB,embB_p.Trp349Arg,p.Trp349Arg,missense_variant,3) Uncertain significance,W349R,1.0
Ethambutol,embB,embB_p.Trp572Cys,p.Trp572Cys,missense_variant,3) Uncertain significance,W572C,0.5
Ethambutol,embB,embB_p.Trp621Ser,p.Trp621Ser,missense_variant,3) Uncertain significance,W621S,0.0
Ethambutol,embB,embB_p.Trp685Leu,p.Trp685Leu,missense_variant,3) Uncertain significance,W685L,1.0
Ethambutol,embB,embB_p.Tyr1018His,p.Tyr1018His,missense_variant,3) Uncertain significance,Y1018H,0.0
Ethambutol,embB,embB_p.Tyr315Cys,p.Tyr315Cys,missense_variant,3) Uncertain significance,Y315C,0.3333333333333333
Ethambutol,embB,embB_p.Tyr319Asn,p.Tyr319Asn,missense_variant,3) Uncertain significance,Y319N,0.0
Ethambutol,embB,embB_p.Tyr319Asp,p.Tyr319Asp,missense_variant,3) Uncertain significance,Y319D,0.6
Ethambutol,embB,embB_p.Tyr319Cys,p.Tyr319Cys,missense_variant,1) Assoc w R,Y319C,0.53125
Ethambutol,embB,embB_p.Tyr319Phe,p.Tyr319Phe,missense_variant,3) Uncertain significance,Y319F,0.0
Ethambutol,embB,embB_p.Tyr319Ser,p.Tyr319Ser,missense_variant,1) Assoc w R,Y319S,0.8127490039840638
Ethambutol,embB,embB_p.Tyr334His,p.Tyr334His,missense_variant,3) Uncertain significance,Y334H,0.8542713567839196
Ethambutol,embB,embB_p.Tyr384Ser,p.Tyr384Ser,missense_variant,3) Uncertain significance,Y384S,0.0
Ethambutol,embB,embB_p.Tyr519His,p.Tyr519His,missense_variant,3) Uncertain significance,Y519H,0.0
Ethambutol,embB,embB_p.Tyr730His,p.Tyr730His,missense_variant,3) Uncertain significance,Y730H,0.0
Ethambutol,embB,embB_p.Tyr813Asp,p.Tyr813Asp,missense_variant,3) Uncertain significance,Y813D,0.0
Ethambutol,embB,embB_p.Tyr848His,p.Tyr848His,missense_variant,3) Uncertain significance,Y848H,0.0
Ethambutol,embB,embB_p.Tyr977His,p.Tyr977His,missense_variant,3) Uncertain significance,Y977H,0.0
Ethambutol,embB,embB_p.Val1048Ile,p.Val1048Ile,missense_variant,3) Uncertain significance,V1048I,0.0
Ethambutol,embB,embB_p.Val1071Phe,p.Val1071Phe,missense_variant,3) Uncertain significance,V1071F,0.0
Ethambutol,embB,embB_p.Val116Ile,p.Val116Ile,missense_variant,3) Uncertain significance,V116I,0.0
Ethambutol,embB,embB_p.Val118Ala,p.Val118Ala,missense_variant,3) Uncertain significance,V118A,0.0
Ethambutol,embB,embB_p.Val123Ala,p.Val123Ala,missense_variant,3) Uncertain significance,V123A,0.0
Ethambutol,embB,embB_p.Val130Leu,p.Val130Leu,missense_variant,3) Uncertain significance,V130L,0.0
Ethambutol,embB,embB_p.Val130Met,p.Val130Met,missense_variant,3) Uncertain significance,V130M,0.0
Ethambutol,embB,embB_p.Val131Met,p.Val131Met,missense_variant,3) Uncertain significance,V131M,0.0
Ethambutol,embB,embB_p.Val135Met,p.Val135Met,missense_variant,3) Uncertain significance,V135M,0.0
Ethambutol,embB,embB_p.Val162Gly,p.Val162Gly,missense_variant,3) Uncertain significance,V162G,0.0
Ethambutol,embB,embB_p.Val186Ala,p.Val186Ala,missense_variant,3) Uncertain significance,V186A,0.0
Ethambutol,embB,embB_p.Val186Leu,p.Val186Leu,missense_variant,3) Uncertain significance,V186L,0.0
Ethambutol,embB,embB_p.Val188Ala,p.Val188Ala,missense_variant,3) Uncertain significance,V188A,0.0
Ethambutol,embB,embB_p.Val230Ala,p.Val230Ala,missense_variant,3) Uncertain significance,V230A,0.0
Ethambutol,embB,embB_p.Val231Ile,p.Val231Ile,missense_variant,3) Uncertain significance,V231I,0.0
Ethambutol,embB,embB_p.Val282Ala,p.Val282Ala,missense_variant,3) Uncertain significance,V282A,0.0
Ethambutol,embB,embB_p.Val282Leu,p.Val282Leu,missense_variant,3) Uncertain significance,V282L,0.0
Ethambutol,embB,embB_p.Val283Met,p.Val283Met,missense_variant,3) Uncertain significance,V283M,0.0
Ethambutol,embB,embB_p.Val292Ile,p.Val292Ile,missense_variant,3) Uncertain significance,V292I,0.5
Ethambutol,embB,embB_p.Val292Leu,p.Val292Leu,missense_variant,3) Uncertain significance,V292L,0.0
Ethambutol,embB,embB_p.Val292Phe,p.Val292Phe,missense_variant,3) Uncertain significance,V292F,0.25
Ethambutol,embB,embB_p.Val29Leu,p.Val29Leu,missense_variant,3) Uncertain significance,V29L,0.0
Ethambutol,embB,embB_p.Val309Leu,p.Val309Leu,missense_variant,3) Uncertain significance,V309L,1.0
Ethambutol,embB,embB_p.Val309Phe,p.Val309Phe,missense_variant,3) Uncertain significance,V309F,0.0
Ethambutol,embB,embB_p.Val360Leu,p.Val360Leu,missense_variant,3) Uncertain significance,V360L,0.0
Ethambutol,embB,embB_p.Val369Met,p.Val369Met,missense_variant,3) Uncertain significance,V369M,0.0
Ethambutol,embB,embB_p.Val377Ala,p.Val377Ala,missense_variant,3) Uncertain significance,V377A,0.0
Ethambutol,embB,embB_p.Val377Met,p.Val377Met,missense_variant,3) Uncertain significance,V377M,0.0
Ethambutol,embB,embB_p.Val390Ile,p.Val390Ile,missense_variant,3) Uncertain significance,V390I,0.0
Ethambutol,embB,embB_p.Val39Gly,p.Val39Gly,missense_variant,3) Uncertain significance,V39G,0.0
Ethambutol,embB,embB_p.Val39Leu,p.Val39Leu,missense_variant,3) Uncertain significance,V39L,0.0
Ethambutol,embB,embB_p.Val414Gly,p.Val414Gly,missense_variant,3) Uncertain significance,V414G,0.0
Ethambutol,embB,embB_p.Val414Ile,p.Val414Ile,missense_variant,3) Uncertain significance,V414I,0.0
Ethambutol,embB,embB_p.Val417Ala,p.Val417Ala,missense_variant,3) Uncertain significance,V417A,0.0
Ethambutol,embB,embB_p.Val436Gly,p.Val436Gly,missense_variant,3) Uncertain significance,V436G,0.0
Ethambutol,embB,embB_p.Val436Ile,p.Val436Ile,missense_variant,3) Uncertain significance,V436I,0.0
Ethambutol,embB,embB_p.Val444Met,p.Val444Met,missense_variant,3) Uncertain significance,V444M,0.3333333333333333
Ethambutol,embB,embB_p.Val452Leu,p.Val452Leu,missense_variant,3) Uncertain significance,V452L,0.0
Ethambutol,embB,embB_p.Val456Ala,p.Val456Ala,missense_variant,3) Uncertain significance,V456A,0.8811881188118812
Ethambutol,embB,embB_p.Val479Leu,p.Val479Leu,missense_variant,3) Uncertain significance,V479L,0.0
Ethambutol,embB,embB_p.Val488Ala,p.Val488Ala,missense_variant,3) Uncertain significance,V488A,1.0
Ethambutol,embB,embB_p.Val488Ile,p.Val488Ile,missense_variant,3) Uncertain significance,V488I,1.0
Ethambutol,embB,embB_p.Val492Leu,p.Val492Leu,missense_variant,3) Uncertain significance,V492L,0.0
Ethambutol,embB,embB_p.Val492Met,p.Val492Met,missense_variant,3) Uncertain significance,V492M,0.0
Ethambutol,embB,embB_p.Val493Met,p.Val493Met,missense_variant,3) Uncertain significance,V493M,0.6666666666666666
Ethambutol,embB,embB_p.Val502Leu,p.Val502Leu,missense_variant,3) Uncertain significance,V502L,0.0
Ethambutol,embB,embB_p.Val508Phe,p.Val508Phe,missense_variant,3) Uncertain significance,V508F,0.0
Ethambutol,embB,embB_p.Val50Ala,p.Val50Ala,missense_variant,3) Uncertain significance,V50A,1.0
Ethambutol,embB,embB_p.Val50Met,p.Val50Met,missense_variant,3) Uncertain significance,V50M,0.0
Ethambutol,embB,embB_p.Val566Leu,p.Val566Leu,missense_variant,3) Uncertain significance,V566L,0.0
Ethambutol,embB,embB_p.Val566Met,p.Val566Met,missense_variant,3) Uncertain significance,V566M,0.0
Ethambutol,embB,embB_p.Val593Met,p.Val593Met,missense_variant,3) Uncertain significance,V593M,0.5
Ethambutol,embB,embB_p.Val602Ala,p.Val602Ala,missense_variant,3) Uncertain significance,V602A,0.5
Ethambutol,embB,embB_p.Val602Gly,p.Val602Gly,missense_variant,3) Uncertain significance,V602G,0.0
Ethambutol,embB,embB_p.Val602Ile,p.Val602Ile,missense_variant,3) Uncertain significance,V602I,0.0
Ethambutol,embB,embB_p.Val612Met,p.Val612Met,missense_variant,3) Uncertain significance,V612M,0.0
Ethambutol,embB,embB_p.Val614Ile,p.Val614Ile,missense_variant,3) Uncertain significance,V614I,0.8
Ethambutol,embB,embB_p.Val614Leu,p.Val614Leu,missense_variant,3) Uncertain significance,V614L,0.0
Ethambutol,embB,embB_p.Val618Met,p.Val618Met,missense_variant,3) Uncertain significance,V618M,0.0625
Ethambutol,embB,embB_p.Val654Met,p.Val654Met,missense_variant,3) Uncertain significance,V654M,0.0
Ethambutol,embB,embB_p.Val668Ala,p.Val668Ala,missense_variant,3) Uncertain significance,V668A,0.3333333333333333
Ethambutol,embB,embB_p.Val668Ile,p.Val668Ile,missense_variant,4) Not assoc w R - Interim,V668I,0.08
Ethambutol,embB,embB_p.Val67Leu,p.Val67Leu,missense_variant,3) Uncertain significance,V67L,0.0
Ethambutol,embB,embB_p.Val710Leu,p.Val710Leu,missense_variant,3) Uncertain significance,V710L,0.0
Ethambutol,embB,embB_p.Val727Met,p.Val727Met,missense_variant,3) Uncertain significance,V727M,0.0
Ethambutol,embB,embB_p.Val744Ala,p.Val744Ala,missense_variant,3) Uncertain significance,V744A,0.0
Ethambutol,embB,embB_p.Val755Ile,p.Val755Ile,missense_variant,3) Uncertain significance,V755I,0.0
Ethambutol,embB,embB_p.Val77Ile,p.Val77Ile,missense_variant,3) Uncertain significance,V77I,0.5
Ethambutol,embB,embB_p.Val783Ile,p.Val783Ile,missense_variant,3) Uncertain significance,V783I,0.0
Ethambutol,embB,embB_p.Val786Ala,p.Val786Ala,missense_variant,3) Uncertain significance,V786A,0.0
Ethambutol,embB,embB_p.Val793Ile,p.Val793Ile,missense_variant,3) Uncertain significance,V793I,0.0
Ethambutol,embB,embB_p.Val803Ala,p.Val803Ala,missense_variant,3) Uncertain significance,V803A,0.0
Ethambutol,embB,embB_p.Val803Met,p.Val803Met,missense_variant,3) Uncertain significance,V803M,0.0
Ethambutol,embB,embB_p.Val859Ile,p.Val859Ile,missense_variant,3) Uncertain significance,V859I,0.0
Ethambutol,embB,embB_p.Val888Met,p.Val888Met,missense_variant,3) Uncertain significance,V888M,0.0
Ethambutol,embB,embB_p.Val898Met,p.Val898Met,missense_variant,3) Uncertain significance,V898M,0.0
Ethambutol,embB,embB_p.Val917Ala,p.Val917Ala,missense_variant,3) Uncertain significance,V917A,1.0
Ethambutol,embB,embB_p.Val944Ala,p.Val944Ala,missense_variant,3) Uncertain significance,V944A,0.0
Ethambutol,embB,embB_p.Val963Met,p.Val963Met,missense_variant,3) Uncertain significance,V963M,0.0
Ethionamide,ethA,ethA_p.Ala107Ser,p.Ala107Ser,missense_variant,3) Uncertain significance,A107S,0.0
Ethionamide,ethA,ethA_p.Ala112Gly,p.Ala112Gly,missense_variant,3) Uncertain significance,A112G,0.14285714285714285
Ethionamide,ethA,ethA_p.Ala112Val,p.Ala112Val,missense_variant,3) Uncertain significance,A112V,0.0
Ethionamide,ethA,ethA_p.Ala12Val,p.Ala12Val,missense_variant,3) Uncertain significance,A12V,0.0
Ethionamide,ethA,ethA_p.Ala152Val,p.Ala152Val,missense_variant,3) Uncertain significance,A152V,0.0
Ethionamide,ethA,ethA_p.Ala175Thr,p.Ala175Thr,missense_variant,3) Uncertain significance,A175T,0.0
Ethionamide,ethA,ethA_p.Ala185Glu,p.Ala185Glu,missense_variant,3) Uncertain significance,A185E,1.0
Ethionamide,ethA,ethA_p.Ala185Gly,p.Ala185Gly,missense_variant,3) Uncertain significance,A185G,0.0
Ethionamide,ethA,ethA_p.Ala185Val,p.Ala185Val,missense_variant,3) Uncertain significance,A185V,0.6666666666666666
Ethionamide,ethA,ethA_p.Ala187Glu,p.Ala187Glu,missense_variant,3) Uncertain significance,A187E,1.0
Ethionamide,ethA,ethA_p.Ala187Val,p.Ala187Val,missense_variant,3) Uncertain significance,A187V,0.6
Ethionamide,ethA,ethA_p.Ala199Val,p.Ala199Val,missense_variant,3) Uncertain significance,A199V,0.0
Ethionamide,ethA,ethA_p.Ala19Glu,p.Ala19Glu,missense_variant,3) Uncertain significance,A19E,0.5
Ethionamide,ethA,ethA_p.Ala19Thr,p.Ala19Thr,missense_variant,3) Uncertain significance,A19T,1.0
Ethionamide,ethA,ethA_p.Ala19Val,p.Ala19Val,missense_variant,3) Uncertain significance,A19V,0.6666666666666666
Ethionamide,ethA,ethA_p.Ala20Asp,p.Ala20Asp,missense_variant,3) Uncertain significance,A20D,0.5
Ethionamide,ethA,ethA_p.Ala20Pro,p.Ala20Pro,missense_variant,3) Uncertain significance,A20P,0.0
Ethionamide,ethA,ethA_p.Ala20Ser,p.Ala20Ser,missense_variant,3) Uncertain significance,A20S,0.42857142857142855
Ethionamide,ethA,ethA_p.Ala20Val,p.Ala20Val,missense_variant,3) Uncertain significance,A20V,0.6666666666666666
Ethionamide,ethA,ethA_p.Ala222Thr,p.Ala222Thr,missense_variant,3) Uncertain significance,A222T,1.0
Ethionamide,ethA,ethA_p.Ala222Val,p.Ala222Val,missense_variant,3) Uncertain significance,A222V,0.0
Ethionamide,ethA,ethA_p.Ala234Asp,p.Ala234Asp,missense_variant,3) Uncertain significance,A234D,0.5
Ethionamide,ethA,ethA_p.Ala247Pro,p.Ala247Pro,missense_variant,3) Uncertain significance,A247P,0.3333333333333333
Ethionamide,ethA,ethA_p.Ala248Asp,p.Ala248Asp,missense_variant,3) Uncertain significance,A248D,0.0
Ethionamide,ethA,ethA_p.Ala248Pro,p.Ala248Pro,missense_variant,3) Uncertain significance,A248P,1.0
Ethionamide,ethA,ethA_p.Ala304Val,p.Ala304Val,missense_variant,3) Uncertain significance,A304V,1.0
Ethionamide,ethA,ethA_p.Ala322Val,p.Ala322Val,missense_variant,3) Uncertain significance,A322V,0.0
Ethionamide,ethA,ethA_p.Ala335Asp,p.Ala335Asp,missense_variant,3) Uncertain significance,A335D,0.3333333333333333
Ethionamide,ethA,ethA_p.Ala33Gly,p.Ala33Gly,missense_variant,3) Uncertain significance,A33G,0.13333333333333333
Ethionamide,ethA,ethA_p.Ala33Pro,p.Ala33Pro,missense_variant,3) Uncertain significance,A33P,0.0
Ethionamide,ethA,ethA_p.Ala341Glu,p.Ala341Glu,missense_variant,3) Uncertain significance,A341E,0.75
Ethionamide,ethA,ethA_p.Ala341Val,p.Ala341Val,missense_variant,2) Assoc w R - Interim,A341V,0.7083333333333334
Ethionamide,ethA,ethA_p.Ala352Glu,p.Ala352Glu,missense_variant,3) Uncertain significance,A352E,0.5
Ethionamide,ethA,ethA_p.Ala354Gly,p.Ala354Gly,missense_variant,3) Uncertain significance,A354G,0.0
Ethionamide,ethA,ethA_p.Ala381Pro,p.Ala381Pro,missense_variant,3) Uncertain significance,A381P,0.49583333333333335
Ethionamide,ethA,ethA_p.Ala389Asp,p.Ala389Asp,missense_variant,3) Uncertain significance,A389D,0.0
Ethionamide,ethA,ethA_p.Ala395Asp,p.Ala395Asp,missense_variant,3) Uncertain significance,A395D,0.0
Ethionamide,ethA,ethA_p.Ala481Thr,p.Ala481Thr,missense_variant,3) Uncertain significance,A481T,0.0
Ethionamide,ethA,ethA_p.Ala74Glu,p.Ala74Glu,missense_variant,3) Uncertain significance,A74E,0.0
Ethionamide,ethA,ethA_p.Ala74Pro,p.Ala74Pro,missense_variant,3) Uncertain significance,A74P,0.0
Ethionamide,ethA,ethA_p.Ala74Val,p.Ala74Val,missense_variant,3) Uncertain significance,A74V,0.0
Ethionamide,ethA,ethA_p.Ala76Asp,p.Ala76Asp,missense_variant,3) Uncertain significance,A76D,0.3333333333333333
Ethionamide,ethA,ethA_p.Ala76Val,p.Ala76Val,missense_variant,3) Uncertain significance,A76V,1.0
Ethionamide,ethA,ethA_p.Ala89Glu,p.Ala89Glu,missense_variant,3) Uncertain significance,A89E,0.2916666666666667
Ethionamide,ethA,ethA_p.Ala90Thr,p.Ala90Thr,missense_variant,3) Uncertain significance,A90T,0.0
Ethionamide,ethA,ethA_p.Arg115Cys,p.Arg115Cys,missense_variant,3) Uncertain significance,R115C,0.0
Ethionamide,ethA,ethA_p.Arg207Cys,p.Arg207Cys,missense_variant,3) Uncertain significance,R207C,0.4
Ethionamide,ethA,ethA_p.Arg207Gly,p.Arg207Gly,missense_variant,1) Assoc w R,R207G,0.6
Ethionamide,ethA,ethA_p.Arg207His,p.Arg207His,missense_variant,3) Uncertain significance,R207H,0.5
Ethionamide,ethA,ethA_p.Arg207Ser,p.Arg207Ser,missense_variant,3) Uncertain significance,R207S,0.3333333333333333
Ethionamide,ethA,ethA_p.Arg218Trp,p.Arg218Trp,missense_variant,3) Uncertain significance,R218W,0.0
Ethionamide,ethA,ethA_p.Arg227Pro,p.Arg227Pro,missense_variant,3) Uncertain significance,R227P,0.0
Ethionamide,ethA,ethA_p.Arg239Gln,p.Arg239Gln,missense_variant,3) Uncertain significance,R239Q,0.3333333333333333
Ethionamide,ethA,ethA_p.Arg239Gly,p.Arg239Gly,missense_variant,3) Uncertain significance,R239G,0.0
Ethionamide,ethA,ethA_p.Arg239Trp,p.Arg239Trp,missense_variant,3) Uncertain significance,R239W,0.6666666666666666
Ethionamide,ethA,ethA_p.Arg245His,p.Arg245His,missense_variant,3) Uncertain significance,R245H,0.0
Ethionamide,ethA,ethA_p.Arg261Trp,p.Arg261Trp,missense_variant,3) Uncertain significance,R261W,0.5
Ethionamide,ethA,ethA_p.Arg270His,p.Arg270His,missense_variant,3) Uncertain significance,R270H,0.0
Ethionamide,ethA,ethA_p.Arg292Gln,p.Arg292Gln,missense_variant,3) Uncertain significance,R292Q,0.0
Ethionamide,ethA,ethA_p.Arg303Pro,p.Arg303Pro,missense_variant,3) Uncertain significance,R303P,1.0
Ethionamide,ethA,ethA_p.Arg326Gln,p.Arg326Gln,missense_variant,3) Uncertain significance,R326Q,0.0
Ethionamide,ethA,ethA_p.Arg38Pro,p.Arg38Pro,missense_variant,3) Uncertain significance,R38P,1.0
Ethionamide,ethA,ethA_p.Arg38Trp,p.Arg38Trp,missense_variant,3) Uncertain significance,R38W,0.0
Ethionamide,ethA,ethA_p.Arg404Leu,p.Arg404Leu,missense_variant,3) Uncertain significance,R404L,0.6666666666666666
Ethionamide,ethA,ethA_p.Arg441Cys,p.Arg441Cys,missense_variant,3) Uncertain significance,R441C,0.5
Ethionamide,ethA,ethA_p.Arg441His,p.Arg441His,missense_variant,3) Uncertain significance,R441H,0.0
Ethionamide,ethA,ethA_p.Arg441Leu,p.Arg441Leu,missense_variant,3) Uncertain significance,R441L,0.0
Ethionamide,ethA,ethA_p.Arg441Pro,p.Arg441Pro,missense_variant,3) Uncertain significance,R441P,1.0
Ethionamide,ethA,ethA_p.Arg466Trp,p.Arg466Trp,missense_variant,3) Uncertain significance,R466W,0.0
Ethionamide,ethA,ethA_p.Arg469Pro,p.Arg469Pro,missense_variant,3) Uncertain significance,R469P,1.0
Ethionamide,ethA,ethA_p.Arg469Trp,p.Arg469Trp,missense_variant,3) Uncertain significance,R469W,0.4
Ethionamide,ethA,ethA_p.Arg470Ser,p.Arg470Ser,missense_variant,3) Uncertain significance,R470S,0.0
Ethionamide,ethA,ethA_p.Arg479Pro,p.Arg479Pro,missense_variant,3) Uncertain significance,R479P,1.0
Ethionamide,ethA,ethA_p.Arg54Cys,p.Arg54Cys,missense_variant,3) Uncertain significance,R54C,0.75
Ethionamide,ethA,ethA_p.Arg54His,p.Arg54His,missense_variant,3) Uncertain significance,R54H,0.0
Ethionamide,ethA,ethA_p.Arg54Leu,p.Arg54Leu,missense_variant,3) Uncertain significance,R54L,1.0
Ethionamide,ethA,ethA_p.Arg54Ser,p.Arg54Ser,missense_variant,3) Uncertain significance,R54S,1.0
Ethionamide,ethA,ethA_p.Arg65Pro,p.Arg65Pro,missense_variant,3) Uncertain significance,R65P,0.25
Ethionamide,ethA,ethA_p.Arg67His,p.Arg67His,missense_variant,3) Uncertain significance,R67H,0.0
Ethionamide,ethA,ethA_p.Arg72Trp,p.Arg72Trp,missense_variant,3) Uncertain significance,R72W,0.0
Ethionamide,ethA,ethA_p.Arg96Lys,p.Arg96Lys,missense_variant,3) Uncertain significance,R96K,1.0
Ethionamide,ethA,ethA_p.Asn242Asp,p.Asn242Asp,missense_variant,3) Uncertain significance,N242D,1.0
Ethionamide,ethA,ethA_p.Asn242Thr,p.Asn242Thr,missense_variant,3) Uncertain significance,N242T,0.0
Ethionamide,ethA,ethA_p.Asn287Lys,p.Asn287Lys,missense_variant,3) Uncertain significance,N287K,0.3333333333333333
Ethionamide,ethA,ethA_p.Asn298His,p.Asn298His,missense_variant,3) Uncertain significance,N298H,0.0
Ethionamide,ethA,ethA_p.Asn298Thr,p.Asn298Thr,missense_variant,3) Uncertain significance,N298T,0.0
Ethionamide,ethA,ethA_p.Asn345Lys,p.Asn345Lys,missense_variant,3) Uncertain significance,N345K,0.3888888888888889
Ethionamide,ethA,ethA_p.Asn379Asp,p.Asn379Asp,missense_variant,2) Assoc w R - Interim,N379D,0.4206896551724138
Ethionamide,ethA,ethA_p.Asn379His,p.Asn379His,missense_variant,3) Uncertain significance,N379H,1.0
Ethionamide,ethA,ethA_p.Asn379Lys,p.Asn379Lys,missense_variant,3) Uncertain significance,N379K,0.3333333333333333
Ethionamide,ethA,ethA_p.Asn379Ser,p.Asn379Ser,missense_variant,3) Uncertain significance,N379S,0.0
Ethionamide,ethA,ethA_p.Asn379Thr,p.Asn379Thr,missense_variant,3) Uncertain significance,N379T,0.0
Ethionamide,ethA,ethA_p.Asn458Val,p.Asn458Val,missense_variant,3) Uncertain significance,N458V,1.0
Ethionamide,ethA,ethA_p.Asp144Asn,p.Asp144Asn,missense_variant,3) Uncertain significance,D144N,0.0
Ethionamide,ethA,ethA_p.Asp144Gly,p.Asp144Gly,missense_variant,3) Uncertain significance,D144G,0.0
Ethionamide,ethA,ethA_p.Asp174Gly,p.Asp174Gly,missense_variant,3) Uncertain significance,D174G,0.0
Ethionamide,ethA,ethA_p.Asp196Asn,p.Asp196Asn,missense_variant,3) Uncertain significance,D196N,0.0
Ethionamide,ethA,ethA_p.Asp196Glu,p.Asp196Glu,missense_variant,3) Uncertain significance,D196E,0.0
Ethionamide,ethA,ethA_p.Asp219Glu,p.Asp219Glu,missense_variant,3) Uncertain significance,D219E,0.0
Ethionamide,ethA,ethA_p.Asp219Gly,p.Asp219Gly,missense_variant,3) Uncertain significance,D219G,0.3333333333333333
Ethionamide,ethA,ethA_p.Asp336Glu,p.Asp336Glu,missense_variant,3) Uncertain significance,D336E,0.0
Ethionamide,ethA,ethA_p.Asp357Tyr,p.Asp357Tyr,missense_variant,3) Uncertain significance,D357Y,0.5
Ethionamide,ethA,ethA_p.Asp396Asn,p.Asp396Asn,missense_variant,3) Uncertain significance,D396N,1.0
Ethionamide,ethA,ethA_p.Asp396Gly,p.Asp396Gly,missense_variant,3) Uncertain significance,D396G,1.0
Ethionamide,ethA,ethA_p.Asp410His,p.Asp410His,missense_variant,3) Uncertain significance,D410H,0.0
Ethionamide,ethA,ethA_p.Asp415Gly,p.Asp415Gly,missense_variant,3) Uncertain significance,D415G,0.0
Ethionamide,ethA,ethA_p.Asp444Gly,p.Asp444Gly,missense_variant,3) Uncertain significance,D444G,1.0
Ethionamide,ethA,ethA_p.Asp464Gly,p.Asp464Gly,missense_variant,3) Uncertain significance,D464G,0.1111111111111111
Ethionamide,ethA,ethA_p.Asp46Asn,p.Asp46Asn,missense_variant,3) Uncertain significance,D46N,0.0
Ethionamide,ethA,ethA_p.Asp56Ala,p.Asp56Ala,missense_variant,3) Uncertain significance,D56A,0.6428571428571429
Ethionamide,ethA,ethA_p.Asp56Gly,p.Asp56Gly,missense_variant,3) Uncertain significance,D56G,1.0
Ethionamide,ethA,ethA_p.Asp58Ala,p.Asp58Ala,missense_variant,3) Uncertain significance,D58A,0.2
Ethionamide,ethA,ethA_p.Asp58Asn,p.Asp58Asn,missense_variant,3) Uncertain significance,D58N,1.0
Ethionamide,ethA,ethA_p.Asp58Gly,p.Asp58Gly,missense_variant,3) Uncertain significance,D58G,0.8571428571428571
Ethionamide,ethA,ethA_p.Asp58His,p.Asp58His,missense_variant,3) Uncertain significance,D58H,0.0
Ethionamide,ethA,ethA_p.Asp77Gly,p.Asp77Gly,missense_variant,3) Uncertain significance,D77G,0.3076923076923077
Ethionamide,ethA,ethA_p.Cys131Arg,p.Cys131Arg,missense_variant,3) Uncertain significance,C131R,1.0
Ethionamide,ethA,ethA_p.Cys131Tyr,p.Cys131Tyr,missense_variant,3) Uncertain significance,C131Y,0.4
Ethionamide,ethA,ethA_p.Cys137Arg,p.Cys137Arg,missense_variant,3) Uncertain significance,C137R,0.5483870967741935
Ethionamide,ethA,ethA_p.Cys137Gly,p.Cys137Gly,missense_variant,3) Uncertain significance,C137G,0.5
Ethionamide,ethA,ethA_p.Cys137Phe,p.Cys137Phe,missense_variant,3) Uncertain significance,C137F,0.5
Ethionamide,ethA,ethA_p.Cys137Tyr,p.Cys137Tyr,missense_variant,3) Uncertain significance,C137Y,0.625
Ethionamide,ethA,ethA_p.Cys253Arg,p.Cys253Arg,missense_variant,3) Uncertain significance,C253R,0.5
Ethionamide,ethA,ethA_p.Cys253Gly,p.Cys253Gly,missense_variant,3) Uncertain significance,C253G,1.0
Ethionamide,ethA,ethA_p.Cys253Phe,p.Cys253Phe,missense_variant,3) Uncertain significance,C253F,1.0
Ethionamide,ethA,ethA_p.Cys253Trp,p.Cys253Trp,missense_variant,3) Uncertain significance,C253W,1.0
Ethionamide,ethA,ethA_p.Cys27Tyr,p.Cys27Tyr,missense_variant,3) Uncertain significance,C27Y,0.3333333333333333
Ethionamide,ethA,ethA_p.Cys294Phe,p.Cys294Phe,missense_variant,3) Uncertain significance,C294F,0.5
Ethionamide,ethA,ethA_p.Cys294Trp,p.Cys294Trp,missense_variant,3) Uncertain significance,C294W,1.0
Ethionamide,ethA,ethA_p.Cys294Tyr,p.Cys294Tyr,missense_variant,3) Uncertain significance,C294Y,0.42857142857142855
Ethionamide,ethA,ethA_p.Cys403Arg,p.Cys403Arg,missense_variant,3) Uncertain significance,C403R,0.3333333333333333
Ethionamide,ethA,ethA_p.Cys403Gly,p.Cys403Gly,missense_variant,3) Uncertain significance,C403G,0.3333333333333333
Ethionamide,ethA,ethA_p.Cys403Trp,p.Cys403Trp,missense_variant,3) Uncertain significance,C403W,0.7142857142857143
Ethionamide,ethA,ethA_p.Cys403Tyr,p.Cys403Tyr,missense_variant,2) Assoc w R - Interim,C403Y,1.0
Ethionamide,ethA,ethA_p.Gln165Arg,p.Gln165Arg,missense_variant,3) Uncertain significance,Q165R,0.0
Ethionamide,ethA,ethA_p.Gln165Glu,p.Gln165Glu,missense_variant,3) Uncertain significance,Q165E,0.0
Ethionamide,ethA,ethA_p.Gln165His,p.Gln165His,missense_variant,3) Uncertain significance,Q165H,0.5
Ethionamide,ethA,ethA_p.Gln165Pro,p.Gln165Pro,missense_variant,3) Uncertain significance,Q165P,0.15
Ethionamide,ethA,ethA_p.Gln206Glu,p.Gln206Glu,missense_variant,3) Uncertain significance,Q206E,1.0
Ethionamide,ethA,ethA_p.Gln206Pro,p.Gln206Pro,missense_variant,3) Uncertain significance,Q206P,1.0
Ethionamide,ethA,ethA_p.Gln246Arg,p.Gln246Arg,missense_variant,3) Uncertain significance,Q246R,1.0
Ethionamide,ethA,ethA_p.Gln246Pro,p.Gln246Pro,missense_variant,3) Uncertain significance,Q246P,1.0
Ethionamide,ethA,ethA_p.Gln254Pro,p.Gln254Pro,missense_variant,3) Uncertain significance,Q254P,0.5909090909090909
Ethionamide,ethA,ethA_p.Gln271His,p.Gln271His,missense_variant,3) Uncertain significance,Q271H,0.0
Ethionamide,ethA,ethA_p.Gln271Pro,p.Gln271Pro,missense_variant,3) Uncertain significance,Q271P,1.0
Ethionamide,ethA,ethA_p.Gln291Pro,p.Gln291Pro,missense_variant,3) Uncertain significance,Q291P,1.0
Ethionamide,ethA,ethA_p.Gln360Arg,p.Gln360Arg,missense_variant,3) Uncertain significance,Q360R,0.0
Ethionamide,ethA,ethA_p.Gln449Pro,p.Gln449Pro,missense_variant,3) Uncertain significance,Q449P,0.0
Ethionamide,ethA,ethA_p.Glu113Gln,p.Glu113Gln,missense_variant,3) Uncertain significance,E113Q,0.0
Ethionamide,ethA,ethA_p.Glu311Asp,p.Glu311Asp,missense_variant,3) Uncertain significance,E311D,0.0
Ethionamide,ethA,ethA_p.Glu36Gln,p.Glu36Gln,missense_variant,3) Uncertain significance,E36Q,1.0
Ethionamide,ethA,ethA_p.Glu36Lys,p.Glu36Lys,missense_variant,3) Uncertain significance,E36K,1.0
Ethionamide,ethA,ethA_p.Glu3Gly,p.Glu3Gly,missense_variant,3) Uncertain significance,E3G,0.0
Ethionamide,ethA,ethA_p.Glu400Lys,p.Glu400Lys,missense_variant,3) Uncertain significance,E400K,1.0
Ethionamide,ethA,ethA_p.Glu433Asp,p.Glu433Asp,missense_variant,3) Uncertain significance,E433D,0.0
Ethionamide,ethA,ethA_p.Glu476Gln,p.Glu476Gln,missense_variant,3) Uncertain significance,E476Q,0.0
Ethionamide,ethA,ethA_p.Glu83Gly,p.Glu83Gly,missense_variant,3) Uncertain significance,E83G,0.0
Ethionamide,ethA,ethA_p.Gly11Asp,p.Gly11Asp,missense_variant,3) Uncertain significance,G11D,0.5
Ethionamide,ethA,ethA_p.Gly11Cys,p.Gly11Cys,missense_variant,3) Uncertain significance,G11C,1.0
Ethionamide,ethA,ethA_p.Gly11Val,p.Gly11Val,missense_variant,3) Uncertain significance,G11V,0.9333333333333333
Ethionamide,ethA,ethA_p.Gly124Asp,p.Gly124Asp,missense_variant,3) Uncertain significance,G124D,0.0
Ethionamide,ethA,ethA_p.Gly124Val,p.Gly124Val,missense_variant,3) Uncertain significance,G124V,1.0
Ethionamide,ethA,ethA_p.Gly139Ala,p.Gly139Ala,missense_variant,3) Uncertain significance,G139A,0.5
Ethionamide,ethA,ethA_p.Gly139Asp,p.Gly139Asp,missense_variant,3) Uncertain significance,G139D,0.0
Ethionamide,ethA,ethA_p.Gly139Cys,p.Gly139Cys,missense_variant,3) Uncertain significance,G139C,1.0
Ethionamide,ethA,ethA_p.Gly139Ser,p.Gly139Ser,missense_variant,3) Uncertain significance,G139S,1.0
Ethionamide,ethA,ethA_p.Gly139Val,p.Gly139Val,missense_variant,3) Uncertain significance,G139V,1.0
Ethionamide,ethA,ethA_p.Gly13Arg,p.Gly13Arg,missense_variant,3) Uncertain significance,G13R,1.0
Ethionamide,ethA,ethA_p.Gly13Glu,p.Gly13Glu,missense_variant,3) Uncertain significance,G13E,0.5
Ethionamide,ethA,ethA_p.Gly16Asp,p.Gly16Asp,missense_variant,3) Uncertain significance,G16D,1.0
Ethionamide,ethA,ethA_p.Gly182Ala,p.Gly182Ala,missense_variant,3) Uncertain significance,G182A,1.0
Ethionamide,ethA,ethA_p.Gly182Asp,p.Gly182Asp,missense_variant,3) Uncertain significance,G182D,0.6
Ethionamide,ethA,ethA_p.Gly182Cys,p.Gly182Cys,missense_variant,3) Uncertain significance,G182C,0.3333333333333333
Ethionamide,ethA,ethA_p.Gly182Ser,p.Gly182Ser,missense_variant,3) Uncertain significance,G182S,1.0
Ethionamide,ethA,ethA_p.Gly184Asp,p.Gly184Asp,missense_variant,3) Uncertain significance,G184D,0.6666666666666666
Ethionamide,ethA,ethA_p.Gly184Val,p.Gly184Val,missense_variant,3) Uncertain significance,G184V,0.0
Ethionamide,ethA,ethA_p.Gly198Ser,p.Gly198Ser,missense_variant,3) Uncertain significance,G198S,0.0
Ethionamide,ethA,ethA_p.Gly275Glu,p.Gly275Glu,missense_variant,3) Uncertain significance,G275E,1.0
Ethionamide,ethA,ethA_p.Gly308Trp,p.Gly308Trp,missense_variant,3) Uncertain significance,G308W,0.0
Ethionamide,ethA,ethA_p.Gly324Ala,p.Gly324Ala,missense_variant,3) Uncertain significance,G324A,0.0
Ethionamide,ethA,ethA_p.Gly324Arg,p.Gly324Arg,missense_variant,3) Uncertain significance,G324R,0.0
Ethionamide,ethA,ethA_p.Gly343Ala,p.Gly343Ala,missense_variant,3) Uncertain significance,G343A,0.0
Ethionamide,ethA,ethA_p.Gly343Arg,p.Gly343Arg,missense_variant,3) Uncertain significance,G343R,1.0
Ethionamide,ethA,ethA_p.Gly343Glu,p.Gly343Glu,missense_variant,3) Uncertain significance,G343E,1.0
Ethionamide,ethA,ethA_p.Gly343Val,p.Gly343Val,missense_variant,3) Uncertain significance,G343V,0.25
Ethionamide,ethA,ethA_p.Gly350Cys,p.Gly350Cys,missense_variant,3) Uncertain significance,G350C,0.0
Ethionamide,ethA,ethA_p.Gly350Val,p.Gly350Val,missense_variant,3) Uncertain significance,G350V,0.0
Ethionamide,ethA,ethA_p.Gly351Val,p.Gly351Val,missense_variant,3) Uncertain significance,G351V,0.0
Ethionamide,ethA,ethA_p.Gly371Cys,p.Gly371Cys,missense_variant,3) Uncertain significance,G371C,0.0
Ethionamide,ethA,ethA_p.Gly385Ala,p.Gly385Ala,missense_variant,3) Uncertain significance,G385A,1.0
Ethionamide,ethA,ethA_p.Gly385Asp,p.Gly385Asp,missense_variant,3) Uncertain significance,G385D,0.0
Ethionamide,ethA,ethA_p.Gly413Asp,p.Gly413Asp,missense_variant,3) Uncertain significance,G413D,0.0
Ethionamide,ethA,ethA_p.Gly423Arg,p.Gly423Arg,missense_variant,3) Uncertain significance,G423R,0.1111111111111111
Ethionamide,ethA,ethA_p.Gly423Val,p.Gly423Val,missense_variant,3) Uncertain significance,G423V,0.0
Ethionamide,ethA,ethA_p.Gly42Asp,p.Gly42Asp,missense_variant,3) Uncertain significance,G42D,0.0
Ethionamide,ethA,ethA_p.Gly42Cys,p.Gly42Cys,missense_variant,3) Uncertain significance,G42C,0.5
Ethionamide,ethA,ethA_p.Gly42Ser,p.Gly42Ser,missense_variant,3) Uncertain significance,G42S,0.0
Ethionamide,ethA,ethA_p.Gly42Val,p.Gly42Val,missense_variant,3) Uncertain significance,G42V,1.0
Ethionamide,ethA,ethA_p.Gly43Ala,p.Gly43Ala,missense_variant,3) Uncertain significance,G43A,0.5
Ethionamide,ethA,ethA_p.Gly43Arg,p.Gly43Arg,missense_variant,3) Uncertain significance,G43R,0.0
Ethionamide,ethA,ethA_p.Gly43Asp,p.Gly43Asp,missense_variant,3) Uncertain significance,G43D,0.625
Ethionamide,ethA,ethA_p.Gly43Cys,p.Gly43Cys,missense_variant,3) Uncertain significance,G43C,0.0
Ethionamide,ethA,ethA_p.Gly43Ser,p.Gly43Ser,missense_variant,3) Uncertain significance,G43S,0.7
Ethionamide,ethA,ethA_p.Gly43Val,p.Gly43Val,missense_variant,3) Uncertain significance,G43V,0.3
Ethionamide,ethA,ethA_p.Gly450Asp,p.Gly450Asp,missense_variant,3) Uncertain significance,G450D,0.0
Ethionamide,ethA,ethA_p.Gly450Cys,p.Gly450Cys,missense_variant,3) Uncertain significance,G450C,1.0
Ethionamide,ethA,ethA_p.Gly450Ser,p.Gly450Ser,missense_variant,3) Uncertain significance,G450S,0.25
Ethionamide,ethA,ethA_p.Gly471Arg,p.Gly471Arg,missense_variant,3) Uncertain significance,G471R,0.0
Ethionamide,ethA,ethA_p.Gly471Val,p.Gly471Val,missense_variant,3) Uncertain significance,G471V,1.0
Ethionamide,ethA,ethA_p.Gly477Asp,p.Gly477Asp,missense_variant,3) Uncertain significance,G477D,0.0
Ethionamide,ethA,ethA_p.Gly488Val,p.Gly488Val,missense_variant,3) Uncertain significance,G488V,0.0
Ethionamide,ethA,ethA_p.Gly52Arg,p.Gly52Arg,missense_variant,3) Uncertain significance,G52R,0.0
Ethionamide,ethA,ethA_p.Gly52Glu,p.Gly52Glu,missense_variant,3) Uncertain significance,G52E,0.0
Ethionamide,ethA,ethA_p.Gly63Asp,p.Gly63Asp,missense_variant,3) Uncertain significance,G63D,1.0
Ethionamide,ethA,ethA_p.Gly63Val,p.Gly63Val,missense_variant,3) Uncertain significance,G63V,0.0
Ethionamide,ethA,ethA_p.Gly71Arg,p.Gly71Arg,missense_variant,3) Uncertain significance,G71R,1.0
Ethionamide,ethA,ethA_p.Gly78Asp,p.Gly78Asp,missense_variant,3) Uncertain significance,G78D,0.0
Ethionamide,ethA,ethA_p.Gly78Ser,p.Gly78Ser,missense_variant,3) Uncertain significance,G78S,0.3333333333333333
Ethionamide,ethA,ethA_p.Gly93Arg,p.Gly93Arg,missense_variant,3) Uncertain significance,G93R,0.0
Ethionamide,ethA,ethA_p.His102Pro,p.His102Pro,missense_variant,3) Uncertain significance,H102P,0.6666666666666666
Ethionamide,ethA,ethA_p.His119Arg,p.His119Arg,missense_variant,3) Uncertain significance,H119R,0.0
Ethionamide,ethA,ethA_p.His119Pro,p.His119Pro,missense_variant,3) Uncertain significance,H119P,0.5
Ethionamide,ethA,ethA_p.His163Asp,p.His163Asp,missense_variant,3) Uncertain significance,H163D,1.0
Ethionamide,ethA,ethA_p.His166Pro,p.His166Pro,missense_variant,3) Uncertain significance,H166P,0.6666666666666666
Ethionamide,ethA,ethA_p.His201Pro,p.His201Pro,missense_variant,3) Uncertain significance,H201P,1.0
Ethionamide,ethA,ethA_p.His22Asp,p.His22Asp,missense_variant,3) Uncertain significance,H22D,0.0
Ethionamide,ethA,ethA_p.His22Gln,p.His22Gln,missense_variant,3) Uncertain significance,H22Q,1.0
Ethionamide,ethA,ethA_p.His22Pro,p.His22Pro,missense_variant,3) Uncertain significance,H22P,0.0
Ethionamide,ethA,ethA_p.His22Tyr,p.His22Tyr,missense_variant,3) Uncertain significance,H22Y,0.0
Ethionamide,ethA,ethA_p.His281Arg,p.His281Arg,missense_variant,3) Uncertain significance,H281R,0.3
Ethionamide,ethA,ethA_p.His281Gln,p.His281Gln,missense_variant,3) Uncertain significance,H281Q,0.0
Ethionamide,ethA,ethA_p.His281Pro,p.His281Pro,missense_variant,3) Uncertain significance,H281P,0.7130620985010707
Ethionamide,ethA,ethA_p.His285Pro,p.His285Pro,missense_variant,3) Uncertain significance,H285P,0.0
Ethionamide,ethA,ethA_p.His307Gln,p.His307Gln,missense_variant,3) Uncertain significance,H307Q,0.0
Ethionamide,ethA,ethA_p.His307Pro,p.His307Pro,missense_variant,3) Uncertain significance,H307P,1.0
Ethionamide,ethA,ethA_p.His4Arg,p.His4Arg,missense_variant,3) Uncertain significance,H4R,1.0
Ethionamide,ethA,ethA_p.His4Asn,p.His4Asn,missense_variant,3) Uncertain significance,H4N,0.0
Ethionamide,ethA,ethA_p.Ile105Leu,p.Ile105Leu,missense_variant,3) Uncertain significance,I105L,0.2222222222222222
Ethionamide,ethA,ethA_p.Ile120Asn,p.Ile120Asn,missense_variant,3) Uncertain significance,I120N,0.0
Ethionamide,ethA,ethA_p.Ile120Val,p.Ile120Val,missense_variant,3) Uncertain significance,I120V,0.0
Ethionamide,ethA,ethA_p.Ile161Ser,p.Ile161Ser,missense_variant,3) Uncertain significance,I161S,1.0
Ethionamide,ethA,ethA_p.Ile161Thr,p.Ile161Thr,missense_variant,3) Uncertain significance,I161T,0.0
Ethionamide,ethA,ethA_p.Ile161Val,p.Ile161Val,missense_variant,3) Uncertain significance,I161V,0.2222222222222222
Ethionamide,ethA,ethA_p.Ile162Ser,p.Ile162Ser,missense_variant,3) Uncertain significance,I162S,0.0
Ethionamide,ethA,ethA_p.Ile178Ser,p.Ile178Ser,missense_variant,3) Uncertain significance,I178S,0.0
Ethionamide,ethA,ethA_p.Ile178Val,p.Ile178Val,missense_variant,3) Uncertain significance,I178V,0.0
Ethionamide,ethA,ethA_p.Ile181Ser,p.Ile181Ser,missense_variant,3) Uncertain significance,I181S,1.0
Ethionamide,ethA,ethA_p.Ile212Met,p.Ile212Met,missense_variant,3) Uncertain significance,I212M,1.0
Ethionamide,ethA,ethA_p.Ile305Ser,p.Ile305Ser,missense_variant,3) Uncertain significance,I305S,0.5
Ethionamide,ethA,ethA_p.Ile325Asn,p.Ile325Asn,missense_variant,3) Uncertain significance,I325N,0.0
Ethionamide,ethA,ethA_p.Ile337Val,p.Ile337Val,missense_variant,3) Uncertain significance,I337V,0.0
Ethionamide,ethA,ethA_p.Ile338Leu,p.Ile338Leu,missense_variant,3) Uncertain significance,I338L,0.0
Ethionamide,ethA,ethA_p.Ile338Met,p.Ile338Met,missense_variant,3) Uncertain significance,I338M,0.0
Ethionamide,ethA,ethA_p.Ile338Ser,p.Ile338Ser,missense_variant,3) Uncertain significance,I338S,0.75
Ethionamide,ethA,ethA_p.Ile339Ser,p.Ile339Ser,missense_variant,3) Uncertain significance,I339S,0.0
Ethionamide,ethA,ethA_p.Ile34Met,p.Ile34Met,missense_variant,3) Uncertain significance,I34M,0.0
Ethionamide,ethA,ethA_p.Ile34Ser,p.Ile34Ser,missense_variant,3) Uncertain significance,I34S,1.0
Ethionamide,ethA,ethA_p.Ile34Thr,p.Ile34Thr,missense_variant,3) Uncertain significance,I34T,0.4
Ethionamide,ethA,ethA_p.Ile356Thr,p.Ile356Thr,missense_variant,3) Uncertain significance,I356T,1.0
Ethionamide,ethA,ethA_p.Ile377Lys,p.Ile377Lys,missense_variant,3) Uncertain significance,I377K,0.0
Ethionamide,ethA,ethA_p.Ile473Ser,p.Ile473Ser,missense_variant,3) Uncertain significance,I473S,1.0
Ethionamide,ethA,ethA_p.Ile75Thr,p.Ile75Thr,missense_variant,3) Uncertain significance,I75T,1.0
Ethionamide,ethA,ethA_p.Ile81Thr,p.Ile81Thr,missense_variant,3) Uncertain significance,I81T,1.0
Ethionamide,ethA,ethA_p.Ile94Ser,p.Ile94Ser,missense_variant,3) Uncertain significance,I94S,0.25
Ethionamide,ethA,ethA_p.Ile98Val,p.Ile98Val,missense_variant,3) Uncertain significance,I98V,0.0
Ethionamide,ethA,ethA_p.Ile9Ser,p.Ile9Ser,missense_variant,3) Uncertain significance,I9S,1.0
Ethionamide,ethA,ethA_p.Ile9Thr,p.Ile9Thr,missense_variant,3) Uncertain significance,I9T,0.14285714285714285
Ethionamide,ethA,ethA_p.Leu126Phe,p.Leu126Phe,missense_variant,3) Uncertain significance,L126F,0.0
Ethionamide,ethA,ethA_p.Leu129Arg,p.Leu129Arg,missense_variant,3) Uncertain significance,L129R,0.75
Ethionamide,ethA,ethA_p.Leu129Pro,p.Leu129Pro,missense_variant,3) Uncertain significance,L129P,0.0
Ethionamide,ethA,ethA_p.Leu134Arg,p.Leu134Arg,missense_variant,3) Uncertain significance,L134R,0.42857142857142855
Ethionamide,ethA,ethA_p.Leu134His,p.Leu134His,missense_variant,3) Uncertain significance,L134H,1.0
Ethionamide,ethA,ethA_p.Leu134Pro,p.Leu134Pro,missense_variant,3) Uncertain significance,L134P,0.42857142857142855
Ethionamide,ethA,ethA_p.Leu136Arg,p.Leu136Arg,missense_variant,3) Uncertain significance,L136R,0.42857142857142855
Ethionamide,ethA,ethA_p.Leu171Phe,p.Leu171Phe,missense_variant,3) Uncertain significance,L171F,0.0
Ethionamide,ethA,ethA_p.Leu190Phe,p.Leu190Phe,missense_variant,3) Uncertain significance,L190F,1.0
Ethionamide,ethA,ethA_p.Leu190Pro,p.Leu190Pro,missense_variant,3) Uncertain significance,L190P,0.6
Ethionamide,ethA,ethA_p.Leu194Arg,p.Leu194Arg,missense_variant,3) Uncertain significance,L194R,1.0
Ethionamide,ethA,ethA_p.Leu194Pro,p.Leu194Pro,missense_variant,3) Uncertain significance,L194P,0.8
Ethionamide,ethA,ethA_p.Leu205Arg,p.Leu205Arg,missense_variant,3) Uncertain significance,L205R,0.0
Ethionamide,ethA,ethA_p.Leu205Pro,p.Leu205Pro,missense_variant,3) Uncertain significance,L205P,0.8333333333333334
Ethionamide,ethA,ethA_p.Leu225Arg,p.Leu225Arg,missense_variant,3) Uncertain significance,L225R,1.0
Ethionamide,ethA,ethA_p.Leu225His,p.Leu225His,missense_variant,3) Uncertain significance,L225H,0.0
Ethionamide,ethA,ethA_p.Leu225Pro,p.Leu225Pro,missense_variant,3) Uncertain significance,L225P,0.25
Ethionamide,ethA,ethA_p.Leu229Arg,p.Leu229Arg,missense_variant,3) Uncertain significance,L229R,0.6666666666666666
Ethionamide,ethA,ethA_p.Leu23Arg,p.Leu23Arg,missense_variant,3) Uncertain significance,L23R,0.6
Ethionamide,ethA,ethA_p.Leu23Pro,p.Leu23Pro,missense_variant,3) Uncertain significance,L23P,1.0
Ethionamide,ethA,ethA_p.Leu244Pro,p.Leu244Pro,missense_variant,3) Uncertain significance,L244P,0.3333333333333333
Ethionamide,ethA,ethA_p.Leu272Pro,p.Leu272Pro,missense_variant,3) Uncertain significance,L272P,0.0
Ethionamide,ethA,ethA_p.Leu295Trp,p.Leu295Trp,missense_variant,3) Uncertain significance,L295W,1.0
Ethionamide,ethA,ethA_p.Leu301Arg,p.Leu301Arg,missense_variant,3) Uncertain significance,L301R,0.0
Ethionamide,ethA,ethA_p.Leu301Pro,p.Leu301Pro,missense_variant,3) Uncertain significance,L301P,0.0
Ethionamide,ethA,ethA_p.Leu333Pro,p.Leu333Pro,missense_variant,3) Uncertain significance,L333P,0.0
Ethionamide,ethA,ethA_p.Leu344Phe,p.Leu344Phe,missense_variant,3) Uncertain significance,L344F,1.0
Ethionamide,ethA,ethA_p.Leu344Ser,p.Leu344Ser,missense_variant,3) Uncertain significance,L344S,0.0
Ethionamide,ethA,ethA_p.Leu348Ile,p.Leu348Ile,missense_variant,3) Uncertain significance,L348I,1.0
Ethionamide,ethA,ethA_p.Leu348Phe,p.Leu348Phe,missense_variant,3) Uncertain significance,L348F,0.09090909090909091
Ethionamide,ethA,ethA_p.Leu348Pro,p.Leu348Pro,missense_variant,3) Uncertain significance,L348P,1.0
Ethionamide,ethA,ethA_p.Leu35Arg,p.Leu35Arg,missense_variant,2) Assoc w R - Interim,L35R,0.8571428571428571
Ethionamide,ethA,ethA_p.Leu35Pro,p.Leu35Pro,missense_variant,3) Uncertain significance,L35P,0.5
Ethionamide,ethA,ethA_p.Leu35Val,p.Leu35Val,missense_variant,3) Uncertain significance,L35V,0.2
Ethionamide,ethA,ethA_p.Leu374Arg,p.Leu374Arg,missense_variant,3) Uncertain significance,L374R,0.6666666666666666
Ethionamide,ethA,ethA_p.Leu374His,p.Leu374His,missense_variant,3) Uncertain significance,L374H,0.3333333333333333
Ethionamide,ethA,ethA_p.Leu374Phe,p.Leu374Phe,missense_variant,3) Uncertain significance,L374F,0.0
Ethionamide,ethA,ethA_p.Leu393Arg,p.Leu393Arg,missense_variant,3) Uncertain significance,L393R,1.0
Ethionamide,ethA,ethA_p.Leu393Pro,p.Leu393Pro,missense_variant,3) Uncertain significance,L393P,1.0
Ethionamide,ethA,ethA_p.Leu393Val,p.Leu393Val,missense_variant,3) Uncertain significance,L393V,0.0
Ethionamide,ethA,ethA_p.Leu397Arg,p.Leu397Arg,missense_variant,3) Uncertain significance,L397R,0.6666666666666666
Ethionamide,ethA,ethA_p.Leu397Pro,p.Leu397Pro,missense_variant,3) Uncertain significance,L397P,0.5
Ethionamide,ethA,ethA_p.Leu405Ser,p.Leu405Ser,missense_variant,3) Uncertain significance,L405S,0.0
Ethionamide,ethA,ethA_p.Leu406Ser,p.Leu406Ser,missense_variant,3) Uncertain significance,L406S,1.0
Ethionamide,ethA,ethA_p.Leu440Pro,p.Leu440Pro,missense_variant,3) Uncertain significance,L440P,0.125
Ethionamide,ethA,ethA_p.Leu443Pro,p.Leu443Pro,missense_variant,3) Uncertain significance,L443P,0.0
Ethionamide,ethA,ethA_p.Leu478Arg,p.Leu478Arg,missense_variant,3) Uncertain significance,L478R,0.2
Ethionamide,ethA,ethA_p.Leu47Ser,p.Leu47Ser,missense_variant,3) Uncertain significance,L47S,1.0
Ethionamide,ethA,ethA_p.Leu5Phe,p.Leu5Phe,missense_variant,3) Uncertain significance,L5F,0.0
Ethionamide,ethA,ethA_p.Leu62Arg,p.Leu62Arg,missense_variant,3) Uncertain significance,L62R,0.6666666666666666
Ethionamide,ethA,ethA_p.Leu62Gln,p.Leu62Gln,missense_variant,3) Uncertain significance,L62Q,0.0
Ethionamide,ethA,ethA_p.Leu62Ile,p.Leu62Ile,missense_variant,3) Uncertain significance,L62I,0.0
Ethionamide,ethA,ethA_p.Leu62Pro,p.Leu62Pro,missense_variant,3) Uncertain significance,L62P,0.6666666666666666
Ethionamide,ethA,ethA_p.Leu82Arg,p.Leu82Arg,missense_variant,3) Uncertain significance,L82R,0.0
Ethionamide,ethA,ethA_p.Leu82Pro,p.Leu82Pro,missense_variant,3) Uncertain significance,L82P,1.0
Ethionamide,ethA,ethA_p.Lys200Arg,p.Lys200Arg,missense_variant,3) Uncertain significance,K200R,0.0
Ethionamide,ethA,ethA_p.Lys241Thr,p.Lys241Thr,missense_variant,3) Uncertain significance,K241T,1.0
Ethionamide,ethA,ethA_p.Lys280Thr,p.Lys280Thr,missense_variant,3) Uncertain significance,K280T,1.0
Ethionamide,ethA,ethA_p.Lys370Thr,p.Lys370Thr,missense_variant,3) Uncertain significance,K370T,0.8
Ethionamide,ethA,ethA_p.Lys394Thr,p.Lys394Thr,missense_variant,3) Uncertain significance,K394T,0.0
Ethionamide,ethA,ethA_p.Met204Arg,p.Met204Arg,missense_variant,3) Uncertain significance,M204R,0.0
Ethionamide,ethA,ethA_p.Met204Thr,p.Met204Thr,missense_variant,3) Uncertain significance,M204T,0.25
Ethionamide,ethA,ethA_p.Met204Val,p.Met204Val,missense_variant,3) Uncertain significance,M204V,0.9
Ethionamide,ethA,ethA_p.Met233Ile,p.Met233Ile,missense_variant,3) Uncertain significance,M233I,0.0
Ethionamide,ethA,ethA_p.Met233Val,p.Met233Val,missense_variant,3) Uncertain significance,M233V,0.0
Ethionamide,ethA,ethA_p.Met260Ile,p.Met260Ile,missense_variant,3) Uncertain significance,M260I,0.0
Ethionamide,ethA,ethA_p.Met263Thr,p.Met263Thr,missense_variant,3) Uncertain significance,M263T,0.0
Ethionamide,ethA,ethA_p.Met372Arg,p.Met372Arg,missense_variant,3) Uncertain significance,M372R,0.5
Ethionamide,ethA,ethA_p.Met372Thr,p.Met372Thr,missense_variant,3) Uncertain significance,M372T,0.0
Ethionamide,ethA,ethA_p.Met373Ile,p.Met373Ile,missense_variant,3) Uncertain significance,M373I,0.5
Ethionamide,ethA,ethA_p.Met373Thr,p.Met373Thr,missense_variant,3) Uncertain significance,M373T,0.0
Ethionamide,ethA,ethA_p.Met373Val,p.Met373Val,missense_variant,3) Uncertain significance,M373V,0.0
Ethionamide,ethA,ethA_p.Met380Ile,p.Met380Ile,missense_variant,3) Uncertain significance,M380I,1.0
Ethionamide,ethA,ethA_p.Met409Arg,p.Met409Arg,missense_variant,3) Uncertain significance,M409R,1.0
Ethionamide,ethA,ethA_p.Met409Ile,p.Met409Ile,missense_variant,3) Uncertain significance,M409I,0.0
Ethionamide,ethA,ethA_p.Met409Thr,p.Met409Thr,missense_variant,3) Uncertain significance,M409T,0.2
Ethionamide,ethA,ethA_p.Met41Arg,p.Met41Arg,missense_variant,3) Uncertain significance,M41R,0.75
Ethionamide,ethA,ethA_p.Met41Ile,p.Met41Ile,missense_variant,3) Uncertain significance,M41I,0.0
Ethionamide,ethA,ethA_p.Met59Arg,p.Met59Arg,missense_variant,3) Uncertain significance,M59R,1.0
Ethionamide,ethA,ethA_p.Met59Thr,p.Met59Thr,missense_variant,3) Uncertain significance,M59T,0.0
Ethionamide,ethA,ethA_p.Phe133Ser,p.Phe133Ser,missense_variant,3) Uncertain significance,F133S,1.0
Ethionamide,ethA,ethA_p.Phe151Leu,p.Phe151Leu,missense_variant,3) Uncertain significance,F151L,0.0
Ethionamide,ethA,ethA_p.Phe157Ser,p.Phe157Ser,missense_variant,3) Uncertain significance,F157S,1.0
Ethionamide,ethA,ethA_p.Phe264Leu,p.Phe264Leu,missense_variant,3) Uncertain significance,F264L,0.0
Ethionamide,ethA,ethA_p.Phe264Ser,p.Phe264Ser,missense_variant,3) Uncertain significance,F264S,1.0
Ethionamide,ethA,ethA_p.Phe282Leu,p.Phe282Leu,missense_variant,3) Uncertain significance,F282L,0.0
Ethionamide,ethA,ethA_p.Phe282Ser,p.Phe282Ser,missense_variant,3) Uncertain significance,F282S,0.0
Ethionamide,ethA,ethA_p.Phe282Val,p.Phe282Val,missense_variant,3) Uncertain significance,F282V,0.5789473684210527
Ethionamide,ethA,ethA_p.Phe302Leu,p.Phe302Leu,missense_variant,3) Uncertain significance,F302L,1.0
Ethionamide,ethA,ethA_p.Phe302Ser,p.Phe302Ser,missense_variant,3) Uncertain significance,F302S,0.5
Ethionamide,ethA,ethA_p.Phe302Val,p.Phe302Val,missense_variant,3) Uncertain significance,F302V,0.14285714285714285
Ethionamide,ethA,ethA_p.Phe320Ser,p.Phe320Ser,missense_variant,3) Uncertain significance,F320S,0.0
Ethionamide,ethA,ethA_p.Phe401Val,p.Phe401Val,missense_variant,3) Uncertain significance,F401V,1.0
Ethionamide,ethA,ethA_p.Phe414Leu,p.Phe414Leu,missense_variant,3) Uncertain significance,F414L,0.0
Ethionamide,ethA,ethA_p.Phe431Leu,p.Phe431Leu,missense_variant,3) Uncertain significance,F431L,0.5
Ethionamide,ethA,ethA_p.Phe431Ser,p.Phe431Ser,missense_variant,3) Uncertain significance,F431S,0.0
Ethionamide,ethA,ethA_p.Phe48Ser,p.Phe48Ser,missense_variant,3) Uncertain significance,F48S,1.0
Ethionamide,ethA,ethA_p.Phe48Val,p.Phe48Val,missense_variant,3) Uncertain significance,F48V,1.0
Ethionamide,ethA,ethA_p.Phe64Cys,p.Phe64Cys,missense_variant,3) Uncertain significance,F64C,0.0
Ethionamide,ethA,ethA_p.Phe64Leu,p.Phe64Leu,missense_variant,3) Uncertain significance,F64L,0.0
Ethionamide,ethA,ethA_p.Phe64Ser,p.Phe64Ser,missense_variant,3) Uncertain significance,F64S,0.0
Ethionamide,ethA,ethA_p.Phe66Leu,p.Phe66Leu,missense_variant,3) Uncertain significance,F66L,1.0
Ethionamide,ethA,ethA_p.Pro160Ser,p.Pro160Ser,missense_variant,3) Uncertain significance,P160S,1.0
Ethionamide,ethA,ethA_p.Pro160Thr,p.Pro160Thr,missense_variant,3) Uncertain significance,P160T,0.0
Ethionamide,ethA,ethA_p.Pro164Gln,p.Pro164Gln,missense_variant,3) Uncertain significance,P164Q,1.0
Ethionamide,ethA,ethA_p.Pro164Leu,p.Pro164Leu,missense_variant,3) Uncertain significance,P164L,0.5
Ethionamide,ethA,ethA_p.Pro192Leu,p.Pro192Leu,missense_variant,3) Uncertain significance,P192L,0.5714285714285714
Ethionamide,ethA,ethA_p.Pro192Ser,p.Pro192Ser,missense_variant,3) Uncertain significance,P192S,0.1875
Ethionamide,ethA,ethA_p.Pro192Thr,p.Pro192Thr,missense_variant,3) Uncertain significance,P192T,0.3888888888888889
Ethionamide,ethA,ethA_p.Pro209Ser,p.Pro209Ser,missense_variant,3) Uncertain significance,P209S,1.0
Ethionamide,ethA,ethA_p.Pro230Gln,p.Pro230Gln,missense_variant,3) Uncertain significance,P230Q,1.0
Ethionamide,ethA,ethA_p.Pro230Leu,p.Pro230Leu,missense_variant,3) Uncertain significance,P230L,0.3333333333333333
Ethionamide,ethA,ethA_p.Pro257Ala,p.Pro257Ala,missense_variant,3) Uncertain significance,P257A,0.5
Ethionamide,ethA,ethA_p.Pro257Arg,p.Pro257Arg,missense_variant,3) Uncertain significance,P257R,0.6666666666666666
Ethionamide,ethA,ethA_p.Pro257Gln,p.Pro257Gln,missense_variant,3) Uncertain significance,P257Q,1.0
Ethionamide,ethA,ethA_p.Pro257Leu,p.Pro257Leu,missense_variant,3) Uncertain significance,P257L,1.0
Ethionamide,ethA,ethA_p.Pro257Ser,p.Pro257Ser,missense_variant,3) Uncertain significance,P257S,0.3076923076923077
Ethionamide,ethA,ethA_p.Pro257Thr,p.Pro257Thr,missense_variant,3) Uncertain significance,P257T,1.0
Ethionamide,ethA,ethA_p.Pro273Arg,p.Pro273Arg,missense_variant,3) Uncertain significance,P273R,1.0
Ethionamide,ethA,ethA_p.Pro273Leu,p.Pro273Leu,missense_variant,3) Uncertain significance,P273L,0.8
Ethionamide,ethA,ethA_p.Pro273Ser,p.Pro273Ser,missense_variant,3) Uncertain significance,P273S,0.0
Ethionamide,ethA,ethA_p.Pro288Arg,p.Pro288Arg,missense_variant,3) Uncertain significance,P288R,0.0
Ethionamide,ethA,ethA_p.Pro288Ser,p.Pro288Ser,missense_variant,3) Uncertain significance,P288S,1.0
Ethionamide,ethA,ethA_p.Pro297Ser,p.Pro297Ser,missense_variant,3) Uncertain significance,P297S,1.0
Ethionamide,ethA,ethA_p.Pro334Ala,p.Pro334Ala,missense_variant,3) Uncertain significance,P334A,0.21153846153846154
Ethionamide,ethA,ethA_p.Pro378Leu,p.Pro378Leu,missense_variant,3) Uncertain significance,P378L,0.3617021276595745
Ethionamide,ethA,ethA_p.Pro378Ser,p.Pro378Ser,missense_variant,3) Uncertain significance,P378S,0.0
Ethionamide,ethA,ethA_p.Pro422Leu,p.Pro422Leu,missense_variant,3) Uncertain significance,P422L,1.0
Ethionamide,ethA,ethA_p.Pro436Ala,p.Pro436Ala,missense_variant,3) Uncertain significance,P436A,0.0
Ethionamide,ethA,ethA_p.Pro436Leu,p.Pro436Leu,missense_variant,3) Uncertain significance,P436L,1.0
Ethionamide,ethA,ethA_p.Pro447Leu,p.Pro447Leu,missense_variant,3) Uncertain significance,P447L,0.8333333333333334
Ethionamide,ethA,ethA_p.Pro447Ser,p.Pro447Ser,missense_variant,3) Uncertain significance,P447S,0.16666666666666666
Ethionamide,ethA,ethA_p.Pro447Thr,p.Pro447Thr,missense_variant,3) Uncertain significance,P447T,0.0
Ethionamide,ethA,ethA_p.Pro454Leu,p.Pro454Leu,missense_variant,3) Uncertain significance,P454L,0.4166666666666667
Ethionamide,ethA,ethA_p.Pro454Ser,p.Pro454Ser,missense_variant,3) Uncertain significance,P454S,1.0
Ethionamide,ethA,ethA_p.Pro454Thr,p.Pro454Thr,missense_variant,3) Uncertain significance,P454T,0.0
Ethionamide,ethA,ethA_p.Pro51Arg,p.Pro51Arg,missense_variant,3) Uncertain significance,P51R,0.4
Ethionamide,ethA,ethA_p.Pro51His,p.Pro51His,missense_variant,3) Uncertain significance,P51H,0.375
Ethionamide,ethA,ethA_p.Pro51Leu,p.Pro51Leu,missense_variant,3) Uncertain significance,P51L,0.2
Ethionamide,ethA,ethA_p.Pro51Ser,p.Pro51Ser,missense_variant,3) Uncertain significance,P51S,0.0
Ethionamide,ethA,ethA_p.Pro68Leu,p.Pro68Leu,missense_variant,3) Uncertain significance,P68L,0.0
Ethionamide,ethA,ethA_p.Ser110Pro,p.Ser110Pro,missense_variant,3) Uncertain significance,S110P,0.0
Ethionamide,ethA,ethA_p.Ser110Trp,p.Ser110Trp,missense_variant,3) Uncertain significance,S110W,0.6666666666666666
Ethionamide,ethA,ethA_p.Ser138Arg,p.Ser138Arg,missense_variant,3) Uncertain significance,S138R,0.4
Ethionamide,ethA,ethA_p.Ser138Ile,p.Ser138Ile,missense_variant,3) Uncertain significance,S138I,1.0
Ethionamide,ethA,ethA_p.Ser15Cys,p.Ser15Cys,missense_variant,3) Uncertain significance,S15C,0.0
Ethionamide,ethA,ethA_p.Ser15Phe,p.Ser15Phe,missense_variant,3) Uncertain significance,S15F,1.0
Ethionamide,ethA,ethA_p.Ser15Pro,p.Ser15Pro,missense_variant,3) Uncertain significance,S15P,0.0
Ethionamide,ethA,ethA_p.Ser183Arg,p.Ser183Arg,missense_variant,3) Uncertain significance,S183R,0.6
Ethionamide,ethA,ethA_p.Ser183Gly,p.Ser183Gly,missense_variant,3) Uncertain significance,S183G,0.0
Ethionamide,ethA,ethA_p.Ser18Arg,p.Ser18Arg,missense_variant,3) Uncertain significance,S18R,0.0
Ethionamide,ethA,ethA_p.Ser18Gly,p.Ser18Gly,missense_variant,3) Uncertain significance,S18G,0.0
Ethionamide,ethA,ethA_p.Ser18Thr,p.Ser18Thr,missense_variant,3) Uncertain significance,S18T,1.0
Ethionamide,ethA,ethA_p.Ser197Ala,p.Ser197Ala,missense_variant,3) Uncertain significance,S197A,1.0
Ethionamide,ethA,ethA_p.Ser197Pro,p.Ser197Pro,missense_variant,3) Uncertain significance,S197P,1.0
Ethionamide,ethA,ethA_p.Ser208Leu,p.Ser208Leu,missense_variant,3) Uncertain significance,S208L,0.5
Ethionamide,ethA,ethA_p.Ser208Pro,p.Ser208Pro,missense_variant,3) Uncertain significance,S208P,0.6666666666666666
Ethionamide,ethA,ethA_p.Ser214Pro,p.Ser214Pro,missense_variant,3) Uncertain significance,S214P,1.0
Ethionamide,ethA,ethA_p.Ser251Arg,p.Ser251Arg,missense_variant,3) Uncertain significance,S251R,0.5
Ethionamide,ethA,ethA_p.Ser266Arg,p.Ser266Arg,missense_variant,3) Uncertain significance,S266R,0.32211538461538464
Ethionamide,ethA,ethA_p.Ser329Leu,p.Ser329Leu,missense_variant,3) Uncertain significance,S329L,0.3333333333333333
Ethionamide,ethA,ethA_p.Ser329Pro,p.Ser329Pro,missense_variant,3) Uncertain significance,S329P,0.0
Ethionamide,ethA,ethA_p.Ser375Pro,p.Ser375Pro,missense_variant,3) Uncertain significance,S375P,0.0
Ethionamide,ethA,ethA_p.Ser375Tyr,p.Ser375Tyr,missense_variant,3) Uncertain significance,S375Y,0.45454545454545453
Ethionamide,ethA,ethA_p.Ser390Phe,p.Ser390Phe,missense_variant,2) Assoc w R - Interim,S390F,0.7916666666666666
Ethionamide,ethA,ethA_p.Ser399Leu,p.Ser399Leu,missense_variant,3) Uncertain significance,S399L,0.2
Ethionamide,ethA,ethA_p.Ser399Pro,p.Ser399Pro,missense_variant,3) Uncertain significance,S399P,1.0
Ethionamide,ethA,ethA_p.Ser40Pro,p.Ser40Pro,missense_variant,3) Uncertain significance,S40P,0.0
Ethionamide,ethA,ethA_p.Ser424Leu,p.Ser424Leu,missense_variant,3) Uncertain significance,S424L,0.0
Ethionamide,ethA,ethA_p.Ser55Ala,p.Ser55Ala,missense_variant,3) Uncertain significance,S55A,0.625
Ethionamide,ethA,ethA_p.Ser55Cys,p.Ser55Cys,missense_variant,3) Uncertain significance,S55C,0.3333333333333333
Ethionamide,ethA,ethA_p.Ser55Pro,p.Ser55Pro,missense_variant,3) Uncertain significance,S55P,0.8
Ethionamide,ethA,ethA_p.Ser57Phe,p.Ser57Phe,missense_variant,3) Uncertain significance,S57F,1.0
Ethionamide,ethA,ethA_p.Ser57Pro,p.Ser57Pro,missense_variant,3) Uncertain significance,S57P,1.0
Ethionamide,ethA,ethA_p.Ser57Tyr,p.Ser57Tyr,missense_variant,2) Assoc w R - Interim,S57Y,0.9166666666666666
Ethionamide,ethA,ethA_p.Thr117Pro,p.Thr117Pro,missense_variant,3) Uncertain significance,T117P,0.25
Ethionamide,ethA,ethA_p.Thr125Met,p.Thr125Met,missense_variant,3) Uncertain significance,T125M,0.0
Ethionamide,ethA,ethA_p.Thr186Met,p.Thr186Met,missense_variant,3) Uncertain significance,T186M,1.0
Ethionamide,ethA,ethA_p.Thr186Pro,p.Thr186Pro,missense_variant,3) Uncertain significance,T186P,1.0
Ethionamide,ethA,ethA_p.Thr189Lys,p.Thr189Lys,missense_variant,3) Uncertain significance,T189K,0.5
Ethionamide,ethA,ethA_p.Thr189Met,p.Thr189Met,missense_variant,3) Uncertain significance,T189M,1.0
Ethionamide,ethA,ethA_p.Thr203Pro,p.Thr203Pro,missense_variant,3) Uncertain significance,T203P,1.0
Ethionamide,ethA,ethA_p.Thr210Asn,p.Thr210Asn,missense_variant,3) Uncertain significance,T210N,0.0
Ethionamide,ethA,ethA_p.Thr232Ala,p.Thr232Ala,missense_variant,3) Uncertain significance,T232A,0.0
Ethionamide,ethA,ethA_p.Thr2Ala,p.Thr2Ala,missense_variant,3) Uncertain significance,T2A,0.5
Ethionamide,ethA,ethA_p.Thr314Ala,p.Thr314Ala,missense_variant,3) Uncertain significance,T314A,0.875
Ethionamide,ethA,ethA_p.Thr314Ile,p.Thr314Ile,missense_variant,3) Uncertain significance,T314I,0.33884297520661155
Ethionamide,ethA,ethA_p.Thr321Pro,p.Thr321Pro,missense_variant,3) Uncertain significance,T321P,0.9605263157894737
Ethionamide,ethA,ethA_p.Thr342Ala,p.Thr342Ala,missense_variant,3) Uncertain significance,T342A,0.8
Ethionamide,ethA,ethA_p.Thr342Lys,p.Thr342Lys,missense_variant,3) Uncertain significance,T342K,1.0
Ethionamide,ethA,ethA_p.Thr342Met,p.Thr342Met,missense_variant,3) Uncertain significance,T342M,0.0
Ethionamide,ethA,ethA_p.Thr353Met,p.Thr353Met,missense_variant,3) Uncertain significance,T353M,0.0
Ethionamide,ethA,ethA_p.Thr355Pro,p.Thr355Pro,missense_variant,3) Uncertain significance,T355P,0.3333333333333333
Ethionamide,ethA,ethA_p.Thr365Met,p.Thr365Met,missense_variant,3) Uncertain significance,T365M,0.0
Ethionamide,ethA,ethA_p.Thr366Pro,p.Thr366Pro,missense_variant,3) Uncertain significance,T366P,1.0
Ethionamide,ethA,ethA_p.Thr383Lys,p.Thr383Lys,missense_variant,3) Uncertain significance,T383K,1.0
Ethionamide,ethA,ethA_p.Thr383Pro,p.Thr383Pro,missense_variant,3) Uncertain significance,T383P,0.6666666666666666
Ethionamide,ethA,ethA_p.Thr392Ala,p.Thr392Ala,missense_variant,3) Uncertain significance,T392A,0.0
Ethionamide,ethA,ethA_p.Thr392Arg,p.Thr392Arg,missense_variant,3) Uncertain significance,T392R,0.6666666666666666
Ethionamide,ethA,ethA_p.Thr392Lys,p.Thr392Lys,missense_variant,3) Uncertain significance,T392K,1.0
Ethionamide,ethA,ethA_p.Thr392Met,p.Thr392Met,missense_variant,3) Uncertain significance,T392M,0.0
Ethionamide,ethA,ethA_p.Thr392Pro,p.Thr392Pro,missense_variant,3) Uncertain significance,T392P,1.0
Ethionamide,ethA,ethA_p.Thr435Ile,p.Thr435Ile,missense_variant,3) Uncertain significance,T435I,1.0
Ethionamide,ethA,ethA_p.Thr44Ala,p.Thr44Ala,missense_variant,3) Uncertain significance,T44A,0.8888888888888888
Ethionamide,ethA,ethA_p.Thr44Ile,p.Thr44Ile,missense_variant,3) Uncertain significance,T44I,1.0
Ethionamide,ethA,ethA_p.Thr44Pro,p.Thr44Pro,missense_variant,3) Uncertain significance,T44P,0.5
Ethionamide,ethA,ethA_p.Thr453Arg,p.Thr453Arg,missense_variant,3) Uncertain significance,T453R,0.0
Ethionamide,ethA,ethA_p.Thr453Ile,p.Thr453Ile,missense_variant,3) Uncertain significance,T453I,0.2289156626506024
Ethionamide,ethA,ethA_p.Thr453Ser,p.Thr453Ser,missense_variant,3) Uncertain significance,T453S,0.0
Ethionamide,ethA,ethA_p.Thr61Ala,p.Thr61Ala,missense_variant,3) Uncertain significance,T61A,0.6666666666666666
Ethionamide,ethA,ethA_p.Thr61Arg,p.Thr61Arg,missense_variant,3) Uncertain significance,T61R,0.5555555555555556
Ethionamide,ethA,ethA_p.Thr61Lys,p.Thr61Lys,missense_variant,3) Uncertain significance,T61K,1.0
Ethionamide,ethA,ethA_p.Thr61Met,p.Thr61Met,missense_variant,3) Uncertain significance,T61M,0.47368421052631576
Ethionamide,ethA,ethA_p.Thr70Ser,p.Thr70Ser,missense_variant,3) Uncertain significance,T70S,0.0
Ethionamide,ethA,ethA_p.Thr88Ile,p.Thr88Ile,missense_variant,2) Assoc w R - Interim,T88I,0.9
Ethionamide,ethA,ethA_p.Thr88Pro,p.Thr88Pro,missense_variant,3) Uncertain significance,T88P,1.0
Ethionamide,ethA,ethA_p.Trp109Cys,p.Trp109Cys,missense_variant,3) Uncertain significance,W109C,0.5
Ethionamide,ethA,ethA_p.Trp116Cys,p.Trp116Cys,missense_variant,3) Uncertain significance,W116C,0.0
Ethionamide,ethA,ethA_p.Trp116Ser,p.Trp116Ser,missense_variant,3) Uncertain significance,W116S,0.0
Ethionamide,ethA,ethA_p.Trp167Arg,p.Trp167Arg,missense_variant,3) Uncertain significance,W167R,0.75
Ethionamide,ethA,ethA_p.Trp167Cys,p.Trp167Cys,missense_variant,3) Uncertain significance,W167C,0.0
Ethionamide,ethA,ethA_p.Trp167Gly,p.Trp167Gly,missense_variant,3) Uncertain significance,W167G,1.0
Ethionamide,ethA,ethA_p.Trp167Ser,p.Trp167Ser,missense_variant,3) Uncertain significance,W167S,1.0
Ethionamide,ethA,ethA_p.Trp21Arg,p.Trp21Arg,missense_variant,3) Uncertain significance,W21R,0.3333333333333333
Ethionamide,ethA,ethA_p.Trp21Gly,p.Trp21Gly,missense_variant,3) Uncertain significance,W21G,1.0
Ethionamide,ethA,ethA_p.Trp21Leu,p.Trp21Leu,missense_variant,3) Uncertain significance,W21L,1.0
Ethionamide,ethA,ethA_p.Trp240Arg,p.Trp240Arg,missense_variant,3) Uncertain significance,W240R,0.5
Ethionamide,ethA,ethA_p.Trp256Gly,p.Trp256Gly,missense_variant,3) Uncertain significance,W256G,0.0
Ethionamide,ethA,ethA_p.Trp289Arg,p.Trp289Arg,missense_variant,3) Uncertain significance,W289R,0.5
Ethionamide,ethA,ethA_p.Trp391Arg,p.Trp391Arg,missense_variant,3) Uncertain significance,W391R,0.0
Ethionamide,ethA,ethA_p.Trp391Cys,p.Trp391Cys,missense_variant,3) Uncertain significance,W391C,1.0
Ethionamide,ethA,ethA_p.Trp455Arg,p.Trp455Arg,missense_variant,3) Uncertain significance,W455R,0.3333333333333333
Ethionamide,ethA,ethA_p.Trp45Gly,p.Trp45Gly,missense_variant,3) Uncertain significance,W45G,0.0
Ethionamide,ethA,ethA_p.Trp45Leu,p.Trp45Leu,missense_variant,3) Uncertain significance,W45L,1.0
Ethionamide,ethA,ethA_p.Trp69Arg,p.Trp69Arg,missense_variant,3) Uncertain significance,W69R,0.3333333333333333
Ethionamide,ethA,ethA_p.Trp69Leu,p.Trp69Leu,missense_variant,3) Uncertain significance,W69L,0.0
Ethionamide,ethA,ethA_p.Trp69Ser,p.Trp69Ser,missense_variant,3) Uncertain significance,W69S,0.0
Ethionamide,ethA,ethA_p.Tyr141Asn,p.Tyr141Asn,missense_variant,3) Uncertain significance,Y141N,0.0
Ethionamide,ethA,ethA_p.Tyr141Cys,p.Tyr141Cys,missense_variant,3) Uncertain significance,Y141C,0.0
Ethionamide,ethA,ethA_p.Tyr147Cys,p.Tyr147Cys,missense_variant,3) Uncertain significance,Y147C,0.0
Ethionamide,ethA,ethA_p.Tyr147Ser,p.Tyr147Ser,missense_variant,3) Uncertain significance,Y147S,0.6666666666666666
Ethionamide,ethA,ethA_p.Tyr211Asp,p.Tyr211Asp,missense_variant,3) Uncertain significance,Y211D,0.0
Ethionamide,ethA,ethA_p.Tyr211Cys,p.Tyr211Cys,missense_variant,3) Uncertain significance,Y211C,0.5454545454545454
Ethionamide,ethA,ethA_p.Tyr211His,p.Tyr211His,missense_variant,3) Uncertain significance,Y211H,0.6666666666666666
Ethionamide,ethA,ethA_p.Tyr211Ser,p.Tyr211Ser,missense_variant,3) Uncertain significance,Y211S,0.9333333333333333
Ethionamide,ethA,ethA_p.Tyr235Asp,p.Tyr235Asp,missense_variant,3) Uncertain significance,Y235D,0.5
Ethionamide,ethA,ethA_p.Tyr235His,p.Tyr235His,missense_variant,3) Uncertain significance,Y235H,1.0
Ethionamide,ethA,ethA_p.Tyr250Asn,p.Tyr250Asn,missense_variant,3) Uncertain significance,Y250N,0.0
Ethionamide,ethA,ethA_p.Tyr276Asp,p.Tyr276Asp,missense_variant,3) Uncertain significance,Y276D,1.0
Ethionamide,ethA,ethA_p.Tyr276His,p.Tyr276His,missense_variant,3) Uncertain significance,Y276H,0.6666666666666666
Ethionamide,ethA,ethA_p.Tyr286Cys,p.Tyr286Cys,missense_variant,3) Uncertain significance,Y286C,1.0
Ethionamide,ethA,ethA_p.Tyr32Asp,p.Tyr32Asp,missense_variant,3) Uncertain significance,Y32D,0.5172413793103449
Ethionamide,ethA,ethA_p.Tyr369Asp,p.Tyr369Asp,missense_variant,3) Uncertain significance,Y369D,1.0
Ethionamide,ethA,ethA_p.Tyr369Cys,p.Tyr369Cys,missense_variant,3) Uncertain significance,Y369C,1.0
Ethionamide,ethA,ethA_p.Tyr382Asn,p.Tyr382Asn,missense_variant,3) Uncertain significance,Y382N,1.0
Ethionamide,ethA,ethA_p.Tyr382His,p.Tyr382His,missense_variant,3) Uncertain significance,Y382H,1.0
Ethionamide,ethA,ethA_p.Tyr386Cys,p.Tyr386Cys,missense_variant,3) Uncertain significance,Y386C,0.0
Ethionamide,ethA,ethA_p.Tyr386Ser,p.Tyr386Ser,missense_variant,3) Uncertain significance,Y386S,0.0
Ethionamide,ethA,ethA_p.Tyr461Asp,p.Tyr461Asp,missense_variant,3) Uncertain significance,Y461D,0.0
Ethionamide,ethA,ethA_p.Tyr461Cys,p.Tyr461Cys,missense_variant,3) Uncertain significance,Y461C,0.3333333333333333
Ethionamide,ethA,ethA_p.Tyr50Asn,p.Tyr50Asn,missense_variant,3) Uncertain significance,Y50N,1.0
Ethionamide,ethA,ethA_p.Tyr50Asp,p.Tyr50Asp,missense_variant,3) Uncertain significance,Y50D,0.8
Ethionamide,ethA,ethA_p.Tyr50Cys,p.Tyr50Cys,missense_variant,3) Uncertain significance,Y50C,0.46153846153846156
Ethionamide,ethA,ethA_p.Tyr50His,p.Tyr50His,missense_variant,3) Uncertain significance,Y50H,0.0
Ethionamide,ethA,ethA_p.Tyr60Asn,p.Tyr60Asn,missense_variant,3) Uncertain significance,Y60N,0.0
Ethionamide,ethA,ethA_p.Tyr60Asp,p.Tyr60Asp,missense_variant,3) Uncertain significance,Y60D,0.6666666666666666
Ethionamide,ethA,ethA_p.Tyr60Cys,p.Tyr60Cys,missense_variant,3) Uncertain significance,Y60C,1.0
Ethionamide,ethA,ethA_p.Tyr60Ser,p.Tyr60Ser,missense_variant,3) Uncertain significance,Y60S,0.0
Ethionamide,ethA,ethA_p.Tyr84Asp,p.Tyr84Asp,missense_variant,3) Uncertain significance,Y84D,1.0
Ethionamide,ethA,ethA_p.Tyr84Cys,p.Tyr84Cys,missense_variant,3) Uncertain significance,Y84C,1.0
Ethionamide,ethA,ethA_p.Tyr84Ser,p.Tyr84Ser,missense_variant,3) Uncertain significance,Y84S,1.0
Ethionamide,ethA,ethA_p.Tyr92Cys,p.Tyr92Cys,missense_variant,3) Uncertain significance,Y92C,0.0
Ethionamide,ethA,ethA_p.Tyr92His,p.Tyr92His,missense_variant,3) Uncertain significance,Y92H,0.0
Ethionamide,ethA,ethA_p.Val10Gly,p.Val10Gly,missense_variant,3) Uncertain significance,V10G,0.3333333333333333
Ethionamide,ethA,ethA_p.Val118Gly,p.Val118Gly,missense_variant,3) Uncertain significance,V118G,0.5
Ethionamide,ethA,ethA_p.Val118Phe,p.Val118Phe,missense_variant,3) Uncertain significance,V118F,1.0
Ethionamide,ethA,ethA_p.Val179Gly,p.Val179Gly,missense_variant,3) Uncertain significance,V179G,0.0
Ethionamide,ethA,ethA_p.Val17Ala,p.Val17Ala,missense_variant,3) Uncertain significance,V17A,0.7272727272727273
Ethionamide,ethA,ethA_p.Val180Met,p.Val180Met,missense_variant,3) Uncertain significance,V180M,1.0
Ethionamide,ethA,ethA_p.Val188Gly,p.Val188Gly,missense_variant,3) Uncertain significance,V188G,1.0
Ethionamide,ethA,ethA_p.Val188Ile,p.Val188Ile,missense_variant,3) Uncertain significance,V188I,0.2727272727272727
Ethionamide,ethA,ethA_p.Val191Met,p.Val191Met,missense_variant,3) Uncertain significance,V191M,1.0
Ethionamide,ethA,ethA_p.Val202Gly,p.Val202Gly,missense_variant,2) Assoc w R - Interim,V202G,0.875
Ethionamide,ethA,ethA_p.Val213Gly,p.Val213Gly,missense_variant,3) Uncertain significance,V213G,0.0
Ethionamide,ethA,ethA_p.Val238Gly,p.Val238Gly,missense_variant,3) Uncertain significance,V238G,0.16666666666666666
Ethionamide,ethA,ethA_p.Val238Ile,p.Val238Ile,missense_variant,3) Uncertain significance,V238I,0.0
Ethionamide,ethA,ethA_p.Val249Ala,p.Val249Ala,missense_variant,3) Uncertain significance,V249A,0.0
Ethionamide,ethA,ethA_p.Val296Met,p.Val296Met,missense_variant,3) Uncertain significance,V296M,1.0
Ethionamide,ethA,ethA_p.Val310Ile,p.Val310Ile,missense_variant,3) Uncertain significance,V310I,0.0
Ethionamide,ethA,ethA_p.Val384Ala,p.Val384Ala,missense_variant,3) Uncertain significance,V384A,0.0
Ethionamide,ethA,ethA_p.Val384Gly,p.Val384Gly,missense_variant,3) Uncertain significance,V384G,0.6666666666666666
Ethionamide,ethA,ethA_p.Val398Leu,p.Val398Leu,missense_variant,3) Uncertain significance,V398L,0.0
Ethionamide,ethA,ethA_p.Val402Phe,p.Val402Phe,missense_variant,3) Uncertain significance,V402F,0.8
Ethionamide,ethA,ethA_p.Val417Glu,p.Val417Glu,missense_variant,3) Uncertain significance,V417E,1.0
Ethionamide,ethA,ethA_p.Val419Ile,p.Val419Ile,missense_variant,3) Uncertain significance,V419I,0.0
Ethionamide,ethA,ethA_p.Val426Phe,p.Val426Phe,missense_variant,3) Uncertain significance,V426F,0.0
Ethionamide,ethA,ethA_p.Val489Phe,p.Val489Phe,missense_variant,3) Uncertain significance,V489F,0.0
Ethionamide,ethA,ethA_p.Val7Ala,p.Val7Ala,missense_variant,3) Uncertain significance,V7A,0.0
Ethionamide,ethA,ethA_p.Val7Gly,p.Val7Gly,missense_variant,3) Uncertain significance,V7G,0.5
Ethionamide,ethA,ethA_p.Val85Gly,p.Val85Gly,missense_variant,3) Uncertain significance,V85G,0.0
Ethionamide,inhA,inhA_p.Ala114Thr,p.Ala114Thr,missense_variant,3) Uncertain significance,A114T,0.5
Ethionamide,inhA,inhA_p.Ala124Val,p.Ala124Val,missense_variant,3) Uncertain significance,A124V,1.0
Ethionamide,inhA,inhA_p.Ala133Thr,p.Ala133Thr,missense_variant,3) Uncertain significance,A133T,0.0
Ethionamide,inhA,inhA_p.Ala190Ser,p.Ala190Ser,missense_variant,3) Uncertain significance,A190S,0.0
Ethionamide,inhA,inhA_p.Ala201Thr,p.Ala201Thr,missense_variant,3) Uncertain significance,A201T,0.0
Ethionamide,inhA,inhA_p.Ala22Ser,p.Ala22Ser,missense_variant,3) Uncertain significance,A22S,0.0
Ethionamide,inhA,inhA_p.Ala235Thr,p.Ala235Thr,missense_variant,3) Uncertain significance,A235T,0.0
Ethionamide,inhA,inhA_p.Ala235Val,p.Ala235Val,missense_variant,3) Uncertain significance,A235V,0.0
Ethionamide,inhA,inhA_p.Ala239Thr,p.Ala239Thr,missense_variant,3) Uncertain significance,A239T,1.0
Ethionamide,inhA,inhA_p.Ala239Val,p.Ala239Val,missense_variant,3) Uncertain significance,A239V,1.0
Ethionamide,inhA,inhA_p.Ala84Thr,p.Ala84Thr,missense_variant,3) Uncertain significance,A84T,0.0
Ethionamide,inhA,inhA_p.Arg27Trp,p.Arg27Trp,missense_variant,3) Uncertain significance,R27W,0.0
Ethionamide,inhA,inhA_p.Asn231Asp,p.Asn231Asp,missense_variant,3) Uncertain significance,N231D,1.0
Ethionamide,inhA,inhA_p.Asn231Lys,p.Asn231Lys,missense_variant,3) Uncertain significance,N231K,0.0
Ethionamide,inhA,inhA_p.Asp248Asn,p.Asp248Asn,missense_variant,3) Uncertain significance,D248N,0.0
Ethionamide,inhA,inhA_p.Asp52Gly,p.Asp52Gly,missense_variant,3) Uncertain significance,D52G,0.0
Ethionamide,inhA,inhA_p.Asp89Asn,p.Asp89Asn,missense_variant,3) Uncertain significance,D89N,0.0
Ethionamide,inhA,inhA_p.Gln35Arg,p.Gln35Arg,missense_variant,3) Uncertain significance,Q35R,0.0
Ethionamide,inhA,inhA_p.Glu209Gly,p.Glu209Gly,missense_variant,3) Uncertain significance,E209G,0.0
Ethionamide,inhA,inhA_p.Glu80Ala,p.Glu80Ala,missense_variant,3) Uncertain significance,E80A,0.0
Ethionamide,inhA,inhA_p.Gly212Ser,p.Gly212Ser,missense_variant,3) Uncertain significance,G212S,0.0
Ethionamide,inhA,inhA_p.Gly221Ser,p.Gly221Ser,missense_variant,3) Uncertain significance,G221S,0.0
Ethionamide,inhA,inhA_p.Gly40Trp,p.Gly40Trp,missense_variant,3) Uncertain significance,G40W,0.5
Ethionamide,inhA,inhA_p.Gly76Asp,p.Gly76Asp,missense_variant,3) Uncertain significance,G76D,0.0
Ethionamide,inhA,inhA_p.Gly76Ser,p.Gly76Ser,missense_variant,3) Uncertain significance,G76S,0.0
Ethionamide,inhA,inhA_p.Gly83Arg,p.Gly83Arg,missense_variant,3) Uncertain significance,G83R,0.0
Ethionamide,inhA,inhA_p.Ile16Thr,p.Ile16Thr,missense_variant,3) Uncertain significance,I16T,0.6666666666666666
Ethionamide,inhA,inhA_p.Ile194Thr,p.Ile194Thr,missense_variant,3) Uncertain significance,I194T,0.9534883720930233
Ethionamide,inhA,inhA_p.Ile21Met,p.Ile21Met,missense_variant,3) Uncertain significance,I21M,0.0
Ethionamide,inhA,inhA_p.Ile21Thr,p.Ile21Thr,missense_variant,3) Uncertain significance,I21T,0.873015873015873
Ethionamide,inhA,inhA_p.Ile21Val,p.Ile21Val,missense_variant,3) Uncertain significance,I21V,0.8108108108108109
Ethionamide,inhA,inhA_p.Ile228Val,p.Ile228Val,missense_variant,3) Uncertain significance,I228V,0.0
Ethionamide,inhA,inhA_p.Ile95Leu,p.Ile95Leu,missense_variant,3) Uncertain significance,I95L,0.5
Ethionamide,inhA,inhA_p.Ile95Val,p.Ile95Val,missense_variant,3) Uncertain significance,I95V,1.0
Ethionamide,inhA,inhA_p.Lys233Thr,p.Lys233Thr,missense_variant,3) Uncertain significance,K233T,1.0
Ethionamide,inhA,inhA_p.Met130Val,p.Met130Val,missense_variant,3) Uncertain significance,M130V,0.0
Ethionamide,inhA,inhA_p.Met161Val,p.Met161Val,missense_variant,3) Uncertain significance,M161V,1.0
Ethionamide,inhA,inhA_p.Phe41Ser,p.Phe41Ser,missense_variant,3) Uncertain significance,F41S,1.0
Ethionamide,inhA,inhA_p.Pro107Ser,p.Pro107Ser,missense_variant,3) Uncertain significance,P107S,1.0
Ethionamide,inhA,inhA_p.Ser94Ala,p.Ser94Ala,missense_variant,2) Assoc w R - Interim,S94A,0.8309859154929577
Ethionamide,inhA,inhA_p.Thr162Met,p.Thr162Met,missense_variant,3) Uncertain significance,T162M,0.5
Ethionamide,inhA,inhA_p.Thr162Ser,p.Thr162Ser,missense_variant,3) Uncertain significance,T162S,0.1111111111111111
Ethionamide,inhA,inhA_p.Thr236Met,p.Thr236Met,missense_variant,3) Uncertain significance,T236M,0.5
Ethionamide,inhA,inhA_p.Thr2Pro,p.Thr2Pro,missense_variant,3) Uncertain significance,T2P,0.0
Ethionamide,inhA,inhA_p.Thr51Ala,p.Thr51Ala,missense_variant,3) Uncertain significance,T51A,1.0
Ethionamide,inhA,inhA_p.Tyr182His,p.Tyr182His,missense_variant,3) Uncertain significance,Y182H,0.0
Ethionamide,inhA,inhA_p.Val171Ile,p.Val171Ile,missense_variant,3) Uncertain significance,V171I,0.0
Ethionamide,inhA,inhA_p.Val203Ala,p.Val203Ala,missense_variant,3) Uncertain significance,V203A,0.0
Ethionamide,inhA,inhA_p.Val78Ala,p.Val78Ala,missense_variant,3) Uncertain significance,V78A,0.0
Ethionamide,inhA,inhA_p.Val91Ala,p.Val91Ala,missense_variant,3) Uncertain significance,V91A,0.0
Ethionamide,inhA,inhA_p.Val92Met,p.Val92Met,missense_variant,3) Uncertain significance,V92M,1.0
Isoniazid,inhA,inhA_p.Ala114Gly,p.Ala114Gly,missense_variant,3) Uncertain significance,A114G,0.0
Isoniazid,inhA,inhA_p.Ala114Thr,p.Ala114Thr,missense_variant,3) Uncertain significance,A114T,1.0
Isoniazid,inhA,inhA_p.Ala124Val,p.Ala124Val,missense_variant,3) Uncertain significance,A124V,1.0
Isoniazid,inhA,inhA_p.Ala133Thr,p.Ala133Thr,missense_variant,3) Uncertain significance,A133T,0.6666666666666666
Isoniazid,inhA,inhA_p.Ala190Ser,p.Ala190Ser,missense_variant,3) Uncertain significance,A190S,0.5714285714285714
Isoniazid,inhA,inhA_p.Ala191Thr,p.Ala191Thr,missense_variant,3) Uncertain significance,A191T,1.0
Isoniazid,inhA,inhA_p.Ala201Thr,p.Ala201Thr,missense_variant,3) Uncertain significance,A201T,1.0
Isoniazid,inhA,inhA_p.Ala213Val,p.Ala213Val,missense_variant,3) Uncertain significance,A213V,0.0
Isoniazid,inhA,inhA_p.Ala22Ser,p.Ala22Ser,missense_variant,3) Uncertain significance,A22S,0.6666666666666666
Isoniazid,inhA,inhA_p.Ala235Thr,p.Ala235Thr,missense_variant,3) Uncertain significance,A235T,1.0
Isoniazid,inhA,inhA_p.Ala235Val,p.Ala235Val,missense_variant,3) Uncertain significance,A235V,0.0
Isoniazid,inhA,inhA_p.Ala239Thr,p.Ala239Thr,missense_variant,3) Uncertain significance,A239T,1.0
Isoniazid,inhA,inhA_p.Ala239Val,p.Ala239Val,missense_variant,3) Uncertain significance,A239V,1.0
Isoniazid,inhA,inhA_p.Ala252Thr,p.Ala252Thr,missense_variant,3) Uncertain significance,A252T,0.0
Isoniazid,inhA,inhA_p.Ala252Val,p.Ala252Val,missense_variant,3) Uncertain significance,A252V,0.5
Isoniazid,inhA,inhA_p.Ala26Thr,p.Ala26Thr,missense_variant,3) Uncertain significance,A26T,1.0
Isoniazid,inhA,inhA_p.Ala58Val,p.Ala58Val,missense_variant,3) Uncertain significance,A58V,0.0
Isoniazid,inhA,inhA_p.Arg27Trp,p.Arg27Trp,missense_variant,3) Uncertain significance,R27W,1.0
Isoniazid,inhA,inhA_p.Asn139Ser,p.Asn139Ser,missense_variant,3) Uncertain significance,N139S,0.0
Isoniazid,inhA,inhA_p.Asn139Tyr,p.Asn139Tyr,missense_variant,3) Uncertain significance,N139Y,0.0
Isoniazid,inhA,inhA_p.Asn231Asp,p.Asn231Asp,missense_variant,3) Uncertain significance,N231D,1.0
Isoniazid,inhA,inhA_p.Asn231Lys,p.Asn231Lys,missense_variant,3) Uncertain significance,N231K,0.0
Isoniazid,inhA,inhA_p.Asp248Asn,p.Asp248Asn,missense_variant,3) Uncertain significance,D248N,0.0
Isoniazid,inhA,inhA_p.Asp42Ala,p.Asp42Ala,missense_variant,3) Uncertain significance,D42A,0.0
Isoniazid,inhA,inhA_p.Asp52Gly,p.Asp52Gly,missense_variant,3) Uncertain significance,D52G,0.0
Isoniazid,inhA,inhA_p.Asp89Asn,p.Asp89Asn,missense_variant,3) Uncertain significance,D89N,0.0
Isoniazid,inhA,inhA_p.Gln100His,p.Gln100His,missense_variant,3) Uncertain significance,Q100H,0.0
Isoniazid,inhA,inhA_p.Gln214Arg,p.Gln214Arg,missense_variant,3) Uncertain significance,Q214R,0.0
Isoniazid,inhA,inhA_p.Gln216Arg,p.Gln216Arg,missense_variant,3) Uncertain significance,Q216R,0.0
Isoniazid,inhA,inhA_p.Gln35Arg,p.Gln35Arg,missense_variant,3) Uncertain significance,Q35R,0.15789473684210525
Isoniazid,inhA,inhA_p.Glu209Gly,p.Glu209Gly,missense_variant,3) Uncertain significance,E209G,1.0
Isoniazid,inhA,inhA_p.Glu219Ala,p.Glu219Ala,missense_variant,3) Uncertain significance,E219A,0.0
Isoniazid,inhA,inhA_p.Glu31Lys,p.Glu31Lys,missense_variant,3) Uncertain significance,E31K,0.0
Isoniazid,inhA,inhA_p.Glu80Ala,p.Glu80Ala,missense_variant,3) Uncertain significance,E80A,0.0
Isoniazid,inhA,inhA_p.Gly141Arg,p.Gly141Arg,missense_variant,3) Uncertain significance,G141R,0.0
Isoniazid,inhA,inhA_p.Gly142Ser,p.Gly142Ser,missense_variant,3) Uncertain significance,G142S,0.0
Isoniazid,inhA,inhA_p.Gly183Arg,p.Gly183Arg,missense_variant,3) Uncertain significance,G183R,0.0
Isoniazid,inhA,inhA_p.Gly183Asp,p.Gly183Asp,missense_variant,3) Uncertain significance,G183D,0.0
Isoniazid,inhA,inhA_p.Gly183Ser,p.Gly183Ser,missense_variant,3) Uncertain significance,G183S,0.6666666666666666
Isoniazid,inhA,inhA_p.Gly212Ser,p.Gly212Ser,missense_variant,3) Uncertain significance,G212S,0.0
Isoniazid,inhA,inhA_p.Gly221Ser,p.Gly221Ser,missense_variant,3) Uncertain significance,G221S,0.0
Isoniazid,inhA,inhA_p.Gly33Asp,p.Gly33Asp,missense_variant,3) Uncertain significance,G33D,0.0
Isoniazid,inhA,inhA_p.Gly33Ser,p.Gly33Ser,missense_variant,3) Uncertain significance,G33S,1.0
Isoniazid,inhA,inhA_p.Gly40Trp,p.Gly40Trp,missense_variant,3) Uncertain significance,G40W,1.0
Isoniazid,inhA,inhA_p.Gly76Asp,p.Gly76Asp,missense_variant,3) Uncertain significance,G76D,0.0
Isoniazid,inhA,inhA_p.Gly76Ser,p.Gly76Ser,missense_variant,3) Uncertain significance,G76S,0.0
Isoniazid,inhA,inhA_p.Gly83Arg,p.Gly83Arg,missense_variant,3) Uncertain significance,G83R,0.14285714285714285
Isoniazid,inhA,inhA_p.His24Gln,p.His24Gln,missense_variant,3) Uncertain significance,H24Q,1.0
Isoniazid,inhA,inhA_p.His70Asp,p.His70Asp,missense_variant,3) Uncertain significance,H70D,0.0
Isoniazid,inhA,inhA_p.Ile15Leu,p.Ile15Leu,missense_variant,3) Uncertain significance,I15L,1.0
Isoniazid,inhA,inhA_p.Ile16Thr,p.Ile16Thr,missense_variant,3) Uncertain significance,I16T,0.6666666666666666
Isoniazid,inhA,inhA_p.Ile16Val,p.Ile16Val,missense_variant,3) Uncertain significance,I16V,1.0
Isoniazid,inhA,inhA_p.Ile194Thr,p.Ile194Thr,missense_variant,3) Uncertain significance,I194T,0.9836065573770492
Isoniazid,inhA,inhA_p.Ile21Met,p.Ile21Met,missense_variant,3) Uncertain significance,I21M,1.0
Isoniazid,inhA,inhA_p.Ile21Thr,p.Ile21Thr,missense_variant,3) Uncertain significance,I21T,0.9820359281437125
Isoniazid,inhA,inhA_p.Ile21Val,p.Ile21Val,missense_variant,3) Uncertain significance,I21V,0.803030303030303
Isoniazid,inhA,inhA_p.Ile228Val,p.Ile228Val,missense_variant,3) Uncertain significance,I228V,0.14634146341463414
Isoniazid,inhA,inhA_p.Ile50Val,p.Ile50Val,missense_variant,3) Uncertain significance,I50V,1.0
Isoniazid,inhA,inhA_p.Ile95Leu,p.Ile95Leu,missense_variant,3) Uncertain significance,I95L,1.0
Isoniazid,inhA,inhA_p.Ile95Val,p.Ile95Val,missense_variant,3) Uncertain significance,I95V,1.0
Isoniazid,inhA,inhA_p.Leu268Phe,p.Leu268Phe,missense_variant,3) Uncertain significance,L268F,0.0
Isoniazid,inhA,inhA_p.Leu61Val,p.Leu61Val,missense_variant,3) Uncertain significance,L61V,1.0
Isoniazid,inhA,inhA_p.Lys118Glu,p.Lys118Glu,missense_variant,3) Uncertain significance,K118E,0.0
Isoniazid,inhA,inhA_p.Lys233Thr,p.Lys233Thr,missense_variant,3) Uncertain significance,K233T,1.0
Isoniazid,inhA,inhA_p.Met103Val,p.Met103Val,missense_variant,3) Uncertain significance,M103V,0.5
Isoniazid,inhA,inhA_p.Met130Val,p.Met130Val,missense_variant,3) Uncertain significance,M130V,1.0
Isoniazid,inhA,inhA_p.Met155Ile,p.Met155Ile,missense_variant,3) Uncertain significance,M155I,0.0
Isoniazid,inhA,inhA_p.Met155Leu,p.Met155Leu,missense_variant,3) Uncertain significance,M155L,1.0
Isoniazid,inhA,inhA_p.Phe41Ser,p.Phe41Ser,missense_variant,3) Uncertain significance,F41S,1.0
Isoniazid,inhA,inhA_p.Pro107Ser,p.Pro107Ser,missense_variant,3) Uncertain significance,P107S,1.0
Isoniazid,inhA,inhA_p.Pro140Leu,p.Pro140Leu,missense_variant,3) Uncertain significance,P140L,0.0
Isoniazid,inhA,inhA_p.Pro55Leu,p.Pro55Leu,missense_variant,3) Uncertain significance,P55L,0.0
Isoniazid,inhA,inhA_p.Ser143Cys,p.Ser143Cys,missense_variant,3) Uncertain significance,S143C,0.0
Isoniazid,inhA,inhA_p.Ser19Ala,p.Ser19Ala,missense_variant,3) Uncertain significance,S19A,0.0
Isoniazid,inhA,inhA_p.Ser19Leu,p.Ser19Leu,missense_variant,3) Uncertain significance,S19L,0.0
Isoniazid,inhA,inhA_p.Ser94Ala,p.Ser94Ala,missense_variant,2) Assoc w R - Interim,S94A,0.8875
Isoniazid,inhA,inhA_p.Thr162Ser,p.Thr162Ser,missense_variant,3) Uncertain significance,T162S,1.0
Isoniazid,inhA,inhA_p.Thr236Met,p.Thr236Met,missense_variant,3) Uncertain significance,T236M,1.0
Isoniazid,inhA,inhA_p.Thr266Ala,p.Thr266Ala,missense_variant,3) Uncertain significance,T266A,0.0
Isoniazid,inhA,inhA_p.Thr2Ala,p.Thr2Ala,missense_variant,3) Uncertain significance,T2A,0.0
Isoniazid,inhA,inhA_p.Thr2Pro,p.Thr2Pro,missense_variant,3) Uncertain significance,T2P,1.0
Isoniazid,inhA,inhA_p.Tyr182His,p.Tyr182His,missense_variant,3) Uncertain significance,Y182H,0.0
Isoniazid,inhA,inhA_p.Val12Ile,p.Val12Ile,missense_variant,3) Uncertain significance,V12I,0.0
Isoniazid,inhA,inhA_p.Val171Ile,p.Val171Ile,missense_variant,3) Uncertain significance,V171I,0.0
Isoniazid,inhA,inhA_p.Val189Ile,p.Val189Ile,missense_variant,3) Uncertain significance,V189I,0.0
Isoniazid,inhA,inhA_p.Val203Ala,p.Val203Ala,missense_variant,3) Uncertain significance,V203A,0.0
Isoniazid,inhA,inhA_p.Val28Leu,p.Val28Leu,missense_variant,3) Uncertain significance,V28L,1.0
Isoniazid,inhA,inhA_p.Val65Ala,p.Val65Ala,missense_variant,3) Uncertain significance,V65A,1.0
Isoniazid,inhA,inhA_p.Val78Ala,p.Val78Ala,missense_variant,5) Not assoc w R,V78A,0.11428571428571428
Isoniazid,inhA,inhA_p.Val91Ala,p.Val91Ala,missense_variant,3) Uncertain significance,V91A,0.0
Isoniazid,inhA,inhA_p.Val92Met,p.Val92Met,missense_variant,3) Uncertain significance,V92M,1.0
Isoniazid,katG,katG_p.Ala106Val,p.Ala106Val,missense_variant,3) Uncertain significance,A106V,1.0
Isoniazid,katG,katG_p.Ala109Pro,p.Ala109Pro,missense_variant,3) Uncertain significance,A109P,1.0
Isoniazid,katG,katG_p.Ala109Thr,p.Ala109Thr,missense_variant,3) Uncertain significance,A109T,0.9259259259259259
Isoniazid,katG,katG_p.Ala109Val,p.Ala109Val,missense_variant,3) Uncertain significance,A109V,1.0
Isoniazid,katG,katG_p.Ala110Pro,p.Ala110Pro,missense_variant,3) Uncertain significance,A110P,1.0
Isoniazid,katG,katG_p.Ala110Thr,p.Ala110Thr,missense_variant,3) Uncertain significance,A110T,0.6
Isoniazid,katG,katG_p.Ala110Val,p.Ala110Val,missense_variant,3) Uncertain significance,A110V,1.0
Isoniazid,katG,katG_p.Ala122Asp,p.Ala122Asp,missense_variant,3) Uncertain significance,A122D,1.0
Isoniazid,katG,katG_p.Ala122Pro,p.Ala122Pro,missense_variant,3) Uncertain significance,A122P,0.0
Isoniazid,katG,katG_p.Ala122Thr,p.Ala122Thr,missense_variant,3) Uncertain significance,A122T,1.0
Isoniazid,katG,katG_p.Ala130Glu,p.Ala130Glu,missense_variant,3) Uncertain significance,A130E,1.0
Isoniazid,katG,katG_p.Ala130Thr,p.Ala130Thr,missense_variant,3) Uncertain significance,A130T,1.0
Isoniazid,katG,katG_p.Ala139Pro,p.Ala139Pro,missense_variant,3) Uncertain significance,A139P,1.0
Isoniazid,katG,katG_p.Ala139Thr,p.Ala139Thr,missense_variant,3) Uncertain significance,A139T,0.0
Isoniazid,katG,katG_p.Ala144Thr,p.Ala144Thr,missense_variant,3) Uncertain significance,A144T,0.5
Isoniazid,katG,katG_p.Ala144Val,p.Ala144Val,missense_variant,3) Uncertain significance,A144V,0.6666666666666666
Isoniazid,katG,katG_p.Ala15Val,p.Ala15Val,missense_variant,3) Uncertain significance,A15V,0.0
Isoniazid,katG,katG_p.Ala162Glu,p.Ala162Glu,missense_variant,3) Uncertain significance,A162E,1.0
Isoniazid,katG,katG_p.Ala162Gly,p.Ala162Gly,missense_variant,3) Uncertain significance,A162G,0.0
Isoniazid,katG,katG_p.Ala162Thr,p.Ala162Thr,missense_variant,3) Uncertain significance,A162T,0.5
Isoniazid,katG,katG_p.Ala162Val,p.Ala162Val,missense_variant,3) Uncertain significance,A162V,0.25
Isoniazid,katG,katG_p.Ala168Thr,p.Ala168Thr,missense_variant,3) Uncertain significance,A168T,1.0
Isoniazid,katG,katG_p.Ala168Val,p.Ala168Val,missense_variant,3) Uncertain significance,A168V,0.0
Isoniazid,katG,katG_p.Ala172Thr,p.Ala172Thr,missense_variant,3) Uncertain significance,A172T,1.0
Isoniazid,katG,katG_p.Ala172Val,p.Ala172Val,missense_variant,3) Uncertain significance,A172V,1.0
Isoniazid,katG,katG_p.Ala202Ser,p.Ala202Ser,missense_variant,3) Uncertain significance,A202S,0.0
Isoniazid,katG,katG_p.Ala222Thr,p.Ala222Thr,missense_variant,3) Uncertain significance,A222T,1.0
Isoniazid,katG,katG_p.Ala243Thr,p.Ala243Thr,missense_variant,3) Uncertain significance,A243T,0.6666666666666666
Isoniazid,katG,katG_p.Ala244Gly,p.Ala244Gly,missense_variant,3) Uncertain significance,A244G,0.6
Isoniazid,katG,katG_p.Ala256Gly,p.Ala256Gly,missense_variant,3) Uncertain significance,A256G,0.6666666666666666
Isoniazid,katG,katG_p.Ala256Thr,p.Ala256Thr,missense_variant,3) Uncertain significance,A256T,1.0
Isoniazid,katG,katG_p.Ala256Val,p.Ala256Val,missense_variant,3) Uncertain significance,A256V,1.0
Isoniazid,katG,katG_p.Ala263Pro,p.Ala263Pro,missense_variant,3) Uncertain significance,A263P,1.0
Isoniazid,katG,katG_p.Ala264Thr,p.Ala264Thr,missense_variant,3) Uncertain significance,A264T,1.0
Isoniazid,katG,katG_p.Ala264Val,p.Ala264Val,missense_variant,3) Uncertain significance,A264V,0.75
Isoniazid,katG,katG_p.Ala281Thr,p.Ala281Thr,missense_variant,3) Uncertain significance,A281T,0.0
Isoniazid,katG,katG_p.Ala290Pro,p.Ala290Pro,missense_variant,3) Uncertain significance,A290P,1.0
Isoniazid,katG,katG_p.Ala291Asp,p.Ala291Asp,missense_variant,3) Uncertain significance,A291D,1.0
Isoniazid,katG,katG_p.Ala312Pro,p.Ala312Pro,missense_variant,3) Uncertain significance,A312P,0.5
Isoniazid,katG,katG_p.Ala348Gly,p.Ala348Gly,missense_variant,3) Uncertain significance,A348G,0.5
Isoniazid,katG,katG_p.Ala379Thr,p.Ala379Thr,missense_variant,3) Uncertain significance,A379T,1.0
Isoniazid,katG,katG_p.Ala379Val,p.Ala379Val,missense_variant,3) Uncertain significance,A379V,0.8333333333333334
Isoniazid,katG,katG_p.Ala411Asp,p.Ala411Asp,missense_variant,3) Uncertain significance,A411D,1.0
Isoniazid,katG,katG_p.Ala424Gly,p.Ala424Gly,missense_variant,3) Uncertain significance,A424G,1.0
Isoniazid,katG,katG_p.Ala424Val,p.Ala424Val,missense_variant,3) Uncertain significance,A424V,0.0
Isoniazid,katG,katG_p.Ala476Gly,p.Ala476Gly,missense_variant,3) Uncertain significance,A476G,1.0
Isoniazid,katG,katG_p.Ala476Val,p.Ala476Val,missense_variant,3) Uncertain significance,A476V,0.5
Isoniazid,katG,katG_p.Ala479Glu,p.Ala479Glu,missense_variant,3) Uncertain significance,A479E,1.0
Isoniazid,katG,katG_p.Ala479Gly,p.Ala479Gly,missense_variant,3) Uncertain significance,A479G,1.0
Isoniazid,katG,katG_p.Ala479Val,p.Ala479Val,missense_variant,3) Uncertain significance,A479V,0.0
Isoniazid,katG,katG_p.Ala480Gln,p.Ala480Gln,missense_variant,3) Uncertain significance,A480Q,0.0
Isoniazid,katG,katG_p.Ala480Ser,p.Ala480Ser,missense_variant,3) Uncertain significance,A480S,0.7
Isoniazid,katG,katG_p.Ala492Asp,p.Ala492Asp,missense_variant,3) Uncertain significance,A492D,1.0
Isoniazid,katG,katG_p.Ala492Val,p.Ala492Val,missense_variant,3) Uncertain significance,A492V,1.0
Isoniazid,katG,katG_p.Ala531Ser,p.Ala531Ser,missense_variant,3) Uncertain significance,A531S,1.0
Isoniazid,katG,katG_p.Ala532Pro,p.Ala532Pro,missense_variant,3) Uncertain significance,A532P,0.0
Isoniazid,katG,katG_p.Ala53Thr,p.Ala53Thr,missense_variant,3) Uncertain significance,A53T,0.0
Isoniazid,katG,katG_p.Ala541Thr,p.Ala541Thr,missense_variant,3) Uncertain significance,A541T,0.25
Isoniazid,katG,katG_p.Ala541Val,p.Ala541Val,missense_variant,3) Uncertain significance,A541V,1.0
Isoniazid,katG,katG_p.Ala550Pro,p.Ala550Pro,missense_variant,3) Uncertain significance,A550P,1.0
Isoniazid,katG,katG_p.Ala550Thr,p.Ala550Thr,missense_variant,3) Uncertain significance,A550T,1.0
Isoniazid,katG,katG_p.Ala551Gly,p.Ala551Gly,missense_variant,3) Uncertain significance,A551G,1.0
Isoniazid,katG,katG_p.Ala555Pro,p.Ala555Pro,missense_variant,3) Uncertain significance,A555P,1.0
Isoniazid,katG,katG_p.Ala556Glu,p.Ala556Glu,missense_variant,3) Uncertain significance,A556E,1.0
Isoniazid,katG,katG_p.Ala558Arg,p.Ala558Arg,missense_variant,3) Uncertain significance,A558R,0.0
Isoniazid,katG,katG_p.Ala559Val,p.Ala559Val,missense_variant,3) Uncertain significance,A559V,0.0
Isoniazid,katG,katG_p.Ala574Val,p.Ala574Val,missense_variant,3) Uncertain significance,A574V,0.0
Isoniazid,katG,katG_p.Ala591Thr,p.Ala591Thr,missense_variant,3) Uncertain significance,A591T,0.25
Isoniazid,katG,katG_p.Ala606Pro,p.Ala606Pro,missense_variant,3) Uncertain significance,A606P,0.0
Isoniazid,katG,katG_p.Ala606Thr,p.Ala606Thr,missense_variant,3) Uncertain significance,A606T,0.0
Isoniazid,katG,katG_p.Ala60Gly,p.Ala60Gly,missense_variant,3) Uncertain significance,A60G,0.0
Isoniazid,katG,katG_p.Ala60Thr,p.Ala60Thr,missense_variant,3) Uncertain significance,A60T,0.0
Isoniazid,katG,katG_p.Ala60Val,p.Ala60Val,missense_variant,3) Uncertain significance,A60V,0.0
Isoniazid,katG,katG_p.Ala614Glu,p.Ala614Glu,missense_variant,3) Uncertain significance,A614E,1.0
Isoniazid,katG,katG_p.Ala614Thr,p.Ala614Thr,missense_variant,3) Uncertain significance,A614T,0.6666666666666666
Isoniazid,katG,katG_p.Ala61Pro,p.Ala61Pro,missense_variant,3) Uncertain significance,A61P,1.0
Isoniazid,katG,katG_p.Ala61Ser,p.Ala61Ser,missense_variant,3) Uncertain significance,A61S,0.0
Isoniazid,katG,katG_p.Ala621Asp,p.Ala621Asp,missense_variant,3) Uncertain significance,A621D,1.0
Isoniazid,katG,katG_p.Ala621Gly,p.Ala621Gly,missense_variant,3) Uncertain significance,A621G,0.0
Isoniazid,katG,katG_p.Ala621Thr,p.Ala621Thr,missense_variant,3) Uncertain significance,A621T,1.0
Isoniazid,katG,katG_p.Ala649Thr,p.Ala649Thr,missense_variant,3) Uncertain significance,A649T,0.6666666666666666
Isoniazid,katG,katG_p.Ala706Thr,p.Ala706Thr,missense_variant,3) Uncertain significance,A706T,1.0
Isoniazid,katG,katG_p.Ala713Pro,p.Ala713Pro,missense_variant,3) Uncertain significance,A713P,1.0
Isoniazid,katG,katG_p.Ala716Gly,p.Ala716Gly,missense_variant,3) Uncertain significance,A716G,1.0
Isoniazid,katG,katG_p.Ala716Thr,p.Ala716Thr,missense_variant,3) Uncertain significance,A716T,0.0
Isoniazid,katG,katG_p.Ala726Thr,p.Ala726Thr,missense_variant,3) Uncertain significance,A726T,0.5555555555555556
Isoniazid,katG,katG_p.Ala727Thr,p.Ala727Thr,missense_variant,3) Uncertain significance,A727T,0.0
Isoniazid,katG,katG_p.Ala75Val,p.Ala75Val,missense_variant,3) Uncertain significance,A75V,1.0
Isoniazid,katG,katG_p.Ala93Asp,p.Ala93Asp,missense_variant,3) Uncertain significance,A93D,1.0
Isoniazid,katG,katG_p.Arg104Gln,p.Arg104Gln,missense_variant,3) Uncertain significance,R104Q,0.75
Isoniazid,katG,katG_p.Arg104Leu,p.Arg104Leu,missense_variant,3) Uncertain significance,R104L,1.0
Isoniazid,katG,katG_p.Arg104Pro,p.Arg104Pro,missense_variant,3) Uncertain significance,R104P,1.0
Isoniazid,katG,katG_p.Arg104Trp,p.Arg104Trp,missense_variant,3) Uncertain significance,R104W,1.0
Isoniazid,katG,katG_p.Arg128Gln,p.Arg128Gln,missense_variant,3) Uncertain significance,R128Q,1.0
Isoniazid,katG,katG_p.Arg128Gly,p.Arg128Gly,missense_variant,3) Uncertain significance,R128G,1.0
Isoniazid,katG,katG_p.Arg128Trp,p.Arg128Trp,missense_variant,3) Uncertain significance,R128W,1.0
Isoniazid,katG,katG_p.Arg145Cys,p.Arg145Cys,missense_variant,3) Uncertain significance,R145C,0.75
Isoniazid,katG,katG_p.Arg145His,p.Arg145His,missense_variant,3) Uncertain significance,R145H,1.0
Isoniazid,katG,katG_p.Arg145Pro,p.Arg145Pro,missense_variant,3) Uncertain significance,R145P,1.0
Isoniazid,katG,katG_p.Arg146Gln,p.Arg146Gln,missense_variant,3) Uncertain significance,R146Q,1.0
Isoniazid,katG,katG_p.Arg146Gly,p.Arg146Gly,missense_variant,3) Uncertain significance,R146G,1.0
Isoniazid,katG,katG_p.Arg146Leu,p.Arg146Leu,missense_variant,3) Uncertain significance,R146L,0.0
Isoniazid,katG,katG_p.Arg187Trp,p.Arg187Trp,missense_variant,3) Uncertain significance,R187W,1.0
Isoniazid,katG,katG_p.Arg249Cys,p.Arg249Cys,missense_variant,3) Uncertain significance,R249C,0.5
Isoniazid,katG,katG_p.Arg249Gly,p.Arg249Gly,missense_variant,3) Uncertain significance,R249G,1.0
Isoniazid,katG,katG_p.Arg249His,p.Arg249His,missense_variant,3) Uncertain significance,R249H,0.5
Isoniazid,katG,katG_p.Arg249Leu,p.Arg249Leu,missense_variant,3) Uncertain significance,R249L,1.0
Isoniazid,katG,katG_p.Arg249Pro,p.Arg249Pro,missense_variant,3) Uncertain significance,R249P,1.0
Isoniazid,katG,katG_p.Arg249Ser,p.Arg249Ser,missense_variant,3) Uncertain significance,R249S,0.3333333333333333
Isoniazid,katG,katG_p.Arg253Pro,p.Arg253Pro,missense_variant,3) Uncertain significance,R253P,1.0
Isoniazid,katG,katG_p.Arg254His,p.Arg254His,missense_variant,3) Uncertain significance,R254H,1.0
Isoniazid,katG,katG_p.Arg254Ser,p.Arg254Ser,missense_variant,3) Uncertain significance,R254S,0.0
Isoniazid,katG,katG_p.Arg395Leu,p.Arg395Leu,missense_variant,3) Uncertain significance,R395L,1.0
Isoniazid,katG,katG_p.Arg425Gly,p.Arg425Gly,missense_variant,3) Uncertain significance,R425G,1.0
Isoniazid,katG,katG_p.Arg463Leu,p.Arg463Leu,missense_variant,5) Not assoc w R,R463L,0.48332796391752575
Isoniazid,katG,katG_p.Arg463Trp,p.Arg463Trp,missense_variant,3) Uncertain significance,R463W,1.0
Isoniazid,katG,katG_p.Arg484His,p.Arg484His,missense_variant,3) Uncertain significance,R484H,1.0
Isoniazid,katG,katG_p.Arg489Cys,p.Arg489Cys,missense_variant,3) Uncertain significance,R489C,0.6666666666666666
Isoniazid,katG,katG_p.Arg489Ser,p.Arg489Ser,missense_variant,3) Uncertain significance,R489S,0.0
Isoniazid,katG,katG_p.Arg496His,p.Arg496His,missense_variant,3) Uncertain significance,R496H,0.5
Isoniazid,katG,katG_p.Arg496Leu,p.Arg496Leu,missense_variant,3) Uncertain significance,R496L,0.0
Isoniazid,katG,katG_p.Arg498Cys,p.Arg498Cys,missense_variant,3) Uncertain significance,R498C,0.0
Isoniazid,katG,katG_p.Arg498His,p.Arg498His,missense_variant,3) Uncertain significance,R498H,1.0
Isoniazid,katG,katG_p.Arg498Leu,p.Arg498Leu,missense_variant,3) Uncertain significance,R498L,1.0
Isoniazid,katG,katG_p.Arg498Ser,p.Arg498Ser,missense_variant,3) Uncertain significance,R498S,0.0
Isoniazid,katG,katG_p.Arg515His,p.Arg515His,missense_variant,3) Uncertain significance,R515H,0.0
Isoniazid,katG,katG_p.Arg519His,p.Arg519His,missense_variant,3) Uncertain significance,R519H,0.0
Isoniazid,katG,katG_p.Arg571Gly,p.Arg571Gly,missense_variant,3) Uncertain significance,R571G,1.0
Isoniazid,katG,katG_p.Arg571His,p.Arg571His,missense_variant,3) Uncertain significance,R571H,0.75
Isoniazid,katG,katG_p.Arg571Leu,p.Arg571Leu,missense_variant,3) Uncertain significance,R571L,1.0
Isoniazid,katG,katG_p.Arg595Gln,p.Arg595Gln,missense_variant,3) Uncertain significance,R595Q,1.0
Isoniazid,katG,katG_p.Arg595Leu,p.Arg595Leu,missense_variant,3) Uncertain significance,R595L,0.0
Isoniazid,katG,katG_p.Arg632Cys,p.Arg632Cys,missense_variant,3) Uncertain significance,R632C,1.0
Isoniazid,katG,katG_p.Arg693His,p.Arg693His,missense_variant,3) Uncertain significance,R693H,1.0
Isoniazid,katG,katG_p.Arg705Leu,p.Arg705Leu,missense_variant,3) Uncertain significance,R705L,0.0
Isoniazid,katG,katG_p.Arg705Trp,p.Arg705Trp,missense_variant,3) Uncertain significance,R705W,1.0
Isoniazid,katG,katG_p.Arg736Lys,p.Arg736Lys,missense_variant,3) Uncertain significance,R736K,0.0
Isoniazid,katG,katG_p.Arg736Ser,p.Arg736Ser,missense_variant,3) Uncertain significance,R736S,0.0
Isoniazid,katG,katG_p.Arg78Pro,p.Arg78Pro,missense_variant,3) Uncertain significance,R78P,1.0
Isoniazid,katG,katG_p.Asn133Ser,p.Asn133Ser,missense_variant,3) Uncertain significance,N133S,1.0
Isoniazid,katG,katG_p.Asn133Thr,p.Asn133Thr,missense_variant,3) Uncertain significance,N133T,1.0
Isoniazid,katG,katG_p.Asn138Asp,p.Asn138Asp,missense_variant,3) Uncertain significance,N138D,0.75
Isoniazid,katG,katG_p.Asn138His,p.Asn138His,missense_variant,3) Uncertain significance,N138H,1.0
Isoniazid,katG,katG_p.Asn138Ser,p.Asn138Ser,missense_variant,3) Uncertain significance,N138S,1.0
Isoniazid,katG,katG_p.Asn170Lys,p.Asn170Lys,missense_variant,3) Uncertain significance,N170K,1.0
Isoniazid,katG,katG_p.Asn236Lys,p.Asn236Lys,missense_variant,3) Uncertain significance,N236K,0.0
Isoniazid,katG,katG_p.Asn238Thr,p.Asn238Thr,missense_variant,3) Uncertain significance,N238T,1.0
Isoniazid,katG,katG_p.Asn323Ser,p.Asn323Ser,missense_variant,3) Uncertain significance,N323S,0.0
Isoniazid,katG,katG_p.Asn35His,p.Asn35His,missense_variant,3) Uncertain significance,N35H,0.0
Isoniazid,katG,katG_p.Asn35Thr,p.Asn35Thr,missense_variant,3) Uncertain significance,N35T,1.0
Isoniazid,katG,katG_p.Asn493Gly,p.Asn493Gly,missense_variant,3) Uncertain significance,N493G,1.0
Isoniazid,katG,katG_p.Asn493His,p.Asn493His,missense_variant,3) Uncertain significance,N493H,1.0
Isoniazid,katG,katG_p.Asn493Lys,p.Asn493Lys,missense_variant,3) Uncertain significance,N493K,0.6666666666666666
Isoniazid,katG,katG_p.Asn493Ser,p.Asn493Ser,missense_variant,3) Uncertain significance,N493S,1.0
Isoniazid,katG,katG_p.Asn508Asp,p.Asn508Asp,missense_variant,3) Uncertain significance,N508D,1.0
Isoniazid,katG,katG_p.Asn51Thr,p.Asn51Thr,missense_variant,3) Uncertain significance,N51T,0.0
Isoniazid,katG,katG_p.Asn529His,p.Asn529His,missense_variant,3) Uncertain significance,N529H,1.0
Isoniazid,katG,katG_p.Asn529Thr,p.Asn529Thr,missense_variant,3) Uncertain significance,N529T,0.6666666666666666
Isoniazid,katG,katG_p.Asn535Thr,p.Asn535Thr,missense_variant,3) Uncertain significance,N535T,0.0
Isoniazid,katG,katG_p.Asn562His,p.Asn562His,missense_variant,3) Uncertain significance,N562H,0.18181818181818182
Isoniazid,katG,katG_p.Asn596Lys,p.Asn596Lys,missense_variant,3) Uncertain significance,N596K,1.0
Isoniazid,katG,katG_p.Asn596Ser,p.Asn596Ser,missense_variant,3) Uncertain significance,N596S,1.0
Isoniazid,katG,katG_p.Asn596Thr,p.Asn596Thr,missense_variant,3) Uncertain significance,N596T,0.6666666666666666
Isoniazid,katG,katG_p.Asn637Lys,p.Asn637Lys,missense_variant,3) Uncertain significance,N637K,1.0
Isoniazid,katG,katG_p.Asn637Tyr,p.Asn637Tyr,missense_variant,3) Uncertain significance,N637Y,0.0
Isoniazid,katG,katG_p.Asn655Asp,p.Asn655Asp,missense_variant,3) Uncertain significance,N655D,1.0
Isoniazid,katG,katG_p.Asn660Ala,p.Asn660Ala,missense_variant,3) Uncertain significance,N660A,0.0
Isoniazid,katG,katG_p.Asn660Asp,p.Asn660Asp,missense_variant,3) Uncertain significance,N660D,0.75
Isoniazid,katG,katG_p.Asn660His,p.Asn660His,missense_variant,3) Uncertain significance,N660H,1.0
Isoniazid,katG,katG_p.Asp142Ala,p.Asp142Ala,missense_variant,3) Uncertain significance,D142A,1.0
Isoniazid,katG,katG_p.Asp142Asn,p.Asp142Asn,missense_variant,3) Uncertain significance,D142N,1.0
Isoniazid,katG,katG_p.Asp142Cys,p.Asp142Cys,missense_variant,3) Uncertain significance,D142C,1.0
Isoniazid,katG,katG_p.Asp142Gly,p.Asp142Gly,missense_variant,3) Uncertain significance,D142G,0.8333333333333334
Isoniazid,katG,katG_p.Asp163Asn,p.Asp163Asn,missense_variant,3) Uncertain significance,D163N,1.0
Isoniazid,katG,katG_p.Asp163Glu,p.Asp163Glu,missense_variant,3) Uncertain significance,D163E,1.0
Isoniazid,katG,katG_p.Asp189Ala,p.Asp189Ala,missense_variant,3) Uncertain significance,D189A,1.0
Isoniazid,katG,katG_p.Asp189Asn,p.Asp189Asn,missense_variant,3) Uncertain significance,D189N,1.0
Isoniazid,katG,katG_p.Asp189Gly,p.Asp189Gly,missense_variant,3) Uncertain significance,D189G,0.8
Isoniazid,katG,katG_p.Asp189Tyr,p.Asp189Tyr,missense_variant,3) Uncertain significance,D189Y,1.0
Isoniazid,katG,katG_p.Asp194Asn,p.Asp194Asn,missense_variant,3) Uncertain significance,D194N,0.3333333333333333
Isoniazid,katG,katG_p.Asp207Asn,p.Asp207Asn,missense_variant,3) Uncertain significance,D207N,1.0
Isoniazid,katG,katG_p.Asp215Glu,p.Asp215Glu,missense_variant,3) Uncertain significance,D215E,0.0
Isoniazid,katG,katG_p.Asp240Ala,p.Asp240Ala,missense_variant,3) Uncertain significance,D240A,1.0
Isoniazid,katG,katG_p.Asp240Asn,p.Asp240Asn,missense_variant,3) Uncertain significance,D240N,0.0
Isoniazid,katG,katG_p.Asp247His,p.Asp247His,missense_variant,3) Uncertain significance,D247H,1.0
Isoniazid,katG,katG_p.Asp259Ala,p.Asp259Ala,missense_variant,3) Uncertain significance,D259A,0.0
Isoniazid,katG,katG_p.Asp259Glu,p.Asp259Glu,missense_variant,3) Uncertain significance,D259E,1.0
Isoniazid,katG,katG_p.Asp282Gly,p.Asp282Gly,missense_variant,3) Uncertain significance,D282G,0.0
Isoniazid,katG,katG_p.Asp311Gly,p.Asp311Gly,missense_variant,3) Uncertain significance,D311G,1.0
Isoniazid,katG,katG_p.Asp329Ala,p.Asp329Ala,missense_variant,3) Uncertain significance,D329A,1.0
Isoniazid,katG,katG_p.Asp357His,p.Asp357His,missense_variant,3) Uncertain significance,D357H,1.0
Isoniazid,katG,katG_p.Asp37Asn,p.Asp37Asn,missense_variant,3) Uncertain significance,D37N,1.0
Isoniazid,katG,katG_p.Asp37Glu,p.Asp37Glu,missense_variant,3) Uncertain significance,D37E,0.0
Isoniazid,katG,katG_p.Asp37Gly,p.Asp37Gly,missense_variant,3) Uncertain significance,D37G,1.0
Isoniazid,katG,katG_p.Asp381Ala,p.Asp381Ala,missense_variant,3) Uncertain significance,D381A,1.0
Isoniazid,katG,katG_p.Asp381Asn,p.Asp381Asn,missense_variant,3) Uncertain significance,D381N,1.0
Isoniazid,katG,katG_p.Asp381Gly,p.Asp381Gly,missense_variant,3) Uncertain significance,D381G,1.0
Isoniazid,katG,katG_p.Asp381His,p.Asp381His,missense_variant,3) Uncertain significance,D381H,1.0
Isoniazid,katG,katG_p.Asp387Gly,p.Asp387Gly,missense_variant,3) Uncertain significance,D387G,1.0
Isoniazid,katG,katG_p.Asp387His,p.Asp387His,missense_variant,3) Uncertain significance,D387H,1.0
Isoniazid,katG,katG_p.Asp406Ala,p.Asp406Ala,missense_variant,3) Uncertain significance,D406A,0.0
Isoniazid,katG,katG_p.Asp406Gly,p.Asp406Gly,missense_variant,3) Uncertain significance,D406G,0.0
Isoniazid,katG,katG_p.Asp419Ala,p.Asp419Ala,missense_variant,3) Uncertain significance,D419A,1.0
Isoniazid,katG,katG_p.Asp419Gly,p.Asp419Gly,missense_variant,3) Uncertain significance,D419G,1.0
Isoniazid,katG,katG_p.Asp419His,p.Asp419His,missense_variant,3) Uncertain significance,D419H,1.0
Isoniazid,katG,katG_p.Asp419Tyr,p.Asp419Tyr,missense_variant,3) Uncertain significance,D419Y,1.0
Isoniazid,katG,katG_p.Asp440Glu,p.Asp440Glu,missense_variant,3) Uncertain significance,D440E,1.0
Isoniazid,katG,katG_p.Asp440Tyr,p.Asp440Tyr,missense_variant,3) Uncertain significance,D440Y,1.0
Isoniazid,katG,katG_p.Asp448Ala,p.Asp448Ala,missense_variant,3) Uncertain significance,D448A,1.0
Isoniazid,katG,katG_p.Asp487Asn,p.Asp487Asn,missense_variant,3) Uncertain significance,D487N,1.0
Isoniazid,katG,katG_p.Asp509Asn,p.Asp509Asn,missense_variant,3) Uncertain significance,D509N,0.0
Isoniazid,katG,katG_p.Asp511Asn,p.Asp511Asn,missense_variant,3) Uncertain significance,D511N,0.0
Isoniazid,katG,katG_p.Asp511Tyr,p.Asp511Tyr,missense_variant,3) Uncertain significance,D511Y,0.0
Isoniazid,katG,katG_p.Asp513Asn,p.Asp513Asn,missense_variant,3) Uncertain significance,D513N,0.0
Isoniazid,katG,katG_p.Asp542Glu,p.Asp542Glu,missense_variant,3) Uncertain significance,D542E,1.0
Isoniazid,katG,katG_p.Asp56Asn,p.Asp56Asn,missense_variant,3) Uncertain significance,D56N,1.0
Isoniazid,katG,katG_p.Asp573Asn,p.Asp573Asn,missense_variant,3) Uncertain significance,D573N,1.0
Isoniazid,katG,katG_p.Asp580Glu,p.Asp580Glu,missense_variant,3) Uncertain significance,D580E,0.0
Isoniazid,katG,katG_p.Asp656Ala,p.Asp656Ala,missense_variant,3) Uncertain significance,D656A,0.125
Isoniazid,katG,katG_p.Asp656Gly,p.Asp656Gly,missense_variant,3) Uncertain significance,D656G,0.0
Isoniazid,katG,katG_p.Asp663Gly,p.Asp663Gly,missense_variant,3) Uncertain significance,D663G,0.0
Isoniazid,katG,katG_p.Asp663Tyr,p.Asp663Tyr,missense_variant,3) Uncertain significance,D663Y,1.0
Isoniazid,katG,katG_p.Asp675His,p.Asp675His,missense_variant,3) Uncertain significance,D675H,0.0
Isoniazid,katG,katG_p.Asp675Tyr,p.Asp675Tyr,missense_variant,3) Uncertain significance,D675Y,0.6
Isoniazid,katG,katG_p.Asp682Asn,p.Asp682Asn,missense_variant,3) Uncertain significance,D682N,0.3333333333333333
Isoniazid,katG,katG_p.Asp723Ala,p.Asp723Ala,missense_variant,3) Uncertain significance,D723A,1.0
Isoniazid,katG,katG_p.Asp723Asn,p.Asp723Asn,missense_variant,3) Uncertain significance,D723N,1.0
Isoniazid,katG,katG_p.Asp729Asn,p.Asp729Asn,missense_variant,3) Uncertain significance,D729N,0.0
Isoniazid,katG,katG_p.Asp729Glu,p.Asp729Glu,missense_variant,3) Uncertain significance,D729E,0.0
Isoniazid,katG,katG_p.Asp729Gly,p.Asp729Gly,missense_variant,3) Uncertain significance,D729G,1.0
Isoniazid,katG,katG_p.Asp735Ala,p.Asp735Ala,missense_variant,3) Uncertain significance,D735A,0.75
Isoniazid,katG,katG_p.Asp735Asn,p.Asp735Asn,missense_variant,3) Uncertain significance,D735N,0.0
Isoniazid,katG,katG_p.Asp735Glu,p.Asp735Glu,missense_variant,3) Uncertain significance,D735E,1.0
Isoniazid,katG,katG_p.Asp735Tyr,p.Asp735Tyr,missense_variant,3) Uncertain significance,D735Y,1.0
Isoniazid,katG,katG_p.Asp74Gly,p.Asp74Gly,missense_variant,3) Uncertain significance,D74G,0.0
Isoniazid,katG,katG_p.Asp79Ala,p.Asp79Ala,missense_variant,3) Uncertain significance,D79A,0.0
Isoniazid,katG,katG_p.Asp94Ala,p.Asp94Ala,missense_variant,3) Uncertain significance,D94A,1.0
Isoniazid,katG,katG_p.Asp94Gly,p.Asp94Gly,missense_variant,3) Uncertain significance,D94G,1.0
Isoniazid,katG,katG_p.Asp94Tyr,p.Asp94Tyr,missense_variant,3) Uncertain significance,D94Y,1.0
Isoniazid,katG,katG_p.Cys171Gly,p.Cys171Gly,missense_variant,3) Uncertain significance,C171G,1.0
Isoniazid,katG,katG_p.Cys549Ser,p.Cys549Ser,missense_variant,3) Uncertain significance,C549S,0.0
Isoniazid,katG,katG_p.Gln127Arg,p.Gln127Arg,missense_variant,3) Uncertain significance,Q127R,1.0
Isoniazid,katG,katG_p.Gln127Pro,p.Gln127Pro,missense_variant,3) Uncertain significance,Q127P,0.8518518518518519
Isoniazid,katG,katG_p.Gln295Ala,p.Gln295Ala,missense_variant,3) Uncertain significance,Q295A,0.0
Isoniazid,katG,katG_p.Gln295Lys,p.Gln295Lys,missense_variant,3) Uncertain significance,Q295K,1.0
Isoniazid,katG,katG_p.Gln295Pro,p.Gln295Pro,missense_variant,3) Uncertain significance,Q295P,1.0
Isoniazid,katG,katG_p.Gln352His,p.Gln352His,missense_variant,3) Uncertain significance,Q352H,1.0
Isoniazid,katG,katG_p.Gln352Pro,p.Gln352Pro,missense_variant,3) Uncertain significance,Q352P,1.0
Isoniazid,katG,katG_p.Gln352Tyr,p.Gln352Tyr,missense_variant,3) Uncertain significance,Q352Y,0.0
Isoniazid,katG,katG_p.Gln36Glu,p.Gln36Glu,missense_variant,3) Uncertain significance,Q36E,0.0
Isoniazid,katG,katG_p.Gln36Pro,p.Gln36Pro,missense_variant,3) Uncertain significance,Q36P,0.0
Isoniazid,katG,katG_p.Gln434His,p.Gln434His,missense_variant,3) Uncertain significance,Q434H,0.0
Isoniazid,katG,katG_p.Gln439Arg,p.Gln439Arg,missense_variant,3) Uncertain significance,Q439R,1.0
Isoniazid,katG,katG_p.Gln439His,p.Gln439His,missense_variant,3) Uncertain significance,Q439H,1.0
Isoniazid,katG,katG_p.Gln439Lys,p.Gln439Lys,missense_variant,3) Uncertain significance,Q439K,1.0
Isoniazid,katG,katG_p.Gln439Pro,p.Gln439Pro,missense_variant,3) Uncertain significance,Q439P,0.75
Isoniazid,katG,katG_p.Gln439Tyr,p.Gln439Tyr,missense_variant,3) Uncertain significance,Q439Y,0.0
Isoniazid,katG,katG_p.Gln461Arg,p.Gln461Arg,missense_variant,3) Uncertain significance,Q461R,0.0
Isoniazid,katG,katG_p.Gln461Glu,p.Gln461Glu,missense_variant,3) Uncertain significance,Q461E,1.0
Isoniazid,katG,katG_p.Gln461Pro,p.Gln461Pro,missense_variant,3) Uncertain significance,Q461P,0.6666666666666666
Isoniazid,katG,katG_p.Gln471Arg,p.Gln471Arg,missense_variant,3) Uncertain significance,Q471R,1.0
Isoniazid,katG,katG_p.Gln4Tyr,p.Gln4Tyr,missense_variant,3) Uncertain significance,Q4Y,0.0
Isoniazid,katG,katG_p.Gln50Pro,p.Gln50Pro,missense_variant,3) Uncertain significance,Q50P,0.0
Isoniazid,katG,katG_p.Gln525Ala,p.Gln525Ala,missense_variant,3) Uncertain significance,Q525A,0.0
Isoniazid,katG,katG_p.Gln525Pro,p.Gln525Pro,missense_variant,3) Uncertain significance,Q525P,0.8571428571428571
Isoniazid,katG,katG_p.Gln525Ser,p.Gln525Ser,missense_variant,3) Uncertain significance,Q525S,0.0
Isoniazid,katG,katG_p.Gln525Thr,p.Gln525Thr,missense_variant,3) Uncertain significance,Q525T,1.0
Isoniazid,katG,katG_p.Gln576Tyr,p.Gln576Tyr,missense_variant,3) Uncertain significance,Q576Y,0.5
Isoniazid,katG,katG_p.Gln578Arg,p.Gln578Arg,missense_variant,3) Uncertain significance,Q578R,1.0
Isoniazid,katG,katG_p.Gln578Pro,p.Gln578Pro,missense_variant,3) Uncertain significance,Q578P,1.0
Isoniazid,katG,katG_p.Gln679Glu,p.Gln679Glu,missense_variant,3) Uncertain significance,Q679E,1.0
Isoniazid,katG,katG_p.Gln679Pro,p.Gln679Pro,missense_variant,3) Uncertain significance,Q679P,0.5
Isoniazid,katG,katG_p.Gln679Tyr,p.Gln679Tyr,missense_variant,3) Uncertain significance,Q679Y,0.0
Isoniazid,katG,katG_p.Gln88Glu,p.Gln88Glu,missense_variant,3) Uncertain significance,Q88E,0.0
Isoniazid,katG,katG_p.Gln88Pro,p.Gln88Pro,missense_variant,3) Uncertain significance,Q88P,1.0
Isoniazid,katG,katG_p.Glu195Lys,p.Glu195Lys,missense_variant,3) Uncertain significance,E195K,0.0
Isoniazid,katG,katG_p.Glu208Ala,p.Glu208Ala,missense_variant,3) Uncertain significance,E208A,1.0
Isoniazid,katG,katG_p.Glu233Gln,p.Glu233Gln,missense_variant,3) Uncertain significance,E233Q,1.0
Isoniazid,katG,katG_p.Glu233Gly,p.Glu233Gly,missense_variant,3) Uncertain significance,E233G,0.75
Isoniazid,katG,katG_p.Glu233Lys,p.Glu233Lys,missense_variant,3) Uncertain significance,E233K,1.0
Isoniazid,katG,katG_p.Glu287Gly,p.Glu287Gly,missense_variant,3) Uncertain significance,E287G,1.0
Isoniazid,katG,katG_p.Glu289Ala,p.Glu289Ala,missense_variant,3) Uncertain significance,E289A,1.0
Isoniazid,katG,katG_p.Glu289Gly,p.Glu289Gly,missense_variant,3) Uncertain significance,E289G,1.0
Isoniazid,katG,katG_p.Glu294Gly,p.Glu294Gly,missense_variant,3) Uncertain significance,E294G,1.0
Isoniazid,katG,katG_p.Glu318Ala,p.Glu318Ala,missense_variant,3) Uncertain significance,E318A,1.0
Isoniazid,katG,katG_p.Glu31Ala,p.Glu31Ala,missense_variant,3) Uncertain significance,E31A,0.0
Isoniazid,katG,katG_p.Glu342Ala,p.Glu342Ala,missense_variant,3) Uncertain significance,E342A,0.5
Isoniazid,katG,katG_p.Glu391Asp,p.Glu391Asp,missense_variant,3) Uncertain significance,E391D,1.0
Isoniazid,katG,katG_p.Glu399Asp,p.Glu399Asp,missense_variant,3) Uncertain significance,E399D,0.5
Isoniazid,katG,katG_p.Glu3Gly,p.Glu3Gly,missense_variant,3) Uncertain significance,E3G,1.0
Isoniazid,katG,katG_p.Glu3Val,p.Glu3Val,missense_variant,3) Uncertain significance,E3V,1.0
Isoniazid,katG,katG_p.Glu402Ala,p.Glu402Ala,missense_variant,3) Uncertain significance,E402A,0.0
Isoniazid,katG,katG_p.Glu402Lys,p.Glu402Lys,missense_variant,3) Uncertain significance,E402K,0.25
Isoniazid,katG,katG_p.Glu407Lys,p.Glu407Lys,missense_variant,3) Uncertain significance,E407K,0.0
Isoniazid,katG,katG_p.Glu454Ala,p.Glu454Ala,missense_variant,3) Uncertain significance,E454A,1.0
Isoniazid,katG,katG_p.Glu506Asp,p.Glu506Asp,missense_variant,3) Uncertain significance,E506D,0.6666666666666666
Isoniazid,katG,katG_p.Glu522Gln,p.Glu522Gln,missense_variant,3) Uncertain significance,E522Q,1.0
Isoniazid,katG,katG_p.Glu522Lys,p.Glu522Lys,missense_variant,3) Uncertain significance,E522K,0.0
Isoniazid,katG,katG_p.Glu523Asp,p.Glu523Asp,missense_variant,3) Uncertain significance,E523D,0.0
Isoniazid,katG,katG_p.Glu526Asp,p.Glu526Asp,missense_variant,3) Uncertain significance,E526D,0.0
Isoniazid,katG,katG_p.Glu526Lys,p.Glu526Lys,missense_variant,3) Uncertain significance,E526K,1.0
Isoniazid,katG,katG_p.Glu553Lys,p.Glu553Lys,missense_variant,3) Uncertain significance,E553K,1.0
Isoniazid,katG,katG_p.Glu588Gly,p.Glu588Gly,missense_variant,3) Uncertain significance,E588G,1.0
Isoniazid,katG,katG_p.Glu607Asp,p.Glu607Asp,missense_variant,3) Uncertain significance,E607D,1.0
Isoniazid,katG,katG_p.Glu607Gly,p.Glu607Gly,missense_variant,3) Uncertain significance,E607G,1.0
Isoniazid,katG,katG_p.Glu607Lys,p.Glu607Lys,missense_variant,3) Uncertain significance,E607K,1.0
Isoniazid,katG,katG_p.Glu623Ala,p.Glu623Ala,missense_variant,3) Uncertain significance,E623A,0.0
Isoniazid,katG,katG_p.Glu623Gly,p.Glu623Gly,missense_variant,3) Uncertain significance,E623G,1.0
Isoniazid,katG,katG_p.Glu651Asp,p.Glu651Asp,missense_variant,3) Uncertain significance,E651D,0.0
Isoniazid,katG,katG_p.Glu709Ala,p.Glu709Ala,missense_variant,3) Uncertain significance,E709A,1.0
Isoniazid,katG,katG_p.Glu709Asp,p.Glu709Asp,missense_variant,3) Uncertain significance,E709D,1.0
Isoniazid,katG,katG_p.Glu709Gly,p.Glu709Gly,missense_variant,3) Uncertain significance,E709G,1.0
Isoniazid,katG,katG_p.Glu81Ala,p.Glu81Ala,missense_variant,3) Uncertain significance,E81A,1.0
Isoniazid,katG,katG_p.Glu82Asp,p.Glu82Asp,missense_variant,3) Uncertain significance,E82D,0.0
Isoniazid,katG,katG_p.Glu82Gly,p.Glu82Gly,missense_variant,3) Uncertain significance,E82G,0.0
Isoniazid,katG,katG_p.Gly111Asp,p.Gly111Asp,missense_variant,3) Uncertain significance,G111D,1.0
Isoniazid,katG,katG_p.Gly111Cys,p.Gly111Cys,missense_variant,3) Uncertain significance,G111C,1.0
Isoniazid,katG,katG_p.Gly118Ser,p.Gly118Ser,missense_variant,3) Uncertain significance,G118S,1.0
Isoniazid,katG,katG_p.Gly120Asp,p.Gly120Asp,missense_variant,3) Uncertain significance,G120D,1.0
Isoniazid,katG,katG_p.Gly120Ser,p.Gly120Ser,missense_variant,3) Uncertain significance,G120S,1.0
Isoniazid,katG,katG_p.Gly121Ala,p.Gly121Ala,missense_variant,3) Uncertain significance,G121A,0.5
Isoniazid,katG,katG_p.Gly121Asp,p.Gly121Asp,missense_variant,3) Uncertain significance,G121D,0.5
Isoniazid,katG,katG_p.Gly121Ser,p.Gly121Ser,missense_variant,3) Uncertain significance,G121S,0.7
Isoniazid,katG,katG_p.Gly121Val,p.Gly121Val,missense_variant,3) Uncertain significance,G121V,1.0
Isoniazid,katG,katG_p.Gly124Ala,p.Gly124Ala,missense_variant,3) Uncertain significance,G124A,1.0
Isoniazid,katG,katG_p.Gly124Asp,p.Gly124Asp,missense_variant,3) Uncertain significance,G124D,0.0
Isoniazid,katG,katG_p.Gly125Ala,p.Gly125Ala,missense_variant,3) Uncertain significance,G125A,1.0
Isoniazid,katG,katG_p.Gly125Asp,p.Gly125Asp,missense_variant,3) Uncertain significance,G125D,1.0
Isoniazid,katG,katG_p.Gly125Cys,p.Gly125Cys,missense_variant,3) Uncertain significance,G125C,1.0
Isoniazid,katG,katG_p.Gly125Ser,p.Gly125Ser,missense_variant,3) Uncertain significance,G125S,0.6666666666666666
Isoniazid,katG,katG_p.Gly156Asp,p.Gly156Asp,missense_variant,3) Uncertain significance,G156D,0.6666666666666666
Isoniazid,katG,katG_p.Gly156Ser,p.Gly156Ser,missense_variant,3) Uncertain significance,G156S,0.0
Isoniazid,katG,katG_p.Gly169Ala,p.Gly169Ala,missense_variant,3) Uncertain significance,G169A,1.0
Isoniazid,katG,katG_p.Gly169Arg,p.Gly169Arg,missense_variant,3) Uncertain significance,G169R,0.0
Isoniazid,katG,katG_p.Gly169Ser,p.Gly169Ser,missense_variant,3) Uncertain significance,G169S,1.0
Isoniazid,katG,katG_p.Gly169Val,p.Gly169Val,missense_variant,3) Uncertain significance,G169V,1.0
Isoniazid,katG,katG_p.Gly177Ala,p.Gly177Ala,missense_variant,3) Uncertain significance,G177A,1.0
Isoniazid,katG,katG_p.Gly177Val,p.Gly177Val,missense_variant,3) Uncertain significance,G177V,1.0
Isoniazid,katG,katG_p.Gly182Arg,p.Gly182Arg,missense_variant,3) Uncertain significance,G182R,1.0
Isoniazid,katG,katG_p.Gly182Glu,p.Gly182Glu,missense_variant,3) Uncertain significance,G182E,1.0
Isoniazid,katG,katG_p.Gly184Asp,p.Gly184Asp,missense_variant,3) Uncertain significance,G184D,0.0
Isoniazid,katG,katG_p.Gly186Ala,p.Gly186Ala,missense_variant,3) Uncertain significance,G186A,0.0
Isoniazid,katG,katG_p.Gly186Asp,p.Gly186Asp,missense_variant,3) Uncertain significance,G186D,1.0
Isoniazid,katG,katG_p.Gly19Val,p.Gly19Val,missense_variant,3) Uncertain significance,G19V,0.0
Isoniazid,katG,katG_p.Gly206Arg,p.Gly206Arg,missense_variant,3) Uncertain significance,G206R,0.0
Isoniazid,katG,katG_p.Gly206Asp,p.Gly206Asp,missense_variant,3) Uncertain significance,G206D,1.0
Isoniazid,katG,katG_p.Gly234Arg,p.Gly234Arg,missense_variant,3) Uncertain significance,G234R,0.6666666666666666
Isoniazid,katG,katG_p.Gly234Glu,p.Gly234Glu,missense_variant,3) Uncertain significance,G234E,1.0
Isoniazid,katG,katG_p.Gly237Ala,p.Gly237Ala,missense_variant,3) Uncertain significance,G237A,0.0
Isoniazid,katG,katG_p.Gly268Ser,p.Gly268Ser,missense_variant,3) Uncertain significance,G268S,1.0
Isoniazid,katG,katG_p.Gly269Asp,p.Gly269Asp,missense_variant,3) Uncertain significance,G269D,1.0
Isoniazid,katG,katG_p.Gly269Ser,p.Gly269Ser,missense_variant,3) Uncertain significance,G269S,1.0
Isoniazid,katG,katG_p.Gly273Cys,p.Gly273Cys,missense_variant,3) Uncertain significance,G273C,1.0
Isoniazid,katG,katG_p.Gly273Ser,p.Gly273Ser,missense_variant,3) Uncertain significance,G273S,1.0
Isoniazid,katG,katG_p.Gly277Asp,p.Gly277Asp,missense_variant,3) Uncertain significance,G277D,1.0
Isoniazid,katG,katG_p.Gly277Ser,p.Gly277Ser,missense_variant,3) Uncertain significance,G277S,1.0
Isoniazid,katG,katG_p.Gly279Asp,p.Gly279Asp,missense_variant,3) Uncertain significance,G279D,1.0
Isoniazid,katG,katG_p.Gly285Ala,p.Gly285Ala,missense_variant,3) Uncertain significance,G285A,0.0
Isoniazid,katG,katG_p.Gly285Arg,p.Gly285Arg,missense_variant,3) Uncertain significance,G285R,1.0
Isoniazid,katG,katG_p.Gly285Asp,p.Gly285Asp,missense_variant,3) Uncertain significance,G285D,0.5
Isoniazid,katG,katG_p.Gly285Cys,p.Gly285Cys,missense_variant,3) Uncertain significance,G285C,1.0
Isoniazid,katG,katG_p.Gly285Ser,p.Gly285Ser,missense_variant,3) Uncertain significance,G285S,1.0
Isoniazid,katG,katG_p.Gly285Val,p.Gly285Val,missense_variant,3) Uncertain significance,G285V,0.6
Isoniazid,katG,katG_p.Gly297Val,p.Gly297Val,missense_variant,3) Uncertain significance,G297V,0.8571428571428571
Isoniazid,katG,katG_p.Gly299Ala,p.Gly299Ala,missense_variant,3) Uncertain significance,G299A,1.0
Isoniazid,katG,katG_p.Gly299Asp,p.Gly299Asp,missense_variant,3) Uncertain significance,G299D,1.0
Isoniazid,katG,katG_p.Gly299Cys,p.Gly299Cys,missense_variant,3) Uncertain significance,G299C,1.0
Isoniazid,katG,katG_p.Gly299Ser,p.Gly299Ser,missense_variant,3) Uncertain significance,G299S,1.0
Isoniazid,katG,katG_p.Gly305Cys,p.Gly305Cys,missense_variant,3) Uncertain significance,G305C,0.0
Isoniazid,katG,katG_p.Gly305Ser,p.Gly305Ser,missense_variant,3) Uncertain significance,G305S,1.0
Isoniazid,katG,katG_p.Gly307Arg,p.Gly307Arg,missense_variant,3) Uncertain significance,G307R,1.0
Isoniazid,katG,katG_p.Gly307Glu,p.Gly307Glu,missense_variant,3) Uncertain significance,G307E,1.0
Isoniazid,katG,katG_p.Gly307Val,p.Gly307Val,missense_variant,3) Uncertain significance,G307V,1.0
Isoniazid,katG,katG_p.Gly338Asp,p.Gly338Asp,missense_variant,3) Uncertain significance,G338D,0.0
Isoniazid,katG,katG_p.Gly338Ser,p.Gly338Ser,missense_variant,3) Uncertain significance,G338S,0.5
Isoniazid,katG,katG_p.Gly33Ala,p.Gly33Ala,missense_variant,3) Uncertain significance,G33A,1.0
Isoniazid,katG,katG_p.Gly34Ala,p.Gly34Ala,missense_variant,3) Uncertain significance,G34A,1.0
Isoniazid,katG,katG_p.Gly34Arg,p.Gly34Arg,missense_variant,3) Uncertain significance,G34R,0.0
Isoniazid,katG,katG_p.Gly34Glu,p.Gly34Glu,missense_variant,3) Uncertain significance,G34E,1.0
Isoniazid,katG,katG_p.Gly369Ala,p.Gly369Ala,missense_variant,3) Uncertain significance,G369A,1.0
Isoniazid,katG,katG_p.Gly421Ala,p.Gly421Ala,missense_variant,3) Uncertain significance,G421A,1.0
Isoniazid,katG,katG_p.Gly428Glu,p.Gly428Glu,missense_variant,3) Uncertain significance,G428E,1.0
Isoniazid,katG,katG_p.Gly451Asp,p.Gly451Asp,missense_variant,3) Uncertain significance,G451D,0.0
Isoniazid,katG,katG_p.Gly466Arg,p.Gly466Arg,missense_variant,3) Uncertain significance,G466R,0.5
Isoniazid,katG,katG_p.Gly490Ala,p.Gly490Ala,missense_variant,3) Uncertain significance,G490A,1.0
Isoniazid,katG,katG_p.Gly490Ser,p.Gly490Ser,missense_variant,3) Uncertain significance,G490S,1.0
Isoniazid,katG,katG_p.Gly491Ala,p.Gly491Ala,missense_variant,3) Uncertain significance,G491A,1.0
Isoniazid,katG,katG_p.Gly491Ser,p.Gly491Ser,missense_variant,3) Uncertain significance,G491S,1.0
Isoniazid,katG,katG_p.Gly494Ala,p.Gly494Ala,missense_variant,3) Uncertain significance,G494A,0.6
Isoniazid,katG,katG_p.Gly494Ser,p.Gly494Ser,missense_variant,3) Uncertain significance,G494S,0.0
Isoniazid,katG,katG_p.Gly495Ala,p.Gly495Ala,missense_variant,3) Uncertain significance,G495A,1.0
Isoniazid,katG,katG_p.Gly495Ser,p.Gly495Ser,missense_variant,3) Uncertain significance,G495S,0.45
Isoniazid,katG,katG_p.Gly534Arg,p.Gly534Arg,missense_variant,3) Uncertain significance,G534R,0.0
Isoniazid,katG,katG_p.Gly548Arg,p.Gly548Arg,missense_variant,3) Uncertain significance,G548R,1.0
Isoniazid,katG,katG_p.Gly560Ala,p.Gly560Ala,missense_variant,3) Uncertain significance,G560A,0.6666666666666666
Isoniazid,katG,katG_p.Gly560Arg,p.Gly560Arg,missense_variant,3) Uncertain significance,G560R,1.0
Isoniazid,katG,katG_p.Gly560Ser,p.Gly560Ser,missense_variant,3) Uncertain significance,G560S,0.3333333333333333
Isoniazid,katG,katG_p.Gly570Phe,p.Gly570Phe,missense_variant,3) Uncertain significance,G570F,0.0
Isoniazid,katG,katG_p.Gly570Ser,p.Gly570Ser,missense_variant,3) Uncertain significance,G570S,1.0
Isoniazid,katG,katG_p.Gly593Asp,p.Gly593Asp,missense_variant,3) Uncertain significance,G593D,1.0
Isoniazid,katG,katG_p.Gly593Cys,p.Gly593Cys,missense_variant,3) Uncertain significance,G593C,0.0
Isoniazid,katG,katG_p.Gly593Ser,p.Gly593Ser,missense_variant,3) Uncertain significance,G593S,0.5
Isoniazid,katG,katG_p.Gly599Arg,p.Gly599Arg,missense_variant,3) Uncertain significance,G599R,1.0
Isoniazid,katG,katG_p.Gly601Asp,p.Gly601Asp,missense_variant,3) Uncertain significance,G601D,0.0
Isoniazid,katG,katG_p.Gly629Asp,p.Gly629Asp,missense_variant,3) Uncertain significance,G629D,1.0
Isoniazid,katG,katG_p.Gly629Cys,p.Gly629Cys,missense_variant,3) Uncertain significance,G629C,1.0
Isoniazid,katG,katG_p.Gly630Ser,p.Gly630Ser,missense_variant,3) Uncertain significance,G630S,0.0
Isoniazid,katG,katG_p.Gly635Ala,p.Gly635Ala,missense_variant,3) Uncertain significance,G635A,1.0
Isoniazid,katG,katG_p.Gly644Asp,p.Gly644Asp,missense_variant,3) Uncertain significance,G644D,1.0
Isoniazid,katG,katG_p.Gly683Arg,p.Gly683Arg,missense_variant,3) Uncertain significance,G683R,1.0
Isoniazid,katG,katG_p.Gly685Asp,p.Gly685Asp,missense_variant,3) Uncertain significance,G685D,0.0
Isoniazid,katG,katG_p.Gly699Arg,p.Gly699Arg,missense_variant,3) Uncertain significance,G699R,1.0
Isoniazid,katG,katG_p.Gly699Glu,p.Gly699Glu,missense_variant,3) Uncertain significance,G699E,0.9
Isoniazid,katG,katG_p.Gly699Val,p.Gly699Val,missense_variant,3) Uncertain significance,G699V,1.0
Isoniazid,katG,katG_p.Gly712Asp,p.Gly712Asp,missense_variant,3) Uncertain significance,G712D,1.0
Isoniazid,katG,katG_p.Gly712Val,p.Gly712Val,missense_variant,3) Uncertain significance,G712V,1.0
Isoniazid,katG,katG_p.Gly99Arg,p.Gly99Arg,missense_variant,3) Uncertain significance,G99R,1.0
Isoniazid,katG,katG_p.Gly99Glu,p.Gly99Glu,missense_variant,3) Uncertain significance,G99E,1.0
Isoniazid,katG,katG_p.His108Arg,p.His108Arg,missense_variant,3) Uncertain significance,H108R,1.0
Isoniazid,katG,katG_p.His116Tyr,p.His116Tyr,missense_variant,3) Uncertain significance,H116Y,0.5
Isoniazid,katG,katG_p.His270Pro,p.His270Pro,missense_variant,3) Uncertain significance,H270P,1.0
Isoniazid,katG,katG_p.His447Arg,p.His447Arg,missense_variant,3) Uncertain significance,H447R,0.0
Isoniazid,katG,katG_p.His49Tyr,p.His49Tyr,missense_variant,3) Uncertain significance,H49Y,0.6666666666666666
Isoniazid,katG,katG_p.His561Arg,p.His561Arg,missense_variant,3) Uncertain significance,H561R,0.0
Isoniazid,katG,katG_p.His97Leu,p.His97Leu,missense_variant,3) Uncertain significance,H97L,1.0
Isoniazid,katG,katG_p.His97Tyr,p.His97Tyr,missense_variant,3) Uncertain significance,H97Y,1.0
Isoniazid,katG,katG_p.Ile103Asn,p.Ile103Asn,missense_variant,3) Uncertain significance,I103N,1.0
Isoniazid,katG,katG_p.Ile103Val,p.Ile103Val,missense_variant,3) Uncertain significance,I103V,0.3333333333333333
Isoniazid,katG,katG_p.Ile228Leu,p.Ile228Leu,missense_variant,3) Uncertain significance,I228L,1.0
Isoniazid,katG,katG_p.Ile248Thr,p.Ile248Thr,missense_variant,3) Uncertain significance,I248T,1.0
Isoniazid,katG,katG_p.Ile248Val,p.Ile248Val,missense_variant,3) Uncertain significance,I248V,1.0
Isoniazid,katG,katG_p.Ile266Thr,p.Ile266Thr,missense_variant,3) Uncertain significance,I266T,0.0
Isoniazid,katG,katG_p.Ile317Val,p.Ile317Val,missense_variant,3) Uncertain significance,I317V,0.9583333333333334
Isoniazid,katG,katG_p.Ile335Val,p.Ile335Val,missense_variant,3) Uncertain significance,I335V,1.0
Isoniazid,katG,katG_p.Ile364Thr,p.Ile364Thr,missense_variant,3) Uncertain significance,I364T,1.0
Isoniazid,katG,katG_p.Ile393Ser,p.Ile393Ser,missense_variant,3) Uncertain significance,I393S,0.5
Isoniazid,katG,katG_p.Ile455Leu,p.Ile455Leu,missense_variant,3) Uncertain significance,I455L,0.0
Isoniazid,katG,katG_p.Ile455Met,p.Ile455Met,missense_variant,3) Uncertain significance,I455M,1.0
Isoniazid,katG,katG_p.Ile462Met,p.Ile462Met,missense_variant,3) Uncertain significance,I462M,0.0
Isoniazid,katG,katG_p.Ile462Ser,p.Ile462Ser,missense_variant,3) Uncertain significance,I462S,1.0
Isoniazid,katG,katG_p.Ile497Val,p.Ile497Val,missense_variant,3) Uncertain significance,I497V,0.0
Isoniazid,katG,katG_p.Ile666Met,p.Ile666Met,missense_variant,3) Uncertain significance,I666M,1.0
Isoniazid,katG,katG_p.Ile666Thr,p.Ile666Thr,missense_variant,3) Uncertain significance,I666T,1.0
Isoniazid,katG,katG_p.Ile71Ser,p.Ile71Ser,missense_variant,3) Uncertain significance,I71S,0.5
Isoniazid,katG,katG_p.Ile80Phe,p.Ile80Phe,missense_variant,3) Uncertain significance,I80F,0.0
Isoniazid,katG,katG_p.Ile80Thr,p.Ile80Thr,missense_variant,3) Uncertain significance,I80T,1.0
Isoniazid,katG,katG_p.Ile8Val,p.Ile8Val,missense_variant,3) Uncertain significance,I8V,0.0
Isoniazid,katG,katG_p.Leu132Arg,p.Leu132Arg,missense_variant,3) Uncertain significance,L132R,1.0
Isoniazid,katG,katG_p.Leu132Pro,p.Leu132Pro,missense_variant,3) Uncertain significance,L132P,1.0
Isoniazid,katG,katG_p.Leu141Phe,p.Leu141Phe,missense_variant,3) Uncertain significance,L141F,0.8
Isoniazid,katG,katG_p.Leu141Ser,p.Leu141Ser,missense_variant,3) Uncertain significance,L141S,0.9090909090909091
Isoniazid,katG,katG_p.Leu141Val,p.Leu141Val,missense_variant,3) Uncertain significance,L141V,1.0
Isoniazid,katG,katG_p.Leu147Ala,p.Leu147Ala,missense_variant,3) Uncertain significance,L147A,0.0
Isoniazid,katG,katG_p.Leu147Arg,p.Leu147Arg,missense_variant,3) Uncertain significance,L147R,0.0
Isoniazid,katG,katG_p.Leu159Phe,p.Leu159Phe,missense_variant,3) Uncertain significance,L159F,0.5
Isoniazid,katG,katG_p.Leu159Pro,p.Leu159Pro,missense_variant,3) Uncertain significance,L159P,1.0
Isoniazid,katG,katG_p.Leu164Arg,p.Leu164Arg,missense_variant,3) Uncertain significance,L164R,1.0
Isoniazid,katG,katG_p.Leu205Arg,p.Leu205Arg,missense_variant,3) Uncertain significance,L205R,0.0
Isoniazid,katG,katG_p.Leu220Pro,p.Leu220Pro,missense_variant,3) Uncertain significance,L220P,1.0
Isoniazid,katG,katG_p.Leu265Arg,p.Leu265Arg,missense_variant,3) Uncertain significance,L265R,1.0
Isoniazid,katG,katG_p.Leu298Phe,p.Leu298Phe,missense_variant,3) Uncertain significance,L298F,0.0
Isoniazid,katG,katG_p.Leu298Ser,p.Leu298Ser,missense_variant,3) Uncertain significance,L298S,1.0
Isoniazid,katG,katG_p.Leu333Phe,p.Leu333Phe,missense_variant,3) Uncertain significance,L333F,0.0
Isoniazid,katG,katG_p.Leu333Pro,p.Leu333Pro,missense_variant,3) Uncertain significance,L333P,1.0
Isoniazid,katG,katG_p.Leu336Met,p.Leu336Met,missense_variant,3) Uncertain significance,L336M,0.3333333333333333
Isoniazid,katG,katG_p.Leu378Met,p.Leu378Met,missense_variant,3) Uncertain significance,L378M,1.0
Isoniazid,katG,katG_p.Leu378Pro,p.Leu378Pro,missense_variant,3) Uncertain significance,L378P,0.5
Isoniazid,katG,katG_p.Leu382Arg,p.Leu382Arg,missense_variant,3) Uncertain significance,L382R,0.0
Isoniazid,katG,katG_p.Leu384Pro,p.Leu384Pro,missense_variant,3) Uncertain significance,L384P,1.0
Isoniazid,katG,katG_p.Leu398Arg,p.Leu398Arg,missense_variant,3) Uncertain significance,L398R,0.0
Isoniazid,katG,katG_p.Leu427Arg,p.Leu427Arg,missense_variant,3) Uncertain significance,L427R,0.0
Isoniazid,katG,katG_p.Leu427Phe,p.Leu427Phe,missense_variant,3) Uncertain significance,L427F,0.0
Isoniazid,katG,katG_p.Leu427Pro,p.Leu427Pro,missense_variant,3) Uncertain significance,L427P,1.0
Isoniazid,katG,katG_p.Leu436Arg,p.Leu436Arg,missense_variant,3) Uncertain significance,L436R,0.0
Isoniazid,katG,katG_p.Leu437Arg,p.Leu437Arg,missense_variant,3) Uncertain significance,L437R,0.0
Isoniazid,katG,katG_p.Leu43Arg,p.Leu43Arg,missense_variant,3) Uncertain significance,L43R,1.0
Isoniazid,katG,katG_p.Leu449Arg,p.Leu449Arg,missense_variant,3) Uncertain significance,L449R,0.0
Isoniazid,katG,katG_p.Leu458Arg,p.Leu458Arg,missense_variant,3) Uncertain significance,L458R,0.5
Isoniazid,katG,katG_p.Leu458Ser,p.Leu458Ser,missense_variant,3) Uncertain significance,L458S,0.0
Isoniazid,katG,katG_p.Leu472Pro,p.Leu472Pro,missense_variant,3) Uncertain significance,L472P,1.0
Isoniazid,katG,katG_p.Leu48Gln,p.Leu48Gln,missense_variant,3) Uncertain significance,L48Q,1.0
Isoniazid,katG,katG_p.Leu48Pro,p.Leu48Pro,missense_variant,3) Uncertain significance,L48P,1.0
Isoniazid,katG,katG_p.Leu514Pro,p.Leu514Pro,missense_variant,3) Uncertain significance,L514P,0.0
Isoniazid,katG,katG_p.Leu521Pro,p.Leu521Pro,missense_variant,3) Uncertain significance,L521P,1.0
Isoniazid,katG,katG_p.Leu587Arg,p.Leu587Arg,missense_variant,3) Uncertain significance,L587R,1.0
Isoniazid,katG,katG_p.Leu587Pro,p.Leu587Pro,missense_variant,3) Uncertain significance,L587P,0.5
Isoniazid,katG,katG_p.Leu598Arg,p.Leu598Arg,missense_variant,3) Uncertain significance,L598R,0.5
Isoniazid,katG,katG_p.Leu598Phe,p.Leu598Phe,missense_variant,3) Uncertain significance,L598F,1.0
Isoniazid,katG,katG_p.Leu604Phe,p.Leu604Phe,missense_variant,3) Uncertain significance,L604F,1.0
Isoniazid,katG,katG_p.Leu604Ser,p.Leu604Ser,missense_variant,3) Uncertain significance,L604S,1.0
Isoniazid,katG,katG_p.Leu611Arg,p.Leu611Arg,missense_variant,3) Uncertain significance,L611R,1.0
Isoniazid,katG,katG_p.Leu616Ser,p.Leu616Ser,missense_variant,3) Uncertain significance,L616S,0.0
Isoniazid,katG,katG_p.Leu627Pro,p.Leu627Pro,missense_variant,3) Uncertain significance,L627P,1.0
Isoniazid,katG,katG_p.Leu631Gln,p.Leu631Gln,missense_variant,3) Uncertain significance,L631Q,1.0
Isoniazid,katG,katG_p.Leu634Pro,p.Leu634Pro,missense_variant,3) Uncertain significance,L634P,1.0
Isoniazid,katG,katG_p.Leu661Arg,p.Leu661Arg,missense_variant,3) Uncertain significance,L661R,1.0
Isoniazid,katG,katG_p.Leu696Gln,p.Leu696Gln,missense_variant,3) Uncertain significance,L696Q,0.0
Isoniazid,katG,katG_p.Leu704Trp,p.Leu704Trp,missense_variant,3) Uncertain significance,L704W,1.0
Isoniazid,katG,katG_p.Leu704Val,p.Leu704Val,missense_variant,3) Uncertain significance,L704V,1.0
Isoniazid,katG,katG_p.Leu707Arg,p.Leu707Arg,missense_variant,3) Uncertain significance,L707R,0.0
Isoniazid,katG,katG_p.Leu707Pro,p.Leu707Pro,missense_variant,3) Uncertain significance,L707P,0.0
Isoniazid,katG,katG_p.Leu734Arg,p.Leu734Arg,missense_variant,3) Uncertain significance,L734R,1.0
Isoniazid,katG,katG_p.Leu734Val,p.Leu734Val,missense_variant,3) Uncertain significance,L734V,1.0
Isoniazid,katG,katG_p.Leu76Pro,p.Leu76Pro,missense_variant,3) Uncertain significance,L76P,1.0
Isoniazid,katG,katG_p.Lys143Asn,p.Lys143Asn,missense_variant,3) Uncertain significance,K143N,0.0
Isoniazid,katG,katG_p.Lys143Gln,p.Lys143Gln,missense_variant,3) Uncertain significance,K143Q,1.0
Isoniazid,katG,katG_p.Lys143Glu,p.Lys143Glu,missense_variant,3) Uncertain significance,K143E,1.0
Isoniazid,katG,katG_p.Lys143Thr,p.Lys143Thr,missense_variant,3) Uncertain significance,K143T,1.0
Isoniazid,katG,katG_p.Lys152Gln,p.Lys152Gln,missense_variant,3) Uncertain significance,K152Q,0.5
Isoniazid,katG,katG_p.Lys152Thr,p.Lys152Thr,missense_variant,3) Uncertain significance,K152T,1.0
Isoniazid,katG,katG_p.Lys153Asn,p.Lys153Asn,missense_variant,3) Uncertain significance,K153N,1.0
Isoniazid,katG,katG_p.Lys153Gln,p.Lys153Gln,missense_variant,3) Uncertain significance,K153Q,1.0
Isoniazid,katG,katG_p.Lys153Glu,p.Lys153Glu,missense_variant,3) Uncertain significance,K153E,1.0
Isoniazid,katG,katG_p.Lys157Asn,p.Lys157Asn,missense_variant,3) Uncertain significance,K157N,1.0
Isoniazid,katG,katG_p.Lys158Glu,p.Lys158Glu,missense_variant,3) Uncertain significance,K158E,0.0
Isoniazid,katG,katG_p.Lys200Arg,p.Lys200Arg,missense_variant,3) Uncertain significance,K200R,0.0
Isoniazid,katG,katG_p.Lys200Glu,p.Lys200Glu,missense_variant,3) Uncertain significance,K200E,1.0
Isoniazid,katG,katG_p.Lys310Asn,p.Lys310Asn,missense_variant,3) Uncertain significance,K310N,1.0
Isoniazid,katG,katG_p.Lys345Asn,p.Lys345Asn,missense_variant,3) Uncertain significance,K345N,0.0
Isoniazid,katG,katG_p.Lys433Thr,p.Lys433Thr,missense_variant,3) Uncertain significance,K433T,0.375
Isoniazid,katG,katG_p.Lys459Glu,p.Lys459Glu,missense_variant,3) Uncertain significance,K459E,1.0
Isoniazid,katG,katG_p.Lys459Thr,p.Lys459Thr,missense_variant,3) Uncertain significance,K459T,0.0
Isoniazid,katG,katG_p.Lys46Asn,p.Lys46Asn,missense_variant,3) Uncertain significance,K46N,1.0
Isoniazid,katG,katG_p.Lys46Glu,p.Lys46Glu,missense_variant,3) Uncertain significance,K46E,0.0
Isoniazid,katG,katG_p.Lys488Asn,p.Lys488Asn,missense_variant,3) Uncertain significance,K488N,1.0
Isoniazid,katG,katG_p.Lys488Glu,p.Lys488Glu,missense_variant,3) Uncertain significance,K488E,1.0
Isoniazid,katG,katG_p.Lys516Arg,p.Lys516Arg,missense_variant,3) Uncertain significance,K516R,1.0
Isoniazid,katG,katG_p.Lys537Glu,p.Lys537Glu,missense_variant,3) Uncertain significance,K537E,0.0
Isoniazid,katG,katG_p.Lys554Asn,p.Lys554Asn,missense_variant,3) Uncertain significance,K554N,0.0
Isoniazid,katG,katG_p.Lys557Arg,p.Lys557Arg,missense_variant,3) Uncertain significance,K557R,0.0
Isoniazid,katG,katG_p.Lys557Asn,p.Lys557Asn,missense_variant,3) Uncertain significance,K557N,0.3333333333333333
Isoniazid,katG,katG_p.Lys590Gln,p.Lys590Gln,missense_variant,3) Uncertain significance,K590Q,0.0
Isoniazid,katG,katG_p.Lys600Gln,p.Lys600Gln,missense_variant,3) Uncertain significance,K600Q,1.0
Isoniazid,katG,katG_p.Lys681Thr,p.Lys681Thr,missense_variant,3) Uncertain significance,K681T,0.0
Isoniazid,katG,katG_p.Lys686Glu,p.Lys686Glu,missense_variant,3) Uncertain significance,K686E,1.0
Isoniazid,katG,katG_p.Lys719Gln,p.Lys719Gln,missense_variant,3) Uncertain significance,K719Q,1.0
Isoniazid,katG,katG_p.Lys730Asn,p.Lys730Asn,missense_variant,3) Uncertain significance,K730N,0.0
Isoniazid,katG,katG_p.Met105Ile,p.Met105Ile,missense_variant,3) Uncertain significance,M105I,0.75
Isoniazid,katG,katG_p.Met126Ile,p.Met126Ile,missense_variant,3) Uncertain significance,M126I,0.6
Isoniazid,katG,katG_p.Met126Val,p.Met126Val,missense_variant,3) Uncertain significance,M126V,1.0
Isoniazid,katG,katG_p.Met176Ile,p.Met176Ile,missense_variant,3) Uncertain significance,M176I,1.0
Isoniazid,katG,katG_p.Met176Thr,p.Met176Thr,missense_variant,3) Uncertain significance,M176T,1.0
Isoniazid,katG,katG_p.Met225Ile,p.Met225Ile,missense_variant,3) Uncertain significance,M225I,1.0
Isoniazid,katG,katG_p.Met225Val,p.Met225Val,missense_variant,3) Uncertain significance,M225V,1.0
Isoniazid,katG,katG_p.Met242Ile,p.Met242Ile,missense_variant,3) Uncertain significance,M242I,0.0
Isoniazid,katG,katG_p.Met242Thr,p.Met242Thr,missense_variant,3) Uncertain significance,M242T,1.0
Isoniazid,katG,katG_p.Met257Ile,p.Met257Ile,missense_variant,3) Uncertain significance,M257I,0.9
Isoniazid,katG,katG_p.Met257Thr,p.Met257Thr,missense_variant,3) Uncertain significance,M257T,0.0
Isoniazid,katG,katG_p.Met296Ile,p.Met296Ile,missense_variant,3) Uncertain significance,M296I,1.0
Isoniazid,katG,katG_p.Met296Val,p.Met296Val,missense_variant,3) Uncertain significance,M296V,1.0
Isoniazid,katG,katG_p.Met377Arg,p.Met377Arg,missense_variant,3) Uncertain significance,M377R,1.0
Isoniazid,katG,katG_p.Met377Thr,p.Met377Thr,missense_variant,3) Uncertain significance,M377T,1.0
Isoniazid,katG,katG_p.Met420Ile,p.Met420Ile,missense_variant,3) Uncertain significance,M420I,0.0
Isoniazid,katG,katG_p.Met58Val,p.Met58Val,missense_variant,3) Uncertain significance,M58V,1.0
Isoniazid,katG,katG_p.Met609Ile,p.Met609Ile,missense_variant,3) Uncertain significance,M609I,1.0
Isoniazid,katG,katG_p.Met609Thr,p.Met609Thr,missense_variant,3) Uncertain significance,M609T,0.0
Isoniazid,katG,katG_p.Met624Ile,p.Met624Ile,missense_variant,3) Uncertain significance,M624I,1.0
Isoniazid,katG,katG_p.Met624Val,p.Met624Val,missense_variant,3) Uncertain significance,M624V,1.0
Isoniazid,katG,katG_p.Met84Ile,p.Met84Ile,missense_variant,3) Uncertain significance,M84I,0.0
Isoniazid,katG,katG_p.Met84Leu,p.Met84Leu,missense_variant,3) Uncertain significance,M84L,0.0
Isoniazid,katG,katG_p.Met84Thr,p.Met84Thr,missense_variant,3) Uncertain significance,M84T,1.0
Isoniazid,katG,katG_p.Met84Val,p.Met84Val,missense_variant,3) Uncertain significance,M84V,1.0
Isoniazid,katG,katG_p.Phe129Ser,p.Phe129Ser,missense_variant,3) Uncertain significance,F129S,1.0
Isoniazid,katG,katG_p.Phe167Cys,p.Phe167Cys,missense_variant,3) Uncertain significance,F167C,1.0
Isoniazid,katG,katG_p.Phe178Val,p.Phe178Val,missense_variant,3) Uncertain significance,F178V,0.5
Isoniazid,katG,katG_p.Phe183Leu,p.Phe183Leu,missense_variant,3) Uncertain significance,F183L,1.0
Isoniazid,katG,katG_p.Phe183Ser,p.Phe183Ser,missense_variant,3) Uncertain significance,F183S,1.0
Isoniazid,katG,katG_p.Phe252Leu,p.Phe252Leu,missense_variant,3) Uncertain significance,F252L,1.0
Isoniazid,katG,katG_p.Phe272Leu,p.Phe272Leu,missense_variant,3) Uncertain significance,F272L,1.0
Isoniazid,katG,katG_p.Phe332Val,p.Phe332Val,missense_variant,3) Uncertain significance,F332V,0.0
Isoniazid,katG,katG_p.Phe368Leu,p.Phe368Leu,missense_variant,3) Uncertain significance,F368L,1.0
Isoniazid,katG,katG_p.Phe408Leu,p.Phe408Leu,missense_variant,3) Uncertain significance,F408L,1.0
Isoniazid,katG,katG_p.Phe483Leu,p.Phe483Leu,missense_variant,3) Uncertain significance,F483L,1.0
Isoniazid,katG,katG_p.Phe483Ser,p.Phe483Ser,missense_variant,3) Uncertain significance,F483S,1.0
Isoniazid,katG,katG_p.Phe540Ser,p.Phe540Ser,missense_variant,3) Uncertain significance,F540S,1.0
Isoniazid,katG,katG_p.Phe567Ser,p.Phe567Ser,missense_variant,3) Uncertain significance,F567S,1.0
Isoniazid,katG,katG_p.Phe567Tyr,p.Phe567Tyr,missense_variant,3) Uncertain significance,F567Y,1.0
Isoniazid,katG,katG_p.Phe584Val,p.Phe584Val,missense_variant,3) Uncertain significance,F584V,0.3076923076923077
Isoniazid,katG,katG_p.Phe594Ile,p.Phe594Ile,missense_variant,3) Uncertain significance,F594I,1.0
Isoniazid,katG,katG_p.Phe594Leu,p.Phe594Leu,missense_variant,3) Uncertain significance,F594L,1.0
Isoniazid,katG,katG_p.Phe62Leu,p.Phe62Leu,missense_variant,3) Uncertain significance,F62L,0.75
Isoniazid,katG,katG_p.Phe62Ser,p.Phe62Ser,missense_variant,3) Uncertain significance,F62S,1.0
Isoniazid,katG,katG_p.Phe658Leu,p.Phe658Leu,missense_variant,3) Uncertain significance,F658L,0.0
Isoniazid,katG,katG_p.Phe658Val,p.Phe658Val,missense_variant,3) Uncertain significance,F658V,0.0
Isoniazid,katG,katG_p.Phe698Leu,p.Phe698Leu,missense_variant,3) Uncertain significance,F698L,1.0
Isoniazid,katG,katG_p.Phe724Leu,p.Phe724Leu,missense_variant,3) Uncertain significance,F724L,1.0
Isoniazid,katG,katG_p.Pro131Gln,p.Pro131Gln,missense_variant,3) Uncertain significance,P131Q,1.0
Isoniazid,katG,katG_p.Pro131Ser,p.Pro131Ser,missense_variant,3) Uncertain significance,P131S,0.3333333333333333
Isoniazid,katG,katG_p.Pro136Leu,p.Pro136Leu,missense_variant,3) Uncertain significance,P136L,0.6666666666666666
Isoniazid,katG,katG_p.Pro150Ser,p.Pro150Ser,missense_variant,3) Uncertain significance,P150S,1.0
Isoniazid,katG,katG_p.Pro232Ala,p.Pro232Ala,missense_variant,3) Uncertain significance,P232A,1.0
Isoniazid,katG,katG_p.Pro232Arg,p.Pro232Arg,missense_variant,3) Uncertain significance,P232R,1.0
Isoniazid,katG,katG_p.Pro232Leu,p.Pro232Leu,missense_variant,3) Uncertain significance,P232L,1.0
Isoniazid,katG,katG_p.Pro232Ser,p.Pro232Ser,missense_variant,3) Uncertain significance,P232S,0.9285714285714286
Isoniazid,katG,katG_p.Pro235Ser,p.Pro235Ser,missense_variant,3) Uncertain significance,P235S,1.0
Isoniazid,katG,katG_p.Pro241His,p.Pro241His,missense_variant,3) Uncertain significance,P241H,1.0
Isoniazid,katG,katG_p.Pro280Ser,p.Pro280Ser,missense_variant,3) Uncertain significance,P280S,0.4375
Isoniazid,katG,katG_p.Pro286Ala,p.Pro286Ala,missense_variant,3) Uncertain significance,P286A,0.0
Isoniazid,katG,katG_p.Pro286His,p.Pro286His,missense_variant,3) Uncertain significance,P286H,1.0
Isoniazid,katG,katG_p.Pro286Leu,p.Pro286Leu,missense_variant,3) Uncertain significance,P286L,0.0
Isoniazid,katG,katG_p.Pro288His,p.Pro288His,missense_variant,3) Uncertain significance,P288H,1.0
Isoniazid,katG,katG_p.Pro288Leu,p.Pro288Leu,missense_variant,3) Uncertain significance,P288L,1.0
Isoniazid,katG,katG_p.Pro292Ala,p.Pro292Ala,missense_variant,3) Uncertain significance,P292A,1.0
Isoniazid,katG,katG_p.Pro29Ser,p.Pro29Ser,missense_variant,3) Uncertain significance,P29S,1.0
Isoniazid,katG,katG_p.Pro2Ser,p.Pro2Ser,missense_variant,3) Uncertain significance,P2S,1.0
Isoniazid,katG,katG_p.Pro325Ser,p.Pro325Ser,missense_variant,3) Uncertain significance,P325S,1.0
Isoniazid,katG,katG_p.Pro325Thr,p.Pro325Thr,missense_variant,3) Uncertain significance,P325T,1.0
Isoniazid,katG,katG_p.Pro347Ser,p.Pro347Ser,missense_variant,3) Uncertain significance,P347S,0.0
Isoniazid,katG,katG_p.Pro365Thr,p.Pro365Thr,missense_variant,3) Uncertain significance,P365T,1.0
Isoniazid,katG,katG_p.Pro367Leu,p.Pro367Leu,missense_variant,3) Uncertain significance,P367L,1.0
Isoniazid,katG,katG_p.Pro401Leu,p.Pro401Leu,missense_variant,3) Uncertain significance,P401L,1.0
Isoniazid,katG,katG_p.Pro40Leu,p.Pro40Leu,missense_variant,3) Uncertain significance,P40L,0.0
Isoniazid,katG,katG_p.Pro422His,p.Pro422His,missense_variant,3) Uncertain significance,P422H,0.0
Isoniazid,katG,katG_p.Pro429Arg,p.Pro429Arg,missense_variant,3) Uncertain significance,P429R,0.3333333333333333
Isoniazid,katG,katG_p.Pro432Leu,p.Pro432Leu,missense_variant,3) Uncertain significance,P432L,0.8333333333333334
Isoniazid,katG,katG_p.Pro432Thr,p.Pro432Thr,missense_variant,3) Uncertain significance,P432T,0.0
Isoniazid,katG,katG_p.Pro510Ala,p.Pro510Ala,missense_variant,3) Uncertain significance,P510A,0.0
Isoniazid,katG,katG_p.Pro52Arg,p.Pro52Arg,missense_variant,3) Uncertain significance,P52R,0.0
Isoniazid,katG,katG_p.Pro52Ser,p.Pro52Ser,missense_variant,3) Uncertain significance,P52S,0.0
Isoniazid,katG,katG_p.Pro533Leu,p.Pro533Leu,missense_variant,3) Uncertain significance,P533L,0.0
Isoniazid,katG,katG_p.Pro566Leu,p.Pro566Leu,missense_variant,3) Uncertain significance,P566L,0.0
Isoniazid,katG,katG_p.Pro566Ser,p.Pro566Ser,missense_variant,3) Uncertain significance,P566S,0.0
Isoniazid,katG,katG_p.Pro569Leu,p.Pro569Leu,missense_variant,3) Uncertain significance,P569L,0.5
Isoniazid,katG,katG_p.Pro57Ser,p.Pro57Ser,missense_variant,3) Uncertain significance,P57S,1.0
Isoniazid,katG,katG_p.Pro605Arg,p.Pro605Arg,missense_variant,3) Uncertain significance,P605R,0.0
Isoniazid,katG,katG_p.Pro672Ser,p.Pro672Ser,missense_variant,3) Uncertain significance,P672S,0.0
Isoniazid,katG,katG_p.Pro6Ser,p.Pro6Ser,missense_variant,3) Uncertain significance,P6S,0.21052631578947367
Isoniazid,katG,katG_p.Pro718Ser,p.Pro718Ser,missense_variant,3) Uncertain significance,P718S,0.0
Isoniazid,katG,katG_p.Pro92Ser,p.Pro92Ser,missense_variant,3) Uncertain significance,P92S,1.0
Isoniazid,katG,katG_p.Ser140Arg,p.Ser140Arg,missense_variant,3) Uncertain significance,S140R,0.0
Isoniazid,katG,katG_p.Ser140Asn,p.Ser140Asn,missense_variant,3) Uncertain significance,S140N,0.7
Isoniazid,katG,katG_p.Ser140Gly,p.Ser140Gly,missense_variant,3) Uncertain significance,S140G,0.0
Isoniazid,katG,katG_p.Ser160Pro,p.Ser160Pro,missense_variant,3) Uncertain significance,S160P,1.0
Isoniazid,katG,katG_p.Ser17Gly,p.Ser17Gly,missense_variant,3) Uncertain significance,S17G,0.5
Isoniazid,katG,katG_p.Ser211Asn,p.Ser211Asn,missense_variant,3) Uncertain significance,S211N,0.3333333333333333
Isoniazid,katG,katG_p.Ser302Arg,p.Ser302Arg,missense_variant,3) Uncertain significance,S302R,0.875
Isoniazid,katG,katG_p.Ser315Arg,p.Ser315Arg,missense_variant,1) Assoc w R,S315R,0.9333333333333333
Isoniazid,katG,katG_p.Ser315Asn,p.Ser315Asn,missense_variant,1) Assoc w R,S315N,0.976303317535545
Isoniazid,katG,katG_p.Ser315Gly,p.Ser315Gly,missense_variant,3) Uncertain significance,S315G,0.9666666666666667
Isoniazid,katG,katG_p.Ser315Ile,p.Ser315Ile,missense_variant,2) Assoc w R - Interim,S315I,1.0
Isoniazid,katG,katG_p.Ser315Thr,p.Ser315Thr,missense_variant,1) Assoc w R,S315T,0.984896085065249
Isoniazid,katG,katG_p.Ser331Gly,p.Ser331Gly,missense_variant,3) Uncertain significance,S331G,1.0
Isoniazid,katG,katG_p.Ser331Ile,p.Ser331Ile,missense_variant,3) Uncertain significance,S331I,1.0
Isoniazid,katG,katG_p.Ser383Pro,p.Ser383Pro,missense_variant,3) Uncertain significance,S383P,1.0
Isoniazid,katG,katG_p.Ser383Trp,p.Ser383Trp,missense_variant,3) Uncertain significance,S383W,1.0
Isoniazid,katG,katG_p.Ser446Asn,p.Ser446Asn,missense_variant,3) Uncertain significance,S446N,0.0
Isoniazid,katG,katG_p.Ser457Gly,p.Ser457Gly,missense_variant,3) Uncertain significance,S457G,0.0
Isoniazid,katG,katG_p.Ser457Ile,p.Ser457Ile,missense_variant,3) Uncertain significance,S457I,1.0
Isoniazid,katG,katG_p.Ser460Asn,p.Ser460Asn,missense_variant,3) Uncertain significance,S460N,1.0
Isoniazid,katG,katG_p.Ser465Pro,p.Ser465Pro,missense_variant,3) Uncertain significance,S465P,1.0
Isoniazid,katG,katG_p.Ser474Gln,p.Ser474Gln,missense_variant,3) Uncertain significance,S474Q,0.0
Isoniazid,katG,katG_p.Ser474Pro,p.Ser474Pro,missense_variant,3) Uncertain significance,S474P,1.0
Isoniazid,katG,katG_p.Ser481Ala,p.Ser481Ala,missense_variant,3) Uncertain significance,S481A,0.0
Isoniazid,katG,katG_p.Ser481Leu,p.Ser481Leu,missense_variant,3) Uncertain significance,S481L,0.5
Isoniazid,katG,katG_p.Ser482Pro,p.Ser482Pro,missense_variant,3) Uncertain significance,S482P,1.0
Isoniazid,katG,katG_p.Ser486Asn,p.Ser486Asn,missense_variant,3) Uncertain significance,S486N,1.0
Isoniazid,katG,katG_p.Ser527Leu,p.Ser527Leu,missense_variant,3) Uncertain significance,S527L,0.0
Isoniazid,katG,katG_p.Ser620Arg,p.Ser620Arg,missense_variant,3) Uncertain significance,S620R,0.0
Isoniazid,katG,katG_p.Ser650Phe,p.Ser650Phe,missense_variant,3) Uncertain significance,S650F,1.0
Isoniazid,katG,katG_p.Ser652Ala,p.Ser652Ala,missense_variant,3) Uncertain significance,S652A,0.0
Isoniazid,katG,katG_p.Ser652Pro,p.Ser652Pro,missense_variant,3) Uncertain significance,S652P,1.0
Isoniazid,katG,katG_p.Ser684Arg,p.Ser684Arg,missense_variant,3) Uncertain significance,S684R,0.0
Isoniazid,katG,katG_p.Ser692Arg,p.Ser692Arg,missense_variant,3) Uncertain significance,S692R,1.0
Isoniazid,katG,katG_p.Ser700Phe,p.Ser700Phe,missense_variant,3) Uncertain significance,S700F,0.5
Isoniazid,katG,katG_p.Ser700Pro,p.Ser700Pro,missense_variant,3) Uncertain significance,S700P,1.0
Isoniazid,katG,katG_p.Ser87Leu,p.Ser87Leu,missense_variant,3) Uncertain significance,S87L,0.0
Isoniazid,katG,katG_p.Thr112Ser,p.Thr112Ser,missense_variant,3) Uncertain significance,T112S,0.0
Isoniazid,katG,katG_p.Thr11Ala,p.Thr11Ala,missense_variant,3) Uncertain significance,T11A,1.0
Isoniazid,katG,katG_p.Thr11Ser,p.Thr11Ser,missense_variant,3) Uncertain significance,T11S,0.0
Isoniazid,katG,katG_p.Thr12Ala,p.Thr12Ala,missense_variant,3) Uncertain significance,T12A,0.0
Isoniazid,katG,katG_p.Thr180Met,p.Thr180Met,missense_variant,3) Uncertain significance,T180M,1.0
Isoniazid,katG,katG_p.Thr251Pro,p.Thr251Pro,missense_variant,3) Uncertain significance,T251P,1.0
Isoniazid,katG,katG_p.Thr271Ala,p.Thr271Ala,missense_variant,3) Uncertain significance,T271A,1.0
Isoniazid,katG,katG_p.Thr271Ile,p.Thr271Ile,missense_variant,3) Uncertain significance,T271I,1.0
Isoniazid,katG,katG_p.Thr271Pro,p.Thr271Pro,missense_variant,3) Uncertain significance,T271P,1.0
Isoniazid,katG,katG_p.Thr275Ala,p.Thr275Ala,missense_variant,3) Uncertain significance,T275A,1.0
Isoniazid,katG,katG_p.Thr275Pro,p.Thr275Pro,missense_variant,3) Uncertain significance,T275P,1.0
Isoniazid,katG,katG_p.Thr306Ala,p.Thr306Ala,missense_variant,3) Uncertain significance,T306A,0.0
Isoniazid,katG,katG_p.Thr306Pro,p.Thr306Pro,missense_variant,3) Uncertain significance,T306P,1.0
Isoniazid,katG,katG_p.Thr322Ala,p.Thr322Ala,missense_variant,3) Uncertain significance,T322A,1.0
Isoniazid,katG,katG_p.Thr322Lys,p.Thr322Lys,missense_variant,3) Uncertain significance,T322K,1.0
Isoniazid,katG,katG_p.Thr322Pro,p.Thr322Pro,missense_variant,3) Uncertain significance,T322P,1.0
Isoniazid,katG,katG_p.Thr324Asn,p.Thr324Asn,missense_variant,3) Uncertain significance,T324N,0.0
Isoniazid,katG,katG_p.Thr324Pro,p.Thr324Pro,missense_variant,3) Uncertain significance,T324P,1.0
Isoniazid,katG,katG_p.Thr326Met,p.Thr326Met,missense_variant,3) Uncertain significance,T326M,1.0
Isoniazid,katG,katG_p.Thr326Pro,p.Thr326Pro,missense_variant,3) Uncertain significance,T326P,1.0
Isoniazid,katG,katG_p.Thr344Leu,p.Thr344Leu,missense_variant,3) Uncertain significance,T344L,0.0
Isoniazid,katG,katG_p.Thr344Met,p.Thr344Met,missense_variant,3) Uncertain significance,T344M,1.0
Isoniazid,katG,katG_p.Thr344Pro,p.Thr344Pro,missense_variant,3) Uncertain significance,T344P,0.8333333333333334
Isoniazid,katG,katG_p.Thr344Ser,p.Thr344Ser,missense_variant,3) Uncertain significance,T344S,0.0
Isoniazid,katG,katG_p.Thr354Ile,p.Thr354Ile,missense_variant,3) Uncertain significance,T354I,0.06666666666666667
Isoniazid,katG,katG_p.Thr363Ala,p.Thr363Ala,missense_variant,3) Uncertain significance,T363A,0.0
Isoniazid,katG,katG_p.Thr376Lys,p.Thr376Lys,missense_variant,3) Uncertain significance,T376K,0.0
Isoniazid,katG,katG_p.Thr376Met,p.Thr376Met,missense_variant,3) Uncertain significance,T376M,0.0
Isoniazid,katG,katG_p.Thr380Ala,p.Thr380Ala,missense_variant,3) Uncertain significance,T380A,1.0
Isoniazid,katG,katG_p.Thr380Ile,p.Thr380Ile,missense_variant,3) Uncertain significance,T380I,0.9642857142857143
Isoniazid,katG,katG_p.Thr380Pro,p.Thr380Pro,missense_variant,3) Uncertain significance,T380P,1.0
Isoniazid,katG,katG_p.Thr380Ser,p.Thr380Ser,missense_variant,3) Uncertain significance,T380S,0.0
Isoniazid,katG,katG_p.Thr394Ala,p.Thr394Ala,missense_variant,3) Uncertain significance,T394A,0.8
Isoniazid,katG,katG_p.Thr435Ile,p.Thr435Ile,missense_variant,3) Uncertain significance,T435I,1.0
Isoniazid,katG,katG_p.Thr468Pro,p.Thr468Pro,missense_variant,3) Uncertain significance,T468P,1.0
Isoniazid,katG,katG_p.Thr475Ile,p.Thr475Ile,missense_variant,3) Uncertain significance,T475I,0.15
Isoniazid,katG,katG_p.Thr520Ala,p.Thr520Ala,missense_variant,3) Uncertain significance,T520A,0.0
Isoniazid,katG,katG_p.Thr520Asn,p.Thr520Asn,missense_variant,3) Uncertain significance,T520N,0.0
Isoniazid,katG,katG_p.Thr568His,p.Thr568His,missense_variant,3) Uncertain significance,T568H,1.0
Isoniazid,katG,katG_p.Thr568Pro,p.Thr568Pro,missense_variant,3) Uncertain significance,T568P,1.0
Isoniazid,katG,katG_p.Thr579Ala,p.Thr579Ala,missense_variant,3) Uncertain significance,T579A,1.0
Isoniazid,katG,katG_p.Thr579Ser,p.Thr579Ser,missense_variant,3) Uncertain significance,T579S,1.0
Isoniazid,katG,katG_p.Thr625Ala,p.Thr625Ala,missense_variant,3) Uncertain significance,T625A,0.7368421052631579
Isoniazid,katG,katG_p.Thr625Lys,p.Thr625Lys,missense_variant,3) Uncertain significance,T625K,1.0
Isoniazid,katG,katG_p.Thr625Pro,p.Thr625Pro,missense_variant,3) Uncertain significance,T625P,1.0
Isoniazid,katG,katG_p.Thr647Pro,p.Thr647Pro,missense_variant,3) Uncertain significance,T647P,0.0
Isoniazid,katG,katG_p.Thr654Ala,p.Thr654Ala,missense_variant,3) Uncertain significance,T654A,0.0
Isoniazid,katG,katG_p.Thr654Asn,p.Thr654Asn,missense_variant,3) Uncertain significance,T654N,0.0
Isoniazid,katG,katG_p.Thr654Ser,p.Thr654Ser,missense_variant,3) Uncertain significance,T654S,0.0
Isoniazid,katG,katG_p.Thr667Pro,p.Thr667Pro,missense_variant,3) Uncertain significance,T667P,0.8333333333333334
Isoniazid,katG,katG_p.Thr677Pro,p.Thr677Pro,missense_variant,3) Uncertain significance,T677P,1.0
Isoniazid,katG,katG_p.Thr690Pro,p.Thr690Pro,missense_variant,3) Uncertain significance,T690P,0.8
Isoniazid,katG,katG_p.Thr77Arg,p.Thr77Arg,missense_variant,3) Uncertain significance,T77R,0.0
Isoniazid,katG,katG_p.Thr85Ala,p.Thr85Ala,missense_variant,3) Uncertain significance,T85A,0.75
Isoniazid,katG,katG_p.Thr85Pro,p.Thr85Pro,missense_variant,3) Uncertain significance,T85P,0.3333333333333333
Isoniazid,katG,katG_p.Thr9Lys,p.Thr9Lys,missense_variant,3) Uncertain significance,T9K,0.0
Isoniazid,katG,katG_p.Trp149Arg,p.Trp149Arg,missense_variant,3) Uncertain significance,W149R,1.0
Isoniazid,katG,katG_p.Trp149Cys,p.Trp149Cys,missense_variant,3) Uncertain significance,W149C,1.0
Isoniazid,katG,katG_p.Trp149Gly,p.Trp149Gly,missense_variant,3) Uncertain significance,W149G,1.0
Isoniazid,katG,katG_p.Trp161Arg,p.Trp161Arg,missense_variant,3) Uncertain significance,W161R,0.7142857142857143
Isoniazid,katG,katG_p.Trp161Gln,p.Trp161Gln,missense_variant,3) Uncertain significance,W161Q,1.0
Isoniazid,katG,katG_p.Trp191Arg,p.Trp191Arg,missense_variant,3) Uncertain significance,W191R,0.9
Isoniazid,katG,katG_p.Trp191Gly,p.Trp191Gly,missense_variant,3) Uncertain significance,W191G,0.72
Isoniazid,katG,katG_p.Trp300Arg,p.Trp300Arg,missense_variant,3) Uncertain significance,W300R,1.0
Isoniazid,katG,katG_p.Trp300Cys,p.Trp300Cys,missense_variant,3) Uncertain significance,W300C,0.6666666666666666
Isoniazid,katG,katG_p.Trp300Gly,p.Trp300Gly,missense_variant,3) Uncertain significance,W300G,1.0
Isoniazid,katG,katG_p.Trp300Ser,p.Trp300Ser,missense_variant,3) Uncertain significance,W300S,1.0
Isoniazid,katG,katG_p.Trp321Ser,p.Trp321Ser,missense_variant,3) Uncertain significance,W321S,1.0
Isoniazid,katG,katG_p.Trp328Arg,p.Trp328Arg,missense_variant,3) Uncertain significance,W328R,1.0
Isoniazid,katG,katG_p.Trp328Cys,p.Trp328Cys,missense_variant,3) Uncertain significance,W328C,1.0
Isoniazid,katG,katG_p.Trp328Leu,p.Trp328Leu,missense_variant,1) Assoc w R,W328L,1.0
Isoniazid,katG,katG_p.Trp328Ser,p.Trp328Ser,missense_variant,3) Uncertain significance,W328S,1.0
Isoniazid,katG,katG_p.Trp328Tyr,p.Trp328Tyr,missense_variant,3) Uncertain significance,W328Y,1.0
Isoniazid,katG,katG_p.Trp341Gly,p.Trp341Gly,missense_variant,3) Uncertain significance,W341G,1.0
Isoniazid,katG,katG_p.Trp351Leu,p.Trp351Leu,missense_variant,3) Uncertain significance,W351L,0.0
Isoniazid,katG,katG_p.Trp397Gly,p.Trp397Gly,missense_variant,3) Uncertain significance,W397G,1.0
Isoniazid,katG,katG_p.Trp39Arg,p.Trp39Arg,missense_variant,3) Uncertain significance,W39R,1.0
Isoniazid,katG,katG_p.Trp412Cys,p.Trp412Cys,missense_variant,3) Uncertain significance,W412C,1.0
Isoniazid,katG,katG_p.Trp412Tyr,p.Trp412Tyr,missense_variant,3) Uncertain significance,W412Y,0.0
Isoniazid,katG,katG_p.Trp438Cys,p.Trp438Cys,missense_variant,3) Uncertain significance,W438C,1.0
Isoniazid,katG,katG_p.Trp438Gly,p.Trp438Gly,missense_variant,3) Uncertain significance,W438G,1.0
Isoniazid,katG,katG_p.Trp505Arg,p.Trp505Arg,missense_variant,3) Uncertain significance,W505R,1.0
Isoniazid,katG,katG_p.Trp505Ser,p.Trp505Ser,missense_variant,3) Uncertain significance,W505S,1.0
Isoniazid,katG,katG_p.Trp668Cys,p.Trp668Cys,missense_variant,3) Uncertain significance,W668C,0.0
Isoniazid,katG,katG_p.Trp689Cys,p.Trp689Cys,missense_variant,3) Uncertain significance,W689C,1.0
Isoniazid,katG,katG_p.Trp689Gly,p.Trp689Gly,missense_variant,3) Uncertain significance,W689G,0.5
Isoniazid,katG,katG_p.Trp728Cys,p.Trp728Cys,missense_variant,3) Uncertain significance,W728C,1.0
Isoniazid,katG,katG_p.Trp728Phe,p.Trp728Phe,missense_variant,3) Uncertain significance,W728F,0.0
Isoniazid,katG,katG_p.Trp728Tyr,p.Trp728Tyr,missense_variant,3) Uncertain significance,W728Y,0.0
Isoniazid,katG,katG_p.Trp90Arg,p.Trp90Arg,missense_variant,3) Uncertain significance,W90R,1.0
Isoniazid,katG,katG_p.Trp90Cys,p.Trp90Cys,missense_variant,3) Uncertain significance,W90C,1.0
Isoniazid,katG,katG_p.Trp91Arg,p.Trp91Arg,missense_variant,3) Uncertain significance,W91R,0.4
Isoniazid,katG,katG_p.Trp91Gly,p.Trp91Gly,missense_variant,3) Uncertain significance,W91G,1.0
Isoniazid,katG,katG_p.Tyr155Asp,p.Tyr155Asp,missense_variant,3) Uncertain significance,Y155D,1.0
Isoniazid,katG,katG_p.Tyr155Cys,p.Tyr155Cys,missense_variant,3) Uncertain significance,Y155C,0.9090909090909091
Isoniazid,katG,katG_p.Tyr155Ser,p.Tyr155Ser,missense_variant,3) Uncertain significance,Y155S,1.0
Isoniazid,katG,katG_p.Tyr197Asp,p.Tyr197Asp,missense_variant,3) Uncertain significance,Y197D,0.5
Isoniazid,katG,katG_p.Tyr229Cys,p.Tyr229Cys,missense_variant,3) Uncertain significance,Y229C,1.0
Isoniazid,katG,katG_p.Tyr337Asp,p.Tyr337Asp,missense_variant,3) Uncertain significance,Y337D,1.0
Isoniazid,katG,katG_p.Tyr337Cys,p.Tyr337Cys,missense_variant,3) Uncertain significance,Y337C,0.9
Isoniazid,katG,katG_p.Tyr353Cys,p.Tyr353Cys,missense_variant,3) Uncertain significance,Y353C,0.0
Isoniazid,katG,katG_p.Tyr390Cys,p.Tyr390Cys,missense_variant,3) Uncertain significance,Y390C,0.0
Isoniazid,katG,katG_p.Tyr390Ser,p.Tyr390Ser,missense_variant,3) Uncertain significance,Y390S,1.0
Isoniazid,katG,katG_p.Tyr413Cys,p.Tyr413Cys,missense_variant,3) Uncertain significance,Y413C,0.7142857142857143
Isoniazid,katG,katG_p.Tyr413His,p.Tyr413His,missense_variant,3) Uncertain significance,Y413H,0.4
Isoniazid,katG,katG_p.Tyr426His,p.Tyr426His,missense_variant,3) Uncertain significance,Y426H,1.0
Isoniazid,katG,katG_p.Tyr597His,p.Tyr597His,missense_variant,3) Uncertain significance,Y597H,1.0
Isoniazid,katG,katG_p.Tyr597Ser,p.Tyr597Ser,missense_variant,3) Uncertain significance,Y597S,1.0
Isoniazid,katG,katG_p.Tyr638Cys,p.Tyr638Cys,missense_variant,3) Uncertain significance,Y638C,0.0
Isoniazid,katG,katG_p.Tyr64Asn,p.Tyr64Asn,missense_variant,3) Uncertain significance,Y64N,1.0
Isoniazid,katG,katG_p.Tyr64Asp,p.Tyr64Asp,missense_variant,3) Uncertain significance,Y64D,0.5
Isoniazid,katG,katG_p.Tyr64Cys,p.Tyr64Cys,missense_variant,3) Uncertain significance,Y64C,1.0
Isoniazid,katG,katG_p.Tyr64His,p.Tyr64His,missense_variant,3) Uncertain significance,Y64H,1.0
Isoniazid,katG,katG_p.Tyr64Ser,p.Tyr64Ser,missense_variant,3) Uncertain significance,Y64S,1.0
Isoniazid,katG,katG_p.Tyr678Ala,p.Tyr678Ala,missense_variant,3) Uncertain significance,Y678A,0.0
Isoniazid,katG,katG_p.Tyr678Cys,p.Tyr678Cys,missense_variant,3) Uncertain significance,Y678C,1.0
Isoniazid,katG,katG_p.Tyr678Leu,p.Tyr678Leu,missense_variant,3) Uncertain significance,Y678L,0.0
Isoniazid,katG,katG_p.Tyr98Cys,p.Tyr98Cys,missense_variant,3) Uncertain significance,Y98C,1.0
Isoniazid,katG,katG_p.Val166Ile,p.Val166Ile,missense_variant,3) Uncertain significance,V166I,0.0
Isoniazid,katG,katG_p.Val196Ala,p.Val196Ala,missense_variant,3) Uncertain significance,V196A,1.0
Isoniazid,katG,katG_p.Val196Gly,p.Val196Gly,missense_variant,3) Uncertain significance,V196G,1.0
Isoniazid,katG,katG_p.Val196Ile,p.Val196Ile,missense_variant,3) Uncertain significance,V196I,0.0
Isoniazid,katG,katG_p.Val230Ala,p.Val230Ala,missense_variant,3) Uncertain significance,V230A,1.0
Isoniazid,katG,katG_p.Val23Leu,p.Val23Leu,missense_variant,3) Uncertain significance,V23L,0.0
Isoniazid,katG,katG_p.Val246Gly,p.Val246Gly,missense_variant,3) Uncertain significance,V246G,1.0
Isoniazid,katG,katG_p.Val260Ile,p.Val260Ile,missense_variant,3) Uncertain significance,V260I,0.0
Isoniazid,katG,katG_p.Val260Leu,p.Val260Leu,missense_variant,3) Uncertain significance,V260L,1.0
Isoniazid,katG,katG_p.Val267Ala,p.Val267Ala,missense_variant,3) Uncertain significance,V267A,0.0
Isoniazid,katG,katG_p.Val267Gly,p.Val267Gly,missense_variant,3) Uncertain significance,V267G,1.0
Isoniazid,katG,katG_p.Val284Ile,p.Val284Ile,missense_variant,3) Uncertain significance,V284I,1.0
Isoniazid,katG,katG_p.Val319Asp,p.Val319Asp,missense_variant,3) Uncertain significance,V319D,1.0
Isoniazid,katG,katG_p.Val319Ile,p.Val319Ile,missense_variant,3) Uncertain significance,V319I,0.0
Isoniazid,katG,katG_p.Val320Ala,p.Val320Ala,missense_variant,3) Uncertain significance,V320A,1.0
Isoniazid,katG,katG_p.Val320Leu,p.Val320Leu,missense_variant,3) Uncertain significance,V320L,1.0
Isoniazid,katG,katG_p.Val386Glu,p.Val386Glu,missense_variant,3) Uncertain significance,V386E,1.0
Isoniazid,katG,katG_p.Val386Leu,p.Val386Leu,missense_variant,3) Uncertain significance,V386L,0.0
Isoniazid,katG,katG_p.Val386Met,p.Val386Met,missense_variant,3) Uncertain significance,V386M,0.0
Isoniazid,katG,katG_p.Val423Ile,p.Val423Ile,missense_variant,3) Uncertain significance,V423I,0.5333333333333333
Isoniazid,katG,katG_p.Val423Phe,p.Val423Phe,missense_variant,3) Uncertain significance,V423F,0.0
Isoniazid,katG,katG_p.Val431Gly,p.Val431Gly,missense_variant,3) Uncertain significance,V431G,1.0
Isoniazid,katG,katG_p.Val442Ala,p.Val442Ala,missense_variant,3) Uncertain significance,V442A,1.0
Isoniazid,katG,katG_p.Val445Ile,p.Val445Ile,missense_variant,3) Uncertain significance,V445I,0.0
Isoniazid,katG,katG_p.Val450Ala,p.Val450Ala,missense_variant,3) Uncertain significance,V450A,1.0
Isoniazid,katG,katG_p.Val469Leu,p.Val469Leu,missense_variant,5) Not assoc w R,V469L,0.0
Isoniazid,katG,katG_p.Val473Ala,p.Val473Ala,missense_variant,3) Uncertain significance,V473A,0.0
Isoniazid,katG,katG_p.Val473Leu,p.Val473Leu,missense_variant,3) Uncertain significance,V473L,0.875
Isoniazid,katG,katG_p.Val473Phe,p.Val473Phe,missense_variant,3) Uncertain significance,V473F,0.0
Isoniazid,katG,katG_p.Val47Ile,p.Val47Ile,missense_variant,3) Uncertain significance,V47I,0.0
Isoniazid,katG,katG_p.Val503Ala,p.Val503Ala,missense_variant,3) Uncertain significance,V503A,0.0
Isoniazid,katG,katG_p.Val507Ile,p.Val507Ile,missense_variant,3) Uncertain significance,V507I,0.0
Isoniazid,katG,katG_p.Val538Ala,p.Val538Ala,missense_variant,3) Uncertain significance,V538A,0.0
Isoniazid,katG,katG_p.Val538Leu,p.Val538Leu,missense_variant,3) Uncertain significance,V538L,0.0
Isoniazid,katG,katG_p.Val565Gly,p.Val565Gly,missense_variant,3) Uncertain significance,V565G,1.0
Isoniazid,katG,katG_p.Val581Met,p.Val581Met,missense_variant,3) Uncertain significance,V581M,1.0
Isoniazid,katG,katG_p.Val586Met,p.Val586Met,missense_variant,3) Uncertain significance,V586M,0.3333333333333333
Isoniazid,katG,katG_p.Val626Ala,p.Val626Ala,missense_variant,3) Uncertain significance,V626A,0.0
Isoniazid,katG,katG_p.Val626Glu,p.Val626Glu,missense_variant,3) Uncertain significance,V626E,1.0
Isoniazid,katG,katG_p.Val628Gly,p.Val628Gly,missense_variant,3) Uncertain significance,V628G,1.0
Isoniazid,katG,katG_p.Val628Leu,p.Val628Leu,missense_variant,3) Uncertain significance,V628L,0.0
Isoniazid,katG,katG_p.Val633Ile,p.Val633Ile,missense_variant,3) Uncertain significance,V633I,0.0
Isoniazid,katG,katG_p.Val68Gly,p.Val68Gly,missense_variant,3) Uncertain significance,V68G,0.75
Isoniazid,katG,katG_p.Val697Ala,p.Val697Ala,missense_variant,3) Uncertain significance,V697A,1.0
Isoniazid,katG,katG_p.Val697Leu,p.Val697Leu,missense_variant,3) Uncertain significance,V697L,1.0
Isoniazid,katG,katG_p.Val710Gly,p.Val710Gly,missense_variant,3) Uncertain significance,V710G,1.0
Isoniazid,katG,katG_p.Val710Ile,p.Val710Ile,missense_variant,3) Uncertain significance,V710I,0.0
Isoniazid,katG,katG_p.Val721Leu,p.Val721Leu,missense_variant,3) Uncertain significance,V721L,0.0
Isoniazid,katG,katG_p.Val731Gly,p.Val731Gly,missense_variant,3) Uncertain significance,V731G,1.0
Isoniazid,katG,katG_p.Val731Met,p.Val731Met,missense_variant,3) Uncertain significance,V731M,1.0
Isoniazid,katG,katG_p.Val739Met,p.Val739Met,missense_variant,3) Uncertain significance,V739M,0.0
Isoniazid,katG,katG_p.Val73Ala,p.Val73Ala,missense_variant,3) Uncertain significance,V73A,0.0
Isoniazid,katG,katG_p.Val73Gly,p.Val73Gly,missense_variant,3) Uncertain significance,V73G,1.0
Isoniazid,katG,katG_p.Val83Gly,p.Val83Gly,missense_variant,3) Uncertain significance,V83G,1.0
Isoniazid,katG,katG_p.Val83Leu,p.Val83Leu,missense_variant,3) Uncertain significance,V83L,1.0
Levofloxacin,gyrA,gyrA_p.Ala126Glu,p.Ala126Glu,missense_variant,3) Uncertain significance,A126E,0.2
Levofloxacin,gyrA,gyrA_p.Ala126Pro,p.Ala126Pro,missense_variant,3) Uncertain significance,A126P,0.3333333333333333
Levofloxacin,gyrA,gyrA_p.Ala126Ser,p.Ala126Ser,missense_variant,3) Uncertain significance,A126S,0.5
Levofloxacin,gyrA,gyrA_p.Ala186Thr,p.Ala186Thr,missense_variant,3) Uncertain significance,A186T,0.0
Levofloxacin,gyrA,gyrA_p.Ala198Gly,p.Ala198Gly,missense_variant,3) Uncertain significance,A198G,0.0
Levofloxacin,gyrA,gyrA_p.Ala210Val,p.Ala210Val,missense_variant,3) Uncertain significance,A210V,0.0
Levofloxacin,gyrA,gyrA_p.Ala288Asp,p.Ala288Asp,missense_variant,3) Uncertain significance,A288D,0.41935483870967744
Levofloxacin,gyrA,gyrA_p.Ala288Val,p.Ala288Val,missense_variant,3) Uncertain significance,A288V,0.0
Levofloxacin,gyrA,gyrA_p.Ala297Asp,p.Ala297Asp,missense_variant,3) Uncertain significance,A297D,0.0
Levofloxacin,gyrA,gyrA_p.Ala297Gly,p.Ala297Gly,missense_variant,3) Uncertain significance,A297G,0.0
Levofloxacin,gyrA,gyrA_p.Ala322Glu,p.Ala322Glu,missense_variant,3) Uncertain significance,A322E,0.0
Levofloxacin,gyrA,gyrA_p.Ala322Ser,p.Ala322Ser,missense_variant,3) Uncertain significance,A322S,0.0
Levofloxacin,gyrA,gyrA_p.Ala324Gly,p.Ala324Gly,missense_variant,3) Uncertain significance,A324G,0.0
Levofloxacin,gyrA,gyrA_p.Ala324Val,p.Ala324Val,missense_variant,3) Uncertain significance,A324V,0.0
Levofloxacin,gyrA,gyrA_p.Ala347Ser,p.Ala347Ser,missense_variant,3) Uncertain significance,A347S,1.0
Levofloxacin,gyrA,gyrA_p.Ala347Thr,p.Ala347Thr,missense_variant,3) Uncertain significance,A347T,1.0
Levofloxacin,gyrA,gyrA_p.Ala347Val,p.Ala347Val,missense_variant,3) Uncertain significance,A347V,0.0
Levofloxacin,gyrA,gyrA_p.Ala384Val,p.Ala384Val,missense_variant,5) Not assoc w R,A384V,0.06914893617021277
Levofloxacin,gyrA,gyrA_p.Ala400Val,p.Ala400Val,missense_variant,3) Uncertain significance,A400V,0.0
Levofloxacin,gyrA,gyrA_p.Ala406Val,p.Ala406Val,missense_variant,3) Uncertain significance,A406V,0.0
Levofloxacin,gyrA,gyrA_p.Ala40Thr,p.Ala40Thr,missense_variant,3) Uncertain significance,A40T,0.0
Levofloxacin,gyrA,gyrA_p.Ala410Thr,p.Ala410Thr,missense_variant,3) Uncertain significance,A410T,0.0
Levofloxacin,gyrA,gyrA_p.Ala410Val,p.Ala410Val,missense_variant,3) Uncertain significance,A410V,0.0
Levofloxacin,gyrA,gyrA_p.Ala417Ser,p.Ala417Ser,missense_variant,3) Uncertain significance,A417S,0.0
Levofloxacin,gyrA,gyrA_p.Ala432Gly,p.Ala432Gly,missense_variant,3) Uncertain significance,A432G,0.0
Levofloxacin,gyrA,gyrA_p.Ala432Val,p.Ala432Val,missense_variant,3) Uncertain significance,A432V,0.0
Levofloxacin,gyrA,gyrA_p.Ala434Glu,p.Ala434Glu,missense_variant,3) Uncertain significance,A434E,1.0
Levofloxacin,gyrA,gyrA_p.Ala445Val,p.Ala445Val,missense_variant,3) Uncertain significance,A445V,0.0
Levofloxacin,gyrA,gyrA_p.Ala456Gly,p.Ala456Gly,missense_variant,3) Uncertain significance,A456G,0.0
Levofloxacin,gyrA,gyrA_p.Ala456Val,p.Ala456Val,missense_variant,3) Uncertain significance,A456V,0.0
Levofloxacin,gyrA,gyrA_p.Ala463Ser,p.Ala463Ser,missense_variant,5) Not assoc w R,A463S,0.26693227091633465
Levofloxacin,gyrA,gyrA_p.Ala500Glu,p.Ala500Glu,missense_variant,3) Uncertain significance,A500E,0.0
Levofloxacin,gyrA,gyrA_p.Ala501Val,p.Ala501Val,missense_variant,3) Uncertain significance,A501V,0.0
Levofloxacin,gyrA,gyrA_p.Ala512Gly,p.Ala512Gly,missense_variant,3) Uncertain significance,A512G,0.5
Levofloxacin,gyrA,gyrA_p.Ala512Ser,p.Ala512Ser,missense_variant,3) Uncertain significance,A512S,0.0
Levofloxacin,gyrA,gyrA_p.Ala512Thr,p.Ala512Thr,missense_variant,3) Uncertain significance,A512T,0.0
Levofloxacin,gyrA,gyrA_p.Ala512Val,p.Ala512Val,missense_variant,3) Uncertain significance,A512V,0.0
Levofloxacin,gyrA,gyrA_p.Ala579Val,p.Ala579Val,missense_variant,3) Uncertain significance,A579V,0.3333333333333333
Levofloxacin,gyrA,gyrA_p.Ala581Gly,p.Ala581Gly,missense_variant,3) Uncertain significance,A581G,0.0
Levofloxacin,gyrA,gyrA_p.Ala587Asp,p.Ala587Asp,missense_variant,3) Uncertain significance,A587D,0.0
Levofloxacin,gyrA,gyrA_p.Ala591Val,p.Ala591Val,missense_variant,3) Uncertain significance,A591V,1.0
Levofloxacin,gyrA,gyrA_p.Ala620Thr,p.Ala620Thr,missense_variant,3) Uncertain significance,A620T,0.0
Levofloxacin,gyrA,gyrA_p.Ala626Val,p.Ala626Val,missense_variant,3) Uncertain significance,A626V,0.0
Levofloxacin,gyrA,gyrA_p.Ala662Val,p.Ala662Val,missense_variant,3) Uncertain significance,A662V,0.0
Levofloxacin,gyrA,gyrA_p.Ala667Val,p.Ala667Val,missense_variant,3) Uncertain significance,A667V,0.0
Levofloxacin,gyrA,gyrA_p.Ala676Asp,p.Ala676Asp,missense_variant,3) Uncertain significance,A676D,0.0
Levofloxacin,gyrA,gyrA_p.Ala676Val,p.Ala676Val,missense_variant,3) Uncertain significance,A676V,0.6428571428571429
Levofloxacin,gyrA,gyrA_p.Ala689Val,p.Ala689Val,missense_variant,3) Uncertain significance,A689V,1.0
Levofloxacin,gyrA,gyrA_p.Ala696Thr,p.Ala696Thr,missense_variant,3) Uncertain significance,A696T,0.0
Levofloxacin,gyrA,gyrA_p.Ala696Val,p.Ala696Val,missense_variant,3) Uncertain significance,A696V,0.0
Levofloxacin,gyrA,gyrA_p.Ala71Thr,p.Ala71Thr,missense_variant,3) Uncertain significance,A71T,0.0
Levofloxacin,gyrA,gyrA_p.Ala736Thr,p.Ala736Thr,missense_variant,3) Uncertain significance,A736T,0.5
Levofloxacin,gyrA,gyrA_p.Ala736Val,p.Ala736Val,missense_variant,3) Uncertain significance,A736V,0.0
Levofloxacin,gyrA,gyrA_p.Ala74Ser,p.Ala74Ser,missense_variant,3) Uncertain significance,A74S,0.8888888888888888
Levofloxacin,gyrA,gyrA_p.Ala74Thr,p.Ala74Thr,missense_variant,3) Uncertain significance,A74T,0.0
Levofloxacin,gyrA,gyrA_p.Ala74Val,p.Ala74Val,missense_variant,3) Uncertain significance,A74V,0.0
Levofloxacin,gyrA,gyrA_p.Ala787Gly,p.Ala787Gly,missense_variant,3) Uncertain significance,A787G,0.0
Levofloxacin,gyrA,gyrA_p.Ala788Val,p.Ala788Val,missense_variant,3) Uncertain significance,A788V,0.0
Levofloxacin,gyrA,gyrA_p.Ala814Thr,p.Ala814Thr,missense_variant,3) Uncertain significance,A814T,0.3333333333333333
Levofloxacin,gyrA,gyrA_p.Ala90Glu,p.Ala90Glu,missense_variant,3) Uncertain significance,A90E,0.5
Levofloxacin,gyrA,gyrA_p.Ala90Gly,p.Ala90Gly,missense_variant,4) Not assoc w R - Interim,A90G,0.04
Levofloxacin,gyrA,gyrA_p.Ala90Trp,p.Ala90Trp,missense_variant,3) Uncertain significance,A90W,1.0
Levofloxacin,gyrA,gyrA_p.Ala90Val,p.Ala90Val,missense_variant,1) Assoc w R,A90V,0.8930517711171662
Levofloxacin,gyrA,gyrA_p.Arg106Cys,p.Arg106Cys,missense_variant,3) Uncertain significance,R106C,0.0
Levofloxacin,gyrA,gyrA_p.Arg143Lys,p.Arg143Lys,missense_variant,3) Uncertain significance,R143K,0.0
Levofloxacin,gyrA,gyrA_p.Arg14Leu,p.Arg14Leu,missense_variant,3) Uncertain significance,R14L,0.0
Levofloxacin,gyrA,gyrA_p.Arg195Gly,p.Arg195Gly,missense_variant,3) Uncertain significance,R195G,0.0
Levofloxacin,gyrA,gyrA_p.Arg222Trp,p.Arg222Trp,missense_variant,3) Uncertain significance,R222W,1.0
Levofloxacin,gyrA,gyrA_p.Arg252Gly,p.Arg252Gly,missense_variant,3) Uncertain significance,R252G,0.0
Levofloxacin,gyrA,gyrA_p.Arg252Leu,p.Arg252Leu,missense_variant,4) Not assoc w R - Interim,R252L,0.08333333333333333
Levofloxacin,gyrA,gyrA_p.Arg252Pro,p.Arg252Pro,missense_variant,3) Uncertain significance,R252P,0.0
Levofloxacin,gyrA,gyrA_p.Arg254Cys,p.Arg254Cys,missense_variant,3) Uncertain significance,R254C,0.0
Levofloxacin,gyrA,gyrA_p.Arg254Leu,p.Arg254Leu,missense_variant,3) Uncertain significance,R254L,0.0
Levofloxacin,gyrA,gyrA_p.Arg26Cys,p.Arg26Cys,missense_variant,3) Uncertain significance,R26C,0.0
Levofloxacin,gyrA,gyrA_p.Arg26His,p.Arg26His,missense_variant,3) Uncertain significance,R26H,0.0
Levofloxacin,gyrA,gyrA_p.Arg292Gly,p.Arg292Gly,missense_variant,3) Uncertain significance,R292G,0.5
Levofloxacin,gyrA,gyrA_p.Arg292Leu,p.Arg292Leu,missense_variant,3) Uncertain significance,R292L,1.0
Levofloxacin,gyrA,gyrA_p.Arg309Gln,p.Arg309Gln,missense_variant,3) Uncertain significance,R309Q,0.3333333333333333
Levofloxacin,gyrA,gyrA_p.Arg309Trp,p.Arg309Trp,missense_variant,3) Uncertain significance,R309W,1.0
Levofloxacin,gyrA,gyrA_p.Arg363Cys,p.Arg363Cys,missense_variant,3) Uncertain significance,R363C,0.5
Levofloxacin,gyrA,gyrA_p.Arg375Gln,p.Arg375Gln,missense_variant,3) Uncertain significance,R375Q,0.0
Levofloxacin,gyrA,gyrA_p.Arg376Leu,p.Arg376Leu,missense_variant,3) Uncertain significance,R376L,0.0
Levofloxacin,gyrA,gyrA_p.Arg380Gly,p.Arg380Gly,missense_variant,3) Uncertain significance,R380G,0.0
Levofloxacin,gyrA,gyrA_p.Arg387Gln,p.Arg387Gln,missense_variant,3) Uncertain significance,R387Q,0.0
Levofloxacin,gyrA,gyrA_p.Arg392Cys,p.Arg392Cys,missense_variant,3) Uncertain significance,R392C,0.0
Levofloxacin,gyrA,gyrA_p.Arg392His,p.Arg392His,missense_variant,3) Uncertain significance,R392H,0.0
Levofloxacin,gyrA,gyrA_p.Arg409Gln,p.Arg409Gln,missense_variant,3) Uncertain significance,R409Q,0.0
Levofloxacin,gyrA,gyrA_p.Arg450Ser,p.Arg450Ser,missense_variant,3) Uncertain significance,R450S,1.0
Levofloxacin,gyrA,gyrA_p.Arg480Cys,p.Arg480Cys,missense_variant,3) Uncertain significance,R480C,0.0
Levofloxacin,gyrA,gyrA_p.Arg489Lys,p.Arg489Lys,missense_variant,3) Uncertain significance,R489K,0.0
Levofloxacin,gyrA,gyrA_p.Arg489Ser,p.Arg489Ser,missense_variant,3) Uncertain significance,R489S,0.0
Levofloxacin,gyrA,gyrA_p.Arg495Cys,p.Arg495Cys,missense_variant,3) Uncertain significance,R495C,0.0
Levofloxacin,gyrA,gyrA_p.Arg513Cys,p.Arg513Cys,missense_variant,3) Uncertain significance,R513C,0.0
Levofloxacin,gyrA,gyrA_p.Arg539Pro,p.Arg539Pro,missense_variant,3) Uncertain significance,R539P,0.0
Levofloxacin,gyrA,gyrA_p.Arg578Gln,p.Arg578Gln,missense_variant,3) Uncertain significance,R578Q,0.1875
Levofloxacin,gyrA,gyrA_p.Arg592Cys,p.Arg592Cys,missense_variant,3) Uncertain significance,R592C,1.0
Levofloxacin,gyrA,gyrA_p.Arg607Cys,p.Arg607Cys,missense_variant,3) Uncertain significance,R607C,0.0
Levofloxacin,gyrA,gyrA_p.Arg607His,p.Arg607His,missense_variant,3) Uncertain significance,R607H,0.25
Levofloxacin,gyrA,gyrA_p.Arg615Gly,p.Arg615Gly,missense_variant,3) Uncertain significance,R615G,0.0
Levofloxacin,gyrA,gyrA_p.Arg615His,p.Arg615His,missense_variant,3) Uncertain significance,R615H,0.0
Levofloxacin,gyrA,gyrA_p.Arg615Leu,p.Arg615Leu,missense_variant,3) Uncertain significance,R615L,0.0
Levofloxacin,gyrA,gyrA_p.Arg65His,p.Arg65His,missense_variant,3) Uncertain significance,R65H,0.0
Levofloxacin,gyrA,gyrA_p.Arg68Cys,p.Arg68Cys,missense_variant,3) Uncertain significance,R68C,0.0
Levofloxacin,gyrA,gyrA_p.Arg68Gly,p.Arg68Gly,missense_variant,3) Uncertain significance,R68G,0.0
Levofloxacin,gyrA,gyrA_p.Arg718Cys,p.Arg718Cys,missense_variant,3) Uncertain significance,R718C,1.0
Levofloxacin,gyrA,gyrA_p.Arg758Trp,p.Arg758Trp,missense_variant,3) Uncertain significance,R758W,0.0
Levofloxacin,gyrA,gyrA_p.Arg789Gly,p.Arg789Gly,missense_variant,3) Uncertain significance,R789G,0.0
Levofloxacin,gyrA,gyrA_p.Arg789His,p.Arg789His,missense_variant,3) Uncertain significance,R789H,0.0
Levofloxacin,gyrA,gyrA_p.Asn193Ser,p.Asn193Ser,missense_variant,3) Uncertain significance,N193S,0.07352941176470588
Levofloxacin,gyrA,gyrA_p.Asn282Lys,p.Asn282Lys,missense_variant,3) Uncertain significance,N282K,0.23076923076923078
Levofloxacin,gyrA,gyrA_p.Asn301Thr,p.Asn301Thr,missense_variant,3) Uncertain significance,N301T,0.0
Levofloxacin,gyrA,gyrA_p.Asn629Lys,p.Asn629Lys,missense_variant,3) Uncertain significance,N629K,0.0
Levofloxacin,gyrA,gyrA_p.Asn818Asp,p.Asn818Asp,missense_variant,3) Uncertain significance,N818D,0.0
Levofloxacin,gyrA,gyrA_p.Asn826Asp,p.Asn826Asp,missense_variant,3) Uncertain significance,N826D,0.0
Levofloxacin,gyrA,gyrA_p.Asn826His,p.Asn826His,missense_variant,3) Uncertain significance,N826H,0.0
Levofloxacin,gyrA,gyrA_p.Asn826Ile,p.Asn826Ile,missense_variant,3) Uncertain significance,N826I,0.0
Levofloxacin,gyrA,gyrA_p.Asn831Asp,p.Asn831Asp,missense_variant,3) Uncertain significance,N831D,0.0
Levofloxacin,gyrA,gyrA_p.Asn831Lys,p.Asn831Lys,missense_variant,3) Uncertain significance,N831K,0.3333333333333333
Levofloxacin,gyrA,gyrA_p.Asp111Gly,p.Asp111Gly,missense_variant,3) Uncertain significance,D111G,0.0
Levofloxacin,gyrA,gyrA_p.Asp199Tyr,p.Asp199Tyr,missense_variant,3) Uncertain significance,D199Y,0.0
Levofloxacin,gyrA,gyrA_p.Asp209Gly,p.Asp209Gly,missense_variant,3) Uncertain significance,D209G,0.0
Levofloxacin,gyrA,gyrA_p.Asp211Glu,p.Asp211Glu,missense_variant,3) Uncertain significance,D211E,0.5
Levofloxacin,gyrA,gyrA_p.Asp211Gly,p.Asp211Gly,missense_variant,3) Uncertain significance,D211G,0.0
Levofloxacin,gyrA,gyrA_p.Asp242Asn,p.Asp242Asn,missense_variant,3) Uncertain significance,D242N,0.0
Levofloxacin,gyrA,gyrA_p.Asp262Asn,p.Asp262Asn,missense_variant,3) Uncertain significance,D262N,0.0
Levofloxacin,gyrA,gyrA_p.Asp262Val,p.Asp262Val,missense_variant,3) Uncertain significance,D262V,0.0
Levofloxacin,gyrA,gyrA_p.Asp293Tyr,p.Asp293Tyr,missense_variant,3) Uncertain significance,D293Y,0.0
Levofloxacin,gyrA,gyrA_p.Asp367Glu,p.Asp367Glu,missense_variant,3) Uncertain significance,D367E,0.0
Levofloxacin,gyrA,gyrA_p.Asp367His,p.Asp367His,missense_variant,3) Uncertain significance,D367H,0.0
Levofloxacin,gyrA,gyrA_p.Asp402Glu,p.Asp402Glu,missense_variant,3) Uncertain significance,D402E,0.0
Levofloxacin,gyrA,gyrA_p.Asp415Ala,p.Asp415Ala,missense_variant,3) Uncertain significance,D415A,0.0
Levofloxacin,gyrA,gyrA_p.Asp415Asn,p.Asp415Asn,missense_variant,3) Uncertain significance,D415N,0.0
Levofloxacin,gyrA,gyrA_p.Asp415Phe,p.Asp415Phe,missense_variant,3) Uncertain significance,D415F,0.0
Levofloxacin,gyrA,gyrA_p.Asp437Gly,p.Asp437Gly,missense_variant,3) Uncertain significance,D437G,0.0
Levofloxacin,gyrA,gyrA_p.Asp464Glu,p.Asp464Glu,missense_variant,3) Uncertain significance,D464E,0.0
Levofloxacin,gyrA,gyrA_p.Asp467His,p.Asp467His,missense_variant,3) Uncertain significance,D467H,0.0
Levofloxacin,gyrA,gyrA_p.Asp481Ala,p.Asp481Ala,missense_variant,3) Uncertain significance,D481A,0.0
Levofloxacin,gyrA,gyrA_p.Asp481Glu,p.Asp481Glu,missense_variant,3) Uncertain significance,D481E,0.0
Levofloxacin,gyrA,gyrA_p.Asp481Gly,p.Asp481Gly,missense_variant,3) Uncertain significance,D481G,0.0
Levofloxacin,gyrA,gyrA_p.Asp488Ala,p.Asp488Ala,missense_variant,3) Uncertain significance,D488A,0.0
Levofloxacin,gyrA,gyrA_p.Asp488Glu,p.Asp488Glu,missense_variant,3) Uncertain significance,D488E,0.0
Levofloxacin,gyrA,gyrA_p.Asp493His,p.Asp493His,missense_variant,3) Uncertain significance,D493H,0.0
Levofloxacin,gyrA,gyrA_p.Asp504Glu,p.Asp504Glu,missense_variant,3) Uncertain significance,D504E,0.0
Levofloxacin,gyrA,gyrA_p.Asp507His,p.Asp507His,missense_variant,3) Uncertain significance,D507H,0.0
Levofloxacin,gyrA,gyrA_p.Asp509Asn,p.Asp509Asn,missense_variant,3) Uncertain significance,D509N,0.0
Levofloxacin,gyrA,gyrA_p.Asp515Asn,p.Asp515Asn,missense_variant,3) Uncertain significance,D515N,0.0
Levofloxacin,gyrA,gyrA_p.Asp515Glu,p.Asp515Glu,missense_variant,3) Uncertain significance,D515E,1.0
Levofloxacin,gyrA,gyrA_p.Asp532Asn,p.Asp532Asn,missense_variant,3) Uncertain significance,D532N,0.0
Levofloxacin,gyrA,gyrA_p.Asp532Glu,p.Asp532Glu,missense_variant,3) Uncertain significance,D532E,0.0
Levofloxacin,gyrA,gyrA_p.Asp552Gly,p.Asp552Gly,missense_variant,3) Uncertain significance,D552G,0.5
Levofloxacin,gyrA,gyrA_p.Asp583Glu,p.Asp583Glu,missense_variant,3) Uncertain significance,D583E,0.0
Levofloxacin,gyrA,gyrA_p.Asp639Ala,p.Asp639Ala,missense_variant,3) Uncertain significance,D639A,0.0
Levofloxacin,gyrA,gyrA_p.Asp639Gly,p.Asp639Gly,missense_variant,3) Uncertain significance,D639G,0.0
Levofloxacin,gyrA,gyrA_p.Asp641Glu,p.Asp641Glu,missense_variant,3) Uncertain significance,D641E,1.0
Levofloxacin,gyrA,gyrA_p.Asp641Tyr,p.Asp641Tyr,missense_variant,3) Uncertain significance,D641Y,0.0
Levofloxacin,gyrA,gyrA_p.Asp687Asn,p.Asp687Asn,missense_variant,3) Uncertain significance,D687N,0.0
Levofloxacin,gyrA,gyrA_p.Asp770Gly,p.Asp770Gly,missense_variant,3) Uncertain significance,D770G,1.0
Levofloxacin,gyrA,gyrA_p.Asp810Glu,p.Asp810Glu,missense_variant,3) Uncertain significance,D810E,1.0
Levofloxacin,gyrA,gyrA_p.Asp824Ala,p.Asp824Ala,missense_variant,3) Uncertain significance,D824A,0.0
Levofloxacin,gyrA,gyrA_p.Asp824Asn,p.Asp824Asn,missense_variant,3) Uncertain significance,D824N,1.0
Levofloxacin,gyrA,gyrA_p.Asp824Glu,p.Asp824Glu,missense_variant,3) Uncertain significance,D824E,1.0
Levofloxacin,gyrA,gyrA_p.Asp825Glu,p.Asp825Glu,missense_variant,3) Uncertain significance,D825E,0.0
Levofloxacin,gyrA,gyrA_p.Asp829Glu,p.Asp829Glu,missense_variant,3) Uncertain significance,D829E,0.25
Levofloxacin,gyrA,gyrA_p.Asp834Asn,p.Asp834Asn,missense_variant,3) Uncertain significance,D834N,0.0
Levofloxacin,gyrA,gyrA_p.Asp89Asn,p.Asp89Asn,missense_variant,1) Assoc w R,D89N,0.6896551724137931
Levofloxacin,gyrA,gyrA_p.Asp89Gly,p.Asp89Gly,missense_variant,3) Uncertain significance,D89G,0.875
Levofloxacin,gyrA,gyrA_p.Asp94Ala,p.Asp94Ala,missense_variant,1) Assoc w R,D94A,0.8448275862068966
Levofloxacin,gyrA,gyrA_p.Asp94Asn,p.Asp94Asn,missense_variant,1) Assoc w R,D94N,0.9236453201970444
Levofloxacin,gyrA,gyrA_p.Asp94Gly,p.Asp94Gly,missense_variant,1) Assoc w R,D94G,0.9420097388224878
Levofloxacin,gyrA,gyrA_p.Asp94His,p.Asp94His,missense_variant,1) Assoc w R,D94H,0.9339622641509434
Levofloxacin,gyrA,gyrA_p.Asp94Phe,p.Asp94Phe,missense_variant,3) Uncertain significance,D94F,1.0
Levofloxacin,gyrA,gyrA_p.Asp94Tyr,p.Asp94Tyr,missense_variant,1) Assoc w R,D94Y,0.9233870967741935
Levofloxacin,gyrA,gyrA_p.Asp94Val,p.Asp94Val,missense_variant,3) Uncertain significance,D94V,0.75
Levofloxacin,gyrA,gyrA_p.Gln113Glu,p.Gln113Glu,missense_variant,3) Uncertain significance,Q113E,0.0
Levofloxacin,gyrA,gyrA_p.Gln22Arg,p.Gln22Arg,missense_variant,3) Uncertain significance,Q22R,0.0
Levofloxacin,gyrA,gyrA_p.Gln22His,p.Gln22His,missense_variant,3) Uncertain significance,Q22H,0.0
Levofloxacin,gyrA,gyrA_p.Gln238Arg,p.Gln238Arg,missense_variant,3) Uncertain significance,Q238R,0.0
Levofloxacin,gyrA,gyrA_p.Gln238Glu,p.Gln238Glu,missense_variant,3) Uncertain significance,Q238E,0.0
Levofloxacin,gyrA,gyrA_p.Gln25Glu,p.Gln25Glu,missense_variant,3) Uncertain significance,Q25E,0.0
Levofloxacin,gyrA,gyrA_p.Gln277Arg,p.Gln277Arg,missense_variant,3) Uncertain significance,Q277R,0.1111111111111111
Levofloxacin,gyrA,gyrA_p.Gln290Arg,p.Gln290Arg,missense_variant,3) Uncertain significance,Q290R,0.0
Levofloxacin,gyrA,gyrA_p.Gln290His,p.Gln290His,missense_variant,3) Uncertain significance,Q290H,0.0
Levofloxacin,gyrA,gyrA_p.Gln305Arg,p.Gln305Arg,missense_variant,3) Uncertain significance,Q305R,0.0
Levofloxacin,gyrA,gyrA_p.Gln336Lys,p.Gln336Lys,missense_variant,3) Uncertain significance,Q336K,0.0
Levofloxacin,gyrA,gyrA_p.Gln475Arg,p.Gln475Arg,missense_variant,3) Uncertain significance,Q475R,1.0
Levofloxacin,gyrA,gyrA_p.Gln475Pro,p.Gln475Pro,missense_variant,3) Uncertain significance,Q475P,0.0
Levofloxacin,gyrA,gyrA_p.Gln573Arg,p.Gln573Arg,missense_variant,3) Uncertain significance,Q573R,0.0
Levofloxacin,gyrA,gyrA_p.Gln594Arg,p.Gln594Arg,missense_variant,3) Uncertain significance,Q594R,1.0
Levofloxacin,gyrA,gyrA_p.Gln603His,p.Gln603His,missense_variant,3) Uncertain significance,Q603H,0.0
Levofloxacin,gyrA,gyrA_p.Gln613Glu,p.Gln613Glu,missense_variant,5) Not assoc w R,Q613E,0.05825242718446602
Levofloxacin,gyrA,gyrA_p.Gln679His,p.Gln679His,missense_variant,3) Uncertain significance,Q679H,0.0
Levofloxacin,gyrA,gyrA_p.Gln679Lys,p.Gln679Lys,missense_variant,3) Uncertain significance,Q679K,0.0
Levofloxacin,gyrA,gyrA_p.Gln743His,p.Gln743His,missense_variant,3) Uncertain significance,Q743H,0.0
Levofloxacin,gyrA,gyrA_p.Gln790Glu,p.Gln790Glu,missense_variant,3) Uncertain significance,Q790E,0.0
Levofloxacin,gyrA,gyrA_p.Gln797Pro,p.Gln797Pro,missense_variant,3) Uncertain significance,Q797P,0.0
Levofloxacin,gyrA,gyrA_p.Glu140Gly,p.Glu140Gly,missense_variant,3) Uncertain significance,E140G,0.0
Levofloxacin,gyrA,gyrA_p.Glu144Gln,p.Glu144Gln,missense_variant,3) Uncertain significance,E144Q,0.0
Levofloxacin,gyrA,gyrA_p.Glu147Asp,p.Glu147Asp,missense_variant,3) Uncertain significance,E147D,1.0
Levofloxacin,gyrA,gyrA_p.Glu148Asp,p.Glu148Asp,missense_variant,3) Uncertain significance,E148D,0.0
Levofloxacin,gyrA,gyrA_p.Glu214Asp,p.Glu214Asp,missense_variant,3) Uncertain significance,E214D,0.3333333333333333
Levofloxacin,gyrA,gyrA_p.Glu21Gln,p.Glu21Gln,missense_variant,5) Not assoc w R,E21Q,0.2140777593513912
Levofloxacin,gyrA,gyrA_p.Glu21His,p.Glu21His,missense_variant,3) Uncertain significance,E21H,1.0
Levofloxacin,gyrA,gyrA_p.Glu289Asp,p.Glu289Asp,missense_variant,3) Uncertain significance,E289D,0.6521739130434783
Levofloxacin,gyrA,gyrA_p.Glu289Gln,p.Glu289Gln,missense_variant,3) Uncertain significance,E289Q,0.0
Levofloxacin,gyrA,gyrA_p.Glu303Lys,p.Glu303Lys,missense_variant,3) Uncertain significance,E303K,0.0
Levofloxacin,gyrA,gyrA_p.Glu317Asp,p.Glu317Asp,missense_variant,3) Uncertain significance,E317D,0.0
Levofloxacin,gyrA,gyrA_p.Glu317Gly,p.Glu317Gly,missense_variant,3) Uncertain significance,E317G,0.0
Levofloxacin,gyrA,gyrA_p.Glu386Val,p.Glu386Val,missense_variant,3) Uncertain significance,E386V,0.0
Levofloxacin,gyrA,gyrA_p.Glu412Ala,p.Glu412Ala,missense_variant,3) Uncertain significance,E412A,0.0
Levofloxacin,gyrA,gyrA_p.Glu412Gly,p.Glu412Gly,missense_variant,3) Uncertain significance,E412G,0.0
Levofloxacin,gyrA,gyrA_p.Glu412Val,p.Glu412Val,missense_variant,3) Uncertain significance,E412V,0.0
Levofloxacin,gyrA,gyrA_p.Glu429Ala,p.Glu429Ala,missense_variant,3) Uncertain significance,E429A,0.0
Levofloxacin,gyrA,gyrA_p.Glu459Ala,p.Glu459Ala,missense_variant,3) Uncertain significance,E459A,0.0
Levofloxacin,gyrA,gyrA_p.Glu459Lys,p.Glu459Lys,missense_variant,3) Uncertain significance,E459K,0.0
Levofloxacin,gyrA,gyrA_p.Glu466Ala,p.Glu466Ala,missense_variant,3) Uncertain significance,E466A,0.0
Levofloxacin,gyrA,gyrA_p.Glu485Ala,p.Glu485Ala,missense_variant,3) Uncertain significance,E485A,0.0
Levofloxacin,gyrA,gyrA_p.Glu508Ala,p.Glu508Ala,missense_variant,3) Uncertain significance,E508A,0.0
Levofloxacin,gyrA,gyrA_p.Glu514Gln,p.Glu514Gln,missense_variant,3) Uncertain significance,E514Q,0.0
Levofloxacin,gyrA,gyrA_p.Glu605Gly,p.Glu605Gly,missense_variant,3) Uncertain significance,E605G,0.0
Levofloxacin,gyrA,gyrA_p.Glu719Gln,p.Glu719Gln,missense_variant,3) Uncertain significance,E719Q,0.0
Levofloxacin,gyrA,gyrA_p.Glu738Asp,p.Glu738Asp,missense_variant,3) Uncertain significance,E738D,1.0
Levofloxacin,gyrA,gyrA_p.Glu739Gln,p.Glu739Gln,missense_variant,3) Uncertain significance,E739Q,0.2
Levofloxacin,gyrA,gyrA_p.Glu79Asp,p.Glu79Asp,missense_variant,3) Uncertain significance,E79D,0.0
Levofloxacin,gyrA,gyrA_p.Glu79Lys,p.Glu79Lys,missense_variant,3) Uncertain significance,E79K,0.0
Levofloxacin,gyrA,gyrA_p.Glu808Ala,p.Glu808Ala,missense_variant,3) Uncertain significance,E808A,0.0
Levofloxacin,gyrA,gyrA_p.Glu808Gln,p.Glu808Gln,missense_variant,3) Uncertain significance,E808Q,0.0
Levofloxacin,gyrA,gyrA_p.Gly112Cys,p.Gly112Cys,missense_variant,3) Uncertain significance,G112C,0.0
Levofloxacin,gyrA,gyrA_p.Gly158Ser,p.Gly158Ser,missense_variant,3) Uncertain significance,G158S,0.5
Levofloxacin,gyrA,gyrA_p.Gly236Glu,p.Gly236Glu,missense_variant,3) Uncertain significance,G236E,0.0
Levofloxacin,gyrA,gyrA_p.Gly236Val,p.Gly236Val,missense_variant,3) Uncertain significance,G236V,0.5
Levofloxacin,gyrA,gyrA_p.Gly247Ser,p.Gly247Ser,missense_variant,5) Not assoc w R,G247S,0.18908698001080498
Levofloxacin,gyrA,gyrA_p.Gly265Asp,p.Gly265Asp,missense_variant,3) Uncertain significance,G265D,0.0
Levofloxacin,gyrA,gyrA_p.Gly294Ala,p.Gly294Ala,missense_variant,3) Uncertain significance,G294A,0.0
Levofloxacin,gyrA,gyrA_p.Gly311Ala,p.Gly311Ala,missense_variant,3) Uncertain significance,G311A,0.0
Levofloxacin,gyrA,gyrA_p.Gly351Ala,p.Gly351Ala,missense_variant,3) Uncertain significance,G351A,0.0
Levofloxacin,gyrA,gyrA_p.Gly351Trp,p.Gly351Trp,missense_variant,3) Uncertain significance,G351W,0.0
Levofloxacin,gyrA,gyrA_p.Gly477Arg,p.Gly477Arg,missense_variant,3) Uncertain significance,G477R,0.0
Levofloxacin,gyrA,gyrA_p.Gly477Glu,p.Gly477Glu,missense_variant,3) Uncertain significance,G477E,0.0
Levofloxacin,gyrA,gyrA_p.Gly503Arg,p.Gly503Arg,missense_variant,3) Uncertain significance,G503R,0.0
Levofloxacin,gyrA,gyrA_p.Gly503Val,p.Gly503Val,missense_variant,3) Uncertain significance,G503V,0.0
Levofloxacin,gyrA,gyrA_p.Gly548Arg,p.Gly548Arg,missense_variant,3) Uncertain significance,G548R,0.0
Levofloxacin,gyrA,gyrA_p.Gly63Arg,p.Gly63Arg,missense_variant,3) Uncertain significance,G63R,0.0
Levofloxacin,gyrA,gyrA_p.Gly668Asp,p.Gly668Asp,missense_variant,5) Not assoc w R,G668D,0.22065405863139642
Levofloxacin,gyrA,gyrA_p.Gly694Ala,p.Gly694Ala,missense_variant,3) Uncertain significance,G694A,0.0
Levofloxacin,gyrA,gyrA_p.Gly694Ser,p.Gly694Ser,missense_variant,3) Uncertain significance,G694S,1.0
Levofloxacin,gyrA,gyrA_p.Gly702Ser,p.Gly702Ser,missense_variant,3) Uncertain significance,G702S,0.0
Levofloxacin,gyrA,gyrA_p.Gly729Arg,p.Gly729Arg,missense_variant,3) Uncertain significance,G729R,0.09090909090909091
Levofloxacin,gyrA,gyrA_p.Gly744Ala,p.Gly744Ala,missense_variant,3) Uncertain significance,G744A,0.0
Levofloxacin,gyrA,gyrA_p.Gly764Arg,p.Gly764Arg,missense_variant,3) Uncertain significance,G764R,0.0
Levofloxacin,gyrA,gyrA_p.Gly780Cys,p.Gly780Cys,missense_variant,3) Uncertain significance,G780C,0.0
Levofloxacin,gyrA,gyrA_p.Gly795Arg,p.Gly795Arg,missense_variant,3) Uncertain significance,G795R,0.0
Levofloxacin,gyrA,gyrA_p.Gly823Cys,p.Gly823Cys,missense_variant,3) Uncertain significance,G823C,0.0
Levofloxacin,gyrA,gyrA_p.Gly823Ser,p.Gly823Ser,missense_variant,3) Uncertain significance,G823S,0.0
Levofloxacin,gyrA,gyrA_p.Gly832Arg,p.Gly832Arg,missense_variant,3) Uncertain significance,G832R,0.0
Levofloxacin,gyrA,gyrA_p.Gly88Ala,p.Gly88Ala,missense_variant,2) Assoc w R - Interim,G88A,0.5714285714285714
Levofloxacin,gyrA,gyrA_p.Gly88Asn,p.Gly88Asn,missense_variant,3) Uncertain significance,G88N,1.0
Levofloxacin,gyrA,gyrA_p.Gly88Asp,p.Gly88Asp,missense_variant,3) Uncertain significance,G88D,1.0
Levofloxacin,gyrA,gyrA_p.Gly88Cys,p.Gly88Cys,missense_variant,1) Assoc w R,G88C,0.9772727272727273
Levofloxacin,gyrA,gyrA_p.His192Gln,p.His192Gln,missense_variant,3) Uncertain significance,H192Q,0.0
Levofloxacin,gyrA,gyrA_p.His334Tyr,p.His334Tyr,missense_variant,3) Uncertain significance,H334Y,0.0
Levofloxacin,gyrA,gyrA_p.His368Gln,p.His368Gln,missense_variant,3) Uncertain significance,H368Q,0.0
Levofloxacin,gyrA,gyrA_p.His389Pro,p.His389Pro,missense_variant,3) Uncertain significance,H389P,0.25
Levofloxacin,gyrA,gyrA_p.His490Arg,p.His490Arg,missense_variant,3) Uncertain significance,H490R,1.0
Levofloxacin,gyrA,gyrA_p.His490Asn,p.His490Asn,missense_variant,3) Uncertain significance,H490N,0.0
Levofloxacin,gyrA,gyrA_p.His490Tyr,p.His490Tyr,missense_variant,3) Uncertain significance,H490Y,1.0
Levofloxacin,gyrA,gyrA_p.His52Tyr,p.His52Tyr,missense_variant,3) Uncertain significance,H52Y,1.0
Levofloxacin,gyrA,gyrA_p.His557Arg,p.His557Arg,missense_variant,3) Uncertain significance,H557R,0.0
Levofloxacin,gyrA,gyrA_p.His70Arg,p.His70Arg,missense_variant,3) Uncertain significance,H70R,0.8
Levofloxacin,gyrA,gyrA_p.Ile153Met,p.Ile153Met,missense_variant,3) Uncertain significance,I153M,0.0
Levofloxacin,gyrA,gyrA_p.Ile153Val,p.Ile153Val,missense_variant,3) Uncertain significance,I153V,0.0
Levofloxacin,gyrA,gyrA_p.Ile15Val,p.Ile15Val,missense_variant,3) Uncertain significance,I15V,0.0
Levofloxacin,gyrA,gyrA_p.Ile189Met,p.Ile189Met,missense_variant,3) Uncertain significance,I189M,0.0
Levofloxacin,gyrA,gyrA_p.Ile189Val,p.Ile189Val,missense_variant,3) Uncertain significance,I189V,0.3333333333333333
Levofloxacin,gyrA,gyrA_p.Ile284Val,p.Ile284Val,missense_variant,3) Uncertain significance,I284V,0.0
Levofloxacin,gyrA,gyrA_p.Ile314Val,p.Ile314Val,missense_variant,3) Uncertain significance,I314V,0.0
Levofloxacin,gyrA,gyrA_p.Ile328Leu,p.Ile328Leu,missense_variant,3) Uncertain significance,I328L,1.0
Levofloxacin,gyrA,gyrA_p.Ile348Val,p.Ile348Val,missense_variant,3) Uncertain significance,I348V,0.0
Levofloxacin,gyrA,gyrA_p.Ile390Thr,p.Ile390Thr,missense_variant,3) Uncertain significance,I390T,1.0
Levofloxacin,gyrA,gyrA_p.Ile408Thr,p.Ile408Thr,missense_variant,3) Uncertain significance,I408T,0.0
Levofloxacin,gyrA,gyrA_p.Ile408Val,p.Ile408Val,missense_variant,3) Uncertain significance,I408V,0.0
Levofloxacin,gyrA,gyrA_p.Ile427Val,p.Ile427Val,missense_variant,3) Uncertain significance,I427V,0.0
Levofloxacin,gyrA,gyrA_p.Ile452Thr,p.Ile452Thr,missense_variant,3) Uncertain significance,I452T,0.0
Levofloxacin,gyrA,gyrA_p.Ile462Val,p.Ile462Val,missense_variant,3) Uncertain significance,I462V,0.2727272727272727
Levofloxacin,gyrA,gyrA_p.Ile468Val,p.Ile468Val,missense_variant,3) Uncertain significance,I468V,0.0
Levofloxacin,gyrA,gyrA_p.Ile478Thr,p.Ile478Thr,missense_variant,3) Uncertain significance,I478T,1.0
Levofloxacin,gyrA,gyrA_p.Ile478Val,p.Ile478Val,missense_variant,3) Uncertain significance,I478V,1.0
Levofloxacin,gyrA,gyrA_p.Ile520Leu,p.Ile520Leu,missense_variant,3) Uncertain significance,I520L,0.0
Levofloxacin,gyrA,gyrA_p.Ile554Val,p.Ile554Val,missense_variant,3) Uncertain significance,I554V,0.0
Levofloxacin,gyrA,gyrA_p.Ile681Met,p.Ile681Met,missense_variant,3) Uncertain significance,I681M,0.0
Levofloxacin,gyrA,gyrA_p.Ile707Val,p.Ile707Val,missense_variant,3) Uncertain significance,I707V,1.0
Levofloxacin,gyrA,gyrA_p.Ile815Met,p.Ile815Met,missense_variant,3) Uncertain significance,I815M,0.0
Levofloxacin,gyrA,gyrA_p.Ile92Val,p.Ile92Val,missense_variant,3) Uncertain significance,I92V,1.0
Levofloxacin,gyrA,gyrA_p.Leu105Arg,p.Leu105Arg,missense_variant,3) Uncertain significance,L105R,0.25
Levofloxacin,gyrA,gyrA_p.Leu12Phe,p.Leu12Phe,missense_variant,3) Uncertain significance,L12F,0.0
Levofloxacin,gyrA,gyrA_p.Leu134Met,p.Leu134Met,missense_variant,3) Uncertain significance,L134M,1.0
Levofloxacin,gyrA,gyrA_p.Leu142Val,p.Leu142Val,missense_variant,3) Uncertain significance,L142V,0.25
Levofloxacin,gyrA,gyrA_p.Leu173Val,p.Leu173Val,missense_variant,3) Uncertain significance,L173V,0.0
Levofloxacin,gyrA,gyrA_p.Leu205Val,p.Leu205Val,missense_variant,3) Uncertain significance,L205V,0.0
Levofloxacin,gyrA,gyrA_p.Leu274Phe,p.Leu274Phe,missense_variant,3) Uncertain significance,L274F,1.0
Levofloxacin,gyrA,gyrA_p.Leu296Pro,p.Leu296Pro,missense_variant,3) Uncertain significance,L296P,0.0
Levofloxacin,gyrA,gyrA_p.Leu346Val,p.Leu346Val,missense_variant,3) Uncertain significance,L346V,0.5555555555555556
Levofloxacin,gyrA,gyrA_p.Leu358Met,p.Leu358Met,missense_variant,3) Uncertain significance,L358M,0.0
Levofloxacin,gyrA,gyrA_p.Leu398Phe,p.Leu398Phe,missense_variant,3) Uncertain significance,L398F,0.25
Levofloxacin,gyrA,gyrA_p.Leu401Val,p.Leu401Val,missense_variant,3) Uncertain significance,L401V,0.0
Levofloxacin,gyrA,gyrA_p.Leu425Phe,p.Leu425Phe,missense_variant,3) Uncertain significance,L425F,0.0
Levofloxacin,gyrA,gyrA_p.Leu455Arg,p.Leu455Arg,missense_variant,3) Uncertain significance,L455R,1.0
Levofloxacin,gyrA,gyrA_p.Leu455Val,p.Leu455Val,missense_variant,3) Uncertain significance,L455V,0.0
Levofloxacin,gyrA,gyrA_p.Leu465Gln,p.Leu465Gln,missense_variant,3) Uncertain significance,L465Q,0.0
Levofloxacin,gyrA,gyrA_p.Leu549Val,p.Leu549Val,missense_variant,3) Uncertain significance,L549V,0.0
Levofloxacin,gyrA,gyrA_p.Leu566Trp,p.Leu566Trp,missense_variant,3) Uncertain significance,L566W,0.0
Levofloxacin,gyrA,gyrA_p.Leu653Val,p.Leu653Val,missense_variant,3) Uncertain significance,L653V,1.0
Levofloxacin,gyrA,gyrA_p.Leu659Val,p.Leu659Val,missense_variant,3) Uncertain significance,L659V,0.0
Levofloxacin,gyrA,gyrA_p.Leu671Val,p.Leu671Val,missense_variant,3) Uncertain significance,L671V,0.0
Levofloxacin,gyrA,gyrA_p.Leu690Val,p.Leu690Val,missense_variant,3) Uncertain significance,L690V,0.0
Levofloxacin,gyrA,gyrA_p.Leu711Met,p.Leu711Met,missense_variant,3) Uncertain significance,L711M,0.1111111111111111
Levofloxacin,gyrA,gyrA_p.Leu724Val,p.Leu724Val,missense_variant,3) Uncertain significance,L724V,0.0
Levofloxacin,gyrA,gyrA_p.Leu766Ser,p.Leu766Ser,missense_variant,3) Uncertain significance,L766S,0.0
Levofloxacin,gyrA,gyrA_p.Leu812Val,p.Leu812Val,missense_variant,3) Uncertain significance,L812V,1.0
Levofloxacin,gyrA,gyrA_p.Lys224Glu,p.Lys224Glu,missense_variant,3) Uncertain significance,K224E,0.0
Levofloxacin,gyrA,gyrA_p.Lys319Asn,p.Lys319Asn,missense_variant,3) Uncertain significance,K319N,0.0
Levofloxacin,gyrA,gyrA_p.Lys319Glu,p.Lys319Glu,missense_variant,3) Uncertain significance,K319E,0.6666666666666666
Levofloxacin,gyrA,gyrA_p.Lys333Arg,p.Lys333Arg,missense_variant,3) Uncertain significance,K333R,0.0
Levofloxacin,gyrA,gyrA_p.Lys333Asn,p.Lys333Asn,missense_variant,3) Uncertain significance,K333N,0.0
Levofloxacin,gyrA,gyrA_p.Lys633Arg,p.Lys633Arg,missense_variant,3) Uncertain significance,K633R,0.0
Levofloxacin,gyrA,gyrA_p.Lys636Asn,p.Lys636Asn,missense_variant,3) Uncertain significance,K636N,0.0
Levofloxacin,gyrA,gyrA_p.Lys636Glu,p.Lys636Glu,missense_variant,3) Uncertain significance,K636E,0.0
Levofloxacin,gyrA,gyrA_p.Lys636Thr,p.Lys636Thr,missense_variant,3) Uncertain significance,K636T,0.5111111111111111
Levofloxacin,gyrA,gyrA_p.Lys799Arg,p.Lys799Arg,missense_variant,3) Uncertain significance,K799R,0.0
Levofloxacin,gyrA,gyrA_p.Met139Val,p.Met139Val,missense_variant,3) Uncertain significance,M139V,0.0
Levofloxacin,gyrA,gyrA_p.Met141Ile,p.Met141Ile,missense_variant,3) Uncertain significance,M141I,0.0
Levofloxacin,gyrA,gyrA_p.Met141Thr,p.Met141Thr,missense_variant,3) Uncertain significance,M141T,0.0
Levofloxacin,gyrA,gyrA_p.Met141Val,p.Met141Val,missense_variant,3) Uncertain significance,M141V,0.0
Levofloxacin,gyrA,gyrA_p.Met220Arg,p.Met220Arg,missense_variant,3) Uncertain significance,M220R,1.0
Levofloxacin,gyrA,gyrA_p.Met24Ile,p.Met24Ile,missense_variant,3) Uncertain significance,M24I,0.0
Levofloxacin,gyrA,gyrA_p.Met24Val,p.Met24Val,missense_variant,3) Uncertain significance,M24V,0.0
Levofloxacin,gyrA,gyrA_p.Met438Ile,p.Met438Ile,missense_variant,3) Uncertain significance,M438I,0.0
Levofloxacin,gyrA,gyrA_p.Met703Val,p.Met703Val,missense_variant,3) Uncertain significance,M703V,0.0
Levofloxacin,gyrA,gyrA_p.Met804Val,p.Met804Val,missense_variant,3) Uncertain significance,M804V,0.0
Levofloxacin,gyrA,gyrA_p.Met99Ile,p.Met99Ile,missense_variant,3) Uncertain significance,M99I,0.0
Levofloxacin,gyrA,gyrA_p.Met99Val,p.Met99Val,missense_variant,3) Uncertain significance,M99V,0.0
Levofloxacin,gyrA,gyrA_p.Phe152Leu,p.Phe152Leu,missense_variant,3) Uncertain significance,F152L,0.0
Levofloxacin,gyrA,gyrA_p.Phe228Leu,p.Phe228Leu,missense_variant,3) Uncertain significance,F228L,0.0
Levofloxacin,gyrA,gyrA_p.Phe569Cys,p.Phe569Cys,missense_variant,3) Uncertain significance,F569C,0.0
Levofloxacin,gyrA,gyrA_p.Phe640Val,p.Phe640Val,missense_variant,3) Uncertain significance,F640V,0.0
Levofloxacin,gyrA,gyrA_p.Phe64Leu,p.Phe64Leu,missense_variant,3) Uncertain significance,F64L,0.0
Levofloxacin,gyrA,gyrA_p.Phe683Leu,p.Phe683Leu,missense_variant,3) Uncertain significance,F683L,0.0
Levofloxacin,gyrA,gyrA_p.Phe683Val,p.Phe683Val,missense_variant,3) Uncertain significance,F683V,0.0
Levofloxacin,gyrA,gyrA_p.Phe705Leu,p.Phe705Leu,missense_variant,3) Uncertain significance,F705L,0.14285714285714285
Levofloxacin,gyrA,gyrA_p.Pro102Leu,p.Pro102Leu,missense_variant,3) Uncertain significance,P102L,1.0
Levofloxacin,gyrA,gyrA_p.Pro108Ser,p.Pro108Ser,missense_variant,3) Uncertain significance,P108S,0.3333333333333333
Levofloxacin,gyrA,gyrA_p.Pro119Leu,p.Pro119Leu,missense_variant,3) Uncertain significance,P119L,0.0
Levofloxacin,gyrA,gyrA_p.Pro154Arg,p.Pro154Arg,missense_variant,3) Uncertain significance,P154R,0.0
Levofloxacin,gyrA,gyrA_p.Pro154Leu,p.Pro154Leu,missense_variant,3) Uncertain significance,P154L,0.0
Levofloxacin,gyrA,gyrA_p.Pro163Ala,p.Pro163Ala,missense_variant,3) Uncertain significance,P163A,1.0
Levofloxacin,gyrA,gyrA_p.Pro17Leu,p.Pro17Leu,missense_variant,3) Uncertain significance,P17L,0.0
Levofloxacin,gyrA,gyrA_p.Pro17Ser,p.Pro17Ser,missense_variant,3) Uncertain significance,P17S,0.0
Levofloxacin,gyrA,gyrA_p.Pro275Ala,p.Pro275Ala,missense_variant,3) Uncertain significance,P275A,0.5
Levofloxacin,gyrA,gyrA_p.Pro472Ser,p.Pro472Ser,missense_variant,3) Uncertain significance,P472S,0.13513513513513514
Levofloxacin,gyrA,gyrA_p.Pro50Arg,p.Pro50Arg,missense_variant,3) Uncertain significance,P50R,0.0
Levofloxacin,gyrA,gyrA_p.Pro604Thr,p.Pro604Thr,missense_variant,3) Uncertain significance,P604T,0.0
Levofloxacin,gyrA,gyrA_p.Pro621Leu,p.Pro621Leu,missense_variant,3) Uncertain significance,P621L,0.0
Levofloxacin,gyrA,gyrA_p.Pro66Ala,p.Pro66Ala,missense_variant,3) Uncertain significance,P66A,0.0
Levofloxacin,gyrA,gyrA_p.Pro741Ala,p.Pro741Ala,missense_variant,3) Uncertain significance,P741A,0.0
Levofloxacin,gyrA,gyrA_p.Pro7Leu,p.Pro7Leu,missense_variant,3) Uncertain significance,P7L,0.0
Levofloxacin,gyrA,gyrA_p.Pro7Ser,p.Pro7Ser,missense_variant,3) Uncertain significance,P7S,0.0
Levofloxacin,gyrA,gyrA_p.Pro8Ala,p.Pro8Ala,missense_variant,3) Uncertain significance,P8A,0.03333333333333333
Levofloxacin,gyrA,gyrA_p.Pro8Leu,p.Pro8Leu,missense_variant,3) Uncertain significance,P8L,1.0
Levofloxacin,gyrA,gyrA_p.Ser104Leu,p.Ser104Leu,missense_variant,3) Uncertain significance,S104L,0.0
Levofloxacin,gyrA,gyrA_p.Ser168Asn,p.Ser168Asn,missense_variant,3) Uncertain significance,S168N,0.0
Levofloxacin,gyrA,gyrA_p.Ser168Thr,p.Ser168Thr,missense_variant,3) Uncertain significance,S168T,0.0
Levofloxacin,gyrA,gyrA_p.Ser237Ala,p.Ser237Ala,missense_variant,3) Uncertain significance,S237A,0.3333333333333333
Levofloxacin,gyrA,gyrA_p.Ser237Pro,p.Ser237Pro,missense_variant,3) Uncertain significance,S237P,0.0
Levofloxacin,gyrA,gyrA_p.Ser250Ala,p.Ser250Ala,missense_variant,3) Uncertain significance,S250A,0.0
Levofloxacin,gyrA,gyrA_p.Ser250Tyr,p.Ser250Tyr,missense_variant,3) Uncertain significance,S250Y,0.0
Levofloxacin,gyrA,gyrA_p.Ser34Arg,p.Ser34Arg,missense_variant,3) Uncertain significance,S34R,0.0
Levofloxacin,gyrA,gyrA_p.Ser411Ala,p.Ser411Ala,missense_variant,3) Uncertain significance,S411A,0.0
Levofloxacin,gyrA,gyrA_p.Ser506Asn,p.Ser506Asn,missense_variant,3) Uncertain significance,S506N,0.0
Levofloxacin,gyrA,gyrA_p.Ser536Arg,p.Ser536Arg,missense_variant,3) Uncertain significance,S536R,0.0
Levofloxacin,gyrA,gyrA_p.Ser62Phe,p.Ser62Phe,missense_variant,3) Uncertain significance,S62F,0.0
Levofloxacin,gyrA,gyrA_p.Ser642Cys,p.Ser642Cys,missense_variant,3) Uncertain significance,S642C,0.0
Levofloxacin,gyrA,gyrA_p.Ser698Leu,p.Ser698Leu,missense_variant,3) Uncertain significance,S698L,0.0
Levofloxacin,gyrA,gyrA_p.Ser69Gly,p.Ser69Gly,missense_variant,3) Uncertain significance,S69G,0.0
Levofloxacin,gyrA,gyrA_p.Ser728Ala,p.Ser728Ala,missense_variant,3) Uncertain significance,S728A,0.0
Levofloxacin,gyrA,gyrA_p.Ser772Arg,p.Ser772Arg,missense_variant,3) Uncertain significance,S772R,0.0
Levofloxacin,gyrA,gyrA_p.Ser91Pro,p.Ser91Pro,missense_variant,1) Assoc w R,S91P,0.8430769230769231
Levofloxacin,gyrA,gyrA_p.Ser95Ala,p.Ser95Ala,missense_variant,3) Uncertain significance,S95A,0.6666666666666666
Levofloxacin,gyrA,gyrA_p.Ser95Thr,p.Ser95Thr,missense_variant,5) Not assoc w R,S95T,0.21292514255671938
Levofloxacin,gyrA,gyrA_p.Thr230Ser,p.Thr230Ser,missense_variant,3) Uncertain significance,T230S,0.0
Levofloxacin,gyrA,gyrA_p.Thr246Ala,p.Thr246Ala,missense_variant,3) Uncertain significance,T246A,0.0
Levofloxacin,gyrA,gyrA_p.Thr267Ile,p.Thr267Ile,missense_variant,3) Uncertain significance,T267I,0.3157894736842105
Levofloxacin,gyrA,gyrA_p.Thr272Ile,p.Thr272Ile,missense_variant,3) Uncertain significance,T272I,0.125
Levofloxacin,gyrA,gyrA_p.Thr339Ser,p.Thr339Ser,missense_variant,3) Uncertain significance,T339S,0.0
Levofloxacin,gyrA,gyrA_p.Thr355Ala,p.Thr355Ala,missense_variant,3) Uncertain significance,T355A,0.0
Levofloxacin,gyrA,gyrA_p.Thr355Met,p.Thr355Met,missense_variant,3) Uncertain significance,T355M,0.0
Levofloxacin,gyrA,gyrA_p.Thr355Ser,p.Thr355Ser,missense_variant,3) Uncertain significance,T355S,0.0
Levofloxacin,gyrA,gyrA_p.Thr377Ile,p.Thr377Ile,missense_variant,3) Uncertain significance,T377I,0.16666666666666666
Levofloxacin,gyrA,gyrA_p.Thr378Asn,p.Thr378Asn,missense_variant,3) Uncertain significance,T378N,0.0
Levofloxacin,gyrA,gyrA_p.Thr378Ile,p.Thr378Ile,missense_variant,3) Uncertain significance,T378I,0.0
Levofloxacin,gyrA,gyrA_p.Thr413Ala,p.Thr413Ala,missense_variant,3) Uncertain significance,T413A,1.0
Levofloxacin,gyrA,gyrA_p.Thr563Ser,p.Thr563Ser,missense_variant,3) Uncertain significance,T563S,0.0
Levofloxacin,gyrA,gyrA_p.Thr572Asn,p.Thr572Asn,missense_variant,3) Uncertain significance,T572N,0.0
Levofloxacin,gyrA,gyrA_p.Thr590Ala,p.Thr590Ala,missense_variant,3) Uncertain significance,T590A,0.5
Levofloxacin,gyrA,gyrA_p.Thr590Met,p.Thr590Met,missense_variant,3) Uncertain significance,T590M,0.0
Levofloxacin,gyrA,gyrA_p.Thr5Ala,p.Thr5Ala,missense_variant,3) Uncertain significance,T5A,0.23076923076923078
Levofloxacin,gyrA,gyrA_p.Thr638Asn,p.Thr638Asn,missense_variant,3) Uncertain significance,T638N,0.0
Levofloxacin,gyrA,gyrA_p.Thr638Ile,p.Thr638Ile,missense_variant,3) Uncertain significance,T638I,0.0
Levofloxacin,gyrA,gyrA_p.Thr686Ser,p.Thr686Ser,missense_variant,3) Uncertain significance,T686S,0.0
Levofloxacin,gyrA,gyrA_p.Thr697Ala,p.Thr697Ala,missense_variant,3) Uncertain significance,T697A,0.0
Levofloxacin,gyrA,gyrA_p.Thr735Ser,p.Thr735Ser,missense_variant,3) Uncertain significance,T735S,0.6666666666666666
Levofloxacin,gyrA,gyrA_p.Thr80Ala,p.Thr80Ala,missense_variant,5) Not assoc w R,T80A,0.04878048780487805
Levofloxacin,gyrA,gyrA_p.Thr836Ala,p.Thr836Ala,missense_variant,3) Uncertain significance,T836A,0.5
Levofloxacin,gyrA,gyrA_p.Thr836Arg,p.Thr836Arg,missense_variant,3) Uncertain significance,T836R,0.16666666666666666
Levofloxacin,gyrA,gyrA_p.Thr836Lys,p.Thr836Lys,missense_variant,3) Uncertain significance,T836K,0.0
Levofloxacin,gyrA,gyrA_p.Thr836Met,p.Thr836Met,missense_variant,3) Uncertain significance,T836M,0.0
Levofloxacin,gyrA,gyrA_p.Tyr276His,p.Tyr276His,missense_variant,3) Uncertain significance,Y276H,0.0
Levofloxacin,gyrA,gyrA_p.Tyr364Asp,p.Tyr364Asp,missense_variant,3) Uncertain significance,Y364D,0.0
Levofloxacin,gyrA,gyrA_p.Tyr365His,p.Tyr365His,missense_variant,3) Uncertain significance,Y365H,0.0
Levofloxacin,gyrA,gyrA_p.Tyr379Cys,p.Tyr379Cys,missense_variant,3) Uncertain significance,Y379C,0.7142857142857143
Levofloxacin,gyrA,gyrA_p.Tyr722Cys,p.Tyr722Cys,missense_variant,3) Uncertain significance,Y722C,0.0
Levofloxacin,gyrA,gyrA_p.Val223Ile,p.Val223Ile,missense_variant,3) Uncertain significance,V223I,0.0
Levofloxacin,gyrA,gyrA_p.Val235Ala,p.Val235Ala,missense_variant,3) Uncertain significance,V235A,0.0
Levofloxacin,gyrA,gyrA_p.Val257Leu,p.Val257Leu,missense_variant,3) Uncertain significance,V257L,0.0
Levofloxacin,gyrA,gyrA_p.Val278Ile,p.Val278Ile,missense_variant,3) Uncertain significance,V278I,0.0
Levofloxacin,gyrA,gyrA_p.Val310Ile,p.Val310Ile,missense_variant,3) Uncertain significance,V310I,0.0
Levofloxacin,gyrA,gyrA_p.Val326Gly,p.Val326Gly,missense_variant,3) Uncertain significance,V326G,0.3333333333333333
Levofloxacin,gyrA,gyrA_p.Val326Leu,p.Val326Leu,missense_variant,3) Uncertain significance,V326L,0.0
Levofloxacin,gyrA,gyrA_p.Val327Leu,p.Val327Leu,missense_variant,3) Uncertain significance,V327L,0.0
Levofloxacin,gyrA,gyrA_p.Val352Ala,p.Val352Ala,missense_variant,3) Uncertain significance,V352A,0.0
Levofloxacin,gyrA,gyrA_p.Val352Leu,p.Val352Leu,missense_variant,3) Uncertain significance,V352L,0.0
Levofloxacin,gyrA,gyrA_p.Val352Met,p.Val352Met,missense_variant,3) Uncertain significance,V352M,0.0
Levofloxacin,gyrA,gyrA_p.Val372Ala,p.Val372Ala,missense_variant,3) Uncertain significance,V372A,0.0
Levofloxacin,gyrA,gyrA_p.Val479Met,p.Val479Met,missense_variant,3) Uncertain significance,V479M,0.0
Levofloxacin,gyrA,gyrA_p.Val516Ala,p.Val516Ala,missense_variant,3) Uncertain significance,V516A,0.0
Levofloxacin,gyrA,gyrA_p.Val517Leu,p.Val517Leu,missense_variant,3) Uncertain significance,V517L,0.0
Levofloxacin,gyrA,gyrA_p.Val51Ala,p.Val51Ala,missense_variant,3) Uncertain significance,V51A,0.0
Levofloxacin,gyrA,gyrA_p.Val544Leu,p.Val544Leu,missense_variant,3) Uncertain significance,V544L,0.0
Levofloxacin,gyrA,gyrA_p.Val596Met,p.Val596Met,missense_variant,3) Uncertain significance,V596M,1.0
Levofloxacin,gyrA,gyrA_p.Val624Leu,p.Val624Leu,missense_variant,3) Uncertain significance,V624L,0.6
Levofloxacin,gyrA,gyrA_p.Val649Met,p.Val649Met,missense_variant,3) Uncertain significance,V649M,0.0
Levofloxacin,gyrA,gyrA_p.Val651Ala,p.Val651Ala,missense_variant,3) Uncertain significance,V651A,0.0
Levofloxacin,gyrA,gyrA_p.Val651Ile,p.Val651Ile,missense_variant,3) Uncertain significance,V651I,0.0
Levofloxacin,gyrA,gyrA_p.Val674Ile,p.Val674Ile,missense_variant,3) Uncertain significance,V674I,0.0
Levofloxacin,gyrA,gyrA_p.Val716Phe,p.Val716Phe,missense_variant,3) Uncertain significance,V716F,0.0
Levofloxacin,gyrA,gyrA_p.Val742Leu,p.Val742Leu,missense_variant,3) Uncertain significance,V742L,0.0
Levofloxacin,gyrA,gyrA_p.Val750Ala,p.Val750Ala,missense_variant,3) Uncertain significance,V750A,0.0
Levofloxacin,gyrA,gyrA_p.Val768Ala,p.Val768Ala,missense_variant,3) Uncertain significance,V768A,0.0
Levofloxacin,gyrA,gyrA_p.Val783Leu,p.Val783Leu,missense_variant,3) Uncertain significance,V783L,0.0
Levofloxacin,gyrA,gyrA_p.Val783Met,p.Val783Met,missense_variant,3) Uncertain significance,V783M,0.0
Levofloxacin,gyrB,gyrB_p.Ala115Val,p.Ala115Val,missense_variant,3) Uncertain significance,A115V,0.0
Levofloxacin,gyrB,gyrB_p.Ala130Ser,p.Ala130Ser,missense_variant,3) Uncertain significance,A130S,0.0
Levofloxacin,gyrB,gyrB_p.Ala162Glu,p.Ala162Glu,missense_variant,3) Uncertain significance,A162E,0.0
Levofloxacin,gyrB,gyrB_p.Ala162Ser,p.Ala162Ser,missense_variant,3) Uncertain significance,A162S,0.0
Levofloxacin,gyrB,gyrB_p.Ala175Thr,p.Ala175Thr,missense_variant,3) Uncertain significance,A175T,0.0
Levofloxacin,gyrB,gyrB_p.Ala191Asp,p.Ala191Asp,missense_variant,3) Uncertain significance,A191D,0.0
Levofloxacin,gyrB,gyrB_p.Ala229Thr,p.Ala229Thr,missense_variant,3) Uncertain significance,A229T,0.0
Levofloxacin,gyrB,gyrB_p.Ala233Gly,p.Ala233Gly,missense_variant,3) Uncertain significance,A233G,0.0
Levofloxacin,gyrB,gyrB_p.Ala233Pro,p.Ala233Pro,missense_variant,3) Uncertain significance,A233P,1.0
Levofloxacin,gyrB,gyrB_p.Ala233Val,p.Ala233Val,missense_variant,3) Uncertain significance,A233V,0.0
Levofloxacin,gyrB,gyrB_p.Ala237Gly,p.Ala237Gly,missense_variant,3) Uncertain significance,A237G,0.0
Levofloxacin,gyrB,gyrB_p.Ala238Gly,p.Ala238Gly,missense_variant,3) Uncertain significance,A238G,0.0
Levofloxacin,gyrB,gyrB_p.Ala238Thr,p.Ala238Thr,missense_variant,3) Uncertain significance,A238T,0.0
Levofloxacin,gyrB,gyrB_p.Ala242Pro,p.Ala242Pro,missense_variant,3) Uncertain significance,A242P,1.0
Levofloxacin,gyrB,gyrB_p.Ala242Thr,p.Ala242Thr,missense_variant,3) Uncertain significance,A242T,0.0
Levofloxacin,gyrB,gyrB_p.Ala2Ser,p.Ala2Ser,missense_variant,3) Uncertain significance,A2S,1.0
Levofloxacin,gyrB,gyrB_p.Ala332Val,p.Ala332Val,missense_variant,3) Uncertain significance,A332V,0.0
Levofloxacin,gyrB,gyrB_p.Ala355Thr,p.Ala355Thr,missense_variant,3) Uncertain significance,A355T,0.0
Levofloxacin,gyrB,gyrB_p.Ala398Val,p.Ala398Val,missense_variant,3) Uncertain significance,A398V,0.1111111111111111
Levofloxacin,gyrB,gyrB_p.Ala403Ser,p.Ala403Ser,missense_variant,5) Not assoc w R,A403S,0.023529411764705882
Levofloxacin,gyrB,gyrB_p.Ala403Val,p.Ala403Val,missense_variant,3) Uncertain significance,A403V,0.0
Levofloxacin,gyrB,gyrB_p.Ala423Val,p.Ala423Val,missense_variant,3) Uncertain significance,A423V,0.0
Levofloxacin,gyrB,gyrB_p.Ala432Val,p.Ala432Val,missense_variant,3) Uncertain significance,A432V,0.0
Levofloxacin,gyrB,gyrB_p.Ala467Thr,p.Ala467Thr,missense_variant,3) Uncertain significance,A467T,0.5
Levofloxacin,gyrB,gyrB_p.Ala467Val,p.Ala467Val,missense_variant,3) Uncertain significance,A467V,1.0
Levofloxacin,gyrB,gyrB_p.Ala504Thr,p.Ala504Thr,missense_variant,3) Uncertain significance,A504T,0.7222222222222222
Levofloxacin,gyrB,gyrB_p.Ala504Val,p.Ala504Val,missense_variant,2) Assoc w R - Interim,A504V,0.7619047619047619
Levofloxacin,gyrB,gyrB_p.Ala508Val,p.Ala508Val,missense_variant,3) Uncertain significance,A508V,0.0
Levofloxacin,gyrB,gyrB_p.Ala564Thr,p.Ala564Thr,missense_variant,3) Uncertain significance,A564T,0.0
Levofloxacin,gyrB,gyrB_p.Ala593Val,p.Ala593Val,missense_variant,3) Uncertain significance,A593V,0.0
Levofloxacin,gyrB,gyrB_p.Ala597Thr,p.Ala597Thr,missense_variant,3) Uncertain significance,A597T,0.5
Levofloxacin,gyrB,gyrB_p.Ala618Asp,p.Ala618Asp,missense_variant,3) Uncertain significance,A618D,0.0
Levofloxacin,gyrB,gyrB_p.Ala618Thr,p.Ala618Thr,missense_variant,3) Uncertain significance,A618T,0.75
Levofloxacin,gyrB,gyrB_p.Ala618Val,p.Ala618Val,missense_variant,3) Uncertain significance,A618V,1.0
Levofloxacin,gyrB,gyrB_p.Ala641Asp,p.Ala641Asp,missense_variant,3) Uncertain significance,A641D,0.5
Levofloxacin,gyrB,gyrB_p.Ala643Asp,p.Ala643Asp,missense_variant,3) Uncertain significance,A643D,1.0
Levofloxacin,gyrB,gyrB_p.Ala644Asp,p.Ala644Asp,missense_variant,3) Uncertain significance,A644D,0.2
Levofloxacin,gyrB,gyrB_p.Ala78Gly,p.Ala78Gly,missense_variant,3) Uncertain significance,A78G,0.0
Levofloxacin,gyrB,gyrB_p.Ala78Thr,p.Ala78Thr,missense_variant,3) Uncertain significance,A78T,0.0
Levofloxacin,gyrB,gyrB_p.Ala78Val,p.Ala78Val,missense_variant,3) Uncertain significance,A78V,0.0
Levofloxacin,gyrB,gyrB_p.Ala87Gly,p.Ala87Gly,missense_variant,3) Uncertain significance,A87G,0.0
Levofloxacin,gyrB,gyrB_p.Ala90Gly,p.Ala90Gly,missense_variant,3) Uncertain significance,A90G,0.0
Levofloxacin,gyrB,gyrB_p.Ala90Thr,p.Ala90Thr,missense_variant,3) Uncertain significance,A90T,0.0
Levofloxacin,gyrB,gyrB_p.Arg192Pro,p.Arg192Pro,missense_variant,3) Uncertain significance,R192P,0.0
Levofloxacin,gyrB,gyrB_p.Arg212Thr,p.Arg212Thr,missense_variant,3) Uncertain significance,R212T,0.0
Levofloxacin,gyrB,gyrB_p.Arg417Cys,p.Arg417Cys,missense_variant,3) Uncertain significance,R417C,1.0
Levofloxacin,gyrB,gyrB_p.Arg429Cys,p.Arg429Cys,missense_variant,3) Uncertain significance,R429C,1.0
Levofloxacin,gyrB,gyrB_p.Arg446Cys,p.Arg446Cys,missense_variant,3) Uncertain significance,R446C,0.4358974358974359
Levofloxacin,gyrB,gyrB_p.Arg446Gly,p.Arg446Gly,missense_variant,3) Uncertain significance,R446G,1.0
Levofloxacin,gyrB,gyrB_p.Arg446His,p.Arg446His,missense_variant,3) Uncertain significance,R446H,0.23076923076923078
Levofloxacin,gyrB,gyrB_p.Arg446Leu,p.Arg446Leu,missense_variant,3) Uncertain significance,R446L,0.5
Levofloxacin,gyrB,gyrB_p.Arg451His,p.Arg451His,missense_variant,3) Uncertain significance,R451H,0.0
Levofloxacin,gyrB,gyrB_p.Arg523Cys,p.Arg523Cys,missense_variant,3) Uncertain significance,R523C,0.0
Levofloxacin,gyrB,gyrB_p.Arg523His,p.Arg523His,missense_variant,3) Uncertain significance,R523H,1.0
Levofloxacin,gyrB,gyrB_p.Arg523Ser,p.Arg523Ser,missense_variant,3) Uncertain significance,R523S,0.0
Levofloxacin,gyrB,gyrB_p.Arg553Gly,p.Arg553Gly,missense_variant,3) Uncertain significance,R553G,1.0
Levofloxacin,gyrB,gyrB_p.Arg553Trp,p.Arg553Trp,missense_variant,3) Uncertain significance,R553W,0.0
Levofloxacin,gyrB,gyrB_p.Arg575His,p.Arg575His,missense_variant,3) Uncertain significance,R575H,0.12121212121212122
Levofloxacin,gyrB,gyrB_p.Arg587Gly,p.Arg587Gly,missense_variant,3) Uncertain significance,R587G,0.0
Levofloxacin,gyrB,gyrB_p.Arg634Leu,p.Arg634Leu,missense_variant,3) Uncertain significance,R634L,0.0
Levofloxacin,gyrB,gyrB_p.Arg665Cys,p.Arg665Cys,missense_variant,3) Uncertain significance,R665C,0.0
Levofloxacin,gyrB,gyrB_p.Asn207Asp,p.Asn207Asp,missense_variant,3) Uncertain significance,N207D,0.0
Levofloxacin,gyrB,gyrB_p.Asn399Ser,p.Asn399Ser,missense_variant,3) Uncertain significance,N399S,0.0
Levofloxacin,gyrB,gyrB_p.Asn499Asp,p.Asn499Asp,missense_variant,1) Assoc w R,N499D,0.7307692307692307
Levofloxacin,gyrB,gyrB_p.Asn499Ile,p.Asn499Ile,missense_variant,3) Uncertain significance,N499I,0.8333333333333334
Levofloxacin,gyrB,gyrB_p.Asn499Lys,p.Asn499Lys,missense_variant,3) Uncertain significance,N499K,0.75
Levofloxacin,gyrB,gyrB_p.Asn499Ser,p.Asn499Ser,missense_variant,3) Uncertain significance,N499S,0.7142857142857143
Levofloxacin,gyrB,gyrB_p.Asn499Thr,p.Asn499Thr,missense_variant,1) Assoc w R,N499T,0.7045454545454546
Levofloxacin,gyrB,gyrB_p.Asn499Tyr,p.Asn499Tyr,missense_variant,3) Uncertain significance,N499Y,1.0
Levofloxacin,gyrB,gyrB_p.Asn558Asp,p.Asn558Asp,missense_variant,3) Uncertain significance,N558D,0.0
Levofloxacin,gyrB,gyrB_p.Asn666Ser,p.Asn666Ser,missense_variant,3) Uncertain significance,N666S,0.0
Levofloxacin,gyrB,gyrB_p.Asn66His,p.Asn66His,missense_variant,3) Uncertain significance,N66H,0.0
Levofloxacin,gyrB,gyrB_p.Asn66Ser,p.Asn66Ser,missense_variant,3) Uncertain significance,N66S,0.0
Levofloxacin,gyrB,gyrB_p.Asp110Gly,p.Asp110Gly,missense_variant,3) Uncertain significance,D110G,0.0
Levofloxacin,gyrB,gyrB_p.Asp112His,p.Asp112His,missense_variant,3) Uncertain significance,D112H,0.0
Levofloxacin,gyrB,gyrB_p.Asp176Glu,p.Asp176Glu,missense_variant,3) Uncertain significance,D176E,0.0
Levofloxacin,gyrB,gyrB_p.Asp216Gly,p.Asp216Gly,missense_variant,3) Uncertain significance,D216G,0.0
Levofloxacin,gyrB,gyrB_p.Asp220Glu,p.Asp220Glu,missense_variant,3) Uncertain significance,D220E,0.0
Levofloxacin,gyrB,gyrB_p.Asp225Glu,p.Asp225Glu,missense_variant,3) Uncertain significance,D225E,0.0
Levofloxacin,gyrB,gyrB_p.Asp225Gly,p.Asp225Gly,missense_variant,3) Uncertain significance,D225G,0.0
Levofloxacin,gyrB,gyrB_p.Asp259Glu,p.Asp259Glu,missense_variant,3) Uncertain significance,D259E,0.0
Levofloxacin,gyrB,gyrB_p.Asp334Gly,p.Asp334Gly,missense_variant,3) Uncertain significance,D334G,0.0
Levofloxacin,gyrB,gyrB_p.Asp340Gly,p.Asp340Gly,missense_variant,3) Uncertain significance,D340G,0.0
Levofloxacin,gyrB,gyrB_p.Asp342Glu,p.Asp342Glu,missense_variant,3) Uncertain significance,D342E,0.0
Levofloxacin,gyrB,gyrB_p.Asp402Glu,p.Asp402Glu,missense_variant,3) Uncertain significance,D402E,0.0
Levofloxacin,gyrB,gyrB_p.Asp434Glu,p.Asp434Glu,missense_variant,3) Uncertain significance,D434E,0.0
Levofloxacin,gyrB,gyrB_p.Asp434Gly,p.Asp434Gly,missense_variant,3) Uncertain significance,D434G,0.0
Levofloxacin,gyrB,gyrB_p.Asp434His,p.Asp434His,missense_variant,3) Uncertain significance,D434H,0.0
Levofloxacin,gyrB,gyrB_p.Asp461Ala,p.Asp461Ala,missense_variant,3) Uncertain significance,D461A,0.8333333333333334
Levofloxacin,gyrB,gyrB_p.Asp461Asn,p.Asp461Asn,missense_variant,1) Assoc w R,D461N,0.7096774193548387
Levofloxacin,gyrB,gyrB_p.Asp461His,p.Asp461His,missense_variant,2) Assoc w R - Interim,D461H,0.8260869565217391
Levofloxacin,gyrB,gyrB_p.Asp461Val,p.Asp461Val,missense_variant,3) Uncertain significance,D461V,0.6666666666666666
Levofloxacin,gyrB,gyrB_p.Asp472Asn,p.Asp472Asn,missense_variant,3) Uncertain significance,D472N,1.0
Levofloxacin,gyrB,gyrB_p.Asp494Ala,p.Asp494Ala,missense_variant,3) Uncertain significance,D494A,0.4
Levofloxacin,gyrB,gyrB_p.Asp518Gly,p.Asp518Gly,missense_variant,3) Uncertain significance,D518G,0.0
Levofloxacin,gyrB,gyrB_p.Asp588Asn,p.Asp588Asn,missense_variant,3) Uncertain significance,D588N,1.0
Levofloxacin,gyrB,gyrB_p.Asp617Tyr,p.Asp617Tyr,missense_variant,3) Uncertain significance,D617Y,0.5714285714285714
Levofloxacin,gyrB,gyrB_p.Asp627Ala,p.Asp627Ala,missense_variant,3) Uncertain significance,D627A,0.0
Levofloxacin,gyrB,gyrB_p.Asp640Ala,p.Asp640Ala,missense_variant,3) Uncertain significance,D640A,0.0
Levofloxacin,gyrB,gyrB_p.Asp645Ala,p.Asp645Ala,missense_variant,3) Uncertain significance,D645A,1.0
Levofloxacin,gyrB,gyrB_p.Asp645Glu,p.Asp645Glu,missense_variant,3) Uncertain significance,D645E,1.0
Levofloxacin,gyrB,gyrB_p.Asp97Glu,p.Asp97Glu,missense_variant,3) Uncertain significance,D97E,0.0
Levofloxacin,gyrB,gyrB_p.Cys388Gly,p.Cys388Gly,missense_variant,3) Uncertain significance,C388G,0.0
Levofloxacin,gyrB,gyrB_p.Gln476Glu,p.Gln476Glu,missense_variant,3) Uncertain significance,Q476E,0.0
Levofloxacin,gyrB,gyrB_p.Gln4Arg,p.Gln4Arg,missense_variant,3) Uncertain significance,Q4R,0.0
Levofloxacin,gyrB,gyrB_p.Gln503Arg,p.Gln503Arg,missense_variant,3) Uncertain significance,Q503R,1.0
Levofloxacin,gyrB,gyrB_p.Gln538Arg,p.Gln538Arg,missense_variant,3) Uncertain significance,Q538R,0.0
Levofloxacin,gyrB,gyrB_p.Gln565His,p.Gln565His,missense_variant,3) Uncertain significance,Q565H,0.0
Levofloxacin,gyrB,gyrB_p.Gln9His,p.Gln9His,missense_variant,3) Uncertain significance,Q9H,0.3333333333333333
Levofloxacin,gyrB,gyrB_p.Glu151Asp,p.Glu151Asp,missense_variant,3) Uncertain significance,E151D,0.0
Levofloxacin,gyrB,gyrB_p.Glu181Gly,p.Glu181Gly,missense_variant,3) Uncertain significance,E181G,0.0
Levofloxacin,gyrB,gyrB_p.Glu21Asp,p.Glu21Asp,missense_variant,3) Uncertain significance,E21D,0.0
Levofloxacin,gyrB,gyrB_p.Glu21Gln,p.Glu21Gln,missense_variant,3) Uncertain significance,E21Q,0.0
Levofloxacin,gyrB,gyrB_p.Glu21Lys,p.Glu21Lys,missense_variant,3) Uncertain significance,E21K,0.0
Levofloxacin,gyrB,gyrB_p.Glu228Asp,p.Glu228Asp,missense_variant,3) Uncertain significance,E228D,0.4
Levofloxacin,gyrB,gyrB_p.Glu228Gln,p.Glu228Gln,missense_variant,3) Uncertain significance,E228Q,0.0
Levofloxacin,gyrB,gyrB_p.Glu299Gln,p.Glu299Gln,missense_variant,3) Uncertain significance,E299Q,0.0
Levofloxacin,gyrB,gyrB_p.Glu364Asp,p.Glu364Asp,missense_variant,3) Uncertain significance,E364D,1.0
Levofloxacin,gyrB,gyrB_p.Glu379Gly,p.Glu379Gly,missense_variant,3) Uncertain significance,E379G,0.0
Levofloxacin,gyrB,gyrB_p.Glu397Asp,p.Glu397Asp,missense_variant,3) Uncertain significance,E397D,1.0
Levofloxacin,gyrB,gyrB_p.Glu425Ala,p.Glu425Ala,missense_variant,3) Uncertain significance,E425A,0.0
Levofloxacin,gyrB,gyrB_p.Glu489Gln,p.Glu489Gln,missense_variant,3) Uncertain significance,E489Q,0.0
Levofloxacin,gyrB,gyrB_p.Glu501Ala,p.Glu501Ala,missense_variant,3) Uncertain significance,E501A,0.75
Levofloxacin,gyrB,gyrB_p.Glu501Asp,p.Glu501Asp,missense_variant,2) Assoc w R - Interim,E501D,0.5769230769230769
Levofloxacin,gyrB,gyrB_p.Glu501Gly,p.Glu501Gly,missense_variant,3) Uncertain significance,E501G,0.5
Levofloxacin,gyrB,gyrB_p.Glu501Val,p.Glu501Val,missense_variant,2) Assoc w R - Interim,E501V,0.0
Levofloxacin,gyrB,gyrB_p.Glu586Lys,p.Glu586Lys,missense_variant,3) Uncertain significance,E586K,0.2
Levofloxacin,gyrB,gyrB_p.Glu604Gly,p.Glu604Gly,missense_variant,3) Uncertain significance,E604G,1.0
Levofloxacin,gyrB,gyrB_p.Glu604Lys,p.Glu604Lys,missense_variant,3) Uncertain significance,E604K,0.0
Levofloxacin,gyrB,gyrB_p.Glu604Val,p.Glu604Val,missense_variant,3) Uncertain significance,E604V,0.0
Levofloxacin,gyrB,gyrB_p.Glu623Asp,p.Glu623Asp,missense_variant,3) Uncertain significance,E623D,1.0
Levofloxacin,gyrB,gyrB_p.Glu654Ala,p.Glu654Ala,missense_variant,3) Uncertain significance,E654A,0.0
Levofloxacin,gyrB,gyrB_p.Glu71Asp,p.Glu71Asp,missense_variant,3) Uncertain significance,E71D,0.0
Levofloxacin,gyrB,gyrB_p.Glu76Asp,p.Glu76Asp,missense_variant,3) Uncertain significance,E76D,0.0
Levofloxacin,gyrB,gyrB_p.Gly203Val,p.Gly203Val,missense_variant,3) Uncertain significance,G203V,0.0
Levofloxacin,gyrB,gyrB_p.Gly282Asp,p.Gly282Asp,missense_variant,3) Uncertain significance,G282D,0.0
Levofloxacin,gyrB,gyrB_p.Gly38Ser,p.Gly38Ser,missense_variant,3) Uncertain significance,G38S,0.0
Levofloxacin,gyrB,gyrB_p.Gly436Arg,p.Gly436Arg,missense_variant,3) Uncertain significance,G436R,0.0
Levofloxacin,gyrB,gyrB_p.Gly437Ala,p.Gly437Ala,missense_variant,3) Uncertain significance,G437A,0.0
Levofloxacin,gyrB,gyrB_p.Gly470Cys,p.Gly470Cys,missense_variant,3) Uncertain significance,G470C,1.0
Levofloxacin,gyrB,gyrB_p.Gly510Asp,p.Gly510Asp,missense_variant,3) Uncertain significance,G510D,0.0
Levofloxacin,gyrB,gyrB_p.Gly512Arg,p.Gly512Arg,missense_variant,3) Uncertain significance,G512R,0.43103448275862066
Levofloxacin,gyrB,gyrB_p.Gly520Ala,p.Gly520Ala,missense_variant,5) Not assoc w R,G520A,0.024390243902439025
Levofloxacin,gyrB,gyrB_p.Gly520Val,p.Gly520Val,missense_variant,3) Uncertain significance,G520V,1.0
Levofloxacin,gyrB,gyrB_p.Gly589Val,p.Gly589Val,missense_variant,3) Uncertain significance,G589V,0.5
Levofloxacin,gyrB,gyrB_p.Gly594Arg,p.Gly594Arg,missense_variant,3) Uncertain significance,G594R,0.0
Levofloxacin,gyrB,gyrB_p.Gly598Glu,p.Gly598Glu,missense_variant,3) Uncertain significance,G598E,0.0
Levofloxacin,gyrB,gyrB_p.Gly606Ser,p.Gly606Ser,missense_variant,3) Uncertain significance,G606S,0.0
Levofloxacin,gyrB,gyrB_p.His252Tyr,p.His252Tyr,missense_variant,3) Uncertain significance,H252Y,0.0
Levofloxacin,gyrB,gyrB_p.His272Pro,p.His272Pro,missense_variant,3) Uncertain significance,H272P,0.0
Levofloxacin,gyrB,gyrB_p.His285Arg,p.His285Arg,missense_variant,3) Uncertain significance,H285R,0.0
Levofloxacin,gyrB,gyrB_p.His302Arg,p.His302Arg,missense_variant,3) Uncertain significance,H302R,0.3103448275862069
Levofloxacin,gyrB,gyrB_p.His311Arg,p.His311Arg,missense_variant,3) Uncertain significance,H311R,0.0
Levofloxacin,gyrB,gyrB_p.His560Arg,p.His560Arg,missense_variant,3) Uncertain significance,H560R,0.0
Levofloxacin,gyrB,gyrB_p.His560Asn,p.His560Asn,missense_variant,3) Uncertain significance,H560N,0.0
Levofloxacin,gyrB,gyrB_p.Ile116Met,p.Ile116Met,missense_variant,3) Uncertain significance,I116M,0.0
Levofloxacin,gyrB,gyrB_p.Ile19Leu,p.Ile19Leu,missense_variant,3) Uncertain significance,I19L,0.0
Levofloxacin,gyrB,gyrB_p.Ile206Ser,p.Ile206Ser,missense_variant,3) Uncertain significance,I206S,0.0
Levofloxacin,gyrB,gyrB_p.Ile271Met,p.Ile271Met,missense_variant,3) Uncertain significance,I271M,0.12280701754385964
Levofloxacin,gyrB,gyrB_p.Ile271Val,p.Ile271Val,missense_variant,3) Uncertain significance,I271V,0.0
Levofloxacin,gyrB,gyrB_p.Ile34Val,p.Ile34Val,missense_variant,3) Uncertain significance,I34V,0.1111111111111111
Levofloxacin,gyrB,gyrB_p.Ile435Val,p.Ile435Val,missense_variant,3) Uncertain significance,I435V,0.0
Levofloxacin,gyrB,gyrB_p.Ile46Ser,p.Ile46Ser,missense_variant,3) Uncertain significance,I46S,0.0
Levofloxacin,gyrB,gyrB_p.Ile478Leu,p.Ile478Leu,missense_variant,3) Uncertain significance,I478L,0.0
Levofloxacin,gyrB,gyrB_p.Ile486Leu,p.Ile486Leu,missense_variant,3) Uncertain significance,I486L,0.75
Levofloxacin,gyrB,gyrB_p.Ile486Val,p.Ile486Val,missense_variant,3) Uncertain significance,I486V,0.0
Levofloxacin,gyrB,gyrB_p.Ile493Thr,p.Ile493Thr,missense_variant,3) Uncertain significance,I493T,0.0
Levofloxacin,gyrB,gyrB_p.Ile505Val,p.Ile505Val,missense_variant,3) Uncertain significance,I505V,0.0
Levofloxacin,gyrB,gyrB_p.Ile506Met,p.Ile506Met,missense_variant,3) Uncertain significance,I506M,1.0
Levofloxacin,gyrB,gyrB_p.Ile527Val,p.Ile527Val,missense_variant,3) Uncertain significance,I527V,0.0
Levofloxacin,gyrB,gyrB_p.Ile556Val,p.Ile556Val,missense_variant,3) Uncertain significance,I556V,0.25
Levofloxacin,gyrB,gyrB_p.Ile601Thr,p.Ile601Thr,missense_variant,3) Uncertain significance,I601T,0.0
Levofloxacin,gyrB,gyrB_p.Ile607Val,p.Ile607Val,missense_variant,3) Uncertain significance,I607V,0.0
Levofloxacin,gyrB,gyrB_p.Ile84Val,p.Ile84Val,missense_variant,3) Uncertain significance,I84V,0.0
Levofloxacin,gyrB,gyrB_p.Ile93Val,p.Ile93Val,missense_variant,3) Uncertain significance,I93V,0.0
Levofloxacin,gyrB,gyrB_p.Leu156Arg,p.Leu156Arg,missense_variant,3) Uncertain significance,L156R,0.0
Levofloxacin,gyrB,gyrB_p.Leu156Met,p.Leu156Met,missense_variant,3) Uncertain significance,L156M,0.0
Levofloxacin,gyrB,gyrB_p.Leu204Met,p.Leu204Met,missense_variant,3) Uncertain significance,L204M,0.0
Levofloxacin,gyrB,gyrB_p.Leu257Pro,p.Leu257Pro,missense_variant,3) Uncertain significance,L257P,1.0
Levofloxacin,gyrB,gyrB_p.Leu337Arg,p.Leu337Arg,missense_variant,3) Uncertain significance,L337R,0.0
Levofloxacin,gyrB,gyrB_p.Leu354Val,p.Leu354Val,missense_variant,3) Uncertain significance,L354V,0.0
Levofloxacin,gyrB,gyrB_p.Leu375Phe,p.Leu375Phe,missense_variant,3) Uncertain significance,L375F,0.0
Levofloxacin,gyrB,gyrB_p.Leu375Val,p.Leu375Val,missense_variant,3) Uncertain significance,L375V,1.0
Levofloxacin,gyrB,gyrB_p.Leu42Ile,p.Leu42Ile,missense_variant,3) Uncertain significance,L42I,1.0
Levofloxacin,gyrB,gyrB_p.Leu455Val,p.Leu455Val,missense_variant,3) Uncertain significance,L455V,0.0
Levofloxacin,gyrB,gyrB_p.Leu509Pro,p.Leu509Pro,missense_variant,3) Uncertain significance,L509P,1.0
Levofloxacin,gyrB,gyrB_p.Leu522Val,p.Leu522Val,missense_variant,3) Uncertain significance,L522V,1.0
Levofloxacin,gyrB,gyrB_p.Leu555Phe,p.Leu555Phe,missense_variant,3) Uncertain significance,L555F,0.0
Levofloxacin,gyrB,gyrB_p.Leu555Val,p.Leu555Val,missense_variant,3) Uncertain significance,L555V,0.0
Levofloxacin,gyrB,gyrB_p.Leu563Phe,p.Leu563Phe,missense_variant,3) Uncertain significance,L563F,0.0
Levofloxacin,gyrB,gyrB_p.Leu571Ile,p.Leu571Ile,missense_variant,3) Uncertain significance,L571I,0.0
Levofloxacin,gyrB,gyrB_p.Leu638Val,p.Leu638Val,missense_variant,3) Uncertain significance,L638V,0.0
Levofloxacin,gyrB,gyrB_p.Leu673Pro,p.Leu673Pro,missense_variant,3) Uncertain significance,L673P,0.0
Levofloxacin,gyrB,gyrB_p.Leu69Val,p.Leu69Val,missense_variant,3) Uncertain significance,L69V,0.0
Levofloxacin,gyrB,gyrB_p.Lys159Met,p.Lys159Met,missense_variant,3) Uncertain significance,K159M,0.0
Levofloxacin,gyrB,gyrB_p.Lys165Asn,p.Lys165Asn,missense_variant,3) Uncertain significance,K165N,1.0
Levofloxacin,gyrB,gyrB_p.Lys333Arg,p.Lys333Arg,missense_variant,3) Uncertain significance,K333R,0.0
Levofloxacin,gyrB,gyrB_p.Lys404Arg,p.Lys404Arg,missense_variant,3) Uncertain significance,K404R,0.5
Levofloxacin,gyrB,gyrB_p.Lys430Asn,p.Lys430Asn,missense_variant,3) Uncertain significance,K430N,1.0
Levofloxacin,gyrB,gyrB_p.Lys452Asn,p.Lys452Asn,missense_variant,3) Uncertain significance,K452N,0.0
Levofloxacin,gyrB,gyrB_p.Lys498Asn,p.Lys498Asn,missense_variant,3) Uncertain significance,K498N,0.0
Levofloxacin,gyrB,gyrB_p.Lys526Asn,p.Lys526Asn,missense_variant,3) Uncertain significance,K526N,0.0
Levofloxacin,gyrB,gyrB_p.Lys526Gln,p.Lys526Gln,missense_variant,3) Uncertain significance,K526Q,0.07407407407407407
Levofloxacin,gyrB,gyrB_p.Lys596Asn,p.Lys596Asn,missense_variant,3) Uncertain significance,K596N,0.0
Levofloxacin,gyrB,gyrB_p.Lys599Arg,p.Lys599Arg,missense_variant,3) Uncertain significance,K599R,1.0
Levofloxacin,gyrB,gyrB_p.Lys603Arg,p.Lys603Arg,missense_variant,3) Uncertain significance,K603R,0.0
Levofloxacin,gyrB,gyrB_p.Lys668Arg,p.Lys668Arg,missense_variant,3) Uncertain significance,K668R,0.0
Levofloxacin,gyrB,gyrB_p.Lys668Glu,p.Lys668Glu,missense_variant,3) Uncertain significance,K668E,0.0
Levofloxacin,gyrB,gyrB_p.Lys7Gln,p.Lys7Gln,missense_variant,3) Uncertain significance,K7Q,0.0
Levofloxacin,gyrB,gyrB_p.Met100Val,p.Met100Val,missense_variant,3) Uncertain significance,M100V,0.75
Levofloxacin,gyrB,gyrB_p.Met197Ile,p.Met197Ile,missense_variant,3) Uncertain significance,M197I,0.0
Levofloxacin,gyrB,gyrB_p.Met291Ile,p.Met291Ile,missense_variant,5) Not assoc w R,M291I,0.07050889025137952
Levofloxacin,gyrB,gyrB_p.Met530Thr,p.Met530Thr,missense_variant,3) Uncertain significance,M530T,0.0
Levofloxacin,gyrB,gyrB_p.Met58Ile,p.Met58Ile,missense_variant,3) Uncertain significance,M58I,0.0
Levofloxacin,gyrB,gyrB_p.Met616Val,p.Met616Val,missense_variant,3) Uncertain significance,M616V,0.0
Levofloxacin,gyrB,gyrB_p.Phe187Leu,p.Phe187Leu,missense_variant,3) Uncertain significance,F187L,0.0
Levofloxacin,gyrB,gyrB_p.Phe549Leu,p.Phe549Leu,missense_variant,3) Uncertain significance,F549L,0.0
Levofloxacin,gyrB,gyrB_p.Pro163Leu,p.Pro163Leu,missense_variant,3) Uncertain significance,P163L,0.0
Levofloxacin,gyrB,gyrB_p.Pro163Ser,p.Pro163Ser,missense_variant,3) Uncertain significance,P163S,0.0
Levofloxacin,gyrB,gyrB_p.Pro177Arg,p.Pro177Arg,missense_variant,3) Uncertain significance,P177R,0.0
Levofloxacin,gyrB,gyrB_p.Pro177His,p.Pro177His,missense_variant,3) Uncertain significance,P177H,0.0
Levofloxacin,gyrB,gyrB_p.Pro177Leu,p.Pro177Leu,missense_variant,3) Uncertain significance,P177L,0.0
Levofloxacin,gyrB,gyrB_p.Pro243Ser,p.Pro243Ser,missense_variant,3) Uncertain significance,P243S,1.0
Levofloxacin,gyrB,gyrB_p.Pro254Leu,p.Pro254Leu,missense_variant,3) Uncertain significance,P254L,0.125
Levofloxacin,gyrB,gyrB_p.Pro343Ala,p.Pro343Ala,missense_variant,3) Uncertain significance,P343A,0.0
Levofloxacin,gyrB,gyrB_p.Pro343Leu,p.Pro343Leu,missense_variant,3) Uncertain significance,P343L,0.0
Levofloxacin,gyrB,gyrB_p.Pro343Ser,p.Pro343Ser,missense_variant,3) Uncertain significance,P343S,0.0
Levofloxacin,gyrB,gyrB_p.Pro400Arg,p.Pro400Arg,missense_variant,3) Uncertain significance,P400R,0.0
Levofloxacin,gyrB,gyrB_p.Pro439Ala,p.Pro439Ala,missense_variant,3) Uncertain significance,P439A,0.0
Levofloxacin,gyrB,gyrB_p.Pro439Arg,p.Pro439Arg,missense_variant,3) Uncertain significance,P439R,0.0
Levofloxacin,gyrB,gyrB_p.Pro450Arg,p.Pro450Arg,missense_variant,3) Uncertain significance,P450R,1.0
Levofloxacin,gyrB,gyrB_p.Pro480Ser,p.Pro480Ser,missense_variant,3) Uncertain significance,P480S,0.0
Levofloxacin,gyrB,gyrB_p.Pro578Ala,p.Pro578Ala,missense_variant,3) Uncertain significance,P578A,0.0
Levofloxacin,gyrB,gyrB_p.Pro578Arg,p.Pro578Arg,missense_variant,3) Uncertain significance,P578R,0.0
Levofloxacin,gyrB,gyrB_p.Pro578Ser,p.Pro578Ser,missense_variant,3) Uncertain significance,P578S,1.0
Levofloxacin,gyrB,gyrB_p.Pro628Ala,p.Pro628Ala,missense_variant,3) Uncertain significance,P628A,0.2
Levofloxacin,gyrB,gyrB_p.Pro94Leu,p.Pro94Leu,missense_variant,5) Not assoc w R,P94L,0.026365348399246705
Levofloxacin,gyrB,gyrB_p.Ser16Cys,p.Ser16Cys,missense_variant,3) Uncertain significance,S16C,1.0
Levofloxacin,gyrB,gyrB_p.Ser248Gly,p.Ser248Gly,missense_variant,3) Uncertain significance,S248G,0.0
Levofloxacin,gyrB,gyrB_p.Ser273Gly,p.Ser273Gly,missense_variant,3) Uncertain significance,S273G,0.0
Levofloxacin,gyrB,gyrB_p.Ser274Arg,p.Ser274Arg,missense_variant,3) Uncertain significance,S274R,0.391304347826087
Levofloxacin,gyrB,gyrB_p.Ser274Gly,p.Ser274Gly,missense_variant,3) Uncertain significance,S274G,0.0
Levofloxacin,gyrB,gyrB_p.Ser274Thr,p.Ser274Thr,missense_variant,3) Uncertain significance,S274T,0.0
Levofloxacin,gyrB,gyrB_p.Ser298Ala,p.Ser298Ala,missense_variant,3) Uncertain significance,S298A,0.0
Levofloxacin,gyrB,gyrB_p.Ser359Thr,p.Ser359Thr,missense_variant,3) Uncertain significance,S359T,0.0
Levofloxacin,gyrB,gyrB_p.Ser363Arg,p.Ser363Arg,missense_variant,3) Uncertain significance,S363R,0.0
Levofloxacin,gyrB,gyrB_p.Ser413Ala,p.Ser413Ala,missense_variant,3) Uncertain significance,S413A,0.0
Levofloxacin,gyrB,gyrB_p.Ser447Phe,p.Ser447Phe,missense_variant,2) Assoc w R - Interim,S447F,0.525
Levofloxacin,gyrB,gyrB_p.Ser447Tyr,p.Ser447Tyr,missense_variant,3) Uncertain significance,S447Y,0.4
Levofloxacin,gyrB,gyrB_p.Ser466Pro,p.Ser466Pro,missense_variant,3) Uncertain significance,S466P,0.0
Levofloxacin,gyrB,gyrB_p.Ser576Gly,p.Ser576Gly,missense_variant,3) Uncertain significance,S576G,0.0
Levofloxacin,gyrB,gyrB_p.Ser576Ile,p.Ser576Ile,missense_variant,3) Uncertain significance,S576I,0.0
Levofloxacin,gyrB,gyrB_p.Ser576Thr,p.Ser576Thr,missense_variant,3) Uncertain significance,S576T,0.0
Levofloxacin,gyrB,gyrB_p.Ser629Ala,p.Ser629Ala,missense_variant,3) Uncertain significance,S629A,0.0
Levofloxacin,gyrB,gyrB_p.Ser661Thr,p.Ser661Thr,missense_variant,3) Uncertain significance,S661T,0.1206896551724138
Levofloxacin,gyrB,gyrB_p.Thr167Ala,p.Thr167Ala,missense_variant,3) Uncertain significance,T167A,0.0
Levofloxacin,gyrB,gyrB_p.Thr167Met,p.Thr167Met,missense_variant,3) Uncertain significance,T167M,1.0
Levofloxacin,gyrB,gyrB_p.Thr170Ala,p.Thr170Ala,missense_variant,3) Uncertain significance,T170A,0.0
Levofloxacin,gyrB,gyrB_p.Thr182Ile,p.Thr182Ile,missense_variant,3) Uncertain significance,T182I,1.0
Levofloxacin,gyrB,gyrB_p.Thr183Met,p.Thr183Met,missense_variant,3) Uncertain significance,T183M,0.0
Levofloxacin,gyrB,gyrB_p.Thr189Pro,p.Thr189Pro,missense_variant,3) Uncertain significance,T189P,0.0
Levofloxacin,gyrB,gyrB_p.Thr209Ala,p.Thr209Ala,missense_variant,3) Uncertain significance,T209A,0.0
Levofloxacin,gyrB,gyrB_p.Thr250Ser,p.Thr250Ser,missense_variant,3) Uncertain significance,T250S,0.0
Levofloxacin,gyrB,gyrB_p.Thr267Ser,p.Thr267Ser,missense_variant,3) Uncertain significance,T267S,0.0
Levofloxacin,gyrB,gyrB_p.Thr371Ile,p.Thr371Ile,missense_variant,3) Uncertain significance,T371I,0.0
Levofloxacin,gyrB,gyrB_p.Thr373Ala,p.Thr373Ala,missense_variant,3) Uncertain significance,T373A,0.0
Levofloxacin,gyrB,gyrB_p.Thr378Ser,p.Thr378Ser,missense_variant,3) Uncertain significance,T378S,0.16666666666666666
Levofloxacin,gyrB,gyrB_p.Thr37Ser,p.Thr37Ser,missense_variant,3) Uncertain significance,T37S,0.0
Levofloxacin,gyrB,gyrB_p.Thr393Ser,p.Thr393Ser,missense_variant,3) Uncertain significance,T393S,0.0
Levofloxacin,gyrB,gyrB_p.Thr500Ala,p.Thr500Ala,missense_variant,3) Uncertain significance,T500A,0.625
Levofloxacin,gyrB,gyrB_p.Thr500Asn,p.Thr500Asn,missense_variant,3) Uncertain significance,T500N,0.59375
Levofloxacin,gyrB,gyrB_p.Thr500Ile,p.Thr500Ile,missense_variant,3) Uncertain significance,T500I,0.6666666666666666
Levofloxacin,gyrB,gyrB_p.Thr500Pro,p.Thr500Pro,missense_variant,3) Uncertain significance,T500P,0.75
Levofloxacin,gyrB,gyrB_p.Thr507Ala,p.Thr507Ala,missense_variant,3) Uncertain significance,T507A,0.0
Levofloxacin,gyrB,gyrB_p.Thr664Ile,p.Thr664Ile,missense_variant,3) Uncertain significance,T664I,0.5
Levofloxacin,gyrB,gyrB_p.Tyr144Phe,p.Tyr144Phe,missense_variant,3) Uncertain significance,Y144F,1.0
Levofloxacin,gyrB,gyrB_p.Tyr144Ser,p.Tyr144Ser,missense_variant,3) Uncertain significance,Y144S,0.0
Levofloxacin,gyrB,gyrB_p.Tyr253Ser,p.Tyr253Ser,missense_variant,3) Uncertain significance,Y253S,0.0
Levofloxacin,gyrB,gyrB_p.Tyr456His,p.Tyr456His,missense_variant,3) Uncertain significance,Y456H,1.0
Levofloxacin,gyrB,gyrB_p.Tyr582His,p.Tyr582His,missense_variant,3) Uncertain significance,Y582H,0.8
Levofloxacin,gyrB,gyrB_p.Val218Ile,p.Val218Ile,missense_variant,3) Uncertain significance,V218I,0.0
Levofloxacin,gyrB,gyrB_p.Val222Met,p.Val222Met,missense_variant,3) Uncertain significance,V222M,0.0
Levofloxacin,gyrB,gyrB_p.Val226Ala,p.Val226Ala,missense_variant,3) Uncertain significance,V226A,0.0
Levofloxacin,gyrB,gyrB_p.Val276Ala,p.Val276Ala,missense_variant,3) Uncertain significance,V276A,1.0
Levofloxacin,gyrB,gyrB_p.Val301Leu,p.Val301Leu,missense_variant,5) Not assoc w R,V301L,0.06
Levofloxacin,gyrB,gyrB_p.Val301Met,p.Val301Met,missense_variant,3) Uncertain significance,V301M,0.0
Levofloxacin,gyrB,gyrB_p.Val327Leu,p.Val327Leu,missense_variant,3) Uncertain significance,V327L,0.0
Levofloxacin,gyrB,gyrB_p.Val405Ala,p.Val405Ala,missense_variant,3) Uncertain significance,V405A,0.0
Levofloxacin,gyrB,gyrB_p.Val407Leu,p.Val407Leu,missense_variant,3) Uncertain significance,V407L,0.0
Levofloxacin,gyrB,gyrB_p.Val427Met,p.Val427Met,missense_variant,3) Uncertain significance,V427M,0.6
Levofloxacin,gyrB,gyrB_p.Val457Leu,p.Val457Leu,missense_variant,3) Uncertain significance,V457L,0.5094339622641509
Levofloxacin,gyrB,gyrB_p.Val496Gly,p.Val496Gly,missense_variant,3) Uncertain significance,V496G,0.0
Levofloxacin,gyrB,gyrB_p.Val502Phe,p.Val502Phe,missense_variant,3) Uncertain significance,V502F,1.0
Levofloxacin,gyrB,gyrB_p.Val535Ile,p.Val535Ile,missense_variant,3) Uncertain significance,V535I,0.0
Levofloxacin,gyrB,gyrB_p.Val561Gly,p.Val561Gly,missense_variant,3) Uncertain significance,V561G,1.0
Levofloxacin,gyrB,gyrB_p.Val630Ile,p.Val630Ile,missense_variant,3) Uncertain significance,V630I,0.0
Levofloxacin,gyrB,gyrB_p.Val670Ile,p.Val670Ile,missense_variant,3) Uncertain significance,V670I,0.0
Levofloxacin,gyrB,gyrB_p.Val670Phe,p.Val670Phe,missense_variant,3) Uncertain significance,V670F,0.5833333333333334
Levofloxacin,gyrB,gyrB_p.Val675Ile,p.Val675Ile,missense_variant,3) Uncertain significance,V675I,0.0
Levofloxacin,gyrB,gyrB_p.Val68Ala,p.Val68Ala,missense_variant,3) Uncertain significance,V68A,0.0
Levofloxacin,gyrB,gyrB_p.Val68Leu,p.Val68Leu,missense_variant,3) Uncertain significance,V68L,0.0
Levofloxacin,gyrB,gyrB_p.Val75Gly,p.Val75Gly,missense_variant,3) Uncertain significance,V75G,0.0
Linezolid,rplC,rplC_p.Ala137Val,p.Ala137Val,missense_variant,3) Uncertain significance,A137V,0.0
Linezolid,rplC,rplC_p.Ala31Thr,p.Ala31Thr,missense_variant,3) Uncertain significance,A31T,0.0
Linezolid,rplC,rplC_p.Ala72Thr,p.Ala72Thr,missense_variant,3) Uncertain significance,A72T,0.0
Linezolid,rplC,rplC_p.Arg214Gln,p.Arg214Gln,missense_variant,3) Uncertain significance,R214Q,0.0
Linezolid,rplC,rplC_p.Arg38Cys,p.Arg38Cys,missense_variant,3) Uncertain significance,R38C,0.25
Linezolid,rplC,rplC_p.Arg44Leu,p.Arg44Leu,missense_variant,3) Uncertain significance,R44L,0.0
Linezolid,rplC,rplC_p.Arg79Leu,p.Arg79Leu,missense_variant,3) Uncertain significance,R79L,0.0
Linezolid,rplC,rplC_p.Asn179Lys,p.Asn179Lys,missense_variant,3) Uncertain significance,N179K,0.0
Linezolid,rplC,rplC_p.Asp173Gly,p.Asp173Gly,missense_variant,3) Uncertain significance,D173G,0.0
Linezolid,rplC,rplC_p.Asp18Asn,p.Asp18Asn,missense_variant,3) Uncertain significance,D18N,0.0
Linezolid,rplC,rplC_p.Cys154Arg,p.Cys154Arg,missense_variant,1) Assoc w R,C154R,0.8095238095238095
Linezolid,rplC,rplC_p.Gly120Ser,p.Gly120Ser,missense_variant,3) Uncertain significance,G120S,0.125
Linezolid,rplC,rplC_p.Gly12Ser,p.Gly12Ser,missense_variant,3) Uncertain significance,G12S,0.0
Linezolid,rplC,rplC_p.Gly131Ser,p.Gly131Ser,missense_variant,3) Uncertain significance,G131S,0.0
Linezolid,rplC,rplC_p.Gly136Ser,p.Gly136Ser,missense_variant,3) Uncertain significance,G136S,0.0
Linezolid,rplC,rplC_p.Gly168Arg,p.Gly168Arg,missense_variant,3) Uncertain significance,G168R,0.0
Linezolid,rplC,rplC_p.Gly215Ser,p.Gly215Ser,missense_variant,3) Uncertain significance,G215S,0.0
Linezolid,rplC,rplC_p.Gly98Arg,p.Gly98Arg,missense_variant,3) Uncertain significance,G98R,0.0
Linezolid,rplC,rplC_p.His183Tyr,p.His183Tyr,missense_variant,3) Uncertain significance,H183Y,0.0
Linezolid,rplC,rplC_p.Ile105Val,p.Ile105Val,missense_variant,3) Uncertain significance,I105V,0.0
Linezolid,rplC,rplC_p.Lys61Thr,p.Lys61Thr,missense_variant,3) Uncertain significance,K61T,0.0
Linezolid,rplC,rplC_p.Pro25Ser,p.Pro25Ser,missense_variant,3) Uncertain significance,P25S,0.0
Linezolid,rplC,rplC_p.Pro33Leu,p.Pro33Leu,missense_variant,3) Uncertain significance,P33L,0.0
Linezolid,rplC,rplC_p.Ser138Arg,p.Ser138Arg,missense_variant,3) Uncertain significance,S138R,0.0
Linezolid,rplC,rplC_p.Ser89Ala,p.Ser89Ala,missense_variant,3) Uncertain significance,S89A,0.0
Linezolid,rplC,rplC_p.Thr102Ser,p.Thr102Ser,missense_variant,3) Uncertain significance,T102S,0.0
Linezolid,rplC,rplC_p.Thr115Ala,p.Thr115Ala,missense_variant,3) Uncertain significance,T115A,0.0
Linezolid,rplC,rplC_p.Thr41Met,p.Thr41Met,missense_variant,3) Uncertain significance,T41M,0.0
Linezolid,rplC,rplC_p.Thr93Ala,p.Thr93Ala,missense_variant,3) Uncertain significance,T93A,0.0
Linezolid,rplC,rplC_p.Tyr80Cys,p.Tyr80Cys,missense_variant,3) Uncertain significance,Y80C,0.5
Linezolid,rplC,rplC_p.Val185Ile,p.Val185Ile,missense_variant,3) Uncertain significance,V185I,0.0
Linezolid,rplC,rplC_p.Val97Ile,p.Val97Ile,missense_variant,3) Uncertain significance,V97I,0.0
Moxifloxacin,gyrA,gyrA_p.Ala126Glu,p.Ala126Glu,missense_variant,3) Uncertain significance,A126E,0.25
Moxifloxacin,gyrA,gyrA_p.Ala126Ser,p.Ala126Ser,missense_variant,3) Uncertain significance,A126S,0.0
Moxifloxacin,gyrA,gyrA_p.Ala126Val,p.Ala126Val,missense_variant,3) Uncertain significance,A126V,0.0
Moxifloxacin,gyrA,gyrA_p.Ala186Thr,p.Ala186Thr,missense_variant,3) Uncertain significance,A186T,0.0
Moxifloxacin,gyrA,gyrA_p.Ala198Gly,p.Ala198Gly,missense_variant,3) Uncertain significance,A198G,0.0
Moxifloxacin,gyrA,gyrA_p.Ala210Val,p.Ala210Val,missense_variant,3) Uncertain significance,A210V,0.0
Moxifloxacin,gyrA,gyrA_p.Ala217Val,p.Ala217Val,missense_variant,3) Uncertain significance,A217V,0.0
Moxifloxacin,gyrA,gyrA_p.Ala288Asp,p.Ala288Asp,missense_variant,3) Uncertain significance,A288D,0.5714285714285714
Moxifloxacin,gyrA,gyrA_p.Ala288Val,p.Ala288Val,missense_variant,3) Uncertain significance,A288V,0.0
Moxifloxacin,gyrA,gyrA_p.Ala297Gly,p.Ala297Gly,missense_variant,3) Uncertain significance,A297G,0.0
Moxifloxacin,gyrA,gyrA_p.Ala322Glu,p.Ala322Glu,missense_variant,3) Uncertain significance,A322E,0.0
Moxifloxacin,gyrA,gyrA_p.Ala322Ser,p.Ala322Ser,missense_variant,3) Uncertain significance,A322S,0.0
Moxifloxacin,gyrA,gyrA_p.Ala324Gly,p.Ala324Gly,missense_variant,3) Uncertain significance,A324G,0.0
Moxifloxacin,gyrA,gyrA_p.Ala324Val,p.Ala324Val,missense_variant,3) Uncertain significance,A324V,0.0
Moxifloxacin,gyrA,gyrA_p.Ala347Ser,p.Ala347Ser,missense_variant,3) Uncertain significance,A347S,1.0
Moxifloxacin,gyrA,gyrA_p.Ala347Thr,p.Ala347Thr,missense_variant,3) Uncertain significance,A347T,0.0
Moxifloxacin,gyrA,gyrA_p.Ala347Val,p.Ala347Val,missense_variant,3) Uncertain significance,A347V,0.0
Moxifloxacin,gyrA,gyrA_p.Ala384Val,p.Ala384Val,missense_variant,5) Not assoc w R,A384V,0.042487684729064036
Moxifloxacin,gyrA,gyrA_p.Ala400Val,p.Ala400Val,missense_variant,3) Uncertain significance,A400V,0.0
Moxifloxacin,gyrA,gyrA_p.Ala406Pro,p.Ala406Pro,missense_variant,3) Uncertain significance,A406P,0.0
Moxifloxacin,gyrA,gyrA_p.Ala406Val,p.Ala406Val,missense_variant,3) Uncertain significance,A406V,0.0
Moxifloxacin,gyrA,gyrA_p.Ala410Val,p.Ala410Val,missense_variant,3) Uncertain significance,A410V,0.0
Moxifloxacin,gyrA,gyrA_p.Ala432Gly,p.Ala432Gly,missense_variant,3) Uncertain significance,A432G,0.0
Moxifloxacin,gyrA,gyrA_p.Ala432Val,p.Ala432Val,missense_variant,3) Uncertain significance,A432V,0.0
Moxifloxacin,gyrA,gyrA_p.Ala445Val,p.Ala445Val,missense_variant,3) Uncertain significance,A445V,0.0
Moxifloxacin,gyrA,gyrA_p.Ala456Val,p.Ala456Val,missense_variant,3) Uncertain significance,A456V,0.0
Moxifloxacin,gyrA,gyrA_p.Ala463Ser,p.Ala463Ser,missense_variant,5) Not assoc w R,A463S,0.2922374429223744
Moxifloxacin,gyrA,gyrA_p.Ala500Glu,p.Ala500Glu,missense_variant,3) Uncertain significance,A500E,0.0
Moxifloxacin,gyrA,gyrA_p.Ala501Val,p.Ala501Val,missense_variant,3) Uncertain significance,A501V,0.0
Moxifloxacin,gyrA,gyrA_p.Ala512Gly,p.Ala512Gly,missense_variant,3) Uncertain significance,A512G,0.5
Moxifloxacin,gyrA,gyrA_p.Ala512Thr,p.Ala512Thr,missense_variant,3) Uncertain significance,A512T,0.0
Moxifloxacin,gyrA,gyrA_p.Ala579Val,p.Ala579Val,missense_variant,3) Uncertain significance,A579V,0.5
Moxifloxacin,gyrA,gyrA_p.Ala591Val,p.Ala591Val,missense_variant,3) Uncertain significance,A591V,0.5
Moxifloxacin,gyrA,gyrA_p.Ala626Val,p.Ala626Val,missense_variant,3) Uncertain significance,A626V,0.0
Moxifloxacin,gyrA,gyrA_p.Ala662Val,p.Ala662Val,missense_variant,3) Uncertain significance,A662V,0.0
Moxifloxacin,gyrA,gyrA_p.Ala667Val,p.Ala667Val,missense_variant,3) Uncertain significance,A667V,0.0
Moxifloxacin,gyrA,gyrA_p.Ala676Asp,p.Ala676Asp,missense_variant,3) Uncertain significance,A676D,0.0
Moxifloxacin,gyrA,gyrA_p.Ala676Val,p.Ala676Val,missense_variant,3) Uncertain significance,A676V,0.5714285714285714
Moxifloxacin,gyrA,gyrA_p.Ala689Val,p.Ala689Val,missense_variant,3) Uncertain significance,A689V,1.0
Moxifloxacin,gyrA,gyrA_p.Ala696Thr,p.Ala696Thr,missense_variant,3) Uncertain significance,A696T,0.0
Moxifloxacin,gyrA,gyrA_p.Ala696Val,p.Ala696Val,missense_variant,3) Uncertain significance,A696V,0.0
Moxifloxacin,gyrA,gyrA_p.Ala71Thr,p.Ala71Thr,missense_variant,3) Uncertain significance,A71T,0.0
Moxifloxacin,gyrA,gyrA_p.Ala736Thr,p.Ala736Thr,missense_variant,3) Uncertain significance,A736T,0.5
Moxifloxacin,gyrA,gyrA_p.Ala736Val,p.Ala736Val,missense_variant,3) Uncertain significance,A736V,0.0
Moxifloxacin,gyrA,gyrA_p.Ala74Ser,p.Ala74Ser,missense_variant,3) Uncertain significance,A74S,0.8333333333333334
Moxifloxacin,gyrA,gyrA_p.Ala74Thr,p.Ala74Thr,missense_variant,3) Uncertain significance,A74T,0.0
Moxifloxacin,gyrA,gyrA_p.Ala74Val,p.Ala74Val,missense_variant,3) Uncertain significance,A74V,0.0
Moxifloxacin,gyrA,gyrA_p.Ala787Gly,p.Ala787Gly,missense_variant,3) Uncertain significance,A787G,0.0
Moxifloxacin,gyrA,gyrA_p.Ala814Thr,p.Ala814Thr,missense_variant,3) Uncertain significance,A814T,0.0
Moxifloxacin,gyrA,gyrA_p.Ala90Glu,p.Ala90Glu,missense_variant,3) Uncertain significance,A90E,0.5
Moxifloxacin,gyrA,gyrA_p.Ala90Gly,p.Ala90Gly,missense_variant,4) Not assoc w R - Interim,A90G,0.0
Moxifloxacin,gyrA,gyrA_p.Ala90Val,p.Ala90Val,missense_variant,1) Assoc w R,A90V,0.6143344709897611
Moxifloxacin,gyrA,gyrA_p.Arg106Cys,p.Arg106Cys,missense_variant,3) Uncertain significance,R106C,0.0
Moxifloxacin,gyrA,gyrA_p.Arg128Lys,p.Arg128Lys,missense_variant,3) Uncertain significance,R128K,1.0
Moxifloxacin,gyrA,gyrA_p.Arg14Leu,p.Arg14Leu,missense_variant,3) Uncertain significance,R14L,0.0
Moxifloxacin,gyrA,gyrA_p.Arg195Gly,p.Arg195Gly,missense_variant,3) Uncertain significance,R195G,0.0
Moxifloxacin,gyrA,gyrA_p.Arg252Gly,p.Arg252Gly,missense_variant,3) Uncertain significance,R252G,0.0
Moxifloxacin,gyrA,gyrA_p.Arg252Leu,p.Arg252Leu,missense_variant,3) Uncertain significance,R252L,0.02666666666666667
Moxifloxacin,gyrA,gyrA_p.Arg254Cys,p.Arg254Cys,missense_variant,3) Uncertain significance,R254C,0.0
Moxifloxacin,gyrA,gyrA_p.Arg254Leu,p.Arg254Leu,missense_variant,3) Uncertain significance,R254L,0.0
Moxifloxacin,gyrA,gyrA_p.Arg26Cys,p.Arg26Cys,missense_variant,3) Uncertain significance,R26C,0.0
Moxifloxacin,gyrA,gyrA_p.Arg26His,p.Arg26His,missense_variant,3) Uncertain significance,R26H,0.0
Moxifloxacin,gyrA,gyrA_p.Arg292Gly,p.Arg292Gly,missense_variant,3) Uncertain significance,R292G,0.6
Moxifloxacin,gyrA,gyrA_p.Arg292Leu,p.Arg292Leu,missense_variant,3) Uncertain significance,R292L,1.0
Moxifloxacin,gyrA,gyrA_p.Arg309Gln,p.Arg309Gln,missense_variant,3) Uncertain significance,R309Q,0.0
Moxifloxacin,gyrA,gyrA_p.Arg309Trp,p.Arg309Trp,missense_variant,3) Uncertain significance,R309W,1.0
Moxifloxacin,gyrA,gyrA_p.Arg375Gln,p.Arg375Gln,missense_variant,3) Uncertain significance,R375Q,0.0
Moxifloxacin,gyrA,gyrA_p.Arg380Gly,p.Arg380Gly,missense_variant,3) Uncertain significance,R380G,0.0
Moxifloxacin,gyrA,gyrA_p.Arg387Gln,p.Arg387Gln,missense_variant,3) Uncertain significance,R387Q,0.0
Moxifloxacin,gyrA,gyrA_p.Arg392Cys,p.Arg392Cys,missense_variant,3) Uncertain significance,R392C,1.0
Moxifloxacin,gyrA,gyrA_p.Arg392His,p.Arg392His,missense_variant,3) Uncertain significance,R392H,0.0
Moxifloxacin,gyrA,gyrA_p.Arg409Gln,p.Arg409Gln,missense_variant,3) Uncertain significance,R409Q,0.0
Moxifloxacin,gyrA,gyrA_p.Arg450Ser,p.Arg450Ser,missense_variant,3) Uncertain significance,R450S,1.0
Moxifloxacin,gyrA,gyrA_p.Arg480Cys,p.Arg480Cys,missense_variant,3) Uncertain significance,R480C,0.0
Moxifloxacin,gyrA,gyrA_p.Arg489Lys,p.Arg489Lys,missense_variant,3) Uncertain significance,R489K,0.0
Moxifloxacin,gyrA,gyrA_p.Arg489Ser,p.Arg489Ser,missense_variant,3) Uncertain significance,R489S,0.0
Moxifloxacin,gyrA,gyrA_p.Arg495Cys,p.Arg495Cys,missense_variant,3) Uncertain significance,R495C,0.0
Moxifloxacin,gyrA,gyrA_p.Arg497Trp,p.Arg497Trp,missense_variant,3) Uncertain significance,R497W,0.0
Moxifloxacin,gyrA,gyrA_p.Arg513Cys,p.Arg513Cys,missense_variant,3) Uncertain significance,R513C,0.0
Moxifloxacin,gyrA,gyrA_p.Arg578Gln,p.Arg578Gln,missense_variant,3) Uncertain significance,R578Q,0.2727272727272727
Moxifloxacin,gyrA,gyrA_p.Arg592Cys,p.Arg592Cys,missense_variant,3) Uncertain significance,R592C,1.0
Moxifloxacin,gyrA,gyrA_p.Arg607Cys,p.Arg607Cys,missense_variant,3) Uncertain significance,R607C,0.0
Moxifloxacin,gyrA,gyrA_p.Arg607His,p.Arg607His,missense_variant,3) Uncertain significance,R607H,0.2
Moxifloxacin,gyrA,gyrA_p.Arg615Gly,p.Arg615Gly,missense_variant,3) Uncertain significance,R615G,0.0
Moxifloxacin,gyrA,gyrA_p.Arg615His,p.Arg615His,missense_variant,3) Uncertain significance,R615H,0.0
Moxifloxacin,gyrA,gyrA_p.Arg615Leu,p.Arg615Leu,missense_variant,3) Uncertain significance,R615L,0.0
Moxifloxacin,gyrA,gyrA_p.Arg65His,p.Arg65His,missense_variant,3) Uncertain significance,R65H,0.0
Moxifloxacin,gyrA,gyrA_p.Arg68Cys,p.Arg68Cys,missense_variant,3) Uncertain significance,R68C,0.0
Moxifloxacin,gyrA,gyrA_p.Arg68Gly,p.Arg68Gly,missense_variant,3) Uncertain significance,R68G,0.0
Moxifloxacin,gyrA,gyrA_p.Arg68Ser,p.Arg68Ser,missense_variant,3) Uncertain significance,R68S,0.0
Moxifloxacin,gyrA,gyrA_p.Arg718Cys,p.Arg718Cys,missense_variant,3) Uncertain significance,R718C,1.0
Moxifloxacin,gyrA,gyrA_p.Arg789Gly,p.Arg789Gly,missense_variant,3) Uncertain significance,R789G,0.0
Moxifloxacin,gyrA,gyrA_p.Arg789His,p.Arg789His,missense_variant,3) Uncertain significance,R789H,0.0
Moxifloxacin,gyrA,gyrA_p.Asn193Ser,p.Asn193Ser,missense_variant,3) Uncertain significance,N193S,0.06976744186046512
Moxifloxacin,gyrA,gyrA_p.Asn282Lys,p.Asn282Lys,missense_variant,3) Uncertain significance,N282K,0.4444444444444444
Moxifloxacin,gyrA,gyrA_p.Asn301Thr,p.Asn301Thr,missense_variant,3) Uncertain significance,N301T,0.0
Moxifloxacin,gyrA,gyrA_p.Asn629Lys,p.Asn629Lys,missense_variant,3) Uncertain significance,N629K,0.0
Moxifloxacin,gyrA,gyrA_p.Asn818Asp,p.Asn818Asp,missense_variant,3) Uncertain significance,N818D,0.0
Moxifloxacin,gyrA,gyrA_p.Asn826Asp,p.Asn826Asp,missense_variant,3) Uncertain significance,N826D,0.0
Moxifloxacin,gyrA,gyrA_p.Asn826His,p.Asn826His,missense_variant,3) Uncertain significance,N826H,0.0
Moxifloxacin,gyrA,gyrA_p.Asn826Ile,p.Asn826Ile,missense_variant,3) Uncertain significance,N826I,0.0
Moxifloxacin,gyrA,gyrA_p.Asn831Lys,p.Asn831Lys,missense_variant,3) Uncertain significance,N831K,0.0
Moxifloxacin,gyrA,gyrA_p.Asp111Gly,p.Asp111Gly,missense_variant,3) Uncertain significance,D111G,0.0
Moxifloxacin,gyrA,gyrA_p.Asp209Gly,p.Asp209Gly,missense_variant,3) Uncertain significance,D209G,0.0
Moxifloxacin,gyrA,gyrA_p.Asp211Glu,p.Asp211Glu,missense_variant,3) Uncertain significance,D211E,0.0
Moxifloxacin,gyrA,gyrA_p.Asp211Gly,p.Asp211Gly,missense_variant,3) Uncertain significance,D211G,0.0
Moxifloxacin,gyrA,gyrA_p.Asp242Asn,p.Asp242Asn,missense_variant,3) Uncertain significance,D242N,0.0
Moxifloxacin,gyrA,gyrA_p.Asp262Val,p.Asp262Val,missense_variant,3) Uncertain significance,D262V,0.0
Moxifloxacin,gyrA,gyrA_p.Asp293Tyr,p.Asp293Tyr,missense_variant,3) Uncertain significance,D293Y,0.0
Moxifloxacin,gyrA,gyrA_p.Asp30Asn,p.Asp30Asn,missense_variant,3) Uncertain significance,D30N,0.0
Moxifloxacin,gyrA,gyrA_p.Asp367Glu,p.Asp367Glu,missense_variant,3) Uncertain significance,D367E,0.0
Moxifloxacin,gyrA,gyrA_p.Asp367His,p.Asp367His,missense_variant,3) Uncertain significance,D367H,0.0
Moxifloxacin,gyrA,gyrA_p.Asp415Asn,p.Asp415Asn,missense_variant,3) Uncertain significance,D415N,0.0
Moxifloxacin,gyrA,gyrA_p.Asp415Phe,p.Asp415Phe,missense_variant,3) Uncertain significance,D415F,0.0
Moxifloxacin,gyrA,gyrA_p.Asp437Gly,p.Asp437Gly,missense_variant,3) Uncertain significance,D437G,0.0
Moxifloxacin,gyrA,gyrA_p.Asp464Glu,p.Asp464Glu,missense_variant,3) Uncertain significance,D464E,0.0
Moxifloxacin,gyrA,gyrA_p.Asp467Glu,p.Asp467Glu,missense_variant,3) Uncertain significance,D467E,0.0
Moxifloxacin,gyrA,gyrA_p.Asp467His,p.Asp467His,missense_variant,3) Uncertain significance,D467H,0.0
Moxifloxacin,gyrA,gyrA_p.Asp481Ala,p.Asp481Ala,missense_variant,3) Uncertain significance,D481A,0.0
Moxifloxacin,gyrA,gyrA_p.Asp481Glu,p.Asp481Glu,missense_variant,3) Uncertain significance,D481E,0.0
Moxifloxacin,gyrA,gyrA_p.Asp481Gly,p.Asp481Gly,missense_variant,3) Uncertain significance,D481G,0.0
Moxifloxacin,gyrA,gyrA_p.Asp488Ala,p.Asp488Ala,missense_variant,3) Uncertain significance,D488A,0.0
Moxifloxacin,gyrA,gyrA_p.Asp488Glu,p.Asp488Glu,missense_variant,3) Uncertain significance,D488E,0.0
Moxifloxacin,gyrA,gyrA_p.Asp493His,p.Asp493His,missense_variant,3) Uncertain significance,D493H,0.0
Moxifloxacin,gyrA,gyrA_p.Asp504Glu,p.Asp504Glu,missense_variant,3) Uncertain significance,D504E,0.0
Moxifloxacin,gyrA,gyrA_p.Asp507His,p.Asp507His,missense_variant,3) Uncertain significance,D507H,0.0
Moxifloxacin,gyrA,gyrA_p.Asp509Asn,p.Asp509Asn,missense_variant,3) Uncertain significance,D509N,0.0
Moxifloxacin,gyrA,gyrA_p.Asp515Asn,p.Asp515Asn,missense_variant,3) Uncertain significance,D515N,0.0
Moxifloxacin,gyrA,gyrA_p.Asp515Glu,p.Asp515Glu,missense_variant,3) Uncertain significance,D515E,1.0
Moxifloxacin,gyrA,gyrA_p.Asp532Asn,p.Asp532Asn,missense_variant,3) Uncertain significance,D532N,0.0
Moxifloxacin,gyrA,gyrA_p.Asp552Gly,p.Asp552Gly,missense_variant,3) Uncertain significance,D552G,0.0
Moxifloxacin,gyrA,gyrA_p.Asp583Glu,p.Asp583Glu,missense_variant,3) Uncertain significance,D583E,0.0
Moxifloxacin,gyrA,gyrA_p.Asp639Ala,p.Asp639Ala,missense_variant,3) Uncertain significance,D639A,0.0
Moxifloxacin,gyrA,gyrA_p.Asp639Gly,p.Asp639Gly,missense_variant,3) Uncertain significance,D639G,0.0
Moxifloxacin,gyrA,gyrA_p.Asp641Glu,p.Asp641Glu,missense_variant,3) Uncertain significance,D641E,0.0
Moxifloxacin,gyrA,gyrA_p.Asp641Tyr,p.Asp641Tyr,missense_variant,3) Uncertain significance,D641Y,0.0
Moxifloxacin,gyrA,gyrA_p.Asp687Asn,p.Asp687Asn,missense_variant,3) Uncertain significance,D687N,0.0
Moxifloxacin,gyrA,gyrA_p.Asp770Gly,p.Asp770Gly,missense_variant,3) Uncertain significance,D770G,0.0
Moxifloxacin,gyrA,gyrA_p.Asp810Glu,p.Asp810Glu,missense_variant,3) Uncertain significance,D810E,1.0
Moxifloxacin,gyrA,gyrA_p.Asp824Asn,p.Asp824Asn,missense_variant,3) Uncertain significance,D824N,0.0
Moxifloxacin,gyrA,gyrA_p.Asp824Glu,p.Asp824Glu,missense_variant,3) Uncertain significance,D824E,0.0
Moxifloxacin,gyrA,gyrA_p.Asp825Glu,p.Asp825Glu,missense_variant,3) Uncertain significance,D825E,0.0
Moxifloxacin,gyrA,gyrA_p.Asp829Glu,p.Asp829Glu,missense_variant,3) Uncertain significance,D829E,0.0
Moxifloxacin,gyrA,gyrA_p.Asp89Asn,p.Asp89Asn,missense_variant,1) Assoc w R,D89N,0.7692307692307693
Moxifloxacin,gyrA,gyrA_p.Asp89Gly,p.Asp89Gly,missense_variant,3) Uncertain significance,D89G,1.0
Moxifloxacin,gyrA,gyrA_p.Asp94Ala,p.Asp94Ala,missense_variant,1) Assoc w R,D94A,0.6027713625866051
Moxifloxacin,gyrA,gyrA_p.Asp94Asn,p.Asp94Asn,missense_variant,1) Assoc w R,D94N,0.8481375358166189
Moxifloxacin,gyrA,gyrA_p.Asp94Gly,p.Asp94Gly,missense_variant,1) Assoc w R,D94G,0.8668032786885246
Moxifloxacin,gyrA,gyrA_p.Asp94His,p.Asp94His,missense_variant,1) Assoc w R,D94H,0.8333333333333334
Moxifloxacin,gyrA,gyrA_p.Asp94Phe,p.Asp94Phe,missense_variant,3) Uncertain significance,D94F,1.0
Moxifloxacin,gyrA,gyrA_p.Asp94Tyr,p.Asp94Tyr,missense_variant,1) Assoc w R,D94Y,0.8260869565217391
Moxifloxacin,gyrA,gyrA_p.Asp94Val,p.Asp94Val,missense_variant,3) Uncertain significance,D94V,0.5
Moxifloxacin,gyrA,gyrA_p.Gln113Glu,p.Gln113Glu,missense_variant,3) Uncertain significance,Q113E,0.0
Moxifloxacin,gyrA,gyrA_p.Gln22His,p.Gln22His,missense_variant,3) Uncertain significance,Q22H,0.0
Moxifloxacin,gyrA,gyrA_p.Gln25Glu,p.Gln25Glu,missense_variant,3) Uncertain significance,Q25E,0.0
Moxifloxacin,gyrA,gyrA_p.Gln277Arg,p.Gln277Arg,missense_variant,3) Uncertain significance,Q277R,0.0
Moxifloxacin,gyrA,gyrA_p.Gln290Arg,p.Gln290Arg,missense_variant,3) Uncertain significance,Q290R,0.0
Moxifloxacin,gyrA,gyrA_p.Gln290His,p.Gln290His,missense_variant,3) Uncertain significance,Q290H,0.0
Moxifloxacin,gyrA,gyrA_p.Gln305Arg,p.Gln305Arg,missense_variant,3) Uncertain significance,Q305R,0.0
Moxifloxacin,gyrA,gyrA_p.Gln336Lys,p.Gln336Lys,missense_variant,3) Uncertain significance,Q336K,0.0
Moxifloxacin,gyrA,gyrA_p.Gln475Pro,p.Gln475Pro,missense_variant,3) Uncertain significance,Q475P,0.0
Moxifloxacin,gyrA,gyrA_p.Gln573Arg,p.Gln573Arg,missense_variant,3) Uncertain significance,Q573R,0.0
Moxifloxacin,gyrA,gyrA_p.Gln594Arg,p.Gln594Arg,missense_variant,3) Uncertain significance,Q594R,1.0
Moxifloxacin,gyrA,gyrA_p.Gln603His,p.Gln603His,missense_variant,3) Uncertain significance,Q603H,0.0
Moxifloxacin,gyrA,gyrA_p.Gln613Glu,p.Gln613Glu,missense_variant,5) Not assoc w R,Q613E,0.039301310043668124
Moxifloxacin,gyrA,gyrA_p.Gln679His,p.Gln679His,missense_variant,3) Uncertain significance,Q679H,0.0
Moxifloxacin,gyrA,gyrA_p.Gln679Lys,p.Gln679Lys,missense_variant,3) Uncertain significance,Q679K,0.0
Moxifloxacin,gyrA,gyrA_p.Gln743His,p.Gln743His,missense_variant,3) Uncertain significance,Q743H,0.0
Moxifloxacin,gyrA,gyrA_p.Gln790Glu,p.Gln790Glu,missense_variant,3) Uncertain significance,Q790E,0.0
Moxifloxacin,gyrA,gyrA_p.Gln797Pro,p.Gln797Pro,missense_variant,3) Uncertain significance,Q797P,0.0
Moxifloxacin,gyrA,gyrA_p.Glu140Gly,p.Glu140Gly,missense_variant,3) Uncertain significance,E140G,0.0
Moxifloxacin,gyrA,gyrA_p.Glu148Asp,p.Glu148Asp,missense_variant,3) Uncertain significance,E148D,0.0
Moxifloxacin,gyrA,gyrA_p.Glu214Asp,p.Glu214Asp,missense_variant,3) Uncertain significance,E214D,0.2222222222222222
Moxifloxacin,gyrA,gyrA_p.Glu21Gln,p.Glu21Gln,missense_variant,5) Not assoc w R,E21Q,0.17785219915159634
Moxifloxacin,gyrA,gyrA_p.Glu21His,p.Glu21His,missense_variant,3) Uncertain significance,E21H,0.0
Moxifloxacin,gyrA,gyrA_p.Glu289Asp,p.Glu289Asp,missense_variant,3) Uncertain significance,E289D,0.56
Moxifloxacin,gyrA,gyrA_p.Glu289Gln,p.Glu289Gln,missense_variant,3) Uncertain significance,E289Q,0.0
Moxifloxacin,gyrA,gyrA_p.Glu303Lys,p.Glu303Lys,missense_variant,3) Uncertain significance,E303K,1.0
Moxifloxacin,gyrA,gyrA_p.Glu317Gly,p.Glu317Gly,missense_variant,3) Uncertain significance,E317G,0.0
Moxifloxacin,gyrA,gyrA_p.Glu386Val,p.Glu386Val,missense_variant,3) Uncertain significance,E386V,0.0
Moxifloxacin,gyrA,gyrA_p.Glu412Ala,p.Glu412Ala,missense_variant,3) Uncertain significance,E412A,0.0
Moxifloxacin,gyrA,gyrA_p.Glu412Gly,p.Glu412Gly,missense_variant,3) Uncertain significance,E412G,0.0
Moxifloxacin,gyrA,gyrA_p.Glu429Ala,p.Glu429Ala,missense_variant,3) Uncertain significance,E429A,0.0
Moxifloxacin,gyrA,gyrA_p.Glu459Ala,p.Glu459Ala,missense_variant,3) Uncertain significance,E459A,0.0
Moxifloxacin,gyrA,gyrA_p.Glu459Lys,p.Glu459Lys,missense_variant,3) Uncertain significance,E459K,0.0
Moxifloxacin,gyrA,gyrA_p.Glu466Ala,p.Glu466Ala,missense_variant,3) Uncertain significance,E466A,0.0
Moxifloxacin,gyrA,gyrA_p.Glu508Ala,p.Glu508Ala,missense_variant,3) Uncertain significance,E508A,0.0
Moxifloxacin,gyrA,gyrA_p.Glu514Gln,p.Glu514Gln,missense_variant,3) Uncertain significance,E514Q,0.0
Moxifloxacin,gyrA,gyrA_p.Glu719Gln,p.Glu719Gln,missense_variant,3) Uncertain significance,E719Q,0.0
Moxifloxacin,gyrA,gyrA_p.Glu738Asp,p.Glu738Asp,missense_variant,3) Uncertain significance,E738D,1.0
Moxifloxacin,gyrA,gyrA_p.Glu739Gln,p.Glu739Gln,missense_variant,3) Uncertain significance,E739Q,0.3333333333333333
Moxifloxacin,gyrA,gyrA_p.Glu79Asp,p.Glu79Asp,missense_variant,3) Uncertain significance,E79D,0.0
Moxifloxacin,gyrA,gyrA_p.Glu79Lys,p.Glu79Lys,missense_variant,3) Uncertain significance,E79K,0.0
Moxifloxacin,gyrA,gyrA_p.Glu808Ala,p.Glu808Ala,missense_variant,3) Uncertain significance,E808A,0.0
Moxifloxacin,gyrA,gyrA_p.Glu808Gln,p.Glu808Gln,missense_variant,3) Uncertain significance,E808Q,0.0
Moxifloxacin,gyrA,gyrA_p.Gly112Cys,p.Gly112Cys,missense_variant,3) Uncertain significance,G112C,0.0
Moxifloxacin,gyrA,gyrA_p.Gly158Ser,p.Gly158Ser,missense_variant,3) Uncertain significance,G158S,0.0
Moxifloxacin,gyrA,gyrA_p.Gly236Val,p.Gly236Val,missense_variant,3) Uncertain significance,G236V,0.5
Moxifloxacin,gyrA,gyrA_p.Gly247Ser,p.Gly247Ser,missense_variant,5) Not assoc w R,G247S,0.14285714285714285
Moxifloxacin,gyrA,gyrA_p.Gly265Ser,p.Gly265Ser,missense_variant,3) Uncertain significance,G265S,0.0
Moxifloxacin,gyrA,gyrA_p.Gly294Ala,p.Gly294Ala,missense_variant,3) Uncertain significance,G294A,0.0
Moxifloxacin,gyrA,gyrA_p.Gly311Ala,p.Gly311Ala,missense_variant,3) Uncertain significance,G311A,0.0
Moxifloxacin,gyrA,gyrA_p.Gly351Ala,p.Gly351Ala,missense_variant,3) Uncertain significance,G351A,0.0
Moxifloxacin,gyrA,gyrA_p.Gly477Glu,p.Gly477Glu,missense_variant,3) Uncertain significance,G477E,0.0
Moxifloxacin,gyrA,gyrA_p.Gly503Arg,p.Gly503Arg,missense_variant,3) Uncertain significance,G503R,0.0
Moxifloxacin,gyrA,gyrA_p.Gly503Val,p.Gly503Val,missense_variant,3) Uncertain significance,G503V,0.0
Moxifloxacin,gyrA,gyrA_p.Gly548Arg,p.Gly548Arg,missense_variant,3) Uncertain significance,G548R,0.0
Moxifloxacin,gyrA,gyrA_p.Gly63Ala,p.Gly63Ala,missense_variant,3) Uncertain significance,G63A,0.0
Moxifloxacin,gyrA,gyrA_p.Gly63Arg,p.Gly63Arg,missense_variant,3) Uncertain significance,G63R,0.0
Moxifloxacin,gyrA,gyrA_p.Gly646Ser,p.Gly646Ser,missense_variant,3) Uncertain significance,G646S,0.0
Moxifloxacin,gyrA,gyrA_p.Gly668Asp,p.Gly668Asp,missense_variant,5) Not assoc w R,G668D,0.18387702982701296
Moxifloxacin,gyrA,gyrA_p.Gly694Ala,p.Gly694Ala,missense_variant,3) Uncertain significance,G694A,0.0
Moxifloxacin,gyrA,gyrA_p.Gly702Ser,p.Gly702Ser,missense_variant,3) Uncertain significance,G702S,0.0
Moxifloxacin,gyrA,gyrA_p.Gly729Arg,p.Gly729Arg,missense_variant,3) Uncertain significance,G729R,0.0
Moxifloxacin,gyrA,gyrA_p.Gly744Ala,p.Gly744Ala,missense_variant,3) Uncertain significance,G744A,0.0
Moxifloxacin,gyrA,gyrA_p.Gly780Cys,p.Gly780Cys,missense_variant,3) Uncertain significance,G780C,0.0
Moxifloxacin,gyrA,gyrA_p.Gly795Arg,p.Gly795Arg,missense_variant,3) Uncertain significance,G795R,0.0
Moxifloxacin,gyrA,gyrA_p.Gly823Cys,p.Gly823Cys,missense_variant,3) Uncertain significance,G823C,0.0
Moxifloxacin,gyrA,gyrA_p.Gly823Ser,p.Gly823Ser,missense_variant,3) Uncertain significance,G823S,0.0
Moxifloxacin,gyrA,gyrA_p.Gly832Arg,p.Gly832Arg,missense_variant,3) Uncertain significance,G832R,0.0
Moxifloxacin,gyrA,gyrA_p.Gly88Ala,p.Gly88Ala,missense_variant,2) Assoc w R - Interim,G88A,0.4583333333333333
Moxifloxacin,gyrA,gyrA_p.Gly88Asp,p.Gly88Asp,missense_variant,3) Uncertain significance,G88D,1.0
Moxifloxacin,gyrA,gyrA_p.Gly88Cys,p.Gly88Cys,missense_variant,1) Assoc w R,G88C,0.868421052631579
Moxifloxacin,gyrA,gyrA_p.His192Gln,p.His192Gln,missense_variant,3) Uncertain significance,H192Q,0.0
Moxifloxacin,gyrA,gyrA_p.His334Tyr,p.His334Tyr,missense_variant,3) Uncertain significance,H334Y,0.0
Moxifloxacin,gyrA,gyrA_p.His368Gln,p.His368Gln,missense_variant,3) Uncertain significance,H368Q,0.0
Moxifloxacin,gyrA,gyrA_p.His389Pro,p.His389Pro,missense_variant,3) Uncertain significance,H389P,0.3333333333333333
Moxifloxacin,gyrA,gyrA_p.His490Arg,p.His490Arg,missense_variant,3) Uncertain significance,H490R,1.0
Moxifloxacin,gyrA,gyrA_p.His490Asn,p.His490Asn,missense_variant,3) Uncertain significance,H490N,0.0
Moxifloxacin,gyrA,gyrA_p.His490Tyr,p.His490Tyr,missense_variant,3) Uncertain significance,H490Y,0.0
Moxifloxacin,gyrA,gyrA_p.His557Arg,p.His557Arg,missense_variant,3) Uncertain significance,H557R,0.0
Moxifloxacin,gyrA,gyrA_p.His70Arg,p.His70Arg,missense_variant,3) Uncertain significance,H70R,0.75
Moxifloxacin,gyrA,gyrA_p.Ile153Met,p.Ile153Met,missense_variant,3) Uncertain significance,I153M,0.0
Moxifloxacin,gyrA,gyrA_p.Ile15Val,p.Ile15Val,missense_variant,3) Uncertain significance,I15V,0.0
Moxifloxacin,gyrA,gyrA_p.Ile189Met,p.Ile189Met,missense_variant,3) Uncertain significance,I189M,0.0
Moxifloxacin,gyrA,gyrA_p.Ile189Val,p.Ile189Val,missense_variant,3) Uncertain significance,I189V,0.0
Moxifloxacin,gyrA,gyrA_p.Ile284Val,p.Ile284Val,missense_variant,3) Uncertain significance,I284V,0.0
Moxifloxacin,gyrA,gyrA_p.Ile314Val,p.Ile314Val,missense_variant,3) Uncertain significance,I314V,0.0
Moxifloxacin,gyrA,gyrA_p.Ile328Leu,p.Ile328Leu,missense_variant,3) Uncertain significance,I328L,1.0
Moxifloxacin,gyrA,gyrA_p.Ile348Val,p.Ile348Val,missense_variant,3) Uncertain significance,I348V,0.0
Moxifloxacin,gyrA,gyrA_p.Ile390Thr,p.Ile390Thr,missense_variant,3) Uncertain significance,I390T,0.0
Moxifloxacin,gyrA,gyrA_p.Ile427Val,p.Ile427Val,missense_variant,3) Uncertain significance,I427V,0.0
Moxifloxacin,gyrA,gyrA_p.Ile452Thr,p.Ile452Thr,missense_variant,3) Uncertain significance,I452T,0.0
Moxifloxacin,gyrA,gyrA_p.Ile462Val,p.Ile462Val,missense_variant,3) Uncertain significance,I462V,0.375
Moxifloxacin,gyrA,gyrA_p.Ile520Leu,p.Ile520Leu,missense_variant,3) Uncertain significance,I520L,0.0
Moxifloxacin,gyrA,gyrA_p.Ile554Val,p.Ile554Val,missense_variant,3) Uncertain significance,I554V,0.0
Moxifloxacin,gyrA,gyrA_p.Ile707Val,p.Ile707Val,missense_variant,3) Uncertain significance,I707V,0.0
Moxifloxacin,gyrA,gyrA_p.Ile815Met,p.Ile815Met,missense_variant,3) Uncertain significance,I815M,0.0
Moxifloxacin,gyrA,gyrA_p.Ile92Val,p.Ile92Val,missense_variant,3) Uncertain significance,I92V,1.0
Moxifloxacin,gyrA,gyrA_p.Leu105Arg,p.Leu105Arg,missense_variant,3) Uncertain significance,L105R,0.25
Moxifloxacin,gyrA,gyrA_p.Leu12Phe,p.Leu12Phe,missense_variant,3) Uncertain significance,L12F,0.0
Moxifloxacin,gyrA,gyrA_p.Leu134Met,p.Leu134Met,missense_variant,3) Uncertain significance,L134M,0.0
Moxifloxacin,gyrA,gyrA_p.Leu142Val,p.Leu142Val,missense_variant,3) Uncertain significance,L142V,0.0
Moxifloxacin,gyrA,gyrA_p.Leu205Val,p.Leu205Val,missense_variant,3) Uncertain significance,L205V,0.0
Moxifloxacin,gyrA,gyrA_p.Leu296Pro,p.Leu296Pro,missense_variant,3) Uncertain significance,L296P,0.0
Moxifloxacin,gyrA,gyrA_p.Leu346Val,p.Leu346Val,missense_variant,3) Uncertain significance,L346V,0.1111111111111111
Moxifloxacin,gyrA,gyrA_p.Leu398Phe,p.Leu398Phe,missense_variant,3) Uncertain significance,L398F,0.125
Moxifloxacin,gyrA,gyrA_p.Leu401Val,p.Leu401Val,missense_variant,3) Uncertain significance,L401V,0.0
Moxifloxacin,gyrA,gyrA_p.Leu425Phe,p.Leu425Phe,missense_variant,3) Uncertain significance,L425F,0.0
Moxifloxacin,gyrA,gyrA_p.Leu455Arg,p.Leu455Arg,missense_variant,3) Uncertain significance,L455R,1.0
Moxifloxacin,gyrA,gyrA_p.Leu455Val,p.Leu455Val,missense_variant,3) Uncertain significance,L455V,0.0
Moxifloxacin,gyrA,gyrA_p.Leu465Gln,p.Leu465Gln,missense_variant,3) Uncertain significance,L465Q,0.0
Moxifloxacin,gyrA,gyrA_p.Leu549Val,p.Leu549Val,missense_variant,3) Uncertain significance,L549V,0.0
Moxifloxacin,gyrA,gyrA_p.Leu566Trp,p.Leu566Trp,missense_variant,3) Uncertain significance,L566W,0.0
Moxifloxacin,gyrA,gyrA_p.Leu653Val,p.Leu653Val,missense_variant,3) Uncertain significance,L653V,0.5
Moxifloxacin,gyrA,gyrA_p.Leu659Val,p.Leu659Val,missense_variant,3) Uncertain significance,L659V,0.0
Moxifloxacin,gyrA,gyrA_p.Leu671Val,p.Leu671Val,missense_variant,3) Uncertain significance,L671V,0.0
Moxifloxacin,gyrA,gyrA_p.Leu711Met,p.Leu711Met,missense_variant,3) Uncertain significance,L711M,0.1111111111111111
Moxifloxacin,gyrA,gyrA_p.Leu724Val,p.Leu724Val,missense_variant,3) Uncertain significance,L724V,0.0
Moxifloxacin,gyrA,gyrA_p.Leu766Ser,p.Leu766Ser,missense_variant,3) Uncertain significance,L766S,0.0
Moxifloxacin,gyrA,gyrA_p.Leu812Val,p.Leu812Val,missense_variant,3) Uncertain significance,L812V,1.0
Moxifloxacin,gyrA,gyrA_p.Lys224Glu,p.Lys224Glu,missense_variant,3) Uncertain significance,K224E,0.0
Moxifloxacin,gyrA,gyrA_p.Lys319Asn,p.Lys319Asn,missense_variant,3) Uncertain significance,K319N,0.0
Moxifloxacin,gyrA,gyrA_p.Lys319Glu,p.Lys319Glu,missense_variant,3) Uncertain significance,K319E,0.6666666666666666
Moxifloxacin,gyrA,gyrA_p.Lys319Thr,p.Lys319Thr,missense_variant,3) Uncertain significance,K319T,1.0
Moxifloxacin,gyrA,gyrA_p.Lys333Asn,p.Lys333Asn,missense_variant,3) Uncertain significance,K333N,0.0
Moxifloxacin,gyrA,gyrA_p.Lys633Arg,p.Lys633Arg,missense_variant,3) Uncertain significance,K633R,0.0
Moxifloxacin,gyrA,gyrA_p.Lys636Asn,p.Lys636Asn,missense_variant,3) Uncertain significance,K636N,0.0
Moxifloxacin,gyrA,gyrA_p.Lys636Glu,p.Lys636Glu,missense_variant,3) Uncertain significance,K636E,0.0
Moxifloxacin,gyrA,gyrA_p.Lys636Thr,p.Lys636Thr,missense_variant,3) Uncertain significance,K636T,0.0
Moxifloxacin,gyrA,gyrA_p.Lys799Arg,p.Lys799Arg,missense_variant,3) Uncertain significance,K799R,0.0
Moxifloxacin,gyrA,gyrA_p.Met141Ile,p.Met141Ile,missense_variant,3) Uncertain significance,M141I,0.0
Moxifloxacin,gyrA,gyrA_p.Met141Thr,p.Met141Thr,missense_variant,3) Uncertain significance,M141T,0.0
Moxifloxacin,gyrA,gyrA_p.Met141Val,p.Met141Val,missense_variant,3) Uncertain significance,M141V,0.0
Moxifloxacin,gyrA,gyrA_p.Met220Arg,p.Met220Arg,missense_variant,3) Uncertain significance,M220R,1.0
Moxifloxacin,gyrA,gyrA_p.Met438Ile,p.Met438Ile,missense_variant,3) Uncertain significance,M438I,0.0
Moxifloxacin,gyrA,gyrA_p.Met703Val,p.Met703Val,missense_variant,3) Uncertain significance,M703V,0.0
Moxifloxacin,gyrA,gyrA_p.Met804Val,p.Met804Val,missense_variant,3) Uncertain significance,M804V,0.0
Moxifloxacin,gyrA,gyrA_p.Met99Ile,p.Met99Ile,missense_variant,3) Uncertain significance,M99I,0.0
Moxifloxacin,gyrA,gyrA_p.Phe152Leu,p.Phe152Leu,missense_variant,3) Uncertain significance,F152L,0.0
Moxifloxacin,gyrA,gyrA_p.Phe228Leu,p.Phe228Leu,missense_variant,3) Uncertain significance,F228L,0.0
Moxifloxacin,gyrA,gyrA_p.Phe569Cys,p.Phe569Cys,missense_variant,3) Uncertain significance,F569C,0.0
Moxifloxacin,gyrA,gyrA_p.Phe640Val,p.Phe640Val,missense_variant,3) Uncertain significance,F640V,0.0
Moxifloxacin,gyrA,gyrA_p.Phe683Leu,p.Phe683Leu,missense_variant,3) Uncertain significance,F683L,0.0
Moxifloxacin,gyrA,gyrA_p.Phe683Val,p.Phe683Val,missense_variant,3) Uncertain significance,F683V,0.0
Moxifloxacin,gyrA,gyrA_p.Phe705Leu,p.Phe705Leu,missense_variant,3) Uncertain significance,F705L,0.0
Moxifloxacin,gyrA,gyrA_p.Pro102Leu,p.Pro102Leu,missense_variant,3) Uncertain significance,P102L,1.0
Moxifloxacin,gyrA,gyrA_p.Pro108Ser,p.Pro108Ser,missense_variant,3) Uncertain significance,P108S,0.0
Moxifloxacin,gyrA,gyrA_p.Pro119Leu,p.Pro119Leu,missense_variant,3) Uncertain significance,P119L,0.0
Moxifloxacin,gyrA,gyrA_p.Pro123Gln,p.Pro123Gln,missense_variant,3) Uncertain significance,P123Q,0.0
Moxifloxacin,gyrA,gyrA_p.Pro154Arg,p.Pro154Arg,missense_variant,3) Uncertain significance,P154R,0.0
Moxifloxacin,gyrA,gyrA_p.Pro154Leu,p.Pro154Leu,missense_variant,3) Uncertain significance,P154L,0.0
Moxifloxacin,gyrA,gyrA_p.Pro17Leu,p.Pro17Leu,missense_variant,3) Uncertain significance,P17L,0.0
Moxifloxacin,gyrA,gyrA_p.Pro17Ser,p.Pro17Ser,missense_variant,3) Uncertain significance,P17S,0.0
Moxifloxacin,gyrA,gyrA_p.Pro275Ala,p.Pro275Ala,missense_variant,3) Uncertain significance,P275A,0.0
Moxifloxacin,gyrA,gyrA_p.Pro472Ser,p.Pro472Ser,missense_variant,3) Uncertain significance,P472S,0.11764705882352941
Moxifloxacin,gyrA,gyrA_p.Pro50Arg,p.Pro50Arg,missense_variant,3) Uncertain significance,P50R,0.0
Moxifloxacin,gyrA,gyrA_p.Pro621Leu,p.Pro621Leu,missense_variant,3) Uncertain significance,P621L,0.0
Moxifloxacin,gyrA,gyrA_p.Pro66Ala,p.Pro66Ala,missense_variant,3) Uncertain significance,P66A,0.0
Moxifloxacin,gyrA,gyrA_p.Pro741Ala,p.Pro741Ala,missense_variant,3) Uncertain significance,P741A,0.0
Moxifloxacin,gyrA,gyrA_p.Pro7Leu,p.Pro7Leu,missense_variant,3) Uncertain significance,P7L,0.0
Moxifloxacin,gyrA,gyrA_p.Pro7Ser,p.Pro7Ser,missense_variant,3) Uncertain significance,P7S,0.0
Moxifloxacin,gyrA,gyrA_p.Pro8Ala,p.Pro8Ala,missense_variant,3) Uncertain significance,P8A,0.03333333333333333
Moxifloxacin,gyrA,gyrA_p.Pro8Leu,p.Pro8Leu,missense_variant,3) Uncertain significance,P8L,0.0
Moxifloxacin,gyrA,gyrA_p.Ser104Leu,p.Ser104Leu,missense_variant,3) Uncertain significance,S104L,0.0
Moxifloxacin,gyrA,gyrA_p.Ser168Thr,p.Ser168Thr,missense_variant,3) Uncertain significance,S168T,0.0
Moxifloxacin,gyrA,gyrA_p.Ser237Ala,p.Ser237Ala,missense_variant,3) Uncertain significance,S237A,0.0
Moxifloxacin,gyrA,gyrA_p.Ser237Pro,p.Ser237Pro,missense_variant,3) Uncertain significance,S237P,0.0
Moxifloxacin,gyrA,gyrA_p.Ser250Ala,p.Ser250Ala,missense_variant,3) Uncertain significance,S250A,0.0
Moxifloxacin,gyrA,gyrA_p.Ser250Tyr,p.Ser250Tyr,missense_variant,3) Uncertain significance,S250Y,0.0
Moxifloxacin,gyrA,gyrA_p.Ser411Ala,p.Ser411Ala,missense_variant,3) Uncertain significance,S411A,0.0
Moxifloxacin,gyrA,gyrA_p.Ser506Asn,p.Ser506Asn,missense_variant,3) Uncertain significance,S506N,0.0
Moxifloxacin,gyrA,gyrA_p.Ser536Arg,p.Ser536Arg,missense_variant,3) Uncertain significance,S536R,0.0
Moxifloxacin,gyrA,gyrA_p.Ser62Phe,p.Ser62Phe,missense_variant,3) Uncertain significance,S62F,0.0
Moxifloxacin,gyrA,gyrA_p.Ser642Cys,p.Ser642Cys,missense_variant,3) Uncertain significance,S642C,0.0
Moxifloxacin,gyrA,gyrA_p.Ser645Leu,p.Ser645Leu,missense_variant,3) Uncertain significance,S645L,0.0
Moxifloxacin,gyrA,gyrA_p.Ser680Ala,p.Ser680Ala,missense_variant,3) Uncertain significance,S680A,0.0
Moxifloxacin,gyrA,gyrA_p.Ser698Leu,p.Ser698Leu,missense_variant,3) Uncertain significance,S698L,0.2
Moxifloxacin,gyrA,gyrA_p.Ser69Gly,p.Ser69Gly,missense_variant,3) Uncertain significance,S69G,0.0
Moxifloxacin,gyrA,gyrA_p.Ser728Ala,p.Ser728Ala,missense_variant,3) Uncertain significance,S728A,0.0
Moxifloxacin,gyrA,gyrA_p.Ser91Pro,p.Ser91Pro,missense_variant,1) Assoc w R,S91P,0.720164609053498
Moxifloxacin,gyrA,gyrA_p.Ser95Ala,p.Ser95Ala,missense_variant,3) Uncertain significance,S95A,0.5714285714285714
Moxifloxacin,gyrA,gyrA_p.Ser95Thr,p.Ser95Thr,missense_variant,5) Not assoc w R,S95T,0.17723294163160694
Moxifloxacin,gyrA,gyrA_p.Thr230Ser,p.Thr230Ser,missense_variant,3) Uncertain significance,T230S,0.0
Moxifloxacin,gyrA,gyrA_p.Thr267Ile,p.Thr267Ile,missense_variant,3) Uncertain significance,T267I,0.13333333333333333
Moxifloxacin,gyrA,gyrA_p.Thr272Ile,p.Thr272Ile,missense_variant,3) Uncertain significance,T272I,0.14285714285714285
Moxifloxacin,gyrA,gyrA_p.Thr339Ser,p.Thr339Ser,missense_variant,3) Uncertain significance,T339S,0.0
Moxifloxacin,gyrA,gyrA_p.Thr355Ala,p.Thr355Ala,missense_variant,3) Uncertain significance,T355A,0.0
Moxifloxacin,gyrA,gyrA_p.Thr355Met,p.Thr355Met,missense_variant,3) Uncertain significance,T355M,0.0
Moxifloxacin,gyrA,gyrA_p.Thr377Ile,p.Thr377Ile,missense_variant,3) Uncertain significance,T377I,0.0
Moxifloxacin,gyrA,gyrA_p.Thr378Ile,p.Thr378Ile,missense_variant,3) Uncertain significance,T378I,0.0
Moxifloxacin,gyrA,gyrA_p.Thr413Ala,p.Thr413Ala,missense_variant,3) Uncertain significance,T413A,0.0
Moxifloxacin,gyrA,gyrA_p.Thr563Ser,p.Thr563Ser,missense_variant,3) Uncertain significance,T563S,0.0
Moxifloxacin,gyrA,gyrA_p.Thr572Asn,p.Thr572Asn,missense_variant,3) Uncertain significance,T572N,0.0
Moxifloxacin,gyrA,gyrA_p.Thr590Ala,p.Thr590Ala,missense_variant,3) Uncertain significance,T590A,0.5
Moxifloxacin,gyrA,gyrA_p.Thr590Met,p.Thr590Met,missense_variant,3) Uncertain significance,T590M,0.0
Moxifloxacin,gyrA,gyrA_p.Thr5Ala,p.Thr5Ala,missense_variant,3) Uncertain significance,T5A,0.21428571428571427
Moxifloxacin,gyrA,gyrA_p.Thr638Asn,p.Thr638Asn,missense_variant,3) Uncertain significance,T638N,0.0
Moxifloxacin,gyrA,gyrA_p.Thr638Ile,p.Thr638Ile,missense_variant,3) Uncertain significance,T638I,0.0
Moxifloxacin,gyrA,gyrA_p.Thr686Ser,p.Thr686Ser,missense_variant,3) Uncertain significance,T686S,0.0
Moxifloxacin,gyrA,gyrA_p.Thr697Ala,p.Thr697Ala,missense_variant,3) Uncertain significance,T697A,0.0
Moxifloxacin,gyrA,gyrA_p.Thr735Ser,p.Thr735Ser,missense_variant,3) Uncertain significance,T735S,0.0
Moxifloxacin,gyrA,gyrA_p.Thr80Ala,p.Thr80Ala,missense_variant,4) Not assoc w R - Interim,T80A,0.1111111111111111
Moxifloxacin,gyrA,gyrA_p.Thr836Ala,p.Thr836Ala,missense_variant,3) Uncertain significance,T836A,0.5
Moxifloxacin,gyrA,gyrA_p.Thr836Arg,p.Thr836Arg,missense_variant,3) Uncertain significance,T836R,0.0
Moxifloxacin,gyrA,gyrA_p.Thr836Lys,p.Thr836Lys,missense_variant,3) Uncertain significance,T836K,0.0
Moxifloxacin,gyrA,gyrA_p.Tyr276His,p.Tyr276His,missense_variant,3) Uncertain significance,Y276H,0.0
Moxifloxacin,gyrA,gyrA_p.Tyr365His,p.Tyr365His,missense_variant,3) Uncertain significance,Y365H,0.0
Moxifloxacin,gyrA,gyrA_p.Tyr379Cys,p.Tyr379Cys,missense_variant,3) Uncertain significance,Y379C,0.5714285714285714
Moxifloxacin,gyrA,gyrA_p.Tyr722Cys,p.Tyr722Cys,missense_variant,3) Uncertain significance,Y722C,0.0
Moxifloxacin,gyrA,gyrA_p.Val150Ala,p.Val150Ala,missense_variant,3) Uncertain significance,V150A,0.0
Moxifloxacin,gyrA,gyrA_p.Val223Ile,p.Val223Ile,missense_variant,3) Uncertain significance,V223I,0.0
Moxifloxacin,gyrA,gyrA_p.Val235Ala,p.Val235Ala,missense_variant,3) Uncertain significance,V235A,0.0
Moxifloxacin,gyrA,gyrA_p.Val257Leu,p.Val257Leu,missense_variant,3) Uncertain significance,V257L,0.0
Moxifloxacin,gyrA,gyrA_p.Val278Ile,p.Val278Ile,missense_variant,3) Uncertain significance,V278I,0.0
Moxifloxacin,gyrA,gyrA_p.Val310Ile,p.Val310Ile,missense_variant,3) Uncertain significance,V310I,0.0
Moxifloxacin,gyrA,gyrA_p.Val310Phe,p.Val310Phe,missense_variant,3) Uncertain significance,V310F,0.0
Moxifloxacin,gyrA,gyrA_p.Val326Gly,p.Val326Gly,missense_variant,3) Uncertain significance,V326G,0.0
Moxifloxacin,gyrA,gyrA_p.Val327Leu,p.Val327Leu,missense_variant,3) Uncertain significance,V327L,0.0
Moxifloxacin,gyrA,gyrA_p.Val352Leu,p.Val352Leu,missense_variant,3) Uncertain significance,V352L,0.0
Moxifloxacin,gyrA,gyrA_p.Val352Met,p.Val352Met,missense_variant,3) Uncertain significance,V352M,0.0
Moxifloxacin,gyrA,gyrA_p.Val479Met,p.Val479Met,missense_variant,3) Uncertain significance,V479M,0.0
Moxifloxacin,gyrA,gyrA_p.Val516Ala,p.Val516Ala,missense_variant,3) Uncertain significance,V516A,0.0
Moxifloxacin,gyrA,gyrA_p.Val517Leu,p.Val517Leu,missense_variant,3) Uncertain significance,V517L,0.0
Moxifloxacin,gyrA,gyrA_p.Val51Ala,p.Val51Ala,missense_variant,3) Uncertain significance,V51A,0.0
Moxifloxacin,gyrA,gyrA_p.Val544Leu,p.Val544Leu,missense_variant,3) Uncertain significance,V544L,0.0
Moxifloxacin,gyrA,gyrA_p.Val596Met,p.Val596Met,missense_variant,3) Uncertain significance,V596M,1.0
Moxifloxacin,gyrA,gyrA_p.Val624Leu,p.Val624Leu,missense_variant,3) Uncertain significance,V624L,0.6666666666666666
Moxifloxacin,gyrA,gyrA_p.Val649Met,p.Val649Met,missense_variant,3) Uncertain significance,V649M,0.0
Moxifloxacin,gyrA,gyrA_p.Val651Ala,p.Val651Ala,missense_variant,3) Uncertain significance,V651A,0.0
Moxifloxacin,gyrA,gyrA_p.Val651Ile,p.Val651Ile,missense_variant,3) Uncertain significance,V651I,0.0
Moxifloxacin,gyrA,gyrA_p.Val674Ile,p.Val674Ile,missense_variant,3) Uncertain significance,V674I,0.0
Moxifloxacin,gyrA,gyrA_p.Val716Gly,p.Val716Gly,missense_variant,3) Uncertain significance,V716G,0.0
Moxifloxacin,gyrA,gyrA_p.Val716Phe,p.Val716Phe,missense_variant,3) Uncertain significance,V716F,0.0
Moxifloxacin,gyrA,gyrA_p.Val750Ala,p.Val750Ala,missense_variant,3) Uncertain significance,V750A,0.0
Moxifloxacin,gyrA,gyrA_p.Val768Ala,p.Val768Ala,missense_variant,3) Uncertain significance,V768A,0.0
Moxifloxacin,gyrA,gyrA_p.Val783Leu,p.Val783Leu,missense_variant,3) Uncertain significance,V783L,0.0
Moxifloxacin,gyrA,gyrA_p.Val783Met,p.Val783Met,missense_variant,3) Uncertain significance,V783M,0.0
Moxifloxacin,gyrB,gyrB_p.Ala115Val,p.Ala115Val,missense_variant,3) Uncertain significance,A115V,0.0
Moxifloxacin,gyrB,gyrB_p.Ala130Ser,p.Ala130Ser,missense_variant,3) Uncertain significance,A130S,0.0
Moxifloxacin,gyrB,gyrB_p.Ala162Glu,p.Ala162Glu,missense_variant,3) Uncertain significance,A162E,0.0
Moxifloxacin,gyrB,gyrB_p.Ala162Ser,p.Ala162Ser,missense_variant,3) Uncertain significance,A162S,0.0
Moxifloxacin,gyrB,gyrB_p.Ala175Thr,p.Ala175Thr,missense_variant,3) Uncertain significance,A175T,0.0
Moxifloxacin,gyrB,gyrB_p.Ala191Asp,p.Ala191Asp,missense_variant,3) Uncertain significance,A191D,0.0
Moxifloxacin,gyrB,gyrB_p.Ala233Gly,p.Ala233Gly,missense_variant,3) Uncertain significance,A233G,0.0
Moxifloxacin,gyrB,gyrB_p.Ala233Pro,p.Ala233Pro,missense_variant,3) Uncertain significance,A233P,1.0
Moxifloxacin,gyrB,gyrB_p.Ala233Val,p.Ala233Val,missense_variant,3) Uncertain significance,A233V,0.0
Moxifloxacin,gyrB,gyrB_p.Ala237Gly,p.Ala237Gly,missense_variant,3) Uncertain significance,A237G,0.0
Moxifloxacin,gyrB,gyrB_p.Ala238Gly,p.Ala238Gly,missense_variant,3) Uncertain significance,A238G,0.0
Moxifloxacin,gyrB,gyrB_p.Ala238Thr,p.Ala238Thr,missense_variant,3) Uncertain significance,A238T,0.0
Moxifloxacin,gyrB,gyrB_p.Ala242Thr,p.Ala242Thr,missense_variant,3) Uncertain significance,A242T,0.0
Moxifloxacin,gyrB,gyrB_p.Ala2Ser,p.Ala2Ser,missense_variant,3) Uncertain significance,A2S,0.5
Moxifloxacin,gyrB,gyrB_p.Ala332Val,p.Ala332Val,missense_variant,3) Uncertain significance,A332V,0.0
Moxifloxacin,gyrB,gyrB_p.Ala355Thr,p.Ala355Thr,missense_variant,3) Uncertain significance,A355T,0.0
Moxifloxacin,gyrB,gyrB_p.Ala398Val,p.Ala398Val,missense_variant,3) Uncertain significance,A398V,0.0
Moxifloxacin,gyrB,gyrB_p.Ala403Ser,p.Ala403Ser,missense_variant,3) Uncertain significance,A403S,0.0
Moxifloxacin,gyrB,gyrB_p.Ala403Val,p.Ala403Val,missense_variant,3) Uncertain significance,A403V,0.0
Moxifloxacin,gyrB,gyrB_p.Ala423Val,p.Ala423Val,missense_variant,3) Uncertain significance,A423V,0.0
Moxifloxacin,gyrB,gyrB_p.Ala432Val,p.Ala432Val,missense_variant,3) Uncertain significance,A432V,0.0
Moxifloxacin,gyrB,gyrB_p.Ala467Thr,p.Ala467Thr,missense_variant,3) Uncertain significance,A467T,0.5
Moxifloxacin,gyrB,gyrB_p.Ala504Thr,p.Ala504Thr,missense_variant,3) Uncertain significance,A504T,0.75
Moxifloxacin,gyrB,gyrB_p.Ala504Val,p.Ala504Val,missense_variant,2) Assoc w R - Interim,A504V,0.5833333333333334
Moxifloxacin,gyrB,gyrB_p.Ala508Val,p.Ala508Val,missense_variant,3) Uncertain significance,A508V,0.0
Moxifloxacin,gyrB,gyrB_p.Ala564Thr,p.Ala564Thr,missense_variant,3) Uncertain significance,A564T,0.0
Moxifloxacin,gyrB,gyrB_p.Ala593Val,p.Ala593Val,missense_variant,3) Uncertain significance,A593V,0.0
Moxifloxacin,gyrB,gyrB_p.Ala597Thr,p.Ala597Thr,missense_variant,3) Uncertain significance,A597T,1.0
Moxifloxacin,gyrB,gyrB_p.Ala618Asp,p.Ala618Asp,missense_variant,3) Uncertain significance,A618D,1.0
Moxifloxacin,gyrB,gyrB_p.Ala618Thr,p.Ala618Thr,missense_variant,3) Uncertain significance,A618T,0.75
Moxifloxacin,gyrB,gyrB_p.Ala643Asp,p.Ala643Asp,missense_variant,3) Uncertain significance,A643D,1.0
Moxifloxacin,gyrB,gyrB_p.Ala644Asp,p.Ala644Asp,missense_variant,3) Uncertain significance,A644D,0.25
Moxifloxacin,gyrB,gyrB_p.Ala78Gly,p.Ala78Gly,missense_variant,3) Uncertain significance,A78G,0.0
Moxifloxacin,gyrB,gyrB_p.Ala78Val,p.Ala78Val,missense_variant,3) Uncertain significance,A78V,0.0
Moxifloxacin,gyrB,gyrB_p.Ala87Gly,p.Ala87Gly,missense_variant,3) Uncertain significance,A87G,0.0
Moxifloxacin,gyrB,gyrB_p.Ala90Gly,p.Ala90Gly,missense_variant,3) Uncertain significance,A90G,0.0
Moxifloxacin,gyrB,gyrB_p.Ala90Thr,p.Ala90Thr,missense_variant,3) Uncertain significance,A90T,0.0
Moxifloxacin,gyrB,gyrB_p.Arg192His,p.Arg192His,missense_variant,3) Uncertain significance,R192H,0.0
Moxifloxacin,gyrB,gyrB_p.Arg212Thr,p.Arg212Thr,missense_variant,3) Uncertain significance,R212T,0.0
Moxifloxacin,gyrB,gyrB_p.Arg446Cys,p.Arg446Cys,missense_variant,3) Uncertain significance,R446C,0.375
Moxifloxacin,gyrB,gyrB_p.Arg446Gly,p.Arg446Gly,missense_variant,3) Uncertain significance,R446G,1.0
Moxifloxacin,gyrB,gyrB_p.Arg446His,p.Arg446His,missense_variant,3) Uncertain significance,R446H,0.09090909090909091
Moxifloxacin,gyrB,gyrB_p.Arg446Leu,p.Arg446Leu,missense_variant,3) Uncertain significance,R446L,0.5
Moxifloxacin,gyrB,gyrB_p.Arg451His,p.Arg451His,missense_variant,3) Uncertain significance,R451H,0.0
Moxifloxacin,gyrB,gyrB_p.Arg492Ser,p.Arg492Ser,missense_variant,3) Uncertain significance,R492S,0.0
Moxifloxacin,gyrB,gyrB_p.Arg495Gln,p.Arg495Gln,missense_variant,3) Uncertain significance,R495Q,0.0
Moxifloxacin,gyrB,gyrB_p.Arg523Cys,p.Arg523Cys,missense_variant,3) Uncertain significance,R523C,0.0
Moxifloxacin,gyrB,gyrB_p.Arg523Ser,p.Arg523Ser,missense_variant,3) Uncertain significance,R523S,0.0
Moxifloxacin,gyrB,gyrB_p.Arg553Gly,p.Arg553Gly,missense_variant,3) Uncertain significance,R553G,1.0
Moxifloxacin,gyrB,gyrB_p.Arg553Trp,p.Arg553Trp,missense_variant,3) Uncertain significance,R553W,0.0
Moxifloxacin,gyrB,gyrB_p.Arg575His,p.Arg575His,missense_variant,3) Uncertain significance,R575H,0.03333333333333333
Moxifloxacin,gyrB,gyrB_p.Arg587Gly,p.Arg587Gly,missense_variant,3) Uncertain significance,R587G,0.0
Moxifloxacin,gyrB,gyrB_p.Arg634Leu,p.Arg634Leu,missense_variant,3) Uncertain significance,R634L,0.0
Moxifloxacin,gyrB,gyrB_p.Arg665Cys,p.Arg665Cys,missense_variant,3) Uncertain significance,R665C,0.0
Moxifloxacin,gyrB,gyrB_p.Asn207Asp,p.Asn207Asp,missense_variant,3) Uncertain significance,N207D,0.0
Moxifloxacin,gyrB,gyrB_p.Asn499Asp,p.Asn499Asp,missense_variant,2) Assoc w R - Interim,N499D,0.7058823529411765
Moxifloxacin,gyrB,gyrB_p.Asn499Ile,p.Asn499Ile,missense_variant,3) Uncertain significance,N499I,0.3333333333333333
Moxifloxacin,gyrB,gyrB_p.Asn499Lys,p.Asn499Lys,missense_variant,3) Uncertain significance,N499K,0.7142857142857143
Moxifloxacin,gyrB,gyrB_p.Asn499Ser,p.Asn499Ser,missense_variant,3) Uncertain significance,N499S,0.6363636363636364
Moxifloxacin,gyrB,gyrB_p.Asn499Thr,p.Asn499Thr,missense_variant,2) Assoc w R - Interim,N499T,0.6052631578947368
Moxifloxacin,gyrB,gyrB_p.Asn558Asp,p.Asn558Asp,missense_variant,3) Uncertain significance,N558D,0.0
Moxifloxacin,gyrB,gyrB_p.Asn666Ser,p.Asn666Ser,missense_variant,3) Uncertain significance,N666S,0.0
Moxifloxacin,gyrB,gyrB_p.Asn66His,p.Asn66His,missense_variant,3) Uncertain significance,N66H,0.0
Moxifloxacin,gyrB,gyrB_p.Asn66Ser,p.Asn66Ser,missense_variant,3) Uncertain significance,N66S,0.0
Moxifloxacin,gyrB,gyrB_p.Asp110Gly,p.Asp110Gly,missense_variant,3) Uncertain significance,D110G,0.0
Moxifloxacin,gyrB,gyrB_p.Asp112His,p.Asp112His,missense_variant,3) Uncertain significance,D112H,0.0
Moxifloxacin,gyrB,gyrB_p.Asp176Glu,p.Asp176Glu,missense_variant,3) Uncertain significance,D176E,0.0
Moxifloxacin,gyrB,gyrB_p.Asp216Gly,p.Asp216Gly,missense_variant,3) Uncertain significance,D216G,0.0
Moxifloxacin,gyrB,gyrB_p.Asp220Glu,p.Asp220Glu,missense_variant,3) Uncertain significance,D220E,0.0
Moxifloxacin,gyrB,gyrB_p.Asp225Glu,p.Asp225Glu,missense_variant,3) Uncertain significance,D225E,0.0
Moxifloxacin,gyrB,gyrB_p.Asp225Gly,p.Asp225Gly,missense_variant,3) Uncertain significance,D225G,0.0
Moxifloxacin,gyrB,gyrB_p.Asp259Glu,p.Asp259Glu,missense_variant,3) Uncertain significance,D259E,0.0
Moxifloxacin,gyrB,gyrB_p.Asp334Gly,p.Asp334Gly,missense_variant,3) Uncertain significance,D334G,0.5
Moxifloxacin,gyrB,gyrB_p.Asp340Gly,p.Asp340Gly,missense_variant,3) Uncertain significance,D340G,0.0
Moxifloxacin,gyrB,gyrB_p.Asp342Glu,p.Asp342Glu,missense_variant,3) Uncertain significance,D342E,0.0
Moxifloxacin,gyrB,gyrB_p.Asp402Glu,p.Asp402Glu,missense_variant,3) Uncertain significance,D402E,0.0
Moxifloxacin,gyrB,gyrB_p.Asp434Glu,p.Asp434Glu,missense_variant,3) Uncertain significance,D434E,0.0
Moxifloxacin,gyrB,gyrB_p.Asp434Gly,p.Asp434Gly,missense_variant,3) Uncertain significance,D434G,0.0
Moxifloxacin,gyrB,gyrB_p.Asp434His,p.Asp434His,missense_variant,3) Uncertain significance,D434H,0.0
Moxifloxacin,gyrB,gyrB_p.Asp461Ala,p.Asp461Ala,missense_variant,3) Uncertain significance,D461A,0.6666666666666666
Moxifloxacin,gyrB,gyrB_p.Asp461Asn,p.Asp461Asn,missense_variant,2) Assoc w R - Interim,D461N,0.3333333333333333
Moxifloxacin,gyrB,gyrB_p.Asp461His,p.Asp461His,missense_variant,2) Assoc w R - Interim,D461H,0.42857142857142855
Moxifloxacin,gyrB,gyrB_p.Asp461Val,p.Asp461Val,missense_variant,3) Uncertain significance,D461V,0.3333333333333333
Moxifloxacin,gyrB,gyrB_p.Asp472Asn,p.Asp472Asn,missense_variant,3) Uncertain significance,D472N,1.0
Moxifloxacin,gyrB,gyrB_p.Asp494Ala,p.Asp494Ala,missense_variant,3) Uncertain significance,D494A,0.0
Moxifloxacin,gyrB,gyrB_p.Asp518Gly,p.Asp518Gly,missense_variant,3) Uncertain significance,D518G,0.0
Moxifloxacin,gyrB,gyrB_p.Asp588Asn,p.Asp588Asn,missense_variant,3) Uncertain significance,D588N,0.0
Moxifloxacin,gyrB,gyrB_p.Asp617Tyr,p.Asp617Tyr,missense_variant,3) Uncertain significance,D617Y,0.4
Moxifloxacin,gyrB,gyrB_p.Asp627Ala,p.Asp627Ala,missense_variant,3) Uncertain significance,D627A,0.0
Moxifloxacin,gyrB,gyrB_p.Asp640Ala,p.Asp640Ala,missense_variant,3) Uncertain significance,D640A,0.0
Moxifloxacin,gyrB,gyrB_p.Asp640Asn,p.Asp640Asn,missense_variant,3) Uncertain significance,D640N,0.0
Moxifloxacin,gyrB,gyrB_p.Asp645Ala,p.Asp645Ala,missense_variant,3) Uncertain significance,D645A,1.0
Moxifloxacin,gyrB,gyrB_p.Asp645Glu,p.Asp645Glu,missense_variant,3) Uncertain significance,D645E,1.0
Moxifloxacin,gyrB,gyrB_p.Asp657Gly,p.Asp657Gly,missense_variant,3) Uncertain significance,D657G,0.0
Moxifloxacin,gyrB,gyrB_p.Asp97Glu,p.Asp97Glu,missense_variant,3) Uncertain significance,D97E,0.0
Moxifloxacin,gyrB,gyrB_p.Cys388Gly,p.Cys388Gly,missense_variant,3) Uncertain significance,C388G,0.0
Moxifloxacin,gyrB,gyrB_p.Gln476Glu,p.Gln476Glu,missense_variant,3) Uncertain significance,Q476E,0.0
Moxifloxacin,gyrB,gyrB_p.Gln4Arg,p.Gln4Arg,missense_variant,3) Uncertain significance,Q4R,0.0
Moxifloxacin,gyrB,gyrB_p.Gln503Arg,p.Gln503Arg,missense_variant,3) Uncertain significance,Q503R,1.0
Moxifloxacin,gyrB,gyrB_p.Gln538Arg,p.Gln538Arg,missense_variant,3) Uncertain significance,Q538R,0.0
Moxifloxacin,gyrB,gyrB_p.Gln565His,p.Gln565His,missense_variant,3) Uncertain significance,Q565H,0.0
Moxifloxacin,gyrB,gyrB_p.Gln9His,p.Gln9His,missense_variant,3) Uncertain significance,Q9H,0.0
Moxifloxacin,gyrB,gyrB_p.Glu151Asp,p.Glu151Asp,missense_variant,3) Uncertain significance,E151D,0.0
Moxifloxacin,gyrB,gyrB_p.Glu181Gly,p.Glu181Gly,missense_variant,3) Uncertain significance,E181G,0.0
Moxifloxacin,gyrB,gyrB_p.Glu21Asp,p.Glu21Asp,missense_variant,3) Uncertain significance,E21D,0.0
Moxifloxacin,gyrB,gyrB_p.Glu21Gln,p.Glu21Gln,missense_variant,3) Uncertain significance,E21Q,0.0
Moxifloxacin,gyrB,gyrB_p.Glu21Lys,p.Glu21Lys,missense_variant,3) Uncertain significance,E21K,0.0
Moxifloxacin,gyrB,gyrB_p.Glu299Gln,p.Glu299Gln,missense_variant,3) Uncertain significance,E299Q,0.0
Moxifloxacin,gyrB,gyrB_p.Glu364Asp,p.Glu364Asp,missense_variant,3) Uncertain significance,E364D,1.0
Moxifloxacin,gyrB,gyrB_p.Glu379Gly,p.Glu379Gly,missense_variant,3) Uncertain significance,E379G,0.0
Moxifloxacin,gyrB,gyrB_p.Glu397Asp,p.Glu397Asp,missense_variant,3) Uncertain significance,E397D,0.5
Moxifloxacin,gyrB,gyrB_p.Glu425Ala,p.Glu425Ala,missense_variant,3) Uncertain significance,E425A,0.0
Moxifloxacin,gyrB,gyrB_p.Glu489Gln,p.Glu489Gln,missense_variant,3) Uncertain significance,E489Q,0.0
Moxifloxacin,gyrB,gyrB_p.Glu501Ala,p.Glu501Ala,missense_variant,3) Uncertain significance,E501A,1.0
Moxifloxacin,gyrB,gyrB_p.Glu501Asp,p.Glu501Asp,missense_variant,1) Assoc w R,E501D,0.8591549295774648
Moxifloxacin,gyrB,gyrB_p.Glu501Gly,p.Glu501Gly,missense_variant,3) Uncertain significance,E501G,0.5
Moxifloxacin,gyrB,gyrB_p.Glu501Val,p.Glu501Val,missense_variant,2) Assoc w R - Interim,E501V,0.0
Moxifloxacin,gyrB,gyrB_p.Glu586Lys,p.Glu586Lys,missense_variant,3) Uncertain significance,E586K,0.0
Moxifloxacin,gyrB,gyrB_p.Glu604Gly,p.Glu604Gly,missense_variant,3) Uncertain significance,E604G,1.0
Moxifloxacin,gyrB,gyrB_p.Glu604Lys,p.Glu604Lys,missense_variant,3) Uncertain significance,E604K,0.0
Moxifloxacin,gyrB,gyrB_p.Glu604Val,p.Glu604Val,missense_variant,3) Uncertain significance,E604V,0.0
Moxifloxacin,gyrB,gyrB_p.Glu623Asp,p.Glu623Asp,missense_variant,3) Uncertain significance,E623D,0.0
Moxifloxacin,gyrB,gyrB_p.Glu654Ala,p.Glu654Ala,missense_variant,3) Uncertain significance,E654A,0.0
Moxifloxacin,gyrB,gyrB_p.Glu76Asp,p.Glu76Asp,missense_variant,3) Uncertain significance,E76D,0.0
Moxifloxacin,gyrB,gyrB_p.Gly282Asp,p.Gly282Asp,missense_variant,3) Uncertain significance,G282D,0.0
Moxifloxacin,gyrB,gyrB_p.Gly38Ser,p.Gly38Ser,missense_variant,3) Uncertain significance,G38S,0.0
Moxifloxacin,gyrB,gyrB_p.Gly436Arg,p.Gly436Arg,missense_variant,3) Uncertain significance,G436R,0.0
Moxifloxacin,gyrB,gyrB_p.Gly470Cys,p.Gly470Cys,missense_variant,3) Uncertain significance,G470C,0.0
Moxifloxacin,gyrB,gyrB_p.Gly470Ser,p.Gly470Ser,missense_variant,3) Uncertain significance,G470S,1.0
Moxifloxacin,gyrB,gyrB_p.Gly512Arg,p.Gly512Arg,missense_variant,3) Uncertain significance,G512R,0.6470588235294118
Moxifloxacin,gyrB,gyrB_p.Gly520Ala,p.Gly520Ala,missense_variant,3) Uncertain significance,G520A,0.16666666666666666
Moxifloxacin,gyrB,gyrB_p.Gly520Val,p.Gly520Val,missense_variant,3) Uncertain significance,G520V,1.0
Moxifloxacin,gyrB,gyrB_p.Gly589Val,p.Gly589Val,missense_variant,3) Uncertain significance,G589V,0.0
Moxifloxacin,gyrB,gyrB_p.Gly594Arg,p.Gly594Arg,missense_variant,3) Uncertain significance,G594R,0.0
Moxifloxacin,gyrB,gyrB_p.Gly598Glu,p.Gly598Glu,missense_variant,3) Uncertain significance,G598E,0.0
Moxifloxacin,gyrB,gyrB_p.Gly606Ser,p.Gly606Ser,missense_variant,3) Uncertain significance,G606S,0.0
Moxifloxacin,gyrB,gyrB_p.His272Pro,p.His272Pro,missense_variant,3) Uncertain significance,H272P,0.0
Moxifloxacin,gyrB,gyrB_p.His302Arg,p.His302Arg,missense_variant,3) Uncertain significance,H302R,0.4444444444444444
Moxifloxacin,gyrB,gyrB_p.His311Arg,p.His311Arg,missense_variant,3) Uncertain significance,H311R,0.0
Moxifloxacin,gyrB,gyrB_p.His311Tyr,p.His311Tyr,missense_variant,3) Uncertain significance,H311Y,0.0
Moxifloxacin,gyrB,gyrB_p.His560Arg,p.His560Arg,missense_variant,3) Uncertain significance,H560R,0.0
Moxifloxacin,gyrB,gyrB_p.Ile116Met,p.Ile116Met,missense_variant,3) Uncertain significance,I116M,0.0
Moxifloxacin,gyrB,gyrB_p.Ile19Leu,p.Ile19Leu,missense_variant,3) Uncertain significance,I19L,0.0
Moxifloxacin,gyrB,gyrB_p.Ile206Ser,p.Ile206Ser,missense_variant,3) Uncertain significance,I206S,0.0
Moxifloxacin,gyrB,gyrB_p.Ile271Met,p.Ile271Met,missense_variant,3) Uncertain significance,I271M,0.06896551724137931
Moxifloxacin,gyrB,gyrB_p.Ile271Val,p.Ile271Val,missense_variant,3) Uncertain significance,I271V,0.0
Moxifloxacin,gyrB,gyrB_p.Ile34Val,p.Ile34Val,missense_variant,3) Uncertain significance,I34V,0.1
Moxifloxacin,gyrB,gyrB_p.Ile435Val,p.Ile435Val,missense_variant,3) Uncertain significance,I435V,0.0
Moxifloxacin,gyrB,gyrB_p.Ile46Ser,p.Ile46Ser,missense_variant,3) Uncertain significance,I46S,0.0
Moxifloxacin,gyrB,gyrB_p.Ile486Leu,p.Ile486Leu,missense_variant,3) Uncertain significance,I486L,0.75
Moxifloxacin,gyrB,gyrB_p.Ile486Val,p.Ile486Val,missense_variant,3) Uncertain significance,I486V,0.0
Moxifloxacin,gyrB,gyrB_p.Ile493Thr,p.Ile493Thr,missense_variant,3) Uncertain significance,I493T,0.0
Moxifloxacin,gyrB,gyrB_p.Ile505Val,p.Ile505Val,missense_variant,3) Uncertain significance,I505V,0.0
Moxifloxacin,gyrB,gyrB_p.Ile527Val,p.Ile527Val,missense_variant,3) Uncertain significance,I527V,0.0
Moxifloxacin,gyrB,gyrB_p.Ile556Val,p.Ile556Val,missense_variant,3) Uncertain significance,I556V,0.0
Moxifloxacin,gyrB,gyrB_p.Ile601Thr,p.Ile601Thr,missense_variant,3) Uncertain significance,I601T,0.0
Moxifloxacin,gyrB,gyrB_p.Ile607Val,p.Ile607Val,missense_variant,3) Uncertain significance,I607V,0.0
Moxifloxacin,gyrB,gyrB_p.Ile84Val,p.Ile84Val,missense_variant,3) Uncertain significance,I84V,0.0
Moxifloxacin,gyrB,gyrB_p.Ile93Val,p.Ile93Val,missense_variant,3) Uncertain significance,I93V,0.0
Moxifloxacin,gyrB,gyrB_p.Leu156Met,p.Leu156Met,missense_variant,3) Uncertain significance,L156M,0.0
Moxifloxacin,gyrB,gyrB_p.Leu257Pro,p.Leu257Pro,missense_variant,3) Uncertain significance,L257P,1.0
Moxifloxacin,gyrB,gyrB_p.Leu354Val,p.Leu354Val,missense_variant,3) Uncertain significance,L354V,0.0
Moxifloxacin,gyrB,gyrB_p.Leu375Val,p.Leu375Val,missense_variant,3) Uncertain significance,L375V,1.0
Moxifloxacin,gyrB,gyrB_p.Leu42Ile,p.Leu42Ile,missense_variant,3) Uncertain significance,L42I,1.0
Moxifloxacin,gyrB,gyrB_p.Leu455Val,p.Leu455Val,missense_variant,3) Uncertain significance,L455V,0.0
Moxifloxacin,gyrB,gyrB_p.Leu509Pro,p.Leu509Pro,missense_variant,3) Uncertain significance,L509P,1.0
Moxifloxacin,gyrB,gyrB_p.Leu522Val,p.Leu522Val,missense_variant,3) Uncertain significance,L522V,1.0
Moxifloxacin,gyrB,gyrB_p.Leu555Val,p.Leu555Val,missense_variant,3) Uncertain significance,L555V,0.0
Moxifloxacin,gyrB,gyrB_p.Leu563Phe,p.Leu563Phe,missense_variant,3) Uncertain significance,L563F,0.0
Moxifloxacin,gyrB,gyrB_p.Leu638Val,p.Leu638Val,missense_variant,3) Uncertain significance,L638V,0.0
Moxifloxacin,gyrB,gyrB_p.Leu673Pro,p.Leu673Pro,missense_variant,3) Uncertain significance,L673P,0.0
Moxifloxacin,gyrB,gyrB_p.Leu69Val,p.Leu69Val,missense_variant,3) Uncertain significance,L69V,0.0
Moxifloxacin,gyrB,gyrB_p.Lys159Met,p.Lys159Met,missense_variant,3) Uncertain significance,K159M,0.0
Moxifloxacin,gyrB,gyrB_p.Lys333Arg,p.Lys333Arg,missense_variant,3) Uncertain significance,K333R,0.0
Moxifloxacin,gyrB,gyrB_p.Lys339Arg,p.Lys339Arg,missense_variant,3) Uncertain significance,K339R,0.0
Moxifloxacin,gyrB,gyrB_p.Lys404Arg,p.Lys404Arg,missense_variant,3) Uncertain significance,K404R,0.5
Moxifloxacin,gyrB,gyrB_p.Lys430Asn,p.Lys430Asn,missense_variant,3) Uncertain significance,K430N,1.0
Moxifloxacin,gyrB,gyrB_p.Lys452Asn,p.Lys452Asn,missense_variant,3) Uncertain significance,K452N,0.0
Moxifloxacin,gyrB,gyrB_p.Lys498Asn,p.Lys498Asn,missense_variant,3) Uncertain significance,K498N,0.0
Moxifloxacin,gyrB,gyrB_p.Lys521Asn,p.Lys521Asn,missense_variant,3) Uncertain significance,K521N,0.0
Moxifloxacin,gyrB,gyrB_p.Lys526Asn,p.Lys526Asn,missense_variant,3) Uncertain significance,K526N,0.0
Moxifloxacin,gyrB,gyrB_p.Lys526Gln,p.Lys526Gln,missense_variant,3) Uncertain significance,K526Q,0.17391304347826086
Moxifloxacin,gyrB,gyrB_p.Lys596Asn,p.Lys596Asn,missense_variant,3) Uncertain significance,K596N,0.0
Moxifloxacin,gyrB,gyrB_p.Lys599Arg,p.Lys599Arg,missense_variant,3) Uncertain significance,K599R,1.0
Moxifloxacin,gyrB,gyrB_p.Lys603Arg,p.Lys603Arg,missense_variant,3) Uncertain significance,K603R,0.0
Moxifloxacin,gyrB,gyrB_p.Lys603Asn,p.Lys603Asn,missense_variant,3) Uncertain significance,K603N,0.0
Moxifloxacin,gyrB,gyrB_p.Lys668Arg,p.Lys668Arg,missense_variant,3) Uncertain significance,K668R,0.0
Moxifloxacin,gyrB,gyrB_p.Lys668Glu,p.Lys668Glu,missense_variant,3) Uncertain significance,K668E,0.0
Moxifloxacin,gyrB,gyrB_p.Lys7Gln,p.Lys7Gln,missense_variant,3) Uncertain significance,K7Q,0.0
Moxifloxacin,gyrB,gyrB_p.Met100Val,p.Met100Val,missense_variant,3) Uncertain significance,M100V,1.0
Moxifloxacin,gyrB,gyrB_p.Met197Ile,p.Met197Ile,missense_variant,3) Uncertain significance,M197I,0.0
Moxifloxacin,gyrB,gyrB_p.Met291Ile,p.Met291Ile,missense_variant,5) Not assoc w R,M291I,0.04525175270873168
Moxifloxacin,gyrB,gyrB_p.Met530Thr,p.Met530Thr,missense_variant,3) Uncertain significance,M530T,0.0
Moxifloxacin,gyrB,gyrB_p.Met58Ile,p.Met58Ile,missense_variant,3) Uncertain significance,M58I,0.0
Moxifloxacin,gyrB,gyrB_p.Met616Val,p.Met616Val,missense_variant,3) Uncertain significance,M616V,0.0
Moxifloxacin,gyrB,gyrB_p.Phe187Leu,p.Phe187Leu,missense_variant,3) Uncertain significance,F187L,0.0
Moxifloxacin,gyrB,gyrB_p.Phe475Val,p.Phe475Val,missense_variant,3) Uncertain significance,F475V,0.0
Moxifloxacin,gyrB,gyrB_p.Phe549Leu,p.Phe549Leu,missense_variant,3) Uncertain significance,F549L,0.0
Moxifloxacin,gyrB,gyrB_p.Phe672Val,p.Phe672Val,missense_variant,3) Uncertain significance,F672V,0.0
Moxifloxacin,gyrB,gyrB_p.Pro163Leu,p.Pro163Leu,missense_variant,3) Uncertain significance,P163L,0.0
Moxifloxacin,gyrB,gyrB_p.Pro163Ser,p.Pro163Ser,missense_variant,3) Uncertain significance,P163S,0.0
Moxifloxacin,gyrB,gyrB_p.Pro177Arg,p.Pro177Arg,missense_variant,3) Uncertain significance,P177R,0.0
Moxifloxacin,gyrB,gyrB_p.Pro177His,p.Pro177His,missense_variant,3) Uncertain significance,P177H,0.0
Moxifloxacin,gyrB,gyrB_p.Pro177Leu,p.Pro177Leu,missense_variant,3) Uncertain significance,P177L,0.0
Moxifloxacin,gyrB,gyrB_p.Pro243Ser,p.Pro243Ser,missense_variant,3) Uncertain significance,P243S,1.0
Moxifloxacin,gyrB,gyrB_p.Pro254Leu,p.Pro254Leu,missense_variant,3) Uncertain significance,P254L,0.14285714285714285
Moxifloxacin,gyrB,gyrB_p.Pro343Ala,p.Pro343Ala,missense_variant,3) Uncertain significance,P343A,0.0
Moxifloxacin,gyrB,gyrB_p.Pro343Leu,p.Pro343Leu,missense_variant,3) Uncertain significance,P343L,0.0
Moxifloxacin,gyrB,gyrB_p.Pro343Ser,p.Pro343Ser,missense_variant,3) Uncertain significance,P343S,0.0
Moxifloxacin,gyrB,gyrB_p.Pro400Arg,p.Pro400Arg,missense_variant,3) Uncertain significance,P400R,0.0
Moxifloxacin,gyrB,gyrB_p.Pro439Ala,p.Pro439Ala,missense_variant,3) Uncertain significance,P439A,0.0
Moxifloxacin,gyrB,gyrB_p.Pro439Arg,p.Pro439Arg,missense_variant,3) Uncertain significance,P439R,0.0
Moxifloxacin,gyrB,gyrB_p.Pro450Arg,p.Pro450Arg,missense_variant,3) Uncertain significance,P450R,0.3333333333333333
Moxifloxacin,gyrB,gyrB_p.Pro480Ser,p.Pro480Ser,missense_variant,3) Uncertain significance,P480S,0.0
Moxifloxacin,gyrB,gyrB_p.Pro578Ala,p.Pro578Ala,missense_variant,3) Uncertain significance,P578A,0.0
Moxifloxacin,gyrB,gyrB_p.Pro578Arg,p.Pro578Arg,missense_variant,3) Uncertain significance,P578R,0.0
Moxifloxacin,gyrB,gyrB_p.Pro578Ser,p.Pro578Ser,missense_variant,3) Uncertain significance,P578S,1.0
Moxifloxacin,gyrB,gyrB_p.Pro628Ala,p.Pro628Ala,missense_variant,3) Uncertain significance,P628A,0.16666666666666666
Moxifloxacin,gyrB,gyrB_p.Pro94Leu,p.Pro94Leu,missense_variant,5) Not assoc w R,P94L,0.018433179723502304
Moxifloxacin,gyrB,gyrB_p.Ser16Cys,p.Ser16Cys,missense_variant,3) Uncertain significance,S16C,0.0
Moxifloxacin,gyrB,gyrB_p.Ser248Gly,p.Ser248Gly,missense_variant,3) Uncertain significance,S248G,0.0
Moxifloxacin,gyrB,gyrB_p.Ser273Gly,p.Ser273Gly,missense_variant,3) Uncertain significance,S273G,0.0
Moxifloxacin,gyrB,gyrB_p.Ser274Arg,p.Ser274Arg,missense_variant,3) Uncertain significance,S274R,0.16666666666666666
Moxifloxacin,gyrB,gyrB_p.Ser274Gly,p.Ser274Gly,missense_variant,3) Uncertain significance,S274G,0.0
Moxifloxacin,gyrB,gyrB_p.Ser274Thr,p.Ser274Thr,missense_variant,3) Uncertain significance,S274T,0.0
Moxifloxacin,gyrB,gyrB_p.Ser279Phe,p.Ser279Phe,missense_variant,3) Uncertain significance,S279F,1.0
Moxifloxacin,gyrB,gyrB_p.Ser359Thr,p.Ser359Thr,missense_variant,3) Uncertain significance,S359T,0.0
Moxifloxacin,gyrB,gyrB_p.Ser363Arg,p.Ser363Arg,missense_variant,3) Uncertain significance,S363R,0.0
Moxifloxacin,gyrB,gyrB_p.Ser413Ala,p.Ser413Ala,missense_variant,3) Uncertain significance,S413A,0.0
Moxifloxacin,gyrB,gyrB_p.Ser447Ala,p.Ser447Ala,missense_variant,3) Uncertain significance,S447A,1.0
Moxifloxacin,gyrB,gyrB_p.Ser447Phe,p.Ser447Phe,missense_variant,2) Assoc w R - Interim,S447F,0.25925925925925924
Moxifloxacin,gyrB,gyrB_p.Ser447Tyr,p.Ser447Tyr,missense_variant,3) Uncertain significance,S447Y,0.0
Moxifloxacin,gyrB,gyrB_p.Ser576Gly,p.Ser576Gly,missense_variant,3) Uncertain significance,S576G,0.0
Moxifloxacin,gyrB,gyrB_p.Ser576Ile,p.Ser576Ile,missense_variant,3) Uncertain significance,S576I,0.0
Moxifloxacin,gyrB,gyrB_p.Ser576Thr,p.Ser576Thr,missense_variant,3) Uncertain significance,S576T,0.0
Moxifloxacin,gyrB,gyrB_p.Ser661Thr,p.Ser661Thr,missense_variant,3) Uncertain significance,S661T,0.06802721088435375
Moxifloxacin,gyrB,gyrB_p.Thr167Ala,p.Thr167Ala,missense_variant,3) Uncertain significance,T167A,0.0
Moxifloxacin,gyrB,gyrB_p.Thr167Met,p.Thr167Met,missense_variant,3) Uncertain significance,T167M,1.0
Moxifloxacin,gyrB,gyrB_p.Thr170Ala,p.Thr170Ala,missense_variant,3) Uncertain significance,T170A,0.0
Moxifloxacin,gyrB,gyrB_p.Thr170Lys,p.Thr170Lys,missense_variant,3) Uncertain significance,T170K,0.0
Moxifloxacin,gyrB,gyrB_p.Thr182Ile,p.Thr182Ile,missense_variant,3) Uncertain significance,T182I,1.0
Moxifloxacin,gyrB,gyrB_p.Thr183Met,p.Thr183Met,missense_variant,3) Uncertain significance,T183M,0.0
Moxifloxacin,gyrB,gyrB_p.Thr189Pro,p.Thr189Pro,missense_variant,3) Uncertain significance,T189P,0.0
Moxifloxacin,gyrB,gyrB_p.Thr209Ala,p.Thr209Ala,missense_variant,3) Uncertain significance,T209A,0.0
Moxifloxacin,gyrB,gyrB_p.Thr214Pro,p.Thr214Pro,missense_variant,3) Uncertain significance,T214P,0.0
Moxifloxacin,gyrB,gyrB_p.Thr250Ser,p.Thr250Ser,missense_variant,3) Uncertain significance,T250S,0.0
Moxifloxacin,gyrB,gyrB_p.Thr267Ser,p.Thr267Ser,missense_variant,3) Uncertain significance,T267S,0.0
Moxifloxacin,gyrB,gyrB_p.Thr373Ala,p.Thr373Ala,missense_variant,3) Uncertain significance,T373A,0.0
Moxifloxacin,gyrB,gyrB_p.Thr378Ser,p.Thr378Ser,missense_variant,3) Uncertain significance,T378S,0.16666666666666666
Moxifloxacin,gyrB,gyrB_p.Thr37Ser,p.Thr37Ser,missense_variant,3) Uncertain significance,T37S,0.0
Moxifloxacin,gyrB,gyrB_p.Thr393Ser,p.Thr393Ser,missense_variant,3) Uncertain significance,T393S,0.0
Moxifloxacin,gyrB,gyrB_p.Thr500Ala,p.Thr500Ala,missense_variant,3) Uncertain significance,T500A,0.6875
Moxifloxacin,gyrB,gyrB_p.Thr500Asn,p.Thr500Asn,missense_variant,3) Uncertain significance,T500N,0.6666666666666666
Moxifloxacin,gyrB,gyrB_p.Thr500Ile,p.Thr500Ile,missense_variant,3) Uncertain significance,T500I,0.5
Moxifloxacin,gyrB,gyrB_p.Thr500Pro,p.Thr500Pro,missense_variant,3) Uncertain significance,T500P,0.6666666666666666
Moxifloxacin,gyrB,gyrB_p.Thr664Ile,p.Thr664Ile,missense_variant,3) Uncertain significance,T664I,0.0
Moxifloxacin,gyrB,gyrB_p.Tyr144Phe,p.Tyr144Phe,missense_variant,3) Uncertain significance,Y144F,1.0
Moxifloxacin,gyrB,gyrB_p.Tyr144Ser,p.Tyr144Ser,missense_variant,3) Uncertain significance,Y144S,0.0
Moxifloxacin,gyrB,gyrB_p.Tyr253Ser,p.Tyr253Ser,missense_variant,3) Uncertain significance,Y253S,0.0
Moxifloxacin,gyrB,gyrB_p.Tyr582His,p.Tyr582His,missense_variant,3) Uncertain significance,Y582H,1.0
Moxifloxacin,gyrB,gyrB_p.Val127Ala,p.Val127Ala,missense_variant,3) Uncertain significance,V127A,0.0
Moxifloxacin,gyrB,gyrB_p.Val222Met,p.Val222Met,missense_variant,3) Uncertain significance,V222M,0.0
Moxifloxacin,gyrB,gyrB_p.Val226Ala,p.Val226Ala,missense_variant,3) Uncertain significance,V226A,0.0
Moxifloxacin,gyrB,gyrB_p.Val301Leu,p.Val301Leu,missense_variant,5) Not assoc w R,V301L,0.06967213114754098
Moxifloxacin,gyrB,gyrB_p.Val327Leu,p.Val327Leu,missense_variant,3) Uncertain significance,V327L,0.0
Moxifloxacin,gyrB,gyrB_p.Val407Leu,p.Val407Leu,missense_variant,3) Uncertain significance,V407L,0.0
Moxifloxacin,gyrB,gyrB_p.Val427Met,p.Val427Met,missense_variant,3) Uncertain significance,V427M,0.6
Moxifloxacin,gyrB,gyrB_p.Val457Leu,p.Val457Leu,missense_variant,3) Uncertain significance,V457L,0.5217391304347826
Moxifloxacin,gyrB,gyrB_p.Val535Ile,p.Val535Ile,missense_variant,3) Uncertain significance,V535I,0.0
Moxifloxacin,gyrB,gyrB_p.Val561Gly,p.Val561Gly,missense_variant,3) Uncertain significance,V561G,1.0
Moxifloxacin,gyrB,gyrB_p.Val630Ile,p.Val630Ile,missense_variant,3) Uncertain significance,V630I,0.0
Moxifloxacin,gyrB,gyrB_p.Val670Ile,p.Val670Ile,missense_variant,3) Uncertain significance,V670I,0.0
Moxifloxacin,gyrB,gyrB_p.Val670Phe,p.Val670Phe,missense_variant,3) Uncertain significance,V670F,0.5384615384615384
Moxifloxacin,gyrB,gyrB_p.Val675Ile,p.Val675Ile,missense_variant,3) Uncertain significance,V675I,0.0
Moxifloxacin,gyrB,gyrB_p.Val68Ala,p.Val68Ala,missense_variant,3) Uncertain significance,V68A,0.0
Moxifloxacin,gyrB,gyrB_p.Val75Gly,p.Val75Gly,missense_variant,3) Uncertain significance,V75G,0.0
Pyrazinamide,pncA,pncA_p.Ala102Leu,p.Ala102Leu,missense_variant,3) Uncertain significance,A102L,1.0
Pyrazinamide,pncA,pncA_p.Ala102Pro,p.Ala102Pro,missense_variant,1) Assoc w R,A102P,0.8888888888888888
Pyrazinamide,pncA,pncA_p.Ala102Thr,p.Ala102Thr,missense_variant,2) Assoc w R - Interim,A102T,0.5
Pyrazinamide,pncA,pncA_p.Ala102Val,p.Ala102Val,missense_variant,4) Not assoc w R - Interim,A102V,0.3
Pyrazinamide,pncA,pncA_p.Ala134Gly,p.Ala134Gly,missense_variant,3) Uncertain significance,A134G,0.5
Pyrazinamide,pncA,pncA_p.Ala134Pro,p.Ala134Pro,missense_variant,3) Uncertain significance,A134P,1.0
Pyrazinamide,pncA,pncA_p.Ala134Val,p.Ala134Val,missense_variant,1) Assoc w R,A134V,0.9285714285714286
Pyrazinamide,pncA,pncA_p.Ala143Gly,p.Ala143Gly,missense_variant,2) Assoc w R - Interim,A143G,1.0
Pyrazinamide,pncA,pncA_p.Ala143Thr,p.Ala143Thr,missense_variant,3) Uncertain significance,A143T,0.0
Pyrazinamide,pncA,pncA_p.Ala143Val,p.Ala143Val,missense_variant,3) Uncertain significance,A143V,0.0
Pyrazinamide,pncA,pncA_p.Ala146Glu,p.Ala146Glu,missense_variant,2) Assoc w R - Interim,A146E,1.0
Pyrazinamide,pncA,pncA_p.Ala146Thr,p.Ala146Thr,missense_variant,1) Assoc w R,A146T,0.7894736842105263
Pyrazinamide,pncA,pncA_p.Ala146Val,p.Ala146Val,missense_variant,1) Assoc w R,A146V,1.0
Pyrazinamide,pncA,pncA_p.Ala161Gly,p.Ala161Gly,missense_variant,3) Uncertain significance,A161G,1.0
Pyrazinamide,pncA,pncA_p.Ala161Pro,p.Ala161Pro,missense_variant,3) Uncertain significance,A161P,1.0
Pyrazinamide,pncA,pncA_p.Ala171Asp,p.Ala171Asp,missense_variant,3) Uncertain significance,A171D,1.0
Pyrazinamide,pncA,pncA_p.Ala171Glu,p.Ala171Glu,missense_variant,2) Assoc w R - Interim,A171E,1.0
Pyrazinamide,pncA,pncA_p.Ala171Gly,p.Ala171Gly,missense_variant,3) Uncertain significance,A171G,0.0
Pyrazinamide,pncA,pncA_p.Ala171Pro,p.Ala171Pro,missense_variant,2) Assoc w R - Interim,A171P,1.0
Pyrazinamide,pncA,pncA_p.Ala171Thr,p.Ala171Thr,missense_variant,3) Uncertain significance,A171T,0.5
Pyrazinamide,pncA,pncA_p.Ala171Val,p.Ala171Val,missense_variant,3) Uncertain significance,A171V,0.3333333333333333
Pyrazinamide,pncA,pncA_p.Ala26Val,p.Ala26Val,missense_variant,3) Uncertain significance,A26V,0.0
Pyrazinamide,pncA,pncA_p.Ala28Asp,p.Ala28Asp,missense_variant,3) Uncertain significance,A28D,1.0
Pyrazinamide,pncA,pncA_p.Ala30Val,p.Ala30Val,missense_variant,3) Uncertain significance,A30V,0.0
Pyrazinamide,pncA,pncA_p.Ala36Pro,p.Ala36Pro,missense_variant,3) Uncertain significance,A36P,0.0
Pyrazinamide,pncA,pncA_p.Ala3Glu,p.Ala3Glu,missense_variant,2) Assoc w R - Interim,A3E,1.0
Pyrazinamide,pncA,pncA_p.Ala3Pro,p.Ala3Pro,missense_variant,3) Uncertain significance,A3P,1.0
Pyrazinamide,pncA,pncA_p.Ala46Glu,p.Ala46Glu,missense_variant,2) Assoc w R - Interim,A46E,0.8
Pyrazinamide,pncA,pncA_p.Ala46Thr,p.Ala46Thr,missense_variant,3) Uncertain significance,A46T,0.5
Pyrazinamide,pncA,pncA_p.Ala46Val,p.Ala46Val,missense_variant,2) Assoc w R - Interim,A46V,0.8
Pyrazinamide,pncA,pncA_p.Ala79Thr,p.Ala79Thr,missense_variant,4) Not assoc w R - Interim,A79T,0.0
Pyrazinamide,pncA,pncA_p.Ala79Val,p.Ala79Val,missense_variant,3) Uncertain significance,A79V,0.0
Pyrazinamide,pncA,pncA_p.Arg121Pro,p.Arg121Pro,missense_variant,2) Assoc w R - Interim,R121P,1.0
Pyrazinamide,pncA,pncA_p.Arg123Pro,p.Arg123Pro,missense_variant,3) Uncertain significance,R123P,1.0
Pyrazinamide,pncA,pncA_p.Arg140Gly,p.Arg140Gly,missense_variant,3) Uncertain significance,R140G,0.0
Pyrazinamide,pncA,pncA_p.Arg140Pro,p.Arg140Pro,missense_variant,2) Assoc w R - Interim,R140P,1.0
Pyrazinamide,pncA,pncA_p.Arg140Ser,p.Arg140Ser,missense_variant,3) Uncertain significance,R140S,0.5
Pyrazinamide,pncA,pncA_p.Arg148Ser,p.Arg148Ser,missense_variant,3) Uncertain significance,R148S,0.0
Pyrazinamide,pncA,pncA_p.Arg154Gly,p.Arg154Gly,missense_variant,1) Assoc w R,R154G,0.7083333333333334
Pyrazinamide,pncA,pncA_p.Arg154Met,p.Arg154Met,missense_variant,1) Assoc w R,R154M,1.0
Pyrazinamide,pncA,pncA_p.Arg29Ser,p.Arg29Ser,missense_variant,3) Uncertain significance,R29S,0.0
Pyrazinamide,pncA,pncA_p.Arg2Gln,p.Arg2Gln,missense_variant,3) Uncertain significance,R2Q,0.0
Pyrazinamide,pncA,pncA_p.Arg2Leu,p.Arg2Leu,missense_variant,3) Uncertain significance,R2L,0.0
Pyrazinamide,pncA,pncA_p.Arg2Pro,p.Arg2Pro,missense_variant,3) Uncertain significance,R2P,1.0
Pyrazinamide,pncA,pncA_p.Arg2Trp,p.Arg2Trp,missense_variant,3) Uncertain significance,R2W,0.5
Pyrazinamide,pncA,pncA_p.Asn11His,p.Asn11His,missense_variant,3) Uncertain significance,N11H,1.0
Pyrazinamide,pncA,pncA_p.Asn11Ser,p.Asn11Ser,missense_variant,3) Uncertain significance,N11S,0.5
Pyrazinamide,pncA,pncA_p.Asn149Asp,p.Asn149Asp,missense_variant,3) Uncertain significance,N149D,0.0
Pyrazinamide,pncA,pncA_p.Asp110Gly,p.Asp110Gly,missense_variant,3) Uncertain significance,D110G,0.0
Pyrazinamide,pncA,pncA_p.Asp129Asn,p.Asp129Asn,missense_variant,2) Assoc w R - Interim,D129N,0.75
Pyrazinamide,pncA,pncA_p.Asp129Gly,p.Asp129Gly,missense_variant,3) Uncertain significance,D129G,0.0
Pyrazinamide,pncA,pncA_p.Asp12Ala,p.Asp12Ala,missense_variant,1) Assoc w R,D12A,0.72
Pyrazinamide,pncA,pncA_p.Asp12Asn,p.Asp12Asn,missense_variant,2) Assoc w R - Interim,D12N,0.8571428571428571
Pyrazinamide,pncA,pncA_p.Asp12Glu,p.Asp12Glu,missense_variant,1) Assoc w R,D12E,1.0
Pyrazinamide,pncA,pncA_p.Asp12Gly,p.Asp12Gly,missense_variant,1) Assoc w R,D12G,0.8125
Pyrazinamide,pncA,pncA_p.Asp12His,p.Asp12His,missense_variant,3) Uncertain significance,D12H,1.0
Pyrazinamide,pncA,pncA_p.Asp136Ala,p.Asp136Ala,missense_variant,3) Uncertain significance,D136A,1.0
Pyrazinamide,pncA,pncA_p.Asp136Asn,p.Asp136Asn,missense_variant,3) Uncertain significance,D136N,0.25
Pyrazinamide,pncA,pncA_p.Asp136Glu,p.Asp136Glu,missense_variant,3) Uncertain significance,D136E,0.0
Pyrazinamide,pncA,pncA_p.Asp136Gly,p.Asp136Gly,missense_variant,1) Assoc w R,D136G,0.75
Pyrazinamide,pncA,pncA_p.Asp136His,p.Asp136His,missense_variant,3) Uncertain significance,D136H,1.0
Pyrazinamide,pncA,pncA_p.Asp136Tyr,p.Asp136Tyr,missense_variant,3) Uncertain significance,D136Y,1.0
Pyrazinamide,pncA,pncA_p.Asp136Val,p.Asp136Val,missense_variant,2) Assoc w R - Interim,D136V,1.0
Pyrazinamide,pncA,pncA_p.Asp145Glu,p.Asp145Glu,missense_variant,3) Uncertain significance,D145E,1.0
Pyrazinamide,pncA,pncA_p.Asp145Tyr,p.Asp145Tyr,missense_variant,3) Uncertain significance,D145Y,1.0
Pyrazinamide,pncA,pncA_p.Asp158Asn,p.Asp158Asn,missense_variant,3) Uncertain significance,D158N,0.0
Pyrazinamide,pncA,pncA_p.Asp49Ala,p.Asp49Ala,missense_variant,1) Assoc w R,D49A,1.0
Pyrazinamide,pncA,pncA_p.Asp49Asn,p.Asp49Asn,missense_variant,2) Assoc w R - Interim,D49N,0.8333333333333334
Pyrazinamide,pncA,pncA_p.Asp49Glu,p.Asp49Glu,missense_variant,2) Assoc w R - Interim,D49E,1.0
Pyrazinamide,pncA,pncA_p.Asp49Gly,p.Asp49Gly,missense_variant,1) Assoc w R,D49G,0.9555555555555556
Pyrazinamide,pncA,pncA_p.Asp49Tyr,p.Asp49Tyr,missense_variant,3) Uncertain significance,D49Y,1.0
Pyrazinamide,pncA,pncA_p.Asp56His,p.Asp56His,missense_variant,3) Uncertain significance,D56H,0.0
Pyrazinamide,pncA,pncA_p.Asp63Ala,p.Asp63Ala,missense_variant,1) Assoc w R,D63A,0.8387096774193549
Pyrazinamide,pncA,pncA_p.Asp63Glu,p.Asp63Glu,missense_variant,3) Uncertain significance,D63E,0.0
Pyrazinamide,pncA,pncA_p.Asp63Gly,p.Asp63Gly,missense_variant,2) Assoc w R - Interim,D63G,0.5833333333333334
Pyrazinamide,pncA,pncA_p.Asp63Val,p.Asp63Val,missense_variant,3) Uncertain significance,D63V,1.0
Pyrazinamide,pncA,pncA_p.Asp80Val,p.Asp80Val,missense_variant,3) Uncertain significance,D80V,0.0
Pyrazinamide,pncA,pncA_p.Asp86Gly,p.Asp86Gly,missense_variant,3) Uncertain significance,D86G,0.0
Pyrazinamide,pncA,pncA_p.Asp8Ala,p.Asp8Ala,missense_variant,2) Assoc w R - Interim,D8A,1.0
Pyrazinamide,pncA,pncA_p.Asp8Asn,p.Asp8Asn,missense_variant,1) Assoc w R,D8N,1.0
Pyrazinamide,pncA,pncA_p.Asp8Glu,p.Asp8Glu,missense_variant,1) Assoc w R,D8E,1.0
Pyrazinamide,pncA,pncA_p.Asp8Gly,p.Asp8Gly,missense_variant,1) Assoc w R,D8G,0.9565217391304348
Pyrazinamide,pncA,pncA_p.Asp8His,p.Asp8His,missense_variant,2) Assoc w R - Interim,D8H,1.0
Pyrazinamide,pncA,pncA_p.Asp8Tyr,p.Asp8Tyr,missense_variant,2) Assoc w R - Interim,D8Y,1.0
Pyrazinamide,pncA,pncA_p.Cys138Arg,p.Cys138Arg,missense_variant,1) Assoc w R,C138R,1.0
Pyrazinamide,pncA,pncA_p.Cys138Ser,p.Cys138Ser,missense_variant,3) Uncertain significance,C138S,1.0
Pyrazinamide,pncA,pncA_p.Cys14Arg,p.Cys14Arg,missense_variant,1) Assoc w R,C14R,0.9767441860465116
Pyrazinamide,pncA,pncA_p.Cys14Gly,p.Cys14Gly,missense_variant,3) Uncertain significance,C14G,0.4
Pyrazinamide,pncA,pncA_p.Cys14Phe,p.Cys14Phe,missense_variant,3) Uncertain significance,C14F,0.0
Pyrazinamide,pncA,pncA_p.Cys14Trp,p.Cys14Trp,missense_variant,2) Assoc w R - Interim,C14W,0.6666666666666666
Pyrazinamide,pncA,pncA_p.Cys14Tyr,p.Cys14Tyr,missense_variant,3) Uncertain significance,C14Y,1.0
Pyrazinamide,pncA,pncA_p.Cys72Arg,p.Cys72Arg,missense_variant,1) Assoc w R,C72R,1.0
Pyrazinamide,pncA,pncA_p.Cys72Phe,p.Cys72Phe,missense_variant,3) Uncertain significance,C72F,1.0
Pyrazinamide,pncA,pncA_p.Cys72Trp,p.Cys72Trp,missense_variant,3) Uncertain significance,C72W,1.0
Pyrazinamide,pncA,pncA_p.Cys72Tyr,p.Cys72Tyr,missense_variant,2) Assoc w R - Interim,C72Y,1.0
Pyrazinamide,pncA,pncA_p.Gln10Arg,p.Gln10Arg,missense_variant,1) Assoc w R,Q10R,0.95
Pyrazinamide,pncA,pncA_p.Gln10His,p.Gln10His,missense_variant,1) Assoc w R,Q10H,1.0
Pyrazinamide,pncA,pncA_p.Gln10Leu,p.Gln10Leu,missense_variant,3) Uncertain significance,Q10L,1.0
Pyrazinamide,pncA,pncA_p.Gln10Lys,p.Gln10Lys,missense_variant,3) Uncertain significance,Q10K,1.0
Pyrazinamide,pncA,pncA_p.Gln10Pro,p.Gln10Pro,missense_variant,1) Assoc w R,Q10P,0.9333333333333333
Pyrazinamide,pncA,pncA_p.Gln141Pro,p.Gln141Pro,missense_variant,1) Assoc w R,Q141P,0.9375
Pyrazinamide,pncA,pncA_p.Glu107Gly,p.Glu107Gly,missense_variant,3) Uncertain significance,E107G,0.0
Pyrazinamide,pncA,pncA_p.Glu15Gly,p.Glu15Gly,missense_variant,4) Not assoc w R - Interim,E15G,0.0
Pyrazinamide,pncA,pncA_p.Glu174Asp,p.Glu174Asp,missense_variant,3) Uncertain significance,E174D,1.0
Pyrazinamide,pncA,pncA_p.Glu37Ala,p.Glu37Ala,missense_variant,3) Uncertain significance,E37A,0.0
Pyrazinamide,pncA,pncA_p.Glu37Val,p.Glu37Val,missense_variant,3) Uncertain significance,E37V,0.0
Pyrazinamide,pncA,pncA_p.Gly105Asp,p.Gly105Asp,missense_variant,1) Assoc w R,G105D,0.75
Pyrazinamide,pncA,pncA_p.Gly105Ser,p.Gly105Ser,missense_variant,3) Uncertain significance,G105S,0.0
Pyrazinamide,pncA,pncA_p.Gly105Val,p.Gly105Val,missense_variant,2) Assoc w R - Interim,G105V,1.0
Pyrazinamide,pncA,pncA_p.Gly108Arg,p.Gly108Arg,missense_variant,1) Assoc w R,G108R,0.9444444444444444
Pyrazinamide,pncA,pncA_p.Gly108Glu,p.Gly108Glu,missense_variant,2) Assoc w R - Interim,G108E,1.0
Pyrazinamide,pncA,pncA_p.Gly124Ser,p.Gly124Ser,missense_variant,3) Uncertain significance,G124S,0.0
Pyrazinamide,pncA,pncA_p.Gly132Ala,p.Gly132Ala,missense_variant,1) Assoc w R,G132A,0.9661016949152542
Pyrazinamide,pncA,pncA_p.Gly132Arg,p.Gly132Arg,missense_variant,3) Uncertain significance,G132R,1.0
Pyrazinamide,pncA,pncA_p.Gly132Asp,p.Gly132Asp,missense_variant,2) Assoc w R - Interim,G132D,1.0
Pyrazinamide,pncA,pncA_p.Gly132Cys,p.Gly132Cys,missense_variant,2) Assoc w R - Interim,G132C,1.0
Pyrazinamide,pncA,pncA_p.Gly132Ser,p.Gly132Ser,missense_variant,1) Assoc w R,G132S,1.0
Pyrazinamide,pncA,pncA_p.Gly162Arg,p.Gly162Arg,missense_variant,3) Uncertain significance,G162R,1.0
Pyrazinamide,pncA,pncA_p.Gly162Asp,p.Gly162Asp,missense_variant,2) Assoc w R - Interim,G162D,1.0
Pyrazinamide,pncA,pncA_p.Gly162Ser,p.Gly162Ser,missense_variant,3) Uncertain significance,G162S,0.0
Pyrazinamide,pncA,pncA_p.Gly17Ala,p.Gly17Ala,missense_variant,3) Uncertain significance,G17A,1.0
Pyrazinamide,pncA,pncA_p.Gly17Arg,p.Gly17Arg,missense_variant,3) Uncertain significance,G17R,1.0
Pyrazinamide,pncA,pncA_p.Gly17Asp,p.Gly17Asp,missense_variant,2) Assoc w R - Interim,G17D,0.8
Pyrazinamide,pncA,pncA_p.Gly17Ser,p.Gly17Ser,missense_variant,3) Uncertain significance,G17S,0.0
Pyrazinamide,pncA,pncA_p.Gly17Val,p.Gly17Val,missense_variant,3) Uncertain significance,G17V,0.5
Pyrazinamide,pncA,pncA_p.Gly24Asp,p.Gly24Asp,missense_variant,1) Assoc w R,G24D,0.8333333333333334
Pyrazinamide,pncA,pncA_p.Gly24Val,p.Gly24Val,missense_variant,3) Uncertain significance,G24V,1.0
Pyrazinamide,pncA,pncA_p.Gly78Asp,p.Gly78Asp,missense_variant,2) Assoc w R - Interim,G78D,1.0
Pyrazinamide,pncA,pncA_p.Gly78Cys,p.Gly78Cys,missense_variant,3) Uncertain significance,G78C,0.5
Pyrazinamide,pncA,pncA_p.Gly78Ser,p.Gly78Ser,missense_variant,2) Assoc w R - Interim,G78S,0.6
Pyrazinamide,pncA,pncA_p.Gly78Val,p.Gly78Val,missense_variant,2) Assoc w R - Interim,G78V,1.0
Pyrazinamide,pncA,pncA_p.Gly97Arg,p.Gly97Arg,missense_variant,1) Assoc w R,G97R,1.0
Pyrazinamide,pncA,pncA_p.Gly97Asp,p.Gly97Asp,missense_variant,1) Assoc w R,G97D,0.9019607843137255
Pyrazinamide,pncA,pncA_p.Gly97Cys,p.Gly97Cys,missense_variant,1) Assoc w R,G97C,0.95
Pyrazinamide,pncA,pncA_p.Gly97Ser,p.Gly97Ser,missense_variant,1) Assoc w R,G97S,0.8666666666666667
Pyrazinamide,pncA,pncA_p.Gly97Val,p.Gly97Val,missense_variant,2) Assoc w R - Interim,G97V,1.0
Pyrazinamide,pncA,pncA_p.His137Arg,p.His137Arg,missense_variant,4) Not assoc w R - Interim,H137R,0.2857142857142857
Pyrazinamide,pncA,pncA_p.His137Asn,p.His137Asn,missense_variant,3) Uncertain significance,H137N,0.5
Pyrazinamide,pncA,pncA_p.His137Gln,p.His137Gln,missense_variant,3) Uncertain significance,H137Q,0.0
Pyrazinamide,pncA,pncA_p.His137Pro,p.His137Pro,missense_variant,2) Assoc w R - Interim,H137P,1.0
Pyrazinamide,pncA,pncA_p.His137Tyr,p.His137Tyr,missense_variant,3) Uncertain significance,H137Y,0.0
Pyrazinamide,pncA,pncA_p.His43Pro,p.His43Pro,missense_variant,2) Assoc w R - Interim,H43P,1.0
Pyrazinamide,pncA,pncA_p.His43Tyr,p.His43Tyr,missense_variant,3) Uncertain significance,H43Y,0.0
Pyrazinamide,pncA,pncA_p.His51Arg,p.His51Arg,missense_variant,1) Assoc w R,H51R,0.9425287356321839
Pyrazinamide,pncA,pncA_p.His51Asp,p.His51Asp,missense_variant,1) Assoc w R,H51D,0.9795918367346939
Pyrazinamide,pncA,pncA_p.His51Gln,p.His51Gln,missense_variant,1) Assoc w R,H51Q,0.8888888888888888
Pyrazinamide,pncA,pncA_p.His51Pro,p.His51Pro,missense_variant,1) Assoc w R,H51P,1.0
Pyrazinamide,pncA,pncA_p.His51Tyr,p.His51Tyr,missense_variant,1) Assoc w R,H51Y,1.0
Pyrazinamide,pncA,pncA_p.His57Arg,p.His57Arg,missense_variant,1) Assoc w R,H57R,0.9180327868852459
Pyrazinamide,pncA,pncA_p.His57Asp,p.His57Asp,missense_variant,1) Assoc w R,H57D,0.9880952380952381
Pyrazinamide,pncA,pncA_p.His57Gln,p.His57Gln,missense_variant,2) Assoc w R - Interim,H57Q,1.0
Pyrazinamide,pncA,pncA_p.His57Leu,p.His57Leu,missense_variant,2) Assoc w R - Interim,H57L,0.8333333333333334
Pyrazinamide,pncA,pncA_p.His57Pro,p.His57Pro,missense_variant,3) Uncertain significance,H57P,1.0
Pyrazinamide,pncA,pncA_p.His57Tyr,p.His57Tyr,missense_variant,1) Assoc w R,H57Y,1.0
Pyrazinamide,pncA,pncA_p.His71Arg,p.His71Arg,missense_variant,1) Assoc w R,H71R,0.95
Pyrazinamide,pncA,pncA_p.His71Gln,p.His71Gln,missense_variant,3) Uncertain significance,H71Q,1.0
Pyrazinamide,pncA,pncA_p.His71Pro,p.His71Pro,missense_variant,1) Assoc w R,H71P,1.0
Pyrazinamide,pncA,pncA_p.His71Tyr,p.His71Tyr,missense_variant,1) Assoc w R,H71Y,0.9444444444444444
Pyrazinamide,pncA,pncA_p.His82Arg,p.His82Arg,missense_variant,1) Assoc w R,H82R,1.0
Pyrazinamide,pncA,pncA_p.His82Asp,p.His82Asp,missense_variant,3) Uncertain significance,H82D,0.25
Pyrazinamide,pncA,pncA_p.Ile133Asn,p.Ile133Asn,missense_variant,3) Uncertain significance,I133N,1.0
Pyrazinamide,pncA,pncA_p.Ile133Ser,p.Ile133Ser,missense_variant,3) Uncertain significance,I133S,1.0
Pyrazinamide,pncA,pncA_p.Ile133Thr,p.Ile133Thr,missense_variant,1) Assoc w R,I133T,0.6170212765957447
Pyrazinamide,pncA,pncA_p.Ile31Ser,p.Ile31Ser,missense_variant,1) Assoc w R,I31S,0.8518518518518519
Pyrazinamide,pncA,pncA_p.Ile31Thr,p.Ile31Thr,missense_variant,2) Assoc w R - Interim,I31T,0.3333333333333333
Pyrazinamide,pncA,pncA_p.Ile5Ser,p.Ile5Ser,missense_variant,1) Assoc w R,I5S,1.0
Pyrazinamide,pncA,pncA_p.Ile5Thr,p.Ile5Thr,missense_variant,3) Uncertain significance,I5T,0.3333333333333333
Pyrazinamide,pncA,pncA_p.Ile6Leu,p.Ile6Leu,missense_variant,4) Not assoc w R - Interim,I6L,0.1
Pyrazinamide,pncA,pncA_p.Ile6Ser,p.Ile6Ser,missense_variant,3) Uncertain significance,I6S,1.0
Pyrazinamide,pncA,pncA_p.Ile6Thr,p.Ile6Thr,missense_variant,1) Assoc w R,I6T,1.0
Pyrazinamide,pncA,pncA_p.Ile6Val,p.Ile6Val,missense_variant,3) Uncertain significance,I6V,0.0
Pyrazinamide,pncA,pncA_p.Ile90Asn,p.Ile90Asn,missense_variant,2) Assoc w R - Interim,I90N,1.0
Pyrazinamide,pncA,pncA_p.Ile90Ser,p.Ile90Ser,missense_variant,1) Assoc w R,I90S,0.7
Pyrazinamide,pncA,pncA_p.Ile90Thr,p.Ile90Thr,missense_variant,2) Assoc w R - Interim,I90T,1.0
Pyrazinamide,pncA,pncA_p.Leu116Arg,p.Leu116Arg,missense_variant,2) Assoc w R - Interim,L116R,1.0
Pyrazinamide,pncA,pncA_p.Leu116Pro,p.Leu116Pro,missense_variant,2) Assoc w R - Interim,L116P,0.6
Pyrazinamide,pncA,pncA_p.Leu116Val,p.Leu116Val,missense_variant,3) Uncertain significance,L116V,0.0
Pyrazinamide,pncA,pncA_p.Leu120Arg,p.Leu120Arg,missense_variant,1) Assoc w R,L120R,1.0
Pyrazinamide,pncA,pncA_p.Leu120Gln,p.Leu120Gln,missense_variant,2) Assoc w R - Interim,L120Q,1.0
Pyrazinamide,pncA,pncA_p.Leu120Pro,p.Leu120Pro,missense_variant,1) Assoc w R,L120P,1.0
Pyrazinamide,pncA,pncA_p.Leu151Ser,p.Leu151Ser,missense_variant,1) Assoc w R,L151S,0.76
Pyrazinamide,pncA,pncA_p.Leu151Trp,p.Leu151Trp,missense_variant,3) Uncertain significance,L151W,0.0
Pyrazinamide,pncA,pncA_p.Leu156Pro,p.Leu156Pro,missense_variant,3) Uncertain significance,L156P,1.0
Pyrazinamide,pncA,pncA_p.Leu159Arg,p.Leu159Arg,missense_variant,1) Assoc w R,L159R,0.8
Pyrazinamide,pncA,pncA_p.Leu159Pro,p.Leu159Pro,missense_variant,2) Assoc w R - Interim,L159P,1.0
Pyrazinamide,pncA,pncA_p.Leu159Val,p.Leu159Val,missense_variant,2) Assoc w R - Interim,L159V,0.6
Pyrazinamide,pncA,pncA_p.Leu172Arg,p.Leu172Arg,missense_variant,3) Uncertain significance,L172R,1.0
Pyrazinamide,pncA,pncA_p.Leu172Pro,p.Leu172Pro,missense_variant,1) Assoc w R,L172P,1.0
Pyrazinamide,pncA,pncA_p.Leu182Phe,p.Leu182Phe,missense_variant,3) Uncertain significance,L182F,0.2
Pyrazinamide,pncA,pncA_p.Leu182Ser,p.Leu182Ser,missense_variant,1) Assoc w R,L182S,0.7894736842105263
Pyrazinamide,pncA,pncA_p.Leu182Trp,p.Leu182Trp,missense_variant,1) Assoc w R,L182W,1.0
Pyrazinamide,pncA,pncA_p.Leu19Arg,p.Leu19Arg,missense_variant,3) Uncertain significance,L19R,0.0
Pyrazinamide,pncA,pncA_p.Leu19Pro,p.Leu19Pro,missense_variant,1) Assoc w R,L19P,0.9090909090909091
Pyrazinamide,pncA,pncA_p.Leu27Gln,p.Leu27Gln,missense_variant,3) Uncertain significance,L27Q,0.0
Pyrazinamide,pncA,pncA_p.Leu27Pro,p.Leu27Pro,missense_variant,1) Assoc w R,L27P,1.0
Pyrazinamide,pncA,pncA_p.Leu35Arg,p.Leu35Arg,missense_variant,4) Not assoc w R - Interim,L35R,0.1111111111111111
Pyrazinamide,pncA,pncA_p.Leu35Pro,p.Leu35Pro,missense_variant,2) Assoc w R - Interim,L35P,0.625
Pyrazinamide,pncA,pncA_p.Leu4Phe,p.Leu4Phe,missense_variant,3) Uncertain significance,L4F,0.0
Pyrazinamide,pncA,pncA_p.Leu4Ser,p.Leu4Ser,missense_variant,1) Assoc w R,L4S,0.9333333333333333
Pyrazinamide,pncA,pncA_p.Leu4Trp,p.Leu4Trp,missense_variant,1) Assoc w R,L4W,0.9375
Pyrazinamide,pncA,pncA_p.Leu85Arg,p.Leu85Arg,missense_variant,1) Assoc w R,L85R,1.0
Pyrazinamide,pncA,pncA_p.Leu85Pro,p.Leu85Pro,missense_variant,1) Assoc w R,L85P,1.0
Pyrazinamide,pncA,pncA_p.Lys48Asn,p.Lys48Asn,missense_variant,3) Uncertain significance,K48N,0.0
Pyrazinamide,pncA,pncA_p.Lys48Glu,p.Lys48Glu,missense_variant,2) Assoc w R - Interim,K48E,0.6666666666666666
Pyrazinamide,pncA,pncA_p.Lys48Thr,p.Lys48Thr,missense_variant,2) Assoc w R - Interim,K48T,0.43478260869565216
Pyrazinamide,pncA,pncA_p.Lys96Arg,p.Lys96Arg,missense_variant,1) Assoc w R,K96R,0.8333333333333334
Pyrazinamide,pncA,pncA_p.Lys96Asn,p.Lys96Asn,missense_variant,2) Assoc w R - Interim,K96N,1.0
Pyrazinamide,pncA,pncA_p.Lys96Gln,p.Lys96Gln,missense_variant,1) Assoc w R,K96Q,0.8333333333333334
Pyrazinamide,pncA,pncA_p.Lys96Glu,p.Lys96Glu,missense_variant,1) Assoc w R,K96E,1.0
Pyrazinamide,pncA,pncA_p.Lys96Met,p.Lys96Met,missense_variant,3) Uncertain significance,K96M,1.0
Pyrazinamide,pncA,pncA_p.Lys96Thr,p.Lys96Thr,missense_variant,1) Assoc w R,K96T,0.95
Pyrazinamide,pncA,pncA_p.Met175Arg,p.Met175Arg,missense_variant,1) Assoc w R,M175R,1.0
Pyrazinamide,pncA,pncA_p.Met175Ile,p.Met175Ile,missense_variant,2) Assoc w R - Interim,M175I,0.5
Pyrazinamide,pncA,pncA_p.Met175Thr,p.Met175Thr,missense_variant,2) Assoc w R - Interim,M175T,1.0
Pyrazinamide,pncA,pncA_p.Met175Val,p.Met175Val,missense_variant,1) Assoc w R,M175V,0.8
Pyrazinamide,pncA,pncA_p.Phe106Ile,p.Phe106Ile,missense_variant,3) Uncertain significance,F106I,0.3333333333333333
Pyrazinamide,pncA,pncA_p.Phe106Leu,p.Phe106Leu,missense_variant,2) Assoc w R - Interim,F106L,1.0
Pyrazinamide,pncA,pncA_p.Phe106Ser,p.Phe106Ser,missense_variant,2) Assoc w R - Interim,F106S,1.0
Pyrazinamide,pncA,pncA_p.Phe13Ile,p.Phe13Ile,missense_variant,1) Assoc w R,F13I,1.0
Pyrazinamide,pncA,pncA_p.Phe13Leu,p.Phe13Leu,missense_variant,2) Assoc w R - Interim,F13L,0.8333333333333334
Pyrazinamide,pncA,pncA_p.Phe13Ser,p.Phe13Ser,missense_variant,1) Assoc w R,F13S,0.8333333333333334
Pyrazinamide,pncA,pncA_p.Phe58Cys,p.Phe58Cys,missense_variant,2) Assoc w R - Interim,F58C,1.0
Pyrazinamide,pncA,pncA_p.Phe58Leu,p.Phe58Leu,missense_variant,1) Assoc w R,F58L,0.7647058823529411
Pyrazinamide,pncA,pncA_p.Phe58Ser,p.Phe58Ser,missense_variant,2) Assoc w R - Interim,F58S,1.0
Pyrazinamide,pncA,pncA_p.Phe58Val,p.Phe58Val,missense_variant,4) Not assoc w R - Interim,F58V,0.2
Pyrazinamide,pncA,pncA_p.Phe81Ser,p.Phe81Ser,missense_variant,3) Uncertain significance,F81S,0.0
Pyrazinamide,pncA,pncA_p.Phe81Val,p.Phe81Val,missense_variant,3) Uncertain significance,F81V,0.2857142857142857
Pyrazinamide,pncA,pncA_p.Phe94Cys,p.Phe94Cys,missense_variant,1) Assoc w R,F94C,1.0
Pyrazinamide,pncA,pncA_p.Phe94Leu,p.Phe94Leu,missense_variant,1) Assoc w R,F94L,0.7692307692307693
Pyrazinamide,pncA,pncA_p.Phe94Ser,p.Phe94Ser,missense_variant,2) Assoc w R - Interim,F94S,1.0
Pyrazinamide,pncA,pncA_p.Phe94Tyr,p.Phe94Tyr,missense_variant,3) Uncertain significance,F94Y,0.0
Pyrazinamide,pncA,pncA_p.Pro115Leu,p.Pro115Leu,missense_variant,3) Uncertain significance,P115L,0.0
Pyrazinamide,pncA,pncA_p.Pro115Ser,p.Pro115Ser,missense_variant,3) Uncertain significance,P115S,0.0
Pyrazinamide,pncA,pncA_p.Pro54Ala,p.Pro54Ala,missense_variant,3) Uncertain significance,P54A,0.0
Pyrazinamide,pncA,pncA_p.Pro54Arg,p.Pro54Arg,missense_variant,1) Assoc w R,P54R,1.0
Pyrazinamide,pncA,pncA_p.Pro54Gln,p.Pro54Gln,missense_variant,2) Assoc w R - Interim,P54Q,0.75
Pyrazinamide,pncA,pncA_p.Pro54Leu,p.Pro54Leu,missense_variant,1) Assoc w R,P54L,0.9411764705882353
Pyrazinamide,pncA,pncA_p.Pro54Ser,p.Pro54Ser,missense_variant,2) Assoc w R - Interim,P54S,1.0
Pyrazinamide,pncA,pncA_p.Pro54Thr,p.Pro54Thr,missense_variant,2) Assoc w R - Interim,P54T,0.6666666666666666
Pyrazinamide,pncA,pncA_p.Pro62Arg,p.Pro62Arg,missense_variant,2) Assoc w R - Interim,P62R,1.0
Pyrazinamide,pncA,pncA_p.Pro62Gln,p.Pro62Gln,missense_variant,3) Uncertain significance,P62Q,1.0
Pyrazinamide,pncA,pncA_p.Pro62Leu,p.Pro62Leu,missense_variant,1) Assoc w R,P62L,0.9090909090909091
Pyrazinamide,pncA,pncA_p.Pro62Ser,p.Pro62Ser,missense_variant,2) Assoc w R - Interim,P62S,0.6
Pyrazinamide,pncA,pncA_p.Pro62Thr,p.Pro62Thr,missense_variant,2) Assoc w R - Interim,P62T,1.0
Pyrazinamide,pncA,pncA_p.Pro69Arg,p.Pro69Arg,missense_variant,3) Uncertain significance,P69R,1.0
Pyrazinamide,pncA,pncA_p.Pro69Leu,p.Pro69Leu,missense_variant,1) Assoc w R,P69L,0.7368421052631579
Pyrazinamide,pncA,pncA_p.Pro69Ser,p.Pro69Ser,missense_variant,3) Uncertain significance,P69S,0.16666666666666666
Pyrazinamide,pncA,pncA_p.Pro69Thr,p.Pro69Thr,missense_variant,3) Uncertain significance,P69T,1.0
Pyrazinamide,pncA,pncA_p.Pro77Leu,p.Pro77Leu,missense_variant,3) Uncertain significance,P77L,0.0
Pyrazinamide,pncA,pncA_p.Ser104Arg,p.Ser104Arg,missense_variant,1) Assoc w R,S104R,1.0
Pyrazinamide,pncA,pncA_p.Ser104Gly,p.Ser104Gly,missense_variant,2) Assoc w R - Interim,S104G,0.6666666666666666
Pyrazinamide,pncA,pncA_p.Ser104Ile,p.Ser104Ile,missense_variant,2) Assoc w R - Interim,S104I,1.0
Pyrazinamide,pncA,pncA_p.Ser104Thr,p.Ser104Thr,missense_variant,3) Uncertain significance,S104T,0.0
Pyrazinamide,pncA,pncA_p.Ser164Pro,p.Ser164Pro,missense_variant,1) Assoc w R,S164P,0.9230769230769231
Pyrazinamide,pncA,pncA_p.Ser179Ile,p.Ser179Ile,missense_variant,3) Uncertain significance,S179I,0.0
Pyrazinamide,pncA,pncA_p.Ser18Pro,p.Ser18Pro,missense_variant,3) Uncertain significance,S18P,0.0
Pyrazinamide,pncA,pncA_p.Ser32Ile,p.Ser32Ile,missense_variant,3) Uncertain significance,S32I,1.0
Pyrazinamide,pncA,pncA_p.Ser59Phe,p.Ser59Phe,missense_variant,3) Uncertain significance,S59F,1.0
Pyrazinamide,pncA,pncA_p.Ser59Pro,p.Ser59Pro,missense_variant,1) Assoc w R,S59P,1.0
Pyrazinamide,pncA,pncA_p.Ser65Pro,p.Ser65Pro,missense_variant,3) Uncertain significance,S65P,0.0
Pyrazinamide,pncA,pncA_p.Ser66Ala,p.Ser66Ala,missense_variant,3) Uncertain significance,S66A,0.0
Pyrazinamide,pncA,pncA_p.Ser66Leu,p.Ser66Leu,missense_variant,4) Not assoc w R - Interim,S66L,0.0
Pyrazinamide,pncA,pncA_p.Ser66Pro,p.Ser66Pro,missense_variant,1) Assoc w R,S66P,1.0
Pyrazinamide,pncA,pncA_p.Ser67Pro,p.Ser67Pro,missense_variant,1) Assoc w R,S67P,1.0
Pyrazinamide,pncA,pncA_p.Ser67Trp,p.Ser67Trp,missense_variant,3) Uncertain significance,S67W,0.3333333333333333
Pyrazinamide,pncA,pncA_p.Thr100Ile,p.Thr100Ile,missense_variant,3) Uncertain significance,T100I,0.6
Pyrazinamide,pncA,pncA_p.Thr100Pro,p.Thr100Pro,missense_variant,2) Assoc w R - Interim,T100P,1.0
Pyrazinamide,pncA,pncA_p.Thr114Met,p.Thr114Met,missense_variant,4) Not assoc w R - Interim,T114M,0.0
Pyrazinamide,pncA,pncA_p.Thr114Pro,p.Thr114Pro,missense_variant,2) Assoc w R - Interim,T114P,1.0
Pyrazinamide,pncA,pncA_p.Thr135Ala,p.Thr135Ala,missense_variant,3) Uncertain significance,T135A,0.6666666666666666
Pyrazinamide,pncA,pncA_p.Thr135Asn,p.Thr135Asn,missense_variant,2) Assoc w R - Interim,T135N,1.0
Pyrazinamide,pncA,pncA_p.Thr135Ile,p.Thr135Ile,missense_variant,3) Uncertain significance,T135I,0.0
Pyrazinamide,pncA,pncA_p.Thr135Pro,p.Thr135Pro,missense_variant,1) Assoc w R,T135P,0.9772727272727273
Pyrazinamide,pncA,pncA_p.Thr142Ala,p.Thr142Ala,missense_variant,1) Assoc w R,T142A,0.875
Pyrazinamide,pncA,pncA_p.Thr142Lys,p.Thr142Lys,missense_variant,2) Assoc w R - Interim,T142K,1.0
Pyrazinamide,pncA,pncA_p.Thr142Met,p.Thr142Met,missense_variant,1) Assoc w R,T142M,0.9285714285714286
Pyrazinamide,pncA,pncA_p.Thr142Pro,p.Thr142Pro,missense_variant,2) Assoc w R - Interim,T142P,1.0
Pyrazinamide,pncA,pncA_p.Thr153Pro,p.Thr153Pro,missense_variant,3) Uncertain significance,T153P,0.0
Pyrazinamide,pncA,pncA_p.Thr160Ala,p.Thr160Ala,missense_variant,4) Not assoc w R - Interim,T160A,0.5714285714285714
Pyrazinamide,pncA,pncA_p.Thr160Arg,p.Thr160Arg,missense_variant,3) Uncertain significance,T160R,1.0
Pyrazinamide,pncA,pncA_p.Thr160Lys,p.Thr160Lys,missense_variant,2) Assoc w R - Interim,T160K,1.0
Pyrazinamide,pncA,pncA_p.Thr160Pro,p.Thr160Pro,missense_variant,1) Assoc w R,T160P,1.0
Pyrazinamide,pncA,pncA_p.Thr167Ile,p.Thr167Ile,missense_variant,3) Uncertain significance,T167I,0.4
Pyrazinamide,pncA,pncA_p.Thr167Pro,p.Thr167Pro,missense_variant,3) Uncertain significance,T167P,0.0
Pyrazinamide,pncA,pncA_p.Thr168Ile,p.Thr168Ile,missense_variant,4) Not assoc w R - Interim,T168I,0.0
Pyrazinamide,pncA,pncA_p.Thr168Pro,p.Thr168Pro,missense_variant,2) Assoc w R - Interim,T168P,1.0
Pyrazinamide,pncA,pncA_p.Thr177Pro,p.Thr177Pro,missense_variant,1) Assoc w R,T177P,0.8888888888888888
Pyrazinamide,pncA,pncA_p.Thr47Ala,p.Thr47Ala,missense_variant,1) Assoc w R,T47A,0.6071428571428571
Pyrazinamide,pncA,pncA_p.Thr47Asn,p.Thr47Asn,missense_variant,3) Uncertain significance,T47N,1.0
Pyrazinamide,pncA,pncA_p.Thr47Ile,p.Thr47Ile,missense_variant,3) Uncertain significance,T47I,0.0
Pyrazinamide,pncA,pncA_p.Thr47Pro,p.Thr47Pro,missense_variant,1) Assoc w R,T47P,1.0
Pyrazinamide,pncA,pncA_p.Thr61Pro,p.Thr61Pro,missense_variant,2) Assoc w R - Interim,T61P,0.6666666666666666
Pyrazinamide,pncA,pncA_p.Thr76Ala,p.Thr76Ala,missense_variant,3) Uncertain significance,T76A,0.0
Pyrazinamide,pncA,pncA_p.Thr76Ile,p.Thr76Ile,missense_variant,1) Assoc w R,T76I,0.8
Pyrazinamide,pncA,pncA_p.Thr76Pro,p.Thr76Pro,missense_variant,1) Assoc w R,T76P,0.9454545454545454
Pyrazinamide,pncA,pncA_p.Thr87Met,p.Thr87Met,missense_variant,4) Not assoc w R - Interim,T87M,0.0
Pyrazinamide,pncA,pncA_p.Trp119Arg,p.Trp119Arg,missense_variant,2) Assoc w R - Interim,W119R,1.0
Pyrazinamide,pncA,pncA_p.Trp119Cys,p.Trp119Cys,missense_variant,2) Assoc w R - Interim,W119C,0.8333333333333334
Pyrazinamide,pncA,pncA_p.Trp119Gly,p.Trp119Gly,missense_variant,2) Assoc w R - Interim,W119G,1.0
Pyrazinamide,pncA,pncA_p.Trp119Leu,p.Trp119Leu,missense_variant,2) Assoc w R - Interim,W119L,1.0
Pyrazinamide,pncA,pncA_p.Trp68Arg,p.Trp68Arg,missense_variant,1) Assoc w R,W68R,0.9473684210526315
Pyrazinamide,pncA,pncA_p.Trp68Cys,p.Trp68Cys,missense_variant,1) Assoc w R,W68C,1.0
Pyrazinamide,pncA,pncA_p.Trp68Gly,p.Trp68Gly,missense_variant,1) Assoc w R,W68G,0.9411764705882353
Pyrazinamide,pncA,pncA_p.Trp68Leu,p.Trp68Leu,missense_variant,2) Assoc w R - Interim,W68L,1.0
Pyrazinamide,pncA,pncA_p.Trp68Ser,p.Trp68Ser,missense_variant,3) Uncertain significance,W68S,0.5
Pyrazinamide,pncA,pncA_p.Tyr103Asp,p.Tyr103Asp,missense_variant,2) Assoc w R - Interim,Y103D,0.6666666666666666
Pyrazinamide,pncA,pncA_p.Tyr103Cys,p.Tyr103Cys,missense_variant,1) Assoc w R,Y103C,0.6923076923076923
Pyrazinamide,pncA,pncA_p.Tyr103His,p.Tyr103His,missense_variant,1) Assoc w R,Y103H,1.0
Pyrazinamide,pncA,pncA_p.Tyr103Ser,p.Tyr103Ser,missense_variant,3) Uncertain significance,Y103S,1.0
Pyrazinamide,pncA,pncA_p.Tyr34Asp,p.Tyr34Asp,missense_variant,1) Assoc w R,Y34D,1.0
Pyrazinamide,pncA,pncA_p.Tyr34Ser,p.Tyr34Ser,missense_variant,2) Assoc w R - Interim,Y34S,1.0
Pyrazinamide,pncA,pncA_p.Tyr41Cys,p.Tyr41Cys,missense_variant,3) Uncertain significance,Y41C,0.0
Pyrazinamide,pncA,pncA_p.Tyr64Asp,p.Tyr64Asp,missense_variant,2) Assoc w R - Interim,Y64D,0.6
Pyrazinamide,pncA,pncA_p.Tyr95Asp,p.Tyr95Asp,missense_variant,2) Assoc w R - Interim,Y95D,0.5
Pyrazinamide,pncA,pncA_p.Tyr99Cys,p.Tyr99Cys,missense_variant,3) Uncertain significance,Y99C,0.0
Pyrazinamide,pncA,pncA_p.Val109Gly,p.Val109Gly,missense_variant,3) Uncertain significance,V109G,0.0
Pyrazinamide,pncA,pncA_p.Val125Asp,p.Val125Asp,missense_variant,3) Uncertain significance,V125D,0.0
Pyrazinamide,pncA,pncA_p.Val125Gly,p.Val125Gly,missense_variant,1) Assoc w R,V125G,1.0
Pyrazinamide,pncA,pncA_p.Val125Ile,p.Val125Ile,missense_variant,3) Uncertain significance,V125I,0.0
Pyrazinamide,pncA,pncA_p.Val125Phe,p.Val125Phe,missense_variant,2) Assoc w R - Interim,V125F,0.6363636363636364
Pyrazinamide,pncA,pncA_p.Val128Gly,p.Val128Gly,missense_variant,1) Assoc w R,V128G,1.0
Pyrazinamide,pncA,pncA_p.Val128Ile,p.Val128Ile,missense_variant,3) Uncertain significance,V128I,0.0
Pyrazinamide,pncA,pncA_p.Val130Gly,p.Val130Gly,missense_variant,2) Assoc w R - Interim,V130G,1.0
Pyrazinamide,pncA,pncA_p.Val130Met,p.Val130Met,missense_variant,2) Assoc w R - Interim,V130M,1.0
Pyrazinamide,pncA,pncA_p.Val131Gly,p.Val131Gly,missense_variant,2) Assoc w R - Interim,V131G,0.8333333333333334
Pyrazinamide,pncA,pncA_p.Val131Phe,p.Val131Phe,missense_variant,2) Assoc w R - Interim,V131F,0.8
Pyrazinamide,pncA,pncA_p.Val139Ala,p.Val139Ala,missense_variant,1) Assoc w R,V139A,0.921875
Pyrazinamide,pncA,pncA_p.Val139Gly,p.Val139Gly,missense_variant,1) Assoc w R,V139G,1.0
Pyrazinamide,pncA,pncA_p.Val139Leu,p.Val139Leu,missense_variant,2) Assoc w R - Interim,V139L,0.6666666666666666
Pyrazinamide,pncA,pncA_p.Val139Met,p.Val139Met,missense_variant,1) Assoc w R,V139M,1.0
Pyrazinamide,pncA,pncA_p.Val155Ala,p.Val155Ala,missense_variant,2) Assoc w R - Interim,V155A,0.5
Pyrazinamide,pncA,pncA_p.Val155Gly,p.Val155Gly,missense_variant,1) Assoc w R,V155G,0.9
Pyrazinamide,pncA,pncA_p.Val155Leu,p.Val155Leu,missense_variant,3) Uncertain significance,V155L,0.0
Pyrazinamide,pncA,pncA_p.Val155Met,p.Val155Met,missense_variant,1) Assoc w R,V155M,0.8888888888888888
Pyrazinamide,pncA,pncA_p.Val157Ala,p.Val157Ala,missense_variant,3) Uncertain significance,V157A,0.0
Pyrazinamide,pncA,pncA_p.Val157Gly,p.Val157Gly,missense_variant,3) Uncertain significance,V157G,1.0
Pyrazinamide,pncA,pncA_p.Val157Leu,p.Val157Leu,missense_variant,3) Uncertain significance,V157L,0.0
Pyrazinamide,pncA,pncA_p.Val163Ala,p.Val163Ala,missense_variant,2) Assoc w R - Interim,V163A,0.75
Pyrazinamide,pncA,pncA_p.Val163Gly,p.Val163Gly,missense_variant,3) Uncertain significance,V163G,0.3333333333333333
Pyrazinamide,pncA,pncA_p.Val163Leu,p.Val163Leu,missense_variant,3) Uncertain significance,V163L,0.0
Pyrazinamide,pncA,pncA_p.Val163Met,p.Val163Met,missense_variant,3) Uncertain significance,V163M,0.0
Pyrazinamide,pncA,pncA_p.Val180Ala,p.Val180Ala,missense_variant,1) Assoc w R,V180A,1.0
Pyrazinamide,pncA,pncA_p.Val180Asp,p.Val180Asp,missense_variant,3) Uncertain significance,V180D,1.0
Pyrazinamide,pncA,pncA_p.Val180Gly,p.Val180Gly,missense_variant,1) Assoc w R,V180G,1.0
Pyrazinamide,pncA,pncA_p.Val180Leu,p.Val180Leu,missense_variant,3) Uncertain significance,V180L,1.0
Pyrazinamide,pncA,pncA_p.Val180Phe,p.Val180Phe,missense_variant,1) Assoc w R,V180F,0.9
Pyrazinamide,pncA,pncA_p.Val183Leu,p.Val183Leu,missense_variant,3) Uncertain significance,V183L,0.0
Pyrazinamide,pncA,pncA_p.Val21Ala,p.Val21Ala,missense_variant,4) Not assoc w R - Interim,V21A,0.14285714285714285
Pyrazinamide,pncA,pncA_p.Val21Gly,p.Val21Gly,missense_variant,2) Assoc w R - Interim,V21G,0.8571428571428571
Pyrazinamide,pncA,pncA_p.Val44Gly,p.Val44Gly,missense_variant,2) Assoc w R - Interim,V44G,1.0
Pyrazinamide,pncA,pncA_p.Val45Ala,p.Val45Ala,missense_variant,3) Uncertain significance,V45A,0.0
Pyrazinamide,pncA,pncA_p.Val45Gly,p.Val45Gly,missense_variant,3) Uncertain significance,V45G,1.0
Pyrazinamide,pncA,pncA_p.Val45Met,p.Val45Met,missense_variant,3) Uncertain significance,V45M,0.0
Pyrazinamide,pncA,pncA_p.Val7Ala,p.Val7Ala,missense_variant,2) Assoc w R - Interim,V7A,0.6666666666666666
Pyrazinamide,pncA,pncA_p.Val7Gly,p.Val7Gly,missense_variant,1) Assoc w R,V7G,0.9444444444444444
Pyrazinamide,pncA,pncA_p.Val7Ile,p.Val7Ile,missense_variant,3) Uncertain significance,V7I,1.0
Pyrazinamide,pncA,pncA_p.Val7Leu,p.Val7Leu,missense_variant,1) Assoc w R,V7L,1.0
Pyrazinamide,pncA,pncA_p.Val7Phe,p.Val7Phe,missense_variant,2) Assoc w R - Interim,V7F,1.0
Pyrazinamide,pncA,pncA_p.Val93Ala,p.Val93Ala,missense_variant,2) Assoc w R - Interim,V93A,0.5
Pyrazinamide,pncA,pncA_p.Val93Gly,p.Val93Gly,missense_variant,3) Uncertain significance,V93G,0.5
Pyrazinamide,pncA,pncA_p.Val93Leu,p.Val93Leu,missense_variant,2) Assoc w R - Interim,V93L,1.0
Pyrazinamide,pncA,pncA_p.Val93Met,p.Val93Met,missense_variant,3) Uncertain significance,V93M,1.0
Pyrazinamide,pncA,pncA_p.Val9Ala,p.Val9Ala,missense_variant,3) Uncertain significance,V9A,0.5
Pyrazinamide,pncA,pncA_p.Val9Gly,p.Val9Gly,missense_variant,1) Assoc w R,V9G,1.0
Rifampicin,rpoB,rpoB_p.Ala1002Pro,p.Ala1002Pro,missense_variant,3) Uncertain significance,A1002P,0.0
Rifampicin,rpoB,rpoB_p.Ala1055Pro,p.Ala1055Pro,missense_variant,3) Uncertain significance,A1055P,1.0
Rifampicin,rpoB,rpoB_p.Ala1072Gly,p.Ala1072Gly,missense_variant,3) Uncertain significance,A1072G,1.0
Rifampicin,rpoB,rpoB_p.Ala10Thr,p.Ala10Thr,missense_variant,3) Uncertain significance,A10T,0.0
Rifampicin,rpoB,rpoB_p.Ala1153Val,p.Ala1153Val,missense_variant,3) Uncertain significance,A1153V,1.0
Rifampicin,rpoB,rpoB_p.Ala1172Pro,p.Ala1172Pro,missense_variant,3) Uncertain significance,A1172P,1.0
Rifampicin,rpoB,rpoB_p.Ala131Val,p.Ala131Val,missense_variant,3) Uncertain significance,A131V,0.0
Rifampicin,rpoB,rpoB_p.Ala286Val,p.Ala286Val,missense_variant,3) Uncertain significance,A286V,1.0
Rifampicin,rpoB,rpoB_p.Ala29Thr,p.Ala29Thr,missense_variant,3) Uncertain significance,A29T,0.0
Rifampicin,rpoB,rpoB_p.Ala29Val,p.Ala29Val,missense_variant,3) Uncertain significance,A29V,0.0
Rifampicin,rpoB,rpoB_p.Ala2Thr,p.Ala2Thr,missense_variant,3) Uncertain significance,A2T,1.0
Rifampicin,rpoB,rpoB_p.Ala334Asp,p.Ala334Asp,missense_variant,3) Uncertain significance,A334D,0.0
Rifampicin,rpoB,rpoB_p.Ala334Val,p.Ala334Val,missense_variant,3) Uncertain significance,A334V,0.0
Rifampicin,rpoB,rpoB_p.Ala420Ser,p.Ala420Ser,missense_variant,3) Uncertain significance,A420S,1.0
Rifampicin,rpoB,rpoB_p.Ala451Gly,p.Ala451Gly,missense_variant,2) Assoc w R - Interim,A451G,1.0
Rifampicin,rpoB,rpoB_p.Ala451Val,p.Ala451Val,missense_variant,2) Assoc w R - Interim,A451V,0.5714285714285714
Rifampicin,rpoB,rpoB_p.Ala498Gly,p.Ala498Gly,missense_variant,3) Uncertain significance,A498G,0.0
Rifampicin,rpoB,rpoB_p.Ala498Val,p.Ala498Val,missense_variant,3) Uncertain significance,A498V,1.0
Rifampicin,rpoB,rpoB_p.Ala527Thr,p.Ala527Thr,missense_variant,3) Uncertain significance,A527T,1.0
Rifampicin,rpoB,rpoB_p.Ala527Val,p.Ala527Val,missense_variant,3) Uncertain significance,A527V,0.0
Rifampicin,rpoB,rpoB_p.Ala538Pro,p.Ala538Pro,missense_variant,3) Uncertain significance,A538P,1.0
Rifampicin,rpoB,rpoB_p.Ala544Val,p.Ala544Val,missense_variant,3) Uncertain significance,A544V,0.0
Rifampicin,rpoB,rpoB_p.Ala559Val,p.Ala559Val,missense_variant,3) Uncertain significance,A559V,1.0
Rifampicin,rpoB,rpoB_p.Ala584Asp,p.Ala584Asp,missense_variant,3) Uncertain significance,A584D,1.0
Rifampicin,rpoB,rpoB_p.Ala584Gly,p.Ala584Gly,missense_variant,3) Uncertain significance,A584G,1.0
Rifampicin,rpoB,rpoB_p.Ala596Gly,p.Ala596Gly,missense_variant,3) Uncertain significance,A596G,1.0
Rifampicin,rpoB,rpoB_p.Ala599Thr,p.Ala599Thr,missense_variant,3) Uncertain significance,A599T,1.0
Rifampicin,rpoB,rpoB_p.Ala599Val,p.Ala599Val,missense_variant,3) Uncertain significance,A599V,1.0
Rifampicin,rpoB,rpoB_p.Ala628Gly,p.Ala628Gly,missense_variant,3) Uncertain significance,A628G,0.0
Rifampicin,rpoB,rpoB_p.Ala628Pro,p.Ala628Pro,missense_variant,3) Uncertain significance,A628P,1.0
Rifampicin,rpoB,rpoB_p.Ala632Gly,p.Ala632Gly,missense_variant,3) Uncertain significance,A632G,0.0
Rifampicin,rpoB,rpoB_p.Ala632Ser,p.Ala632Ser,missense_variant,3) Uncertain significance,A632S,0.0
Rifampicin,rpoB,rpoB_p.Ala638Gly,p.Ala638Gly,missense_variant,3) Uncertain significance,A638G,1.0
Rifampicin,rpoB,rpoB_p.Ala686Thr,p.Ala686Thr,missense_variant,3) Uncertain significance,A686T,0.0
Rifampicin,rpoB,rpoB_p.Ala68Val,p.Ala68Val,missense_variant,3) Uncertain significance,A68V,0.0
Rifampicin,rpoB,rpoB_p.Ala692Thr,p.Ala692Thr,missense_variant,3) Uncertain significance,A692T,0.8617021276595744
Rifampicin,rpoB,rpoB_p.Ala69Pro,p.Ala69Pro,missense_variant,3) Uncertain significance,A69P,0.0
Rifampicin,rpoB,rpoB_p.Ala708Ser,p.Ala708Ser,missense_variant,3) Uncertain significance,A708S,1.0
Rifampicin,rpoB,rpoB_p.Ala753Thr,p.Ala753Thr,missense_variant,3) Uncertain significance,A753T,0.5
Rifampicin,rpoB,rpoB_p.Ala753Val,p.Ala753Val,missense_variant,3) Uncertain significance,A753V,1.0
Rifampicin,rpoB,rpoB_p.Ala776Val,p.Ala776Val,missense_variant,3) Uncertain significance,A776V,0.6666666666666666
Rifampicin,rpoB,rpoB_p.Ala817Val,p.Ala817Val,missense_variant,3) Uncertain significance,A817V,1.0
Rifampicin,rpoB,rpoB_p.Ala868Val,p.Ala868Val,missense_variant,3) Uncertain significance,A868V,0.0
Rifampicin,rpoB,rpoB_p.Ala902Pro,p.Ala902Pro,missense_variant,3) Uncertain significance,A902P,0.0
Rifampicin,rpoB,rpoB_p.Ala934Thr,p.Ala934Thr,missense_variant,3) Uncertain significance,A934T,1.0
Rifampicin,rpoB,rpoB_p.Ala934Val,p.Ala934Val,missense_variant,3) Uncertain significance,A934V,0.0
Rifampicin,rpoB,rpoB_p.Ala942Thr,p.Ala942Thr,missense_variant,3) Uncertain significance,A942T,0.0
Rifampicin,rpoB,rpoB_p.Ala943Asp,p.Ala943Asp,missense_variant,3) Uncertain significance,A943D,0.0
Rifampicin,rpoB,rpoB_p.Ala943Thr,p.Ala943Thr,missense_variant,3) Uncertain significance,A943T,0.0
Rifampicin,rpoB,rpoB_p.Ala943Val,p.Ala943Val,missense_variant,3) Uncertain significance,A943V,1.0
Rifampicin,rpoB,rpoB_p.Ala950Val,p.Ala950Val,missense_variant,3) Uncertain significance,A950V,0.0
Rifampicin,rpoB,rpoB_p.Ala951Thr,p.Ala951Thr,missense_variant,3) Uncertain significance,A951T,1.0
Rifampicin,rpoB,rpoB_p.Ala960Glu,p.Ala960Glu,missense_variant,3) Uncertain significance,A960E,0.6666666666666666
Rifampicin,rpoB,rpoB_p.Ala964Thr,p.Ala964Thr,missense_variant,3) Uncertain significance,A964T,0.0
Rifampicin,rpoB,rpoB_p.Ala974Gly,p.Ala974Gly,missense_variant,3) Uncertain significance,A974G,0.0
Rifampicin,rpoB,rpoB_p.Ala974Thr,p.Ala974Thr,missense_variant,3) Uncertain significance,A974T,1.0
Rifampicin,rpoB,rpoB_p.Ala974Val,p.Ala974Val,missense_variant,3) Uncertain significance,A974V,1.0
Rifampicin,rpoB,rpoB_p.Ala977Ser,p.Ala977Ser,missense_variant,3) Uncertain significance,A977S,1.0
Rifampicin,rpoB,rpoB_p.Ala977Thr,p.Ala977Thr,missense_variant,3) Uncertain significance,A977T,0.0
Rifampicin,rpoB,rpoB_p.Ala998Gly,p.Ala998Gly,missense_variant,3) Uncertain significance,A998G,0.0
Rifampicin,rpoB,rpoB_p.Ala998Val,p.Ala998Val,missense_variant,3) Uncertain significance,A998V,0.0
Rifampicin,rpoB,rpoB_p.Arg1008Cys,p.Arg1008Cys,missense_variant,3) Uncertain significance,R1008C,1.0
Rifampicin,rpoB,rpoB_p.Arg167Cys,p.Arg167Cys,missense_variant,3) Uncertain significance,R167C,0.8
Rifampicin,rpoB,rpoB_p.Arg167His,p.Arg167His,missense_variant,3) Uncertain significance,R167H,1.0
Rifampicin,rpoB,rpoB_p.Arg219Cys,p.Arg219Cys,missense_variant,3) Uncertain significance,R219C,1.0
Rifampicin,rpoB,rpoB_p.Arg219His,p.Arg219His,missense_variant,3) Uncertain significance,R219H,1.0
Rifampicin,rpoB,rpoB_p.Arg219Leu,p.Arg219Leu,missense_variant,3) Uncertain significance,R219L,1.0
Rifampicin,rpoB,rpoB_p.Arg219Ser,p.Arg219Ser,missense_variant,3) Uncertain significance,R219S,1.0
Rifampicin,rpoB,rpoB_p.Arg224Cys,p.Arg224Cys,missense_variant,3) Uncertain significance,R224C,1.0
Rifampicin,rpoB,rpoB_p.Arg224Gly,p.Arg224Gly,missense_variant,3) Uncertain significance,R224G,1.0
Rifampicin,rpoB,rpoB_p.Arg224His,p.Arg224His,missense_variant,3) Uncertain significance,R224H,1.0
Rifampicin,rpoB,rpoB_p.Arg225Gln,p.Arg225Gln,missense_variant,3) Uncertain significance,R225Q,0.0
Rifampicin,rpoB,rpoB_p.Arg225Gly,p.Arg225Gly,missense_variant,3) Uncertain significance,R225G,1.0
Rifampicin,rpoB,rpoB_p.Arg253Met,p.Arg253Met,missense_variant,3) Uncertain significance,R253M,0.0
Rifampicin,rpoB,rpoB_p.Arg273Cys,p.Arg273Cys,missense_variant,3) Uncertain significance,R273C,1.0
Rifampicin,rpoB,rpoB_p.Arg304Cys,p.Arg304Cys,missense_variant,3) Uncertain significance,R304C,0.0
Rifampicin,rpoB,rpoB_p.Arg307His,p.Arg307His,missense_variant,3) Uncertain significance,R307H,0.0
Rifampicin,rpoB,rpoB_p.Arg341His,p.Arg341His,missense_variant,3) Uncertain significance,R341H,1.0
Rifampicin,rpoB,rpoB_p.Arg448Gln,p.Arg448Gln,missense_variant,2) Assoc w R - Interim,R448Q,1.0
Rifampicin,rpoB,rpoB_p.Arg448Leu,p.Arg448Leu,missense_variant,2) Assoc w R - Interim,R448L,1.0
Rifampicin,rpoB,rpoB_p.Arg448Lys,p.Arg448Lys,missense_variant,2) Assoc w R - Interim,R448K,1.0
Rifampicin,rpoB,rpoB_p.Arg459His,p.Arg459His,missense_variant,3) Uncertain significance,R459H,0.0
Rifampicin,rpoB,rpoB_p.Arg499Gln,p.Arg499Gln,missense_variant,3) Uncertain significance,R499Q,0.0
Rifampicin,rpoB,rpoB_p.Arg499Trp,p.Arg499Trp,missense_variant,3) Uncertain significance,R499W,0.0
Rifampicin,rpoB,rpoB_p.Arg547Ser,p.Arg547Ser,missense_variant,3) Uncertain significance,R547S,0.0
Rifampicin,rpoB,rpoB_p.Arg552Cys,p.Arg552Cys,missense_variant,3) Uncertain significance,R552C,1.0
Rifampicin,rpoB,rpoB_p.Arg552His,p.Arg552His,missense_variant,3) Uncertain significance,R552H,1.0
Rifampicin,rpoB,rpoB_p.Arg552Leu,p.Arg552Leu,missense_variant,3) Uncertain significance,R552L,1.0
Rifampicin,rpoB,rpoB_p.Arg578Cys,p.Arg578Cys,missense_variant,3) Uncertain significance,R578C,1.0
Rifampicin,rpoB,rpoB_p.Arg578Gly,p.Arg578Gly,missense_variant,3) Uncertain significance,R578G,1.0
Rifampicin,rpoB,rpoB_p.Arg578His,p.Arg578His,missense_variant,3) Uncertain significance,R578H,1.0
Rifampicin,rpoB,rpoB_p.Arg607Ser,p.Arg607Ser,missense_variant,3) Uncertain significance,R607S,1.0
Rifampicin,rpoB,rpoB_p.Arg661Gln,p.Arg661Gln,missense_variant,3) Uncertain significance,R661Q,0.0
Rifampicin,rpoB,rpoB_p.Arg665Trp,p.Arg665Trp,missense_variant,3) Uncertain significance,R665W,1.0
Rifampicin,rpoB,rpoB_p.Arg734His,p.Arg734His,missense_variant,3) Uncertain significance,R734H,0.0
Rifampicin,rpoB,rpoB_p.Arg791Cys,p.Arg791Cys,missense_variant,3) Uncertain significance,R791C,0.047619047619047616
Rifampicin,rpoB,rpoB_p.Arg824Cys,p.Arg824Cys,missense_variant,3) Uncertain significance,R824C,1.0
Rifampicin,rpoB,rpoB_p.Arg824His,p.Arg824His,missense_variant,3) Uncertain significance,R824H,1.0
Rifampicin,rpoB,rpoB_p.Arg824Leu,p.Arg824Leu,missense_variant,3) Uncertain significance,R824L,1.0
Rifampicin,rpoB,rpoB_p.Arg824Ser,p.Arg824Ser,missense_variant,3) Uncertain significance,R824S,1.0
Rifampicin,rpoB,rpoB_p.Arg827Cys,p.Arg827Cys,missense_variant,3) Uncertain significance,R827C,0.9897959183673469
Rifampicin,rpoB,rpoB_p.Arg827His,p.Arg827His,missense_variant,3) Uncertain significance,R827H,1.0
Rifampicin,rpoB,rpoB_p.Arg827Leu,p.Arg827Leu,missense_variant,3) Uncertain significance,R827L,1.0
Rifampicin,rpoB,rpoB_p.Arg827Ser,p.Arg827Ser,missense_variant,3) Uncertain significance,R827S,1.0
Rifampicin,rpoB,rpoB_p.Arg845Gln,p.Arg845Gln,missense_variant,3) Uncertain significance,R845Q,1.0
Rifampicin,rpoB,rpoB_p.Arg845Trp,p.Arg845Trp,missense_variant,3) Uncertain significance,R845W,1.0
Rifampicin,rpoB,rpoB_p.Arg849His,p.Arg849His,missense_variant,3) Uncertain significance,R849H,0.0
Rifampicin,rpoB,rpoB_p.Arg871His,p.Arg871His,missense_variant,3) Uncertain significance,R871H,1.0
Rifampicin,rpoB,rpoB_p.Arg871Leu,p.Arg871Leu,missense_variant,3) Uncertain significance,R871L,1.0
Rifampicin,rpoB,rpoB_p.Arg952Lys,p.Arg952Lys,missense_variant,3) Uncertain significance,R952K,0.5
Rifampicin,rpoB,rpoB_p.Arg990Leu,p.Arg990Leu,missense_variant,3) Uncertain significance,R990L,0.0
Rifampicin,rpoB,rpoB_p.Asn1105Ser,p.Asn1105Ser,missense_variant,3) Uncertain significance,N1105S,0.0
Rifampicin,rpoB,rpoB_p.Asn1155Ser,p.Asn1155Ser,missense_variant,3) Uncertain significance,N1155S,0.6666666666666666
Rifampicin,rpoB,rpoB_p.Asn135Asp,p.Asn135Asp,missense_variant,3) Uncertain significance,N135D,1.0
Rifampicin,rpoB,rpoB_p.Asn137Asp,p.Asn137Asp,missense_variant,3) Uncertain significance,N137D,0.0
Rifampicin,rpoB,rpoB_p.Asn163Asp,p.Asn163Asp,missense_variant,3) Uncertain significance,N163D,0.25
Rifampicin,rpoB,rpoB_p.Asn163Lys,p.Asn163Lys,missense_variant,3) Uncertain significance,N163K,0.6666666666666666
Rifampicin,rpoB,rpoB_p.Asn24Asp,p.Asn24Asp,missense_variant,3) Uncertain significance,N24D,0.0
Rifampicin,rpoB,rpoB_p.Asn24Lys,p.Asn24Lys,missense_variant,3) Uncertain significance,N24K,1.0
Rifampicin,rpoB,rpoB_p.Asn292Ser,p.Asn292Ser,missense_variant,3) Uncertain significance,N292S,0.0
Rifampicin,rpoB,rpoB_p.Asn369Asp,p.Asn369Asp,missense_variant,3) Uncertain significance,N369D,0.0
Rifampicin,rpoB,rpoB_p.Asn381His,p.Asn381His,missense_variant,5) Not assoc w R,N381H,0.0
Rifampicin,rpoB,rpoB_p.Asn437Asp,p.Asn437Asp,missense_variant,2) Assoc w R - Interim,N437D,0.7142857142857143
Rifampicin,rpoB,rpoB_p.Asn437His,p.Asn437His,missense_variant,2) Assoc w R - Interim,N437H,1.0
Rifampicin,rpoB,rpoB_p.Asn437Ile,p.Asn437Ile,missense_variant,2) Assoc w R - Interim,N437I,1.0
Rifampicin,rpoB,rpoB_p.Asn437Ser,p.Asn437Ser,missense_variant,2) Assoc w R - Interim,N437S,0.25
Rifampicin,rpoB,rpoB_p.Asn437Tyr,p.Asn437Tyr,missense_variant,2) Assoc w R - Interim,N437Y,0.0
Rifampicin,rpoB,rpoB_p.Asn438His,p.Asn438His,missense_variant,2) Assoc w R - Interim,N438H,1.0
Rifampicin,rpoB,rpoB_p.Asn487His,p.Asn487His,missense_variant,3) Uncertain significance,N487H,0.75
Rifampicin,rpoB,rpoB_p.Asn487Ser,p.Asn487Ser,missense_variant,3) Uncertain significance,N487S,1.0
Rifampicin,rpoB,rpoB_p.Asn501Lys,p.Asn501Lys,missense_variant,3) Uncertain significance,N501K,1.0
Rifampicin,rpoB,rpoB_p.Asn539Lys,p.Asn539Lys,missense_variant,3) Uncertain significance,N539K,1.0
Rifampicin,rpoB,rpoB_p.Asn673Ser,p.Asn673Ser,missense_variant,3) Uncertain significance,N673S,0.8333333333333334
Rifampicin,rpoB,rpoB_p.Asn673Thr,p.Asn673Thr,missense_variant,3) Uncertain significance,N673T,0.0
Rifampicin,rpoB,rpoB_p.Asn679Ser,p.Asn679Ser,missense_variant,3) Uncertain significance,N679S,1.0
Rifampicin,rpoB,rpoB_p.Asn724Ser,p.Asn724Ser,missense_variant,3) Uncertain significance,N724S,0.0
Rifampicin,rpoB,rpoB_p.Asn733Ser,p.Asn733Ser,missense_variant,3) Uncertain significance,N733S,1.0
Rifampicin,rpoB,rpoB_p.Asn75Thr,p.Asn75Thr,missense_variant,3) Uncertain significance,N75T,1.0
Rifampicin,rpoB,rpoB_p.Asn769Thr,p.Asn769Thr,missense_variant,3) Uncertain significance,N769T,1.0
Rifampicin,rpoB,rpoB_p.Asn963Asp,p.Asn963Asp,missense_variant,3) Uncertain significance,N963D,0.0
Rifampicin,rpoB,rpoB_p.Asn963Ser,p.Asn963Ser,missense_variant,3) Uncertain significance,N963S,0.0
Rifampicin,rpoB,rpoB_p.Asp1006Gly,p.Asp1006Gly,missense_variant,3) Uncertain significance,D1006G,0.0
Rifampicin,rpoB,rpoB_p.Asp103Glu,p.Asp103Glu,missense_variant,3) Uncertain significance,D103E,0.0
Rifampicin,rpoB,rpoB_p.Asp107Glu,p.Asp107Glu,missense_variant,3) Uncertain significance,D107E,0.0
Rifampicin,rpoB,rpoB_p.Asp108Glu,p.Asp108Glu,missense_variant,3) Uncertain significance,D108E,0.5
Rifampicin,rpoB,rpoB_p.Asp1146Gly,p.Asp1146Gly,missense_variant,3) Uncertain significance,D1146G,0.0
Rifampicin,rpoB,rpoB_p.Asp1148Glu,p.Asp1148Glu,missense_variant,3) Uncertain significance,D1148E,0.0
Rifampicin,rpoB,rpoB_p.Asp114Asn,p.Asp114Asn,missense_variant,3) Uncertain significance,D114N,0.0
Rifampicin,rpoB,rpoB_p.Asp114Gly,p.Asp114Gly,missense_variant,3) Uncertain significance,D114G,1.0
Rifampicin,rpoB,rpoB_p.Asp118Gly,p.Asp118Gly,missense_variant,3) Uncertain significance,D118G,1.0
Rifampicin,rpoB,rpoB_p.Asp120Ala,p.Asp120Ala,missense_variant,3) Uncertain significance,D120A,0.0
Rifampicin,rpoB,rpoB_p.Asp120Gly,p.Asp120Gly,missense_variant,3) Uncertain significance,D120G,0.0
Rifampicin,rpoB,rpoB_p.Asp186Ala,p.Asp186Ala,missense_variant,3) Uncertain significance,D186A,1.0
Rifampicin,rpoB,rpoB_p.Asp190Ala,p.Asp190Ala,missense_variant,3) Uncertain significance,D190A,1.0
Rifampicin,rpoB,rpoB_p.Asp190Glu,p.Asp190Glu,missense_variant,3) Uncertain significance,D190E,0.0
Rifampicin,rpoB,rpoB_p.Asp209Asn,p.Asp209Asn,missense_variant,3) Uncertain significance,D209N,0.0
Rifampicin,rpoB,rpoB_p.Asp211Asn,p.Asp211Asn,missense_variant,3) Uncertain significance,D211N,1.0
Rifampicin,rpoB,rpoB_p.Asp211Val,p.Asp211Val,missense_variant,3) Uncertain significance,D211V,0.0
Rifampicin,rpoB,rpoB_p.Asp265Ala,p.Asp265Ala,missense_variant,3) Uncertain significance,D265A,1.0
Rifampicin,rpoB,rpoB_p.Asp265Gly,p.Asp265Gly,missense_variant,3) Uncertain significance,D265G,0.8571428571428571
Rifampicin,rpoB,rpoB_p.Asp270Glu,p.Asp270Glu,missense_variant,3) Uncertain significance,D270E,0.3333333333333333
Rifampicin,rpoB,rpoB_p.Asp301Asn,p.Asp301Asn,missense_variant,3) Uncertain significance,D301N,1.0
Rifampicin,rpoB,rpoB_p.Asp362His,p.Asp362His,missense_variant,3) Uncertain significance,D362H,0.0
Rifampicin,rpoB,rpoB_p.Asp363Asn,p.Asp363Asn,missense_variant,3) Uncertain significance,D363N,1.0
Rifampicin,rpoB,rpoB_p.Asp3Gly,p.Asp3Gly,missense_variant,3) Uncertain significance,D3G,0.13333333333333333
Rifampicin,rpoB,rpoB_p.Asp435Ala,p.Asp435Ala,missense_variant,2) Assoc w R - Interim,D435A,0.6666666666666666
Rifampicin,rpoB,rpoB_p.Asp435Asn,p.Asp435Asn,missense_variant,2) Assoc w R - Interim,D435N,1.0
Rifampicin,rpoB,rpoB_p.Asp435Glu,p.Asp435Glu,missense_variant,2) Assoc w R - Interim,D435E,1.0
Rifampicin,rpoB,rpoB_p.Asp435Gly,p.Asp435Gly,missense_variant,2) Assoc w R - Interim,D435G,0.9487179487179487
Rifampicin,rpoB,rpoB_p.Asp435His,p.Asp435His,missense_variant,2) Assoc w R - Interim,D435H,1.0
Rifampicin,rpoB,rpoB_p.Asp435Leu,p.Asp435Leu,missense_variant,2) Assoc w R - Interim,D435L,1.0
Rifampicin,rpoB,rpoB_p.Asp435Phe,p.Asp435Phe,missense_variant,1) Assoc w R,D435F,0.9230769230769231
Rifampicin,rpoB,rpoB_p.Asp435Tyr,p.Asp435Tyr,missense_variant,1) Assoc w R,D435Y,0.7857142857142857
Rifampicin,rpoB,rpoB_p.Asp435Val,p.Asp435Val,missense_variant,1) Assoc w R,D435V,0.9854824935952178
Rifampicin,rpoB,rpoB_p.Asp49His,p.Asp49His,missense_variant,3) Uncertain significance,D49H,0.0
Rifampicin,rpoB,rpoB_p.Asp515Ala,p.Asp515Ala,missense_variant,3) Uncertain significance,D515A,1.0
Rifampicin,rpoB,rpoB_p.Asp515Tyr,p.Asp515Tyr,missense_variant,3) Uncertain significance,D515Y,0.0
Rifampicin,rpoB,rpoB_p.Asp520Ala,p.Asp520Ala,missense_variant,3) Uncertain significance,D520A,1.0
Rifampicin,rpoB,rpoB_p.Asp520Gly,p.Asp520Gly,missense_variant,3) Uncertain significance,D520G,1.0
Rifampicin,rpoB,rpoB_p.Asp520Val,p.Asp520Val,missense_variant,3) Uncertain significance,D520V,0.0
Rifampicin,rpoB,rpoB_p.Asp531Tyr,p.Asp531Tyr,missense_variant,3) Uncertain significance,D531Y,1.0
Rifampicin,rpoB,rpoB_p.Asp53Asn,p.Asp53Asn,missense_variant,3) Uncertain significance,D53N,0.0
Rifampicin,rpoB,rpoB_p.Asp543Gly,p.Asp543Gly,missense_variant,3) Uncertain significance,D543G,0.0
Rifampicin,rpoB,rpoB_p.Asp545Ala,p.Asp545Ala,missense_variant,3) Uncertain significance,D545A,0.0
Rifampicin,rpoB,rpoB_p.Asp545Glu,p.Asp545Glu,missense_variant,3) Uncertain significance,D545E,0.3333333333333333
Rifampicin,rpoB,rpoB_p.Asp571Ala,p.Asp571Ala,missense_variant,3) Uncertain significance,D571A,1.0
Rifampicin,rpoB,rpoB_p.Asp571Tyr,p.Asp571Tyr,missense_variant,3) Uncertain significance,D571Y,1.0
Rifampicin,rpoB,rpoB_p.Asp574Glu,p.Asp574Glu,missense_variant,3) Uncertain significance,D574E,1.0
Rifampicin,rpoB,rpoB_p.Asp594Ala,p.Asp594Ala,missense_variant,3) Uncertain significance,D594A,0.0
Rifampicin,rpoB,rpoB_p.Asp595Glu,p.Asp595Glu,missense_variant,3) Uncertain significance,D595E,1.0
Rifampicin,rpoB,rpoB_p.Asp631Gly,p.Asp631Gly,missense_variant,3) Uncertain significance,D631G,1.0
Rifampicin,rpoB,rpoB_p.Asp634Gly,p.Asp634Gly,missense_variant,3) Uncertain significance,D634G,0.9047619047619048
Rifampicin,rpoB,rpoB_p.Asp703Gly,p.Asp703Gly,missense_variant,3) Uncertain significance,D703G,0.0
Rifampicin,rpoB,rpoB_p.Asp752Asn,p.Asp752Asn,missense_variant,3) Uncertain significance,D752N,0.0
Rifampicin,rpoB,rpoB_p.Asp752Gly,p.Asp752Gly,missense_variant,3) Uncertain significance,D752G,1.0
Rifampicin,rpoB,rpoB_p.Asp766His,p.Asp766His,missense_variant,3) Uncertain significance,D766H,1.0
Rifampicin,rpoB,rpoB_p.Asp777Asn,p.Asp777Asn,missense_variant,3) Uncertain significance,D777N,1.0
Rifampicin,rpoB,rpoB_p.Asp777His,p.Asp777His,missense_variant,3) Uncertain significance,D777H,0.0
Rifampicin,rpoB,rpoB_p.Asp851Gly,p.Asp851Gly,missense_variant,3) Uncertain significance,D851G,0.0
Rifampicin,rpoB,rpoB_p.Asp851Pro,p.Asp851Pro,missense_variant,3) Uncertain significance,D851P,0.0
Rifampicin,rpoB,rpoB_p.Asp875Ala,p.Asp875Ala,missense_variant,3) Uncertain significance,D875A,0.0
Rifampicin,rpoB,rpoB_p.Asp903Asn,p.Asp903Asn,missense_variant,3) Uncertain significance,D903N,0.0
Rifampicin,rpoB,rpoB_p.Asp92Gly,p.Asp92Gly,missense_variant,3) Uncertain significance,D92G,0.9090909090909091
Rifampicin,rpoB,rpoB_p.Asp955Asn,p.Asp955Asn,missense_variant,3) Uncertain significance,D955N,0.0
Rifampicin,rpoB,rpoB_p.Asp993Glu,p.Asp993Glu,missense_variant,3) Uncertain significance,D993E,0.0
Rifampicin,rpoB,rpoB_p.Asp993Gly,p.Asp993Gly,missense_variant,3) Uncertain significance,D993G,0.0
Rifampicin,rpoB,rpoB_p.Asp997Asn,p.Asp997Asn,missense_variant,3) Uncertain significance,D997N,0.0
Rifampicin,rpoB,rpoB_p.Asp997Glu,p.Asp997Glu,missense_variant,3) Uncertain significance,D997E,0.0
Rifampicin,rpoB,rpoB_p.Cys1067Gly,p.Cys1067Gly,missense_variant,3) Uncertain significance,C1067G,0.0
Rifampicin,rpoB,rpoB_p.Cys1126Phe,p.Cys1126Phe,missense_variant,3) Uncertain significance,C1126F,0.0
Rifampicin,rpoB,rpoB_p.Cys116Phe,p.Cys116Phe,missense_variant,3) Uncertain significance,C116F,0.0
Rifampicin,rpoB,rpoB_p.Cys681Arg,p.Cys681Arg,missense_variant,3) Uncertain significance,C681R,1.0
Rifampicin,rpoB,rpoB_p.Cys681Gly,p.Cys681Gly,missense_variant,3) Uncertain significance,C681G,0.0
Rifampicin,rpoB,rpoB_p.Cys701Ser,p.Cys701Ser,missense_variant,3) Uncertain significance,C701S,0.0
Rifampicin,rpoB,rpoB_p.Cys701Trp,p.Cys701Trp,missense_variant,3) Uncertain significance,C701W,1.0
Rifampicin,rpoB,rpoB_p.Cys985Ser,p.Cys985Ser,missense_variant,3) Uncertain significance,C985S,0.0
Rifampicin,rpoB,rpoB_p.Gln1056Arg,p.Gln1056Arg,missense_variant,3) Uncertain significance,Q1056R,1.0
Rifampicin,rpoB,rpoB_p.Gln1056His,p.Gln1056His,missense_variant,3) Uncertain significance,Q1056H,1.0
Rifampicin,rpoB,rpoB_p.Gln1080Arg,p.Gln1080Arg,missense_variant,3) Uncertain significance,Q1080R,0.8
Rifampicin,rpoB,rpoB_p.Gln1123Arg,p.Gln1123Arg,missense_variant,3) Uncertain significance,Q1123R,1.0
Rifampicin,rpoB,rpoB_p.Gln172Arg,p.Gln172Arg,missense_variant,3) Uncertain significance,Q172R,1.0
Rifampicin,rpoB,rpoB_p.Gln172Lys,p.Gln172Lys,missense_variant,3) Uncertain significance,Q172K,1.0
Rifampicin,rpoB,rpoB_p.Gln19Arg,p.Gln19Arg,missense_variant,3) Uncertain significance,Q19R,0.9
Rifampicin,rpoB,rpoB_p.Gln226Arg,p.Gln226Arg,missense_variant,3) Uncertain significance,Q226R,1.0
Rifampicin,rpoB,rpoB_p.Gln226Glu,p.Gln226Glu,missense_variant,3) Uncertain significance,Q226E,1.0
Rifampicin,rpoB,rpoB_p.Gln226Lys,p.Gln226Lys,missense_variant,3) Uncertain significance,Q226K,1.0
Rifampicin,rpoB,rpoB_p.Gln382Arg,p.Gln382Arg,missense_variant,3) Uncertain significance,Q382R,1.0
Rifampicin,rpoB,rpoB_p.Gln401Arg,p.Gln401Arg,missense_variant,3) Uncertain significance,Q401R,1.0
Rifampicin,rpoB,rpoB_p.Gln401Glu,p.Gln401Glu,missense_variant,3) Uncertain significance,Q401E,1.0
Rifampicin,rpoB,rpoB_p.Gln409Arg,p.Gln409Arg,missense_variant,3) Uncertain significance,Q409R,1.0
Rifampicin,rpoB,rpoB_p.Gln429His,p.Gln429His,missense_variant,2) Assoc w R - Interim,Q429H,0.9285714285714286
Rifampicin,rpoB,rpoB_p.Gln429Leu,p.Gln429Leu,missense_variant,2) Assoc w R - Interim,Q429L,1.0
Rifampicin,rpoB,rpoB_p.Gln429Pro,p.Gln429Pro,missense_variant,2) Assoc w R - Interim,Q429P,1.0
Rifampicin,rpoB,rpoB_p.Gln432Asn,p.Gln432Asn,missense_variant,2) Assoc w R - Interim,Q432N,1.0
Rifampicin,rpoB,rpoB_p.Gln432Glu,p.Gln432Glu,missense_variant,2) Assoc w R - Interim,Q432E,1.0
Rifampicin,rpoB,rpoB_p.Gln432His,p.Gln432His,missense_variant,2) Assoc w R - Interim,Q432H,1.0
Rifampicin,rpoB,rpoB_p.Gln432Leu,p.Gln432Leu,missense_variant,1) Assoc w R,Q432L,0.9655172413793104
Rifampicin,rpoB,rpoB_p.Gln432Lys,p.Gln432Lys,missense_variant,1) Assoc w R,Q432K,1.0
Rifampicin,rpoB,rpoB_p.Gln432Pro,p.Gln432Pro,missense_variant,1) Assoc w R,Q432P,0.9857142857142858
Rifampicin,rpoB,rpoB_p.Gln436Arg,p.Gln436Arg,missense_variant,2) Assoc w R - Interim,Q436R,1.0
Rifampicin,rpoB,rpoB_p.Gln436Asn,p.Gln436Asn,missense_variant,2) Assoc w R - Interim,Q436N,0.0
Rifampicin,rpoB,rpoB_p.Gln436Pro,p.Gln436Pro,missense_variant,2) Assoc w R - Interim,Q436P,1.0
Rifampicin,rpoB,rpoB_p.Gln51Pro,p.Gln51Pro,missense_variant,3) Uncertain significance,Q51P,0.6666666666666666
Rifampicin,rpoB,rpoB_p.Gln537Lys,p.Gln537Lys,missense_variant,3) Uncertain significance,Q537K,1.0
Rifampicin,rpoB,rpoB_p.Gln975His,p.Gln975His,missense_variant,3) Uncertain significance,Q975H,0.8378378378378378
Rifampicin,rpoB,rpoB_p.Gln980Arg,p.Gln980Arg,missense_variant,3) Uncertain significance,Q980R,1.0
Rifampicin,rpoB,rpoB_p.Gln980Lys,p.Gln980Lys,missense_variant,3) Uncertain significance,Q980K,1.0
Rifampicin,rpoB,rpoB_p.Glu1011Ala,p.Glu1011Ala,missense_variant,3) Uncertain significance,E1011A,0.0
Rifampicin,rpoB,rpoB_p.Glu1121Asp,p.Glu1121Asp,missense_variant,3) Uncertain significance,E1121D,1.0
Rifampicin,rpoB,rpoB_p.Glu1130Val,p.Glu1130Val,missense_variant,3) Uncertain significance,E1130V,0.0
Rifampicin,rpoB,rpoB_p.Glu1140Asp,p.Glu1140Asp,missense_variant,3) Uncertain significance,E1140D,1.0
Rifampicin,rpoB,rpoB_p.Glu1140Gln,p.Glu1140Gln,missense_variant,3) Uncertain significance,E1140Q,1.0
Rifampicin,rpoB,rpoB_p.Glu1145Gly,p.Glu1145Gly,missense_variant,3) Uncertain significance,E1145G,0.0
Rifampicin,rpoB,rpoB_p.Glu1169Ala,p.Glu1169Ala,missense_variant,3) Uncertain significance,E1169A,0.0
Rifampicin,rpoB,rpoB_p.Glu132Asp,p.Glu132Asp,missense_variant,3) Uncertain significance,E132D,0.0
Rifampicin,rpoB,rpoB_p.Glu156Asp,p.Glu156Asp,missense_variant,3) Uncertain significance,E156D,0.25
Rifampicin,rpoB,rpoB_p.Glu156Gly,p.Glu156Gly,missense_variant,3) Uncertain significance,E156G,0.5
Rifampicin,rpoB,rpoB_p.Glu166Gly,p.Glu166Gly,missense_variant,3) Uncertain significance,E166G,1.0
Rifampicin,rpoB,rpoB_p.Glu166Lys,p.Glu166Lys,missense_variant,3) Uncertain significance,E166K,1.0
Rifampicin,rpoB,rpoB_p.Glu207Gly,p.Glu207Gly,missense_variant,3) Uncertain significance,E207G,0.0
Rifampicin,rpoB,rpoB_p.Glu207Lys,p.Glu207Lys,missense_variant,3) Uncertain significance,E207K,1.0
Rifampicin,rpoB,rpoB_p.Glu240Gly,p.Glu240Gly,missense_variant,3) Uncertain significance,E240G,0.0
Rifampicin,rpoB,rpoB_p.Glu250Gly,p.Glu250Gly,missense_variant,4) Not assoc w R - Interim,E250G,0.20618556701030927
Rifampicin,rpoB,rpoB_p.Glu284Gly,p.Glu284Gly,missense_variant,3) Uncertain significance,E284G,1.0
Rifampicin,rpoB,rpoB_p.Glu291Asp,p.Glu291Asp,missense_variant,3) Uncertain significance,E291D,0.0
Rifampicin,rpoB,rpoB_p.Glu291Lys,p.Glu291Lys,missense_variant,3) Uncertain significance,E291K,1.0
Rifampicin,rpoB,rpoB_p.Glu291Val,p.Glu291Val,missense_variant,3) Uncertain significance,E291V,1.0
Rifampicin,rpoB,rpoB_p.Glu320Asp,p.Glu320Asp,missense_variant,3) Uncertain significance,E320D,0.2857142857142857
Rifampicin,rpoB,rpoB_p.Glu330Asp,p.Glu330Asp,missense_variant,3) Uncertain significance,E330D,1.0
Rifampicin,rpoB,rpoB_p.Glu337Lys,p.Glu337Lys,missense_variant,3) Uncertain significance,E337K,0.0
Rifampicin,rpoB,rpoB_p.Glu344Gln,p.Glu344Gln,missense_variant,3) Uncertain significance,E344Q,0.0
Rifampicin,rpoB,rpoB_p.Glu360Asp,p.Glu360Asp,missense_variant,3) Uncertain significance,E360D,1.0
Rifampicin,rpoB,rpoB_p.Glu360Gln,p.Glu360Gln,missense_variant,3) Uncertain significance,E360Q,0.0
Rifampicin,rpoB,rpoB_p.Glu360Lys,p.Glu360Lys,missense_variant,3) Uncertain significance,E360K,1.0
Rifampicin,rpoB,rpoB_p.Glu377Val,p.Glu377Val,missense_variant,3) Uncertain significance,E377V,1.0
Rifampicin,rpoB,rpoB_p.Glu391Gly,p.Glu391Gly,missense_variant,3) Uncertain significance,E391G,1.0
Rifampicin,rpoB,rpoB_p.Glu423Ala,p.Glu423Ala,missense_variant,3) Uncertain significance,E423A,1.0
Rifampicin,rpoB,rpoB_p.Glu423Gly,p.Glu423Gly,missense_variant,3) Uncertain significance,E423G,1.0
Rifampicin,rpoB,rpoB_p.Glu460Asp,p.Glu460Asp,missense_variant,3) Uncertain significance,E460D,1.0
Rifampicin,rpoB,rpoB_p.Glu460Gly,p.Glu460Gly,missense_variant,3) Uncertain significance,E460G,0.7777777777777778
Rifampicin,rpoB,rpoB_p.Glu465Gln,p.Glu465Gln,missense_variant,3) Uncertain significance,E465Q,1.0
Rifampicin,rpoB,rpoB_p.Glu481Ala,p.Glu481Ala,missense_variant,3) Uncertain significance,E481A,0.875
Rifampicin,rpoB,rpoB_p.Glu507Lys,p.Glu507Lys,missense_variant,3) Uncertain significance,E507K,0.5
Rifampicin,rpoB,rpoB_p.Glu530Gln,p.Glu530Gln,missense_variant,3) Uncertain significance,E530Q,1.0
Rifampicin,rpoB,rpoB_p.Glu550Gly,p.Glu550Gly,missense_variant,3) Uncertain significance,E550G,1.0
Rifampicin,rpoB,rpoB_p.Glu550Lys,p.Glu550Lys,missense_variant,3) Uncertain significance,E550K,1.0
Rifampicin,rpoB,rpoB_p.Glu563Ala,p.Glu563Ala,missense_variant,3) Uncertain significance,E563A,1.0
Rifampicin,rpoB,rpoB_p.Glu563Asp,p.Glu563Asp,missense_variant,3) Uncertain significance,E563D,0.0
Rifampicin,rpoB,rpoB_p.Glu563Gly,p.Glu563Gly,missense_variant,3) Uncertain significance,E563G,1.0
Rifampicin,rpoB,rpoB_p.Glu563Lys,p.Glu563Lys,missense_variant,3) Uncertain significance,E563K,1.0
Rifampicin,rpoB,rpoB_p.Glu592Asp,p.Glu592Asp,missense_variant,3) Uncertain significance,E592D,1.0
Rifampicin,rpoB,rpoB_p.Glu625Asp,p.Glu625Asp,missense_variant,3) Uncertain significance,E625D,0.0
Rifampicin,rpoB,rpoB_p.Glu639Asp,p.Glu639Asp,missense_variant,5) Not assoc w R,E639D,0.07352941176470588
Rifampicin,rpoB,rpoB_p.Glu639Gln,p.Glu639Gln,missense_variant,3) Uncertain significance,E639Q,0.0
Rifampicin,rpoB,rpoB_p.Glu639Gly,p.Glu639Gly,missense_variant,3) Uncertain significance,E639G,0.0
Rifampicin,rpoB,rpoB_p.Glu639Lys,p.Glu639Lys,missense_variant,3) Uncertain significance,E639K,0.0
Rifampicin,rpoB,rpoB_p.Glu645Gly,p.Glu645Gly,missense_variant,3) Uncertain significance,E645G,0.0
Rifampicin,rpoB,rpoB_p.Glu646Gly,p.Glu646Gly,missense_variant,3) Uncertain significance,E646G,0.0
Rifampicin,rpoB,rpoB_p.Glu70Val,p.Glu70Val,missense_variant,3) Uncertain significance,E70V,0.0
Rifampicin,rpoB,rpoB_p.Glu721Asp,p.Glu721Asp,missense_variant,3) Uncertain significance,E721D,0.0
Rifampicin,rpoB,rpoB_p.Glu721Gly,p.Glu721Gly,missense_variant,3) Uncertain significance,E721G,0.0
Rifampicin,rpoB,rpoB_p.Glu721Lys,p.Glu721Lys,missense_variant,3) Uncertain significance,E721K,0.0
Rifampicin,rpoB,rpoB_p.Glu737Gly,p.Glu737Gly,missense_variant,3) Uncertain significance,E737G,0.0
Rifampicin,rpoB,rpoB_p.Glu738Ala,p.Glu738Ala,missense_variant,3) Uncertain significance,E738A,0.0
Rifampicin,rpoB,rpoB_p.Glu750Gln,p.Glu750Gln,missense_variant,3) Uncertain significance,E750Q,1.0
Rifampicin,rpoB,rpoB_p.Glu750Gly,p.Glu750Gly,missense_variant,3) Uncertain significance,E750G,1.0
Rifampicin,rpoB,rpoB_p.Glu750Lys,p.Glu750Lys,missense_variant,3) Uncertain significance,E750K,1.0
Rifampicin,rpoB,rpoB_p.Glu761Ala,p.Glu761Ala,missense_variant,3) Uncertain significance,E761A,1.0
Rifampicin,rpoB,rpoB_p.Glu761Asp,p.Glu761Asp,missense_variant,3) Uncertain significance,E761D,1.0
Rifampicin,rpoB,rpoB_p.Glu761Gly,p.Glu761Gly,missense_variant,3) Uncertain significance,E761G,1.0
Rifampicin,rpoB,rpoB_p.Glu789Lys,p.Glu789Lys,missense_variant,3) Uncertain significance,E789K,0.0
Rifampicin,rpoB,rpoB_p.Glu805Ala,p.Glu805Ala,missense_variant,3) Uncertain significance,E805A,0.0
Rifampicin,rpoB,rpoB_p.Glu807Ala,p.Glu807Ala,missense_variant,3) Uncertain significance,E807A,1.0
Rifampicin,rpoB,rpoB_p.Glu807Gly,p.Glu807Gly,missense_variant,3) Uncertain significance,E807G,1.0
Rifampicin,rpoB,rpoB_p.Glu812Gly,p.Glu812Gly,missense_variant,3) Uncertain significance,E812G,1.0
Rifampicin,rpoB,rpoB_p.Glu821Val,p.Glu821Val,missense_variant,3) Uncertain significance,E821V,1.0
Rifampicin,rpoB,rpoB_p.Glu825Gly,p.Glu825Gly,missense_variant,3) Uncertain significance,E825G,0.0
Rifampicin,rpoB,rpoB_p.Glu82Lys,p.Glu82Lys,missense_variant,3) Uncertain significance,E82K,0.0
Rifampicin,rpoB,rpoB_p.Glu86Val,p.Glu86Val,missense_variant,3) Uncertain significance,E86V,1.0
Rifampicin,rpoB,rpoB_p.Glu896Lys,p.Glu896Lys,missense_variant,3) Uncertain significance,E896K,1.0
Rifampicin,rpoB,rpoB_p.Glu91Gly,p.Glu91Gly,missense_variant,3) Uncertain significance,E91G,0.0
Rifampicin,rpoB,rpoB_p.Glu959Lys,p.Glu959Lys,missense_variant,3) Uncertain significance,E959K,0.5
Rifampicin,rpoB,rpoB_p.Glu976Lys,p.Glu976Lys,missense_variant,3) Uncertain significance,E976K,1.0
Rifampicin,rpoB,rpoB_p.Gly158Ser,p.Gly158Ser,missense_variant,3) Uncertain significance,G158S,1.0
Rifampicin,rpoB,rpoB_p.Gly178Arg,p.Gly178Arg,missense_variant,3) Uncertain significance,G178R,1.0
Rifampicin,rpoB,rpoB_p.Gly203Arg,p.Gly203Arg,missense_variant,3) Uncertain significance,G203R,1.0
Rifampicin,rpoB,rpoB_p.Gly217Ser,p.Gly217Ser,missense_variant,3) Uncertain significance,G217S,0.5
Rifampicin,rpoB,rpoB_p.Gly236Asp,p.Gly236Asp,missense_variant,3) Uncertain significance,G236D,0.0
Rifampicin,rpoB,rpoB_p.Gly28Arg,p.Gly28Arg,missense_variant,3) Uncertain significance,G28R,0.0
Rifampicin,rpoB,rpoB_p.Gly345Ser,p.Gly345Ser,missense_variant,3) Uncertain significance,G345S,0.0
Rifampicin,rpoB,rpoB_p.Gly354Ser,p.Gly354Ser,missense_variant,3) Uncertain significance,G354S,0.0
Rifampicin,rpoB,rpoB_p.Gly376Cys,p.Gly376Cys,missense_variant,3) Uncertain significance,G376C,1.0
Rifampicin,rpoB,rpoB_p.Gly376Val,p.Gly376Val,missense_variant,3) Uncertain significance,G376V,1.0
Rifampicin,rpoB,rpoB_p.Gly426Ser,p.Gly426Ser,missense_variant,2) Assoc w R - Interim,G426S,0.0
Rifampicin,rpoB,rpoB_p.Gly442Glu,p.Gly442Glu,missense_variant,2) Assoc w R - Interim,G442E,1.0
Rifampicin,rpoB,rpoB_p.Gly453Ala,p.Gly453Ala,missense_variant,3) Uncertain significance,G453A,0.75
Rifampicin,rpoB,rpoB_p.Gly453Arg,p.Gly453Arg,missense_variant,3) Uncertain significance,G453R,1.0
Rifampicin,rpoB,rpoB_p.Gly455Arg,p.Gly455Arg,missense_variant,3) Uncertain significance,G455R,1.0
Rifampicin,rpoB,rpoB_p.Gly456Ser,p.Gly456Ser,missense_variant,3) Uncertain significance,G456S,1.0
Rifampicin,rpoB,rpoB_p.Gly46Arg,p.Gly46Arg,missense_variant,3) Uncertain significance,G46R,1.0
Rifampicin,rpoB,rpoB_p.Gly46Val,p.Gly46Val,missense_variant,3) Uncertain significance,G46V,1.0
Rifampicin,rpoB,rpoB_p.Gly492Ser,p.Gly492Ser,missense_variant,3) Uncertain significance,G492S,0.0
Rifampicin,rpoB,rpoB_p.Gly516Arg,p.Gly516Arg,missense_variant,3) Uncertain significance,G516R,0.0
Rifampicin,rpoB,rpoB_p.Gly516Asp,p.Gly516Asp,missense_variant,3) Uncertain significance,G516D,0.0
Rifampicin,rpoB,rpoB_p.Gly560Ala,p.Gly560Ala,missense_variant,3) Uncertain significance,G560A,0.0
Rifampicin,rpoB,rpoB_p.Gly560Asp,p.Gly560Asp,missense_variant,3) Uncertain significance,G560D,0.0
Rifampicin,rpoB,rpoB_p.Gly602Ala,p.Gly602Ala,missense_variant,3) Uncertain significance,G602A,1.0
Rifampicin,rpoB,rpoB_p.Gly633Asp,p.Gly633Asp,missense_variant,3) Uncertain significance,G633D,1.0
Rifampicin,rpoB,rpoB_p.Gly642Ser,p.Gly642Ser,missense_variant,3) Uncertain significance,G642S,0.0
Rifampicin,rpoB,rpoB_p.Gly659Asp,p.Gly659Asp,missense_variant,3) Uncertain significance,G659D,0.0
Rifampicin,rpoB,rpoB_p.Gly675Asp,p.Gly675Asp,missense_variant,3) Uncertain significance,G675D,0.5714285714285714
Rifampicin,rpoB,rpoB_p.Gly693Val,p.Gly693Val,missense_variant,3) Uncertain significance,G693V,0.0
Rifampicin,rpoB,rpoB_p.Gly699Ser,p.Gly699Ser,missense_variant,3) Uncertain significance,G699S,1.0
Rifampicin,rpoB,rpoB_p.Gly787Ser,p.Gly787Ser,missense_variant,3) Uncertain significance,G787S,1.0
Rifampicin,rpoB,rpoB_p.Gly798Ser,p.Gly798Ser,missense_variant,3) Uncertain significance,G798S,1.0
Rifampicin,rpoB,rpoB_p.Gly79Asp,p.Gly79Asp,missense_variant,3) Uncertain significance,G79D,1.0
Rifampicin,rpoB,rpoB_p.Gly79Ser,p.Gly79Ser,missense_variant,3) Uncertain significance,G79S,1.0
Rifampicin,rpoB,rpoB_p.Gly836Cys,p.Gly836Cys,missense_variant,3) Uncertain significance,G836C,1.0
Rifampicin,rpoB,rpoB_p.Gly836Ser,p.Gly836Ser,missense_variant,3) Uncertain significance,G836S,1.0
Rifampicin,rpoB,rpoB_p.Gly890Asp,p.Gly890Asp,missense_variant,3) Uncertain significance,G890D,0.0
Rifampicin,rpoB,rpoB_p.Gly890Cys,p.Gly890Cys,missense_variant,3) Uncertain significance,G890C,1.0
Rifampicin,rpoB,rpoB_p.Gly915Ser,p.Gly915Ser,missense_variant,3) Uncertain significance,G915S,1.0
Rifampicin,rpoB,rpoB_p.Gly945Arg,p.Gly945Arg,missense_variant,3) Uncertain significance,G945R,0.0
Rifampicin,rpoB,rpoB_p.Gly945Glu,p.Gly945Glu,missense_variant,3) Uncertain significance,G945E,0.1111111111111111
Rifampicin,rpoB,rpoB_p.Gly95Arg,p.Gly95Arg,missense_variant,3) Uncertain significance,G95R,0.0
Rifampicin,rpoB,rpoB_p.Gly973Asp,p.Gly973Asp,missense_variant,3) Uncertain significance,G973D,1.0
Rifampicin,rpoB,rpoB_p.Gly981Asp,p.Gly981Asp,missense_variant,3) Uncertain significance,G981D,1.0
Rifampicin,rpoB,rpoB_p.Gly992Arg,p.Gly992Arg,missense_variant,3) Uncertain significance,G992R,1.0
Rifampicin,rpoB,rpoB_p.His1028Arg,p.His1028Arg,missense_variant,3) Uncertain significance,H1028R,0.6666666666666666
Rifampicin,rpoB,rpoB_p.His1028Asp,p.His1028Asp,missense_variant,3) Uncertain significance,H1028D,1.0
Rifampicin,rpoB,rpoB_p.His1028Tyr,p.His1028Tyr,missense_variant,3) Uncertain significance,H1028Y,1.0
Rifampicin,rpoB,rpoB_p.His194Arg,p.His194Arg,missense_variant,3) Uncertain significance,H194R,1.0
Rifampicin,rpoB,rpoB_p.His194Tyr,p.His194Tyr,missense_variant,3) Uncertain significance,H194Y,0.1
Rifampicin,rpoB,rpoB_p.His317Tyr,p.His317Tyr,missense_variant,3) Uncertain significance,H317Y,0.0
Rifampicin,rpoB,rpoB_p.His343Arg,p.His343Arg,missense_variant,3) Uncertain significance,H343R,0.0
Rifampicin,rpoB,rpoB_p.His343Gln,p.His343Gln,missense_variant,3) Uncertain significance,H343Q,0.07407407407407407
Rifampicin,rpoB,rpoB_p.His445Arg,p.His445Arg,missense_variant,1) Assoc w R,H445R,0.9784172661870504
Rifampicin,rpoB,rpoB_p.His445Asn,p.His445Asn,missense_variant,1) Assoc w R,H445N,0.6028708133971292
Rifampicin,rpoB,rpoB_p.His445Asp,p.His445Asp,missense_variant,1) Assoc w R,H445D,0.9838187702265372
Rifampicin,rpoB,rpoB_p.His445Cys,p.His445Cys,missense_variant,1) Assoc w R,H445C,0.8974358974358975
Rifampicin,rpoB,rpoB_p.His445Gln,p.His445Gln,missense_variant,2) Assoc w R - Interim,H445Q,0.9130434782608695
Rifampicin,rpoB,rpoB_p.His445Gly,p.His445Gly,missense_variant,2) Assoc w R - Interim,H445G,0.7857142857142857
Rifampicin,rpoB,rpoB_p.His445Leu,p.His445Leu,missense_variant,1) Assoc w R,H445L,0.9156118143459916
Rifampicin,rpoB,rpoB_p.His445Phe,p.His445Phe,missense_variant,2) Assoc w R - Interim,H445F,1.0
Rifampicin,rpoB,rpoB_p.His445Pro,p.His445Pro,missense_variant,2) Assoc w R - Interim,H445P,1.0
Rifampicin,rpoB,rpoB_p.His445Ser,p.His445Ser,missense_variant,1) Assoc w R,H445S,0.7307692307692307
Rifampicin,rpoB,rpoB_p.His445Thr,p.His445Thr,missense_variant,2) Assoc w R - Interim,H445T,1.0
Rifampicin,rpoB,rpoB_p.His445Tyr,p.His445Tyr,missense_variant,1) Assoc w R,H445Y,0.9817880794701986
Rifampicin,rpoB,rpoB_p.His533Arg,p.His533Arg,missense_variant,3) Uncertain significance,H533R,0.0
Rifampicin,rpoB,rpoB_p.His533Asn,p.His533Asn,missense_variant,3) Uncertain significance,H533N,1.0
Rifampicin,rpoB,rpoB_p.His593Tyr,p.His593Tyr,missense_variant,3) Uncertain significance,H593Y,1.0
Rifampicin,rpoB,rpoB_p.His656Gln,p.His656Gln,missense_variant,3) Uncertain significance,H656Q,0.3333333333333333
Rifampicin,rpoB,rpoB_p.His674Arg,p.His674Arg,missense_variant,3) Uncertain significance,H674R,0.6666666666666666
Rifampicin,rpoB,rpoB_p.His674Asn,p.His674Asn,missense_variant,3) Uncertain significance,H674N,1.0
Rifampicin,rpoB,rpoB_p.His674Asp,p.His674Asp,missense_variant,3) Uncertain significance,H674D,1.0
Rifampicin,rpoB,rpoB_p.His674Gln,p.His674Gln,missense_variant,3) Uncertain significance,H674Q,1.0
Rifampicin,rpoB,rpoB_p.His674Tyr,p.His674Tyr,missense_variant,3) Uncertain significance,H674Y,1.0
Rifampicin,rpoB,rpoB_p.His723Asp,p.His723Asp,missense_variant,3) Uncertain significance,H723D,1.0
Rifampicin,rpoB,rpoB_p.His749Tyr,p.His749Tyr,missense_variant,3) Uncertain significance,H749Y,0.2
Rifampicin,rpoB,rpoB_p.His835Arg,p.His835Arg,missense_variant,3) Uncertain significance,H835R,1.0
Rifampicin,rpoB,rpoB_p.His835Asp,p.His835Asp,missense_variant,3) Uncertain significance,H835D,1.0
Rifampicin,rpoB,rpoB_p.His835Pro,p.His835Pro,missense_variant,3) Uncertain significance,H835P,1.0
Rifampicin,rpoB,rpoB_p.His935Arg,p.His935Arg,missense_variant,3) Uncertain significance,H935R,0.0
Rifampicin,rpoB,rpoB_p.Ile1035Thr,p.Ile1035Thr,missense_variant,3) Uncertain significance,I1035T,1.0
Rifampicin,rpoB,rpoB_p.Ile1035Val,p.Ile1035Val,missense_variant,3) Uncertain significance,I1035V,1.0
Rifampicin,rpoB,rpoB_p.Ile1046Val,p.Ile1046Val,missense_variant,3) Uncertain significance,I1046V,1.0
Rifampicin,rpoB,rpoB_p.Ile1106Thr,p.Ile1106Thr,missense_variant,3) Uncertain significance,I1106T,1.0
Rifampicin,rpoB,rpoB_p.Ile162Val,p.Ile162Val,missense_variant,3) Uncertain significance,I162V,0.0
Rifampicin,rpoB,rpoB_p.Ile199Thr,p.Ile199Thr,missense_variant,3) Uncertain significance,I199T,1.0
Rifampicin,rpoB,rpoB_p.Ile336Thr,p.Ile336Thr,missense_variant,3) Uncertain significance,I336T,1.0
Rifampicin,rpoB,rpoB_p.Ile412Leu,p.Ile412Leu,missense_variant,3) Uncertain significance,I412L,0.0
Rifampicin,rpoB,rpoB_p.Ile480Thr,p.Ile480Thr,missense_variant,3) Uncertain significance,I480T,1.0
Rifampicin,rpoB,rpoB_p.Ile480Val,p.Ile480Val,missense_variant,3) Uncertain significance,I480V,0.9722222222222222
Rifampicin,rpoB,rpoB_p.Ile488Leu,p.Ile488Leu,missense_variant,3) Uncertain significance,I488L,1.0
Rifampicin,rpoB,rpoB_p.Ile488Met,p.Ile488Met,missense_variant,3) Uncertain significance,I488M,1.0
Rifampicin,rpoB,rpoB_p.Ile488Val,p.Ile488Val,missense_variant,3) Uncertain significance,I488V,1.0
Rifampicin,rpoB,rpoB_p.Ile491Leu,p.Ile491Leu,missense_variant,3) Uncertain significance,I491L,1.0
Rifampicin,rpoB,rpoB_p.Ile491Met,p.Ile491Met,missense_variant,3) Uncertain significance,I491M,0.9
Rifampicin,rpoB,rpoB_p.Ile491Phe,p.Ile491Phe,missense_variant,1) Assoc w R,I491F,0.5686274509803921
Rifampicin,rpoB,rpoB_p.Ile491Ser,p.Ile491Ser,missense_variant,3) Uncertain significance,I491S,0.6
Rifampicin,rpoB,rpoB_p.Ile491Thr,p.Ile491Thr,missense_variant,3) Uncertain significance,I491T,1.0
Rifampicin,rpoB,rpoB_p.Ile491Tyr,p.Ile491Tyr,missense_variant,3) Uncertain significance,I491Y,1.0
Rifampicin,rpoB,rpoB_p.Ile491Val,p.Ile491Val,missense_variant,3) Uncertain significance,I491V,1.0
Rifampicin,rpoB,rpoB_p.Ile506Val,p.Ile506Val,missense_variant,3) Uncertain significance,I506V,0.0
Rifampicin,rpoB,rpoB_p.Ile542Lys,p.Ile542Lys,missense_variant,3) Uncertain significance,I542K,1.0
Rifampicin,rpoB,rpoB_p.Ile588Val,p.Ile588Val,missense_variant,3) Uncertain significance,I588V,0.8888888888888888
Rifampicin,rpoB,rpoB_p.Ile644Val,p.Ile644Val,missense_variant,3) Uncertain significance,I644V,0.0
Rifampicin,rpoB,rpoB_p.Ile717Val,p.Ile717Val,missense_variant,3) Uncertain significance,I717V,1.0
Rifampicin,rpoB,rpoB_p.Ile751Val,p.Ile751Val,missense_variant,3) Uncertain significance,I751V,0.0
Rifampicin,rpoB,rpoB_p.Ile770Val,p.Ile770Val,missense_variant,3) Uncertain significance,I770V,0.5
Rifampicin,rpoB,rpoB_p.Ile783Val,p.Ile783Val,missense_variant,3) Uncertain significance,I783V,0.0
Rifampicin,rpoB,rpoB_p.Ile873Phe,p.Ile873Phe,missense_variant,3) Uncertain significance,I873F,1.0
Rifampicin,rpoB,rpoB_p.Ile892Thr,p.Ile892Thr,missense_variant,3) Uncertain significance,I892T,0.0
Rifampicin,rpoB,rpoB_p.Ile909Val,p.Ile909Val,missense_variant,3) Uncertain significance,I909V,1.0
Rifampicin,rpoB,rpoB_p.Ile90Leu,p.Ile90Leu,missense_variant,3) Uncertain significance,I90L,1.0
Rifampicin,rpoB,rpoB_p.Ile90Ser,p.Ile90Ser,missense_variant,3) Uncertain significance,I90S,1.0
Rifampicin,rpoB,rpoB_p.Ile910Val,p.Ile910Val,missense_variant,3) Uncertain significance,I910V,0.0
Rifampicin,rpoB,rpoB_p.Ile925Val,p.Ile925Val,missense_variant,5) Not assoc w R,I925V,0.0975609756097561
Rifampicin,rpoB,rpoB_p.Ile965Val,p.Ile965Val,missense_variant,3) Uncertain significance,I965V,0.0
Rifampicin,rpoB,rpoB_p.Leu1004Ile,p.Leu1004Ile,missense_variant,3) Uncertain significance,L1004I,0.0
Rifampicin,rpoB,rpoB_p.Leu173Pro,p.Leu173Pro,missense_variant,3) Uncertain significance,L173P,1.0
Rifampicin,rpoB,rpoB_p.Leu232Val,p.Leu232Val,missense_variant,3) Uncertain significance,L232V,0.0
Rifampicin,rpoB,rpoB_p.Leu235Arg,p.Leu235Arg,missense_variant,3) Uncertain significance,L235R,0.0
Rifampicin,rpoB,rpoB_p.Leu290Phe,p.Leu290Phe,missense_variant,3) Uncertain significance,L290F,0.0
Rifampicin,rpoB,rpoB_p.Leu293Ser,p.Leu293Ser,missense_variant,3) Uncertain significance,L293S,1.0
Rifampicin,rpoB,rpoB_p.Leu314Val,p.Leu314Val,missense_variant,3) Uncertain significance,L314V,0.0
Rifampicin,rpoB,rpoB_p.Leu316Val,p.Leu316Val,missense_variant,3) Uncertain significance,L316V,0.0
Rifampicin,rpoB,rpoB_p.Leu378Arg,p.Leu378Arg,missense_variant,3) Uncertain significance,L378R,0.9333333333333333
Rifampicin,rpoB,rpoB_p.Leu42Val,p.Leu42Val,missense_variant,3) Uncertain significance,L42V,1.0
Rifampicin,rpoB,rpoB_p.Leu430Arg,p.Leu430Arg,missense_variant,2) Assoc w R - Interim,L430R,0.9142857142857143
Rifampicin,rpoB,rpoB_p.Leu430Pro,p.Leu430Pro,missense_variant,1) Assoc w R,L430P,0.5375
Rifampicin,rpoB,rpoB_p.Leu443Phe,p.Leu443Phe,missense_variant,2) Assoc w R - Interim,L443F,0.5
Rifampicin,rpoB,rpoB_p.Leu443Ser,p.Leu443Ser,missense_variant,2) Assoc w R - Interim,L443S,1.0
Rifampicin,rpoB,rpoB_p.Leu443Trp,p.Leu443Trp,missense_variant,2) Assoc w R - Interim,L443W,1.0
Rifampicin,rpoB,rpoB_p.Leu449Met,p.Leu449Met,missense_variant,2) Assoc w R - Interim,L449M,1.0
Rifampicin,rpoB,rpoB_p.Leu452Met,p.Leu452Met,missense_variant,2) Assoc w R - Interim,L452M,0.0
Rifampicin,rpoB,rpoB_p.Leu452Pro,p.Leu452Pro,missense_variant,1) Assoc w R,L452P,0.7336814621409922
Rifampicin,rpoB,rpoB_p.Leu452Val,p.Leu452Val,missense_variant,2) Assoc w R - Interim,L452V,1.0
Rifampicin,rpoB,rpoB_p.Leu457Met,p.Leu457Met,missense_variant,3) Uncertain significance,L457M,0.0
Rifampicin,rpoB,rpoB_p.Leu48Phe,p.Leu48Phe,missense_variant,3) Uncertain significance,L48F,0.0
Rifampicin,rpoB,rpoB_p.Leu490Val,p.Leu490Val,missense_variant,3) Uncertain significance,L490V,1.0
Rifampicin,rpoB,rpoB_p.Leu494Pro,p.Leu494Pro,missense_variant,3) Uncertain significance,L494P,1.0
Rifampicin,rpoB,rpoB_p.Leu525Pro,p.Leu525Pro,missense_variant,3) Uncertain significance,L525P,1.0
Rifampicin,rpoB,rpoB_p.Leu554Pro,p.Leu554Pro,missense_variant,3) Uncertain significance,L554P,1.0
Rifampicin,rpoB,rpoB_p.Leu554Val,p.Leu554Val,missense_variant,3) Uncertain significance,L554V,1.0
Rifampicin,rpoB,rpoB_p.Leu731Pro,p.Leu731Pro,missense_variant,3) Uncertain significance,L731P,1.0
Rifampicin,rpoB,rpoB_p.Leu775Pro,p.Leu775Pro,missense_variant,3) Uncertain significance,L775P,1.0
Rifampicin,rpoB,rpoB_p.Leu778Met,p.Leu778Met,missense_variant,3) Uncertain significance,L778M,0.0
Rifampicin,rpoB,rpoB_p.Leu778Val,p.Leu778Val,missense_variant,3) Uncertain significance,L778V,1.0
Rifampicin,rpoB,rpoB_p.Leu80Val,p.Leu80Val,missense_variant,3) Uncertain significance,L80V,0.0
Rifampicin,rpoB,rpoB_p.Leu831Arg,p.Leu831Arg,missense_variant,3) Uncertain significance,L831R,1.0
Rifampicin,rpoB,rpoB_p.Leu855Ser,p.Leu855Ser,missense_variant,3) Uncertain significance,L855S,1.0
Rifampicin,rpoB,rpoB_p.Leu862Arg,p.Leu862Arg,missense_variant,3) Uncertain significance,L862R,1.0
Rifampicin,rpoB,rpoB_p.Leu893Arg,p.Leu893Arg,missense_variant,3) Uncertain significance,L893R,0.0
Rifampicin,rpoB,rpoB_p.Leu893Val,p.Leu893Val,missense_variant,3) Uncertain significance,L893V,0.0
Rifampicin,rpoB,rpoB_p.Leu957Val,p.Leu957Val,missense_variant,3) Uncertain significance,L957V,1.0
Rifampicin,rpoB,rpoB_p.Leu995Met,p.Leu995Met,missense_variant,3) Uncertain significance,L995M,0.0
Rifampicin,rpoB,rpoB_p.Lys1054Arg,p.Lys1054Arg,missense_variant,3) Uncertain significance,K1054R,1.0
Rifampicin,rpoB,rpoB_p.Lys1095Arg,p.Lys1095Arg,missense_variant,3) Uncertain significance,K1095R,1.0
Rifampicin,rpoB,rpoB_p.Lys1102Arg,p.Lys1102Arg,missense_variant,3) Uncertain significance,K1102R,0.0
Rifampicin,rpoB,rpoB_p.Lys1102Thr,p.Lys1102Thr,missense_variant,3) Uncertain significance,K1102T,1.0
Rifampicin,rpoB,rpoB_p.Lys157Met,p.Lys157Met,missense_variant,3) Uncertain significance,K157M,1.0
Rifampicin,rpoB,rpoB_p.Lys233Met,p.Lys233Met,missense_variant,3) Uncertain significance,K233M,0.0
Rifampicin,rpoB,rpoB_p.Lys274Asn,p.Lys274Asn,missense_variant,3) Uncertain significance,K274N,1.0
Rifampicin,rpoB,rpoB_p.Lys274Glu,p.Lys274Glu,missense_variant,3) Uncertain significance,K274E,1.0
Rifampicin,rpoB,rpoB_p.Lys298Arg,p.Lys298Arg,missense_variant,3) Uncertain significance,K298R,0.0
Rifampicin,rpoB,rpoB_p.Lys309Glu,p.Lys309Glu,missense_variant,3) Uncertain significance,K309E,0.0
Rifampicin,rpoB,rpoB_p.Lys37Arg,p.Lys37Arg,missense_variant,3) Uncertain significance,K37R,0.8571428571428571
Rifampicin,rpoB,rpoB_p.Lys446Arg,p.Lys446Arg,missense_variant,2) Assoc w R - Interim,K446R,0.6666666666666666
Rifampicin,rpoB,rpoB_p.Lys446Gln,p.Lys446Gln,missense_variant,2) Assoc w R - Interim,K446Q,0.8333333333333334
Rifampicin,rpoB,rpoB_p.Lys446Glu,p.Lys446Glu,missense_variant,2) Assoc w R - Interim,K446E,0.6666666666666666
Rifampicin,rpoB,rpoB_p.Lys446Thr,p.Lys446Thr,missense_variant,2) Assoc w R - Interim,K446T,1.0
Rifampicin,rpoB,rpoB_p.Lys711Arg,p.Lys711Arg,missense_variant,3) Uncertain significance,K711R,0.0
Rifampicin,rpoB,rpoB_p.Lys799Gln,p.Lys799Gln,missense_variant,3) Uncertain significance,K799Q,1.0
Rifampicin,rpoB,rpoB_p.Lys803Thr,p.Lys803Thr,missense_variant,3) Uncertain significance,K803T,1.0
Rifampicin,rpoB,rpoB_p.Lys822Thr,p.Lys822Thr,missense_variant,3) Uncertain significance,K822T,0.0
Rifampicin,rpoB,rpoB_p.Lys832Asn,p.Lys832Asn,missense_variant,3) Uncertain significance,K832N,1.0
Rifampicin,rpoB,rpoB_p.Lys832Gln,p.Lys832Gln,missense_variant,3) Uncertain significance,K832Q,1.0
Rifampicin,rpoB,rpoB_p.Lys832Glu,p.Lys832Glu,missense_variant,3) Uncertain significance,K832E,1.0
Rifampicin,rpoB,rpoB_p.Lys891Glu,p.Lys891Glu,missense_variant,3) Uncertain significance,K891E,1.0
Rifampicin,rpoB,rpoB_p.Lys891Thr,p.Lys891Thr,missense_variant,3) Uncertain significance,K891T,1.0
Rifampicin,rpoB,rpoB_p.Lys944Asn,p.Lys944Asn,missense_variant,3) Uncertain significance,K944N,0.0
Rifampicin,rpoB,rpoB_p.Lys944Glu,p.Lys944Glu,missense_variant,5) Not assoc w R,K944E,0.037037037037037035
Rifampicin,rpoB,rpoB_p.Met1003Thr,p.Met1003Thr,missense_variant,3) Uncertain significance,M1003T,0.0
Rifampicin,rpoB,rpoB_p.Met1022Ile,p.Met1022Ile,missense_variant,3) Uncertain significance,M1022I,0.0
Rifampicin,rpoB,rpoB_p.Met1025Leu,p.Met1025Leu,missense_variant,3) Uncertain significance,M1025L,1.0
Rifampicin,rpoB,rpoB_p.Met1070Ile,p.Met1070Ile,missense_variant,3) Uncertain significance,M1070I,0.0
Rifampicin,rpoB,rpoB_p.Met1070Thr,p.Met1070Thr,missense_variant,3) Uncertain significance,M1070T,0.0
Rifampicin,rpoB,rpoB_p.Met121Ile,p.Met121Ile,missense_variant,3) Uncertain significance,M121I,0.16666666666666666
Rifampicin,rpoB,rpoB_p.Met153Thr,p.Met153Thr,missense_variant,3) Uncertain significance,M153T,0.0
Rifampicin,rpoB,rpoB_p.Met153Val,p.Met153Val,missense_variant,3) Uncertain significance,M153V,0.0
Rifampicin,rpoB,rpoB_p.Met154Ile,p.Met154Ile,missense_variant,3) Uncertain significance,M154I,0.0
Rifampicin,rpoB,rpoB_p.Met387Leu,p.Met387Leu,missense_variant,3) Uncertain significance,M387L,1.0
Rifampicin,rpoB,rpoB_p.Met387Val,p.Met387Val,missense_variant,3) Uncertain significance,M387V,1.0
Rifampicin,rpoB,rpoB_p.Met390Thr,p.Met390Thr,missense_variant,3) Uncertain significance,M390T,0.14285714285714285
Rifampicin,rpoB,rpoB_p.Met434Arg,p.Met434Arg,missense_variant,2) Assoc w R - Interim,M434R,1.0
Rifampicin,rpoB,rpoB_p.Met434Ile,p.Met434Ile,missense_variant,2) Assoc w R - Interim,M434I,0.9428571428571428
Rifampicin,rpoB,rpoB_p.Met434Leu,p.Met434Leu,missense_variant,2) Assoc w R - Interim,M434L,0.0
Rifampicin,rpoB,rpoB_p.Met434Thr,p.Met434Thr,missense_variant,2) Assoc w R - Interim,M434T,1.0
Rifampicin,rpoB,rpoB_p.Met434Val,p.Met434Val,missense_variant,2) Assoc w R - Interim,M434V,0.8571428571428571
Rifampicin,rpoB,rpoB_p.Met477Arg,p.Met477Arg,missense_variant,3) Uncertain significance,M477R,0.0
Rifampicin,rpoB,rpoB_p.Met573Thr,p.Met573Thr,missense_variant,3) Uncertain significance,M573T,0.0
Rifampicin,rpoB,rpoB_p.Met587Ile,p.Met587Ile,missense_variant,3) Uncertain significance,M587I,0.0
Rifampicin,rpoB,rpoB_p.Met587Thr,p.Met587Thr,missense_variant,3) Uncertain significance,M587T,1.0
Rifampicin,rpoB,rpoB_p.Met624Thr,p.Met624Thr,missense_variant,3) Uncertain significance,M624T,0.0
Rifampicin,rpoB,rpoB_p.Met655Thr,p.Met655Thr,missense_variant,3) Uncertain significance,M655T,0.0
Rifampicin,rpoB,rpoB_p.Met666Ile,p.Met666Ile,missense_variant,3) Uncertain significance,M666I,0.0
Rifampicin,rpoB,rpoB_p.Met707Thr,p.Met707Thr,missense_variant,3) Uncertain significance,M707T,0.0
Rifampicin,rpoB,rpoB_p.Met920Val,p.Met920Val,missense_variant,3) Uncertain significance,M920V,1.0
Rifampicin,rpoB,rpoB_p.Phe1005Val,p.Phe1005Val,missense_variant,3) Uncertain significance,F1005V,0.75
Rifampicin,rpoB,rpoB_p.Phe151Leu,p.Phe151Leu,missense_variant,3) Uncertain significance,F151L,1.0
Rifampicin,rpoB,rpoB_p.Phe208Leu,p.Phe208Leu,missense_variant,3) Uncertain significance,F208L,0.0
Rifampicin,rpoB,rpoB_p.Phe295Leu,p.Phe295Leu,missense_variant,3) Uncertain significance,F295L,0.14285714285714285
Rifampicin,rpoB,rpoB_p.Phe424Ile,p.Phe424Ile,missense_variant,3) Uncertain significance,F424I,1.0
Rifampicin,rpoB,rpoB_p.Phe424Leu,p.Phe424Leu,missense_variant,3) Uncertain significance,F424L,0.6153846153846154
Rifampicin,rpoB,rpoB_p.Phe424Val,p.Phe424Val,missense_variant,3) Uncertain significance,F424V,1.0
Rifampicin,rpoB,rpoB_p.Phe503Ser,p.Phe503Ser,missense_variant,3) Uncertain significance,F503S,1.0
Rifampicin,rpoB,rpoB_p.Phe503Val,p.Phe503Val,missense_variant,3) Uncertain significance,F503V,1.0
Rifampicin,rpoB,rpoB_p.Phe548Leu,p.Phe548Leu,missense_variant,3) Uncertain significance,F548L,0.0
Rifampicin,rpoB,rpoB_p.Phe590Cys,p.Phe590Cys,missense_variant,3) Uncertain significance,F590C,0.0
Rifampicin,rpoB,rpoB_p.Phe669Leu,p.Phe669Leu,missense_variant,3) Uncertain significance,F669L,0.0
Rifampicin,rpoB,rpoB_p.Phe93Leu,p.Phe93Leu,missense_variant,3) Uncertain significance,F93L,0.0
Rifampicin,rpoB,rpoB_p.Phe971Leu,p.Phe971Leu,missense_variant,3) Uncertain significance,F971L,1.0
Rifampicin,rpoB,rpoB_p.Pro1014Arg,p.Pro1014Arg,missense_variant,3) Uncertain significance,P1014R,0.1111111111111111
Rifampicin,rpoB,rpoB_p.Pro1014Gln,p.Pro1014Gln,missense_variant,3) Uncertain significance,P1014Q,0.0
Rifampicin,rpoB,rpoB_p.Pro1014Ser,p.Pro1014Ser,missense_variant,3) Uncertain significance,P1014S,0.0
Rifampicin,rpoB,rpoB_p.Pro13Leu,p.Pro13Leu,missense_variant,3) Uncertain significance,P13L,0.0
Rifampicin,rpoB,rpoB_p.Pro27His,p.Pro27His,missense_variant,3) Uncertain significance,P27H,0.2857142857142857
Rifampicin,rpoB,rpoB_p.Pro280Leu,p.Pro280Leu,missense_variant,3) Uncertain significance,P280L,0.9
Rifampicin,rpoB,rpoB_p.Pro280Ser,p.Pro280Ser,missense_variant,3) Uncertain significance,P280S,1.0
Rifampicin,rpoB,rpoB_p.Pro30Ala,p.Pro30Ala,missense_variant,3) Uncertain significance,P30A,0.3333333333333333
Rifampicin,rpoB,rpoB_p.Pro30Ser,p.Pro30Ser,missense_variant,3) Uncertain significance,P30S,0.0
Rifampicin,rpoB,rpoB_p.Pro321Ser,p.Pro321Ser,missense_variant,3) Uncertain significance,P321S,0.0
Rifampicin,rpoB,rpoB_p.Pro358Leu,p.Pro358Leu,missense_variant,3) Uncertain significance,P358L,0.14285714285714285
Rifampicin,rpoB,rpoB_p.Pro439Ala,p.Pro439Ala,missense_variant,2) Assoc w R - Interim,P439A,1.0
Rifampicin,rpoB,rpoB_p.Pro439Leu,p.Pro439Leu,missense_variant,2) Assoc w R - Interim,P439L,0.0
Rifampicin,rpoB,rpoB_p.Pro439Ser,p.Pro439Ser,missense_variant,2) Assoc w R - Interim,P439S,1.0
Rifampicin,rpoB,rpoB_p.Pro454Arg,p.Pro454Arg,missense_variant,3) Uncertain significance,P454R,1.0
Rifampicin,rpoB,rpoB_p.Pro454His,p.Pro454His,missense_variant,3) Uncertain significance,P454H,0.5
Rifampicin,rpoB,rpoB_p.Pro454Leu,p.Pro454Leu,missense_variant,3) Uncertain significance,P454L,0.35714285714285715
Rifampicin,rpoB,rpoB_p.Pro454Ser,p.Pro454Ser,missense_variant,3) Uncertain significance,P454S,1.0
Rifampicin,rpoB,rpoB_p.Pro45Ala,p.Pro45Ala,missense_variant,3) Uncertain significance,P45A,0.875
Rifampicin,rpoB,rpoB_p.Pro45Arg,p.Pro45Arg,missense_variant,3) Uncertain significance,P45R,1.0
Rifampicin,rpoB,rpoB_p.Pro45Gln,p.Pro45Gln,missense_variant,3) Uncertain significance,P45Q,1.0
Rifampicin,rpoB,rpoB_p.Pro45Leu,p.Pro45Leu,missense_variant,3) Uncertain significance,P45L,1.0
Rifampicin,rpoB,rpoB_p.Pro45Ser,p.Pro45Ser,missense_variant,3) Uncertain significance,P45S,0.9848484848484849
Rifampicin,rpoB,rpoB_p.Pro45Thr,p.Pro45Thr,missense_variant,3) Uncertain significance,P45T,1.0
Rifampicin,rpoB,rpoB_p.Pro479Ser,p.Pro479Ser,missense_variant,3) Uncertain significance,P479S,1.0
Rifampicin,rpoB,rpoB_p.Pro483Leu,p.Pro483Leu,missense_variant,3) Uncertain significance,P483L,0.6666666666666666
Rifampicin,rpoB,rpoB_p.Pro483Ser,p.Pro483Ser,missense_variant,3) Uncertain significance,P483S,1.0
Rifampicin,rpoB,rpoB_p.Pro483Thr,p.Pro483Thr,missense_variant,3) Uncertain significance,P483T,1.0
Rifampicin,rpoB,rpoB_p.Pro502Leu,p.Pro502Leu,missense_variant,3) Uncertain significance,P502L,0.0
Rifampicin,rpoB,rpoB_p.Pro509Ser,p.Pro509Ser,missense_variant,3) Uncertain significance,P509S,0.75
Rifampicin,rpoB,rpoB_p.Pro541Leu,p.Pro541Leu,missense_variant,3) Uncertain significance,P541L,0.0
Rifampicin,rpoB,rpoB_p.Pro577Ala,p.Pro577Ala,missense_variant,3) Uncertain significance,P577A,1.0
Rifampicin,rpoB,rpoB_p.Pro577Leu,p.Pro577Leu,missense_variant,3) Uncertain significance,P577L,1.0
Rifampicin,rpoB,rpoB_p.Pro577Thr,p.Pro577Thr,missense_variant,3) Uncertain significance,P577T,1.0
Rifampicin,rpoB,rpoB_p.Pro618Ala,p.Pro618Ala,missense_variant,3) Uncertain significance,P618A,1.0
Rifampicin,rpoB,rpoB_p.Pro682Ala,p.Pro682Ala,missense_variant,3) Uncertain significance,P682A,0.0
Rifampicin,rpoB,rpoB_p.Pro682Thr,p.Pro682Thr,missense_variant,3) Uncertain significance,P682T,0.0
Rifampicin,rpoB,rpoB_p.Pro700Arg,p.Pro700Arg,missense_variant,3) Uncertain significance,P700R,1.0
Rifampicin,rpoB,rpoB_p.Pro700Leu,p.Pro700Leu,missense_variant,3) Uncertain significance,P700L,0.6666666666666666
Rifampicin,rpoB,rpoB_p.Pro700Ser,p.Pro700Ser,missense_variant,3) Uncertain significance,P700S,1.0
Rifampicin,rpoB,rpoB_p.Pro719Ser,p.Pro719Ser,missense_variant,3) Uncertain significance,P719S,0.0
Rifampicin,rpoB,rpoB_p.Pro768Leu,p.Pro768Leu,missense_variant,3) Uncertain significance,P768L,1.0
Rifampicin,rpoB,rpoB_p.Pro834Leu,p.Pro834Leu,missense_variant,3) Uncertain significance,P834L,0.0
Rifampicin,rpoB,rpoB_p.Pro834Thr,p.Pro834Thr,missense_variant,3) Uncertain significance,P834T,1.0
Rifampicin,rpoB,rpoB_p.Pro856Leu,p.Pro856Leu,missense_variant,3) Uncertain significance,P856L,0.5
Rifampicin,rpoB,rpoB_p.Pro89Ser,p.Pro89Ser,missense_variant,3) Uncertain significance,P89S,0.0
Rifampicin,rpoB,rpoB_p.Pro906Gln,p.Pro906Gln,missense_variant,3) Uncertain significance,P906Q,1.0
Rifampicin,rpoB,rpoB_p.Pro906Leu,p.Pro906Leu,missense_variant,3) Uncertain significance,P906L,0.5
Rifampicin,rpoB,rpoB_p.Pro954Arg,p.Pro954Arg,missense_variant,3) Uncertain significance,P954R,0.0
Rifampicin,rpoB,rpoB_p.Pro969Ser,p.Pro969Ser,missense_variant,3) Uncertain significance,P969S,1.0
Rifampicin,rpoB,rpoB_p.Pro988Ala,p.Pro988Ala,missense_variant,3) Uncertain significance,P988A,0.0
Rifampicin,rpoB,rpoB_p.Pro988Ser,p.Pro988Ser,missense_variant,3) Uncertain significance,P988S,0.0
Rifampicin,rpoB,rpoB_p.Ser1009Thr,p.Ser1009Thr,missense_variant,3) Uncertain significance,S1009T,0.0
Rifampicin,rpoB,rpoB_p.Ser1124Ala,p.Ser1124Ala,missense_variant,3) Uncertain significance,S1124A,0.0
Rifampicin,rpoB,rpoB_p.Ser1133Ala,p.Ser1133Ala,missense_variant,3) Uncertain significance,S1133A,0.0
Rifampicin,rpoB,rpoB_p.Ser1134Arg,p.Ser1134Arg,missense_variant,3) Uncertain significance,S1134R,0.0
Rifampicin,rpoB,rpoB_p.Ser1134Asn,p.Ser1134Asn,missense_variant,3) Uncertain significance,S1134N,0.0
Rifampicin,rpoB,rpoB_p.Ser1134Lys,p.Ser1134Lys,missense_variant,3) Uncertain significance,S1134K,0.0
Rifampicin,rpoB,rpoB_p.Ser16Cys,p.Ser16Cys,missense_variant,3) Uncertain significance,S16C,0.0
Rifampicin,rpoB,rpoB_p.Ser176Leu,p.Ser176Leu,missense_variant,3) Uncertain significance,S176L,1.0
Rifampicin,rpoB,rpoB_p.Ser195Arg,p.Ser195Arg,missense_variant,3) Uncertain significance,S195R,0.5
Rifampicin,rpoB,rpoB_p.Ser201Gly,p.Ser201Gly,missense_variant,3) Uncertain significance,S201G,0.5
Rifampicin,rpoB,rpoB_p.Ser20Ile,p.Ser20Ile,missense_variant,3) Uncertain significance,S20I,0.0
Rifampicin,rpoB,rpoB_p.Ser21Phe,p.Ser21Phe,missense_variant,3) Uncertain significance,S21F,0.0
Rifampicin,rpoB,rpoB_p.Ser239Arg,p.Ser239Arg,missense_variant,3) Uncertain significance,S239R,0.0
Rifampicin,rpoB,rpoB_p.Ser239Asn,p.Ser239Asn,missense_variant,3) Uncertain significance,S239N,0.5
Rifampicin,rpoB,rpoB_p.Ser249Ala,p.Ser249Ala,missense_variant,3) Uncertain significance,S249A,0.0
Rifampicin,rpoB,rpoB_p.Ser254Pro,p.Ser254Pro,missense_variant,3) Uncertain significance,S254P,0.6666666666666666
Rifampicin,rpoB,rpoB_p.Ser388Leu,p.Ser388Leu,missense_variant,5) Not assoc w R,S388L,0.07246376811594203
Rifampicin,rpoB,rpoB_p.Ser428Arg,p.Ser428Arg,missense_variant,2) Assoc w R - Interim,S428R,0.875
Rifampicin,rpoB,rpoB_p.Ser428Gly,p.Ser428Gly,missense_variant,2) Assoc w R - Interim,S428G,0.8
Rifampicin,rpoB,rpoB_p.Ser428Ile,p.Ser428Ile,missense_variant,2) Assoc w R - Interim,S428I,0.75
Rifampicin,rpoB,rpoB_p.Ser428Thr,p.Ser428Thr,missense_variant,2) Assoc w R - Interim,S428T,1.0
Rifampicin,rpoB,rpoB_p.Ser431Arg,p.Ser431Arg,missense_variant,2) Assoc w R - Interim,S431R,1.0
Rifampicin,rpoB,rpoB_p.Ser431Asn,p.Ser431Asn,missense_variant,2) Assoc w R - Interim,S431N,1.0
Rifampicin,rpoB,rpoB_p.Ser431Gly,p.Ser431Gly,missense_variant,2) Assoc w R - Interim,S431G,0.9090909090909091
Rifampicin,rpoB,rpoB_p.Ser431Thr,p.Ser431Thr,missense_variant,2) Assoc w R - Interim,S431T,0.6666666666666666
Rifampicin,rpoB,rpoB_p.Ser441Ala,p.Ser441Ala,missense_variant,2) Assoc w R - Interim,S441A,0.8
Rifampicin,rpoB,rpoB_p.Ser441Gln,p.Ser441Gln,missense_variant,1) Assoc w R,S441Q,0.9375
Rifampicin,rpoB,rpoB_p.Ser441Leu,p.Ser441Leu,missense_variant,1) Assoc w R,S441L,0.9743589743589743
Rifampicin,rpoB,rpoB_p.Ser441Lys,p.Ser441Lys,missense_variant,2) Assoc w R - Interim,S441K,0.0
Rifampicin,rpoB,rpoB_p.Ser441Met,p.Ser441Met,missense_variant,2) Assoc w R - Interim,S441M,1.0
Rifampicin,rpoB,rpoB_p.Ser441Trp,p.Ser441Trp,missense_variant,2) Assoc w R - Interim,S441W,1.0
Rifampicin,rpoB,rpoB_p.Ser441Val,p.Ser441Val,missense_variant,2) Assoc w R - Interim,S441V,1.0
Rifampicin,rpoB,rpoB_p.Ser450Ala,p.Ser450Ala,missense_variant,2) Assoc w R - Interim,S450A,1.0
Rifampicin,rpoB,rpoB_p.Ser450Cys,p.Ser450Cys,missense_variant,2) Assoc w R - Interim,S450C,0.375
Rifampicin,rpoB,rpoB_p.Ser450Gln,p.Ser450Gln,missense_variant,2) Assoc w R - Interim,S450Q,1.0
Rifampicin,rpoB,rpoB_p.Ser450Gly,p.Ser450Gly,missense_variant,2) Assoc w R - Interim,S450G,0.6
Rifampicin,rpoB,rpoB_p.Ser450Leu,p.Ser450Leu,missense_variant,1) Assoc w R,S450L,0.9796120884077583
Rifampicin,rpoB,rpoB_p.Ser450Met,p.Ser450Met,missense_variant,2) Assoc w R - Interim,S450M,0.8888888888888888
Rifampicin,rpoB,rpoB_p.Ser450Phe,p.Ser450Phe,missense_variant,1) Assoc w R,S450F,0.9951690821256038
Rifampicin,rpoB,rpoB_p.Ser450Trp,p.Ser450Trp,missense_variant,1) Assoc w R,S450W,0.9794238683127572
Rifampicin,rpoB,rpoB_p.Ser450Tyr,p.Ser450Tyr,missense_variant,1) Assoc w R,S450Y,1.0
Rifampicin,rpoB,rpoB_p.Ser450Val,p.Ser450Val,missense_variant,2) Assoc w R - Interim,S450V,0.5555555555555556
Rifampicin,rpoB,rpoB_p.Ser458Thr,p.Ser458Thr,missense_variant,3) Uncertain significance,S458T,1.0
Rifampicin,rpoB,rpoB_p.Ser493Arg,p.Ser493Arg,missense_variant,3) Uncertain significance,S493R,0.6666666666666666
Rifampicin,rpoB,rpoB_p.Ser493Leu,p.Ser493Leu,missense_variant,3) Uncertain significance,S493L,1.0
Rifampicin,rpoB,rpoB_p.Ser493Pro,p.Ser493Pro,missense_variant,3) Uncertain significance,S493P,1.0
Rifampicin,rpoB,rpoB_p.Ser493Thr,p.Ser493Thr,missense_variant,3) Uncertain significance,S493T,0.6666666666666666
Rifampicin,rpoB,rpoB_p.Ser493Trp,p.Ser493Trp,missense_variant,3) Uncertain significance,S493W,0.0
Rifampicin,rpoB,rpoB_p.Ser495Pro,p.Ser495Pro,missense_variant,3) Uncertain significance,S495P,1.0
Rifampicin,rpoB,rpoB_p.Ser540Pro,p.Ser540Pro,missense_variant,3) Uncertain significance,S540P,1.0
Rifampicin,rpoB,rpoB_p.Ser567Pro,p.Ser567Pro,missense_variant,3) Uncertain significance,S567P,1.0
Rifampicin,rpoB,rpoB_p.Ser576Leu,p.Ser576Leu,missense_variant,3) Uncertain significance,S576L,1.0
Rifampicin,rpoB,rpoB_p.Ser582Ala,p.Ser582Ala,missense_variant,3) Uncertain significance,S582A,1.0
Rifampicin,rpoB,rpoB_p.Ser582Thr,p.Ser582Thr,missense_variant,3) Uncertain significance,S582T,1.0
Rifampicin,rpoB,rpoB_p.Ser641Arg,p.Ser641Arg,missense_variant,3) Uncertain significance,S641R,0.0
Rifampicin,rpoB,rpoB_p.Ser672Ala,p.Ser672Ala,missense_variant,3) Uncertain significance,S672A,1.0
Rifampicin,rpoB,rpoB_p.Ser672Cys,p.Ser672Cys,missense_variant,3) Uncertain significance,S672C,1.0
Rifampicin,rpoB,rpoB_p.Ser672Phe,p.Ser672Phe,missense_variant,3) Uncertain significance,S672F,0.6666666666666666
Rifampicin,rpoB,rpoB_p.Ser672Pro,p.Ser672Pro,missense_variant,3) Uncertain significance,S672P,1.0
Rifampicin,rpoB,rpoB_p.Ser672Tyr,p.Ser672Tyr,missense_variant,3) Uncertain significance,S672Y,1.0
Rifampicin,rpoB,rpoB_p.Ser67Phe,p.Ser67Phe,missense_variant,3) Uncertain significance,S67F,0.0
Rifampicin,rpoB,rpoB_p.Ser874Thr,p.Ser874Thr,missense_variant,3) Uncertain significance,S874T,1.0
Rifampicin,rpoB,rpoB_p.Ser874Tyr,p.Ser874Tyr,missense_variant,3) Uncertain significance,S874Y,1.0
Rifampicin,rpoB,rpoB_p.Ser88Pro,p.Ser88Pro,missense_variant,3) Uncertain significance,S88P,1.0
Rifampicin,rpoB,rpoB_p.Ser936Arg,p.Ser936Arg,missense_variant,3) Uncertain significance,S936R,0.0
Rifampicin,rpoB,rpoB_p.Ser96Pro,p.Ser96Pro,missense_variant,3) Uncertain significance,S96P,1.0
Rifampicin,rpoB,rpoB_p.Ser984Leu,p.Ser984Leu,missense_variant,3) Uncertain significance,S984L,0.0
Rifampicin,rpoB,rpoB_p.Ser98Ala,p.Ser98Ala,missense_variant,3) Uncertain significance,S98A,0.0
Rifampicin,rpoB,rpoB_p.Thr155Ile,p.Thr155Ile,missense_variant,3) Uncertain significance,T155I,1.0
Rifampicin,rpoB,rpoB_p.Thr159Pro,p.Thr159Pro,missense_variant,3) Uncertain significance,T159P,1.0
Rifampicin,rpoB,rpoB_p.Thr184Ser,p.Thr184Ser,missense_variant,3) Uncertain significance,T184S,0.0
Rifampicin,rpoB,rpoB_p.Thr215Ala,p.Thr215Ala,missense_variant,3) Uncertain significance,T215A,0.0
Rifampicin,rpoB,rpoB_p.Thr288Ala,p.Thr288Ala,missense_variant,3) Uncertain significance,T288A,1.0
Rifampicin,rpoB,rpoB_p.Thr347Asn,p.Thr347Asn,missense_variant,3) Uncertain significance,T347N,0.0
Rifampicin,rpoB,rpoB_p.Thr347Ile,p.Thr347Ile,missense_variant,3) Uncertain significance,T347I,0.0
Rifampicin,rpoB,rpoB_p.Thr350Ile,p.Thr350Ile,missense_variant,3) Uncertain significance,T350I,0.0
Rifampicin,rpoB,rpoB_p.Thr350Pro,p.Thr350Pro,missense_variant,3) Uncertain significance,T350P,0.0
Rifampicin,rpoB,rpoB_p.Thr361Val,p.Thr361Val,missense_variant,3) Uncertain significance,T361V,1.0
Rifampicin,rpoB,rpoB_p.Thr399Ala,p.Thr399Ala,missense_variant,3) Uncertain significance,T399A,1.0
Rifampicin,rpoB,rpoB_p.Thr399Ile,p.Thr399Ile,missense_variant,3) Uncertain significance,T399I,1.0
Rifampicin,rpoB,rpoB_p.Thr399Pro,p.Thr399Pro,missense_variant,3) Uncertain significance,T399P,1.0
Rifampicin,rpoB,rpoB_p.Thr400Ala,p.Thr400Ala,missense_variant,3) Uncertain significance,T400A,1.0
Rifampicin,rpoB,rpoB_p.Thr400Asn,p.Thr400Asn,missense_variant,3) Uncertain significance,T400N,1.0
Rifampicin,rpoB,rpoB_p.Thr400Ile,p.Thr400Ile,missense_variant,3) Uncertain significance,T400I,1.0
Rifampicin,rpoB,rpoB_p.Thr400Pro,p.Thr400Pro,missense_variant,3) Uncertain significance,T400P,1.0
Rifampicin,rpoB,rpoB_p.Thr400Ser,p.Thr400Ser,missense_variant,3) Uncertain significance,T400S,1.0
Rifampicin,rpoB,rpoB_p.Thr427Ala,p.Thr427Ala,missense_variant,2) Assoc w R - Interim,T427A,0.8
Rifampicin,rpoB,rpoB_p.Thr427Asn,p.Thr427Asn,missense_variant,2) Assoc w R - Interim,T427N,0.0
Rifampicin,rpoB,rpoB_p.Thr427Gly,p.Thr427Gly,missense_variant,2) Assoc w R - Interim,T427G,0.0
Rifampicin,rpoB,rpoB_p.Thr427Ile,p.Thr427Ile,missense_variant,2) Assoc w R - Interim,T427I,1.0
Rifampicin,rpoB,rpoB_p.Thr427Pro,p.Thr427Pro,missense_variant,2) Assoc w R - Interim,T427P,1.0
Rifampicin,rpoB,rpoB_p.Thr427Ser,p.Thr427Ser,missense_variant,2) Assoc w R - Interim,T427S,1.0
Rifampicin,rpoB,rpoB_p.Thr444Ile,p.Thr444Ile,missense_variant,2) Assoc w R - Interim,T444I,1.0
Rifampicin,rpoB,rpoB_p.Thr444Pro,p.Thr444Pro,missense_variant,2) Assoc w R - Interim,T444P,1.0
Rifampicin,rpoB,rpoB_p.Thr444Ser,p.Thr444Ser,missense_variant,2) Assoc w R - Interim,T444S,1.0
Rifampicin,rpoB,rpoB_p.Thr482Ala,p.Thr482Ala,missense_variant,3) Uncertain significance,T482A,1.0
Rifampicin,rpoB,rpoB_p.Thr482Ile,p.Thr482Ile,missense_variant,3) Uncertain significance,T482I,1.0
Rifampicin,rpoB,rpoB_p.Thr508Pro,p.Thr508Pro,missense_variant,3) Uncertain significance,T508P,1.0
Rifampicin,rpoB,rpoB_p.Thr526Asn,p.Thr526Asn,missense_variant,3) Uncertain significance,T526N,0.0
Rifampicin,rpoB,rpoB_p.Thr52Pro,p.Thr52Pro,missense_variant,3) Uncertain significance,T52P,1.0
Rifampicin,rpoB,rpoB_p.Thr52Ser,p.Thr52Ser,missense_variant,3) Uncertain significance,T52S,0.0
Rifampicin,rpoB,rpoB_p.Thr585Ala,p.Thr585Ala,missense_variant,3) Uncertain significance,T585A,1.0
Rifampicin,rpoB,rpoB_p.Thr653Ala,p.Thr653Ala,missense_variant,3) Uncertain significance,T653A,0.5
Rifampicin,rpoB,rpoB_p.Thr660Asn,p.Thr660Asn,missense_variant,3) Uncertain significance,T660N,0.0
Rifampicin,rpoB,rpoB_p.Thr676Ala,p.Thr676Ala,missense_variant,3) Uncertain significance,T676A,1.0
Rifampicin,rpoB,rpoB_p.Thr676Ile,p.Thr676Ile,missense_variant,3) Uncertain significance,T676I,1.0
Rifampicin,rpoB,rpoB_p.Thr676Pro,p.Thr676Pro,missense_variant,3) Uncertain significance,T676P,0.75
Rifampicin,rpoB,rpoB_p.Thr742Ala,p.Thr742Ala,missense_variant,3) Uncertain significance,T742A,1.0
Rifampicin,rpoB,rpoB_p.Thr742Asn,p.Thr742Asn,missense_variant,3) Uncertain significance,T742N,1.0
Rifampicin,rpoB,rpoB_p.Thr756Ala,p.Thr756Ala,missense_variant,3) Uncertain significance,T756A,1.0
Rifampicin,rpoB,rpoB_p.Thr905Ile,p.Thr905Ile,missense_variant,3) Uncertain significance,T905I,0.0
Rifampicin,rpoB,rpoB_p.Thr928Asn,p.Thr928Asn,missense_variant,3) Uncertain significance,T928N,1.0
Rifampicin,rpoB,rpoB_p.Thr9Ile,p.Thr9Ile,missense_variant,3) Uncertain significance,T9I,0.5
Rifampicin,rpoB,rpoB_p.Thr9Lys,p.Thr9Lys,missense_variant,3) Uncertain significance,T9K,0.0
Rifampicin,rpoB,rpoB_p.Tyr308Asp,p.Tyr308Asp,missense_variant,3) Uncertain significance,Y308D,0.8333333333333334
Rifampicin,rpoB,rpoB_p.Tyr308Cys,p.Tyr308Cys,missense_variant,3) Uncertain significance,Y308C,1.0
Rifampicin,rpoB,rpoB_p.Tyr510His,p.Tyr510His,missense_variant,3) Uncertain significance,Y510H,1.0
Rifampicin,rpoB,rpoB_p.Tyr564Cys,p.Tyr564Cys,missense_variant,3) Uncertain significance,Y564C,0.0
Rifampicin,rpoB,rpoB_p.Tyr564His,p.Tyr564His,missense_variant,3) Uncertain significance,Y564H,1.0
Rifampicin,rpoB,rpoB_p.Tyr572Cys,p.Tyr572Cys,missense_variant,3) Uncertain significance,Y572C,0.2
Rifampicin,rpoB,rpoB_p.Tyr572His,p.Tyr572His,missense_variant,3) Uncertain significance,Y572H,1.0
Rifampicin,rpoB,rpoB_p.Tyr651His,p.Tyr651His,missense_variant,3) Uncertain significance,Y651H,0.0
Rifampicin,rpoB,rpoB_p.Tyr866His,p.Tyr866His,missense_variant,3) Uncertain significance,Y866H,0.0
Rifampicin,rpoB,rpoB_p.Val1117Leu,p.Val1117Leu,missense_variant,3) Uncertain significance,V1117L,0.0
Rifampicin,rpoB,rpoB_p.Val113Ile,p.Val113Ile,missense_variant,3) Uncertain significance,V113I,0.11940298507462686
Rifampicin,rpoB,rpoB_p.Val1168Phe,p.Val1168Phe,missense_variant,3) Uncertain significance,V1168F,0.0
Rifampicin,rpoB,rpoB_p.Val129Gly,p.Val129Gly,missense_variant,3) Uncertain significance,V129G,0.0
Rifampicin,rpoB,rpoB_p.Val129Ile,p.Val129Ile,missense_variant,3) Uncertain significance,V129I,0.0
Rifampicin,rpoB,rpoB_p.Val168Ala,p.Val168Ala,missense_variant,3) Uncertain significance,V168A,1.0
Rifampicin,rpoB,rpoB_p.Val168Gly,p.Val168Gly,missense_variant,3) Uncertain significance,V168G,1.0
Rifampicin,rpoB,rpoB_p.Val168Leu,p.Val168Leu,missense_variant,3) Uncertain significance,V168L,1.0
Rifampicin,rpoB,rpoB_p.Val168Met,p.Val168Met,missense_variant,3) Uncertain significance,V168M,1.0
Rifampicin,rpoB,rpoB_p.Val170Ala,p.Val170Ala,missense_variant,3) Uncertain significance,V170A,0.7857142857142857
Rifampicin,rpoB,rpoB_p.Val170Gly,p.Val170Gly,missense_variant,3) Uncertain significance,V170G,1.0
Rifampicin,rpoB,rpoB_p.Val170Ile,p.Val170Ile,missense_variant,3) Uncertain significance,V170I,1.0
Rifampicin,rpoB,rpoB_p.Val170Phe,p.Val170Phe,missense_variant,1) Assoc w R,V170F,0.978021978021978
Rifampicin,rpoB,rpoB_p.Val179Met,p.Val179Met,missense_variant,3) Uncertain significance,V179M,0.0
Rifampicin,rpoB,rpoB_p.Val196Ala,p.Val196Ala,missense_variant,3) Uncertain significance,V196A,1.0
Rifampicin,rpoB,rpoB_p.Val198Met,p.Val198Met,missense_variant,3) Uncertain significance,V198M,0.0
Rifampicin,rpoB,rpoB_p.Val216Ile,p.Val216Ile,missense_variant,3) Uncertain significance,V216I,0.0
Rifampicin,rpoB,rpoB_p.Val228Ile,p.Val228Ile,missense_variant,3) Uncertain significance,V228I,1.0
Rifampicin,rpoB,rpoB_p.Val262Phe,p.Val262Phe,missense_variant,3) Uncertain significance,V262F,0.0
Rifampicin,rpoB,rpoB_p.Val26Ala,p.Val26Ala,missense_variant,3) Uncertain significance,V26A,1.0
Rifampicin,rpoB,rpoB_p.Val305Ile,p.Val305Ile,missense_variant,3) Uncertain significance,V305I,1.0
Rifampicin,rpoB,rpoB_p.Val305Leu,p.Val305Leu,missense_variant,3) Uncertain significance,V305L,1.0
Rifampicin,rpoB,rpoB_p.Val310Gly,p.Val310Gly,missense_variant,3) Uncertain significance,V310G,0.0
Rifampicin,rpoB,rpoB_p.Val332Ile,p.Val332Ile,missense_variant,3) Uncertain significance,V332I,0.0
Rifampicin,rpoB,rpoB_p.Val33Leu,p.Val33Leu,missense_variant,3) Uncertain significance,V33L,0.0
Rifampicin,rpoB,rpoB_p.Val351Ala,p.Val351Ala,missense_variant,3) Uncertain significance,V351A,1.0
Rifampicin,rpoB,rpoB_p.Val351Ile,p.Val351Ile,missense_variant,3) Uncertain significance,V351I,0.0
Rifampicin,rpoB,rpoB_p.Val355Ile,p.Val355Ile,missense_variant,3) Uncertain significance,V355I,1.0
Rifampicin,rpoB,rpoB_p.Val357Leu,p.Val357Leu,missense_variant,3) Uncertain significance,V357L,1.0
Rifampicin,rpoB,rpoB_p.Val359Ala,p.Val359Ala,missense_variant,3) Uncertain significance,V359A,0.2222222222222222
Rifampicin,rpoB,rpoB_p.Val375Leu,p.Val375Leu,missense_variant,3) Uncertain significance,V375L,1.0
Rifampicin,rpoB,rpoB_p.Val394Leu,p.Val394Leu,missense_variant,3) Uncertain significance,V394L,1.0
Rifampicin,rpoB,rpoB_p.Val44Ala,p.Val44Ala,missense_variant,3) Uncertain significance,V44A,0.0
Rifampicin,rpoB,rpoB_p.Val44Gly,p.Val44Gly,missense_variant,3) Uncertain significance,V44G,1.0
Rifampicin,rpoB,rpoB_p.Val469Leu,p.Val469Leu,missense_variant,3) Uncertain significance,V469L,1.0
Rifampicin,rpoB,rpoB_p.Val496Ala,p.Val496Ala,missense_variant,3) Uncertain significance,V496A,0.9772727272727273
Rifampicin,rpoB,rpoB_p.Val496Glu,p.Val496Glu,missense_variant,3) Uncertain significance,V496E,1.0
Rifampicin,rpoB,rpoB_p.Val496Gly,p.Val496Gly,missense_variant,3) Uncertain significance,V496G,1.0
Rifampicin,rpoB,rpoB_p.Val496Leu,p.Val496Leu,missense_variant,3) Uncertain significance,V496L,1.0
Rifampicin,rpoB,rpoB_p.Val496Met,p.Val496Met,missense_variant,3) Uncertain significance,V496M,1.0
Rifampicin,rpoB,rpoB_p.Val50Gly,p.Val50Gly,missense_variant,3) Uncertain significance,V50G,1.0
Rifampicin,rpoB,rpoB_p.Val517Met,p.Val517Met,missense_variant,3) Uncertain significance,V517M,0.0
Rifampicin,rpoB,rpoB_p.Val523Leu,p.Val523Leu,missense_variant,3) Uncertain significance,V523L,1.0
Rifampicin,rpoB,rpoB_p.Val534Ala,p.Val534Ala,missense_variant,3) Uncertain significance,V534A,1.0
Rifampicin,rpoB,rpoB_p.Val534Gly,p.Val534Gly,missense_variant,3) Uncertain significance,V534G,1.0
Rifampicin,rpoB,rpoB_p.Val534Leu,p.Val534Leu,missense_variant,3) Uncertain significance,V534L,1.0
Rifampicin,rpoB,rpoB_p.Val534Met,p.Val534Met,missense_variant,3) Uncertain significance,V534M,0.9807692307692307
Rifampicin,rpoB,rpoB_p.Val549Gly,p.Val549Gly,missense_variant,3) Uncertain significance,V549G,1.0
Rifampicin,rpoB,rpoB_p.Val549Ile,p.Val549Ile,missense_variant,3) Uncertain significance,V549I,0.0
Rifampicin,rpoB,rpoB_p.Val555Ala,p.Val555Ala,missense_variant,3) Uncertain significance,V555A,1.0
Rifampicin,rpoB,rpoB_p.Val562Ala,p.Val562Ala,missense_variant,3) Uncertain significance,V562A,1.0
Rifampicin,rpoB,rpoB_p.Val562Met,p.Val562Met,missense_variant,3) Uncertain significance,V562M,1.0
Rifampicin,rpoB,rpoB_p.Val575Ala,p.Val575Ala,missense_variant,3) Uncertain significance,V575A,1.0
Rifampicin,rpoB,rpoB_p.Val581Leu,p.Val581Leu,missense_variant,3) Uncertain significance,V581L,1.0
Rifampicin,rpoB,rpoB_p.Val581Met,p.Val581Met,missense_variant,3) Uncertain significance,V581M,1.0
Rifampicin,rpoB,rpoB_p.Val583Ala,p.Val583Ala,missense_variant,3) Uncertain significance,V583A,0.0
Rifampicin,rpoB,rpoB_p.Val583Met,p.Val583Met,missense_variant,3) Uncertain significance,V583M,1.0
Rifampicin,rpoB,rpoB_p.Val613Ile,p.Val613Ile,missense_variant,3) Uncertain significance,V613I,0.0
Rifampicin,rpoB,rpoB_p.Val613Phe,p.Val613Phe,missense_variant,3) Uncertain significance,V613F,0.0
Rifampicin,rpoB,rpoB_p.Val695Leu,p.Val695Leu,missense_variant,3) Uncertain significance,V695L,0.6395939086294417
Rifampicin,rpoB,rpoB_p.Val715Ala,p.Val715Ala,missense_variant,3) Uncertain significance,V715A,0.0
Rifampicin,rpoB,rpoB_p.Val736Leu,p.Val736Leu,missense_variant,3) Uncertain significance,V736L,1.0
Rifampicin,rpoB,rpoB_p.Val740Thr,p.Val740Thr,missense_variant,3) Uncertain significance,V740T,0.0
Rifampicin,rpoB,rpoB_p.Val77Met,p.Val77Met,missense_variant,3) Uncertain significance,V77M,0.0
Rifampicin,rpoB,rpoB_p.Val797Leu,p.Val797Leu,missense_variant,3) Uncertain significance,V797L,1.0
Rifampicin,rpoB,rpoB_p.Val800Ala,p.Val800Ala,missense_variant,3) Uncertain significance,V800A,1.0
Rifampicin,rpoB,rpoB_p.Val833Met,p.Val833Met,missense_variant,3) Uncertain significance,V833M,1.0
Rifampicin,rpoB,rpoB_p.Val867Ala,p.Val867Ala,missense_variant,3) Uncertain significance,V867A,0.0
Rifampicin,rpoB,rpoB_p.Val895Phe,p.Val895Phe,missense_variant,3) Uncertain significance,V895F,0.0
Rifampicin,rpoB,rpoB_p.Val916Met,p.Val916Met,missense_variant,3) Uncertain significance,V916M,1.0
Rifampicin,rpoB,rpoB_p.Val946Gly,p.Val946Gly,missense_variant,3) Uncertain significance,V946G,0.0
Rifampicin,rpoB,rpoB_p.Val970Ala,p.Val970Ala,missense_variant,3) Uncertain significance,V970A,1.0
Rifampicin,rpoB,rpoB_p.Val970Leu,p.Val970Leu,missense_variant,3) Uncertain significance,V970L,1.0
Rifampicin,rpoB,rpoB_p.Val970Met,p.Val970Met,missense_variant,3) Uncertain significance,V970M,1.0
Rifampicin,rpoB,rpoB_p.Val994Ala,p.Val994Ala,missense_variant,3) Uncertain significance,V994A,0.0
Rifampicin,rpoB,rpoB_p.Val996Ala,p.Val996Ala,missense_variant,3) Uncertain significance,V996A,1.0
Rifampicin,rpoB,rpoB_p.Val996Gly,p.Val996Gly,missense_variant,3) Uncertain significance,V996G,1.0
Streptomycin,gid,gid_p.Ala10Gly,p.Ala10Gly,missense_variant,3) Uncertain significance,A10G,0.3333333333333333
Streptomycin,gid,gid_p.Ala10Pro,p.Ala10Pro,missense_variant,3) Uncertain significance,A10P,0.21875
Streptomycin,gid,gid_p.Ala10Val,p.Ala10Val,missense_variant,3) Uncertain significance,A10V,0.2222222222222222
Streptomycin,gid,gid_p.Ala111Val,p.Ala111Val,missense_variant,3) Uncertain significance,A111V,0.0
Streptomycin,gid,gid_p.Ala119Asp,p.Ala119Asp,missense_variant,3) Uncertain significance,A119D,0.5714285714285714
Streptomycin,gid,gid_p.Ala119Thr,p.Ala119Thr,missense_variant,3) Uncertain significance,A119T,0.4068965517241379
Streptomycin,gid,gid_p.Ala119Val,p.Ala119Val,missense_variant,3) Uncertain significance,A119V,0.0
Streptomycin,gid,gid_p.Ala133Gly,p.Ala133Gly,missense_variant,3) Uncertain significance,A133G,0.25
Streptomycin,gid,gid_p.Ala133Pro,p.Ala133Pro,missense_variant,3) Uncertain significance,A133P,0.5
Streptomycin,gid,gid_p.Ala133Thr,p.Ala133Thr,missense_variant,3) Uncertain significance,A133T,1.0
Streptomycin,gid,gid_p.Ala133Val,p.Ala133Val,missense_variant,3) Uncertain significance,A133V,0.0
Streptomycin,gid,gid_p.Ala134Glu,p.Ala134Glu,missense_variant,1) Assoc w R,A134E,1.0
Streptomycin,gid,gid_p.Ala134Pro,p.Ala134Pro,missense_variant,3) Uncertain significance,A134P,1.0
Streptomycin,gid,gid_p.Ala134Thr,p.Ala134Thr,missense_variant,3) Uncertain significance,A134T,0.0
Streptomycin,gid,gid_p.Ala138Glu,p.Ala138Glu,missense_variant,3) Uncertain significance,A138E,0.8333333333333334
Streptomycin,gid,gid_p.Ala138Leu,p.Ala138Leu,missense_variant,3) Uncertain significance,A138L,1.0
Streptomycin,gid,gid_p.Ala138Pro,p.Ala138Pro,missense_variant,3) Uncertain significance,A138P,0.42857142857142855
Streptomycin,gid,gid_p.Ala138Ser,p.Ala138Ser,missense_variant,3) Uncertain significance,A138S,0.0
Streptomycin,gid,gid_p.Ala138Thr,p.Ala138Thr,missense_variant,3) Uncertain significance,A138T,0.3333333333333333
Streptomycin,gid,gid_p.Ala138Val,p.Ala138Val,missense_variant,3) Uncertain significance,A138V,0.6379310344827587
Streptomycin,gid,gid_p.Ala140Pro,p.Ala140Pro,missense_variant,3) Uncertain significance,A140P,1.0
Streptomycin,gid,gid_p.Ala140Ser,p.Ala140Ser,missense_variant,3) Uncertain significance,A140S,1.0
Streptomycin,gid,gid_p.Ala140Val,p.Ala140Val,missense_variant,3) Uncertain significance,A140V,0.5
Streptomycin,gid,gid_p.Ala141Glu,p.Ala141Glu,missense_variant,3) Uncertain significance,A141E,0.25
Streptomycin,gid,gid_p.Ala141Thr,p.Ala141Thr,missense_variant,3) Uncertain significance,A141T,0.0
Streptomycin,gid,gid_p.Ala161Asp,p.Ala161Asp,missense_variant,3) Uncertain significance,A161D,0.8333333333333334
Streptomycin,gid,gid_p.Ala161Gly,p.Ala161Gly,missense_variant,3) Uncertain significance,A161G,0.25
Streptomycin,gid,gid_p.Ala161Pro,p.Ala161Pro,missense_variant,3) Uncertain significance,A161P,0.0
Streptomycin,gid,gid_p.Ala161Val,p.Ala161Val,missense_variant,3) Uncertain significance,A161V,0.0
Streptomycin,gid,gid_p.Ala167Asp,p.Ala167Asp,missense_variant,3) Uncertain significance,A167D,0.7692307692307693
Streptomycin,gid,gid_p.Ala167Pro,p.Ala167Pro,missense_variant,3) Uncertain significance,A167P,0.0
Streptomycin,gid,gid_p.Ala167Ser,p.Ala167Ser,missense_variant,3) Uncertain significance,A167S,0.0
Streptomycin,gid,gid_p.Ala180Gly,p.Ala180Gly,missense_variant,3) Uncertain significance,A180G,0.5
Streptomycin,gid,gid_p.Ala180Ser,p.Ala180Ser,missense_variant,3) Uncertain significance,A180S,1.0
Streptomycin,gid,gid_p.Ala183Glu,p.Ala183Glu,missense_variant,3) Uncertain significance,A183E,1.0
Streptomycin,gid,gid_p.Ala183Pro,p.Ala183Pro,missense_variant,3) Uncertain significance,A183P,0.5
Streptomycin,gid,gid_p.Ala183Thr,p.Ala183Thr,missense_variant,3) Uncertain significance,A183T,0.0
Streptomycin,gid,gid_p.Ala183Val,p.Ala183Val,missense_variant,3) Uncertain significance,A183V,0.0
Streptomycin,gid,gid_p.Ala193Gly,p.Ala193Gly,missense_variant,3) Uncertain significance,A193G,0.0
Streptomycin,gid,gid_p.Ala193Pro,p.Ala193Pro,missense_variant,3) Uncertain significance,A193P,0.0
Streptomycin,gid,gid_p.Ala19Asp,p.Ala19Asp,missense_variant,3) Uncertain significance,A19D,1.0
Streptomycin,gid,gid_p.Ala19Gly,p.Ala19Gly,missense_variant,3) Uncertain significance,A19G,0.0
Streptomycin,gid,gid_p.Ala19Pro,p.Ala19Pro,missense_variant,3) Uncertain significance,A19P,0.625
Streptomycin,gid,gid_p.Ala19Ser,p.Ala19Ser,missense_variant,3) Uncertain significance,A19S,0.0
Streptomycin,gid,gid_p.Ala19Thr,p.Ala19Thr,missense_variant,3) Uncertain significance,A19T,0.7142857142857143
Streptomycin,gid,gid_p.Ala200Glu,p.Ala200Glu,missense_variant,1) Assoc w R,A200E,0.8666666666666667
Streptomycin,gid,gid_p.Ala200Val,p.Ala200Val,missense_variant,3) Uncertain significance,A200V,1.0
Streptomycin,gid,gid_p.Ala205Glu,p.Ala205Glu,missense_variant,3) Uncertain significance,A205E,1.0
Streptomycin,gid,gid_p.Ala205Thr,p.Ala205Thr,missense_variant,3) Uncertain significance,A205T,0.1956521739130435
Streptomycin,gid,gid_p.Ala205Val,p.Ala205Val,missense_variant,3) Uncertain significance,A205V,0.0
Streptomycin,gid,gid_p.Ala219Val,p.Ala219Val,missense_variant,3) Uncertain significance,A219V,0.0
Streptomycin,gid,gid_p.Ala224Val,p.Ala224Val,missense_variant,3) Uncertain significance,A224V,0.0
Streptomycin,gid,gid_p.Ala23Asp,p.Ala23Asp,missense_variant,3) Uncertain significance,A23D,0.3333333333333333
Streptomycin,gid,gid_p.Ala23Pro,p.Ala23Pro,missense_variant,3) Uncertain significance,A23P,0.0
Streptomycin,gid,gid_p.Ala25Gly,p.Ala25Gly,missense_variant,3) Uncertain significance,A25G,0.0
Streptomycin,gid,gid_p.Ala25Pro,p.Ala25Pro,missense_variant,3) Uncertain significance,A25P,0.75
Streptomycin,gid,gid_p.Ala25Val,p.Ala25Val,missense_variant,3) Uncertain significance,A25V,0.0
Streptomycin,gid,gid_p.Ala27Pro,p.Ala27Pro,missense_variant,3) Uncertain significance,A27P,0.375
Streptomycin,gid,gid_p.Ala27Val,p.Ala27Val,missense_variant,3) Uncertain significance,A27V,0.0
Streptomycin,gid,gid_p.Ala53Asp,p.Ala53Asp,missense_variant,3) Uncertain significance,A53D,0.5
Streptomycin,gid,gid_p.Ala72Asp,p.Ala72Asp,missense_variant,3) Uncertain significance,A72D,0.0
Streptomycin,gid,gid_p.Ala72Thr,p.Ala72Thr,missense_variant,3) Uncertain significance,A72T,0.6666666666666666
Streptomycin,gid,gid_p.Ala72Val,p.Ala72Val,missense_variant,3) Uncertain significance,A72V,0.6666666666666666
Streptomycin,gid,gid_p.Ala80Glu,p.Ala80Glu,missense_variant,3) Uncertain significance,A80E,0.5
Streptomycin,gid,gid_p.Ala80Pro,p.Ala80Pro,missense_variant,3) Uncertain significance,A80P,0.9444444444444444
Streptomycin,gid,gid_p.Ala80Val,p.Ala80Val,missense_variant,3) Uncertain significance,A80V,0.0
Streptomycin,gid,gid_p.Ala82Glu,p.Ala82Glu,missense_variant,3) Uncertain significance,A82E,0.0
Streptomycin,gid,gid_p.Ala82Pro,p.Ala82Pro,missense_variant,3) Uncertain significance,A82P,0.875
Streptomycin,gid,gid_p.Ala8Glu,p.Ala8Glu,missense_variant,3) Uncertain significance,A8E,0.0
Streptomycin,gid,gid_p.Ala8Pro,p.Ala8Pro,missense_variant,3) Uncertain significance,A8P,0.0
Streptomycin,gid,gid_p.Ala8Val,p.Ala8Val,missense_variant,3) Uncertain significance,A8V,0.16666666666666666
Streptomycin,gid,gid_p.Arg102Gly,p.Arg102Gly,missense_variant,3) Uncertain significance,R102G,0.0
Streptomycin,gid,gid_p.Arg102Pro,p.Arg102Pro,missense_variant,3) Uncertain significance,R102P,1.0
Streptomycin,gid,gid_p.Arg116Gln,p.Arg116Gln,missense_variant,3) Uncertain significance,R116Q,1.0
Streptomycin,gid,gid_p.Arg116Gly,p.Arg116Gly,missense_variant,3) Uncertain significance,R116G,0.3333333333333333
Streptomycin,gid,gid_p.Arg116Trp,p.Arg116Trp,missense_variant,3) Uncertain significance,R116W,0.25
Streptomycin,gid,gid_p.Arg118Cys,p.Arg118Cys,missense_variant,3) Uncertain significance,R118C,1.0
Streptomycin,gid,gid_p.Arg118His,p.Arg118His,missense_variant,3) Uncertain significance,R118H,1.0
Streptomycin,gid,gid_p.Arg118Leu,p.Arg118Leu,missense_variant,3) Uncertain significance,R118L,0.6666666666666666
Streptomycin,gid,gid_p.Arg118Pro,p.Arg118Pro,missense_variant,3) Uncertain significance,R118P,0.0
Streptomycin,gid,gid_p.Arg118Ser,p.Arg118Ser,missense_variant,3) Uncertain significance,R118S,0.6
Streptomycin,gid,gid_p.Arg137Gln,p.Arg137Gln,missense_variant,3) Uncertain significance,R137Q,0.375
Streptomycin,gid,gid_p.Arg137Leu,p.Arg137Leu,missense_variant,3) Uncertain significance,R137L,0.75
Streptomycin,gid,gid_p.Arg137Pro,p.Arg137Pro,missense_variant,3) Uncertain significance,R137P,0.6
Streptomycin,gid,gid_p.Arg137Trp,p.Arg137Trp,missense_variant,3) Uncertain significance,R137W,0.65625
Streptomycin,gid,gid_p.Arg154Pro,p.Arg154Pro,missense_variant,3) Uncertain significance,R154P,0.30434782608695654
Streptomycin,gid,gid_p.Arg154Trp,p.Arg154Trp,missense_variant,3) Uncertain significance,R154W,1.0
Streptomycin,gid,gid_p.Arg158Gly,p.Arg158Gly,missense_variant,3) Uncertain significance,R158G,0.0
Streptomycin,gid,gid_p.Arg158Leu,p.Arg158Leu,missense_variant,3) Uncertain significance,R158L,1.0
Streptomycin,gid,gid_p.Arg158Pro,p.Arg158Pro,missense_variant,3) Uncertain significance,R158P,0.5
Streptomycin,gid,gid_p.Arg15Pro,p.Arg15Pro,missense_variant,3) Uncertain significance,R15P,0.0
Streptomycin,gid,gid_p.Arg15Trp,p.Arg15Trp,missense_variant,3) Uncertain significance,R15W,0.0
Streptomycin,gid,gid_p.Arg166Pro,p.Arg166Pro,missense_variant,3) Uncertain significance,R166P,1.0
Streptomycin,gid,gid_p.Arg166Trp,p.Arg166Trp,missense_variant,3) Uncertain significance,R166W,0.3333333333333333
Streptomycin,gid,gid_p.Arg172Trp,p.Arg172Trp,missense_variant,3) Uncertain significance,R172W,0.0
Streptomycin,gid,gid_p.Arg175Gly,p.Arg175Gly,missense_variant,3) Uncertain significance,R175G,0.0
Streptomycin,gid,gid_p.Arg175Pro,p.Arg175Pro,missense_variant,3) Uncertain significance,R175P,1.0
Streptomycin,gid,gid_p.Arg176Cys,p.Arg176Cys,missense_variant,3) Uncertain significance,R176C,0.0
Streptomycin,gid,gid_p.Arg176Ser,p.Arg176Ser,missense_variant,3) Uncertain significance,R176S,0.0
Streptomycin,gid,gid_p.Arg187Lys,p.Arg187Lys,missense_variant,3) Uncertain significance,R187K,0.0
Streptomycin,gid,gid_p.Arg187Ser,p.Arg187Ser,missense_variant,3) Uncertain significance,R187S,0.0
Streptomycin,gid,gid_p.Arg197Cys,p.Arg197Cys,missense_variant,3) Uncertain significance,R197C,0.5
Streptomycin,gid,gid_p.Arg197Pro,p.Arg197Pro,missense_variant,3) Uncertain significance,R197P,0.6666666666666666
Streptomycin,gid,gid_p.Arg207His,p.Arg207His,missense_variant,3) Uncertain significance,R207H,0.0
Streptomycin,gid,gid_p.Arg20Gln,p.Arg20Gln,missense_variant,3) Uncertain significance,R20Q,0.0
Streptomycin,gid,gid_p.Arg20Gly,p.Arg20Gly,missense_variant,3) Uncertain significance,R20G,0.0
Streptomycin,gid,gid_p.Arg20Pro,p.Arg20Pro,missense_variant,3) Uncertain significance,R20P,0.2631578947368421
Streptomycin,gid,gid_p.Arg217Leu,p.Arg217Leu,missense_variant,3) Uncertain significance,R217L,0.0
Streptomycin,gid,gid_p.Arg217Trp,p.Arg217Trp,missense_variant,3) Uncertain significance,R217W,0.0
Streptomycin,gid,gid_p.Arg21Pro,p.Arg21Pro,missense_variant,3) Uncertain significance,R21P,0.2857142857142857
Streptomycin,gid,gid_p.Arg21Trp,p.Arg21Trp,missense_variant,3) Uncertain significance,R21W,1.0
Streptomycin,gid,gid_p.Arg33Pro,p.Arg33Pro,missense_variant,3) Uncertain significance,R33P,0.0
Streptomycin,gid,gid_p.Arg33Trp,p.Arg33Trp,missense_variant,3) Uncertain significance,R33W,1.0
Streptomycin,gid,gid_p.Arg39Cys,p.Arg39Cys,missense_variant,3) Uncertain significance,R39C,0.0
Streptomycin,gid,gid_p.Arg47Gln,p.Arg47Gln,missense_variant,3) Uncertain significance,R47Q,0.7272727272727273
Streptomycin,gid,gid_p.Arg47Leu,p.Arg47Leu,missense_variant,3) Uncertain significance,R47L,0.6666666666666666
Streptomycin,gid,gid_p.Arg47Pro,p.Arg47Pro,missense_variant,3) Uncertain significance,R47P,1.0
Streptomycin,gid,gid_p.Arg47Trp,p.Arg47Trp,missense_variant,3) Uncertain significance,R47W,0.4
Streptomycin,gid,gid_p.Arg61Pro,p.Arg61Pro,missense_variant,3) Uncertain significance,R61P,1.0
Streptomycin,gid,gid_p.Arg64Pro,p.Arg64Pro,missense_variant,3) Uncertain significance,R64P,1.0
Streptomycin,gid,gid_p.Arg64Trp,p.Arg64Trp,missense_variant,3) Uncertain significance,R64W,1.0
Streptomycin,gid,gid_p.Arg83Gln,p.Arg83Gln,missense_variant,3) Uncertain significance,R83Q,1.0
Streptomycin,gid,gid_p.Arg83Gly,p.Arg83Gly,missense_variant,3) Uncertain significance,R83G,0.6
Streptomycin,gid,gid_p.Arg83Leu,p.Arg83Leu,missense_variant,3) Uncertain significance,R83L,1.0
Streptomycin,gid,gid_p.Arg83Pro,p.Arg83Pro,missense_variant,3) Uncertain significance,R83P,0.7
Streptomycin,gid,gid_p.Arg83Trp,p.Arg83Trp,missense_variant,3) Uncertain significance,R83W,0.5
Streptomycin,gid,gid_p.Arg96Cys,p.Arg96Cys,missense_variant,3) Uncertain significance,R96C,0.5833333333333334
Streptomycin,gid,gid_p.Arg96His,p.Arg96His,missense_variant,3) Uncertain significance,R96H,0.4
Streptomycin,gid,gid_p.Arg96Leu,p.Arg96Leu,missense_variant,3) Uncertain significance,R96L,0.631578947368421
Streptomycin,gid,gid_p.Arg96Pro,p.Arg96Pro,missense_variant,3) Uncertain significance,R96P,1.0
Streptomycin,gid,gid_p.Arg97Cys,p.Arg97Cys,missense_variant,3) Uncertain significance,R97C,0.0
Streptomycin,gid,gid_p.Arg97His,p.Arg97His,missense_variant,3) Uncertain significance,R97H,1.0
Streptomycin,gid,gid_p.Arg97Leu,p.Arg97Leu,missense_variant,3) Uncertain significance,R97L,0.5
Streptomycin,gid,gid_p.Asn194Asp,p.Asn194Asp,missense_variant,3) Uncertain significance,N194D,0.0
Streptomycin,gid,gid_p.Asn51Asp,p.Asn51Asp,missense_variant,3) Uncertain significance,N51D,0.8571428571428571
Streptomycin,gid,gid_p.Asn51His,p.Asn51His,missense_variant,3) Uncertain significance,N51H,0.0
Streptomycin,gid,gid_p.Asn51Lys,p.Asn51Lys,missense_variant,3) Uncertain significance,N51K,0.5625
Streptomycin,gid,gid_p.Asn51Thr,p.Asn51Thr,missense_variant,3) Uncertain significance,N51T,0.3333333333333333
Streptomycin,gid,gid_p.Asp107Gly,p.Asp107Gly,missense_variant,3) Uncertain significance,D107G,0.0
Streptomycin,gid,gid_p.Asp107His,p.Asp107His,missense_variant,3) Uncertain significance,D107H,0.0
Streptomycin,gid,gid_p.Asp132Glu,p.Asp132Glu,missense_variant,3) Uncertain significance,D132E,0.3333333333333333
Streptomycin,gid,gid_p.Asp132Gly,p.Asp132Gly,missense_variant,3) Uncertain significance,D132G,0.0
Streptomycin,gid,gid_p.Asp132His,p.Asp132His,missense_variant,3) Uncertain significance,D132H,0.0
Streptomycin,gid,gid_p.Asp132Tyr,p.Asp132Tyr,missense_variant,3) Uncertain significance,D132Y,0.9333333333333333
Streptomycin,gid,gid_p.Asp143Ala,p.Asp143Ala,missense_variant,3) Uncertain significance,D143A,0.0
Streptomycin,gid,gid_p.Asp169Gly,p.Asp169Gly,missense_variant,3) Uncertain significance,D169G,0.0
Streptomycin,gid,gid_p.Asp169His,p.Asp169His,missense_variant,3) Uncertain significance,D169H,0.0
Streptomycin,gid,gid_p.Asp185Asn,p.Asp185Asn,missense_variant,3) Uncertain significance,D185N,0.0
Streptomycin,gid,gid_p.Asp63His,p.Asp63His,missense_variant,3) Uncertain significance,D63H,0.6666666666666666
Streptomycin,gid,gid_p.Asp63Tyr,p.Asp63Tyr,missense_variant,3) Uncertain significance,D63Y,1.0
Streptomycin,gid,gid_p.Asp67Ala,p.Asp67Ala,missense_variant,3) Uncertain significance,D67A,0.6666666666666666
Streptomycin,gid,gid_p.Asp67Asn,p.Asp67Asn,missense_variant,3) Uncertain significance,D67N,1.0
Streptomycin,gid,gid_p.Asp67Glu,p.Asp67Glu,missense_variant,3) Uncertain significance,D67E,0.5
Streptomycin,gid,gid_p.Asp67Gly,p.Asp67Gly,missense_variant,3) Uncertain significance,D67G,0.8589743589743589
Streptomycin,gid,gid_p.Asp67His,p.Asp67His,missense_variant,2) Assoc w R - Interim,D67H,0.9
Streptomycin,gid,gid_p.Asp85Ala,p.Asp85Ala,missense_variant,3) Uncertain significance,D85A,0.8
Streptomycin,gid,gid_p.Asp85Asn,p.Asp85Asn,missense_variant,3) Uncertain significance,D85N,0.0
Streptomycin,gid,gid_p.Asp85Glu,p.Asp85Glu,missense_variant,3) Uncertain significance,D85E,0.2
Streptomycin,gid,gid_p.Asp85Gly,p.Asp85Gly,missense_variant,3) Uncertain significance,D85G,1.0
Streptomycin,gid,gid_p.Asp85His,p.Asp85His,missense_variant,3) Uncertain significance,D85H,0.0
Streptomycin,gid,gid_p.Cys191Arg,p.Cys191Arg,missense_variant,3) Uncertain significance,C191R,1.0
Streptomycin,gid,gid_p.Cys191Phe,p.Cys191Phe,missense_variant,3) Uncertain significance,C191F,0.6666666666666666
Streptomycin,gid,gid_p.Cys191Trp,p.Cys191Trp,missense_variant,3) Uncertain significance,C191W,0.3333333333333333
Streptomycin,gid,gid_p.Cys191Tyr,p.Cys191Tyr,missense_variant,3) Uncertain significance,C191Y,0.3333333333333333
Streptomycin,gid,gid_p.Cys52Arg,p.Cys52Arg,missense_variant,3) Uncertain significance,C52R,0.0
Streptomycin,gid,gid_p.Cys52Phe,p.Cys52Phe,missense_variant,3) Uncertain significance,C52F,1.0
Streptomycin,gid,gid_p.Cys52Trp,p.Cys52Trp,missense_variant,3) Uncertain significance,C52W,0.0
Streptomycin,gid,gid_p.Cys52Tyr,p.Cys52Tyr,missense_variant,3) Uncertain significance,C52Y,0.6666666666666666
Streptomycin,gid,gid_p.Gln125Glu,p.Gln125Glu,missense_variant,3) Uncertain significance,Q125E,0.0
Streptomycin,gid,gid_p.Gln127Glu,p.Gln127Glu,missense_variant,3) Uncertain significance,Q127E,0.0
Streptomycin,gid,gid_p.Gln210His,p.Gln210His,missense_variant,3) Uncertain significance,Q210H,1.0
Streptomycin,gid,gid_p.Gln87Arg,p.Gln87Arg,missense_variant,3) Uncertain significance,Q87R,0.0
Streptomycin,gid,gid_p.Gln87Glu,p.Gln87Glu,missense_variant,3) Uncertain significance,Q87E,0.0
Streptomycin,gid,gid_p.Gln87Pro,p.Gln87Pro,missense_variant,3) Uncertain significance,Q87P,0.0
Streptomycin,gid,gid_p.Glu103Ala,p.Glu103Ala,missense_variant,3) Uncertain significance,E103A,0.0
Streptomycin,gid,gid_p.Glu113Ala,p.Glu113Ala,missense_variant,3) Uncertain significance,E113A,0.0
Streptomycin,gid,gid_p.Glu113Gln,p.Glu113Gln,missense_variant,3) Uncertain significance,E113Q,0.5
Streptomycin,gid,gid_p.Glu120Ala,p.Glu120Ala,missense_variant,3) Uncertain significance,E120A,0.0
Streptomycin,gid,gid_p.Glu120Asp,p.Glu120Asp,missense_variant,3) Uncertain significance,E120D,1.0
Streptomycin,gid,gid_p.Glu120Lys,p.Glu120Lys,missense_variant,3) Uncertain significance,E120K,0.0
Streptomycin,gid,gid_p.Glu121Asp,p.Glu121Asp,missense_variant,3) Uncertain significance,E121D,0.16666666666666666
Streptomycin,gid,gid_p.Glu121Lys,p.Glu121Lys,missense_variant,3) Uncertain significance,E121K,0.0
Streptomycin,gid,gid_p.Glu165Gly,p.Glu165Gly,missense_variant,3) Uncertain significance,E165G,0.0
Streptomycin,gid,gid_p.Glu170Asp,p.Glu170Asp,missense_variant,3) Uncertain significance,E170D,0.3333333333333333
Streptomycin,gid,gid_p.Glu170Gly,p.Glu170Gly,missense_variant,3) Uncertain significance,E170G,0.5
Streptomycin,gid,gid_p.Glu170Lys,p.Glu170Lys,missense_variant,3) Uncertain significance,E170K,0.625
Streptomycin,gid,gid_p.Glu173Ala,p.Glu173Ala,missense_variant,3) Uncertain significance,E173A,0.0
Streptomycin,gid,gid_p.Glu173Gly,p.Glu173Gly,missense_variant,3) Uncertain significance,E173G,0.0
Streptomycin,gid,gid_p.Glu32Asp,p.Glu32Asp,missense_variant,3) Uncertain significance,E32D,0.3055555555555556
Streptomycin,gid,gid_p.Glu40Ala,p.Glu40Ala,missense_variant,3) Uncertain significance,E40A,0.3333333333333333
Streptomycin,gid,gid_p.Glu40Gln,p.Glu40Gln,missense_variant,3) Uncertain significance,E40Q,0.75
Streptomycin,gid,gid_p.Glu40Gly,p.Glu40Gly,missense_variant,3) Uncertain significance,E40G,0.5
Streptomycin,gid,gid_p.Glu40Lys,p.Glu40Lys,missense_variant,3) Uncertain significance,E40K,1.0
Streptomycin,gid,gid_p.Glu57Gln,p.Glu57Gln,missense_variant,3) Uncertain significance,E57Q,0.0
Streptomycin,gid,gid_p.Glu57Lys,p.Glu57Lys,missense_variant,3) Uncertain significance,E57K,0.0
Streptomycin,gid,gid_p.Glu92Ala,p.Glu92Ala,missense_variant,3) Uncertain significance,E92A,0.0
Streptomycin,gid,gid_p.Glu92Asp,p.Glu92Asp,missense_variant,5) Not assoc w R,E92D,0.6044691470054446
Streptomycin,gid,gid_p.Glu92Gln,p.Glu92Gln,missense_variant,3) Uncertain significance,E92Q,0.375
Streptomycin,gid,gid_p.Glu92Gly,p.Glu92Gly,missense_variant,3) Uncertain significance,E92G,0.8571428571428571
Streptomycin,gid,gid_p.Glu92Lys,p.Glu92Lys,missense_variant,3) Uncertain significance,E92K,1.0
Streptomycin,gid,gid_p.Glu92Val,p.Glu92Val,missense_variant,3) Uncertain significance,E92V,1.0
Streptomycin,gid,gid_p.Glu99Gly,p.Glu99Gly,missense_variant,3) Uncertain significance,E99G,0.2857142857142857
Streptomycin,gid,gid_p.Glu99Lys,p.Glu99Lys,missense_variant,3) Uncertain significance,E99K,0.0
Streptomycin,gid,gid_p.Gly109Ala,p.Gly109Ala,missense_variant,3) Uncertain significance,G109A,0.25
Streptomycin,gid,gid_p.Gly109Asp,p.Gly109Asp,missense_variant,3) Uncertain significance,G109D,0.0
Streptomycin,gid,gid_p.Gly109Val,p.Gly109Val,missense_variant,3) Uncertain significance,G109V,1.0
Streptomycin,gid,gid_p.Gly117Arg,p.Gly117Arg,missense_variant,3) Uncertain significance,G117R,0.42105263157894735
Streptomycin,gid,gid_p.Gly117Glu,p.Gly117Glu,missense_variant,3) Uncertain significance,G117E,1.0
Streptomycin,gid,gid_p.Gly117Trp,p.Gly117Trp,missense_variant,3) Uncertain significance,G117W,1.0
Streptomycin,gid,gid_p.Gly117Val,p.Gly117Val,missense_variant,3) Uncertain significance,G117V,0.75
Streptomycin,gid,gid_p.Gly130Arg,p.Gly130Arg,missense_variant,3) Uncertain significance,G130R,1.0
Streptomycin,gid,gid_p.Gly130Ser,p.Gly130Ser,missense_variant,3) Uncertain significance,G130S,0.0
Streptomycin,gid,gid_p.Gly13Ala,p.Gly13Ala,missense_variant,3) Uncertain significance,G13A,0.5
Streptomycin,gid,gid_p.Gly13Arg,p.Gly13Arg,missense_variant,3) Uncertain significance,G13R,0.5
Streptomycin,gid,gid_p.Gly13Glu,p.Gly13Glu,missense_variant,3) Uncertain significance,G13E,0.0
Streptomycin,gid,gid_p.Gly13Val,p.Gly13Val,missense_variant,3) Uncertain significance,G13V,0.0
Streptomycin,gid,gid_p.Gly157Arg,p.Gly157Arg,missense_variant,3) Uncertain significance,G157R,0.25
Streptomycin,gid,gid_p.Gly157Glu,p.Gly157Glu,missense_variant,3) Uncertain significance,G157E,1.0
Streptomycin,gid,gid_p.Gly164Arg,p.Gly164Arg,missense_variant,3) Uncertain significance,G164R,1.0
Streptomycin,gid,gid_p.Gly164Asp,p.Gly164Asp,missense_variant,3) Uncertain significance,G164D,0.8333333333333334
Streptomycin,gid,gid_p.Gly164Cys,p.Gly164Cys,missense_variant,3) Uncertain significance,G164C,0.25
Streptomycin,gid,gid_p.Gly164Ser,p.Gly164Ser,missense_variant,3) Uncertain significance,G164S,0.0
Streptomycin,gid,gid_p.Gly164Val,p.Gly164Val,missense_variant,3) Uncertain significance,G164V,0.3333333333333333
Streptomycin,gid,gid_p.Gly182Cys,p.Gly182Cys,missense_variant,3) Uncertain significance,G182C,0.0
Streptomycin,gid,gid_p.Gly182Val,p.Gly182Val,missense_variant,3) Uncertain significance,G182V,1.0
Streptomycin,gid,gid_p.Gly192Arg,p.Gly192Arg,missense_variant,3) Uncertain significance,G192R,1.0
Streptomycin,gid,gid_p.Gly192Val,p.Gly192Val,missense_variant,3) Uncertain significance,G192V,1.0
Streptomycin,gid,gid_p.Gly208Glu,p.Gly208Glu,missense_variant,3) Uncertain significance,G208E,1.0
Streptomycin,gid,gid_p.Gly214Arg,p.Gly214Arg,missense_variant,3) Uncertain significance,G214R,0.0
Streptomycin,gid,gid_p.Gly221Arg,p.Gly221Arg,missense_variant,3) Uncertain significance,G221R,0.0
Streptomycin,gid,gid_p.Gly222Arg,p.Gly222Arg,missense_variant,3) Uncertain significance,G222R,1.0
Streptomycin,gid,gid_p.Gly28Arg,p.Gly28Arg,missense_variant,3) Uncertain significance,G28R,1.0
Streptomycin,gid,gid_p.Gly28Glu,p.Gly28Glu,missense_variant,3) Uncertain significance,G28E,0.25
Streptomycin,gid,gid_p.Gly28Val,p.Gly28Val,missense_variant,3) Uncertain significance,G28V,0.5
Streptomycin,gid,gid_p.Gly30Arg,p.Gly30Arg,missense_variant,3) Uncertain significance,G30R,1.0
Streptomycin,gid,gid_p.Gly30Asp,p.Gly30Asp,missense_variant,3) Uncertain significance,G30D,0.7
Streptomycin,gid,gid_p.Gly30Cys,p.Gly30Cys,missense_variant,3) Uncertain significance,G30C,0.0
Streptomycin,gid,gid_p.Gly30Ser,p.Gly30Ser,missense_variant,3) Uncertain significance,G30S,0.0
Streptomycin,gid,gid_p.Gly30Val,p.Gly30Val,missense_variant,3) Uncertain significance,G30V,0.0
Streptomycin,gid,gid_p.Gly34Ala,p.Gly34Ala,missense_variant,3) Uncertain significance,G34A,0.5
Streptomycin,gid,gid_p.Gly34Arg,p.Gly34Arg,missense_variant,3) Uncertain significance,G34R,0.42857142857142855
Streptomycin,gid,gid_p.Gly34Glu,p.Gly34Glu,missense_variant,3) Uncertain significance,G34E,0.5714285714285714
Streptomycin,gid,gid_p.Gly34Trp,p.Gly34Trp,missense_variant,3) Uncertain significance,G34W,0.75
Streptomycin,gid,gid_p.Gly34Val,p.Gly34Val,missense_variant,3) Uncertain significance,G34V,0.6428571428571429
Streptomycin,gid,gid_p.Gly37Ala,p.Gly37Ala,missense_variant,3) Uncertain significance,G37A,0.56
Streptomycin,gid,gid_p.Gly37Arg,p.Gly37Arg,missense_variant,3) Uncertain significance,G37R,0.6938775510204082
Streptomycin,gid,gid_p.Gly37Glu,p.Gly37Glu,missense_variant,3) Uncertain significance,G37E,0.8
Streptomycin,gid,gid_p.Gly37Val,p.Gly37Val,missense_variant,3) Uncertain significance,G37V,0.9375
Streptomycin,gid,gid_p.Gly42Val,p.Gly42Val,missense_variant,3) Uncertain significance,G42V,0.0
Streptomycin,gid,gid_p.Gly62Ser,p.Gly62Ser,missense_variant,3) Uncertain significance,G62S,1.0
Streptomycin,gid,gid_p.Gly62Val,p.Gly62Val,missense_variant,3) Uncertain significance,G62V,1.0
Streptomycin,gid,gid_p.Gly69Arg,p.Gly69Arg,missense_variant,3) Uncertain significance,G69R,1.0
Streptomycin,gid,gid_p.Gly69Asp,p.Gly69Asp,missense_variant,3) Uncertain significance,G69D,0.7647058823529411
Streptomycin,gid,gid_p.Gly69Ile,p.Gly69Ile,missense_variant,3) Uncertain significance,G69I,0.0
Streptomycin,gid,gid_p.Gly69Ser,p.Gly69Ser,missense_variant,3) Uncertain significance,G69S,0.0
Streptomycin,gid,gid_p.Gly71Ala,p.Gly71Ala,missense_variant,3) Uncertain significance,G71A,0.5
Streptomycin,gid,gid_p.Gly71Arg,p.Gly71Arg,missense_variant,3) Uncertain significance,G71R,1.0
Streptomycin,gid,gid_p.Gly71Glu,p.Gly71Glu,missense_variant,3) Uncertain significance,G71E,0.3333333333333333
Streptomycin,gid,gid_p.Gly73Ala,p.Gly73Ala,missense_variant,2) Assoc w R - Interim,G73A,0.7021276595744681
Streptomycin,gid,gid_p.Gly73Arg,p.Gly73Arg,missense_variant,3) Uncertain significance,G73R,0.6153846153846154
Streptomycin,gid,gid_p.Gly73Glu,p.Gly73Glu,missense_variant,1) Assoc w R,G73E,0.875
Streptomycin,gid,gid_p.Gly73Trp,p.Gly73Trp,missense_variant,3) Uncertain significance,G73W,0.5
Streptomycin,gid,gid_p.Gly73Val,p.Gly73Val,missense_variant,3) Uncertain significance,G73V,1.0
Streptomycin,gid,gid_p.Gly76Ala,p.Gly76Ala,missense_variant,3) Uncertain significance,G76A,0.0
Streptomycin,gid,gid_p.Gly76Arg,p.Gly76Arg,missense_variant,3) Uncertain significance,G76R,0.3333333333333333
Streptomycin,gid,gid_p.Gly76Asp,p.Gly76Asp,missense_variant,3) Uncertain significance,G76D,1.0
Streptomycin,gid,gid_p.Gly76Cys,p.Gly76Cys,missense_variant,3) Uncertain significance,G76C,1.0
Streptomycin,gid,gid_p.Gly76Ser,p.Gly76Ser,missense_variant,3) Uncertain significance,G76S,0.14285714285714285
Streptomycin,gid,gid_p.Gly76Val,p.Gly76Val,missense_variant,3) Uncertain significance,G76V,1.0
Streptomycin,gid,gid_p.His168Arg,p.His168Arg,missense_variant,3) Uncertain significance,H168R,0.5
Streptomycin,gid,gid_p.His168Asp,p.His168Asp,missense_variant,3) Uncertain significance,H168D,0.0
Streptomycin,gid,gid_p.His174Arg,p.His174Arg,missense_variant,3) Uncertain significance,H174R,0.0
Streptomycin,gid,gid_p.His174Asn,p.His174Asn,missense_variant,3) Uncertain significance,H174N,0.0
Streptomycin,gid,gid_p.His174Asp,p.His174Asp,missense_variant,3) Uncertain significance,H174D,1.0
Streptomycin,gid,gid_p.His174Pro,p.His174Pro,missense_variant,3) Uncertain significance,H174P,0.0
Streptomycin,gid,gid_p.His174Tyr,p.His174Tyr,missense_variant,3) Uncertain significance,H174Y,0.0
Streptomycin,gid,gid_p.His48Arg,p.His48Arg,missense_variant,3) Uncertain significance,H48R,0.0
Streptomycin,gid,gid_p.His48Asn,p.His48Asn,missense_variant,3) Uncertain significance,H48N,0.6153846153846154
Streptomycin,gid,gid_p.His48Asp,p.His48Asp,missense_variant,3) Uncertain significance,H48D,0.6666666666666666
Streptomycin,gid,gid_p.His48Gln,p.His48Gln,missense_variant,1) Assoc w R,H48Q,0.8
Streptomycin,gid,gid_p.His48Pro,p.His48Pro,missense_variant,3) Uncertain significance,H48P,1.0
Streptomycin,gid,gid_p.His48Tyr,p.His48Tyr,missense_variant,3) Uncertain significance,H48Y,0.5714285714285714
Streptomycin,gid,gid_p.Ile114Asn,p.Ile114Asn,missense_variant,3) Uncertain significance,I114N,0.75
Streptomycin,gid,gid_p.Ile114Met,p.Ile114Met,missense_variant,3) Uncertain significance,I114M,0.0
Streptomycin,gid,gid_p.Ile114Phe,p.Ile114Phe,missense_variant,3) Uncertain significance,I114F,0.0
Streptomycin,gid,gid_p.Ile114Ser,p.Ile114Ser,missense_variant,3) Uncertain significance,I114S,0.0
Streptomycin,gid,gid_p.Ile11Asn,p.Ile11Asn,missense_variant,3) Uncertain significance,I11N,1.0
Streptomycin,gid,gid_p.Ile11Ser,p.Ile11Ser,missense_variant,3) Uncertain significance,I11S,0.0
Streptomycin,gid,gid_p.Ile11Thr,p.Ile11Thr,missense_variant,3) Uncertain significance,I11T,0.0
Streptomycin,gid,gid_p.Ile153Thr,p.Ile153Thr,missense_variant,3) Uncertain significance,I153T,0.5
Streptomycin,gid,gid_p.Ile162Ser,p.Ile162Ser,missense_variant,3) Uncertain significance,I162S,1.0
Streptomycin,gid,gid_p.Ile179Ser,p.Ile179Ser,missense_variant,3) Uncertain significance,I179S,0.0
Streptomycin,gid,gid_p.Ile179Val,p.Ile179Val,missense_variant,3) Uncertain significance,I179V,0.0
Streptomycin,gid,gid_p.Ile55Val,p.Ile55Val,missense_variant,3) Uncertain significance,I55V,0.0
Streptomycin,gid,gid_p.Ile68Asn,p.Ile68Asn,missense_variant,3) Uncertain significance,I68N,1.0
Streptomycin,gid,gid_p.Ile68Lys,p.Ile68Lys,missense_variant,3) Uncertain significance,I68K,0.0
Streptomycin,gid,gid_p.Ile68Phe,p.Ile68Phe,missense_variant,3) Uncertain significance,I68F,0.0
Streptomycin,gid,gid_p.Ile68Ser,p.Ile68Ser,missense_variant,3) Uncertain significance,I68S,1.0
Streptomycin,gid,gid_p.Ile81Arg,p.Ile81Arg,missense_variant,3) Uncertain significance,I81R,0.25
Streptomycin,gid,gid_p.Ile81Met,p.Ile81Met,missense_variant,3) Uncertain significance,I81M,1.0
Streptomycin,gid,gid_p.Ile81Thr,p.Ile81Thr,missense_variant,3) Uncertain significance,I81T,0.6666666666666666
Streptomycin,gid,gid_p.Leu101Arg,p.Leu101Arg,missense_variant,3) Uncertain significance,L101R,1.0
Streptomycin,gid,gid_p.Leu101Phe,p.Leu101Phe,missense_variant,3) Uncertain significance,L101F,0.5
Streptomycin,gid,gid_p.Leu101Pro,p.Leu101Pro,missense_variant,3) Uncertain significance,L101P,0.0
Streptomycin,gid,gid_p.Leu101Val,p.Leu101Val,missense_variant,3) Uncertain significance,L101V,1.0
Streptomycin,gid,gid_p.Leu108Arg,p.Leu108Arg,missense_variant,3) Uncertain significance,L108R,0.4166666666666667
Streptomycin,gid,gid_p.Leu108Pro,p.Leu108Pro,missense_variant,3) Uncertain significance,L108P,0.4444444444444444
Streptomycin,gid,gid_p.Leu108Val,p.Leu108Val,missense_variant,3) Uncertain significance,L108V,1.0
Streptomycin,gid,gid_p.Leu128Ser,p.Leu128Ser,missense_variant,3) Uncertain significance,L128S,0.5
Streptomycin,gid,gid_p.Leu142Phe,p.Leu142Phe,missense_variant,3) Uncertain significance,L142F,0.0
Streptomycin,gid,gid_p.Leu142Ser,p.Leu142Ser,missense_variant,3) Uncertain significance,L142S,1.0
Streptomycin,gid,gid_p.Leu142Trp,p.Leu142Trp,missense_variant,3) Uncertain significance,L142W,0.5
Streptomycin,gid,gid_p.Leu145Phe,p.Leu145Phe,missense_variant,3) Uncertain significance,L145F,0.29545454545454547
Streptomycin,gid,gid_p.Leu145Ser,p.Leu145Ser,missense_variant,3) Uncertain significance,L145S,0.625
Streptomycin,gid,gid_p.Leu152Ser,p.Leu152Ser,missense_variant,3) Uncertain significance,L152S,0.7142857142857143
Streptomycin,gid,gid_p.Leu160Arg,p.Leu160Arg,missense_variant,3) Uncertain significance,L160R,1.0
Streptomycin,gid,gid_p.Leu160Phe,p.Leu160Phe,missense_variant,3) Uncertain significance,L160F,0.0
Streptomycin,gid,gid_p.Leu160Pro,p.Leu160Pro,missense_variant,3) Uncertain significance,L160P,1.0
Streptomycin,gid,gid_p.Leu160Val,p.Leu160Val,missense_variant,3) Uncertain significance,L160V,0.0
Streptomycin,gid,gid_p.Leu16Arg,p.Leu16Arg,missense_variant,5) Not assoc w R,L16R,0.3100511073253833
Streptomycin,gid,gid_p.Leu16Pro,p.Leu16Pro,missense_variant,3) Uncertain significance,L16P,0.6666666666666666
Streptomycin,gid,gid_p.Leu18Arg,p.Leu18Arg,missense_variant,3) Uncertain significance,L18R,1.0
Streptomycin,gid,gid_p.Leu26Phe,p.Leu26Phe,missense_variant,3) Uncertain significance,L26F,0.5625
Streptomycin,gid,gid_p.Leu26Ser,p.Leu26Ser,missense_variant,3) Uncertain significance,L26S,0.6666666666666666
Streptomycin,gid,gid_p.Leu26Trp,p.Leu26Trp,missense_variant,3) Uncertain significance,L26W,1.0
Streptomycin,gid,gid_p.Leu35Arg,p.Leu35Arg,missense_variant,3) Uncertain significance,L35R,0.8
Streptomycin,gid,gid_p.Leu35Gln,p.Leu35Gln,missense_variant,3) Uncertain significance,L35Q,1.0
Streptomycin,gid,gid_p.Leu35Met,p.Leu35Met,missense_variant,3) Uncertain significance,L35M,1.0
Streptomycin,gid,gid_p.Leu35Pro,p.Leu35Pro,missense_variant,3) Uncertain significance,L35P,0.5714285714285714
Streptomycin,gid,gid_p.Leu44Arg,p.Leu44Arg,missense_variant,3) Uncertain significance,L44R,0.0
Streptomycin,gid,gid_p.Leu44Gln,p.Leu44Gln,missense_variant,3) Uncertain significance,L44Q,1.0
Streptomycin,gid,gid_p.Leu44Pro,p.Leu44Pro,missense_variant,3) Uncertain significance,L44P,1.0
Streptomycin,gid,gid_p.Leu49Arg,p.Leu49Arg,missense_variant,3) Uncertain significance,L49R,0.5
Streptomycin,gid,gid_p.Leu49Pro,p.Leu49Pro,missense_variant,3) Uncertain significance,L49P,0.75
Streptomycin,gid,gid_p.Leu49Val,p.Leu49Val,missense_variant,3) Uncertain significance,L49V,1.0
Streptomycin,gid,gid_p.Leu50Arg,p.Leu50Arg,missense_variant,3) Uncertain significance,L50R,0.4925373134328358
Streptomycin,gid,gid_p.Leu50Met,p.Leu50Met,missense_variant,3) Uncertain significance,L50M,1.0
Streptomycin,gid,gid_p.Leu50Pro,p.Leu50Pro,missense_variant,3) Uncertain significance,L50P,0.375
Streptomycin,gid,gid_p.Leu58Phe,p.Leu58Phe,missense_variant,3) Uncertain significance,L58F,0.1
Streptomycin,gid,gid_p.Leu58Pro,p.Leu58Pro,missense_variant,3) Uncertain significance,L58P,1.0
Streptomycin,gid,gid_p.Leu59Arg,p.Leu59Arg,missense_variant,3) Uncertain significance,L59R,1.0
Streptomycin,gid,gid_p.Leu74Phe,p.Leu74Phe,missense_variant,3) Uncertain significance,L74F,0.0
Streptomycin,gid,gid_p.Leu74Ser,p.Leu74Ser,missense_variant,3) Uncertain significance,L74S,0.5555555555555556
Streptomycin,gid,gid_p.Leu79Phe,p.Leu79Phe,missense_variant,3) Uncertain significance,L79F,0.1
Streptomycin,gid,gid_p.Leu79Ser,p.Leu79Ser,missense_variant,3) Uncertain significance,L79S,0.7678571428571429
Streptomycin,gid,gid_p.Leu79Trp,p.Leu79Trp,missense_variant,3) Uncertain significance,L79W,0.6363636363636364
Streptomycin,gid,gid_p.Leu86Arg,p.Leu86Arg,missense_variant,3) Uncertain significance,L86R,0.5714285714285714
Streptomycin,gid,gid_p.Leu86Gln,p.Leu86Gln,missense_variant,3) Uncertain significance,L86Q,1.0
Streptomycin,gid,gid_p.Leu86His,p.Leu86His,missense_variant,3) Uncertain significance,L86H,1.0
Streptomycin,gid,gid_p.Leu86Phe,p.Leu86Phe,missense_variant,3) Uncertain significance,L86F,0.3076923076923077
Streptomycin,gid,gid_p.Leu86Pro,p.Leu86Pro,missense_variant,3) Uncertain significance,L86P,0.6666666666666666
Streptomycin,gid,gid_p.Leu90Arg,p.Leu90Arg,missense_variant,3) Uncertain significance,L90R,0.5660377358490566
Streptomycin,gid,gid_p.Leu90Ile,p.Leu90Ile,missense_variant,3) Uncertain significance,L90I,1.0
Streptomycin,gid,gid_p.Leu90Phe,p.Leu90Phe,missense_variant,3) Uncertain significance,L90F,0.5
Streptomycin,gid,gid_p.Leu90Pro,p.Leu90Pro,missense_variant,3) Uncertain significance,L90P,0.75
Streptomycin,gid,gid_p.Leu90Val,p.Leu90Val,missense_variant,3) Uncertain significance,L90V,0.0
Streptomycin,gid,gid_p.Leu91Arg,p.Leu91Arg,missense_variant,3) Uncertain significance,L91R,0.8
Streptomycin,gid,gid_p.Leu91Ile,p.Leu91Ile,missense_variant,3) Uncertain significance,L91I,0.0
Streptomycin,gid,gid_p.Leu91Pro,p.Leu91Pro,missense_variant,3) Uncertain significance,L91P,0.9411764705882353
Streptomycin,gid,gid_p.Leu91Val,p.Leu91Val,missense_variant,3) Uncertain significance,L91V,0.6666666666666666
Streptomycin,gid,gid_p.Leu94Arg,p.Leu94Arg,missense_variant,3) Uncertain significance,L94R,0.5
Streptomycin,gid,gid_p.Leu94Pro,p.Leu94Pro,missense_variant,3) Uncertain significance,L94P,0.8
Streptomycin,gid,gid_p.Leu95Val,p.Leu95Val,missense_variant,3) Uncertain significance,L95V,0.0
Streptomycin,gid,gid_p.Lys163Asn,p.Lys163Asn,missense_variant,3) Uncertain significance,K163N,0.5
Streptomycin,gid,gid_p.Lys163Gln,p.Lys163Gln,missense_variant,3) Uncertain significance,K163Q,0.3333333333333333
Streptomycin,gid,gid_p.Lys163Glu,p.Lys163Glu,missense_variant,3) Uncertain significance,K163E,0.3333333333333333
Streptomycin,gid,gid_p.Met104Arg,p.Met104Arg,missense_variant,3) Uncertain significance,M104R,0.5
Streptomycin,gid,gid_p.Met104Lys,p.Met104Lys,missense_variant,3) Uncertain significance,M104K,1.0
Streptomycin,gid,gid_p.Met150Arg,p.Met150Arg,missense_variant,3) Uncertain significance,M150R,1.0
Streptomycin,gid,gid_p.Met150Thr,p.Met150Thr,missense_variant,3) Uncertain significance,M150T,0.0
Streptomycin,gid,gid_p.Met159Arg,p.Met159Arg,missense_variant,3) Uncertain significance,M159R,0.0
Streptomycin,gid,gid_p.Met159Thr,p.Met159Thr,missense_variant,3) Uncertain significance,M159T,0.0
Streptomycin,gid,gid_p.Met178Arg,p.Met178Arg,missense_variant,3) Uncertain significance,M178R,1.0
Streptomycin,gid,gid_p.Met178Ile,p.Met178Ile,missense_variant,3) Uncertain significance,M178I,1.0
Streptomycin,gid,gid_p.Met178Thr,p.Met178Thr,missense_variant,3) Uncertain significance,M178T,1.0
Streptomycin,gid,gid_p.Met218Ile,p.Met218Ile,missense_variant,3) Uncertain significance,M218I,0.0
Streptomycin,gid,gid_p.Met218Val,p.Met218Val,missense_variant,3) Uncertain significance,M218V,0.6666666666666666
Streptomycin,gid,gid_p.Phe100Leu,p.Phe100Leu,missense_variant,3) Uncertain significance,F100L,1.0
Streptomycin,gid,gid_p.Phe100Val,p.Phe100Val,missense_variant,3) Uncertain significance,F100V,0.7692307692307693
Streptomycin,gid,gid_p.Phe12Cys,p.Phe12Cys,missense_variant,3) Uncertain significance,F12C,0.0
Streptomycin,gid,gid_p.Phe12Leu,p.Phe12Leu,missense_variant,3) Uncertain significance,F12L,1.0
Streptomycin,gid,gid_p.Phe12Ser,p.Phe12Ser,missense_variant,3) Uncertain significance,F12S,1.0
Streptomycin,gid,gid_p.Phe12Val,p.Phe12Val,missense_variant,3) Uncertain significance,F12V,1.0
Streptomycin,gid,gid_p.Phe204Leu,p.Phe204Leu,missense_variant,3) Uncertain significance,F204L,0.0
Streptomycin,gid,gid_p.Phe204Ser,p.Phe204Ser,missense_variant,3) Uncertain significance,F204S,0.0
Streptomycin,gid,gid_p.Pro151Arg,p.Pro151Arg,missense_variant,3) Uncertain significance,P151R,0.0
Streptomycin,gid,gid_p.Pro151Leu,p.Pro151Leu,missense_variant,3) Uncertain significance,P151L,1.0
Streptomycin,gid,gid_p.Pro151Ser,p.Pro151Ser,missense_variant,3) Uncertain significance,P151S,0.0
Streptomycin,gid,gid_p.Pro155Ser,p.Pro155Ser,missense_variant,3) Uncertain significance,P155S,0.0
Streptomycin,gid,gid_p.Pro198Ala,p.Pro198Ala,missense_variant,3) Uncertain significance,P198A,0.0
Streptomycin,gid,gid_p.Pro198Arg,p.Pro198Arg,missense_variant,3) Uncertain significance,P198R,0.0
Streptomycin,gid,gid_p.Pro198Leu,p.Pro198Leu,missense_variant,3) Uncertain significance,P198L,0.0
Streptomycin,gid,gid_p.Pro199Ala,p.Pro199Ala,missense_variant,3) Uncertain significance,P199A,0.0
Streptomycin,gid,gid_p.Pro199Arg,p.Pro199Arg,missense_variant,3) Uncertain significance,P199R,0.0
Streptomycin,gid,gid_p.Pro29Leu,p.Pro29Leu,missense_variant,3) Uncertain significance,P29L,1.0
Streptomycin,gid,gid_p.Pro38Ala,p.Pro38Ala,missense_variant,3) Uncertain significance,P38A,0.0
Streptomycin,gid,gid_p.Pro38His,p.Pro38His,missense_variant,3) Uncertain significance,P38H,0.0
Streptomycin,gid,gid_p.Pro38Ser,p.Pro38Ser,missense_variant,3) Uncertain significance,P38S,0.0
Streptomycin,gid,gid_p.Pro3Ser,p.Pro3Ser,missense_variant,3) Uncertain significance,P3S,0.0
Streptomycin,gid,gid_p.Pro3Thr,p.Pro3Thr,missense_variant,3) Uncertain significance,P3T,0.0
Streptomycin,gid,gid_p.Pro6Ala,p.Pro6Ala,missense_variant,3) Uncertain significance,P6A,0.0
Streptomycin,gid,gid_p.Pro6Arg,p.Pro6Arg,missense_variant,3) Uncertain significance,P6R,1.0
Streptomycin,gid,gid_p.Pro6Leu,p.Pro6Leu,missense_variant,3) Uncertain significance,P6L,0.25
Streptomycin,gid,gid_p.Pro6Thr,p.Pro6Thr,missense_variant,3) Uncertain significance,P6T,0.0
Streptomycin,gid,gid_p.Pro75Ala,p.Pro75Ala,missense_variant,3) Uncertain significance,P75A,1.0
Streptomycin,gid,gid_p.Pro75Arg,p.Pro75Arg,missense_variant,3) Uncertain significance,P75R,0.8461538461538461
Streptomycin,gid,gid_p.Pro75Leu,p.Pro75Leu,missense_variant,3) Uncertain significance,P75L,0.75
Streptomycin,gid,gid_p.Pro75Ser,p.Pro75Ser,missense_variant,3) Uncertain significance,P75S,0.5833333333333334
Streptomycin,gid,gid_p.Pro75Thr,p.Pro75Thr,missense_variant,3) Uncertain significance,P75T,0.2727272727272727
Streptomycin,gid,gid_p.Pro78Arg,p.Pro78Arg,missense_variant,3) Uncertain significance,P78R,0.2
Streptomycin,gid,gid_p.Pro78Gln,p.Pro78Gln,missense_variant,3) Uncertain significance,P78Q,0.0
Streptomycin,gid,gid_p.Pro78Leu,p.Pro78Leu,missense_variant,3) Uncertain significance,P78L,0.23809523809523808
Streptomycin,gid,gid_p.Pro84Leu,p.Pro84Leu,missense_variant,2) Assoc w R - Interim,P84L,0.6086956521739131
Streptomycin,gid,gid_p.Pro84Ser,p.Pro84Ser,missense_variant,3) Uncertain significance,P84S,0.0
Streptomycin,gid,gid_p.Pro84Thr,p.Pro84Thr,missense_variant,3) Uncertain significance,P84T,1.0
Streptomycin,gid,gid_p.Pro93Arg,p.Pro93Arg,missense_variant,3) Uncertain significance,P93R,1.0
Streptomycin,gid,gid_p.Pro93Gln,p.Pro93Gln,missense_variant,3) Uncertain significance,P93Q,0.2
Streptomycin,gid,gid_p.Pro93Leu,p.Pro93Leu,missense_variant,3) Uncertain significance,P93L,0.5294117647058824
Streptomycin,gid,gid_p.Pro93Ser,p.Pro93Ser,missense_variant,3) Uncertain significance,P93S,0.2
Streptomycin,gid,gid_p.Ser122Pro,p.Ser122Pro,missense_variant,3) Uncertain significance,S122P,0.3333333333333333
Streptomycin,gid,gid_p.Ser131Arg,p.Ser131Arg,missense_variant,3) Uncertain significance,S131R,0.0
Streptomycin,gid,gid_p.Ser131Thr,p.Ser131Thr,missense_variant,3) Uncertain significance,S131T,0.0
Streptomycin,gid,gid_p.Ser136Ala,p.Ser136Ala,missense_variant,3) Uncertain significance,S136A,0.0
Streptomycin,gid,gid_p.Ser136Leu,p.Ser136Leu,missense_variant,3) Uncertain significance,S136L,0.0
Streptomycin,gid,gid_p.Ser136Pro,p.Ser136Pro,missense_variant,3) Uncertain significance,S136P,0.2857142857142857
Streptomycin,gid,gid_p.Ser149Arg,p.Ser149Arg,missense_variant,3) Uncertain significance,S149R,0.6341463414634146
Streptomycin,gid,gid_p.Ser149Asn,p.Ser149Asn,missense_variant,3) Uncertain significance,S149N,1.0
Streptomycin,gid,gid_p.Ser149Cys,p.Ser149Cys,missense_variant,3) Uncertain significance,S149C,1.0
Streptomycin,gid,gid_p.Ser149Thr,p.Ser149Thr,missense_variant,3) Uncertain significance,S149T,0.0
Streptomycin,gid,gid_p.Ser181Leu,p.Ser181Leu,missense_variant,3) Uncertain significance,S181L,0.3333333333333333
Streptomycin,gid,gid_p.Ser181Trp,p.Ser181Trp,missense_variant,3) Uncertain significance,S181W,1.0
Streptomycin,gid,gid_p.Ser220Arg,p.Ser220Arg,missense_variant,3) Uncertain significance,S220R,0.0
Streptomycin,gid,gid_p.Ser2Cys,p.Ser2Cys,missense_variant,3) Uncertain significance,S2C,0.0
Streptomycin,gid,gid_p.Ser70Arg,p.Ser70Arg,missense_variant,3) Uncertain significance,S70R,0.6216216216216216
Streptomycin,gid,gid_p.Ser70Asn,p.Ser70Asn,missense_variant,1) Assoc w R,S70N,0.85
Streptomycin,gid,gid_p.Ser70Gly,p.Ser70Gly,missense_variant,3) Uncertain significance,S70G,0.75
Streptomycin,gid,gid_p.Ser70Ile,p.Ser70Ile,missense_variant,3) Uncertain significance,S70I,0.6666666666666666
Streptomycin,gid,gid_p.Ser9Pro,p.Ser9Pro,missense_variant,3) Uncertain significance,S9P,0.5
Streptomycin,gid,gid_p.Thr146Ala,p.Thr146Ala,missense_variant,3) Uncertain significance,T146A,0.0
Streptomycin,gid,gid_p.Thr146Arg,p.Thr146Arg,missense_variant,3) Uncertain significance,T146R,0.0
Streptomycin,gid,gid_p.Thr146Lys,p.Thr146Lys,missense_variant,3) Uncertain significance,T146K,0.75
Streptomycin,gid,gid_p.Thr146Met,p.Thr146Met,missense_variant,3) Uncertain significance,T146M,0.0
Streptomycin,gid,gid_p.Thr146Pro,p.Thr146Pro,missense_variant,3) Uncertain significance,T146P,1.0
Streptomycin,gid,gid_p.Thr190Ala,p.Thr190Ala,missense_variant,3) Uncertain significance,T190A,0.0
Streptomycin,gid,gid_p.Thr190Ile,p.Thr190Ile,missense_variant,3) Uncertain significance,T190I,0.3333333333333333
Streptomycin,gid,gid_p.Thr190Pro,p.Thr190Pro,missense_variant,3) Uncertain significance,T190P,0.0
Streptomycin,gid,gid_p.Thr201Pro,p.Thr201Pro,missense_variant,3) Uncertain significance,T201P,0.5
Streptomycin,gid,gid_p.Thr98Ile,p.Thr98Ile,missense_variant,3) Uncertain significance,T98I,0.0
Streptomycin,gid,gid_p.Thr98Pro,p.Thr98Pro,missense_variant,3) Uncertain significance,T98P,0.5
Streptomycin,gid,gid_p.Trp123Cys,p.Trp123Cys,missense_variant,3) Uncertain significance,W123C,0.3333333333333333
Streptomycin,gid,gid_p.Trp148Arg,p.Trp148Arg,missense_variant,3) Uncertain significance,W148R,0.0
Streptomycin,gid,gid_p.Trp148Cys,p.Trp148Cys,missense_variant,3) Uncertain significance,W148C,0.3333333333333333
Streptomycin,gid,gid_p.Trp148Leu,p.Trp148Leu,missense_variant,3) Uncertain significance,W148L,0.5
Streptomycin,gid,gid_p.Trp45Arg,p.Trp45Arg,missense_variant,3) Uncertain significance,W45R,0.8461538461538461
Streptomycin,gid,gid_p.Trp45Cys,p.Trp45Cys,missense_variant,3) Uncertain significance,W45C,0.0
Streptomycin,gid,gid_p.Trp45Gly,p.Trp45Gly,missense_variant,3) Uncertain significance,W45G,1.0
Streptomycin,gid,gid_p.Trp45Ser,p.Trp45Ser,missense_variant,3) Uncertain significance,W45S,0.75
Streptomycin,gid,gid_p.Tyr195Cys,p.Tyr195Cys,missense_variant,3) Uncertain significance,Y195C,1.0
Streptomycin,gid,gid_p.Tyr195His,p.Tyr195His,missense_variant,5) Not assoc w R,Y195H,0.4037940379403794
Streptomycin,gid,gid_p.Tyr195Phe,p.Tyr195Phe,missense_variant,3) Uncertain significance,Y195F,0.0
Streptomycin,gid,gid_p.Tyr22Asn,p.Tyr22Asn,missense_variant,3) Uncertain significance,Y22N,1.0
Streptomycin,gid,gid_p.Tyr22Cys,p.Tyr22Cys,missense_variant,3) Uncertain significance,Y22C,0.6666666666666666
Streptomycin,gid,gid_p.Tyr22His,p.Tyr22His,missense_variant,3) Uncertain significance,Y22H,0.16666666666666666
Streptomycin,gid,gid_p.Tyr22Ser,p.Tyr22Ser,missense_variant,3) Uncertain significance,Y22S,0.75
Streptomycin,gid,gid_p.Val105Glu,p.Val105Glu,missense_variant,1) Assoc w R,V105E,0.9130434782608695
Streptomycin,gid,gid_p.Val105Gly,p.Val105Gly,missense_variant,3) Uncertain significance,V105G,0.0
Streptomycin,gid,gid_p.Val110Ala,p.Val110Ala,missense_variant,3) Uncertain significance,V110A,1.0
Streptomycin,gid,gid_p.Val112Gly,p.Val112Gly,missense_variant,3) Uncertain significance,V112G,0.25
Streptomycin,gid,gid_p.Val115Ala,p.Val115Ala,missense_variant,3) Uncertain significance,V115A,1.0
Streptomycin,gid,gid_p.Val115Gly,p.Val115Gly,missense_variant,3) Uncertain significance,V115G,0.5
Streptomycin,gid,gid_p.Val124Ala,p.Val124Ala,missense_variant,3) Uncertain significance,V124A,0.75
Streptomycin,gid,gid_p.Val124Gly,p.Val124Gly,missense_variant,3) Uncertain significance,V124G,0.5
Streptomycin,gid,gid_p.Val124Leu,p.Val124Leu,missense_variant,3) Uncertain significance,V124L,1.0
Streptomycin,gid,gid_p.Val124Met,p.Val124Met,missense_variant,3) Uncertain significance,V124M,1.0
Streptomycin,gid,gid_p.Val135Gly,p.Val135Gly,missense_variant,3) Uncertain significance,V135G,0.6666666666666666
Streptomycin,gid,gid_p.Val135Met,p.Val135Met,missense_variant,3) Uncertain significance,V135M,0.0
Streptomycin,gid,gid_p.Val139Ala,p.Val139Ala,missense_variant,3) Uncertain significance,V139A,1.0
Streptomycin,gid,gid_p.Val139Met,p.Val139Met,missense_variant,3) Uncertain significance,V139M,0.5
Streptomycin,gid,gid_p.Val171Gly,p.Val171Gly,missense_variant,3) Uncertain significance,V171G,0.5
Streptomycin,gid,gid_p.Val171Leu,p.Val171Leu,missense_variant,3) Uncertain significance,V171L,0.0
Streptomycin,gid,gid_p.Val177Leu,p.Val177Leu,missense_variant,3) Uncertain significance,V177L,0.0
Streptomycin,gid,gid_p.Val177Met,p.Val177Met,missense_variant,3) Uncertain significance,V177M,1.0
Streptomycin,gid,gid_p.Val186Phe,p.Val186Phe,missense_variant,3) Uncertain significance,V186F,0.0
Streptomycin,gid,gid_p.Val188Ala,p.Val188Ala,missense_variant,3) Uncertain significance,V188A,1.0
Streptomycin,gid,gid_p.Val188Gly,p.Val188Gly,missense_variant,3) Uncertain significance,V188G,0.0
Streptomycin,gid,gid_p.Val202Ala,p.Val202Ala,missense_variant,3) Uncertain significance,V202A,0.5
Streptomycin,gid,gid_p.Val202Gly,p.Val202Gly,missense_variant,3) Uncertain significance,V202G,0.75
Streptomycin,gid,gid_p.Val202Leu,p.Val202Leu,missense_variant,3) Uncertain significance,V202L,0.0
Streptomycin,gid,gid_p.Val203Glu,p.Val203Glu,missense_variant,3) Uncertain significance,V203E,0.0
Streptomycin,gid,gid_p.Val203Gly,p.Val203Gly,missense_variant,3) Uncertain significance,V203G,0.0
Streptomycin,gid,gid_p.Val203Leu,p.Val203Leu,missense_variant,3) Uncertain significance,V203L,0.5
Streptomycin,gid,gid_p.Val203Met,p.Val203Met,missense_variant,3) Uncertain significance,V203M,0.5
Streptomycin,gid,gid_p.Val36Ala,p.Val36Ala,missense_variant,3) Uncertain significance,V36A,0.4
Streptomycin,gid,gid_p.Val36Gly,p.Val36Gly,missense_variant,3) Uncertain significance,V36G,0.6666666666666666
Streptomycin,gid,gid_p.Val41Ala,p.Val41Ala,missense_variant,3) Uncertain significance,V41A,0.0
Streptomycin,gid,gid_p.Val41Gly,p.Val41Gly,missense_variant,3) Uncertain significance,V41G,0.0
Streptomycin,gid,gid_p.Val41Ile,p.Val41Ile,missense_variant,3) Uncertain significance,V41I,0.5
Streptomycin,gid,gid_p.Val41Leu,p.Val41Leu,missense_variant,3) Uncertain significance,V41L,0.0
Streptomycin,gid,gid_p.Val65Ala,p.Val65Ala,missense_variant,3) Uncertain significance,V65A,0.6842105263157895
Streptomycin,gid,gid_p.Val65Gly,p.Val65Gly,missense_variant,3) Uncertain significance,V65G,0.5
Streptomycin,gid,gid_p.Val65Ile,p.Val65Ile,missense_variant,3) Uncertain significance,V65I,0.0
Streptomycin,gid,gid_p.Val65Phe,p.Val65Phe,missense_variant,3) Uncertain significance,V65F,0.25
Streptomycin,gid,gid_p.Val66Ala,p.Val66Ala,missense_variant,3) Uncertain significance,V66A,1.0
Streptomycin,gid,gid_p.Val66Met,p.Val66Met,missense_variant,3) Uncertain significance,V66M,1.0
Streptomycin,gid,gid_p.Val77Ala,p.Val77Ala,missense_variant,3) Uncertain significance,V77A,0.7916666666666666
Streptomycin,gid,gid_p.Val77Gly,p.Val77Gly,missense_variant,3) Uncertain significance,V77G,0.40625
Streptomycin,gid,gid_p.Val88Ala,p.Val88Ala,missense_variant,3) Uncertain significance,V88A,0.6
Streptomycin,gid,gid_p.Val88Gly,p.Val88Gly,missense_variant,3) Uncertain significance,V88G,0.6666666666666666
Streptomycin,gid,gid_p.Val89Ala,p.Val89Ala,missense_variant,3) Uncertain significance,V89A,0.0
Streptomycin,gid,gid_p.Val89Gly,p.Val89Gly,missense_variant,3) Uncertain significance,V89G,1.0
Streptomycin,rpsL,rpsL_p.Ala113Gly,p.Ala113Gly,missense_variant,3) Uncertain significance,A113G,0.0
Streptomycin,rpsL,rpsL_p.Arg114Cys,p.Arg114Cys,missense_variant,3) Uncertain significance,R114C,0.0
Streptomycin,rpsL,rpsL_p.Arg116His,p.Arg116His,missense_variant,3) Uncertain significance,R116H,0.0
Streptomycin,rpsL,rpsL_p.Arg30Cys,p.Arg30Cys,missense_variant,3) Uncertain significance,R30C,1.0
Streptomycin,rpsL,rpsL_p.Arg86Gln,p.Arg86Gln,missense_variant,3) Uncertain significance,R86Q,1.0
Streptomycin,rpsL,rpsL_p.Arg86Gly,p.Arg86Gly,missense_variant,3) Uncertain significance,R86G,0.0
Streptomycin,rpsL,rpsL_p.Arg94Cys,p.Arg94Cys,missense_variant,3) Uncertain significance,R94C,1.0
Streptomycin,rpsL,rpsL_p.Asn73Lys,p.Asn73Lys,missense_variant,3) Uncertain significance,N73K,0.0
Streptomycin,rpsL,rpsL_p.Asp14Glu,p.Asp14Glu,missense_variant,3) Uncertain significance,D14E,0.0
Streptomycin,rpsL,rpsL_p.Asp14Tyr,p.Asp14Tyr,missense_variant,3) Uncertain significance,D14Y,0.0
Streptomycin,rpsL,rpsL_p.Gln105Glu,p.Gln105Glu,missense_variant,3) Uncertain significance,Q105E,0.0
Streptomycin,rpsL,rpsL_p.Glu122Lys,p.Glu122Lys,missense_variant,3) Uncertain significance,E122K,1.0
Streptomycin,rpsL,rpsL_p.Glu70Ala,p.Glu70Ala,missense_variant,3) Uncertain significance,E70A,0.6
Streptomycin,rpsL,rpsL_p.Glu76Ala,p.Glu76Ala,missense_variant,3) Uncertain significance,E76A,0.0
Streptomycin,rpsL,rpsL_p.Gly100Ser,p.Gly100Ser,missense_variant,3) Uncertain significance,G100S,0.0
Streptomycin,rpsL,rpsL_p.Gly106Cys,p.Gly106Cys,missense_variant,3) Uncertain significance,G106C,1.0
Streptomycin,rpsL,rpsL_p.Gly124Ser,p.Gly124Ser,missense_variant,3) Uncertain significance,G124S,0.0
Streptomycin,rpsL,rpsL_p.Gly71Asp,p.Gly71Asp,missense_variant,3) Uncertain significance,G71D,1.0
Streptomycin,rpsL,rpsL_p.Gly71Ser,p.Gly71Ser,missense_variant,3) Uncertain significance,G71S,1.0
Streptomycin,rpsL,rpsL_p.Ile16Thr,p.Ile16Thr,missense_variant,3) Uncertain significance,I16T,0.0
Streptomycin,rpsL,rpsL_p.Ile16Val,p.Ile16Val,missense_variant,3) Uncertain significance,I16V,0.0
Streptomycin,rpsL,rpsL_p.Lys108Thr,p.Lys108Thr,missense_variant,3) Uncertain significance,K108T,0.0
Streptomycin,rpsL,rpsL_p.Lys10Thr,p.Lys10Thr,missense_variant,3) Uncertain significance,K10T,0.0
Streptomycin,rpsL,rpsL_p.Lys43Arg,p.Lys43Arg,missense_variant,1) Assoc w R,K43R,0.9792315680166147
Streptomycin,rpsL,rpsL_p.Lys43Asn,p.Lys43Asn,missense_variant,3) Uncertain significance,K43N,1.0
Streptomycin,rpsL,rpsL_p.Lys43Met,p.Lys43Met,missense_variant,3) Uncertain significance,K43M,1.0
Streptomycin,rpsL,rpsL_p.Lys43Thr,p.Lys43Thr,missense_variant,3) Uncertain significance,K43T,0.75
Streptomycin,rpsL,rpsL_p.Lys88Arg,p.Lys88Arg,missense_variant,1) Assoc w R,K88R,0.9778456837280367
Streptomycin,rpsL,rpsL_p.Lys88Gln,p.Lys88Gln,missense_variant,2) Assoc w R - Interim,K88Q,0.7894736842105263
Streptomycin,rpsL,rpsL_p.Lys88Met,p.Lys88Met,missense_variant,1) Assoc w R,K88M,1.0
Streptomycin,rpsL,rpsL_p.Lys88Thr,p.Lys88Thr,missense_variant,3) Uncertain significance,K88T,0.9861111111111112
Streptomycin,rpsL,rpsL_p.Pro2Arg,p.Pro2Arg,missense_variant,3) Uncertain significance,P2R,0.0
Streptomycin,rpsL,rpsL_p.Pro2Ser,p.Pro2Ser,missense_variant,3) Uncertain significance,P2S,1.0
Streptomycin,rpsL,rpsL_p.Pro91Ser,p.Pro91Ser,missense_variant,3) Uncertain significance,P91S,1.0
Streptomycin,rpsL,rpsL_p.Ser101Ala,p.Ser101Ala,missense_variant,3) Uncertain significance,S101A,0.0
Streptomycin,rpsL,rpsL_p.Ser17Arg,p.Ser17Arg,missense_variant,3) Uncertain significance,S17R,0.0
Streptomycin,rpsL,rpsL_p.Ser17Asn,p.Ser17Asn,missense_variant,3) Uncertain significance,S17N,0.0
Streptomycin,rpsL,rpsL_p.Ser17Ile,p.Ser17Ile,missense_variant,3) Uncertain significance,S17I,1.0
Streptomycin,rpsL,rpsL_p.Thr104Met,p.Thr104Met,missense_variant,3) Uncertain significance,T104M,0.0
Streptomycin,rpsL,rpsL_p.Thr35Ala,p.Thr35Ala,missense_variant,3) Uncertain significance,T35A,0.0
Streptomycin,rpsL,rpsL_p.Thr40Ile,p.Thr40Ile,missense_variant,3) Uncertain significance,T40I,1.0
Streptomycin,rpsL,rpsL_p.Thr58Ala,p.Thr58Ala,missense_variant,3) Uncertain significance,T58A,0.0
Streptomycin,rpsL,rpsL_p.Thr64Met,p.Thr64Met,missense_variant,3) Uncertain significance,T64M,1.0
Streptomycin,rpsL,rpsL_p.Val107Ala,p.Val107Ala,missense_variant,3) Uncertain significance,V107A,1.0
Streptomycin,rpsL,rpsL_p.Val55Met,p.Val55Met,missense_variant,3) Uncertain significance,V55M,1.0
Streptomycin,rpsL,rpsL_p.Val63Ile,p.Val63Ile,missense_variant,3) Uncertain significance,V63I,0.0
