mutation_x,delta_z,gene,drug,mutation_y,effect,confidence,one_letter_mutation,frequency
A45V,0.12317466,atpE,Bedaquiline,p.Ala45Val,missense_variant,3) Uncertain significance,A45V,0.0
A62T,0.12203303,atpE,Bedaquiline,p.Ala62Thr,missense_variant,3) Uncertain significance,A62T,0.0
A63P,0.35064,atpE,Bedaquiline,p.Ala63Pro,missense_variant,2) Assoc w R - Interim,A63P,1.0
A63T,0.13129003,atpE,Bedaquiline,p.Ala63Thr,missense_variant,3) Uncertain significance,A63T,1.0
A63V,0.12632085,atpE,Bedaquiline,p.Ala63Val,missense_variant,3) Uncertain significance,A63V,1.0
D28A,0.3190414,atpE,Bedaquiline,p.Asp28Ala,missense_variant,2) Assoc w R - Interim,D28A,
D28G,0.3151775,atpE,Bedaquiline,p.Asp28Gly,missense_variant,2) Assoc w R - Interim,D28G,
D28V,0.36628494,atpE,Bedaquiline,p.Asp28Val,missense_variant,2) Assoc w R - Interim,D28V,
E61D,0.10903399,atpE,Bedaquiline,p.Glu61Asp,missense_variant,2) Assoc w R - Interim,E61D,0.4
I66M,0.16873163,atpE,Bedaquiline,p.Ile66Met,missense_variant,2) Assoc w R - Interim,I66M,1.0
L59F,0.1550151,atpE,Bedaquiline,p.Leu59Phe,missense_variant,3) Uncertain significance,L59F,0.0
F76L,0.1011528,atpE,Bedaquiline,p.Phe76Leu,missense_variant,3) Uncertain significance,F76L,0.0
S37A,0.19214419,atpE,Bedaquiline,p.Ser37Ala,missense_variant,3) Uncertain significance,S37A,0.0
T51I,0.14805898,atpE,Bedaquiline,p.Thr51Ile,missense_variant,3) Uncertain significance,T51I,0.0
V39I,0.116813764,atpE,Bedaquiline,p.Val39Ile,missense_variant,3) Uncertain significance,V39I,0.0
A10G,0.06892934,gid,Streptomycin,p.Ala10Gly,missense_variant,3) Uncertain significance,A10G,0.3333333333333333
A10P,0.07221068,gid,Streptomycin,p.Ala10Pro,missense_variant,3) Uncertain significance,A10P,0.21875
A10V,0.07731605,gid,Streptomycin,p.Ala10Val,missense_variant,3) Uncertain significance,A10V,0.2222222222222222
A111V,0.058582734,gid,Streptomycin,p.Ala111Val,missense_variant,3) Uncertain significance,A111V,0.0
A119D,0.06552147,gid,Streptomycin,p.Ala119Asp,missense_variant,3) Uncertain significance,A119D,0.5714285714285714
A119T,0.04514902,gid,Streptomycin,p.Ala119Thr,missense_variant,3) Uncertain significance,A119T,0.4068965517241379
A119V,0.049277,gid,Streptomycin,p.Ala119Val,missense_variant,3) Uncertain significance,A119V,0.0
A133G,0.1074539,gid,Streptomycin,p.Ala133Gly,missense_variant,3) Uncertain significance,A133G,0.25
A133P,0.3003422,gid,Streptomycin,p.Ala133Pro,missense_variant,3) Uncertain significance,A133P,0.5
A133T,0.15971687,gid,Streptomycin,p.Ala133Thr,missense_variant,3) Uncertain significance,A133T,1.0
A133V,0.13564003,gid,Streptomycin,p.Ala133Val,missense_variant,3) Uncertain significance,A133V,0.0
A134E,0.21033575,gid,Streptomycin,p.Ala134Glu,missense_variant,1) Assoc w R,A134E,1.0
A134P,0.22661752,gid,Streptomycin,p.Ala134Pro,missense_variant,3) Uncertain significance,A134P,1.0
A134T,0.1665266,gid,Streptomycin,p.Ala134Thr,missense_variant,3) Uncertain significance,A134T,0.0
A138E,0.21963069,gid,Streptomycin,p.Ala138Glu,missense_variant,3) Uncertain significance,A138E,0.8333333333333334
A138L,0.11926818,gid,Streptomycin,p.Ala138Leu,missense_variant,3) Uncertain significance,A138L,1.0
A138P,0.2430591,gid,Streptomycin,p.Ala138Pro,missense_variant,3) Uncertain significance,A138P,0.42857142857142855
A138S,0.10940993,gid,Streptomycin,p.Ala138Ser,missense_variant,3) Uncertain significance,A138S,0.0
A138T,0.0964668,gid,Streptomycin,p.Ala138Thr,missense_variant,3) Uncertain significance,A138T,0.3333333333333333
A138V,0.12664725,gid,Streptomycin,p.Ala138Val,missense_variant,3) Uncertain significance,A138V,0.6379310344827587
A140P,0.16292301,gid,Streptomycin,p.Ala140Pro,missense_variant,3) Uncertain significance,A140P,1.0
A140S,0.06096634,gid,Streptomycin,p.Ala140Ser,missense_variant,3) Uncertain significance,A140S,1.0
A140V,0.12671767,gid,Streptomycin,p.Ala140Val,missense_variant,3) Uncertain significance,A140V,0.5
A141E,0.084375344,gid,Streptomycin,p.Ala141Glu,missense_variant,3) Uncertain significance,A141E,0.25
A141T,0.071964145,gid,Streptomycin,p.Ala141Thr,missense_variant,3) Uncertain significance,A141T,0.0
A161D,0.121774524,gid,Streptomycin,p.Ala161Asp,missense_variant,3) Uncertain significance,A161D,0.8333333333333334
A161G,0.06576632,gid,Streptomycin,p.Ala161Gly,missense_variant,3) Uncertain significance,A161G,0.25
A161P,0.097468674,gid,Streptomycin,p.Ala161Pro,missense_variant,3) Uncertain significance,A161P,0.0
A161V,0.090325646,gid,Streptomycin,p.Ala161Val,missense_variant,3) Uncertain significance,A161V,0.0
A167D,0.05426716,gid,Streptomycin,p.Ala167Asp,missense_variant,3) Uncertain significance,A167D,0.7692307692307693
A167P,0.052835204,gid,Streptomycin,p.Ala167Pro,missense_variant,3) Uncertain significance,A167P,0.0
A167S,0.048224926,gid,Streptomycin,p.Ala167Ser,missense_variant,3) Uncertain significance,A167S,0.0
A180G,0.07759056,gid,Streptomycin,p.Ala180Gly,missense_variant,3) Uncertain significance,A180G,0.5
A180S,0.09207754,gid,Streptomycin,p.Ala180Ser,missense_variant,3) Uncertain significance,A180S,1.0
A183E,0.08892686,gid,Streptomycin,p.Ala183Glu,missense_variant,3) Uncertain significance,A183E,1.0
A183P,0.082020804,gid,Streptomycin,p.Ala183Pro,missense_variant,3) Uncertain significance,A183P,0.5
A183T,0.078555435,gid,Streptomycin,p.Ala183Thr,missense_variant,3) Uncertain significance,A183T,0.0
A183V,0.06402141,gid,Streptomycin,p.Ala183Val,missense_variant,3) Uncertain significance,A183V,0.0
A193G,0.03947203,gid,Streptomycin,p.Ala193Gly,missense_variant,3) Uncertain significance,A193G,0.0
A193P,0.04747227,gid,Streptomycin,p.Ala193Pro,missense_variant,3) Uncertain significance,A193P,0.0
A19D,0.07357368,gid,Streptomycin,p.Ala19Asp,missense_variant,3) Uncertain significance,A19D,1.0
A19G,0.050954796,gid,Streptomycin,p.Ala19Gly,missense_variant,3) Uncertain significance,A19G,0.0
A19P,0.060153794,gid,Streptomycin,p.Ala19Pro,missense_variant,3) Uncertain significance,A19P,0.625
A19S,0.05300341,gid,Streptomycin,p.Ala19Ser,missense_variant,3) Uncertain significance,A19S,0.0
A19T,0.057684083,gid,Streptomycin,p.Ala19Thr,missense_variant,3) Uncertain significance,A19T,0.7142857142857143
A200E,0.07067988,gid,Streptomycin,p.Ala200Glu,missense_variant,1) Assoc w R,A200E,0.8666666666666667
A200V,0.072253674,gid,Streptomycin,p.Ala200Val,missense_variant,3) Uncertain significance,A200V,1.0
A205E,0.06949819,gid,Streptomycin,p.Ala205Glu,missense_variant,3) Uncertain significance,A205E,1.0
A205T,0.08565724,gid,Streptomycin,p.Ala205Thr,missense_variant,3) Uncertain significance,A205T,0.1956521739130435
A205V,0.0763906,gid,Streptomycin,p.Ala205Val,missense_variant,3) Uncertain significance,A205V,0.0
A219V,0.06415147,gid,Streptomycin,p.Ala219Val,missense_variant,3) Uncertain significance,A219V,0.0
A224V,0.06788036,gid,Streptomycin,p.Ala224Val,missense_variant,3) Uncertain significance,A224V,0.0
A23D,0.08479789,gid,Streptomycin,p.Ala23Asp,missense_variant,3) Uncertain significance,A23D,0.3333333333333333
A23P,0.088222,gid,Streptomycin,p.Ala23Pro,missense_variant,3) Uncertain significance,A23P,0.0
A25G,0.05651244,gid,Streptomycin,p.Ala25Gly,missense_variant,3) Uncertain significance,A25G,0.0
A25P,0.07910911,gid,Streptomycin,p.Ala25Pro,missense_variant,3) Uncertain significance,A25P,0.75
A25V,0.056322444,gid,Streptomycin,p.Ala25Val,missense_variant,3) Uncertain significance,A25V,0.0
A27P,0.056274828,gid,Streptomycin,p.Ala27Pro,missense_variant,3) Uncertain significance,A27P,0.375
A27V,0.053660758,gid,Streptomycin,p.Ala27Val,missense_variant,3) Uncertain significance,A27V,0.0
A53D,0.06935393,gid,Streptomycin,p.Ala53Asp,missense_variant,3) Uncertain significance,A53D,0.5
A72D,0.13667838,gid,Streptomycin,p.Ala72Asp,missense_variant,3) Uncertain significance,A72D,0.0
A72T,0.08802244,gid,Streptomycin,p.Ala72Thr,missense_variant,3) Uncertain significance,A72T,0.6666666666666666
A72V,0.068489164,gid,Streptomycin,p.Ala72Val,missense_variant,3) Uncertain significance,A72V,0.6666666666666666
A80E,0.095867656,gid,Streptomycin,p.Ala80Glu,missense_variant,3) Uncertain significance,A80E,0.5
A80P,0.1013432,gid,Streptomycin,p.Ala80Pro,missense_variant,3) Uncertain significance,A80P,0.9444444444444444
A80V,0.10186744,gid,Streptomycin,p.Ala80Val,missense_variant,3) Uncertain significance,A80V,0.0
A82E,0.07671586,gid,Streptomycin,p.Ala82Glu,missense_variant,3) Uncertain significance,A82E,0.0
A82P,0.08669327,gid,Streptomycin,p.Ala82Pro,missense_variant,3) Uncertain significance,A82P,0.875
A8E,0.0671093,gid,Streptomycin,p.Ala8Glu,missense_variant,3) Uncertain significance,A8E,0.0
A8P,0.05765355,gid,Streptomycin,p.Ala8Pro,missense_variant,3) Uncertain significance,A8P,0.0
A8V,0.06330081,gid,Streptomycin,p.Ala8Val,missense_variant,3) Uncertain significance,A8V,0.16666666666666666
R102G,0.07224183,gid,Streptomycin,p.Arg102Gly,missense_variant,3) Uncertain significance,R102G,0.0
R102P,0.09128058,gid,Streptomycin,p.Arg102Pro,missense_variant,3) Uncertain significance,R102P,1.0
R116Q,0.06116616,gid,Streptomycin,p.Arg116Gln,missense_variant,3) Uncertain significance,R116Q,1.0
R116G,0.068158746,gid,Streptomycin,p.Arg116Gly,missense_variant,3) Uncertain significance,R116G,0.3333333333333333
R116W,0.07803094,gid,Streptomycin,p.Arg116Trp,missense_variant,3) Uncertain significance,R116W,0.25
R118C,0.093147695,gid,Streptomycin,p.Arg118Cys,missense_variant,3) Uncertain significance,R118C,1.0
R118H,0.058391333,gid,Streptomycin,p.Arg118His,missense_variant,3) Uncertain significance,R118H,1.0
R118L,0.0844668,gid,Streptomycin,p.Arg118Leu,missense_variant,3) Uncertain significance,R118L,0.6666666666666666
R118P,0.06352569,gid,Streptomycin,p.Arg118Pro,missense_variant,3) Uncertain significance,R118P,0.0
R118S,0.045014445,gid,Streptomycin,p.Arg118Ser,missense_variant,3) Uncertain significance,R118S,0.6
R137Q,0.09933986,gid,Streptomycin,p.Arg137Gln,missense_variant,3) Uncertain significance,R137Q,0.375
R137L,0.2498906,gid,Streptomycin,p.Arg137Leu,missense_variant,3) Uncertain significance,R137L,0.75
R137P,0.28976476,gid,Streptomycin,p.Arg137Pro,missense_variant,3) Uncertain significance,R137P,0.6
R137W,0.17354093,gid,Streptomycin,p.Arg137Trp,missense_variant,3) Uncertain significance,R137W,0.65625
R154P,0.15046692,gid,Streptomycin,p.Arg154Pro,missense_variant,3) Uncertain significance,R154P,0.30434782608695654
R154W,0.16582881,gid,Streptomycin,p.Arg154Trp,missense_variant,3) Uncertain significance,R154W,1.0
R158G,0.114017226,gid,Streptomycin,p.Arg158Gly,missense_variant,3) Uncertain significance,R158G,0.0
R158L,0.0843945,gid,Streptomycin,p.Arg158Leu,missense_variant,3) Uncertain significance,R158L,1.0
R158P,0.11011056,gid,Streptomycin,p.Arg158Pro,missense_variant,3) Uncertain significance,R158P,0.5
R15P,0.059683587,gid,Streptomycin,p.Arg15Pro,missense_variant,3) Uncertain significance,R15P,0.0
R15W,0.087202094,gid,Streptomycin,p.Arg15Trp,missense_variant,3) Uncertain significance,R15W,0.0
R166P,0.069684535,gid,Streptomycin,p.Arg166Pro,missense_variant,3) Uncertain significance,R166P,1.0
R166W,0.07081081,gid,Streptomycin,p.Arg166Trp,missense_variant,3) Uncertain significance,R166W,0.3333333333333333
R172W,0.08340265,gid,Streptomycin,p.Arg172Trp,missense_variant,3) Uncertain significance,R172W,0.0
R175G,0.078026116,gid,Streptomycin,p.Arg175Gly,missense_variant,3) Uncertain significance,R175G,0.0
R175P,0.092353,gid,Streptomycin,p.Arg175Pro,missense_variant,3) Uncertain significance,R175P,1.0
R176C,0.13658842,gid,Streptomycin,p.Arg176Cys,missense_variant,3) Uncertain significance,R176C,0.0
R176S,0.07515379,gid,Streptomycin,p.Arg176Ser,missense_variant,3) Uncertain significance,R176S,0.0
R187K,0.10175159,gid,Streptomycin,p.Arg187Lys,missense_variant,3) Uncertain significance,R187K,0.0
R187S,0.07142929,gid,Streptomycin,p.Arg187Ser,missense_variant,3) Uncertain significance,R187S,0.0
R197C,0.10209857,gid,Streptomycin,p.Arg197Cys,missense_variant,3) Uncertain significance,R197C,0.5
R197P,0.055056438,gid,Streptomycin,p.Arg197Pro,missense_variant,3) Uncertain significance,R197P,0.6666666666666666
R207H,0.09059441,gid,Streptomycin,p.Arg207His,missense_variant,3) Uncertain significance,R207H,0.0
R20Q,0.108119756,gid,Streptomycin,p.Arg20Gln,missense_variant,3) Uncertain significance,R20Q,0.0
R20G,0.06636868,gid,Streptomycin,p.Arg20Gly,missense_variant,3) Uncertain significance,R20G,0.0
R20P,0.08992742,gid,Streptomycin,p.Arg20Pro,missense_variant,3) Uncertain significance,R20P,0.2631578947368421
R217L,0.08393929,gid,Streptomycin,p.Arg217Leu,missense_variant,3) Uncertain significance,R217L,0.0
R217W,0.08027207,gid,Streptomycin,p.Arg217Trp,missense_variant,3) Uncertain significance,R217W,0.0
R21P,0.08684932,gid,Streptomycin,p.Arg21Pro,missense_variant,3) Uncertain significance,R21P,0.2857142857142857
R21W,0.08421039,gid,Streptomycin,p.Arg21Trp,missense_variant,3) Uncertain significance,R21W,1.0
R33P,0.059137605,gid,Streptomycin,p.Arg33Pro,missense_variant,3) Uncertain significance,R33P,0.0
R33W,0.08259187,gid,Streptomycin,p.Arg33Trp,missense_variant,3) Uncertain significance,R33W,1.0
R39C,0.09639489,gid,Streptomycin,p.Arg39Cys,missense_variant,3) Uncertain significance,R39C,0.0
R47Q,0.07725988,gid,Streptomycin,p.Arg47Gln,missense_variant,3) Uncertain significance,R47Q,0.7272727272727273
R47L,0.07063088,gid,Streptomycin,p.Arg47Leu,missense_variant,3) Uncertain significance,R47L,0.6666666666666666
R47P,0.07583121,gid,Streptomycin,p.Arg47Pro,missense_variant,3) Uncertain significance,R47P,1.0
R47W,0.08350867,gid,Streptomycin,p.Arg47Trp,missense_variant,3) Uncertain significance,R47W,0.4
R61P,0.09428481,gid,Streptomycin,p.Arg61Pro,missense_variant,3) Uncertain significance,R61P,1.0
R64P,0.13375854,gid,Streptomycin,p.Arg64Pro,missense_variant,3) Uncertain significance,R64P,1.0
R64W,0.12755705,gid,Streptomycin,p.Arg64Trp,missense_variant,3) Uncertain significance,R64W,1.0
R83Q,0.111461386,gid,Streptomycin,p.Arg83Gln,missense_variant,3) Uncertain significance,R83Q,1.0
R83G,0.09581839,gid,Streptomycin,p.Arg83Gly,missense_variant,3) Uncertain significance,R83G,0.6
R83L,0.08946683,gid,Streptomycin,p.Arg83Leu,missense_variant,3) Uncertain significance,R83L,1.0
R83P,0.09322544,gid,Streptomycin,p.Arg83Pro,missense_variant,3) Uncertain significance,R83P,0.7
R83W,0.08638493,gid,Streptomycin,p.Arg83Trp,missense_variant,3) Uncertain significance,R83W,0.5
R96C,0.073352545,gid,Streptomycin,p.Arg96Cys,missense_variant,3) Uncertain significance,R96C,0.5833333333333334
R96H,0.05760862,gid,Streptomycin,p.Arg96His,missense_variant,3) Uncertain significance,R96H,0.4
R96L,0.054017812,gid,Streptomycin,p.Arg96Leu,missense_variant,3) Uncertain significance,R96L,0.631578947368421
R96P,0.06970519,gid,Streptomycin,p.Arg96Pro,missense_variant,3) Uncertain significance,R96P,1.0
R97C,0.061947223,gid,Streptomycin,p.Arg97Cys,missense_variant,3) Uncertain significance,R97C,0.0
R97H,0.05122943,gid,Streptomycin,p.Arg97His,missense_variant,3) Uncertain significance,R97H,1.0
R97L,0.075402394,gid,Streptomycin,p.Arg97Leu,missense_variant,3) Uncertain significance,R97L,0.5
N194D,0.07281473,gid,Streptomycin,p.Asn194Asp,missense_variant,3) Uncertain significance,N194D,0.0
N51D,0.07312894,gid,Streptomycin,p.Asn51Asp,missense_variant,3) Uncertain significance,N51D,0.8571428571428571
N51H,0.06258877,gid,Streptomycin,p.Asn51His,missense_variant,3) Uncertain significance,N51H,0.0
N51K,0.070612796,gid,Streptomycin,p.Asn51Lys,missense_variant,3) Uncertain significance,N51K,0.5625
N51T,0.068873174,gid,Streptomycin,p.Asn51Thr,missense_variant,3) Uncertain significance,N51T,0.3333333333333333
D107G,0.06600923,gid,Streptomycin,p.Asp107Gly,missense_variant,3) Uncertain significance,D107G,0.0
D107H,0.07713201,gid,Streptomycin,p.Asp107His,missense_variant,3) Uncertain significance,D107H,0.0
D132E,0.11720193,gid,Streptomycin,p.Asp132Glu,missense_variant,3) Uncertain significance,D132E,0.3333333333333333
D132G,0.22900367,gid,Streptomycin,p.Asp132Gly,missense_variant,3) Uncertain significance,D132G,0.0
D132H,0.17193459,gid,Streptomycin,p.Asp132His,missense_variant,3) Uncertain significance,D132H,0.0
D132Y,0.31206843,gid,Streptomycin,p.Asp132Tyr,missense_variant,3) Uncertain significance,D132Y,0.9333333333333333
D143A,0.08608605,gid,Streptomycin,p.Asp143Ala,missense_variant,3) Uncertain significance,D143A,0.0
D169G,0.07363539,gid,Streptomycin,p.Asp169Gly,missense_variant,3) Uncertain significance,D169G,0.0
D169H,0.07470995,gid,Streptomycin,p.Asp169His,missense_variant,3) Uncertain significance,D169H,0.0
D185N,0.08979149,gid,Streptomycin,p.Asp185Asn,missense_variant,3) Uncertain significance,D185N,0.0
D63H,0.11796368,gid,Streptomycin,p.Asp63His,missense_variant,3) Uncertain significance,D63H,0.6666666666666666
D63Y,0.16061991,gid,Streptomycin,p.Asp63Tyr,missense_variant,3) Uncertain significance,D63Y,1.0
D67A,0.13853967,gid,Streptomycin,p.Asp67Ala,missense_variant,3) Uncertain significance,D67A,0.6666666666666666
D67N,0.093494974,gid,Streptomycin,p.Asp67Asn,missense_variant,3) Uncertain significance,D67N,1.0
D67E,0.10050369,gid,Streptomycin,p.Asp67Glu,missense_variant,3) Uncertain significance,D67E,0.5
D67G,0.14582522,gid,Streptomycin,p.Asp67Gly,missense_variant,3) Uncertain significance,D67G,0.8589743589743589
D67H,0.10952591,gid,Streptomycin,p.Asp67His,missense_variant,2) Assoc w R - Interim,D67H,0.9
D85A,0.077133484,gid,Streptomycin,p.Asp85Ala,missense_variant,3) Uncertain significance,D85A,0.8
D85N,0.08211667,gid,Streptomycin,p.Asp85Asn,missense_variant,3) Uncertain significance,D85N,0.0
D85E,0.046215687,gid,Streptomycin,p.Asp85Glu,missense_variant,3) Uncertain significance,D85E,0.2
D85G,0.086870916,gid,Streptomycin,p.Asp85Gly,missense_variant,3) Uncertain significance,D85G,1.0
D85H,0.0697909,gid,Streptomycin,p.Asp85His,missense_variant,3) Uncertain significance,D85H,0.0
C191R,0.091493785,gid,Streptomycin,p.Cys191Arg,missense_variant,3) Uncertain significance,C191R,1.0
C191F,0.08706943,gid,Streptomycin,p.Cys191Phe,missense_variant,3) Uncertain significance,C191F,0.6666666666666666
C191W,0.08751641,gid,Streptomycin,p.Cys191Trp,missense_variant,3) Uncertain significance,C191W,0.3333333333333333
C191Y,0.0927984,gid,Streptomycin,p.Cys191Tyr,missense_variant,3) Uncertain significance,C191Y,0.3333333333333333
C52R,0.093584254,gid,Streptomycin,p.Cys52Arg,missense_variant,3) Uncertain significance,C52R,0.0
C52F,0.071763456,gid,Streptomycin,p.Cys52Phe,missense_variant,3) Uncertain significance,C52F,1.0
C52W,0.076452665,gid,Streptomycin,p.Cys52Trp,missense_variant,3) Uncertain significance,C52W,0.0
C52Y,0.0801091,gid,Streptomycin,p.Cys52Tyr,missense_variant,3) Uncertain significance,C52Y,0.6666666666666666
Q125E,0.10763136,gid,Streptomycin,p.Gln125Glu,missense_variant,3) Uncertain significance,Q125E,0.0
Q127E,0.10315825,gid,Streptomycin,p.Gln127Glu,missense_variant,3) Uncertain significance,Q127E,0.0
Q210H,0.070879824,gid,Streptomycin,p.Gln210His,missense_variant,3) Uncertain significance,Q210H,1.0
Q87R,0.10284204,gid,Streptomycin,p.Gln87Arg,missense_variant,3) Uncertain significance,Q87R,0.0
Q87E,0.11003732,gid,Streptomycin,p.Gln87Glu,missense_variant,3) Uncertain significance,Q87E,0.0
Q87P,0.11192995,gid,Streptomycin,p.Gln87Pro,missense_variant,3) Uncertain significance,Q87P,0.0
E103A,0.07919497,gid,Streptomycin,p.Glu103Ala,missense_variant,3) Uncertain significance,E103A,0.0
E113A,0.09576326,gid,Streptomycin,p.Glu113Ala,missense_variant,3) Uncertain significance,E113A,0.0
E113Q,0.08636485,gid,Streptomycin,p.Glu113Gln,missense_variant,3) Uncertain significance,E113Q,0.5
E120A,0.061890643,gid,Streptomycin,p.Glu120Ala,missense_variant,3) Uncertain significance,E120A,0.0
E120D,0.059546717,gid,Streptomycin,p.Glu120Asp,missense_variant,3) Uncertain significance,E120D,1.0
E120K,0.08575749,gid,Streptomycin,p.Glu120Lys,missense_variant,3) Uncertain significance,E120K,0.0
E121D,0.044890214,gid,Streptomycin,p.Glu121Asp,missense_variant,3) Uncertain significance,E121D,0.16666666666666666
E121K,0.097109914,gid,Streptomycin,p.Glu121Lys,missense_variant,3) Uncertain significance,E121K,0.0
E165G,0.058292255,gid,Streptomycin,p.Glu165Gly,missense_variant,3) Uncertain significance,E165G,0.0
E170D,0.054369424,gid,Streptomycin,p.Glu170Asp,missense_variant,3) Uncertain significance,E170D,0.3333333333333333
E170G,0.06812047,gid,Streptomycin,p.Glu170Gly,missense_variant,3) Uncertain significance,E170G,0.5
E170K,0.09365659,gid,Streptomycin,p.Glu170Lys,missense_variant,3) Uncertain significance,E170K,0.625
E173A,0.0815585,gid,Streptomycin,p.Glu173Ala,missense_variant,3) Uncertain significance,E173A,0.0
E173G,0.10522354,gid,Streptomycin,p.Glu173Gly,missense_variant,3) Uncertain significance,E173G,0.0
E32D,0.051919237,gid,Streptomycin,p.Glu32Asp,missense_variant,3) Uncertain significance,E32D,0.3055555555555556
E40A,0.059671342,gid,Streptomycin,p.Glu40Ala,missense_variant,3) Uncertain significance,E40A,0.3333333333333333
E40Q,0.079053245,gid,Streptomycin,p.Glu40Gln,missense_variant,3) Uncertain significance,E40Q,0.75
E40G,0.06824857,gid,Streptomycin,p.Glu40Gly,missense_variant,3) Uncertain significance,E40G,0.5
E40K,0.08821029,gid,Streptomycin,p.Glu40Lys,missense_variant,3) Uncertain significance,E40K,1.0
E57Q,0.09772311,gid,Streptomycin,p.Glu57Gln,missense_variant,3) Uncertain significance,E57Q,0.0
E57K,0.10534633,gid,Streptomycin,p.Glu57Lys,missense_variant,3) Uncertain significance,E57K,0.0
E92A,0.13166033,gid,Streptomycin,p.Glu92Ala,missense_variant,3) Uncertain significance,E92A,0.0
E92D,0.060222507,gid,Streptomycin,p.Glu92Asp,missense_variant,5) Not assoc w R,E92D,0.6044691470054446
E92Q,0.11922245,gid,Streptomycin,p.Glu92Gln,missense_variant,3) Uncertain significance,E92Q,0.375
E92G,0.15503545,gid,Streptomycin,p.Glu92Gly,missense_variant,3) Uncertain significance,E92G,0.8571428571428571
E92K,0.13656704,gid,Streptomycin,p.Glu92Lys,missense_variant,3) Uncertain significance,E92K,1.0
E92V,0.14610487,gid,Streptomycin,p.Glu92Val,missense_variant,3) Uncertain significance,E92V,1.0
E99G,0.07020463,gid,Streptomycin,p.Glu99Gly,missense_variant,3) Uncertain significance,E99G,0.2857142857142857
E99K,0.09768745,gid,Streptomycin,p.Glu99Lys,missense_variant,3) Uncertain significance,E99K,0.0
G109A,0.108001865,gid,Streptomycin,p.Gly109Ala,missense_variant,3) Uncertain significance,G109A,0.25
G109D,0.095949635,gid,Streptomycin,p.Gly109Asp,missense_variant,3) Uncertain significance,G109D,0.0
G109V,0.12813655,gid,Streptomycin,p.Gly109Val,missense_variant,3) Uncertain significance,G109V,1.0
G117R,0.065822676,gid,Streptomycin,p.Gly117Arg,missense_variant,3) Uncertain significance,G117R,0.42105263157894735
G117E,0.06515995,gid,Streptomycin,p.Gly117Glu,missense_variant,3) Uncertain significance,G117E,1.0
G117W,0.091883905,gid,Streptomycin,p.Gly117Trp,missense_variant,3) Uncertain significance,G117W,1.0
G117V,0.08694609,gid,Streptomycin,p.Gly117Val,missense_variant,3) Uncertain significance,G117V,0.75
G130R,0.12927294,gid,Streptomycin,p.Gly130Arg,missense_variant,3) Uncertain significance,G130R,1.0
G130S,0.105785996,gid,Streptomycin,p.Gly130Ser,missense_variant,3) Uncertain significance,G130S,0.0
G13A,0.055100605,gid,Streptomycin,p.Gly13Ala,missense_variant,3) Uncertain significance,G13A,0.5
G13R,0.06233988,gid,Streptomycin,p.Gly13Arg,missense_variant,3) Uncertain significance,G13R,0.5
G13E,0.057147928,gid,Streptomycin,p.Gly13Glu,missense_variant,3) Uncertain significance,G13E,0.0
G13V,0.065116405,gid,Streptomycin,p.Gly13Val,missense_variant,3) Uncertain significance,G13V,0.0
G157R,0.41673577,gid,Streptomycin,p.Gly157Arg,missense_variant,3) Uncertain significance,G157R,0.25
G157E,0.42997622,gid,Streptomycin,p.Gly157Glu,missense_variant,3) Uncertain significance,G157E,1.0
G164R,0.109128796,gid,Streptomycin,p.Gly164Arg,missense_variant,3) Uncertain significance,G164R,1.0
G164D,0.0655055,gid,Streptomycin,p.Gly164Asp,missense_variant,3) Uncertain significance,G164D,0.8333333333333334
G164C,0.066127405,gid,Streptomycin,p.Gly164Cys,missense_variant,3) Uncertain significance,G164C,0.25
G164S,0.04701019,gid,Streptomycin,p.Gly164Ser,missense_variant,3) Uncertain significance,G164S,0.0
G164V,0.08864713,gid,Streptomycin,p.Gly164Val,missense_variant,3) Uncertain significance,G164V,0.3333333333333333
G182C,0.10971984,gid,Streptomycin,p.Gly182Cys,missense_variant,3) Uncertain significance,G182C,0.0
G182V,0.11013927,gid,Streptomycin,p.Gly182Val,missense_variant,3) Uncertain significance,G182V,1.0
G192R,0.06623314,gid,Streptomycin,p.Gly192Arg,missense_variant,3) Uncertain significance,G192R,1.0
G192V,0.08101415,gid,Streptomycin,p.Gly192Val,missense_variant,3) Uncertain significance,G192V,1.0
G208E,0.079261445,gid,Streptomycin,p.Gly208Glu,missense_variant,3) Uncertain significance,G208E,1.0
G214R,0.063520774,gid,Streptomycin,p.Gly214Arg,missense_variant,3) Uncertain significance,G214R,0.0
G221R,0.05439923,gid,Streptomycin,p.Gly221Arg,missense_variant,3) Uncertain significance,G221R,0.0
G222R,0.05687108,gid,Streptomycin,p.Gly222Arg,missense_variant,3) Uncertain significance,G222R,1.0
G28R,0.05797554,gid,Streptomycin,p.Gly28Arg,missense_variant,3) Uncertain significance,G28R,1.0
G28E,0.053092804,gid,Streptomycin,p.Gly28Glu,missense_variant,3) Uncertain significance,G28E,0.25
G28V,0.058049627,gid,Streptomycin,p.Gly28Val,missense_variant,3) Uncertain significance,G28V,0.5
G30R,0.059519988,gid,Streptomycin,p.Gly30Arg,missense_variant,3) Uncertain significance,G30R,1.0
G30D,0.06616351,gid,Streptomycin,p.Gly30Asp,missense_variant,3) Uncertain significance,G30D,0.7
G30C,0.07193666,gid,Streptomycin,p.Gly30Cys,missense_variant,3) Uncertain significance,G30C,0.0
G30S,0.05727852,gid,Streptomycin,p.Gly30Ser,missense_variant,3) Uncertain significance,G30S,0.0
G30V,0.06759968,gid,Streptomycin,p.Gly30Val,missense_variant,3) Uncertain significance,G30V,0.0
G34A,0.04488485,gid,Streptomycin,p.Gly34Ala,missense_variant,3) Uncertain significance,G34A,0.5
G34R,0.052538455,gid,Streptomycin,p.Gly34Arg,missense_variant,3) Uncertain significance,G34R,0.42857142857142855
G34E,0.05623059,gid,Streptomycin,p.Gly34Glu,missense_variant,3) Uncertain significance,G34E,0.5714285714285714
G34W,0.084921926,gid,Streptomycin,p.Gly34Trp,missense_variant,3) Uncertain significance,G34W,0.75
G34V,0.07783686,gid,Streptomycin,p.Gly34Val,missense_variant,3) Uncertain significance,G34V,0.6428571428571429
G37A,0.047773484,gid,Streptomycin,p.Gly37Ala,missense_variant,3) Uncertain significance,G37A,0.56
G37R,0.054534286,gid,Streptomycin,p.Gly37Arg,missense_variant,3) Uncertain significance,G37R,0.6938775510204082
G37E,0.046583753,gid,Streptomycin,p.Gly37Glu,missense_variant,3) Uncertain significance,G37E,0.8
G37V,0.06497846,gid,Streptomycin,p.Gly37Val,missense_variant,3) Uncertain significance,G37V,0.9375
G42V,0.065531984,gid,Streptomycin,p.Gly42Val,missense_variant,3) Uncertain significance,G42V,0.0
G62S,0.11567903,gid,Streptomycin,p.Gly62Ser,missense_variant,3) Uncertain significance,G62S,1.0
G62V,0.14992212,gid,Streptomycin,p.Gly62Val,missense_variant,3) Uncertain significance,G62V,1.0
G69R,0.19048908,gid,Streptomycin,p.Gly69Arg,missense_variant,3) Uncertain significance,G69R,1.0
G69D,0.22453491,gid,Streptomycin,p.Gly69Asp,missense_variant,3) Uncertain significance,G69D,0.7647058823529411
G69I,0.20504759,gid,Streptomycin,p.Gly69Ile,missense_variant,3) Uncertain significance,G69I,0.0
G69S,0.115916505,gid,Streptomycin,p.Gly69Ser,missense_variant,3) Uncertain significance,G69S,0.0
G71A,0.14154656,gid,Streptomycin,p.Gly71Ala,missense_variant,3) Uncertain significance,G71A,0.5
G71R,0.22120212,gid,Streptomycin,p.Gly71Arg,missense_variant,3) Uncertain significance,G71R,1.0
G71E,0.2537441,gid,Streptomycin,p.Gly71Glu,missense_variant,3) Uncertain significance,G71E,0.3333333333333333
G73A,0.09821946,gid,Streptomycin,p.Gly73Ala,missense_variant,2) Assoc w R - Interim,G73A,0.7021276595744681
G73R,0.19475414,gid,Streptomycin,p.Gly73Arg,missense_variant,3) Uncertain significance,G73R,0.6153846153846154
G73E,0.17687939,gid,Streptomycin,p.Gly73Glu,missense_variant,1) Assoc w R,G73E,0.875
G73W,0.18407351,gid,Streptomycin,p.Gly73Trp,missense_variant,3) Uncertain significance,G73W,0.5
G73V,0.13954479,gid,Streptomycin,p.Gly73Val,missense_variant,3) Uncertain significance,G73V,1.0
G76A,0.115391895,gid,Streptomycin,p.Gly76Ala,missense_variant,3) Uncertain significance,G76A,0.0
G76R,0.23204845,gid,Streptomycin,p.Gly76Arg,missense_variant,3) Uncertain significance,G76R,0.3333333333333333
G76D,0.17337318,gid,Streptomycin,p.Gly76Asp,missense_variant,3) Uncertain significance,G76D,1.0
G76C,0.23943377,gid,Streptomycin,p.Gly76Cys,missense_variant,3) Uncertain significance,G76C,1.0
G76S,0.16922392,gid,Streptomycin,p.Gly76Ser,missense_variant,3) Uncertain significance,G76S,0.14285714285714285
G76V,0.29743612,gid,Streptomycin,p.Gly76Val,missense_variant,3) Uncertain significance,G76V,1.0
H168R,0.06986261,gid,Streptomycin,p.His168Arg,missense_variant,3) Uncertain significance,H168R,0.5
H168D,0.06106042,gid,Streptomycin,p.His168Asp,missense_variant,3) Uncertain significance,H168D,0.0
H174R,0.06299029,gid,Streptomycin,p.His174Arg,missense_variant,3) Uncertain significance,H174R,0.0
H174N,0.06364517,gid,Streptomycin,p.His174Asn,missense_variant,3) Uncertain significance,H174N,0.0
H174D,0.07552473,gid,Streptomycin,p.His174Asp,missense_variant,3) Uncertain significance,H174D,1.0
H174P,0.08906056,gid,Streptomycin,p.His174Pro,missense_variant,3) Uncertain significance,H174P,0.0
H174Y,0.07812667,gid,Streptomycin,p.His174Tyr,missense_variant,3) Uncertain significance,H174Y,0.0
H48R,0.07138432,gid,Streptomycin,p.His48Arg,missense_variant,3) Uncertain significance,H48R,0.0
H48N,0.061140798,gid,Streptomycin,p.His48Asn,missense_variant,3) Uncertain significance,H48N,0.6153846153846154
H48D,0.07977041,gid,Streptomycin,p.His48Asp,missense_variant,3) Uncertain significance,H48D,0.6666666666666666
H48Q,0.055231325,gid,Streptomycin,p.His48Gln,missense_variant,1) Assoc w R,H48Q,0.8
H48P,0.07607542,gid,Streptomycin,p.His48Pro,missense_variant,3) Uncertain significance,H48P,1.0
H48Y,0.070400156,gid,Streptomycin,p.His48Tyr,missense_variant,3) Uncertain significance,H48Y,0.5714285714285714
I114N,0.10641872,gid,Streptomycin,p.Ile114Asn,missense_variant,3) Uncertain significance,I114N,0.75
I114M,0.06500552,gid,Streptomycin,p.Ile114Met,missense_variant,3) Uncertain significance,I114M,0.0
I114F,0.05641105,gid,Streptomycin,p.Ile114Phe,missense_variant,3) Uncertain significance,I114F,0.0
I114S,0.10251836,gid,Streptomycin,p.Ile114Ser,missense_variant,3) Uncertain significance,I114S,0.0
I11N,0.08344199,gid,Streptomycin,p.Ile11Asn,missense_variant,3) Uncertain significance,I11N,1.0
I11S,0.08015558,gid,Streptomycin,p.Ile11Ser,missense_variant,3) Uncertain significance,I11S,0.0
I11T,0.08871308,gid,Streptomycin,p.Ile11Thr,missense_variant,3) Uncertain significance,I11T,0.0
I153T,0.10917297,gid,Streptomycin,p.Ile153Thr,missense_variant,3) Uncertain significance,I153T,0.5
I162S,0.12638782,gid,Streptomycin,p.Ile162Ser,missense_variant,3) Uncertain significance,I162S,1.0
I179S,0.091805264,gid,Streptomycin,p.Ile179Ser,missense_variant,3) Uncertain significance,I179S,0.0
I179V,0.06893383,gid,Streptomycin,p.Ile179Val,missense_variant,3) Uncertain significance,I179V,0.0
I55V,0.06481006,gid,Streptomycin,p.Ile55Val,missense_variant,3) Uncertain significance,I55V,0.0
I68N,0.1849447,gid,Streptomycin,p.Ile68Asn,missense_variant,3) Uncertain significance,I68N,1.0
I68K,0.16964352,gid,Streptomycin,p.Ile68Lys,missense_variant,3) Uncertain significance,I68K,0.0
I68F,0.08599095,gid,Streptomycin,p.Ile68Phe,missense_variant,3) Uncertain significance,I68F,0.0
I68S,0.16756387,gid,Streptomycin,p.Ile68Ser,missense_variant,3) Uncertain significance,I68S,1.0
I81R,0.10844292,gid,Streptomycin,p.Ile81Arg,missense_variant,3) Uncertain significance,I81R,0.25
I81M,0.053284276,gid,Streptomycin,p.Ile81Met,missense_variant,3) Uncertain significance,I81M,1.0
I81T,0.099902295,gid,Streptomycin,p.Ile81Thr,missense_variant,3) Uncertain significance,I81T,0.6666666666666666
L101R,0.09681923,gid,Streptomycin,p.Leu101Arg,missense_variant,3) Uncertain significance,L101R,1.0
L101F,0.049041536,gid,Streptomycin,p.Leu101Phe,missense_variant,3) Uncertain significance,L101F,0.5
L101P,0.107200466,gid,Streptomycin,p.Leu101Pro,missense_variant,3) Uncertain significance,L101P,0.0
L101V,0.041782834,gid,Streptomycin,p.Leu101Val,missense_variant,3) Uncertain significance,L101V,1.0
L108R,0.087910324,gid,Streptomycin,p.Leu108Arg,missense_variant,3) Uncertain significance,L108R,0.4166666666666667
L108P,0.08515012,gid,Streptomycin,p.Leu108Pro,missense_variant,3) Uncertain significance,L108P,0.4444444444444444
L108V,0.052058056,gid,Streptomycin,p.Leu108Val,missense_variant,3) Uncertain significance,L108V,1.0
L128S,0.09707789,gid,Streptomycin,p.Leu128Ser,missense_variant,3) Uncertain significance,L128S,0.5
L142F,0.07249279,gid,Streptomycin,p.Leu142Phe,missense_variant,3) Uncertain significance,L142F,0.0
L142S,0.1561581,gid,Streptomycin,p.Leu142Ser,missense_variant,3) Uncertain significance,L142S,1.0
L142W,0.09825359,gid,Streptomycin,p.Leu142Trp,missense_variant,3) Uncertain significance,L142W,0.5
L145F,0.06861821,gid,Streptomycin,p.Leu145Phe,missense_variant,3) Uncertain significance,L145F,0.29545454545454547
L145S,0.18535064,gid,Streptomycin,p.Leu145Ser,missense_variant,3) Uncertain significance,L145S,0.625
L152S,0.12100387,gid,Streptomycin,p.Leu152Ser,missense_variant,3) Uncertain significance,L152S,0.7142857142857143
L160R,0.17214727,gid,Streptomycin,p.Leu160Arg,missense_variant,3) Uncertain significance,L160R,1.0
L160F,0.06118331,gid,Streptomycin,p.Leu160Phe,missense_variant,3) Uncertain significance,L160F,0.0
L160P,0.1966291,gid,Streptomycin,p.Leu160Pro,missense_variant,3) Uncertain significance,L160P,1.0
L160V,0.051277004,gid,Streptomycin,p.Leu160Val,missense_variant,3) Uncertain significance,L160V,0.0
L16R,0.064680435,gid,Streptomycin,p.Leu16Arg,missense_variant,5) Not assoc w R,L16R,0.3100511073253833
L16P,0.066744275,gid,Streptomycin,p.Leu16Pro,missense_variant,3) Uncertain significance,L16P,0.6666666666666666
L18R,0.075876005,gid,Streptomycin,p.Leu18Arg,missense_variant,3) Uncertain significance,L18R,1.0
L26F,0.056440942,gid,Streptomycin,p.Leu26Phe,missense_variant,3) Uncertain significance,L26F,0.5625
L26S,0.084981695,gid,Streptomycin,p.Leu26Ser,missense_variant,3) Uncertain significance,L26S,0.6666666666666666
L26W,0.07040917,gid,Streptomycin,p.Leu26Trp,missense_variant,3) Uncertain significance,L26W,1.0
L35R,0.06608314,gid,Streptomycin,p.Leu35Arg,missense_variant,3) Uncertain significance,L35R,0.8
L35Q,0.06596057,gid,Streptomycin,p.Leu35Gln,missense_variant,3) Uncertain significance,L35Q,1.0
L35M,0.061644256,gid,Streptomycin,p.Leu35Met,missense_variant,3) Uncertain significance,L35M,1.0
L35P,0.059987247,gid,Streptomycin,p.Leu35Pro,missense_variant,3) Uncertain significance,L35P,0.5714285714285714
L44R,0.07274508,gid,Streptomycin,p.Leu44Arg,missense_variant,3) Uncertain significance,L44R,0.0
L44Q,0.06769853,gid,Streptomycin,p.Leu44Gln,missense_variant,3) Uncertain significance,L44Q,1.0
L44P,0.08134121,gid,Streptomycin,p.Leu44Pro,missense_variant,3) Uncertain significance,L44P,1.0
L49R,0.07411934,gid,Streptomycin,p.Leu49Arg,missense_variant,3) Uncertain significance,L49R,0.5
L49P,0.07385796,gid,Streptomycin,p.Leu49Pro,missense_variant,3) Uncertain significance,L49P,0.75
L49V,0.038644955,gid,Streptomycin,p.Leu49Val,missense_variant,3) Uncertain significance,L49V,1.0
L50R,0.07653,gid,Streptomycin,p.Leu50Arg,missense_variant,3) Uncertain significance,L50R,0.4925373134328358
L50M,0.06025717,gid,Streptomycin,p.Leu50Met,missense_variant,3) Uncertain significance,L50M,1.0
L50P,0.0718178,gid,Streptomycin,p.Leu50Pro,missense_variant,3) Uncertain significance,L50P,0.375
L58F,0.0601612,gid,Streptomycin,p.Leu58Phe,missense_variant,3) Uncertain significance,L58F,0.1
L58P,0.10757577,gid,Streptomycin,p.Leu58Pro,missense_variant,3) Uncertain significance,L58P,1.0
L59R,0.118553355,gid,Streptomycin,p.Leu59Arg,missense_variant,3) Uncertain significance,L59R,1.0
L74F,0.08175045,gid,Streptomycin,p.Leu74Phe,missense_variant,3) Uncertain significance,L74F,0.0
L74S,0.11920931,gid,Streptomycin,p.Leu74Ser,missense_variant,3) Uncertain significance,L74S,0.5555555555555556
L79F,0.060931254,gid,Streptomycin,p.Leu79Phe,missense_variant,3) Uncertain significance,L79F,0.1
L79S,0.10454308,gid,Streptomycin,p.Leu79Ser,missense_variant,3) Uncertain significance,L79S,0.7678571428571429
L79W,0.10674369,gid,Streptomycin,p.Leu79Trp,missense_variant,3) Uncertain significance,L79W,0.6363636363636364
L86R,0.09153379,gid,Streptomycin,p.Leu86Arg,missense_variant,3) Uncertain significance,L86R,0.5714285714285714
L86Q,0.10342706,gid,Streptomycin,p.Leu86Gln,missense_variant,3) Uncertain significance,L86Q,1.0
L86H,0.08706251,gid,Streptomycin,p.Leu86His,missense_variant,3) Uncertain significance,L86H,1.0
L86F,0.0632802,gid,Streptomycin,p.Leu86Phe,missense_variant,3) Uncertain significance,L86F,0.3076923076923077
L86P,0.10925625,gid,Streptomycin,p.Leu86Pro,missense_variant,3) Uncertain significance,L86P,0.6666666666666666
L90R,0.094564214,gid,Streptomycin,p.Leu90Arg,missense_variant,3) Uncertain significance,L90R,0.5660377358490566
L90I,0.055811457,gid,Streptomycin,p.Leu90Ile,missense_variant,3) Uncertain significance,L90I,1.0
L90F,0.051625587,gid,Streptomycin,p.Leu90Phe,missense_variant,3) Uncertain significance,L90F,0.5
L90P,0.1455818,gid,Streptomycin,p.Leu90Pro,missense_variant,3) Uncertain significance,L90P,0.75
L90V,0.039811295,gid,Streptomycin,p.Leu90Val,missense_variant,3) Uncertain significance,L90V,0.0
L91R,0.104380995,gid,Streptomycin,p.Leu91Arg,missense_variant,3) Uncertain significance,L91R,0.8
L91I,0.055390295,gid,Streptomycin,p.Leu91Ile,missense_variant,3) Uncertain significance,L91I,0.0
L91P,0.16165295,gid,Streptomycin,p.Leu91Pro,missense_variant,3) Uncertain significance,L91P,0.9411764705882353
L91V,0.038171433,gid,Streptomycin,p.Leu91Val,missense_variant,3) Uncertain significance,L91V,0.6666666666666666
L94R,0.055487383,gid,Streptomycin,p.Leu94Arg,missense_variant,3) Uncertain significance,L94R,0.5
L94P,0.077923864,gid,Streptomycin,p.Leu94Pro,missense_variant,3) Uncertain significance,L94P,0.8
L95V,0.035931714,gid,Streptomycin,p.Leu95Val,missense_variant,3) Uncertain significance,L95V,0.0
K163N,0.075505935,gid,Streptomycin,p.Lys163Asn,missense_variant,3) Uncertain significance,K163N,0.5
K163Q,0.08307321,gid,Streptomycin,p.Lys163Gln,missense_variant,3) Uncertain significance,K163Q,0.3333333333333333
K163E,0.09392434,gid,Streptomycin,p.Lys163Glu,missense_variant,3) Uncertain significance,K163E,0.3333333333333333
M104R,0.08793321,gid,Streptomycin,p.Met104Arg,missense_variant,3) Uncertain significance,M104R,0.5
M104K,0.09418785,gid,Streptomycin,p.Met104Lys,missense_variant,3) Uncertain significance,M104K,1.0
M150R,0.10649652,gid,Streptomycin,p.Met150Arg,missense_variant,3) Uncertain significance,M150R,1.0
M150T,0.093958996,gid,Streptomycin,p.Met150Thr,missense_variant,3) Uncertain significance,M150T,0.0
M159R,0.29927412,gid,Streptomycin,p.Met159Arg,missense_variant,3) Uncertain significance,M159R,0.0
M159T,0.1785316,gid,Streptomycin,p.Met159Thr,missense_variant,3) Uncertain significance,M159T,0.0
M178R,0.15763485,gid,Streptomycin,p.Met178Arg,missense_variant,3) Uncertain significance,M178R,1.0
M178I,0.05759831,gid,Streptomycin,p.Met178Ile,missense_variant,3) Uncertain significance,M178I,1.0
M178T,0.13142963,gid,Streptomycin,p.Met178Thr,missense_variant,3) Uncertain significance,M178T,1.0
M218I,0.06813085,gid,Streptomycin,p.Met218Ile,missense_variant,3) Uncertain significance,M218I,0.0
M218V,0.073763326,gid,Streptomycin,p.Met218Val,missense_variant,3) Uncertain significance,M218V,0.6666666666666666
F100L,0.0497595,gid,Streptomycin,p.Phe100Leu,missense_variant,3) Uncertain significance,F100L,1.0
F100V,0.06215113,gid,Streptomycin,p.Phe100Val,missense_variant,3) Uncertain significance,F100V,0.7692307692307693
F12C,0.102114365,gid,Streptomycin,p.Phe12Cys,missense_variant,3) Uncertain significance,F12C,0.0
F12L,0.047038183,gid,Streptomycin,p.Phe12Leu,missense_variant,3) Uncertain significance,F12L,1.0
F12S,0.08337032,gid,Streptomycin,p.Phe12Ser,missense_variant,3) Uncertain significance,F12S,1.0
F12V,0.07176029,gid,Streptomycin,p.Phe12Val,missense_variant,3) Uncertain significance,F12V,1.0
F204L,0.062003314,gid,Streptomycin,p.Phe204Leu,missense_variant,3) Uncertain significance,F204L,0.0
F204S,0.15330644,gid,Streptomycin,p.Phe204Ser,missense_variant,3) Uncertain significance,F204S,0.0
P151R,0.086780995,gid,Streptomycin,p.Pro151Arg,missense_variant,3) Uncertain significance,P151R,0.0
P151L,0.17394245,gid,Streptomycin,p.Pro151Leu,missense_variant,3) Uncertain significance,P151L,1.0
P151S,0.07500429,gid,Streptomycin,p.Pro151Ser,missense_variant,3) Uncertain significance,P151S,0.0
P155S,0.12536696,gid,Streptomycin,p.Pro155Ser,missense_variant,3) Uncertain significance,P155S,0.0
P198A,0.04851739,gid,Streptomycin,p.Pro198Ala,missense_variant,3) Uncertain significance,P198A,0.0
P198R,0.05549365,gid,Streptomycin,p.Pro198Arg,missense_variant,3) Uncertain significance,P198R,0.0
P198L,0.05913037,gid,Streptomycin,p.Pro198Leu,missense_variant,3) Uncertain significance,P198L,0.0
P199A,0.05177502,gid,Streptomycin,p.Pro199Ala,missense_variant,3) Uncertain significance,P199A,0.0
P199R,0.060283415,gid,Streptomycin,p.Pro199Arg,missense_variant,3) Uncertain significance,P199R,0.0
P29L,0.072771944,gid,Streptomycin,p.Pro29Leu,missense_variant,3) Uncertain significance,P29L,1.0
P38A,0.05290623,gid,Streptomycin,p.Pro38Ala,missense_variant,3) Uncertain significance,P38A,0.0
P38H,0.05842121,gid,Streptomycin,p.Pro38His,missense_variant,3) Uncertain significance,P38H,0.0
P38S,0.05159185,gid,Streptomycin,p.Pro38Ser,missense_variant,3) Uncertain significance,P38S,0.0
P3S,0.052512612,gid,Streptomycin,p.Pro3Ser,missense_variant,3) Uncertain significance,P3S,0.0
P3T,0.07621642,gid,Streptomycin,p.Pro3Thr,missense_variant,3) Uncertain significance,P3T,0.0
P6A,0.09757919,gid,Streptomycin,p.Pro6Ala,missense_variant,3) Uncertain significance,P6A,0.0
P6R,0.12465132,gid,Streptomycin,p.Pro6Arg,missense_variant,3) Uncertain significance,P6R,1.0
P6L,0.090001814,gid,Streptomycin,p.Pro6Leu,missense_variant,3) Uncertain significance,P6L,0.25
P6T,0.07704105,gid,Streptomycin,p.Pro6Thr,missense_variant,3) Uncertain significance,P6T,0.0
P75A,0.17701304,gid,Streptomycin,p.Pro75Ala,missense_variant,3) Uncertain significance,P75A,1.0
P75R,0.26603043,gid,Streptomycin,p.Pro75Arg,missense_variant,3) Uncertain significance,P75R,0.8461538461538461
P75L,0.25212908,gid,Streptomycin,p.Pro75Leu,missense_variant,3) Uncertain significance,P75L,0.75
P75S,0.19029456,gid,Streptomycin,p.Pro75Ser,missense_variant,3) Uncertain significance,P75S,0.5833333333333334
P75T,0.1789,gid,Streptomycin,p.Pro75Thr,missense_variant,3) Uncertain significance,P75T,0.2727272727272727
P78R,0.11044466,gid,Streptomycin,p.Pro78Arg,missense_variant,3) Uncertain significance,P78R,0.2
P78Q,0.10639978,gid,Streptomycin,p.Pro78Gln,missense_variant,3) Uncertain significance,P78Q,0.0
P78L,0.09061234,gid,Streptomycin,p.Pro78Leu,missense_variant,3) Uncertain significance,P78L,0.23809523809523808
P84L,0.10901623,gid,Streptomycin,p.Pro84Leu,missense_variant,2) Assoc w R - Interim,P84L,0.6086956521739131
P84S,0.11969664,gid,Streptomycin,p.Pro84Ser,missense_variant,3) Uncertain significance,P84S,0.0
P84T,0.09207775,gid,Streptomycin,p.Pro84Thr,missense_variant,3) Uncertain significance,P84T,1.0
P93R,0.07698841,gid,Streptomycin,p.Pro93Arg,missense_variant,3) Uncertain significance,P93R,1.0
P93Q,0.082824096,gid,Streptomycin,p.Pro93Gln,missense_variant,3) Uncertain significance,P93Q,0.2
P93L,0.09486716,gid,Streptomycin,p.Pro93Leu,missense_variant,3) Uncertain significance,P93L,0.5294117647058824
P93S,0.068480335,gid,Streptomycin,p.Pro93Ser,missense_variant,3) Uncertain significance,P93S,0.2
S122P,0.06538271,gid,Streptomycin,p.Ser122Pro,missense_variant,3) Uncertain significance,S122P,0.3333333333333333
S131R,0.08712028,gid,Streptomycin,p.Ser131Arg,missense_variant,3) Uncertain significance,S131R,0.0
S131T,0.06580983,gid,Streptomycin,p.Ser131Thr,missense_variant,3) Uncertain significance,S131T,0.0
S136A,0.0636851,gid,Streptomycin,p.Ser136Ala,missense_variant,3) Uncertain significance,S136A,0.0
S136L,0.21861982,gid,Streptomycin,p.Ser136Leu,missense_variant,3) Uncertain significance,S136L,0.0
S136P,0.22951883,gid,Streptomycin,p.Ser136Pro,missense_variant,3) Uncertain significance,S136P,0.2857142857142857
S149R,0.13870518,gid,Streptomycin,p.Ser149Arg,missense_variant,3) Uncertain significance,S149R,0.6341463414634146
S149N,0.060624186,gid,Streptomycin,p.Ser149Asn,missense_variant,3) Uncertain significance,S149N,1.0
S149C,0.085193254,gid,Streptomycin,p.Ser149Cys,missense_variant,3) Uncertain significance,S149C,1.0
S149T,0.054736435,gid,Streptomycin,p.Ser149Thr,missense_variant,3) Uncertain significance,S149T,0.0
S181L,0.08355413,gid,Streptomycin,p.Ser181Leu,missense_variant,3) Uncertain significance,S181L,0.3333333333333333
S181W,0.089481965,gid,Streptomycin,p.Ser181Trp,missense_variant,3) Uncertain significance,S181W,1.0
S220R,0.053824678,gid,Streptomycin,p.Ser220Arg,missense_variant,3) Uncertain significance,S220R,0.0
S2C,0.10207829,gid,Streptomycin,p.Ser2Cys,missense_variant,3) Uncertain significance,S2C,0.0
S70R,0.117337316,gid,Streptomycin,p.Ser70Arg,missense_variant,3) Uncertain significance,S70R,0.6216216216216216
S70N,0.085142575,gid,Streptomycin,p.Ser70Asn,missense_variant,1) Assoc w R,S70N,0.85
S70G,0.09647993,gid,Streptomycin,p.Ser70Gly,missense_variant,3) Uncertain significance,S70G,0.75
S70I,0.15374546,gid,Streptomycin,p.Ser70Ile,missense_variant,3) Uncertain significance,S70I,0.6666666666666666
S9P,0.074391976,gid,Streptomycin,p.Ser9Pro,missense_variant,3) Uncertain significance,S9P,0.5
T146A,0.05520463,gid,Streptomycin,p.Thr146Ala,missense_variant,3) Uncertain significance,T146A,0.0
T146R,0.08590674,gid,Streptomycin,p.Thr146Arg,missense_variant,3) Uncertain significance,T146R,0.0
T146K,0.114228524,gid,Streptomycin,p.Thr146Lys,missense_variant,3) Uncertain significance,T146K,0.75
T146M,0.09475645,gid,Streptomycin,p.Thr146Met,missense_variant,3) Uncertain significance,T146M,0.0
T146P,0.10981577,gid,Streptomycin,p.Thr146Pro,missense_variant,3) Uncertain significance,T146P,1.0
T190A,0.05559757,gid,Streptomycin,p.Thr190Ala,missense_variant,3) Uncertain significance,T190A,0.0
T190I,0.078934774,gid,Streptomycin,p.Thr190Ile,missense_variant,3) Uncertain significance,T190I,0.3333333333333333
T190P,0.08044539,gid,Streptomycin,p.Thr190Pro,missense_variant,3) Uncertain significance,T190P,0.0
T201P,0.082754225,gid,Streptomycin,p.Thr201Pro,missense_variant,3) Uncertain significance,T201P,0.5
T98I,0.07256554,gid,Streptomycin,p.Thr98Ile,missense_variant,3) Uncertain significance,T98I,0.0
T98P,0.06863708,gid,Streptomycin,p.Thr98Pro,missense_variant,3) Uncertain significance,T98P,0.5
W123C,0.10366836,gid,Streptomycin,p.Trp123Cys,missense_variant,3) Uncertain significance,W123C,0.3333333333333333
W148R,0.08600625,gid,Streptomycin,p.Trp148Arg,missense_variant,3) Uncertain significance,W148R,0.0
W148C,0.099275894,gid,Streptomycin,p.Trp148Cys,missense_variant,3) Uncertain significance,W148C,0.3333333333333333
W148L,0.06848604,gid,Streptomycin,p.Trp148Leu,missense_variant,3) Uncertain significance,W148L,0.5
W45R,0.08860615,gid,Streptomycin,p.Trp45Arg,missense_variant,3) Uncertain significance,W45R,0.8461538461538461
W45C,0.07953064,gid,Streptomycin,p.Trp45Cys,missense_variant,3) Uncertain significance,W45C,0.0
W45G,0.08724706,gid,Streptomycin,p.Trp45Gly,missense_variant,3) Uncertain significance,W45G,1.0
W45S,0.08088617,gid,Streptomycin,p.Trp45Ser,missense_variant,3) Uncertain significance,W45S,0.75
Y195C,0.10328297,gid,Streptomycin,p.Tyr195Cys,missense_variant,3) Uncertain significance,Y195C,1.0
Y195H,0.06821171,gid,Streptomycin,p.Tyr195His,missense_variant,5) Not assoc w R,Y195H,0.4037940379403794
Y195F,0.057113543,gid,Streptomycin,p.Tyr195Phe,missense_variant,3) Uncertain significance,Y195F,0.0
Y22N,0.08715874,gid,Streptomycin,p.Tyr22Asn,missense_variant,3) Uncertain significance,Y22N,1.0
Y22C,0.082844794,gid,Streptomycin,p.Tyr22Cys,missense_variant,3) Uncertain significance,Y22C,0.6666666666666666
Y22H,0.078799434,gid,Streptomycin,p.Tyr22His,missense_variant,3) Uncertain significance,Y22H,0.16666666666666666
Y22S,0.096405625,gid,Streptomycin,p.Tyr22Ser,missense_variant,3) Uncertain significance,Y22S,0.75
V105E,0.071976,gid,Streptomycin,p.Val105Glu,missense_variant,1) Assoc w R,V105E,0.9130434782608695
V105G,0.062841065,gid,Streptomycin,p.Val105Gly,missense_variant,3) Uncertain significance,V105G,0.0
V110A,0.066913545,gid,Streptomycin,p.Val110Ala,missense_variant,3) Uncertain significance,V110A,1.0
V112G,0.09365003,gid,Streptomycin,p.Val112Gly,missense_variant,3) Uncertain significance,V112G,0.25
V115A,0.06370434,gid,Streptomycin,p.Val115Ala,missense_variant,3) Uncertain significance,V115A,1.0
V115G,0.09262677,gid,Streptomycin,p.Val115Gly,missense_variant,3) Uncertain significance,V115G,0.5
V124A,0.06905266,gid,Streptomycin,p.Val124Ala,missense_variant,3) Uncertain significance,V124A,0.75
V124G,0.10552153,gid,Streptomycin,p.Val124Gly,missense_variant,3) Uncertain significance,V124G,0.5
V124L,0.060118053,gid,Streptomycin,p.Val124Leu,missense_variant,3) Uncertain significance,V124L,1.0
V124M,0.09077577,gid,Streptomycin,p.Val124Met,missense_variant,3) Uncertain significance,V124M,1.0
V135G,0.27802017,gid,Streptomycin,p.Val135Gly,missense_variant,3) Uncertain significance,V135G,0.6666666666666666
V135M,0.0782161,gid,Streptomycin,p.Val135Met,missense_variant,3) Uncertain significance,V135M,0.0
V139A,0.059692368,gid,Streptomycin,p.Val139Ala,missense_variant,3) Uncertain significance,V139A,1.0
V139M,0.0592098,gid,Streptomycin,p.Val139Met,missense_variant,3) Uncertain significance,V139M,0.5
V171G,0.10189506,gid,Streptomycin,p.Val171Gly,missense_variant,3) Uncertain significance,V171G,0.5
V171L,0.03879667,gid,Streptomycin,p.Val171Leu,missense_variant,3) Uncertain significance,V171L,0.0
V177L,0.058153044,gid,Streptomycin,p.Val177Leu,missense_variant,3) Uncertain significance,V177L,0.0
V177M,0.082085975,gid,Streptomycin,p.Val177Met,missense_variant,3) Uncertain significance,V177M,1.0
V186F,0.07605213,gid,Streptomycin,p.Val186Phe,missense_variant,3) Uncertain significance,V186F,0.0
V188A,0.07370409,gid,Streptomycin,p.Val188Ala,missense_variant,3) Uncertain significance,V188A,1.0
V188G,0.08498117,gid,Streptomycin,p.Val188Gly,missense_variant,3) Uncertain significance,V188G,0.0
V202A,0.114617914,gid,Streptomycin,p.Val202Ala,missense_variant,3) Uncertain significance,V202A,0.5
V202G,0.13256797,gid,Streptomycin,p.Val202Gly,missense_variant,3) Uncertain significance,V202G,0.75
V202L,0.041282907,gid,Streptomycin,p.Val202Leu,missense_variant,3) Uncertain significance,V202L,0.0
V203E,0.14423661,gid,Streptomycin,p.Val203Glu,missense_variant,3) Uncertain significance,V203E,0.0
V203G,0.15355197,gid,Streptomycin,p.Val203Gly,missense_variant,3) Uncertain significance,V203G,0.0
V203L,0.046465356,gid,Streptomycin,p.Val203Leu,missense_variant,3) Uncertain significance,V203L,0.5
V203M,0.07843817,gid,Streptomycin,p.Val203Met,missense_variant,3) Uncertain significance,V203M,0.5
V36A,0.0519689,gid,Streptomycin,p.Val36Ala,missense_variant,3) Uncertain significance,V36A,0.4
V36G,0.057478584,gid,Streptomycin,p.Val36Gly,missense_variant,3) Uncertain significance,V36G,0.6666666666666666
V41A,0.05413774,gid,Streptomycin,p.Val41Ala,missense_variant,3) Uncertain significance,V41A,0.0
V41G,0.083430186,gid,Streptomycin,p.Val41Gly,missense_variant,3) Uncertain significance,V41G,0.0
V41I,0.05975175,gid,Streptomycin,p.Val41Ile,missense_variant,3) Uncertain significance,V41I,0.5
V41L,0.03507962,gid,Streptomycin,p.Val41Leu,missense_variant,3) Uncertain significance,V41L,0.0
V65A,0.092842326,gid,Streptomycin,p.Val65Ala,missense_variant,3) Uncertain significance,V65A,0.6842105263157895
V65G,0.1407057,gid,Streptomycin,p.Val65Gly,missense_variant,3) Uncertain significance,V65G,0.5
V65I,0.069497846,gid,Streptomycin,p.Val65Ile,missense_variant,3) Uncertain significance,V65I,0.0
V65F,0.07674973,gid,Streptomycin,p.Val65Phe,missense_variant,3) Uncertain significance,V65F,0.25
V66A,0.10061895,gid,Streptomycin,p.Val66Ala,missense_variant,3) Uncertain significance,V66A,1.0
V66M,0.07691963,gid,Streptomycin,p.Val66Met,missense_variant,3) Uncertain significance,V66M,1.0
V77A,0.09943308,gid,Streptomycin,p.Val77Ala,missense_variant,3) Uncertain significance,V77A,0.7916666666666666
V77G,0.18717042,gid,Streptomycin,p.Val77Gly,missense_variant,3) Uncertain significance,V77G,0.40625
V88A,0.096196875,gid,Streptomycin,p.Val88Ala,missense_variant,3) Uncertain significance,V88A,0.6
V88G,0.12085055,gid,Streptomycin,p.Val88Gly,missense_variant,3) Uncertain significance,V88G,0.6666666666666666
V89A,0.06781462,gid,Streptomycin,p.Val89Ala,missense_variant,3) Uncertain significance,V89A,0.0
V89G,0.10756624,gid,Streptomycin,p.Val89Gly,missense_variant,3) Uncertain significance,V89G,1.0
A113G,0.21987216,rpsL,Streptomycin,p.Ala113Gly,missense_variant,3) Uncertain significance,A113G,0.0
R114C,0.370579,rpsL,Streptomycin,p.Arg114Cys,missense_variant,3) Uncertain significance,R114C,0.0
R116H,0.13129726,rpsL,Streptomycin,p.Arg116His,missense_variant,3) Uncertain significance,R116H,0.0
R30C,0.3431056,rpsL,Streptomycin,p.Arg30Cys,missense_variant,3) Uncertain significance,R30C,1.0
R86Q,0.14931606,rpsL,Streptomycin,p.Arg86Gln,missense_variant,3) Uncertain significance,R86Q,1.0
R86G,0.18968892,rpsL,Streptomycin,p.Arg86Gly,missense_variant,3) Uncertain significance,R86G,0.0
R94C,0.34709814,rpsL,Streptomycin,p.Arg94Cys,missense_variant,3) Uncertain significance,R94C,1.0
N73K,0.21051203,rpsL,Streptomycin,p.Asn73Lys,missense_variant,3) Uncertain significance,N73K,0.0
D14E,0.12035411,rpsL,Streptomycin,p.Asp14Glu,missense_variant,3) Uncertain significance,D14E,0.0
D14Y,0.21765865,rpsL,Streptomycin,p.Asp14Tyr,missense_variant,3) Uncertain significance,D14Y,0.0
Q105E,0.16701503,rpsL,Streptomycin,p.Gln105Glu,missense_variant,3) Uncertain significance,Q105E,0.0
E122K,0.23355411,rpsL,Streptomycin,p.Glu122Lys,missense_variant,3) Uncertain significance,E122K,1.0
E70A,0.20352307,rpsL,Streptomycin,p.Glu70Ala,missense_variant,3) Uncertain significance,E70A,0.6
E76A,0.19504373,rpsL,Streptomycin,p.Glu76Ala,missense_variant,3) Uncertain significance,E76A,0.0
G100S,0.110474885,rpsL,Streptomycin,p.Gly100Ser,missense_variant,3) Uncertain significance,G100S,0.0
G106C,0.2817411,rpsL,Streptomycin,p.Gly106Cys,missense_variant,3) Uncertain significance,G106C,1.0
G124S,0.106034696,rpsL,Streptomycin,p.Gly124Ser,missense_variant,3) Uncertain significance,G124S,0.0
G71D,0.13782729,rpsL,Streptomycin,p.Gly71Asp,missense_variant,3) Uncertain significance,G71D,1.0
G71S,0.094693094,rpsL,Streptomycin,p.Gly71Ser,missense_variant,3) Uncertain significance,G71S,1.0
I16T,0.17811225,rpsL,Streptomycin,p.Ile16Thr,missense_variant,3) Uncertain significance,I16T,0.0
I16V,0.10148935,rpsL,Streptomycin,p.Ile16Val,missense_variant,3) Uncertain significance,I16V,0.0
K108T,0.12032184,rpsL,Streptomycin,p.Lys108Thr,missense_variant,3) Uncertain significance,K108T,0.0
K10T,0.13265137,rpsL,Streptomycin,p.Lys10Thr,missense_variant,3) Uncertain significance,K10T,0.0
K43R,0.11663452,rpsL,Streptomycin,p.Lys43Arg,missense_variant,1) Assoc w R,K43R,0.9792315680166147
K43N,0.1651181,rpsL,Streptomycin,p.Lys43Asn,missense_variant,3) Uncertain significance,K43N,1.0
K43M,0.2080615,rpsL,Streptomycin,p.Lys43Met,missense_variant,3) Uncertain significance,K43M,1.0
K43T,0.14734907,rpsL,Streptomycin,p.Lys43Thr,missense_variant,3) Uncertain significance,K43T,0.75
K88R,0.11599831,rpsL,Streptomycin,p.Lys88Arg,missense_variant,1) Assoc w R,K88R,0.9778456837280367
K88Q,0.14874129,rpsL,Streptomycin,p.Lys88Gln,missense_variant,2) Assoc w R - Interim,K88Q,0.7894736842105263
K88M,0.19912407,rpsL,Streptomycin,p.Lys88Met,missense_variant,1) Assoc w R,K88M,1.0
K88T,0.13119362,rpsL,Streptomycin,p.Lys88Thr,missense_variant,3) Uncertain significance,K88T,0.9861111111111112
P2R,0.17215015,rpsL,Streptomycin,p.Pro2Arg,missense_variant,3) Uncertain significance,P2R,0.0
P2S,0.12654564,rpsL,Streptomycin,p.Pro2Ser,missense_variant,3) Uncertain significance,P2S,1.0
P91S,0.14683034,rpsL,Streptomycin,p.Pro91Ser,missense_variant,3) Uncertain significance,P91S,1.0
S101A,0.1765634,rpsL,Streptomycin,p.Ser101Ala,missense_variant,3) Uncertain significance,S101A,0.0
S17R,0.123882145,rpsL,Streptomycin,p.Ser17Arg,missense_variant,3) Uncertain significance,S17R,0.0
S17N,0.11437059,rpsL,Streptomycin,p.Ser17Asn,missense_variant,3) Uncertain significance,S17N,0.0
S17I,0.17675279,rpsL,Streptomycin,p.Ser17Ile,missense_variant,3) Uncertain significance,S17I,1.0
T104M,0.11764132,rpsL,Streptomycin,p.Thr104Met,missense_variant,3) Uncertain significance,T104M,0.0
T35A,0.18947619,rpsL,Streptomycin,p.Thr35Ala,missense_variant,3) Uncertain significance,T35A,0.0
T40I,0.1808261,rpsL,Streptomycin,p.Thr40Ile,missense_variant,3) Uncertain significance,T40I,1.0
T58A,0.10663393,rpsL,Streptomycin,p.Thr58Ala,missense_variant,3) Uncertain significance,T58A,0.0
T64M,0.14230491,rpsL,Streptomycin,p.Thr64Met,missense_variant,3) Uncertain significance,T64M,1.0
V107A,0.13916852,rpsL,Streptomycin,p.Val107Ala,missense_variant,3) Uncertain significance,V107A,1.0
V55M,0.152344,rpsL,Streptomycin,p.Val55Met,missense_variant,3) Uncertain significance,V55M,1.0
V63I,0.091947906,rpsL,Streptomycin,p.Val63Ile,missense_variant,3) Uncertain significance,V63I,0.0
A137V,0.11868603,rplC,Linezolid,p.Ala137Val,missense_variant,3) Uncertain significance,A137V,0.0
A31T,0.06568226,rplC,Linezolid,p.Ala31Thr,missense_variant,3) Uncertain significance,A31T,0.0
A72T,0.07260354,rplC,Linezolid,p.Ala72Thr,missense_variant,3) Uncertain significance,A72T,0.0
R214Q,0.087325305,rplC,Linezolid,p.Arg214Gln,missense_variant,3) Uncertain significance,R214Q,0.0
R38C,0.20242167,rplC,Linezolid,p.Arg38Cys,missense_variant,3) Uncertain significance,R38C,0.25
R44L,0.11597124,rplC,Linezolid,p.Arg44Leu,missense_variant,3) Uncertain significance,R44L,0.0
R79L,0.10366431,rplC,Linezolid,p.Arg79Leu,missense_variant,3) Uncertain significance,R79L,0.0
N179K,0.08767141,rplC,Linezolid,p.Asn179Lys,missense_variant,3) Uncertain significance,N179K,0.0
D173G,0.14814733,rplC,Linezolid,p.Asp173Gly,missense_variant,3) Uncertain significance,D173G,0.0
D18N,0.09811982,rplC,Linezolid,p.Asp18Asn,missense_variant,3) Uncertain significance,D18N,0.0
C154R,0.3513001,rplC,Linezolid,p.Cys154Arg,missense_variant,1) Assoc w R,C154R,0.8095238095238095
G120S,0.08659431,rplC,Linezolid,p.Gly120Ser,missense_variant,3) Uncertain significance,G120S,0.125
G12S,0.08055818,rplC,Linezolid,p.Gly12Ser,missense_variant,3) Uncertain significance,G12S,0.0
G131S,0.113335885,rplC,Linezolid,p.Gly131Ser,missense_variant,3) Uncertain significance,G131S,0.0
G136S,0.0863767,rplC,Linezolid,p.Gly136Ser,missense_variant,3) Uncertain significance,G136S,0.0
G168R,0.115885004,rplC,Linezolid,p.Gly168Arg,missense_variant,3) Uncertain significance,G168R,0.0
G215S,0.080258325,rplC,Linezolid,p.Gly215Ser,missense_variant,3) Uncertain significance,G215S,0.0
G98R,0.28103024,rplC,Linezolid,p.Gly98Arg,missense_variant,3) Uncertain significance,G98R,0.0
H183Y,0.12522121,rplC,Linezolid,p.His183Tyr,missense_variant,3) Uncertain significance,H183Y,0.0
I105V,0.077870116,rplC,Linezolid,p.Ile105Val,missense_variant,3) Uncertain significance,I105V,0.0
K61T,0.10285097,rplC,Linezolid,p.Lys61Thr,missense_variant,3) Uncertain significance,K61T,0.0
P25S,0.25541312,rplC,Linezolid,p.Pro25Ser,missense_variant,3) Uncertain significance,P25S,0.0
P33L,0.19520356,rplC,Linezolid,p.Pro33Leu,missense_variant,3) Uncertain significance,P33L,0.0
S138R,0.1604058,rplC,Linezolid,p.Ser138Arg,missense_variant,3) Uncertain significance,S138R,0.0
S89A,0.07447383,rplC,Linezolid,p.Ser89Ala,missense_variant,3) Uncertain significance,S89A,0.0
T102S,0.080487594,rplC,Linezolid,p.Thr102Ser,missense_variant,3) Uncertain significance,T102S,0.0
T115A,0.08878379,rplC,Linezolid,p.Thr115Ala,missense_variant,3) Uncertain significance,T115A,0.0
T41M,0.12207992,rplC,Linezolid,p.Thr41Met,missense_variant,3) Uncertain significance,T41M,0.0
T93A,0.07822209,rplC,Linezolid,p.Thr93Ala,missense_variant,3) Uncertain significance,T93A,0.0
Y80C,0.17256528,rplC,Linezolid,p.Tyr80Cys,missense_variant,3) Uncertain significance,Y80C,0.5
V185I,0.07974477,rplC,Linezolid,p.Val185Ile,missense_variant,3) Uncertain significance,V185I,0.0
V97I,0.08743424,rplC,Linezolid,p.Val97Ile,missense_variant,3) Uncertain significance,V97I,0.0
A115V,0.04091831,gyrB,Levofloxacin,p.Ala115Val,missense_variant,3) Uncertain significance,A115V,0.0
A115V,0.04091831,gyrB,Moxifloxacin,p.Ala115Val,missense_variant,3) Uncertain significance,A115V,0.0
A130S,0.030835655,gyrB,Levofloxacin,p.Ala130Ser,missense_variant,3) Uncertain significance,A130S,0.0
A130S,0.030835655,gyrB,Moxifloxacin,p.Ala130Ser,missense_variant,3) Uncertain significance,A130S,0.0
A162E,0.025554195,gyrB,Levofloxacin,p.Ala162Glu,missense_variant,3) Uncertain significance,A162E,0.0
A162E,0.025554195,gyrB,Moxifloxacin,p.Ala162Glu,missense_variant,3) Uncertain significance,A162E,0.0
A162S,0.030308438,gyrB,Levofloxacin,p.Ala162Ser,missense_variant,3) Uncertain significance,A162S,0.0
A162S,0.030308438,gyrB,Moxifloxacin,p.Ala162Ser,missense_variant,3) Uncertain significance,A162S,0.0
A175T,0.017386336,gyrB,Levofloxacin,p.Ala175Thr,missense_variant,3) Uncertain significance,A175T,0.0
A175T,0.017386336,gyrB,Moxifloxacin,p.Ala175Thr,missense_variant,3) Uncertain significance,A175T,0.0
A191D,0.03615083,gyrB,Levofloxacin,p.Ala191Asp,missense_variant,3) Uncertain significance,A191D,0.0
A191D,0.03615083,gyrB,Moxifloxacin,p.Ala191Asp,missense_variant,3) Uncertain significance,A191D,0.0
A229T,0.03389337,gyrB,Levofloxacin,p.Ala229Thr,missense_variant,3) Uncertain significance,A229T,0.0
A233G,0.037424732,gyrB,Levofloxacin,p.Ala233Gly,missense_variant,3) Uncertain significance,A233G,0.0
A233G,0.037424732,gyrB,Moxifloxacin,p.Ala233Gly,missense_variant,3) Uncertain significance,A233G,0.0
A233P,0.04480358,gyrB,Levofloxacin,p.Ala233Pro,missense_variant,3) Uncertain significance,A233P,1.0
A233P,0.04480358,gyrB,Moxifloxacin,p.Ala233Pro,missense_variant,3) Uncertain significance,A233P,1.0
A233V,0.040279653,gyrB,Levofloxacin,p.Ala233Val,missense_variant,3) Uncertain significance,A233V,0.0
A233V,0.040279653,gyrB,Moxifloxacin,p.Ala233Val,missense_variant,3) Uncertain significance,A233V,0.0
A237G,0.035957616,gyrB,Levofloxacin,p.Ala237Gly,missense_variant,3) Uncertain significance,A237G,0.0
A237G,0.035957616,gyrB,Moxifloxacin,p.Ala237Gly,missense_variant,3) Uncertain significance,A237G,0.0
A238G,0.03410755,gyrB,Levofloxacin,p.Ala238Gly,missense_variant,3) Uncertain significance,A238G,0.0
A238G,0.03410755,gyrB,Moxifloxacin,p.Ala238Gly,missense_variant,3) Uncertain significance,A238G,0.0
A238T,0.031869836,gyrB,Levofloxacin,p.Ala238Thr,missense_variant,3) Uncertain significance,A238T,0.0
A238T,0.031869836,gyrB,Moxifloxacin,p.Ala238Thr,missense_variant,3) Uncertain significance,A238T,0.0
A242P,0.034833368,gyrB,Levofloxacin,p.Ala242Pro,missense_variant,3) Uncertain significance,A242P,1.0
A242T,0.024300681,gyrB,Levofloxacin,p.Ala242Thr,missense_variant,3) Uncertain significance,A242T,0.0
A242T,0.024300681,gyrB,Moxifloxacin,p.Ala242Thr,missense_variant,3) Uncertain significance,A242T,0.0
A2S,0.025654113,gyrB,Levofloxacin,p.Ala2Ser,missense_variant,3) Uncertain significance,A2S,1.0
A2S,0.025654113,gyrB,Moxifloxacin,p.Ala2Ser,missense_variant,3) Uncertain significance,A2S,0.5
A332V,0.026838584,gyrB,Levofloxacin,p.Ala332Val,missense_variant,3) Uncertain significance,A332V,0.0
A332V,0.026838584,gyrB,Moxifloxacin,p.Ala332Val,missense_variant,3) Uncertain significance,A332V,0.0
A355T,0.031971216,gyrB,Levofloxacin,p.Ala355Thr,missense_variant,3) Uncertain significance,A355T,0.0
A355T,0.031971216,gyrB,Moxifloxacin,p.Ala355Thr,missense_variant,3) Uncertain significance,A355T,0.0
A398V,0.04231847,gyrB,Levofloxacin,p.Ala398Val,missense_variant,3) Uncertain significance,A398V,0.1111111111111111
A398V,0.04231847,gyrB,Moxifloxacin,p.Ala398Val,missense_variant,3) Uncertain significance,A398V,0.0
A403S,0.03112279,gyrB,Levofloxacin,p.Ala403Ser,missense_variant,5) Not assoc w R,A403S,0.023529411764705882
A403S,0.03112279,gyrB,Moxifloxacin,p.Ala403Ser,missense_variant,3) Uncertain significance,A403S,0.0
A403V,0.03415478,gyrB,Levofloxacin,p.Ala403Val,missense_variant,3) Uncertain significance,A403V,0.0
A403V,0.03415478,gyrB,Moxifloxacin,p.Ala403Val,missense_variant,3) Uncertain significance,A403V,0.0
A423V,0.037542388,gyrB,Levofloxacin,p.Ala423Val,missense_variant,3) Uncertain significance,A423V,0.0
A423V,0.037542388,gyrB,Moxifloxacin,p.Ala423Val,missense_variant,3) Uncertain significance,A423V,0.0
A432V,0.031405564,gyrB,Levofloxacin,p.Ala432Val,missense_variant,3) Uncertain significance,A432V,0.0
A432V,0.031405564,gyrB,Moxifloxacin,p.Ala432Val,missense_variant,3) Uncertain significance,A432V,0.0
A467T,0.026808184,gyrB,Levofloxacin,p.Ala467Thr,missense_variant,3) Uncertain significance,A467T,0.5
A467T,0.026808184,gyrB,Moxifloxacin,p.Ala467Thr,missense_variant,3) Uncertain significance,A467T,0.5
A467V,0.04771109,gyrB,Levofloxacin,p.Ala467Val,missense_variant,3) Uncertain significance,A467V,1.0
A504T,0.027557552,gyrB,Levofloxacin,p.Ala504Thr,missense_variant,3) Uncertain significance,A504T,0.7222222222222222
A504T,0.027557552,gyrB,Moxifloxacin,p.Ala504Thr,missense_variant,3) Uncertain significance,A504T,0.75
A504V,0.1476518,gyrB,Levofloxacin,p.Ala504Val,missense_variant,2) Assoc w R - Interim,A504V,0.7619047619047619
A504V,0.1476518,gyrB,Moxifloxacin,p.Ala504Val,missense_variant,2) Assoc w R - Interim,A504V,0.5833333333333334
A508V,0.08757946,gyrB,Levofloxacin,p.Ala508Val,missense_variant,3) Uncertain significance,A508V,0.0
A508V,0.08757946,gyrB,Moxifloxacin,p.Ala508Val,missense_variant,3) Uncertain significance,A508V,0.0
A564T,0.015376941,gyrB,Levofloxacin,p.Ala564Thr,missense_variant,3) Uncertain significance,A564T,0.0
A564T,0.015376941,gyrB,Moxifloxacin,p.Ala564Thr,missense_variant,3) Uncertain significance,A564T,0.0
A593V,0.034026895,gyrB,Levofloxacin,p.Ala593Val,missense_variant,3) Uncertain significance,A593V,0.0
A593V,0.034026895,gyrB,Moxifloxacin,p.Ala593Val,missense_variant,3) Uncertain significance,A593V,0.0
A597T,0.023916487,gyrB,Levofloxacin,p.Ala597Thr,missense_variant,3) Uncertain significance,A597T,0.5
A597T,0.023916487,gyrB,Moxifloxacin,p.Ala597Thr,missense_variant,3) Uncertain significance,A597T,1.0
A618D,0.035955474,gyrB,Levofloxacin,p.Ala618Asp,missense_variant,3) Uncertain significance,A618D,0.0
A618D,0.035955474,gyrB,Moxifloxacin,p.Ala618Asp,missense_variant,3) Uncertain significance,A618D,1.0
A618T,0.031036502,gyrB,Levofloxacin,p.Ala618Thr,missense_variant,3) Uncertain significance,A618T,0.75
A618T,0.031036502,gyrB,Moxifloxacin,p.Ala618Thr,missense_variant,3) Uncertain significance,A618T,0.75
A618V,0.02529108,gyrB,Levofloxacin,p.Ala618Val,missense_variant,3) Uncertain significance,A618V,1.0
A641D,0.031577885,gyrB,Levofloxacin,p.Ala641Asp,missense_variant,3) Uncertain significance,A641D,0.5
A643D,0.02944308,gyrB,Levofloxacin,p.Ala643Asp,missense_variant,3) Uncertain significance,A643D,1.0
A643D,0.02944308,gyrB,Moxifloxacin,p.Ala643Asp,missense_variant,3) Uncertain significance,A643D,1.0
A644D,0.038845077,gyrB,Levofloxacin,p.Ala644Asp,missense_variant,3) Uncertain significance,A644D,0.2
A644D,0.038845077,gyrB,Moxifloxacin,p.Ala644Asp,missense_variant,3) Uncertain significance,A644D,0.25
A78G,0.05541411,gyrB,Levofloxacin,p.Ala78Gly,missense_variant,3) Uncertain significance,A78G,0.0
A78G,0.05541411,gyrB,Moxifloxacin,p.Ala78Gly,missense_variant,3) Uncertain significance,A78G,0.0
A78T,0.029656677,gyrB,Levofloxacin,p.Ala78Thr,missense_variant,3) Uncertain significance,A78T,0.0
A78V,0.026948558,gyrB,Levofloxacin,p.Ala78Val,missense_variant,3) Uncertain significance,A78V,0.0
A78V,0.026948558,gyrB,Moxifloxacin,p.Ala78Val,missense_variant,3) Uncertain significance,A78V,0.0
A87G,0.038894594,gyrB,Levofloxacin,p.Ala87Gly,missense_variant,3) Uncertain significance,A87G,0.0
A87G,0.038894594,gyrB,Moxifloxacin,p.Ala87Gly,missense_variant,3) Uncertain significance,A87G,0.0
A90G,0.041804984,gyrB,Levofloxacin,p.Ala90Gly,missense_variant,3) Uncertain significance,A90G,0.0
A90G,0.041804984,gyrB,Moxifloxacin,p.Ala90Gly,missense_variant,3) Uncertain significance,A90G,0.0
A90T,0.026622836,gyrB,Levofloxacin,p.Ala90Thr,missense_variant,3) Uncertain significance,A90T,0.0
A90T,0.026622836,gyrB,Moxifloxacin,p.Ala90Thr,missense_variant,3) Uncertain significance,A90T,0.0
R192P,0.046044856,gyrB,Levofloxacin,p.Arg192Pro,missense_variant,3) Uncertain significance,R192P,0.0
R212T,0.048165504,gyrB,Levofloxacin,p.Arg212Thr,missense_variant,3) Uncertain significance,R212T,0.0
R212T,0.048165504,gyrB,Moxifloxacin,p.Arg212Thr,missense_variant,3) Uncertain significance,R212T,0.0
R417C,0.08628689,gyrB,Levofloxacin,p.Arg417Cys,missense_variant,3) Uncertain significance,R417C,1.0
R429C,0.09166849,gyrB,Levofloxacin,p.Arg429Cys,missense_variant,3) Uncertain significance,R429C,1.0
R446C,0.07808026,gyrB,Levofloxacin,p.Arg446Cys,missense_variant,3) Uncertain significance,R446C,0.4358974358974359
R446C,0.07808026,gyrB,Moxifloxacin,p.Arg446Cys,missense_variant,3) Uncertain significance,R446C,0.375
R446G,0.03359169,gyrB,Levofloxacin,p.Arg446Gly,missense_variant,3) Uncertain significance,R446G,1.0
R446G,0.03359169,gyrB,Moxifloxacin,p.Arg446Gly,missense_variant,3) Uncertain significance,R446G,1.0
R446H,0.0393257,gyrB,Levofloxacin,p.Arg446His,missense_variant,3) Uncertain significance,R446H,0.23076923076923078
R446H,0.0393257,gyrB,Moxifloxacin,p.Arg446His,missense_variant,3) Uncertain significance,R446H,0.09090909090909091
R446L,0.04477451,gyrB,Levofloxacin,p.Arg446Leu,missense_variant,3) Uncertain significance,R446L,0.5
R446L,0.04477451,gyrB,Moxifloxacin,p.Arg446Leu,missense_variant,3) Uncertain significance,R446L,0.5
R451H,0.038920794,gyrB,Levofloxacin,p.Arg451His,missense_variant,3) Uncertain significance,R451H,0.0
R451H,0.038920794,gyrB,Moxifloxacin,p.Arg451His,missense_variant,3) Uncertain significance,R451H,0.0
R523C,0.079948775,gyrB,Levofloxacin,p.Arg523Cys,missense_variant,3) Uncertain significance,R523C,0.0
R523C,0.079948775,gyrB,Moxifloxacin,p.Arg523Cys,missense_variant,3) Uncertain significance,R523C,0.0
R523H,0.034996424,gyrB,Levofloxacin,p.Arg523His,missense_variant,3) Uncertain significance,R523H,1.0
R523S,0.029538203,gyrB,Levofloxacin,p.Arg523Ser,missense_variant,3) Uncertain significance,R523S,0.0
R523S,0.029538203,gyrB,Moxifloxacin,p.Arg523Ser,missense_variant,3) Uncertain significance,R523S,0.0
R553G,0.03374819,gyrB,Levofloxacin,p.Arg553Gly,missense_variant,3) Uncertain significance,R553G,1.0
R553G,0.03374819,gyrB,Moxifloxacin,p.Arg553Gly,missense_variant,3) Uncertain significance,R553G,1.0
R553W,0.04119787,gyrB,Levofloxacin,p.Arg553Trp,missense_variant,3) Uncertain significance,R553W,0.0
R553W,0.04119787,gyrB,Moxifloxacin,p.Arg553Trp,missense_variant,3) Uncertain significance,R553W,0.0
R575H,0.031651486,gyrB,Levofloxacin,p.Arg575His,missense_variant,3) Uncertain significance,R575H,0.12121212121212122
R575H,0.031651486,gyrB,Moxifloxacin,p.Arg575His,missense_variant,3) Uncertain significance,R575H,0.03333333333333333
R587G,0.03867415,gyrB,Levofloxacin,p.Arg587Gly,missense_variant,3) Uncertain significance,R587G,0.0
R587G,0.03867415,gyrB,Moxifloxacin,p.Arg587Gly,missense_variant,3) Uncertain significance,R587G,0.0
R634L,0.040220916,gyrB,Levofloxacin,p.Arg634Leu,missense_variant,3) Uncertain significance,R634L,0.0
R634L,0.040220916,gyrB,Moxifloxacin,p.Arg634Leu,missense_variant,3) Uncertain significance,R634L,0.0
R665C,0.08334452,gyrB,Levofloxacin,p.Arg665Cys,missense_variant,3) Uncertain significance,R665C,0.0
R665C,0.08334452,gyrB,Moxifloxacin,p.Arg665Cys,missense_variant,3) Uncertain significance,R665C,0.0
N207D,0.038246147,gyrB,Levofloxacin,p.Asn207Asp,missense_variant,3) Uncertain significance,N207D,0.0
N207D,0.038246147,gyrB,Moxifloxacin,p.Asn207Asp,missense_variant,3) Uncertain significance,N207D,0.0
N399S,0.036013395,gyrB,Levofloxacin,p.Asn399Ser,missense_variant,3) Uncertain significance,N399S,0.0
N499D,0.028086413,gyrB,Levofloxacin,p.Asn499Asp,missense_variant,1) Assoc w R,N499D,0.7307692307692307
N499D,0.028086413,gyrB,Moxifloxacin,p.Asn499Asp,missense_variant,2) Assoc w R - Interim,N499D,0.7058823529411765
N499I,0.051078316,gyrB,Levofloxacin,p.Asn499Ile,missense_variant,3) Uncertain significance,N499I,0.8333333333333334
N499I,0.051078316,gyrB,Moxifloxacin,p.Asn499Ile,missense_variant,3) Uncertain significance,N499I,0.3333333333333333
N499K,0.029172976,gyrB,Levofloxacin,p.Asn499Lys,missense_variant,3) Uncertain significance,N499K,0.75
N499K,0.029172976,gyrB,Moxifloxacin,p.Asn499Lys,missense_variant,3) Uncertain significance,N499K,0.7142857142857143
N499S,0.032507792,gyrB,Levofloxacin,p.Asn499Ser,missense_variant,3) Uncertain significance,N499S,0.7142857142857143
N499S,0.032507792,gyrB,Moxifloxacin,p.Asn499Ser,missense_variant,3) Uncertain significance,N499S,0.6363636363636364
N499T,0.03819847,gyrB,Levofloxacin,p.Asn499Thr,missense_variant,1) Assoc w R,N499T,0.7045454545454546
N499T,0.03819847,gyrB,Moxifloxacin,p.Asn499Thr,missense_variant,2) Assoc w R - Interim,N499T,0.6052631578947368
N499Y,0.04078764,gyrB,Levofloxacin,p.Asn499Tyr,missense_variant,3) Uncertain significance,N499Y,1.0
N558D,0.0271033,gyrB,Levofloxacin,p.Asn558Asp,missense_variant,3) Uncertain significance,N558D,0.0
N558D,0.0271033,gyrB,Moxifloxacin,p.Asn558Asp,missense_variant,3) Uncertain significance,N558D,0.0
N666S,0.02316289,gyrB,Levofloxacin,p.Asn666Ser,missense_variant,3) Uncertain significance,N666S,0.0
N666S,0.02316289,gyrB,Moxifloxacin,p.Asn666Ser,missense_variant,3) Uncertain significance,N666S,0.0
N66H,0.041887067,gyrB,Levofloxacin,p.Asn66His,missense_variant,3) Uncertain significance,N66H,0.0
N66H,0.041887067,gyrB,Moxifloxacin,p.Asn66His,missense_variant,3) Uncertain significance,N66H,0.0
N66S,0.029991534,gyrB,Levofloxacin,p.Asn66Ser,missense_variant,3) Uncertain significance,N66S,0.0
N66S,0.029991534,gyrB,Moxifloxacin,p.Asn66Ser,missense_variant,3) Uncertain significance,N66S,0.0
D110G,0.04336082,gyrB,Levofloxacin,p.Asp110Gly,missense_variant,3) Uncertain significance,D110G,0.0
D110G,0.04336082,gyrB,Moxifloxacin,p.Asp110Gly,missense_variant,3) Uncertain significance,D110G,0.0
D112H,0.06032878,gyrB,Levofloxacin,p.Asp112His,missense_variant,3) Uncertain significance,D112H,0.0
D112H,0.06032878,gyrB,Moxifloxacin,p.Asp112His,missense_variant,3) Uncertain significance,D112H,0.0
D176E,0.025950465,gyrB,Levofloxacin,p.Asp176Glu,missense_variant,3) Uncertain significance,D176E,0.0
D176E,0.025950465,gyrB,Moxifloxacin,p.Asp176Glu,missense_variant,3) Uncertain significance,D176E,0.0
D216G,0.037128236,gyrB,Levofloxacin,p.Asp216Gly,missense_variant,3) Uncertain significance,D216G,0.0
D216G,0.037128236,gyrB,Moxifloxacin,p.Asp216Gly,missense_variant,3) Uncertain significance,D216G,0.0
D220E,0.04025023,gyrB,Levofloxacin,p.Asp220Glu,missense_variant,3) Uncertain significance,D220E,0.0
D220E,0.04025023,gyrB,Moxifloxacin,p.Asp220Glu,missense_variant,3) Uncertain significance,D220E,0.0
D225E,0.033548504,gyrB,Levofloxacin,p.Asp225Glu,missense_variant,3) Uncertain significance,D225E,0.0
D225E,0.033548504,gyrB,Moxifloxacin,p.Asp225Glu,missense_variant,3) Uncertain significance,D225E,0.0
D225G,0.04644612,gyrB,Levofloxacin,p.Asp225Gly,missense_variant,3) Uncertain significance,D225G,0.0
D225G,0.04644612,gyrB,Moxifloxacin,p.Asp225Gly,missense_variant,3) Uncertain significance,D225G,0.0
D259E,0.018616434,gyrB,Levofloxacin,p.Asp259Glu,missense_variant,3) Uncertain significance,D259E,0.0
D259E,0.018616434,gyrB,Moxifloxacin,p.Asp259Glu,missense_variant,3) Uncertain significance,D259E,0.0
D334G,0.033718497,gyrB,Levofloxacin,p.Asp334Gly,missense_variant,3) Uncertain significance,D334G,0.0
D334G,0.033718497,gyrB,Moxifloxacin,p.Asp334Gly,missense_variant,3) Uncertain significance,D334G,0.5
D340G,0.026181964,gyrB,Levofloxacin,p.Asp340Gly,missense_variant,3) Uncertain significance,D340G,0.0
D340G,0.026181964,gyrB,Moxifloxacin,p.Asp340Gly,missense_variant,3) Uncertain significance,D340G,0.0
D342E,0.025759121,gyrB,Levofloxacin,p.Asp342Glu,missense_variant,3) Uncertain significance,D342E,0.0
D342E,0.025759121,gyrB,Moxifloxacin,p.Asp342Glu,missense_variant,3) Uncertain significance,D342E,0.0
D402E,0.021457318,gyrB,Levofloxacin,p.Asp402Glu,missense_variant,3) Uncertain significance,D402E,0.0
D402E,0.021457318,gyrB,Moxifloxacin,p.Asp402Glu,missense_variant,3) Uncertain significance,D402E,0.0
D434E,0.01966605,gyrB,Levofloxacin,p.Asp434Glu,missense_variant,3) Uncertain significance,D434E,0.0
D434E,0.01966605,gyrB,Moxifloxacin,p.Asp434Glu,missense_variant,3) Uncertain significance,D434E,0.0
D434G,0.034588568,gyrB,Levofloxacin,p.Asp434Gly,missense_variant,3) Uncertain significance,D434G,0.0
D434G,0.034588568,gyrB,Moxifloxacin,p.Asp434Gly,missense_variant,3) Uncertain significance,D434G,0.0
D434H,0.05733833,gyrB,Levofloxacin,p.Asp434His,missense_variant,3) Uncertain significance,D434H,0.0
D434H,0.05733833,gyrB,Moxifloxacin,p.Asp434His,missense_variant,3) Uncertain significance,D434H,0.0
D461A,0.040589582,gyrB,Levofloxacin,p.Asp461Ala,missense_variant,3) Uncertain significance,D461A,0.8333333333333334
D461A,0.040589582,gyrB,Moxifloxacin,p.Asp461Ala,missense_variant,3) Uncertain significance,D461A,0.6666666666666666
D461N,0.053480115,gyrB,Levofloxacin,p.Asp461Asn,missense_variant,1) Assoc w R,D461N,0.7096774193548387
D461N,0.053480115,gyrB,Moxifloxacin,p.Asp461Asn,missense_variant,2) Assoc w R - Interim,D461N,0.3333333333333333
D461H,0.043058295,gyrB,Levofloxacin,p.Asp461His,missense_variant,2) Assoc w R - Interim,D461H,0.8260869565217391
D461H,0.043058295,gyrB,Moxifloxacin,p.Asp461His,missense_variant,2) Assoc w R - Interim,D461H,0.42857142857142855
D461V,0.03484104,gyrB,Levofloxacin,p.Asp461Val,missense_variant,3) Uncertain significance,D461V,0.6666666666666666
D461V,0.03484104,gyrB,Moxifloxacin,p.Asp461Val,missense_variant,3) Uncertain significance,D461V,0.3333333333333333
D472N,0.036077727,gyrB,Levofloxacin,p.Asp472Asn,missense_variant,3) Uncertain significance,D472N,1.0
D472N,0.036077727,gyrB,Moxifloxacin,p.Asp472Asn,missense_variant,3) Uncertain significance,D472N,1.0
D494A,0.028219558,gyrB,Levofloxacin,p.Asp494Ala,missense_variant,3) Uncertain significance,D494A,0.4
D494A,0.028219558,gyrB,Moxifloxacin,p.Asp494Ala,missense_variant,3) Uncertain significance,D494A,0.0
D518G,0.027760254,gyrB,Levofloxacin,p.Asp518Gly,missense_variant,3) Uncertain significance,D518G,0.0
D518G,0.027760254,gyrB,Moxifloxacin,p.Asp518Gly,missense_variant,3) Uncertain significance,D518G,0.0
D588N,0.0281359,gyrB,Levofloxacin,p.Asp588Asn,missense_variant,3) Uncertain significance,D588N,1.0
D588N,0.0281359,gyrB,Moxifloxacin,p.Asp588Asn,missense_variant,3) Uncertain significance,D588N,0.0
D617Y,0.086333126,gyrB,Levofloxacin,p.Asp617Tyr,missense_variant,3) Uncertain significance,D617Y,0.5714285714285714
D617Y,0.086333126,gyrB,Moxifloxacin,p.Asp617Tyr,missense_variant,3) Uncertain significance,D617Y,0.4
D627A,0.030572126,gyrB,Levofloxacin,p.Asp627Ala,missense_variant,3) Uncertain significance,D627A,0.0
D627A,0.030572126,gyrB,Moxifloxacin,p.Asp627Ala,missense_variant,3) Uncertain significance,D627A,0.0
D640A,0.0383329,gyrB,Levofloxacin,p.Asp640Ala,missense_variant,3) Uncertain significance,D640A,0.0
D640A,0.0383329,gyrB,Moxifloxacin,p.Asp640Ala,missense_variant,3) Uncertain significance,D640A,0.0
D645A,0.032018185,gyrB,Levofloxacin,p.Asp645Ala,missense_variant,3) Uncertain significance,D645A,1.0
D645A,0.032018185,gyrB,Moxifloxacin,p.Asp645Ala,missense_variant,3) Uncertain significance,D645A,1.0
D645E,0.027924752,gyrB,Levofloxacin,p.Asp645Glu,missense_variant,3) Uncertain significance,D645E,1.0
D645E,0.027924752,gyrB,Moxifloxacin,p.Asp645Glu,missense_variant,3) Uncertain significance,D645E,1.0
D97E,0.035340134,gyrB,Levofloxacin,p.Asp97Glu,missense_variant,3) Uncertain significance,D97E,0.0
D97E,0.035340134,gyrB,Moxifloxacin,p.Asp97Glu,missense_variant,3) Uncertain significance,D97E,0.0
C388G,0.079734705,gyrB,Levofloxacin,p.Cys388Gly,missense_variant,3) Uncertain significance,C388G,0.0
C388G,0.079734705,gyrB,Moxifloxacin,p.Cys388Gly,missense_variant,3) Uncertain significance,C388G,0.0
Q476E,0.040714096,gyrB,Levofloxacin,p.Gln476Glu,missense_variant,3) Uncertain significance,Q476E,0.0
Q476E,0.040714096,gyrB,Moxifloxacin,p.Gln476Glu,missense_variant,3) Uncertain significance,Q476E,0.0
Q4R,0.027099742,gyrB,Levofloxacin,p.Gln4Arg,missense_variant,3) Uncertain significance,Q4R,0.0
Q4R,0.027099742,gyrB,Moxifloxacin,p.Gln4Arg,missense_variant,3) Uncertain significance,Q4R,0.0
Q503R,0.03612815,gyrB,Levofloxacin,p.Gln503Arg,missense_variant,3) Uncertain significance,Q503R,1.0
Q503R,0.03612815,gyrB,Moxifloxacin,p.Gln503Arg,missense_variant,3) Uncertain significance,Q503R,1.0
Q538R,0.024280634,gyrB,Levofloxacin,p.Gln538Arg,missense_variant,3) Uncertain significance,Q538R,0.0
Q538R,0.024280634,gyrB,Moxifloxacin,p.Gln538Arg,missense_variant,3) Uncertain significance,Q538R,0.0
Q565H,0.025811767,gyrB,Levofloxacin,p.Gln565His,missense_variant,3) Uncertain significance,Q565H,0.0
Q565H,0.025811767,gyrB,Moxifloxacin,p.Gln565His,missense_variant,3) Uncertain significance,Q565H,0.0
Q9H,0.026045209,gyrB,Levofloxacin,p.Gln9His,missense_variant,3) Uncertain significance,Q9H,0.3333333333333333
Q9H,0.026045209,gyrB,Moxifloxacin,p.Gln9His,missense_variant,3) Uncertain significance,Q9H,0.0
E151D,0.024226591,gyrB,Levofloxacin,p.Glu151Asp,missense_variant,3) Uncertain significance,E151D,0.0
E151D,0.024226591,gyrB,Moxifloxacin,p.Glu151Asp,missense_variant,3) Uncertain significance,E151D,0.0
E181G,0.02646915,gyrB,Levofloxacin,p.Glu181Gly,missense_variant,3) Uncertain significance,E181G,0.0
E181G,0.02646915,gyrB,Moxifloxacin,p.Glu181Gly,missense_variant,3) Uncertain significance,E181G,0.0
E21D,0.02710014,gyrB,Levofloxacin,p.Glu21Asp,missense_variant,3) Uncertain significance,E21D,0.0
E21D,0.02710014,gyrB,Moxifloxacin,p.Glu21Asp,missense_variant,3) Uncertain significance,E21D,0.0
E21Q,0.03061732,gyrB,Levofloxacin,p.Glu21Gln,missense_variant,3) Uncertain significance,E21Q,0.0
E21Q,0.03061732,gyrB,Moxifloxacin,p.Glu21Gln,missense_variant,3) Uncertain significance,E21Q,0.0
E21K,0.03342648,gyrB,Levofloxacin,p.Glu21Lys,missense_variant,3) Uncertain significance,E21K,0.0
E21K,0.03342648,gyrB,Moxifloxacin,p.Glu21Lys,missense_variant,3) Uncertain significance,E21K,0.0
E228D,0.031124586,gyrB,Levofloxacin,p.Glu228Asp,missense_variant,3) Uncertain significance,E228D,0.4
E228Q,0.042728,gyrB,Levofloxacin,p.Glu228Gln,missense_variant,3) Uncertain significance,E228Q,0.0
E299Q,0.027430236,gyrB,Levofloxacin,p.Glu299Gln,missense_variant,3) Uncertain significance,E299Q,0.0
E299Q,0.027430236,gyrB,Moxifloxacin,p.Glu299Gln,missense_variant,3) Uncertain significance,E299Q,0.0
E364D,0.023656977,gyrB,Levofloxacin,p.Glu364Asp,missense_variant,3) Uncertain significance,E364D,1.0
E364D,0.023656977,gyrB,Moxifloxacin,p.Glu364Asp,missense_variant,3) Uncertain significance,E364D,1.0
E379G,0.031645548,gyrB,Levofloxacin,p.Glu379Gly,missense_variant,3) Uncertain significance,E379G,0.0
E379G,0.031645548,gyrB,Moxifloxacin,p.Glu379Gly,missense_variant,3) Uncertain significance,E379G,0.0
E397D,0.024677673,gyrB,Levofloxacin,p.Glu397Asp,missense_variant,3) Uncertain significance,E397D,1.0
E397D,0.024677673,gyrB,Moxifloxacin,p.Glu397Asp,missense_variant,3) Uncertain significance,E397D,0.5
E425A,0.041806392,gyrB,Levofloxacin,p.Glu425Ala,missense_variant,3) Uncertain significance,E425A,0.0
E425A,0.041806392,gyrB,Moxifloxacin,p.Glu425Ala,missense_variant,3) Uncertain significance,E425A,0.0
E489Q,0.028230323,gyrB,Levofloxacin,p.Glu489Gln,missense_variant,3) Uncertain significance,E489Q,0.0
E489Q,0.028230323,gyrB,Moxifloxacin,p.Glu489Gln,missense_variant,3) Uncertain significance,E489Q,0.0
E501A,0.04172272,gyrB,Levofloxacin,p.Glu501Ala,missense_variant,3) Uncertain significance,E501A,0.75
E501A,0.04172272,gyrB,Moxifloxacin,p.Glu501Ala,missense_variant,3) Uncertain significance,E501A,1.0
E501D,0.033918615,gyrB,Levofloxacin,p.Glu501Asp,missense_variant,2) Assoc w R - Interim,E501D,0.5769230769230769
E501D,0.033918615,gyrB,Moxifloxacin,p.Glu501Asp,missense_variant,1) Assoc w R,E501D,0.8591549295774648
E501G,0.060571954,gyrB,Levofloxacin,p.Glu501Gly,missense_variant,3) Uncertain significance,E501G,0.5
E501G,0.060571954,gyrB,Moxifloxacin,p.Glu501Gly,missense_variant,3) Uncertain significance,E501G,0.5
E501V,0.058076542,gyrB,Levofloxacin,p.Glu501Val,missense_variant,2) Assoc w R - Interim,E501V,0.0
E501V,0.058076542,gyrB,Moxifloxacin,p.Glu501Val,missense_variant,2) Assoc w R - Interim,E501V,0.0
E586K,0.030831577,gyrB,Levofloxacin,p.Glu586Lys,missense_variant,3) Uncertain significance,E586K,0.2
E586K,0.030831577,gyrB,Moxifloxacin,p.Glu586Lys,missense_variant,3) Uncertain significance,E586K,0.0
E604G,0.030473158,gyrB,Levofloxacin,p.Glu604Gly,missense_variant,3) Uncertain significance,E604G,1.0
E604G,0.030473158,gyrB,Moxifloxacin,p.Glu604Gly,missense_variant,3) Uncertain significance,E604G,1.0
E604K,0.035768967,gyrB,Levofloxacin,p.Glu604Lys,missense_variant,3) Uncertain significance,E604K,0.0
E604K,0.035768967,gyrB,Moxifloxacin,p.Glu604Lys,missense_variant,3) Uncertain significance,E604K,0.0
E604V,0.055879332,gyrB,Levofloxacin,p.Glu604Val,missense_variant,3) Uncertain significance,E604V,0.0
E604V,0.055879332,gyrB,Moxifloxacin,p.Glu604Val,missense_variant,3) Uncertain significance,E604V,0.0
E623D,0.019864284,gyrB,Levofloxacin,p.Glu623Asp,missense_variant,3) Uncertain significance,E623D,1.0
E623D,0.019864284,gyrB,Moxifloxacin,p.Glu623Asp,missense_variant,3) Uncertain significance,E623D,0.0
E654A,0.029736182,gyrB,Levofloxacin,p.Glu654Ala,missense_variant,3) Uncertain significance,E654A,0.0
E654A,0.029736182,gyrB,Moxifloxacin,p.Glu654Ala,missense_variant,3) Uncertain significance,E654A,0.0
E71D,0.039933678,gyrB,Levofloxacin,p.Glu71Asp,missense_variant,3) Uncertain significance,E71D,0.0
E76D,0.07742195,gyrB,Levofloxacin,p.Glu76Asp,missense_variant,3) Uncertain significance,E76D,0.0
E76D,0.07742195,gyrB,Moxifloxacin,p.Glu76Asp,missense_variant,3) Uncertain significance,E76D,0.0
G203V,0.037904005,gyrB,Levofloxacin,p.Gly203Val,missense_variant,3) Uncertain significance,G203V,0.0
G282D,0.029618725,gyrB,Levofloxacin,p.Gly282Asp,missense_variant,3) Uncertain significance,G282D,0.0
G282D,0.029618725,gyrB,Moxifloxacin,p.Gly282Asp,missense_variant,3) Uncertain significance,G282D,0.0
G38S,0.025958473,gyrB,Levofloxacin,p.Gly38Ser,missense_variant,3) Uncertain significance,G38S,0.0
G38S,0.025958473,gyrB,Moxifloxacin,p.Gly38Ser,missense_variant,3) Uncertain significance,G38S,0.0
G436R,0.03877234,gyrB,Levofloxacin,p.Gly436Arg,missense_variant,3) Uncertain significance,G436R,0.0
G436R,0.03877234,gyrB,Moxifloxacin,p.Gly436Arg,missense_variant,3) Uncertain significance,G436R,0.0
G437A,0.026066218,gyrB,Levofloxacin,p.Gly437Ala,missense_variant,3) Uncertain significance,G437A,0.0
G470C,0.08733439,gyrB,Levofloxacin,p.Gly470Cys,missense_variant,3) Uncertain significance,G470C,1.0
G470C,0.08733439,gyrB,Moxifloxacin,p.Gly470Cys,missense_variant,3) Uncertain significance,G470C,0.0
G510D,0.029879758,gyrB,Levofloxacin,p.Gly510Asp,missense_variant,3) Uncertain significance,G510D,0.0
G512R,0.039612576,gyrB,Levofloxacin,p.Gly512Arg,missense_variant,3) Uncertain significance,G512R,0.43103448275862066
G512R,0.039612576,gyrB,Moxifloxacin,p.Gly512Arg,missense_variant,3) Uncertain significance,G512R,0.6470588235294118
G520A,0.03133728,gyrB,Levofloxacin,p.Gly520Ala,missense_variant,5) Not assoc w R,G520A,0.024390243902439025
G520A,0.03133728,gyrB,Moxifloxacin,p.Gly520Ala,missense_variant,3) Uncertain significance,G520A,0.16666666666666666
G520V,0.04134919,gyrB,Levofloxacin,p.Gly520Val,missense_variant,3) Uncertain significance,G520V,1.0
G520V,0.04134919,gyrB,Moxifloxacin,p.Gly520Val,missense_variant,3) Uncertain significance,G520V,1.0
G589V,0.02446667,gyrB,Levofloxacin,p.Gly589Val,missense_variant,3) Uncertain significance,G589V,0.5
G589V,0.02446667,gyrB,Moxifloxacin,p.Gly589Val,missense_variant,3) Uncertain significance,G589V,0.0
G594R,0.02796927,gyrB,Levofloxacin,p.Gly594Arg,missense_variant,3) Uncertain significance,G594R,0.0
G594R,0.02796927,gyrB,Moxifloxacin,p.Gly594Arg,missense_variant,3) Uncertain significance,G594R,0.0
G598E,0.028449446,gyrB,Levofloxacin,p.Gly598Glu,missense_variant,3) Uncertain significance,G598E,0.0
G598E,0.028449446,gyrB,Moxifloxacin,p.Gly598Glu,missense_variant,3) Uncertain significance,G598E,0.0
G606S,0.021288536,gyrB,Levofloxacin,p.Gly606Ser,missense_variant,3) Uncertain significance,G606S,0.0
G606S,0.021288536,gyrB,Moxifloxacin,p.Gly606Ser,missense_variant,3) Uncertain significance,G606S,0.0
H252Y,0.042487353,gyrB,Levofloxacin,p.His252Tyr,missense_variant,3) Uncertain significance,H252Y,0.0
H272P,0.03571882,gyrB,Levofloxacin,p.His272Pro,missense_variant,3) Uncertain significance,H272P,0.0
H272P,0.03571882,gyrB,Moxifloxacin,p.His272Pro,missense_variant,3) Uncertain significance,H272P,0.0
H285R,0.029789643,gyrB,Levofloxacin,p.His285Arg,missense_variant,3) Uncertain significance,H285R,0.0
H302R,0.0367341,gyrB,Levofloxacin,p.His302Arg,missense_variant,3) Uncertain significance,H302R,0.3103448275862069
H302R,0.0367341,gyrB,Moxifloxacin,p.His302Arg,missense_variant,3) Uncertain significance,H302R,0.4444444444444444
H311R,0.03241411,gyrB,Levofloxacin,p.His311Arg,missense_variant,3) Uncertain significance,H311R,0.0
H311R,0.03241411,gyrB,Moxifloxacin,p.His311Arg,missense_variant,3) Uncertain significance,H311R,0.0
H560R,0.030758744,gyrB,Levofloxacin,p.His560Arg,missense_variant,3) Uncertain significance,H560R,0.0
H560R,0.030758744,gyrB,Moxifloxacin,p.His560Arg,missense_variant,3) Uncertain significance,H560R,0.0
H560N,0.028655902,gyrB,Levofloxacin,p.His560Asn,missense_variant,3) Uncertain significance,H560N,0.0
I116M,0.035320334,gyrB,Levofloxacin,p.Ile116Met,missense_variant,3) Uncertain significance,I116M,0.0
I116M,0.035320334,gyrB,Moxifloxacin,p.Ile116Met,missense_variant,3) Uncertain significance,I116M,0.0
I19L,0.021102922,gyrB,Levofloxacin,p.Ile19Leu,missense_variant,3) Uncertain significance,I19L,0.0
I19L,0.021102922,gyrB,Moxifloxacin,p.Ile19Leu,missense_variant,3) Uncertain significance,I19L,0.0
I206S,0.07309471,gyrB,Levofloxacin,p.Ile206Ser,missense_variant,3) Uncertain significance,I206S,0.0
I206S,0.07309471,gyrB,Moxifloxacin,p.Ile206Ser,missense_variant,3) Uncertain significance,I206S,0.0
I271M,0.039591342,gyrB,Levofloxacin,p.Ile271Met,missense_variant,3) Uncertain significance,I271M,0.12280701754385964
I271M,0.039591342,gyrB,Moxifloxacin,p.Ile271Met,missense_variant,3) Uncertain significance,I271M,0.06896551724137931
I271V,0.025964515,gyrB,Levofloxacin,p.Ile271Val,missense_variant,3) Uncertain significance,I271V,0.0
I271V,0.025964515,gyrB,Moxifloxacin,p.Ile271Val,missense_variant,3) Uncertain significance,I271V,0.0
I34V,0.03151776,gyrB,Levofloxacin,p.Ile34Val,missense_variant,3) Uncertain significance,I34V,0.1111111111111111
I34V,0.03151776,gyrB,Moxifloxacin,p.Ile34Val,missense_variant,3) Uncertain significance,I34V,0.1
I435V,0.034845453,gyrB,Levofloxacin,p.Ile435Val,missense_variant,3) Uncertain significance,I435V,0.0
I435V,0.034845453,gyrB,Moxifloxacin,p.Ile435Val,missense_variant,3) Uncertain significance,I435V,0.0
I46S,0.04983278,gyrB,Levofloxacin,p.Ile46Ser,missense_variant,3) Uncertain significance,I46S,0.0
I46S,0.04983278,gyrB,Moxifloxacin,p.Ile46Ser,missense_variant,3) Uncertain significance,I46S,0.0
I478L,0.028231498,gyrB,Levofloxacin,p.Ile478Leu,missense_variant,3) Uncertain significance,I478L,0.0
I486L,0.023988837,gyrB,Levofloxacin,p.Ile486Leu,missense_variant,3) Uncertain significance,I486L,0.75
I486L,0.023988837,gyrB,Moxifloxacin,p.Ile486Leu,missense_variant,3) Uncertain significance,I486L,0.75
I486V,0.0284782,gyrB,Levofloxacin,p.Ile486Val,missense_variant,3) Uncertain significance,I486V,0.0
I486V,0.0284782,gyrB,Moxifloxacin,p.Ile486Val,missense_variant,3) Uncertain significance,I486V,0.0
I493T,0.037067257,gyrB,Levofloxacin,p.Ile493Thr,missense_variant,3) Uncertain significance,I493T,0.0
I493T,0.037067257,gyrB,Moxifloxacin,p.Ile493Thr,missense_variant,3) Uncertain significance,I493T,0.0
I505V,0.028143147,gyrB,Levofloxacin,p.Ile505Val,missense_variant,3) Uncertain significance,I505V,0.0
I505V,0.028143147,gyrB,Moxifloxacin,p.Ile505Val,missense_variant,3) Uncertain significance,I505V,0.0
I506M,0.055222843,gyrB,Levofloxacin,p.Ile506Met,missense_variant,3) Uncertain significance,I506M,1.0
I527V,0.026151525,gyrB,Levofloxacin,p.Ile527Val,missense_variant,3) Uncertain significance,I527V,0.0
I527V,0.026151525,gyrB,Moxifloxacin,p.Ile527Val,missense_variant,3) Uncertain significance,I527V,0.0
I556V,0.025141975,gyrB,Levofloxacin,p.Ile556Val,missense_variant,3) Uncertain significance,I556V,0.25
I556V,0.025141975,gyrB,Moxifloxacin,p.Ile556Val,missense_variant,3) Uncertain significance,I556V,0.0
I601T,0.040362924,gyrB,Levofloxacin,p.Ile601Thr,missense_variant,3) Uncertain significance,I601T,0.0
I601T,0.040362924,gyrB,Moxifloxacin,p.Ile601Thr,missense_variant,3) Uncertain significance,I601T,0.0
I607V,0.034699567,gyrB,Levofloxacin,p.Ile607Val,missense_variant,3) Uncertain significance,I607V,0.0
I607V,0.034699567,gyrB,Moxifloxacin,p.Ile607Val,missense_variant,3) Uncertain significance,I607V,0.0
I84V,0.04746525,gyrB,Levofloxacin,p.Ile84Val,missense_variant,3) Uncertain significance,I84V,0.0
I84V,0.04746525,gyrB,Moxifloxacin,p.Ile84Val,missense_variant,3) Uncertain significance,I84V,0.0
I93V,0.028568063,gyrB,Levofloxacin,p.Ile93Val,missense_variant,3) Uncertain significance,I93V,0.0
I93V,0.028568063,gyrB,Moxifloxacin,p.Ile93Val,missense_variant,3) Uncertain significance,I93V,0.0
L156R,0.02911179,gyrB,Levofloxacin,p.Leu156Arg,missense_variant,3) Uncertain significance,L156R,0.0
L156M,0.032542307,gyrB,Levofloxacin,p.Leu156Met,missense_variant,3) Uncertain significance,L156M,0.0
L156M,0.032542307,gyrB,Moxifloxacin,p.Leu156Met,missense_variant,3) Uncertain significance,L156M,0.0
L204M,0.035934664,gyrB,Levofloxacin,p.Leu204Met,missense_variant,3) Uncertain significance,L204M,0.0
L257P,0.037377387,gyrB,Levofloxacin,p.Leu257Pro,missense_variant,3) Uncertain significance,L257P,1.0
L257P,0.037377387,gyrB,Moxifloxacin,p.Leu257Pro,missense_variant,3) Uncertain significance,L257P,1.0
L337R,0.03584729,gyrB,Levofloxacin,p.Leu337Arg,missense_variant,3) Uncertain significance,L337R,0.0
L354V,0.022513373,gyrB,Levofloxacin,p.Leu354Val,missense_variant,3) Uncertain significance,L354V,0.0
L354V,0.022513373,gyrB,Moxifloxacin,p.Leu354Val,missense_variant,3) Uncertain significance,L354V,0.0
L375F,0.020928686,gyrB,Levofloxacin,p.Leu375Phe,missense_variant,3) Uncertain significance,L375F,0.0
L375V,0.023946784,gyrB,Levofloxacin,p.Leu375Val,missense_variant,3) Uncertain significance,L375V,1.0
L375V,0.023946784,gyrB,Moxifloxacin,p.Leu375Val,missense_variant,3) Uncertain significance,L375V,1.0
L42I,0.018058931,gyrB,Levofloxacin,p.Leu42Ile,missense_variant,3) Uncertain significance,L42I,1.0
L42I,0.018058931,gyrB,Moxifloxacin,p.Leu42Ile,missense_variant,3) Uncertain significance,L42I,1.0
L455V,0.04103904,gyrB,Levofloxacin,p.Leu455Val,missense_variant,3) Uncertain significance,L455V,0.0
L455V,0.04103904,gyrB,Moxifloxacin,p.Leu455Val,missense_variant,3) Uncertain significance,L455V,0.0
L509P,0.08321331,gyrB,Levofloxacin,p.Leu509Pro,missense_variant,3) Uncertain significance,L509P,1.0
L509P,0.08321331,gyrB,Moxifloxacin,p.Leu509Pro,missense_variant,3) Uncertain significance,L509P,1.0
L522V,0.023809465,gyrB,Levofloxacin,p.Leu522Val,missense_variant,3) Uncertain significance,L522V,1.0
L522V,0.023809465,gyrB,Moxifloxacin,p.Leu522Val,missense_variant,3) Uncertain significance,L522V,1.0
L555F,0.017866049,gyrB,Levofloxacin,p.Leu555Phe,missense_variant,3) Uncertain significance,L555F,0.0
L555V,0.026692765,gyrB,Levofloxacin,p.Leu555Val,missense_variant,3) Uncertain significance,L555V,0.0
L555V,0.026692765,gyrB,Moxifloxacin,p.Leu555Val,missense_variant,3) Uncertain significance,L555V,0.0
L563F,0.016074227,gyrB,Levofloxacin,p.Leu563Phe,missense_variant,3) Uncertain significance,L563F,0.0
L563F,0.016074227,gyrB,Moxifloxacin,p.Leu563Phe,missense_variant,3) Uncertain significance,L563F,0.0
L571I,0.019955462,gyrB,Levofloxacin,p.Leu571Ile,missense_variant,3) Uncertain significance,L571I,0.0
L638V,0.021004975,gyrB,Levofloxacin,p.Leu638Val,missense_variant,3) Uncertain significance,L638V,0.0
L638V,0.021004975,gyrB,Moxifloxacin,p.Leu638Val,missense_variant,3) Uncertain significance,L638V,0.0
L673P,0.028562399,gyrB,Levofloxacin,p.Leu673Pro,missense_variant,3) Uncertain significance,L673P,0.0
L673P,0.028562399,gyrB,Moxifloxacin,p.Leu673Pro,missense_variant,3) Uncertain significance,L673P,0.0
L69V,0.020474937,gyrB,Levofloxacin,p.Leu69Val,missense_variant,3) Uncertain significance,L69V,0.0
L69V,0.020474937,gyrB,Moxifloxacin,p.Leu69Val,missense_variant,3) Uncertain significance,L69V,0.0
K159M,0.0473383,gyrB,Levofloxacin,p.Lys159Met,missense_variant,3) Uncertain significance,K159M,0.0
K159M,0.0473383,gyrB,Moxifloxacin,p.Lys159Met,missense_variant,3) Uncertain significance,K159M,0.0
K165N,0.03804451,gyrB,Levofloxacin,p.Lys165Asn,missense_variant,3) Uncertain significance,K165N,1.0
K333R,0.04025448,gyrB,Levofloxacin,p.Lys333Arg,missense_variant,3) Uncertain significance,K333R,0.0
K333R,0.04025448,gyrB,Moxifloxacin,p.Lys333Arg,missense_variant,3) Uncertain significance,K333R,0.0
K404R,0.03296639,gyrB,Levofloxacin,p.Lys404Arg,missense_variant,3) Uncertain significance,K404R,0.5
K404R,0.03296639,gyrB,Moxifloxacin,p.Lys404Arg,missense_variant,3) Uncertain significance,K404R,0.5
K430N,0.033784468,gyrB,Levofloxacin,p.Lys430Asn,missense_variant,3) Uncertain significance,K430N,1.0
K430N,0.033784468,gyrB,Moxifloxacin,p.Lys430Asn,missense_variant,3) Uncertain significance,K430N,1.0
K452N,0.046768844,gyrB,Levofloxacin,p.Lys452Asn,missense_variant,3) Uncertain significance,K452N,0.0
K452N,0.046768844,gyrB,Moxifloxacin,p.Lys452Asn,missense_variant,3) Uncertain significance,K452N,0.0
K498N,0.03166831,gyrB,Levofloxacin,p.Lys498Asn,missense_variant,3) Uncertain significance,K498N,0.0
K498N,0.03166831,gyrB,Moxifloxacin,p.Lys498Asn,missense_variant,3) Uncertain significance,K498N,0.0
K526N,0.022088816,gyrB,Levofloxacin,p.Lys526Asn,missense_variant,3) Uncertain significance,K526N,0.0
K526N,0.022088816,gyrB,Moxifloxacin,p.Lys526Asn,missense_variant,3) Uncertain significance,K526N,0.0
K526Q,0.03258991,gyrB,Levofloxacin,p.Lys526Gln,missense_variant,3) Uncertain significance,K526Q,0.07407407407407407
K526Q,0.03258991,gyrB,Moxifloxacin,p.Lys526Gln,missense_variant,3) Uncertain significance,K526Q,0.17391304347826086
K596N,0.03686977,gyrB,Levofloxacin,p.Lys596Asn,missense_variant,3) Uncertain significance,K596N,0.0
K596N,0.03686977,gyrB,Moxifloxacin,p.Lys596Asn,missense_variant,3) Uncertain significance,K596N,0.0
K599R,0.030503454,gyrB,Levofloxacin,p.Lys599Arg,missense_variant,3) Uncertain significance,K599R,1.0
K599R,0.030503454,gyrB,Moxifloxacin,p.Lys599Arg,missense_variant,3) Uncertain significance,K599R,1.0
K603R,0.031392694,gyrB,Levofloxacin,p.Lys603Arg,missense_variant,3) Uncertain significance,K603R,0.0
K603R,0.031392694,gyrB,Moxifloxacin,p.Lys603Arg,missense_variant,3) Uncertain significance,K603R,0.0
K668R,0.031249765,gyrB,Levofloxacin,p.Lys668Arg,missense_variant,3) Uncertain significance,K668R,0.0
K668R,0.031249765,gyrB,Moxifloxacin,p.Lys668Arg,missense_variant,3) Uncertain significance,K668R,0.0
K668E,0.034186777,gyrB,Levofloxacin,p.Lys668Glu,missense_variant,3) Uncertain significance,K668E,0.0
K668E,0.034186777,gyrB,Moxifloxacin,p.Lys668Glu,missense_variant,3) Uncertain significance,K668E,0.0
K7Q,0.030993193,gyrB,Levofloxacin,p.Lys7Gln,missense_variant,3) Uncertain significance,K7Q,0.0
K7Q,0.030993193,gyrB,Moxifloxacin,p.Lys7Gln,missense_variant,3) Uncertain significance,K7Q,0.0
M100V,0.05045542,gyrB,Levofloxacin,p.Met100Val,missense_variant,3) Uncertain significance,M100V,0.75
M100V,0.05045542,gyrB,Moxifloxacin,p.Met100Val,missense_variant,3) Uncertain significance,M100V,1.0
M197I,0.038552906,gyrB,Levofloxacin,p.Met197Ile,missense_variant,3) Uncertain significance,M197I,0.0
M197I,0.038552906,gyrB,Moxifloxacin,p.Met197Ile,missense_variant,3) Uncertain significance,M197I,0.0
M291I,0.047701865,gyrB,Levofloxacin,p.Met291Ile,missense_variant,5) Not assoc w R,M291I,0.07050889025137952
M291I,0.047701865,gyrB,Moxifloxacin,p.Met291Ile,missense_variant,5) Not assoc w R,M291I,0.04525175270873168
M530T,0.0403462,gyrB,Levofloxacin,p.Met530Thr,missense_variant,3) Uncertain significance,M530T,0.0
M530T,0.0403462,gyrB,Moxifloxacin,p.Met530Thr,missense_variant,3) Uncertain significance,M530T,0.0
M58I,0.031789906,gyrB,Levofloxacin,p.Met58Ile,missense_variant,3) Uncertain significance,M58I,0.0
M58I,0.031789906,gyrB,Moxifloxacin,p.Met58Ile,missense_variant,3) Uncertain significance,M58I,0.0
M616V,0.0559788,gyrB,Levofloxacin,p.Met616Val,missense_variant,3) Uncertain significance,M616V,0.0
M616V,0.0559788,gyrB,Moxifloxacin,p.Met616Val,missense_variant,3) Uncertain significance,M616V,0.0
F187L,0.024292035,gyrB,Levofloxacin,p.Phe187Leu,missense_variant,3) Uncertain significance,F187L,0.0
F187L,0.024292035,gyrB,Moxifloxacin,p.Phe187Leu,missense_variant,3) Uncertain significance,F187L,0.0
F549L,0.017681729,gyrB,Levofloxacin,p.Phe549Leu,missense_variant,3) Uncertain significance,F549L,0.0
F549L,0.017681729,gyrB,Moxifloxacin,p.Phe549Leu,missense_variant,3) Uncertain significance,F549L,0.0
P163L,0.040686887,gyrB,Levofloxacin,p.Pro163Leu,missense_variant,3) Uncertain significance,P163L,0.0
P163L,0.040686887,gyrB,Moxifloxacin,p.Pro163Leu,missense_variant,3) Uncertain significance,P163L,0.0
P163S,0.034244355,gyrB,Levofloxacin,p.Pro163Ser,missense_variant,3) Uncertain significance,P163S,0.0
P163S,0.034244355,gyrB,Moxifloxacin,p.Pro163Ser,missense_variant,3) Uncertain significance,P163S,0.0
P177R,0.03531215,gyrB,Levofloxacin,p.Pro177Arg,missense_variant,3) Uncertain significance,P177R,0.0
P177R,0.03531215,gyrB,Moxifloxacin,p.Pro177Arg,missense_variant,3) Uncertain significance,P177R,0.0
P177H,0.03692072,gyrB,Levofloxacin,p.Pro177His,missense_variant,3) Uncertain significance,P177H,0.0
P177H,0.03692072,gyrB,Moxifloxacin,p.Pro177His,missense_variant,3) Uncertain significance,P177H,0.0
P177L,0.038520142,gyrB,Levofloxacin,p.Pro177Leu,missense_variant,3) Uncertain significance,P177L,0.0
P177L,0.038520142,gyrB,Moxifloxacin,p.Pro177Leu,missense_variant,3) Uncertain significance,P177L,0.0
P243S,0.03676826,gyrB,Levofloxacin,p.Pro243Ser,missense_variant,3) Uncertain significance,P243S,1.0
P243S,0.03676826,gyrB,Moxifloxacin,p.Pro243Ser,missense_variant,3) Uncertain significance,P243S,1.0
P254L,0.042048585,gyrB,Levofloxacin,p.Pro254Leu,missense_variant,3) Uncertain significance,P254L,0.125
P254L,0.042048585,gyrB,Moxifloxacin,p.Pro254Leu,missense_variant,3) Uncertain significance,P254L,0.14285714285714285
P343A,0.03883025,gyrB,Levofloxacin,p.Pro343Ala,missense_variant,3) Uncertain significance,P343A,0.0
P343A,0.03883025,gyrB,Moxifloxacin,p.Pro343Ala,missense_variant,3) Uncertain significance,P343A,0.0
P343L,0.045034967,gyrB,Levofloxacin,p.Pro343Leu,missense_variant,3) Uncertain significance,P343L,0.0
P343L,0.045034967,gyrB,Moxifloxacin,p.Pro343Leu,missense_variant,3) Uncertain significance,P343L,0.0
P343S,0.041237697,gyrB,Levofloxacin,p.Pro343Ser,missense_variant,3) Uncertain significance,P343S,0.0
P343S,0.041237697,gyrB,Moxifloxacin,p.Pro343Ser,missense_variant,3) Uncertain significance,P343S,0.0
P400R,0.041729234,gyrB,Levofloxacin,p.Pro400Arg,missense_variant,3) Uncertain significance,P400R,0.0
P400R,0.041729234,gyrB,Moxifloxacin,p.Pro400Arg,missense_variant,3) Uncertain significance,P400R,0.0
P439A,0.05348603,gyrB,Levofloxacin,p.Pro439Ala,missense_variant,3) Uncertain significance,P439A,0.0
P439A,0.05348603,gyrB,Moxifloxacin,p.Pro439Ala,missense_variant,3) Uncertain significance,P439A,0.0
P439R,0.052614655,gyrB,Levofloxacin,p.Pro439Arg,missense_variant,3) Uncertain significance,P439R,0.0
P439R,0.052614655,gyrB,Moxifloxacin,p.Pro439Arg,missense_variant,3) Uncertain significance,P439R,0.0
P450R,0.03684003,gyrB,Levofloxacin,p.Pro450Arg,missense_variant,3) Uncertain significance,P450R,1.0
P450R,0.03684003,gyrB,Moxifloxacin,p.Pro450Arg,missense_variant,3) Uncertain significance,P450R,0.3333333333333333
P480S,0.04051582,gyrB,Levofloxacin,p.Pro480Ser,missense_variant,3) Uncertain significance,P480S,0.0
P480S,0.04051582,gyrB,Moxifloxacin,p.Pro480Ser,missense_variant,3) Uncertain significance,P480S,0.0
P578A,0.029964387,gyrB,Levofloxacin,p.Pro578Ala,missense_variant,3) Uncertain significance,P578A,0.0
P578A,0.029964387,gyrB,Moxifloxacin,p.Pro578Ala,missense_variant,3) Uncertain significance,P578A,0.0
P578R,0.028466878,gyrB,Levofloxacin,p.Pro578Arg,missense_variant,3) Uncertain significance,P578R,0.0
P578R,0.028466878,gyrB,Moxifloxacin,p.Pro578Arg,missense_variant,3) Uncertain significance,P578R,0.0
P578S,0.031607937,gyrB,Levofloxacin,p.Pro578Ser,missense_variant,3) Uncertain significance,P578S,1.0
P578S,0.031607937,gyrB,Moxifloxacin,p.Pro578Ser,missense_variant,3) Uncertain significance,P578S,1.0
P628A,0.035366684,gyrB,Levofloxacin,p.Pro628Ala,missense_variant,3) Uncertain significance,P628A,0.2
P628A,0.035366684,gyrB,Moxifloxacin,p.Pro628Ala,missense_variant,3) Uncertain significance,P628A,0.16666666666666666
P94L,0.043426186,gyrB,Levofloxacin,p.Pro94Leu,missense_variant,5) Not assoc w R,P94L,0.026365348399246705
P94L,0.043426186,gyrB,Moxifloxacin,p.Pro94Leu,missense_variant,5) Not assoc w R,P94L,0.018433179723502304
S16C,0.05976903,gyrB,Levofloxacin,p.Ser16Cys,missense_variant,3) Uncertain significance,S16C,1.0
S16C,0.05976903,gyrB,Moxifloxacin,p.Ser16Cys,missense_variant,3) Uncertain significance,S16C,0.0
S248G,0.032136913,gyrB,Levofloxacin,p.Ser248Gly,missense_variant,3) Uncertain significance,S248G,0.0
S248G,0.032136913,gyrB,Moxifloxacin,p.Ser248Gly,missense_variant,3) Uncertain significance,S248G,0.0
S273G,0.041695427,gyrB,Levofloxacin,p.Ser273Gly,missense_variant,3) Uncertain significance,S273G,0.0
S273G,0.041695427,gyrB,Moxifloxacin,p.Ser273Gly,missense_variant,3) Uncertain significance,S273G,0.0
S274R,0.03453254,gyrB,Levofloxacin,p.Ser274Arg,missense_variant,3) Uncertain significance,S274R,0.391304347826087
S274R,0.03453254,gyrB,Moxifloxacin,p.Ser274Arg,missense_variant,3) Uncertain significance,S274R,0.16666666666666666
S274G,0.033992626,gyrB,Levofloxacin,p.Ser274Gly,missense_variant,3) Uncertain significance,S274G,0.0
S274G,0.033992626,gyrB,Moxifloxacin,p.Ser274Gly,missense_variant,3) Uncertain significance,S274G,0.0
S274T,0.024457391,gyrB,Levofloxacin,p.Ser274Thr,missense_variant,3) Uncertain significance,S274T,0.0
S274T,0.024457391,gyrB,Moxifloxacin,p.Ser274Thr,missense_variant,3) Uncertain significance,S274T,0.0
S298A,0.027371863,gyrB,Levofloxacin,p.Ser298Ala,missense_variant,3) Uncertain significance,S298A,0.0
S359T,0.03366087,gyrB,Levofloxacin,p.Ser359Thr,missense_variant,3) Uncertain significance,S359T,0.0
S359T,0.03366087,gyrB,Moxifloxacin,p.Ser359Thr,missense_variant,3) Uncertain significance,S359T,0.0
S363R,0.035185155,gyrB,Levofloxacin,p.Ser363Arg,missense_variant,3) Uncertain significance,S363R,0.0
S363R,0.035185155,gyrB,Moxifloxacin,p.Ser363Arg,missense_variant,3) Uncertain significance,S363R,0.0
S413A,0.034084722,gyrB,Levofloxacin,p.Ser413Ala,missense_variant,3) Uncertain significance,S413A,0.0
S413A,0.034084722,gyrB,Moxifloxacin,p.Ser413Ala,missense_variant,3) Uncertain significance,S413A,0.0
S447F,0.041567035,gyrB,Levofloxacin,p.Ser447Phe,missense_variant,2) Assoc w R - Interim,S447F,0.525
S447F,0.041567035,gyrB,Moxifloxacin,p.Ser447Phe,missense_variant,2) Assoc w R - Interim,S447F,0.25925925925925924
S447Y,0.04799717,gyrB,Levofloxacin,p.Ser447Tyr,missense_variant,3) Uncertain significance,S447Y,0.4
S447Y,0.04799717,gyrB,Moxifloxacin,p.Ser447Tyr,missense_variant,3) Uncertain significance,S447Y,0.0
S466P,0.04910508,gyrB,Levofloxacin,p.Ser466Pro,missense_variant,3) Uncertain significance,S466P,0.0
S576G,0.024323849,gyrB,Levofloxacin,p.Ser576Gly,missense_variant,3) Uncertain significance,S576G,0.0
S576G,0.024323849,gyrB,Moxifloxacin,p.Ser576Gly,missense_variant,3) Uncertain significance,S576G,0.0
S576I,0.02571295,gyrB,Levofloxacin,p.Ser576Ile,missense_variant,3) Uncertain significance,S576I,0.0
S576I,0.02571295,gyrB,Moxifloxacin,p.Ser576Ile,missense_variant,3) Uncertain significance,S576I,0.0
S576T,0.02540848,gyrB,Levofloxacin,p.Ser576Thr,missense_variant,3) Uncertain significance,S576T,0.0
S576T,0.02540848,gyrB,Moxifloxacin,p.Ser576Thr,missense_variant,3) Uncertain significance,S576T,0.0
S629A,0.027982332,gyrB,Levofloxacin,p.Ser629Ala,missense_variant,3) Uncertain significance,S629A,0.0
S661T,0.026026493,gyrB,Levofloxacin,p.Ser661Thr,missense_variant,3) Uncertain significance,S661T,0.1206896551724138
S661T,0.026026493,gyrB,Moxifloxacin,p.Ser661Thr,missense_variant,3) Uncertain significance,S661T,0.06802721088435375
T167A,0.020714533,gyrB,Levofloxacin,p.Thr167Ala,missense_variant,3) Uncertain significance,T167A,0.0
T167A,0.020714533,gyrB,Moxifloxacin,p.Thr167Ala,missense_variant,3) Uncertain significance,T167A,0.0
T167M,0.042977028,gyrB,Levofloxacin,p.Thr167Met,missense_variant,3) Uncertain significance,T167M,1.0
T167M,0.042977028,gyrB,Moxifloxacin,p.Thr167Met,missense_variant,3) Uncertain significance,T167M,1.0
T170A,0.027067907,gyrB,Levofloxacin,p.Thr170Ala,missense_variant,3) Uncertain significance,T170A,0.0
T170A,0.027067907,gyrB,Moxifloxacin,p.Thr170Ala,missense_variant,3) Uncertain significance,T170A,0.0
T182I,0.030523296,gyrB,Levofloxacin,p.Thr182Ile,missense_variant,3) Uncertain significance,T182I,1.0
T182I,0.030523296,gyrB,Moxifloxacin,p.Thr182Ile,missense_variant,3) Uncertain significance,T182I,1.0
T183M,0.04094966,gyrB,Levofloxacin,p.Thr183Met,missense_variant,3) Uncertain significance,T183M,0.0
T183M,0.04094966,gyrB,Moxifloxacin,p.Thr183Met,missense_variant,3) Uncertain significance,T183M,0.0
T189P,0.029468363,gyrB,Levofloxacin,p.Thr189Pro,missense_variant,3) Uncertain significance,T189P,0.0
T189P,0.029468363,gyrB,Moxifloxacin,p.Thr189Pro,missense_variant,3) Uncertain significance,T189P,0.0
T209A,0.025401749,gyrB,Levofloxacin,p.Thr209Ala,missense_variant,3) Uncertain significance,T209A,0.0
T209A,0.025401749,gyrB,Moxifloxacin,p.Thr209Ala,missense_variant,3) Uncertain significance,T209A,0.0
T250S,0.02662455,gyrB,Levofloxacin,p.Thr250Ser,missense_variant,3) Uncertain significance,T250S,0.0
T250S,0.02662455,gyrB,Moxifloxacin,p.Thr250Ser,missense_variant,3) Uncertain significance,T250S,0.0
T267S,0.027328225,gyrB,Levofloxacin,p.Thr267Ser,missense_variant,3) Uncertain significance,T267S,0.0
T267S,0.027328225,gyrB,Moxifloxacin,p.Thr267Ser,missense_variant,3) Uncertain significance,T267S,0.0
T371I,0.048254143,gyrB,Levofloxacin,p.Thr371Ile,missense_variant,3) Uncertain significance,T371I,0.0
T373A,0.021020396,gyrB,Levofloxacin,p.Thr373Ala,missense_variant,3) Uncertain significance,T373A,0.0
T373A,0.021020396,gyrB,Moxifloxacin,p.Thr373Ala,missense_variant,3) Uncertain significance,T373A,0.0
T378S,0.03531246,gyrB,Levofloxacin,p.Thr378Ser,missense_variant,3) Uncertain significance,T378S,0.16666666666666666
T378S,0.03531246,gyrB,Moxifloxacin,p.Thr378Ser,missense_variant,3) Uncertain significance,T378S,0.16666666666666666
T37S,0.015292521,gyrB,Levofloxacin,p.Thr37Ser,missense_variant,3) Uncertain significance,T37S,0.0
T37S,0.015292521,gyrB,Moxifloxacin,p.Thr37Ser,missense_variant,3) Uncertain significance,T37S,0.0
T393S,0.035920274,gyrB,Levofloxacin,p.Thr393Ser,missense_variant,3) Uncertain significance,T393S,0.0
T393S,0.035920274,gyrB,Moxifloxacin,p.Thr393Ser,missense_variant,3) Uncertain significance,T393S,0.0
T500A,0.02969839,gyrB,Levofloxacin,p.Thr500Ala,missense_variant,3) Uncertain significance,T500A,0.625
T500A,0.02969839,gyrB,Moxifloxacin,p.Thr500Ala,missense_variant,3) Uncertain significance,T500A,0.6875
T500N,0.041315418,gyrB,Levofloxacin,p.Thr500Asn,missense_variant,3) Uncertain significance,T500N,0.59375
T500N,0.041315418,gyrB,Moxifloxacin,p.Thr500Asn,missense_variant,3) Uncertain significance,T500N,0.6666666666666666
T500I,0.0483654,gyrB,Levofloxacin,p.Thr500Ile,missense_variant,3) Uncertain significance,T500I,0.6666666666666666
T500I,0.0483654,gyrB,Moxifloxacin,p.Thr500Ile,missense_variant,3) Uncertain significance,T500I,0.5
T500P,0.04542973,gyrB,Levofloxacin,p.Thr500Pro,missense_variant,3) Uncertain significance,T500P,0.75
T500P,0.04542973,gyrB,Moxifloxacin,p.Thr500Pro,missense_variant,3) Uncertain significance,T500P,0.6666666666666666
T507A,0.030778691,gyrB,Levofloxacin,p.Thr507Ala,missense_variant,3) Uncertain significance,T507A,0.0
T664I,0.034926124,gyrB,Levofloxacin,p.Thr664Ile,missense_variant,3) Uncertain significance,T664I,0.5
T664I,0.034926124,gyrB,Moxifloxacin,p.Thr664Ile,missense_variant,3) Uncertain significance,T664I,0.0
Y144F,0.032591756,gyrB,Levofloxacin,p.Tyr144Phe,missense_variant,3) Uncertain significance,Y144F,1.0
Y144F,0.032591756,gyrB,Moxifloxacin,p.Tyr144Phe,missense_variant,3) Uncertain significance,Y144F,1.0
Y144S,0.043115802,gyrB,Levofloxacin,p.Tyr144Ser,missense_variant,3) Uncertain significance,Y144S,0.0
Y144S,0.043115802,gyrB,Moxifloxacin,p.Tyr144Ser,missense_variant,3) Uncertain significance,Y144S,0.0
Y253S,0.034107342,gyrB,Levofloxacin,p.Tyr253Ser,missense_variant,3) Uncertain significance,Y253S,0.0
Y253S,0.034107342,gyrB,Moxifloxacin,p.Tyr253Ser,missense_variant,3) Uncertain significance,Y253S,0.0
Y456H,0.08190864,gyrB,Levofloxacin,p.Tyr456His,missense_variant,3) Uncertain significance,Y456H,1.0
Y582H,0.03224173,gyrB,Levofloxacin,p.Tyr582His,missense_variant,3) Uncertain significance,Y582H,0.8
Y582H,0.03224173,gyrB,Moxifloxacin,p.Tyr582His,missense_variant,3) Uncertain significance,Y582H,1.0
V218I,0.045428153,gyrB,Levofloxacin,p.Val218Ile,missense_variant,3) Uncertain significance,V218I,0.0
V222M,0.05405029,gyrB,Levofloxacin,p.Val222Met,missense_variant,3) Uncertain significance,V222M,0.0
V222M,0.05405029,gyrB,Moxifloxacin,p.Val222Met,missense_variant,3) Uncertain significance,V222M,0.0
V226A,0.034805547,gyrB,Levofloxacin,p.Val226Ala,missense_variant,3) Uncertain significance,V226A,0.0
V226A,0.034805547,gyrB,Moxifloxacin,p.Val226Ala,missense_variant,3) Uncertain significance,V226A,0.0
V276A,0.047148705,gyrB,Levofloxacin,p.Val276Ala,missense_variant,3) Uncertain significance,V276A,1.0
V301L,0.025261119,gyrB,Levofloxacin,p.Val301Leu,missense_variant,5) Not assoc w R,V301L,0.06
V301L,0.025261119,gyrB,Moxifloxacin,p.Val301Leu,missense_variant,5) Not assoc w R,V301L,0.06967213114754098
V301M,0.036476113,gyrB,Levofloxacin,p.Val301Met,missense_variant,3) Uncertain significance,V301M,0.0
V327L,0.022360882,gyrB,Levofloxacin,p.Val327Leu,missense_variant,3) Uncertain significance,V327L,0.0
V327L,0.022360882,gyrB,Moxifloxacin,p.Val327Leu,missense_variant,3) Uncertain significance,V327L,0.0
V405A,0.05122436,gyrB,Levofloxacin,p.Val405Ala,missense_variant,3) Uncertain significance,V405A,0.0
V407L,0.023515733,gyrB,Levofloxacin,p.Val407Leu,missense_variant,3) Uncertain significance,V407L,0.0
V407L,0.023515733,gyrB,Moxifloxacin,p.Val407Leu,missense_variant,3) Uncertain significance,V407L,0.0
V427M,0.037450578,gyrB,Levofloxacin,p.Val427Met,missense_variant,3) Uncertain significance,V427M,0.6
V427M,0.037450578,gyrB,Moxifloxacin,p.Val427Met,missense_variant,3) Uncertain significance,V427M,0.6
V457L,0.02872956,gyrB,Levofloxacin,p.Val457Leu,missense_variant,3) Uncertain significance,V457L,0.5094339622641509
V457L,0.02872956,gyrB,Moxifloxacin,p.Val457Leu,missense_variant,3) Uncertain significance,V457L,0.5217391304347826
V496G,0.035632525,gyrB,Levofloxacin,p.Val496Gly,missense_variant,3) Uncertain significance,V496G,0.0
V502F,0.029372476,gyrB,Levofloxacin,p.Val502Phe,missense_variant,3) Uncertain significance,V502F,1.0
V535I,0.02553759,gyrB,Levofloxacin,p.Val535Ile,missense_variant,3) Uncertain significance,V535I,0.0
V535I,0.02553759,gyrB,Moxifloxacin,p.Val535Ile,missense_variant,3) Uncertain significance,V535I,0.0
V561G,0.034558497,gyrB,Levofloxacin,p.Val561Gly,missense_variant,3) Uncertain significance,V561G,1.0
V561G,0.034558497,gyrB,Moxifloxacin,p.Val561Gly,missense_variant,3) Uncertain significance,V561G,1.0
V630I,0.026752176,gyrB,Levofloxacin,p.Val630Ile,missense_variant,3) Uncertain significance,V630I,0.0
V630I,0.026752176,gyrB,Moxifloxacin,p.Val630Ile,missense_variant,3) Uncertain significance,V630I,0.0
V670I,0.027265435,gyrB,Levofloxacin,p.Val670Ile,missense_variant,3) Uncertain significance,V670I,0.0
V670I,0.027265435,gyrB,Moxifloxacin,p.Val670Ile,missense_variant,3) Uncertain significance,V670I,0.0
V670F,0.020875646,gyrB,Levofloxacin,p.Val670Phe,missense_variant,3) Uncertain significance,V670F,0.5833333333333334
V670F,0.020875646,gyrB,Moxifloxacin,p.Val670Phe,missense_variant,3) Uncertain significance,V670F,0.5384615384615384
V675I,0.029949415,gyrB,Levofloxacin,p.Val675Ile,missense_variant,3) Uncertain significance,V675I,0.0
V675I,0.029949415,gyrB,Moxifloxacin,p.Val675Ile,missense_variant,3) Uncertain significance,V675I,0.0
V68A,0.030619914,gyrB,Levofloxacin,p.Val68Ala,missense_variant,3) Uncertain significance,V68A,0.0
V68A,0.030619914,gyrB,Moxifloxacin,p.Val68Ala,missense_variant,3) Uncertain significance,V68A,0.0
V68L,0.0217243,gyrB,Levofloxacin,p.Val68Leu,missense_variant,3) Uncertain significance,V68L,0.0
V75G,0.1697168,gyrB,Levofloxacin,p.Val75Gly,missense_variant,3) Uncertain significance,V75G,0.0
V75G,0.1697168,gyrB,Moxifloxacin,p.Val75Gly,missense_variant,3) Uncertain significance,V75G,0.0
R192H,0.039411135,gyrB,Moxifloxacin,p.Arg192His,missense_variant,3) Uncertain significance,R192H,0.0
R492S,0.03158307,gyrB,Moxifloxacin,p.Arg492Ser,missense_variant,3) Uncertain significance,R492S,0.0
R495Q,0.033942655,gyrB,Moxifloxacin,p.Arg495Gln,missense_variant,3) Uncertain significance,R495Q,0.0
D640N,0.02632479,gyrB,Moxifloxacin,p.Asp640Asn,missense_variant,3) Uncertain significance,D640N,0.0
D657G,0.025828578,gyrB,Moxifloxacin,p.Asp657Gly,missense_variant,3) Uncertain significance,D657G,0.0
G470S,0.029164491,gyrB,Moxifloxacin,p.Gly470Ser,missense_variant,3) Uncertain significance,G470S,1.0
H311Y,0.037011884,gyrB,Moxifloxacin,p.His311Tyr,missense_variant,3) Uncertain significance,H311Y,0.0
K339R,0.03950221,gyrB,Moxifloxacin,p.Lys339Arg,missense_variant,3) Uncertain significance,K339R,0.0
K521N,0.024944972,gyrB,Moxifloxacin,p.Lys521Asn,missense_variant,3) Uncertain significance,K521N,0.0
K603N,0.03313772,gyrB,Moxifloxacin,p.Lys603Asn,missense_variant,3) Uncertain significance,K603N,0.0
F475V,0.029752098,gyrB,Moxifloxacin,p.Phe475Val,missense_variant,3) Uncertain significance,F475V,0.0
F672V,0.021768324,gyrB,Moxifloxacin,p.Phe672Val,missense_variant,3) Uncertain significance,F672V,0.0
S279F,0.046110358,gyrB,Moxifloxacin,p.Ser279Phe,missense_variant,3) Uncertain significance,S279F,1.0
S447A,0.03157489,gyrB,Moxifloxacin,p.Ser447Ala,missense_variant,3) Uncertain significance,S447A,1.0
T170K,0.034265198,gyrB,Moxifloxacin,p.Thr170Lys,missense_variant,3) Uncertain significance,T170K,0.0
T214P,0.03417875,gyrB,Moxifloxacin,p.Thr214Pro,missense_variant,3) Uncertain significance,T214P,0.0
V127A,0.055729456,gyrB,Moxifloxacin,p.Val127Ala,missense_variant,3) Uncertain significance,V127A,0.0
A1002P,0.022883186,rpoB,Rifampicin,p.Ala1002Pro,missense_variant,3) Uncertain significance,A1002P,0.0
A1055P,0.013393042,rpoB,Rifampicin,p.Ala1055Pro,missense_variant,3) Uncertain significance,A1055P,1.0
A1072G,0.015642686,rpoB,Rifampicin,p.Ala1072Gly,missense_variant,3) Uncertain significance,A1072G,1.0
A10T,0.018519232,rpoB,Rifampicin,p.Ala10Thr,missense_variant,3) Uncertain significance,A10T,0.0
A1153V,0.018158967,rpoB,Rifampicin,p.Ala1153Val,missense_variant,3) Uncertain significance,A1153V,1.0
A1172P,0.03249136,rpoB,Rifampicin,p.Ala1172Pro,missense_variant,3) Uncertain significance,A1172P,1.0
A131V,0.029873801,rpoB,Rifampicin,p.Ala131Val,missense_variant,3) Uncertain significance,A131V,0.0
A286V,0.022851253,rpoB,Rifampicin,p.Ala286Val,missense_variant,3) Uncertain significance,A286V,1.0
A29T,0.021817151,rpoB,Rifampicin,p.Ala29Thr,missense_variant,3) Uncertain significance,A29T,0.0
A29V,0.020326199,rpoB,Rifampicin,p.Ala29Val,missense_variant,3) Uncertain significance,A29V,0.0
A2T,0.01790622,rpoB,Rifampicin,p.Ala2Thr,missense_variant,3) Uncertain significance,A2T,1.0
A334D,0.026695823,rpoB,Rifampicin,p.Ala334Asp,missense_variant,3) Uncertain significance,A334D,0.0
A334V,0.034204002,rpoB,Rifampicin,p.Ala334Val,missense_variant,3) Uncertain significance,A334V,0.0
A420S,0.02040147,rpoB,Rifampicin,p.Ala420Ser,missense_variant,3) Uncertain significance,A420S,1.0
A451G,0.02966595,rpoB,Rifampicin,p.Ala451Gly,missense_variant,2) Assoc w R - Interim,A451G,1.0
A451V,0.022531576,rpoB,Rifampicin,p.Ala451Val,missense_variant,2) Assoc w R - Interim,A451V,0.5714285714285714
A498G,0.023306163,rpoB,Rifampicin,p.Ala498Gly,missense_variant,3) Uncertain significance,A498G,0.0
A498V,0.024505526,rpoB,Rifampicin,p.Ala498Val,missense_variant,3) Uncertain significance,A498V,1.0
A527T,0.018222198,rpoB,Rifampicin,p.Ala527Thr,missense_variant,3) Uncertain significance,A527T,1.0
A527V,0.02469134,rpoB,Rifampicin,p.Ala527Val,missense_variant,3) Uncertain significance,A527V,0.0
A538P,0.020959584,rpoB,Rifampicin,p.Ala538Pro,missense_variant,3) Uncertain significance,A538P,1.0
A544V,0.03141187,rpoB,Rifampicin,p.Ala544Val,missense_variant,3) Uncertain significance,A544V,0.0
A559V,0.027497046,rpoB,Rifampicin,p.Ala559Val,missense_variant,3) Uncertain significance,A559V,1.0
A584D,0.034405492,rpoB,Rifampicin,p.Ala584Asp,missense_variant,3) Uncertain significance,A584D,1.0
A584G,0.02984151,rpoB,Rifampicin,p.Ala584Gly,missense_variant,3) Uncertain significance,A584G,1.0
A596G,0.025319338,rpoB,Rifampicin,p.Ala596Gly,missense_variant,3) Uncertain significance,A596G,1.0
A599T,0.018185126,rpoB,Rifampicin,p.Ala599Thr,missense_variant,3) Uncertain significance,A599T,1.0
A599V,0.02065294,rpoB,Rifampicin,p.Ala599Val,missense_variant,3) Uncertain significance,A599V,1.0
A628G,0.034084592,rpoB,Rifampicin,p.Ala628Gly,missense_variant,3) Uncertain significance,A628G,0.0
A628P,0.06177576,rpoB,Rifampicin,p.Ala628Pro,missense_variant,3) Uncertain significance,A628P,1.0
A632G,0.035387944,rpoB,Rifampicin,p.Ala632Gly,missense_variant,3) Uncertain significance,A632G,0.0
A632S,0.025930181,rpoB,Rifampicin,p.Ala632Ser,missense_variant,3) Uncertain significance,A632S,0.0
A638G,0.12117137,rpoB,Rifampicin,p.Ala638Gly,missense_variant,3) Uncertain significance,A638G,1.0
A686T,0.0780434,rpoB,Rifampicin,p.Ala686Thr,missense_variant,3) Uncertain significance,A686T,0.0
A68V,0.022238499,rpoB,Rifampicin,p.Ala68Val,missense_variant,3) Uncertain significance,A68V,0.0
A692T,0.15835406,rpoB,Rifampicin,p.Ala692Thr,missense_variant,3) Uncertain significance,A692T,0.8617021276595744
A69P,0.02904091,rpoB,Rifampicin,p.Ala69Pro,missense_variant,3) Uncertain significance,A69P,0.0
A708S,0.023887008,rpoB,Rifampicin,p.Ala708Ser,missense_variant,3) Uncertain significance,A708S,1.0
A753T,0.01779643,rpoB,Rifampicin,p.Ala753Thr,missense_variant,3) Uncertain significance,A753T,0.5
A753V,0.024903364,rpoB,Rifampicin,p.Ala753Val,missense_variant,3) Uncertain significance,A753V,1.0
A776V,0.03214354,rpoB,Rifampicin,p.Ala776Val,missense_variant,3) Uncertain significance,A776V,0.6666666666666666
A817V,0.030887825,rpoB,Rifampicin,p.Ala817Val,missense_variant,3) Uncertain significance,A817V,1.0
A868V,0.023722837,rpoB,Rifampicin,p.Ala868Val,missense_variant,3) Uncertain significance,A868V,0.0
A902P,0.022377165,rpoB,Rifampicin,p.Ala902Pro,missense_variant,3) Uncertain significance,A902P,0.0
A934T,0.016599834,rpoB,Rifampicin,p.Ala934Thr,missense_variant,3) Uncertain significance,A934T,1.0
A934V,0.016415456,rpoB,Rifampicin,p.Ala934Val,missense_variant,3) Uncertain significance,A934V,0.0
A942T,0.015000302,rpoB,Rifampicin,p.Ala942Thr,missense_variant,3) Uncertain significance,A942T,0.0
A943D,0.019719264,rpoB,Rifampicin,p.Ala943Asp,missense_variant,3) Uncertain significance,A943D,0.0
A943T,0.01681301,rpoB,Rifampicin,p.Ala943Thr,missense_variant,3) Uncertain significance,A943T,0.0
A943V,0.020955523,rpoB,Rifampicin,p.Ala943Val,missense_variant,3) Uncertain significance,A943V,1.0
A950V,0.018338913,rpoB,Rifampicin,p.Ala950Val,missense_variant,3) Uncertain significance,A950V,0.0
A951T,0.016711205,rpoB,Rifampicin,p.Ala951Thr,missense_variant,3) Uncertain significance,A951T,1.0
A960E,0.02051036,rpoB,Rifampicin,p.Ala960Glu,missense_variant,3) Uncertain significance,A960E,0.6666666666666666
A964T,0.01671891,rpoB,Rifampicin,p.Ala964Thr,missense_variant,3) Uncertain significance,A964T,0.0
A974G,0.01895741,rpoB,Rifampicin,p.Ala974Gly,missense_variant,3) Uncertain significance,A974G,0.0
A974T,0.016782572,rpoB,Rifampicin,p.Ala974Thr,missense_variant,3) Uncertain significance,A974T,1.0
A974V,0.01848775,rpoB,Rifampicin,p.Ala974Val,missense_variant,3) Uncertain significance,A974V,1.0
A977S,0.023235189,rpoB,Rifampicin,p.Ala977Ser,missense_variant,3) Uncertain significance,A977S,1.0
A977T,0.015902264,rpoB,Rifampicin,p.Ala977Thr,missense_variant,3) Uncertain significance,A977T,0.0
A998G,0.018312993,rpoB,Rifampicin,p.Ala998Gly,missense_variant,3) Uncertain significance,A998G,0.0
A998V,0.024358466,rpoB,Rifampicin,p.Ala998Val,missense_variant,3) Uncertain significance,A998V,0.0
R1008C,0.05446254,rpoB,Rifampicin,p.Arg1008Cys,missense_variant,3) Uncertain significance,R1008C,1.0
R167C,0.050055284,rpoB,Rifampicin,p.Arg167Cys,missense_variant,3) Uncertain significance,R167C,0.8
R167H,0.024800468,rpoB,Rifampicin,p.Arg167His,missense_variant,3) Uncertain significance,R167H,1.0
R219C,0.064252056,rpoB,Rifampicin,p.Arg219Cys,missense_variant,3) Uncertain significance,R219C,1.0
R219H,0.029213205,rpoB,Rifampicin,p.Arg219His,missense_variant,3) Uncertain significance,R219H,1.0
R219L,0.01941615,rpoB,Rifampicin,p.Arg219Leu,missense_variant,3) Uncertain significance,R219L,1.0
R219S,0.019016376,rpoB,Rifampicin,p.Arg219Ser,missense_variant,3) Uncertain significance,R219S,1.0
R224C,0.058147814,rpoB,Rifampicin,p.Arg224Cys,missense_variant,3) Uncertain significance,R224C,1.0
R224G,0.0194127,rpoB,Rifampicin,p.Arg224Gly,missense_variant,3) Uncertain significance,R224G,1.0
R224H,0.021911781,rpoB,Rifampicin,p.Arg224His,missense_variant,3) Uncertain significance,R224H,1.0
R225Q,0.021533081,rpoB,Rifampicin,p.Arg225Gln,missense_variant,3) Uncertain significance,R225Q,0.0
R225G,0.023280414,rpoB,Rifampicin,p.Arg225Gly,missense_variant,3) Uncertain significance,R225G,1.0
R253M,0.02753052,rpoB,Rifampicin,p.Arg253Met,missense_variant,3) Uncertain significance,R253M,0.0
R273C,0.066479824,rpoB,Rifampicin,p.Arg273Cys,missense_variant,3) Uncertain significance,R273C,1.0
R304C,0.06114683,rpoB,Rifampicin,p.Arg304Cys,missense_variant,3) Uncertain significance,R304C,0.0
R307H,0.019700868,rpoB,Rifampicin,p.Arg307His,missense_variant,3) Uncertain significance,R307H,0.0
R341H,0.031789567,rpoB,Rifampicin,p.Arg341His,missense_variant,3) Uncertain significance,R341H,1.0
R448Q,0.017624287,rpoB,Rifampicin,p.Arg448Gln,missense_variant,2) Assoc w R - Interim,R448Q,1.0
R448L,0.027556442,rpoB,Rifampicin,p.Arg448Leu,missense_variant,2) Assoc w R - Interim,R448L,1.0
R448K,0.017174784,rpoB,Rifampicin,p.Arg448Lys,missense_variant,2) Assoc w R - Interim,R448K,1.0
R459H,0.02275387,rpoB,Rifampicin,p.Arg459His,missense_variant,3) Uncertain significance,R459H,0.0
R499Q,0.020133838,rpoB,Rifampicin,p.Arg499Gln,missense_variant,3) Uncertain significance,R499Q,0.0
R499W,0.04874965,rpoB,Rifampicin,p.Arg499Trp,missense_variant,3) Uncertain significance,R499W,0.0
R547S,0.027059654,rpoB,Rifampicin,p.Arg547Ser,missense_variant,3) Uncertain significance,R547S,0.0
R552C,0.05433918,rpoB,Rifampicin,p.Arg552Cys,missense_variant,3) Uncertain significance,R552C,1.0
R552H,0.02626837,rpoB,Rifampicin,p.Arg552His,missense_variant,3) Uncertain significance,R552H,1.0
R552L,0.022148563,rpoB,Rifampicin,p.Arg552Leu,missense_variant,3) Uncertain significance,R552L,1.0
R578C,0.058015984,rpoB,Rifampicin,p.Arg578Cys,missense_variant,3) Uncertain significance,R578C,1.0
R578G,0.03845246,rpoB,Rifampicin,p.Arg578Gly,missense_variant,3) Uncertain significance,R578G,1.0
R578H,0.026871473,rpoB,Rifampicin,p.Arg578His,missense_variant,3) Uncertain significance,R578H,1.0
R607S,0.028806409,rpoB,Rifampicin,p.Arg607Ser,missense_variant,3) Uncertain significance,R607S,1.0
R661Q,0.024109757,rpoB,Rifampicin,p.Arg661Gln,missense_variant,3) Uncertain significance,R661Q,0.0
R665W,0.04541841,rpoB,Rifampicin,p.Arg665Trp,missense_variant,3) Uncertain significance,R665W,1.0
R734H,0.029179562,rpoB,Rifampicin,p.Arg734His,missense_variant,3) Uncertain significance,R734H,0.0
R791C,0.06603481,rpoB,Rifampicin,p.Arg791Cys,missense_variant,3) Uncertain significance,R791C,0.047619047619047616
R824C,0.06052729,rpoB,Rifampicin,p.Arg824Cys,missense_variant,3) Uncertain significance,R824C,1.0
R824H,0.033137325,rpoB,Rifampicin,p.Arg824His,missense_variant,3) Uncertain significance,R824H,1.0
R824L,0.026107356,rpoB,Rifampicin,p.Arg824Leu,missense_variant,3) Uncertain significance,R824L,1.0
R824S,0.027558032,rpoB,Rifampicin,p.Arg824Ser,missense_variant,3) Uncertain significance,R824S,1.0
R827C,0.054404594,rpoB,Rifampicin,p.Arg827Cys,missense_variant,3) Uncertain significance,R827C,0.9897959183673469
R827H,0.026917793,rpoB,Rifampicin,p.Arg827His,missense_variant,3) Uncertain significance,R827H,1.0
R827L,0.022646539,rpoB,Rifampicin,p.Arg827Leu,missense_variant,3) Uncertain significance,R827L,1.0
R827S,0.024454203,rpoB,Rifampicin,p.Arg827Ser,missense_variant,3) Uncertain significance,R827S,1.0
R845Q,0.02071618,rpoB,Rifampicin,p.Arg845Gln,missense_variant,3) Uncertain significance,R845Q,1.0
R845W,0.057475775,rpoB,Rifampicin,p.Arg845Trp,missense_variant,3) Uncertain significance,R845W,1.0
R849H,0.030319244,rpoB,Rifampicin,p.Arg849His,missense_variant,3) Uncertain significance,R849H,0.0
R871H,0.02726434,rpoB,Rifampicin,p.Arg871His,missense_variant,3) Uncertain significance,R871H,1.0
R871L,0.02676446,rpoB,Rifampicin,p.Arg871Leu,missense_variant,3) Uncertain significance,R871L,1.0
R952K,0.02375613,rpoB,Rifampicin,p.Arg952Lys,missense_variant,3) Uncertain significance,R952K,0.5
R990L,0.018816551,rpoB,Rifampicin,p.Arg990Leu,missense_variant,3) Uncertain significance,R990L,0.0
N1105S,0.020159127,rpoB,Rifampicin,p.Asn1105Ser,missense_variant,3) Uncertain significance,N1105S,0.0
N1155S,0.019972714,rpoB,Rifampicin,p.Asn1155Ser,missense_variant,3) Uncertain significance,N1155S,0.6666666666666666
N135D,0.021426,rpoB,Rifampicin,p.Asn135Asp,missense_variant,3) Uncertain significance,N135D,1.0
N137D,0.022536334,rpoB,Rifampicin,p.Asn137Asp,missense_variant,3) Uncertain significance,N137D,0.0
N163D,0.019347591,rpoB,Rifampicin,p.Asn163Asp,missense_variant,3) Uncertain significance,N163D,0.25
N163K,0.029284403,rpoB,Rifampicin,p.Asn163Lys,missense_variant,3) Uncertain significance,N163K,0.6666666666666666
N24D,0.02160931,rpoB,Rifampicin,p.Asn24Asp,missense_variant,3) Uncertain significance,N24D,0.0
N24K,0.023162013,rpoB,Rifampicin,p.Asn24Lys,missense_variant,3) Uncertain significance,N24K,1.0
N292S,0.021147216,rpoB,Rifampicin,p.Asn292Ser,missense_variant,3) Uncertain significance,N292S,0.0
N369D,0.019331433,rpoB,Rifampicin,p.Asn369Asp,missense_variant,3) Uncertain significance,N369D,0.0
N381H,0.04391697,rpoB,Rifampicin,p.Asn381His,missense_variant,5) Not assoc w R,N381H,0.0
N437D,0.017047374,rpoB,Rifampicin,p.Asn437Asp,missense_variant,2) Assoc w R - Interim,N437D,0.7142857142857143
N437H,0.027642053,rpoB,Rifampicin,p.Asn437His,missense_variant,2) Assoc w R - Interim,N437H,1.0
N437I,0.023146907,rpoB,Rifampicin,p.Asn437Ile,missense_variant,2) Assoc w R - Interim,N437I,1.0
N437S,0.020705566,rpoB,Rifampicin,p.Asn437Ser,missense_variant,2) Assoc w R - Interim,N437S,0.25
N437Y,0.02924735,rpoB,Rifampicin,p.Asn437Tyr,missense_variant,2) Assoc w R - Interim,N437Y,0.0
N438H,0.021448685,rpoB,Rifampicin,p.Asn438His,missense_variant,2) Assoc w R - Interim,N438H,1.0
N487H,0.02308181,rpoB,Rifampicin,p.Asn487His,missense_variant,3) Uncertain significance,N487H,0.75
N487S,0.018845618,rpoB,Rifampicin,p.Asn487Ser,missense_variant,3) Uncertain significance,N487S,1.0
N501K,0.031211516,rpoB,Rifampicin,p.Asn501Lys,missense_variant,3) Uncertain significance,N501K,1.0
N539K,0.026840352,rpoB,Rifampicin,p.Asn539Lys,missense_variant,3) Uncertain significance,N539K,1.0
N673S,0.029697185,rpoB,Rifampicin,p.Asn673Ser,missense_variant,3) Uncertain significance,N673S,0.8333333333333334
N673T,0.044354126,rpoB,Rifampicin,p.Asn673Thr,missense_variant,3) Uncertain significance,N673T,0.0
N679S,0.02567963,rpoB,Rifampicin,p.Asn679Ser,missense_variant,3) Uncertain significance,N679S,1.0
N724S,0.019781712,rpoB,Rifampicin,p.Asn724Ser,missense_variant,3) Uncertain significance,N724S,0.0
N733S,0.027608072,rpoB,Rifampicin,p.Asn733Ser,missense_variant,3) Uncertain significance,N733S,1.0
N75T,0.017709997,rpoB,Rifampicin,p.Asn75Thr,missense_variant,3) Uncertain significance,N75T,1.0
N769T,0.022603165,rpoB,Rifampicin,p.Asn769Thr,missense_variant,3) Uncertain significance,N769T,1.0
N963D,0.0376159,rpoB,Rifampicin,p.Asn963Asp,missense_variant,3) Uncertain significance,N963D,0.0
N963S,0.023620363,rpoB,Rifampicin,p.Asn963Ser,missense_variant,3) Uncertain significance,N963S,0.0
D1006G,0.02920887,rpoB,Rifampicin,p.Asp1006Gly,missense_variant,3) Uncertain significance,D1006G,0.0
D103E,0.019364446,rpoB,Rifampicin,p.Asp103Glu,missense_variant,3) Uncertain significance,D103E,0.0
D107E,0.022395628,rpoB,Rifampicin,p.Asp107Glu,missense_variant,3) Uncertain significance,D107E,0.0
D108E,0.016888507,rpoB,Rifampicin,p.Asp108Glu,missense_variant,3) Uncertain significance,D108E,0.5
D1146G,0.02136823,rpoB,Rifampicin,p.Asp1146Gly,missense_variant,3) Uncertain significance,D1146G,0.0
D1148E,0.009740718,rpoB,Rifampicin,p.Asp1148Glu,missense_variant,3) Uncertain significance,D1148E,0.0
D114N,0.019508544,rpoB,Rifampicin,p.Asp114Asn,missense_variant,3) Uncertain significance,D114N,0.0
D114G,0.02627366,rpoB,Rifampicin,p.Asp114Gly,missense_variant,3) Uncertain significance,D114G,1.0
D118G,0.021639673,rpoB,Rifampicin,p.Asp118Gly,missense_variant,3) Uncertain significance,D118G,1.0
D120A,0.030227475,rpoB,Rifampicin,p.Asp120Ala,missense_variant,3) Uncertain significance,D120A,0.0
D120G,0.03798037,rpoB,Rifampicin,p.Asp120Gly,missense_variant,3) Uncertain significance,D120G,0.0
D186A,0.017931262,rpoB,Rifampicin,p.Asp186Ala,missense_variant,3) Uncertain significance,D186A,1.0
D190A,0.017638864,rpoB,Rifampicin,p.Asp190Ala,missense_variant,3) Uncertain significance,D190A,1.0
D190E,0.015279013,rpoB,Rifampicin,p.Asp190Glu,missense_variant,3) Uncertain significance,D190E,0.0
D209N,0.017473064,rpoB,Rifampicin,p.Asp209Asn,missense_variant,3) Uncertain significance,D209N,0.0
D211N,0.017050734,rpoB,Rifampicin,p.Asp211Asn,missense_variant,3) Uncertain significance,D211N,1.0
D211V,0.026340583,rpoB,Rifampicin,p.Asp211Val,missense_variant,3) Uncertain significance,D211V,0.0
D265A,0.020661924,rpoB,Rifampicin,p.Asp265Ala,missense_variant,3) Uncertain significance,D265A,1.0
D265G,0.020650787,rpoB,Rifampicin,p.Asp265Gly,missense_variant,3) Uncertain significance,D265G,0.8571428571428571
D270E,0.01648306,rpoB,Rifampicin,p.Asp270Glu,missense_variant,3) Uncertain significance,D270E,0.3333333333333333
D301N,0.016530998,rpoB,Rifampicin,p.Asp301Asn,missense_variant,3) Uncertain significance,D301N,1.0
D362H,0.023998702,rpoB,Rifampicin,p.Asp362His,missense_variant,3) Uncertain significance,D362H,0.0
D363N,0.018244516,rpoB,Rifampicin,p.Asp363Asn,missense_variant,3) Uncertain significance,D363N,1.0
D3G,0.017807133,rpoB,Rifampicin,p.Asp3Gly,missense_variant,3) Uncertain significance,D3G,0.13333333333333333
D435A,0.024133822,rpoB,Rifampicin,p.Asp435Ala,missense_variant,2) Assoc w R - Interim,D435A,0.6666666666666666
D435N,0.01715467,rpoB,Rifampicin,p.Asp435Asn,missense_variant,2) Assoc w R - Interim,D435N,1.0
D435E,0.015337039,rpoB,Rifampicin,p.Asp435Glu,missense_variant,2) Assoc w R - Interim,D435E,1.0
D435G,0.022276837,rpoB,Rifampicin,p.Asp435Gly,missense_variant,2) Assoc w R - Interim,D435G,0.9487179487179487
D435H,0.027572654,rpoB,Rifampicin,p.Asp435His,missense_variant,2) Assoc w R - Interim,D435H,1.0
D435L,0.032628156,rpoB,Rifampicin,p.Asp435Leu,missense_variant,2) Assoc w R - Interim,D435L,1.0
D435F,0.03514084,rpoB,Rifampicin,p.Asp435Phe,missense_variant,1) Assoc w R,D435F,0.9230769230769231
D435Y,0.03470979,rpoB,Rifampicin,p.Asp435Tyr,missense_variant,1) Assoc w R,D435Y,0.7857142857142857
D435V,0.031565305,rpoB,Rifampicin,p.Asp435Val,missense_variant,1) Assoc w R,D435V,0.9854824935952178
D49H,0.028879073,rpoB,Rifampicin,p.Asp49His,missense_variant,3) Uncertain significance,D49H,0.0
D515A,0.029479768,rpoB,Rifampicin,p.Asp515Ala,missense_variant,3) Uncertain significance,D515A,1.0
D515Y,0.042408325,rpoB,Rifampicin,p.Asp515Tyr,missense_variant,3) Uncertain significance,D515Y,0.0
D520A,0.04184221,rpoB,Rifampicin,p.Asp520Ala,missense_variant,3) Uncertain significance,D520A,1.0
D520G,0.058742926,rpoB,Rifampicin,p.Asp520Gly,missense_variant,3) Uncertain significance,D520G,1.0
D520V,0.042814855,rpoB,Rifampicin,p.Asp520Val,missense_variant,3) Uncertain significance,D520V,0.0
D531Y,0.028753076,rpoB,Rifampicin,p.Asp531Tyr,missense_variant,3) Uncertain significance,D531Y,1.0
D53N,0.01748946,rpoB,Rifampicin,p.Asp53Asn,missense_variant,3) Uncertain significance,D53N,0.0
D543G,0.02197739,rpoB,Rifampicin,p.Asp543Gly,missense_variant,3) Uncertain significance,D543G,0.0
D545A,0.02392808,rpoB,Rifampicin,p.Asp545Ala,missense_variant,3) Uncertain significance,D545A,0.0
D545E,0.01975881,rpoB,Rifampicin,p.Asp545Glu,missense_variant,3) Uncertain significance,D545E,0.3333333333333333
D571A,0.025459535,rpoB,Rifampicin,p.Asp571Ala,missense_variant,3) Uncertain significance,D571A,1.0
D571Y,0.03529541,rpoB,Rifampicin,p.Asp571Tyr,missense_variant,3) Uncertain significance,D571Y,1.0
D574E,0.01542475,rpoB,Rifampicin,p.Asp574Glu,missense_variant,3) Uncertain significance,D574E,1.0
D594A,0.026751434,rpoB,Rifampicin,p.Asp594Ala,missense_variant,3) Uncertain significance,D594A,0.0
D595E,0.018602245,rpoB,Rifampicin,p.Asp595Glu,missense_variant,3) Uncertain significance,D595E,1.0
D631G,0.037532255,rpoB,Rifampicin,p.Asp631Gly,missense_variant,3) Uncertain significance,D631G,1.0
D634G,0.0473646,rpoB,Rifampicin,p.Asp634Gly,missense_variant,3) Uncertain significance,D634G,0.9047619047619048
D703G,0.0691094,rpoB,Rifampicin,p.Asp703Gly,missense_variant,3) Uncertain significance,D703G,0.0
D752N,0.022449933,rpoB,Rifampicin,p.Asp752Asn,missense_variant,3) Uncertain significance,D752N,0.0
D752G,0.02913675,rpoB,Rifampicin,p.Asp752Gly,missense_variant,3) Uncertain significance,D752G,1.0
D766H,0.037122384,rpoB,Rifampicin,p.Asp766His,missense_variant,3) Uncertain significance,D766H,1.0
D777N,0.023248138,rpoB,Rifampicin,p.Asp777Asn,missense_variant,3) Uncertain significance,D777N,1.0
D777H,0.04019774,rpoB,Rifampicin,p.Asp777His,missense_variant,3) Uncertain significance,D777H,0.0
D851G,0.02721009,rpoB,Rifampicin,p.Asp851Gly,missense_variant,3) Uncertain significance,D851G,0.0
D851P,0.023467554,rpoB,Rifampicin,p.Asp851Pro,missense_variant,3) Uncertain significance,D851P,0.0
D875A,0.028556967,rpoB,Rifampicin,p.Asp875Ala,missense_variant,3) Uncertain significance,D875A,0.0
D903N,0.019865286,rpoB,Rifampicin,p.Asp903Asn,missense_variant,3) Uncertain significance,D903N,0.0
D92G,0.019112872,rpoB,Rifampicin,p.Asp92Gly,missense_variant,3) Uncertain significance,D92G,0.9090909090909091
D955N,0.022604963,rpoB,Rifampicin,p.Asp955Asn,missense_variant,3) Uncertain significance,D955N,0.0
D993E,0.011644422,rpoB,Rifampicin,p.Asp993Glu,missense_variant,3) Uncertain significance,D993E,0.0
D993G,0.022401752,rpoB,Rifampicin,p.Asp993Gly,missense_variant,3) Uncertain significance,D993G,0.0
D997N,0.01702157,rpoB,Rifampicin,p.Asp997Asn,missense_variant,3) Uncertain significance,D997N,0.0
D997E,0.02050937,rpoB,Rifampicin,p.Asp997Glu,missense_variant,3) Uncertain significance,D997E,0.0
C1067G,0.04892355,rpoB,Rifampicin,p.Cys1067Gly,missense_variant,3) Uncertain significance,C1067G,0.0
C1126F,0.050743252,rpoB,Rifampicin,p.Cys1126Phe,missense_variant,3) Uncertain significance,C1126F,0.0
C116F,0.090011686,rpoB,Rifampicin,p.Cys116Phe,missense_variant,3) Uncertain significance,C116F,0.0
C681R,0.0817685,rpoB,Rifampicin,p.Cys681Arg,missense_variant,3) Uncertain significance,C681R,1.0
C681G,0.054832585,rpoB,Rifampicin,p.Cys681Gly,missense_variant,3) Uncertain significance,C681G,0.0
C701S,0.061709646,rpoB,Rifampicin,p.Cys701Ser,missense_variant,3) Uncertain significance,C701S,0.0
C701W,0.06197772,rpoB,Rifampicin,p.Cys701Trp,missense_variant,3) Uncertain significance,C701W,1.0
C985S,0.057121232,rpoB,Rifampicin,p.Cys985Ser,missense_variant,3) Uncertain significance,C985S,0.0
Q1056R,0.015678203,rpoB,Rifampicin,p.Gln1056Arg,missense_variant,3) Uncertain significance,Q1056R,1.0
Q1056H,0.020365415,rpoB,Rifampicin,p.Gln1056His,missense_variant,3) Uncertain significance,Q1056H,1.0
Q1080R,0.01968744,rpoB,Rifampicin,p.Gln1080Arg,missense_variant,3) Uncertain significance,Q1080R,0.8
Q1123R,0.024902012,rpoB,Rifampicin,p.Gln1123Arg,missense_variant,3) Uncertain significance,Q1123R,1.0
Q172R,0.018821796,rpoB,Rifampicin,p.Gln172Arg,missense_variant,3) Uncertain significance,Q172R,1.0
Q172K,0.020313082,rpoB,Rifampicin,p.Gln172Lys,missense_variant,3) Uncertain significance,Q172K,1.0
Q19R,0.031829465,rpoB,Rifampicin,p.Gln19Arg,missense_variant,3) Uncertain significance,Q19R,0.9
Q226R,0.02540931,rpoB,Rifampicin,p.Gln226Arg,missense_variant,3) Uncertain significance,Q226R,1.0
Q226E,0.02742098,rpoB,Rifampicin,p.Gln226Glu,missense_variant,3) Uncertain significance,Q226E,1.0
Q226K,0.024376241,rpoB,Rifampicin,p.Gln226Lys,missense_variant,3) Uncertain significance,Q226K,1.0
Q382R,0.024426125,rpoB,Rifampicin,p.Gln382Arg,missense_variant,3) Uncertain significance,Q382R,1.0
Q401R,0.02696221,rpoB,Rifampicin,p.Gln401Arg,missense_variant,3) Uncertain significance,Q401R,1.0
Q401E,0.026487686,rpoB,Rifampicin,p.Gln401Glu,missense_variant,3) Uncertain significance,Q401E,1.0
Q409R,0.018888263,rpoB,Rifampicin,p.Gln409Arg,missense_variant,3) Uncertain significance,Q409R,1.0
Q429H,0.024273561,rpoB,Rifampicin,p.Gln429His,missense_variant,2) Assoc w R - Interim,Q429H,0.9285714285714286
Q429L,0.022510923,rpoB,Rifampicin,p.Gln429Leu,missense_variant,2) Assoc w R - Interim,Q429L,1.0
Q429P,0.020367336,rpoB,Rifampicin,p.Gln429Pro,missense_variant,2) Assoc w R - Interim,Q429P,1.0
Q432N,0.017896118,rpoB,Rifampicin,p.Gln432Asn,missense_variant,2) Assoc w R - Interim,Q432N,1.0
Q432E,0.02141724,rpoB,Rifampicin,p.Gln432Glu,missense_variant,2) Assoc w R - Interim,Q432E,1.0
Q432H,0.025633063,rpoB,Rifampicin,p.Gln432His,missense_variant,2) Assoc w R - Interim,Q432H,1.0
Q432L,0.03499948,rpoB,Rifampicin,p.Gln432Leu,missense_variant,1) Assoc w R,Q432L,0.9655172413793104
Q432K,0.02408912,rpoB,Rifampicin,p.Gln432Lys,missense_variant,1) Assoc w R,Q432K,1.0
Q432P,0.021499606,rpoB,Rifampicin,p.Gln432Pro,missense_variant,1) Assoc w R,Q432P,0.9857142857142858
Q436R,0.020239916,rpoB,Rifampicin,p.Gln436Arg,missense_variant,2) Assoc w R - Interim,Q436R,1.0
Q436N,0.01904884,rpoB,Rifampicin,p.Gln436Asn,missense_variant,2) Assoc w R - Interim,Q436N,0.0
Q436P,0.026373811,rpoB,Rifampicin,p.Gln436Pro,missense_variant,2) Assoc w R - Interim,Q436P,1.0
Q51P,0.025928989,rpoB,Rifampicin,p.Gln51Pro,missense_variant,3) Uncertain significance,Q51P,0.6666666666666666
Q537K,0.025159089,rpoB,Rifampicin,p.Gln537Lys,missense_variant,3) Uncertain significance,Q537K,1.0
Q975H,0.026286203,rpoB,Rifampicin,p.Gln975His,missense_variant,3) Uncertain significance,Q975H,0.8378378378378378
Q980R,0.021900646,rpoB,Rifampicin,p.Gln980Arg,missense_variant,3) Uncertain significance,Q980R,1.0
Q980K,0.022569759,rpoB,Rifampicin,p.Gln980Lys,missense_variant,3) Uncertain significance,Q980K,1.0
E1011A,0.02298518,rpoB,Rifampicin,p.Glu1011Ala,missense_variant,3) Uncertain significance,E1011A,0.0
E1121D,0.016614772,rpoB,Rifampicin,p.Glu1121Asp,missense_variant,3) Uncertain significance,E1121D,1.0
E1130V,0.025923861,rpoB,Rifampicin,p.Glu1130Val,missense_variant,3) Uncertain significance,E1130V,0.0
E1140D,0.012756158,rpoB,Rifampicin,p.Glu1140Asp,missense_variant,3) Uncertain significance,E1140D,1.0
E1140Q,0.021098496,rpoB,Rifampicin,p.Glu1140Gln,missense_variant,3) Uncertain significance,E1140Q,1.0
E1145G,0.018193912,rpoB,Rifampicin,p.Glu1145Gly,missense_variant,3) Uncertain significance,E1145G,0.0
E1169A,0.020108663,rpoB,Rifampicin,p.Glu1169Ala,missense_variant,3) Uncertain significance,E1169A,0.0
E132D,0.017282853,rpoB,Rifampicin,p.Glu132Asp,missense_variant,3) Uncertain significance,E132D,0.0
E156D,0.011493444,rpoB,Rifampicin,p.Glu156Asp,missense_variant,3) Uncertain significance,E156D,0.25
E156G,0.016849725,rpoB,Rifampicin,p.Glu156Gly,missense_variant,3) Uncertain significance,E156G,0.5
E166G,0.022568582,rpoB,Rifampicin,p.Glu166Gly,missense_variant,3) Uncertain significance,E166G,1.0
E166K,0.023630042,rpoB,Rifampicin,p.Glu166Lys,missense_variant,3) Uncertain significance,E166K,1.0
E207G,0.04207416,rpoB,Rifampicin,p.Glu207Gly,missense_variant,3) Uncertain significance,E207G,0.0
E207K,0.02167087,rpoB,Rifampicin,p.Glu207Lys,missense_variant,3) Uncertain significance,E207K,1.0
E240G,0.02742854,rpoB,Rifampicin,p.Glu240Gly,missense_variant,3) Uncertain significance,E240G,0.0
E250G,0.016340591,rpoB,Rifampicin,p.Glu250Gly,missense_variant,4) Not assoc w R - Interim,E250G,0.20618556701030927
E284G,0.02624536,rpoB,Rifampicin,p.Glu284Gly,missense_variant,3) Uncertain significance,E284G,1.0
E291D,0.015736632,rpoB,Rifampicin,p.Glu291Asp,missense_variant,3) Uncertain significance,E291D,0.0
E291K,0.019743579,rpoB,Rifampicin,p.Glu291Lys,missense_variant,3) Uncertain significance,E291K,1.0
E291V,0.026396487,rpoB,Rifampicin,p.Glu291Val,missense_variant,3) Uncertain significance,E291V,1.0
E320D,0.0163206,rpoB,Rifampicin,p.Glu320Asp,missense_variant,3) Uncertain significance,E320D,0.2857142857142857
E330D,0.022113709,rpoB,Rifampicin,p.Glu330Asp,missense_variant,3) Uncertain significance,E330D,1.0
E337K,0.026546242,rpoB,Rifampicin,p.Glu337Lys,missense_variant,3) Uncertain significance,E337K,0.0
E344Q,0.02560928,rpoB,Rifampicin,p.Glu344Gln,missense_variant,3) Uncertain significance,E344Q,0.0
E360D,0.014708121,rpoB,Rifampicin,p.Glu360Asp,missense_variant,3) Uncertain significance,E360D,1.0
E360Q,0.021680184,rpoB,Rifampicin,p.Glu360Gln,missense_variant,3) Uncertain significance,E360Q,0.0
E360K,0.025792623,rpoB,Rifampicin,p.Glu360Lys,missense_variant,3) Uncertain significance,E360K,1.0
E377V,0.04703965,rpoB,Rifampicin,p.Glu377Val,missense_variant,3) Uncertain significance,E377V,1.0
E391G,0.024422165,rpoB,Rifampicin,p.Glu391Gly,missense_variant,3) Uncertain significance,E391G,1.0
E423A,0.021751678,rpoB,Rifampicin,p.Glu423Ala,missense_variant,3) Uncertain significance,E423A,1.0
E423G,0.01943541,rpoB,Rifampicin,p.Glu423Gly,missense_variant,3) Uncertain significance,E423G,1.0
E460D,0.015866395,rpoB,Rifampicin,p.Glu460Asp,missense_variant,3) Uncertain significance,E460D,1.0
E460G,0.023436842,rpoB,Rifampicin,p.Glu460Gly,missense_variant,3) Uncertain significance,E460G,0.7777777777777778
E465Q,0.024334101,rpoB,Rifampicin,p.Glu465Gln,missense_variant,3) Uncertain significance,E465Q,1.0
E481A,0.020664513,rpoB,Rifampicin,p.Glu481Ala,missense_variant,3) Uncertain significance,E481A,0.875
E507K,0.026651837,rpoB,Rifampicin,p.Glu507Lys,missense_variant,3) Uncertain significance,E507K,0.5
E530Q,0.030643271,rpoB,Rifampicin,p.Glu530Gln,missense_variant,3) Uncertain significance,E530Q,1.0
E550G,0.05513738,rpoB,Rifampicin,p.Glu550Gly,missense_variant,3) Uncertain significance,E550G,1.0
E550K,0.03025169,rpoB,Rifampicin,p.Glu550Lys,missense_variant,3) Uncertain significance,E550K,1.0
E563A,0.024148194,rpoB,Rifampicin,p.Glu563Ala,missense_variant,3) Uncertain significance,E563A,1.0
E563D,0.018232102,rpoB,Rifampicin,p.Glu563Asp,missense_variant,3) Uncertain significance,E563D,0.0
E563G,0.02296049,rpoB,Rifampicin,p.Glu563Gly,missense_variant,3) Uncertain significance,E563G,1.0
E563K,0.03208503,rpoB,Rifampicin,p.Glu563Lys,missense_variant,3) Uncertain significance,E563K,1.0
E592D,0.015396087,rpoB,Rifampicin,p.Glu592Asp,missense_variant,3) Uncertain significance,E592D,1.0
E625D,0.0148095805,rpoB,Rifampicin,p.Glu625Asp,missense_variant,3) Uncertain significance,E625D,0.0
E639D,0.062986664,rpoB,Rifampicin,p.Glu639Asp,missense_variant,5) Not assoc w R,E639D,0.07352941176470588
E639Q,0.02487482,rpoB,Rifampicin,p.Glu639Gln,missense_variant,3) Uncertain significance,E639Q,0.0
E639G,0.049994927,rpoB,Rifampicin,p.Glu639Gly,missense_variant,3) Uncertain significance,E639G,0.0
E639K,0.03678377,rpoB,Rifampicin,p.Glu639Lys,missense_variant,3) Uncertain significance,E639K,0.0
E645G,0.1148501,rpoB,Rifampicin,p.Glu645Gly,missense_variant,3) Uncertain significance,E645G,0.0
E646G,0.0640671,rpoB,Rifampicin,p.Glu646Gly,missense_variant,3) Uncertain significance,E646G,0.0
E70V,0.06122456,rpoB,Rifampicin,p.Glu70Val,missense_variant,3) Uncertain significance,E70V,0.0
E721D,0.017818429,rpoB,Rifampicin,p.Glu721Asp,missense_variant,3) Uncertain significance,E721D,0.0
E721G,0.03908579,rpoB,Rifampicin,p.Glu721Gly,missense_variant,3) Uncertain significance,E721G,0.0
E721K,0.029375974,rpoB,Rifampicin,p.Glu721Lys,missense_variant,3) Uncertain significance,E721K,0.0
E737G,0.023852581,rpoB,Rifampicin,p.Glu737Gly,missense_variant,3) Uncertain significance,E737G,0.0
E738A,0.034235287,rpoB,Rifampicin,p.Glu738Ala,missense_variant,3) Uncertain significance,E738A,0.0
E750Q,0.0271789,rpoB,Rifampicin,p.Glu750Gln,missense_variant,3) Uncertain significance,E750Q,1.0
E750G,0.026109485,rpoB,Rifampicin,p.Glu750Gly,missense_variant,3) Uncertain significance,E750G,1.0
E750K,0.034676794,rpoB,Rifampicin,p.Glu750Lys,missense_variant,3) Uncertain significance,E750K,1.0
E761A,0.026917685,rpoB,Rifampicin,p.Glu761Ala,missense_variant,3) Uncertain significance,E761A,1.0
E761D,0.020701732,rpoB,Rifampicin,p.Glu761Asp,missense_variant,3) Uncertain significance,E761D,1.0
E761G,0.024355408,rpoB,Rifampicin,p.Glu761Gly,missense_variant,3) Uncertain significance,E761G,1.0
E789K,0.030688448,rpoB,Rifampicin,p.Glu789Lys,missense_variant,3) Uncertain significance,E789K,0.0
E805A,0.026827032,rpoB,Rifampicin,p.Glu805Ala,missense_variant,3) Uncertain significance,E805A,0.0
E807A,0.025190005,rpoB,Rifampicin,p.Glu807Ala,missense_variant,3) Uncertain significance,E807A,1.0
E807G,0.0234263,rpoB,Rifampicin,p.Glu807Gly,missense_variant,3) Uncertain significance,E807G,1.0
E812G,0.029996034,rpoB,Rifampicin,p.Glu812Gly,missense_variant,3) Uncertain significance,E812G,1.0
E821V,0.02953692,rpoB,Rifampicin,p.Glu821Val,missense_variant,3) Uncertain significance,E821V,1.0
E825G,0.01966552,rpoB,Rifampicin,p.Glu825Gly,missense_variant,3) Uncertain significance,E825G,0.0
E82K,0.033427633,rpoB,Rifampicin,p.Glu82Lys,missense_variant,3) Uncertain significance,E82K,0.0
E86V,0.027896777,rpoB,Rifampicin,p.Glu86Val,missense_variant,3) Uncertain significance,E86V,1.0
E896K,0.027180202,rpoB,Rifampicin,p.Glu896Lys,missense_variant,3) Uncertain significance,E896K,1.0
E91G,0.016920583,rpoB,Rifampicin,p.Glu91Gly,missense_variant,3) Uncertain significance,E91G,0.0
E959K,0.036491178,rpoB,Rifampicin,p.Glu959Lys,missense_variant,3) Uncertain significance,E959K,0.5
E976K,0.022695288,rpoB,Rifampicin,p.Glu976Lys,missense_variant,3) Uncertain significance,E976K,1.0
G158S,0.022342054,rpoB,Rifampicin,p.Gly158Ser,missense_variant,3) Uncertain significance,G158S,1.0
G178R,0.02193475,rpoB,Rifampicin,p.Gly178Arg,missense_variant,3) Uncertain significance,G178R,1.0
G203R,0.018473208,rpoB,Rifampicin,p.Gly203Arg,missense_variant,3) Uncertain significance,G203R,1.0
G217S,0.023845747,rpoB,Rifampicin,p.Gly217Ser,missense_variant,3) Uncertain significance,G217S,0.5
G236D,0.02661949,rpoB,Rifampicin,p.Gly236Asp,missense_variant,3) Uncertain significance,G236D,0.0
G28R,0.018268164,rpoB,Rifampicin,p.Gly28Arg,missense_variant,3) Uncertain significance,G28R,0.0
G345S,0.024142701,rpoB,Rifampicin,p.Gly345Ser,missense_variant,3) Uncertain significance,G345S,0.0
G354S,0.019804835,rpoB,Rifampicin,p.Gly354Ser,missense_variant,3) Uncertain significance,G354S,0.0
G376C,0.06267299,rpoB,Rifampicin,p.Gly376Cys,missense_variant,3) Uncertain significance,G376C,1.0
G376V,0.0220229,rpoB,Rifampicin,p.Gly376Val,missense_variant,3) Uncertain significance,G376V,1.0
G426S,0.02339735,rpoB,Rifampicin,p.Gly426Ser,missense_variant,2) Assoc w R - Interim,G426S,0.0
G442E,0.015802035,rpoB,Rifampicin,p.Gly442Glu,missense_variant,2) Assoc w R - Interim,G442E,1.0
G453A,0.02042957,rpoB,Rifampicin,p.Gly453Ala,missense_variant,3) Uncertain significance,G453A,0.75
G453R,0.019922964,rpoB,Rifampicin,p.Gly453Arg,missense_variant,3) Uncertain significance,G453R,1.0
G455R,0.018321907,rpoB,Rifampicin,p.Gly455Arg,missense_variant,3) Uncertain significance,G455R,1.0
G456S,0.018307677,rpoB,Rifampicin,p.Gly456Ser,missense_variant,3) Uncertain significance,G456S,1.0
G46R,0.01704124,rpoB,Rifampicin,p.Gly46Arg,missense_variant,3) Uncertain significance,G46R,1.0
G46V,0.019767487,rpoB,Rifampicin,p.Gly46Val,missense_variant,3) Uncertain significance,G46V,1.0
G492S,0.019228319,rpoB,Rifampicin,p.Gly492Ser,missense_variant,3) Uncertain significance,G492S,0.0
G516R,0.02017974,rpoB,Rifampicin,p.Gly516Arg,missense_variant,3) Uncertain significance,G516R,0.0
G516D,0.024307853,rpoB,Rifampicin,p.Gly516Asp,missense_variant,3) Uncertain significance,G516D,0.0
G560A,0.024469791,rpoB,Rifampicin,p.Gly560Ala,missense_variant,3) Uncertain significance,G560A,0.0
G560D,0.026084673,rpoB,Rifampicin,p.Gly560Asp,missense_variant,3) Uncertain significance,G560D,0.0
G602A,0.028965518,rpoB,Rifampicin,p.Gly602Ala,missense_variant,3) Uncertain significance,G602A,1.0
G633D,0.050313763,rpoB,Rifampicin,p.Gly633Asp,missense_variant,3) Uncertain significance,G633D,1.0
G642S,0.12845553,rpoB,Rifampicin,p.Gly642Ser,missense_variant,3) Uncertain significance,G642S,0.0
G659D,0.035039265,rpoB,Rifampicin,p.Gly659Asp,missense_variant,3) Uncertain significance,G659D,0.0
G675D,0.030313902,rpoB,Rifampicin,p.Gly675Asp,missense_variant,3) Uncertain significance,G675D,0.5714285714285714
G693V,0.16656393,rpoB,Rifampicin,p.Gly693Val,missense_variant,3) Uncertain significance,G693V,0.0
G699S,0.03839324,rpoB,Rifampicin,p.Gly699Ser,missense_variant,3) Uncertain significance,G699S,1.0
G787S,0.02849635,rpoB,Rifampicin,p.Gly787Ser,missense_variant,3) Uncertain significance,G787S,1.0
G798S,0.03224094,rpoB,Rifampicin,p.Gly798Ser,missense_variant,3) Uncertain significance,G798S,1.0
G79D,0.019300925,rpoB,Rifampicin,p.Gly79Asp,missense_variant,3) Uncertain significance,G79D,1.0
G79S,0.017531047,rpoB,Rifampicin,p.Gly79Ser,missense_variant,3) Uncertain significance,G79S,1.0
G836C,0.059603013,rpoB,Rifampicin,p.Gly836Cys,missense_variant,3) Uncertain significance,G836C,1.0
G836S,0.018384064,rpoB,Rifampicin,p.Gly836Ser,missense_variant,3) Uncertain significance,G836S,1.0
G890D,0.0392032,rpoB,Rifampicin,p.Gly890Asp,missense_variant,3) Uncertain significance,G890D,0.0
G890C,0.05513926,rpoB,Rifampicin,p.Gly890Cys,missense_variant,3) Uncertain significance,G890C,1.0
G915S,0.021045165,rpoB,Rifampicin,p.Gly915Ser,missense_variant,3) Uncertain significance,G915S,1.0
G945R,0.02371385,rpoB,Rifampicin,p.Gly945Arg,missense_variant,3) Uncertain significance,G945R,0.0
G945E,0.019315021,rpoB,Rifampicin,p.Gly945Glu,missense_variant,3) Uncertain significance,G945E,0.1111111111111111
G95R,0.03285394,rpoB,Rifampicin,p.Gly95Arg,missense_variant,3) Uncertain significance,G95R,0.0
G973D,0.027974894,rpoB,Rifampicin,p.Gly973Asp,missense_variant,3) Uncertain significance,G973D,1.0
G981D,0.024263665,rpoB,Rifampicin,p.Gly981Asp,missense_variant,3) Uncertain significance,G981D,1.0
G992R,0.017728975,rpoB,Rifampicin,p.Gly992Arg,missense_variant,3) Uncertain significance,G992R,1.0
H1028R,0.019871363,rpoB,Rifampicin,p.His1028Arg,missense_variant,3) Uncertain significance,H1028R,0.6666666666666666
H1028D,0.023673944,rpoB,Rifampicin,p.His1028Asp,missense_variant,3) Uncertain significance,H1028D,1.0
H1028Y,0.027073797,rpoB,Rifampicin,p.His1028Tyr,missense_variant,3) Uncertain significance,H1028Y,1.0
H194R,0.025616083,rpoB,Rifampicin,p.His194Arg,missense_variant,3) Uncertain significance,H194R,1.0
H194Y,0.03178031,rpoB,Rifampicin,p.His194Tyr,missense_variant,3) Uncertain significance,H194Y,0.1
H317Y,0.032909956,rpoB,Rifampicin,p.His317Tyr,missense_variant,3) Uncertain significance,H317Y,0.0
H343R,0.028577592,rpoB,Rifampicin,p.His343Arg,missense_variant,3) Uncertain significance,H343R,0.0
H343Q,0.031764317,rpoB,Rifampicin,p.His343Gln,missense_variant,3) Uncertain significance,H343Q,0.07407407407407407
H445R,0.02241214,rpoB,Rifampicin,p.His445Arg,missense_variant,1) Assoc w R,H445R,0.9784172661870504
H445N,0.021869192,rpoB,Rifampicin,p.His445Asn,missense_variant,1) Assoc w R,H445N,0.6028708133971292
H445D,0.023949377,rpoB,Rifampicin,p.His445Asp,missense_variant,1) Assoc w R,H445D,0.9838187702265372
H445C,0.04710204,rpoB,Rifampicin,p.His445Cys,missense_variant,1) Assoc w R,H445C,0.8974358974358975
H445Q,0.02302697,rpoB,Rifampicin,p.His445Gln,missense_variant,2) Assoc w R - Interim,H445Q,0.9130434782608695
H445G,0.02371067,rpoB,Rifampicin,p.His445Gly,missense_variant,2) Assoc w R - Interim,H445G,0.7857142857142857
H445L,0.029691312,rpoB,Rifampicin,p.His445Leu,missense_variant,1) Assoc w R,H445L,0.9156118143459916
H445F,0.030240735,rpoB,Rifampicin,p.His445Phe,missense_variant,2) Assoc w R - Interim,H445F,1.0
H445P,0.021609254,rpoB,Rifampicin,p.His445Pro,missense_variant,2) Assoc w R - Interim,H445P,1.0
H445S,0.02195852,rpoB,Rifampicin,p.His445Ser,missense_variant,1) Assoc w R,H445S,0.7307692307692307
H445T,0.019630952,rpoB,Rifampicin,p.His445Thr,missense_variant,2) Assoc w R - Interim,H445T,1.0
H445Y,0.02732241,rpoB,Rifampicin,p.His445Tyr,missense_variant,1) Assoc w R,H445Y,0.9817880794701986
H533R,0.03235781,rpoB,Rifampicin,p.His533Arg,missense_variant,3) Uncertain significance,H533R,0.0
H533N,0.03332023,rpoB,Rifampicin,p.His533Asn,missense_variant,3) Uncertain significance,H533N,1.0
H593Y,0.039457455,rpoB,Rifampicin,p.His593Tyr,missense_variant,3) Uncertain significance,H593Y,1.0
H656Q,0.04379819,rpoB,Rifampicin,p.His656Gln,missense_variant,3) Uncertain significance,H656Q,0.3333333333333333
H674R,0.054174032,rpoB,Rifampicin,p.His674Arg,missense_variant,3) Uncertain significance,H674R,0.6666666666666666
H674N,0.052068777,rpoB,Rifampicin,p.His674Asn,missense_variant,3) Uncertain significance,H674N,1.0
H674D,0.058341675,rpoB,Rifampicin,p.His674Asp,missense_variant,3) Uncertain significance,H674D,1.0
H674Q,0.037455875,rpoB,Rifampicin,p.His674Gln,missense_variant,3) Uncertain significance,H674Q,1.0
H674Y,0.028497843,rpoB,Rifampicin,p.His674Tyr,missense_variant,3) Uncertain significance,H674Y,1.0
H723D,0.040878046,rpoB,Rifampicin,p.His723Asp,missense_variant,3) Uncertain significance,H723D,1.0
H749Y,0.03827093,rpoB,Rifampicin,p.His749Tyr,missense_variant,3) Uncertain significance,H749Y,0.2
H835R,0.02998453,rpoB,Rifampicin,p.His835Arg,missense_variant,3) Uncertain significance,H835R,1.0
H835D,0.031227507,rpoB,Rifampicin,p.His835Asp,missense_variant,3) Uncertain significance,H835D,1.0
H835P,0.037704527,rpoB,Rifampicin,p.His835Pro,missense_variant,3) Uncertain significance,H835P,1.0
H935R,0.02580703,rpoB,Rifampicin,p.His935Arg,missense_variant,3) Uncertain significance,H935R,0.0
I1035T,0.023535317,rpoB,Rifampicin,p.Ile1035Thr,missense_variant,3) Uncertain significance,I1035T,1.0
I1035V,0.017048784,rpoB,Rifampicin,p.Ile1035Val,missense_variant,3) Uncertain significance,I1035V,1.0
I1046V,0.013747786,rpoB,Rifampicin,p.Ile1046Val,missense_variant,3) Uncertain significance,I1046V,1.0
I1106T,0.021936035,rpoB,Rifampicin,p.Ile1106Thr,missense_variant,3) Uncertain significance,I1106T,1.0
I162V,0.019546954,rpoB,Rifampicin,p.Ile162Val,missense_variant,3) Uncertain significance,I162V,0.0
I199T,0.023922296,rpoB,Rifampicin,p.Ile199Thr,missense_variant,3) Uncertain significance,I199T,1.0
I336T,0.029660396,rpoB,Rifampicin,p.Ile336Thr,missense_variant,3) Uncertain significance,I336T,1.0
I412L,0.01642083,rpoB,Rifampicin,p.Ile412Leu,missense_variant,3) Uncertain significance,I412L,0.0
I480T,0.024540717,rpoB,Rifampicin,p.Ile480Thr,missense_variant,3) Uncertain significance,I480T,1.0
I480V,0.016487839,rpoB,Rifampicin,p.Ile480Val,missense_variant,3) Uncertain significance,I480V,0.9722222222222222
I488L,0.016960934,rpoB,Rifampicin,p.Ile488Leu,missense_variant,3) Uncertain significance,I488L,1.0
I488M,0.023423638,rpoB,Rifampicin,p.Ile488Met,missense_variant,3) Uncertain significance,I488M,1.0
I488V,0.017244902,rpoB,Rifampicin,p.Ile488Val,missense_variant,3) Uncertain significance,I488V,1.0
I491L,0.01622407,rpoB,Rifampicin,p.Ile491Leu,missense_variant,3) Uncertain significance,I491L,1.0
I491M,0.021908328,rpoB,Rifampicin,p.Ile491Met,missense_variant,3) Uncertain significance,I491M,0.9
I491F,0.024606025,rpoB,Rifampicin,p.Ile491Phe,missense_variant,1) Assoc w R,I491F,0.5686274509803921
I491S,0.024606712,rpoB,Rifampicin,p.Ile491Ser,missense_variant,3) Uncertain significance,I491S,0.6
I491T,0.020375706,rpoB,Rifampicin,p.Ile491Thr,missense_variant,3) Uncertain significance,I491T,1.0
I491Y,0.029242283,rpoB,Rifampicin,p.Ile491Tyr,missense_variant,3) Uncertain significance,I491Y,1.0
I491V,0.016401794,rpoB,Rifampicin,p.Ile491Val,missense_variant,3) Uncertain significance,I491V,1.0
I506V,0.017123848,rpoB,Rifampicin,p.Ile506Val,missense_variant,3) Uncertain significance,I506V,0.0
I542K,0.037263475,rpoB,Rifampicin,p.Ile542Lys,missense_variant,3) Uncertain significance,I542K,1.0
I588V,0.021654865,rpoB,Rifampicin,p.Ile588Val,missense_variant,3) Uncertain significance,I588V,0.8888888888888888
I644V,0.019805264,rpoB,Rifampicin,p.Ile644Val,missense_variant,3) Uncertain significance,I644V,0.0
I717V,0.016570766,rpoB,Rifampicin,p.Ile717Val,missense_variant,3) Uncertain significance,I717V,1.0
I751V,0.02001089,rpoB,Rifampicin,p.Ile751Val,missense_variant,3) Uncertain significance,I751V,0.0
I770V,0.021528099,rpoB,Rifampicin,p.Ile770Val,missense_variant,3) Uncertain significance,I770V,0.5
I783V,0.02131583,rpoB,Rifampicin,p.Ile783Val,missense_variant,3) Uncertain significance,I783V,0.0
I873F,0.027616821,rpoB,Rifampicin,p.Ile873Phe,missense_variant,3) Uncertain significance,I873F,1.0
I892T,0.07715681,rpoB,Rifampicin,p.Ile892Thr,missense_variant,3) Uncertain significance,I892T,0.0
I909V,0.016099522,rpoB,Rifampicin,p.Ile909Val,missense_variant,3) Uncertain significance,I909V,1.0
I90L,0.017698461,rpoB,Rifampicin,p.Ile90Leu,missense_variant,3) Uncertain significance,I90L,1.0
I90S,0.030653926,rpoB,Rifampicin,p.Ile90Ser,missense_variant,3) Uncertain significance,I90S,1.0
I910V,0.018278345,rpoB,Rifampicin,p.Ile910Val,missense_variant,3) Uncertain significance,I910V,0.0
I925V,0.016598277,rpoB,Rifampicin,p.Ile925Val,missense_variant,5) Not assoc w R,I925V,0.0975609756097561
I965V,0.018974643,rpoB,Rifampicin,p.Ile965Val,missense_variant,3) Uncertain significance,I965V,0.0
L1004I,0.01755436,rpoB,Rifampicin,p.Leu1004Ile,missense_variant,3) Uncertain significance,L1004I,0.0
L173P,0.027581844,rpoB,Rifampicin,p.Leu173Pro,missense_variant,3) Uncertain significance,L173P,1.0
L232V,0.023957957,rpoB,Rifampicin,p.Leu232Val,missense_variant,3) Uncertain significance,L232V,0.0
L235R,0.027048757,rpoB,Rifampicin,p.Leu235Arg,missense_variant,3) Uncertain significance,L235R,0.0
L290F,0.019710694,rpoB,Rifampicin,p.Leu290Phe,missense_variant,3) Uncertain significance,L290F,0.0
L293S,0.02004339,rpoB,Rifampicin,p.Leu293Ser,missense_variant,3) Uncertain significance,L293S,1.0
L314V,0.02040483,rpoB,Rifampicin,p.Leu314Val,missense_variant,3) Uncertain significance,L314V,0.0
L316V,0.015177941,rpoB,Rifampicin,p.Leu316Val,missense_variant,3) Uncertain significance,L316V,0.0
L378R,0.043561634,rpoB,Rifampicin,p.Leu378Arg,missense_variant,3) Uncertain significance,L378R,0.9333333333333333
L42V,0.016204134,rpoB,Rifampicin,p.Leu42Val,missense_variant,3) Uncertain significance,L42V,1.0
L430R,0.020983005,rpoB,Rifampicin,p.Leu430Arg,missense_variant,2) Assoc w R - Interim,L430R,0.9142857142857143
L430P,0.02377023,rpoB,Rifampicin,p.Leu430Pro,missense_variant,1) Assoc w R,L430P,0.5375
L443F,0.017079141,rpoB,Rifampicin,p.Leu443Phe,missense_variant,2) Assoc w R - Interim,L443F,0.5
L443S,0.019325538,rpoB,Rifampicin,p.Leu443Ser,missense_variant,2) Assoc w R - Interim,L443S,1.0
L443W,0.03933401,rpoB,Rifampicin,p.Leu443Trp,missense_variant,2) Assoc w R - Interim,L443W,1.0
L449M,0.024255415,rpoB,Rifampicin,p.Leu449Met,missense_variant,2) Assoc w R - Interim,L449M,1.0
L452M,0.022627207,rpoB,Rifampicin,p.Leu452Met,missense_variant,2) Assoc w R - Interim,L452M,0.0
L452P,0.033251934,rpoB,Rifampicin,p.Leu452Pro,missense_variant,1) Assoc w R,L452P,0.7336814621409922
L452V,0.014859588,rpoB,Rifampicin,p.Leu452Val,missense_variant,2) Assoc w R - Interim,L452V,1.0
L457M,0.021474095,rpoB,Rifampicin,p.Leu457Met,missense_variant,3) Uncertain significance,L457M,0.0
L48F,0.013558534,rpoB,Rifampicin,p.Leu48Phe,missense_variant,3) Uncertain significance,L48F,0.0
L490V,0.01517169,rpoB,Rifampicin,p.Leu490Val,missense_variant,3) Uncertain significance,L490V,1.0
L494P,0.028030418,rpoB,Rifampicin,p.Leu494Pro,missense_variant,3) Uncertain significance,L494P,1.0
L525P,0.035547674,rpoB,Rifampicin,p.Leu525Pro,missense_variant,3) Uncertain significance,L525P,1.0
L554P,0.03797337,rpoB,Rifampicin,p.Leu554Pro,missense_variant,3) Uncertain significance,L554P,1.0
L554V,0.01934006,rpoB,Rifampicin,p.Leu554Val,missense_variant,3) Uncertain significance,L554V,1.0
L731P,0.06697249,rpoB,Rifampicin,p.Leu731Pro,missense_variant,3) Uncertain significance,L731P,1.0
L775P,0.037509903,rpoB,Rifampicin,p.Leu775Pro,missense_variant,3) Uncertain significance,L775P,1.0
L778M,0.029072197,rpoB,Rifampicin,p.Leu778Met,missense_variant,3) Uncertain significance,L778M,0.0
L778V,0.029593835,rpoB,Rifampicin,p.Leu778Val,missense_variant,3) Uncertain significance,L778V,1.0
L80V,0.016590469,rpoB,Rifampicin,p.Leu80Val,missense_variant,3) Uncertain significance,L80V,0.0
L831R,0.023520265,rpoB,Rifampicin,p.Leu831Arg,missense_variant,3) Uncertain significance,L831R,1.0
L855S,0.035290252,rpoB,Rifampicin,p.Leu855Ser,missense_variant,3) Uncertain significance,L855S,1.0
L862R,0.026026612,rpoB,Rifampicin,p.Leu862Arg,missense_variant,3) Uncertain significance,L862R,1.0
L893R,0.022282291,rpoB,Rifampicin,p.Leu893Arg,missense_variant,3) Uncertain significance,L893R,0.0
L893V,0.022469683,rpoB,Rifampicin,p.Leu893Val,missense_variant,3) Uncertain significance,L893V,0.0
L957V,0.015512184,rpoB,Rifampicin,p.Leu957Val,missense_variant,3) Uncertain significance,L957V,1.0
L995M,0.022926308,rpoB,Rifampicin,p.Leu995Met,missense_variant,3) Uncertain significance,L995M,0.0
K1054R,0.013921449,rpoB,Rifampicin,p.Lys1054Arg,missense_variant,3) Uncertain significance,K1054R,1.0
K1095R,0.021687208,rpoB,Rifampicin,p.Lys1095Arg,missense_variant,3) Uncertain significance,K1095R,1.0
K1102R,0.023071688,rpoB,Rifampicin,p.Lys1102Arg,missense_variant,3) Uncertain significance,K1102R,0.0
K1102T,0.025819322,rpoB,Rifampicin,p.Lys1102Thr,missense_variant,3) Uncertain significance,K1102T,1.0
K157M,0.032914877,rpoB,Rifampicin,p.Lys157Met,missense_variant,3) Uncertain significance,K157M,1.0
K233M,0.031525932,rpoB,Rifampicin,p.Lys233Met,missense_variant,3) Uncertain significance,K233M,0.0
K274N,0.022323074,rpoB,Rifampicin,p.Lys274Asn,missense_variant,3) Uncertain significance,K274N,1.0
K274E,0.025196275,rpoB,Rifampicin,p.Lys274Glu,missense_variant,3) Uncertain significance,K274E,1.0
K298R,0.021332953,rpoB,Rifampicin,p.Lys298Arg,missense_variant,3) Uncertain significance,K298R,0.0
K309E,0.026684651,rpoB,Rifampicin,p.Lys309Glu,missense_variant,3) Uncertain significance,K309E,0.0
K37R,0.02209005,rpoB,Rifampicin,p.Lys37Arg,missense_variant,3) Uncertain significance,K37R,0.8571428571428571
K446R,0.020858351,rpoB,Rifampicin,p.Lys446Arg,missense_variant,2) Assoc w R - Interim,K446R,0.6666666666666666
K446Q,0.022164395,rpoB,Rifampicin,p.Lys446Gln,missense_variant,2) Assoc w R - Interim,K446Q,0.8333333333333334
K446E,0.027028305,rpoB,Rifampicin,p.Lys446Glu,missense_variant,2) Assoc w R - Interim,K446E,0.6666666666666666
K446T,0.018377952,rpoB,Rifampicin,p.Lys446Thr,missense_variant,2) Assoc w R - Interim,K446T,1.0
K711R,0.02316842,rpoB,Rifampicin,p.Lys711Arg,missense_variant,3) Uncertain significance,K711R,0.0
K799Q,0.027306687,rpoB,Rifampicin,p.Lys799Gln,missense_variant,3) Uncertain significance,K799Q,1.0
K803T,0.039135396,rpoB,Rifampicin,p.Lys803Thr,missense_variant,3) Uncertain significance,K803T,1.0
K822T,0.030770523,rpoB,Rifampicin,p.Lys822Thr,missense_variant,3) Uncertain significance,K822T,0.0
K832N,0.036931414,rpoB,Rifampicin,p.Lys832Asn,missense_variant,3) Uncertain significance,K832N,1.0
K832Q,0.025038278,rpoB,Rifampicin,p.Lys832Gln,missense_variant,3) Uncertain significance,K832Q,1.0
K832E,0.030996092,rpoB,Rifampicin,p.Lys832Glu,missense_variant,3) Uncertain significance,K832E,1.0
K891E,0.031361487,rpoB,Rifampicin,p.Lys891Glu,missense_variant,3) Uncertain significance,K891E,1.0
K891T,0.051451188,rpoB,Rifampicin,p.Lys891Thr,missense_variant,3) Uncertain significance,K891T,1.0
K944N,0.026647193,rpoB,Rifampicin,p.Lys944Asn,missense_variant,3) Uncertain significance,K944N,0.0
K944E,0.02780796,rpoB,Rifampicin,p.Lys944Glu,missense_variant,5) Not assoc w R,K944E,0.037037037037037035
M1003T,0.025075942,rpoB,Rifampicin,p.Met1003Thr,missense_variant,3) Uncertain significance,M1003T,0.0
M1022I,0.025656039,rpoB,Rifampicin,p.Met1022Ile,missense_variant,3) Uncertain significance,M1022I,0.0
M1025L,0.023359677,rpoB,Rifampicin,p.Met1025Leu,missense_variant,3) Uncertain significance,M1025L,1.0
M1070I,0.020541186,rpoB,Rifampicin,p.Met1070Ile,missense_variant,3) Uncertain significance,M1070I,0.0
M1070T,0.021836363,rpoB,Rifampicin,p.Met1070Thr,missense_variant,3) Uncertain significance,M1070T,0.0
M121I,0.027780294,rpoB,Rifampicin,p.Met121Ile,missense_variant,3) Uncertain significance,M121I,0.16666666666666666
M153T,0.02668819,rpoB,Rifampicin,p.Met153Thr,missense_variant,3) Uncertain significance,M153T,0.0
M153V,0.020838825,rpoB,Rifampicin,p.Met153Val,missense_variant,3) Uncertain significance,M153V,0.0
M154I,0.023100933,rpoB,Rifampicin,p.Met154Ile,missense_variant,3) Uncertain significance,M154I,0.0
M387L,0.024273468,rpoB,Rifampicin,p.Met387Leu,missense_variant,3) Uncertain significance,M387L,1.0
M387V,0.024153776,rpoB,Rifampicin,p.Met387Val,missense_variant,3) Uncertain significance,M387V,1.0
M390T,0.029726068,rpoB,Rifampicin,p.Met390Thr,missense_variant,3) Uncertain significance,M390T,0.14285714285714285
M434R,0.026743518,rpoB,Rifampicin,p.Met434Arg,missense_variant,2) Assoc w R - Interim,M434R,1.0
M434I,0.024161162,rpoB,Rifampicin,p.Met434Ile,missense_variant,2) Assoc w R - Interim,M434I,0.9428571428571428
M434L,0.024689833,rpoB,Rifampicin,p.Met434Leu,missense_variant,2) Assoc w R - Interim,M434L,0.0
M434T,0.02509406,rpoB,Rifampicin,p.Met434Thr,missense_variant,2) Assoc w R - Interim,M434T,1.0
M434V,0.024480639,rpoB,Rifampicin,p.Met434Val,missense_variant,2) Assoc w R - Interim,M434V,0.8571428571428571
M477R,0.025060542,rpoB,Rifampicin,p.Met477Arg,missense_variant,3) Uncertain significance,M477R,0.0
M573T,0.030810853,rpoB,Rifampicin,p.Met573Thr,missense_variant,3) Uncertain significance,M573T,0.0
M587I,0.02461303,rpoB,Rifampicin,p.Met587Ile,missense_variant,3) Uncertain significance,M587I,0.0
M587T,0.026681565,rpoB,Rifampicin,p.Met587Thr,missense_variant,3) Uncertain significance,M587T,1.0
M624T,0.030367913,rpoB,Rifampicin,p.Met624Thr,missense_variant,3) Uncertain significance,M624T,0.0
M655T,0.04120403,rpoB,Rifampicin,p.Met655Thr,missense_variant,3) Uncertain significance,M655T,0.0
M666I,0.026299877,rpoB,Rifampicin,p.Met666Ile,missense_variant,3) Uncertain significance,M666I,0.0
M707T,0.027919946,rpoB,Rifampicin,p.Met707Thr,missense_variant,3) Uncertain significance,M707T,0.0
M920V,0.023077514,rpoB,Rifampicin,p.Met920Val,missense_variant,3) Uncertain significance,M920V,1.0
F1005V,0.027516851,rpoB,Rifampicin,p.Phe1005Val,missense_variant,3) Uncertain significance,F1005V,0.75
F151L,0.016424537,rpoB,Rifampicin,p.Phe151Leu,missense_variant,3) Uncertain significance,F151L,1.0
F208L,0.017505927,rpoB,Rifampicin,p.Phe208Leu,missense_variant,3) Uncertain significance,F208L,0.0
F295L,0.015269288,rpoB,Rifampicin,p.Phe295Leu,missense_variant,3) Uncertain significance,F295L,0.14285714285714285
F424I,0.02404391,rpoB,Rifampicin,p.Phe424Ile,missense_variant,3) Uncertain significance,F424I,1.0
F424L,0.01943777,rpoB,Rifampicin,p.Phe424Leu,missense_variant,3) Uncertain significance,F424L,0.6153846153846154
F424V,0.024405263,rpoB,Rifampicin,p.Phe424Val,missense_variant,3) Uncertain significance,F424V,1.0
F503S,0.031257212,rpoB,Rifampicin,p.Phe503Ser,missense_variant,3) Uncertain significance,F503S,1.0
F503V,0.027463121,rpoB,Rifampicin,p.Phe503Val,missense_variant,3) Uncertain significance,F503V,1.0
F548L,0.02269027,rpoB,Rifampicin,p.Phe548Leu,missense_variant,3) Uncertain significance,F548L,0.0
F590C,0.05990422,rpoB,Rifampicin,p.Phe590Cys,missense_variant,3) Uncertain significance,F590C,0.0
F669L,0.020027148,rpoB,Rifampicin,p.Phe669Leu,missense_variant,3) Uncertain significance,F669L,0.0
F93L,0.012605271,rpoB,Rifampicin,p.Phe93Leu,missense_variant,3) Uncertain significance,F93L,0.0
F971L,0.022942929,rpoB,Rifampicin,p.Phe971Leu,missense_variant,3) Uncertain significance,F971L,1.0
P1014R,0.020457866,rpoB,Rifampicin,p.Pro1014Arg,missense_variant,3) Uncertain significance,P1014R,0.1111111111111111
P1014Q,0.022128997,rpoB,Rifampicin,p.Pro1014Gln,missense_variant,3) Uncertain significance,P1014Q,0.0
P1014S,0.017203206,rpoB,Rifampicin,p.Pro1014Ser,missense_variant,3) Uncertain significance,P1014S,0.0
P13L,0.023371391,rpoB,Rifampicin,p.Pro13Leu,missense_variant,3) Uncertain significance,P13L,0.0
P27H,0.035071302,rpoB,Rifampicin,p.Pro27His,missense_variant,3) Uncertain significance,P27H,0.2857142857142857
P280L,0.023724576,rpoB,Rifampicin,p.Pro280Leu,missense_variant,3) Uncertain significance,P280L,0.9
P280S,0.027511569,rpoB,Rifampicin,p.Pro280Ser,missense_variant,3) Uncertain significance,P280S,1.0
P30A,0.018200638,rpoB,Rifampicin,p.Pro30Ala,missense_variant,3) Uncertain significance,P30A,0.3333333333333333
P30S,0.018242652,rpoB,Rifampicin,p.Pro30Ser,missense_variant,3) Uncertain significance,P30S,0.0
P321S,0.021660062,rpoB,Rifampicin,p.Pro321Ser,missense_variant,3) Uncertain significance,P321S,0.0
P358L,0.03463938,rpoB,Rifampicin,p.Pro358Leu,missense_variant,3) Uncertain significance,P358L,0.14285714285714285
P439A,0.022023283,rpoB,Rifampicin,p.Pro439Ala,missense_variant,2) Assoc w R - Interim,P439A,1.0
P439L,0.022198033,rpoB,Rifampicin,p.Pro439Leu,missense_variant,2) Assoc w R - Interim,P439L,0.0
P439S,0.021359334,rpoB,Rifampicin,p.Pro439Ser,missense_variant,2) Assoc w R - Interim,P439S,1.0
P454R,0.022164876,rpoB,Rifampicin,p.Pro454Arg,missense_variant,3) Uncertain significance,P454R,1.0
P454H,0.03199479,rpoB,Rifampicin,p.Pro454His,missense_variant,3) Uncertain significance,P454H,0.5
P454L,0.039806254,rpoB,Rifampicin,p.Pro454Leu,missense_variant,3) Uncertain significance,P454L,0.35714285714285715
P454S,0.037498787,rpoB,Rifampicin,p.Pro454Ser,missense_variant,3) Uncertain significance,P454S,1.0
P45A,0.039266124,rpoB,Rifampicin,p.Pro45Ala,missense_variant,3) Uncertain significance,P45A,0.875
P45R,0.02796381,rpoB,Rifampicin,p.Pro45Arg,missense_variant,3) Uncertain significance,P45R,1.0
P45Q,0.02435665,rpoB,Rifampicin,p.Pro45Gln,missense_variant,3) Uncertain significance,P45Q,1.0
P45L,0.04396632,rpoB,Rifampicin,p.Pro45Leu,missense_variant,3) Uncertain significance,P45L,1.0
P45S,0.01975424,rpoB,Rifampicin,p.Pro45Ser,missense_variant,3) Uncertain significance,P45S,0.9848484848484849
P45T,0.021923663,rpoB,Rifampicin,p.Pro45Thr,missense_variant,3) Uncertain significance,P45T,1.0
P479S,0.02715763,rpoB,Rifampicin,p.Pro479Ser,missense_variant,3) Uncertain significance,P479S,1.0
P483L,0.019707553,rpoB,Rifampicin,p.Pro483Leu,missense_variant,3) Uncertain significance,P483L,0.6666666666666666
P483S,0.022527238,rpoB,Rifampicin,p.Pro483Ser,missense_variant,3) Uncertain significance,P483S,1.0
P483T,0.01690122,rpoB,Rifampicin,p.Pro483Thr,missense_variant,3) Uncertain significance,P483T,1.0
P502L,0.027714364,rpoB,Rifampicin,p.Pro502Leu,missense_variant,3) Uncertain significance,P502L,0.0
P509S,0.023165027,rpoB,Rifampicin,p.Pro509Ser,missense_variant,3) Uncertain significance,P509S,0.75
P541L,0.03457368,rpoB,Rifampicin,p.Pro541Leu,missense_variant,3) Uncertain significance,P541L,0.0
P577A,0.021934576,rpoB,Rifampicin,p.Pro577Ala,missense_variant,3) Uncertain significance,P577A,1.0
P577L,0.02717455,rpoB,Rifampicin,p.Pro577Leu,missense_variant,3) Uncertain significance,P577L,1.0
P577T,0.02058119,rpoB,Rifampicin,p.Pro577Thr,missense_variant,3) Uncertain significance,P577T,1.0
P618A,0.028181367,rpoB,Rifampicin,p.Pro618Ala,missense_variant,3) Uncertain significance,P618A,1.0
P682A,0.030383132,rpoB,Rifampicin,p.Pro682Ala,missense_variant,3) Uncertain significance,P682A,0.0
P682T,0.0261142,rpoB,Rifampicin,p.Pro682Thr,missense_variant,3) Uncertain significance,P682T,0.0
P700R,0.031230865,rpoB,Rifampicin,p.Pro700Arg,missense_variant,3) Uncertain significance,P700R,1.0
P700L,0.089210995,rpoB,Rifampicin,p.Pro700Leu,missense_variant,3) Uncertain significance,P700L,0.6666666666666666
P700S,0.03648263,rpoB,Rifampicin,p.Pro700Ser,missense_variant,3) Uncertain significance,P700S,1.0
P719S,0.06295603,rpoB,Rifampicin,p.Pro719Ser,missense_variant,3) Uncertain significance,P719S,0.0
P768L,0.035350252,rpoB,Rifampicin,p.Pro768Leu,missense_variant,3) Uncertain significance,P768L,1.0
P834L,0.029018734,rpoB,Rifampicin,p.Pro834Leu,missense_variant,3) Uncertain significance,P834L,0.0
P834T,0.02834482,rpoB,Rifampicin,p.Pro834Thr,missense_variant,3) Uncertain significance,P834T,1.0
P856L,0.03384042,rpoB,Rifampicin,p.Pro856Leu,missense_variant,3) Uncertain significance,P856L,0.5
P89S,0.024837261,rpoB,Rifampicin,p.Pro89Ser,missense_variant,3) Uncertain significance,P89S,0.0
P906Q,0.021228861,rpoB,Rifampicin,p.Pro906Gln,missense_variant,3) Uncertain significance,P906Q,1.0
P906L,0.026749015,rpoB,Rifampicin,p.Pro906Leu,missense_variant,3) Uncertain significance,P906L,0.5
P954R,0.027056944,rpoB,Rifampicin,p.Pro954Arg,missense_variant,3) Uncertain significance,P954R,0.0
P969S,0.020775903,rpoB,Rifampicin,p.Pro969Ser,missense_variant,3) Uncertain significance,P969S,1.0
P988A,0.017141478,rpoB,Rifampicin,p.Pro988Ala,missense_variant,3) Uncertain significance,P988A,0.0
P988S,0.018913446,rpoB,Rifampicin,p.Pro988Ser,missense_variant,3) Uncertain significance,P988S,0.0
S1009T,0.021323849,rpoB,Rifampicin,p.Ser1009Thr,missense_variant,3) Uncertain significance,S1009T,0.0
S1124A,0.020814681,rpoB,Rifampicin,p.Ser1124Ala,missense_variant,3) Uncertain significance,S1124A,0.0
S1133A,0.018236494,rpoB,Rifampicin,p.Ser1133Ala,missense_variant,3) Uncertain significance,S1133A,0.0
S1134R,0.020765916,rpoB,Rifampicin,p.Ser1134Arg,missense_variant,3) Uncertain significance,S1134R,0.0
S1134N,0.01620024,rpoB,Rifampicin,p.Ser1134Asn,missense_variant,3) Uncertain significance,S1134N,0.0
S1134K,0.022802204,rpoB,Rifampicin,p.Ser1134Lys,missense_variant,3) Uncertain significance,S1134K,0.0
S16C,0.0519578,rpoB,Rifampicin,p.Ser16Cys,missense_variant,3) Uncertain significance,S16C,0.0
S176L,0.018865068,rpoB,Rifampicin,p.Ser176Leu,missense_variant,3) Uncertain significance,S176L,1.0
S195R,0.01739377,rpoB,Rifampicin,p.Ser195Arg,missense_variant,3) Uncertain significance,S195R,0.5
S201G,0.018420933,rpoB,Rifampicin,p.Ser201Gly,missense_variant,3) Uncertain significance,S201G,0.5
S20I,0.029288497,rpoB,Rifampicin,p.Ser20Ile,missense_variant,3) Uncertain significance,S20I,0.0
S21F,0.037680387,rpoB,Rifampicin,p.Ser21Phe,missense_variant,3) Uncertain significance,S21F,0.0
S239R,0.023821896,rpoB,Rifampicin,p.Ser239Arg,missense_variant,3) Uncertain significance,S239R,0.0
S239N,0.019703338,rpoB,Rifampicin,p.Ser239Asn,missense_variant,3) Uncertain significance,S239N,0.5
S249A,0.019434014,rpoB,Rifampicin,p.Ser249Ala,missense_variant,3) Uncertain significance,S249A,0.0
S254P,0.022422,rpoB,Rifampicin,p.Ser254Pro,missense_variant,3) Uncertain significance,S254P,0.6666666666666666
S388L,0.025285,rpoB,Rifampicin,p.Ser388Leu,missense_variant,5) Not assoc w R,S388L,0.07246376811594203
S428R,0.020761684,rpoB,Rifampicin,p.Ser428Arg,missense_variant,2) Assoc w R - Interim,S428R,0.875
S428G,0.019866819,rpoB,Rifampicin,p.Ser428Gly,missense_variant,2) Assoc w R - Interim,S428G,0.8
S428I,0.02696938,rpoB,Rifampicin,p.Ser428Ile,missense_variant,2) Assoc w R - Interim,S428I,0.75
S428T,0.017386897,rpoB,Rifampicin,p.Ser428Thr,missense_variant,2) Assoc w R - Interim,S428T,1.0
S431R,0.019538555,rpoB,Rifampicin,p.Ser431Arg,missense_variant,2) Assoc w R - Interim,S431R,1.0
S431N,0.020782767,rpoB,Rifampicin,p.Ser431Asn,missense_variant,2) Assoc w R - Interim,S431N,1.0
S431G,0.019573048,rpoB,Rifampicin,p.Ser431Gly,missense_variant,2) Assoc w R - Interim,S431G,0.9090909090909091
S431T,0.016212756,rpoB,Rifampicin,p.Ser431Thr,missense_variant,2) Assoc w R - Interim,S431T,0.6666666666666666
S441A,0.017950844,rpoB,Rifampicin,p.Ser441Ala,missense_variant,2) Assoc w R - Interim,S441A,0.8
S441Q,0.018675666,rpoB,Rifampicin,p.Ser441Gln,missense_variant,1) Assoc w R,S441Q,0.9375
S441L,0.01680848,rpoB,Rifampicin,p.Ser441Leu,missense_variant,1) Assoc w R,S441L,0.9743589743589743
S441K,0.021334356,rpoB,Rifampicin,p.Ser441Lys,missense_variant,2) Assoc w R - Interim,S441K,0.0
S441M,0.023802381,rpoB,Rifampicin,p.Ser441Met,missense_variant,2) Assoc w R - Interim,S441M,1.0
S441W,0.035577703,rpoB,Rifampicin,p.Ser441Trp,missense_variant,2) Assoc w R - Interim,S441W,1.0
S441V,0.018505648,rpoB,Rifampicin,p.Ser441Val,missense_variant,2) Assoc w R - Interim,S441V,1.0
S450A,0.020571684,rpoB,Rifampicin,p.Ser450Ala,missense_variant,2) Assoc w R - Interim,S450A,1.0
S450C,0.058419757,rpoB,Rifampicin,p.Ser450Cys,missense_variant,2) Assoc w R - Interim,S450C,0.375
S450Q,0.02351942,rpoB,Rifampicin,p.Ser450Gln,missense_variant,2) Assoc w R - Interim,S450Q,1.0
S450G,0.024605501,rpoB,Rifampicin,p.Ser450Gly,missense_variant,2) Assoc w R - Interim,S450G,0.6
S450L,0.024894115,rpoB,Rifampicin,p.Ser450Leu,missense_variant,1) Assoc w R,S450L,0.9796120884077583
S450M,0.028395299,rpoB,Rifampicin,p.Ser450Met,missense_variant,2) Assoc w R - Interim,S450M,0.8888888888888888
S450F,0.02987584,rpoB,Rifampicin,p.Ser450Phe,missense_variant,1) Assoc w R,S450F,0.9951690821256038
S450W,0.038320974,rpoB,Rifampicin,p.Ser450Trp,missense_variant,1) Assoc w R,S450W,0.9794238683127572
S450Y,0.030621467,rpoB,Rifampicin,p.Ser450Tyr,missense_variant,1) Assoc w R,S450Y,1.0
S450V,0.029512346,rpoB,Rifampicin,p.Ser450Val,missense_variant,2) Assoc w R - Interim,S450V,0.5555555555555556
S458T,0.016336672,rpoB,Rifampicin,p.Ser458Thr,missense_variant,3) Uncertain significance,S458T,1.0
S493R,0.023867141,rpoB,Rifampicin,p.Ser493Arg,missense_variant,3) Uncertain significance,S493R,0.6666666666666666
S493L,0.018517071,rpoB,Rifampicin,p.Ser493Leu,missense_variant,3) Uncertain significance,S493L,1.0
S493P,0.014218541,rpoB,Rifampicin,p.Ser493Pro,missense_variant,3) Uncertain significance,S493P,1.0
S493T,0.015137329,rpoB,Rifampicin,p.Ser493Thr,missense_variant,3) Uncertain significance,S493T,0.6666666666666666
S493W,0.046535082,rpoB,Rifampicin,p.Ser493Trp,missense_variant,3) Uncertain significance,S493W,0.0
S495P,0.02033204,rpoB,Rifampicin,p.Ser495Pro,missense_variant,3) Uncertain significance,S495P,1.0
S540P,0.025668094,rpoB,Rifampicin,p.Ser540Pro,missense_variant,3) Uncertain significance,S540P,1.0
S567P,0.022982616,rpoB,Rifampicin,p.Ser567Pro,missense_variant,3) Uncertain significance,S567P,1.0
S576L,0.026671868,rpoB,Rifampicin,p.Ser576Leu,missense_variant,3) Uncertain significance,S576L,1.0
S582A,0.024025002,rpoB,Rifampicin,p.Ser582Ala,missense_variant,3) Uncertain significance,S582A,1.0
S582T,0.025863575,rpoB,Rifampicin,p.Ser582Thr,missense_variant,3) Uncertain significance,S582T,1.0
S641R,0.08262876,rpoB,Rifampicin,p.Ser641Arg,missense_variant,3) Uncertain significance,S641R,0.0
S672A,0.022385769,rpoB,Rifampicin,p.Ser672Ala,missense_variant,3) Uncertain significance,S672A,1.0
S672C,0.088902935,rpoB,Rifampicin,p.Ser672Cys,missense_variant,3) Uncertain significance,S672C,1.0
S672F,0.026487378,rpoB,Rifampicin,p.Ser672Phe,missense_variant,3) Uncertain significance,S672F,0.6666666666666666
S672P,0.028655639,rpoB,Rifampicin,p.Ser672Pro,missense_variant,3) Uncertain significance,S672P,1.0
S672Y,0.044518076,rpoB,Rifampicin,p.Ser672Tyr,missense_variant,3) Uncertain significance,S672Y,1.0
S67F,0.029563474,rpoB,Rifampicin,p.Ser67Phe,missense_variant,3) Uncertain significance,S67F,0.0
S874T,0.021994306,rpoB,Rifampicin,p.Ser874Thr,missense_variant,3) Uncertain significance,S874T,1.0
S874Y,0.033565488,rpoB,Rifampicin,p.Ser874Tyr,missense_variant,3) Uncertain significance,S874Y,1.0
S88P,0.025514092,rpoB,Rifampicin,p.Ser88Pro,missense_variant,3) Uncertain significance,S88P,1.0
S936R,0.022787718,rpoB,Rifampicin,p.Ser936Arg,missense_variant,3) Uncertain significance,S936R,0.0
S96P,0.02253791,rpoB,Rifampicin,p.Ser96Pro,missense_variant,3) Uncertain significance,S96P,1.0
S984L,0.0166176,rpoB,Rifampicin,p.Ser984Leu,missense_variant,3) Uncertain significance,S984L,0.0
S98A,0.024868885,rpoB,Rifampicin,p.Ser98Ala,missense_variant,3) Uncertain significance,S98A,0.0
T155I,0.019459352,rpoB,Rifampicin,p.Thr155Ile,missense_variant,3) Uncertain significance,T155I,1.0
T159P,0.020536618,rpoB,Rifampicin,p.Thr159Pro,missense_variant,3) Uncertain significance,T159P,1.0
T184S,0.018582815,rpoB,Rifampicin,p.Thr184Ser,missense_variant,3) Uncertain significance,T184S,0.0
T215A,0.016631834,rpoB,Rifampicin,p.Thr215Ala,missense_variant,3) Uncertain significance,T215A,0.0
T288A,0.018214576,rpoB,Rifampicin,p.Thr288Ala,missense_variant,3) Uncertain significance,T288A,1.0
T347N,0.01787877,rpoB,Rifampicin,p.Thr347Asn,missense_variant,3) Uncertain significance,T347N,0.0
T347I,0.02769742,rpoB,Rifampicin,p.Thr347Ile,missense_variant,3) Uncertain significance,T347I,0.0
T350I,0.03289392,rpoB,Rifampicin,p.Thr350Ile,missense_variant,3) Uncertain significance,T350I,0.0
T350P,0.02037778,rpoB,Rifampicin,p.Thr350Pro,missense_variant,3) Uncertain significance,T350P,0.0
T361V,0.023180343,rpoB,Rifampicin,p.Thr361Val,missense_variant,3) Uncertain significance,T361V,1.0
T399A,0.019614825,rpoB,Rifampicin,p.Thr399Ala,missense_variant,3) Uncertain significance,T399A,1.0
T399I,0.025747342,rpoB,Rifampicin,p.Thr399Ile,missense_variant,3) Uncertain significance,T399I,1.0
T399P,0.02028308,rpoB,Rifampicin,p.Thr399Pro,missense_variant,3) Uncertain significance,T399P,1.0
T400A,0.022952031,rpoB,Rifampicin,p.Thr400Ala,missense_variant,3) Uncertain significance,T400A,1.0
T400N,0.018570703,rpoB,Rifampicin,p.Thr400Asn,missense_variant,3) Uncertain significance,T400N,1.0
T400I,0.025036918,rpoB,Rifampicin,p.Thr400Ile,missense_variant,3) Uncertain significance,T400I,1.0
T400P,0.021204192,rpoB,Rifampicin,p.Thr400Pro,missense_variant,3) Uncertain significance,T400P,1.0
T400S,0.019412743,rpoB,Rifampicin,p.Thr400Ser,missense_variant,3) Uncertain significance,T400S,1.0
T427A,0.014663328,rpoB,Rifampicin,p.Thr427Ala,missense_variant,2) Assoc w R - Interim,T427A,0.8
T427N,0.014090066,rpoB,Rifampicin,p.Thr427Asn,missense_variant,2) Assoc w R - Interim,T427N,0.0
T427G,0.015717292,rpoB,Rifampicin,p.Thr427Gly,missense_variant,2) Assoc w R - Interim,T427G,0.0
T427I,0.020941794,rpoB,Rifampicin,p.Thr427Ile,missense_variant,2) Assoc w R - Interim,T427I,1.0
T427P,0.02076028,rpoB,Rifampicin,p.Thr427Pro,missense_variant,2) Assoc w R - Interim,T427P,1.0
T427S,0.015878864,rpoB,Rifampicin,p.Thr427Ser,missense_variant,2) Assoc w R - Interim,T427S,1.0
T444I,0.020829016,rpoB,Rifampicin,p.Thr444Ile,missense_variant,2) Assoc w R - Interim,T444I,1.0
T444P,0.015372944,rpoB,Rifampicin,p.Thr444Pro,missense_variant,2) Assoc w R - Interim,T444P,1.0
T444S,0.016315382,rpoB,Rifampicin,p.Thr444Ser,missense_variant,2) Assoc w R - Interim,T444S,1.0
T482A,0.015655493,rpoB,Rifampicin,p.Thr482Ala,missense_variant,3) Uncertain significance,T482A,1.0
T482I,0.020236488,rpoB,Rifampicin,p.Thr482Ile,missense_variant,3) Uncertain significance,T482I,1.0
T508P,0.01979011,rpoB,Rifampicin,p.Thr508Pro,missense_variant,3) Uncertain significance,T508P,1.0
T526N,0.020064572,rpoB,Rifampicin,p.Thr526Asn,missense_variant,3) Uncertain significance,T526N,0.0
T52P,0.01919466,rpoB,Rifampicin,p.Thr52Pro,missense_variant,3) Uncertain significance,T52P,1.0
T52S,0.022481026,rpoB,Rifampicin,p.Thr52Ser,missense_variant,3) Uncertain significance,T52S,0.0
T585A,0.018972188,rpoB,Rifampicin,p.Thr585Ala,missense_variant,3) Uncertain significance,T585A,1.0
T653A,0.06656427,rpoB,Rifampicin,p.Thr653Ala,missense_variant,3) Uncertain significance,T653A,0.5
T660N,0.027268512,rpoB,Rifampicin,p.Thr660Asn,missense_variant,3) Uncertain significance,T660N,0.0
T676A,0.02330018,rpoB,Rifampicin,p.Thr676Ala,missense_variant,3) Uncertain significance,T676A,1.0
T676I,0.037731897,rpoB,Rifampicin,p.Thr676Ile,missense_variant,3) Uncertain significance,T676I,1.0
T676P,0.022003025,rpoB,Rifampicin,p.Thr676Pro,missense_variant,3) Uncertain significance,T676P,0.75
T742A,0.019903027,rpoB,Rifampicin,p.Thr742Ala,missense_variant,3) Uncertain significance,T742A,1.0
T742N,0.026466154,rpoB,Rifampicin,p.Thr742Asn,missense_variant,3) Uncertain significance,T742N,1.0
T756A,0.02074381,rpoB,Rifampicin,p.Thr756Ala,missense_variant,3) Uncertain significance,T756A,1.0
T905I,0.018490555,rpoB,Rifampicin,p.Thr905Ile,missense_variant,3) Uncertain significance,T905I,0.0
T928N,0.021845087,rpoB,Rifampicin,p.Thr928Asn,missense_variant,3) Uncertain significance,T928N,1.0
T9I,0.028811347,rpoB,Rifampicin,p.Thr9Ile,missense_variant,3) Uncertain significance,T9I,0.5
T9K,0.025624987,rpoB,Rifampicin,p.Thr9Lys,missense_variant,3) Uncertain significance,T9K,0.0
Y308D,0.031485725,rpoB,Rifampicin,p.Tyr308Asp,missense_variant,3) Uncertain significance,Y308D,0.8333333333333334
Y308C,0.06346911,rpoB,Rifampicin,p.Tyr308Cys,missense_variant,3) Uncertain significance,Y308C,1.0
Y510H,0.032220814,rpoB,Rifampicin,p.Tyr510His,missense_variant,3) Uncertain significance,Y510H,1.0
Y564C,0.058798086,rpoB,Rifampicin,p.Tyr564Cys,missense_variant,3) Uncertain significance,Y564C,0.0
Y564H,0.03479176,rpoB,Rifampicin,p.Tyr564His,missense_variant,3) Uncertain significance,Y564H,1.0
Y572C,0.07306435,rpoB,Rifampicin,p.Tyr572Cys,missense_variant,3) Uncertain significance,Y572C,0.2
Y572H,0.040171534,rpoB,Rifampicin,p.Tyr572His,missense_variant,3) Uncertain significance,Y572H,1.0
Y651H,0.029384613,rpoB,Rifampicin,p.Tyr651His,missense_variant,3) Uncertain significance,Y651H,0.0
Y866H,0.040861335,rpoB,Rifampicin,p.Tyr866His,missense_variant,3) Uncertain significance,Y866H,0.0
V1117L,0.011295813,rpoB,Rifampicin,p.Val1117Leu,missense_variant,3) Uncertain significance,V1117L,0.0
V113I,0.022487942,rpoB,Rifampicin,p.Val113Ile,missense_variant,3) Uncertain significance,V113I,0.11940298507462686
V1168F,0.017431006,rpoB,Rifampicin,p.Val1168Phe,missense_variant,3) Uncertain significance,V1168F,0.0
V129G,0.025374573,rpoB,Rifampicin,p.Val129Gly,missense_variant,3) Uncertain significance,V129G,0.0
V129I,0.016866757,rpoB,Rifampicin,p.Val129Ile,missense_variant,3) Uncertain significance,V129I,0.0
V168A,0.027917199,rpoB,Rifampicin,p.Val168Ala,missense_variant,3) Uncertain significance,V168A,1.0
V168G,0.01958769,rpoB,Rifampicin,p.Val168Gly,missense_variant,3) Uncertain significance,V168G,1.0
V168L,0.013881446,rpoB,Rifampicin,p.Val168Leu,missense_variant,3) Uncertain significance,V168L,1.0
V168M,0.02269314,rpoB,Rifampicin,p.Val168Met,missense_variant,3) Uncertain significance,V168M,1.0
V170A,0.020007642,rpoB,Rifampicin,p.Val170Ala,missense_variant,3) Uncertain significance,V170A,0.7857142857142857
V170G,0.02255465,rpoB,Rifampicin,p.Val170Gly,missense_variant,3) Uncertain significance,V170G,1.0
V170I,0.015081683,rpoB,Rifampicin,p.Val170Ile,missense_variant,3) Uncertain significance,V170I,1.0
V170F,0.021239623,rpoB,Rifampicin,p.Val170Phe,missense_variant,1) Assoc w R,V170F,0.978021978021978
V179M,0.02292032,rpoB,Rifampicin,p.Val179Met,missense_variant,3) Uncertain significance,V179M,0.0
V196A,0.020181267,rpoB,Rifampicin,p.Val196Ala,missense_variant,3) Uncertain significance,V196A,1.0
V198M,0.022648904,rpoB,Rifampicin,p.Val198Met,missense_variant,3) Uncertain significance,V198M,0.0
V216I,0.016223732,rpoB,Rifampicin,p.Val216Ile,missense_variant,3) Uncertain significance,V216I,0.0
V228I,0.015040345,rpoB,Rifampicin,p.Val228Ile,missense_variant,3) Uncertain significance,V228I,1.0
V262F,0.019105794,rpoB,Rifampicin,p.Val262Phe,missense_variant,3) Uncertain significance,V262F,0.0
V26A,0.023537507,rpoB,Rifampicin,p.Val26Ala,missense_variant,3) Uncertain significance,V26A,1.0
V305I,0.01793186,rpoB,Rifampicin,p.Val305Ile,missense_variant,3) Uncertain significance,V305I,1.0
V305L,0.016374055,rpoB,Rifampicin,p.Val305Leu,missense_variant,3) Uncertain significance,V305L,1.0
V310G,0.025947457,rpoB,Rifampicin,p.Val310Gly,missense_variant,3) Uncertain significance,V310G,0.0
V332I,0.018551096,rpoB,Rifampicin,p.Val332Ile,missense_variant,3) Uncertain significance,V332I,0.0
V33L,0.01502741,rpoB,Rifampicin,p.Val33Leu,missense_variant,3) Uncertain significance,V33L,0.0
V351A,0.025060194,rpoB,Rifampicin,p.Val351Ala,missense_variant,3) Uncertain significance,V351A,1.0
V351I,0.017607072,rpoB,Rifampicin,p.Val351Ile,missense_variant,3) Uncertain significance,V351I,0.0
V355I,0.017297829,rpoB,Rifampicin,p.Val355Ile,missense_variant,3) Uncertain significance,V355I,1.0
V357L,0.01781678,rpoB,Rifampicin,p.Val357Leu,missense_variant,3) Uncertain significance,V357L,1.0
V359A,0.022558326,rpoB,Rifampicin,p.Val359Ala,missense_variant,3) Uncertain significance,V359A,0.2222222222222222
V375L,0.017563729,rpoB,Rifampicin,p.Val375Leu,missense_variant,3) Uncertain significance,V375L,1.0
V394L,0.018393785,rpoB,Rifampicin,p.Val394Leu,missense_variant,3) Uncertain significance,V394L,1.0
V44A,0.018078778,rpoB,Rifampicin,p.Val44Ala,missense_variant,3) Uncertain significance,V44A,0.0
V44G,0.018470753,rpoB,Rifampicin,p.Val44Gly,missense_variant,3) Uncertain significance,V44G,1.0
V469L,0.014794009,rpoB,Rifampicin,p.Val469Leu,missense_variant,3) Uncertain significance,V469L,1.0
V496A,0.02003574,rpoB,Rifampicin,p.Val496Ala,missense_variant,3) Uncertain significance,V496A,0.9772727272727273
V496E,0.03018149,rpoB,Rifampicin,p.Val496Glu,missense_variant,3) Uncertain significance,V496E,1.0
V496G,0.027190542,rpoB,Rifampicin,p.Val496Gly,missense_variant,3) Uncertain significance,V496G,1.0
V496L,0.013834676,rpoB,Rifampicin,p.Val496Leu,missense_variant,3) Uncertain significance,V496L,1.0
V496M,0.024409467,rpoB,Rifampicin,p.Val496Met,missense_variant,3) Uncertain significance,V496M,1.0
V50G,0.016866991,rpoB,Rifampicin,p.Val50Gly,missense_variant,3) Uncertain significance,V50G,1.0
V517M,0.022983057,rpoB,Rifampicin,p.Val517Met,missense_variant,3) Uncertain significance,V517M,0.0
V523L,0.017315669,rpoB,Rifampicin,p.Val523Leu,missense_variant,3) Uncertain significance,V523L,1.0
V534A,0.02807938,rpoB,Rifampicin,p.Val534Ala,missense_variant,3) Uncertain significance,V534A,1.0
V534G,0.022436313,rpoB,Rifampicin,p.Val534Gly,missense_variant,3) Uncertain significance,V534G,1.0
V534L,0.019290432,rpoB,Rifampicin,p.Val534Leu,missense_variant,3) Uncertain significance,V534L,1.0
V534M,0.0312505,rpoB,Rifampicin,p.Val534Met,missense_variant,3) Uncertain significance,V534M,0.9807692307692307
V549G,0.022613972,rpoB,Rifampicin,p.Val549Gly,missense_variant,3) Uncertain significance,V549G,1.0
V549I,0.0206371,rpoB,Rifampicin,p.Val549Ile,missense_variant,3) Uncertain significance,V549I,0.0
V555A,0.025323546,rpoB,Rifampicin,p.Val555Ala,missense_variant,3) Uncertain significance,V555A,1.0
V562A,0.024495825,rpoB,Rifampicin,p.Val562Ala,missense_variant,3) Uncertain significance,V562A,1.0
V562M,0.027148586,rpoB,Rifampicin,p.Val562Met,missense_variant,3) Uncertain significance,V562M,1.0
V575A,0.019283082,rpoB,Rifampicin,p.Val575Ala,missense_variant,3) Uncertain significance,V575A,1.0
V581L,0.018865881,rpoB,Rifampicin,p.Val581Leu,missense_variant,3) Uncertain significance,V581L,1.0
V581M,0.026043976,rpoB,Rifampicin,p.Val581Met,missense_variant,3) Uncertain significance,V581M,1.0
V583A,0.022907237,rpoB,Rifampicin,p.Val583Ala,missense_variant,3) Uncertain significance,V583A,0.0
V583M,0.02939484,rpoB,Rifampicin,p.Val583Met,missense_variant,3) Uncertain significance,V583M,1.0
V613I,0.021641731,rpoB,Rifampicin,p.Val613Ile,missense_variant,3) Uncertain significance,V613I,0.0
V613F,0.022585405,rpoB,Rifampicin,p.Val613Phe,missense_variant,3) Uncertain significance,V613F,0.0
V695L,0.038051408,rpoB,Rifampicin,p.Val695Leu,missense_variant,3) Uncertain significance,V695L,0.6395939086294417
V715A,0.029693432,rpoB,Rifampicin,p.Val715Ala,missense_variant,3) Uncertain significance,V715A,0.0
V736L,0.018649714,rpoB,Rifampicin,p.Val736Leu,missense_variant,3) Uncertain significance,V736L,1.0
V740T,0.024349121,rpoB,Rifampicin,p.Val740Thr,missense_variant,3) Uncertain significance,V740T,0.0
V77M,0.024925936,rpoB,Rifampicin,p.Val77Met,missense_variant,3) Uncertain significance,V77M,0.0
V797L,0.018137489,rpoB,Rifampicin,p.Val797Leu,missense_variant,3) Uncertain significance,V797L,1.0
V800A,0.02924864,rpoB,Rifampicin,p.Val800Ala,missense_variant,3) Uncertain significance,V800A,1.0
V833M,0.02860096,rpoB,Rifampicin,p.Val833Met,missense_variant,3) Uncertain significance,V833M,1.0
V867A,0.029894534,rpoB,Rifampicin,p.Val867Ala,missense_variant,3) Uncertain significance,V867A,0.0
V895F,0.024588628,rpoB,Rifampicin,p.Val895Phe,missense_variant,3) Uncertain significance,V895F,0.0
V916M,0.022234555,rpoB,Rifampicin,p.Val916Met,missense_variant,3) Uncertain significance,V916M,1.0
V946G,0.021346629,rpoB,Rifampicin,p.Val946Gly,missense_variant,3) Uncertain significance,V946G,0.0
V970A,0.0129575655,rpoB,Rifampicin,p.Val970Ala,missense_variant,3) Uncertain significance,V970A,1.0
V970L,0.012564958,rpoB,Rifampicin,p.Val970Leu,missense_variant,3) Uncertain significance,V970L,1.0
V970M,0.021125961,rpoB,Rifampicin,p.Val970Met,missense_variant,3) Uncertain significance,V970M,1.0
V994A,0.020660946,rpoB,Rifampicin,p.Val994Ala,missense_variant,3) Uncertain significance,V994A,0.0
V996A,0.023400232,rpoB,Rifampicin,p.Val996Ala,missense_variant,3) Uncertain significance,V996A,1.0
V996G,0.033271167,rpoB,Rifampicin,p.Val996Gly,missense_variant,3) Uncertain significance,V996G,1.0
A102L,0.07177443,pncA,Pyrazinamide,p.Ala102Leu,missense_variant,3) Uncertain significance,A102L,1.0
A102P,0.05779315,pncA,Pyrazinamide,p.Ala102Pro,missense_variant,1) Assoc w R,A102P,0.8888888888888888
A102T,0.052204993,pncA,Pyrazinamide,p.Ala102Thr,missense_variant,2) Assoc w R - Interim,A102T,0.5
A102V,0.084953606,pncA,Pyrazinamide,p.Ala102Val,missense_variant,4) Not assoc w R - Interim,A102V,0.3
A134G,0.09843775,pncA,Pyrazinamide,p.Ala134Gly,missense_variant,3) Uncertain significance,A134G,0.5
A134P,0.18858379,pncA,Pyrazinamide,p.Ala134Pro,missense_variant,3) Uncertain significance,A134P,1.0
A134V,0.07519244,pncA,Pyrazinamide,p.Ala134Val,missense_variant,1) Assoc w R,A134V,0.9285714285714286
A143G,0.11586071,pncA,Pyrazinamide,p.Ala143Gly,missense_variant,2) Assoc w R - Interim,A143G,1.0
A143T,0.06941158,pncA,Pyrazinamide,p.Ala143Thr,missense_variant,3) Uncertain significance,A143T,0.0
A143V,0.08553009,pncA,Pyrazinamide,p.Ala143Val,missense_variant,3) Uncertain significance,A143V,0.0
A146E,0.18569763,pncA,Pyrazinamide,p.Ala146Glu,missense_variant,2) Assoc w R - Interim,A146E,1.0
A146T,0.11973139,pncA,Pyrazinamide,p.Ala146Thr,missense_variant,1) Assoc w R,A146T,0.7894736842105263
A146V,0.07288668,pncA,Pyrazinamide,p.Ala146Val,missense_variant,1) Assoc w R,A146V,1.0
A161G,0.057919614,pncA,Pyrazinamide,p.Ala161Gly,missense_variant,3) Uncertain significance,A161G,1.0
A161P,0.06144967,pncA,Pyrazinamide,p.Ala161Pro,missense_variant,3) Uncertain significance,A161P,1.0
A171D,0.08178876,pncA,Pyrazinamide,p.Ala171Asp,missense_variant,3) Uncertain significance,A171D,1.0
A171E,0.06925163,pncA,Pyrazinamide,p.Ala171Glu,missense_variant,2) Assoc w R - Interim,A171E,1.0
A171G,0.06498318,pncA,Pyrazinamide,p.Ala171Gly,missense_variant,3) Uncertain significance,A171G,0.0
A171P,0.09900117,pncA,Pyrazinamide,p.Ala171Pro,missense_variant,2) Assoc w R - Interim,A171P,1.0
A171T,0.06473799,pncA,Pyrazinamide,p.Ala171Thr,missense_variant,3) Uncertain significance,A171T,0.5
A171V,0.050866023,pncA,Pyrazinamide,p.Ala171Val,missense_variant,3) Uncertain significance,A171V,0.3333333333333333
A26V,0.06717265,pncA,Pyrazinamide,p.Ala26Val,missense_variant,3) Uncertain significance,A26V,0.0
A28D,0.13110442,pncA,Pyrazinamide,p.Ala28Asp,missense_variant,3) Uncertain significance,A28D,1.0
A30V,0.05444047,pncA,Pyrazinamide,p.Ala30Val,missense_variant,3) Uncertain significance,A30V,0.0
A36P,0.10960582,pncA,Pyrazinamide,p.Ala36Pro,missense_variant,3) Uncertain significance,A36P,0.0
A3E,0.17893803,pncA,Pyrazinamide,p.Ala3Glu,missense_variant,2) Assoc w R - Interim,A3E,1.0
A3P,0.15101936,pncA,Pyrazinamide,p.Ala3Pro,missense_variant,3) Uncertain significance,A3P,1.0
A46E,0.1095304,pncA,Pyrazinamide,p.Ala46Glu,missense_variant,2) Assoc w R - Interim,A46E,0.8
A46T,0.057228953,pncA,Pyrazinamide,p.Ala46Thr,missense_variant,3) Uncertain significance,A46T,0.5
A46V,0.090143695,pncA,Pyrazinamide,p.Ala46Val,missense_variant,2) Assoc w R - Interim,A46V,0.8
A79T,0.05178016,pncA,Pyrazinamide,p.Ala79Thr,missense_variant,4) Not assoc w R - Interim,A79T,0.0
A79V,0.055130575,pncA,Pyrazinamide,p.Ala79Val,missense_variant,3) Uncertain significance,A79V,0.0
R121P,0.18864016,pncA,Pyrazinamide,p.Arg121Pro,missense_variant,2) Assoc w R - Interim,R121P,1.0
R123P,0.16949147,pncA,Pyrazinamide,p.Arg123Pro,missense_variant,3) Uncertain significance,R123P,1.0
R140G,0.11576385,pncA,Pyrazinamide,p.Arg140Gly,missense_variant,3) Uncertain significance,R140G,0.0
R140P,0.14560093,pncA,Pyrazinamide,p.Arg140Pro,missense_variant,2) Assoc w R - Interim,R140P,1.0
R140S,0.09264167,pncA,Pyrazinamide,p.Arg140Ser,missense_variant,3) Uncertain significance,R140S,0.5
R148S,0.124832,pncA,Pyrazinamide,p.Arg148Ser,missense_variant,3) Uncertain significance,R148S,0.0
R154G,0.22058004,pncA,Pyrazinamide,p.Arg154Gly,missense_variant,1) Assoc w R,R154G,0.7083333333333334
R154M,0.12178235,pncA,Pyrazinamide,p.Arg154Met,missense_variant,1) Assoc w R,R154M,1.0
R29S,0.12818916,pncA,Pyrazinamide,p.Arg29Ser,missense_variant,3) Uncertain significance,R29S,0.0
R2Q,0.118815176,pncA,Pyrazinamide,p.Arg2Gln,missense_variant,3) Uncertain significance,R2Q,0.0
R2L,0.18990457,pncA,Pyrazinamide,p.Arg2Leu,missense_variant,3) Uncertain significance,R2L,0.0
R2P,0.1427955,pncA,Pyrazinamide,p.Arg2Pro,missense_variant,3) Uncertain significance,R2P,1.0
R2W,0.22330396,pncA,Pyrazinamide,p.Arg2Trp,missense_variant,3) Uncertain significance,R2W,0.5
N11H,0.12544781,pncA,Pyrazinamide,p.Asn11His,missense_variant,3) Uncertain significance,N11H,1.0
N11S,0.11398139,pncA,Pyrazinamide,p.Asn11Ser,missense_variant,3) Uncertain significance,N11S,0.5
N149D,0.12063763,pncA,Pyrazinamide,p.Asn149Asp,missense_variant,3) Uncertain significance,N149D,0.0
D110G,0.09355294,pncA,Pyrazinamide,p.Asp110Gly,missense_variant,3) Uncertain significance,D110G,0.0
D129N,0.14148016,pncA,Pyrazinamide,p.Asp129Asn,missense_variant,2) Assoc w R - Interim,D129N,0.75
D129G,0.13556124,pncA,Pyrazinamide,p.Asp129Gly,missense_variant,3) Uncertain significance,D129G,0.0
D12A,0.1284872,pncA,Pyrazinamide,p.Asp12Ala,missense_variant,1) Assoc w R,D12A,0.72
D12N,0.11415503,pncA,Pyrazinamide,p.Asp12Asn,missense_variant,2) Assoc w R - Interim,D12N,0.8571428571428571
D12E,0.08827882,pncA,Pyrazinamide,p.Asp12Glu,missense_variant,1) Assoc w R,D12E,1.0
D12G,0.11109672,pncA,Pyrazinamide,p.Asp12Gly,missense_variant,1) Assoc w R,D12G,0.8125
D12H,0.113167025,pncA,Pyrazinamide,p.Asp12His,missense_variant,3) Uncertain significance,D12H,1.0
D136A,0.12546846,pncA,Pyrazinamide,p.Asp136Ala,missense_variant,3) Uncertain significance,D136A,1.0
D136N,0.1174989,pncA,Pyrazinamide,p.Asp136Asn,missense_variant,3) Uncertain significance,D136N,0.25
D136E,0.06277486,pncA,Pyrazinamide,p.Asp136Glu,missense_variant,3) Uncertain significance,D136E,0.0
D136G,0.1408662,pncA,Pyrazinamide,p.Asp136Gly,missense_variant,1) Assoc w R,D136G,0.75
D136H,0.14119475,pncA,Pyrazinamide,p.Asp136His,missense_variant,3) Uncertain significance,D136H,1.0
D136Y,0.15443073,pncA,Pyrazinamide,p.Asp136Tyr,missense_variant,3) Uncertain significance,D136Y,1.0
D136V,0.16170631,pncA,Pyrazinamide,p.Asp136Val,missense_variant,2) Assoc w R - Interim,D136V,1.0
D145E,0.059031386,pncA,Pyrazinamide,p.Asp145Glu,missense_variant,3) Uncertain significance,D145E,1.0
D145Y,0.11952133,pncA,Pyrazinamide,p.Asp145Tyr,missense_variant,3) Uncertain significance,D145Y,1.0
D158N,0.120032266,pncA,Pyrazinamide,p.Asp158Asn,missense_variant,3) Uncertain significance,D158N,0.0
D49A,0.08849822,pncA,Pyrazinamide,p.Asp49Ala,missense_variant,1) Assoc w R,D49A,1.0
D49N,0.086283095,pncA,Pyrazinamide,p.Asp49Asn,missense_variant,2) Assoc w R - Interim,D49N,0.8333333333333334
D49E,0.04802532,pncA,Pyrazinamide,p.Asp49Glu,missense_variant,2) Assoc w R - Interim,D49E,1.0
D49G,0.09782244,pncA,Pyrazinamide,p.Asp49Gly,missense_variant,1) Assoc w R,D49G,0.9555555555555556
D49Y,0.12933128,pncA,Pyrazinamide,p.Asp49Tyr,missense_variant,3) Uncertain significance,D49Y,1.0
D56H,0.08585904,pncA,Pyrazinamide,p.Asp56His,missense_variant,3) Uncertain significance,D56H,0.0
D63A,0.0695531,pncA,Pyrazinamide,p.Asp63Ala,missense_variant,1) Assoc w R,D63A,0.8387096774193549
D63E,0.05127834,pncA,Pyrazinamide,p.Asp63Glu,missense_variant,3) Uncertain significance,D63E,0.0
D63G,0.06319559,pncA,Pyrazinamide,p.Asp63Gly,missense_variant,2) Assoc w R - Interim,D63G,0.5833333333333334
D63V,0.085563734,pncA,Pyrazinamide,p.Asp63Val,missense_variant,3) Uncertain significance,D63V,1.0
D80V,0.08306426,pncA,Pyrazinamide,p.Asp80Val,missense_variant,3) Uncertain significance,D80V,0.0
D86G,0.07837834,pncA,Pyrazinamide,p.Asp86Gly,missense_variant,3) Uncertain significance,D86G,0.0
D8A,0.37214765,pncA,Pyrazinamide,p.Asp8Ala,missense_variant,2) Assoc w R - Interim,D8A,1.0
D8N,0.29199973,pncA,Pyrazinamide,p.Asp8Asn,missense_variant,1) Assoc w R,D8N,1.0
D8E,0.23527507,pncA,Pyrazinamide,p.Asp8Glu,missense_variant,1) Assoc w R,D8E,1.0
D8G,0.48705465,pncA,Pyrazinamide,p.Asp8Gly,missense_variant,1) Assoc w R,D8G,0.9565217391304348
D8H,0.3597401,pncA,Pyrazinamide,p.Asp8His,missense_variant,2) Assoc w R - Interim,D8H,1.0
D8Y,0.52296025,pncA,Pyrazinamide,p.Asp8Tyr,missense_variant,2) Assoc w R - Interim,D8Y,1.0
C138R,0.14805748,pncA,Pyrazinamide,p.Cys138Arg,missense_variant,1) Assoc w R,C138R,1.0
C138S,0.1458087,pncA,Pyrazinamide,p.Cys138Ser,missense_variant,3) Uncertain significance,C138S,1.0
C14R,0.11823758,pncA,Pyrazinamide,p.Cys14Arg,missense_variant,1) Assoc w R,C14R,0.9767441860465116
C14G,0.13739663,pncA,Pyrazinamide,p.Cys14Gly,missense_variant,3) Uncertain significance,C14G,0.4
C14F,0.09443184,pncA,Pyrazinamide,p.Cys14Phe,missense_variant,3) Uncertain significance,C14F,0.0
C14W,0.11603834,pncA,Pyrazinamide,p.Cys14Trp,missense_variant,2) Assoc w R - Interim,C14W,0.6666666666666666
C14Y,0.10011544,pncA,Pyrazinamide,p.Cys14Tyr,missense_variant,3) Uncertain significance,C14Y,1.0
C72R,0.14315595,pncA,Pyrazinamide,p.Cys72Arg,missense_variant,1) Assoc w R,C72R,1.0
C72F,0.123093754,pncA,Pyrazinamide,p.Cys72Phe,missense_variant,3) Uncertain significance,C72F,1.0
C72W,0.15402499,pncA,Pyrazinamide,p.Cys72Trp,missense_variant,3) Uncertain significance,C72W,1.0
C72Y,0.1375825,pncA,Pyrazinamide,p.Cys72Tyr,missense_variant,2) Assoc w R - Interim,C72Y,1.0
Q10R,0.22176777,pncA,Pyrazinamide,p.Gln10Arg,missense_variant,1) Assoc w R,Q10R,0.95
Q10H,0.2615674,pncA,Pyrazinamide,p.Gln10His,missense_variant,1) Assoc w R,Q10H,1.0
Q10L,0.24325213,pncA,Pyrazinamide,p.Gln10Leu,missense_variant,3) Uncertain significance,Q10L,1.0
Q10K,0.18939422,pncA,Pyrazinamide,p.Gln10Lys,missense_variant,3) Uncertain significance,Q10K,1.0
Q10P,0.30593136,pncA,Pyrazinamide,p.Gln10Pro,missense_variant,1) Assoc w R,Q10P,0.9333333333333333
Q141P,0.13649213,pncA,Pyrazinamide,p.Gln141Pro,missense_variant,1) Assoc w R,Q141P,0.9375
E107G,0.09388276,pncA,Pyrazinamide,p.Glu107Gly,missense_variant,3) Uncertain significance,E107G,0.0
E15G,0.08721852,pncA,Pyrazinamide,p.Glu15Gly,missense_variant,4) Not assoc w R - Interim,E15G,0.0
E174D,0.051319465,pncA,Pyrazinamide,p.Glu174Asp,missense_variant,3) Uncertain significance,E174D,1.0
E37A,0.11223473,pncA,Pyrazinamide,p.Glu37Ala,missense_variant,3) Uncertain significance,E37A,0.0
E37V,0.12775402,pncA,Pyrazinamide,p.Glu37Val,missense_variant,3) Uncertain significance,E37V,0.0
G105D,0.0887041,pncA,Pyrazinamide,p.Gly105Asp,missense_variant,1) Assoc w R,G105D,0.75
G105S,0.06860223,pncA,Pyrazinamide,p.Gly105Ser,missense_variant,3) Uncertain significance,G105S,0.0
G105V,0.081643455,pncA,Pyrazinamide,p.Gly105Val,missense_variant,2) Assoc w R - Interim,G105V,1.0
G108R,0.1061546,pncA,Pyrazinamide,p.Gly108Arg,missense_variant,1) Assoc w R,G108R,0.9444444444444444
G108E,0.09137627,pncA,Pyrazinamide,p.Gly108Glu,missense_variant,2) Assoc w R - Interim,G108E,1.0
G124S,0.13751067,pncA,Pyrazinamide,p.Gly124Ser,missense_variant,3) Uncertain significance,G124S,0.0
G132A,0.5000849,pncA,Pyrazinamide,p.Gly132Ala,missense_variant,1) Assoc w R,G132A,0.9661016949152542
G132R,0.6872261,pncA,Pyrazinamide,p.Gly132Arg,missense_variant,3) Uncertain significance,G132R,1.0
G132D,0.57630485,pncA,Pyrazinamide,p.Gly132Asp,missense_variant,2) Assoc w R - Interim,G132D,1.0
G132C,0.442343,pncA,Pyrazinamide,p.Gly132Cys,missense_variant,2) Assoc w R - Interim,G132C,1.0
G132S,0.48500073,pncA,Pyrazinamide,p.Gly132Ser,missense_variant,1) Assoc w R,G132S,1.0
G162R,0.08582265,pncA,Pyrazinamide,p.Gly162Arg,missense_variant,3) Uncertain significance,G162R,1.0
G162D,0.07940184,pncA,Pyrazinamide,p.Gly162Asp,missense_variant,2) Assoc w R - Interim,G162D,1.0
G162S,0.07111624,pncA,Pyrazinamide,p.Gly162Ser,missense_variant,3) Uncertain significance,G162S,0.0
G17A,0.07066826,pncA,Pyrazinamide,p.Gly17Ala,missense_variant,3) Uncertain significance,G17A,1.0
G17R,0.11547286,pncA,Pyrazinamide,p.Gly17Arg,missense_variant,3) Uncertain significance,G17R,1.0
G17D,0.11648206,pncA,Pyrazinamide,p.Gly17Asp,missense_variant,2) Assoc w R - Interim,G17D,0.8
G17S,0.062499996,pncA,Pyrazinamide,p.Gly17Ser,missense_variant,3) Uncertain significance,G17S,0.0
G17V,0.100060746,pncA,Pyrazinamide,p.Gly17Val,missense_variant,3) Uncertain significance,G17V,0.5
G24D,0.10495308,pncA,Pyrazinamide,p.Gly24Asp,missense_variant,1) Assoc w R,G24D,0.8333333333333334
G24V,0.10015038,pncA,Pyrazinamide,p.Gly24Val,missense_variant,3) Uncertain significance,G24V,1.0
G78D,0.06194632,pncA,Pyrazinamide,p.Gly78Asp,missense_variant,2) Assoc w R - Interim,G78D,1.0
G78C,0.07153389,pncA,Pyrazinamide,p.Gly78Cys,missense_variant,3) Uncertain significance,G78C,0.5
G78S,0.06528176,pncA,Pyrazinamide,p.Gly78Ser,missense_variant,2) Assoc w R - Interim,G78S,0.6
G78V,0.0647368,pncA,Pyrazinamide,p.Gly78Val,missense_variant,2) Assoc w R - Interim,G78V,1.0
G97R,0.120745696,pncA,Pyrazinamide,p.Gly97Arg,missense_variant,1) Assoc w R,G97R,1.0
G97D,0.1048489,pncA,Pyrazinamide,p.Gly97Asp,missense_variant,1) Assoc w R,G97D,0.9019607843137255
G97C,0.091669,pncA,Pyrazinamide,p.Gly97Cys,missense_variant,1) Assoc w R,G97C,0.95
G97S,0.08147352,pncA,Pyrazinamide,p.Gly97Ser,missense_variant,1) Assoc w R,G97S,0.8666666666666667
G97V,0.0950899,pncA,Pyrazinamide,p.Gly97Val,missense_variant,2) Assoc w R - Interim,G97V,1.0
H137R,0.0829965,pncA,Pyrazinamide,p.His137Arg,missense_variant,4) Not assoc w R - Interim,H137R,0.2857142857142857
H137N,0.13183598,pncA,Pyrazinamide,p.His137Asn,missense_variant,3) Uncertain significance,H137N,0.5
H137Q,0.09782074,pncA,Pyrazinamide,p.His137Gln,missense_variant,3) Uncertain significance,H137Q,0.0
H137P,0.19437374,pncA,Pyrazinamide,p.His137Pro,missense_variant,2) Assoc w R - Interim,H137P,1.0
H137Y,0.12791699,pncA,Pyrazinamide,p.His137Tyr,missense_variant,3) Uncertain significance,H137Y,0.0
H43P,0.08235208,pncA,Pyrazinamide,p.His43Pro,missense_variant,2) Assoc w R - Interim,H43P,1.0
H43Y,0.09706827,pncA,Pyrazinamide,p.His43Tyr,missense_variant,3) Uncertain significance,H43Y,0.0
H51R,0.08050869,pncA,Pyrazinamide,p.His51Arg,missense_variant,1) Assoc w R,H51R,0.9425287356321839
H51D,0.1022676,pncA,Pyrazinamide,p.His51Asp,missense_variant,1) Assoc w R,H51D,0.9795918367346939
H51Q,0.06721053,pncA,Pyrazinamide,p.His51Gln,missense_variant,1) Assoc w R,H51Q,0.8888888888888888
H51P,0.10141901,pncA,Pyrazinamide,p.His51Pro,missense_variant,1) Assoc w R,H51P,1.0
H51Y,0.08396867,pncA,Pyrazinamide,p.His51Tyr,missense_variant,1) Assoc w R,H51Y,1.0
H57R,0.08490836,pncA,Pyrazinamide,p.His57Arg,missense_variant,1) Assoc w R,H57R,0.9180327868852459
H57D,0.09393758,pncA,Pyrazinamide,p.His57Asp,missense_variant,1) Assoc w R,H57D,0.9880952380952381
H57Q,0.065234676,pncA,Pyrazinamide,p.His57Gln,missense_variant,2) Assoc w R - Interim,H57Q,1.0
H57L,0.07371336,pncA,Pyrazinamide,p.His57Leu,missense_variant,2) Assoc w R - Interim,H57L,0.8333333333333334
H57P,0.08254143,pncA,Pyrazinamide,p.His57Pro,missense_variant,3) Uncertain significance,H57P,1.0
H57Y,0.09053527,pncA,Pyrazinamide,p.His57Tyr,missense_variant,1) Assoc w R,H57Y,1.0
H71R,0.079203,pncA,Pyrazinamide,p.His71Arg,missense_variant,1) Assoc w R,H71R,0.95
H71Q,0.07156058,pncA,Pyrazinamide,p.His71Gln,missense_variant,3) Uncertain significance,H71Q,1.0
H71P,0.09542651,pncA,Pyrazinamide,p.His71Pro,missense_variant,1) Assoc w R,H71P,1.0
H71Y,0.088991135,pncA,Pyrazinamide,p.His71Tyr,missense_variant,1) Assoc w R,H71Y,0.9444444444444444
H82R,0.0698758,pncA,Pyrazinamide,p.His82Arg,missense_variant,1) Assoc w R,H82R,1.0
H82D,0.105466954,pncA,Pyrazinamide,p.His82Asp,missense_variant,3) Uncertain significance,H82D,0.25
I133N,0.14693767,pncA,Pyrazinamide,p.Ile133Asn,missense_variant,3) Uncertain significance,I133N,1.0
I133S,0.13831389,pncA,Pyrazinamide,p.Ile133Ser,missense_variant,3) Uncertain significance,I133S,1.0
I133T,0.11835322,pncA,Pyrazinamide,p.Ile133Thr,missense_variant,1) Assoc w R,I133T,0.6170212765957447
I31S,0.16725728,pncA,Pyrazinamide,p.Ile31Ser,missense_variant,1) Assoc w R,I31S,0.8518518518518519
I31T,0.14826892,pncA,Pyrazinamide,p.Ile31Thr,missense_variant,2) Assoc w R - Interim,I31T,0.3333333333333333
I5S,0.27652565,pncA,Pyrazinamide,p.Ile5Ser,missense_variant,1) Assoc w R,I5S,1.0
I5T,0.19723533,pncA,Pyrazinamide,p.Ile5Thr,missense_variant,3) Uncertain significance,I5T,0.3333333333333333
I6L,0.17453581,pncA,Pyrazinamide,p.Ile6Leu,missense_variant,4) Not assoc w R - Interim,I6L,0.1
I6S,0.3584579,pncA,Pyrazinamide,p.Ile6Ser,missense_variant,3) Uncertain significance,I6S,1.0
I6T,0.27887163,pncA,Pyrazinamide,p.Ile6Thr,missense_variant,1) Assoc w R,I6T,1.0
I6V,0.11921632,pncA,Pyrazinamide,p.Ile6Val,missense_variant,3) Uncertain significance,I6V,0.0
I90N,0.09594552,pncA,Pyrazinamide,p.Ile90Asn,missense_variant,2) Assoc w R - Interim,I90N,1.0
I90S,0.10008956,pncA,Pyrazinamide,p.Ile90Ser,missense_variant,1) Assoc w R,I90S,0.7
I90T,0.095910996,pncA,Pyrazinamide,p.Ile90Thr,missense_variant,2) Assoc w R - Interim,I90T,1.0
L116R,0.10042293,pncA,Pyrazinamide,p.Leu116Arg,missense_variant,2) Assoc w R - Interim,L116R,1.0
L116P,0.09967724,pncA,Pyrazinamide,p.Leu116Pro,missense_variant,2) Assoc w R - Interim,L116P,0.6
L116V,0.052274954,pncA,Pyrazinamide,p.Leu116Val,missense_variant,3) Uncertain significance,L116V,0.0
L120R,0.23592493,pncA,Pyrazinamide,p.Leu120Arg,missense_variant,1) Assoc w R,L120R,1.0
L120Q,0.19874503,pncA,Pyrazinamide,p.Leu120Gln,missense_variant,2) Assoc w R - Interim,L120Q,1.0
L120P,0.31588387,pncA,Pyrazinamide,p.Leu120Pro,missense_variant,1) Assoc w R,L120P,1.0
L151S,0.15603597,pncA,Pyrazinamide,p.Leu151Ser,missense_variant,1) Assoc w R,L151S,0.76
L151W,0.0924674,pncA,Pyrazinamide,p.Leu151Trp,missense_variant,3) Uncertain significance,L151W,0.0
L156P,0.1474036,pncA,Pyrazinamide,p.Leu156Pro,missense_variant,3) Uncertain significance,L156P,1.0
L159R,0.11891422,pncA,Pyrazinamide,p.Leu159Arg,missense_variant,1) Assoc w R,L159R,0.8
L159P,0.12798642,pncA,Pyrazinamide,p.Leu159Pro,missense_variant,2) Assoc w R - Interim,L159P,1.0
L159V,0.052354004,pncA,Pyrazinamide,p.Leu159Val,missense_variant,2) Assoc w R - Interim,L159V,0.6
L172R,0.0951191,pncA,Pyrazinamide,p.Leu172Arg,missense_variant,3) Uncertain significance,L172R,1.0
L172P,0.14035377,pncA,Pyrazinamide,p.Leu172Pro,missense_variant,1) Assoc w R,L172P,1.0
L182F,0.057355586,pncA,Pyrazinamide,p.Leu182Phe,missense_variant,3) Uncertain significance,L182F,0.2
L182S,0.11316573,pncA,Pyrazinamide,p.Leu182Ser,missense_variant,1) Assoc w R,L182S,0.7894736842105263
L182W,0.072666526,pncA,Pyrazinamide,p.Leu182Trp,missense_variant,1) Assoc w R,L182W,1.0
L19R,0.10117676,pncA,Pyrazinamide,p.Leu19Arg,missense_variant,3) Uncertain significance,L19R,0.0
L19P,0.109307125,pncA,Pyrazinamide,p.Leu19Pro,missense_variant,1) Assoc w R,L19P,0.9090909090909091
L27Q,0.13156937,pncA,Pyrazinamide,p.Leu27Gln,missense_variant,3) Uncertain significance,L27Q,0.0
L27P,0.14044605,pncA,Pyrazinamide,p.Leu27Pro,missense_variant,1) Assoc w R,L27P,1.0
L35R,0.13462794,pncA,Pyrazinamide,p.Leu35Arg,missense_variant,4) Not assoc w R - Interim,L35R,0.1111111111111111
L35P,0.18027063,pncA,Pyrazinamide,p.Leu35Pro,missense_variant,2) Assoc w R - Interim,L35P,0.625
L4F,0.11352796,pncA,Pyrazinamide,p.Leu4Phe,missense_variant,3) Uncertain significance,L4F,0.0
L4S,0.2811962,pncA,Pyrazinamide,p.Leu4Ser,missense_variant,1) Assoc w R,L4S,0.9333333333333333
L4W,0.15395597,pncA,Pyrazinamide,p.Leu4Trp,missense_variant,1) Assoc w R,L4W,0.9375
L85R,0.073331945,pncA,Pyrazinamide,p.Leu85Arg,missense_variant,1) Assoc w R,L85R,1.0
L85P,0.06198031,pncA,Pyrazinamide,p.Leu85Pro,missense_variant,1) Assoc w R,L85P,1.0
K48N,0.11873509,pncA,Pyrazinamide,p.Lys48Asn,missense_variant,3) Uncertain significance,K48N,0.0
K48E,0.13605897,pncA,Pyrazinamide,p.Lys48Glu,missense_variant,2) Assoc w R - Interim,K48E,0.6666666666666666
K48T,0.12981245,pncA,Pyrazinamide,p.Lys48Thr,missense_variant,2) Assoc w R - Interim,K48T,0.43478260869565216
K96R,0.10797323,pncA,Pyrazinamide,p.Lys96Arg,missense_variant,1) Assoc w R,K96R,0.8333333333333334
K96N,0.116370924,pncA,Pyrazinamide,p.Lys96Asn,missense_variant,2) Assoc w R - Interim,K96N,1.0
K96Q,0.12832706,pncA,Pyrazinamide,p.Lys96Gln,missense_variant,1) Assoc w R,K96Q,0.8333333333333334
K96E,0.14343262,pncA,Pyrazinamide,p.Lys96Glu,missense_variant,1) Assoc w R,K96E,1.0
K96M,0.21042259,pncA,Pyrazinamide,p.Lys96Met,missense_variant,3) Uncertain significance,K96M,1.0
K96T,0.2480569,pncA,Pyrazinamide,p.Lys96Thr,missense_variant,1) Assoc w R,K96T,0.95
M175R,0.12646419,pncA,Pyrazinamide,p.Met175Arg,missense_variant,1) Assoc w R,M175R,1.0
M175I,0.06976552,pncA,Pyrazinamide,p.Met175Ile,missense_variant,2) Assoc w R - Interim,M175I,0.5
M175T,0.11533449,pncA,Pyrazinamide,p.Met175Thr,missense_variant,2) Assoc w R - Interim,M175T,1.0
M175V,0.09246652,pncA,Pyrazinamide,p.Met175Val,missense_variant,1) Assoc w R,M175V,0.8
F106I,0.05996762,pncA,Pyrazinamide,p.Phe106Ile,missense_variant,3) Uncertain significance,F106I,0.3333333333333333
F106L,0.049287833,pncA,Pyrazinamide,p.Phe106Leu,missense_variant,2) Assoc w R - Interim,F106L,1.0
F106S,0.071318075,pncA,Pyrazinamide,p.Phe106Ser,missense_variant,2) Assoc w R - Interim,F106S,1.0
F13I,0.07251838,pncA,Pyrazinamide,p.Phe13Ile,missense_variant,1) Assoc w R,F13I,1.0
F13L,0.090431,pncA,Pyrazinamide,p.Phe13Leu,missense_variant,2) Assoc w R - Interim,F13L,0.8333333333333334
F13S,0.20615107,pncA,Pyrazinamide,p.Phe13Ser,missense_variant,1) Assoc w R,F13S,0.8333333333333334
F58C,0.08646157,pncA,Pyrazinamide,p.Phe58Cys,missense_variant,2) Assoc w R - Interim,F58C,1.0
F58L,0.05064637,pncA,Pyrazinamide,p.Phe58Leu,missense_variant,1) Assoc w R,F58L,0.7647058823529411
F58S,0.107472986,pncA,Pyrazinamide,p.Phe58Ser,missense_variant,2) Assoc w R - Interim,F58S,1.0
F58V,0.07017478,pncA,Pyrazinamide,p.Phe58Val,missense_variant,4) Not assoc w R - Interim,F58V,0.2
F81S,0.07486386,pncA,Pyrazinamide,p.Phe81Ser,missense_variant,3) Uncertain significance,F81S,0.0
F81V,0.06424106,pncA,Pyrazinamide,p.Phe81Val,missense_variant,3) Uncertain significance,F81V,0.2857142857142857
F94C,0.07098738,pncA,Pyrazinamide,p.Phe94Cys,missense_variant,1) Assoc w R,F94C,1.0
F94L,0.059521787,pncA,Pyrazinamide,p.Phe94Leu,missense_variant,1) Assoc w R,F94L,0.7692307692307693
F94S,0.095859796,pncA,Pyrazinamide,p.Phe94Ser,missense_variant,2) Assoc w R - Interim,F94S,1.0
F94Y,0.06385763,pncA,Pyrazinamide,p.Phe94Tyr,missense_variant,3) Uncertain significance,F94Y,0.0
P115L,0.10735732,pncA,Pyrazinamide,p.Pro115Leu,missense_variant,3) Uncertain significance,P115L,0.0
P115S,0.08731613,pncA,Pyrazinamide,p.Pro115Ser,missense_variant,3) Uncertain significance,P115S,0.0
P54A,0.07312871,pncA,Pyrazinamide,p.Pro54Ala,missense_variant,3) Uncertain significance,P54A,0.0
P54R,0.08534359,pncA,Pyrazinamide,p.Pro54Arg,missense_variant,1) Assoc w R,P54R,1.0
P54Q,0.073182,pncA,Pyrazinamide,p.Pro54Gln,missense_variant,2) Assoc w R - Interim,P54Q,0.75
P54L,0.089257695,pncA,Pyrazinamide,p.Pro54Leu,missense_variant,1) Assoc w R,P54L,0.9411764705882353
P54S,0.07658166,pncA,Pyrazinamide,p.Pro54Ser,missense_variant,2) Assoc w R - Interim,P54S,1.0
P54T,0.07729334,pncA,Pyrazinamide,p.Pro54Thr,missense_variant,2) Assoc w R - Interim,P54T,0.6666666666666666
P62R,0.08296836,pncA,Pyrazinamide,p.Pro62Arg,missense_variant,2) Assoc w R - Interim,P62R,1.0
P62Q,0.06597825,pncA,Pyrazinamide,p.Pro62Gln,missense_variant,3) Uncertain significance,P62Q,1.0
P62L,0.08030288,pncA,Pyrazinamide,p.Pro62Leu,missense_variant,1) Assoc w R,P62L,0.9090909090909091
P62S,0.07095265,pncA,Pyrazinamide,p.Pro62Ser,missense_variant,2) Assoc w R - Interim,P62S,0.6
P62T,0.061464004,pncA,Pyrazinamide,p.Pro62Thr,missense_variant,2) Assoc w R - Interim,P62T,1.0
P69R,0.080222294,pncA,Pyrazinamide,p.Pro69Arg,missense_variant,3) Uncertain significance,P69R,1.0
P69L,0.07023318,pncA,Pyrazinamide,p.Pro69Leu,missense_variant,1) Assoc w R,P69L,0.7368421052631579
P69S,0.06365816,pncA,Pyrazinamide,p.Pro69Ser,missense_variant,3) Uncertain significance,P69S,0.16666666666666666
P69T,0.06601237,pncA,Pyrazinamide,p.Pro69Thr,missense_variant,3) Uncertain significance,P69T,1.0
P77L,0.075698294,pncA,Pyrazinamide,p.Pro77Leu,missense_variant,3) Uncertain significance,P77L,0.0
S104R,0.093962856,pncA,Pyrazinamide,p.Ser104Arg,missense_variant,1) Assoc w R,S104R,1.0
S104G,0.062895395,pncA,Pyrazinamide,p.Ser104Gly,missense_variant,2) Assoc w R - Interim,S104G,0.6666666666666666
S104I,0.16643979,pncA,Pyrazinamide,p.Ser104Ile,missense_variant,2) Assoc w R - Interim,S104I,1.0
S104T,0.058746103,pncA,Pyrazinamide,p.Ser104Thr,missense_variant,3) Uncertain significance,S104T,0.0
S164P,0.08489523,pncA,Pyrazinamide,p.Ser164Pro,missense_variant,1) Assoc w R,S164P,0.9230769230769231
S179I,0.1398953,pncA,Pyrazinamide,p.Ser179Ile,missense_variant,3) Uncertain significance,S179I,0.0
S18P,0.09319376,pncA,Pyrazinamide,p.Ser18Pro,missense_variant,3) Uncertain significance,S18P,0.0
S32I,0.087851174,pncA,Pyrazinamide,p.Ser32Ile,missense_variant,3) Uncertain significance,S32I,1.0
S59F,0.076767646,pncA,Pyrazinamide,p.Ser59Phe,missense_variant,3) Uncertain significance,S59F,1.0
S59P,0.07744016,pncA,Pyrazinamide,p.Ser59Pro,missense_variant,1) Assoc w R,S59P,1.0
S65P,0.06954231,pncA,Pyrazinamide,p.Ser65Pro,missense_variant,3) Uncertain significance,S65P,0.0
S66A,0.0752234,pncA,Pyrazinamide,p.Ser66Ala,missense_variant,3) Uncertain significance,S66A,0.0
S66L,0.08219403,pncA,Pyrazinamide,p.Ser66Leu,missense_variant,4) Not assoc w R - Interim,S66L,0.0
S66P,0.07358969,pncA,Pyrazinamide,p.Ser66Pro,missense_variant,1) Assoc w R,S66P,1.0
S67P,0.059980102,pncA,Pyrazinamide,p.Ser67Pro,missense_variant,1) Assoc w R,S67P,1.0
S67W,0.080500625,pncA,Pyrazinamide,p.Ser67Trp,missense_variant,3) Uncertain significance,S67W,0.3333333333333333
T100I,0.107421726,pncA,Pyrazinamide,p.Thr100Ile,missense_variant,3) Uncertain significance,T100I,0.6
T100P,0.067986645,pncA,Pyrazinamide,p.Thr100Pro,missense_variant,2) Assoc w R - Interim,T100P,1.0
T114M,0.10022526,pncA,Pyrazinamide,p.Thr114Met,missense_variant,4) Not assoc w R - Interim,T114M,0.0
T114P,0.08696723,pncA,Pyrazinamide,p.Thr114Pro,missense_variant,2) Assoc w R - Interim,T114P,1.0
T135A,0.059229247,pncA,Pyrazinamide,p.Thr135Ala,missense_variant,3) Uncertain significance,T135A,0.6666666666666666
T135N,0.109886825,pncA,Pyrazinamide,p.Thr135Asn,missense_variant,2) Assoc w R - Interim,T135N,1.0
T135I,0.10630622,pncA,Pyrazinamide,p.Thr135Ile,missense_variant,3) Uncertain significance,T135I,0.0
T135P,0.24728239,pncA,Pyrazinamide,p.Thr135Pro,missense_variant,1) Assoc w R,T135P,0.9772727272727273
T142A,0.10423686,pncA,Pyrazinamide,p.Thr142Ala,missense_variant,1) Assoc w R,T142A,0.875
T142K,0.12767883,pncA,Pyrazinamide,p.Thr142Lys,missense_variant,2) Assoc w R - Interim,T142K,1.0
T142M,0.112647794,pncA,Pyrazinamide,p.Thr142Met,missense_variant,1) Assoc w R,T142M,0.9285714285714286
T142P,0.12469112,pncA,Pyrazinamide,p.Thr142Pro,missense_variant,2) Assoc w R - Interim,T142P,1.0
T153P,0.10650223,pncA,Pyrazinamide,p.Thr153Pro,missense_variant,3) Uncertain significance,T153P,0.0
T160A,0.058988445,pncA,Pyrazinamide,p.Thr160Ala,missense_variant,4) Not assoc w R - Interim,T160A,0.5714285714285714
T160R,0.06609815,pncA,Pyrazinamide,p.Thr160Arg,missense_variant,3) Uncertain significance,T160R,1.0
T160K,0.119127825,pncA,Pyrazinamide,p.Thr160Lys,missense_variant,2) Assoc w R - Interim,T160K,1.0
T160P,0.06805812,pncA,Pyrazinamide,p.Thr160Pro,missense_variant,1) Assoc w R,T160P,1.0
T167I,0.10605492,pncA,Pyrazinamide,p.Thr167Ile,missense_variant,3) Uncertain significance,T167I,0.4
T167P,0.08069425,pncA,Pyrazinamide,p.Thr167Pro,missense_variant,3) Uncertain significance,T167P,0.0
T168I,0.102013625,pncA,Pyrazinamide,p.Thr168Ile,missense_variant,4) Not assoc w R - Interim,T168I,0.0
T168P,0.093006596,pncA,Pyrazinamide,p.Thr168Pro,missense_variant,2) Assoc w R - Interim,T168P,1.0
T177P,0.07742261,pncA,Pyrazinamide,p.Thr177Pro,missense_variant,1) Assoc w R,T177P,0.8888888888888888
T47A,0.05437764,pncA,Pyrazinamide,p.Thr47Ala,missense_variant,1) Assoc w R,T47A,0.6071428571428571
T47N,0.11059265,pncA,Pyrazinamide,p.Thr47Asn,missense_variant,3) Uncertain significance,T47N,1.0
T47I,0.10249002,pncA,Pyrazinamide,p.Thr47Ile,missense_variant,3) Uncertain significance,T47I,0.0
T47P,0.09543708,pncA,Pyrazinamide,p.Thr47Pro,missense_variant,1) Assoc w R,T47P,1.0
T61P,0.070779495,pncA,Pyrazinamide,p.Thr61Pro,missense_variant,2) Assoc w R - Interim,T61P,0.6666666666666666
T76A,0.049957473,pncA,Pyrazinamide,p.Thr76Ala,missense_variant,3) Uncertain significance,T76A,0.0
T76I,0.081540816,pncA,Pyrazinamide,p.Thr76Ile,missense_variant,1) Assoc w R,T76I,0.8
T76P,0.07689802,pncA,Pyrazinamide,p.Thr76Pro,missense_variant,1) Assoc w R,T76P,0.9454545454545454
T87M,0.11132146,pncA,Pyrazinamide,p.Thr87Met,missense_variant,4) Not assoc w R - Interim,T87M,0.0
W119R,0.1044616,pncA,Pyrazinamide,p.Trp119Arg,missense_variant,2) Assoc w R - Interim,W119R,1.0
W119C,0.104850635,pncA,Pyrazinamide,p.Trp119Cys,missense_variant,2) Assoc w R - Interim,W119C,0.8333333333333334
W119G,0.12428017,pncA,Pyrazinamide,p.Trp119Gly,missense_variant,2) Assoc w R - Interim,W119G,1.0
W119L,0.10275766,pncA,Pyrazinamide,p.Trp119Leu,missense_variant,2) Assoc w R - Interim,W119L,1.0
W68R,0.09711328,pncA,Pyrazinamide,p.Trp68Arg,missense_variant,1) Assoc w R,W68R,0.9473684210526315
W68C,0.08877981,pncA,Pyrazinamide,p.Trp68Cys,missense_variant,1) Assoc w R,W68C,1.0
W68G,0.0847715,pncA,Pyrazinamide,p.Trp68Gly,missense_variant,1) Assoc w R,W68G,0.9411764705882353
W68L,0.0980346,pncA,Pyrazinamide,p.Trp68Leu,missense_variant,2) Assoc w R - Interim,W68L,1.0
W68S,0.11601219,pncA,Pyrazinamide,p.Trp68Ser,missense_variant,3) Uncertain significance,W68S,0.5
Y103D,0.10567934,pncA,Pyrazinamide,p.Tyr103Asp,missense_variant,2) Assoc w R - Interim,Y103D,0.6666666666666666
Y103C,0.07418726,pncA,Pyrazinamide,p.Tyr103Cys,missense_variant,1) Assoc w R,Y103C,0.6923076923076923
Y103H,0.08186246,pncA,Pyrazinamide,p.Tyr103His,missense_variant,1) Assoc w R,Y103H,1.0
Y103S,0.083066545,pncA,Pyrazinamide,p.Tyr103Ser,missense_variant,3) Uncertain significance,Y103S,1.0
Y34D,0.13851586,pncA,Pyrazinamide,p.Tyr34Asp,missense_variant,1) Assoc w R,Y34D,1.0
Y34S,0.09893196,pncA,Pyrazinamide,p.Tyr34Ser,missense_variant,2) Assoc w R - Interim,Y34S,1.0
Y41C,0.09273203,pncA,Pyrazinamide,p.Tyr41Cys,missense_variant,3) Uncertain significance,Y41C,0.0
Y64D,0.094978765,pncA,Pyrazinamide,p.Tyr64Asp,missense_variant,2) Assoc w R - Interim,Y64D,0.6
Y95D,0.15290652,pncA,Pyrazinamide,p.Tyr95Asp,missense_variant,2) Assoc w R - Interim,Y95D,0.5
Y99C,0.0815617,pncA,Pyrazinamide,p.Tyr99Cys,missense_variant,3) Uncertain significance,Y99C,0.0
V109G,0.08938376,pncA,Pyrazinamide,p.Val109Gly,missense_variant,3) Uncertain significance,V109G,0.0
V125D,0.40024933,pncA,Pyrazinamide,p.Val125Asp,missense_variant,3) Uncertain significance,V125D,0.0
V125G,0.37917012,pncA,Pyrazinamide,p.Val125Gly,missense_variant,1) Assoc w R,V125G,1.0
V125I,0.08972687,pncA,Pyrazinamide,p.Val125Ile,missense_variant,3) Uncertain significance,V125I,0.0
V125F,0.24660169,pncA,Pyrazinamide,p.Val125Phe,missense_variant,2) Assoc w R - Interim,V125F,0.6363636363636364
V128G,0.64169645,pncA,Pyrazinamide,p.Val128Gly,missense_variant,1) Assoc w R,V128G,1.0
V128I,0.124414824,pncA,Pyrazinamide,p.Val128Ile,missense_variant,3) Uncertain significance,V128I,0.0
V130G,0.32959402,pncA,Pyrazinamide,p.Val130Gly,missense_variant,2) Assoc w R - Interim,V130G,1.0
V130M,0.11041785,pncA,Pyrazinamide,p.Val130Met,missense_variant,2) Assoc w R - Interim,V130M,1.0
V131G,0.16966529,pncA,Pyrazinamide,p.Val131Gly,missense_variant,2) Assoc w R - Interim,V131G,0.8333333333333334
V131F,0.09788977,pncA,Pyrazinamide,p.Val131Phe,missense_variant,2) Assoc w R - Interim,V131F,0.8
V139A,0.098894976,pncA,Pyrazinamide,p.Val139Ala,missense_variant,1) Assoc w R,V139A,0.921875
V139G,0.16367425,pncA,Pyrazinamide,p.Val139Gly,missense_variant,1) Assoc w R,V139G,1.0
V139L,0.055355217,pncA,Pyrazinamide,p.Val139Leu,missense_variant,2) Assoc w R - Interim,V139L,0.6666666666666666
V139M,0.0859528,pncA,Pyrazinamide,p.Val139Met,missense_variant,1) Assoc w R,V139M,1.0
V155A,0.1377345,pncA,Pyrazinamide,p.Val155Ala,missense_variant,2) Assoc w R - Interim,V155A,0.5
V155G,0.20716496,pncA,Pyrazinamide,p.Val155Gly,missense_variant,1) Assoc w R,V155G,0.9
V155L,0.06830468,pncA,Pyrazinamide,p.Val155Leu,missense_variant,3) Uncertain significance,V155L,0.0
V155M,0.10811973,pncA,Pyrazinamide,p.Val155Met,missense_variant,1) Assoc w R,V155M,0.8888888888888888
V157A,0.09295186,pncA,Pyrazinamide,p.Val157Ala,missense_variant,3) Uncertain significance,V157A,0.0
V157G,0.10895626,pncA,Pyrazinamide,p.Val157Gly,missense_variant,3) Uncertain significance,V157G,1.0
V157L,0.057761338,pncA,Pyrazinamide,p.Val157Leu,missense_variant,3) Uncertain significance,V157L,0.0
V163A,0.053480245,pncA,Pyrazinamide,p.Val163Ala,missense_variant,2) Assoc w R - Interim,V163A,0.75
V163G,0.060210407,pncA,Pyrazinamide,p.Val163Gly,missense_variant,3) Uncertain significance,V163G,0.3333333333333333
V163L,0.04421572,pncA,Pyrazinamide,p.Val163Leu,missense_variant,3) Uncertain significance,V163L,0.0
V163M,0.092633836,pncA,Pyrazinamide,p.Val163Met,missense_variant,3) Uncertain significance,V163M,0.0
V180A,0.08486355,pncA,Pyrazinamide,p.Val180Ala,missense_variant,1) Assoc w R,V180A,1.0
V180D,0.122436516,pncA,Pyrazinamide,p.Val180Asp,missense_variant,3) Uncertain significance,V180D,1.0
V180G,0.10929173,pncA,Pyrazinamide,p.Val180Gly,missense_variant,1) Assoc w R,V180G,1.0
V180L,0.06310452,pncA,Pyrazinamide,p.Val180Leu,missense_variant,3) Uncertain significance,V180L,1.0
V180F,0.07253073,pncA,Pyrazinamide,p.Val180Phe,missense_variant,1) Assoc w R,V180F,0.9
V183L,0.05973329,pncA,Pyrazinamide,p.Val183Leu,missense_variant,3) Uncertain significance,V183L,0.0
V21A,0.08409679,pncA,Pyrazinamide,p.Val21Ala,missense_variant,4) Not assoc w R - Interim,V21A,0.14285714285714285
V21G,0.10762057,pncA,Pyrazinamide,p.Val21Gly,missense_variant,2) Assoc w R - Interim,V21G,0.8571428571428571
V44G,0.1413268,pncA,Pyrazinamide,p.Val44Gly,missense_variant,2) Assoc w R - Interim,V44G,1.0
V45A,0.07572841,pncA,Pyrazinamide,p.Val45Ala,missense_variant,3) Uncertain significance,V45A,0.0
V45G,0.14359945,pncA,Pyrazinamide,p.Val45Gly,missense_variant,3) Uncertain significance,V45G,1.0
V45M,0.09224181,pncA,Pyrazinamide,p.Val45Met,missense_variant,3) Uncertain significance,V45M,0.0
V7A,0.15229431,pncA,Pyrazinamide,p.Val7Ala,missense_variant,2) Assoc w R - Interim,V7A,0.6666666666666666
V7G,0.4267308,pncA,Pyrazinamide,p.Val7Gly,missense_variant,1) Assoc w R,V7G,0.9444444444444444
V7I,0.08745673,pncA,Pyrazinamide,p.Val7Ile,missense_variant,3) Uncertain significance,V7I,1.0
V7L,0.07015645,pncA,Pyrazinamide,p.Val7Leu,missense_variant,1) Assoc w R,V7L,1.0
V7F,0.2485535,pncA,Pyrazinamide,p.Val7Phe,missense_variant,2) Assoc w R - Interim,V7F,1.0
V93A,0.07738254,pncA,Pyrazinamide,p.Val93Ala,missense_variant,2) Assoc w R - Interim,V93A,0.5
V93G,0.095807225,pncA,Pyrazinamide,p.Val93Gly,missense_variant,3) Uncertain significance,V93G,0.5
V93L,0.060658876,pncA,Pyrazinamide,p.Val93Leu,missense_variant,2) Assoc w R - Interim,V93L,1.0
V93M,0.09262789,pncA,Pyrazinamide,p.Val93Met,missense_variant,3) Uncertain significance,V93M,1.0
V9A,0.11395726,pncA,Pyrazinamide,p.Val9Ala,missense_variant,3) Uncertain significance,V9A,0.5
V9G,0.27167842,pncA,Pyrazinamide,p.Val9Gly,missense_variant,1) Assoc w R,V9G,1.0
A166V,0.061906237,tlyA,Capreomycin,p.Ala166Val,missense_variant,3) Uncertain significance,A166V,0.0
A210T,0.049963035,tlyA,Capreomycin,p.Ala210Thr,missense_variant,3) Uncertain significance,A210T,0.0
A212V,0.053384062,tlyA,Capreomycin,p.Ala212Val,missense_variant,3) Uncertain significance,A212V,0.0
A250T,0.053467926,tlyA,Capreomycin,p.Ala250Thr,missense_variant,3) Uncertain significance,A250T,0.0
A259T,0.07185967,tlyA,Capreomycin,p.Ala259Thr,missense_variant,3) Uncertain significance,A259T,0.0
A29V,0.05820338,tlyA,Capreomycin,p.Ala29Val,missense_variant,3) Uncertain significance,A29V,0.0
A51V,0.05006953,tlyA,Capreomycin,p.Ala51Val,missense_variant,3) Uncertain significance,A51V,0.0
A5T,0.05738467,tlyA,Capreomycin,p.Ala5Thr,missense_variant,3) Uncertain significance,A5T,0.0
A5V,0.05580848,tlyA,Capreomycin,p.Ala5Val,missense_variant,3) Uncertain significance,A5V,0.0
A67E,0.055872314,tlyA,Capreomycin,p.Ala67Glu,missense_variant,3) Uncertain significance,A67E,1.0
R123P,0.08494893,tlyA,Capreomycin,p.Arg123Pro,missense_variant,3) Uncertain significance,R123P,1.0
R133L,0.118643016,tlyA,Capreomycin,p.Arg133Leu,missense_variant,3) Uncertain significance,R133L,1.0
R14W,0.08997728,tlyA,Capreomycin,p.Arg14Trp,missense_variant,3) Uncertain significance,R14W,1.0
R20L,0.10364363,tlyA,Capreomycin,p.Arg20Leu,missense_variant,3) Uncertain significance,R20L,0.0
R244H,0.07271085,tlyA,Capreomycin,p.Arg244His,missense_variant,3) Uncertain significance,R244H,0.0
R244P,0.0682628,tlyA,Capreomycin,p.Arg244Pro,missense_variant,3) Uncertain significance,R244P,1.0
R249Q,0.08244434,tlyA,Capreomycin,p.Arg249Gln,missense_variant,3) Uncertain significance,R249Q,0.0
R262C,0.15542212,tlyA,Capreomycin,p.Arg262Cys,missense_variant,3) Uncertain significance,R262C,0.0
R3P,0.06517178,tlyA,Capreomycin,p.Arg3Pro,missense_variant,3) Uncertain significance,R3P,0.0
R65C,0.10655606,tlyA,Capreomycin,p.Arg65Cys,missense_variant,3) Uncertain significance,R65C,1.0
R84G,0.114243105,tlyA,Capreomycin,p.Arg84Gly,missense_variant,3) Uncertain significance,R84G,0.0
N236D,0.07662383,tlyA,Capreomycin,p.Asn236Asp,missense_variant,3) Uncertain significance,N236D,1.0
N236H,0.06342341,tlyA,Capreomycin,p.Asn236His,missense_variant,3) Uncertain significance,N236H,0.0
N236K,0.076076895,tlyA,Capreomycin,p.Asn236Lys,missense_variant,1) Assoc w R,N236K,1.0
D154A,0.19621637,tlyA,Capreomycin,p.Asp154Ala,missense_variant,3) Uncertain significance,D154A,1.0
D154E,0.13841659,tlyA,Capreomycin,p.Asp154Glu,missense_variant,3) Uncertain significance,D154E,1.0
D154G,0.22157732,tlyA,Capreomycin,p.Asp154Gly,missense_variant,3) Uncertain significance,D154G,1.0
D154Y,0.20460768,tlyA,Capreomycin,p.Asp154Tyr,missense_variant,3) Uncertain significance,D154Y,1.0
D35G,0.069497064,tlyA,Capreomycin,p.Asp35Gly,missense_variant,3) Uncertain significance,D35G,0.0
D48N,0.0766679,tlyA,Capreomycin,p.Asp48Asn,missense_variant,3) Uncertain significance,D48N,0.0
D57G,0.0853549,tlyA,Capreomycin,p.Asp57Gly,missense_variant,3) Uncertain significance,D57G,0.0
C170R,0.13890237,tlyA,Capreomycin,p.Cys170Arg,missense_variant,3) Uncertain significance,C170R,1.0
C86R,0.28223348,tlyA,Capreomycin,p.Cys86Arg,missense_variant,3) Uncertain significance,C86R,1.0
C86G,0.19862552,tlyA,Capreomycin,p.Cys86Gly,missense_variant,3) Uncertain significance,C86G,0.0
C86Y,0.113287196,tlyA,Capreomycin,p.Cys86Tyr,missense_variant,3) Uncertain significance,C86Y,1.0
Q191H,0.06620543,tlyA,Capreomycin,p.Gln191His,missense_variant,3) Uncertain significance,Q191H,0.0
E132A,0.11714514,tlyA,Capreomycin,p.Glu132Ala,missense_variant,3) Uncertain significance,E132A,0.0
E132Q,0.06905186,tlyA,Capreomycin,p.Glu132Gln,missense_variant,3) Uncertain significance,E132Q,0.0
E132G,0.1120848,tlyA,Capreomycin,p.Glu132Gly,missense_variant,3) Uncertain significance,E132G,0.0
E238K,0.109674804,tlyA,Capreomycin,p.Glu238Lys,missense_variant,3) Uncertain significance,E238K,0.0
E75K,0.10300541,tlyA,Capreomycin,p.Glu75Lys,missense_variant,3) Uncertain significance,E75K,0.0
G145N,0.10826554,tlyA,Capreomycin,p.Gly145Asn,missense_variant,3) Uncertain significance,G145N,0.0
G188E,0.060496654,tlyA,Capreomycin,p.Gly188Glu,missense_variant,3) Uncertain significance,G188E,0.0
G190R,0.07159087,tlyA,Capreomycin,p.Gly190Arg,missense_variant,3) Uncertain significance,G190R,0.0
G196R,0.05218511,tlyA,Capreomycin,p.Gly196Arg,missense_variant,3) Uncertain significance,G196R,0.0
G232D,0.044708274,tlyA,Capreomycin,p.Gly232Asp,missense_variant,2) Assoc w R - Interim,G232D,0.9130434782608695
G235D,0.061170336,tlyA,Capreomycin,p.Gly235Asp,missense_variant,3) Uncertain significance,G235D,0.0
G83C,0.14516494,tlyA,Capreomycin,p.Gly83Cys,missense_variant,3) Uncertain significance,G83C,0.0
G90C,0.2284401,tlyA,Capreomycin,p.Gly90Cys,missense_variant,3) Uncertain significance,G90C,1.0
G94S,0.12923634,tlyA,Capreomycin,p.Gly94Ser,missense_variant,3) Uncertain significance,G94S,1.0
G95E,0.40869963,tlyA,Capreomycin,p.Gly95Glu,missense_variant,3) Uncertain significance,G95E,1.0
H68R,0.06833004,tlyA,Capreomycin,p.His68Arg,missense_variant,3) Uncertain significance,H68R,0.0
I177T,0.13907303,tlyA,Capreomycin,p.Ile177Thr,missense_variant,3) Uncertain significance,I177T,0.0
I27V,0.10233069,tlyA,Capreomycin,p.Ile27Val,missense_variant,3) Uncertain significance,I27V,0.0
I34T,0.13032284,tlyA,Capreomycin,p.Ile34Thr,missense_variant,3) Uncertain significance,I34T,0.0
L100P,0.3428579,tlyA,Capreomycin,p.Leu100Pro,missense_variant,3) Uncertain significance,L100P,1.0
L101P,0.2915208,tlyA,Capreomycin,p.Leu101Pro,missense_variant,3) Uncertain significance,L101P,1.0
L11R,0.1016032,tlyA,Capreomycin,p.Leu11Arg,missense_variant,3) Uncertain significance,L11R,1.0
L122R,0.07084582,tlyA,Capreomycin,p.Leu122Arg,missense_variant,3) Uncertain significance,L122R,1.0
L139R,0.074037515,tlyA,Capreomycin,p.Leu139Arg,missense_variant,3) Uncertain significance,L139R,1.0
L150P,0.20365354,tlyA,Capreomycin,p.Leu150Pro,missense_variant,3) Uncertain significance,L150P,1.0
L155R,0.12412866,tlyA,Capreomycin,p.Leu155Arg,missense_variant,3) Uncertain significance,L155R,1.0
L160W,0.0691218,tlyA,Capreomycin,p.Leu160Trp,missense_variant,3) Uncertain significance,L160W,0.5
L180R,0.07725892,tlyA,Capreomycin,p.Leu180Arg,missense_variant,3) Uncertain significance,L180R,1.0
L218M,0.080620535,tlyA,Capreomycin,p.Leu218Met,missense_variant,3) Uncertain significance,L218M,0.8
L218P,0.11690194,tlyA,Capreomycin,p.Leu218Pro,missense_variant,3) Uncertain significance,L218P,1.0
L241P,0.13521214,tlyA,Capreomycin,p.Leu241Pro,missense_variant,3) Uncertain significance,L241P,1.0
L74P,0.11074711,tlyA,Capreomycin,p.Leu74Pro,missense_variant,3) Uncertain significance,L74P,1.0
L87R,0.28277114,tlyA,Capreomycin,p.Leu87Arg,missense_variant,3) Uncertain significance,L87R,1.0
L87P,0.35156956,tlyA,Capreomycin,p.Leu87Pro,missense_variant,3) Uncertain significance,L87P,0.0
K182R,0.07670215,tlyA,Capreomycin,p.Lys182Arg,missense_variant,3) Uncertain significance,K182R,0.0
K189N,0.087119006,tlyA,Capreomycin,p.Lys189Asn,missense_variant,3) Uncertain significance,K189N,0.0
K69E,0.08860936,tlyA,Capreomycin,p.Lys69Glu,missense_variant,3) Uncertain significance,K69E,0.0
K69T,0.09089107,tlyA,Capreomycin,p.Lys69Thr,missense_variant,3) Uncertain significance,K69T,0.0
F157V,0.23412992,tlyA,Capreomycin,p.Phe157Val,missense_variant,3) Uncertain significance,F157V,1.0
F240L,0.057646837,tlyA,Capreomycin,p.Phe240Leu,missense_variant,3) Uncertain significance,F240L,0.0
P179A,0.19122621,tlyA,Capreomycin,p.Pro179Ala,missense_variant,3) Uncertain significance,P179A,0.5
P179S,0.13965076,tlyA,Capreomycin,p.Pro179Ser,missense_variant,3) Uncertain significance,P179S,0.0
P194S,0.056567173,tlyA,Capreomycin,p.Pro194Ser,missense_variant,3) Uncertain significance,P194S,0.0
P229R,0.05558054,tlyA,Capreomycin,p.Pro229Arg,missense_variant,3) Uncertain significance,P229R,0.0
P233S,0.048773546,tlyA,Capreomycin,p.Pro233Ser,missense_variant,3) Uncertain significance,P233S,0.0
S121L,0.066649094,tlyA,Capreomycin,p.Ser121Leu,missense_variant,3) Uncertain significance,S121L,0.0
S156A,0.11767704,tlyA,Capreomycin,p.Ser156Ala,missense_variant,3) Uncertain significance,S156A,0.0
S228R,0.046450123,tlyA,Capreomycin,p.Ser228Arg,missense_variant,3) Uncertain significance,S228R,0.8
S252L,0.074421555,tlyA,Capreomycin,p.Ser252Leu,missense_variant,3) Uncertain significance,S252L,0.0
T134I,0.07366088,tlyA,Capreomycin,p.Thr134Ile,missense_variant,3) Uncertain significance,T134I,0.0
T97P,0.22246453,tlyA,Capreomycin,p.Thr97Pro,missense_variant,3) Uncertain significance,T97P,0.0
V108A,0.120553635,tlyA,Capreomycin,p.Val108Ala,missense_variant,3) Uncertain significance,V108A,0.0
V151I,0.11744089,tlyA,Capreomycin,p.Val151Ile,missense_variant,3) Uncertain significance,V151I,0.0
V178A,0.088903286,tlyA,Capreomycin,p.Val178Ala,missense_variant,3) Uncertain significance,V178A,1.0
V181G,0.096724324,tlyA,Capreomycin,p.Val181Gly,missense_variant,3) Uncertain significance,V181G,1.0
V198G,0.051942203,tlyA,Capreomycin,p.Val198Gly,missense_variant,3) Uncertain significance,V198G,0.0
V32L,0.047795568,tlyA,Capreomycin,p.Val32Leu,missense_variant,3) Uncertain significance,V32L,0.0
V46E,0.061662596,tlyA,Capreomycin,p.Val46Glu,missense_variant,3) Uncertain significance,V46E,1.0
V54G,0.1660606,tlyA,Capreomycin,p.Val54Gly,missense_variant,3) Uncertain significance,V54G,1.0
V7F,0.092772014,tlyA,Capreomycin,p.Val7Phe,missense_variant,3) Uncertain significance,V7F,0.0
V99I,0.0790562,tlyA,Capreomycin,p.Val99Ile,missense_variant,3) Uncertain significance,V99I,0.0
A114T,0.048892953,inhA,Ethionamide,p.Ala114Thr,missense_variant,3) Uncertain significance,A114T,0.5
A114T,0.048892953,inhA,Isoniazid,p.Ala114Thr,missense_variant,3) Uncertain significance,A114T,1.0
A124V,0.05748551,inhA,Ethionamide,p.Ala124Val,missense_variant,3) Uncertain significance,A124V,1.0
A124V,0.05748551,inhA,Isoniazid,p.Ala124Val,missense_variant,3) Uncertain significance,A124V,1.0
A133T,0.050747305,inhA,Ethionamide,p.Ala133Thr,missense_variant,3) Uncertain significance,A133T,0.0
A133T,0.050747305,inhA,Isoniazid,p.Ala133Thr,missense_variant,3) Uncertain significance,A133T,0.6666666666666666
A190S,0.034708165,inhA,Ethionamide,p.Ala190Ser,missense_variant,3) Uncertain significance,A190S,0.0
A190S,0.034708165,inhA,Isoniazid,p.Ala190Ser,missense_variant,3) Uncertain significance,A190S,0.5714285714285714
A201T,0.041015785,inhA,Ethionamide,p.Ala201Thr,missense_variant,3) Uncertain significance,A201T,0.0
A201T,0.041015785,inhA,Isoniazid,p.Ala201Thr,missense_variant,3) Uncertain significance,A201T,1.0
A22S,0.05675121,inhA,Ethionamide,p.Ala22Ser,missense_variant,3) Uncertain significance,A22S,0.0
A22S,0.05675121,inhA,Isoniazid,p.Ala22Ser,missense_variant,3) Uncertain significance,A22S,0.6666666666666666
A235T,0.036873993,inhA,Ethionamide,p.Ala235Thr,missense_variant,3) Uncertain significance,A235T,0.0
A235T,0.036873993,inhA,Isoniazid,p.Ala235Thr,missense_variant,3) Uncertain significance,A235T,1.0
A235V,0.047401402,inhA,Ethionamide,p.Ala235Val,missense_variant,3) Uncertain significance,A235V,0.0
A235V,0.047401402,inhA,Isoniazid,p.Ala235Val,missense_variant,3) Uncertain significance,A235V,0.0
A239T,0.0947073,inhA,Ethionamide,p.Ala239Thr,missense_variant,3) Uncertain significance,A239T,1.0
A239T,0.0947073,inhA,Isoniazid,p.Ala239Thr,missense_variant,3) Uncertain significance,A239T,1.0
A239V,0.07865801,inhA,Ethionamide,p.Ala239Val,missense_variant,3) Uncertain significance,A239V,1.0
A239V,0.07865801,inhA,Isoniazid,p.Ala239Val,missense_variant,3) Uncertain significance,A239V,1.0
A84T,0.06817174,inhA,Ethionamide,p.Ala84Thr,missense_variant,3) Uncertain significance,A84T,0.0
R27W,0.11419743,inhA,Ethionamide,p.Arg27Trp,missense_variant,3) Uncertain significance,R27W,0.0
R27W,0.11419743,inhA,Isoniazid,p.Arg27Trp,missense_variant,3) Uncertain significance,R27W,1.0
N231D,0.041149266,inhA,Ethionamide,p.Asn231Asp,missense_variant,3) Uncertain significance,N231D,1.0
N231D,0.041149266,inhA,Isoniazid,p.Asn231Asp,missense_variant,3) Uncertain significance,N231D,1.0
N231K,0.042074062,inhA,Ethionamide,p.Asn231Lys,missense_variant,3) Uncertain significance,N231K,0.0
N231K,0.042074062,inhA,Isoniazid,p.Asn231Lys,missense_variant,3) Uncertain significance,N231K,0.0
D248N,0.047471885,inhA,Ethionamide,p.Asp248Asn,missense_variant,3) Uncertain significance,D248N,0.0
D248N,0.047471885,inhA,Isoniazid,p.Asp248Asn,missense_variant,3) Uncertain significance,D248N,0.0
D52G,0.07420567,inhA,Ethionamide,p.Asp52Gly,missense_variant,3) Uncertain significance,D52G,0.0
D52G,0.07420567,inhA,Isoniazid,p.Asp52Gly,missense_variant,3) Uncertain significance,D52G,0.0
D89N,0.12254192,inhA,Ethionamide,p.Asp89Asn,missense_variant,3) Uncertain significance,D89N,0.0
D89N,0.12254192,inhA,Isoniazid,p.Asp89Asn,missense_variant,3) Uncertain significance,D89N,0.0
Q35R,0.09539849,inhA,Ethionamide,p.Gln35Arg,missense_variant,3) Uncertain significance,Q35R,0.0
Q35R,0.09539849,inhA,Isoniazid,p.Gln35Arg,missense_variant,3) Uncertain significance,Q35R,0.15789473684210525
E209G,0.061447244,inhA,Ethionamide,p.Glu209Gly,missense_variant,3) Uncertain significance,E209G,0.0
E209G,0.061447244,inhA,Isoniazid,p.Glu209Gly,missense_variant,3) Uncertain significance,E209G,1.0
E80A,0.094073534,inhA,Ethionamide,p.Glu80Ala,missense_variant,3) Uncertain significance,E80A,0.0
E80A,0.094073534,inhA,Isoniazid,p.Glu80Ala,missense_variant,3) Uncertain significance,E80A,0.0
G212S,0.04100485,inhA,Ethionamide,p.Gly212Ser,missense_variant,3) Uncertain significance,G212S,0.0
G212S,0.04100485,inhA,Isoniazid,p.Gly212Ser,missense_variant,3) Uncertain significance,G212S,0.0
G221S,0.048357777,inhA,Ethionamide,p.Gly221Ser,missense_variant,3) Uncertain significance,G221S,0.0
G221S,0.048357777,inhA,Isoniazid,p.Gly221Ser,missense_variant,3) Uncertain significance,G221S,0.0
G40W,0.073948294,inhA,Ethionamide,p.Gly40Trp,missense_variant,3) Uncertain significance,G40W,0.5
G40W,0.073948294,inhA,Isoniazid,p.Gly40Trp,missense_variant,3) Uncertain significance,G40W,1.0
G76D,0.07664982,inhA,Ethionamide,p.Gly76Asp,missense_variant,3) Uncertain significance,G76D,0.0
G76D,0.07664982,inhA,Isoniazid,p.Gly76Asp,missense_variant,3) Uncertain significance,G76D,0.0
G76S,0.08166054,inhA,Ethionamide,p.Gly76Ser,missense_variant,3) Uncertain significance,G76S,0.0
G76S,0.08166054,inhA,Isoniazid,p.Gly76Ser,missense_variant,3) Uncertain significance,G76S,0.0
G83R,0.1276601,inhA,Ethionamide,p.Gly83Arg,missense_variant,3) Uncertain significance,G83R,0.0
G83R,0.1276601,inhA,Isoniazid,p.Gly83Arg,missense_variant,3) Uncertain significance,G83R,0.14285714285714285
I16T,0.18765515,inhA,Ethionamide,p.Ile16Thr,missense_variant,3) Uncertain significance,I16T,0.6666666666666666
I16T,0.18765515,inhA,Isoniazid,p.Ile16Thr,missense_variant,3) Uncertain significance,I16T,0.6666666666666666
I194T,0.05858596,inhA,Ethionamide,p.Ile194Thr,missense_variant,3) Uncertain significance,I194T,0.9534883720930233
I194T,0.05858596,inhA,Isoniazid,p.Ile194Thr,missense_variant,3) Uncertain significance,I194T,0.9836065573770492
I21M,0.050878007,inhA,Ethionamide,p.Ile21Met,missense_variant,3) Uncertain significance,I21M,0.0
I21M,0.050878007,inhA,Isoniazid,p.Ile21Met,missense_variant,3) Uncertain significance,I21M,1.0
I21T,0.046973724,inhA,Ethionamide,p.Ile21Thr,missense_variant,3) Uncertain significance,I21T,0.873015873015873
I21T,0.046973724,inhA,Isoniazid,p.Ile21Thr,missense_variant,3) Uncertain significance,I21T,0.9820359281437125
I21V,0.03652029,inhA,Ethionamide,p.Ile21Val,missense_variant,3) Uncertain significance,I21V,0.8108108108108109
I21V,0.03652029,inhA,Isoniazid,p.Ile21Val,missense_variant,3) Uncertain significance,I21V,0.803030303030303
I228V,0.034251213,inhA,Ethionamide,p.Ile228Val,missense_variant,3) Uncertain significance,I228V,0.0
I228V,0.034251213,inhA,Isoniazid,p.Ile228Val,missense_variant,3) Uncertain significance,I228V,0.14634146341463414
I95L,0.04988519,inhA,Ethionamide,p.Ile95Leu,missense_variant,3) Uncertain significance,I95L,0.5
I95L,0.04988519,inhA,Isoniazid,p.Ile95Leu,missense_variant,3) Uncertain significance,I95L,1.0
I95V,0.04117918,inhA,Ethionamide,p.Ile95Val,missense_variant,3) Uncertain significance,I95V,1.0
I95V,0.04117918,inhA,Isoniazid,p.Ile95Val,missense_variant,3) Uncertain significance,I95V,1.0
K233T,0.05443052,inhA,Ethionamide,p.Lys233Thr,missense_variant,3) Uncertain significance,K233T,1.0
K233T,0.05443052,inhA,Isoniazid,p.Lys233Thr,missense_variant,3) Uncertain significance,K233T,1.0
M130V,0.04524878,inhA,Ethionamide,p.Met130Val,missense_variant,3) Uncertain significance,M130V,0.0
M130V,0.04524878,inhA,Isoniazid,p.Met130Val,missense_variant,3) Uncertain significance,M130V,1.0
M161V,0.054420907,inhA,Ethionamide,p.Met161Val,missense_variant,3) Uncertain significance,M161V,1.0
F41S,0.053132866,inhA,Ethionamide,p.Phe41Ser,missense_variant,3) Uncertain significance,F41S,1.0
F41S,0.053132866,inhA,Isoniazid,p.Phe41Ser,missense_variant,3) Uncertain significance,F41S,1.0
P107S,0.06406382,inhA,Ethionamide,p.Pro107Ser,missense_variant,3) Uncertain significance,P107S,1.0
P107S,0.06406382,inhA,Isoniazid,p.Pro107Ser,missense_variant,3) Uncertain significance,P107S,1.0
S94A,0.0482173,inhA,Ethionamide,p.Ser94Ala,missense_variant,2) Assoc w R - Interim,S94A,0.8309859154929577
S94A,0.0482173,inhA,Isoniazid,p.Ser94Ala,missense_variant,2) Assoc w R - Interim,S94A,0.8875
T162M,0.044054337,inhA,Ethionamide,p.Thr162Met,missense_variant,3) Uncertain significance,T162M,0.5
T162S,0.039228212,inhA,Ethionamide,p.Thr162Ser,missense_variant,3) Uncertain significance,T162S,0.1111111111111111
T162S,0.039228212,inhA,Isoniazid,p.Thr162Ser,missense_variant,3) Uncertain significance,T162S,1.0
T236M,0.06285909,inhA,Ethionamide,p.Thr236Met,missense_variant,3) Uncertain significance,T236M,0.5
T236M,0.06285909,inhA,Isoniazid,p.Thr236Met,missense_variant,3) Uncertain significance,T236M,1.0
T2P,0.052579746,inhA,Ethionamide,p.Thr2Pro,missense_variant,3) Uncertain significance,T2P,0.0
T2P,0.052579746,inhA,Isoniazid,p.Thr2Pro,missense_variant,3) Uncertain significance,T2P,1.0
T51A,0.046385866,inhA,Ethionamide,p.Thr51Ala,missense_variant,3) Uncertain significance,T51A,1.0
Y182H,0.07141116,inhA,Ethionamide,p.Tyr182His,missense_variant,3) Uncertain significance,Y182H,0.0
Y182H,0.07141116,inhA,Isoniazid,p.Tyr182His,missense_variant,3) Uncertain significance,Y182H,0.0
V171I,0.034097515,inhA,Ethionamide,p.Val171Ile,missense_variant,3) Uncertain significance,V171I,0.0
V171I,0.034097515,inhA,Isoniazid,p.Val171Ile,missense_variant,3) Uncertain significance,V171I,0.0
V203A,0.0489596,inhA,Ethionamide,p.Val203Ala,missense_variant,3) Uncertain significance,V203A,0.0
V203A,0.0489596,inhA,Isoniazid,p.Val203Ala,missense_variant,3) Uncertain significance,V203A,0.0
V78A,0.049235076,inhA,Ethionamide,p.Val78Ala,missense_variant,3) Uncertain significance,V78A,0.0
V78A,0.049235076,inhA,Isoniazid,p.Val78Ala,missense_variant,5) Not assoc w R,V78A,0.11428571428571428
V91A,0.10678614,inhA,Ethionamide,p.Val91Ala,missense_variant,3) Uncertain significance,V91A,0.0
V91A,0.10678614,inhA,Isoniazid,p.Val91Ala,missense_variant,3) Uncertain significance,V91A,0.0
V92M,0.08776058,inhA,Ethionamide,p.Val92Met,missense_variant,3) Uncertain significance,V92M,1.0
V92M,0.08776058,inhA,Isoniazid,p.Val92Met,missense_variant,3) Uncertain significance,V92M,1.0
A114G,0.047761865,inhA,Isoniazid,p.Ala114Gly,missense_variant,3) Uncertain significance,A114G,0.0
A191T,0.038963825,inhA,Isoniazid,p.Ala191Thr,missense_variant,3) Uncertain significance,A191T,1.0
A213V,0.048075773,inhA,Isoniazid,p.Ala213Val,missense_variant,3) Uncertain significance,A213V,0.0
A252T,0.066824645,inhA,Isoniazid,p.Ala252Thr,missense_variant,3) Uncertain significance,A252T,0.0
A252V,0.046535254,inhA,Isoniazid,p.Ala252Val,missense_variant,3) Uncertain significance,A252V,0.5
A26T,0.04488222,inhA,Isoniazid,p.Ala26Thr,missense_variant,3) Uncertain significance,A26T,1.0
A58V,0.059720624,inhA,Isoniazid,p.Ala58Val,missense_variant,3) Uncertain significance,A58V,0.0
N139S,0.05829769,inhA,Isoniazid,p.Asn139Ser,missense_variant,3) Uncertain significance,N139S,0.0
N139Y,0.08113477,inhA,Isoniazid,p.Asn139Tyr,missense_variant,3) Uncertain significance,N139Y,0.0
D42A,0.070728205,inhA,Isoniazid,p.Asp42Ala,missense_variant,3) Uncertain significance,D42A,0.0
Q100H,0.044808425,inhA,Isoniazid,p.Gln100His,missense_variant,3) Uncertain significance,Q100H,0.0
Q214R,0.07363967,inhA,Isoniazid,p.Gln214Arg,missense_variant,3) Uncertain significance,Q214R,0.0
Q216R,0.08304076,inhA,Isoniazid,p.Gln216Arg,missense_variant,3) Uncertain significance,Q216R,0.0
E219A,0.07735107,inhA,Isoniazid,p.Glu219Ala,missense_variant,3) Uncertain significance,E219A,0.0
E31K,0.101002425,inhA,Isoniazid,p.Glu31Lys,missense_variant,3) Uncertain significance,E31K,0.0
G141R,0.06346587,inhA,Isoniazid,p.Gly141Arg,missense_variant,3) Uncertain significance,G141R,0.0
G142S,0.14479099,inhA,Isoniazid,p.Gly142Ser,missense_variant,3) Uncertain significance,G142S,0.0
G183R,0.10613883,inhA,Isoniazid,p.Gly183Arg,missense_variant,3) Uncertain significance,G183R,0.0
G183D,0.07462497,inhA,Isoniazid,p.Gly183Asp,missense_variant,3) Uncertain significance,G183D,0.0
G183S,0.08474876,inhA,Isoniazid,p.Gly183Ser,missense_variant,3) Uncertain significance,G183S,0.6666666666666666
G33D,0.09880101,inhA,Isoniazid,p.Gly33Asp,missense_variant,3) Uncertain significance,G33D,0.0
G33S,0.099041134,inhA,Isoniazid,p.Gly33Ser,missense_variant,3) Uncertain significance,G33S,1.0
H24Q,0.05844227,inhA,Isoniazid,p.His24Gln,missense_variant,3) Uncertain significance,H24Q,1.0
H70D,0.084467605,inhA,Isoniazid,p.His70Asp,missense_variant,3) Uncertain significance,H70D,0.0
I15L,0.050130628,inhA,Isoniazid,p.Ile15Leu,missense_variant,3) Uncertain significance,I15L,1.0
I16V,0.04474644,inhA,Isoniazid,p.Ile16Val,missense_variant,3) Uncertain significance,I16V,1.0
I50V,0.049325857,inhA,Isoniazid,p.Ile50Val,missense_variant,3) Uncertain significance,I50V,1.0
L268F,0.03503053,inhA,Isoniazid,p.Leu268Phe,missense_variant,3) Uncertain significance,L268F,0.0
L61V,0.046070844,inhA,Isoniazid,p.Leu61Val,missense_variant,3) Uncertain significance,L61V,1.0
K118E,0.085127294,inhA,Isoniazid,p.Lys118Glu,missense_variant,3) Uncertain significance,K118E,0.0
M103V,0.047416747,inhA,Isoniazid,p.Met103Val,missense_variant,3) Uncertain significance,M103V,0.5
M155I,0.037250206,inhA,Isoniazid,p.Met155Ile,missense_variant,3) Uncertain significance,M155I,0.0
M155L,0.035889056,inhA,Isoniazid,p.Met155Leu,missense_variant,3) Uncertain significance,M155L,1.0
P140L,0.15228924,inhA,Isoniazid,p.Pro140Leu,missense_variant,3) Uncertain significance,P140L,0.0
P55L,0.091004975,inhA,Isoniazid,p.Pro55Leu,missense_variant,3) Uncertain significance,P55L,0.0
S143C,0.11294848,inhA,Isoniazid,p.Ser143Cys,missense_variant,3) Uncertain significance,S143C,0.0
S19A,0.035822842,inhA,Isoniazid,p.Ser19Ala,missense_variant,3) Uncertain significance,S19A,0.0
S19L,0.11665411,inhA,Isoniazid,p.Ser19Leu,missense_variant,3) Uncertain significance,S19L,0.0
T266A,0.035308365,inhA,Isoniazid,p.Thr266Ala,missense_variant,3) Uncertain significance,T266A,0.0
T2A,0.05157903,inhA,Isoniazid,p.Thr2Ala,missense_variant,3) Uncertain significance,T2A,0.0
V12I,0.057824466,inhA,Isoniazid,p.Val12Ile,missense_variant,3) Uncertain significance,V12I,0.0
V189I,0.04724847,inhA,Isoniazid,p.Val189Ile,missense_variant,3) Uncertain significance,V189I,0.0
V28L,0.06011419,inhA,Isoniazid,p.Val28Leu,missense_variant,3) Uncertain significance,V28L,1.0
V65A,0.062951684,inhA,Isoniazid,p.Val65Ala,missense_variant,3) Uncertain significance,V65A,1.0
A10V,0.031147763,fgd1,Clofazimine,p.Ala10Val,missense_variant,3) Uncertain significance,A10V,0.0
A10V,0.031147763,fgd1,Delamanid,p.Ala10Val,missense_variant,3) Uncertain significance,A10V,0.0
A188T,0.03166053,fgd1,Clofazimine,p.Ala188Thr,missense_variant,3) Uncertain significance,A188T,0.0
A188T,0.03166053,fgd1,Delamanid,p.Ala188Thr,missense_variant,3) Uncertain significance,A188T,0.0
A216G,0.056852892,fgd1,Clofazimine,p.Ala216Gly,missense_variant,3) Uncertain significance,A216G,0.0
A216G,0.056852892,fgd1,Delamanid,p.Ala216Gly,missense_variant,3) Uncertain significance,A216G,0.0
A293V,0.035430625,fgd1,Clofazimine,p.Ala293Val,missense_variant,3) Uncertain significance,A293V,0.0
A2V,0.04467529,fgd1,Clofazimine,p.Ala2Val,missense_variant,3) Uncertain significance,A2V,0.0
A2V,0.04467529,fgd1,Delamanid,p.Ala2Val,missense_variant,3) Uncertain significance,A2V,0.0
A35V,0.06374263,fgd1,Clofazimine,p.Ala35Val,missense_variant,3) Uncertain significance,A35V,0.0
A35V,0.06374263,fgd1,Delamanid,p.Ala35Val,missense_variant,3) Uncertain significance,A35V,0.0
R187H,0.045752645,fgd1,Clofazimine,p.Arg187His,missense_variant,3) Uncertain significance,R187H,0.0
R187H,0.045752645,fgd1,Delamanid,p.Arg187His,missense_variant,3) Uncertain significance,R187H,0.0
R18C,0.08170381,fgd1,Clofazimine,p.Arg18Cys,missense_variant,3) Uncertain significance,R18C,1.0
R18C,0.08170381,fgd1,Delamanid,p.Arg18Cys,missense_variant,3) Uncertain significance,R18C,0.0
R212L,0.05500736,fgd1,Clofazimine,p.Arg212Leu,missense_variant,3) Uncertain significance,R212L,0.0
R212L,0.05500736,fgd1,Delamanid,p.Arg212Leu,missense_variant,3) Uncertain significance,R212L,0.0
R45C,0.07912757,fgd1,Clofazimine,p.Arg45Cys,missense_variant,3) Uncertain significance,R45C,0.0
R45C,0.07912757,fgd1,Delamanid,p.Arg45Cys,missense_variant,3) Uncertain significance,R45C,0.0
R64S,0.069476426,fgd1,Clofazimine,p.Arg64Ser,missense_variant,3) Uncertain significance,R64S,0.04568527918781726
R64S,0.069476426,fgd1,Delamanid,p.Arg64Ser,missense_variant,3) Uncertain significance,R64S,0.00980392156862745
N66S,0.06780364,fgd1,Clofazimine,p.Asn66Ser,missense_variant,3) Uncertain significance,N66S,0.0
N66S,0.06780364,fgd1,Delamanid,p.Asn66Ser,missense_variant,3) Uncertain significance,N66S,0.0
D190E,0.03911036,fgd1,Clofazimine,p.Asp190Glu,missense_variant,3) Uncertain significance,D190E,1.0
D190E,0.03911036,fgd1,Delamanid,p.Asp190Glu,missense_variant,3) Uncertain significance,D190E,1.0
D273G,0.0513713,fgd1,Clofazimine,p.Asp273Gly,missense_variant,3) Uncertain significance,D273G,0.0
D273G,0.0513713,fgd1,Delamanid,p.Asp273Gly,missense_variant,3) Uncertain significance,D273G,0.0
D33G,0.053705815,fgd1,Clofazimine,p.Asp33Gly,missense_variant,3) Uncertain significance,D33G,0.0
D33G,0.053705815,fgd1,Delamanid,p.Asp33Gly,missense_variant,3) Uncertain significance,D33G,0.0
Q279P,0.04768353,fgd1,Clofazimine,p.Gln279Pro,missense_variant,3) Uncertain significance,Q279P,0.0
Q279P,0.04768353,fgd1,Delamanid,p.Gln279Pro,missense_variant,3) Uncertain significance,Q279P,0.0
Q47L,0.044491578,fgd1,Clofazimine,p.Gln47Leu,missense_variant,3) Uncertain significance,Q47L,0.0
Q47L,0.044491578,fgd1,Delamanid,p.Gln47Leu,missense_variant,3) Uncertain significance,Q47L,0.0
E119D,0.030097513,fgd1,Clofazimine,p.Glu119Asp,missense_variant,3) Uncertain significance,E119D,0.0
E119D,0.030097513,fgd1,Delamanid,p.Glu119Asp,missense_variant,3) Uncertain significance,E119D,0.0
E119K,0.061211664,fgd1,Clofazimine,p.Glu119Lys,missense_variant,3) Uncertain significance,E119K,0.0
E119K,0.061211664,fgd1,Delamanid,p.Glu119Lys,missense_variant,3) Uncertain significance,E119K,0.0
E127K,0.06795859,fgd1,Clofazimine,p.Glu127Lys,missense_variant,3) Uncertain significance,E127K,0.0
E19D,0.02456646,fgd1,Clofazimine,p.Glu19Asp,missense_variant,3) Uncertain significance,E19D,1.0
E19D,0.02456646,fgd1,Delamanid,p.Glu19Asp,missense_variant,3) Uncertain significance,E19D,0.0
E240G,0.050289303,fgd1,Clofazimine,p.Glu240Gly,missense_variant,3) Uncertain significance,E240G,0.0
E240G,0.050289303,fgd1,Delamanid,p.Glu240Gly,missense_variant,3) Uncertain significance,E240G,0.0
E269K,0.067003705,fgd1,Clofazimine,p.Glu269Lys,missense_variant,3) Uncertain significance,E269K,0.0
E269K,0.067003705,fgd1,Delamanid,p.Glu269Lys,missense_variant,3) Uncertain significance,E269K,0.0
G137E,0.06858283,fgd1,Clofazimine,p.Gly137Glu,missense_variant,3) Uncertain significance,G137E,0.0
G137E,0.06858283,fgd1,Delamanid,p.Gly137Glu,missense_variant,3) Uncertain significance,G137E,0.0
G168R,0.042653296,fgd1,Clofazimine,p.Gly168Arg,missense_variant,3) Uncertain significance,G168R,0.0
G168R,0.042653296,fgd1,Delamanid,p.Gly168Arg,missense_variant,3) Uncertain significance,G168R,0.0
G169D,0.03638492,fgd1,Clofazimine,p.Gly169Asp,missense_variant,3) Uncertain significance,G169D,0.0
G169D,0.03638492,fgd1,Delamanid,p.Gly169Asp,missense_variant,3) Uncertain significance,G169D,0.0
G199R,0.040421166,fgd1,Clofazimine,p.Gly199Arg,missense_variant,3) Uncertain significance,G199R,0.0
G224D,0.04786616,fgd1,Clofazimine,p.Gly224Asp,missense_variant,3) Uncertain significance,G224D,1.0
G224D,0.04786616,fgd1,Delamanid,p.Gly224Asp,missense_variant,3) Uncertain significance,G224D,0.0
G7S,0.03461068,fgd1,Clofazimine,p.Gly7Ser,missense_variant,3) Uncertain significance,G7S,0.0
G7S,0.03461068,fgd1,Delamanid,p.Gly7Ser,missense_variant,3) Uncertain significance,G7S,0.0
H260P,0.050156817,fgd1,Clofazimine,p.His260Pro,missense_variant,3) Uncertain significance,H260P,0.0
H260P,0.050156817,fgd1,Delamanid,p.His260Pro,missense_variant,3) Uncertain significance,H260P,0.0
H315D,0.04422217,fgd1,Clofazimine,p.His315Asp,missense_variant,3) Uncertain significance,H315D,0.0
H315D,0.04422217,fgd1,Delamanid,p.His315Asp,missense_variant,3) Uncertain significance,H315D,0.0
H315Y,0.05000601,fgd1,Clofazimine,p.His315Tyr,missense_variant,3) Uncertain significance,H315Y,0.0
H315Y,0.05000601,fgd1,Delamanid,p.His315Tyr,missense_variant,3) Uncertain significance,H315Y,0.0
I229T,0.042382147,fgd1,Clofazimine,p.Ile229Thr,missense_variant,3) Uncertain significance,I229T,0.0
I229T,0.042382147,fgd1,Delamanid,p.Ile229Thr,missense_variant,3) Uncertain significance,I229T,0.0
I86L,0.03011695,fgd1,Clofazimine,p.Ile86Leu,missense_variant,3) Uncertain significance,I86L,0.0
I86L,0.03011695,fgd1,Delamanid,p.Ile86Leu,missense_variant,3) Uncertain significance,I86L,0.0
L323F,0.030537495,fgd1,Clofazimine,p.Leu323Phe,missense_variant,3) Uncertain significance,L323F,0.0
L323F,0.030537495,fgd1,Delamanid,p.Leu323Phe,missense_variant,3) Uncertain significance,L323F,0.0
K183M,0.06562876,fgd1,Clofazimine,p.Lys183Met,missense_variant,3) Uncertain significance,K183M,0.16666666666666666
K183M,0.06562876,fgd1,Delamanid,p.Lys183Met,missense_variant,3) Uncertain significance,K183M,0.16666666666666666
K183T,0.060175173,fgd1,Clofazimine,p.Lys183Thr,missense_variant,3) Uncertain significance,K183T,0.0
K183T,0.060175173,fgd1,Delamanid,p.Lys183Thr,missense_variant,3) Uncertain significance,K183T,0.0
K270M,0.060976274,fgd1,Clofazimine,p.Lys270Met,missense_variant,5) Not assoc w R,K270M,0.021217712177121772
K270M,0.060976274,fgd1,Delamanid,p.Lys270Met,missense_variant,3) Uncertain significance,K270M,0.014213197969543147
K296R,0.041196104,fgd1,Clofazimine,p.Lys296Arg,missense_variant,3) Uncertain significance,K296R,0.0
K296R,0.041196104,fgd1,Delamanid,p.Lys296Arg,missense_variant,3) Uncertain significance,K296R,0.0
K296E,0.070247896,fgd1,Clofazimine,p.Lys296Glu,missense_variant,3) Uncertain significance,K296E,0.0
K296E,0.070247896,fgd1,Delamanid,p.Lys296Glu,missense_variant,3) Uncertain significance,K296E,0.0
M93T,0.056433853,fgd1,Clofazimine,p.Met93Thr,missense_variant,3) Uncertain significance,M93T,0.1875
M93T,0.056433853,fgd1,Delamanid,p.Met93Thr,missense_variant,3) Uncertain significance,M93T,0.0
F90S,0.06173979,fgd1,Clofazimine,p.Phe90Ser,missense_variant,3) Uncertain significance,F90S,0.0
P166L,0.059440967,fgd1,Clofazimine,p.Pro166Leu,missense_variant,3) Uncertain significance,P166L,0.0
P166L,0.059440967,fgd1,Delamanid,p.Pro166Leu,missense_variant,3) Uncertain significance,P166L,0.0
P171T,0.051565778,fgd1,Clofazimine,p.Pro171Thr,missense_variant,3) Uncertain significance,P171T,0.0
P52L,0.060462415,fgd1,Clofazimine,p.Pro52Leu,missense_variant,3) Uncertain significance,P52L,0.0
S54P,0.033092223,fgd1,Clofazimine,p.Ser54Pro,missense_variant,3) Uncertain significance,S54P,0.0
T255A,0.03657191,fgd1,Clofazimine,p.Thr255Ala,missense_variant,3) Uncertain significance,T255A,0.0
T255A,0.03657191,fgd1,Delamanid,p.Thr255Ala,missense_variant,3) Uncertain significance,T255A,0.0
T255P,0.037391763,fgd1,Clofazimine,p.Thr255Pro,missense_variant,3) Uncertain significance,T255P,0.0
T255P,0.037391763,fgd1,Delamanid,p.Thr255Pro,missense_variant,3) Uncertain significance,T255P,0.0
Y118S,0.042143263,fgd1,Clofazimine,p.Tyr118Ser,missense_variant,3) Uncertain significance,Y118S,0.0
Y118S,0.042143263,fgd1,Delamanid,p.Tyr118Ser,missense_variant,3) Uncertain significance,Y118S,0.0
Y163C,0.077657804,fgd1,Clofazimine,p.Tyr163Cys,missense_variant,3) Uncertain significance,Y163C,0.0
Y163C,0.077657804,fgd1,Delamanid,p.Tyr163Cys,missense_variant,3) Uncertain significance,Y163C,0.0
Y81H,0.053865504,fgd1,Clofazimine,p.Tyr81His,missense_variant,3) Uncertain significance,Y81H,0.0
Y81H,0.053865504,fgd1,Delamanid,p.Tyr81His,missense_variant,3) Uncertain significance,Y81H,0.0
V136M,0.04760899,fgd1,Clofazimine,p.Val136Met,missense_variant,3) Uncertain significance,V136M,0.0
V136M,0.04760899,fgd1,Delamanid,p.Val136Met,missense_variant,3) Uncertain significance,V136M,0.0
V170M,0.047081217,fgd1,Clofazimine,p.Val170Met,missense_variant,5) Not assoc w R,V170M,0.017699115044247787
V170M,0.047081217,fgd1,Delamanid,p.Val170Met,missense_variant,3) Uncertain significance,V170M,0.017241379310344827
V286A,0.06278383,fgd1,Clofazimine,p.Val286Ala,missense_variant,3) Uncertain significance,V286A,0.0
V286A,0.06278383,fgd1,Delamanid,p.Val286Ala,missense_variant,3) Uncertain significance,V286A,0.0
V294A,0.033060946,fgd1,Clofazimine,p.Val294Ala,missense_variant,3) Uncertain significance,V294A,0.0
V294A,0.033060946,fgd1,Delamanid,p.Val294Ala,missense_variant,3) Uncertain significance,V294A,0.0
V37G,0.12602484,fgd1,Clofazimine,p.Val37Gly,missense_variant,3) Uncertain significance,V37G,0.0
V37G,0.12602484,fgd1,Delamanid,p.Val37Gly,missense_variant,3) Uncertain significance,V37G,0.0
M139I,0.046234503,fgd1,Delamanid,p.Met139Ile,missense_variant,3) Uncertain significance,M139I,0.0
S56C,0.07021524,fgd1,Delamanid,p.Ser56Cys,missense_variant,3) Uncertain significance,S56C,0.0
A106V,0.020925501,katG,Isoniazid,p.Ala106Val,missense_variant,3) Uncertain significance,A106V,1.0
A109P,0.042497866,katG,Isoniazid,p.Ala109Pro,missense_variant,3) Uncertain significance,A109P,1.0
A109T,0.021656657,katG,Isoniazid,p.Ala109Thr,missense_variant,3) Uncertain significance,A109T,0.9259259259259259
A109V,0.022231348,katG,Isoniazid,p.Ala109Val,missense_variant,3) Uncertain significance,A109V,1.0
A110P,0.035431366,katG,Isoniazid,p.Ala110Pro,missense_variant,3) Uncertain significance,A110P,1.0
A110T,0.024596877,katG,Isoniazid,p.Ala110Thr,missense_variant,3) Uncertain significance,A110T,0.6
A110V,0.02137581,katG,Isoniazid,p.Ala110Val,missense_variant,3) Uncertain significance,A110V,1.0
A122D,0.02616787,katG,Isoniazid,p.Ala122Asp,missense_variant,3) Uncertain significance,A122D,1.0
A122P,0.02647511,katG,Isoniazid,p.Ala122Pro,missense_variant,3) Uncertain significance,A122P,0.0
A122T,0.02133151,katG,Isoniazid,p.Ala122Thr,missense_variant,3) Uncertain significance,A122T,1.0
A130E,0.02115681,katG,Isoniazid,p.Ala130Glu,missense_variant,3) Uncertain significance,A130E,1.0
A130T,0.017244687,katG,Isoniazid,p.Ala130Thr,missense_variant,3) Uncertain significance,A130T,1.0
A139P,0.031817917,katG,Isoniazid,p.Ala139Pro,missense_variant,3) Uncertain significance,A139P,1.0
A139T,0.02467462,katG,Isoniazid,p.Ala139Thr,missense_variant,3) Uncertain significance,A139T,0.0
A144T,0.03133666,katG,Isoniazid,p.Ala144Thr,missense_variant,3) Uncertain significance,A144T,0.5
A144V,0.022532575,katG,Isoniazid,p.Ala144Val,missense_variant,3) Uncertain significance,A144V,0.6666666666666666
A15V,0.030240662,katG,Isoniazid,p.Ala15Val,missense_variant,3) Uncertain significance,A15V,0.0
A162E,0.03523124,katG,Isoniazid,p.Ala162Glu,missense_variant,3) Uncertain significance,A162E,1.0
A162G,0.029933438,katG,Isoniazid,p.Ala162Gly,missense_variant,3) Uncertain significance,A162G,0.0
A162T,0.025381088,katG,Isoniazid,p.Ala162Thr,missense_variant,3) Uncertain significance,A162T,0.5
A162V,0.03176647,katG,Isoniazid,p.Ala162Val,missense_variant,3) Uncertain significance,A162V,0.25
A168T,0.025247665,katG,Isoniazid,p.Ala168Thr,missense_variant,3) Uncertain significance,A168T,1.0
A168V,0.026651781,katG,Isoniazid,p.Ala168Val,missense_variant,3) Uncertain significance,A168V,0.0
A172T,0.024502533,katG,Isoniazid,p.Ala172Thr,missense_variant,3) Uncertain significance,A172T,1.0
A172V,0.02082037,katG,Isoniazid,p.Ala172Val,missense_variant,3) Uncertain significance,A172V,1.0
A202S,0.019645391,katG,Isoniazid,p.Ala202Ser,missense_variant,3) Uncertain significance,A202S,0.0
A222T,0.023462005,katG,Isoniazid,p.Ala222Thr,missense_variant,3) Uncertain significance,A222T,1.0
A243T,0.018239891,katG,Isoniazid,p.Ala243Thr,missense_variant,3) Uncertain significance,A243T,0.6666666666666666
A244G,0.021974115,katG,Isoniazid,p.Ala244Gly,missense_variant,3) Uncertain significance,A244G,0.6
A256G,0.063528635,katG,Isoniazid,p.Ala256Gly,missense_variant,3) Uncertain significance,A256G,0.6666666666666666
A256T,0.027543763,katG,Isoniazid,p.Ala256Thr,missense_variant,3) Uncertain significance,A256T,1.0
A256V,0.02718463,katG,Isoniazid,p.Ala256Val,missense_variant,3) Uncertain significance,A256V,1.0
A263P,0.048127983,katG,Isoniazid,p.Ala263Pro,missense_variant,3) Uncertain significance,A263P,1.0
A264T,0.038057722,katG,Isoniazid,p.Ala264Thr,missense_variant,3) Uncertain significance,A264T,1.0
A264V,0.062823445,katG,Isoniazid,p.Ala264Val,missense_variant,3) Uncertain significance,A264V,0.75
A281T,0.025323037,katG,Isoniazid,p.Ala281Thr,missense_variant,3) Uncertain significance,A281T,0.0
A290P,0.028490914,katG,Isoniazid,p.Ala290Pro,missense_variant,3) Uncertain significance,A290P,1.0
A291D,0.03335482,katG,Isoniazid,p.Ala291Asp,missense_variant,3) Uncertain significance,A291D,1.0
A312P,0.030893486,katG,Isoniazid,p.Ala312Pro,missense_variant,3) Uncertain significance,A312P,0.5
A348G,0.023479547,katG,Isoniazid,p.Ala348Gly,missense_variant,3) Uncertain significance,A348G,0.5
A379T,0.018542234,katG,Isoniazid,p.Ala379Thr,missense_variant,3) Uncertain significance,A379T,1.0
A379V,0.022737736,katG,Isoniazid,p.Ala379Val,missense_variant,3) Uncertain significance,A379V,0.8333333333333334
A411D,0.032300852,katG,Isoniazid,p.Ala411Asp,missense_variant,3) Uncertain significance,A411D,1.0
A424G,0.025537353,katG,Isoniazid,p.Ala424Gly,missense_variant,3) Uncertain significance,A424G,1.0
A424V,0.02465815,katG,Isoniazid,p.Ala424Val,missense_variant,3) Uncertain significance,A424V,0.0
A476G,0.077110045,katG,Isoniazid,p.Ala476Gly,missense_variant,3) Uncertain significance,A476G,1.0
A476V,0.02898865,katG,Isoniazid,p.Ala476Val,missense_variant,3) Uncertain significance,A476V,0.5
A479E,0.06546999,katG,Isoniazid,p.Ala479Glu,missense_variant,3) Uncertain significance,A479E,1.0
A479G,0.065650806,katG,Isoniazid,p.Ala479Gly,missense_variant,3) Uncertain significance,A479G,1.0
A479V,0.025690414,katG,Isoniazid,p.Ala479Val,missense_variant,3) Uncertain significance,A479V,0.0
A480Q,0.0577728,katG,Isoniazid,p.Ala480Gln,missense_variant,3) Uncertain significance,A480Q,0.0
A480S,0.053435758,katG,Isoniazid,p.Ala480Ser,missense_variant,3) Uncertain significance,A480S,0.7
A492D,0.033853825,katG,Isoniazid,p.Ala492Asp,missense_variant,3) Uncertain significance,A492D,1.0
A492V,0.035256326,katG,Isoniazid,p.Ala492Val,missense_variant,3) Uncertain significance,A492V,1.0
A531S,0.03371065,katG,Isoniazid,p.Ala531Ser,missense_variant,3) Uncertain significance,A531S,1.0
A532P,0.032267887,katG,Isoniazid,p.Ala532Pro,missense_variant,3) Uncertain significance,A532P,0.0
A53T,0.024760602,katG,Isoniazid,p.Ala53Thr,missense_variant,3) Uncertain significance,A53T,0.0
A541T,0.02200414,katG,Isoniazid,p.Ala541Thr,missense_variant,3) Uncertain significance,A541T,0.25
A541V,0.034835853,katG,Isoniazid,p.Ala541Val,missense_variant,3) Uncertain significance,A541V,1.0
A550P,0.04870496,katG,Isoniazid,p.Ala550Pro,missense_variant,3) Uncertain significance,A550P,1.0
A550T,0.030876208,katG,Isoniazid,p.Ala550Thr,missense_variant,3) Uncertain significance,A550T,1.0
A551G,0.03531952,katG,Isoniazid,p.Ala551Gly,missense_variant,3) Uncertain significance,A551G,1.0
A555P,0.11869399,katG,Isoniazid,p.Ala555Pro,missense_variant,3) Uncertain significance,A555P,1.0
A556E,0.106170796,katG,Isoniazid,p.Ala556Glu,missense_variant,3) Uncertain significance,A556E,1.0
A558R,0.047454454,katG,Isoniazid,p.Ala558Arg,missense_variant,3) Uncertain significance,A558R,0.0
A559V,0.0607674,katG,Isoniazid,p.Ala559Val,missense_variant,3) Uncertain significance,A559V,0.0
A574V,0.027237369,katG,Isoniazid,p.Ala574Val,missense_variant,3) Uncertain significance,A574V,0.0
A591T,0.020329764,katG,Isoniazid,p.Ala591Thr,missense_variant,3) Uncertain significance,A591T,0.25
A606P,0.026632378,katG,Isoniazid,p.Ala606Pro,missense_variant,3) Uncertain significance,A606P,0.0
A606T,0.031249892,katG,Isoniazid,p.Ala606Thr,missense_variant,3) Uncertain significance,A606T,0.0
A60G,0.031091407,katG,Isoniazid,p.Ala60Gly,missense_variant,3) Uncertain significance,A60G,0.0
A60T,0.027320514,katG,Isoniazid,p.Ala60Thr,missense_variant,3) Uncertain significance,A60T,0.0
A60V,0.029477535,katG,Isoniazid,p.Ala60Val,missense_variant,3) Uncertain significance,A60V,0.0
A614E,0.04182163,katG,Isoniazid,p.Ala614Glu,missense_variant,3) Uncertain significance,A614E,1.0
A614T,0.02264511,katG,Isoniazid,p.Ala614Thr,missense_variant,3) Uncertain significance,A614T,0.6666666666666666
A61P,0.03971098,katG,Isoniazid,p.Ala61Pro,missense_variant,3) Uncertain significance,A61P,1.0
A61S,0.030442042,katG,Isoniazid,p.Ala61Ser,missense_variant,3) Uncertain significance,A61S,0.0
A621D,0.03584576,katG,Isoniazid,p.Ala621Asp,missense_variant,3) Uncertain significance,A621D,1.0
A621G,0.025200536,katG,Isoniazid,p.Ala621Gly,missense_variant,3) Uncertain significance,A621G,0.0
A621T,0.02654002,katG,Isoniazid,p.Ala621Thr,missense_variant,3) Uncertain significance,A621T,1.0
A649T,0.019075874,katG,Isoniazid,p.Ala649Thr,missense_variant,3) Uncertain significance,A649T,0.6666666666666666
A706T,0.041393057,katG,Isoniazid,p.Ala706Thr,missense_variant,3) Uncertain significance,A706T,1.0
A713P,0.039240528,katG,Isoniazid,p.Ala713Pro,missense_variant,3) Uncertain significance,A713P,1.0
A716G,0.035081845,katG,Isoniazid,p.Ala716Gly,missense_variant,3) Uncertain significance,A716G,1.0
A716T,0.04122921,katG,Isoniazid,p.Ala716Thr,missense_variant,3) Uncertain significance,A716T,0.0
A726T,0.03778989,katG,Isoniazid,p.Ala726Thr,missense_variant,3) Uncertain significance,A726T,0.5555555555555556
A727T,0.02438286,katG,Isoniazid,p.Ala727Thr,missense_variant,3) Uncertain significance,A727T,0.0
A75V,0.039630167,katG,Isoniazid,p.Ala75Val,missense_variant,3) Uncertain significance,A75V,1.0
A93D,0.021535994,katG,Isoniazid,p.Ala93Asp,missense_variant,3) Uncertain significance,A93D,1.0
R104Q,0.027785309,katG,Isoniazid,p.Arg104Gln,missense_variant,3) Uncertain significance,R104Q,0.75
R104L,0.046560206,katG,Isoniazid,p.Arg104Leu,missense_variant,3) Uncertain significance,R104L,1.0
R104P,0.034353666,katG,Isoniazid,p.Arg104Pro,missense_variant,3) Uncertain significance,R104P,1.0
R104W,0.0393069,katG,Isoniazid,p.Arg104Trp,missense_variant,3) Uncertain significance,R104W,1.0
R128Q,0.025887363,katG,Isoniazid,p.Arg128Gln,missense_variant,3) Uncertain significance,R128Q,1.0
R128G,0.030090041,katG,Isoniazid,p.Arg128Gly,missense_variant,3) Uncertain significance,R128G,1.0
R128W,0.045984574,katG,Isoniazid,p.Arg128Trp,missense_variant,3) Uncertain significance,R128W,1.0
R145C,0.062607095,katG,Isoniazid,p.Arg145Cys,missense_variant,3) Uncertain significance,R145C,0.75
R145H,0.03740349,katG,Isoniazid,p.Arg145His,missense_variant,3) Uncertain significance,R145H,1.0
R145P,0.060790755,katG,Isoniazid,p.Arg145Pro,missense_variant,3) Uncertain significance,R145P,1.0
R146Q,0.045510653,katG,Isoniazid,p.Arg146Gln,missense_variant,3) Uncertain significance,R146Q,1.0
R146G,0.0452862,katG,Isoniazid,p.Arg146Gly,missense_variant,3) Uncertain significance,R146G,1.0
R146L,0.043778107,katG,Isoniazid,p.Arg146Leu,missense_variant,3) Uncertain significance,R146L,0.0
R187W,0.03460081,katG,Isoniazid,p.Arg187Trp,missense_variant,3) Uncertain significance,R187W,1.0
R249C,0.07985778,katG,Isoniazid,p.Arg249Cys,missense_variant,3) Uncertain significance,R249C,0.5
R249G,0.043190837,katG,Isoniazid,p.Arg249Gly,missense_variant,3) Uncertain significance,R249G,1.0
R249H,0.033315543,katG,Isoniazid,p.Arg249His,missense_variant,3) Uncertain significance,R249H,0.5
R249L,0.037697956,katG,Isoniazid,p.Arg249Leu,missense_variant,3) Uncertain significance,R249L,1.0
R249P,0.057443745,katG,Isoniazid,p.Arg249Pro,missense_variant,3) Uncertain significance,R249P,1.0
R249S,0.03272681,katG,Isoniazid,p.Arg249Ser,missense_variant,3) Uncertain significance,R249S,0.3333333333333333
R253P,0.06722365,katG,Isoniazid,p.Arg253Pro,missense_variant,3) Uncertain significance,R253P,1.0
R254H,0.037922632,katG,Isoniazid,p.Arg254His,missense_variant,3) Uncertain significance,R254H,1.0
R254S,0.043816447,katG,Isoniazid,p.Arg254Ser,missense_variant,3) Uncertain significance,R254S,0.0
R395L,0.06023236,katG,Isoniazid,p.Arg395Leu,missense_variant,3) Uncertain significance,R395L,1.0
R425G,0.040537562,katG,Isoniazid,p.Arg425Gly,missense_variant,3) Uncertain significance,R425G,1.0
R463L,0.0698414,katG,Isoniazid,p.Arg463Leu,missense_variant,5) Not assoc w R,R463L,0.48332796391752575
R463W,0.089243785,katG,Isoniazid,p.Arg463Trp,missense_variant,3) Uncertain significance,R463W,1.0
R484H,0.037198637,katG,Isoniazid,p.Arg484His,missense_variant,3) Uncertain significance,R484H,1.0
R489C,0.1266846,katG,Isoniazid,p.Arg489Cys,missense_variant,3) Uncertain significance,R489C,0.6666666666666666
R489S,0.04397191,katG,Isoniazid,p.Arg489Ser,missense_variant,3) Uncertain significance,R489S,0.0
R496H,0.04151256,katG,Isoniazid,p.Arg496His,missense_variant,3) Uncertain significance,R496H,0.5
R496L,0.044442207,katG,Isoniazid,p.Arg496Leu,missense_variant,3) Uncertain significance,R496L,0.0
R498C,0.09866141,katG,Isoniazid,p.Arg498Cys,missense_variant,3) Uncertain significance,R498C,0.0
R498H,0.040614046,katG,Isoniazid,p.Arg498His,missense_variant,3) Uncertain significance,R498H,1.0
R498L,0.04054837,katG,Isoniazid,p.Arg498Leu,missense_variant,3) Uncertain significance,R498L,1.0
R498S,0.03137469,katG,Isoniazid,p.Arg498Ser,missense_variant,3) Uncertain significance,R498S,0.0
R515H,0.044594876,katG,Isoniazid,p.Arg515His,missense_variant,3) Uncertain significance,R515H,0.0
R519H,0.043309804,katG,Isoniazid,p.Arg519His,missense_variant,3) Uncertain significance,R519H,0.0
R571G,0.03346099,katG,Isoniazid,p.Arg571Gly,missense_variant,3) Uncertain significance,R571G,1.0
R571H,0.03737003,katG,Isoniazid,p.Arg571His,missense_variant,3) Uncertain significance,R571H,0.75
R571L,0.03287006,katG,Isoniazid,p.Arg571Leu,missense_variant,3) Uncertain significance,R571L,1.0
R595Q,0.033946965,katG,Isoniazid,p.Arg595Gln,missense_variant,3) Uncertain significance,R595Q,1.0
R595L,0.032379672,katG,Isoniazid,p.Arg595Leu,missense_variant,3) Uncertain significance,R595L,0.0
R632C,0.10472264,katG,Isoniazid,p.Arg632Cys,missense_variant,3) Uncertain significance,R632C,1.0
R693H,0.040110543,katG,Isoniazid,p.Arg693His,missense_variant,3) Uncertain significance,R693H,1.0
R705L,0.052562885,katG,Isoniazid,p.Arg705Leu,missense_variant,3) Uncertain significance,R705L,0.0
R705W,0.05123973,katG,Isoniazid,p.Arg705Trp,missense_variant,3) Uncertain significance,R705W,1.0
R736K,0.046419576,katG,Isoniazid,p.Arg736Lys,missense_variant,3) Uncertain significance,R736K,0.0
R736S,0.033696935,katG,Isoniazid,p.Arg736Ser,missense_variant,3) Uncertain significance,R736S,0.0
R78P,0.05261002,katG,Isoniazid,p.Arg78Pro,missense_variant,3) Uncertain significance,R78P,1.0
N133S,0.031769905,katG,Isoniazid,p.Asn133Ser,missense_variant,3) Uncertain significance,N133S,1.0
N133T,0.025663296,katG,Isoniazid,p.Asn133Thr,missense_variant,3) Uncertain significance,N133T,1.0
N138D,0.030680083,katG,Isoniazid,p.Asn138Asp,missense_variant,3) Uncertain significance,N138D,0.75
N138H,0.038637254,katG,Isoniazid,p.Asn138His,missense_variant,3) Uncertain significance,N138H,1.0
N138S,0.03213567,katG,Isoniazid,p.Asn138Ser,missense_variant,3) Uncertain significance,N138S,1.0
N170K,0.048452873,katG,Isoniazid,p.Asn170Lys,missense_variant,3) Uncertain significance,N170K,1.0
N236K,0.05727481,katG,Isoniazid,p.Asn236Lys,missense_variant,3) Uncertain significance,N236K,0.0
N238T,0.030429967,katG,Isoniazid,p.Asn238Thr,missense_variant,3) Uncertain significance,N238T,1.0
N323S,0.031299517,katG,Isoniazid,p.Asn323Ser,missense_variant,3) Uncertain significance,N323S,0.0
N35H,0.03443985,katG,Isoniazid,p.Asn35His,missense_variant,3) Uncertain significance,N35H,0.0
N35T,0.02058246,katG,Isoniazid,p.Asn35Thr,missense_variant,3) Uncertain significance,N35T,1.0
N493G,0.045332123,katG,Isoniazid,p.Asn493Gly,missense_variant,3) Uncertain significance,N493G,1.0
N493H,0.044056397,katG,Isoniazid,p.Asn493His,missense_variant,3) Uncertain significance,N493H,1.0
N493K,0.0466694,katG,Isoniazid,p.Asn493Lys,missense_variant,3) Uncertain significance,N493K,0.6666666666666666
N493S,0.03969857,katG,Isoniazid,p.Asn493Ser,missense_variant,3) Uncertain significance,N493S,1.0
N508D,0.036695253,katG,Isoniazid,p.Asn508Asp,missense_variant,3) Uncertain significance,N508D,1.0
N51T,0.030081047,katG,Isoniazid,p.Asn51Thr,missense_variant,3) Uncertain significance,N51T,0.0
N529H,0.057145447,katG,Isoniazid,p.Asn529His,missense_variant,3) Uncertain significance,N529H,1.0
N529T,0.036649253,katG,Isoniazid,p.Asn529Thr,missense_variant,3) Uncertain significance,N529T,0.6666666666666666
N535T,0.052308593,katG,Isoniazid,p.Asn535Thr,missense_variant,3) Uncertain significance,N535T,0.0
N562H,0.049065128,katG,Isoniazid,p.Asn562His,missense_variant,3) Uncertain significance,N562H,0.18181818181818182
N596K,0.041512717,katG,Isoniazid,p.Asn596Lys,missense_variant,3) Uncertain significance,N596K,1.0
N596S,0.033887863,katG,Isoniazid,p.Asn596Ser,missense_variant,3) Uncertain significance,N596S,1.0
N596T,0.03161609,katG,Isoniazid,p.Asn596Thr,missense_variant,3) Uncertain significance,N596T,0.6666666666666666
N637K,0.036299862,katG,Isoniazid,p.Asn637Lys,missense_variant,3) Uncertain significance,N637K,1.0
N637Y,0.03333088,katG,Isoniazid,p.Asn637Tyr,missense_variant,3) Uncertain significance,N637Y,0.0
N655D,0.034503654,katG,Isoniazid,p.Asn655Asp,missense_variant,3) Uncertain significance,N655D,1.0
N660A,0.03552189,katG,Isoniazid,p.Asn660Ala,missense_variant,3) Uncertain significance,N660A,0.0
N660D,0.036716353,katG,Isoniazid,p.Asn660Asp,missense_variant,3) Uncertain significance,N660D,0.75
N660H,0.04466376,katG,Isoniazid,p.Asn660His,missense_variant,3) Uncertain significance,N660H,1.0
D142A,0.03122208,katG,Isoniazid,p.Asp142Ala,missense_variant,3) Uncertain significance,D142A,1.0
D142N,0.02564919,katG,Isoniazid,p.Asp142Asn,missense_variant,3) Uncertain significance,D142N,1.0
D142C,0.08676485,katG,Isoniazid,p.Asp142Cys,missense_variant,3) Uncertain significance,D142C,1.0
D142G,0.030688897,katG,Isoniazid,p.Asp142Gly,missense_variant,3) Uncertain significance,D142G,0.8333333333333334
D163N,0.035509456,katG,Isoniazid,p.Asp163Asn,missense_variant,3) Uncertain significance,D163N,1.0
D163E,0.03500324,katG,Isoniazid,p.Asp163Glu,missense_variant,3) Uncertain significance,D163E,1.0
D189A,0.02573878,katG,Isoniazid,p.Asp189Ala,missense_variant,3) Uncertain significance,D189A,1.0
D189N,0.02275023,katG,Isoniazid,p.Asp189Asn,missense_variant,3) Uncertain significance,D189N,1.0
D189G,0.022846935,katG,Isoniazid,p.Asp189Gly,missense_variant,3) Uncertain significance,D189G,0.8
D189Y,0.034114417,katG,Isoniazid,p.Asp189Tyr,missense_variant,3) Uncertain significance,D189Y,1.0
D194N,0.026581135,katG,Isoniazid,p.Asp194Asn,missense_variant,3) Uncertain significance,D194N,0.3333333333333333
D207N,0.02445003,katG,Isoniazid,p.Asp207Asn,missense_variant,3) Uncertain significance,D207N,1.0
D215E,0.018410923,katG,Isoniazid,p.Asp215Glu,missense_variant,3) Uncertain significance,D215E,0.0
D240A,0.0366654,katG,Isoniazid,p.Asp240Ala,missense_variant,3) Uncertain significance,D240A,1.0
D240N,0.029774616,katG,Isoniazid,p.Asp240Asn,missense_variant,3) Uncertain significance,D240N,0.0
D247H,0.047450606,katG,Isoniazid,p.Asp247His,missense_variant,3) Uncertain significance,D247H,1.0
D259A,0.051919017,katG,Isoniazid,p.Asp259Ala,missense_variant,3) Uncertain significance,D259A,0.0
D259E,0.030578503,katG,Isoniazid,p.Asp259Glu,missense_variant,3) Uncertain significance,D259E,1.0
D282G,0.027078718,katG,Isoniazid,p.Asp282Gly,missense_variant,3) Uncertain significance,D282G,0.0
D311G,0.02711845,katG,Isoniazid,p.Asp311Gly,missense_variant,3) Uncertain significance,D311G,1.0
D329A,0.04062678,katG,Isoniazid,p.Asp329Ala,missense_variant,3) Uncertain significance,D329A,1.0
D357H,0.05458518,katG,Isoniazid,p.Asp357His,missense_variant,3) Uncertain significance,D357H,1.0
D37N,0.018286554,katG,Isoniazid,p.Asp37Asn,missense_variant,3) Uncertain significance,D37N,1.0
D37E,0.015367565,katG,Isoniazid,p.Asp37Glu,missense_variant,3) Uncertain significance,D37E,0.0
D37G,0.019681286,katG,Isoniazid,p.Asp37Gly,missense_variant,3) Uncertain significance,D37G,1.0
D381A,0.039777927,katG,Isoniazid,p.Asp381Ala,missense_variant,3) Uncertain significance,D381A,1.0
D381N,0.024224527,katG,Isoniazid,p.Asp381Asn,missense_variant,3) Uncertain significance,D381N,1.0
D381G,0.02468091,katG,Isoniazid,p.Asp381Gly,missense_variant,3) Uncertain significance,D381G,1.0
D381H,0.04377721,katG,Isoniazid,p.Asp381His,missense_variant,3) Uncertain significance,D381H,1.0
D387G,0.028968899,katG,Isoniazid,p.Asp387Gly,missense_variant,3) Uncertain significance,D387G,1.0
D387H,0.039513003,katG,Isoniazid,p.Asp387His,missense_variant,3) Uncertain significance,D387H,1.0
D406A,0.037723858,katG,Isoniazid,p.Asp406Ala,missense_variant,3) Uncertain significance,D406A,0.0
D406G,0.032570127,katG,Isoniazid,p.Asp406Gly,missense_variant,3) Uncertain significance,D406G,0.0
D419A,0.0347184,katG,Isoniazid,p.Asp419Ala,missense_variant,3) Uncertain significance,D419A,1.0
D419G,0.026864827,katG,Isoniazid,p.Asp419Gly,missense_variant,3) Uncertain significance,D419G,1.0
D419H,0.03700619,katG,Isoniazid,p.Asp419His,missense_variant,3) Uncertain significance,D419H,1.0
D419Y,0.041188955,katG,Isoniazid,p.Asp419Tyr,missense_variant,3) Uncertain significance,D419Y,1.0
D440E,0.027364198,katG,Isoniazid,p.Asp440Glu,missense_variant,3) Uncertain significance,D440E,1.0
D440Y,0.041521966,katG,Isoniazid,p.Asp440Tyr,missense_variant,3) Uncertain significance,D440Y,1.0
D448A,0.03621397,katG,Isoniazid,p.Asp448Ala,missense_variant,3) Uncertain significance,D448A,1.0
D487N,0.034084976,katG,Isoniazid,p.Asp487Asn,missense_variant,3) Uncertain significance,D487N,1.0
D509N,0.032847624,katG,Isoniazid,p.Asp509Asn,missense_variant,3) Uncertain significance,D509N,0.0
D511N,0.03676973,katG,Isoniazid,p.Asp511Asn,missense_variant,3) Uncertain significance,D511N,0.0
D511Y,0.04772157,katG,Isoniazid,p.Asp511Tyr,missense_variant,3) Uncertain significance,D511Y,0.0
D513N,0.03575579,katG,Isoniazid,p.Asp513Asn,missense_variant,3) Uncertain significance,D513N,0.0
D542E,0.03239311,katG,Isoniazid,p.Asp542Glu,missense_variant,3) Uncertain significance,D542E,1.0
D56N,0.030696237,katG,Isoniazid,p.Asp56Asn,missense_variant,3) Uncertain significance,D56N,1.0
D573N,0.03351795,katG,Isoniazid,p.Asp573Asn,missense_variant,3) Uncertain significance,D573N,1.0
D580E,0.02466161,katG,Isoniazid,p.Asp580Glu,missense_variant,3) Uncertain significance,D580E,0.0
D656A,0.031534787,katG,Isoniazid,p.Asp656Ala,missense_variant,3) Uncertain significance,D656A,0.125
D656G,0.029463261,katG,Isoniazid,p.Asp656Gly,missense_variant,3) Uncertain significance,D656G,0.0
D663G,0.034817427,katG,Isoniazid,p.Asp663Gly,missense_variant,3) Uncertain significance,D663G,0.0
D663Y,0.052441042,katG,Isoniazid,p.Asp663Tyr,missense_variant,3) Uncertain significance,D663Y,1.0
D675H,0.04799868,katG,Isoniazid,p.Asp675His,missense_variant,3) Uncertain significance,D675H,0.0
D675Y,0.0433072,katG,Isoniazid,p.Asp675Tyr,missense_variant,3) Uncertain significance,D675Y,0.6
D682N,0.03533567,katG,Isoniazid,p.Asp682Asn,missense_variant,3) Uncertain significance,D682N,0.3333333333333333
D723A,0.033844776,katG,Isoniazid,p.Asp723Ala,missense_variant,3) Uncertain significance,D723A,1.0
D723N,0.036402866,katG,Isoniazid,p.Asp723Asn,missense_variant,3) Uncertain significance,D723N,1.0
D729N,0.030655913,katG,Isoniazid,p.Asp729Asn,missense_variant,3) Uncertain significance,D729N,0.0
D729E,0.04382652,katG,Isoniazid,p.Asp729Glu,missense_variant,3) Uncertain significance,D729E,0.0
D729G,0.032483168,katG,Isoniazid,p.Asp729Gly,missense_variant,3) Uncertain significance,D729G,1.0
D735A,0.03380139,katG,Isoniazid,p.Asp735Ala,missense_variant,3) Uncertain significance,D735A,0.75
D735N,0.032438684,katG,Isoniazid,p.Asp735Asn,missense_variant,3) Uncertain significance,D735N,0.0
D735E,0.028918315,katG,Isoniazid,p.Asp735Glu,missense_variant,3) Uncertain significance,D735E,1.0
D735Y,0.054421812,katG,Isoniazid,p.Asp735Tyr,missense_variant,3) Uncertain significance,D735Y,1.0
D74G,0.046562828,katG,Isoniazid,p.Asp74Gly,missense_variant,3) Uncertain significance,D74G,0.0
D79A,0.048257325,katG,Isoniazid,p.Asp79Ala,missense_variant,3) Uncertain significance,D79A,0.0
D94A,0.022886952,katG,Isoniazid,p.Asp94Ala,missense_variant,3) Uncertain significance,D94A,1.0
D94G,0.02367706,katG,Isoniazid,p.Asp94Gly,missense_variant,3) Uncertain significance,D94G,1.0
D94Y,0.032516938,katG,Isoniazid,p.Asp94Tyr,missense_variant,3) Uncertain significance,D94Y,1.0
C171G,0.090342805,katG,Isoniazid,p.Cys171Gly,missense_variant,3) Uncertain significance,C171G,1.0
C549S,0.09860537,katG,Isoniazid,p.Cys549Ser,missense_variant,3) Uncertain significance,C549S,0.0
Q127R,0.031597782,katG,Isoniazid,p.Gln127Arg,missense_variant,3) Uncertain significance,Q127R,1.0
Q127P,0.021407414,katG,Isoniazid,p.Gln127Pro,missense_variant,3) Uncertain significance,Q127P,0.8518518518518519
Q295A,0.029056739,katG,Isoniazid,p.Gln295Ala,missense_variant,3) Uncertain significance,Q295A,0.0
Q295K,0.039261825,katG,Isoniazid,p.Gln295Lys,missense_variant,3) Uncertain significance,Q295K,1.0
Q295P,0.029470501,katG,Isoniazid,p.Gln295Pro,missense_variant,3) Uncertain significance,Q295P,1.0
Q352H,0.036866207,katG,Isoniazid,p.Gln352His,missense_variant,3) Uncertain significance,Q352H,1.0
Q352P,0.040328383,katG,Isoniazid,p.Gln352Pro,missense_variant,3) Uncertain significance,Q352P,1.0
Q352Y,0.04831592,katG,Isoniazid,p.Gln352Tyr,missense_variant,3) Uncertain significance,Q352Y,0.0
Q36E,0.026804868,katG,Isoniazid,p.Gln36Glu,missense_variant,3) Uncertain significance,Q36E,0.0
Q36P,0.020780373,katG,Isoniazid,p.Gln36Pro,missense_variant,3) Uncertain significance,Q36P,0.0
Q434H,0.033847824,katG,Isoniazid,p.Gln434His,missense_variant,3) Uncertain significance,Q434H,0.0
Q439R,0.037848786,katG,Isoniazid,p.Gln439Arg,missense_variant,3) Uncertain significance,Q439R,1.0
Q439H,0.03549932,katG,Isoniazid,p.Gln439His,missense_variant,3) Uncertain significance,Q439H,1.0
Q439K,0.037221625,katG,Isoniazid,p.Gln439Lys,missense_variant,3) Uncertain significance,Q439K,1.0
Q439P,0.03466367,katG,Isoniazid,p.Gln439Pro,missense_variant,3) Uncertain significance,Q439P,0.75
Q439Y,0.058935624,katG,Isoniazid,p.Gln439Tyr,missense_variant,3) Uncertain significance,Q439Y,0.0
Q461R,0.04090997,katG,Isoniazid,p.Gln461Arg,missense_variant,3) Uncertain significance,Q461R,0.0
Q461E,0.03677519,katG,Isoniazid,p.Gln461Glu,missense_variant,3) Uncertain significance,Q461E,1.0
Q461P,0.06427641,katG,Isoniazid,p.Gln461Pro,missense_variant,3) Uncertain significance,Q461P,0.6666666666666666
Q471R,0.07013527,katG,Isoniazid,p.Gln471Arg,missense_variant,3) Uncertain significance,Q471R,1.0
Q4Y,0.043444883,katG,Isoniazid,p.Gln4Tyr,missense_variant,3) Uncertain significance,Q4Y,0.0
Q50P,0.027036937,katG,Isoniazid,p.Gln50Pro,missense_variant,3) Uncertain significance,Q50P,0.0
Q525A,0.035279967,katG,Isoniazid,p.Gln525Ala,missense_variant,3) Uncertain significance,Q525A,0.0
Q525P,0.049797636,katG,Isoniazid,p.Gln525Pro,missense_variant,3) Uncertain significance,Q525P,0.8571428571428571
Q525S,0.03519837,katG,Isoniazid,p.Gln525Ser,missense_variant,3) Uncertain significance,Q525S,0.0
Q525T,0.030069914,katG,Isoniazid,p.Gln525Thr,missense_variant,3) Uncertain significance,Q525T,1.0
Q576Y,0.03877581,katG,Isoniazid,p.Gln576Tyr,missense_variant,3) Uncertain significance,Q576Y,0.5
Q578R,0.027671237,katG,Isoniazid,p.Gln578Arg,missense_variant,3) Uncertain significance,Q578R,1.0
Q578P,0.03492413,katG,Isoniazid,p.Gln578Pro,missense_variant,3) Uncertain significance,Q578P,1.0
Q679E,0.046330888,katG,Isoniazid,p.Gln679Glu,missense_variant,3) Uncertain significance,Q679E,1.0
Q679P,0.037402414,katG,Isoniazid,p.Gln679Pro,missense_variant,3) Uncertain significance,Q679P,0.5
Q679Y,0.048712254,katG,Isoniazid,p.Gln679Tyr,missense_variant,3) Uncertain significance,Q679Y,0.0
Q88E,0.03099581,katG,Isoniazid,p.Gln88Glu,missense_variant,3) Uncertain significance,Q88E,0.0
Q88P,0.03080771,katG,Isoniazid,p.Gln88Pro,missense_variant,3) Uncertain significance,Q88P,1.0
E195K,0.040496048,katG,Isoniazid,p.Glu195Lys,missense_variant,3) Uncertain significance,E195K,0.0
E208A,0.024410727,katG,Isoniazid,p.Glu208Ala,missense_variant,3) Uncertain significance,E208A,1.0
E233Q,0.031280477,katG,Isoniazid,p.Glu233Gln,missense_variant,3) Uncertain significance,E233Q,1.0
E233G,0.028476235,katG,Isoniazid,p.Glu233Gly,missense_variant,3) Uncertain significance,E233G,0.75
E233K,0.047059655,katG,Isoniazid,p.Glu233Lys,missense_variant,3) Uncertain significance,E233K,1.0
E287G,0.038831502,katG,Isoniazid,p.Glu287Gly,missense_variant,3) Uncertain significance,E287G,1.0
E289A,0.030880729,katG,Isoniazid,p.Glu289Ala,missense_variant,3) Uncertain significance,E289A,1.0
E289G,0.04428662,katG,Isoniazid,p.Glu289Gly,missense_variant,3) Uncertain significance,E289G,1.0
E294G,0.043564983,katG,Isoniazid,p.Glu294Gly,missense_variant,3) Uncertain significance,E294G,1.0
E318A,0.029151361,katG,Isoniazid,p.Glu318Ala,missense_variant,3) Uncertain significance,E318A,1.0
E31A,0.030056626,katG,Isoniazid,p.Glu31Ala,missense_variant,3) Uncertain significance,E31A,0.0
E342A,0.032147717,katG,Isoniazid,p.Glu342Ala,missense_variant,3) Uncertain significance,E342A,0.5
E391D,0.027088694,katG,Isoniazid,p.Glu391Asp,missense_variant,3) Uncertain significance,E391D,1.0
E399D,0.026269032,katG,Isoniazid,p.Glu399Asp,missense_variant,3) Uncertain significance,E399D,0.5
E3G,0.026994687,katG,Isoniazid,p.Glu3Gly,missense_variant,3) Uncertain significance,E3G,1.0
E3V,0.028242355,katG,Isoniazid,p.Glu3Val,missense_variant,3) Uncertain significance,E3V,1.0
E402A,0.04198724,katG,Isoniazid,p.Glu402Ala,missense_variant,3) Uncertain significance,E402A,0.0
E402K,0.05674524,katG,Isoniazid,p.Glu402Lys,missense_variant,3) Uncertain significance,E402K,0.25
E407K,0.040360056,katG,Isoniazid,p.Glu407Lys,missense_variant,3) Uncertain significance,E407K,0.0
E454A,0.043825176,katG,Isoniazid,p.Glu454Ala,missense_variant,3) Uncertain significance,E454A,1.0
E506D,0.026750356,katG,Isoniazid,p.Glu506Asp,missense_variant,3) Uncertain significance,E506D,0.6666666666666666
E522Q,0.043598298,katG,Isoniazid,p.Glu522Gln,missense_variant,3) Uncertain significance,E522Q,1.0
E522K,0.048799142,katG,Isoniazid,p.Glu522Lys,missense_variant,3) Uncertain significance,E522K,0.0
E523D,0.030471588,katG,Isoniazid,p.Glu523Asp,missense_variant,3) Uncertain significance,E523D,0.0
E526D,0.029295743,katG,Isoniazid,p.Glu526Asp,missense_variant,3) Uncertain significance,E526D,0.0
E526K,0.0663076,katG,Isoniazid,p.Glu526Lys,missense_variant,3) Uncertain significance,E526K,1.0
E553K,0.04935918,katG,Isoniazid,p.Glu553Lys,missense_variant,3) Uncertain significance,E553K,1.0
E588G,0.0340966,katG,Isoniazid,p.Glu588Gly,missense_variant,3) Uncertain significance,E588G,1.0
E607D,0.020891445,katG,Isoniazid,p.Glu607Asp,missense_variant,3) Uncertain significance,E607D,1.0
E607G,0.031271636,katG,Isoniazid,p.Glu607Gly,missense_variant,3) Uncertain significance,E607G,1.0
E607K,0.03608036,katG,Isoniazid,p.Glu607Lys,missense_variant,3) Uncertain significance,E607K,1.0
E623A,0.03602316,katG,Isoniazid,p.Glu623Ala,missense_variant,3) Uncertain significance,E623A,0.0
E623G,0.036701992,katG,Isoniazid,p.Glu623Gly,missense_variant,3) Uncertain significance,E623G,1.0
E651D,0.021787928,katG,Isoniazid,p.Glu651Asp,missense_variant,3) Uncertain significance,E651D,0.0
E709A,0.04265819,katG,Isoniazid,p.Glu709Ala,missense_variant,3) Uncertain significance,E709A,1.0
E709D,0.055014614,katG,Isoniazid,p.Glu709Asp,missense_variant,3) Uncertain significance,E709D,1.0
E709G,0.045924515,katG,Isoniazid,p.Glu709Gly,missense_variant,3) Uncertain significance,E709G,1.0
E81A,0.035433933,katG,Isoniazid,p.Glu81Ala,missense_variant,3) Uncertain significance,E81A,1.0
E82D,0.030957201,katG,Isoniazid,p.Glu82Asp,missense_variant,3) Uncertain significance,E82D,0.0
E82G,0.04680133,katG,Isoniazid,p.Glu82Gly,missense_variant,3) Uncertain significance,E82G,0.0
G111D,0.032199822,katG,Isoniazid,p.Gly111Asp,missense_variant,3) Uncertain significance,G111D,1.0
G111C,0.0825502,katG,Isoniazid,p.Gly111Cys,missense_variant,3) Uncertain significance,G111C,1.0
G118S,0.021629926,katG,Isoniazid,p.Gly118Ser,missense_variant,3) Uncertain significance,G118S,1.0
G120D,0.03194566,katG,Isoniazid,p.Gly120Asp,missense_variant,3) Uncertain significance,G120D,1.0
G120S,0.03265798,katG,Isoniazid,p.Gly120Ser,missense_variant,3) Uncertain significance,G120S,1.0
G121A,0.020876966,katG,Isoniazid,p.Gly121Ala,missense_variant,3) Uncertain significance,G121A,0.5
G121D,0.030476052,katG,Isoniazid,p.Gly121Asp,missense_variant,3) Uncertain significance,G121D,0.5
G121S,0.026308846,katG,Isoniazid,p.Gly121Ser,missense_variant,3) Uncertain significance,G121S,0.7
G121V,0.034045663,katG,Isoniazid,p.Gly121Val,missense_variant,3) Uncertain significance,G121V,1.0
G124A,0.018510707,katG,Isoniazid,p.Gly124Ala,missense_variant,3) Uncertain significance,G124A,1.0
G124D,0.029485522,katG,Isoniazid,p.Gly124Asp,missense_variant,3) Uncertain significance,G124D,0.0
G125A,0.017148903,katG,Isoniazid,p.Gly125Ala,missense_variant,3) Uncertain significance,G125A,1.0
G125D,0.028411405,katG,Isoniazid,p.Gly125Asp,missense_variant,3) Uncertain significance,G125D,1.0
G125C,0.08369682,katG,Isoniazid,p.Gly125Cys,missense_variant,3) Uncertain significance,G125C,1.0
G125S,0.022700366,katG,Isoniazid,p.Gly125Ser,missense_variant,3) Uncertain significance,G125S,0.6666666666666666
G156D,0.052157976,katG,Isoniazid,p.Gly156Asp,missense_variant,3) Uncertain significance,G156D,0.6666666666666666
G156S,0.052076574,katG,Isoniazid,p.Gly156Ser,missense_variant,3) Uncertain significance,G156S,0.0
G169A,0.037063994,katG,Isoniazid,p.Gly169Ala,missense_variant,3) Uncertain significance,G169A,1.0
G169R,0.045405675,katG,Isoniazid,p.Gly169Arg,missense_variant,3) Uncertain significance,G169R,0.0
G169S,0.023257349,katG,Isoniazid,p.Gly169Ser,missense_variant,3) Uncertain significance,G169S,1.0
G169V,0.057377983,katG,Isoniazid,p.Gly169Val,missense_variant,3) Uncertain significance,G169V,1.0
G177A,0.034492776,katG,Isoniazid,p.Gly177Ala,missense_variant,3) Uncertain significance,G177A,1.0
G177V,0.03932586,katG,Isoniazid,p.Gly177Val,missense_variant,3) Uncertain significance,G177V,1.0
G182R,0.09981933,katG,Isoniazid,p.Gly182Arg,missense_variant,3) Uncertain significance,G182R,1.0
G182E,0.041939095,katG,Isoniazid,p.Gly182Glu,missense_variant,3) Uncertain significance,G182E,1.0
G184D,0.052763417,katG,Isoniazid,p.Gly184Asp,missense_variant,3) Uncertain significance,G184D,0.0
G186A,0.01960164,katG,Isoniazid,p.Gly186Ala,missense_variant,3) Uncertain significance,G186A,0.0
G186D,0.028083026,katG,Isoniazid,p.Gly186Asp,missense_variant,3) Uncertain significance,G186D,1.0
G19V,0.022725884,katG,Isoniazid,p.Gly19Val,missense_variant,3) Uncertain significance,G19V,0.0
G206R,0.028663699,katG,Isoniazid,p.Gly206Arg,missense_variant,3) Uncertain significance,G206R,0.0
G206D,0.02265515,katG,Isoniazid,p.Gly206Asp,missense_variant,3) Uncertain significance,G206D,1.0
G234R,0.031348214,katG,Isoniazid,p.Gly234Arg,missense_variant,3) Uncertain significance,G234R,0.6666666666666666
G234E,0.030041674,katG,Isoniazid,p.Gly234Glu,missense_variant,3) Uncertain significance,G234E,1.0
G237A,0.023061039,katG,Isoniazid,p.Gly237Ala,missense_variant,3) Uncertain significance,G237A,0.0
G268S,0.052769046,katG,Isoniazid,p.Gly268Ser,missense_variant,3) Uncertain significance,G268S,1.0
G269D,0.36032966,katG,Isoniazid,p.Gly269Asp,missense_variant,3) Uncertain significance,G269D,1.0
G269S,0.034123354,katG,Isoniazid,p.Gly269Ser,missense_variant,3) Uncertain significance,G269S,1.0
G273C,0.0812944,katG,Isoniazid,p.Gly273Cys,missense_variant,3) Uncertain significance,G273C,1.0
G273S,0.026296264,katG,Isoniazid,p.Gly273Ser,missense_variant,3) Uncertain significance,G273S,1.0
G277D,0.027972067,katG,Isoniazid,p.Gly277Asp,missense_variant,3) Uncertain significance,G277D,1.0
G277S,0.02704251,katG,Isoniazid,p.Gly277Ser,missense_variant,3) Uncertain significance,G277S,1.0
G279D,0.0331218,katG,Isoniazid,p.Gly279Asp,missense_variant,3) Uncertain significance,G279D,1.0
G285A,0.03649893,katG,Isoniazid,p.Gly285Ala,missense_variant,3) Uncertain significance,G285A,0.0
G285R,0.03408286,katG,Isoniazid,p.Gly285Arg,missense_variant,3) Uncertain significance,G285R,1.0
G285D,0.027182195,katG,Isoniazid,p.Gly285Asp,missense_variant,3) Uncertain significance,G285D,0.5
G285C,0.13062555,katG,Isoniazid,p.Gly285Cys,missense_variant,3) Uncertain significance,G285C,1.0
G285S,0.03306262,katG,Isoniazid,p.Gly285Ser,missense_variant,3) Uncertain significance,G285S,1.0
G285V,0.030280003,katG,Isoniazid,p.Gly285Val,missense_variant,3) Uncertain significance,G285V,0.6
G297V,0.0410483,katG,Isoniazid,p.Gly297Val,missense_variant,3) Uncertain significance,G297V,0.8571428571428571
G299A,0.02617376,katG,Isoniazid,p.Gly299Ala,missense_variant,3) Uncertain significance,G299A,1.0
G299D,0.03416412,katG,Isoniazid,p.Gly299Asp,missense_variant,3) Uncertain significance,G299D,1.0
G299C,0.10953597,katG,Isoniazid,p.Gly299Cys,missense_variant,3) Uncertain significance,G299C,1.0
G299S,0.031085318,katG,Isoniazid,p.Gly299Ser,missense_variant,3) Uncertain significance,G299S,1.0
G305C,0.10584851,katG,Isoniazid,p.Gly305Cys,missense_variant,3) Uncertain significance,G305C,0.0
G305S,0.024592863,katG,Isoniazid,p.Gly305Ser,missense_variant,3) Uncertain significance,G305S,1.0
G307R,0.03204329,katG,Isoniazid,p.Gly307Arg,missense_variant,3) Uncertain significance,G307R,1.0
G307E,0.032405738,katG,Isoniazid,p.Gly307Glu,missense_variant,3) Uncertain significance,G307E,1.0
G307V,0.03805235,katG,Isoniazid,p.Gly307Val,missense_variant,3) Uncertain significance,G307V,1.0
G338D,0.029585833,katG,Isoniazid,p.Gly338Asp,missense_variant,3) Uncertain significance,G338D,0.0
G338S,0.025875328,katG,Isoniazid,p.Gly338Ser,missense_variant,3) Uncertain significance,G338S,0.5
G33A,0.018356765,katG,Isoniazid,p.Gly33Ala,missense_variant,3) Uncertain significance,G33A,1.0
G34A,0.019571848,katG,Isoniazid,p.Gly34Ala,missense_variant,3) Uncertain significance,G34A,1.0
G34R,0.024143545,katG,Isoniazid,p.Gly34Arg,missense_variant,3) Uncertain significance,G34R,0.0
G34E,0.028233182,katG,Isoniazid,p.Gly34Glu,missense_variant,3) Uncertain significance,G34E,1.0
G369A,0.024867281,katG,Isoniazid,p.Gly369Ala,missense_variant,3) Uncertain significance,G369A,1.0
G421A,0.033560753,katG,Isoniazid,p.Gly421Ala,missense_variant,3) Uncertain significance,G421A,1.0
G428E,0.041283373,katG,Isoniazid,p.Gly428Glu,missense_variant,3) Uncertain significance,G428E,1.0
G451D,0.037526898,katG,Isoniazid,p.Gly451Asp,missense_variant,3) Uncertain significance,G451D,0.0
G466R,0.09236212,katG,Isoniazid,p.Gly466Arg,missense_variant,3) Uncertain significance,G466R,0.5
G490A,0.028221812,katG,Isoniazid,p.Gly490Ala,missense_variant,3) Uncertain significance,G490A,1.0
G490S,0.03150224,katG,Isoniazid,p.Gly490Ser,missense_variant,3) Uncertain significance,G490S,1.0
G491A,0.029618565,katG,Isoniazid,p.Gly491Ala,missense_variant,3) Uncertain significance,G491A,1.0
G491S,0.03216635,katG,Isoniazid,p.Gly491Ser,missense_variant,3) Uncertain significance,G491S,1.0
G494A,0.022598905,katG,Isoniazid,p.Gly494Ala,missense_variant,3) Uncertain significance,G494A,0.6
G494S,0.030928858,katG,Isoniazid,p.Gly494Ser,missense_variant,3) Uncertain significance,G494S,0.0
G495A,0.04003883,katG,Isoniazid,p.Gly495Ala,missense_variant,3) Uncertain significance,G495A,1.0
G495S,0.033329308,katG,Isoniazid,p.Gly495Ser,missense_variant,3) Uncertain significance,G495S,0.45
G534R,0.052429058,katG,Isoniazid,p.Gly534Arg,missense_variant,3) Uncertain significance,G534R,0.0
G548R,0.04496885,katG,Isoniazid,p.Gly548Arg,missense_variant,3) Uncertain significance,G548R,1.0
G560A,0.10755875,katG,Isoniazid,p.Gly560Ala,missense_variant,3) Uncertain significance,G560A,0.6666666666666666
G560R,0.10787239,katG,Isoniazid,p.Gly560Arg,missense_variant,3) Uncertain significance,G560R,1.0
G560S,0.10616842,katG,Isoniazid,p.Gly560Ser,missense_variant,3) Uncertain significance,G560S,0.3333333333333333
G570F,0.03230882,katG,Isoniazid,p.Gly570Phe,missense_variant,3) Uncertain significance,G570F,0.0
G570S,0.029566767,katG,Isoniazid,p.Gly570Ser,missense_variant,3) Uncertain significance,G570S,1.0
G593D,0.023670554,katG,Isoniazid,p.Gly593Asp,missense_variant,3) Uncertain significance,G593D,1.0
G593C,0.08949659,katG,Isoniazid,p.Gly593Cys,missense_variant,3) Uncertain significance,G593C,0.0
G593S,0.02627073,katG,Isoniazid,p.Gly593Ser,missense_variant,3) Uncertain significance,G593S,0.5
G599R,0.033539947,katG,Isoniazid,p.Gly599Arg,missense_variant,3) Uncertain significance,G599R,1.0
G601D,0.025186757,katG,Isoniazid,p.Gly601Asp,missense_variant,3) Uncertain significance,G601D,0.0
G629D,0.044670288,katG,Isoniazid,p.Gly629Asp,missense_variant,3) Uncertain significance,G629D,1.0
G629C,0.096231915,katG,Isoniazid,p.Gly629Cys,missense_variant,3) Uncertain significance,G629C,1.0
G630S,0.023726458,katG,Isoniazid,p.Gly630Ser,missense_variant,3) Uncertain significance,G630S,0.0
G635A,0.027948547,katG,Isoniazid,p.Gly635Ala,missense_variant,3) Uncertain significance,G635A,1.0
G644D,0.03371931,katG,Isoniazid,p.Gly644Asp,missense_variant,3) Uncertain significance,G644D,1.0
G683R,0.04406442,katG,Isoniazid,p.Gly683Arg,missense_variant,3) Uncertain significance,G683R,1.0
G685D,0.032930683,katG,Isoniazid,p.Gly685Asp,missense_variant,3) Uncertain significance,G685D,0.0
G699R,0.037295856,katG,Isoniazid,p.Gly699Arg,missense_variant,3) Uncertain significance,G699R,1.0
G699E,0.038552642,katG,Isoniazid,p.Gly699Glu,missense_variant,3) Uncertain significance,G699E,0.9
G699V,0.03641481,katG,Isoniazid,p.Gly699Val,missense_variant,3) Uncertain significance,G699V,1.0
G712D,0.032315392,katG,Isoniazid,p.Gly712Asp,missense_variant,3) Uncertain significance,G712D,1.0
G712V,0.04030787,katG,Isoniazid,p.Gly712Val,missense_variant,3) Uncertain significance,G712V,1.0
G99R,0.028512424,katG,Isoniazid,p.Gly99Arg,missense_variant,3) Uncertain significance,G99R,1.0
G99E,0.023256704,katG,Isoniazid,p.Gly99Glu,missense_variant,3) Uncertain significance,G99E,1.0
H108R,0.035424914,katG,Isoniazid,p.His108Arg,missense_variant,3) Uncertain significance,H108R,1.0
H116Y,0.038348027,katG,Isoniazid,p.His116Tyr,missense_variant,3) Uncertain significance,H116Y,0.5
H270P,0.07141371,katG,Isoniazid,p.His270Pro,missense_variant,3) Uncertain significance,H270P,1.0
H447R,0.044405196,katG,Isoniazid,p.His447Arg,missense_variant,3) Uncertain significance,H447R,0.0
H49Y,0.039544802,katG,Isoniazid,p.His49Tyr,missense_variant,3) Uncertain significance,H49Y,0.6666666666666666
H561R,0.06274632,katG,Isoniazid,p.His561Arg,missense_variant,3) Uncertain significance,H561R,0.0
H97L,0.027384188,katG,Isoniazid,p.His97Leu,missense_variant,3) Uncertain significance,H97L,1.0
H97Y,0.036963377,katG,Isoniazid,p.His97Tyr,missense_variant,3) Uncertain significance,H97Y,1.0
I103N,0.04968356,katG,Isoniazid,p.Ile103Asn,missense_variant,3) Uncertain significance,I103N,1.0
I103V,0.025508383,katG,Isoniazid,p.Ile103Val,missense_variant,3) Uncertain significance,I103V,0.3333333333333333
I228L,0.024408294,katG,Isoniazid,p.Ile228Leu,missense_variant,3) Uncertain significance,I228L,1.0
I248T,0.036251016,katG,Isoniazid,p.Ile248Thr,missense_variant,3) Uncertain significance,I248T,1.0
I248V,0.028568475,katG,Isoniazid,p.Ile248Val,missense_variant,3) Uncertain significance,I248V,1.0
I266T,0.08388284,katG,Isoniazid,p.Ile266Thr,missense_variant,3) Uncertain significance,I266T,0.0
I317V,0.029524403,katG,Isoniazid,p.Ile317Val,missense_variant,3) Uncertain significance,I317V,0.9583333333333334
I335V,0.027207145,katG,Isoniazid,p.Ile335Val,missense_variant,3) Uncertain significance,I335V,1.0
I364T,0.04664504,katG,Isoniazid,p.Ile364Thr,missense_variant,3) Uncertain significance,I364T,1.0
I393S,0.03763713,katG,Isoniazid,p.Ile393Ser,missense_variant,3) Uncertain significance,I393S,0.5
I455L,0.03565696,katG,Isoniazid,p.Ile455Leu,missense_variant,3) Uncertain significance,I455L,0.0
I455M,0.04190288,katG,Isoniazid,p.Ile455Met,missense_variant,3) Uncertain significance,I455M,1.0
I462M,0.039669838,katG,Isoniazid,p.Ile462Met,missense_variant,3) Uncertain significance,I462M,0.0
I462S,0.2512244,katG,Isoniazid,p.Ile462Ser,missense_variant,3) Uncertain significance,I462S,1.0
I497V,0.02976993,katG,Isoniazid,p.Ile497Val,missense_variant,3) Uncertain significance,I497V,0.0
I666M,0.0332932,katG,Isoniazid,p.Ile666Met,missense_variant,3) Uncertain significance,I666M,1.0
I666T,0.049216066,katG,Isoniazid,p.Ile666Thr,missense_variant,3) Uncertain significance,I666T,1.0
I71S,0.048086643,katG,Isoniazid,p.Ile71Ser,missense_variant,3) Uncertain significance,I71S,0.5
I80F,0.033895694,katG,Isoniazid,p.Ile80Phe,missense_variant,3) Uncertain significance,I80F,0.0
I80T,0.038362063,katG,Isoniazid,p.Ile80Thr,missense_variant,3) Uncertain significance,I80T,1.0
I8V,0.04082748,katG,Isoniazid,p.Ile8Val,missense_variant,3) Uncertain significance,I8V,0.0
L132R,0.028472805,katG,Isoniazid,p.Leu132Arg,missense_variant,3) Uncertain significance,L132R,1.0
L132P,0.027343197,katG,Isoniazid,p.Leu132Pro,missense_variant,3) Uncertain significance,L132P,1.0
L141F,0.026426205,katG,Isoniazid,p.Leu141Phe,missense_variant,3) Uncertain significance,L141F,0.8
L141S,0.037662547,katG,Isoniazid,p.Leu141Ser,missense_variant,3) Uncertain significance,L141S,0.9090909090909091
L141V,0.022940626,katG,Isoniazid,p.Leu141Val,missense_variant,3) Uncertain significance,L141V,1.0
L147A,0.030891594,katG,Isoniazid,p.Leu147Ala,missense_variant,3) Uncertain significance,L147A,0.0
L147R,0.04110175,katG,Isoniazid,p.Leu147Arg,missense_variant,3) Uncertain significance,L147R,0.0
L159F,0.022953792,katG,Isoniazid,p.Leu159Phe,missense_variant,3) Uncertain significance,L159F,0.5
L159P,0.032416984,katG,Isoniazid,p.Leu159Pro,missense_variant,3) Uncertain significance,L159P,1.0
L164R,0.04275187,katG,Isoniazid,p.Leu164Arg,missense_variant,3) Uncertain significance,L164R,1.0
L205R,0.028134419,katG,Isoniazid,p.Leu205Arg,missense_variant,3) Uncertain significance,L205R,0.0
L220P,0.028850254,katG,Isoniazid,p.Leu220Pro,missense_variant,3) Uncertain significance,L220P,1.0
L265R,0.09415371,katG,Isoniazid,p.Leu265Arg,missense_variant,3) Uncertain significance,L265R,1.0
L298F,0.020341579,katG,Isoniazid,p.Leu298Phe,missense_variant,3) Uncertain significance,L298F,0.0
L298S,0.035629787,katG,Isoniazid,p.Leu298Ser,missense_variant,3) Uncertain significance,L298S,1.0
L333F,0.026334658,katG,Isoniazid,p.Leu333Phe,missense_variant,3) Uncertain significance,L333F,0.0
L333P,0.033786986,katG,Isoniazid,p.Leu333Pro,missense_variant,3) Uncertain significance,L333P,1.0
L336M,0.042295154,katG,Isoniazid,p.Leu336Met,missense_variant,3) Uncertain significance,L336M,0.3333333333333333
L378M,0.03631778,katG,Isoniazid,p.Leu378Met,missense_variant,3) Uncertain significance,L378M,1.0
L378P,0.033220947,katG,Isoniazid,p.Leu378Pro,missense_variant,3) Uncertain significance,L378P,0.5
L382R,0.028118363,katG,Isoniazid,p.Leu382Arg,missense_variant,3) Uncertain significance,L382R,0.0
L384P,0.02750086,katG,Isoniazid,p.Leu384Pro,missense_variant,3) Uncertain significance,L384P,1.0
L398R,0.029928487,katG,Isoniazid,p.Leu398Arg,missense_variant,3) Uncertain significance,L398R,0.0
L427R,0.035611037,katG,Isoniazid,p.Leu427Arg,missense_variant,3) Uncertain significance,L427R,0.0
L427F,0.028529124,katG,Isoniazid,p.Leu427Phe,missense_variant,3) Uncertain significance,L427F,0.0
L427P,0.039236024,katG,Isoniazid,p.Leu427Pro,missense_variant,3) Uncertain significance,L427P,1.0
L436R,0.05363053,katG,Isoniazid,p.Leu436Arg,missense_variant,3) Uncertain significance,L436R,0.0
L437R,0.049705625,katG,Isoniazid,p.Leu437Arg,missense_variant,3) Uncertain significance,L437R,0.0
L43R,0.025788069,katG,Isoniazid,p.Leu43Arg,missense_variant,3) Uncertain significance,L43R,1.0
L449R,0.035212975,katG,Isoniazid,p.Leu449Arg,missense_variant,3) Uncertain significance,L449R,0.0
L458R,0.08074978,katG,Isoniazid,p.Leu458Arg,missense_variant,3) Uncertain significance,L458R,0.5
L458S,0.08956844,katG,Isoniazid,p.Leu458Ser,missense_variant,3) Uncertain significance,L458S,0.0
L472P,0.0814187,katG,Isoniazid,p.Leu472Pro,missense_variant,3) Uncertain significance,L472P,1.0
L48Q,0.027066877,katG,Isoniazid,p.Leu48Gln,missense_variant,3) Uncertain significance,L48Q,1.0
L48P,0.0278344,katG,Isoniazid,p.Leu48Pro,missense_variant,3) Uncertain significance,L48P,1.0
L514P,0.037252378,katG,Isoniazid,p.Leu514Pro,missense_variant,3) Uncertain significance,L514P,0.0
L521P,0.065797664,katG,Isoniazid,p.Leu521Pro,missense_variant,3) Uncertain significance,L521P,1.0
L587R,0.031324312,katG,Isoniazid,p.Leu587Arg,missense_variant,3) Uncertain significance,L587R,1.0
L587P,0.042322084,katG,Isoniazid,p.Leu587Pro,missense_variant,3) Uncertain significance,L587P,0.5
L598R,0.034359194,katG,Isoniazid,p.Leu598Arg,missense_variant,3) Uncertain significance,L598R,0.5
L598F,0.020266527,katG,Isoniazid,p.Leu598Phe,missense_variant,3) Uncertain significance,L598F,1.0
L604F,0.022574924,katG,Isoniazid,p.Leu604Phe,missense_variant,3) Uncertain significance,L604F,1.0
L604S,0.02950335,katG,Isoniazid,p.Leu604Ser,missense_variant,3) Uncertain significance,L604S,1.0
L611R,0.027991273,katG,Isoniazid,p.Leu611Arg,missense_variant,3) Uncertain significance,L611R,1.0
L616S,0.030366562,katG,Isoniazid,p.Leu616Ser,missense_variant,3) Uncertain significance,L616S,0.0
L627P,0.04371867,katG,Isoniazid,p.Leu627Pro,missense_variant,3) Uncertain significance,L627P,1.0
L631Q,0.03765958,katG,Isoniazid,p.Leu631Gln,missense_variant,3) Uncertain significance,L631Q,1.0
L634P,0.03596354,katG,Isoniazid,p.Leu634Pro,missense_variant,3) Uncertain significance,L634P,1.0
L661R,0.05132586,katG,Isoniazid,p.Leu661Arg,missense_variant,3) Uncertain significance,L661R,1.0
L696Q,0.07231019,katG,Isoniazid,p.Leu696Gln,missense_variant,3) Uncertain significance,L696Q,0.0
L704W,0.0411227,katG,Isoniazid,p.Leu704Trp,missense_variant,3) Uncertain significance,L704W,1.0
L704V,0.022229075,katG,Isoniazid,p.Leu704Val,missense_variant,3) Uncertain significance,L704V,1.0
L707R,0.04699405,katG,Isoniazid,p.Leu707Arg,missense_variant,3) Uncertain significance,L707R,0.0
L707P,0.05746652,katG,Isoniazid,p.Leu707Pro,missense_variant,3) Uncertain significance,L707P,0.0
L734R,0.027950503,katG,Isoniazid,p.Leu734Arg,missense_variant,3) Uncertain significance,L734R,1.0
L734V,0.027749797,katG,Isoniazid,p.Leu734Val,missense_variant,3) Uncertain significance,L734V,1.0
L76P,0.060872417,katG,Isoniazid,p.Leu76Pro,missense_variant,3) Uncertain significance,L76P,1.0
K143N,0.041072175,katG,Isoniazid,p.Lys143Asn,missense_variant,3) Uncertain significance,K143N,0.0
K143Q,0.03343566,katG,Isoniazid,p.Lys143Gln,missense_variant,3) Uncertain significance,K143Q,1.0
K143E,0.0393377,katG,Isoniazid,p.Lys143Glu,missense_variant,3) Uncertain significance,K143E,1.0
K143T,0.035631046,katG,Isoniazid,p.Lys143Thr,missense_variant,3) Uncertain significance,K143T,1.0
K152Q,0.033912346,katG,Isoniazid,p.Lys152Gln,missense_variant,3) Uncertain significance,K152Q,0.5
K152T,0.0360223,katG,Isoniazid,p.Lys152Thr,missense_variant,3) Uncertain significance,K152T,1.0
K153N,0.05498242,katG,Isoniazid,p.Lys153Asn,missense_variant,3) Uncertain significance,K153N,1.0
K153Q,0.047399297,katG,Isoniazid,p.Lys153Gln,missense_variant,3) Uncertain significance,K153Q,1.0
K153E,0.047130894,katG,Isoniazid,p.Lys153Glu,missense_variant,3) Uncertain significance,K153E,1.0
K157N,0.050606936,katG,Isoniazid,p.Lys157Asn,missense_variant,3) Uncertain significance,K157N,1.0
K158E,0.045342494,katG,Isoniazid,p.Lys158Glu,missense_variant,3) Uncertain significance,K158E,0.0
K200R,0.033244096,katG,Isoniazid,p.Lys200Arg,missense_variant,3) Uncertain significance,K200R,0.0
K200E,0.044940174,katG,Isoniazid,p.Lys200Glu,missense_variant,3) Uncertain significance,K200E,1.0
K310N,0.035876177,katG,Isoniazid,p.Lys310Asn,missense_variant,3) Uncertain significance,K310N,1.0
K345N,0.042201478,katG,Isoniazid,p.Lys345Asn,missense_variant,3) Uncertain significance,K345N,0.0
K433T,0.039105453,katG,Isoniazid,p.Lys433Thr,missense_variant,3) Uncertain significance,K433T,0.375
K459E,0.049784187,katG,Isoniazid,p.Lys459Glu,missense_variant,3) Uncertain significance,K459E,1.0
K459T,0.04918339,katG,Isoniazid,p.Lys459Thr,missense_variant,3) Uncertain significance,K459T,0.0
K46N,0.033284366,katG,Isoniazid,p.Lys46Asn,missense_variant,3) Uncertain significance,K46N,1.0
K46E,0.037137736,katG,Isoniazid,p.Lys46Glu,missense_variant,3) Uncertain significance,K46E,0.0
K488N,0.04873348,katG,Isoniazid,p.Lys488Asn,missense_variant,3) Uncertain significance,K488N,1.0
K488E,0.055474423,katG,Isoniazid,p.Lys488Glu,missense_variant,3) Uncertain significance,K488E,1.0
K516R,0.03195776,katG,Isoniazid,p.Lys516Arg,missense_variant,3) Uncertain significance,K516R,1.0
K537E,0.04431891,katG,Isoniazid,p.Lys537Glu,missense_variant,3) Uncertain significance,K537E,0.0
K554N,0.06027074,katG,Isoniazid,p.Lys554Asn,missense_variant,3) Uncertain significance,K554N,0.0
K557R,0.04192868,katG,Isoniazid,p.Lys557Arg,missense_variant,3) Uncertain significance,K557R,0.0
K557N,0.08275556,katG,Isoniazid,p.Lys557Asn,missense_variant,3) Uncertain significance,K557N,0.3333333333333333
K590Q,0.030500066,katG,Isoniazid,p.Lys590Gln,missense_variant,3) Uncertain significance,K590Q,0.0
K600Q,0.032503773,katG,Isoniazid,p.Lys600Gln,missense_variant,3) Uncertain significance,K600Q,1.0
K681T,0.04672836,katG,Isoniazid,p.Lys681Thr,missense_variant,3) Uncertain significance,K681T,0.0
K686E,0.04351173,katG,Isoniazid,p.Lys686Glu,missense_variant,3) Uncertain significance,K686E,1.0
K719Q,0.053613644,katG,Isoniazid,p.Lys719Gln,missense_variant,3) Uncertain significance,K719Q,1.0
K730N,0.0561163,katG,Isoniazid,p.Lys730Asn,missense_variant,3) Uncertain significance,K730N,0.0
M105I,0.04791255,katG,Isoniazid,p.Met105Ile,missense_variant,3) Uncertain significance,M105I,0.75
M126I,0.031077582,katG,Isoniazid,p.Met126Ile,missense_variant,3) Uncertain significance,M126I,0.6
M126V,0.03504208,katG,Isoniazid,p.Met126Val,missense_variant,3) Uncertain significance,M126V,1.0
M176I,0.03532808,katG,Isoniazid,p.Met176Ile,missense_variant,3) Uncertain significance,M176I,1.0
M176T,0.04430954,katG,Isoniazid,p.Met176Thr,missense_variant,3) Uncertain significance,M176T,1.0
M225I,0.039897103,katG,Isoniazid,p.Met225Ile,missense_variant,3) Uncertain significance,M225I,1.0
M225V,0.042791452,katG,Isoniazid,p.Met225Val,missense_variant,3) Uncertain significance,M225V,1.0
M242I,0.038039595,katG,Isoniazid,p.Met242Ile,missense_variant,3) Uncertain significance,M242I,0.0
M242T,0.04707879,katG,Isoniazid,p.Met242Thr,missense_variant,3) Uncertain significance,M242T,1.0
M257I,0.041881472,katG,Isoniazid,p.Met257Ile,missense_variant,3) Uncertain significance,M257I,0.9
M257T,0.04897605,katG,Isoniazid,p.Met257Thr,missense_variant,3) Uncertain significance,M257T,0.0
M296I,0.039526787,katG,Isoniazid,p.Met296Ile,missense_variant,3) Uncertain significance,M296I,1.0
M296V,0.04224569,katG,Isoniazid,p.Met296Val,missense_variant,3) Uncertain significance,M296V,1.0
M377R,0.044649966,katG,Isoniazid,p.Met377Arg,missense_variant,3) Uncertain significance,M377R,1.0
M377T,0.049865153,katG,Isoniazid,p.Met377Thr,missense_variant,3) Uncertain significance,M377T,1.0
M420I,0.038029905,katG,Isoniazid,p.Met420Ile,missense_variant,3) Uncertain significance,M420I,0.0
M58V,0.040265806,katG,Isoniazid,p.Met58Val,missense_variant,3) Uncertain significance,M58V,1.0
M609I,0.039768543,katG,Isoniazid,p.Met609Ile,missense_variant,3) Uncertain significance,M609I,1.0
M609T,0.05395577,katG,Isoniazid,p.Met609Thr,missense_variant,3) Uncertain significance,M609T,0.0
M624I,0.03722954,katG,Isoniazid,p.Met624Ile,missense_variant,3) Uncertain significance,M624I,1.0
M624V,0.045648873,katG,Isoniazid,p.Met624Val,missense_variant,3) Uncertain significance,M624V,1.0
M84I,0.03438761,katG,Isoniazid,p.Met84Ile,missense_variant,3) Uncertain significance,M84I,0.0
M84L,0.042843137,katG,Isoniazid,p.Met84Leu,missense_variant,3) Uncertain significance,M84L,0.0
M84T,0.04350079,katG,Isoniazid,p.Met84Thr,missense_variant,3) Uncertain significance,M84T,1.0
M84V,0.035825323,katG,Isoniazid,p.Met84Val,missense_variant,3) Uncertain significance,M84V,1.0
F129S,0.032030772,katG,Isoniazid,p.Phe129Ser,missense_variant,3) Uncertain significance,F129S,1.0
F167C,0.05334006,katG,Isoniazid,p.Phe167Cys,missense_variant,3) Uncertain significance,F167C,1.0
F178V,0.024241738,katG,Isoniazid,p.Phe178Val,missense_variant,3) Uncertain significance,F178V,0.5
F183L,0.019583538,katG,Isoniazid,p.Phe183Leu,missense_variant,3) Uncertain significance,F183L,1.0
F183S,0.03439354,katG,Isoniazid,p.Phe183Ser,missense_variant,3) Uncertain significance,F183S,1.0
F252L,0.030580625,katG,Isoniazid,p.Phe252Leu,missense_variant,3) Uncertain significance,F252L,1.0
F272L,0.0433425,katG,Isoniazid,p.Phe272Leu,missense_variant,3) Uncertain significance,F272L,1.0
F332V,0.030682385,katG,Isoniazid,p.Phe332Val,missense_variant,3) Uncertain significance,F332V,0.0
F368L,0.02269303,katG,Isoniazid,p.Phe368Leu,missense_variant,3) Uncertain significance,F368L,1.0
F408L,0.03154473,katG,Isoniazid,p.Phe408Leu,missense_variant,3) Uncertain significance,F408L,1.0
F483L,0.03270202,katG,Isoniazid,p.Phe483Leu,missense_variant,3) Uncertain significance,F483L,1.0
F483S,0.070355125,katG,Isoniazid,p.Phe483Ser,missense_variant,3) Uncertain significance,F483S,1.0
F540S,0.039188016,katG,Isoniazid,p.Phe540Ser,missense_variant,3) Uncertain significance,F540S,1.0
F567S,0.051032115,katG,Isoniazid,p.Phe567Ser,missense_variant,3) Uncertain significance,F567S,1.0
F567Y,0.030322038,katG,Isoniazid,p.Phe567Tyr,missense_variant,3) Uncertain significance,F567Y,1.0
F584V,0.026012408,katG,Isoniazid,p.Phe584Val,missense_variant,3) Uncertain significance,F584V,0.3076923076923077
F594I,0.02470011,katG,Isoniazid,p.Phe594Ile,missense_variant,3) Uncertain significance,F594I,1.0
F594L,0.020901417,katG,Isoniazid,p.Phe594Leu,missense_variant,3) Uncertain significance,F594L,1.0
F62L,0.03968613,katG,Isoniazid,p.Phe62Leu,missense_variant,3) Uncertain significance,F62L,0.75
F62S,0.040238585,katG,Isoniazid,p.Phe62Ser,missense_variant,3) Uncertain significance,F62S,1.0
F658L,0.024091877,katG,Isoniazid,p.Phe658Leu,missense_variant,3) Uncertain significance,F658L,0.0
F658V,0.027499298,katG,Isoniazid,p.Phe658Val,missense_variant,3) Uncertain significance,F658V,0.0
F698L,0.021701725,katG,Isoniazid,p.Phe698Leu,missense_variant,3) Uncertain significance,F698L,1.0
F724L,0.026731221,katG,Isoniazid,p.Phe724Leu,missense_variant,3) Uncertain significance,F724L,1.0
P131Q,0.021879764,katG,Isoniazid,p.Pro131Gln,missense_variant,3) Uncertain significance,P131Q,1.0
P131S,0.020519707,katG,Isoniazid,p.Pro131Ser,missense_variant,3) Uncertain significance,P131S,0.3333333333333333
P136L,0.031200167,katG,Isoniazid,p.Pro136Leu,missense_variant,3) Uncertain significance,P136L,0.6666666666666666
P150S,0.047836736,katG,Isoniazid,p.Pro150Ser,missense_variant,3) Uncertain significance,P150S,1.0
P232A,0.025845306,katG,Isoniazid,p.Pro232Ala,missense_variant,3) Uncertain significance,P232A,1.0
P232R,0.0258773,katG,Isoniazid,p.Pro232Arg,missense_variant,3) Uncertain significance,P232R,1.0
P232L,0.030115547,katG,Isoniazid,p.Pro232Leu,missense_variant,3) Uncertain significance,P232L,1.0
P232S,0.034270596,katG,Isoniazid,p.Pro232Ser,missense_variant,3) Uncertain significance,P232S,0.9285714285714286
P235S,0.034468953,katG,Isoniazid,p.Pro235Ser,missense_variant,3) Uncertain significance,P235S,1.0
P241H,0.040798094,katG,Isoniazid,p.Pro241His,missense_variant,3) Uncertain significance,P241H,1.0
P280S,0.027621308,katG,Isoniazid,p.Pro280Ser,missense_variant,3) Uncertain significance,P280S,0.4375
P286A,0.024715085,katG,Isoniazid,p.Pro286Ala,missense_variant,3) Uncertain significance,P286A,0.0
P286H,0.041314587,katG,Isoniazid,p.Pro286His,missense_variant,3) Uncertain significance,P286H,1.0
P286L,0.029027887,katG,Isoniazid,p.Pro286Leu,missense_variant,3) Uncertain significance,P286L,0.0
P288H,0.04275584,katG,Isoniazid,p.Pro288His,missense_variant,3) Uncertain significance,P288H,1.0
P288L,0.032875188,katG,Isoniazid,p.Pro288Leu,missense_variant,3) Uncertain significance,P288L,1.0
P292A,0.039324563,katG,Isoniazid,p.Pro292Ala,missense_variant,3) Uncertain significance,P292A,1.0
P29S,0.025376992,katG,Isoniazid,p.Pro29Ser,missense_variant,3) Uncertain significance,P29S,1.0
P2S,0.04356811,katG,Isoniazid,p.Pro2Ser,missense_variant,3) Uncertain significance,P2S,1.0
P325S,0.023049386,katG,Isoniazid,p.Pro325Ser,missense_variant,3) Uncertain significance,P325S,1.0
P325T,0.025681777,katG,Isoniazid,p.Pro325Thr,missense_variant,3) Uncertain significance,P325T,1.0
P347S,0.030509457,katG,Isoniazid,p.Pro347Ser,missense_variant,3) Uncertain significance,P347S,0.0
P365T,0.03281544,katG,Isoniazid,p.Pro365Thr,missense_variant,3) Uncertain significance,P365T,1.0
P367L,0.037803482,katG,Isoniazid,p.Pro367Leu,missense_variant,3) Uncertain significance,P367L,1.0
P401L,0.07418688,katG,Isoniazid,p.Pro401Leu,missense_variant,3) Uncertain significance,P401L,1.0
P40L,0.03016909,katG,Isoniazid,p.Pro40Leu,missense_variant,3) Uncertain significance,P40L,0.0
P422H,0.03989432,katG,Isoniazid,p.Pro422His,missense_variant,3) Uncertain significance,P422H,0.0
P429R,0.03527148,katG,Isoniazid,p.Pro429Arg,missense_variant,3) Uncertain significance,P429R,0.3333333333333333
P432L,0.03855229,katG,Isoniazid,p.Pro432Leu,missense_variant,3) Uncertain significance,P432L,0.8333333333333334
P432T,0.032105338,katG,Isoniazid,p.Pro432Thr,missense_variant,3) Uncertain significance,P432T,0.0
P510A,0.047933366,katG,Isoniazid,p.Pro510Ala,missense_variant,3) Uncertain significance,P510A,0.0
P52R,0.027550662,katG,Isoniazid,p.Pro52Arg,missense_variant,3) Uncertain significance,P52R,0.0
P52S,0.029907342,katG,Isoniazid,p.Pro52Ser,missense_variant,3) Uncertain significance,P52S,0.0
P533L,0.038217742,katG,Isoniazid,p.Pro533Leu,missense_variant,3) Uncertain significance,P533L,0.0
P566L,0.1013032,katG,Isoniazid,p.Pro566Leu,missense_variant,3) Uncertain significance,P566L,0.0
P566S,0.049868517,katG,Isoniazid,p.Pro566Ser,missense_variant,3) Uncertain significance,P566S,0.0
P569L,0.034954913,katG,Isoniazid,p.Pro569Leu,missense_variant,3) Uncertain significance,P569L,0.5
P57S,0.045961432,katG,Isoniazid,p.Pro57Ser,missense_variant,3) Uncertain significance,P57S,1.0
P605R,0.028479762,katG,Isoniazid,p.Pro605Arg,missense_variant,3) Uncertain significance,P605R,0.0
P672S,0.03347138,katG,Isoniazid,p.Pro672Ser,missense_variant,3) Uncertain significance,P672S,0.0
P6S,0.02763677,katG,Isoniazid,p.Pro6Ser,missense_variant,3) Uncertain significance,P6S,0.21052631578947367
P718S,0.037271187,katG,Isoniazid,p.Pro718Ser,missense_variant,3) Uncertain significance,P718S,0.0
P92S,0.025409203,katG,Isoniazid,p.Pro92Ser,missense_variant,3) Uncertain significance,P92S,1.0
S140R,0.029946772,katG,Isoniazid,p.Ser140Arg,missense_variant,3) Uncertain significance,S140R,0.0
S140N,0.029051535,katG,Isoniazid,p.Ser140Asn,missense_variant,3) Uncertain significance,S140N,0.7
S140G,0.025380118,katG,Isoniazid,p.Ser140Gly,missense_variant,3) Uncertain significance,S140G,0.0
S160P,0.045799408,katG,Isoniazid,p.Ser160Pro,missense_variant,3) Uncertain significance,S160P,1.0
S17G,0.031435322,katG,Isoniazid,p.Ser17Gly,missense_variant,3) Uncertain significance,S17G,0.5
S211N,0.036963597,katG,Isoniazid,p.Ser211Asn,missense_variant,3) Uncertain significance,S211N,0.3333333333333333
S302R,0.030293012,katG,Isoniazid,p.Ser302Arg,missense_variant,3) Uncertain significance,S302R,0.875
S315R,0.035421204,katG,Isoniazid,p.Ser315Arg,missense_variant,1) Assoc w R,S315R,0.9333333333333333
S315N,0.042994693,katG,Isoniazid,p.Ser315Asn,missense_variant,1) Assoc w R,S315N,0.976303317535545
S315G,0.03188289,katG,Isoniazid,p.Ser315Gly,missense_variant,3) Uncertain significance,S315G,0.9666666666666667
S315I,0.050359838,katG,Isoniazid,p.Ser315Ile,missense_variant,2) Assoc w R - Interim,S315I,1.0
S315T,0.028893515,katG,Isoniazid,p.Ser315Thr,missense_variant,1) Assoc w R,S315T,0.984896085065249
S331G,0.022329073,katG,Isoniazid,p.Ser331Gly,missense_variant,3) Uncertain significance,S331G,1.0
S331I,0.037975263,katG,Isoniazid,p.Ser331Ile,missense_variant,3) Uncertain significance,S331I,1.0
S383P,0.024478735,katG,Isoniazid,p.Ser383Pro,missense_variant,3) Uncertain significance,S383P,1.0
S383W,0.037613273,katG,Isoniazid,p.Ser383Trp,missense_variant,3) Uncertain significance,S383W,1.0
S446N,0.03486406,katG,Isoniazid,p.Ser446Asn,missense_variant,3) Uncertain significance,S446N,0.0
S457G,0.040542863,katG,Isoniazid,p.Ser457Gly,missense_variant,3) Uncertain significance,S457G,0.0
S457I,0.05549305,katG,Isoniazid,p.Ser457Ile,missense_variant,3) Uncertain significance,S457I,1.0
S460N,0.053401344,katG,Isoniazid,p.Ser460Asn,missense_variant,3) Uncertain significance,S460N,1.0
S465P,0.14564061,katG,Isoniazid,p.Ser465Pro,missense_variant,3) Uncertain significance,S465P,1.0
S474Q,0.06265898,katG,Isoniazid,p.Ser474Gln,missense_variant,3) Uncertain significance,S474Q,0.0
S474P,0.07767055,katG,Isoniazid,p.Ser474Pro,missense_variant,3) Uncertain significance,S474P,1.0
S481A,0.03183374,katG,Isoniazid,p.Ser481Ala,missense_variant,3) Uncertain significance,S481A,0.0
S481L,0.13436404,katG,Isoniazid,p.Ser481Leu,missense_variant,3) Uncertain significance,S481L,0.5
S482P,0.052681237,katG,Isoniazid,p.Ser482Pro,missense_variant,3) Uncertain significance,S482P,1.0
S486N,0.03378261,katG,Isoniazid,p.Ser486Asn,missense_variant,3) Uncertain significance,S486N,1.0
S527L,0.037878063,katG,Isoniazid,p.Ser527Leu,missense_variant,3) Uncertain significance,S527L,0.0
S620R,0.039786667,katG,Isoniazid,p.Ser620Arg,missense_variant,3) Uncertain significance,S620R,0.0
S650F,0.038569115,katG,Isoniazid,p.Ser650Phe,missense_variant,3) Uncertain significance,S650F,1.0
S652A,0.026695527,katG,Isoniazid,p.Ser652Ala,missense_variant,3) Uncertain significance,S652A,0.0
S652P,0.030107012,katG,Isoniazid,p.Ser652Pro,missense_variant,3) Uncertain significance,S652P,1.0
S684R,0.040501334,katG,Isoniazid,p.Ser684Arg,missense_variant,3) Uncertain significance,S684R,0.0
S692R,0.03459991,katG,Isoniazid,p.Ser692Arg,missense_variant,3) Uncertain significance,S692R,1.0
S700F,0.037803166,katG,Isoniazid,p.Ser700Phe,missense_variant,3) Uncertain significance,S700F,0.5
S700P,0.03867363,katG,Isoniazid,p.Ser700Pro,missense_variant,3) Uncertain significance,S700P,1.0
S87L,0.038601123,katG,Isoniazid,p.Ser87Leu,missense_variant,3) Uncertain significance,S87L,0.0
T112S,0.019612275,katG,Isoniazid,p.Thr112Ser,missense_variant,3) Uncertain significance,T112S,0.0
T11A,0.022944486,katG,Isoniazid,p.Thr11Ala,missense_variant,3) Uncertain significance,T11A,1.0
T11S,0.024254752,katG,Isoniazid,p.Thr11Ser,missense_variant,3) Uncertain significance,T11S,0.0
T12A,0.02129224,katG,Isoniazid,p.Thr12Ala,missense_variant,3) Uncertain significance,T12A,0.0
T180M,0.03344012,katG,Isoniazid,p.Thr180Met,missense_variant,3) Uncertain significance,T180M,1.0
T251P,0.056155723,katG,Isoniazid,p.Thr251Pro,missense_variant,3) Uncertain significance,T251P,1.0
T271A,0.054643366,katG,Isoniazid,p.Thr271Ala,missense_variant,3) Uncertain significance,T271A,1.0
T271I,0.038588233,katG,Isoniazid,p.Thr271Ile,missense_variant,3) Uncertain significance,T271I,1.0
T271P,0.05583634,katG,Isoniazid,p.Thr271Pro,missense_variant,3) Uncertain significance,T271P,1.0
T275A,0.021535622,katG,Isoniazid,p.Thr275Ala,missense_variant,3) Uncertain significance,T275A,1.0
T275P,0.021701999,katG,Isoniazid,p.Thr275Pro,missense_variant,3) Uncertain significance,T275P,1.0
T306A,0.017909037,katG,Isoniazid,p.Thr306Ala,missense_variant,3) Uncertain significance,T306A,0.0
T306P,0.023919765,katG,Isoniazid,p.Thr306Pro,missense_variant,3) Uncertain significance,T306P,1.0
T322A,0.02314603,katG,Isoniazid,p.Thr322Ala,missense_variant,3) Uncertain significance,T322A,1.0
T322K,0.038641196,katG,Isoniazid,p.Thr322Lys,missense_variant,3) Uncertain significance,T322K,1.0
T322P,0.028397946,katG,Isoniazid,p.Thr322Pro,missense_variant,3) Uncertain significance,T322P,1.0
T324N,0.029739652,katG,Isoniazid,p.Thr324Asn,missense_variant,3) Uncertain significance,T324N,0.0
T324P,0.031991318,katG,Isoniazid,p.Thr324Pro,missense_variant,3) Uncertain significance,T324P,1.0
T326M,0.04634847,katG,Isoniazid,p.Thr326Met,missense_variant,3) Uncertain significance,T326M,1.0
T326P,0.028101644,katG,Isoniazid,p.Thr326Pro,missense_variant,3) Uncertain significance,T326P,1.0
T344L,0.0387329,katG,Isoniazid,p.Thr344Leu,missense_variant,3) Uncertain significance,T344L,0.0
T344M,0.051242903,katG,Isoniazid,p.Thr344Met,missense_variant,3) Uncertain significance,T344M,1.0
T344P,0.031768583,katG,Isoniazid,p.Thr344Pro,missense_variant,3) Uncertain significance,T344P,0.8333333333333334
T344S,0.030106321,katG,Isoniazid,p.Thr344Ser,missense_variant,3) Uncertain significance,T344S,0.0
T354I,0.043503147,katG,Isoniazid,p.Thr354Ile,missense_variant,3) Uncertain significance,T354I,0.06666666666666667
T363A,0.023602553,katG,Isoniazid,p.Thr363Ala,missense_variant,3) Uncertain significance,T363A,0.0
T376K,0.033098374,katG,Isoniazid,p.Thr376Lys,missense_variant,3) Uncertain significance,T376K,0.0
T376M,0.044412162,katG,Isoniazid,p.Thr376Met,missense_variant,3) Uncertain significance,T376M,0.0
T380A,0.02079362,katG,Isoniazid,p.Thr380Ala,missense_variant,3) Uncertain significance,T380A,1.0
T380I,0.033543497,katG,Isoniazid,p.Thr380Ile,missense_variant,3) Uncertain significance,T380I,0.9642857142857143
T380P,0.024306523,katG,Isoniazid,p.Thr380Pro,missense_variant,3) Uncertain significance,T380P,1.0
T380S,0.024159694,katG,Isoniazid,p.Thr380Ser,missense_variant,3) Uncertain significance,T380S,0.0
T394A,0.021853816,katG,Isoniazid,p.Thr394Ala,missense_variant,3) Uncertain significance,T394A,0.8
T435I,0.03309061,katG,Isoniazid,p.Thr435Ile,missense_variant,3) Uncertain significance,T435I,1.0
T468P,0.055659425,katG,Isoniazid,p.Thr468Pro,missense_variant,3) Uncertain significance,T468P,1.0
T475I,0.052202698,katG,Isoniazid,p.Thr475Ile,missense_variant,3) Uncertain significance,T475I,0.15
T520A,0.028055735,katG,Isoniazid,p.Thr520Ala,missense_variant,3) Uncertain significance,T520A,0.0
T520N,0.03018191,katG,Isoniazid,p.Thr520Asn,missense_variant,3) Uncertain significance,T520N,0.0
T568H,0.041921183,katG,Isoniazid,p.Thr568His,missense_variant,3) Uncertain significance,T568H,1.0
T568P,0.037550922,katG,Isoniazid,p.Thr568Pro,missense_variant,3) Uncertain significance,T568P,1.0
T579A,0.025085138,katG,Isoniazid,p.Thr579Ala,missense_variant,3) Uncertain significance,T579A,1.0
T579S,0.029929882,katG,Isoniazid,p.Thr579Ser,missense_variant,3) Uncertain significance,T579S,1.0
T625A,0.026137717,katG,Isoniazid,p.Thr625Ala,missense_variant,3) Uncertain significance,T625A,0.7368421052631579
T625K,0.042823695,katG,Isoniazid,p.Thr625Lys,missense_variant,3) Uncertain significance,T625K,1.0
T625P,0.031790894,katG,Isoniazid,p.Thr625Pro,missense_variant,3) Uncertain significance,T625P,1.0
T647P,0.027020723,katG,Isoniazid,p.Thr647Pro,missense_variant,3) Uncertain significance,T647P,0.0
T654A,0.019799586,katG,Isoniazid,p.Thr654Ala,missense_variant,3) Uncertain significance,T654A,0.0
T654N,0.022240862,katG,Isoniazid,p.Thr654Asn,missense_variant,3) Uncertain significance,T654N,0.0
T654S,0.02406291,katG,Isoniazid,p.Thr654Ser,missense_variant,3) Uncertain significance,T654S,0.0
T667P,0.035265308,katG,Isoniazid,p.Thr667Pro,missense_variant,3) Uncertain significance,T667P,0.8333333333333334
T677P,0.031545397,katG,Isoniazid,p.Thr677Pro,missense_variant,3) Uncertain significance,T677P,1.0
T690P,0.037118018,katG,Isoniazid,p.Thr690Pro,missense_variant,3) Uncertain significance,T690P,0.8
T77R,0.032754928,katG,Isoniazid,p.Thr77Arg,missense_variant,3) Uncertain significance,T77R,0.0
T85A,0.023752384,katG,Isoniazid,p.Thr85Ala,missense_variant,3) Uncertain significance,T85A,0.75
T85P,0.033751395,katG,Isoniazid,p.Thr85Pro,missense_variant,3) Uncertain significance,T85P,0.3333333333333333
T9K,0.034159306,katG,Isoniazid,p.Thr9Lys,missense_variant,3) Uncertain significance,T9K,0.0
W149R,0.04291903,katG,Isoniazid,p.Trp149Arg,missense_variant,3) Uncertain significance,W149R,1.0
W149C,0.07998169,katG,Isoniazid,p.Trp149Cys,missense_variant,3) Uncertain significance,W149C,1.0
W149G,0.04714745,katG,Isoniazid,p.Trp149Gly,missense_variant,3) Uncertain significance,W149G,1.0
W161R,0.04804507,katG,Isoniazid,p.Trp161Arg,missense_variant,3) Uncertain significance,W161R,0.7142857142857143
W161Q,0.043680057,katG,Isoniazid,p.Trp161Gln,missense_variant,3) Uncertain significance,W161Q,1.0
W191R,0.035449397,katG,Isoniazid,p.Trp191Arg,missense_variant,3) Uncertain significance,W191R,0.9
W191G,0.029680975,katG,Isoniazid,p.Trp191Gly,missense_variant,3) Uncertain significance,W191G,0.72
W300R,0.0508213,katG,Isoniazid,p.Trp300Arg,missense_variant,3) Uncertain significance,W300R,1.0
W300C,0.1082501,katG,Isoniazid,p.Trp300Cys,missense_variant,3) Uncertain significance,W300C,0.6666666666666666
W300G,0.04472302,katG,Isoniazid,p.Trp300Gly,missense_variant,3) Uncertain significance,W300G,1.0
W300S,0.04718579,katG,Isoniazid,p.Trp300Ser,missense_variant,3) Uncertain significance,W300S,1.0
W321S,0.041091282,katG,Isoniazid,p.Trp321Ser,missense_variant,3) Uncertain significance,W321S,1.0
W328R,0.03946438,katG,Isoniazid,p.Trp328Arg,missense_variant,3) Uncertain significance,W328R,1.0
W328C,0.11165086,katG,Isoniazid,p.Trp328Cys,missense_variant,3) Uncertain significance,W328C,1.0
W328L,0.03853951,katG,Isoniazid,p.Trp328Leu,missense_variant,1) Assoc w R,W328L,1.0
W328S,0.04328986,katG,Isoniazid,p.Trp328Ser,missense_variant,3) Uncertain significance,W328S,1.0
W328Y,0.028666584,katG,Isoniazid,p.Trp328Tyr,missense_variant,3) Uncertain significance,W328Y,1.0
W341G,0.036849476,katG,Isoniazid,p.Trp341Gly,missense_variant,3) Uncertain significance,W341G,1.0
W351L,0.04291178,katG,Isoniazid,p.Trp351Leu,missense_variant,3) Uncertain significance,W351L,0.0
W397G,0.034544338,katG,Isoniazid,p.Trp397Gly,missense_variant,3) Uncertain significance,W397G,1.0
W39R,0.03650609,katG,Isoniazid,p.Trp39Arg,missense_variant,3) Uncertain significance,W39R,1.0
W412C,0.0902188,katG,Isoniazid,p.Trp412Cys,missense_variant,3) Uncertain significance,W412C,1.0
W412Y,0.034767874,katG,Isoniazid,p.Trp412Tyr,missense_variant,3) Uncertain significance,W412Y,0.0
W438C,0.1429363,katG,Isoniazid,p.Trp438Cys,missense_variant,3) Uncertain significance,W438C,1.0
W438G,0.08805538,katG,Isoniazid,p.Trp438Gly,missense_variant,3) Uncertain significance,W438G,1.0
W505R,0.108374335,katG,Isoniazid,p.Trp505Arg,missense_variant,3) Uncertain significance,W505R,1.0
W505S,0.09235869,katG,Isoniazid,p.Trp505Ser,missense_variant,3) Uncertain significance,W505S,1.0
W668C,0.083829954,katG,Isoniazid,p.Trp668Cys,missense_variant,3) Uncertain significance,W668C,0.0
W689C,0.11247981,katG,Isoniazid,p.Trp689Cys,missense_variant,3) Uncertain significance,W689C,1.0
W689G,0.05129334,katG,Isoniazid,p.Trp689Gly,missense_variant,3) Uncertain significance,W689G,0.5
W728C,0.080126256,katG,Isoniazid,p.Trp728Cys,missense_variant,3) Uncertain significance,W728C,1.0
W728F,0.030932264,katG,Isoniazid,p.Trp728Phe,missense_variant,3) Uncertain significance,W728F,0.0
W728Y,0.03393487,katG,Isoniazid,p.Trp728Tyr,missense_variant,3) Uncertain significance,W728Y,0.0
W90R,0.036703724,katG,Isoniazid,p.Trp90Arg,missense_variant,3) Uncertain significance,W90R,1.0
W90C,0.105241306,katG,Isoniazid,p.Trp90Cys,missense_variant,3) Uncertain significance,W90C,1.0
W91R,0.03535359,katG,Isoniazid,p.Trp91Arg,missense_variant,3) Uncertain significance,W91R,0.4
W91G,0.035654414,katG,Isoniazid,p.Trp91Gly,missense_variant,3) Uncertain significance,W91G,1.0
Y155D,0.07612945,katG,Isoniazid,p.Tyr155Asp,missense_variant,3) Uncertain significance,Y155D,1.0
Y155C,0.072418466,katG,Isoniazid,p.Tyr155Cys,missense_variant,3) Uncertain significance,Y155C,0.9090909090909091
Y155S,0.05987975,katG,Isoniazid,p.Tyr155Ser,missense_variant,3) Uncertain significance,Y155S,1.0
Y197D,0.041878365,katG,Isoniazid,p.Tyr197Asp,missense_variant,3) Uncertain significance,Y197D,0.5
Y229C,0.08245262,katG,Isoniazid,p.Tyr229Cys,missense_variant,3) Uncertain significance,Y229C,1.0
Y337D,0.05418054,katG,Isoniazid,p.Tyr337Asp,missense_variant,3) Uncertain significance,Y337D,1.0
Y337C,0.106752075,katG,Isoniazid,p.Tyr337Cys,missense_variant,3) Uncertain significance,Y337C,0.9
Y353C,0.10588516,katG,Isoniazid,p.Tyr353Cys,missense_variant,3) Uncertain significance,Y353C,0.0
Y390C,0.09549981,katG,Isoniazid,p.Tyr390Cys,missense_variant,3) Uncertain significance,Y390C,0.0
Y390S,0.049403757,katG,Isoniazid,p.Tyr390Ser,missense_variant,3) Uncertain significance,Y390S,1.0
Y413C,0.1129943,katG,Isoniazid,p.Tyr413Cys,missense_variant,3) Uncertain significance,Y413C,0.7142857142857143
Y413H,0.052105423,katG,Isoniazid,p.Tyr413His,missense_variant,3) Uncertain significance,Y413H,0.4
Y426H,0.048900213,katG,Isoniazid,p.Tyr426His,missense_variant,3) Uncertain significance,Y426H,1.0
Y597H,0.04410235,katG,Isoniazid,p.Tyr597His,missense_variant,3) Uncertain significance,Y597H,1.0
Y597S,0.03472617,katG,Isoniazid,p.Tyr597Ser,missense_variant,3) Uncertain significance,Y597S,1.0
Y638C,0.10227191,katG,Isoniazid,p.Tyr638Cys,missense_variant,3) Uncertain significance,Y638C,0.0
Y64N,0.040793482,katG,Isoniazid,p.Tyr64Asn,missense_variant,3) Uncertain significance,Y64N,1.0
Y64D,0.05271168,katG,Isoniazid,p.Tyr64Asp,missense_variant,3) Uncertain significance,Y64D,0.5
Y64C,0.08837423,katG,Isoniazid,p.Tyr64Cys,missense_variant,3) Uncertain significance,Y64C,1.0
Y64H,0.043208033,katG,Isoniazid,p.Tyr64His,missense_variant,3) Uncertain significance,Y64H,1.0
Y64S,0.04496873,katG,Isoniazid,p.Tyr64Ser,missense_variant,3) Uncertain significance,Y64S,1.0
Y678A,0.052431077,katG,Isoniazid,p.Tyr678Ala,missense_variant,3) Uncertain significance,Y678A,0.0
Y678C,0.1605409,katG,Isoniazid,p.Tyr678Cys,missense_variant,3) Uncertain significance,Y678C,1.0
Y678L,0.03849372,katG,Isoniazid,p.Tyr678Leu,missense_variant,3) Uncertain significance,Y678L,0.0
Y98C,0.09243791,katG,Isoniazid,p.Tyr98Cys,missense_variant,3) Uncertain significance,Y98C,1.0
V166I,0.02692954,katG,Isoniazid,p.Val166Ile,missense_variant,3) Uncertain significance,V166I,0.0
V196A,0.027180802,katG,Isoniazid,p.Val196Ala,missense_variant,3) Uncertain significance,V196A,1.0
V196G,0.022471014,katG,Isoniazid,p.Val196Gly,missense_variant,3) Uncertain significance,V196G,1.0
V196I,0.02809955,katG,Isoniazid,p.Val196Ile,missense_variant,3) Uncertain significance,V196I,0.0
V230A,0.023033356,katG,Isoniazid,p.Val230Ala,missense_variant,3) Uncertain significance,V230A,1.0
V23L,0.019581728,katG,Isoniazid,p.Val23Leu,missense_variant,3) Uncertain significance,V23L,0.0
V246G,0.027622305,katG,Isoniazid,p.Val246Gly,missense_variant,3) Uncertain significance,V246G,1.0
V260I,0.031125935,katG,Isoniazid,p.Val260Ile,missense_variant,3) Uncertain significance,V260I,0.0
V260L,0.030950475,katG,Isoniazid,p.Val260Leu,missense_variant,3) Uncertain significance,V260L,1.0
V267A,0.07751954,katG,Isoniazid,p.Val267Ala,missense_variant,3) Uncertain significance,V267A,0.0
V267G,0.07133155,katG,Isoniazid,p.Val267Gly,missense_variant,3) Uncertain significance,V267G,1.0
V284I,0.030504981,katG,Isoniazid,p.Val284Ile,missense_variant,3) Uncertain significance,V284I,1.0
V319D,0.049030337,katG,Isoniazid,p.Val319Asp,missense_variant,3) Uncertain significance,V319D,1.0
V319I,0.025164943,katG,Isoniazid,p.Val319Ile,missense_variant,3) Uncertain significance,V319I,0.0
V320A,0.026681984,katG,Isoniazid,p.Val320Ala,missense_variant,3) Uncertain significance,V320A,1.0
V320L,0.028959168,katG,Isoniazid,p.Val320Leu,missense_variant,3) Uncertain significance,V320L,1.0
V386E,0.029837744,katG,Isoniazid,p.Val386Glu,missense_variant,3) Uncertain significance,V386E,1.0
V386L,0.021733895,katG,Isoniazid,p.Val386Leu,missense_variant,3) Uncertain significance,V386L,0.0
V386M,0.03660129,katG,Isoniazid,p.Val386Met,missense_variant,3) Uncertain significance,V386M,0.0
V423I,0.02949621,katG,Isoniazid,p.Val423Ile,missense_variant,3) Uncertain significance,V423I,0.5333333333333333
V423F,0.025341423,katG,Isoniazid,p.Val423Phe,missense_variant,3) Uncertain significance,V423F,0.0
V431G,0.03107501,katG,Isoniazid,p.Val431Gly,missense_variant,3) Uncertain significance,V431G,1.0
V442A,0.031504236,katG,Isoniazid,p.Val442Ala,missense_variant,3) Uncertain significance,V442A,1.0
V445I,0.030844413,katG,Isoniazid,p.Val445Ile,missense_variant,3) Uncertain significance,V445I,0.0
V450A,0.03129754,katG,Isoniazid,p.Val450Ala,missense_variant,3) Uncertain significance,V450A,1.0
V469L,0.03395257,katG,Isoniazid,p.Val469Leu,missense_variant,5) Not assoc w R,V469L,0.0
V473A,0.057067826,katG,Isoniazid,p.Val473Ala,missense_variant,3) Uncertain significance,V473A,0.0
V473L,0.036034547,katG,Isoniazid,p.Val473Leu,missense_variant,3) Uncertain significance,V473L,0.875
V473F,0.034493662,katG,Isoniazid,p.Val473Phe,missense_variant,3) Uncertain significance,V473F,0.0
V47I,0.023290087,katG,Isoniazid,p.Val47Ile,missense_variant,3) Uncertain significance,V47I,0.0
V503A,0.029593518,katG,Isoniazid,p.Val503Ala,missense_variant,3) Uncertain significance,V503A,0.0
V507I,0.028726796,katG,Isoniazid,p.Val507Ile,missense_variant,3) Uncertain significance,V507I,0.0
V538A,0.07304782,katG,Isoniazid,p.Val538Ala,missense_variant,3) Uncertain significance,V538A,0.0
V538L,0.021693172,katG,Isoniazid,p.Val538Leu,missense_variant,3) Uncertain significance,V538L,0.0
V565G,0.05771591,katG,Isoniazid,p.Val565Gly,missense_variant,3) Uncertain significance,V565G,1.0
V581M,0.044984523,katG,Isoniazid,p.Val581Met,missense_variant,3) Uncertain significance,V581M,1.0
V586M,0.04193488,katG,Isoniazid,p.Val586Met,missense_variant,3) Uncertain significance,V586M,0.3333333333333333
V626A,0.043091424,katG,Isoniazid,p.Val626Ala,missense_variant,3) Uncertain significance,V626A,0.0
V626E,0.04722012,katG,Isoniazid,p.Val626Glu,missense_variant,3) Uncertain significance,V626E,1.0
V628G,0.028035013,katG,Isoniazid,p.Val628Gly,missense_variant,3) Uncertain significance,V628G,1.0
V628L,0.02741628,katG,Isoniazid,p.Val628Leu,missense_variant,3) Uncertain significance,V628L,0.0
V633I,0.030117402,katG,Isoniazid,p.Val633Ile,missense_variant,3) Uncertain significance,V633I,0.0
V68G,0.03889323,katG,Isoniazid,p.Val68Gly,missense_variant,3) Uncertain significance,V68G,0.75
V697A,0.03727532,katG,Isoniazid,p.Val697Ala,missense_variant,3) Uncertain significance,V697A,1.0
V697L,0.02261768,katG,Isoniazid,p.Val697Leu,missense_variant,3) Uncertain significance,V697L,1.0
V710G,0.06625514,katG,Isoniazid,p.Val710Gly,missense_variant,3) Uncertain significance,V710G,1.0
V710I,0.03272366,katG,Isoniazid,p.Val710Ile,missense_variant,3) Uncertain significance,V710I,0.0
V721L,0.03199824,katG,Isoniazid,p.Val721Leu,missense_variant,3) Uncertain significance,V721L,0.0
V731G,0.03532247,katG,Isoniazid,p.Val731Gly,missense_variant,3) Uncertain significance,V731G,1.0
V731M,0.035121873,katG,Isoniazid,p.Val731Met,missense_variant,3) Uncertain significance,V731M,1.0
V739M,0.03347168,katG,Isoniazid,p.Val739Met,missense_variant,3) Uncertain significance,V739M,0.0
V73A,0.028785046,katG,Isoniazid,p.Val73Ala,missense_variant,3) Uncertain significance,V73A,0.0
V73G,0.03915486,katG,Isoniazid,p.Val73Gly,missense_variant,3) Uncertain significance,V73G,1.0
V83G,0.02800912,katG,Isoniazid,p.Val83Gly,missense_variant,3) Uncertain significance,V83G,1.0
V83L,0.02473991,katG,Isoniazid,p.Val83Leu,missense_variant,3) Uncertain significance,V83L,1.0
A1007T,0.019790504,embB,Ethambutol,p.Ala1007Thr,missense_variant,3) Uncertain significance,A1007T,1.0
A1007V,0.016279139,embB,Ethambutol,p.Ala1007Val,missense_variant,3) Uncertain significance,A1007V,0.0
A1020S,0.013344188,embB,Ethambutol,p.Ala1020Ser,missense_variant,3) Uncertain significance,A1020S,0.0
A102T,0.013671,embB,Ethambutol,p.Ala102Thr,missense_variant,3) Uncertain significance,A102T,0.0
A102V,0.013751821,embB,Ethambutol,p.Ala102Val,missense_variant,3) Uncertain significance,A102V,0.0
A1058V,0.013822646,embB,Ethambutol,p.Ala1058Val,missense_variant,3) Uncertain significance,A1058V,0.0
A1073D,0.030280799,embB,Ethambutol,p.Ala1073Asp,missense_variant,3) Uncertain significance,A1073D,0.037037037037037035
A1073G,0.021517547,embB,Ethambutol,p.Ala1073Gly,missense_variant,3) Uncertain significance,A1073G,0.0
A1073V,0.02740618,embB,Ethambutol,p.Ala1073Val,missense_variant,3) Uncertain significance,A1073V,0.0
A1076T,0.09613226,embB,Ethambutol,p.Ala1076Thr,missense_variant,3) Uncertain significance,A1076T,0.0
A1083E,0.025536772,embB,Ethambutol,p.Ala1083Glu,missense_variant,3) Uncertain significance,A1083E,0.0
A1083T,0.014217023,embB,Ethambutol,p.Ala1083Thr,missense_variant,3) Uncertain significance,A1083T,0.0
A1083V,0.014502877,embB,Ethambutol,p.Ala1083Val,missense_variant,3) Uncertain significance,A1083V,0.0
A109T,0.017962717,embB,Ethambutol,p.Ala109Thr,missense_variant,3) Uncertain significance,A109T,0.0
A113T,0.013816698,embB,Ethambutol,p.Ala113Thr,missense_variant,3) Uncertain significance,A113T,0.0
A155P,0.018301211,embB,Ethambutol,p.Ala155Pro,missense_variant,3) Uncertain significance,A155P,0.0
A155T,0.015736593,embB,Ethambutol,p.Ala155Thr,missense_variant,3) Uncertain significance,A155T,0.0
A155V,0.019369004,embB,Ethambutol,p.Ala155Val,missense_variant,3) Uncertain significance,A155V,0.0
A15P,0.0146116335,embB,Ethambutol,p.Ala15Pro,missense_variant,3) Uncertain significance,A15P,0.0
A196T,0.016112514,embB,Ethambutol,p.Ala196Thr,missense_variant,3) Uncertain significance,A196T,0.0
A201E,0.03223086,embB,Ethambutol,p.Ala201Glu,missense_variant,3) Uncertain significance,A201E,0.0
A201S,0.014402839,embB,Ethambutol,p.Ala201Ser,missense_variant,3) Uncertain significance,A201S,1.0
A201T,0.015819807,embB,Ethambutol,p.Ala201Thr,missense_variant,3) Uncertain significance,A201T,0.0
A204T,0.014354312,embB,Ethambutol,p.Ala204Thr,missense_variant,3) Uncertain significance,A204T,0.0
A21T,0.016809272,embB,Ethambutol,p.Ala21Thr,missense_variant,3) Uncertain significance,A21T,0.0
A221S,0.014999932,embB,Ethambutol,p.Ala221Ser,missense_variant,3) Uncertain significance,A221S,0.0
A221T,0.012747557,embB,Ethambutol,p.Ala221Thr,missense_variant,3) Uncertain significance,A221T,0.0
A225E,0.031945176,embB,Ethambutol,p.Ala225Glu,missense_variant,3) Uncertain significance,A225E,0.0
A225T,0.013536432,embB,Ethambutol,p.Ala225Thr,missense_variant,3) Uncertain significance,A225T,0.0
A228T,0.014099736,embB,Ethambutol,p.Ala228Thr,missense_variant,3) Uncertain significance,A228T,0.0
A232E,0.032001466,embB,Ethambutol,p.Ala232Glu,missense_variant,3) Uncertain significance,A232E,0.0
A232T,0.015478655,embB,Ethambutol,p.Ala232Thr,missense_variant,3) Uncertain significance,A232T,0.0
A235V,0.016599104,embB,Ethambutol,p.Ala235Val,missense_variant,3) Uncertain significance,A235V,0.0
A249D,0.025262462,embB,Ethambutol,p.Ala249Asp,missense_variant,3) Uncertain significance,A249D,0.0
A259E,0.021889096,embB,Ethambutol,p.Ala259Glu,missense_variant,3) Uncertain significance,A259E,0.0
A259V,0.016092151,embB,Ethambutol,p.Ala259Val,missense_variant,3) Uncertain significance,A259V,0.0
A271T,0.015509018,embB,Ethambutol,p.Ala271Thr,missense_variant,3) Uncertain significance,A271T,0.0
A281V,0.01535731,embB,Ethambutol,p.Ala281Val,missense_variant,3) Uncertain significance,A281V,0.0
A295V,0.011146982,embB,Ethambutol,p.Ala295Val,missense_variant,3) Uncertain significance,A295V,0.0
A30T,0.016362336,embB,Ethambutol,p.Ala30Thr,missense_variant,3) Uncertain significance,A30T,0.5
A313T,0.016126122,embB,Ethambutol,p.Ala313Thr,missense_variant,3) Uncertain significance,A313T,0.0
A313V,0.01953472,embB,Ethambutol,p.Ala313Val,missense_variant,3) Uncertain significance,A313V,0.0
A338T,0.014125155,embB,Ethambutol,p.Ala338Thr,missense_variant,3) Uncertain significance,A338T,0.14285714285714285
A33P,0.026662216,embB,Ethambutol,p.Ala33Pro,missense_variant,3) Uncertain significance,A33P,0.0
A356V,0.015442612,embB,Ethambutol,p.Ala356Val,missense_variant,3) Uncertain significance,A356V,0.0
A357T,0.012464571,embB,Ethambutol,p.Ala357Thr,missense_variant,3) Uncertain significance,A357T,0.0
A376T,0.015680691,embB,Ethambutol,p.Ala376Thr,missense_variant,3) Uncertain significance,A376T,0.0
A379T,0.014907092,embB,Ethambutol,p.Ala379Thr,missense_variant,3) Uncertain significance,A379T,0.0
A379V,0.016085058,embB,Ethambutol,p.Ala379Val,missense_variant,3) Uncertain significance,A379V,0.0
A383S,0.01530724,embB,Ethambutol,p.Ala383Ser,missense_variant,3) Uncertain significance,A383S,0.0
A386E,0.04130865,embB,Ethambutol,p.Ala386Glu,missense_variant,3) Uncertain significance,A386E,0.0
A386S,0.015882779,embB,Ethambutol,p.Ala386Ser,missense_variant,3) Uncertain significance,A386S,0.0
A386T,0.014217258,embB,Ethambutol,p.Ala386Thr,missense_variant,3) Uncertain significance,A386T,0.0
A386V,0.013176426,embB,Ethambutol,p.Ala386Val,missense_variant,3) Uncertain significance,A386V,0.0
A388D,0.054799497,embB,Ethambutol,p.Ala388Asp,missense_variant,3) Uncertain significance,A388D,0.0
A388S,0.016097926,embB,Ethambutol,p.Ala388Ser,missense_variant,3) Uncertain significance,A388S,0.0
A388V,0.011190209,embB,Ethambutol,p.Ala388Val,missense_variant,3) Uncertain significance,A388V,0.0
A409P,0.01741955,embB,Ethambutol,p.Ala409Pro,missense_variant,3) Uncertain significance,A409P,0.9473684210526315
A431P,0.014342503,embB,Ethambutol,p.Ala431Pro,missense_variant,3) Uncertain significance,A431P,0.0
A432V,0.012370626,embB,Ethambutol,p.Ala432Val,missense_variant,3) Uncertain significance,A432V,0.0
A438T,0.013819365,embB,Ethambutol,p.Ala438Thr,missense_variant,3) Uncertain significance,A438T,0.0
A439G,0.017683856,embB,Ethambutol,p.Ala439Gly,missense_variant,3) Uncertain significance,A439G,0.0
A439T,0.018674158,embB,Ethambutol,p.Ala439Thr,missense_variant,3) Uncertain significance,A439T,0.5
A439V,0.0127965,embB,Ethambutol,p.Ala439Val,missense_variant,3) Uncertain significance,A439V,0.0
A43T,0.014932081,embB,Ethambutol,p.Ala43Thr,missense_variant,3) Uncertain significance,A43T,1.0
A43V,0.018355336,embB,Ethambutol,p.Ala43Val,missense_variant,3) Uncertain significance,A43V,0.0
A451T,0.015284027,embB,Ethambutol,p.Ala451Thr,missense_variant,3) Uncertain significance,A451T,0.0
A454P,0.023935398,embB,Ethambutol,p.Ala454Pro,missense_variant,3) Uncertain significance,A454P,0.0
A454T,0.017208397,embB,Ethambutol,p.Ala454Thr,missense_variant,3) Uncertain significance,A454T,0.5
A457T,0.01770003,embB,Ethambutol,p.Ala457Thr,missense_variant,3) Uncertain significance,A457T,0.5
A484T,0.013595267,embB,Ethambutol,p.Ala484Thr,missense_variant,3) Uncertain significance,A484T,0.0
A485V,0.01801169,embB,Ethambutol,p.Ala485Val,missense_variant,3) Uncertain significance,A485V,0.0
A495T,0.0116618,embB,Ethambutol,p.Ala495Thr,missense_variant,3) Uncertain significance,A495T,0.0
A505P,0.0147284195,embB,Ethambutol,p.Ala505Pro,missense_variant,3) Uncertain significance,A505P,0.0
A505T,0.012098696,embB,Ethambutol,p.Ala505Thr,missense_variant,3) Uncertain significance,A505T,0.0
A505V,0.010379311,embB,Ethambutol,p.Ala505Val,missense_variant,3) Uncertain significance,A505V,0.5
A510T,0.012754155,embB,Ethambutol,p.Ala510Thr,missense_variant,3) Uncertain significance,A510T,0.0
A517T,0.011589785,embB,Ethambutol,p.Ala517Thr,missense_variant,3) Uncertain significance,A517T,0.0
A547S,0.014090811,embB,Ethambutol,p.Ala547Ser,missense_variant,3) Uncertain significance,A547S,0.0
A54T,0.012617867,embB,Ethambutol,p.Ala54Thr,missense_variant,3) Uncertain significance,A54T,0.0
A553T,0.013654327,embB,Ethambutol,p.Ala553Thr,missense_variant,3) Uncertain significance,A553T,0.0
A567D,0.017695526,embB,Ethambutol,p.Ala567Asp,missense_variant,3) Uncertain significance,A567D,0.0
A567T,0.014255858,embB,Ethambutol,p.Ala567Thr,missense_variant,3) Uncertain significance,A567T,0.0
A571T,0.015868912,embB,Ethambutol,p.Ala571Thr,missense_variant,3) Uncertain significance,A571T,0.0
A571V,0.01260307,embB,Ethambutol,p.Ala571Val,missense_variant,3) Uncertain significance,A571V,0.0
A5S,0.014419687,embB,Ethambutol,p.Ala5Ser,missense_variant,3) Uncertain significance,A5S,1.0
A5T,0.017621588,embB,Ethambutol,p.Ala5Thr,missense_variant,3) Uncertain significance,A5T,0.0
A601G,0.009056018,embB,Ethambutol,p.Ala601Gly,missense_variant,3) Uncertain significance,A601G,1.0
A601P,0.0181744,embB,Ethambutol,p.Ala601Pro,missense_variant,3) Uncertain significance,A601P,0.0
A607D,0.027266173,embB,Ethambutol,p.Ala607Asp,missense_variant,3) Uncertain significance,A607D,0.0
A608T,0.013208493,embB,Ethambutol,p.Ala608Thr,missense_variant,3) Uncertain significance,A608T,0.0
A627V,0.011839587,embB,Ethambutol,p.Ala627Val,missense_variant,3) Uncertain significance,A627V,0.0
A630T,0.013824133,embB,Ethambutol,p.Ala630Thr,missense_variant,3) Uncertain significance,A630T,0.0
A677E,0.031284478,embB,Ethambutol,p.Ala677Glu,missense_variant,3) Uncertain significance,A677E,0.0
A679S,0.017648373,embB,Ethambutol,p.Ala679Ser,missense_variant,3) Uncertain significance,A679S,0.0
A679T,0.01786374,embB,Ethambutol,p.Ala679Thr,missense_variant,3) Uncertain significance,A679T,0.08333333333333333
A679V,0.017442074,embB,Ethambutol,p.Ala679Val,missense_variant,3) Uncertain significance,A679V,1.0
A680T,0.015883332,embB,Ethambutol,p.Ala680Thr,missense_variant,3) Uncertain significance,A680T,0.16666666666666666
A683V,0.016705763,embB,Ethambutol,p.Ala683Val,missense_variant,3) Uncertain significance,A683V,0.0
A684T,0.017439075,embB,Ethambutol,p.Ala684Thr,missense_variant,3) Uncertain significance,A684T,0.0
A684V,0.01614376,embB,Ethambutol,p.Ala684Val,missense_variant,3) Uncertain significance,A684V,0.0
A693T,0.019817727,embB,Ethambutol,p.Ala693Thr,missense_variant,3) Uncertain significance,A693T,0.0
A701P,0.017102418,embB,Ethambutol,p.Ala701Pro,missense_variant,3) Uncertain significance,A701P,0.0
A701T,0.01637324,embB,Ethambutol,p.Ala701Thr,missense_variant,3) Uncertain significance,A701T,0.0
A705T,0.01595721,embB,Ethambutol,p.Ala705Thr,missense_variant,3) Uncertain significance,A705T,0.0
A716P,0.030456685,embB,Ethambutol,p.Ala716Pro,missense_variant,3) Uncertain significance,A716P,0.0
A716V,0.019195948,embB,Ethambutol,p.Ala716Val,missense_variant,3) Uncertain significance,A716V,0.0
A720V,0.018087609,embB,Ethambutol,p.Ala720Val,missense_variant,3) Uncertain significance,A720V,0.0
A724T,0.017629959,embB,Ethambutol,p.Ala724Thr,missense_variant,3) Uncertain significance,A724T,0.0
A724V,0.016838333,embB,Ethambutol,p.Ala724Val,missense_variant,3) Uncertain significance,A724V,0.0
A761V,0.0133589925,embB,Ethambutol,p.Ala761Val,missense_variant,3) Uncertain significance,A761V,0.0
A799T,0.016971642,embB,Ethambutol,p.Ala799Thr,missense_variant,3) Uncertain significance,A799T,0.0
A801E,0.029448967,embB,Ethambutol,p.Ala801Glu,missense_variant,3) Uncertain significance,A801E,0.0
A801T,0.018156474,embB,Ethambutol,p.Ala801Thr,missense_variant,3) Uncertain significance,A801T,0.0
A840G,0.018626595,embB,Ethambutol,p.Ala840Gly,missense_variant,3) Uncertain significance,A840G,0.0
A840P,0.02025663,embB,Ethambutol,p.Ala840Pro,missense_variant,3) Uncertain significance,A840P,0.0
A840V,0.019435618,embB,Ethambutol,p.Ala840Val,missense_variant,3) Uncertain significance,A840V,0.0
A852V,0.015026055,embB,Ethambutol,p.Ala852Val,missense_variant,3) Uncertain significance,A852V,0.0
A861T,0.015429566,embB,Ethambutol,p.Ala861Thr,missense_variant,3) Uncertain significance,A861T,0.0
A880T,0.018400947,embB,Ethambutol,p.Ala880Thr,missense_variant,3) Uncertain significance,A880T,0.0
A903T,0.021471832,embB,Ethambutol,p.Ala903Thr,missense_variant,3) Uncertain significance,A903T,0.0
A909T,0.014132784,embB,Ethambutol,p.Ala909Thr,missense_variant,3) Uncertain significance,A909T,1.0
A90G,0.016757121,embB,Ethambutol,p.Ala90Gly,missense_variant,3) Uncertain significance,A90G,0.0
A928T,0.012923344,embB,Ethambutol,p.Ala928Thr,missense_variant,3) Uncertain significance,A928T,0.0
A941T,0.023130411,embB,Ethambutol,p.Ala941Thr,missense_variant,3) Uncertain significance,A941T,0.0
A943V,0.023525171,embB,Ethambutol,p.Ala943Val,missense_variant,3) Uncertain significance,A943V,0.0
A945T,0.023257349,embB,Ethambutol,p.Ala945Thr,missense_variant,3) Uncertain significance,A945T,0.0
A94V,0.01665594,embB,Ethambutol,p.Ala94Val,missense_variant,3) Uncertain significance,A94V,0.0
A950V,0.02319909,embB,Ethambutol,p.Ala950Val,missense_variant,3) Uncertain significance,A950V,0.0
A993T,0.014634594,embB,Ethambutol,p.Ala993Thr,missense_variant,3) Uncertain significance,A993T,0.0
R1045Q,0.03510909,embB,Ethambutol,p.Arg1045Gln,missense_variant,3) Uncertain significance,R1045Q,0.0
R1055H,0.022863083,embB,Ethambutol,p.Arg1055His,missense_variant,3) Uncertain significance,R1055H,0.0
R1059G,0.025915952,embB,Ethambutol,p.Arg1059Gly,missense_variant,3) Uncertain significance,R1059G,0.0
R1059P,0.02204835,embB,Ethambutol,p.Arg1059Pro,missense_variant,3) Uncertain significance,R1059P,0.0
R122H,0.025100194,embB,Ethambutol,p.Arg122His,missense_variant,3) Uncertain significance,R122H,0.0
R147C,0.059009455,embB,Ethambutol,p.Arg147Cys,missense_variant,3) Uncertain significance,R147C,0.0
R147H,0.028769236,embB,Ethambutol,p.Arg147His,missense_variant,3) Uncertain significance,R147H,0.0
R14Q,0.021696754,embB,Ethambutol,p.Arg14Gln,missense_variant,3) Uncertain significance,R14Q,0.5333333333333333
R173L,0.019075327,embB,Ethambutol,p.Arg173Leu,missense_variant,3) Uncertain significance,R173L,1.0
R173P,0.023722671,embB,Ethambutol,p.Arg173Pro,missense_variant,3) Uncertain significance,R173P,0.0
R182C,0.028549552,embB,Ethambutol,p.Arg182Cys,missense_variant,3) Uncertain significance,R182C,0.5
R213Q,0.026351137,embB,Ethambutol,p.Arg213Gln,missense_variant,5) Not assoc w R,R213Q,0.004761904761904762
R213W,0.022853583,embB,Ethambutol,p.Arg213Trp,missense_variant,3) Uncertain significance,R213W,0.0
R238H,0.024616763,embB,Ethambutol,p.Arg238His,missense_variant,3) Uncertain significance,R238H,0.0
R257Q,0.028065039,embB,Ethambutol,p.Arg257Gln,missense_variant,3) Uncertain significance,R257Q,0.0
R257W,0.027324947,embB,Ethambutol,p.Arg257Trp,missense_variant,3) Uncertain significance,R257W,0.0
R267Q,0.024434693,embB,Ethambutol,p.Arg267Gln,missense_variant,3) Uncertain significance,R267Q,0.3333333333333333
R267P,0.021081725,embB,Ethambutol,p.Arg267Pro,missense_variant,3) Uncertain significance,R267P,0.0
R351C,0.04640517,embB,Ethambutol,p.Arg351Cys,missense_variant,3) Uncertain significance,R351C,1.0
R351H,0.021405725,embB,Ethambutol,p.Arg351His,missense_variant,3) Uncertain significance,R351H,1.0
R367H,0.03279471,embB,Ethambutol,p.Arg367His,missense_variant,3) Uncertain significance,R367H,0.0
R372C,0.046913724,embB,Ethambutol,p.Arg372Cys,missense_variant,3) Uncertain significance,R372C,0.0
R464Q,0.025217138,embB,Ethambutol,p.Arg464Gln,missense_variant,3) Uncertain significance,R464Q,0.0
R464L,0.028104981,embB,Ethambutol,p.Arg464Leu,missense_variant,3) Uncertain significance,R464L,0.0
R468H,0.02389748,embB,Ethambutol,p.Arg468His,missense_variant,3) Uncertain significance,R468H,0.0
R469H,0.024009189,embB,Ethambutol,p.Arg469His,missense_variant,3) Uncertain significance,R469H,0.0
R507T,0.021400658,embB,Ethambutol,p.Arg507Thr,missense_variant,3) Uncertain significance,R507T,0.0
R524H,0.01808885,embB,Ethambutol,p.Arg524His,missense_variant,3) Uncertain significance,R524H,0.6666666666666666
R559P,0.018436609,embB,Ethambutol,p.Arg559Pro,missense_variant,3) Uncertain significance,R559P,0.0
R568H,0.02223494,embB,Ethambutol,p.Arg568His,missense_variant,3) Uncertain significance,R568H,0.0
R573Q,0.021166747,embB,Ethambutol,p.Arg573Gln,missense_variant,3) Uncertain significance,R573Q,0.0
R61P,0.021666901,embB,Ethambutol,p.Arg61Pro,missense_variant,3) Uncertain significance,R61P,0.0
R61W,0.024509529,embB,Ethambutol,p.Arg61Trp,missense_variant,3) Uncertain significance,R61W,0.0
R620C,0.046613384,embB,Ethambutol,p.Arg620Cys,missense_variant,3) Uncertain significance,R620C,0.0
R620P,0.02008479,embB,Ethambutol,p.Arg620Pro,missense_variant,3) Uncertain significance,R620P,0.0
R623P,0.020310717,embB,Ethambutol,p.Arg623Pro,missense_variant,3) Uncertain significance,R623P,0.0
R691H,0.02593513,embB,Ethambutol,p.Arg691His,missense_variant,3) Uncertain significance,R691H,1.0
R728Q,0.027494658,embB,Ethambutol,p.Arg728Gln,missense_variant,3) Uncertain significance,R728Q,0.0
R741W,0.029692128,embB,Ethambutol,p.Arg741Trp,missense_variant,3) Uncertain significance,R741W,0.0
R7T,0.015263519,embB,Ethambutol,p.Arg7Thr,missense_variant,3) Uncertain significance,R7T,0.0
R930H,0.022251474,embB,Ethambutol,p.Arg930His,missense_variant,3) Uncertain significance,R930H,0.0
R972H,0.037914813,embB,Ethambutol,p.Arg972His,missense_variant,3) Uncertain significance,R972H,1.0
N1004T,0.02058457,embB,Ethambutol,p.Asn1004Thr,missense_variant,3) Uncertain significance,N1004T,0.0
N129D,0.024950065,embB,Ethambutol,p.Asn129Asp,missense_variant,3) Uncertain significance,N129D,0.0
N13S,0.013792689,embB,Ethambutol,p.Asn13Ser,missense_variant,5) Not assoc w R,N13S,0.03398058252427184
N160D,0.024904476,embB,Ethambutol,p.Asn160Asp,missense_variant,3) Uncertain significance,N160D,0.0
N296H,0.018158048,embB,Ethambutol,p.Asn296His,missense_variant,3) Uncertain significance,N296H,0.4819277108433735
N296Y,0.015153096,embB,Ethambutol,p.Asn296Tyr,missense_variant,3) Uncertain significance,N296Y,0.4
N318D,0.021964878,embB,Ethambutol,p.Asn318Asp,missense_variant,3) Uncertain significance,N318D,0.5714285714285714
N399T,0.0125685865,embB,Ethambutol,p.Asn399Thr,missense_variant,3) Uncertain significance,N399T,0.7142857142857143
N400S,0.010890037,embB,Ethambutol,p.Asn400Ser,missense_variant,3) Uncertain significance,N400S,0.0
N400Y,0.012193177,embB,Ethambutol,p.Asn400Tyr,missense_variant,3) Uncertain significance,N400Y,1.0
N522H,0.017882973,embB,Ethambutol,p.Asn522His,missense_variant,3) Uncertain significance,N522H,0.0
N522T,0.013246811,embB,Ethambutol,p.Asn522Thr,missense_variant,3) Uncertain significance,N522T,1.0
N644I,0.022360303,embB,Ethambutol,p.Asn644Ile,missense_variant,3) Uncertain significance,N644I,1.0
N644T,0.018076118,embB,Ethambutol,p.Asn644Thr,missense_variant,3) Uncertain significance,N644T,1.0
N657D,0.021953773,embB,Ethambutol,p.Asn657Asp,missense_variant,3) Uncertain significance,N657D,0.0
N791S,0.021677341,embB,Ethambutol,p.Asn791Ser,missense_variant,3) Uncertain significance,N791S,0.0
N807D,0.02616881,embB,Ethambutol,p.Asn807Asp,missense_variant,3) Uncertain significance,N807D,0.0
N807T,0.020900143,embB,Ethambutol,p.Asn807Thr,missense_variant,3) Uncertain significance,N807T,0.0
N886H,0.032992583,embB,Ethambutol,p.Asn886His,missense_variant,3) Uncertain significance,N886H,0.0
N886T,0.023819987,embB,Ethambutol,p.Asn886Thr,missense_variant,3) Uncertain significance,N886T,0.0
N931D,0.028218834,embB,Ethambutol,p.Asn931Asp,missense_variant,3) Uncertain significance,N931D,0.0
D1017E,0.015045732,embB,Ethambutol,p.Asp1017Glu,missense_variant,3) Uncertain significance,D1017E,1.0
D1024N,0.021500565,embB,Ethambutol,p.Asp1024Asn,missense_variant,3) Uncertain significance,D1024N,0.6116838487972509
D1041A,0.03942072,embB,Ethambutol,p.Asp1041Ala,missense_variant,3) Uncertain significance,D1041A,0.0
D1056A,0.020130832,embB,Ethambutol,p.Asp1056Ala,missense_variant,3) Uncertain significance,D1056A,1.0
D1056E,0.015567398,embB,Ethambutol,p.Asp1056Glu,missense_variant,3) Uncertain significance,D1056E,0.0
D1060N,0.021994688,embB,Ethambutol,p.Asp1060Asn,missense_variant,3) Uncertain significance,D1060N,0.0
D1068Y,0.0332134,embB,Ethambutol,p.Asp1068Tyr,missense_variant,3) Uncertain significance,D1068Y,0.0
D1072N,0.03115312,embB,Ethambutol,p.Asp1072Asn,missense_variant,3) Uncertain significance,D1072N,0.0
D108N,0.019676663,embB,Ethambutol,p.Asp108Asn,missense_variant,3) Uncertain significance,D108N,0.6666666666666666
D127A,0.02632676,embB,Ethambutol,p.Asp127Ala,missense_variant,3) Uncertain significance,D127A,0.0
D166A,0.02675663,embB,Ethambutol,p.Asp166Ala,missense_variant,3) Uncertain significance,D166A,0.0
D178N,0.021310268,embB,Ethambutol,p.Asp178Asn,missense_variant,3) Uncertain significance,D178N,0.0
D178H,0.032451663,embB,Ethambutol,p.Asp178His,missense_variant,3) Uncertain significance,D178H,0.0
D191E,0.01916267,embB,Ethambutol,p.Asp191Glu,missense_variant,3) Uncertain significance,D191E,0.0
D191Y,0.033808727,embB,Ethambutol,p.Asp191Tyr,missense_variant,3) Uncertain significance,D191Y,0.0
D207N,0.022873923,embB,Ethambutol,p.Asp207Asn,missense_variant,3) Uncertain significance,D207N,0.0
D207E,0.020048361,embB,Ethambutol,p.Asp207Glu,missense_variant,3) Uncertain significance,D207E,0.0
D240N,0.025628235,embB,Ethambutol,p.Asp240Asn,missense_variant,3) Uncertain significance,D240N,0.0
D240G,0.022267446,embB,Ethambutol,p.Asp240Gly,missense_variant,3) Uncertain significance,D240G,0.0
D240Y,0.033191446,embB,Ethambutol,p.Asp240Tyr,missense_variant,3) Uncertain significance,D240Y,0.0
D240V,0.024830345,embB,Ethambutol,p.Asp240Val,missense_variant,3) Uncertain significance,D240V,0.0
D243H,0.02699302,embB,Ethambutol,p.Asp243His,missense_variant,3) Uncertain significance,D243H,0.0
D280N,0.02062197,embB,Ethambutol,p.Asp280Asn,missense_variant,3) Uncertain significance,D280N,0.0
D280Y,0.027847527,embB,Ethambutol,p.Asp280Tyr,missense_variant,3) Uncertain significance,D280Y,0.0
D300E,0.014525217,embB,Ethambutol,p.Asp300Glu,missense_variant,3) Uncertain significance,D300E,1.0
D300G,0.022830246,embB,Ethambutol,p.Asp300Gly,missense_variant,3) Uncertain significance,D300G,0.3333333333333333
D311A,0.027317682,embB,Ethambutol,p.Asp311Ala,missense_variant,3) Uncertain significance,D311A,0.0
D311F,0.036469243,embB,Ethambutol,p.Asp311Phe,missense_variant,3) Uncertain significance,D311F,0.0
D328A,0.019937573,embB,Ethambutol,p.Asp328Ala,missense_variant,3) Uncertain significance,D328A,0.5
D328G,0.01785461,embB,Ethambutol,p.Asp328Gly,missense_variant,3) Uncertain significance,D328G,0.71875
D328H,0.0302832,embB,Ethambutol,p.Asp328His,missense_variant,3) Uncertain significance,D328H,0.38461538461538464
D328I,0.02652841,embB,Ethambutol,p.Asp328Ile,missense_variant,3) Uncertain significance,D328I,0.5
D328F,0.026324725,embB,Ethambutol,p.Asp328Phe,missense_variant,3) Uncertain significance,D328F,1.0
D328Y,0.029852536,embB,Ethambutol,p.Asp328Tyr,missense_variant,1) Assoc w R,D328Y,0.9019607843137255
D328V,0.021012519,embB,Ethambutol,p.Asp328Val,missense_variant,3) Uncertain significance,D328V,1.0
D354A,0.025193622,embB,Ethambutol,p.Asp354Ala,missense_variant,1) Assoc w R,D354A,0.6872146118721462
D354N,0.02117229,embB,Ethambutol,p.Asp354Asn,missense_variant,3) Uncertain significance,D354N,0.0
D354G,0.024486683,embB,Ethambutol,p.Asp354Gly,missense_variant,3) Uncertain significance,D354G,0.5
D496N,0.022449443,embB,Ethambutol,p.Asp496Asn,missense_variant,3) Uncertain significance,D496N,1.0
D57G,0.017402155,embB,Ethambutol,p.Asp57Gly,missense_variant,3) Uncertain significance,D57G,0.5
D664G,0.019091848,embB,Ethambutol,p.Asp664Gly,missense_variant,3) Uncertain significance,D664G,0.0
D752H,0.033122357,embB,Ethambutol,p.Asp752His,missense_variant,3) Uncertain significance,D752H,0.0
D758N,0.022160923,embB,Ethambutol,p.Asp758Asn,missense_variant,3) Uncertain significance,D758N,0.0
D78A,0.02567463,embB,Ethambutol,p.Asp78Ala,missense_variant,3) Uncertain significance,D78A,0.0
D78E,0.024929201,embB,Ethambutol,p.Asp78Glu,missense_variant,3) Uncertain significance,D78E,0.0
D78G,0.021193866,embB,Ethambutol,p.Asp78Gly,missense_variant,3) Uncertain significance,D78G,0.08333333333333333
D814A,0.024515752,embB,Ethambutol,p.Asp814Ala,missense_variant,3) Uncertain significance,D814A,0.0
D814N,0.027114846,embB,Ethambutol,p.Asp814Asn,missense_variant,3) Uncertain significance,D814N,0.0
D816H,0.02880767,embB,Ethambutol,p.Asp816His,missense_variant,3) Uncertain significance,D816H,1.0
D869E,0.030035285,embB,Ethambutol,p.Asp869Glu,missense_variant,3) Uncertain significance,D869E,0.0
D869G,0.025082504,embB,Ethambutol,p.Asp869Gly,missense_variant,3) Uncertain significance,D869G,0.0
D869H,0.0368485,embB,Ethambutol,p.Asp869His,missense_variant,3) Uncertain significance,D869H,0.0
D870N,0.029218037,embB,Ethambutol,p.Asp870Asn,missense_variant,3) Uncertain significance,D870N,0.0
D920N,0.025540585,embB,Ethambutol,p.Asp920Asn,missense_variant,3) Uncertain significance,D920N,1.0
D952E,0.042056426,embB,Ethambutol,p.Asp952Glu,missense_variant,3) Uncertain significance,D952E,0.0
D970A,0.02331325,embB,Ethambutol,p.Asp970Ala,missense_variant,3) Uncertain significance,D970A,0.0
D970E,0.018974101,embB,Ethambutol,p.Asp970Glu,missense_variant,3) Uncertain significance,D970E,0.0
D970G,0.026225133,embB,Ethambutol,p.Asp970Gly,missense_variant,3) Uncertain significance,D970G,0.0
C361S,0.03258234,embB,Ethambutol,p.Cys361Ser,missense_variant,3) Uncertain significance,C361S,0.14285714285714285
C361Y,0.034878615,embB,Ethambutol,p.Cys361Tyr,missense_variant,3) Uncertain significance,C361Y,1.0
C4S,0.037854735,embB,Ethambutol,p.Cys4Ser,missense_variant,3) Uncertain significance,C4S,0.0
C549F,0.032228403,embB,Ethambutol,p.Cys549Phe,missense_variant,3) Uncertain significance,C549F,0.25
C549Y,0.033239473,embB,Ethambutol,p.Cys549Tyr,missense_variant,3) Uncertain significance,C549Y,0.0
Q112H,0.028334476,embB,Ethambutol,p.Gln112His,missense_variant,3) Uncertain significance,Q112H,0.0
Q139H,0.03809503,embB,Ethambutol,p.Gln139His,missense_variant,5) Not assoc w R,Q139H,0.00684931506849315
Q144P,0.023957292,embB,Ethambutol,p.Gln144Pro,missense_variant,3) Uncertain significance,Q144P,0.0
Q3R,0.019551415,embB,Ethambutol,p.Gln3Arg,missense_variant,3) Uncertain significance,Q3R,0.0
Q3H,0.017065272,embB,Ethambutol,p.Gln3His,missense_variant,3) Uncertain significance,Q3H,0.0
Q445R,0.03718601,embB,Ethambutol,p.Gln445Arg,missense_variant,3) Uncertain significance,Q445R,0.9772727272727273
Q497R,0.02046883,embB,Ethambutol,p.Gln497Arg,missense_variant,1) Assoc w R,Q497R,0.8168438266557645
Q497E,0.023823634,embB,Ethambutol,p.Gln497Glu,missense_variant,3) Uncertain significance,Q497E,0.0
Q497H,0.017856125,embB,Ethambutol,p.Gln497His,missense_variant,3) Uncertain significance,Q497H,0.7777777777777778
Q497L,0.01580285,embB,Ethambutol,p.Gln497Leu,missense_variant,3) Uncertain significance,Q497L,0.0
Q497K,0.022548094,embB,Ethambutol,p.Gln497Lys,missense_variant,1) Assoc w R,Q497K,0.7397959183673469
Q497P,0.014227653,embB,Ethambutol,p.Gln497Pro,missense_variant,3) Uncertain significance,Q497P,0.582089552238806
Q516E,0.020593677,embB,Ethambutol,p.Gln516Glu,missense_variant,3) Uncertain significance,Q516E,0.0
Q51P,0.021159373,embB,Ethambutol,p.Gln51Pro,missense_variant,3) Uncertain significance,Q51P,0.0
Q63K,0.02952266,embB,Ethambutol,p.Gln63Lys,missense_variant,3) Uncertain significance,Q63K,1.0
Q729P,0.01627604,embB,Ethambutol,p.Gln729Pro,missense_variant,3) Uncertain significance,Q729P,0.5
Q853R,0.023093209,embB,Ethambutol,p.Gln853Arg,missense_variant,3) Uncertain significance,Q853R,0.875
Q853H,0.0273961,embB,Ethambutol,p.Gln853His,missense_variant,3) Uncertain significance,Q853H,1.0
Q853P,0.017261136,embB,Ethambutol,p.Gln853Pro,missense_variant,3) Uncertain significance,Q853P,0.5652173913043478
Q925P,0.023348015,embB,Ethambutol,p.Gln925Pro,missense_variant,3) Uncertain significance,Q925P,1.0
E1008A,0.028944489,embB,Ethambutol,p.Glu1008Ala,missense_variant,3) Uncertain significance,E1008A,0.0
E1008K,0.036190573,embB,Ethambutol,p.Glu1008Lys,missense_variant,3) Uncertain significance,E1008K,0.0
E138A,0.033934485,embB,Ethambutol,p.Glu138Ala,missense_variant,3) Uncertain significance,E138A,0.0
E138G,0.031984914,embB,Ethambutol,p.Glu138Gly,missense_variant,3) Uncertain significance,E138G,0.0
E138K,0.041805387,embB,Ethambutol,p.Glu138Lys,missense_variant,3) Uncertain significance,E138K,0.6666666666666666
E149A,0.03702709,embB,Ethambutol,p.Glu149Ala,missense_variant,3) Uncertain significance,E149A,0.0
E149K,0.04247557,embB,Ethambutol,p.Glu149Lys,missense_variant,3) Uncertain significance,E149K,0.0
E378A,0.024891457,embB,Ethambutol,p.Glu378Ala,missense_variant,5) Not assoc w R,E378A,0.07679963319578176
E378D,0.017161705,embB,Ethambutol,p.Glu378Asp,missense_variant,3) Uncertain significance,E378D,0.0
E405D,0.019731916,embB,Ethambutol,p.Glu405Asp,missense_variant,3) Uncertain significance,E405D,0.8448275862068966
E405G,0.031053428,embB,Ethambutol,p.Glu405Gly,missense_variant,3) Uncertain significance,E405G,0.0
E504A,0.023865432,embB,Ethambutol,p.Glu504Ala,missense_variant,3) Uncertain significance,E504A,1.0
E504D,0.01815455,embB,Ethambutol,p.Glu504Asp,missense_variant,3) Uncertain significance,E504D,0.6129032258064516
E504G,0.022415992,embB,Ethambutol,p.Glu504Gly,missense_variant,3) Uncertain significance,E504G,1.0
E521A,0.022286229,embB,Ethambutol,p.Glu521Ala,missense_variant,3) Uncertain significance,E521A,0.5
E901D,0.021051284,embB,Ethambutol,p.Glu901Asp,missense_variant,3) Uncertain significance,E901D,0.0
E951Q,0.034823973,embB,Ethambutol,p.Glu951Gln,missense_variant,3) Uncertain significance,E951Q,0.0
E951K,0.05053584,embB,Ethambutol,p.Glu951Lys,missense_variant,3) Uncertain significance,E951K,0.0
E958A,0.0364695,embB,Ethambutol,p.Glu958Ala,missense_variant,3) Uncertain significance,E958A,0.0
E958G,0.0365327,embB,Ethambutol,p.Glu958Gly,missense_variant,3) Uncertain significance,E958G,0.0
E976Q,0.036860447,embB,Ethambutol,p.Glu976Gln,missense_variant,3) Uncertain significance,E976Q,0.0
E976K,0.049356915,embB,Ethambutol,p.Glu976Lys,missense_variant,3) Uncertain significance,E976K,0.0
G1005A,0.020343056,embB,Ethambutol,p.Gly1005Ala,missense_variant,3) Uncertain significance,G1005A,0.0
G1005D,0.02590811,embB,Ethambutol,p.Gly1005Asp,missense_variant,3) Uncertain significance,G1005D,0.0
G100S,0.0156491,embB,Ethambutol,p.Gly100Ser,missense_variant,3) Uncertain significance,G100S,0.09090909090909091
G1031S,0.0134682795,embB,Ethambutol,p.Gly1031Ser,missense_variant,3) Uncertain significance,G1031S,0.5
G1035S,0.012312106,embB,Ethambutol,p.Gly1035Ser,missense_variant,3) Uncertain significance,G1035S,0.0
G106R,0.02705369,embB,Ethambutol,p.Gly106Arg,missense_variant,3) Uncertain significance,G106R,0.0
G106V,0.025826044,embB,Ethambutol,p.Gly106Val,missense_variant,3) Uncertain significance,G106V,0.0
G1081S,0.021212641,embB,Ethambutol,p.Gly1081Ser,missense_variant,3) Uncertain significance,G1081S,1.0
G1087D,0.016102478,embB,Ethambutol,p.Gly1087Asp,missense_variant,3) Uncertain significance,G1087D,1.0
G1087C,0.036136266,embB,Ethambutol,p.Gly1087Cys,missense_variant,3) Uncertain significance,G1087C,0.0
G1092A,0.015343037,embB,Ethambutol,p.Gly1092Ala,missense_variant,3) Uncertain significance,G1092A,0.0
G1092R,0.020252075,embB,Ethambutol,p.Gly1092Arg,missense_variant,3) Uncertain significance,G1092R,0.0
G1097S,0.017936774,embB,Ethambutol,p.Gly1097Ser,missense_variant,3) Uncertain significance,G1097S,0.0
G156D,0.018962696,embB,Ethambutol,p.Gly156Asp,missense_variant,3) Uncertain significance,G156D,0.0
G156C,0.044767622,embB,Ethambutol,p.Gly156Cys,missense_variant,4) Not assoc w R - Interim,G156C,0.5736434108527132
G169D,0.0249781,embB,Ethambutol,p.Gly169Asp,missense_variant,3) Uncertain significance,G169D,0.0
G175R,0.020842195,embB,Ethambutol,p.Gly175Arg,missense_variant,3) Uncertain significance,G175R,0.0
G175S,0.016928313,embB,Ethambutol,p.Gly175Ser,missense_variant,3) Uncertain significance,G175S,0.0
G194R,0.022271404,embB,Ethambutol,p.Gly194Arg,missense_variant,3) Uncertain significance,G194R,0.0
G199R,0.021278601,embB,Ethambutol,p.Gly199Arg,missense_variant,3) Uncertain significance,G199R,0.16666666666666666
G199E,0.028208517,embB,Ethambutol,p.Gly199Glu,missense_variant,3) Uncertain significance,G199E,0.0
G244R,0.020170372,embB,Ethambutol,p.Gly244Arg,missense_variant,3) Uncertain significance,G244R,0.0
G246R,0.018450161,embB,Ethambutol,p.Gly246Arg,missense_variant,3) Uncertain significance,G246R,0.07692307692307693
G25A,0.013331925,embB,Ethambutol,p.Gly25Ala,missense_variant,3) Uncertain significance,G25A,0.0
G25R,0.013813765,embB,Ethambutol,p.Gly25Arg,missense_variant,3) Uncertain significance,G25R,0.0
G294S,0.013408314,embB,Ethambutol,p.Gly294Ser,missense_variant,3) Uncertain significance,G294S,0.5
G305C,0.043141924,embB,Ethambutol,p.Gly305Cys,missense_variant,3) Uncertain significance,G305C,0.0
G314S,0.019290354,embB,Ethambutol,p.Gly314Ser,missense_variant,3) Uncertain significance,G314S,0.0
G34R,0.040584862,embB,Ethambutol,p.Gly34Arg,missense_variant,3) Uncertain significance,G34R,0.0
G34V,0.017280033,embB,Ethambutol,p.Gly34Val,missense_variant,3) Uncertain significance,G34V,0.0
G374E,0.022523386,embB,Ethambutol,p.Gly374Glu,missense_variant,3) Uncertain significance,G374E,0.0
G374W,0.024049815,embB,Ethambutol,p.Gly374Trp,missense_variant,3) Uncertain significance,G374W,0.0
G37S,0.016422905,embB,Ethambutol,p.Gly37Ser,missense_variant,3) Uncertain significance,G37S,0.0
G406A,0.010349628,embB,Ethambutol,p.Gly406Ala,missense_variant,1) Assoc w R,G406A,0.6223908918406073
G406D,0.019391125,embB,Ethambutol,p.Gly406Asp,missense_variant,1) Assoc w R,G406D,0.5637860082304527
G406C,0.025676303,embB,Ethambutol,p.Gly406Cys,missense_variant,1) Assoc w R,G406C,0.5625
G406S,0.0097194,embB,Ethambutol,p.Gly406Ser,missense_variant,1) Assoc w R,G406S,0.7110266159695817
G406V,0.014258612,embB,Ethambutol,p.Gly406Val,missense_variant,3) Uncertain significance,G406V,1.0
G443S,0.015733013,embB,Ethambutol,p.Gly443Ser,missense_variant,3) Uncertain significance,G443S,0.0
G458C,0.03994247,embB,Ethambutol,p.Gly458Cys,missense_variant,3) Uncertain significance,G458C,0.0
G459S,0.013716395,embB,Ethambutol,p.Gly459Ser,missense_variant,3) Uncertain significance,G459S,0.0
G474D,0.019392071,embB,Ethambutol,p.Gly474Asp,missense_variant,3) Uncertain significance,G474D,0.0
G535S,0.011913094,embB,Ethambutol,p.Gly535Ser,missense_variant,3) Uncertain significance,G535S,0.0
G542S,0.010835006,embB,Ethambutol,p.Gly542Ser,missense_variant,3) Uncertain significance,G542S,0.0
G580S,0.01181276,embB,Ethambutol,p.Gly580Ser,missense_variant,3) Uncertain significance,G580S,0.25
G603A,0.009242842,embB,Ethambutol,p.Gly603Ala,missense_variant,3) Uncertain significance,G603A,0.0
G603R,0.026674753,embB,Ethambutol,p.Gly603Arg,missense_variant,3) Uncertain significance,G603R,0.2857142857142857
G62R,0.02387822,embB,Ethambutol,p.Gly62Arg,missense_variant,3) Uncertain significance,G62R,0.0
G65D,0.019719154,embB,Ethambutol,p.Gly65Asp,missense_variant,3) Uncertain significance,G65D,0.0
G65S,0.01663921,embB,Ethambutol,p.Gly65Ser,missense_variant,3) Uncertain significance,G65S,0.0
G665R,0.020580249,embB,Ethambutol,p.Gly665Arg,missense_variant,3) Uncertain significance,G665R,0.0
G665W,0.016588798,embB,Ethambutol,p.Gly665Trp,missense_variant,3) Uncertain significance,G665W,0.0
G694D,0.017386837,embB,Ethambutol,p.Gly694Asp,missense_variant,3) Uncertain significance,G694D,0.0
G696A,0.017900344,embB,Ethambutol,p.Gly696Ala,missense_variant,3) Uncertain significance,G696A,0.0
G696R,0.023836011,embB,Ethambutol,p.Gly696Arg,missense_variant,3) Uncertain significance,G696R,0.0
G696E,0.017485265,embB,Ethambutol,p.Gly696Glu,missense_variant,3) Uncertain significance,G696E,0.0
G745A,0.032173954,embB,Ethambutol,p.Gly745Ala,missense_variant,3) Uncertain significance,G745A,0.0
G745R,0.04668482,embB,Ethambutol,p.Gly745Arg,missense_variant,3) Uncertain significance,G745R,0.0
G748R,0.030011974,embB,Ethambutol,p.Gly748Arg,missense_variant,3) Uncertain significance,G748R,0.0
G748E,0.039695226,embB,Ethambutol,p.Gly748Glu,missense_variant,3) Uncertain significance,G748E,0.0
G792S,0.01920086,embB,Ethambutol,p.Gly792Ser,missense_variant,3) Uncertain significance,G792S,0.0
G810A,0.015425941,embB,Ethambutol,p.Gly810Ala,missense_variant,3) Uncertain significance,G810A,0.0
G825D,0.01702072,embB,Ethambutol,p.Gly825Asp,missense_variant,3) Uncertain significance,G825D,0.0
G825S,0.020658702,embB,Ethambutol,p.Gly825Ser,missense_variant,3) Uncertain significance,G825S,0.0
G836R,0.030971097,embB,Ethambutol,p.Gly836Arg,missense_variant,3) Uncertain significance,G836R,0.0
G836E,0.039812542,embB,Ethambutol,p.Gly836Glu,missense_variant,3) Uncertain significance,G836E,0.0
G846S,0.021669691,embB,Ethambutol,p.Gly846Ser,missense_variant,3) Uncertain significance,G846S,0.0
G851D,0.021101844,embB,Ethambutol,p.Gly851Asp,missense_variant,3) Uncertain significance,G851D,0.0
G851V,0.019192254,embB,Ethambutol,p.Gly851Val,missense_variant,3) Uncertain significance,G851V,0.0
G871V,0.020848008,embB,Ethambutol,p.Gly871Val,missense_variant,3) Uncertain significance,G871V,0.0
G891E,0.030201232,embB,Ethambutol,p.Gly891Glu,missense_variant,3) Uncertain significance,G891E,0.0
G895R,0.03370542,embB,Ethambutol,p.Gly895Arg,missense_variant,3) Uncertain significance,G895R,0.0
G914R,0.021250604,embB,Ethambutol,p.Gly914Arg,missense_variant,3) Uncertain significance,G914R,0.0
G923E,0.029454311,embB,Ethambutol,p.Gly923Glu,missense_variant,3) Uncertain significance,G923E,0.0
G96E,0.024749158,embB,Ethambutol,p.Gly96Glu,missense_variant,3) Uncertain significance,G96E,0.0
G979A,0.025912166,embB,Ethambutol,p.Gly979Ala,missense_variant,3) Uncertain significance,G979A,0.3333333333333333
G979D,0.027411196,embB,Ethambutol,p.Gly979Asp,missense_variant,3) Uncertain significance,G979D,1.0
H1002R,0.024832385,embB,Ethambutol,p.His1002Arg,missense_variant,3) Uncertain significance,H1002R,0.47692307692307695
H154R,0.02536441,embB,Ethambutol,p.His154Arg,missense_variant,3) Uncertain significance,H154R,0.0
H342N,0.024286496,embB,Ethambutol,p.His342Asn,missense_variant,3) Uncertain significance,H342N,0.0
H687Y,0.0271324,embB,Ethambutol,p.His687Tyr,missense_variant,3) Uncertain significance,H687Y,0.0
H872Y,0.032892786,embB,Ethambutol,p.His872Tyr,missense_variant,3) Uncertain significance,H872Y,0.0
H890R,0.024540436,embB,Ethambutol,p.His890Arg,missense_variant,3) Uncertain significance,H890R,0.0
I1006M,0.019292157,embB,Ethambutol,p.Ile1006Met,missense_variant,3) Uncertain significance,I1006M,0.0
I1009L,0.019424595,embB,Ethambutol,p.Ile1009Leu,missense_variant,3) Uncertain significance,I1009L,1.0
I1039M,0.015917268,embB,Ethambutol,p.Ile1039Met,missense_variant,3) Uncertain significance,I1039M,0.0
I16L,0.018112076,embB,Ethambutol,p.Ile16Leu,missense_variant,3) Uncertain significance,I16L,0.25
I206S,0.02352827,embB,Ethambutol,p.Ile206Ser,missense_variant,3) Uncertain significance,I206S,0.0
I226V,0.022969583,embB,Ethambutol,p.Ile226Val,missense_variant,3) Uncertain significance,I226V,0.0
I284L,0.01234249,embB,Ethambutol,p.Ile284Leu,missense_variant,3) Uncertain significance,I284L,0.0
I303L,0.012011984,embB,Ethambutol,p.Ile303Leu,missense_variant,3) Uncertain significance,I303L,1.0
I303M,0.01735154,embB,Ethambutol,p.Ile303Met,missense_variant,3) Uncertain significance,I303M,1.0
I32T,0.026452476,embB,Ethambutol,p.Ile32Thr,missense_variant,3) Uncertain significance,I32T,0.16666666666666666
I450L,0.018119493,embB,Ethambutol,p.Ile450Leu,missense_variant,3) Uncertain significance,I450L,1.0
I450M,0.020994931,embB,Ethambutol,p.Ile450Met,missense_variant,3) Uncertain significance,I450M,1.0
I450S,0.031300604,embB,Ethambutol,p.Ile450Ser,missense_variant,3) Uncertain significance,I450S,0.5
I465S,0.025484102,embB,Ethambutol,p.Ile465Ser,missense_variant,3) Uncertain significance,I465S,1.0
I489M,0.01924715,embB,Ethambutol,p.Ile489Met,missense_variant,3) Uncertain significance,I489M,1.0
I489T,0.022516783,embB,Ethambutol,p.Ile489Thr,missense_variant,3) Uncertain significance,I489T,0.2
I545M,0.018519942,embB,Ethambutol,p.Ile545Met,missense_variant,3) Uncertain significance,I545M,0.0
I545F,0.018911185,embB,Ethambutol,p.Ile545Phe,missense_variant,3) Uncertain significance,I545F,1.0
I556V,0.02615161,embB,Ethambutol,p.Ile556Val,missense_variant,3) Uncertain significance,I556V,0.0
I563L,0.017112518,embB,Ethambutol,p.Ile563Leu,missense_variant,3) Uncertain significance,I563L,0.525
I666T,0.017071523,embB,Ethambutol,p.Ile666Thr,missense_variant,3) Uncertain significance,I666T,0.0
I709T,0.021378132,embB,Ethambutol,p.Ile709Thr,missense_variant,3) Uncertain significance,I709T,0.0
I709V,0.02479292,embB,Ethambutol,p.Ile709Val,missense_variant,3) Uncertain significance,I709V,0.0
I883V,0.025989372,embB,Ethambutol,p.Ile883Val,missense_variant,3) Uncertain significance,I883V,0.0
L1036V,0.011355347,embB,Ethambutol,p.Leu1036Val,missense_variant,3) Uncertain significance,L1036V,1.0
L1037I,0.017342264,embB,Ethambutol,p.Leu1037Ile,missense_variant,3) Uncertain significance,L1037I,0.0
L1053V,0.020431412,embB,Ethambutol,p.Leu1053Val,missense_variant,3) Uncertain significance,L1053V,0.0
L1070P,0.028185178,embB,Ethambutol,p.Leu1070Pro,missense_variant,3) Uncertain significance,L1070P,1.0
L17W,0.015901312,embB,Ethambutol,p.Leu17Trp,missense_variant,3) Uncertain significance,L17W,0.0
L239R,0.020758653,embB,Ethambutol,p.Leu239Arg,missense_variant,3) Uncertain significance,L239R,0.0
L239P,0.019242242,embB,Ethambutol,p.Leu239Pro,missense_variant,3) Uncertain significance,L239P,0.0
L253R,0.024458608,embB,Ethambutol,p.Leu253Arg,missense_variant,3) Uncertain significance,L253R,0.0
L253I,0.019210147,embB,Ethambutol,p.Leu253Ile,missense_variant,3) Uncertain significance,L253I,0.0
L348P,0.016209733,embB,Ethambutol,p.Leu348Pro,missense_variant,3) Uncertain significance,L348P,0.0
L359I,0.013548361,embB,Ethambutol,p.Leu359Ile,missense_variant,3) Uncertain significance,L359I,1.0
L370R,0.025300097,embB,Ethambutol,p.Leu370Arg,missense_variant,3) Uncertain significance,L370R,0.038461538461538464
L402V,0.010346907,embB,Ethambutol,p.Leu402Val,missense_variant,3) Uncertain significance,L402V,0.54
L410P,0.027732942,embB,Ethambutol,p.Leu410Pro,missense_variant,3) Uncertain significance,L410P,1.0
L466S,0.024332302,embB,Ethambutol,p.Leu466Ser,missense_variant,3) Uncertain significance,L466S,1.0
L472V,0.015097911,embB,Ethambutol,p.Leu472Val,missense_variant,3) Uncertain significance,L472V,0.0
L47R,0.031549115,embB,Ethambutol,p.Leu47Arg,missense_variant,3) Uncertain significance,L47R,0.0
L499P,0.018007655,embB,Ethambutol,p.Leu499Pro,missense_variant,3) Uncertain significance,L499P,0.0
L544W,0.01706058,embB,Ethambutol,p.Leu544Trp,missense_variant,3) Uncertain significance,L544W,1.0
L558F,0.015248642,embB,Ethambutol,p.Leu558Phe,missense_variant,3) Uncertain significance,L558F,0.0
L629P,0.01969282,embB,Ethambutol,p.Leu629Pro,missense_variant,3) Uncertain significance,L629P,1.0
L632F,0.014651378,embB,Ethambutol,p.Leu632Phe,missense_variant,3) Uncertain significance,L632F,0.16666666666666666
L632S,0.016628204,embB,Ethambutol,p.Leu632Ser,missense_variant,3) Uncertain significance,L632S,0.0
L638S,0.01584379,embB,Ethambutol,p.Leu638Ser,missense_variant,3) Uncertain significance,L638S,0.0
L638W,0.016834976,embB,Ethambutol,p.Leu638Trp,missense_variant,3) Uncertain significance,L638W,0.0
L74R,0.029497504,embB,Ethambutol,p.Leu74Arg,missense_variant,3) Uncertain significance,L74R,0.7241379310344828
L74P,0.023321891,embB,Ethambutol,p.Leu74Pro,missense_variant,3) Uncertain significance,L74P,0.75
L777V,0.011860947,embB,Ethambutol,p.Leu777Val,missense_variant,3) Uncertain significance,L777V,0.0
L953M,0.027363934,embB,Ethambutol,p.Leu953Met,missense_variant,3) Uncertain significance,L953M,0.0
L971V,0.01572588,embB,Ethambutol,p.Leu971Val,missense_variant,3) Uncertain significance,L971V,0.0
L974M,0.032908764,embB,Ethambutol,p.Leu974Met,missense_variant,3) Uncertain significance,L974M,0.0
L974V,0.01907972,embB,Ethambutol,p.Leu974Val,missense_variant,3) Uncertain significance,L974V,0.0
K1011E,0.03842502,embB,Ethambutol,p.Lys1011Glu,missense_variant,3) Uncertain significance,K1011E,0.0
K1011T,0.027194403,embB,Ethambutol,p.Lys1011Thr,missense_variant,3) Uncertain significance,K1011T,0.0
K1022T,0.025021954,embB,Ethambutol,p.Lys1022Thr,missense_variant,3) Uncertain significance,K1022T,0.0
K107R,0.03946168,embB,Ethambutol,p.Lys107Arg,missense_variant,3) Uncertain significance,K107R,1.0
K107E,0.04813858,embB,Ethambutol,p.Lys107Glu,missense_variant,3) Uncertain significance,K107E,0.0
K165N,0.031564955,embB,Ethambutol,p.Lys165Asn,missense_variant,3) Uncertain significance,K165N,1.0
K218N,0.025316631,embB,Ethambutol,p.Lys218Asn,missense_variant,3) Uncertain significance,K218N,0.0
K381Q,0.031680234,embB,Ethambutol,p.Lys381Gln,missense_variant,3) Uncertain significance,K381Q,0.0
K561R,0.025294874,embB,Ethambutol,p.Lys561Arg,missense_variant,3) Uncertain significance,K561R,0.0
K561N,0.023554526,embB,Ethambutol,p.Lys561Asn,missense_variant,3) Uncertain significance,K561N,0.0
K561M,0.027044185,embB,Ethambutol,p.Lys561Met,missense_variant,3) Uncertain significance,K561M,0.0
K662E,0.035765305,embB,Ethambutol,p.Lys662Glu,missense_variant,3) Uncertain significance,K662E,0.0
K662T,0.027100056,embB,Ethambutol,p.Lys662Thr,missense_variant,3) Uncertain significance,K662T,0.0
K765N,0.03367984,embB,Ethambutol,p.Lys765Asn,missense_variant,3) Uncertain significance,K765N,0.0
K820T,0.037822295,embB,Ethambutol,p.Lys820Thr,missense_variant,3) Uncertain significance,K820T,0.0
K882E,0.066845044,embB,Ethambutol,p.Lys882Glu,missense_variant,3) Uncertain significance,K882E,0.0
K927R,0.030241229,embB,Ethambutol,p.Lys927Arg,missense_variant,3) Uncertain significance,K927R,0.0
K927E,0.04434354,embB,Ethambutol,p.Lys927Glu,missense_variant,3) Uncertain significance,K927E,0.0
K938N,0.04860387,embB,Ethambutol,p.Lys938Asn,missense_variant,3) Uncertain significance,K938N,0.0
M1000R,0.035071027,embB,Ethambutol,p.Met1000Arg,missense_variant,3) Uncertain significance,M1000R,0.8181818181818182
M265I,0.024772005,embB,Ethambutol,p.Met265Ile,missense_variant,3) Uncertain significance,M265I,0.0
M306I,0.0171711,embB,Ethambutol,p.Met306Ile,missense_variant,1) Assoc w R,M306I,0.6275706940874036
M306L,0.01683083,embB,Ethambutol,p.Met306Leu,missense_variant,1) Assoc w R,M306L,0.7435897435897436
M306T,0.020996612,embB,Ethambutol,p.Met306Thr,missense_variant,3) Uncertain significance,M306T,0.75
M306V,0.018260924,embB,Ethambutol,p.Met306Val,missense_variant,1) Assoc w R,M306V,0.8256997455470738
M316V,0.01783226,embB,Ethambutol,p.Met316Val,missense_variant,3) Uncertain significance,M316V,0.0
M340I,0.016521566,embB,Ethambutol,p.Met340Ile,missense_variant,3) Uncertain significance,M340I,0.0
M350T,0.018829364,embB,Ethambutol,p.Met350Thr,missense_variant,3) Uncertain significance,M350T,0.0
M389I,0.019944271,embB,Ethambutol,p.Met389Ile,missense_variant,3) Uncertain significance,M389I,0.0
M389V,0.022250036,embB,Ethambutol,p.Met389Val,missense_variant,3) Uncertain significance,M389V,0.0
M396I,0.015793497,embB,Ethambutol,p.Met396Ile,missense_variant,3) Uncertain significance,M396I,0.375
M423I,0.019607387,embB,Ethambutol,p.Met423Ile,missense_variant,3) Uncertain significance,M423I,0.2
M423T,0.026210878,embB,Ethambutol,p.Met423Thr,missense_variant,3) Uncertain significance,M423T,0.9375
M462T,0.028079689,embB,Ethambutol,p.Met462Thr,missense_variant,3) Uncertain significance,M462T,0.0
M557I,0.02582427,embB,Ethambutol,p.Met557Ile,missense_variant,3) Uncertain significance,M557I,0.0
M575R,0.028861275,embB,Ethambutol,p.Met575Arg,missense_variant,3) Uncertain significance,M575R,0.0
M575V,0.022137932,embB,Ethambutol,p.Met575Val,missense_variant,3) Uncertain significance,M575V,0.0
M586V,0.01711469,embB,Ethambutol,p.Met586Val,missense_variant,3) Uncertain significance,M586V,0.0
M606I,0.01970818,embB,Ethambutol,p.Met606Ile,missense_variant,3) Uncertain significance,M606I,0.0
M626V,0.021173732,embB,Ethambutol,p.Met626Val,missense_variant,3) Uncertain significance,M626V,0.0
M660R,0.028090844,embB,Ethambutol,p.Met660Arg,missense_variant,3) Uncertain significance,M660R,0.0
M714I,0.021486718,embB,Ethambutol,p.Met714Ile,missense_variant,3) Uncertain significance,M714I,0.0
M764L,0.018451042,embB,Ethambutol,p.Met764Leu,missense_variant,3) Uncertain significance,M764L,0.0
M804I,0.02099626,embB,Ethambutol,p.Met804Ile,missense_variant,3) Uncertain significance,M804I,0.5
M904I,0.023601634,embB,Ethambutol,p.Met904Ile,missense_variant,3) Uncertain significance,M904I,0.0
M916T,0.033757817,embB,Ethambutol,p.Met916Thr,missense_variant,3) Uncertain significance,M916T,0.0
M91I,0.025019037,embB,Ethambutol,p.Met91Ile,missense_variant,3) Uncertain significance,M91I,0.0
M91T,0.03323271,embB,Ethambutol,p.Met91Thr,missense_variant,3) Uncertain significance,M91T,1.0
M939I,0.023498459,embB,Ethambutol,p.Met939Ile,missense_variant,3) Uncertain significance,M939I,0.0
M939V,0.03148425,embB,Ethambutol,p.Met939Val,missense_variant,3) Uncertain significance,M939V,1.0
F1012L,0.020229071,embB,Ethambutol,p.Phe1012Leu,missense_variant,3) Uncertain significance,F1012L,0.0
F1067L,0.021655703,embB,Ethambutol,p.Phe1067Leu,missense_variant,3) Uncertain significance,F1067L,1.0
F161L,0.016175324,embB,Ethambutol,p.Phe161Leu,missense_variant,3) Uncertain significance,F161L,0.0
F176L,0.014929985,embB,Ethambutol,p.Phe176Leu,missense_variant,3) Uncertain significance,F176L,0.0
F256L,0.015575625,embB,Ethambutol,p.Phe256Leu,missense_variant,3) Uncertain significance,F256L,0.0
F285L,0.014281408,embB,Ethambutol,p.Phe285Leu,missense_variant,3) Uncertain significance,F285L,0.0
F285V,0.024521789,embB,Ethambutol,p.Phe285Val,missense_variant,3) Uncertain significance,F285V,0.0
F320C,0.07094337,embB,Ethambutol,p.Phe320Cys,missense_variant,3) Uncertain significance,F320C,1.0
F323L,0.012239659,embB,Ethambutol,p.Phe323Leu,missense_variant,3) Uncertain significance,F323L,0.6666666666666666
F330I,0.01509884,embB,Ethambutol,p.Phe330Ile,missense_variant,3) Uncertain significance,F330I,0.0
F330L,0.010905829,embB,Ethambutol,p.Phe330Leu,missense_variant,3) Uncertain significance,F330L,0.7142857142857143
F330S,0.017751172,embB,Ethambutol,p.Phe330Ser,missense_variant,3) Uncertain significance,F330S,0.7142857142857143
F330V,0.016097201,embB,Ethambutol,p.Phe330Val,missense_variant,3) Uncertain significance,F330V,1.0
F398C,0.029283144,embB,Ethambutol,p.Phe398Cys,missense_variant,3) Uncertain significance,F398C,1.0
F398L,0.011646196,embB,Ethambutol,p.Phe398Leu,missense_variant,3) Uncertain significance,F398L,0.0
F440S,0.02423141,embB,Ethambutol,p.Phe440Ser,missense_variant,3) Uncertain significance,F440S,0.0
F494L,0.014782066,embB,Ethambutol,p.Phe494Leu,missense_variant,3) Uncertain significance,F494L,0.0
F541V,0.015766481,embB,Ethambutol,p.Phe541Val,missense_variant,3) Uncertain significance,F541V,0.0
F579S,0.022604255,embB,Ethambutol,p.Phe579Ser,missense_variant,3) Uncertain significance,F579S,1.0
F579V,0.018287761,embB,Ethambutol,p.Phe579Val,missense_variant,3) Uncertain significance,F579V,0.0
F584L,0.013960276,embB,Ethambutol,p.Phe584Leu,missense_variant,3) Uncertain significance,F584L,0.0
F628S,0.022307165,embB,Ethambutol,p.Phe628Ser,missense_variant,3) Uncertain significance,F628S,0.0
F676S,0.023374356,embB,Ethambutol,p.Phe676Ser,missense_variant,3) Uncertain significance,F676S,0.0
F688C,0.04074258,embB,Ethambutol,p.Phe688Cys,missense_variant,3) Uncertain significance,F688C,0.0
F688V,0.024038529,embB,Ethambutol,p.Phe688Val,missense_variant,3) Uncertain significance,F688V,0.0
F743L,0.01835182,embB,Ethambutol,p.Phe743Leu,missense_variant,3) Uncertain significance,F743L,0.0
F763L,0.016677864,embB,Ethambutol,p.Phe763Leu,missense_variant,3) Uncertain significance,F763L,0.0
F763V,0.021378784,embB,Ethambutol,p.Phe763Val,missense_variant,3) Uncertain significance,F763V,0.0
F79L,0.016173236,embB,Ethambutol,p.Phe79Leu,missense_variant,3) Uncertain significance,F79L,0.0
F994V,0.020095399,embB,Ethambutol,p.Phe994Val,missense_variant,3) Uncertain significance,F994V,0.0
P103H,0.035972062,embB,Ethambutol,p.Pro103His,missense_variant,3) Uncertain significance,P103H,0.0
P103T,0.0142026,embB,Ethambutol,p.Pro103Thr,missense_variant,3) Uncertain significance,P103T,0.0
P1075L,0.022712031,embB,Ethambutol,p.Pro1075Leu,missense_variant,3) Uncertain significance,P1075L,0.0
P1091Q,0.017249072,embB,Ethambutol,p.Pro1091Gln,missense_variant,3) Uncertain significance,P1091Q,0.0
P1098R,0.017437886,embB,Ethambutol,p.Pro1098Arg,missense_variant,3) Uncertain significance,P1098R,0.0
P12Q,0.017156234,embB,Ethambutol,p.Pro12Gln,missense_variant,3) Uncertain significance,P12Q,0.0
P12L,0.016921178,embB,Ethambutol,p.Pro12Leu,missense_variant,3) Uncertain significance,P12L,0.0
P12S,0.012369309,embB,Ethambutol,p.Pro12Ser,missense_variant,3) Uncertain significance,P12S,0.0
P136A,0.035638463,embB,Ethambutol,p.Pro136Ala,missense_variant,3) Uncertain significance,P136A,0.0
P136S,0.03689431,embB,Ethambutol,p.Pro136Ser,missense_variant,3) Uncertain significance,P136S,0.0
P143S,0.018343827,embB,Ethambutol,p.Pro143Ser,missense_variant,3) Uncertain significance,P143S,0.0
P167R,0.020370249,embB,Ethambutol,p.Pro167Arg,missense_variant,3) Uncertain significance,P167R,0.6666666666666666
P177L,0.01615441,embB,Ethambutol,p.Pro177Leu,missense_variant,3) Uncertain significance,P177L,0.0
P183S,0.02981023,embB,Ethambutol,p.Pro183Ser,missense_variant,3) Uncertain significance,P183S,0.0
P195H,0.027319266,embB,Ethambutol,p.Pro195His,missense_variant,3) Uncertain significance,P195H,0.1111111111111111
P197R,0.019663474,embB,Ethambutol,p.Pro197Arg,missense_variant,3) Uncertain significance,P197R,0.3333333333333333
P214A,0.011684527,embB,Ethambutol,p.Pro214Ala,missense_variant,3) Uncertain significance,P214A,0.5
P214Q,0.013923804,embB,Ethambutol,p.Pro214Gln,missense_variant,3) Uncertain significance,P214Q,0.0
P262L,0.020008828,embB,Ethambutol,p.Pro262Leu,missense_variant,3) Uncertain significance,P262L,0.0
P270A,0.02052403,embB,Ethambutol,p.Pro270Ala,missense_variant,3) Uncertain significance,P270A,0.0
P353S,0.018077059,embB,Ethambutol,p.Pro353Ser,missense_variant,3) Uncertain significance,P353S,0.0
P371R,0.02587411,embB,Ethambutol,p.Pro371Arg,missense_variant,3) Uncertain significance,P371R,0.0
P397T,0.015031273,embB,Ethambutol,p.Pro397Thr,missense_variant,3) Uncertain significance,P397T,1.0
P404A,0.012753702,embB,Ethambutol,p.Pro404Ala,missense_variant,3) Uncertain significance,P404A,0.5
P404L,0.01591299,embB,Ethambutol,p.Pro404Leu,missense_variant,3) Uncertain significance,P404L,0.0
P404S,0.012989112,embB,Ethambutol,p.Pro404Ser,missense_variant,3) Uncertain significance,P404S,0.5384615384615384
P430L,0.021984212,embB,Ethambutol,p.Pro430Leu,missense_variant,3) Uncertain significance,P430L,0.0
P45L,0.029922947,embB,Ethambutol,p.Pro45Leu,missense_variant,3) Uncertain significance,P45L,0.0
P461Q,0.021957545,embB,Ethambutol,p.Pro461Gln,missense_variant,3) Uncertain significance,P461Q,0.0
P477A,0.01902095,embB,Ethambutol,p.Pro477Ala,missense_variant,3) Uncertain significance,P477A,0.0
P477T,0.018887544,embB,Ethambutol,p.Pro477Thr,missense_variant,3) Uncertain significance,P477T,1.0
P531H,0.019238992,embB,Ethambutol,p.Pro531His,missense_variant,3) Uncertain significance,P531H,0.0
P59T,0.013772137,embB,Ethambutol,p.Pro59Thr,missense_variant,3) Uncertain significance,P59T,0.0
P616S,0.020744758,embB,Ethambutol,p.Pro616Ser,missense_variant,3) Uncertain significance,P616S,1.0
P616T,0.015887843,embB,Ethambutol,p.Pro616Thr,missense_variant,3) Uncertain significance,P616T,0.0
P655Q,0.013755251,embB,Ethambutol,p.Pro655Gln,missense_variant,3) Uncertain significance,P655Q,0.0
P655L,0.013626803,embB,Ethambutol,p.Pro655Leu,missense_variant,3) Uncertain significance,P655L,0.0
P706S,0.017473176,embB,Ethambutol,p.Pro706Ser,missense_variant,3) Uncertain significance,P706S,0.0
P708L,0.02551754,embB,Ethambutol,p.Pro708Leu,missense_variant,3) Uncertain significance,P708L,0.0
P70R,0.02813331,embB,Ethambutol,p.Pro70Arg,missense_variant,3) Uncertain significance,P70R,0.0
P731L,0.021258492,embB,Ethambutol,p.Pro731Leu,missense_variant,3) Uncertain significance,P731L,0.037037037037037035
P766R,0.030629855,embB,Ethambutol,p.Pro766Arg,missense_variant,3) Uncertain significance,P766R,0.0
P766L,0.031779353,embB,Ethambutol,p.Pro766Leu,missense_variant,3) Uncertain significance,P766L,0.0
P76L,0.034287337,embB,Ethambutol,p.Pro76Leu,missense_variant,3) Uncertain significance,P76L,0.0
P776L,0.025803763,embB,Ethambutol,p.Pro776Leu,missense_variant,3) Uncertain significance,P776L,0.0
P809S,0.020353068,embB,Ethambutol,p.Pro809Ser,missense_variant,3) Uncertain significance,P809S,0.0
P818L,0.033125684,embB,Ethambutol,p.Pro818Leu,missense_variant,3) Uncertain significance,P818L,0.0
P818T,0.016499555,embB,Ethambutol,p.Pro818Thr,missense_variant,3) Uncertain significance,P818T,0.0
P824L,0.025766665,embB,Ethambutol,p.Pro824Leu,missense_variant,3) Uncertain significance,P824L,0.0
P832S,0.022883652,embB,Ethambutol,p.Pro832Ser,missense_variant,3) Uncertain significance,P832S,0.0
P866S,0.022803059,embB,Ethambutol,p.Pro866Ser,missense_variant,3) Uncertain significance,P866S,0.0
P894S,0.021807939,embB,Ethambutol,p.Pro894Ser,missense_variant,3) Uncertain significance,P894S,0.0
P907S,0.020899128,embB,Ethambutol,p.Pro907Ser,missense_variant,3) Uncertain significance,P907S,0.0
P912T,0.017749155,embB,Ethambutol,p.Pro912Thr,missense_variant,3) Uncertain significance,P912T,0.0
P92S,0.019879552,embB,Ethambutol,p.Pro92Ser,missense_variant,3) Uncertain significance,P92S,0.5
P93H,0.028550403,embB,Ethambutol,p.Pro93His,missense_variant,3) Uncertain significance,P93H,0.0
P93L,0.020964587,embB,Ethambutol,p.Pro93Leu,missense_variant,3) Uncertain significance,P93L,0.0
P957L,0.026956322,embB,Ethambutol,p.Pro957Leu,missense_variant,3) Uncertain significance,P957L,0.0
P999S,0.025325902,embB,Ethambutol,p.Pro999Ser,missense_variant,3) Uncertain significance,P999S,0.0
S1054P,0.025347898,embB,Ethambutol,p.Ser1054Pro,missense_variant,4) Not assoc w R - Interim,S1054P,0.045454545454545456
S10T,0.012751899,embB,Ethambutol,p.Ser10Thr,missense_variant,3) Uncertain significance,S10T,1.0
S119N,0.026037047,embB,Ethambutol,p.Ser119Asn,missense_variant,3) Uncertain significance,S119N,0.0
S119I,0.025173225,embB,Ethambutol,p.Ser119Ile,missense_variant,3) Uncertain significance,S119I,0.0
S142C,0.04660619,embB,Ethambutol,p.Ser142Cys,missense_variant,3) Uncertain significance,S142C,0.0
S168L,0.016551783,embB,Ethambutol,p.Ser168Leu,missense_variant,3) Uncertain significance,S168L,0.0
S174N,0.017358186,embB,Ethambutol,p.Ser174Asn,missense_variant,3) Uncertain significance,S174N,0.0
S203L,0.022176106,embB,Ethambutol,p.Ser203Leu,missense_variant,3) Uncertain significance,S203L,0.05
S211F,0.022831582,embB,Ethambutol,p.Ser211Phe,missense_variant,3) Uncertain significance,S211F,0.0
S22F,0.026276242,embB,Ethambutol,p.Ser22Phe,missense_variant,3) Uncertain significance,S22F,0.0
S260E,0.018276267,embB,Ethambutol,p.Ser260Glu,missense_variant,3) Uncertain significance,S260E,0.0
S261A,0.018342124,embB,Ethambutol,p.Ser261Ala,missense_variant,3) Uncertain significance,S261A,0.0
S261E,0.017880572,embB,Ethambutol,p.Ser261Glu,missense_variant,3) Uncertain significance,S261E,0.0
S261P,0.016130097,embB,Ethambutol,p.Ser261Pro,missense_variant,3) Uncertain significance,S261P,0.0
S272N,0.022626324,embB,Ethambutol,p.Ser272Asn,missense_variant,3) Uncertain significance,S272N,0.0
S297A,0.010664117,embB,Ethambutol,p.Ser297Ala,missense_variant,3) Uncertain significance,S297A,0.4868804664723032
S317F,0.022738803,embB,Ethambutol,p.Ser317Phe,missense_variant,3) Uncertain significance,S317F,1.0
S344R,0.021384042,embB,Ethambutol,p.Ser344Arg,missense_variant,3) Uncertain significance,S344R,0.0
S347I,0.026041407,embB,Ethambutol,p.Ser347Ile,missense_variant,3) Uncertain significance,S347I,0.6818181818181818
S347T,0.011479074,embB,Ethambutol,p.Ser347Thr,missense_variant,3) Uncertain significance,S347T,0.7222222222222222
S347V,0.019860432,embB,Ethambutol,p.Ser347Val,missense_variant,3) Uncertain significance,S347V,1.0
S412L,0.019217381,embB,Ethambutol,p.Ser412Leu,missense_variant,3) Uncertain significance,S412L,0.0
S426R,0.023231212,embB,Ethambutol,p.Ser426Arg,missense_variant,3) Uncertain significance,S426R,0.0
S426N,0.01801368,embB,Ethambutol,p.Ser426Asn,missense_variant,3) Uncertain significance,S426N,0.0
S480L,0.019120775,embB,Ethambutol,p.Ser480Leu,missense_variant,3) Uncertain significance,S480L,0.0
S565G,0.020587217,embB,Ethambutol,p.Ser565Gly,missense_variant,3) Uncertain significance,S565G,0.0
S565T,0.01723744,embB,Ethambutol,p.Ser565Thr,missense_variant,3) Uncertain significance,S565T,0.3333333333333333
S617L,0.016144786,embB,Ethambutol,p.Ser617Leu,missense_variant,3) Uncertain significance,S617L,0.0
S622W,0.021407196,embB,Ethambutol,p.Ser622Trp,missense_variant,3) Uncertain significance,S622W,0.0
S650C,0.043168087,embB,Ethambutol,p.Ser650Cys,missense_variant,3) Uncertain significance,S650C,0.0
S650P,0.012449864,embB,Ethambutol,p.Ser650Pro,missense_variant,3) Uncertain significance,S650P,0.0
S651N,0.016028903,embB,Ethambutol,p.Ser651Asn,missense_variant,3) Uncertain significance,S651N,1.0
S651C,0.035484243,embB,Ethambutol,p.Ser651Cys,missense_variant,3) Uncertain significance,S651C,0.0
S651T,0.012308515,embB,Ethambutol,p.Ser651Thr,missense_variant,3) Uncertain significance,S651T,1.0
S669R,0.021879597,embB,Ethambutol,p.Ser669Arg,missense_variant,3) Uncertain significance,S669R,0.0
S669G,0.010857654,embB,Ethambutol,p.Ser669Gly,missense_variant,3) Uncertain significance,S669G,0.0
S66N,0.02120334,embB,Ethambutol,p.Ser66Asn,missense_variant,3) Uncertain significance,S66N,0.0
S73L,0.02325245,embB,Ethambutol,p.Ser73Leu,missense_variant,3) Uncertain significance,S73L,0.0
S773P,0.017251229,embB,Ethambutol,p.Ser773Pro,missense_variant,3) Uncertain significance,S773P,0.1111111111111111
S823R,0.021507189,embB,Ethambutol,p.Ser823Arg,missense_variant,3) Uncertain significance,S823R,0.0
S856R,0.021765713,embB,Ethambutol,p.Ser856Arg,missense_variant,3) Uncertain significance,S856R,0.25
S980A,0.018930668,embB,Ethambutol,p.Ser980Ala,missense_variant,3) Uncertain significance,S980A,0.0
T1015A,0.016247088,embB,Ethambutol,p.Thr1015Ala,missense_variant,3) Uncertain significance,T1015A,0.0
T1025I,0.02883167,embB,Ethambutol,p.Thr1025Ile,missense_variant,3) Uncertain significance,T1025I,0.0
T1069P,0.02463402,embB,Ethambutol,p.Thr1069Pro,missense_variant,3) Uncertain significance,T1069P,0.0
T1082A,0.018310497,embB,Ethambutol,p.Thr1082Ala,missense_variant,5) Not assoc w R,T1082A,0.5822454308093995
T1084P,0.015399735,embB,Ethambutol,p.Thr1084Pro,missense_variant,3) Uncertain significance,T1084P,1.0
T11P,0.015079084,embB,Ethambutol,p.Thr11Pro,missense_variant,3) Uncertain significance,T11P,0.0
T126N,0.027045477,embB,Ethambutol,p.Thr126Asn,missense_variant,3) Uncertain significance,T126N,0.5
T141R,0.027192289,embB,Ethambutol,p.Thr141Arg,missense_variant,3) Uncertain significance,T141R,0.0
T151I,0.028021952,embB,Ethambutol,p.Thr151Ile,missense_variant,3) Uncertain significance,T151I,1.0
T151P,0.030793149,embB,Ethambutol,p.Thr151Pro,missense_variant,3) Uncertain significance,T151P,0.0
T153N,0.01607375,embB,Ethambutol,p.Thr153Asn,missense_variant,3) Uncertain significance,T153N,1.0
T157A,0.013274708,embB,Ethambutol,p.Thr157Ala,missense_variant,3) Uncertain significance,T157A,0.0
T157I,0.021543115,embB,Ethambutol,p.Thr157Ile,missense_variant,3) Uncertain significance,T157I,0.0
T208N,0.018518848,embB,Ethambutol,p.Thr208Asn,missense_variant,3) Uncertain significance,T208N,0.0
T208I,0.032994907,embB,Ethambutol,p.Thr208Ile,missense_variant,3) Uncertain significance,T208I,0.0
T212A,0.011285548,embB,Ethambutol,p.Thr212Ala,missense_variant,3) Uncertain significance,T212A,0.4
T215A,0.016148401,embB,Ethambutol,p.Thr215Ala,missense_variant,3) Uncertain significance,T215A,0.0
T215I,0.01897694,embB,Ethambutol,p.Thr215Ile,missense_variant,3) Uncertain significance,T215I,0.0
T216A,0.012799389,embB,Ethambutol,p.Thr216Ala,missense_variant,3) Uncertain significance,T216A,0.0
T275A,0.014286725,embB,Ethambutol,p.Thr275Ala,missense_variant,3) Uncertain significance,T275A,0.0
T275N,0.022067344,embB,Ethambutol,p.Thr275Asn,missense_variant,3) Uncertain significance,T275N,0.0
T279P,0.01908334,embB,Ethambutol,p.Thr279Pro,missense_variant,3) Uncertain significance,T279P,0.2
T31A,0.015427222,embB,Ethambutol,p.Thr31Ala,missense_variant,3) Uncertain significance,T31A,0.0
T341N,0.017216422,embB,Ethambutol,p.Thr341Asn,missense_variant,3) Uncertain significance,T341N,0.0
T341I,0.019698594,embB,Ethambutol,p.Thr341Ile,missense_variant,3) Uncertain significance,T341I,0.0
T498A,0.0116925435,embB,Ethambutol,p.Thr498Ala,missense_variant,3) Uncertain significance,T498A,0.0
T498N,0.017906668,embB,Ethambutol,p.Thr498Asn,missense_variant,3) Uncertain significance,T498N,0.0
T498I,0.02198041,embB,Ethambutol,p.Thr498Ile,missense_variant,3) Uncertain significance,T498I,0.0
T498P,0.016556952,embB,Ethambutol,p.Thr498Pro,missense_variant,3) Uncertain significance,T498P,1.0
T498S,0.01591559,embB,Ethambutol,p.Thr498Ser,missense_variant,3) Uncertain significance,T498S,1.0
T501A,0.011194281,embB,Ethambutol,p.Thr501Ala,missense_variant,3) Uncertain significance,T501A,0.0
T501K,0.023246616,embB,Ethambutol,p.Thr501Lys,missense_variant,3) Uncertain significance,T501K,0.5
T506N,0.015078666,embB,Ethambutol,p.Thr506Asn,missense_variant,3) Uncertain significance,T506N,0.0
T520S,0.012707423,embB,Ethambutol,p.Thr520Ser,missense_variant,3) Uncertain significance,T520S,0.0
T532A,0.010651038,embB,Ethambutol,p.Thr532Ala,missense_variant,3) Uncertain significance,T532A,0.0
T532I,0.021091074,embB,Ethambutol,p.Thr532Ile,missense_variant,3) Uncertain significance,T532I,1.0
T546A,0.013979875,embB,Ethambutol,p.Thr546Ala,missense_variant,3) Uncertain significance,T546A,0.0
T546I,0.0225788,embB,Ethambutol,p.Thr546Ile,missense_variant,3) Uncertain significance,T546I,1.0
T581A,0.012492814,embB,Ethambutol,p.Thr581Ala,missense_variant,3) Uncertain significance,T581A,0.0
T588M,0.021228408,embB,Ethambutol,p.Thr588Met,missense_variant,3) Uncertain significance,T588M,0.0
T642A,0.011335774,embB,Ethambutol,p.Thr642Ala,missense_variant,3) Uncertain significance,T642A,0.8333333333333334
T643A,0.011290936,embB,Ethambutol,p.Thr643Ala,missense_variant,3) Uncertain significance,T643A,0.6666666666666666
T643I,0.020779517,embB,Ethambutol,p.Thr643Ile,missense_variant,3) Uncertain significance,T643I,0.2222222222222222
T667A,0.013162401,embB,Ethambutol,p.Thr667Ala,missense_variant,3) Uncertain significance,T667A,0.0
T670I,0.018964162,embB,Ethambutol,p.Thr670Ile,missense_variant,3) Uncertain significance,T670I,0.0
T68A,0.016413746,embB,Ethambutol,p.Thr68Ala,missense_variant,3) Uncertain significance,T68A,0.0
T704K,0.031744532,embB,Ethambutol,p.Thr704Lys,missense_variant,3) Uncertain significance,T704K,0.0
T732I,0.020005386,embB,Ethambutol,p.Thr732Ile,missense_variant,3) Uncertain significance,T732I,0.0
T797A,0.015026305,embB,Ethambutol,p.Thr797Ala,missense_variant,3) Uncertain significance,T797A,0.0
T797M,0.02599176,embB,Ethambutol,p.Thr797Met,missense_variant,3) Uncertain significance,T797M,0.0
T797P,0.022611666,embB,Ethambutol,p.Thr797Pro,missense_variant,3) Uncertain significance,T797P,0.0
T811A,0.014085052,embB,Ethambutol,p.Thr811Ala,missense_variant,3) Uncertain significance,T811A,0.0
T819I,0.027051058,embB,Ethambutol,p.Thr819Ile,missense_variant,3) Uncertain significance,T819I,0.0
T822M,0.028811496,embB,Ethambutol,p.Thr822Met,missense_variant,3) Uncertain significance,T822M,0.0
T82A,0.01909215,embB,Ethambutol,p.Thr82Ala,missense_variant,3) Uncertain significance,T82A,0.0
T830M,0.029255442,embB,Ethambutol,p.Thr830Met,missense_variant,3) Uncertain significance,T830M,0.0
T849A,0.017829403,embB,Ethambutol,p.Thr849Ala,missense_variant,3) Uncertain significance,T849A,0.0
T878A,0.020995414,embB,Ethambutol,p.Thr878Ala,missense_variant,3) Uncertain significance,T878A,0.0
T897P,0.018594883,embB,Ethambutol,p.Thr897Pro,missense_variant,3) Uncertain significance,T897P,0.0
T956I,0.027492622,embB,Ethambutol,p.Thr956Ile,missense_variant,3) Uncertain significance,T956I,0.0
T981A,0.024409741,embB,Ethambutol,p.Thr981Ala,missense_variant,3) Uncertain significance,T981A,0.0
T981M,0.033243746,embB,Ethambutol,p.Thr981Met,missense_variant,3) Uncertain significance,T981M,0.0
W1089R,0.028778873,embB,Ethambutol,p.Trp1089Arg,missense_variant,3) Uncertain significance,W1089R,0.6666666666666666
W1089L,0.018182093,embB,Ethambutol,p.Trp1089Leu,missense_variant,3) Uncertain significance,W1089L,1.0
W237R,0.020945122,embB,Ethambutol,p.Trp237Arg,missense_variant,3) Uncertain significance,W237R,0.0
W273L,0.019014921,embB,Ethambutol,p.Trp273Leu,missense_variant,3) Uncertain significance,W273L,0.0
W28S,0.024153119,embB,Ethambutol,p.Trp28Ser,missense_variant,3) Uncertain significance,W28S,0.0
W332R,0.03387832,embB,Ethambutol,p.Trp332Arg,missense_variant,3) Uncertain significance,W332R,0.391304347826087
W332L,0.016425632,embB,Ethambutol,p.Trp332Leu,missense_variant,3) Uncertain significance,W332L,0.0
W349R,0.027692866,embB,Ethambutol,p.Trp349Arg,missense_variant,3) Uncertain significance,W349R,1.0
W572C,0.03512196,embB,Ethambutol,p.Trp572Cys,missense_variant,3) Uncertain significance,W572C,0.5
W621S,0.020757837,embB,Ethambutol,p.Trp621Ser,missense_variant,3) Uncertain significance,W621S,0.0
W685L,0.019457111,embB,Ethambutol,p.Trp685Leu,missense_variant,3) Uncertain significance,W685L,1.0
Y1018H,0.035944536,embB,Ethambutol,p.Tyr1018His,missense_variant,3) Uncertain significance,Y1018H,0.0
Y315C,0.059777442,embB,Ethambutol,p.Tyr315Cys,missense_variant,3) Uncertain significance,Y315C,0.3333333333333333
Y319N,0.024278121,embB,Ethambutol,p.Tyr319Asn,missense_variant,3) Uncertain significance,Y319N,0.0
Y319D,0.03682595,embB,Ethambutol,p.Tyr319Asp,missense_variant,3) Uncertain significance,Y319D,0.6
Y319C,0.06320422,embB,Ethambutol,p.Tyr319Cys,missense_variant,1) Assoc w R,Y319C,0.53125
Y319F,0.014219245,embB,Ethambutol,p.Tyr319Phe,missense_variant,3) Uncertain significance,Y319F,0.0
Y319S,0.02809287,embB,Ethambutol,p.Tyr319Ser,missense_variant,1) Assoc w R,Y319S,0.8127490039840638
Y334H,0.02557383,embB,Ethambutol,p.Tyr334His,missense_variant,3) Uncertain significance,Y334H,0.8542713567839196
Y384S,0.024743535,embB,Ethambutol,p.Tyr384Ser,missense_variant,3) Uncertain significance,Y384S,0.0
Y519H,0.02333838,embB,Ethambutol,p.Tyr519His,missense_variant,3) Uncertain significance,Y519H,0.0
Y730H,0.02386378,embB,Ethambutol,p.Tyr730His,missense_variant,3) Uncertain significance,Y730H,0.0
Y813D,0.035709217,embB,Ethambutol,p.Tyr813Asp,missense_variant,3) Uncertain significance,Y813D,0.0
Y848H,0.032675114,embB,Ethambutol,p.Tyr848His,missense_variant,3) Uncertain significance,Y848H,0.0
Y977H,0.03864439,embB,Ethambutol,p.Tyr977His,missense_variant,3) Uncertain significance,Y977H,0.0
V1048I,0.023200754,embB,Ethambutol,p.Val1048Ile,missense_variant,3) Uncertain significance,V1048I,0.0
V1071F,0.022812214,embB,Ethambutol,p.Val1071Phe,missense_variant,3) Uncertain significance,V1071F,0.0
V116I,0.021011809,embB,Ethambutol,p.Val116Ile,missense_variant,3) Uncertain significance,V116I,0.0
V118A,0.018100396,embB,Ethambutol,p.Val118Ala,missense_variant,3) Uncertain significance,V118A,0.0
V123A,0.016540304,embB,Ethambutol,p.Val123Ala,missense_variant,3) Uncertain significance,V123A,0.0
V130L,0.016016329,embB,Ethambutol,p.Val130Leu,missense_variant,3) Uncertain significance,V130L,0.0
V130M,0.02856805,embB,Ethambutol,p.Val130Met,missense_variant,3) Uncertain significance,V130M,0.0
V131M,0.026153486,embB,Ethambutol,p.Val131Met,missense_variant,3) Uncertain significance,V131M,0.0
V135M,0.028963571,embB,Ethambutol,p.Val135Met,missense_variant,3) Uncertain significance,V135M,0.0
V162G,0.01869147,embB,Ethambutol,p.Val162Gly,missense_variant,3) Uncertain significance,V162G,0.0
V186A,0.021588957,embB,Ethambutol,p.Val186Ala,missense_variant,3) Uncertain significance,V186A,0.0
V186L,0.01504089,embB,Ethambutol,p.Val186Leu,missense_variant,3) Uncertain significance,V186L,0.0
V188A,0.016173046,embB,Ethambutol,p.Val188Ala,missense_variant,3) Uncertain significance,V188A,0.0
V230A,0.018098978,embB,Ethambutol,p.Val230Ala,missense_variant,3) Uncertain significance,V230A,0.0
V231I,0.02125639,embB,Ethambutol,p.Val231Ile,missense_variant,3) Uncertain significance,V231I,0.0
V282A,0.018310158,embB,Ethambutol,p.Val282Ala,missense_variant,3) Uncertain significance,V282A,0.0
V282L,0.01708876,embB,Ethambutol,p.Val282Leu,missense_variant,3) Uncertain significance,V282L,0.0
V283M,0.019110044,embB,Ethambutol,p.Val283Met,missense_variant,3) Uncertain significance,V283M,0.0
V292I,0.01783552,embB,Ethambutol,p.Val292Ile,missense_variant,3) Uncertain significance,V292I,0.5
V292L,0.012976953,embB,Ethambutol,p.Val292Leu,missense_variant,3) Uncertain significance,V292L,0.0
V292F,0.017124202,embB,Ethambutol,p.Val292Phe,missense_variant,3) Uncertain significance,V292F,0.25
V29L,0.019325674,embB,Ethambutol,p.Val29Leu,missense_variant,3) Uncertain significance,V29L,0.0
V309L,0.011312281,embB,Ethambutol,p.Val309Leu,missense_variant,3) Uncertain significance,V309L,1.0
V309F,0.016138874,embB,Ethambutol,p.Val309Phe,missense_variant,3) Uncertain significance,V309F,0.0
V360L,0.013929927,embB,Ethambutol,p.Val360Leu,missense_variant,3) Uncertain significance,V360L,0.0
V369M,0.022776794,embB,Ethambutol,p.Val369Met,missense_variant,3) Uncertain significance,V369M,0.0
V377A,0.017364323,embB,Ethambutol,p.Val377Ala,missense_variant,3) Uncertain significance,V377A,0.0
V377M,0.024604104,embB,Ethambutol,p.Val377Met,missense_variant,3) Uncertain significance,V377M,0.0
V390I,0.018370915,embB,Ethambutol,p.Val390Ile,missense_variant,3) Uncertain significance,V390I,0.0
V39G,0.029275648,embB,Ethambutol,p.Val39Gly,missense_variant,3) Uncertain significance,V39G,0.0
V39L,0.02675489,embB,Ethambutol,p.Val39Leu,missense_variant,3) Uncertain significance,V39L,0.0
V414G,0.01607821,embB,Ethambutol,p.Val414Gly,missense_variant,3) Uncertain significance,V414G,0.0
V414I,0.018912742,embB,Ethambutol,p.Val414Ile,missense_variant,3) Uncertain significance,V414I,0.0
V417A,0.014063207,embB,Ethambutol,p.Val417Ala,missense_variant,3) Uncertain significance,V417A,0.0
V436G,0.021245347,embB,Ethambutol,p.Val436Gly,missense_variant,3) Uncertain significance,V436G,0.0
V436I,0.021272596,embB,Ethambutol,p.Val436Ile,missense_variant,3) Uncertain significance,V436I,0.0
V444M,0.021173688,embB,Ethambutol,p.Val444Met,missense_variant,3) Uncertain significance,V444M,0.3333333333333333
V452L,0.015510158,embB,Ethambutol,p.Val452Leu,missense_variant,3) Uncertain significance,V452L,0.0
V456A,0.018437175,embB,Ethambutol,p.Val456Ala,missense_variant,3) Uncertain significance,V456A,0.8811881188118812
V479L,0.0137528945,embB,Ethambutol,p.Val479Leu,missense_variant,3) Uncertain significance,V479L,0.0
V488A,0.012179514,embB,Ethambutol,p.Val488Ala,missense_variant,3) Uncertain significance,V488A,1.0
V488I,0.023424715,embB,Ethambutol,p.Val488Ile,missense_variant,3) Uncertain significance,V488I,1.0
V492L,0.012934568,embB,Ethambutol,p.Val492Leu,missense_variant,3) Uncertain significance,V492L,0.0
V492M,0.019706437,embB,Ethambutol,p.Val492Met,missense_variant,3) Uncertain significance,V492M,0.0
V493M,0.018196536,embB,Ethambutol,p.Val493Met,missense_variant,3) Uncertain significance,V493M,0.6666666666666666
V502L,0.011629163,embB,Ethambutol,p.Val502Leu,missense_variant,3) Uncertain significance,V502L,0.0
V508F,0.015098708,embB,Ethambutol,p.Val508Phe,missense_variant,3) Uncertain significance,V508F,0.0
V50A,0.029581318,embB,Ethambutol,p.Val50Ala,missense_variant,3) Uncertain significance,V50A,1.0
V50M,0.039562825,embB,Ethambutol,p.Val50Met,missense_variant,3) Uncertain significance,V50M,0.0
V566L,0.014518722,embB,Ethambutol,p.Val566Leu,missense_variant,3) Uncertain significance,V566L,0.0
V566M,0.023269542,embB,Ethambutol,p.Val566Met,missense_variant,3) Uncertain significance,V566M,0.0
V593M,0.016594542,embB,Ethambutol,p.Val593Met,missense_variant,3) Uncertain significance,V593M,0.5
V602A,0.011536305,embB,Ethambutol,p.Val602Ala,missense_variant,3) Uncertain significance,V602A,0.5
V602G,0.01334839,embB,Ethambutol,p.Val602Gly,missense_variant,3) Uncertain significance,V602G,0.0
V602I,0.019213023,embB,Ethambutol,p.Val602Ile,missense_variant,3) Uncertain significance,V602I,0.0
V612M,0.029575957,embB,Ethambutol,p.Val612Met,missense_variant,3) Uncertain significance,V612M,0.0
V614I,0.022884041,embB,Ethambutol,p.Val614Ile,missense_variant,3) Uncertain significance,V614I,0.8
V614L,0.014464876,embB,Ethambutol,p.Val614Leu,missense_variant,3) Uncertain significance,V614L,0.0
V618M,0.027797328,embB,Ethambutol,p.Val618Met,missense_variant,3) Uncertain significance,V618M,0.0625
V654M,0.019438256,embB,Ethambutol,p.Val654Met,missense_variant,3) Uncertain significance,V654M,0.0
V668A,0.012895484,embB,Ethambutol,p.Val668Ala,missense_variant,3) Uncertain significance,V668A,0.3333333333333333
V668I,0.018156052,embB,Ethambutol,p.Val668Ile,missense_variant,4) Not assoc w R - Interim,V668I,0.08
V67L,0.014572532,embB,Ethambutol,p.Val67Leu,missense_variant,3) Uncertain significance,V67L,0.0
V710L,0.01942126,embB,Ethambutol,p.Val710Leu,missense_variant,3) Uncertain significance,V710L,0.0
V727M,0.024939911,embB,Ethambutol,p.Val727Met,missense_variant,3) Uncertain significance,V727M,0.0
V744A,0.026498437,embB,Ethambutol,p.Val744Ala,missense_variant,3) Uncertain significance,V744A,0.0
V755I,0.021504568,embB,Ethambutol,p.Val755Ile,missense_variant,3) Uncertain significance,V755I,0.0
V77I,0.024979662,embB,Ethambutol,p.Val77Ile,missense_variant,3) Uncertain significance,V77I,0.5
V783I,0.022933913,embB,Ethambutol,p.Val783Ile,missense_variant,3) Uncertain significance,V783I,0.0
V786A,0.016324198,embB,Ethambutol,p.Val786Ala,missense_variant,3) Uncertain significance,V786A,0.0
V793I,0.021671169,embB,Ethambutol,p.Val793Ile,missense_variant,3) Uncertain significance,V793I,0.0
V803A,0.022193525,embB,Ethambutol,p.Val803Ala,missense_variant,3) Uncertain significance,V803A,0.0
V803M,0.022995455,embB,Ethambutol,p.Val803Met,missense_variant,3) Uncertain significance,V803M,0.0
V859I,0.023269719,embB,Ethambutol,p.Val859Ile,missense_variant,3) Uncertain significance,V859I,0.0
V888M,0.028516822,embB,Ethambutol,p.Val888Met,missense_variant,3) Uncertain significance,V888M,0.0
V898M,0.02702066,embB,Ethambutol,p.Val898Met,missense_variant,3) Uncertain significance,V898M,0.0
V917A,0.012551944,embB,Ethambutol,p.Val917Ala,missense_variant,3) Uncertain significance,V917A,1.0
V944A,0.0518822,embB,Ethambutol,p.Val944Ala,missense_variant,3) Uncertain significance,V944A,0.0
V963M,0.03456595,embB,Ethambutol,p.Val963Met,missense_variant,3) Uncertain significance,V963M,0.0
A101E,0.09539294,Rv0678,Bedaquiline,p.Ala101Glu,missense_variant,3) Uncertain significance,A101E,0.0
A101E,0.09539294,Rv0678,Clofazimine,p.Ala101Glu,missense_variant,3) Uncertain significance,A101E,0.0
A102D,0.11659609,Rv0678,Bedaquiline,p.Ala102Asp,missense_variant,3) Uncertain significance,A102D,1.0
A102D,0.11659609,Rv0678,Clofazimine,p.Ala102Asp,missense_variant,3) Uncertain significance,A102D,1.0
A102T,0.083205774,Rv0678,Bedaquiline,p.Ala102Thr,missense_variant,3) Uncertain significance,A102T,1.0
A102T,0.083205774,Rv0678,Clofazimine,p.Ala102Thr,missense_variant,3) Uncertain significance,A102T,1.0
A110V,0.08989288,Rv0678,Bedaquiline,p.Ala110Val,missense_variant,3) Uncertain significance,A110V,0.0
A110V,0.08989288,Rv0678,Clofazimine,p.Ala110Val,missense_variant,3) Uncertain significance,A110V,0.0
A112P,0.103784464,Rv0678,Bedaquiline,p.Ala112Pro,missense_variant,3) Uncertain significance,A112P,1.0
A112S,0.08347084,Rv0678,Bedaquiline,p.Ala112Ser,missense_variant,3) Uncertain significance,A112S,0.0
A112S,0.08347084,Rv0678,Clofazimine,p.Ala112Ser,missense_variant,3) Uncertain significance,A112S,0.0
A36V,0.107635416,Rv0678,Bedaquiline,p.Ala36Val,missense_variant,2) Assoc w R - Interim,A36V,1.0
A36V,0.107635416,Rv0678,Clofazimine,p.Ala36Val,missense_variant,2) Assoc w R - Interim,A36V,0.75
A59V,0.12944743,Rv0678,Bedaquiline,p.Ala59Val,missense_variant,3) Uncertain significance,A59V,0.0
A59V,0.12944743,Rv0678,Clofazimine,p.Ala59Val,missense_variant,3) Uncertain significance,A59V,0.0
A62T,0.10094061,Rv0678,Bedaquiline,p.Ala62Thr,missense_variant,3) Uncertain significance,A62T,0.0
A62T,0.10094061,Rv0678,Clofazimine,p.Ala62Thr,missense_variant,3) Uncertain significance,A62T,1.0
A84V,0.10628216,Rv0678,Bedaquiline,p.Ala84Val,missense_variant,3) Uncertain significance,A84V,0.5
A84V,0.10628216,Rv0678,Clofazimine,p.Ala84Val,missense_variant,3) Uncertain significance,A84V,0.0
A86V,0.09457968,Rv0678,Bedaquiline,p.Ala86Val,missense_variant,3) Uncertain significance,A86V,0.0
A86V,0.09457968,Rv0678,Clofazimine,p.Ala86Val,missense_variant,3) Uncertain significance,A86V,0.0
A99P,0.12353918,Rv0678,Bedaquiline,p.Ala99Pro,missense_variant,3) Uncertain significance,A99P,1.0
A99P,0.12353918,Rv0678,Clofazimine,p.Ala99Pro,missense_variant,3) Uncertain significance,A99P,1.0
R105S,0.10009422,Rv0678,Bedaquiline,p.Arg105Ser,missense_variant,3) Uncertain significance,R105S,1.0
R107C,0.22292727,Rv0678,Bedaquiline,p.Arg107Cys,missense_variant,3) Uncertain significance,R107C,0.6666666666666666
R107C,0.22292727,Rv0678,Clofazimine,p.Arg107Cys,missense_variant,3) Uncertain significance,R107C,0.0
R107L,0.15586238,Rv0678,Bedaquiline,p.Arg107Leu,missense_variant,3) Uncertain significance,R107L,1.0
R109L,0.100320846,Rv0678,Bedaquiline,p.Arg109Leu,missense_variant,3) Uncertain significance,R109L,0.0
R109L,0.100320846,Rv0678,Clofazimine,p.Arg109Leu,missense_variant,3) Uncertain significance,R109L,0.0
R109P,0.12732542,Rv0678,Bedaquiline,p.Arg109Pro,missense_variant,3) Uncertain significance,R109P,1.0
R109W,0.12699053,Rv0678,Bedaquiline,p.Arg109Trp,missense_variant,3) Uncertain significance,R109W,1.0
R134G,0.10625924,Rv0678,Bedaquiline,p.Arg134Gly,missense_variant,3) Uncertain significance,R134G,0.0
R134G,0.10625924,Rv0678,Clofazimine,p.Arg134Gly,missense_variant,3) Uncertain significance,R134G,0.0
R135W,0.12629113,Rv0678,Bedaquiline,p.Arg135Trp,missense_variant,3) Uncertain significance,R135W,1.0
R156Q,0.096247815,Rv0678,Bedaquiline,p.Arg156Gln,missense_variant,3) Uncertain significance,R156Q,0.0
R156Q,0.096247815,Rv0678,Clofazimine,p.Arg156Gln,missense_variant,3) Uncertain significance,R156Q,0.0
R30W,0.11678456,Rv0678,Bedaquiline,p.Arg30Trp,missense_variant,3) Uncertain significance,R30W,1.0
R30W,0.11678456,Rv0678,Clofazimine,p.Arg30Trp,missense_variant,3) Uncertain significance,R30W,0.0
R34Q,0.09771643,Rv0678,Bedaquiline,p.Arg34Gln,missense_variant,3) Uncertain significance,R34Q,1.0
R34W,0.13988833,Rv0678,Bedaquiline,p.Arg34Trp,missense_variant,3) Uncertain significance,R34W,1.0
R38L,0.15763208,Rv0678,Bedaquiline,p.Arg38Leu,missense_variant,3) Uncertain significance,R38L,1.0
R50Q,0.09892295,Rv0678,Bedaquiline,p.Arg50Gln,missense_variant,3) Uncertain significance,R50Q,0.6666666666666666
R50Q,0.09892295,Rv0678,Clofazimine,p.Arg50Gln,missense_variant,3) Uncertain significance,R50Q,1.0
R50P,0.09703788,Rv0678,Bedaquiline,p.Arg50Pro,missense_variant,3) Uncertain significance,R50P,1.0
R50W,0.135095,Rv0678,Bedaquiline,p.Arg50Trp,missense_variant,3) Uncertain significance,R50W,1.0
R50W,0.135095,Rv0678,Clofazimine,p.Arg50Trp,missense_variant,3) Uncertain significance,R50W,1.0
R72W,0.21947134,Rv0678,Bedaquiline,p.Arg72Trp,missense_variant,3) Uncertain significance,R72W,0.5
R72W,0.21947134,Rv0678,Clofazimine,p.Arg72Trp,missense_variant,3) Uncertain significance,R72W,0.3333333333333333
R89Q,0.12735488,Rv0678,Bedaquiline,p.Arg89Gln,missense_variant,3) Uncertain significance,R89Q,1.0
R89Q,0.12735488,Rv0678,Clofazimine,p.Arg89Gln,missense_variant,3) Uncertain significance,R89Q,1.0
R89L,0.26259065,Rv0678,Bedaquiline,p.Arg89Leu,missense_variant,3) Uncertain significance,R89L,1.0
R89L,0.26259065,Rv0678,Clofazimine,p.Arg89Leu,missense_variant,3) Uncertain significance,R89L,1.0
R89W,0.22441952,Rv0678,Bedaquiline,p.Arg89Trp,missense_variant,3) Uncertain significance,R89W,0.0
R89W,0.22441952,Rv0678,Clofazimine,p.Arg89Trp,missense_variant,3) Uncertain significance,R89W,0.0
R90C,0.15596212,Rv0678,Bedaquiline,p.Arg90Cys,missense_variant,3) Uncertain significance,R90C,0.2
R90C,0.15596212,Rv0678,Clofazimine,p.Arg90Cys,missense_variant,3) Uncertain significance,R90C,0.2
R94Q,0.093144014,Rv0678,Bedaquiline,p.Arg94Gln,missense_variant,3) Uncertain significance,R94Q,1.0
R94Q,0.093144014,Rv0678,Clofazimine,p.Arg94Gln,missense_variant,3) Uncertain significance,R94Q,1.0
R94W,0.14153616,Rv0678,Bedaquiline,p.Arg94Trp,missense_variant,3) Uncertain significance,R94W,0.75
R94W,0.14153616,Rv0678,Clofazimine,p.Arg94Trp,missense_variant,3) Uncertain significance,R94W,0.0
R96G,0.13471888,Rv0678,Bedaquiline,p.Arg96Gly,missense_variant,3) Uncertain significance,R96G,0.0
R96G,0.13471888,Rv0678,Clofazimine,p.Arg96Gly,missense_variant,3) Uncertain significance,R96G,0.0
R96L,0.17107873,Rv0678,Bedaquiline,p.Arg96Leu,missense_variant,3) Uncertain significance,R96L,0.5
R96L,0.17107873,Rv0678,Clofazimine,p.Arg96Leu,missense_variant,3) Uncertain significance,R96L,0.0
R96W,0.16266,Rv0678,Bedaquiline,p.Arg96Trp,missense_variant,3) Uncertain significance,R96W,0.5
R96W,0.16266,Rv0678,Clofazimine,p.Arg96Trp,missense_variant,3) Uncertain significance,R96W,0.0
N4T,0.0893182,Rv0678,Bedaquiline,p.Asn4Thr,missense_variant,3) Uncertain significance,N4T,0.36363636363636365
N4T,0.0893182,Rv0678,Clofazimine,p.Asn4Thr,missense_variant,3) Uncertain significance,N4T,0.35714285714285715
N70D,0.12270204,Rv0678,Bedaquiline,p.Asn70Asp,missense_variant,2) Assoc w R - Interim,N70D,0.8571428571428571
N70D,0.12270204,Rv0678,Clofazimine,p.Asn70Asp,missense_variant,2) Assoc w R - Interim,N70D,1.0
N70I,0.251066,Rv0678,Bedaquiline,p.Asn70Ile,missense_variant,3) Uncertain significance,N70I,1.0
N70I,0.251066,Rv0678,Clofazimine,p.Asn70Ile,missense_variant,3) Uncertain significance,N70I,0.5
N70K,0.14750336,Rv0678,Bedaquiline,p.Asn70Lys,missense_variant,3) Uncertain significance,N70K,1.0
N70K,0.14750336,Rv0678,Clofazimine,p.Asn70Lys,missense_variant,3) Uncertain significance,N70K,1.0
N98D,0.19116016,Rv0678,Bedaquiline,p.Asn98Asp,missense_variant,3) Uncertain significance,N98D,0.1111111111111111
N98D,0.19116016,Rv0678,Clofazimine,p.Asn98Asp,missense_variant,3) Uncertain significance,N98D,0.0
D141Y,0.1261474,Rv0678,Bedaquiline,p.Asp141Tyr,missense_variant,3) Uncertain significance,D141Y,0.0
D47E,0.061505478,Rv0678,Bedaquiline,p.Asp47Glu,missense_variant,3) Uncertain significance,D47E,1.0
D47G,0.1083142,Rv0678,Bedaquiline,p.Asp47Gly,missense_variant,3) Uncertain significance,D47G,1.0
D5N,0.08966882,Rv0678,Bedaquiline,p.Asp5Asn,missense_variant,3) Uncertain significance,D5N,0.0
D5N,0.08966882,Rv0678,Clofazimine,p.Asp5Asn,missense_variant,3) Uncertain significance,D5N,0.0
D5G,0.06755872,Rv0678,Bedaquiline,p.Asp5Gly,missense_variant,3) Uncertain significance,D5G,0.0
D5G,0.06755872,Rv0678,Clofazimine,p.Asp5Gly,missense_variant,3) Uncertain significance,D5G,0.0
D8G,0.06561066,Rv0678,Bedaquiline,p.Asp8Gly,missense_variant,3) Uncertain significance,D8G,0.0
D8G,0.06561066,Rv0678,Clofazimine,p.Asp8Gly,missense_variant,3) Uncertain significance,D8G,0.0
C46R,0.22265162,Rv0678,Bedaquiline,p.Cys46Arg,missense_variant,2) Assoc w R - Interim,C46R,0.9
C46R,0.22265162,Rv0678,Clofazimine,p.Cys46Arg,missense_variant,2) Assoc w R - Interim,C46R,1.0
C46G,0.21661513,Rv0678,Bedaquiline,p.Cys46Gly,missense_variant,3) Uncertain significance,C46G,0.0
C46G,0.21661513,Rv0678,Clofazimine,p.Cys46Gly,missense_variant,3) Uncertain significance,C46G,1.0
C46W,0.17960872,Rv0678,Bedaquiline,p.Cys46Trp,missense_variant,3) Uncertain significance,C46W,1.0
C46Y,0.20563813,Rv0678,Bedaquiline,p.Cys46Tyr,missense_variant,3) Uncertain significance,C46Y,1.0
C46Y,0.20563813,Rv0678,Clofazimine,p.Cys46Tyr,missense_variant,3) Uncertain significance,C46Y,1.0
Q115P,0.11803246,Rv0678,Bedaquiline,p.Gln115Pro,missense_variant,3) Uncertain significance,Q115P,1.0
Q22R,0.10779526,Rv0678,Bedaquiline,p.Gln22Arg,missense_variant,3) Uncertain significance,Q22R,0.0
Q22R,0.10779526,Rv0678,Clofazimine,p.Gln22Arg,missense_variant,3) Uncertain significance,Q22R,0.0
Q22P,0.17178921,Rv0678,Bedaquiline,p.Gln22Pro,missense_variant,3) Uncertain significance,Q22P,0.0
Q22P,0.17178921,Rv0678,Clofazimine,p.Gln22Pro,missense_variant,3) Uncertain significance,Q22P,0.0
Q51R,0.08055041,Rv0678,Bedaquiline,p.Gln51Arg,missense_variant,3) Uncertain significance,Q51R,0.3333333333333333
Q51R,0.08055041,Rv0678,Clofazimine,p.Gln51Arg,missense_variant,3) Uncertain significance,Q51R,1.0
Q51K,0.11799164,Rv0678,Bedaquiline,p.Gln51Lys,missense_variant,3) Uncertain significance,Q51K,0.0
Q51K,0.11799164,Rv0678,Clofazimine,p.Gln51Lys,missense_variant,3) Uncertain significance,Q51K,0.0
Q51P,0.0847805,Rv0678,Bedaquiline,p.Gln51Pro,missense_variant,3) Uncertain significance,Q51P,0.0
Q51P,0.0847805,Rv0678,Clofazimine,p.Gln51Pro,missense_variant,3) Uncertain significance,Q51P,1.0
Q76R,0.106006436,Rv0678,Bedaquiline,p.Gln76Arg,missense_variant,3) Uncertain significance,Q76R,0.5
Q76R,0.106006436,Rv0678,Clofazimine,p.Gln76Arg,missense_variant,3) Uncertain significance,Q76R,0.0
Q76E,0.10784162,Rv0678,Bedaquiline,p.Gln76Glu,missense_variant,3) Uncertain significance,Q76E,0.0
Q76E,0.10784162,Rv0678,Clofazimine,p.Gln76Glu,missense_variant,3) Uncertain significance,Q76E,0.0
Q76K,0.12440791,Rv0678,Bedaquiline,p.Gln76Lys,missense_variant,3) Uncertain significance,Q76K,1.0
E104D,0.065621115,Rv0678,Bedaquiline,p.Glu104Asp,missense_variant,3) Uncertain significance,E104D,0.0
E104D,0.065621115,Rv0678,Clofazimine,p.Glu104Asp,missense_variant,3) Uncertain significance,E104D,0.0
E104G,0.11305626,Rv0678,Bedaquiline,p.Glu104Gly,missense_variant,3) Uncertain significance,E104G,0.0
E104G,0.11305626,Rv0678,Clofazimine,p.Glu104Gly,missense_variant,3) Uncertain significance,E104G,0.0
E104K,0.16098842,Rv0678,Bedaquiline,p.Glu104Lys,missense_variant,3) Uncertain significance,E104K,0.5
E104K,0.16098842,Rv0678,Clofazimine,p.Glu104Lys,missense_variant,3) Uncertain significance,E104K,0.0
E113K,0.17316678,Rv0678,Bedaquiline,p.Glu113Lys,missense_variant,3) Uncertain significance,E113K,0.0
E113K,0.17316678,Rv0678,Clofazimine,p.Glu113Lys,missense_variant,3) Uncertain significance,E113K,0.0
E147D,0.07581736,Rv0678,Bedaquiline,p.Glu147Asp,missense_variant,3) Uncertain significance,E147D,0.5
E147D,0.07581736,Rv0678,Clofazimine,p.Glu147Asp,missense_variant,3) Uncertain significance,E147D,1.0
E21K,0.15527906,Rv0678,Bedaquiline,p.Glu21Lys,missense_variant,3) Uncertain significance,E21K,0.0
E21K,0.15527906,Rv0678,Clofazimine,p.Glu21Lys,missense_variant,3) Uncertain significance,E21K,0.0
E55D,0.06543961,Rv0678,Bedaquiline,p.Glu55Asp,missense_variant,3) Uncertain significance,E55D,0.0
E55D,0.06543961,Rv0678,Clofazimine,p.Glu55Asp,missense_variant,3) Uncertain significance,E55D,0.125
G103R,0.104488745,Rv0678,Bedaquiline,p.Gly103Arg,missense_variant,3) Uncertain significance,G103R,1.0
G103S,0.07386444,Rv0678,Bedaquiline,p.Gly103Ser,missense_variant,3) Uncertain significance,G103S,0.0
G103S,0.07386444,Rv0678,Clofazimine,p.Gly103Ser,missense_variant,3) Uncertain significance,G103S,0.5
G121R,0.08999687,Rv0678,Bedaquiline,p.Gly121Arg,missense_variant,1) Assoc w R,G121R,0.9
G121R,0.08999687,Rv0678,Clofazimine,p.Gly121Arg,missense_variant,2) Assoc w R - Interim,G121R,0.8
G162E,0.063913696,Rv0678,Bedaquiline,p.Gly162Glu,missense_variant,3) Uncertain significance,G162E,0.0
G162E,0.063913696,Rv0678,Clofazimine,p.Gly162Glu,missense_variant,3) Uncertain significance,G162E,0.0
G24R,0.10184856,Rv0678,Bedaquiline,p.Gly24Arg,missense_variant,3) Uncertain significance,G24R,1.0
G24C,0.1396415,Rv0678,Bedaquiline,p.Gly24Cys,missense_variant,3) Uncertain significance,G24C,1.0
G25D,0.092265785,Rv0678,Bedaquiline,p.Gly25Asp,missense_variant,3) Uncertain significance,G25D,1.0
G25D,0.092265785,Rv0678,Clofazimine,p.Gly25Asp,missense_variant,3) Uncertain significance,G25D,0.0
G25C,0.16668347,Rv0678,Bedaquiline,p.Gly25Cys,missense_variant,3) Uncertain significance,G25C,0.0
G25C,0.16668347,Rv0678,Clofazimine,p.Gly25Cys,missense_variant,3) Uncertain significance,G25C,0.0
G41D,0.10297219,Rv0678,Bedaquiline,p.Gly41Asp,missense_variant,3) Uncertain significance,G41D,1.0
G65R,0.12871353,Rv0678,Bedaquiline,p.Gly65Arg,missense_variant,3) Uncertain significance,G65R,1.0
G65R,0.12871353,Rv0678,Clofazimine,p.Gly65Arg,missense_variant,3) Uncertain significance,G65R,1.0
G65E,0.10209944,Rv0678,Bedaquiline,p.Gly65Glu,missense_variant,3) Uncertain significance,G65E,1.0
G78R,0.23952119,Rv0678,Bedaquiline,p.Gly78Arg,missense_variant,3) Uncertain significance,G78R,1.0
G78W,0.36340407,Rv0678,Bedaquiline,p.Gly78Trp,missense_variant,3) Uncertain significance,G78W,0.0
G78W,0.36340407,Rv0678,Clofazimine,p.Gly78Trp,missense_variant,3) Uncertain significance,G78W,0.0
G87R,0.11383281,Rv0678,Bedaquiline,p.Gly87Arg,missense_variant,3) Uncertain significance,G87R,0.5
G87R,0.11383281,Rv0678,Clofazimine,p.Gly87Arg,missense_variant,3) Uncertain significance,G87R,0.0
G87W,0.2255587,Rv0678,Bedaquiline,p.Gly87Trp,missense_variant,3) Uncertain significance,G87W,0.0
G87W,0.2255587,Rv0678,Clofazimine,p.Gly87Trp,missense_variant,3) Uncertain significance,G87W,0.0
I108T,0.18244675,Rv0678,Bedaquiline,p.Ile108Thr,missense_variant,3) Uncertain significance,I108T,0.0
I108T,0.18244675,Rv0678,Clofazimine,p.Ile108Thr,missense_variant,3) Uncertain significance,I108T,0.0
I108V,0.084354706,Rv0678,Bedaquiline,p.Ile108Val,missense_variant,3) Uncertain significance,I108V,0.3333333333333333
I108V,0.084354706,Rv0678,Clofazimine,p.Ile108Val,missense_variant,3) Uncertain significance,I108V,0.3333333333333333
I16S,0.11793861,Rv0678,Bedaquiline,p.Ile16Ser,missense_variant,3) Uncertain significance,I16S,1.0
I67L,0.087316975,Rv0678,Bedaquiline,p.Ile67Leu,missense_variant,3) Uncertain significance,I67L,1.0
I67L,0.087316975,Rv0678,Clofazimine,p.Ile67Leu,missense_variant,3) Uncertain significance,I67L,0.0
I67M,0.10765125,Rv0678,Bedaquiline,p.Ile67Met,missense_variant,3) Uncertain significance,I67M,1.0
I67S,0.17820233,Rv0678,Bedaquiline,p.Ile67Ser,missense_variant,2) Assoc w R - Interim,I67S,1.0
I67S,0.17820233,Rv0678,Clofazimine,p.Ile67Ser,missense_variant,2) Assoc w R - Interim,I67S,0.0
I80M,0.09246789,Rv0678,Bedaquiline,p.Ile80Met,missense_variant,3) Uncertain significance,I80M,0.0
I80M,0.09246789,Rv0678,Clofazimine,p.Ile80Met,missense_variant,3) Uncertain significance,I80M,0.0
I80S,0.14711563,Rv0678,Bedaquiline,p.Ile80Ser,missense_variant,3) Uncertain significance,I80S,0.0
I80S,0.14711563,Rv0678,Clofazimine,p.Ile80Ser,missense_variant,3) Uncertain significance,I80S,0.0
L117R,0.10692629,Rv0678,Bedaquiline,p.Leu117Arg,missense_variant,1) Assoc w R,L117R,0.6666666666666666
L117R,0.10692629,Rv0678,Clofazimine,p.Leu117Arg,missense_variant,2) Assoc w R - Interim,L117R,0.3076923076923077
L117P,0.14097343,Rv0678,Bedaquiline,p.Leu117Pro,missense_variant,3) Uncertain significance,L117P,0.5
L117P,0.14097343,Rv0678,Clofazimine,p.Leu117Pro,missense_variant,3) Uncertain significance,L117P,1.0
L122P,0.14253423,Rv0678,Bedaquiline,p.Leu122Pro,missense_variant,3) Uncertain significance,L122P,1.0
L136P,0.17868096,Rv0678,Bedaquiline,p.Leu136Pro,missense_variant,3) Uncertain significance,L136P,1.0
L142R,0.16575575,Rv0678,Bedaquiline,p.Leu142Arg,missense_variant,3) Uncertain significance,L142R,0.7777777777777778
L142R,0.16575575,Rv0678,Clofazimine,p.Leu142Arg,missense_variant,3) Uncertain significance,L142R,1.0
L142P,0.19580215,Rv0678,Bedaquiline,p.Leu142Pro,missense_variant,3) Uncertain significance,L142P,0.0
L32S,0.14752342,Rv0678,Bedaquiline,p.Leu32Ser,missense_variant,2) Assoc w R - Interim,L32S,0.8333333333333334
L32S,0.14752342,Rv0678,Clofazimine,p.Leu32Ser,missense_variant,2) Assoc w R - Interim,L32S,0.25
L35W,0.11672173,Rv0678,Bedaquiline,p.Leu35Trp,missense_variant,3) Uncertain significance,L35W,1.0
L35W,0.11672173,Rv0678,Clofazimine,p.Leu35Trp,missense_variant,3) Uncertain significance,L35W,1.0
L40M,0.091005206,Rv0678,Bedaquiline,p.Leu40Met,missense_variant,3) Uncertain significance,L40M,1.0
L40M,0.091005206,Rv0678,Clofazimine,p.Leu40Met,missense_variant,3) Uncertain significance,L40M,0.0
L40F,0.08242472,Rv0678,Bedaquiline,p.Leu40Phe,missense_variant,3) Uncertain significance,L40F,1.0
L40F,0.08242472,Rv0678,Clofazimine,p.Leu40Phe,missense_variant,3) Uncertain significance,L40F,1.0
L40S,0.22315656,Rv0678,Bedaquiline,p.Leu40Ser,missense_variant,3) Uncertain significance,L40S,0.0
L40S,0.22315656,Rv0678,Clofazimine,p.Leu40Ser,missense_variant,3) Uncertain significance,L40S,0.0
L40V,0.09299698,Rv0678,Bedaquiline,p.Leu40Val,missense_variant,3) Uncertain significance,L40V,0.0
L40V,0.09299698,Rv0678,Clofazimine,p.Leu40Val,missense_variant,3) Uncertain significance,L40V,0.0
L56P,0.30826414,Rv0678,Bedaquiline,p.Leu56Pro,missense_variant,3) Uncertain significance,L56P,0.0
L56P,0.30826414,Rv0678,Clofazimine,p.Leu56Pro,missense_variant,3) Uncertain significance,L56P,1.0
L60Q,0.23393682,Rv0678,Bedaquiline,p.Leu60Gln,missense_variant,3) Uncertain significance,L60Q,1.0
L60Q,0.23393682,Rv0678,Clofazimine,p.Leu60Gln,missense_variant,3) Uncertain significance,L60Q,0.0
L60P,0.1960631,Rv0678,Bedaquiline,p.Leu60Pro,missense_variant,3) Uncertain significance,L60P,1.0
L74M,0.09403991,Rv0678,Bedaquiline,p.Leu74Met,missense_variant,3) Uncertain significance,L74M,0.0
L74M,0.09403991,Rv0678,Clofazimine,p.Leu74Met,missense_variant,3) Uncertain significance,L74M,0.0
L83H,0.12715858,Rv0678,Bedaquiline,p.Leu83His,missense_variant,3) Uncertain significance,L83H,0.0
L83H,0.12715858,Rv0678,Clofazimine,p.Leu83His,missense_variant,3) Uncertain significance,L83H,0.0
L83P,0.1494369,Rv0678,Bedaquiline,p.Leu83Pro,missense_variant,3) Uncertain significance,L83P,0.3333333333333333
L83P,0.1494369,Rv0678,Clofazimine,p.Leu83Pro,missense_variant,3) Uncertain significance,L83P,1.0
L95S,0.17467347,Rv0678,Bedaquiline,p.Leu95Ser,missense_variant,3) Uncertain significance,L95S,0.6666666666666666
L95S,0.17467347,Rv0678,Clofazimine,p.Leu95Ser,missense_variant,3) Uncertain significance,L95S,0.0
M10I,0.10191319,Rv0678,Bedaquiline,p.Met10Ile,missense_variant,3) Uncertain significance,M10I,0.0
M10I,0.10191319,Rv0678,Clofazimine,p.Met10Ile,missense_variant,3) Uncertain significance,M10I,1.0
M139I,0.081555575,Rv0678,Bedaquiline,p.Met139Ile,missense_variant,3) Uncertain significance,M139I,0.6666666666666666
M139I,0.081555575,Rv0678,Clofazimine,p.Met139Ile,missense_variant,3) Uncertain significance,M139I,0.0
M139T,0.12927978,Rv0678,Bedaquiline,p.Met139Thr,missense_variant,3) Uncertain significance,M139T,1.0
M146T,0.15963092,Rv0678,Bedaquiline,p.Met146Thr,missense_variant,2) Assoc w R - Interim,M146T,0.22916666666666666
M146T,0.15963092,Rv0678,Clofazimine,p.Met146Thr,missense_variant,2) Assoc w R - Interim,M146T,0.05263157894736842
M17V,0.10447011,Rv0678,Bedaquiline,p.Met17Val,missense_variant,3) Uncertain significance,M17V,0.0
M17V,0.10447011,Rv0678,Clofazimine,p.Met17Val,missense_variant,3) Uncertain significance,M17V,0.0
M23L,0.098779894,Rv0678,Bedaquiline,p.Met23Leu,missense_variant,3) Uncertain significance,M23L,0.0
M23V,0.10784847,Rv0678,Bedaquiline,p.Met23Val,missense_variant,3) Uncertain significance,M23V,0.0
M23V,0.10784847,Rv0678,Clofazimine,p.Met23Val,missense_variant,3) Uncertain significance,M23V,0.0
M73I,0.09319766,Rv0678,Bedaquiline,p.Met73Ile,missense_variant,3) Uncertain significance,M73I,0.0
M73I,0.09319766,Rv0678,Clofazimine,p.Met73Ile,missense_variant,3) Uncertain significance,M73I,0.0
F100I,0.23607738,Rv0678,Bedaquiline,p.Phe100Ile,missense_variant,3) Uncertain significance,F100I,1.0
F19L,0.07096594,Rv0678,Bedaquiline,p.Phe19Leu,missense_variant,3) Uncertain significance,F19L,1.0
F19L,0.07096594,Rv0678,Clofazimine,p.Phe19Leu,missense_variant,3) Uncertain significance,F19L,0.0
F19S,0.10993554,Rv0678,Bedaquiline,p.Phe19Ser,missense_variant,3) Uncertain significance,F19S,0.5
F19S,0.10993554,Rv0678,Clofazimine,p.Phe19Ser,missense_variant,3) Uncertain significance,F19S,1.0
F79L,0.08391083,Rv0678,Bedaquiline,p.Phe79Leu,missense_variant,3) Uncertain significance,F79L,1.0
F93L,0.105758585,Rv0678,Bedaquiline,p.Phe93Leu,missense_variant,3) Uncertain significance,F93L,0.6666666666666666
F93L,0.105758585,Rv0678,Clofazimine,p.Phe93Leu,missense_variant,3) Uncertain significance,F93L,0.0
F93S,0.23390336,Rv0678,Bedaquiline,p.Phe93Ser,missense_variant,3) Uncertain significance,F93S,0.5
F93S,0.23390336,Rv0678,Clofazimine,p.Phe93Ser,missense_variant,3) Uncertain significance,F93S,0.0
P14L,0.09111126,Rv0678,Bedaquiline,p.Pro14Leu,missense_variant,3) Uncertain significance,P14L,0.0
P14L,0.09111126,Rv0678,Clofazimine,p.Pro14Leu,missense_variant,3) Uncertain significance,P14L,0.0
P14S,0.08696133,Rv0678,Bedaquiline,p.Pro14Ser,missense_variant,3) Uncertain significance,P14S,0.0
P14S,0.08696133,Rv0678,Clofazimine,p.Pro14Ser,missense_variant,3) Uncertain significance,P14S,1.0
P48L,0.12990582,Rv0678,Bedaquiline,p.Pro48Leu,missense_variant,3) Uncertain significance,P48L,0.75
P48L,0.12990582,Rv0678,Clofazimine,p.Pro48Leu,missense_variant,3) Uncertain significance,P48L,0.3333333333333333
S151P,0.123128146,Rv0678,Bedaquiline,p.Ser151Pro,missense_variant,3) Uncertain significance,S151P,1.0
S151P,0.123128146,Rv0678,Clofazimine,p.Ser151Pro,missense_variant,3) Uncertain significance,S151P,1.0
S158R,0.104112096,Rv0678,Bedaquiline,p.Ser158Arg,missense_variant,3) Uncertain significance,S158R,0.0
S158R,0.104112096,Rv0678,Clofazimine,p.Ser158Arg,missense_variant,3) Uncertain significance,S158R,0.0
S2R,0.08329106,Rv0678,Bedaquiline,p.Ser2Arg,missense_variant,3) Uncertain significance,S2R,0.0
S2R,0.08329106,Rv0678,Clofazimine,p.Ser2Arg,missense_variant,3) Uncertain significance,S2R,0.0
S2I,0.14287682,Rv0678,Bedaquiline,p.Ser2Ile,missense_variant,3) Uncertain significance,S2I,0.75
S2I,0.14287682,Rv0678,Clofazimine,p.Ser2Ile,missense_variant,3) Uncertain significance,S2I,0.0
S31G,0.12961622,Rv0678,Bedaquiline,p.Ser31Gly,missense_variant,3) Uncertain significance,S31G,0.0
S31G,0.12961622,Rv0678,Clofazimine,p.Ser31Gly,missense_variant,3) Uncertain significance,S31G,0.0
S52F,0.33751407,Rv0678,Bedaquiline,p.Ser52Phe,missense_variant,3) Uncertain significance,S52F,1.0
S52F,0.33751407,Rv0678,Clofazimine,p.Ser52Phe,missense_variant,3) Uncertain significance,S52F,1.0
S52P,0.1723407,Rv0678,Bedaquiline,p.Ser52Pro,missense_variant,3) Uncertain significance,S52P,0.0
S52P,0.1723407,Rv0678,Clofazimine,p.Ser52Pro,missense_variant,3) Uncertain significance,S52P,0.0
S52Y,0.27197132,Rv0678,Bedaquiline,p.Ser52Tyr,missense_variant,3) Uncertain significance,S52Y,0.0
S52Y,0.27197132,Rv0678,Clofazimine,p.Ser52Tyr,missense_variant,3) Uncertain significance,S52Y,1.0
S53L,0.15160218,Rv0678,Bedaquiline,p.Ser53Leu,missense_variant,3) Uncertain significance,S53L,1.0
S53L,0.15160218,Rv0678,Clofazimine,p.Ser53Leu,missense_variant,3) Uncertain significance,S53L,0.0
S53P,0.123580955,Rv0678,Bedaquiline,p.Ser53Pro,missense_variant,3) Uncertain significance,S53P,1.0
S53P,0.123580955,Rv0678,Clofazimine,p.Ser53Pro,missense_variant,3) Uncertain significance,S53P,1.0
S63R,0.17571405,Rv0678,Bedaquiline,p.Ser63Arg,missense_variant,3) Uncertain significance,S63R,0.6666666666666666
S63G,0.12830321,Rv0678,Bedaquiline,p.Ser63Gly,missense_variant,3) Uncertain significance,S63G,1.0
S64I,0.19475983,Rv0678,Bedaquiline,p.Ser64Ile,missense_variant,3) Uncertain significance,S64I,1.0
S68N,0.08005584,Rv0678,Bedaquiline,p.Ser68Asn,missense_variant,3) Uncertain significance,S68N,1.0
S68N,0.08005584,Rv0678,Clofazimine,p.Ser68Asn,missense_variant,3) Uncertain significance,S68N,1.0
S68G,0.08447224,Rv0678,Bedaquiline,p.Ser68Gly,missense_variant,3) Uncertain significance,S68G,0.0
S68G,0.08447224,Rv0678,Clofazimine,p.Ser68Gly,missense_variant,3) Uncertain significance,S68G,0.0
S68I,0.19285102,Rv0678,Bedaquiline,p.Ser68Ile,missense_variant,3) Uncertain significance,S68I,0.0
S68I,0.19285102,Rv0678,Clofazimine,p.Ser68Ile,missense_variant,3) Uncertain significance,S68I,0.0
T33I,0.15751153,Rv0678,Bedaquiline,p.Thr33Ile,missense_variant,3) Uncertain significance,T33I,1.0
T33I,0.15751153,Rv0678,Clofazimine,p.Thr33Ile,missense_variant,3) Uncertain significance,T33I,1.0
T58P,0.13910693,Rv0678,Bedaquiline,p.Thr58Pro,missense_variant,3) Uncertain significance,T58P,0.0
T58P,0.13910693,Rv0678,Clofazimine,p.Thr58Pro,missense_variant,3) Uncertain significance,T58P,0.0
T69P,0.17418803,Rv0678,Bedaquiline,p.Thr69Pro,missense_variant,3) Uncertain significance,T69P,0.0
T69P,0.17418803,Rv0678,Clofazimine,p.Thr69Pro,missense_variant,3) Uncertain significance,T69P,0.0
T91I,0.11849134,Rv0678,Bedaquiline,p.Thr91Ile,missense_variant,3) Uncertain significance,T91I,1.0
W42R,0.14904585,Rv0678,Bedaquiline,p.Trp42Arg,missense_variant,3) Uncertain significance,W42R,0.0
W42R,0.14904585,Rv0678,Clofazimine,p.Trp42Arg,missense_variant,3) Uncertain significance,W42R,0.0
Y145H,0.107273996,Rv0678,Bedaquiline,p.Tyr145His,missense_variant,3) Uncertain significance,Y145H,0.0
Y145H,0.107273996,Rv0678,Clofazimine,p.Tyr145His,missense_variant,3) Uncertain significance,Y145H,0.0
Y157S,0.12868293,Rv0678,Bedaquiline,p.Tyr157Ser,missense_variant,3) Uncertain significance,Y157S,0.6666666666666666
Y157S,0.12868293,Rv0678,Clofazimine,p.Tyr157Ser,missense_variant,3) Uncertain significance,Y157S,1.0
Y26D,0.12472031,Rv0678,Bedaquiline,p.Tyr26Asp,missense_variant,3) Uncertain significance,Y26D,0.0
Y26C,0.1767472,Rv0678,Bedaquiline,p.Tyr26Cys,missense_variant,3) Uncertain significance,Y26C,0.0
Y26C,0.1767472,Rv0678,Clofazimine,p.Tyr26Cys,missense_variant,3) Uncertain significance,Y26C,1.0
Y26H,0.094986185,Rv0678,Bedaquiline,p.Tyr26His,missense_variant,3) Uncertain significance,Y26H,1.0
Y92C,0.122859135,Rv0678,Bedaquiline,p.Tyr92Cys,missense_variant,3) Uncertain significance,Y92C,1.0
V120M,0.11611904,Rv0678,Bedaquiline,p.Val120Met,missense_variant,3) Uncertain significance,V120M,0.0
V120M,0.11611904,Rv0678,Clofazimine,p.Val120Met,missense_variant,3) Uncertain significance,V120M,1.0
V20A,0.0698241,Rv0678,Bedaquiline,p.Val20Ala,missense_variant,3) Uncertain significance,V20A,0.0
V20A,0.0698241,Rv0678,Clofazimine,p.Val20Ala,missense_variant,3) Uncertain significance,V20A,0.0
V20G,0.16259632,Rv0678,Bedaquiline,p.Val20Gly,missense_variant,3) Uncertain significance,V20G,0.5
V20G,0.16259632,Rv0678,Clofazimine,p.Val20Gly,missense_variant,3) Uncertain significance,V20G,1.0
V85A,0.106960535,Rv0678,Bedaquiline,p.Val85Ala,missense_variant,3) Uncertain significance,V85A,0.0
V85A,0.106960535,Rv0678,Clofazimine,p.Val85Ala,missense_variant,3) Uncertain significance,V85A,0.0
A124P,0.112610064,Rv0678,Clofazimine,p.Ala124Pro,missense_variant,3) Uncertain significance,A124P,0.0
A84T,0.09385457,Rv0678,Clofazimine,p.Ala84Thr,missense_variant,3) Uncertain significance,A84T,0.0
R72Q,0.07343613,Rv0678,Clofazimine,p.Arg72Gln,missense_variant,3) Uncertain significance,R72Q,0.0
N148H,0.11252677,Rv0678,Clofazimine,p.Asn148His,missense_variant,3) Uncertain significance,N148H,0.0
D15G,0.07370986,Rv0678,Clofazimine,p.Asp15Gly,missense_variant,3) Uncertain significance,D15G,0.0
E54K,0.15926936,Rv0678,Clofazimine,p.Glu54Lys,missense_variant,3) Uncertain significance,E54K,0.0
I75V,0.08038439,Rv0678,Clofazimine,p.Ile75Val,missense_variant,3) Uncertain significance,I75V,0.0
L83F,0.06523423,Rv0678,Clofazimine,p.Leu83Phe,missense_variant,3) Uncertain significance,L83F,0.0
M111T,0.11496125,Rv0678,Clofazimine,p.Met111Thr,missense_variant,3) Uncertain significance,M111T,0.0
T58K,0.20216355,Rv0678,Clofazimine,p.Thr58Lys,missense_variant,3) Uncertain significance,T58K,0.0
W42C,0.09893145,Rv0678,Clofazimine,p.Trp42Cys,missense_variant,3) Uncertain significance,W42C,0.0
A124V,0.06357477,pepQ,Bedaquiline,p.Ala124Val,missense_variant,3) Uncertain significance,A124V,0.0
A124V,0.06357477,pepQ,Clofazimine,p.Ala124Val,missense_variant,3) Uncertain significance,A124V,0.0
A137S,0.05448065,pepQ,Bedaquiline,p.Ala137Ser,missense_variant,3) Uncertain significance,A137S,0.0
A137S,0.05448065,pepQ,Clofazimine,p.Ala137Ser,missense_variant,3) Uncertain significance,A137S,0.0
A141E,0.055376347,pepQ,Bedaquiline,p.Ala141Glu,missense_variant,3) Uncertain significance,A141E,1.0
A141E,0.055376347,pepQ,Clofazimine,p.Ala141Glu,missense_variant,3) Uncertain significance,A141E,1.0
A153G,0.087054394,pepQ,Bedaquiline,p.Ala153Gly,missense_variant,3) Uncertain significance,A153G,0.0
A153G,0.087054394,pepQ,Clofazimine,p.Ala153Gly,missense_variant,3) Uncertain significance,A153G,0.0
A16G,0.06970677,pepQ,Bedaquiline,p.Ala16Gly,missense_variant,3) Uncertain significance,A16G,0.0
A16G,0.06970677,pepQ,Clofazimine,p.Ala16Gly,missense_variant,3) Uncertain significance,A16G,0.0
A187E,0.057769474,pepQ,Bedaquiline,p.Ala187Glu,missense_variant,3) Uncertain significance,A187E,0.0
A187E,0.057769474,pepQ,Clofazimine,p.Ala187Glu,missense_variant,3) Uncertain significance,A187E,0.0
A227D,0.06110004,pepQ,Bedaquiline,p.Ala227Asp,missense_variant,3) Uncertain significance,A227D,0.0
A227D,0.06110004,pepQ,Clofazimine,p.Ala227Asp,missense_variant,3) Uncertain significance,A227D,0.0
A242T,0.033244785,pepQ,Bedaquiline,p.Ala242Thr,missense_variant,3) Uncertain significance,A242T,0.0
A242T,0.033244785,pepQ,Clofazimine,p.Ala242Thr,missense_variant,3) Uncertain significance,A242T,0.0
A263V,0.06985989,pepQ,Bedaquiline,p.Ala263Val,missense_variant,3) Uncertain significance,A263V,0.0
A263V,0.06985989,pepQ,Clofazimine,p.Ala263Val,missense_variant,3) Uncertain significance,A263V,0.0
A275S,0.05300152,pepQ,Bedaquiline,p.Ala275Ser,missense_variant,3) Uncertain significance,A275S,0.0
A305V,0.04707455,pepQ,Bedaquiline,p.Ala305Val,missense_variant,3) Uncertain significance,A305V,0.0
A305V,0.04707455,pepQ,Clofazimine,p.Ala305Val,missense_variant,3) Uncertain significance,A305V,0.0
A370V,0.05361508,pepQ,Bedaquiline,p.Ala370Val,missense_variant,3) Uncertain significance,A370V,0.0
A370V,0.05361508,pepQ,Clofazimine,p.Ala370Val,missense_variant,3) Uncertain significance,A370V,0.0
R170W,0.075342454,pepQ,Bedaquiline,p.Arg170Trp,missense_variant,3) Uncertain significance,R170W,0.0
R170W,0.075342454,pepQ,Clofazimine,p.Arg170Trp,missense_variant,3) Uncertain significance,R170W,0.0
R278G,0.0833762,pepQ,Bedaquiline,p.Arg278Gly,missense_variant,3) Uncertain significance,R278G,0.0
R278G,0.0833762,pepQ,Clofazimine,p.Arg278Gly,missense_variant,3) Uncertain significance,R278G,0.0
R61C,0.15600936,pepQ,Bedaquiline,p.Arg61Cys,missense_variant,3) Uncertain significance,R61C,0.0
R61C,0.15600936,pepQ,Clofazimine,p.Arg61Cys,missense_variant,3) Uncertain significance,R61C,0.0
R7Q,0.057907473,pepQ,Bedaquiline,p.Arg7Gln,missense_variant,3) Uncertain significance,R7Q,0.1111111111111111
R7Q,0.057907473,pepQ,Clofazimine,p.Arg7Gln,missense_variant,3) Uncertain significance,R7Q,0.09090909090909091
N118D,0.06590662,pepQ,Bedaquiline,p.Asn118Asp,missense_variant,3) Uncertain significance,N118D,0.0
N118D,0.06590662,pepQ,Clofazimine,p.Asn118Asp,missense_variant,3) Uncertain significance,N118D,0.0
D108N,0.07283415,pepQ,Bedaquiline,p.Asp108Asn,missense_variant,3) Uncertain significance,D108N,0.0
D108N,0.07283415,pepQ,Clofazimine,p.Asp108Asn,missense_variant,3) Uncertain significance,D108N,0.0
D209E,0.042747397,pepQ,Bedaquiline,p.Asp209Glu,missense_variant,3) Uncertain significance,D209E,0.0
D209E,0.042747397,pepQ,Clofazimine,p.Asp209Glu,missense_variant,3) Uncertain significance,D209E,0.0
D20G,0.07519627,pepQ,Bedaquiline,p.Asp20Gly,missense_variant,3) Uncertain significance,D20G,0.0
D20G,0.07519627,pepQ,Clofazimine,p.Asp20Gly,missense_variant,3) Uncertain significance,D20G,0.0
D26A,0.071905084,pepQ,Bedaquiline,p.Asp26Ala,missense_variant,3) Uncertain significance,D26A,0.0
D26A,0.071905084,pepQ,Clofazimine,p.Asp26Ala,missense_variant,3) Uncertain significance,D26A,1.0
D26G,0.06818059,pepQ,Bedaquiline,p.Asp26Gly,missense_variant,3) Uncertain significance,D26G,0.5
D26G,0.06818059,pepQ,Clofazimine,p.Asp26Gly,missense_variant,3) Uncertain significance,D26G,0.0
Q262R,0.07263166,pepQ,Bedaquiline,p.Gln262Arg,missense_variant,3) Uncertain significance,Q262R,0.0
Q262R,0.07263166,pepQ,Clofazimine,p.Gln262Arg,missense_variant,3) Uncertain significance,Q262R,0.0
Q5R,0.07336367,pepQ,Bedaquiline,p.Gln5Arg,missense_variant,3) Uncertain significance,Q5R,0.0
Q5R,0.07336367,pepQ,Clofazimine,p.Gln5Arg,missense_variant,3) Uncertain significance,Q5R,0.0
Q63R,0.061715823,pepQ,Bedaquiline,p.Gln63Arg,missense_variant,3) Uncertain significance,Q63R,0.0
Q63R,0.061715823,pepQ,Clofazimine,p.Gln63Arg,missense_variant,3) Uncertain significance,Q63R,0.0
E177D,0.06712656,pepQ,Bedaquiline,p.Glu177Asp,missense_variant,3) Uncertain significance,E177D,0.0
E177D,0.06712656,pepQ,Clofazimine,p.Glu177Asp,missense_variant,3) Uncertain significance,E177D,0.0
E191V,0.070723996,pepQ,Bedaquiline,p.Glu191Val,missense_variant,3) Uncertain significance,E191V,0.0
E191V,0.070723996,pepQ,Clofazimine,p.Glu191Val,missense_variant,3) Uncertain significance,E191V,0.0
E360D,0.02885208,pepQ,Bedaquiline,p.Glu360Asp,missense_variant,3) Uncertain significance,E360D,0.0
E360D,0.02885208,pepQ,Clofazimine,p.Glu360Asp,missense_variant,3) Uncertain significance,E360D,0.0
E89D,0.057709794,pepQ,Bedaquiline,p.Glu89Asp,missense_variant,3) Uncertain significance,E89D,0.0
E89D,0.057709794,pepQ,Clofazimine,p.Glu89Asp,missense_variant,3) Uncertain significance,E89D,0.0
G112D,0.067085415,pepQ,Bedaquiline,p.Gly112Asp,missense_variant,3) Uncertain significance,G112D,0.0
G112D,0.067085415,pepQ,Clofazimine,p.Gly112Asp,missense_variant,3) Uncertain significance,G112D,0.0
G197R,0.06784838,pepQ,Bedaquiline,p.Gly197Arg,missense_variant,3) Uncertain significance,G197R,0.0
G197R,0.06784838,pepQ,Clofazimine,p.Gly197Arg,missense_variant,3) Uncertain significance,G197R,0.17857142857142858
G41D,0.060571972,pepQ,Bedaquiline,p.Gly41Asp,missense_variant,3) Uncertain significance,G41D,0.0
G41D,0.060571972,pepQ,Clofazimine,p.Gly41Asp,missense_variant,3) Uncertain significance,G41D,0.0
G80R,0.078248076,pepQ,Bedaquiline,p.Gly80Arg,missense_variant,3) Uncertain significance,G80R,0.0
G80R,0.078248076,pepQ,Clofazimine,p.Gly80Arg,missense_variant,3) Uncertain significance,G80R,1.0
G85C,0.16985744,pepQ,Bedaquiline,p.Gly85Cys,missense_variant,3) Uncertain significance,G85C,0.0
G85C,0.16985744,pepQ,Clofazimine,p.Gly85Cys,missense_variant,3) Uncertain significance,G85C,0.0
I193T,0.06398947,pepQ,Bedaquiline,p.Ile193Thr,missense_variant,3) Uncertain significance,I193T,0.0
I193T,0.06398947,pepQ,Clofazimine,p.Ile193Thr,missense_variant,3) Uncertain significance,I193T,0.0
I193V,0.05382234,pepQ,Bedaquiline,p.Ile193Val,missense_variant,3) Uncertain significance,I193V,0.0
I193V,0.05382234,pepQ,Clofazimine,p.Ile193Val,missense_variant,3) Uncertain significance,I193V,0.0
I24T,0.06023655,pepQ,Bedaquiline,p.Ile24Thr,missense_variant,3) Uncertain significance,I24T,0.0
I24T,0.06023655,pepQ,Clofazimine,p.Ile24Thr,missense_variant,3) Uncertain significance,I24T,0.0
I28R,0.07850215,pepQ,Bedaquiline,p.Ile28Arg,missense_variant,3) Uncertain significance,I28R,0.0
I28R,0.07850215,pepQ,Clofazimine,p.Ile28Arg,missense_variant,3) Uncertain significance,I28R,0.0
I302V,0.08281137,pepQ,Bedaquiline,p.Ile302Val,missense_variant,3) Uncertain significance,I302V,0.0
L107R,0.07641954,pepQ,Bedaquiline,p.Leu107Arg,missense_variant,3) Uncertain significance,L107R,0.0
L107R,0.07641954,pepQ,Clofazimine,p.Leu107Arg,missense_variant,3) Uncertain significance,L107R,0.0
L179P,0.079662725,pepQ,Bedaquiline,p.Leu179Pro,missense_variant,3) Uncertain significance,L179P,0.0
L179P,0.079662725,pepQ,Clofazimine,p.Leu179Pro,missense_variant,3) Uncertain significance,L179P,0.0
K367N,0.08922668,pepQ,Bedaquiline,p.Lys367Asn,missense_variant,3) Uncertain significance,K367N,0.0
K367N,0.08922668,pepQ,Clofazimine,p.Lys367Asn,missense_variant,3) Uncertain significance,K367N,0.0
K94N,0.07030415,pepQ,Bedaquiline,p.Lys94Asn,missense_variant,3) Uncertain significance,K94N,0.0
K94N,0.07030415,pepQ,Clofazimine,p.Lys94Asn,missense_variant,3) Uncertain significance,K94N,0.0
M180T,0.105730295,pepQ,Bedaquiline,p.Met180Thr,missense_variant,3) Uncertain significance,M180T,0.0
M180T,0.105730295,pepQ,Clofazimine,p.Met180Thr,missense_variant,3) Uncertain significance,M180T,0.0
M180V,0.08427485,pepQ,Bedaquiline,p.Met180Val,missense_variant,3) Uncertain significance,M180V,0.0
M180V,0.08427485,pepQ,Clofazimine,p.Met180Val,missense_variant,3) Uncertain significance,M180V,0.0
F46L,0.042119883,pepQ,Bedaquiline,p.Phe46Leu,missense_variant,3) Uncertain significance,F46L,0.0
F46L,0.042119883,pepQ,Clofazimine,p.Phe46Leu,missense_variant,3) Uncertain significance,F46L,0.0
P165Q,0.07283976,pepQ,Bedaquiline,p.Pro165Gln,missense_variant,3) Uncertain significance,P165Q,0.0
P165Q,0.07283976,pepQ,Clofazimine,p.Pro165Gln,missense_variant,3) Uncertain significance,P165Q,0.0
P266S,0.06377394,pepQ,Bedaquiline,p.Pro266Ser,missense_variant,3) Uncertain significance,P266S,0.0
P266S,0.06377394,pepQ,Clofazimine,p.Pro266Ser,missense_variant,3) Uncertain significance,P266S,0.0
P69L,0.07958039,pepQ,Bedaquiline,p.Pro69Leu,missense_variant,3) Uncertain significance,P69L,0.0
P69L,0.07958039,pepQ,Clofazimine,p.Pro69Leu,missense_variant,3) Uncertain significance,P69L,0.0
S130L,0.07379817,pepQ,Bedaquiline,p.Ser130Leu,missense_variant,3) Uncertain significance,S130L,0.0
S130L,0.07379817,pepQ,Clofazimine,p.Ser130Leu,missense_variant,3) Uncertain significance,S130L,0.0
S200L,0.0480914,pepQ,Bedaquiline,p.Ser200Leu,missense_variant,3) Uncertain significance,S200L,1.0
S66L,0.05676394,pepQ,Bedaquiline,p.Ser66Leu,missense_variant,3) Uncertain significance,S66L,0.0
S66L,0.05676394,pepQ,Clofazimine,p.Ser66Leu,missense_variant,3) Uncertain significance,S66L,0.0
S66P,0.060814857,pepQ,Bedaquiline,p.Ser66Pro,missense_variant,3) Uncertain significance,S66P,1.0
S99R,0.052147344,pepQ,Bedaquiline,p.Ser99Arg,missense_variant,3) Uncertain significance,S99R,0.0
S99R,0.052147344,pepQ,Clofazimine,p.Ser99Arg,missense_variant,3) Uncertain significance,S99R,0.0
T341A,0.049012396,pepQ,Bedaquiline,p.Thr341Ala,missense_variant,3) Uncertain significance,T341A,0.0
T341A,0.049012396,pepQ,Clofazimine,p.Thr341Ala,missense_variant,3) Uncertain significance,T341A,0.0
T354A,0.04429379,pepQ,Bedaquiline,p.Thr354Ala,missense_variant,3) Uncertain significance,T354A,0.0
T354A,0.04429379,pepQ,Clofazimine,p.Thr354Ala,missense_variant,3) Uncertain significance,T354A,0.0
V101L,0.036957685,pepQ,Bedaquiline,p.Val101Leu,missense_variant,3) Uncertain significance,V101L,0.0
V101L,0.036957685,pepQ,Clofazimine,p.Val101Leu,missense_variant,3) Uncertain significance,V101L,0.0
V104L,0.036361605,pepQ,Bedaquiline,p.Val104Leu,missense_variant,3) Uncertain significance,V104L,0.0
V104L,0.036361605,pepQ,Clofazimine,p.Val104Leu,missense_variant,3) Uncertain significance,V104L,0.0
V158M,0.076242715,pepQ,Bedaquiline,p.Val158Met,missense_variant,3) Uncertain significance,V158M,0.0
V158M,0.076242715,pepQ,Clofazimine,p.Val158Met,missense_variant,3) Uncertain significance,V158M,0.0
V298I,0.058343254,pepQ,Bedaquiline,p.Val298Ile,missense_variant,3) Uncertain significance,V298I,0.0
V298I,0.058343254,pepQ,Clofazimine,p.Val298Ile,missense_variant,3) Uncertain significance,V298I,0.0
V324M,0.0876921,pepQ,Bedaquiline,p.Val324Met,missense_variant,3) Uncertain significance,V324M,0.0
V324M,0.0876921,pepQ,Clofazimine,p.Val324Met,missense_variant,3) Uncertain significance,V324M,0.0
V328F,0.06592472,pepQ,Bedaquiline,p.Val328Phe,missense_variant,3) Uncertain significance,V328F,0.0
V328F,0.06592472,pepQ,Clofazimine,p.Val328Phe,missense_variant,3) Uncertain significance,V328F,0.0
V343A,0.055349465,pepQ,Bedaquiline,p.Val343Ala,missense_variant,3) Uncertain significance,V343A,0.0
V343A,0.055349465,pepQ,Clofazimine,p.Val343Ala,missense_variant,3) Uncertain significance,V343A,0.0
V45L,0.038552564,pepQ,Bedaquiline,p.Val45Leu,missense_variant,3) Uncertain significance,V45L,0.0
V45L,0.038552564,pepQ,Clofazimine,p.Val45Leu,missense_variant,3) Uncertain significance,V45L,0.05555555555555555
A254T,0.042630974,pepQ,Clofazimine,p.Ala254Thr,missense_variant,3) Uncertain significance,A254T,0.0
A90V,0.056527205,pepQ,Clofazimine,p.Ala90Val,missense_variant,3) Uncertain significance,A90V,0.0
E76D,0.056794733,pepQ,Clofazimine,p.Glu76Asp,missense_variant,3) Uncertain significance,E76D,0.0
G291S,0.071594216,pepQ,Clofazimine,p.Gly291Ser,missense_variant,3) Uncertain significance,G291S,0.0
K350E,0.10455951,pepQ,Clofazimine,p.Lys350Glu,missense_variant,3) Uncertain significance,K350E,0.0
V30L,0.04209703,pepQ,Clofazimine,p.Val30Leu,missense_variant,3) Uncertain significance,V30L,0.0
V53M,0.07983084,pepQ,Clofazimine,p.Val53Met,missense_variant,3) Uncertain significance,V53M,0.0
A120S,0.15263644,ddn,Delamanid,p.Ala120Ser,missense_variant,3) Uncertain significance,A120S,0.0
R23W,0.09770046,ddn,Delamanid,p.Arg23Trp,missense_variant,3) Uncertain significance,R23W,0.0
R30S,0.0984024,ddn,Delamanid,p.Arg30Ser,missense_variant,3) Uncertain significance,R30S,0.0
R72Q,0.10254291,ddn,Delamanid,p.Arg72Gln,missense_variant,3) Uncertain significance,R72Q,0.0
R72G,0.12955034,ddn,Delamanid,p.Arg72Gly,missense_variant,3) Uncertain significance,R72G,0.0
R72W,0.15044396,ddn,Delamanid,p.Arg72Trp,missense_variant,3) Uncertain significance,R72W,0.0
R7L,0.118964896,ddn,Delamanid,p.Arg7Leu,missense_variant,3) Uncertain significance,R7L,0.0
D108N,0.09702801,ddn,Delamanid,p.Asp108Asn,missense_variant,3) Uncertain significance,D108N,0.0
D113N,0.120833024,ddn,Delamanid,p.Asp113Asn,missense_variant,3) Uncertain significance,D113N,0.0
D15N,0.2028142,ddn,Delamanid,p.Asp15Asn,missense_variant,3) Uncertain significance,D15N,0.0
D15E,0.059913065,ddn,Delamanid,p.Asp15Glu,missense_variant,3) Uncertain significance,D15E,0.0
E105K,0.11727654,ddn,Delamanid,p.Glu105Lys,missense_variant,3) Uncertain significance,E105K,0.0
E150D,0.07531328,ddn,Delamanid,p.Glu150Asp,missense_variant,3) Uncertain significance,E150D,0.0
E83A,0.10340282,ddn,Delamanid,p.Glu83Ala,missense_variant,3) Uncertain significance,E83A,0.0
E83D,0.07753375,ddn,Delamanid,p.Glu83Asp,missense_variant,3) Uncertain significance,E83D,0.0
G34R,0.109188415,ddn,Delamanid,p.Gly34Arg,missense_variant,3) Uncertain significance,G34R,0.2
G34E,0.09666013,ddn,Delamanid,p.Gly34Glu,missense_variant,3) Uncertain significance,G34E,0.0
G53D,0.15690632,ddn,Delamanid,p.Gly53Asp,missense_variant,3) Uncertain significance,G53D,0.0
G70V,0.2186458,ddn,Delamanid,p.Gly70Val,missense_variant,3) Uncertain significance,G70V,0.0
G81S,0.092333674,ddn,Delamanid,p.Gly81Ser,missense_variant,3) Uncertain significance,G81S,1.0
I144T,0.10054267,ddn,Delamanid,p.Ile144Thr,missense_variant,3) Uncertain significance,I144T,0.0
I74V,0.085173726,ddn,Delamanid,p.Ile74Val,missense_variant,3) Uncertain significance,I74V,0.0
L49P,0.19700122,ddn,Delamanid,p.Leu49Pro,missense_variant,2) Assoc w R - Interim,L49P,0.8461538461538461
M87I,0.10846173,ddn,Delamanid,p.Met87Ile,missense_variant,3) Uncertain significance,M87I,0.0
F16C,0.17290044,ddn,Delamanid,p.Phe16Cys,missense_variant,3) Uncertain significance,F16C,0.0
F17S,0.12415317,ddn,Delamanid,p.Phe17Ser,missense_variant,3) Uncertain significance,F17S,0.0
F66S,0.15997899,ddn,Delamanid,p.Phe66Ser,missense_variant,3) Uncertain significance,F66S,0.0
P124S,0.14809228,ddn,Delamanid,p.Pro124Ser,missense_variant,3) Uncertain significance,P124S,0.0
P45L,0.30444425,ddn,Delamanid,p.Pro45Leu,missense_variant,3) Uncertain significance,P45L,0.0
P59Q,0.098060854,ddn,Delamanid,p.Pro59Gln,missense_variant,3) Uncertain significance,P59Q,0.0
P6T,0.11374984,ddn,Delamanid,p.Pro6Thr,missense_variant,3) Uncertain significance,P6T,0.0
T115A,0.21284457,ddn,Delamanid,p.Thr115Ala,missense_variant,3) Uncertain significance,T115A,0.0
T40A,0.0785663,ddn,Delamanid,p.Thr40Ala,missense_variant,3) Uncertain significance,T40A,0.0
T56A,0.10350543,ddn,Delamanid,p.Thr56Ala,missense_variant,3) Uncertain significance,T56A,0.0
W88R,0.13903569,ddn,Delamanid,p.Trp88Arg,missense_variant,3) Uncertain significance,W88R,1.0
Y65S,0.17680787,ddn,Delamanid,p.Tyr65Ser,missense_variant,3) Uncertain significance,Y65S,0.3333333333333333
V106M,0.0921167,ddn,Delamanid,p.Val106Met,missense_variant,3) Uncertain significance,V106M,0.0
V127F,0.09478636,ddn,Delamanid,p.Val127Phe,missense_variant,3) Uncertain significance,V127F,0.6
V98A,0.08786814,ddn,Delamanid,p.Val98Ala,missense_variant,3) Uncertain significance,V98A,0.0
A126E,0.02001612,gyrA,Levofloxacin,p.Ala126Glu,missense_variant,3) Uncertain significance,A126E,0.2
A126E,0.02001612,gyrA,Moxifloxacin,p.Ala126Glu,missense_variant,3) Uncertain significance,A126E,0.25
A126P,0.026838977,gyrA,Levofloxacin,p.Ala126Pro,missense_variant,3) Uncertain significance,A126P,0.3333333333333333
A126S,0.019504346,gyrA,Levofloxacin,p.Ala126Ser,missense_variant,3) Uncertain significance,A126S,0.5
A126S,0.019504346,gyrA,Moxifloxacin,p.Ala126Ser,missense_variant,3) Uncertain significance,A126S,0.0
A186T,0.016601529,gyrA,Levofloxacin,p.Ala186Thr,missense_variant,3) Uncertain significance,A186T,0.0
A186T,0.016601529,gyrA,Moxifloxacin,p.Ala186Thr,missense_variant,3) Uncertain significance,A186T,0.0
A198G,0.025231583,gyrA,Levofloxacin,p.Ala198Gly,missense_variant,3) Uncertain significance,A198G,0.0
A198G,0.025231583,gyrA,Moxifloxacin,p.Ala198Gly,missense_variant,3) Uncertain significance,A198G,0.0
A210V,0.024606401,gyrA,Levofloxacin,p.Ala210Val,missense_variant,3) Uncertain significance,A210V,0.0
A210V,0.024606401,gyrA,Moxifloxacin,p.Ala210Val,missense_variant,3) Uncertain significance,A210V,0.0
A288D,0.02892427,gyrA,Levofloxacin,p.Ala288Asp,missense_variant,3) Uncertain significance,A288D,0.41935483870967744
A288D,0.02892427,gyrA,Moxifloxacin,p.Ala288Asp,missense_variant,3) Uncertain significance,A288D,0.5714285714285714
A288V,0.02552245,gyrA,Levofloxacin,p.Ala288Val,missense_variant,3) Uncertain significance,A288V,0.0
A288V,0.02552245,gyrA,Moxifloxacin,p.Ala288Val,missense_variant,3) Uncertain significance,A288V,0.0
A297D,0.025386486,gyrA,Levofloxacin,p.Ala297Asp,missense_variant,3) Uncertain significance,A297D,0.0
A297G,0.019583607,gyrA,Levofloxacin,p.Ala297Gly,missense_variant,3) Uncertain significance,A297G,0.0
A297G,0.019583607,gyrA,Moxifloxacin,p.Ala297Gly,missense_variant,3) Uncertain significance,A297G,0.0
A322E,0.029698446,gyrA,Levofloxacin,p.Ala322Glu,missense_variant,3) Uncertain significance,A322E,0.0
A322E,0.029698446,gyrA,Moxifloxacin,p.Ala322Glu,missense_variant,3) Uncertain significance,A322E,0.0
A322S,0.024558602,gyrA,Levofloxacin,p.Ala322Ser,missense_variant,3) Uncertain significance,A322S,0.0
A322S,0.024558602,gyrA,Moxifloxacin,p.Ala322Ser,missense_variant,3) Uncertain significance,A322S,0.0
A324G,0.030132351,gyrA,Levofloxacin,p.Ala324Gly,missense_variant,3) Uncertain significance,A324G,0.0
A324G,0.030132351,gyrA,Moxifloxacin,p.Ala324Gly,missense_variant,3) Uncertain significance,A324G,0.0
A324V,0.025367508,gyrA,Levofloxacin,p.Ala324Val,missense_variant,3) Uncertain significance,A324V,0.0
A324V,0.025367508,gyrA,Moxifloxacin,p.Ala324Val,missense_variant,3) Uncertain significance,A324V,0.0
A347S,0.024787327,gyrA,Levofloxacin,p.Ala347Ser,missense_variant,3) Uncertain significance,A347S,1.0
A347S,0.024787327,gyrA,Moxifloxacin,p.Ala347Ser,missense_variant,3) Uncertain significance,A347S,1.0
A347T,0.026176054,gyrA,Levofloxacin,p.Ala347Thr,missense_variant,3) Uncertain significance,A347T,1.0
A347T,0.026176054,gyrA,Moxifloxacin,p.Ala347Thr,missense_variant,3) Uncertain significance,A347T,0.0
A347V,0.04473616,gyrA,Levofloxacin,p.Ala347Val,missense_variant,3) Uncertain significance,A347V,0.0
A347V,0.04473616,gyrA,Moxifloxacin,p.Ala347Val,missense_variant,3) Uncertain significance,A347V,0.0
A384V,0.02169918,gyrA,Levofloxacin,p.Ala384Val,missense_variant,5) Not assoc w R,A384V,0.06914893617021277
A384V,0.02169918,gyrA,Moxifloxacin,p.Ala384Val,missense_variant,5) Not assoc w R,A384V,0.042487684729064036
A400V,0.024878098,gyrA,Levofloxacin,p.Ala400Val,missense_variant,3) Uncertain significance,A400V,0.0
A400V,0.024878098,gyrA,Moxifloxacin,p.Ala400Val,missense_variant,3) Uncertain significance,A400V,0.0
A406V,0.03321023,gyrA,Levofloxacin,p.Ala406Val,missense_variant,3) Uncertain significance,A406V,0.0
A406V,0.03321023,gyrA,Moxifloxacin,p.Ala406Val,missense_variant,3) Uncertain significance,A406V,0.0
A40T,0.01783884,gyrA,Levofloxacin,p.Ala40Thr,missense_variant,3) Uncertain significance,A40T,0.0
A410T,0.022706041,gyrA,Levofloxacin,p.Ala410Thr,missense_variant,3) Uncertain significance,A410T,0.0
A410V,0.025667494,gyrA,Levofloxacin,p.Ala410Val,missense_variant,3) Uncertain significance,A410V,0.0
A410V,0.025667494,gyrA,Moxifloxacin,p.Ala410Val,missense_variant,3) Uncertain significance,A410V,0.0
A417S,0.026896749,gyrA,Levofloxacin,p.Ala417Ser,missense_variant,3) Uncertain significance,A417S,0.0
A432G,0.024155958,gyrA,Levofloxacin,p.Ala432Gly,missense_variant,3) Uncertain significance,A432G,0.0
A432G,0.024155958,gyrA,Moxifloxacin,p.Ala432Gly,missense_variant,3) Uncertain significance,A432G,0.0
A432V,0.02456863,gyrA,Levofloxacin,p.Ala432Val,missense_variant,3) Uncertain significance,A432V,0.0
A432V,0.02456863,gyrA,Moxifloxacin,p.Ala432Val,missense_variant,3) Uncertain significance,A432V,0.0
A434E,0.025413856,gyrA,Levofloxacin,p.Ala434Glu,missense_variant,3) Uncertain significance,A434E,1.0
A445V,0.026069349,gyrA,Levofloxacin,p.Ala445Val,missense_variant,3) Uncertain significance,A445V,0.0
A445V,0.026069349,gyrA,Moxifloxacin,p.Ala445Val,missense_variant,3) Uncertain significance,A445V,0.0
A456G,0.027224457,gyrA,Levofloxacin,p.Ala456Gly,missense_variant,3) Uncertain significance,A456G,0.0
A456V,0.029334074,gyrA,Levofloxacin,p.Ala456Val,missense_variant,3) Uncertain significance,A456V,0.0
A456V,0.029334074,gyrA,Moxifloxacin,p.Ala456Val,missense_variant,3) Uncertain significance,A456V,0.0
A463S,0.031435516,gyrA,Levofloxacin,p.Ala463Ser,missense_variant,5) Not assoc w R,A463S,0.26693227091633465
A463S,0.031435516,gyrA,Moxifloxacin,p.Ala463Ser,missense_variant,5) Not assoc w R,A463S,0.2922374429223744
A500E,0.029796166,gyrA,Levofloxacin,p.Ala500Glu,missense_variant,3) Uncertain significance,A500E,0.0
A500E,0.029796166,gyrA,Moxifloxacin,p.Ala500Glu,missense_variant,3) Uncertain significance,A500E,0.0
A501V,0.028068589,gyrA,Levofloxacin,p.Ala501Val,missense_variant,3) Uncertain significance,A501V,0.0
A501V,0.028068589,gyrA,Moxifloxacin,p.Ala501Val,missense_variant,3) Uncertain significance,A501V,0.0
A512G,0.026700882,gyrA,Levofloxacin,p.Ala512Gly,missense_variant,3) Uncertain significance,A512G,0.5
A512G,0.026700882,gyrA,Moxifloxacin,p.Ala512Gly,missense_variant,3) Uncertain significance,A512G,0.5
A512S,0.029558163,gyrA,Levofloxacin,p.Ala512Ser,missense_variant,3) Uncertain significance,A512S,0.0
A512T,0.02339695,gyrA,Levofloxacin,p.Ala512Thr,missense_variant,3) Uncertain significance,A512T,0.0
A512T,0.02339695,gyrA,Moxifloxacin,p.Ala512Thr,missense_variant,3) Uncertain significance,A512T,0.0
A512V,0.025444444,gyrA,Levofloxacin,p.Ala512Val,missense_variant,3) Uncertain significance,A512V,0.0
A579V,0.035378966,gyrA,Levofloxacin,p.Ala579Val,missense_variant,3) Uncertain significance,A579V,0.3333333333333333
A579V,0.035378966,gyrA,Moxifloxacin,p.Ala579Val,missense_variant,3) Uncertain significance,A579V,0.5
A581G,0.043815374,gyrA,Levofloxacin,p.Ala581Gly,missense_variant,3) Uncertain significance,A581G,0.0
A587D,0.026850263,gyrA,Levofloxacin,p.Ala587Asp,missense_variant,3) Uncertain significance,A587D,0.0
A591V,0.02641097,gyrA,Levofloxacin,p.Ala591Val,missense_variant,3) Uncertain significance,A591V,1.0
A591V,0.02641097,gyrA,Moxifloxacin,p.Ala591Val,missense_variant,3) Uncertain significance,A591V,0.5
A620T,0.02464797,gyrA,Levofloxacin,p.Ala620Thr,missense_variant,3) Uncertain significance,A620T,0.0
A626V,0.03223785,gyrA,Levofloxacin,p.Ala626Val,missense_variant,3) Uncertain significance,A626V,0.0
A626V,0.03223785,gyrA,Moxifloxacin,p.Ala626Val,missense_variant,3) Uncertain significance,A626V,0.0
A662V,0.027928445,gyrA,Levofloxacin,p.Ala662Val,missense_variant,3) Uncertain significance,A662V,0.0
A662V,0.027928445,gyrA,Moxifloxacin,p.Ala662Val,missense_variant,3) Uncertain significance,A662V,0.0
A667V,0.028668832,gyrA,Levofloxacin,p.Ala667Val,missense_variant,3) Uncertain significance,A667V,0.0
A667V,0.028668832,gyrA,Moxifloxacin,p.Ala667Val,missense_variant,3) Uncertain significance,A667V,0.0
A676D,0.07865728,gyrA,Levofloxacin,p.Ala676Asp,missense_variant,3) Uncertain significance,A676D,0.0
A676D,0.07865728,gyrA,Moxifloxacin,p.Ala676Asp,missense_variant,3) Uncertain significance,A676D,0.0
A676V,0.025106505,gyrA,Levofloxacin,p.Ala676Val,missense_variant,3) Uncertain significance,A676V,0.6428571428571429
A676V,0.025106505,gyrA,Moxifloxacin,p.Ala676Val,missense_variant,3) Uncertain significance,A676V,0.5714285714285714
A689V,0.033804275,gyrA,Levofloxacin,p.Ala689Val,missense_variant,3) Uncertain significance,A689V,1.0
A689V,0.033804275,gyrA,Moxifloxacin,p.Ala689Val,missense_variant,3) Uncertain significance,A689V,1.0
A696T,0.022421539,gyrA,Levofloxacin,p.Ala696Thr,missense_variant,3) Uncertain significance,A696T,0.0
A696T,0.022421539,gyrA,Moxifloxacin,p.Ala696Thr,missense_variant,3) Uncertain significance,A696T,0.0
A696V,0.032005828,gyrA,Levofloxacin,p.Ala696Val,missense_variant,3) Uncertain significance,A696V,0.0
A696V,0.032005828,gyrA,Moxifloxacin,p.Ala696Val,missense_variant,3) Uncertain significance,A696V,0.0
A71T,0.016936436,gyrA,Levofloxacin,p.Ala71Thr,missense_variant,3) Uncertain significance,A71T,0.0
A71T,0.016936436,gyrA,Moxifloxacin,p.Ala71Thr,missense_variant,3) Uncertain significance,A71T,0.0
A736T,0.023116237,gyrA,Levofloxacin,p.Ala736Thr,missense_variant,3) Uncertain significance,A736T,0.5
A736T,0.023116237,gyrA,Moxifloxacin,p.Ala736Thr,missense_variant,3) Uncertain significance,A736T,0.5
A736V,0.02367415,gyrA,Levofloxacin,p.Ala736Val,missense_variant,3) Uncertain significance,A736V,0.0
A736V,0.02367415,gyrA,Moxifloxacin,p.Ala736Val,missense_variant,3) Uncertain significance,A736V,0.0
A74S,0.023523191,gyrA,Levofloxacin,p.Ala74Ser,missense_variant,3) Uncertain significance,A74S,0.8888888888888888
A74S,0.023523191,gyrA,Moxifloxacin,p.Ala74Ser,missense_variant,3) Uncertain significance,A74S,0.8333333333333334
A74T,0.020806478,gyrA,Levofloxacin,p.Ala74Thr,missense_variant,3) Uncertain significance,A74T,0.0
A74T,0.020806478,gyrA,Moxifloxacin,p.Ala74Thr,missense_variant,3) Uncertain significance,A74T,0.0
A74V,0.016714271,gyrA,Levofloxacin,p.Ala74Val,missense_variant,3) Uncertain significance,A74V,0.0
A74V,0.016714271,gyrA,Moxifloxacin,p.Ala74Val,missense_variant,3) Uncertain significance,A74V,0.0
A787G,0.03306093,gyrA,Levofloxacin,p.Ala787Gly,missense_variant,3) Uncertain significance,A787G,0.0
A787G,0.03306093,gyrA,Moxifloxacin,p.Ala787Gly,missense_variant,3) Uncertain significance,A787G,0.0
A788V,0.02883701,gyrA,Levofloxacin,p.Ala788Val,missense_variant,3) Uncertain significance,A788V,0.0
A814T,0.025340255,gyrA,Levofloxacin,p.Ala814Thr,missense_variant,3) Uncertain significance,A814T,0.3333333333333333
A814T,0.025340255,gyrA,Moxifloxacin,p.Ala814Thr,missense_variant,3) Uncertain significance,A814T,0.0
A90E,0.021494158,gyrA,Levofloxacin,p.Ala90Glu,missense_variant,3) Uncertain significance,A90E,0.5
A90E,0.021494158,gyrA,Moxifloxacin,p.Ala90Glu,missense_variant,3) Uncertain significance,A90E,0.5
A90G,0.021145554,gyrA,Levofloxacin,p.Ala90Gly,missense_variant,4) Not assoc w R - Interim,A90G,0.04
A90G,0.021145554,gyrA,Moxifloxacin,p.Ala90Gly,missense_variant,4) Not assoc w R - Interim,A90G,0.0
A90W,0.0432903,gyrA,Levofloxacin,p.Ala90Trp,missense_variant,3) Uncertain significance,A90W,1.0
A90V,0.019235695,gyrA,Levofloxacin,p.Ala90Val,missense_variant,1) Assoc w R,A90V,0.8930517711171662
A90V,0.019235695,gyrA,Moxifloxacin,p.Ala90Val,missense_variant,1) Assoc w R,A90V,0.6143344709897611
R106C,0.074732125,gyrA,Levofloxacin,p.Arg106Cys,missense_variant,3) Uncertain significance,R106C,0.0
R106C,0.074732125,gyrA,Moxifloxacin,p.Arg106Cys,missense_variant,3) Uncertain significance,R106C,0.0
R143K,0.035769816,gyrA,Levofloxacin,p.Arg143Lys,missense_variant,3) Uncertain significance,R143K,0.0
R14L,0.022370331,gyrA,Levofloxacin,p.Arg14Leu,missense_variant,3) Uncertain significance,R14L,0.0
R14L,0.022370331,gyrA,Moxifloxacin,p.Arg14Leu,missense_variant,3) Uncertain significance,R14L,0.0
R195G,0.02289619,gyrA,Levofloxacin,p.Arg195Gly,missense_variant,3) Uncertain significance,R195G,0.0
R195G,0.02289619,gyrA,Moxifloxacin,p.Arg195Gly,missense_variant,3) Uncertain significance,R195G,0.0
R222W,0.042463105,gyrA,Levofloxacin,p.Arg222Trp,missense_variant,3) Uncertain significance,R222W,1.0
R252G,0.024629083,gyrA,Levofloxacin,p.Arg252Gly,missense_variant,3) Uncertain significance,R252G,0.0
R252G,0.024629083,gyrA,Moxifloxacin,p.Arg252Gly,missense_variant,3) Uncertain significance,R252G,0.0
R252L,0.020435248,gyrA,Levofloxacin,p.Arg252Leu,missense_variant,4) Not assoc w R - Interim,R252L,0.08333333333333333
R252L,0.020435248,gyrA,Moxifloxacin,p.Arg252Leu,missense_variant,3) Uncertain significance,R252L,0.02666666666666667
R252P,0.022938024,gyrA,Levofloxacin,p.Arg252Pro,missense_variant,3) Uncertain significance,R252P,0.0
R254C,0.07438409,gyrA,Levofloxacin,p.Arg254Cys,missense_variant,3) Uncertain significance,R254C,0.0
R254C,0.07438409,gyrA,Moxifloxacin,p.Arg254Cys,missense_variant,3) Uncertain significance,R254C,0.0
R254L,0.023450362,gyrA,Levofloxacin,p.Arg254Leu,missense_variant,3) Uncertain significance,R254L,0.0
R254L,0.023450362,gyrA,Moxifloxacin,p.Arg254Leu,missense_variant,3) Uncertain significance,R254L,0.0
R26C,0.07404898,gyrA,Levofloxacin,p.Arg26Cys,missense_variant,3) Uncertain significance,R26C,0.0
R26C,0.07404898,gyrA,Moxifloxacin,p.Arg26Cys,missense_variant,3) Uncertain significance,R26C,0.0
R26H,0.030053869,gyrA,Levofloxacin,p.Arg26His,missense_variant,3) Uncertain significance,R26H,0.0
R26H,0.030053869,gyrA,Moxifloxacin,p.Arg26His,missense_variant,3) Uncertain significance,R26H,0.0
R292G,0.025644958,gyrA,Levofloxacin,p.Arg292Gly,missense_variant,3) Uncertain significance,R292G,0.5
R292G,0.025644958,gyrA,Moxifloxacin,p.Arg292Gly,missense_variant,3) Uncertain significance,R292G,0.6
R292L,0.026557462,gyrA,Levofloxacin,p.Arg292Leu,missense_variant,3) Uncertain significance,R292L,1.0
R292L,0.026557462,gyrA,Moxifloxacin,p.Arg292Leu,missense_variant,3) Uncertain significance,R292L,1.0
R309Q,0.022611834,gyrA,Levofloxacin,p.Arg309Gln,missense_variant,3) Uncertain significance,R309Q,0.3333333333333333
R309Q,0.022611834,gyrA,Moxifloxacin,p.Arg309Gln,missense_variant,3) Uncertain significance,R309Q,0.0
R309W,0.048284166,gyrA,Levofloxacin,p.Arg309Trp,missense_variant,3) Uncertain significance,R309W,1.0
R309W,0.048284166,gyrA,Moxifloxacin,p.Arg309Trp,missense_variant,3) Uncertain significance,R309W,1.0
R363C,0.08476186,gyrA,Levofloxacin,p.Arg363Cys,missense_variant,3) Uncertain significance,R363C,0.5
R375Q,0.024014572,gyrA,Levofloxacin,p.Arg375Gln,missense_variant,3) Uncertain significance,R375Q,0.0
R375Q,0.024014572,gyrA,Moxifloxacin,p.Arg375Gln,missense_variant,3) Uncertain significance,R375Q,0.0
R376L,0.029453678,gyrA,Levofloxacin,p.Arg376Leu,missense_variant,3) Uncertain significance,R376L,0.0
R380G,0.026981326,gyrA,Levofloxacin,p.Arg380Gly,missense_variant,3) Uncertain significance,R380G,0.0
R380G,0.026981326,gyrA,Moxifloxacin,p.Arg380Gly,missense_variant,3) Uncertain significance,R380G,0.0
R387Q,0.023961112,gyrA,Levofloxacin,p.Arg387Gln,missense_variant,3) Uncertain significance,R387Q,0.0
R387Q,0.023961112,gyrA,Moxifloxacin,p.Arg387Gln,missense_variant,3) Uncertain significance,R387Q,0.0
R392C,0.08111016,gyrA,Levofloxacin,p.Arg392Cys,missense_variant,3) Uncertain significance,R392C,0.0
R392C,0.08111016,gyrA,Moxifloxacin,p.Arg392Cys,missense_variant,3) Uncertain significance,R392C,1.0
R392H,0.035115678,gyrA,Levofloxacin,p.Arg392His,missense_variant,3) Uncertain significance,R392H,0.0
R392H,0.035115678,gyrA,Moxifloxacin,p.Arg392His,missense_variant,3) Uncertain significance,R392H,0.0
R409Q,0.033148296,gyrA,Levofloxacin,p.Arg409Gln,missense_variant,3) Uncertain significance,R409Q,0.0
R409Q,0.033148296,gyrA,Moxifloxacin,p.Arg409Gln,missense_variant,3) Uncertain significance,R409Q,0.0
R450S,0.034735803,gyrA,Levofloxacin,p.Arg450Ser,missense_variant,3) Uncertain significance,R450S,1.0
R450S,0.034735803,gyrA,Moxifloxacin,p.Arg450Ser,missense_variant,3) Uncertain significance,R450S,1.0
R480C,0.08780477,gyrA,Levofloxacin,p.Arg480Cys,missense_variant,3) Uncertain significance,R480C,0.0
R480C,0.08780477,gyrA,Moxifloxacin,p.Arg480Cys,missense_variant,3) Uncertain significance,R480C,0.0
R489K,0.040168036,gyrA,Levofloxacin,p.Arg489Lys,missense_variant,3) Uncertain significance,R489K,0.0
R489K,0.040168036,gyrA,Moxifloxacin,p.Arg489Lys,missense_variant,3) Uncertain significance,R489K,0.0
R489S,0.035900194,gyrA,Levofloxacin,p.Arg489Ser,missense_variant,3) Uncertain significance,R489S,0.0
R489S,0.035900194,gyrA,Moxifloxacin,p.Arg489Ser,missense_variant,3) Uncertain significance,R489S,0.0
R495C,0.08620348,gyrA,Levofloxacin,p.Arg495Cys,missense_variant,3) Uncertain significance,R495C,0.0
R495C,0.08620348,gyrA,Moxifloxacin,p.Arg495Cys,missense_variant,3) Uncertain significance,R495C,0.0
R513C,0.080062106,gyrA,Levofloxacin,p.Arg513Cys,missense_variant,3) Uncertain significance,R513C,0.0
R513C,0.080062106,gyrA,Moxifloxacin,p.Arg513Cys,missense_variant,3) Uncertain significance,R513C,0.0
R539P,0.03814652,gyrA,Levofloxacin,p.Arg539Pro,missense_variant,3) Uncertain significance,R539P,0.0
R578Q,0.03391261,gyrA,Levofloxacin,p.Arg578Gln,missense_variant,3) Uncertain significance,R578Q,0.1875
R578Q,0.03391261,gyrA,Moxifloxacin,p.Arg578Gln,missense_variant,3) Uncertain significance,R578Q,0.2727272727272727
R592C,0.09286965,gyrA,Levofloxacin,p.Arg592Cys,missense_variant,3) Uncertain significance,R592C,1.0
R592C,0.09286965,gyrA,Moxifloxacin,p.Arg592Cys,missense_variant,3) Uncertain significance,R592C,1.0
R607C,0.081388034,gyrA,Levofloxacin,p.Arg607Cys,missense_variant,3) Uncertain significance,R607C,0.0
R607C,0.081388034,gyrA,Moxifloxacin,p.Arg607Cys,missense_variant,3) Uncertain significance,R607C,0.0
R607H,0.047498558,gyrA,Levofloxacin,p.Arg607His,missense_variant,3) Uncertain significance,R607H,0.25
R607H,0.047498558,gyrA,Moxifloxacin,p.Arg607His,missense_variant,3) Uncertain significance,R607H,0.2
R615G,0.028293181,gyrA,Levofloxacin,p.Arg615Gly,missense_variant,3) Uncertain significance,R615G,0.0
R615G,0.028293181,gyrA,Moxifloxacin,p.Arg615Gly,missense_variant,3) Uncertain significance,R615G,0.0
R615H,0.041304484,gyrA,Levofloxacin,p.Arg615His,missense_variant,3) Uncertain significance,R615H,0.0
R615H,0.041304484,gyrA,Moxifloxacin,p.Arg615His,missense_variant,3) Uncertain significance,R615H,0.0
R615L,0.034431484,gyrA,Levofloxacin,p.Arg615Leu,missense_variant,3) Uncertain significance,R615L,0.0
R615L,0.034431484,gyrA,Moxifloxacin,p.Arg615Leu,missense_variant,3) Uncertain significance,R615L,0.0
R65H,0.029087773,gyrA,Levofloxacin,p.Arg65His,missense_variant,3) Uncertain significance,R65H,0.0
R65H,0.029087773,gyrA,Moxifloxacin,p.Arg65His,missense_variant,3) Uncertain significance,R65H,0.0
R68C,0.08936268,gyrA,Levofloxacin,p.Arg68Cys,missense_variant,3) Uncertain significance,R68C,0.0
R68C,0.08936268,gyrA,Moxifloxacin,p.Arg68Cys,missense_variant,3) Uncertain significance,R68C,0.0
R68G,0.021407545,gyrA,Levofloxacin,p.Arg68Gly,missense_variant,3) Uncertain significance,R68G,0.0
R68G,0.021407545,gyrA,Moxifloxacin,p.Arg68Gly,missense_variant,3) Uncertain significance,R68G,0.0
R718C,0.0860192,gyrA,Levofloxacin,p.Arg718Cys,missense_variant,3) Uncertain significance,R718C,1.0
R718C,0.0860192,gyrA,Moxifloxacin,p.Arg718Cys,missense_variant,3) Uncertain significance,R718C,1.0
R758W,0.05204308,gyrA,Levofloxacin,p.Arg758Trp,missense_variant,3) Uncertain significance,R758W,0.0
R789G,0.043772034,gyrA,Levofloxacin,p.Arg789Gly,missense_variant,3) Uncertain significance,R789G,0.0
R789G,0.043772034,gyrA,Moxifloxacin,p.Arg789Gly,missense_variant,3) Uncertain significance,R789G,0.0
R789H,0.041761573,gyrA,Levofloxacin,p.Arg789His,missense_variant,3) Uncertain significance,R789H,0.0
R789H,0.041761573,gyrA,Moxifloxacin,p.Arg789His,missense_variant,3) Uncertain significance,R789H,0.0
N193S,0.019902565,gyrA,Levofloxacin,p.Asn193Ser,missense_variant,3) Uncertain significance,N193S,0.07352941176470588
N193S,0.019902565,gyrA,Moxifloxacin,p.Asn193Ser,missense_variant,3) Uncertain significance,N193S,0.06976744186046512
N282K,0.035215028,gyrA,Levofloxacin,p.Asn282Lys,missense_variant,3) Uncertain significance,N282K,0.23076923076923078
N282K,0.035215028,gyrA,Moxifloxacin,p.Asn282Lys,missense_variant,3) Uncertain significance,N282K,0.4444444444444444
N301T,0.02044562,gyrA,Levofloxacin,p.Asn301Thr,missense_variant,3) Uncertain significance,N301T,0.0
N301T,0.02044562,gyrA,Moxifloxacin,p.Asn301Thr,missense_variant,3) Uncertain significance,N301T,0.0
N629K,0.035659663,gyrA,Levofloxacin,p.Asn629Lys,missense_variant,3) Uncertain significance,N629K,0.0
N629K,0.035659663,gyrA,Moxifloxacin,p.Asn629Lys,missense_variant,3) Uncertain significance,N629K,0.0
N818D,0.022404581,gyrA,Levofloxacin,p.Asn818Asp,missense_variant,3) Uncertain significance,N818D,0.0
N818D,0.022404581,gyrA,Moxifloxacin,p.Asn818Asp,missense_variant,3) Uncertain significance,N818D,0.0
N826D,0.032604456,gyrA,Levofloxacin,p.Asn826Asp,missense_variant,3) Uncertain significance,N826D,0.0
N826D,0.032604456,gyrA,Moxifloxacin,p.Asn826Asp,missense_variant,3) Uncertain significance,N826D,0.0
N826H,0.05306747,gyrA,Levofloxacin,p.Asn826His,missense_variant,3) Uncertain significance,N826H,0.0
N826H,0.05306747,gyrA,Moxifloxacin,p.Asn826His,missense_variant,3) Uncertain significance,N826H,0.0
N826I,0.045097515,gyrA,Levofloxacin,p.Asn826Ile,missense_variant,3) Uncertain significance,N826I,0.0
N826I,0.045097515,gyrA,Moxifloxacin,p.Asn826Ile,missense_variant,3) Uncertain significance,N826I,0.0
N831D,0.027599443,gyrA,Levofloxacin,p.Asn831Asp,missense_variant,3) Uncertain significance,N831D,0.0
N831K,0.046697833,gyrA,Levofloxacin,p.Asn831Lys,missense_variant,3) Uncertain significance,N831K,0.3333333333333333
N831K,0.046697833,gyrA,Moxifloxacin,p.Asn831Lys,missense_variant,3) Uncertain significance,N831K,0.0
D111G,0.034397177,gyrA,Levofloxacin,p.Asp111Gly,missense_variant,3) Uncertain significance,D111G,0.0
D111G,0.034397177,gyrA,Moxifloxacin,p.Asp111Gly,missense_variant,3) Uncertain significance,D111G,0.0
D199Y,0.02831824,gyrA,Levofloxacin,p.Asp199Tyr,missense_variant,3) Uncertain significance,D199Y,0.0
D209G,0.02945449,gyrA,Levofloxacin,p.Asp209Gly,missense_variant,3) Uncertain significance,D209G,0.0
D209G,0.02945449,gyrA,Moxifloxacin,p.Asp209Gly,missense_variant,3) Uncertain significance,D209G,0.0
D211E,0.021650305,gyrA,Levofloxacin,p.Asp211Glu,missense_variant,3) Uncertain significance,D211E,0.5
D211E,0.021650305,gyrA,Moxifloxacin,p.Asp211Glu,missense_variant,3) Uncertain significance,D211E,0.0
D211G,0.02727174,gyrA,Levofloxacin,p.Asp211Gly,missense_variant,3) Uncertain significance,D211G,0.0
D211G,0.02727174,gyrA,Moxifloxacin,p.Asp211Gly,missense_variant,3) Uncertain significance,D211G,0.0
D242N,0.022836031,gyrA,Levofloxacin,p.Asp242Asn,missense_variant,3) Uncertain significance,D242N,0.0
D242N,0.022836031,gyrA,Moxifloxacin,p.Asp242Asn,missense_variant,3) Uncertain significance,D242N,0.0
D262N,0.024723286,gyrA,Levofloxacin,p.Asp262Asn,missense_variant,3) Uncertain significance,D262N,0.0
D262V,0.03786466,gyrA,Levofloxacin,p.Asp262Val,missense_variant,3) Uncertain significance,D262V,0.0
D262V,0.03786466,gyrA,Moxifloxacin,p.Asp262Val,missense_variant,3) Uncertain significance,D262V,0.0
D293Y,0.03718471,gyrA,Levofloxacin,p.Asp293Tyr,missense_variant,3) Uncertain significance,D293Y,0.0
D293Y,0.03718471,gyrA,Moxifloxacin,p.Asp293Tyr,missense_variant,3) Uncertain significance,D293Y,0.0
D367E,0.019617455,gyrA,Levofloxacin,p.Asp367Glu,missense_variant,3) Uncertain significance,D367E,0.0
D367E,0.019617455,gyrA,Moxifloxacin,p.Asp367Glu,missense_variant,3) Uncertain significance,D367E,0.0
D367H,0.040984564,gyrA,Levofloxacin,p.Asp367His,missense_variant,3) Uncertain significance,D367H,0.0
D367H,0.040984564,gyrA,Moxifloxacin,p.Asp367His,missense_variant,3) Uncertain significance,D367H,0.0
D402E,0.025111241,gyrA,Levofloxacin,p.Asp402Glu,missense_variant,3) Uncertain significance,D402E,0.0
D415A,0.02204636,gyrA,Levofloxacin,p.Asp415Ala,missense_variant,3) Uncertain significance,D415A,0.0
D415N,0.026071578,gyrA,Levofloxacin,p.Asp415Asn,missense_variant,3) Uncertain significance,D415N,0.0
D415N,0.026071578,gyrA,Moxifloxacin,p.Asp415Asn,missense_variant,3) Uncertain significance,D415N,0.0
D415F,0.038234036,gyrA,Levofloxacin,p.Asp415Phe,missense_variant,3) Uncertain significance,D415F,0.0
D415F,0.038234036,gyrA,Moxifloxacin,p.Asp415Phe,missense_variant,3) Uncertain significance,D415F,0.0
D437G,0.026054408,gyrA,Levofloxacin,p.Asp437Gly,missense_variant,3) Uncertain significance,D437G,0.0
D437G,0.026054408,gyrA,Moxifloxacin,p.Asp437Gly,missense_variant,3) Uncertain significance,D437G,0.0
D464E,0.020759076,gyrA,Levofloxacin,p.Asp464Glu,missense_variant,3) Uncertain significance,D464E,0.0
D464E,0.020759076,gyrA,Moxifloxacin,p.Asp464Glu,missense_variant,3) Uncertain significance,D464E,0.0
D467H,0.05387713,gyrA,Levofloxacin,p.Asp467His,missense_variant,3) Uncertain significance,D467H,0.0
D467H,0.05387713,gyrA,Moxifloxacin,p.Asp467His,missense_variant,3) Uncertain significance,D467H,0.0
D481A,0.03295465,gyrA,Levofloxacin,p.Asp481Ala,missense_variant,3) Uncertain significance,D481A,0.0
D481A,0.03295465,gyrA,Moxifloxacin,p.Asp481Ala,missense_variant,3) Uncertain significance,D481A,0.0
D481E,0.024807744,gyrA,Levofloxacin,p.Asp481Glu,missense_variant,3) Uncertain significance,D481E,0.0
D481E,0.024807744,gyrA,Moxifloxacin,p.Asp481Glu,missense_variant,3) Uncertain significance,D481E,0.0
D481G,0.032248307,gyrA,Levofloxacin,p.Asp481Gly,missense_variant,3) Uncertain significance,D481G,0.0
D481G,0.032248307,gyrA,Moxifloxacin,p.Asp481Gly,missense_variant,3) Uncertain significance,D481G,0.0
D488A,0.03121985,gyrA,Levofloxacin,p.Asp488Ala,missense_variant,3) Uncertain significance,D488A,0.0
D488A,0.03121985,gyrA,Moxifloxacin,p.Asp488Ala,missense_variant,3) Uncertain significance,D488A,0.0
D488E,0.022089932,gyrA,Levofloxacin,p.Asp488Glu,missense_variant,3) Uncertain significance,D488E,0.0
D488E,0.022089932,gyrA,Moxifloxacin,p.Asp488Glu,missense_variant,3) Uncertain significance,D488E,0.0
D493H,0.042946693,gyrA,Levofloxacin,p.Asp493His,missense_variant,3) Uncertain significance,D493H,0.0
D493H,0.042946693,gyrA,Moxifloxacin,p.Asp493His,missense_variant,3) Uncertain significance,D493H,0.0
D504E,0.01815724,gyrA,Levofloxacin,p.Asp504Glu,missense_variant,3) Uncertain significance,D504E,0.0
D504E,0.01815724,gyrA,Moxifloxacin,p.Asp504Glu,missense_variant,3) Uncertain significance,D504E,0.0
D507H,0.03835065,gyrA,Levofloxacin,p.Asp507His,missense_variant,3) Uncertain significance,D507H,0.0
D507H,0.03835065,gyrA,Moxifloxacin,p.Asp507His,missense_variant,3) Uncertain significance,D507H,0.0
D509N,0.027668867,gyrA,Levofloxacin,p.Asp509Asn,missense_variant,3) Uncertain significance,D509N,0.0
D509N,0.027668867,gyrA,Moxifloxacin,p.Asp509Asn,missense_variant,3) Uncertain significance,D509N,0.0
D515N,0.023955274,gyrA,Levofloxacin,p.Asp515Asn,missense_variant,3) Uncertain significance,D515N,0.0
D515N,0.023955274,gyrA,Moxifloxacin,p.Asp515Asn,missense_variant,3) Uncertain significance,D515N,0.0
D515E,0.028984388,gyrA,Levofloxacin,p.Asp515Glu,missense_variant,3) Uncertain significance,D515E,1.0
D515E,0.028984388,gyrA,Moxifloxacin,p.Asp515Glu,missense_variant,3) Uncertain significance,D515E,1.0
D532N,0.023327593,gyrA,Levofloxacin,p.Asp532Asn,missense_variant,3) Uncertain significance,D532N,0.0
D532N,0.023327593,gyrA,Moxifloxacin,p.Asp532Asn,missense_variant,3) Uncertain significance,D532N,0.0
D532E,0.015047355,gyrA,Levofloxacin,p.Asp532Glu,missense_variant,3) Uncertain significance,D532E,0.0
D552G,0.03426983,gyrA,Levofloxacin,p.Asp552Gly,missense_variant,3) Uncertain significance,D552G,0.5
D552G,0.03426983,gyrA,Moxifloxacin,p.Asp552Gly,missense_variant,3) Uncertain significance,D552G,0.0
D583E,0.020205954,gyrA,Levofloxacin,p.Asp583Glu,missense_variant,3) Uncertain significance,D583E,0.0
D583E,0.020205954,gyrA,Moxifloxacin,p.Asp583Glu,missense_variant,3) Uncertain significance,D583E,0.0
D639A,0.028371219,gyrA,Levofloxacin,p.Asp639Ala,missense_variant,3) Uncertain significance,D639A,0.0
D639A,0.028371219,gyrA,Moxifloxacin,p.Asp639Ala,missense_variant,3) Uncertain significance,D639A,0.0
D639G,0.026027313,gyrA,Levofloxacin,p.Asp639Gly,missense_variant,3) Uncertain significance,D639G,0.0
D639G,0.026027313,gyrA,Moxifloxacin,p.Asp639Gly,missense_variant,3) Uncertain significance,D639G,0.0
D641E,0.020311533,gyrA,Levofloxacin,p.Asp641Glu,missense_variant,3) Uncertain significance,D641E,1.0
D641E,0.020311533,gyrA,Moxifloxacin,p.Asp641Glu,missense_variant,3) Uncertain significance,D641E,0.0
D641Y,0.050883617,gyrA,Levofloxacin,p.Asp641Tyr,missense_variant,3) Uncertain significance,D641Y,0.0
D641Y,0.050883617,gyrA,Moxifloxacin,p.Asp641Tyr,missense_variant,3) Uncertain significance,D641Y,0.0
D687N,0.030966679,gyrA,Levofloxacin,p.Asp687Asn,missense_variant,3) Uncertain significance,D687N,0.0
D687N,0.030966679,gyrA,Moxifloxacin,p.Asp687Asn,missense_variant,3) Uncertain significance,D687N,0.0
D770G,0.028372463,gyrA,Levofloxacin,p.Asp770Gly,missense_variant,3) Uncertain significance,D770G,1.0
D770G,0.028372463,gyrA,Moxifloxacin,p.Asp770Gly,missense_variant,3) Uncertain significance,D770G,0.0
D810E,0.024671288,gyrA,Levofloxacin,p.Asp810Glu,missense_variant,3) Uncertain significance,D810E,1.0
D810E,0.024671288,gyrA,Moxifloxacin,p.Asp810Glu,missense_variant,3) Uncertain significance,D810E,1.0
D824A,0.031980906,gyrA,Levofloxacin,p.Asp824Ala,missense_variant,3) Uncertain significance,D824A,0.0
D824N,0.03096869,gyrA,Levofloxacin,p.Asp824Asn,missense_variant,3) Uncertain significance,D824N,1.0
D824N,0.03096869,gyrA,Moxifloxacin,p.Asp824Asn,missense_variant,3) Uncertain significance,D824N,0.0
D824E,0.022402454,gyrA,Levofloxacin,p.Asp824Glu,missense_variant,3) Uncertain significance,D824E,1.0
D824E,0.022402454,gyrA,Moxifloxacin,p.Asp824Glu,missense_variant,3) Uncertain significance,D824E,0.0
D825E,0.02711142,gyrA,Levofloxacin,p.Asp825Glu,missense_variant,3) Uncertain significance,D825E,0.0
D825E,0.02711142,gyrA,Moxifloxacin,p.Asp825Glu,missense_variant,3) Uncertain significance,D825E,0.0
D829E,0.021595454,gyrA,Levofloxacin,p.Asp829Glu,missense_variant,3) Uncertain significance,D829E,0.25
D829E,0.021595454,gyrA,Moxifloxacin,p.Asp829Glu,missense_variant,3) Uncertain significance,D829E,0.0
D834N,0.028140487,gyrA,Levofloxacin,p.Asp834Asn,missense_variant,3) Uncertain significance,D834N,0.0
D89N,0.019091131,gyrA,Levofloxacin,p.Asp89Asn,missense_variant,1) Assoc w R,D89N,0.6896551724137931
D89N,0.019091131,gyrA,Moxifloxacin,p.Asp89Asn,missense_variant,1) Assoc w R,D89N,0.7692307692307693
D89G,0.023139613,gyrA,Levofloxacin,p.Asp89Gly,missense_variant,3) Uncertain significance,D89G,0.875
D89G,0.023139613,gyrA,Moxifloxacin,p.Asp89Gly,missense_variant,3) Uncertain significance,D89G,1.0
D94A,0.022394208,gyrA,Levofloxacin,p.Asp94Ala,missense_variant,1) Assoc w R,D94A,0.8448275862068966
D94A,0.022394208,gyrA,Moxifloxacin,p.Asp94Ala,missense_variant,1) Assoc w R,D94A,0.6027713625866051
D94N,0.023391752,gyrA,Levofloxacin,p.Asp94Asn,missense_variant,1) Assoc w R,D94N,0.9236453201970444
D94N,0.023391752,gyrA,Moxifloxacin,p.Asp94Asn,missense_variant,1) Assoc w R,D94N,0.8481375358166189
D94G,0.026952859,gyrA,Levofloxacin,p.Asp94Gly,missense_variant,1) Assoc w R,D94G,0.9420097388224878
D94G,0.026952859,gyrA,Moxifloxacin,p.Asp94Gly,missense_variant,1) Assoc w R,D94G,0.8668032786885246
D94H,0.03340395,gyrA,Levofloxacin,p.Asp94His,missense_variant,1) Assoc w R,D94H,0.9339622641509434
D94H,0.03340395,gyrA,Moxifloxacin,p.Asp94His,missense_variant,1) Assoc w R,D94H,0.8333333333333334
D94F,0.042151246,gyrA,Levofloxacin,p.Asp94Phe,missense_variant,3) Uncertain significance,D94F,1.0
D94F,0.042151246,gyrA,Moxifloxacin,p.Asp94Phe,missense_variant,3) Uncertain significance,D94F,1.0
D94Y,0.03306809,gyrA,Levofloxacin,p.Asp94Tyr,missense_variant,1) Assoc w R,D94Y,0.9233870967741935
D94Y,0.03306809,gyrA,Moxifloxacin,p.Asp94Tyr,missense_variant,1) Assoc w R,D94Y,0.8260869565217391
D94V,0.036413822,gyrA,Levofloxacin,p.Asp94Val,missense_variant,3) Uncertain significance,D94V,0.75
D94V,0.036413822,gyrA,Moxifloxacin,p.Asp94Val,missense_variant,3) Uncertain significance,D94V,0.5
Q113E,0.033759855,gyrA,Levofloxacin,p.Gln113Glu,missense_variant,3) Uncertain significance,Q113E,0.0
Q113E,0.033759855,gyrA,Moxifloxacin,p.Gln113Glu,missense_variant,3) Uncertain significance,Q113E,0.0
Q22R,0.029179202,gyrA,Levofloxacin,p.Gln22Arg,missense_variant,3) Uncertain significance,Q22R,0.0
Q22H,0.03886608,gyrA,Levofloxacin,p.Gln22His,missense_variant,3) Uncertain significance,Q22H,0.0
Q22H,0.03886608,gyrA,Moxifloxacin,p.Gln22His,missense_variant,3) Uncertain significance,Q22H,0.0
Q238R,0.019870318,gyrA,Levofloxacin,p.Gln238Arg,missense_variant,3) Uncertain significance,Q238R,0.0
Q238E,0.022382537,gyrA,Levofloxacin,p.Gln238Glu,missense_variant,3) Uncertain significance,Q238E,0.0
Q25E,0.025107382,gyrA,Levofloxacin,p.Gln25Glu,missense_variant,3) Uncertain significance,Q25E,0.0
Q25E,0.025107382,gyrA,Moxifloxacin,p.Gln25Glu,missense_variant,3) Uncertain significance,Q25E,0.0
Q277R,0.02682787,gyrA,Levofloxacin,p.Gln277Arg,missense_variant,3) Uncertain significance,Q277R,0.1111111111111111
Q277R,0.02682787,gyrA,Moxifloxacin,p.Gln277Arg,missense_variant,3) Uncertain significance,Q277R,0.0
Q290R,0.023036845,gyrA,Levofloxacin,p.Gln290Arg,missense_variant,3) Uncertain significance,Q290R,0.0
Q290R,0.023036845,gyrA,Moxifloxacin,p.Gln290Arg,missense_variant,3) Uncertain significance,Q290R,0.0
Q290H,0.035926804,gyrA,Levofloxacin,p.Gln290His,missense_variant,3) Uncertain significance,Q290H,0.0
Q290H,0.035926804,gyrA,Moxifloxacin,p.Gln290His,missense_variant,3) Uncertain significance,Q290H,0.0
Q305R,0.020888822,gyrA,Levofloxacin,p.Gln305Arg,missense_variant,3) Uncertain significance,Q305R,0.0
Q305R,0.020888822,gyrA,Moxifloxacin,p.Gln305Arg,missense_variant,3) Uncertain significance,Q305R,0.0
Q336K,0.030776205,gyrA,Levofloxacin,p.Gln336Lys,missense_variant,3) Uncertain significance,Q336K,0.0
Q336K,0.030776205,gyrA,Moxifloxacin,p.Gln336Lys,missense_variant,3) Uncertain significance,Q336K,0.0
Q475R,0.022852989,gyrA,Levofloxacin,p.Gln475Arg,missense_variant,3) Uncertain significance,Q475R,1.0
Q475P,0.039424907,gyrA,Levofloxacin,p.Gln475Pro,missense_variant,3) Uncertain significance,Q475P,0.0
Q475P,0.039424907,gyrA,Moxifloxacin,p.Gln475Pro,missense_variant,3) Uncertain significance,Q475P,0.0
Q573R,0.032769274,gyrA,Levofloxacin,p.Gln573Arg,missense_variant,3) Uncertain significance,Q573R,0.0
Q573R,0.032769274,gyrA,Moxifloxacin,p.Gln573Arg,missense_variant,3) Uncertain significance,Q573R,0.0
Q594R,0.025545796,gyrA,Levofloxacin,p.Gln594Arg,missense_variant,3) Uncertain significance,Q594R,1.0
Q594R,0.025545796,gyrA,Moxifloxacin,p.Gln594Arg,missense_variant,3) Uncertain significance,Q594R,1.0
Q603H,0.042853773,gyrA,Levofloxacin,p.Gln603His,missense_variant,3) Uncertain significance,Q603H,0.0
Q603H,0.042853773,gyrA,Moxifloxacin,p.Gln603His,missense_variant,3) Uncertain significance,Q603H,0.0
Q613E,0.027055483,gyrA,Levofloxacin,p.Gln613Glu,missense_variant,5) Not assoc w R,Q613E,0.05825242718446602
Q613E,0.027055483,gyrA,Moxifloxacin,p.Gln613Glu,missense_variant,5) Not assoc w R,Q613E,0.039301310043668124
Q679H,0.050586935,gyrA,Levofloxacin,p.Gln679His,missense_variant,3) Uncertain significance,Q679H,0.0
Q679H,0.050586935,gyrA,Moxifloxacin,p.Gln679His,missense_variant,3) Uncertain significance,Q679H,0.0
Q679K,0.036038376,gyrA,Levofloxacin,p.Gln679Lys,missense_variant,3) Uncertain significance,Q679K,0.0
Q679K,0.036038376,gyrA,Moxifloxacin,p.Gln679Lys,missense_variant,3) Uncertain significance,Q679K,0.0
Q743H,0.045683984,gyrA,Levofloxacin,p.Gln743His,missense_variant,3) Uncertain significance,Q743H,0.0
Q743H,0.045683984,gyrA,Moxifloxacin,p.Gln743His,missense_variant,3) Uncertain significance,Q743H,0.0
Q790E,0.035529066,gyrA,Levofloxacin,p.Gln790Glu,missense_variant,3) Uncertain significance,Q790E,0.0
Q790E,0.035529066,gyrA,Moxifloxacin,p.Gln790Glu,missense_variant,3) Uncertain significance,Q790E,0.0
Q797P,0.030394655,gyrA,Levofloxacin,p.Gln797Pro,missense_variant,3) Uncertain significance,Q797P,0.0
Q797P,0.030394655,gyrA,Moxifloxacin,p.Gln797Pro,missense_variant,3) Uncertain significance,Q797P,0.0
E140G,0.0260204,gyrA,Levofloxacin,p.Glu140Gly,missense_variant,3) Uncertain significance,E140G,0.0
E140G,0.0260204,gyrA,Moxifloxacin,p.Glu140Gly,missense_variant,3) Uncertain significance,E140G,0.0
E144Q,0.030779697,gyrA,Levofloxacin,p.Glu144Gln,missense_variant,3) Uncertain significance,E144Q,0.0
E147D,0.021983843,gyrA,Levofloxacin,p.Glu147Asp,missense_variant,3) Uncertain significance,E147D,1.0
E148D,0.01725044,gyrA,Levofloxacin,p.Glu148Asp,missense_variant,3) Uncertain significance,E148D,0.0
E148D,0.01725044,gyrA,Moxifloxacin,p.Glu148Asp,missense_variant,3) Uncertain significance,E148D,0.0
E214D,0.015206963,gyrA,Levofloxacin,p.Glu214Asp,missense_variant,3) Uncertain significance,E214D,0.3333333333333333
E214D,0.015206963,gyrA,Moxifloxacin,p.Glu214Asp,missense_variant,3) Uncertain significance,E214D,0.2222222222222222
E21Q,0.019063499,gyrA,Levofloxacin,p.Glu21Gln,missense_variant,5) Not assoc w R,E21Q,0.2140777593513912
E21Q,0.019063499,gyrA,Moxifloxacin,p.Glu21Gln,missense_variant,5) Not assoc w R,E21Q,0.17785219915159634
E21H,0.028407928,gyrA,Levofloxacin,p.Glu21His,missense_variant,3) Uncertain significance,E21H,1.0
E21H,0.028407928,gyrA,Moxifloxacin,p.Glu21His,missense_variant,3) Uncertain significance,E21H,0.0
E289D,0.020495782,gyrA,Levofloxacin,p.Glu289Asp,missense_variant,3) Uncertain significance,E289D,0.6521739130434783
E289D,0.020495782,gyrA,Moxifloxacin,p.Glu289Asp,missense_variant,3) Uncertain significance,E289D,0.56
E289Q,0.028626416,gyrA,Levofloxacin,p.Glu289Gln,missense_variant,3) Uncertain significance,E289Q,0.0
E289Q,0.028626416,gyrA,Moxifloxacin,p.Glu289Gln,missense_variant,3) Uncertain significance,E289Q,0.0
E303K,0.029489048,gyrA,Levofloxacin,p.Glu303Lys,missense_variant,3) Uncertain significance,E303K,0.0
E303K,0.029489048,gyrA,Moxifloxacin,p.Glu303Lys,missense_variant,3) Uncertain significance,E303K,1.0
E317D,0.018826693,gyrA,Levofloxacin,p.Glu317Asp,missense_variant,3) Uncertain significance,E317D,0.0
E317G,0.026898524,gyrA,Levofloxacin,p.Glu317Gly,missense_variant,3) Uncertain significance,E317G,0.0
E317G,0.026898524,gyrA,Moxifloxacin,p.Glu317Gly,missense_variant,3) Uncertain significance,E317G,0.0
E386V,0.029830242,gyrA,Levofloxacin,p.Glu386Val,missense_variant,3) Uncertain significance,E386V,0.0
E386V,0.029830242,gyrA,Moxifloxacin,p.Glu386Val,missense_variant,3) Uncertain significance,E386V,0.0
E412A,0.026494699,gyrA,Levofloxacin,p.Glu412Ala,missense_variant,3) Uncertain significance,E412A,0.0
E412A,0.026494699,gyrA,Moxifloxacin,p.Glu412Ala,missense_variant,3) Uncertain significance,E412A,0.0
E412G,0.02539742,gyrA,Levofloxacin,p.Glu412Gly,missense_variant,3) Uncertain significance,E412G,0.0
E412G,0.02539742,gyrA,Moxifloxacin,p.Glu412Gly,missense_variant,3) Uncertain significance,E412G,0.0
E412V,0.028995335,gyrA,Levofloxacin,p.Glu412Val,missense_variant,3) Uncertain significance,E412V,0.0
E429A,0.028701594,gyrA,Levofloxacin,p.Glu429Ala,missense_variant,3) Uncertain significance,E429A,0.0
E429A,0.028701594,gyrA,Moxifloxacin,p.Glu429Ala,missense_variant,3) Uncertain significance,E429A,0.0
E459A,0.035432376,gyrA,Levofloxacin,p.Glu459Ala,missense_variant,3) Uncertain significance,E459A,0.0
E459A,0.035432376,gyrA,Moxifloxacin,p.Glu459Ala,missense_variant,3) Uncertain significance,E459A,0.0
E459K,0.043717705,gyrA,Levofloxacin,p.Glu459Lys,missense_variant,3) Uncertain significance,E459K,0.0
E459K,0.043717705,gyrA,Moxifloxacin,p.Glu459Lys,missense_variant,3) Uncertain significance,E459K,0.0
E466A,0.04305526,gyrA,Levofloxacin,p.Glu466Ala,missense_variant,3) Uncertain significance,E466A,0.0
E466A,0.04305526,gyrA,Moxifloxacin,p.Glu466Ala,missense_variant,3) Uncertain significance,E466A,0.0
E485A,0.032624435,gyrA,Levofloxacin,p.Glu485Ala,missense_variant,3) Uncertain significance,E485A,0.0
E508A,0.03612421,gyrA,Levofloxacin,p.Glu508Ala,missense_variant,3) Uncertain significance,E508A,0.0
E508A,0.03612421,gyrA,Moxifloxacin,p.Glu508Ala,missense_variant,3) Uncertain significance,E508A,0.0
E514Q,0.029613012,gyrA,Levofloxacin,p.Glu514Gln,missense_variant,3) Uncertain significance,E514Q,0.0
E514Q,0.029613012,gyrA,Moxifloxacin,p.Glu514Gln,missense_variant,3) Uncertain significance,E514Q,0.0
E605G,0.039020106,gyrA,Levofloxacin,p.Glu605Gly,missense_variant,3) Uncertain significance,E605G,0.0
E719Q,0.028924948,gyrA,Levofloxacin,p.Glu719Gln,missense_variant,3) Uncertain significance,E719Q,0.0
E719Q,0.028924948,gyrA,Moxifloxacin,p.Glu719Gln,missense_variant,3) Uncertain significance,E719Q,0.0
E738D,0.026577916,gyrA,Levofloxacin,p.Glu738Asp,missense_variant,3) Uncertain significance,E738D,1.0
E738D,0.026577916,gyrA,Moxifloxacin,p.Glu738Asp,missense_variant,3) Uncertain significance,E738D,1.0
E739Q,0.03010063,gyrA,Levofloxacin,p.Glu739Gln,missense_variant,3) Uncertain significance,E739Q,0.2
E739Q,0.03010063,gyrA,Moxifloxacin,p.Glu739Gln,missense_variant,3) Uncertain significance,E739Q,0.3333333333333333
E79D,0.019446526,gyrA,Levofloxacin,p.Glu79Asp,missense_variant,3) Uncertain significance,E79D,0.0
E79D,0.019446526,gyrA,Moxifloxacin,p.Glu79Asp,missense_variant,3) Uncertain significance,E79D,0.0
E79K,0.031057376,gyrA,Levofloxacin,p.Glu79Lys,missense_variant,3) Uncertain significance,E79K,0.0
E79K,0.031057376,gyrA,Moxifloxacin,p.Glu79Lys,missense_variant,3) Uncertain significance,E79K,0.0
E808A,0.02670963,gyrA,Levofloxacin,p.Glu808Ala,missense_variant,3) Uncertain significance,E808A,0.0
E808A,0.02670963,gyrA,Moxifloxacin,p.Glu808Ala,missense_variant,3) Uncertain significance,E808A,0.0
E808Q,0.031633787,gyrA,Levofloxacin,p.Glu808Gln,missense_variant,3) Uncertain significance,E808Q,0.0
E808Q,0.031633787,gyrA,Moxifloxacin,p.Glu808Gln,missense_variant,3) Uncertain significance,E808Q,0.0
G112C,0.08267031,gyrA,Levofloxacin,p.Gly112Cys,missense_variant,3) Uncertain significance,G112C,0.0
G112C,0.08267031,gyrA,Moxifloxacin,p.Gly112Cys,missense_variant,3) Uncertain significance,G112C,0.0
G158S,0.02188268,gyrA,Levofloxacin,p.Gly158Ser,missense_variant,3) Uncertain significance,G158S,0.5
G158S,0.02188268,gyrA,Moxifloxacin,p.Gly158Ser,missense_variant,3) Uncertain significance,G158S,0.0
G236E,0.030690847,gyrA,Levofloxacin,p.Gly236Glu,missense_variant,3) Uncertain significance,G236E,0.0
G236V,0.02610016,gyrA,Levofloxacin,p.Gly236Val,missense_variant,3) Uncertain significance,G236V,0.5
G236V,0.02610016,gyrA,Moxifloxacin,p.Gly236Val,missense_variant,3) Uncertain significance,G236V,0.5
G247S,0.022454066,gyrA,Levofloxacin,p.Gly247Ser,missense_variant,5) Not assoc w R,G247S,0.18908698001080498
G247S,0.022454066,gyrA,Moxifloxacin,p.Gly247Ser,missense_variant,5) Not assoc w R,G247S,0.14285714285714285
G265D,0.02993553,gyrA,Levofloxacin,p.Gly265Asp,missense_variant,3) Uncertain significance,G265D,0.0
G294A,0.031244917,gyrA,Levofloxacin,p.Gly294Ala,missense_variant,3) Uncertain significance,G294A,0.0
G294A,0.031244917,gyrA,Moxifloxacin,p.Gly294Ala,missense_variant,3) Uncertain significance,G294A,0.0
G311A,0.022751287,gyrA,Levofloxacin,p.Gly311Ala,missense_variant,3) Uncertain significance,G311A,0.0
G311A,0.022751287,gyrA,Moxifloxacin,p.Gly311Ala,missense_variant,3) Uncertain significance,G311A,0.0
G351A,0.027567767,gyrA,Levofloxacin,p.Gly351Ala,missense_variant,3) Uncertain significance,G351A,0.0
G351A,0.027567767,gyrA,Moxifloxacin,p.Gly351Ala,missense_variant,3) Uncertain significance,G351A,0.0
G351W,0.054251604,gyrA,Levofloxacin,p.Gly351Trp,missense_variant,3) Uncertain significance,G351W,0.0
G477R,0.024165535,gyrA,Levofloxacin,p.Gly477Arg,missense_variant,3) Uncertain significance,G477R,0.0
G477E,0.02448169,gyrA,Levofloxacin,p.Gly477Glu,missense_variant,3) Uncertain significance,G477E,0.0
G477E,0.02448169,gyrA,Moxifloxacin,p.Gly477Glu,missense_variant,3) Uncertain significance,G477E,0.0
G503R,0.028186461,gyrA,Levofloxacin,p.Gly503Arg,missense_variant,3) Uncertain significance,G503R,0.0
G503R,0.028186461,gyrA,Moxifloxacin,p.Gly503Arg,missense_variant,3) Uncertain significance,G503R,0.0
G503V,0.02728973,gyrA,Levofloxacin,p.Gly503Val,missense_variant,3) Uncertain significance,G503V,0.0
G503V,0.02728973,gyrA,Moxifloxacin,p.Gly503Val,missense_variant,3) Uncertain significance,G503V,0.0
G548R,0.03279752,gyrA,Levofloxacin,p.Gly548Arg,missense_variant,3) Uncertain significance,G548R,0.0
G548R,0.03279752,gyrA,Moxifloxacin,p.Gly548Arg,missense_variant,3) Uncertain significance,G548R,0.0
G63R,0.022654925,gyrA,Levofloxacin,p.Gly63Arg,missense_variant,3) Uncertain significance,G63R,0.0
G63R,0.022654925,gyrA,Moxifloxacin,p.Gly63Arg,missense_variant,3) Uncertain significance,G63R,0.0
G668D,0.04673815,gyrA,Levofloxacin,p.Gly668Asp,missense_variant,5) Not assoc w R,G668D,0.22065405863139642
G668D,0.04673815,gyrA,Moxifloxacin,p.Gly668Asp,missense_variant,5) Not assoc w R,G668D,0.18387702982701296
G694A,0.03217648,gyrA,Levofloxacin,p.Gly694Ala,missense_variant,3) Uncertain significance,G694A,0.0
G694A,0.03217648,gyrA,Moxifloxacin,p.Gly694Ala,missense_variant,3) Uncertain significance,G694A,0.0
G694S,0.041489575,gyrA,Levofloxacin,p.Gly694Ser,missense_variant,3) Uncertain significance,G694S,1.0
G702S,0.029387781,gyrA,Levofloxacin,p.Gly702Ser,missense_variant,3) Uncertain significance,G702S,0.0
G702S,0.029387781,gyrA,Moxifloxacin,p.Gly702Ser,missense_variant,3) Uncertain significance,G702S,0.0
G729R,0.035439573,gyrA,Levofloxacin,p.Gly729Arg,missense_variant,3) Uncertain significance,G729R,0.09090909090909091
G729R,0.035439573,gyrA,Moxifloxacin,p.Gly729Arg,missense_variant,3) Uncertain significance,G729R,0.0
G744A,0.027219113,gyrA,Levofloxacin,p.Gly744Ala,missense_variant,3) Uncertain significance,G744A,0.0
G744A,0.027219113,gyrA,Moxifloxacin,p.Gly744Ala,missense_variant,3) Uncertain significance,G744A,0.0
G764R,0.040764026,gyrA,Levofloxacin,p.Gly764Arg,missense_variant,3) Uncertain significance,G764R,0.0
G780C,0.076824434,gyrA,Levofloxacin,p.Gly780Cys,missense_variant,3) Uncertain significance,G780C,0.0
G780C,0.076824434,gyrA,Moxifloxacin,p.Gly780Cys,missense_variant,3) Uncertain significance,G780C,0.0
G795R,0.040428456,gyrA,Levofloxacin,p.Gly795Arg,missense_variant,3) Uncertain significance,G795R,0.0
G795R,0.040428456,gyrA,Moxifloxacin,p.Gly795Arg,missense_variant,3) Uncertain significance,G795R,0.0
G823C,0.09848246,gyrA,Levofloxacin,p.Gly823Cys,missense_variant,3) Uncertain significance,G823C,0.0
G823C,0.09848246,gyrA,Moxifloxacin,p.Gly823Cys,missense_variant,3) Uncertain significance,G823C,0.0
G823S,0.021818943,gyrA,Levofloxacin,p.Gly823Ser,missense_variant,3) Uncertain significance,G823S,0.0
G823S,0.021818943,gyrA,Moxifloxacin,p.Gly823Ser,missense_variant,3) Uncertain significance,G823S,0.0
G832R,0.036192227,gyrA,Levofloxacin,p.Gly832Arg,missense_variant,3) Uncertain significance,G832R,0.0
G832R,0.036192227,gyrA,Moxifloxacin,p.Gly832Arg,missense_variant,3) Uncertain significance,G832R,0.0
G88A,0.01679099,gyrA,Levofloxacin,p.Gly88Ala,missense_variant,2) Assoc w R - Interim,G88A,0.5714285714285714
G88A,0.01679099,gyrA,Moxifloxacin,p.Gly88Ala,missense_variant,2) Assoc w R - Interim,G88A,0.4583333333333333
G88N,0.01808455,gyrA,Levofloxacin,p.Gly88Asn,missense_variant,3) Uncertain significance,G88N,1.0
G88D,0.021304395,gyrA,Levofloxacin,p.Gly88Asp,missense_variant,3) Uncertain significance,G88D,1.0
G88D,0.021304395,gyrA,Moxifloxacin,p.Gly88Asp,missense_variant,3) Uncertain significance,G88D,1.0
G88C,0.06797354,gyrA,Levofloxacin,p.Gly88Cys,missense_variant,1) Assoc w R,G88C,0.9772727272727273
G88C,0.06797354,gyrA,Moxifloxacin,p.Gly88Cys,missense_variant,1) Assoc w R,G88C,0.868421052631579
H192Q,0.04080369,gyrA,Levofloxacin,p.His192Gln,missense_variant,3) Uncertain significance,H192Q,0.0
H192Q,0.04080369,gyrA,Moxifloxacin,p.His192Gln,missense_variant,3) Uncertain significance,H192Q,0.0
H334Y,0.041124113,gyrA,Levofloxacin,p.His334Tyr,missense_variant,3) Uncertain significance,H334Y,0.0
H334Y,0.041124113,gyrA,Moxifloxacin,p.His334Tyr,missense_variant,3) Uncertain significance,H334Y,0.0
H368Q,0.037219353,gyrA,Levofloxacin,p.His368Gln,missense_variant,3) Uncertain significance,H368Q,0.0
H368Q,0.037219353,gyrA,Moxifloxacin,p.His368Gln,missense_variant,3) Uncertain significance,H368Q,0.0
H389P,0.043645848,gyrA,Levofloxacin,p.His389Pro,missense_variant,3) Uncertain significance,H389P,0.25
H389P,0.043645848,gyrA,Moxifloxacin,p.His389Pro,missense_variant,3) Uncertain significance,H389P,0.3333333333333333
H490R,0.047143195,gyrA,Levofloxacin,p.His490Arg,missense_variant,3) Uncertain significance,H490R,1.0
H490R,0.047143195,gyrA,Moxifloxacin,p.His490Arg,missense_variant,3) Uncertain significance,H490R,1.0
H490N,0.049314007,gyrA,Levofloxacin,p.His490Asn,missense_variant,3) Uncertain significance,H490N,0.0
H490N,0.049314007,gyrA,Moxifloxacin,p.His490Asn,missense_variant,3) Uncertain significance,H490N,0.0
H490Y,0.04806664,gyrA,Levofloxacin,p.His490Tyr,missense_variant,3) Uncertain significance,H490Y,1.0
H490Y,0.04806664,gyrA,Moxifloxacin,p.His490Tyr,missense_variant,3) Uncertain significance,H490Y,0.0
H52Y,0.03209805,gyrA,Levofloxacin,p.His52Tyr,missense_variant,3) Uncertain significance,H52Y,1.0
H557R,0.036492366,gyrA,Levofloxacin,p.His557Arg,missense_variant,3) Uncertain significance,H557R,0.0
H557R,0.036492366,gyrA,Moxifloxacin,p.His557Arg,missense_variant,3) Uncertain significance,H557R,0.0
H70R,0.026772074,gyrA,Levofloxacin,p.His70Arg,missense_variant,3) Uncertain significance,H70R,0.8
H70R,0.026772074,gyrA,Moxifloxacin,p.His70Arg,missense_variant,3) Uncertain significance,H70R,0.75
I153M,0.029766073,gyrA,Levofloxacin,p.Ile153Met,missense_variant,3) Uncertain significance,I153M,0.0
I153M,0.029766073,gyrA,Moxifloxacin,p.Ile153Met,missense_variant,3) Uncertain significance,I153M,0.0
I153V,0.019377956,gyrA,Levofloxacin,p.Ile153Val,missense_variant,3) Uncertain significance,I153V,0.0
I15V,0.018765707,gyrA,Levofloxacin,p.Ile15Val,missense_variant,3) Uncertain significance,I15V,0.0
I15V,0.018765707,gyrA,Moxifloxacin,p.Ile15Val,missense_variant,3) Uncertain significance,I15V,0.0
I189M,0.025325714,gyrA,Levofloxacin,p.Ile189Met,missense_variant,3) Uncertain significance,I189M,0.0
I189M,0.025325714,gyrA,Moxifloxacin,p.Ile189Met,missense_variant,3) Uncertain significance,I189M,0.0
I189V,0.017966975,gyrA,Levofloxacin,p.Ile189Val,missense_variant,3) Uncertain significance,I189V,0.3333333333333333
I189V,0.017966975,gyrA,Moxifloxacin,p.Ile189Val,missense_variant,3) Uncertain significance,I189V,0.0
I284V,0.020393502,gyrA,Levofloxacin,p.Ile284Val,missense_variant,3) Uncertain significance,I284V,0.0
I284V,0.020393502,gyrA,Moxifloxacin,p.Ile284Val,missense_variant,3) Uncertain significance,I284V,0.0
I314V,0.01804628,gyrA,Levofloxacin,p.Ile314Val,missense_variant,3) Uncertain significance,I314V,0.0
I314V,0.01804628,gyrA,Moxifloxacin,p.Ile314Val,missense_variant,3) Uncertain significance,I314V,0.0
I328L,0.019077709,gyrA,Levofloxacin,p.Ile328Leu,missense_variant,3) Uncertain significance,I328L,1.0
I328L,0.019077709,gyrA,Moxifloxacin,p.Ile328Leu,missense_variant,3) Uncertain significance,I328L,1.0
I348V,0.019183068,gyrA,Levofloxacin,p.Ile348Val,missense_variant,3) Uncertain significance,I348V,0.0
I348V,0.019183068,gyrA,Moxifloxacin,p.Ile348Val,missense_variant,3) Uncertain significance,I348V,0.0
I390T,0.02610152,gyrA,Levofloxacin,p.Ile390Thr,missense_variant,3) Uncertain significance,I390T,1.0
I390T,0.02610152,gyrA,Moxifloxacin,p.Ile390Thr,missense_variant,3) Uncertain significance,I390T,0.0
I408T,0.026402585,gyrA,Levofloxacin,p.Ile408Thr,missense_variant,3) Uncertain significance,I408T,0.0
I408V,0.022647627,gyrA,Levofloxacin,p.Ile408Val,missense_variant,3) Uncertain significance,I408V,0.0
I427V,0.025498487,gyrA,Levofloxacin,p.Ile427Val,missense_variant,3) Uncertain significance,I427V,0.0
I427V,0.025498487,gyrA,Moxifloxacin,p.Ile427Val,missense_variant,3) Uncertain significance,I427V,0.0
I452T,0.039617013,gyrA,Levofloxacin,p.Ile452Thr,missense_variant,3) Uncertain significance,I452T,0.0
I452T,0.039617013,gyrA,Moxifloxacin,p.Ile452Thr,missense_variant,3) Uncertain significance,I452T,0.0
I462V,0.02455362,gyrA,Levofloxacin,p.Ile462Val,missense_variant,3) Uncertain significance,I462V,0.2727272727272727
I462V,0.02455362,gyrA,Moxifloxacin,p.Ile462Val,missense_variant,3) Uncertain significance,I462V,0.375
I468V,0.031473268,gyrA,Levofloxacin,p.Ile468Val,missense_variant,3) Uncertain significance,I468V,0.0
I478T,0.029247047,gyrA,Levofloxacin,p.Ile478Thr,missense_variant,3) Uncertain significance,I478T,1.0
I478V,0.023848038,gyrA,Levofloxacin,p.Ile478Val,missense_variant,3) Uncertain significance,I478V,1.0
I520L,0.024399735,gyrA,Levofloxacin,p.Ile520Leu,missense_variant,3) Uncertain significance,I520L,0.0
I520L,0.024399735,gyrA,Moxifloxacin,p.Ile520Leu,missense_variant,3) Uncertain significance,I520L,0.0
I554V,0.023143869,gyrA,Levofloxacin,p.Ile554Val,missense_variant,3) Uncertain significance,I554V,0.0
I554V,0.023143869,gyrA,Moxifloxacin,p.Ile554Val,missense_variant,3) Uncertain significance,I554V,0.0
I681M,0.036626764,gyrA,Levofloxacin,p.Ile681Met,missense_variant,3) Uncertain significance,I681M,0.0
I707V,0.023604227,gyrA,Levofloxacin,p.Ile707Val,missense_variant,3) Uncertain significance,I707V,1.0
I707V,0.023604227,gyrA,Moxifloxacin,p.Ile707Val,missense_variant,3) Uncertain significance,I707V,0.0
I815M,0.042894766,gyrA,Levofloxacin,p.Ile815Met,missense_variant,3) Uncertain significance,I815M,0.0
I815M,0.042894766,gyrA,Moxifloxacin,p.Ile815Met,missense_variant,3) Uncertain significance,I815M,0.0
I92V,0.016163262,gyrA,Levofloxacin,p.Ile92Val,missense_variant,3) Uncertain significance,I92V,1.0
I92V,0.016163262,gyrA,Moxifloxacin,p.Ile92Val,missense_variant,3) Uncertain significance,I92V,1.0
L105R,0.022727886,gyrA,Levofloxacin,p.Leu105Arg,missense_variant,3) Uncertain significance,L105R,0.25
L105R,0.022727886,gyrA,Moxifloxacin,p.Leu105Arg,missense_variant,3) Uncertain significance,L105R,0.25
L12F,0.018129557,gyrA,Levofloxacin,p.Leu12Phe,missense_variant,3) Uncertain significance,L12F,0.0
L12F,0.018129557,gyrA,Moxifloxacin,p.Leu12Phe,missense_variant,3) Uncertain significance,L12F,0.0
L134M,0.026754402,gyrA,Levofloxacin,p.Leu134Met,missense_variant,3) Uncertain significance,L134M,1.0
L134M,0.026754402,gyrA,Moxifloxacin,p.Leu134Met,missense_variant,3) Uncertain significance,L134M,0.0
L142V,0.015419742,gyrA,Levofloxacin,p.Leu142Val,missense_variant,3) Uncertain significance,L142V,0.25
L142V,0.015419742,gyrA,Moxifloxacin,p.Leu142Val,missense_variant,3) Uncertain significance,L142V,0.0
L173V,0.015155261,gyrA,Levofloxacin,p.Leu173Val,missense_variant,3) Uncertain significance,L173V,0.0
L205V,0.016986884,gyrA,Levofloxacin,p.Leu205Val,missense_variant,3) Uncertain significance,L205V,0.0
L205V,0.016986884,gyrA,Moxifloxacin,p.Leu205Val,missense_variant,3) Uncertain significance,L205V,0.0
L274F,0.02436904,gyrA,Levofloxacin,p.Leu274Phe,missense_variant,3) Uncertain significance,L274F,1.0
L296P,0.0285583,gyrA,Levofloxacin,p.Leu296Pro,missense_variant,3) Uncertain significance,L296P,0.0
L296P,0.0285583,gyrA,Moxifloxacin,p.Leu296Pro,missense_variant,3) Uncertain significance,L296P,0.0
L346V,0.022488562,gyrA,Levofloxacin,p.Leu346Val,missense_variant,3) Uncertain significance,L346V,0.5555555555555556
L346V,0.022488562,gyrA,Moxifloxacin,p.Leu346Val,missense_variant,3) Uncertain significance,L346V,0.1111111111111111
L358M,0.031448454,gyrA,Levofloxacin,p.Leu358Met,missense_variant,3) Uncertain significance,L358M,0.0
L398F,0.0264946,gyrA,Levofloxacin,p.Leu398Phe,missense_variant,3) Uncertain significance,L398F,0.25
L398F,0.0264946,gyrA,Moxifloxacin,p.Leu398Phe,missense_variant,3) Uncertain significance,L398F,0.125
L401V,0.01901017,gyrA,Levofloxacin,p.Leu401Val,missense_variant,3) Uncertain significance,L401V,0.0
L401V,0.01901017,gyrA,Moxifloxacin,p.Leu401Val,missense_variant,3) Uncertain significance,L401V,0.0
L425F,0.02634212,gyrA,Levofloxacin,p.Leu425Phe,missense_variant,3) Uncertain significance,L425F,0.0
L425F,0.02634212,gyrA,Moxifloxacin,p.Leu425Phe,missense_variant,3) Uncertain significance,L425F,0.0
L455R,0.029321868,gyrA,Levofloxacin,p.Leu455Arg,missense_variant,3) Uncertain significance,L455R,1.0
L455R,0.029321868,gyrA,Moxifloxacin,p.Leu455Arg,missense_variant,3) Uncertain significance,L455R,1.0
L455V,0.023994884,gyrA,Levofloxacin,p.Leu455Val,missense_variant,3) Uncertain significance,L455V,0.0
L455V,0.023994884,gyrA,Moxifloxacin,p.Leu455Val,missense_variant,3) Uncertain significance,L455V,0.0
L465Q,0.04446953,gyrA,Levofloxacin,p.Leu465Gln,missense_variant,3) Uncertain significance,L465Q,0.0
L465Q,0.04446953,gyrA,Moxifloxacin,p.Leu465Gln,missense_variant,3) Uncertain significance,L465Q,0.0
L549V,0.024569098,gyrA,Levofloxacin,p.Leu549Val,missense_variant,3) Uncertain significance,L549V,0.0
L549V,0.024569098,gyrA,Moxifloxacin,p.Leu549Val,missense_variant,3) Uncertain significance,L549V,0.0
L566W,0.048332855,gyrA,Levofloxacin,p.Leu566Trp,missense_variant,3) Uncertain significance,L566W,0.0
L566W,0.048332855,gyrA,Moxifloxacin,p.Leu566Trp,missense_variant,3) Uncertain significance,L566W,0.0
L653V,0.0245618,gyrA,Levofloxacin,p.Leu653Val,missense_variant,3) Uncertain significance,L653V,1.0
L653V,0.0245618,gyrA,Moxifloxacin,p.Leu653Val,missense_variant,3) Uncertain significance,L653V,0.5
L659V,0.019910937,gyrA,Levofloxacin,p.Leu659Val,missense_variant,3) Uncertain significance,L659V,0.0
L659V,0.019910937,gyrA,Moxifloxacin,p.Leu659Val,missense_variant,3) Uncertain significance,L659V,0.0
L671V,0.026255675,gyrA,Levofloxacin,p.Leu671Val,missense_variant,3) Uncertain significance,L671V,0.0
L671V,0.026255675,gyrA,Moxifloxacin,p.Leu671Val,missense_variant,3) Uncertain significance,L671V,0.0
L690V,0.030098632,gyrA,Levofloxacin,p.Leu690Val,missense_variant,3) Uncertain significance,L690V,0.0
L711M,0.025936542,gyrA,Levofloxacin,p.Leu711Met,missense_variant,3) Uncertain significance,L711M,0.1111111111111111
L711M,0.025936542,gyrA,Moxifloxacin,p.Leu711Met,missense_variant,3) Uncertain significance,L711M,0.1111111111111111
L724V,0.027757999,gyrA,Levofloxacin,p.Leu724Val,missense_variant,3) Uncertain significance,L724V,0.0
L724V,0.027757999,gyrA,Moxifloxacin,p.Leu724Val,missense_variant,3) Uncertain significance,L724V,0.0
L766S,0.049584832,gyrA,Levofloxacin,p.Leu766Ser,missense_variant,3) Uncertain significance,L766S,0.0
L766S,0.049584832,gyrA,Moxifloxacin,p.Leu766Ser,missense_variant,3) Uncertain significance,L766S,0.0
L812V,0.023911966,gyrA,Levofloxacin,p.Leu812Val,missense_variant,3) Uncertain significance,L812V,1.0
L812V,0.023911966,gyrA,Moxifloxacin,p.Leu812Val,missense_variant,3) Uncertain significance,L812V,1.0
K224E,0.037706863,gyrA,Levofloxacin,p.Lys224Glu,missense_variant,3) Uncertain significance,K224E,0.0
K224E,0.037706863,gyrA,Moxifloxacin,p.Lys224Glu,missense_variant,3) Uncertain significance,K224E,0.0
K319N,0.032810543,gyrA,Levofloxacin,p.Lys319Asn,missense_variant,3) Uncertain significance,K319N,0.0
K319N,0.032810543,gyrA,Moxifloxacin,p.Lys319Asn,missense_variant,3) Uncertain significance,K319N,0.0
K319E,0.03371528,gyrA,Levofloxacin,p.Lys319Glu,missense_variant,3) Uncertain significance,K319E,0.6666666666666666
K319E,0.03371528,gyrA,Moxifloxacin,p.Lys319Glu,missense_variant,3) Uncertain significance,K319E,0.6666666666666666
K333R,0.030589765,gyrA,Levofloxacin,p.Lys333Arg,missense_variant,3) Uncertain significance,K333R,0.0
K333N,0.032350644,gyrA,Levofloxacin,p.Lys333Asn,missense_variant,3) Uncertain significance,K333N,0.0
K333N,0.032350644,gyrA,Moxifloxacin,p.Lys333Asn,missense_variant,3) Uncertain significance,K333N,0.0
K633R,0.02887443,gyrA,Levofloxacin,p.Lys633Arg,missense_variant,3) Uncertain significance,K633R,0.0
K633R,0.02887443,gyrA,Moxifloxacin,p.Lys633Arg,missense_variant,3) Uncertain significance,K633R,0.0
K636N,0.041489895,gyrA,Levofloxacin,p.Lys636Asn,missense_variant,3) Uncertain significance,K636N,0.0
K636N,0.041489895,gyrA,Moxifloxacin,p.Lys636Asn,missense_variant,3) Uncertain significance,K636N,0.0
K636E,0.041229833,gyrA,Levofloxacin,p.Lys636Glu,missense_variant,3) Uncertain significance,K636E,0.0
K636E,0.041229833,gyrA,Moxifloxacin,p.Lys636Glu,missense_variant,3) Uncertain significance,K636E,0.0
K636T,0.033114783,gyrA,Levofloxacin,p.Lys636Thr,missense_variant,3) Uncertain significance,K636T,0.5111111111111111
K636T,0.033114783,gyrA,Moxifloxacin,p.Lys636Thr,missense_variant,3) Uncertain significance,K636T,0.0
K799R,0.030312449,gyrA,Levofloxacin,p.Lys799Arg,missense_variant,3) Uncertain significance,K799R,0.0
K799R,0.030312449,gyrA,Moxifloxacin,p.Lys799Arg,missense_variant,3) Uncertain significance,K799R,0.0
M139V,0.030961914,gyrA,Levofloxacin,p.Met139Val,missense_variant,3) Uncertain significance,M139V,0.0
M141I,0.029686416,gyrA,Levofloxacin,p.Met141Ile,missense_variant,3) Uncertain significance,M141I,0.0
M141I,0.029686416,gyrA,Moxifloxacin,p.Met141Ile,missense_variant,3) Uncertain significance,M141I,0.0
M141T,0.031183533,gyrA,Levofloxacin,p.Met141Thr,missense_variant,3) Uncertain significance,M141T,0.0
M141T,0.031183533,gyrA,Moxifloxacin,p.Met141Thr,missense_variant,3) Uncertain significance,M141T,0.0
M141V,0.027837738,gyrA,Levofloxacin,p.Met141Val,missense_variant,3) Uncertain significance,M141V,0.0
M141V,0.027837738,gyrA,Moxifloxacin,p.Met141Val,missense_variant,3) Uncertain significance,M141V,0.0
M220R,0.0306111,gyrA,Levofloxacin,p.Met220Arg,missense_variant,3) Uncertain significance,M220R,1.0
M220R,0.0306111,gyrA,Moxifloxacin,p.Met220Arg,missense_variant,3) Uncertain significance,M220R,1.0
M24I,0.027816437,gyrA,Levofloxacin,p.Met24Ile,missense_variant,3) Uncertain significance,M24I,0.0
M24V,0.02885499,gyrA,Levofloxacin,p.Met24Val,missense_variant,3) Uncertain significance,M24V,0.0
M438I,0.049028534,gyrA,Levofloxacin,p.Met438Ile,missense_variant,3) Uncertain significance,M438I,0.0
M438I,0.049028534,gyrA,Moxifloxacin,p.Met438Ile,missense_variant,3) Uncertain significance,M438I,0.0
M703V,0.036009204,gyrA,Levofloxacin,p.Met703Val,missense_variant,3) Uncertain significance,M703V,0.0
M703V,0.036009204,gyrA,Moxifloxacin,p.Met703Val,missense_variant,3) Uncertain significance,M703V,0.0
M804V,0.037566826,gyrA,Levofloxacin,p.Met804Val,missense_variant,3) Uncertain significance,M804V,0.0
M804V,0.037566826,gyrA,Moxifloxacin,p.Met804Val,missense_variant,3) Uncertain significance,M804V,0.0
M99I,0.027322808,gyrA,Levofloxacin,p.Met99Ile,missense_variant,3) Uncertain significance,M99I,0.0
M99I,0.027322808,gyrA,Moxifloxacin,p.Met99Ile,missense_variant,3) Uncertain significance,M99I,0.0
M99V,0.027087526,gyrA,Levofloxacin,p.Met99Val,missense_variant,3) Uncertain significance,M99V,0.0
F152L,0.01875575,gyrA,Levofloxacin,p.Phe152Leu,missense_variant,3) Uncertain significance,F152L,0.0
F152L,0.01875575,gyrA,Moxifloxacin,p.Phe152Leu,missense_variant,3) Uncertain significance,F152L,0.0
F228L,0.022985505,gyrA,Levofloxacin,p.Phe228Leu,missense_variant,3) Uncertain significance,F228L,0.0
F228L,0.022985505,gyrA,Moxifloxacin,p.Phe228Leu,missense_variant,3) Uncertain significance,F228L,0.0
F569C,0.06653432,gyrA,Levofloxacin,p.Phe569Cys,missense_variant,3) Uncertain significance,F569C,0.0
F569C,0.06653432,gyrA,Moxifloxacin,p.Phe569Cys,missense_variant,3) Uncertain significance,F569C,0.0
F640V,0.031649068,gyrA,Levofloxacin,p.Phe640Val,missense_variant,3) Uncertain significance,F640V,0.0
F640V,0.031649068,gyrA,Moxifloxacin,p.Phe640Val,missense_variant,3) Uncertain significance,F640V,0.0
F64L,0.018259367,gyrA,Levofloxacin,p.Phe64Leu,missense_variant,3) Uncertain significance,F64L,0.0
F683L,0.025154594,gyrA,Levofloxacin,p.Phe683Leu,missense_variant,3) Uncertain significance,F683L,0.0
F683L,0.025154594,gyrA,Moxifloxacin,p.Phe683Leu,missense_variant,3) Uncertain significance,F683L,0.0
F683V,0.03511246,gyrA,Levofloxacin,p.Phe683Val,missense_variant,3) Uncertain significance,F683V,0.0
F683V,0.03511246,gyrA,Moxifloxacin,p.Phe683Val,missense_variant,3) Uncertain significance,F683V,0.0
F705L,0.02840376,gyrA,Levofloxacin,p.Phe705Leu,missense_variant,3) Uncertain significance,F705L,0.14285714285714285
F705L,0.02840376,gyrA,Moxifloxacin,p.Phe705Leu,missense_variant,3) Uncertain significance,F705L,0.0
P102L,0.029312037,gyrA,Levofloxacin,p.Pro102Leu,missense_variant,3) Uncertain significance,P102L,1.0
P102L,0.029312037,gyrA,Moxifloxacin,p.Pro102Leu,missense_variant,3) Uncertain significance,P102L,1.0
P108S,0.021344278,gyrA,Levofloxacin,p.Pro108Ser,missense_variant,3) Uncertain significance,P108S,0.3333333333333333
P108S,0.021344278,gyrA,Moxifloxacin,p.Pro108Ser,missense_variant,3) Uncertain significance,P108S,0.0
P119L,0.036641557,gyrA,Levofloxacin,p.Pro119Leu,missense_variant,3) Uncertain significance,P119L,0.0
P119L,0.036641557,gyrA,Moxifloxacin,p.Pro119Leu,missense_variant,3) Uncertain significance,P119L,0.0
P154R,0.032940656,gyrA,Levofloxacin,p.Pro154Arg,missense_variant,3) Uncertain significance,P154R,0.0
P154R,0.032940656,gyrA,Moxifloxacin,p.Pro154Arg,missense_variant,3) Uncertain significance,P154R,0.0
P154L,0.03752709,gyrA,Levofloxacin,p.Pro154Leu,missense_variant,3) Uncertain significance,P154L,0.0
P154L,0.03752709,gyrA,Moxifloxacin,p.Pro154Leu,missense_variant,3) Uncertain significance,P154L,0.0
P163A,0.020204317,gyrA,Levofloxacin,p.Pro163Ala,missense_variant,3) Uncertain significance,P163A,1.0
P17L,0.022864496,gyrA,Levofloxacin,p.Pro17Leu,missense_variant,3) Uncertain significance,P17L,0.0
P17L,0.022864496,gyrA,Moxifloxacin,p.Pro17Leu,missense_variant,3) Uncertain significance,P17L,0.0
P17S,0.023253376,gyrA,Levofloxacin,p.Pro17Ser,missense_variant,3) Uncertain significance,P17S,0.0
P17S,0.023253376,gyrA,Moxifloxacin,p.Pro17Ser,missense_variant,3) Uncertain significance,P17S,0.0
P275A,0.03599028,gyrA,Levofloxacin,p.Pro275Ala,missense_variant,3) Uncertain significance,P275A,0.5
P275A,0.03599028,gyrA,Moxifloxacin,p.Pro275Ala,missense_variant,3) Uncertain significance,P275A,0.0
P472S,0.044744417,gyrA,Levofloxacin,p.Pro472Ser,missense_variant,3) Uncertain significance,P472S,0.13513513513513514
P472S,0.044744417,gyrA,Moxifloxacin,p.Pro472Ser,missense_variant,3) Uncertain significance,P472S,0.11764705882352941
P50R,0.034894496,gyrA,Levofloxacin,p.Pro50Arg,missense_variant,3) Uncertain significance,P50R,0.0
P50R,0.034894496,gyrA,Moxifloxacin,p.Pro50Arg,missense_variant,3) Uncertain significance,P50R,0.0
P604T,0.033333305,gyrA,Levofloxacin,p.Pro604Thr,missense_variant,3) Uncertain significance,P604T,0.0
P621L,0.066461116,gyrA,Levofloxacin,p.Pro621Leu,missense_variant,3) Uncertain significance,P621L,0.0
P621L,0.066461116,gyrA,Moxifloxacin,p.Pro621Leu,missense_variant,3) Uncertain significance,P621L,0.0
P66A,0.018261535,gyrA,Levofloxacin,p.Pro66Ala,missense_variant,3) Uncertain significance,P66A,0.0
P66A,0.018261535,gyrA,Moxifloxacin,p.Pro66Ala,missense_variant,3) Uncertain significance,P66A,0.0
P741A,0.046617217,gyrA,Levofloxacin,p.Pro741Ala,missense_variant,3) Uncertain significance,P741A,0.0
P741A,0.046617217,gyrA,Moxifloxacin,p.Pro741Ala,missense_variant,3) Uncertain significance,P741A,0.0
P7L,0.029658921,gyrA,Levofloxacin,p.Pro7Leu,missense_variant,3) Uncertain significance,P7L,0.0
P7L,0.029658921,gyrA,Moxifloxacin,p.Pro7Leu,missense_variant,3) Uncertain significance,P7L,0.0
P7S,0.02608191,gyrA,Levofloxacin,p.Pro7Ser,missense_variant,3) Uncertain significance,P7S,0.0
P7S,0.02608191,gyrA,Moxifloxacin,p.Pro7Ser,missense_variant,3) Uncertain significance,P7S,0.0
P8A,0.027131217,gyrA,Levofloxacin,p.Pro8Ala,missense_variant,3) Uncertain significance,P8A,0.03333333333333333
P8A,0.027131217,gyrA,Moxifloxacin,p.Pro8Ala,missense_variant,3) Uncertain significance,P8A,0.03333333333333333
P8L,0.028446253,gyrA,Levofloxacin,p.Pro8Leu,missense_variant,3) Uncertain significance,P8L,1.0
P8L,0.028446253,gyrA,Moxifloxacin,p.Pro8Leu,missense_variant,3) Uncertain significance,P8L,0.0
S104L,0.025181673,gyrA,Levofloxacin,p.Ser104Leu,missense_variant,3) Uncertain significance,S104L,0.0
S104L,0.025181673,gyrA,Moxifloxacin,p.Ser104Leu,missense_variant,3) Uncertain significance,S104L,0.0
S168N,0.023425903,gyrA,Levofloxacin,p.Ser168Asn,missense_variant,3) Uncertain significance,S168N,0.0
S168T,0.01736414,gyrA,Levofloxacin,p.Ser168Thr,missense_variant,3) Uncertain significance,S168T,0.0
S168T,0.01736414,gyrA,Moxifloxacin,p.Ser168Thr,missense_variant,3) Uncertain significance,S168T,0.0
S237A,0.017440435,gyrA,Levofloxacin,p.Ser237Ala,missense_variant,3) Uncertain significance,S237A,0.3333333333333333
S237A,0.017440435,gyrA,Moxifloxacin,p.Ser237Ala,missense_variant,3) Uncertain significance,S237A,0.0
S237P,0.022144342,gyrA,Levofloxacin,p.Ser237Pro,missense_variant,3) Uncertain significance,S237P,0.0
S237P,0.022144342,gyrA,Moxifloxacin,p.Ser237Pro,missense_variant,3) Uncertain significance,S237P,0.0
S250A,0.017387066,gyrA,Levofloxacin,p.Ser250Ala,missense_variant,3) Uncertain significance,S250A,0.0
S250A,0.017387066,gyrA,Moxifloxacin,p.Ser250Ala,missense_variant,3) Uncertain significance,S250A,0.0
S250Y,0.030736618,gyrA,Levofloxacin,p.Ser250Tyr,missense_variant,3) Uncertain significance,S250Y,0.0
S250Y,0.030736618,gyrA,Moxifloxacin,p.Ser250Tyr,missense_variant,3) Uncertain significance,S250Y,0.0
S34R,0.01824357,gyrA,Levofloxacin,p.Ser34Arg,missense_variant,3) Uncertain significance,S34R,0.0
S411A,0.02908963,gyrA,Levofloxacin,p.Ser411Ala,missense_variant,3) Uncertain significance,S411A,0.0
S411A,0.02908963,gyrA,Moxifloxacin,p.Ser411Ala,missense_variant,3) Uncertain significance,S411A,0.0
S506N,0.028228166,gyrA,Levofloxacin,p.Ser506Asn,missense_variant,3) Uncertain significance,S506N,0.0
S506N,0.028228166,gyrA,Moxifloxacin,p.Ser506Asn,missense_variant,3) Uncertain significance,S506N,0.0
S536R,0.029328901,gyrA,Levofloxacin,p.Ser536Arg,missense_variant,3) Uncertain significance,S536R,0.0
S536R,0.029328901,gyrA,Moxifloxacin,p.Ser536Arg,missense_variant,3) Uncertain significance,S536R,0.0
S62F,0.022527909,gyrA,Levofloxacin,p.Ser62Phe,missense_variant,3) Uncertain significance,S62F,0.0
S62F,0.022527909,gyrA,Moxifloxacin,p.Ser62Phe,missense_variant,3) Uncertain significance,S62F,0.0
S642C,0.08154042,gyrA,Levofloxacin,p.Ser642Cys,missense_variant,3) Uncertain significance,S642C,0.0
S642C,0.08154042,gyrA,Moxifloxacin,p.Ser642Cys,missense_variant,3) Uncertain significance,S642C,0.0
S698L,0.028792221,gyrA,Levofloxacin,p.Ser698Leu,missense_variant,3) Uncertain significance,S698L,0.0
S698L,0.028792221,gyrA,Moxifloxacin,p.Ser698Leu,missense_variant,3) Uncertain significance,S698L,0.2
S69G,0.017428922,gyrA,Levofloxacin,p.Ser69Gly,missense_variant,3) Uncertain significance,S69G,0.0
S69G,0.017428922,gyrA,Moxifloxacin,p.Ser69Gly,missense_variant,3) Uncertain significance,S69G,0.0
S728A,0.034287725,gyrA,Levofloxacin,p.Ser728Ala,missense_variant,3) Uncertain significance,S728A,0.0
S728A,0.034287725,gyrA,Moxifloxacin,p.Ser728Ala,missense_variant,3) Uncertain significance,S728A,0.0
S772R,0.03550741,gyrA,Levofloxacin,p.Ser772Arg,missense_variant,3) Uncertain significance,S772R,0.0
S91P,0.021954851,gyrA,Levofloxacin,p.Ser91Pro,missense_variant,1) Assoc w R,S91P,0.8430769230769231
S91P,0.021954851,gyrA,Moxifloxacin,p.Ser91Pro,missense_variant,1) Assoc w R,S91P,0.720164609053498
S95A,0.020587655,gyrA,Levofloxacin,p.Ser95Ala,missense_variant,3) Uncertain significance,S95A,0.6666666666666666
S95A,0.020587655,gyrA,Moxifloxacin,p.Ser95Ala,missense_variant,3) Uncertain significance,S95A,0.5714285714285714
S95T,0.016950835,gyrA,Levofloxacin,p.Ser95Thr,missense_variant,5) Not assoc w R,S95T,0.21292514255671938
S95T,0.016950835,gyrA,Moxifloxacin,p.Ser95Thr,missense_variant,5) Not assoc w R,S95T,0.17723294163160694
T230S,0.017632084,gyrA,Levofloxacin,p.Thr230Ser,missense_variant,3) Uncertain significance,T230S,0.0
T230S,0.017632084,gyrA,Moxifloxacin,p.Thr230Ser,missense_variant,3) Uncertain significance,T230S,0.0
T246A,0.016347473,gyrA,Levofloxacin,p.Thr246Ala,missense_variant,3) Uncertain significance,T246A,0.0
T267I,0.024285138,gyrA,Levofloxacin,p.Thr267Ile,missense_variant,3) Uncertain significance,T267I,0.3157894736842105
T267I,0.024285138,gyrA,Moxifloxacin,p.Thr267Ile,missense_variant,3) Uncertain significance,T267I,0.13333333333333333
T272I,0.030649628,gyrA,Levofloxacin,p.Thr272Ile,missense_variant,3) Uncertain significance,T272I,0.125
T272I,0.030649628,gyrA,Moxifloxacin,p.Thr272Ile,missense_variant,3) Uncertain significance,T272I,0.14285714285714285
T339S,0.017593488,gyrA,Levofloxacin,p.Thr339Ser,missense_variant,3) Uncertain significance,T339S,0.0
T339S,0.017593488,gyrA,Moxifloxacin,p.Thr339Ser,missense_variant,3) Uncertain significance,T339S,0.0
T355A,0.017336404,gyrA,Levofloxacin,p.Thr355Ala,missense_variant,3) Uncertain significance,T355A,0.0
T355A,0.017336404,gyrA,Moxifloxacin,p.Thr355Ala,missense_variant,3) Uncertain significance,T355A,0.0
T355M,0.033077624,gyrA,Levofloxacin,p.Thr355Met,missense_variant,3) Uncertain significance,T355M,0.0
T355M,0.033077624,gyrA,Moxifloxacin,p.Thr355Met,missense_variant,3) Uncertain significance,T355M,0.0
T355S,0.022662256,gyrA,Levofloxacin,p.Thr355Ser,missense_variant,3) Uncertain significance,T355S,0.0
T377I,0.027037015,gyrA,Levofloxacin,p.Thr377Ile,missense_variant,3) Uncertain significance,T377I,0.16666666666666666
T377I,0.027037015,gyrA,Moxifloxacin,p.Thr377Ile,missense_variant,3) Uncertain significance,T377I,0.0
T378N,0.02211155,gyrA,Levofloxacin,p.Thr378Asn,missense_variant,3) Uncertain significance,T378N,0.0
T378I,0.02409216,gyrA,Levofloxacin,p.Thr378Ile,missense_variant,3) Uncertain significance,T378I,0.0
T378I,0.02409216,gyrA,Moxifloxacin,p.Thr378Ile,missense_variant,3) Uncertain significance,T378I,0.0
T413A,0.021939164,gyrA,Levofloxacin,p.Thr413Ala,missense_variant,3) Uncertain significance,T413A,1.0
T413A,0.021939164,gyrA,Moxifloxacin,p.Thr413Ala,missense_variant,3) Uncertain significance,T413A,0.0
T563S,0.02269483,gyrA,Levofloxacin,p.Thr563Ser,missense_variant,3) Uncertain significance,T563S,0.0
T563S,0.02269483,gyrA,Moxifloxacin,p.Thr563Ser,missense_variant,3) Uncertain significance,T563S,0.0
T572N,0.030319633,gyrA,Levofloxacin,p.Thr572Asn,missense_variant,3) Uncertain significance,T572N,0.0
T572N,0.030319633,gyrA,Moxifloxacin,p.Thr572Asn,missense_variant,3) Uncertain significance,T572N,0.0
T590A,0.024930656,gyrA,Levofloxacin,p.Thr590Ala,missense_variant,3) Uncertain significance,T590A,0.5
T590A,0.024930656,gyrA,Moxifloxacin,p.Thr590Ala,missense_variant,3) Uncertain significance,T590A,0.5
T590M,0.045674957,gyrA,Levofloxacin,p.Thr590Met,missense_variant,3) Uncertain significance,T590M,0.0
T590M,0.045674957,gyrA,Moxifloxacin,p.Thr590Met,missense_variant,3) Uncertain significance,T590M,0.0
T5A,0.021835633,gyrA,Levofloxacin,p.Thr5Ala,missense_variant,3) Uncertain significance,T5A,0.23076923076923078
T5A,0.021835633,gyrA,Moxifloxacin,p.Thr5Ala,missense_variant,3) Uncertain significance,T5A,0.21428571428571427
T638N,0.0314886,gyrA,Levofloxacin,p.Thr638Asn,missense_variant,3) Uncertain significance,T638N,0.0
T638N,0.0314886,gyrA,Moxifloxacin,p.Thr638Asn,missense_variant,3) Uncertain significance,T638N,0.0
T638I,0.02824988,gyrA,Levofloxacin,p.Thr638Ile,missense_variant,3) Uncertain significance,T638I,0.0
T638I,0.02824988,gyrA,Moxifloxacin,p.Thr638Ile,missense_variant,3) Uncertain significance,T638I,0.0
T686S,0.029062323,gyrA,Levofloxacin,p.Thr686Ser,missense_variant,3) Uncertain significance,T686S,0.0
T686S,0.029062323,gyrA,Moxifloxacin,p.Thr686Ser,missense_variant,3) Uncertain significance,T686S,0.0
T697A,0.026317976,gyrA,Levofloxacin,p.Thr697Ala,missense_variant,3) Uncertain significance,T697A,0.0
T697A,0.026317976,gyrA,Moxifloxacin,p.Thr697Ala,missense_variant,3) Uncertain significance,T697A,0.0
T735S,0.021970753,gyrA,Levofloxacin,p.Thr735Ser,missense_variant,3) Uncertain significance,T735S,0.6666666666666666
T735S,0.021970753,gyrA,Moxifloxacin,p.Thr735Ser,missense_variant,3) Uncertain significance,T735S,0.0
T80A,0.018483851,gyrA,Levofloxacin,p.Thr80Ala,missense_variant,5) Not assoc w R,T80A,0.04878048780487805
T80A,0.018483851,gyrA,Moxifloxacin,p.Thr80Ala,missense_variant,4) Not assoc w R - Interim,T80A,0.1111111111111111
T836A,0.024052143,gyrA,Levofloxacin,p.Thr836Ala,missense_variant,3) Uncertain significance,T836A,0.5
T836A,0.024052143,gyrA,Moxifloxacin,p.Thr836Ala,missense_variant,3) Uncertain significance,T836A,0.5
T836R,0.036787268,gyrA,Levofloxacin,p.Thr836Arg,missense_variant,3) Uncertain significance,T836R,0.16666666666666666
T836R,0.036787268,gyrA,Moxifloxacin,p.Thr836Arg,missense_variant,3) Uncertain significance,T836R,0.0
T836K,0.04314269,gyrA,Levofloxacin,p.Thr836Lys,missense_variant,3) Uncertain significance,T836K,0.0
T836K,0.04314269,gyrA,Moxifloxacin,p.Thr836Lys,missense_variant,3) Uncertain significance,T836K,0.0
T836M,0.046323914,gyrA,Levofloxacin,p.Thr836Met,missense_variant,3) Uncertain significance,T836M,0.0
Y276H,0.03573923,gyrA,Levofloxacin,p.Tyr276His,missense_variant,3) Uncertain significance,Y276H,0.0
Y276H,0.03573923,gyrA,Moxifloxacin,p.Tyr276His,missense_variant,3) Uncertain significance,Y276H,0.0
Y364D,0.040550284,gyrA,Levofloxacin,p.Tyr364Asp,missense_variant,3) Uncertain significance,Y364D,0.0
Y365H,0.0406899,gyrA,Levofloxacin,p.Tyr365His,missense_variant,3) Uncertain significance,Y365H,0.0
Y365H,0.0406899,gyrA,Moxifloxacin,p.Tyr365His,missense_variant,3) Uncertain significance,Y365H,0.0
Y379C,0.09242067,gyrA,Levofloxacin,p.Tyr379Cys,missense_variant,3) Uncertain significance,Y379C,0.7142857142857143
Y379C,0.09242067,gyrA,Moxifloxacin,p.Tyr379Cys,missense_variant,3) Uncertain significance,Y379C,0.5714285714285714
Y722C,0.08963633,gyrA,Levofloxacin,p.Tyr722Cys,missense_variant,3) Uncertain significance,Y722C,0.0
Y722C,0.08963633,gyrA,Moxifloxacin,p.Tyr722Cys,missense_variant,3) Uncertain significance,Y722C,0.0
V223I,0.015991807,gyrA,Levofloxacin,p.Val223Ile,missense_variant,3) Uncertain significance,V223I,0.0
V223I,0.015991807,gyrA,Moxifloxacin,p.Val223Ile,missense_variant,3) Uncertain significance,V223I,0.0
V235A,0.025965491,gyrA,Levofloxacin,p.Val235Ala,missense_variant,3) Uncertain significance,V235A,0.0
V235A,0.025965491,gyrA,Moxifloxacin,p.Val235Ala,missense_variant,3) Uncertain significance,V235A,0.0
V257L,0.01982186,gyrA,Levofloxacin,p.Val257Leu,missense_variant,3) Uncertain significance,V257L,0.0
V257L,0.01982186,gyrA,Moxifloxacin,p.Val257Leu,missense_variant,3) Uncertain significance,V257L,0.0
V278I,0.019941831,gyrA,Levofloxacin,p.Val278Ile,missense_variant,3) Uncertain significance,V278I,0.0
V278I,0.019941831,gyrA,Moxifloxacin,p.Val278Ile,missense_variant,3) Uncertain significance,V278I,0.0
V310I,0.018378338,gyrA,Levofloxacin,p.Val310Ile,missense_variant,3) Uncertain significance,V310I,0.0
V310I,0.018378338,gyrA,Moxifloxacin,p.Val310Ile,missense_variant,3) Uncertain significance,V310I,0.0
V326G,0.02779238,gyrA,Levofloxacin,p.Val326Gly,missense_variant,3) Uncertain significance,V326G,0.3333333333333333
V326G,0.02779238,gyrA,Moxifloxacin,p.Val326Gly,missense_variant,3) Uncertain significance,V326G,0.0
V326L,0.019484375,gyrA,Levofloxacin,p.Val326Leu,missense_variant,3) Uncertain significance,V326L,0.0
V327L,0.017768627,gyrA,Levofloxacin,p.Val327Leu,missense_variant,3) Uncertain significance,V327L,0.0
V327L,0.017768627,gyrA,Moxifloxacin,p.Val327Leu,missense_variant,3) Uncertain significance,V327L,0.0
V352A,0.032425515,gyrA,Levofloxacin,p.Val352Ala,missense_variant,3) Uncertain significance,V352A,0.0
V352L,0.022614447,gyrA,Levofloxacin,p.Val352Leu,missense_variant,3) Uncertain significance,V352L,0.0
V352L,0.022614447,gyrA,Moxifloxacin,p.Val352Leu,missense_variant,3) Uncertain significance,V352L,0.0
V352M,0.039710596,gyrA,Levofloxacin,p.Val352Met,missense_variant,3) Uncertain significance,V352M,0.0
V352M,0.039710596,gyrA,Moxifloxacin,p.Val352Met,missense_variant,3) Uncertain significance,V352M,0.0
V372A,0.023279445,gyrA,Levofloxacin,p.Val372Ala,missense_variant,3) Uncertain significance,V372A,0.0
V479M,0.038598675,gyrA,Levofloxacin,p.Val479Met,missense_variant,3) Uncertain significance,V479M,0.0
V479M,0.038598675,gyrA,Moxifloxacin,p.Val479Met,missense_variant,3) Uncertain significance,V479M,0.0
V516A,0.03251373,gyrA,Levofloxacin,p.Val516Ala,missense_variant,3) Uncertain significance,V516A,0.0
V516A,0.03251373,gyrA,Moxifloxacin,p.Val516Ala,missense_variant,3) Uncertain significance,V516A,0.0
V517L,0.02555143,gyrA,Levofloxacin,p.Val517Leu,missense_variant,3) Uncertain significance,V517L,0.0
V517L,0.02555143,gyrA,Moxifloxacin,p.Val517Leu,missense_variant,3) Uncertain significance,V517L,0.0
V51A,0.017366951,gyrA,Levofloxacin,p.Val51Ala,missense_variant,3) Uncertain significance,V51A,0.0
V51A,0.017366951,gyrA,Moxifloxacin,p.Val51Ala,missense_variant,3) Uncertain significance,V51A,0.0
V544L,0.02560328,gyrA,Levofloxacin,p.Val544Leu,missense_variant,3) Uncertain significance,V544L,0.0
V544L,0.02560328,gyrA,Moxifloxacin,p.Val544Leu,missense_variant,3) Uncertain significance,V544L,0.0
V596M,0.033945985,gyrA,Levofloxacin,p.Val596Met,missense_variant,3) Uncertain significance,V596M,1.0
V596M,0.033945985,gyrA,Moxifloxacin,p.Val596Met,missense_variant,3) Uncertain significance,V596M,1.0
V624L,0.034262158,gyrA,Levofloxacin,p.Val624Leu,missense_variant,3) Uncertain significance,V624L,0.6
V624L,0.034262158,gyrA,Moxifloxacin,p.Val624Leu,missense_variant,3) Uncertain significance,V624L,0.6666666666666666
V649M,0.03241387,gyrA,Levofloxacin,p.Val649Met,missense_variant,3) Uncertain significance,V649M,0.0
V649M,0.03241387,gyrA,Moxifloxacin,p.Val649Met,missense_variant,3) Uncertain significance,V649M,0.0
V651A,0.026094558,gyrA,Levofloxacin,p.Val651Ala,missense_variant,3) Uncertain significance,V651A,0.0
V651A,0.026094558,gyrA,Moxifloxacin,p.Val651Ala,missense_variant,3) Uncertain significance,V651A,0.0
V651I,0.019447017,gyrA,Levofloxacin,p.Val651Ile,missense_variant,3) Uncertain significance,V651I,0.0
V651I,0.019447017,gyrA,Moxifloxacin,p.Val651Ile,missense_variant,3) Uncertain significance,V651I,0.0
V674I,0.019612528,gyrA,Levofloxacin,p.Val674Ile,missense_variant,3) Uncertain significance,V674I,0.0
V674I,0.019612528,gyrA,Moxifloxacin,p.Val674Ile,missense_variant,3) Uncertain significance,V674I,0.0
V716F,0.032371927,gyrA,Levofloxacin,p.Val716Phe,missense_variant,3) Uncertain significance,V716F,0.0
V716F,0.032371927,gyrA,Moxifloxacin,p.Val716Phe,missense_variant,3) Uncertain significance,V716F,0.0
V742L,0.019629773,gyrA,Levofloxacin,p.Val742Leu,missense_variant,3) Uncertain significance,V742L,0.0
V750A,0.030361123,gyrA,Levofloxacin,p.Val750Ala,missense_variant,3) Uncertain significance,V750A,0.0
V750A,0.030361123,gyrA,Moxifloxacin,p.Val750Ala,missense_variant,3) Uncertain significance,V750A,0.0
V768A,0.04176434,gyrA,Levofloxacin,p.Val768Ala,missense_variant,3) Uncertain significance,V768A,0.0
V768A,0.04176434,gyrA,Moxifloxacin,p.Val768Ala,missense_variant,3) Uncertain significance,V768A,0.0
V783L,0.020915752,gyrA,Levofloxacin,p.Val783Leu,missense_variant,3) Uncertain significance,V783L,0.0
V783L,0.020915752,gyrA,Moxifloxacin,p.Val783Leu,missense_variant,3) Uncertain significance,V783L,0.0
V783M,0.031959232,gyrA,Levofloxacin,p.Val783Met,missense_variant,3) Uncertain significance,V783M,0.0
V783M,0.031959232,gyrA,Moxifloxacin,p.Val783Met,missense_variant,3) Uncertain significance,V783M,0.0
A126V,0.014900643,gyrA,Moxifloxacin,p.Ala126Val,missense_variant,3) Uncertain significance,A126V,0.0
A217V,0.03087798,gyrA,Moxifloxacin,p.Ala217Val,missense_variant,3) Uncertain significance,A217V,0.0
A406P,0.035338957,gyrA,Moxifloxacin,p.Ala406Pro,missense_variant,3) Uncertain significance,A406P,0.0
R128K,0.030174641,gyrA,Moxifloxacin,p.Arg128Lys,missense_variant,3) Uncertain significance,R128K,1.0
R497W,0.05387374,gyrA,Moxifloxacin,p.Arg497Trp,missense_variant,3) Uncertain significance,R497W,0.0
R68S,0.021320263,gyrA,Moxifloxacin,p.Arg68Ser,missense_variant,3) Uncertain significance,R68S,0.0
D30N,0.018307542,gyrA,Moxifloxacin,p.Asp30Asn,missense_variant,3) Uncertain significance,D30N,0.0
D467E,0.021249643,gyrA,Moxifloxacin,p.Asp467Glu,missense_variant,3) Uncertain significance,D467E,0.0
G265S,0.029678687,gyrA,Moxifloxacin,p.Gly265Ser,missense_variant,3) Uncertain significance,G265S,0.0
G63A,0.022841983,gyrA,Moxifloxacin,p.Gly63Ala,missense_variant,3) Uncertain significance,G63A,0.0
G646S,0.030097397,gyrA,Moxifloxacin,p.Gly646Ser,missense_variant,3) Uncertain significance,G646S,0.0
K319T,0.02960589,gyrA,Moxifloxacin,p.Lys319Thr,missense_variant,3) Uncertain significance,K319T,1.0
P123Q,0.028215323,gyrA,Moxifloxacin,p.Pro123Gln,missense_variant,3) Uncertain significance,P123Q,0.0
S645L,0.025808536,gyrA,Moxifloxacin,p.Ser645Leu,missense_variant,3) Uncertain significance,S645L,0.0
S680A,0.03126021,gyrA,Moxifloxacin,p.Ser680Ala,missense_variant,3) Uncertain significance,S680A,0.0
V150A,0.019885883,gyrA,Moxifloxacin,p.Val150Ala,missense_variant,3) Uncertain significance,V150A,0.0
V310F,0.02312394,gyrA,Moxifloxacin,p.Val310Phe,missense_variant,3) Uncertain significance,V310F,0.0
V716G,0.034188975,gyrA,Moxifloxacin,p.Val716Gly,missense_variant,3) Uncertain significance,V716G,0.0
A107S,0.03508861,ethA,Ethionamide,p.Ala107Ser,missense_variant,3) Uncertain significance,A107S,0.0
A112G,0.04262388,ethA,Ethionamide,p.Ala112Gly,missense_variant,3) Uncertain significance,A112G,0.14285714285714285
A112V,0.047700826,ethA,Ethionamide,p.Ala112Val,missense_variant,3) Uncertain significance,A112V,0.0
A12V,0.04069345,ethA,Ethionamide,p.Ala12Val,missense_variant,3) Uncertain significance,A12V,0.0
A152V,0.035119466,ethA,Ethionamide,p.Ala152Val,missense_variant,3) Uncertain significance,A152V,0.0
A175T,0.036496617,ethA,Ethionamide,p.Ala175Thr,missense_variant,3) Uncertain significance,A175T,0.0
A185E,0.05887863,ethA,Ethionamide,p.Ala185Glu,missense_variant,3) Uncertain significance,A185E,1.0
A185G,0.07494629,ethA,Ethionamide,p.Ala185Gly,missense_variant,3) Uncertain significance,A185G,0.0
A185V,0.043044854,ethA,Ethionamide,p.Ala185Val,missense_variant,3) Uncertain significance,A185V,0.6666666666666666
A187E,0.116636194,ethA,Ethionamide,p.Ala187Glu,missense_variant,3) Uncertain significance,A187E,1.0
A187V,0.072942816,ethA,Ethionamide,p.Ala187Val,missense_variant,3) Uncertain significance,A187V,0.6
A199V,0.029932257,ethA,Ethionamide,p.Ala199Val,missense_variant,3) Uncertain significance,A199V,0.0
A19E,0.061486218,ethA,Ethionamide,p.Ala19Glu,missense_variant,3) Uncertain significance,A19E,0.5
A19T,0.06037293,ethA,Ethionamide,p.Ala19Thr,missense_variant,3) Uncertain significance,A19T,1.0
A19V,0.052406985,ethA,Ethionamide,p.Ala19Val,missense_variant,3) Uncertain significance,A19V,0.6666666666666666
A20D,0.067385554,ethA,Ethionamide,p.Ala20Asp,missense_variant,3) Uncertain significance,A20D,0.5
A20P,0.06885525,ethA,Ethionamide,p.Ala20Pro,missense_variant,3) Uncertain significance,A20P,0.0
A20S,0.044335753,ethA,Ethionamide,p.Ala20Ser,missense_variant,3) Uncertain significance,A20S,0.42857142857142855
A20V,0.04154306,ethA,Ethionamide,p.Ala20Val,missense_variant,3) Uncertain significance,A20V,0.6666666666666666
A222T,0.0237391,ethA,Ethionamide,p.Ala222Thr,missense_variant,3) Uncertain significance,A222T,1.0
A222V,0.027569236,ethA,Ethionamide,p.Ala222Val,missense_variant,3) Uncertain significance,A222V,0.0
A234D,0.044126477,ethA,Ethionamide,p.Ala234Asp,missense_variant,3) Uncertain significance,A234D,0.5
A247P,0.033432554,ethA,Ethionamide,p.Ala247Pro,missense_variant,3) Uncertain significance,A247P,0.3333333333333333
A248D,0.0547541,ethA,Ethionamide,p.Ala248Asp,missense_variant,3) Uncertain significance,A248D,0.0
A248P,0.027891492,ethA,Ethionamide,p.Ala248Pro,missense_variant,3) Uncertain significance,A248P,1.0
A304V,0.0332664,ethA,Ethionamide,p.Ala304Val,missense_variant,3) Uncertain significance,A304V,1.0
A322V,0.04278247,ethA,Ethionamide,p.Ala322Val,missense_variant,3) Uncertain significance,A322V,0.0
A335D,0.0670289,ethA,Ethionamide,p.Ala335Asp,missense_variant,3) Uncertain significance,A335D,0.3333333333333333
A33G,0.029676454,ethA,Ethionamide,p.Ala33Gly,missense_variant,3) Uncertain significance,A33G,0.13333333333333333
A33P,0.08099123,ethA,Ethionamide,p.Ala33Pro,missense_variant,3) Uncertain significance,A33P,0.0
A341E,0.094558574,ethA,Ethionamide,p.Ala341Glu,missense_variant,3) Uncertain significance,A341E,0.75
A341V,0.087010615,ethA,Ethionamide,p.Ala341Val,missense_variant,2) Assoc w R - Interim,A341V,0.7083333333333334
A352E,0.04395774,ethA,Ethionamide,p.Ala352Glu,missense_variant,3) Uncertain significance,A352E,0.5
A354G,0.036334578,ethA,Ethionamide,p.Ala354Gly,missense_variant,3) Uncertain significance,A354G,0.0
A381P,0.038448956,ethA,Ethionamide,p.Ala381Pro,missense_variant,3) Uncertain significance,A381P,0.49583333333333335
A389D,0.035309486,ethA,Ethionamide,p.Ala389Asp,missense_variant,3) Uncertain significance,A389D,0.0
A395D,0.04105856,ethA,Ethionamide,p.Ala395Asp,missense_variant,3) Uncertain significance,A395D,0.0
A481T,0.03382571,ethA,Ethionamide,p.Ala481Thr,missense_variant,3) Uncertain significance,A481T,0.0
A74E,0.029972836,ethA,Ethionamide,p.Ala74Glu,missense_variant,3) Uncertain significance,A74E,0.0
A74P,0.02792843,ethA,Ethionamide,p.Ala74Pro,missense_variant,3) Uncertain significance,A74P,0.0
A74V,0.024529183,ethA,Ethionamide,p.Ala74Val,missense_variant,3) Uncertain significance,A74V,0.0
A76D,0.035326626,ethA,Ethionamide,p.Ala76Asp,missense_variant,3) Uncertain significance,A76D,0.3333333333333333
A76V,0.034312643,ethA,Ethionamide,p.Ala76Val,missense_variant,3) Uncertain significance,A76V,1.0
A89E,0.058513407,ethA,Ethionamide,p.Ala89Glu,missense_variant,3) Uncertain significance,A89E,0.2916666666666667
A90T,0.041966576,ethA,Ethionamide,p.Ala90Thr,missense_variant,3) Uncertain significance,A90T,0.0
R115C,0.07361899,ethA,Ethionamide,p.Arg115Cys,missense_variant,3) Uncertain significance,R115C,0.0
R207C,0.048979435,ethA,Ethionamide,p.Arg207Cys,missense_variant,3) Uncertain significance,R207C,0.4
R207G,0.043315433,ethA,Ethionamide,p.Arg207Gly,missense_variant,1) Assoc w R,R207G,0.6
R207H,0.030107444,ethA,Ethionamide,p.Arg207His,missense_variant,3) Uncertain significance,R207H,0.5
R207S,0.033787847,ethA,Ethionamide,p.Arg207Ser,missense_variant,3) Uncertain significance,R207S,0.3333333333333333
R218W,0.049625907,ethA,Ethionamide,p.Arg218Trp,missense_variant,3) Uncertain significance,R218W,0.0
R227P,0.045336906,ethA,Ethionamide,p.Arg227Pro,missense_variant,3) Uncertain significance,R227P,0.0
R239Q,0.037904684,ethA,Ethionamide,p.Arg239Gln,missense_variant,3) Uncertain significance,R239Q,0.3333333333333333
R239G,0.04106345,ethA,Ethionamide,p.Arg239Gly,missense_variant,3) Uncertain significance,R239G,0.0
R239W,0.050727326,ethA,Ethionamide,p.Arg239Trp,missense_variant,3) Uncertain significance,R239W,0.6666666666666666
R245H,0.03723933,ethA,Ethionamide,p.Arg245His,missense_variant,3) Uncertain significance,R245H,0.0
R261W,0.05572966,ethA,Ethionamide,p.Arg261Trp,missense_variant,3) Uncertain significance,R261W,0.5
R270H,0.036371876,ethA,Ethionamide,p.Arg270His,missense_variant,3) Uncertain significance,R270H,0.0
R292Q,0.03243675,ethA,Ethionamide,p.Arg292Gln,missense_variant,3) Uncertain significance,R292Q,0.0
R303P,0.053128596,ethA,Ethionamide,p.Arg303Pro,missense_variant,3) Uncertain significance,R303P,1.0
R326Q,0.05748551,ethA,Ethionamide,p.Arg326Gln,missense_variant,3) Uncertain significance,R326Q,0.0
R38P,0.041302223,ethA,Ethionamide,p.Arg38Pro,missense_variant,3) Uncertain significance,R38P,1.0
R38W,0.06536392,ethA,Ethionamide,p.Arg38Trp,missense_variant,3) Uncertain significance,R38W,0.0
R404L,0.054297917,ethA,Ethionamide,p.Arg404Leu,missense_variant,3) Uncertain significance,R404L,0.6666666666666666
R441C,0.07695059,ethA,Ethionamide,p.Arg441Cys,missense_variant,3) Uncertain significance,R441C,0.5
R441H,0.0353152,ethA,Ethionamide,p.Arg441His,missense_variant,3) Uncertain significance,R441H,0.0
R441L,0.073138125,ethA,Ethionamide,p.Arg441Leu,missense_variant,3) Uncertain significance,R441L,0.0
R441P,0.04266659,ethA,Ethionamide,p.Arg441Pro,missense_variant,3) Uncertain significance,R441P,1.0
R466W,0.05388074,ethA,Ethionamide,p.Arg466Trp,missense_variant,3) Uncertain significance,R466W,0.0
R469P,0.040583756,ethA,Ethionamide,p.Arg469Pro,missense_variant,3) Uncertain significance,R469P,1.0
R469W,0.051122002,ethA,Ethionamide,p.Arg469Trp,missense_variant,3) Uncertain significance,R469W,0.4
R470S,0.035615742,ethA,Ethionamide,p.Arg470Ser,missense_variant,3) Uncertain significance,R470S,0.0
R479P,0.029749863,ethA,Ethionamide,p.Arg479Pro,missense_variant,3) Uncertain significance,R479P,1.0
R54C,0.048789974,ethA,Ethionamide,p.Arg54Cys,missense_variant,3) Uncertain significance,R54C,0.75
R54H,0.028432084,ethA,Ethionamide,p.Arg54His,missense_variant,3) Uncertain significance,R54H,0.0
R54L,0.03261243,ethA,Ethionamide,p.Arg54Leu,missense_variant,3) Uncertain significance,R54L,1.0
R54S,0.031082436,ethA,Ethionamide,p.Arg54Ser,missense_variant,3) Uncertain significance,R54S,1.0
R65P,0.03427996,ethA,Ethionamide,p.Arg65Pro,missense_variant,3) Uncertain significance,R65P,0.25
R67H,0.0278476,ethA,Ethionamide,p.Arg67His,missense_variant,3) Uncertain significance,R67H,0.0
R72W,0.041189045,ethA,Ethionamide,p.Arg72Trp,missense_variant,3) Uncertain significance,R72W,0.0
R96K,0.03767653,ethA,Ethionamide,p.Arg96Lys,missense_variant,3) Uncertain significance,R96K,1.0
N242D,0.036018778,ethA,Ethionamide,p.Asn242Asp,missense_variant,3) Uncertain significance,N242D,1.0
N242T,0.023309965,ethA,Ethionamide,p.Asn242Thr,missense_variant,3) Uncertain significance,N242T,0.0
N287K,0.028457575,ethA,Ethionamide,p.Asn287Lys,missense_variant,3) Uncertain significance,N287K,0.3333333333333333
N298H,0.022949282,ethA,Ethionamide,p.Asn298His,missense_variant,3) Uncertain significance,N298H,0.0
N298T,0.02116053,ethA,Ethionamide,p.Asn298Thr,missense_variant,3) Uncertain significance,N298T,0.0
N345K,0.03937923,ethA,Ethionamide,p.Asn345Lys,missense_variant,3) Uncertain significance,N345K,0.3888888888888889
N379D,0.04686356,ethA,Ethionamide,p.Asn379Asp,missense_variant,2) Assoc w R - Interim,N379D,0.4206896551724138
N379H,0.035782456,ethA,Ethionamide,p.Asn379His,missense_variant,3) Uncertain significance,N379H,1.0
N379K,0.03274166,ethA,Ethionamide,p.Asn379Lys,missense_variant,3) Uncertain significance,N379K,0.3333333333333333
N379S,0.029760843,ethA,Ethionamide,p.Asn379Ser,missense_variant,3) Uncertain significance,N379S,0.0
N379T,0.026746225,ethA,Ethionamide,p.Asn379Thr,missense_variant,3) Uncertain significance,N379T,0.0
N458V,0.054111943,ethA,Ethionamide,p.Asn458Val,missense_variant,3) Uncertain significance,N458V,1.0
D144N,0.034477785,ethA,Ethionamide,p.Asp144Asn,missense_variant,3) Uncertain significance,D144N,0.0
D144G,0.032221306,ethA,Ethionamide,p.Asp144Gly,missense_variant,3) Uncertain significance,D144G,0.0
D174G,0.038503326,ethA,Ethionamide,p.Asp174Gly,missense_variant,3) Uncertain significance,D174G,0.0
D196N,0.04623336,ethA,Ethionamide,p.Asp196Asn,missense_variant,3) Uncertain significance,D196N,0.0
D196E,0.028022286,ethA,Ethionamide,p.Asp196Glu,missense_variant,3) Uncertain significance,D196E,0.0
D219E,0.027755156,ethA,Ethionamide,p.Asp219Glu,missense_variant,3) Uncertain significance,D219E,0.0
D219G,0.034279425,ethA,Ethionamide,p.Asp219Gly,missense_variant,3) Uncertain significance,D219G,0.3333333333333333
D336E,0.057408527,ethA,Ethionamide,p.Asp336Glu,missense_variant,3) Uncertain significance,D336E,0.0
D357Y,0.054348502,ethA,Ethionamide,p.Asp357Tyr,missense_variant,3) Uncertain significance,D357Y,0.5
D396N,0.03610459,ethA,Ethionamide,p.Asp396Asn,missense_variant,3) Uncertain significance,D396N,1.0
D396G,0.04211204,ethA,Ethionamide,p.Asp396Gly,missense_variant,3) Uncertain significance,D396G,1.0
D410H,0.043287747,ethA,Ethionamide,p.Asp410His,missense_variant,3) Uncertain significance,D410H,0.0
D415G,0.046453472,ethA,Ethionamide,p.Asp415Gly,missense_variant,3) Uncertain significance,D415G,0.0
D444G,0.032251947,ethA,Ethionamide,p.Asp444Gly,missense_variant,3) Uncertain significance,D444G,1.0
D464G,0.034921158,ethA,Ethionamide,p.Asp464Gly,missense_variant,3) Uncertain significance,D464G,0.1111111111111111
D46N,0.025578758,ethA,Ethionamide,p.Asp46Asn,missense_variant,3) Uncertain significance,D46N,0.0
D56A,0.030668281,ethA,Ethionamide,p.Asp56Ala,missense_variant,3) Uncertain significance,D56A,0.6428571428571429
D56G,0.03204417,ethA,Ethionamide,p.Asp56Gly,missense_variant,3) Uncertain significance,D56G,1.0
D58A,0.028243976,ethA,Ethionamide,p.Asp58Ala,missense_variant,3) Uncertain significance,D58A,0.2
D58N,0.0335905,ethA,Ethionamide,p.Asp58Asn,missense_variant,3) Uncertain significance,D58N,1.0
D58G,0.03221786,ethA,Ethionamide,p.Asp58Gly,missense_variant,3) Uncertain significance,D58G,0.8571428571428571
D58H,0.034453604,ethA,Ethionamide,p.Asp58His,missense_variant,3) Uncertain significance,D58H,0.0
D77G,0.030629737,ethA,Ethionamide,p.Asp77Gly,missense_variant,3) Uncertain significance,D77G,0.3076923076923077
C131R,0.09253587,ethA,Ethionamide,p.Cys131Arg,missense_variant,3) Uncertain significance,C131R,1.0
C131Y,0.06818776,ethA,Ethionamide,p.Cys131Tyr,missense_variant,3) Uncertain significance,C131Y,0.4
C137R,0.11139484,ethA,Ethionamide,p.Cys137Arg,missense_variant,3) Uncertain significance,C137R,0.5483870967741935
C137G,0.073011905,ethA,Ethionamide,p.Cys137Gly,missense_variant,3) Uncertain significance,C137G,0.5
C137F,0.093409926,ethA,Ethionamide,p.Cys137Phe,missense_variant,3) Uncertain significance,C137F,0.5
C137Y,0.085858874,ethA,Ethionamide,p.Cys137Tyr,missense_variant,3) Uncertain significance,C137Y,0.625
C253R,0.051842768,ethA,Ethionamide,p.Cys253Arg,missense_variant,3) Uncertain significance,C253R,0.5
C253G,0.050059564,ethA,Ethionamide,p.Cys253Gly,missense_variant,3) Uncertain significance,C253G,1.0
C253F,0.052110016,ethA,Ethionamide,p.Cys253Phe,missense_variant,3) Uncertain significance,C253F,1.0
C253W,0.057808638,ethA,Ethionamide,p.Cys253Trp,missense_variant,3) Uncertain significance,C253W,1.0
C27Y,0.043751802,ethA,Ethionamide,p.Cys27Tyr,missense_variant,3) Uncertain significance,C27Y,0.3333333333333333
C294F,0.046447307,ethA,Ethionamide,p.Cys294Phe,missense_variant,3) Uncertain significance,C294F,0.5
C294W,0.0586663,ethA,Ethionamide,p.Cys294Trp,missense_variant,3) Uncertain significance,C294W,1.0
C294Y,0.0441446,ethA,Ethionamide,p.Cys294Tyr,missense_variant,3) Uncertain significance,C294Y,0.42857142857142855
C403R,0.06926961,ethA,Ethionamide,p.Cys403Arg,missense_variant,3) Uncertain significance,C403R,0.3333333333333333
C403G,0.059974857,ethA,Ethionamide,p.Cys403Gly,missense_variant,3) Uncertain significance,C403G,0.3333333333333333
C403W,0.060026485,ethA,Ethionamide,p.Cys403Trp,missense_variant,3) Uncertain significance,C403W,0.7142857142857143
C403Y,0.049021516,ethA,Ethionamide,p.Cys403Tyr,missense_variant,2) Assoc w R - Interim,C403Y,1.0
Q165R,0.038086705,ethA,Ethionamide,p.Gln165Arg,missense_variant,3) Uncertain significance,Q165R,0.0
Q165E,0.037651587,ethA,Ethionamide,p.Gln165Glu,missense_variant,3) Uncertain significance,Q165E,0.0
Q165H,0.027496107,ethA,Ethionamide,p.Gln165His,missense_variant,3) Uncertain significance,Q165H,0.5
Q165P,0.041647434,ethA,Ethionamide,p.Gln165Pro,missense_variant,3) Uncertain significance,Q165P,0.15
Q206E,0.03671645,ethA,Ethionamide,p.Gln206Glu,missense_variant,3) Uncertain significance,Q206E,1.0
Q206P,0.039853897,ethA,Ethionamide,p.Gln206Pro,missense_variant,3) Uncertain significance,Q206P,1.0
Q246R,0.035567384,ethA,Ethionamide,p.Gln246Arg,missense_variant,3) Uncertain significance,Q246R,1.0
Q246P,0.03016404,ethA,Ethionamide,p.Gln246Pro,missense_variant,3) Uncertain significance,Q246P,1.0
Q254P,0.028761206,ethA,Ethionamide,p.Gln254Pro,missense_variant,3) Uncertain significance,Q254P,0.5909090909090909
Q271H,0.022636415,ethA,Ethionamide,p.Gln271His,missense_variant,3) Uncertain significance,Q271H,0.0
Q271P,0.03117456,ethA,Ethionamide,p.Gln271Pro,missense_variant,3) Uncertain significance,Q271P,1.0
Q291P,0.036652334,ethA,Ethionamide,p.Gln291Pro,missense_variant,3) Uncertain significance,Q291P,1.0
Q360R,0.039608058,ethA,Ethionamide,p.Gln360Arg,missense_variant,3) Uncertain significance,Q360R,0.0
Q449P,0.03618239,ethA,Ethionamide,p.Gln449Pro,missense_variant,3) Uncertain significance,Q449P,0.0
E113Q,0.0461886,ethA,Ethionamide,p.Glu113Gln,missense_variant,3) Uncertain significance,E113Q,0.0
E311D,0.031242995,ethA,Ethionamide,p.Glu311Asp,missense_variant,3) Uncertain significance,E311D,0.0
E36Q,0.03924023,ethA,Ethionamide,p.Glu36Gln,missense_variant,3) Uncertain significance,E36Q,1.0
E36K,0.058698986,ethA,Ethionamide,p.Glu36Lys,missense_variant,3) Uncertain significance,E36K,1.0
E3G,0.042838138,ethA,Ethionamide,p.Glu3Gly,missense_variant,3) Uncertain significance,E3G,0.0
E400K,0.056858115,ethA,Ethionamide,p.Glu400Lys,missense_variant,3) Uncertain significance,E400K,1.0
E433D,0.01792699,ethA,Ethionamide,p.Glu433Asp,missense_variant,3) Uncertain significance,E433D,0.0
E476Q,0.046219453,ethA,Ethionamide,p.Glu476Gln,missense_variant,3) Uncertain significance,E476Q,0.0
E83G,0.0519975,ethA,Ethionamide,p.Glu83Gly,missense_variant,3) Uncertain significance,E83G,0.0
G11D,0.12203401,ethA,Ethionamide,p.Gly11Asp,missense_variant,3) Uncertain significance,G11D,0.5
G11C,0.079981826,ethA,Ethionamide,p.Gly11Cys,missense_variant,3) Uncertain significance,G11C,1.0
G11V,0.08803618,ethA,Ethionamide,p.Gly11Val,missense_variant,3) Uncertain significance,G11V,0.9333333333333333
G124D,0.042306505,ethA,Ethionamide,p.Gly124Asp,missense_variant,3) Uncertain significance,G124D,0.0
G124V,0.069275856,ethA,Ethionamide,p.Gly124Val,missense_variant,3) Uncertain significance,G124V,1.0
G139A,0.11566992,ethA,Ethionamide,p.Gly139Ala,missense_variant,3) Uncertain significance,G139A,0.5
G139D,0.12232698,ethA,Ethionamide,p.Gly139Asp,missense_variant,3) Uncertain significance,G139D,0.0
G139C,0.12828043,ethA,Ethionamide,p.Gly139Cys,missense_variant,3) Uncertain significance,G139C,1.0
G139S,0.09833687,ethA,Ethionamide,p.Gly139Ser,missense_variant,3) Uncertain significance,G139S,1.0
G139V,0.14982854,ethA,Ethionamide,p.Gly139Val,missense_variant,3) Uncertain significance,G139V,1.0
G13R,0.11479754,ethA,Ethionamide,p.Gly13Arg,missense_variant,3) Uncertain significance,G13R,1.0
G13E,0.122495,ethA,Ethionamide,p.Gly13Glu,missense_variant,3) Uncertain significance,G13E,0.5
G16D,0.097701885,ethA,Ethionamide,p.Gly16Asp,missense_variant,3) Uncertain significance,G16D,1.0
G182A,0.08237515,ethA,Ethionamide,p.Gly182Ala,missense_variant,3) Uncertain significance,G182A,1.0
G182D,0.123560674,ethA,Ethionamide,p.Gly182Asp,missense_variant,3) Uncertain significance,G182D,0.6
G182C,0.096493915,ethA,Ethionamide,p.Gly182Cys,missense_variant,3) Uncertain significance,G182C,0.3333333333333333
G182S,0.095283985,ethA,Ethionamide,p.Gly182Ser,missense_variant,3) Uncertain significance,G182S,1.0
G184D,0.096773334,ethA,Ethionamide,p.Gly184Asp,missense_variant,3) Uncertain significance,G184D,0.6666666666666666
G184V,0.11672855,ethA,Ethionamide,p.Gly184Val,missense_variant,3) Uncertain significance,G184V,0.0
G198S,0.07905767,ethA,Ethionamide,p.Gly198Ser,missense_variant,3) Uncertain significance,G198S,0.0
G275E,0.029348517,ethA,Ethionamide,p.Gly275Glu,missense_variant,3) Uncertain significance,G275E,1.0
G308W,0.058560316,ethA,Ethionamide,p.Gly308Trp,missense_variant,3) Uncertain significance,G308W,0.0
G324A,0.05324021,ethA,Ethionamide,p.Gly324Ala,missense_variant,3) Uncertain significance,G324A,0.0
G324R,0.057297654,ethA,Ethionamide,p.Gly324Arg,missense_variant,3) Uncertain significance,G324R,0.0
G343A,0.08919274,ethA,Ethionamide,p.Gly343Ala,missense_variant,3) Uncertain significance,G343A,0.0
G343R,0.10251266,ethA,Ethionamide,p.Gly343Arg,missense_variant,3) Uncertain significance,G343R,1.0
G343E,0.1064628,ethA,Ethionamide,p.Gly343Glu,missense_variant,3) Uncertain significance,G343E,1.0
G343V,0.1347241,ethA,Ethionamide,p.Gly343Val,missense_variant,3) Uncertain significance,G343V,0.25
G350C,0.06888833,ethA,Ethionamide,p.Gly350Cys,missense_variant,3) Uncertain significance,G350C,0.0
G350V,0.044077862,ethA,Ethionamide,p.Gly350Val,missense_variant,3) Uncertain significance,G350V,0.0
G351V,0.03309167,ethA,Ethionamide,p.Gly351Val,missense_variant,3) Uncertain significance,G351V,0.0
G371C,0.05876712,ethA,Ethionamide,p.Gly371Cys,missense_variant,3) Uncertain significance,G371C,0.0
G385A,0.0340554,ethA,Ethionamide,p.Gly385Ala,missense_variant,3) Uncertain significance,G385A,1.0
G385D,0.05987031,ethA,Ethionamide,p.Gly385Asp,missense_variant,3) Uncertain significance,G385D,0.0
G413D,0.046907064,ethA,Ethionamide,p.Gly413Asp,missense_variant,3) Uncertain significance,G413D,0.0
G423R,0.03691644,ethA,Ethionamide,p.Gly423Arg,missense_variant,3) Uncertain significance,G423R,0.1111111111111111
G423V,0.027119609,ethA,Ethionamide,p.Gly423Val,missense_variant,3) Uncertain significance,G423V,0.0
G42D,0.037250593,ethA,Ethionamide,p.Gly42Asp,missense_variant,3) Uncertain significance,G42D,0.0
G42C,0.049549706,ethA,Ethionamide,p.Gly42Cys,missense_variant,3) Uncertain significance,G42C,0.5
G42S,0.036847692,ethA,Ethionamide,p.Gly42Ser,missense_variant,3) Uncertain significance,G42S,0.0
G42V,0.039283562,ethA,Ethionamide,p.Gly42Val,missense_variant,3) Uncertain significance,G42V,1.0
G43A,0.032625575,ethA,Ethionamide,p.Gly43Ala,missense_variant,3) Uncertain significance,G43A,0.5
G43R,0.035765626,ethA,Ethionamide,p.Gly43Arg,missense_variant,3) Uncertain significance,G43R,0.0
G43D,0.030722437,ethA,Ethionamide,p.Gly43Asp,missense_variant,3) Uncertain significance,G43D,0.625
G43C,0.044881787,ethA,Ethionamide,p.Gly43Cys,missense_variant,3) Uncertain significance,G43C,0.0
G43S,0.032703444,ethA,Ethionamide,p.Gly43Ser,missense_variant,3) Uncertain significance,G43S,0.7
G43V,0.030395757,ethA,Ethionamide,p.Gly43Val,missense_variant,3) Uncertain significance,G43V,0.3
G450D,0.02787006,ethA,Ethionamide,p.Gly450Asp,missense_variant,3) Uncertain significance,G450D,0.0
G450C,0.05955306,ethA,Ethionamide,p.Gly450Cys,missense_variant,3) Uncertain significance,G450C,1.0
G450S,0.039809342,ethA,Ethionamide,p.Gly450Ser,missense_variant,3) Uncertain significance,G450S,0.25
G471R,0.037319038,ethA,Ethionamide,p.Gly471Arg,missense_variant,3) Uncertain significance,G471R,0.0
G471V,0.03153159,ethA,Ethionamide,p.Gly471Val,missense_variant,3) Uncertain significance,G471V,1.0
G477D,0.027824871,ethA,Ethionamide,p.Gly477Asp,missense_variant,3) Uncertain significance,G477D,0.0
G488V,0.04173932,ethA,Ethionamide,p.Gly488Val,missense_variant,3) Uncertain significance,G488V,0.0
G52R,0.032667797,ethA,Ethionamide,p.Gly52Arg,missense_variant,3) Uncertain significance,G52R,0.0
G52E,0.030944467,ethA,Ethionamide,p.Gly52Glu,missense_variant,3) Uncertain significance,G52E,0.0
G63D,0.028686358,ethA,Ethionamide,p.Gly63Asp,missense_variant,3) Uncertain significance,G63D,1.0
G63V,0.0366488,ethA,Ethionamide,p.Gly63Val,missense_variant,3) Uncertain significance,G63V,0.0
G71R,0.03666187,ethA,Ethionamide,p.Gly71Arg,missense_variant,3) Uncertain significance,G71R,1.0
G78D,0.03285808,ethA,Ethionamide,p.Gly78Asp,missense_variant,3) Uncertain significance,G78D,0.0
G78S,0.036861874,ethA,Ethionamide,p.Gly78Ser,missense_variant,3) Uncertain significance,G78S,0.3333333333333333
G93R,0.061023172,ethA,Ethionamide,p.Gly93Arg,missense_variant,3) Uncertain significance,G93R,0.0
H102P,0.042522237,ethA,Ethionamide,p.His102Pro,missense_variant,3) Uncertain significance,H102P,0.6666666666666666
H119R,0.04649233,ethA,Ethionamide,p.His119Arg,missense_variant,3) Uncertain significance,H119R,0.0
H119P,0.04665917,ethA,Ethionamide,p.His119Pro,missense_variant,3) Uncertain significance,H119P,0.5
H163D,0.0454395,ethA,Ethionamide,p.His163Asp,missense_variant,3) Uncertain significance,H163D,1.0
H166P,0.04795838,ethA,Ethionamide,p.His166Pro,missense_variant,3) Uncertain significance,H166P,0.6666666666666666
H201P,0.05391196,ethA,Ethionamide,p.His201Pro,missense_variant,3) Uncertain significance,H201P,1.0
H22D,0.054122876,ethA,Ethionamide,p.His22Asp,missense_variant,3) Uncertain significance,H22D,0.0
H22Q,0.030246694,ethA,Ethionamide,p.His22Gln,missense_variant,3) Uncertain significance,H22Q,1.0
H22P,0.056171834,ethA,Ethionamide,p.His22Pro,missense_variant,3) Uncertain significance,H22P,0.0
H22Y,0.03393785,ethA,Ethionamide,p.His22Tyr,missense_variant,3) Uncertain significance,H22Y,0.0
H281R,0.026512349,ethA,Ethionamide,p.His281Arg,missense_variant,3) Uncertain significance,H281R,0.3
H281Q,0.02207342,ethA,Ethionamide,p.His281Gln,missense_variant,3) Uncertain significance,H281Q,0.0
H281P,0.02411399,ethA,Ethionamide,p.His281Pro,missense_variant,3) Uncertain significance,H281P,0.7130620985010707
H285P,0.025008835,ethA,Ethionamide,p.His285Pro,missense_variant,3) Uncertain significance,H285P,0.0
H307Q,0.038367957,ethA,Ethionamide,p.His307Gln,missense_variant,3) Uncertain significance,H307Q,0.0
H307P,0.03398385,ethA,Ethionamide,p.His307Pro,missense_variant,3) Uncertain significance,H307P,1.0
H4R,0.04472202,ethA,Ethionamide,p.His4Arg,missense_variant,3) Uncertain significance,H4R,1.0
H4N,0.042502034,ethA,Ethionamide,p.His4Asn,missense_variant,3) Uncertain significance,H4N,0.0
I105L,0.02234481,ethA,Ethionamide,p.Ile105Leu,missense_variant,3) Uncertain significance,I105L,0.2222222222222222
I120N,0.04692267,ethA,Ethionamide,p.Ile120Asn,missense_variant,3) Uncertain significance,I120N,0.0
I120V,0.030150194,ethA,Ethionamide,p.Ile120Val,missense_variant,3) Uncertain significance,I120V,0.0
I161S,0.035399828,ethA,Ethionamide,p.Ile161Ser,missense_variant,3) Uncertain significance,I161S,1.0
I161T,0.03114605,ethA,Ethionamide,p.Ile161Thr,missense_variant,3) Uncertain significance,I161T,0.0
I161V,0.021675803,ethA,Ethionamide,p.Ile161Val,missense_variant,3) Uncertain significance,I161V,0.2222222222222222
I162S,0.0348563,ethA,Ethionamide,p.Ile162Ser,missense_variant,3) Uncertain significance,I162S,0.0
I178S,0.05676508,ethA,Ethionamide,p.Ile178Ser,missense_variant,3) Uncertain significance,I178S,0.0
I178V,0.026142303,ethA,Ethionamide,p.Ile178Val,missense_variant,3) Uncertain significance,I178V,0.0
I181S,0.10252208,ethA,Ethionamide,p.Ile181Ser,missense_variant,3) Uncertain significance,I181S,1.0
I212M,0.03450239,ethA,Ethionamide,p.Ile212Met,missense_variant,3) Uncertain significance,I212M,1.0
I305S,0.04196105,ethA,Ethionamide,p.Ile305Ser,missense_variant,3) Uncertain significance,I305S,0.5
I325N,0.086318485,ethA,Ethionamide,p.Ile325Asn,missense_variant,3) Uncertain significance,I325N,0.0
I337V,0.030869506,ethA,Ethionamide,p.Ile337Val,missense_variant,3) Uncertain significance,I337V,0.0
I338L,0.026535433,ethA,Ethionamide,p.Ile338Leu,missense_variant,3) Uncertain significance,I338L,0.0
I338M,0.037122417,ethA,Ethionamide,p.Ile338Met,missense_variant,3) Uncertain significance,I338M,0.0
I338S,0.08743396,ethA,Ethionamide,p.Ile338Ser,missense_variant,3) Uncertain significance,I338S,0.75
I339S,0.11678598,ethA,Ethionamide,p.Ile339Ser,missense_variant,3) Uncertain significance,I339S,0.0
I34M,0.046486728,ethA,Ethionamide,p.Ile34Met,missense_variant,3) Uncertain significance,I34M,0.0
I34S,0.073672906,ethA,Ethionamide,p.Ile34Ser,missense_variant,3) Uncertain significance,I34S,1.0
I34T,0.061973818,ethA,Ethionamide,p.Ile34Thr,missense_variant,3) Uncertain significance,I34T,0.4
I356T,0.03995883,ethA,Ethionamide,p.Ile356Thr,missense_variant,3) Uncertain significance,I356T,1.0
I377K,0.037389107,ethA,Ethionamide,p.Ile377Lys,missense_variant,3) Uncertain significance,I377K,0.0
I473S,0.037873477,ethA,Ethionamide,p.Ile473Ser,missense_variant,3) Uncertain significance,I473S,1.0
I75T,0.031678002,ethA,Ethionamide,p.Ile75Thr,missense_variant,3) Uncertain significance,I75T,1.0
I81T,0.04506241,ethA,Ethionamide,p.Ile81Thr,missense_variant,3) Uncertain significance,I81T,1.0
I94S,0.04860324,ethA,Ethionamide,p.Ile94Ser,missense_variant,3) Uncertain significance,I94S,0.25
I98V,0.030428428,ethA,Ethionamide,p.Ile98Val,missense_variant,3) Uncertain significance,I98V,0.0
I9S,0.07017008,ethA,Ethionamide,p.Ile9Ser,missense_variant,3) Uncertain significance,I9S,1.0
I9T,0.05655313,ethA,Ethionamide,p.Ile9Thr,missense_variant,3) Uncertain significance,I9T,0.14285714285714285
L126F,0.02402552,ethA,Ethionamide,p.Leu126Phe,missense_variant,3) Uncertain significance,L126F,0.0
L129R,0.05305402,ethA,Ethionamide,p.Leu129Arg,missense_variant,3) Uncertain significance,L129R,0.75
L129P,0.060046457,ethA,Ethionamide,p.Leu129Pro,missense_variant,3) Uncertain significance,L129P,0.0
L134R,0.065316364,ethA,Ethionamide,p.Leu134Arg,missense_variant,3) Uncertain significance,L134R,0.42857142857142855
L134H,0.06428686,ethA,Ethionamide,p.Leu134His,missense_variant,3) Uncertain significance,L134H,1.0
L134P,0.20898986,ethA,Ethionamide,p.Leu134Pro,missense_variant,3) Uncertain significance,L134P,0.42857142857142855
L136R,0.06711251,ethA,Ethionamide,p.Leu136Arg,missense_variant,3) Uncertain significance,L136R,0.42857142857142855
L171F,0.027049152,ethA,Ethionamide,p.Leu171Phe,missense_variant,3) Uncertain significance,L171F,0.0
L190F,0.046655748,ethA,Ethionamide,p.Leu190Phe,missense_variant,3) Uncertain significance,L190F,1.0
L190P,0.08100161,ethA,Ethionamide,p.Leu190Pro,missense_variant,3) Uncertain significance,L190P,0.6
L194R,0.078824684,ethA,Ethionamide,p.Leu194Arg,missense_variant,3) Uncertain significance,L194R,1.0
L194P,0.1314899,ethA,Ethionamide,p.Leu194Pro,missense_variant,3) Uncertain significance,L194P,0.8
L205R,0.057462003,ethA,Ethionamide,p.Leu205Arg,missense_variant,3) Uncertain significance,L205R,0.0
L205P,0.049616255,ethA,Ethionamide,p.Leu205Pro,missense_variant,3) Uncertain significance,L205P,0.8333333333333334
L225R,0.04730657,ethA,Ethionamide,p.Leu225Arg,missense_variant,3) Uncertain significance,L225R,1.0
L225H,0.045305394,ethA,Ethionamide,p.Leu225His,missense_variant,3) Uncertain significance,L225H,0.0
L225P,0.06268066,ethA,Ethionamide,p.Leu225Pro,missense_variant,3) Uncertain significance,L225P,0.25
L229R,0.041422807,ethA,Ethionamide,p.Leu229Arg,missense_variant,3) Uncertain significance,L229R,0.6666666666666666
L23R,0.04886439,ethA,Ethionamide,p.Leu23Arg,missense_variant,3) Uncertain significance,L23R,0.6
L23P,0.07849564,ethA,Ethionamide,p.Leu23Pro,missense_variant,3) Uncertain significance,L23P,1.0
L244P,0.05833303,ethA,Ethionamide,p.Leu244Pro,missense_variant,3) Uncertain significance,L244P,0.3333333333333333
L272P,0.037035424,ethA,Ethionamide,p.Leu272Pro,missense_variant,3) Uncertain significance,L272P,0.0
L295W,0.04184386,ethA,Ethionamide,p.Leu295Trp,missense_variant,3) Uncertain significance,L295W,1.0
L301R,0.049258173,ethA,Ethionamide,p.Leu301Arg,missense_variant,3) Uncertain significance,L301R,0.0
L301P,0.042915728,ethA,Ethionamide,p.Leu301Pro,missense_variant,3) Uncertain significance,L301P,0.0
L333P,0.053154923,ethA,Ethionamide,p.Leu333Pro,missense_variant,3) Uncertain significance,L333P,0.0
L344F,0.02614438,ethA,Ethionamide,p.Leu344Phe,missense_variant,3) Uncertain significance,L344F,1.0
L344S,0.05721469,ethA,Ethionamide,p.Leu344Ser,missense_variant,3) Uncertain significance,L344S,0.0
L348I,0.02312761,ethA,Ethionamide,p.Leu348Ile,missense_variant,3) Uncertain significance,L348I,1.0
L348F,0.029697193,ethA,Ethionamide,p.Leu348Phe,missense_variant,3) Uncertain significance,L348F,0.09090909090909091
L348P,0.051258575,ethA,Ethionamide,p.Leu348Pro,missense_variant,3) Uncertain significance,L348P,1.0
L35R,0.06240039,ethA,Ethionamide,p.Leu35Arg,missense_variant,2) Assoc w R - Interim,L35R,0.8571428571428571
L35P,0.06561274,ethA,Ethionamide,p.Leu35Pro,missense_variant,3) Uncertain significance,L35P,0.5
L35V,0.031714287,ethA,Ethionamide,p.Leu35Val,missense_variant,3) Uncertain significance,L35V,0.2
L374R,0.04279137,ethA,Ethionamide,p.Leu374Arg,missense_variant,3) Uncertain significance,L374R,0.6666666666666666
L374H,0.036405098,ethA,Ethionamide,p.Leu374His,missense_variant,3) Uncertain significance,L374H,0.3333333333333333
L374F,0.027581394,ethA,Ethionamide,p.Leu374Phe,missense_variant,3) Uncertain significance,L374F,0.0
L393R,0.038495786,ethA,Ethionamide,p.Leu393Arg,missense_variant,3) Uncertain significance,L393R,1.0
L393P,0.037071954,ethA,Ethionamide,p.Leu393Pro,missense_variant,3) Uncertain significance,L393P,1.0
L393V,0.018272493,ethA,Ethionamide,p.Leu393Val,missense_variant,3) Uncertain significance,L393V,0.0
L397R,0.04051646,ethA,Ethionamide,p.Leu397Arg,missense_variant,3) Uncertain significance,L397R,0.6666666666666666
L397P,0.046197984,ethA,Ethionamide,p.Leu397Pro,missense_variant,3) Uncertain significance,L397P,0.5
L405S,0.05088384,ethA,Ethionamide,p.Leu405Ser,missense_variant,3) Uncertain significance,L405S,0.0
L406S,0.046144683,ethA,Ethionamide,p.Leu406Ser,missense_variant,3) Uncertain significance,L406S,1.0
L440P,0.04628646,ethA,Ethionamide,p.Leu440Pro,missense_variant,3) Uncertain significance,L440P,0.125
L443P,0.03977222,ethA,Ethionamide,p.Leu443Pro,missense_variant,3) Uncertain significance,L443P,0.0
L478R,0.0314947,ethA,Ethionamide,p.Leu478Arg,missense_variant,3) Uncertain significance,L478R,0.2
L47S,0.026014637,ethA,Ethionamide,p.Leu47Ser,missense_variant,3) Uncertain significance,L47S,1.0
L5F,0.029595796,ethA,Ethionamide,p.Leu5Phe,missense_variant,3) Uncertain significance,L5F,0.0
L62R,0.03713216,ethA,Ethionamide,p.Leu62Arg,missense_variant,3) Uncertain significance,L62R,0.6666666666666666
L62Q,0.029245019,ethA,Ethionamide,p.Leu62Gln,missense_variant,3) Uncertain significance,L62Q,0.0
L62I,0.020405643,ethA,Ethionamide,p.Leu62Ile,missense_variant,3) Uncertain significance,L62I,0.0
L62P,0.033662166,ethA,Ethionamide,p.Leu62Pro,missense_variant,3) Uncertain significance,L62P,0.6666666666666666
L82R,0.039458655,ethA,Ethionamide,p.Leu82Arg,missense_variant,3) Uncertain significance,L82R,0.0
L82P,0.06674084,ethA,Ethionamide,p.Leu82Pro,missense_variant,3) Uncertain significance,L82P,1.0
K200R,0.045649476,ethA,Ethionamide,p.Lys200Arg,missense_variant,3) Uncertain significance,K200R,0.0
K241T,0.04264206,ethA,Ethionamide,p.Lys241Thr,missense_variant,3) Uncertain significance,K241T,1.0
K280T,0.037689526,ethA,Ethionamide,p.Lys280Thr,missense_variant,3) Uncertain significance,K280T,1.0
K370T,0.036482543,ethA,Ethionamide,p.Lys370Thr,missense_variant,3) Uncertain significance,K370T,0.8
K394T,0.040140044,ethA,Ethionamide,p.Lys394Thr,missense_variant,3) Uncertain significance,K394T,0.0
M204R,0.05069895,ethA,Ethionamide,p.Met204Arg,missense_variant,3) Uncertain significance,M204R,0.0
M204T,0.037380673,ethA,Ethionamide,p.Met204Thr,missense_variant,3) Uncertain significance,M204T,0.25
M204V,0.05519926,ethA,Ethionamide,p.Met204Val,missense_variant,3) Uncertain significance,M204V,0.9
M233I,0.03885382,ethA,Ethionamide,p.Met233Ile,missense_variant,3) Uncertain significance,M233I,0.0
M233V,0.034643408,ethA,Ethionamide,p.Met233Val,missense_variant,3) Uncertain significance,M233V,0.0
M260I,0.031639013,ethA,Ethionamide,p.Met260Ile,missense_variant,3) Uncertain significance,M260I,0.0
M263T,0.036362726,ethA,Ethionamide,p.Met263Thr,missense_variant,3) Uncertain significance,M263T,0.0
M372R,0.046790663,ethA,Ethionamide,p.Met372Arg,missense_variant,3) Uncertain significance,M372R,0.5
M372T,0.034063037,ethA,Ethionamide,p.Met372Thr,missense_variant,3) Uncertain significance,M372T,0.0
M373I,0.03126032,ethA,Ethionamide,p.Met373Ile,missense_variant,3) Uncertain significance,M373I,0.5
M373T,0.031337764,ethA,Ethionamide,p.Met373Thr,missense_variant,3) Uncertain significance,M373T,0.0
M373V,0.030761577,ethA,Ethionamide,p.Met373Val,missense_variant,3) Uncertain significance,M373V,0.0
M380I,0.031038433,ethA,Ethionamide,p.Met380Ile,missense_variant,3) Uncertain significance,M380I,1.0
M409R,0.057327304,ethA,Ethionamide,p.Met409Arg,missense_variant,3) Uncertain significance,M409R,1.0
M409I,0.035868604,ethA,Ethionamide,p.Met409Ile,missense_variant,3) Uncertain significance,M409I,0.0
M409T,0.04597918,ethA,Ethionamide,p.Met409Thr,missense_variant,3) Uncertain significance,M409T,0.2
M41R,0.043388,ethA,Ethionamide,p.Met41Arg,missense_variant,3) Uncertain significance,M41R,0.75
M41I,0.037197486,ethA,Ethionamide,p.Met41Ile,missense_variant,3) Uncertain significance,M41I,0.0
M59R,0.042881887,ethA,Ethionamide,p.Met59Arg,missense_variant,3) Uncertain significance,M59R,1.0
M59T,0.037616633,ethA,Ethionamide,p.Met59Thr,missense_variant,3) Uncertain significance,M59T,0.0
F133S,0.07979124,ethA,Ethionamide,p.Phe133Ser,missense_variant,3) Uncertain significance,F133S,1.0
F151L,0.025609536,ethA,Ethionamide,p.Phe151Leu,missense_variant,3) Uncertain significance,F151L,0.0
F157S,0.036372274,ethA,Ethionamide,p.Phe157Ser,missense_variant,3) Uncertain significance,F157S,1.0
F264L,0.02668142,ethA,Ethionamide,p.Phe264Leu,missense_variant,3) Uncertain significance,F264L,0.0
F264S,0.04929674,ethA,Ethionamide,p.Phe264Ser,missense_variant,3) Uncertain significance,F264S,1.0
F282L,0.022261225,ethA,Ethionamide,p.Phe282Leu,missense_variant,3) Uncertain significance,F282L,0.0
F282S,0.035229884,ethA,Ethionamide,p.Phe282Ser,missense_variant,3) Uncertain significance,F282S,0.0
F282V,0.024282804,ethA,Ethionamide,p.Phe282Val,missense_variant,3) Uncertain significance,F282V,0.5789473684210527
F302L,0.026080037,ethA,Ethionamide,p.Phe302Leu,missense_variant,3) Uncertain significance,F302L,1.0
F302S,0.03200442,ethA,Ethionamide,p.Phe302Ser,missense_variant,3) Uncertain significance,F302S,0.5
F302V,0.031619497,ethA,Ethionamide,p.Phe302Val,missense_variant,3) Uncertain significance,F302V,0.14285714285714285
F320S,0.05321188,ethA,Ethionamide,p.Phe320Ser,missense_variant,3) Uncertain significance,F320S,0.0
F401V,0.02484995,ethA,Ethionamide,p.Phe401Val,missense_variant,3) Uncertain significance,F401V,1.0
F414L,0.020441802,ethA,Ethionamide,p.Phe414Leu,missense_variant,3) Uncertain significance,F414L,0.0
F431L,0.020853098,ethA,Ethionamide,p.Phe431Leu,missense_variant,3) Uncertain significance,F431L,0.5
F431S,0.03424928,ethA,Ethionamide,p.Phe431Ser,missense_variant,3) Uncertain significance,F431S,0.0
F48S,0.025443614,ethA,Ethionamide,p.Phe48Ser,missense_variant,3) Uncertain significance,F48S,1.0
F48V,0.024866031,ethA,Ethionamide,p.Phe48Val,missense_variant,3) Uncertain significance,F48V,1.0
F64C,0.045385066,ethA,Ethionamide,p.Phe64Cys,missense_variant,3) Uncertain significance,F64C,0.0
F64L,0.021009257,ethA,Ethionamide,p.Phe64Leu,missense_variant,3) Uncertain significance,F64L,0.0
F64S,0.042621884,ethA,Ethionamide,p.Phe64Ser,missense_variant,3) Uncertain significance,F64S,0.0
F66L,0.02173886,ethA,Ethionamide,p.Phe66Leu,missense_variant,3) Uncertain significance,F66L,1.0
P160S,0.040492263,ethA,Ethionamide,p.Pro160Ser,missense_variant,3) Uncertain significance,P160S,1.0
P160T,0.045601062,ethA,Ethionamide,p.Pro160Thr,missense_variant,3) Uncertain significance,P160T,0.0
P164Q,0.037610967,ethA,Ethionamide,p.Pro164Gln,missense_variant,3) Uncertain significance,P164Q,1.0
P164L,0.043634184,ethA,Ethionamide,p.Pro164Leu,missense_variant,3) Uncertain significance,P164L,0.5
P192L,0.120215006,ethA,Ethionamide,p.Pro192Leu,missense_variant,3) Uncertain significance,P192L,0.5714285714285714
P192S,0.09878661,ethA,Ethionamide,p.Pro192Ser,missense_variant,3) Uncertain significance,P192S,0.1875
P192T,0.10601723,ethA,Ethionamide,p.Pro192Thr,missense_variant,3) Uncertain significance,P192T,0.3888888888888889
P209S,0.026968352,ethA,Ethionamide,p.Pro209Ser,missense_variant,3) Uncertain significance,P209S,1.0
P230Q,0.048791096,ethA,Ethionamide,p.Pro230Gln,missense_variant,3) Uncertain significance,P230Q,1.0
P230L,0.052807238,ethA,Ethionamide,p.Pro230Leu,missense_variant,3) Uncertain significance,P230L,0.3333333333333333
P257A,0.037962325,ethA,Ethionamide,p.Pro257Ala,missense_variant,3) Uncertain significance,P257A,0.5
P257R,0.04432426,ethA,Ethionamide,p.Pro257Arg,missense_variant,3) Uncertain significance,P257R,0.6666666666666666
P257Q,0.03599031,ethA,Ethionamide,p.Pro257Gln,missense_variant,3) Uncertain significance,P257Q,1.0
P257L,0.0489873,ethA,Ethionamide,p.Pro257Leu,missense_variant,3) Uncertain significance,P257L,1.0
P257S,0.032455217,ethA,Ethionamide,p.Pro257Ser,missense_variant,3) Uncertain significance,P257S,0.3076923076923077
P257T,0.032759044,ethA,Ethionamide,p.Pro257Thr,missense_variant,3) Uncertain significance,P257T,1.0
P273R,0.049035817,ethA,Ethionamide,p.Pro273Arg,missense_variant,3) Uncertain significance,P273R,1.0
P273L,0.043943442,ethA,Ethionamide,p.Pro273Leu,missense_variant,3) Uncertain significance,P273L,0.8
P273S,0.043448616,ethA,Ethionamide,p.Pro273Ser,missense_variant,3) Uncertain significance,P273S,0.0
P288R,0.034638315,ethA,Ethionamide,p.Pro288Arg,missense_variant,3) Uncertain significance,P288R,0.0
P288S,0.029669687,ethA,Ethionamide,p.Pro288Ser,missense_variant,3) Uncertain significance,P288S,1.0
P297S,0.030371707,ethA,Ethionamide,p.Pro297Ser,missense_variant,3) Uncertain significance,P297S,1.0
P334A,0.053896934,ethA,Ethionamide,p.Pro334Ala,missense_variant,3) Uncertain significance,P334A,0.21153846153846154
P378L,0.079225264,ethA,Ethionamide,p.Pro378Leu,missense_variant,3) Uncertain significance,P378L,0.3617021276595745
P378S,0.058098875,ethA,Ethionamide,p.Pro378Ser,missense_variant,3) Uncertain significance,P378S,0.0
P422L,0.040404957,ethA,Ethionamide,p.Pro422Leu,missense_variant,3) Uncertain significance,P422L,1.0
P436A,0.040473934,ethA,Ethionamide,p.Pro436Ala,missense_variant,3) Uncertain significance,P436A,0.0
P436L,0.0593953,ethA,Ethionamide,p.Pro436Leu,missense_variant,3) Uncertain significance,P436L,1.0
P447L,0.054211874,ethA,Ethionamide,p.Pro447Leu,missense_variant,3) Uncertain significance,P447L,0.8333333333333334
P447S,0.0386598,ethA,Ethionamide,p.Pro447Ser,missense_variant,3) Uncertain significance,P447S,0.16666666666666666
P447T,0.03427871,ethA,Ethionamide,p.Pro447Thr,missense_variant,3) Uncertain significance,P447T,0.0
P454L,0.038436543,ethA,Ethionamide,p.Pro454Leu,missense_variant,3) Uncertain significance,P454L,0.4166666666666667
P454S,0.02551557,ethA,Ethionamide,p.Pro454Ser,missense_variant,3) Uncertain significance,P454S,1.0
P454T,0.02203974,ethA,Ethionamide,p.Pro454Thr,missense_variant,3) Uncertain significance,P454T,0.0
P51R,0.03329442,ethA,Ethionamide,p.Pro51Arg,missense_variant,3) Uncertain significance,P51R,0.4
P51H,0.036467146,ethA,Ethionamide,p.Pro51His,missense_variant,3) Uncertain significance,P51H,0.375
P51L,0.05113658,ethA,Ethionamide,p.Pro51Leu,missense_variant,3) Uncertain significance,P51L,0.2
P51S,0.035945598,ethA,Ethionamide,p.Pro51Ser,missense_variant,3) Uncertain significance,P51S,0.0
P68L,0.038094673,ethA,Ethionamide,p.Pro68Leu,missense_variant,3) Uncertain significance,P68L,0.0
S110P,0.06279664,ethA,Ethionamide,p.Ser110Pro,missense_variant,3) Uncertain significance,S110P,0.0
S110W,0.066127405,ethA,Ethionamide,p.Ser110Trp,missense_variant,3) Uncertain significance,S110W,0.6666666666666666
S138R,0.059647292,ethA,Ethionamide,p.Ser138Arg,missense_variant,3) Uncertain significance,S138R,0.4
S138I,0.051116515,ethA,Ethionamide,p.Ser138Ile,missense_variant,3) Uncertain significance,S138I,1.0
S15C,0.050487675,ethA,Ethionamide,p.Ser15Cys,missense_variant,3) Uncertain significance,S15C,0.0
S15F,0.093144424,ethA,Ethionamide,p.Ser15Phe,missense_variant,3) Uncertain significance,S15F,1.0
S15P,0.08293409,ethA,Ethionamide,p.Ser15Pro,missense_variant,3) Uncertain significance,S15P,0.0
S183R,0.072645016,ethA,Ethionamide,p.Ser183Arg,missense_variant,3) Uncertain significance,S183R,0.6
S183G,0.07028415,ethA,Ethionamide,p.Ser183Gly,missense_variant,3) Uncertain significance,S183G,0.0
S18R,0.058970176,ethA,Ethionamide,p.Ser18Arg,missense_variant,3) Uncertain significance,S18R,0.0
S18G,0.040604576,ethA,Ethionamide,p.Ser18Gly,missense_variant,3) Uncertain significance,S18G,0.0
S18T,0.02832887,ethA,Ethionamide,p.Ser18Thr,missense_variant,3) Uncertain significance,S18T,1.0
S197A,0.041992135,ethA,Ethionamide,p.Ser197Ala,missense_variant,3) Uncertain significance,S197A,1.0
S197P,0.06468558,ethA,Ethionamide,p.Ser197Pro,missense_variant,3) Uncertain significance,S197P,1.0
S208L,0.029070908,ethA,Ethionamide,p.Ser208Leu,missense_variant,3) Uncertain significance,S208L,0.5
S208P,0.029409178,ethA,Ethionamide,p.Ser208Pro,missense_variant,3) Uncertain significance,S208P,0.6666666666666666
S214P,0.02989243,ethA,Ethionamide,p.Ser214Pro,missense_variant,3) Uncertain significance,S214P,1.0
S251R,0.035189394,ethA,Ethionamide,p.Ser251Arg,missense_variant,3) Uncertain significance,S251R,0.5
S266R,0.033085715,ethA,Ethionamide,p.Ser266Arg,missense_variant,3) Uncertain significance,S266R,0.32211538461538464
S329L,0.05289727,ethA,Ethionamide,p.Ser329Leu,missense_variant,3) Uncertain significance,S329L,0.3333333333333333
S329P,0.060595457,ethA,Ethionamide,p.Ser329Pro,missense_variant,3) Uncertain significance,S329P,0.0
S375P,0.03612298,ethA,Ethionamide,p.Ser375Pro,missense_variant,3) Uncertain significance,S375P,0.0
S375Y,0.049413476,ethA,Ethionamide,p.Ser375Tyr,missense_variant,3) Uncertain significance,S375Y,0.45454545454545453
S390F,0.03191056,ethA,Ethionamide,p.Ser390Phe,missense_variant,2) Assoc w R - Interim,S390F,0.7916666666666666
S399L,0.04092256,ethA,Ethionamide,p.Ser399Leu,missense_variant,3) Uncertain significance,S399L,0.2
S399P,0.047737308,ethA,Ethionamide,p.Ser399Pro,missense_variant,3) Uncertain significance,S399P,1.0
S40P,0.033232857,ethA,Ethionamide,p.Ser40Pro,missense_variant,3) Uncertain significance,S40P,0.0
S424L,0.02983501,ethA,Ethionamide,p.Ser424Leu,missense_variant,3) Uncertain significance,S424L,0.0
S55A,0.023196446,ethA,Ethionamide,p.Ser55Ala,missense_variant,3) Uncertain significance,S55A,0.625
S55C,0.036285877,ethA,Ethionamide,p.Ser55Cys,missense_variant,3) Uncertain significance,S55C,0.3333333333333333
S55P,0.02874028,ethA,Ethionamide,p.Ser55Pro,missense_variant,3) Uncertain significance,S55P,0.8
S57F,0.029717349,ethA,Ethionamide,p.Ser57Phe,missense_variant,3) Uncertain significance,S57F,1.0
S57P,0.027806569,ethA,Ethionamide,p.Ser57Pro,missense_variant,3) Uncertain significance,S57P,1.0
S57Y,0.034045316,ethA,Ethionamide,p.Ser57Tyr,missense_variant,2) Assoc w R - Interim,S57Y,0.9166666666666666
T117P,0.072625056,ethA,Ethionamide,p.Thr117Pro,missense_variant,3) Uncertain significance,T117P,0.25
T125M,0.056246776,ethA,Ethionamide,p.Thr125Met,missense_variant,3) Uncertain significance,T125M,0.0
T186M,0.093246534,ethA,Ethionamide,p.Thr186Met,missense_variant,3) Uncertain significance,T186M,1.0
T186P,0.08996112,ethA,Ethionamide,p.Thr186Pro,missense_variant,3) Uncertain significance,T186P,1.0
T189K,0.05827476,ethA,Ethionamide,p.Thr189Lys,missense_variant,3) Uncertain significance,T189K,0.5
T189M,0.056694828,ethA,Ethionamide,p.Thr189Met,missense_variant,3) Uncertain significance,T189M,1.0
T203P,0.08721593,ethA,Ethionamide,p.Thr203Pro,missense_variant,3) Uncertain significance,T203P,1.0
T210N,0.026513856,ethA,Ethionamide,p.Thr210Asn,missense_variant,3) Uncertain significance,T210N,0.0
T232A,0.02099527,ethA,Ethionamide,p.Thr232Ala,missense_variant,3) Uncertain significance,T232A,0.0
T2A,0.07623456,ethA,Ethionamide,p.Thr2Ala,missense_variant,3) Uncertain significance,T2A,0.5
T314A,0.030448765,ethA,Ethionamide,p.Thr314Ala,missense_variant,3) Uncertain significance,T314A,0.875
T314I,0.039625525,ethA,Ethionamide,p.Thr314Ile,missense_variant,3) Uncertain significance,T314I,0.33884297520661155
T321P,0.035548512,ethA,Ethionamide,p.Thr321Pro,missense_variant,3) Uncertain significance,T321P,0.9605263157894737
T342A,0.048843563,ethA,Ethionamide,p.Thr342Ala,missense_variant,3) Uncertain significance,T342A,0.8
T342K,0.1509633,ethA,Ethionamide,p.Thr342Lys,missense_variant,3) Uncertain significance,T342K,1.0
T342M,0.059062004,ethA,Ethionamide,p.Thr342Met,missense_variant,3) Uncertain significance,T342M,0.0
T353M,0.038716406,ethA,Ethionamide,p.Thr353Met,missense_variant,3) Uncertain significance,T353M,0.0
T355P,0.034266546,ethA,Ethionamide,p.Thr355Pro,missense_variant,3) Uncertain significance,T355P,0.3333333333333333
T365M,0.041313827,ethA,Ethionamide,p.Thr365Met,missense_variant,3) Uncertain significance,T365M,0.0
T366P,0.038196445,ethA,Ethionamide,p.Thr366Pro,missense_variant,3) Uncertain significance,T366P,1.0
T383K,0.04891021,ethA,Ethionamide,p.Thr383Lys,missense_variant,3) Uncertain significance,T383K,1.0
T383P,0.060441766,ethA,Ethionamide,p.Thr383Pro,missense_variant,3) Uncertain significance,T383P,0.6666666666666666
T392A,0.021067103,ethA,Ethionamide,p.Thr392Ala,missense_variant,3) Uncertain significance,T392A,0.0
T392R,0.03173367,ethA,Ethionamide,p.Thr392Arg,missense_variant,3) Uncertain significance,T392R,0.6666666666666666
T392K,0.032379042,ethA,Ethionamide,p.Thr392Lys,missense_variant,3) Uncertain significance,T392K,1.0
T392M,0.03451055,ethA,Ethionamide,p.Thr392Met,missense_variant,3) Uncertain significance,T392M,0.0
T392P,0.030155838,ethA,Ethionamide,p.Thr392Pro,missense_variant,3) Uncertain significance,T392P,1.0
T435I,0.028628942,ethA,Ethionamide,p.Thr435Ile,missense_variant,3) Uncertain significance,T435I,1.0
T44A,0.021025108,ethA,Ethionamide,p.Thr44Ala,missense_variant,3) Uncertain significance,T44A,0.8888888888888888
T44I,0.028710268,ethA,Ethionamide,p.Thr44Ile,missense_variant,3) Uncertain significance,T44I,1.0
T44P,0.028256511,ethA,Ethionamide,p.Thr44Pro,missense_variant,3) Uncertain significance,T44P,0.5
T453R,0.026449112,ethA,Ethionamide,p.Thr453Arg,missense_variant,3) Uncertain significance,T453R,0.0
T453I,0.027292658,ethA,Ethionamide,p.Thr453Ile,missense_variant,3) Uncertain significance,T453I,0.2289156626506024
T453S,0.024945915,ethA,Ethionamide,p.Thr453Ser,missense_variant,3) Uncertain significance,T453S,0.0
T61A,0.025617193,ethA,Ethionamide,p.Thr61Ala,missense_variant,3) Uncertain significance,T61A,0.6666666666666666
T61R,0.036788564,ethA,Ethionamide,p.Thr61Arg,missense_variant,3) Uncertain significance,T61R,0.5555555555555556
T61K,0.036331695,ethA,Ethionamide,p.Thr61Lys,missense_variant,3) Uncertain significance,T61K,1.0
T61M,0.033143103,ethA,Ethionamide,p.Thr61Met,missense_variant,3) Uncertain significance,T61M,0.47368421052631576
T70S,0.024724683,ethA,Ethionamide,p.Thr70Ser,missense_variant,3) Uncertain significance,T70S,0.0
T88I,0.04183272,ethA,Ethionamide,p.Thr88Ile,missense_variant,2) Assoc w R - Interim,T88I,0.9
T88P,0.060467355,ethA,Ethionamide,p.Thr88Pro,missense_variant,3) Uncertain significance,T88P,1.0
W109C,0.07529335,ethA,Ethionamide,p.Trp109Cys,missense_variant,3) Uncertain significance,W109C,0.5
W116C,0.059595663,ethA,Ethionamide,p.Trp116Cys,missense_variant,3) Uncertain significance,W116C,0.0
W116S,0.08007062,ethA,Ethionamide,p.Trp116Ser,missense_variant,3) Uncertain significance,W116S,0.0
W167R,0.046112187,ethA,Ethionamide,p.Trp167Arg,missense_variant,3) Uncertain significance,W167R,0.75
W167C,0.06262002,ethA,Ethionamide,p.Trp167Cys,missense_variant,3) Uncertain significance,W167C,0.0
W167G,0.0482502,ethA,Ethionamide,p.Trp167Gly,missense_variant,3) Uncertain significance,W167G,1.0
W167S,0.055697806,ethA,Ethionamide,p.Trp167Ser,missense_variant,3) Uncertain significance,W167S,1.0
W21R,0.051549837,ethA,Ethionamide,p.Trp21Arg,missense_variant,3) Uncertain significance,W21R,0.3333333333333333
W21G,0.04855277,ethA,Ethionamide,p.Trp21Gly,missense_variant,3) Uncertain significance,W21G,1.0
W21L,0.03798573,ethA,Ethionamide,p.Trp21Leu,missense_variant,3) Uncertain significance,W21L,1.0
W240R,0.0773819,ethA,Ethionamide,p.Trp240Arg,missense_variant,3) Uncertain significance,W240R,0.5
W256G,0.044777185,ethA,Ethionamide,p.Trp256Gly,missense_variant,3) Uncertain significance,W256G,0.0
W289R,0.04812215,ethA,Ethionamide,p.Trp289Arg,missense_variant,3) Uncertain significance,W289R,0.5
W391R,0.059332483,ethA,Ethionamide,p.Trp391Arg,missense_variant,3) Uncertain significance,W391R,0.0
W391C,0.06644758,ethA,Ethionamide,p.Trp391Cys,missense_variant,3) Uncertain significance,W391C,1.0
W455R,0.047328014,ethA,Ethionamide,p.Trp455Arg,missense_variant,3) Uncertain significance,W455R,0.3333333333333333
W45G,0.042881712,ethA,Ethionamide,p.Trp45Gly,missense_variant,3) Uncertain significance,W45G,0.0
W45L,0.048877325,ethA,Ethionamide,p.Trp45Leu,missense_variant,3) Uncertain significance,W45L,1.0
W69R,0.04520454,ethA,Ethionamide,p.Trp69Arg,missense_variant,3) Uncertain significance,W69R,0.3333333333333333
W69L,0.04140391,ethA,Ethionamide,p.Trp69Leu,missense_variant,3) Uncertain significance,W69L,0.0
W69S,0.046795677,ethA,Ethionamide,p.Trp69Ser,missense_variant,3) Uncertain significance,W69S,0.0
Y141N,0.033765648,ethA,Ethionamide,p.Tyr141Asn,missense_variant,3) Uncertain significance,Y141N,0.0
Y141C,0.043824535,ethA,Ethionamide,p.Tyr141Cys,missense_variant,3) Uncertain significance,Y141C,0.0
Y147C,0.053927325,ethA,Ethionamide,p.Tyr147Cys,missense_variant,3) Uncertain significance,Y147C,0.0
Y147S,0.03885417,ethA,Ethionamide,p.Tyr147Ser,missense_variant,3) Uncertain significance,Y147S,0.6666666666666666
Y211D,0.045926187,ethA,Ethionamide,p.Tyr211Asp,missense_variant,3) Uncertain significance,Y211D,0.0
Y211C,0.04152208,ethA,Ethionamide,p.Tyr211Cys,missense_variant,3) Uncertain significance,Y211C,0.5454545454545454
Y211H,0.036226206,ethA,Ethionamide,p.Tyr211His,missense_variant,3) Uncertain significance,Y211H,0.6666666666666666
Y211S,0.04102934,ethA,Ethionamide,p.Tyr211Ser,missense_variant,3) Uncertain significance,Y211S,0.9333333333333333
Y235D,0.049956907,ethA,Ethionamide,p.Tyr235Asp,missense_variant,3) Uncertain significance,Y235D,0.5
Y235H,0.033468965,ethA,Ethionamide,p.Tyr235His,missense_variant,3) Uncertain significance,Y235H,1.0
Y250N,0.034312066,ethA,Ethionamide,p.Tyr250Asn,missense_variant,3) Uncertain significance,Y250N,0.0
Y276D,0.037175313,ethA,Ethionamide,p.Tyr276Asp,missense_variant,3) Uncertain significance,Y276D,1.0
Y276H,0.030200655,ethA,Ethionamide,p.Tyr276His,missense_variant,3) Uncertain significance,Y276H,0.6666666666666666
Y286C,0.03603137,ethA,Ethionamide,p.Tyr286Cys,missense_variant,3) Uncertain significance,Y286C,1.0
Y32D,0.08582826,ethA,Ethionamide,p.Tyr32Asp,missense_variant,3) Uncertain significance,Y32D,0.5172413793103449
Y369D,0.05145535,ethA,Ethionamide,p.Tyr369Asp,missense_variant,3) Uncertain significance,Y369D,1.0
Y369C,0.045660727,ethA,Ethionamide,p.Tyr369Cys,missense_variant,3) Uncertain significance,Y369C,1.0
Y382N,0.053996135,ethA,Ethionamide,p.Tyr382Asn,missense_variant,3) Uncertain significance,Y382N,1.0
Y382H,0.042078424,ethA,Ethionamide,p.Tyr382His,missense_variant,3) Uncertain significance,Y382H,1.0
Y386C,0.046652645,ethA,Ethionamide,p.Tyr386Cys,missense_variant,3) Uncertain significance,Y386C,0.0
Y386S,0.039940417,ethA,Ethionamide,p.Tyr386Ser,missense_variant,3) Uncertain significance,Y386S,0.0
Y461D,0.04796445,ethA,Ethionamide,p.Tyr461Asp,missense_variant,3) Uncertain significance,Y461D,0.0
Y461C,0.044642624,ethA,Ethionamide,p.Tyr461Cys,missense_variant,3) Uncertain significance,Y461C,0.3333333333333333
Y50N,0.025847333,ethA,Ethionamide,p.Tyr50Asn,missense_variant,3) Uncertain significance,Y50N,1.0
Y50D,0.038186483,ethA,Ethionamide,p.Tyr50Asp,missense_variant,3) Uncertain significance,Y50D,0.8
Y50C,0.038202792,ethA,Ethionamide,p.Tyr50Cys,missense_variant,3) Uncertain significance,Y50C,0.46153846153846156
Y50H,0.031521138,ethA,Ethionamide,p.Tyr50His,missense_variant,3) Uncertain significance,Y50H,0.0
Y60N,0.029944388,ethA,Ethionamide,p.Tyr60Asn,missense_variant,3) Uncertain significance,Y60N,0.0
Y60D,0.04569704,ethA,Ethionamide,p.Tyr60Asp,missense_variant,3) Uncertain significance,Y60D,0.6666666666666666
Y60C,0.03988728,ethA,Ethionamide,p.Tyr60Cys,missense_variant,3) Uncertain significance,Y60C,1.0
Y60S,0.042543255,ethA,Ethionamide,p.Tyr60Ser,missense_variant,3) Uncertain significance,Y60S,0.0
Y84D,0.06578945,ethA,Ethionamide,p.Tyr84Asp,missense_variant,3) Uncertain significance,Y84D,1.0
Y84C,0.05375733,ethA,Ethionamide,p.Tyr84Cys,missense_variant,3) Uncertain significance,Y84C,1.0
Y84S,0.062399868,ethA,Ethionamide,p.Tyr84Ser,missense_variant,3) Uncertain significance,Y84S,1.0
Y92C,0.04780145,ethA,Ethionamide,p.Tyr92Cys,missense_variant,3) Uncertain significance,Y92C,0.0
Y92H,0.04171908,ethA,Ethionamide,p.Tyr92His,missense_variant,3) Uncertain significance,Y92H,0.0
V10G,0.058249336,ethA,Ethionamide,p.Val10Gly,missense_variant,3) Uncertain significance,V10G,0.3333333333333333
V118G,0.07852303,ethA,Ethionamide,p.Val118Gly,missense_variant,3) Uncertain significance,V118G,0.5
V118F,0.0322576,ethA,Ethionamide,p.Val118Phe,missense_variant,3) Uncertain significance,V118F,1.0
V179G,0.07695953,ethA,Ethionamide,p.Val179Gly,missense_variant,3) Uncertain significance,V179G,0.0
V17A,0.03062823,ethA,Ethionamide,p.Val17Ala,missense_variant,3) Uncertain significance,V17A,0.7272727272727273
V180M,0.053062443,ethA,Ethionamide,p.Val180Met,missense_variant,3) Uncertain significance,V180M,1.0
V188G,0.07162595,ethA,Ethionamide,p.Val188Gly,missense_variant,3) Uncertain significance,V188G,1.0
V188I,0.028561283,ethA,Ethionamide,p.Val188Ile,missense_variant,3) Uncertain significance,V188I,0.2727272727272727
V191M,0.042320803,ethA,Ethionamide,p.Val191Met,missense_variant,3) Uncertain significance,V191M,1.0
V202G,0.06681281,ethA,Ethionamide,p.Val202Gly,missense_variant,2) Assoc w R - Interim,V202G,0.875
V213G,0.031892408,ethA,Ethionamide,p.Val213Gly,missense_variant,3) Uncertain significance,V213G,0.0
V238G,0.026446914,ethA,Ethionamide,p.Val238Gly,missense_variant,3) Uncertain significance,V238G,0.16666666666666666
V238I,0.029674053,ethA,Ethionamide,p.Val238Ile,missense_variant,3) Uncertain significance,V238I,0.0
V249A,0.022846984,ethA,Ethionamide,p.Val249Ala,missense_variant,3) Uncertain significance,V249A,0.0
V296M,0.027634732,ethA,Ethionamide,p.Val296Met,missense_variant,3) Uncertain significance,V296M,1.0
V310I,0.025968553,ethA,Ethionamide,p.Val310Ile,missense_variant,3) Uncertain significance,V310I,0.0
V384A,0.04335007,ethA,Ethionamide,p.Val384Ala,missense_variant,3) Uncertain significance,V384A,0.0
V384G,0.05734953,ethA,Ethionamide,p.Val384Gly,missense_variant,3) Uncertain significance,V384G,0.6666666666666666
V398L,0.022991978,ethA,Ethionamide,p.Val398Leu,missense_variant,3) Uncertain significance,V398L,0.0
V402F,0.027338564,ethA,Ethionamide,p.Val402Phe,missense_variant,3) Uncertain significance,V402F,0.8
V417E,0.049396954,ethA,Ethionamide,p.Val417Glu,missense_variant,3) Uncertain significance,V417E,1.0
V419I,0.031072285,ethA,Ethionamide,p.Val419Ile,missense_variant,3) Uncertain significance,V419I,0.0
V426F,0.03327548,ethA,Ethionamide,p.Val426Phe,missense_variant,3) Uncertain significance,V426F,0.0
V489F,0.025807563,ethA,Ethionamide,p.Val489Phe,missense_variant,3) Uncertain significance,V489F,0.0
V7A,0.03375752,ethA,Ethionamide,p.Val7Ala,missense_variant,3) Uncertain significance,V7A,0.0
V7G,0.0484373,ethA,Ethionamide,p.Val7Gly,missense_variant,3) Uncertain significance,V7G,0.5
V85G,0.08862953,ethA,Ethionamide,p.Val85Gly,missense_variant,3) Uncertain significance,V85G,0.0
