gene,thermostability,Wildtype_AA,Mutated_AA,adjusted_position,one_letter_mutation,drug,confidence,delta_z,frequency,phenotype,position_y,Proximity_to_R_Conferring,Nearest_Mutation_Index,aa_index_dist,llr_score
rpoB,3.015902535710211,S,I,20,S20I,Rifampicin,3) Uncertain significance,0.029288497,0.0,Unknown,20,20.343080518938123,443.0,38.25058504319116,-1.517320156097412
rpoB,5.144014333476207,S,F,21,S21F,Rifampicin,3) Uncertain significance,0.037680387,0.0,Unknown,21,18.87567386876558,443.0,38.08678371297432,-2.1000102758407597
rpoB,-0.4620350042905556,N,K,24,N24K,Rifampicin,3) Uncertain significance,0.023162013,1.0,Unknown,24,15.489525331655582,443.0,26.3028009866802,-0.2549591064453125
rpoB,-1.2139498476012704,N,D,24,N24D,Rifampicin,3) Uncertain significance,0.02160931,0.0,Unknown,24,15.489525331655582,443.0,20.632582370741144,0.0862517356872558
rpoB,7.039794388315386,V,A,26,V26A,Rifampicin,3) Uncertain significance,0.023537507,1.0,Unknown,26,16.818325421991336,443.0,27.72096759262996,0.5809001922607422
rpoB,7.412523498313931,P,H,27,P27H,Rifampicin,3) Uncertain significance,0.035071302,0.2857142857142857,Unknown,27,17.13144634874709,439.0,40.27416020911824,-2.190895795822144
rpoB,141.01097196446108,G,R,28,G28R,Rifampicin,3) Uncertain significance,0.018268164,0.0,Unknown,28,15.642387445655467,443.0,44.1492475965258,0.0772914886474609
rpoB,4.242073282820002,P,A,30,P30A,Rifampicin,3) Uncertain significance,0.018200638,0.3333333333333333,Unknown,30,14.921499388466282,439.0,43.279408841284464,-0.0226023197174072
rpoB,48.83884666066115,A,V,29,A29V,Rifampicin,3) Uncertain significance,0.020326199,0.0,Unknown,29,14.921499388466282,439.0,27.72096759262996,-0.4628775119781494
rpoB,4.977769805413573,P,S,30,P30S,Rifampicin,3) Uncertain significance,0.018242652,0.0,Unknown,30,14.921499388466282,439.0,33.197952790471106,0.1336910724639892
rpoB,3.0468550789623805,A,T,29,A29T,Rifampicin,3) Uncertain significance,0.021817151,0.0,Unknown,29,14.921499388466282,439.0,26.41694255168034,-0.4072659015655517
rpoB,-0.955615203655725,V,L,33,V33L,Rifampicin,3) Uncertain significance,0.01502741,0.0,Unknown,33,20.483035248712536,443.0,21.74847419041692,-0.096923828125
rpoB,0.4609020698990207,K,R,37,K37R,Rifampicin,3) Uncertain significance,0.02209005,0.8571428571428571,Unknown,37,23.111251675320407,443.0,22.54394404482823,0.4229216575622558
rpoB,7.408850538023671,P,Q,45,P45Q,Rifampicin,3) Uncertain significance,0.02435665,1.0,Unknown,45,8.43130061141222,443.0,37.5005576758833,-0.5249724388122559
rpoB,13.581650221412474,L,V,42,L42V,Rifampicin,3) Uncertain significance,0.016204134,1.0,Unknown,42,15.848430016881796,443.0,21.74847419041692,0.128741979598999
rpoB,10.039886093540645,V,G,44,V44G,Rifampicin,3) Uncertain significance,0.018470753,1.0,Unknown,44,8.635983904570459,443.0,42.97384860101139,0.5422608852386475
rpoB,5.831789916520847,P,S,45,P45S,Rifampicin,3) Uncertain significance,0.01975424,0.9848484848484848,Unknown,45,8.43130061141222,443.0,33.197952790471106,0.4840590953826904
rpoB,5.774529175480893,V,A,44,V44A,Rifampicin,3) Uncertain significance,0.018078778,0.0,Unknown,44,8.635983904570459,443.0,27.72096759262996,0.9656002521514891
rpoB,6.276930042199183,P,A,45,P45A,Rifampicin,3) Uncertain significance,0.039266124,0.875,Unknown,45,8.43130061141222,443.0,43.279408841284464,0.1323566436767578
rpoB,5.303695015345511,P,L,45,P45L,Rifampicin,3) Uncertain significance,0.04396632,1.0,Unknown,45,8.43130061141222,443.0,49.27170475166683,-0.2041478157043457
rpoB,8.876340727398201,P,R,45,P45R,Rifampicin,3) Uncertain significance,0.02796381,1.0,Unknown,45,8.43130061141222,443.0,42.60148692869801,0.1033465862274169
rpoB,5.611618488417207,G,R,46,G46R,Rifampicin,3) Uncertain significance,0.01704124,1.0,Unknown,46,7.167403016434917,443.0,44.1492475965258,-0.3085391521453857
rpoB,5.855067955795676,G,V,46,G46V,Rifampicin,3) Uncertain significance,0.019767487,1.0,Unknown,46,7.167403016434917,443.0,42.97384860101139,-0.0174818038940429
rpoB,6.510119381452569,P,T,45,P45T,Rifampicin,3) Uncertain significance,0.021923663,1.0,Unknown,45,8.43130061141222,443.0,34.265110857459,0.1330735683441162
rpoB,6.601651338748525,D,H,49,D49H,Rifampicin,3) Uncertain significance,0.028879073,0.0,Unknown,49,7.5509002112331105,446.0,29.775078049524573,-1.2115981578826904
rpoB,5.503874178885781,L,F,48,L48F,Rifampicin,3) Uncertain significance,0.013558534,0.0,Unknown,48,3.56504151448479,446.0,22.8377240877722,-0.651909351348877
rpoB,6.323361754008602,V,G,50,V50G,Rifampicin,3) Uncertain significance,0.016866991,1.0,Unknown,50,3.770758809576673,446.0,42.97384860101139,-0.2106356620788574
rpoB,1.3024333594107702,T,S,52,T52S,Rifampicin,3) Uncertain significance,0.022481026,0.0,Unknown,52,7.757458604465761,446.0,17.12767927453449,0.2312862873077392
rpoB,154.59888851747655,T,P,52,T52P,Rifampicin,3) Uncertain significance,0.01919466,1.0,Unknown,52,7.757458604465761,446.0,34.265110857459,0.3762078285217285
rpoB,1.6178325549371948,D,N,53,D53N,Rifampicin,3) Uncertain significance,0.01748946,0.0,Unknown,53,9.84499862874546,446.0,20.632582370741144,-0.8887848854064941
rpoB,55.4446434405595,Q,P,51,Q51P,Rifampicin,3) Uncertain significance,0.025928989,0.6666666666666666,Unknown,51,3.2328430212430663,446.0,37.5005576758833,1.041503667831421
rpoB,306.4908430691662,A,P,69,A69P,Rifampicin,3) Uncertain significance,0.02904091,0.0,Unknown,69,23.29780343723417,446.0,43.279408841284464,-0.978041172027588
rpoB,1.2046025540489609,S,F,67,S67F,Rifampicin,3) Uncertain significance,0.029563474,0.0,Unknown,67,18.605263180078904,446.0,38.08678371297432,0.5120511054992676
rpoB,8.946447420950335,A,V,68,A68V,Rifampicin,3) Uncertain significance,0.022238499,0.0,Unknown,68,20.62153015661061,446.0,27.72096759262996,-0.0861122608184814
rpoB,1.987159547378269,E,V,70,E70V,Rifampicin,3) Uncertain significance,0.06122456,0.0,Unknown,70,22.815959786956164,446.0,40.07063541729576,0.186230182647705
rpoB,2.8909184658336926,N,T,75,N75T,Rifampicin,3) Uncertain significance,0.017709997,1.0,Unknown,75,24.18326373755208,170.0,24.234231473312622,0.8868594169616699
rpoB,4.0737951112569135,V,M,77,V77M,Rifampicin,3) Uncertain significance,0.024925936,0.0,Unknown,77,20.07975662203108,170.0,26.61946259943389,-1.2333054542541504
rpoB,62.20508863480063,G,S,79,G79S,Rifampicin,3) Uncertain significance,0.017531047,1.0,Unknown,79,16.60572615093965,170.0,26.911928800176504,-0.3164381980895996
rpoB,149.0280518795607,G,D,79,G79D,Rifampicin,3) Uncertain significance,0.019300925,1.0,Unknown,79,16.60572615093965,170.0,34.61903783109632,-0.1366212368011474
rpoB,12.509457973033932,L,V,80,L80V,Rifampicin,3) Uncertain significance,0.016590469,0.0,Unknown,80,16.61451958378576,426.0,21.74847419041692,-0.2047429084777832
rpoB,4.329956373112054,E,K,82,E82K,Rifampicin,3) Uncertain significance,0.033427633,0.0,Unknown,82,17.201216294204304,430.0,24.435330484711496,-0.1436018943786621
rpoB,222.32664254960127,S,P,88,S88P,Rifampicin,3) Uncertain significance,0.025514092,1.0,Unknown,88,25.2238968044194,428.0,33.197952790471106,-0.5574362277984619
rpoB,-1.755867932928595,P,S,89,P89S,Rifampicin,3) Uncertain significance,0.024837261,0.0,Unknown,89,28.43944041291948,428.0,33.197952790471106,0.1576335430145263
rpoB,4.361938374639067,E,G,91,E91G,Rifampicin,3) Uncertain significance,0.016920583,0.0,Unknown,91,29.96020013284289,427.0,42.48882015717018,0.6028512716293335
rpoB,2.553145914641391,E,V,86,E86V,Rifampicin,3) Uncertain significance,0.027896777,1.0,Unknown,86,18.373186577183617,430.0,40.07063541729576,0.273451566696167
rpoB,5.31432423668366,I,L,90,I90L,Rifampicin,3) Uncertain significance,0.017698461,1.0,Unknown,90,24.68009120728688,427.0,20.74950239789154,0.5064692497253418
rpoB,8.763056273582151,I,S,90,I90S,Rifampicin,3) Uncertain significance,0.030653926,1.0,Unknown,90,24.68009120728688,427.0,38.25058504319116,0.3854086399078369
rpoB,-0.3551685089191778,F,L,93,F93L,Rifampicin,3) Uncertain significance,0.012605271,0.0,Unknown,93,32.90886173965912,427.0,22.8377240877722,0.6652917861938477
rpoB,10.744135254231878,D,G,92,D92G,Rifampicin,3) Uncertain significance,0.019112872,0.9090909090909092,Unknown,92,31.884442773867,427.0,34.61903783109632,0.8378584384918213
rpoB,9.478051402507845,G,R,95,G95R,Rifampicin,3) Uncertain significance,0.03285394,0.0,Unknown,95,36.3147946848113,427.0,44.1492475965258,0.2550091743469238
rpoB,191.36638077567977,S,P,96,S96P,Rifampicin,3) Uncertain significance,0.02253791,1.0,Unknown,96,36.503433098819606,427.0,33.197952790471106,-0.2829132080078125
rpoB,-0.4504365845750726,S,A,98,S98A,Rifampicin,3) Uncertain significance,0.024868885,0.0,Unknown,98,31.8773976980556,426.0,26.48144300167584,0.3024404048919678
rpoB,1.5376513690539468,D,E,103,D103E,Rifampicin,3) Uncertain significance,0.019364446,0.0,Unknown,103,24.721635969328595,426.0,23.13284454741382,0.236415147781372
rpoB,-0.3203793768043397,D,E,107,D107E,Rifampicin,3) Uncertain significance,0.022395628,0.0,Unknown,107,20.885146994934,426.0,23.13284454741382,0.2132914066314697
rpoB,1.5422388109959684,D,E,108,D108E,Rifampicin,3) Uncertain significance,0.016888507,0.5,Unknown,108,20.029430271478027,426.0,23.13284454741382,0.2537503242492676
rpoB,3.78575306600078,D,G,114,D114G,Rifampicin,3) Uncertain significance,0.02627366,1.0,Unknown,114,10.607589028615314,436.0,34.61903783109632,0.3484997749328613
rpoB,40.11019356743145,V,I,113,V113I,Rifampicin,3) Uncertain significance,0.022487942,0.1194029850746268,Unknown,113,9.518716352534083,436.0,15.178921907491468,-0.17110276222229
rpoB,2.2433063919497727,D,N,114,D114N,Rifampicin,3) Uncertain significance,0.019508544,0.0,Unknown,114,10.607589028615314,436.0,20.632582370741144,-0.7796139717102051
rpoB,202.2684371401569,C,F,116,C116F,Rifampicin,3) Uncertain significance,0.090011686,0.0,Unknown,116,12.283624424411558,436.0,31.49026810135259,2.566784381866455
rpoB,0.5660283627298668,D,G,118,D118G,Rifampicin,3) Uncertain significance,0.021639673,1.0,Unknown,118,12.01513753562564,436.0,34.61903783109632,0.7750914096832275
rpoB,3.2864123263557303,D,A,120,D120A,Rifampicin,3) Uncertain significance,0.030227475,0.0,Unknown,120,12.019267406959557,426.0,32.79578065715211,0.4208498001098633
rpoB,3.5313128889961263,D,G,120,D120G,Rifampicin,3) Uncertain significance,0.03798037,0.0,Unknown,120,12.019267406959557,426.0,34.61903783109632,1.491919994354248
rpoB,7.491680289524538,M,I,121,M121I,Rifampicin,3) Uncertain significance,0.027780294,0.1666666666666666,Unknown,121,11.431112369319091,426.0,24.48735007204724,1.1414804458618164
rpoB,5.375393784081552,V,I,129,V129I,Rifampicin,3) Uncertain significance,0.016866757,0.0,Unknown,129,21.55639390065045,426.0,15.178921907491468,-0.951406717300415
rpoB,9.38185429242003,V,G,129,V129G,Rifampicin,3) Uncertain significance,0.025374573,0.0,Unknown,129,21.55639390065045,426.0,42.97384860101139,-0.6488206386566162
rpoB,38.36298875379816,A,V,131,A131V,Rifampicin,3) Uncertain significance,0.029873801,0.0,Unknown,131,26.74415182801657,426.0,27.72096759262996,-0.2576954364776611
rpoB,3.01131260632701,E,D,132,E132D,Rifampicin,3) Uncertain significance,0.017282853,0.0,Unknown,132,29.71376443670512,426.0,23.13284454741382,-1.35109543800354
rpoB,-1.3996482921229472,N,D,135,N135D,Rifampicin,3) Uncertain significance,0.021426,1.0,Unknown,135,37.486491260186014,426.0,20.632582370741144,0.4012060165405273
rpoB,0.6508746794429499,N,D,137,N137D,Rifampicin,3) Uncertain significance,0.022536334,0.0,Unknown,137,41.57276829849076,427.0,20.632582370741144,0.3409872055053711
rpoB,-1.0241223753605482,F,L,151,F151L,Rifampicin,3) Uncertain significance,0.016424537,1.0,Unknown,151,12.141281316236784,426.0,22.8377240877722,0.856717586517334
rpoB,0.2633583326023654,E,D,156,E156D,Rifampicin,3) Uncertain significance,0.011493444,0.25,Unknown,156,6.689067648035871,446.0,23.13284454741382,0.5604736804962158
rpoB,11.682765645314248,M,T,153,M153T,Rifampicin,3) Uncertain significance,0.02668819,0.0,Unknown,153,10.591439090133129,431.0,32.68277833750696,0.989072322845459
rpoB,9.02735897638422,M,V,153,M153V,Rifampicin,3) Uncertain significance,0.020838825,0.0,Unknown,153,10.591439090133129,431.0,26.61946259943389,1.3226463794708252
rpoB,1.9676792142704471,E,G,156,E156G,Rifampicin,3) Uncertain significance,0.016849725,0.5,Unknown,156,6.689067648035871,446.0,42.48882015717018,-0.2886772155761719
rpoB,96.085366644219,T,I,155,T155I,Rifampicin,3) Uncertain significance,0.019459352,1.0,Unknown,155,5.907421264815986,446.0,31.61668122731128,-1.238799810409546
rpoB,2.8195372081627283,K,M,157,K157M,Rifampicin,3) Uncertain significance,0.032914877,1.0,Unknown,157,2.649830560620793,446.0,36.91372464835112,-1.76007342338562
rpoB,3.3363621730491104,M,I,154,M154I,Rifampicin,3) Uncertain significance,0.023100933,0.0,Unknown,154,7.563449609801069,446.0,24.48735007204724,0.9029228687286376
rpoB,31.85507016081556,G,S,158,G158S,Rifampicin,3) Uncertain significance,0.022342054,1.0,Unknown,158,3.628294365125289,446.0,26.911928800176504,-0.2037131786346435
rpoB,256.70619526328574,T,P,159,T159P,Rifampicin,3) Uncertain significance,0.020536618,1.0,Unknown,159,3.317598076922541,446.0,34.265110857459,-0.4115359783172607
rpoB,0.8834992897932352,N,D,163,N163D,Rifampicin,3) Uncertain significance,0.019347591,0.25,Unknown,163,6.065501875360359,426.0,20.632582370741144,0.6802337169647217
rpoB,1.1677099409907896,N,K,163,N163K,Rifampicin,3) Uncertain significance,0.029284403,0.6666666666666666,Unknown,163,6.065501875360359,426.0,26.3028009866802,-0.0866751670837402
rpoB,1.737318436573787,I,V,162,I162V,Rifampicin,3) Uncertain significance,0.019546954,0.0,Unknown,162,5.189201190934875,426.0,15.178921907491468,0.9495031833648682
rpoB,13.760152681023555,E,K,166,E166K,Rifampicin,3) Uncertain significance,0.023630042,1.0,Unknown,166,3.3688456479927926,434.0,24.435330484711496,-0.0070312023162841
rpoB,1.7608409630324786,R,C,167,R167C,Rifampicin,3) Uncertain significance,0.050055284,0.8,Unknown,167,2.465879559102593,431.0,40.517919150720246,-3.183715343475342
rpoB,8.191973129179132,E,G,166,E166G,Rifampicin,3) Uncertain significance,0.022568582,1.0,Unknown,166,3.3688456479927926,434.0,42.48882015717018,0.4619636535644531
rpoB,5.326573297930281,R,H,167,R167H,Rifampicin,3) Uncertain significance,0.024800468,1.0,Unknown,167,2.465879559102593,431.0,26.692906012304967,-1.2499885559082031
rpoB,6.597783314533899,V,A,168,V168A,Rifampicin,3) Uncertain significance,0.027917199,1.0,Unknown,168,2.7620524976907865,432.0,27.72096759262996,0.042487621307373
rpoB,43.55990886109248,V,L,168,V168L,Rifampicin,3) Uncertain significance,0.013881446,1.0,Unknown,168,2.7620524976907865,432.0,21.74847419041692,0.0908775329589843
rpoB,10.468496076269275,V,G,168,V168G,Rifampicin,3) Uncertain significance,0.01958769,1.0,Unknown,168,2.7620524976907865,432.0,42.97384860101139,-0.0022332668304443
rpoB,301.2397260507596,V,F,170,V170F,Rifampicin,1) Assoc w R,0.021239623,0.978021978021978,Resistant,170,2.919608535403349,430.0,23.46929055924925,-0.733715295791626
rpoB,67.54081249822684,V,M,168,V168M,Rifampicin,3) Uncertain significance,0.02269314,1.0,Unknown,168,2.7620524976907865,432.0,26.61946259943389,-1.1018476486206057
rpoB,10.236910656298733,V,G,170,V170G,Rifampicin,3) Uncertain significance,0.02255465,1.0,Unknown,170,2.919608535403349,430.0,42.97384860101139,1.5503493547439575
rpoB,1.6836668689520593,V,I,170,V170I,Rifampicin,3) Uncertain significance,0.015081683,1.0,Unknown,170,2.919608535403349,430.0,15.178921907491468,-0.9859697818756104
rpoB,5.8682408855920585,V,A,170,V170A,Rifampicin,3) Uncertain significance,0.020007642,0.7857142857142857,Unknown,170,2.919608535403349,430.0,27.72096759262996,0.7463669776916504
rpoB,70.56814807262481,Q,R,172,Q172R,Rifampicin,3) Uncertain significance,0.018821796,1.0,Unknown,172,3.318881438075164,450.0,22.596164034846936,0.8761730194091797
rpoB,25.879880961304025,Q,K,172,Q172K,Rifampicin,3) Uncertain significance,0.020313082,1.0,Unknown,172,3.318881438075164,450.0,20.152048757182733,0.4269206523895263
rpoB,254.8922277210745,L,P,173,L173P,Rifampicin,3) Uncertain significance,0.027581844,1.0,Unknown,173,2.599231809592983,450.0,49.27170475166683,-0.3009684085845947
rpoB,633.680523618922,G,R,178,G178R,Rifampicin,3) Uncertain significance,0.02193475,1.0,Unknown,178,16.46951423084481,451.0,44.1492475965258,0.1165509223937988
rpoB,285.6322497799188,S,L,176,S176L,Rifampicin,3) Uncertain significance,0.018865068,1.0,Unknown,176,11.170592150821731,451.0,37.32648951510237,0.0438010692596435
rpoB,43.38236310691855,V,M,179,V179M,Rifampicin,3) Uncertain significance,0.02292032,0.0,Unknown,179,18.74135518045589,451.0,26.61946259943389,-1.5893921852111816
rpoB,0.1412850381384487,T,S,184,T184S,Rifampicin,3) Uncertain significance,0.018582815,0.0,Unknown,184,21.95896402383319,451.0,17.12767927453449,-0.3066365718841553
rpoB,-0.5216670954382607,D,A,186,D186A,Rifampicin,3) Uncertain significance,0.017931262,1.0,Unknown,186,25.129838260522096,452.0,32.79578065715211,0.6531612873077393
rpoB,2.565893141280867,D,A,190,D190A,Rifampicin,3) Uncertain significance,0.017638864,1.0,Unknown,190,30.91355841697944,452.0,32.79578065715211,0.4421963691711426
rpoB,0.9749757035392576,D,E,190,D190E,Rifampicin,3) Uncertain significance,0.015279013,0.0,Unknown,190,30.91355841697944,452.0,23.13284454741382,0.4545862674713135
rpoB,23.45724802248924,H,R,194,H194R,Rifampicin,3) Uncertain significance,0.025616083,1.0,Unknown,194,24.216231189018668,451.0,26.692906012304967,1.3147902488708496
rpoB,2.794316700164927,H,Y,194,H194Y,Rifampicin,3) Uncertain significance,0.03178031,0.1,Unknown,194,24.216231189018668,451.0,25.616944290458218,0.1129372119903564
rpoB,3.5290736211718468,S,R,195,S195R,Rifampicin,3) Uncertain significance,0.01739377,0.5,Unknown,195,20.58588317269872,451.0,31.331509629069213,0.2777583599090576
rpoB,1.3297898468008498,V,A,196,V196A,Rifampicin,3) Uncertain significance,0.020181267,1.0,Unknown,196,19.987640280933608,451.0,27.72096759262996,0.0976688861846923
rpoB,18.75241985441835,V,M,198,V198M,Rifampicin,3) Uncertain significance,0.022648904,0.0,Unknown,198,18.03874502286676,451.0,26.61946259943389,-1.3527133464813232
rpoB,4.369967849541354,I,T,199,I199T,Rifampicin,3) Uncertain significance,0.023922296,1.0,Unknown,199,13.045882300557514,451.0,31.61668122731128,1.143094539642334
rpoB,2.0593391678085027,S,G,201,S201G,Rifampicin,3) Uncertain significance,0.018420933,0.5,Unknown,201,13.433940821665086,430.0,26.911928800176504,0.2266714572906494
rpoB,2929.405505214779,G,R,203,G203R,Rifampicin,3) Uncertain significance,0.018473208,1.0,Unknown,203,17.443450490083645,430.0,44.1492475965258,-0.2700564861297607
rpoB,6.028250691062567,E,G,207,E207G,Rifampicin,3) Uncertain significance,0.04207416,0.0,Unknown,207,18.246729268556614,451.0,42.48882015717018,0.4198026657104492
rpoB,5.368620339175777,E,K,207,E207K,Rifampicin,3) Uncertain significance,0.02167087,1.0,Unknown,207,18.246729268556614,451.0,24.435330484711496,-0.1754233837127685
rpoB,2.859529030001795,D,N,211,D211N,Rifampicin,3) Uncertain significance,0.017050734,1.0,Unknown,211,29.47984051856456,451.0,20.632582370741144,-0.6906788349151611
rpoB,10.672519196491066,F,L,208,F208L,Rifampicin,3) Uncertain significance,0.017505927,0.0,Unknown,208,23.22873059381422,451.0,22.8377240877722,0.7492663860321045
rpoB,31.42583578593804,D,V,211,D211V,Rifampicin,3) Uncertain significance,0.026340583,0.0,Unknown,211,29.47984051856456,451.0,42.073261479334384,0.3814847469329834
rpoB,4.568039881063214,D,N,209,D209N,Rifampicin,3) Uncertain significance,0.017473064,0.0,Unknown,209,24.51194472089068,451.0,20.632582370741144,-1.014033317565918
rpoB,0.8928853092370446,T,A,215,T215A,Rifampicin,3) Uncertain significance,0.016631834,0.0,Unknown,215,31.3340332226798,451.0,26.41694255168034,0.1543810367584228
rpoB,2.527304611406634,R,S,219,R219S,Rifampicin,3) Uncertain significance,0.019016376,1.0,Unknown,219,22.733801221969014,451.0,31.331509629069213,-0.2471230030059814
rpoB,1.3628031914231542,R,L,219,R219L,Rifampicin,3) Uncertain significance,0.01941615,1.0,Unknown,219,22.733801221969014,451.0,40.57857118014128,0.6434104442596436
rpoB,7.96035468084392,G,S,217,G217S,Rifampicin,3) Uncertain significance,0.023845747,0.5,Unknown,217,27.241812164391703,451.0,26.911928800176504,-0.2710800170898437
rpoB,4.740038443608228,R,C,219,R219C,Rifampicin,3) Uncertain significance,0.064252056,1.0,Unknown,219,22.733801221969014,451.0,40.517919150720246,-3.2260358333587646
rpoB,12.81855304006922,R,H,219,R219H,Rifampicin,3) Uncertain significance,0.029213205,1.0,Unknown,219,22.733801221969014,451.0,26.692906012304967,-1.3187801837921145
rpoB,24.96944808739636,V,I,216,V216I,Rifampicin,3) Uncertain significance,0.016223732,0.0,Unknown,216,30.289723901019634,451.0,15.178921907491468,-0.5684216022491455
rpoB,1.1345818139993753,R,C,224,R224C,Rifampicin,3) Uncertain significance,0.058147814,1.0,Unknown,224,27.24424188704836,451.0,40.517919150720246,-3.221554517745972
rpoB,0.2065873011092662,R,G,224,R224G,Rifampicin,3) Uncertain significance,0.0194127,1.0,Unknown,224,27.24424188704836,451.0,44.1492475965258,-0.2085351943969726
rpoB,-1.3814939394073915,R,H,224,R224H,Rifampicin,3) Uncertain significance,0.021911781,1.0,Unknown,224,27.24424188704836,451.0,26.692906012304967,-1.215860366821289
rpoB,4.919153177550925,R,G,225,R225G,Rifampicin,3) Uncertain significance,0.023280414,1.0,Unknown,225,26.76217780749542,451.0,44.1492475965258,-0.2908496856689453
rpoB,3.104295915095008,R,Q,225,R225Q,Rifampicin,3) Uncertain significance,0.021533081,0.0,Unknown,225,26.76217780749542,451.0,22.596164034846936,-0.5344135761260986
rpoB,10.274010656546125,Q,K,226,Q226K,Rifampicin,3) Uncertain significance,0.024376241,1.0,Unknown,226,29.90642907469897,451.0,20.152048757182733,-0.1464970111846923
rpoB,1.5085615550697185,Q,E,226,Q226E,Rifampicin,3) Uncertain significance,0.02742098,1.0,Unknown,226,29.90642907469897,451.0,21.817564078907125,0.4577603340148926
rpoB,15.024361461737044,Q,R,226,Q226R,Rifampicin,3) Uncertain significance,0.02540931,1.0,Unknown,226,29.90642907469897,451.0,22.596164034846936,0.4336118698120117
rpoB,27.133663787150454,V,I,228,V228I,Rifampicin,3) Uncertain significance,0.015040345,1.0,Unknown,228,30.187483648028707,451.0,15.178921907491468,-0.5840790271759033
rpoB,42.04791614082569,L,V,232,L232V,Rifampicin,3) Uncertain significance,0.023957957,0.0,Unknown,232,33.824576952269496,451.0,21.74847419041692,-0.6309514045715332
rpoB,-3.3031507995224274,K,M,233,K233M,Rifampicin,3) Uncertain significance,0.031525932,0.0,Unknown,233,36.897677894414976,451.0,36.91372464835112,-2.046292304992676
rpoB,14.642671542028893,G,D,236,G236D,Rifampicin,3) Uncertain significance,0.02661949,0.0,Unknown,236,37.8821380204444,451.0,34.61903783109632,-0.2280061244964599
rpoB,13.082692521942135,L,R,235,L235R,Rifampicin,3) Uncertain significance,0.027048757,0.0,Unknown,235,32.52325452656915,451.0,40.57857118014128,1.3328449726104736
rpoB,2.5678284616697056,E,G,240,E240G,Rifampicin,3) Uncertain significance,0.02742854,0.0,Unknown,240,44.09065148078443,451.0,42.48882015717018,-2.973414897918701
rpoB,8.301432234771255,S,N,239,S239N,Rifampicin,3) Uncertain significance,0.019703338,0.5,Unknown,239,42.84975339485632,451.0,19.57151835136661,-0.9245193004608154
rpoB,3.552687554969907,S,R,239,S239R,Rifampicin,3) Uncertain significance,0.023821896,0.0,Unknown,239,42.84975339485632,451.0,31.331509629069213,-0.4472119808197021
rpoB,0.7554605116956736,S,A,249,S249A,Rifampicin,3) Uncertain significance,0.019434014,0.0,Unknown,249,35.58408819964339,451.0,26.48144300167584,-0.364945650100708
rpoB,2.429231547631844,E,G,250,E250G,Rifampicin,4) Not assoc w R - Interim,0.016340591,0.2061855670103092,Susceptible,250,38.65550771882319,451.0,42.48882015717018,-0.9915118217468262
rpoB,0.0133370980183826,R,M,253,R253M,Rifampicin,3) Uncertain significance,0.02753052,0.0,Unknown,253,39.01379712358182,451.0,36.69003863107888,-2.1683294773101807
rpoB,382.6140618254153,S,P,254,S254P,Rifampicin,3) Uncertain significance,0.022422,0.6666666666666666,Unknown,254,39.15224413746933,451.0,33.197952790471106,-1.6142961978912354
rpoB,61.7478565225274,V,F,262,V262F,Rifampicin,3) Uncertain significance,0.019105794,0.0,Unknown,262,42.90000081585081,451.0,23.46929055924925,-0.4182493686676025
rpoB,1.7853193043019928,D,A,265,D265A,Rifampicin,3) Uncertain significance,0.020661924,1.0,Unknown,265,40.48434486316905,451.0,32.79578065715211,0.3828656673431396
rpoB,3.4709311788597006,D,G,265,D265G,Rifampicin,3) Uncertain significance,0.020650787,0.8571428571428571,Unknown,265,40.48434486316905,451.0,34.61903783109632,-0.4825427532196045
rpoB,1.668088473498301,D,E,270,D270E,Rifampicin,3) Uncertain significance,0.01648306,0.3333333333333333,Unknown,270,34.36895538127396,451.0,23.13284454741382,1.8427631855010984
rpoB,3.394286003538582,K,E,274,K274E,Rifampicin,3) Uncertain significance,0.025196275,1.0,Unknown,274,29.884044070373093,451.0,24.435330484711496,0.5367448329925537
rpoB,2.7076555294624995,R,C,273,R273C,Rifampicin,3) Uncertain significance,0.066479824,1.0,Unknown,273,33.56542693010175,451.0,40.517919150720246,-3.3114283084869385
rpoB,3.111446369658552,P,L,280,P280L,Rifampicin,3) Uncertain significance,0.023724576,0.9,Unknown,280,36.96467001070076,427.0,49.27170475166683,1.7965612411499023
rpoB,3.2084244939101154,K,N,274,K274N,Rifampicin,3) Uncertain significance,0.022323074,1.0,Unknown,274,29.884044070373093,451.0,26.3028009866802,0.4037113189697265
rpoB,1.41609217920859,P,S,280,P280S,Rifampicin,3) Uncertain significance,0.027511569,1.0,Unknown,280,36.96467001070076,427.0,33.197952790471106,-1.0190083980560305
rpoB,3.0881291052173765,E,G,284,E284G,Rifampicin,3) Uncertain significance,0.02624536,1.0,Unknown,284,37.93175463908833,427.0,42.48882015717018,-2.50665295124054
rpoB,0.1312615032184112,T,A,288,T288A,Rifampicin,3) Uncertain significance,0.018214576,1.0,Unknown,288,31.78554824129983,430.0,26.41694255168034,1.3790242671966553
rpoB,257.9339886407661,A,V,286,A286V,Rifampicin,3) Uncertain significance,0.022851253,1.0,Unknown,286,34.577716957601496,451.0,27.72096759262996,-0.0498030185699462
rpoB,2.23925837402021,E,V,291,E291V,Rifampicin,3) Uncertain significance,0.026396487,1.0,Unknown,291,29.04308280813176,430.0,40.07063541729576,-1.3719630241394043
rpoB,2.3926198616400143,E,D,291,E291D,Rifampicin,3) Uncertain significance,0.015736632,0.0,Unknown,291,29.04308280813176,430.0,23.13284454741382,-0.277712345123291
rpoB,1.9646807224285112,E,K,291,E291K,Rifampicin,3) Uncertain significance,0.019743579,1.0,Unknown,291,29.04308280813176,430.0,24.435330484711496,-0.4748756885528564
rpoB,23.603106697244584,L,F,290,L290F,Rifampicin,3) Uncertain significance,0.019710694,0.0,Unknown,290,29.546710764482768,451.0,22.8377240877722,-0.7449486255645752
rpoB,0.9549245490229624,N,S,292,N292S,Rifampicin,3) Uncertain significance,0.021147216,0.0,Unknown,292,25.85787054264134,430.0,19.57151835136661,0.7508730888366699
rpoB,4.792538091358892,L,S,293,L293S,Rifampicin,3) Uncertain significance,0.02004339,1.0,Unknown,293,23.959302118383988,430.0,37.32648951510237,-0.4900646209716797
rpoB,4.774754624447269,F,L,295,F295L,Rifampicin,3) Uncertain significance,0.015269288,0.1428571428571428,Unknown,295,27.167583201308137,430.0,22.8377240877722,1.0688066482543943
rpoB,4.706535358632209,K,R,298,K298R,Rifampicin,3) Uncertain significance,0.021332953,0.0,Unknown,298,21.846012931425232,430.0,22.54394404482823,0.3016555309295654
rpoB,-1.3887430952049726,D,N,301,D301N,Rifampicin,3) Uncertain significance,0.016530998,1.0,Unknown,301,18.23466536572578,430.0,20.632582370741144,-0.8299176692962646
rpoB,4.768552139138592,R,C,304,R304C,Rifampicin,3) Uncertain significance,0.06114683,0.0,Unknown,304,18.925596873018275,430.0,40.517919150720246,-3.663871765136719
rpoB,8.303018122436242,R,H,307,R307H,Rifampicin,3) Uncertain significance,0.019700868,0.0,Unknown,307,21.06392064645136,451.0,26.692906012304967,-1.225088357925415
rpoB,2.55056826652708,Y,C,308,Y308C,Rifampicin,3) Uncertain significance,0.06346911,1.0,Unknown,308,18.626985612277707,449.0,31.8876454197536,-2.4947986602783203
rpoB,1.990981351972096,Y,D,308,Y308D,Rifampicin,3) Uncertain significance,0.031485725,0.8333333333333334,Unknown,308,18.626985612277707,449.0,36.32517153463494,0.015716552734375
rpoB,30.008493591458773,V,I,305,V305I,Rifampicin,3) Uncertain significance,0.01793186,1.0,Unknown,305,16.03500951044311,449.0,15.178921907491468,-0.1189727783203125
rpoB,28.107998939034587,V,L,305,V305L,Rifampicin,3) Uncertain significance,0.016374055,1.0,Unknown,305,16.03500951044311,449.0,21.74847419041692,0.4377789497375488
rpoB,5.160606657018889,K,E,309,K309E,Rifampicin,3) Uncertain significance,0.026684651,0.0,Unknown,309,16.29729048032218,449.0,24.435330484711496,0.5424032211303711
rpoB,5.926268065804834,V,G,310,V310G,Rifampicin,3) Uncertain significance,0.025947457,0.0,Unknown,310,21.20815854806825,451.0,42.97384860101139,0.5928652286529541
rpoB,7.909112507889858,L,V,316,L316V,Rifampicin,3) Uncertain significance,0.015177941,0.0,Unknown,316,28.28618447228257,451.0,21.74847419041692,-0.0720248222351074
rpoB,18.98527232390052,L,V,314,L314V,Rifampicin,3) Uncertain significance,0.02040483,0.0,Unknown,314,25.942749777153537,451.0,21.74847419041692,-0.3584251403808594
rpoB,2.3134622124780435,E,D,320,E320D,Rifampicin,3) Uncertain significance,0.0163206,0.2857142857142857,Unknown,320,27.134377180985783,449.0,23.13284454741382,-0.0374596118927001
rpoB,0.6622556298630116,H,Y,317,H317Y,Rifampicin,3) Uncertain significance,0.032909956,0.0,Unknown,317,28.868684175071103,449.0,25.616944290458218,0.3167798519134521
rpoB,4.720209613316001,P,S,321,P321S,Rifampicin,3) Uncertain significance,0.021660062,0.0,Unknown,321,29.07247588355695,449.0,33.197952790471106,0.3510432243347168
rpoB,0.0448932262593189,E,D,330,E330D,Rifampicin,3) Uncertain significance,0.022113709,1.0,Unknown,330,30.739404548559506,451.0,23.13284454741382,-0.2245025634765625
rpoB,7.88230161555748,V,I,332,V332I,Rifampicin,3) Uncertain significance,0.018551096,0.0,Unknown,332,27.452446266225536,451.0,15.178921907491468,-0.1637067794799804
rpoB,82.3340360600937,A,V,334,A334V,Rifampicin,3) Uncertain significance,0.034204002,0.0,Unknown,334,28.91343234553795,451.0,27.72096759262996,-0.8347445726394653
rpoB,10.303579473705668,A,D,334,A334D,Rifampicin,3) Uncertain significance,0.026695823,0.0,Unknown,334,28.91343234553795,451.0,32.79578065715211,-1.5727578401565552
rpoB,19.20769643020913,E,K,337,E337K,Rifampicin,3) Uncertain significance,0.026546242,0.0,Unknown,337,30.557899764218075,451.0,24.435330484711496,-0.8961091041564941
rpoB,10.564386951715733,R,H,341,R341H,Rifampicin,3) Uncertain significance,0.031789567,1.0,Unknown,341,31.178756630115966,451.0,26.692906012304967,-0.7213075160980225
rpoB,4.308318654546383,I,T,336,I336T,Rifampicin,3) Uncertain significance,0.029660396,1.0,Unknown,336,28.29082170952268,451.0,31.61668122731128,1.3617427349090576
rpoB,8.934926928897312,H,R,343,H343R,Rifampicin,3) Uncertain significance,0.028577592,0.0,Unknown,343,29.4385953639096,451.0,26.692906012304967,1.2390313148498535
rpoB,0.3190038246038966,T,N,347,T347N,Rifampicin,3) Uncertain significance,0.01787877,0.0,Unknown,347,30.74633885521981,449.0,24.234231473312622,-2.6284658908843994
rpoB,0.2798112116038282,T,I,347,T347I,Rifampicin,3) Uncertain significance,0.02769742,0.0,Unknown,347,30.74633885521981,449.0,31.61668122731128,-0.8494937419891357
rpoB,3.1407195198080444,E,Q,344,E344Q,Rifampicin,3) Uncertain significance,0.02560928,0.0,Unknown,344,32.94998878603753,451.0,21.817564078907125,-0.5211427211761475
rpoB,3.5553193168298094,T,I,350,T350I,Rifampicin,3) Uncertain significance,0.03289392,0.0,Unknown,350,34.545774705454214,451.0,31.61668122731128,-0.6793568134307861
rpoB,23.199251488123537,G,S,345,G345S,Rifampicin,3) Uncertain significance,0.024142701,0.0,Unknown,345,31.540178074957023,451.0,26.911928800176504,-0.2833642959594726
rpoB,5.582843124889223,H,Q,343,H343Q,Rifampicin,3) Uncertain significance,0.031764317,0.074074074074074,Unknown,343,29.4385953639096,451.0,22.559771492482422,0.6394338607788086
rpoB,102.89327242102354,T,P,350,T350P,Rifampicin,3) Uncertain significance,0.02037778,0.0,Unknown,350,34.545774705454214,451.0,34.265110857459,-2.383324384689331
rpoB,8.466065866064582,V,I,351,V351I,Rifampicin,3) Uncertain significance,0.017607072,0.0,Unknown,351,32.23751401705784,451.0,15.178921907491468,-0.6660699844360352
rpoB,0.9230389051822384,V,A,351,V351A,Rifampicin,3) Uncertain significance,0.025060194,1.0,Unknown,351,32.23751401705784,451.0,27.72096759262996,-0.483015775680542
rpoB,0.4179088741138912,V,I,355,V355I,Rifampicin,3) Uncertain significance,0.017297829,1.0,Unknown,355,30.914046160281263,449.0,15.178921907491468,-0.6607067584991455
rpoB,14.230547265212865,G,S,354,G354S,Rifampicin,3) Uncertain significance,0.019804835,0.0,Unknown,354,34.028872064762915,449.0,26.911928800176504,-1.0903851985931396
rpoB,2.294724599842084,P,L,358,P358L,Rifampicin,3) Uncertain significance,0.03463938,0.1428571428571428,Unknown,358,26.3640091602169,449.0,49.27170475166683,1.921198844909668
rpoB,-0.0001035469399539,V,L,357,V357L,Rifampicin,3) Uncertain significance,0.01781678,1.0,Unknown,357,28.47473889256933,449.0,21.74847419041692,-0.6324491500854492
rpoB,0.0806808844831721,E,D,360,E360D,Rifampicin,3) Uncertain significance,0.014708121,1.0,Unknown,360,23.364795868999167,449.0,23.13284454741382,-0.3246452808380127
rpoB,7.168008714757434,V,A,359,V359A,Rifampicin,3) Uncertain significance,0.022558326,0.2222222222222222,Unknown,359,27.194219587993302,451.0,27.72096759262996,-0.5140655040740967
rpoB,-0.3490875848506221,E,K,360,E360K,Rifampicin,3) Uncertain significance,0.025792623,1.0,Unknown,360,23.364795868999167,449.0,24.435330484711496,-0.7338876724243164
rpoB,0.0863946115141516,E,Q,360,E360Q,Rifampicin,3) Uncertain significance,0.021680184,0.0,Unknown,360,23.364795868999167,449.0,21.817564078907125,-0.9006102085113525
rpoB,2.655666983850552,T,V,361,T361V,Rifampicin,3) Uncertain significance,0.023180343,1.0,Unknown,361,20.73501273209158,451.0,27.280310339619216,0.804135799407959
rpoB,5.501820490371301,D,N,363,D363N,Rifampicin,3) Uncertain significance,0.018244516,1.0,Unknown,363,13.9131437497066,451.0,20.632582370741144,-0.9081947803497314
rpoB,8.343215104942374,D,H,362,D362H,Rifampicin,3) Uncertain significance,0.023998702,0.0,Unknown,362,17.083331583739735,451.0,29.775078049524573,-0.8781521320343018
rpoB,1.630410573892732,N,D,369,N369D,Rifampicin,3) Uncertain significance,0.019331433,0.0,Unknown,369,11.85222784964921,451.0,20.632582370741144,0.5288252830505371
rpoB,3.8044101827035774,E,V,377,E377V,Rifampicin,3) Uncertain significance,0.04703965,1.0,Unknown,377,8.443413113190635,430.0,40.07063541729576,0.3477320671081543
rpoB,88.04952632307095,G,C,376,G376C,Rifampicin,3) Uncertain significance,0.06267299,1.0,Unknown,376,8.243403302034936,170.0,41.869754062050006,-4.531462669372559
rpoB,244.21314161024748,G,V,376,G376V,Rifampicin,3) Uncertain significance,0.0220229,1.0,Unknown,376,8.243403302034936,170.0,42.97384860101139,-1.6170353889465332
rpoB,17.979414258162706,L,R,378,L378R,Rifampicin,3) Uncertain significance,0.043561634,0.9333333333333332,Unknown,378,3.619544308334952,430.0,40.57857118014128,-0.986494779586792
rpoB,-0.6171723994934837,N,H,381,N381H,Rifampicin,5) Not assoc w R,0.04391697,0.0,Susceptible,381,8.685241447421026,430.0,25.720699680937056,-0.6670799255371094
rpoB,7.825086584390647,V,L,375,V375L,Rifampicin,3) Uncertain significance,0.017563729,1.0,Unknown,375,5.668866376975218,170.0,21.74847419041692,0.0305309295654296
rpoB,3.448652703888456,Q,R,382,Q382R,Rifampicin,3) Uncertain significance,0.024426125,1.0,Unknown,382,7.283056844484989,428.0,22.596164034846936,0.582313060760498
rpoB,59.62748771051611,M,V,387,M387V,Rifampicin,3) Uncertain significance,0.024153776,1.0,Unknown,387,15.653905870420964,427.0,26.61946259943389,0.6059935092926025
rpoB,26.00485019285952,M,L,387,M387L,Rifampicin,3) Uncertain significance,0.024273468,1.0,Unknown,387,15.653905870420964,427.0,24.945776373708327,0.8185129165649414
rpoB,0.5152261893013019,M,T,390,M390T,Rifampicin,3) Uncertain significance,0.029726068,0.1428571428571428,Unknown,390,17.75776689226433,427.0,32.68277833750696,0.5992724895477295
rpoB,-0.2040953118657853,S,L,388,S388L,Rifampicin,5) Not assoc w R,0.025285,0.072463768115942,Susceptible,388,16.1917567298919,427.0,37.32648951510237,0.288346529006958
rpoB,3.595325062914526,E,G,391,E391G,Rifampicin,3) Uncertain significance,0.024422165,1.0,Unknown,391,20.32252654076257,427.0,42.48882015717018,-0.4784615039825439
rpoB,297.8814401959685,T,P,400,T400P,Rifampicin,3) Uncertain significance,0.021204192,1.0,Unknown,400,30.5327368900988,427.0,34.265110857459,0.2599837779998779
rpoB,18.49422816100377,T,I,399,T399I,Rifampicin,3) Uncertain significance,0.025747342,1.0,Unknown,399,31.85613532743733,427.0,31.61668122731128,-0.2203078269958496
rpoB,50.12579475439725,V,L,394,V394L,Rifampicin,3) Uncertain significance,0.018393785,1.0,Unknown,394,23.52589337304748,427.0,21.74847419041692,0.3599522113800049
rpoB,1.580392293355544,T,S,400,T400S,Rifampicin,3) Uncertain significance,0.019412743,1.0,Unknown,400,30.5327368900988,427.0,17.12767927453449,0.2285840511322021
rpoB,301.20672773386286,T,P,399,T399P,Rifampicin,3) Uncertain significance,0.02028308,1.0,Unknown,399,31.85613532743733,427.0,34.265110857459,1.1516001224517822
rpoB,5.079224585604152,T,I,400,T400I,Rifampicin,3) Uncertain significance,0.025036918,1.0,Unknown,400,30.5327368900988,427.0,31.61668122731128,-0.1601436138153076
rpoB,2.9308526727895696,T,N,400,T400N,Rifampicin,3) Uncertain significance,0.018570703,1.0,Unknown,400,30.5327368900988,427.0,24.234231473312622,-0.8464176654815674
rpoB,2.705774190487773,T,A,399,T399A,Rifampicin,3) Uncertain significance,0.019614825,1.0,Unknown,399,31.85613532743733,427.0,26.41694255168034,0.9065670967102052
rpoB,3.983957966712296,T,A,400,T400A,Rifampicin,3) Uncertain significance,0.022952031,1.0,Unknown,400,30.5327368900988,427.0,26.41694255168034,0.8372032642364502
rpoB,2.134934020215951,Q,E,401,Q401E,Rifampicin,3) Uncertain significance,0.026487686,1.0,Unknown,401,29.4469534077806,426.0,21.817564078907125,0.8963998556137085
rpoB,2.969507881866776,Q,R,401,Q401R,Rifampicin,3) Uncertain significance,0.02696221,1.0,Unknown,401,29.4469534077806,426.0,22.596164034846936,-0.2980949878692627
rpoB,2.651932501249576,Q,R,409,Q409R,Rifampicin,3) Uncertain significance,0.018888263,1.0,Unknown,409,24.76627991846978,426.0,22.596164034846936,-0.5279979705810547
rpoB,15.908593715964798,I,L,412,I412L,Rifampicin,3) Uncertain significance,0.01642083,0.0,Unknown,412,21.630468695800385,426.0,20.74950239789154,1.1198992729187012
rpoB,3.516375522249291,A,S,420,A420S,Rifampicin,3) Uncertain significance,0.02040147,1.0,Unknown,420,6.802620450973321,426.0,26.48144300167584,-0.6699244976043701
rpoB,-0.4155736051375243,E,A,423,E423A,Rifampicin,3) Uncertain significance,0.021751678,1.0,Unknown,423,2.7477155966365965,427.0,28.30103222386084,0.2002589702606201
rpoB,2.101744818449788,E,G,423,E423G,Rifampicin,3) Uncertain significance,0.01943541,1.0,Unknown,423,2.7477155966365965,427.0,42.48882015717018,-0.3070735931396484
rpoB,3.400093398750414,T,A,427,T427A,Rifampicin,2) Assoc w R - Interim,0.014663328,0.8,Resistant,427,1.3300368415949797,428.0,26.41694255168034,0.0482158660888671
rpoB,35.145758915732586,T,I,427,T427I,Rifampicin,2) Assoc w R - Interim,0.020941794,1.0,Resistant,427,1.3300368415949797,428.0,31.61668122731128,-0.8393139839172363
rpoB,228.79176389609395,T,P,427,T427P,Rifampicin,2) Assoc w R - Interim,0.02076028,1.0,Resistant,427,1.3300368415949797,428.0,34.265110857459,0.0165576934814453
rpoB,1.2491306880751836,T,N,427,T427N,Rifampicin,2) Assoc w R - Interim,0.014090066,0.0,Resistant,427,1.3300368415949797,428.0,24.234231473312622,-0.4931440353393554
rpoB,4.483542952329117,T,G,427,T427G,Rifampicin,2) Assoc w R - Interim,0.015717292,0.0,Resistant,427,1.3300368415949797,428.0,32.364765025301146,0.3089005947113037
rpoB,0.757465580490134,T,S,427,T427S,Rifampicin,2) Assoc w R - Interim,0.015878864,1.0,Resistant,427,1.3300368415949797,428.0,17.12767927453449,0.1491460800170898
rpoB,134.9537510358041,F,I,424,F424I,Rifampicin,3) Uncertain significance,0.02404391,1.0,Unknown,424,2.947867195109036,428.0,19.63118745944652,0.082773208618164
rpoB,-2.3197850431201914,G,S,426,G426S,Rifampicin,2) Assoc w R - Interim,0.02339735,0.0,Resistant,426,1.3351771418055367,427.0,26.911928800176504,-0.008634328842163
rpoB,10.658793502530443,F,L,424,F424L,Rifampicin,3) Uncertain significance,0.01943777,0.6153846153846154,Unknown,424,2.947867195109036,428.0,22.8377240877722,0.6662819385528564
rpoB,2.67001430863138,Q,L,429,Q429L,Rifampicin,2) Assoc w R - Interim,0.022510923,1.0,Resistant,429,1.3307219844881282,430.0,35.62677194633543,1.4753811359405518
rpoB,110.73187545078872,F,V,424,F424V,Rifampicin,3) Uncertain significance,0.024405263,1.0,Unknown,424,2.947867195109036,428.0,23.46929055924925,0.602820873260498
rpoB,5.269562840231174,S,G,428,S428G,Rifampicin,2) Assoc w R - Interim,0.019866819,0.8,Resistant,428,1.3300368415949797,427.0,26.911928800176504,-0.0528764724731445
rpoB,15.292421826613918,S,T,428,S428T,Rifampicin,2) Assoc w R - Interim,0.017386897,1.0,Resistant,428,1.3300368415949797,427.0,17.12767927453449,-0.0258600711822509
rpoB,9.156203625439048,S,R,428,S428R,Rifampicin,2) Assoc w R - Interim,0.020761684,0.875,Resistant,428,1.3300368415949797,427.0,31.331509629069213,-0.2289073467254638
rpoB,1.99339708248408,Q,H,429,Q429H,Rifampicin,2) Assoc w R - Interim,0.024273561,0.9285714285714286,Resistant,429,1.3307219844881282,430.0,22.559771492482422,-0.4625585079193115
rpoB,8.791853088429434,Q,P,429,Q429P,Rifampicin,2) Assoc w R - Interim,0.020367336,1.0,Resistant,429,1.3307219844881282,430.0,37.5005576758833,0.4629552364349365
rpoB,13.758166599248852,S,I,428,S428I,Rifampicin,2) Assoc w R - Interim,0.02696938,0.75,Resistant,428,1.3300368415949797,427.0,38.25058504319116,-0.8776357173919678
rpoB,8.474692932670223,S,N,431,S431N,Rifampicin,2) Assoc w R - Interim,0.020782767,1.0,Resistant,431,1.326582451263422,432.0,19.57151835136661,-0.9146671295166016
rpoB,100.90969059107964,L,P,430,L430P,Rifampicin,1) Assoc w R,0.02377023,0.5375,Resistant,430,1.3307219844881282,429.0,49.27170475166683,-0.277848482131958
rpoB,8.948060130865088,S,G,431,S431G,Rifampicin,2) Assoc w R - Interim,0.019573048,0.9090909090909092,Resistant,431,1.326582451263422,432.0,26.911928800176504,0.0865266323089599
rpoB,16.190640773075756,L,R,430,L430R,Rifampicin,2) Assoc w R - Interim,0.020983005,0.9142857142857144,Resistant,430,1.3307219844881282,429.0,40.57857118014128,0.1862752437591552
rpoB,4.038491470270401,S,T,431,S431T,Rifampicin,2) Assoc w R - Interim,0.016212756,0.6666666666666666,Resistant,431,1.326582451263422,432.0,17.12767927453449,-0.1927580833435058
rpoB,549.4334677010393,S,R,431,S431R,Rifampicin,2) Assoc w R - Interim,0.019538555,1.0,Resistant,431,1.326582451263422,432.0,31.331509629069213,0.1774015426635742
rpoB,3.223607652975261,Q,K,432,Q432K,Rifampicin,1) Assoc w R,0.02408912,1.0,Resistant,432,1.326582451263422,431.0,20.152048757182733,-0.471714973449707
rpoB,196.6206584694328,Q,P,432,Q432P,Rifampicin,1) Assoc w R,0.021499606,0.9857142857142858,Resistant,432,1.326582451263422,431.0,37.5005576758833,-0.0929977893829345
rpoB,12.09578276162074,Q,H,432,Q432H,Rifampicin,2) Assoc w R - Interim,0.025633063,1.0,Resistant,432,1.326582451263422,431.0,22.559771492482422,-0.6599774360656738
rpoB,7.677464377351953,M,V,434,M434V,Rifampicin,2) Assoc w R - Interim,0.024480639,0.8571428571428571,Resistant,434,1.3240173714872463,435.0,26.61946259943389,0.7756960391998291
rpoB,4.685105999403277,Q,L,432,Q432L,Rifampicin,1) Assoc w R,0.03499948,0.9655172413793104,Resistant,432,1.326582451263422,431.0,35.62677194633543,1.4527612924575806
rpoB,1.3247988603475278,Q,E,432,Q432E,Rifampicin,2) Assoc w R - Interim,0.02141724,1.0,Resistant,432,1.326582451263422,431.0,21.817564078907125,0.3089511394500732
rpoB,5.417316158094309,Q,N,432,Q432N,Rifampicin,2) Assoc w R - Interim,0.017896118,1.0,Resistant,432,1.326582451263422,431.0,22.97715021449716,-0.6360683441162109
rpoB,0.5976588659787012,D,E,435,D435E,Rifampicin,2) Assoc w R - Interim,0.015337039,1.0,Resistant,435,1.3240173714872463,434.0,23.13284454741382,0.7288808822631836
rpoB,3.887123898089612,D,F,435,D435F,Rifampicin,1) Assoc w R,0.03514084,0.9230769230769232,Resistant,435,1.3240173714872463,434.0,42.48686803321608,-0.1414639949798584
rpoB,1.6636301280591397,M,T,434,M434T,Rifampicin,2) Assoc w R - Interim,0.02509406,1.0,Resistant,434,1.3240173714872463,435.0,32.68277833750696,0.6292026042938232
rpoB,7.831013022149364,M,L,434,M434L,Rifampicin,2) Assoc w R - Interim,0.024689833,0.0,Resistant,434,1.3240173714872463,435.0,24.945776373708327,0.9640657901763916
rpoB,12.087627770229574,M,I,434,M434I,Rifampicin,2) Assoc w R - Interim,0.024161162,0.9428571428571428,Resistant,434,1.3240173714872463,435.0,24.48735007204724,0.3467564582824707
rpoB,4.143957144698106,D,G,435,D435G,Rifampicin,2) Assoc w R - Interim,0.022276837,0.9487179487179488,Resistant,435,1.3240173714872463,434.0,34.61903783109632,0.2650771141052246
rpoB,12.185479422122173,M,R,434,M434R,Rifampicin,2) Assoc w R - Interim,0.026743518,1.0,Resistant,434,1.3240173714872463,435.0,36.69003863107888,0.7955276966094971
rpoB,0.0197252206444318,D,N,435,D435N,Rifampicin,2) Assoc w R - Interim,0.01715467,1.0,Resistant,435,1.3240173714872463,434.0,20.632582370741144,-0.8350398540496826
rpoB,219.40606001231663,Q,P,436,Q436P,Rifampicin,2) Assoc w R - Interim,0.026373811,1.0,Resistant,436,1.3337713447214152,435.0,37.5005576758833,0.4260826110839844
rpoB,4.986771963905994,Q,N,436,Q436N,Rifampicin,2) Assoc w R - Interim,0.01904884,0.0,Resistant,436,1.3337713447214152,435.0,22.97715021449716,0.2264366149902343
rpoB,2.283877541560741,D,L,435,D435L,Rifampicin,2) Assoc w R - Interim,0.032628156,1.0,Resistant,435,1.3240173714872463,434.0,43.80515516859903,0.5795085430145264
rpoB,3.6060343838307753,D,H,435,D435H,Rifampicin,2) Assoc w R - Interim,0.027572654,1.0,Resistant,435,1.3240173714872463,434.0,29.775078049524573,-1.1280510425567627
rpoB,0.6000470999670142,D,A,435,D435A,Rifampicin,2) Assoc w R - Interim,0.024133822,0.6666666666666666,Resistant,435,1.3240173714872463,434.0,32.79578065715211,0.6464865207672119
rpoB,1.3024690634756553,D,V,435,D435V,Rifampicin,1) Assoc w R,0.031565305,0.9854824935952178,Resistant,435,1.3240173714872463,434.0,42.073261479334384,0.5591187477111816
rpoB,1000.3799256440124,N,H,438,N438H,Rifampicin,2) Assoc w R - Interim,0.021448685,1.0,Resistant,438,1.3257322504940396,437.0,25.720699680937056,-0.2462108135223388
rpoB,77.28715808389597,S,V,441,S441V,Rifampicin,2) Assoc w R - Interim,0.018505648,1.0,Resistant,441,1.3337653466783477,442.0,33.799953168217776,0.2387323379516601
rpoB,18.224274679203063,S,L,441,S441L,Rifampicin,1) Assoc w R,0.01680848,0.9743589743589745,Resistant,441,1.3337653466783477,442.0,37.32648951510237,0.3461191654205322
rpoB,1.2644651395435176,N,H,437,N437H,Rifampicin,2) Assoc w R - Interim,0.027642053,1.0,Resistant,437,1.3257322504940396,438.0,25.720699680937056,-0.4937248229980469
rpoB,27.21482416627032,N,I,437,N437I,Rifampicin,2) Assoc w R - Interim,0.023146907,1.0,Resistant,437,1.3257322504940396,438.0,41.49721366459114,0.1226973533630371
rpoB,8.236350433151983,Q,R,436,Q436R,Rifampicin,2) Assoc w R - Interim,0.020239916,1.0,Resistant,436,1.3337713447214152,435.0,22.596164034846936,0.6538982391357422
rpoB,2.853392090530633,N,D,437,N437D,Rifampicin,2) Assoc w R - Interim,0.017047374,0.7142857142857143,Resistant,437,1.3257322504940396,438.0,20.632582370741144,0.5394876003265381
rpoB,-0.0556794754497786,N,Y,437,N437Y,Rifampicin,2) Assoc w R - Interim,0.02924735,0.0,Resistant,437,1.3257322504940396,438.0,32.008745830466125,-0.8936247825622559
rpoB,3.7302841697237454,N,S,437,N437S,Rifampicin,2) Assoc w R - Interim,0.020705566,0.25,Resistant,437,1.3257322504940396,438.0,19.57151835136661,0.2048032283782959
rpoB,3.5881500376522126,D,Y,435,D435Y,Rifampicin,1) Assoc w R,0.03470979,0.7857142857142857,Resistant,435,1.3240173714872463,434.0,36.32517153463494,-0.5116517543792725
rpoB,0.0717845703788953,P,A,439,P439A,Rifampicin,2) Assoc w R - Interim,0.022023283,1.0,Resistant,439,1.3549575639111426,438.0,43.279408841284464,0.8288371562957764
rpoB,26.378679209332404,P,L,439,P439L,Rifampicin,2) Assoc w R - Interim,0.022198033,0.0,Resistant,439,1.3549575639111426,438.0,49.27170475166683,1.394581913948059
rpoB,1.3849339038006292,S,A,441,S441A,Rifampicin,2) Assoc w R - Interim,0.017950844,0.8,Resistant,441,1.3337653466783477,442.0,26.48144300167584,0.3099343776702881
rpoB,-0.2276131562648515,P,S,439,P439S,Rifampicin,2) Assoc w R - Interim,0.021359334,1.0,Resistant,439,1.3549575639111426,438.0,33.197952790471106,0.3182909488677978
rpoB,12.383009267697162,S,Q,441,S441Q,Rifampicin,1) Assoc w R,0.018675666,0.9375,Resistant,441,1.3337653466783477,442.0,24.28739299377468,-0.3691444396972656
rpoB,264.37939572718915,S,W,441,S441W,Rifampicin,2) Assoc w R - Interim,0.035577703,1.0,Resistant,441,1.3337653466783477,442.0,42.25434326887481,-1.3032338619232178
rpoB,19.50948535323641,S,K,441,S441K,Rifampicin,2) Assoc w R - Interim,0.021334356,0.0,Resistant,441,1.3337653466783477,442.0,28.589114164715,-0.4513733386993408
rpoB,11.721556159852751,S,M,441,S441M,Rifampicin,2) Assoc w R - Interim,0.023802381,1.0,Resistant,441,1.3337653466783477,442.0,37.281280156388206,-0.6615848541259766
rpoB,8.281286967156575,L,S,443,L443S,Rifampicin,2) Assoc w R - Interim,0.019325538,1.0,Resistant,443,1.3320979693701342,442.0,37.32648951510237,-0.3845324516296386
rpoB,14.760469825933342,H,R,445,H445R,Rifampicin,1) Assoc w R,0.02241214,0.9784172661870504,Resistant,445,1.3290349882527728,446.0,26.692906012304967,0.8139934539794922
rpoB,10.320575432542228,G,E,442,G442E,Rifampicin,2) Assoc w R - Interim,0.015802035,1.0,Resistant,442,1.3320979693701342,443.0,42.48882015717018,0.3789279460906982
rpoB,109.9382808608516,L,F,443,L443F,Rifampicin,2) Assoc w R - Interim,0.017079141,0.5,Resistant,443,1.3320979693701342,442.0,22.8377240877722,-0.7969100475311279
rpoB,5.400047292638192,H,Q,445,H445Q,Rifampicin,2) Assoc w R - Interim,0.02302697,0.9130434782608696,Resistant,445,1.3290349882527728,446.0,22.559771492482422,0.4145259857177734
rpoB,5.384369497717671,H,N,445,H445N,Rifampicin,1) Assoc w R,0.021869192,0.6028708133971292,Resistant,445,1.3290349882527728,446.0,25.720699680937056,0.1468658447265625
rpoB,200.1465628494084,H,Y,445,H445Y,Rifampicin,1) Assoc w R,0.02732241,0.9817880794701986,Resistant,445,1.3290349882527728,446.0,25.616944290458218,0.440828800201416
rpoB,169.65462065091515,L,W,443,L443W,Rifampicin,2) Assoc w R - Interim,0.03933401,1.0,Resistant,443,1.3320979693701342,442.0,33.4396452558813,-2.0240886211395264
rpoB,8.668189413769142,T,I,444,T444I,Rifampicin,2) Assoc w R - Interim,0.020829016,1.0,Resistant,444,1.3369599844423108,443.0,31.61668122731128,0.0745182037353515
rpoB,6.212145706497722,S,G,450,S450G,Rifampicin,2) Assoc w R - Interim,0.024605501,0.6,Resistant,450,1.3288600377767423,449.0,26.911928800176504,0.2884769439697265
rpoB,1.0610384658011751,S,A,450,S450A,Rifampicin,2) Assoc w R - Interim,0.020571684,1.0,Resistant,450,1.3288600377767423,449.0,26.48144300167584,0.2295992374420166
rpoB,1.900964852613015,T,S,444,T444S,Rifampicin,2) Assoc w R - Interim,0.016315382,1.0,Resistant,444,1.3369599844423108,443.0,17.12767927453449,0.0343484878540039
rpoB,55.56292070854624,H,F,445,H445F,Rifampicin,2) Assoc w R - Interim,0.030240735,1.0,Resistant,445,1.3290349882527728,446.0,28.89968005866571,0.567284107208252
rpoB,3.179213722642544,H,S,445,H445S,Rifampicin,1) Assoc w R,0.02195852,0.7307692307692307,Resistant,445,1.3290349882527728,446.0,28.54996467471172,1.0103414058685305
rpoB,69.29133388542232,H,L,445,H445L,Rifampicin,1) Assoc w R,0.029691312,0.9156118143459916,Resistant,445,1.3290349882527728,446.0,34.52456626707413,1.6582157611846924
rpoB,244.66580372435965,T,P,444,T444P,Rifampicin,2) Assoc w R - Interim,0.015372944,1.0,Resistant,444,1.3369599844423108,443.0,34.265110857459,-0.0607590675354003
rpoB,3.0928231565053466,H,C,445,H445C,Rifampicin,1) Assoc w R,0.04710204,0.8974358974358975,Resistant,445,1.3290349882527728,446.0,31.199548736845387,-2.0626471042633057
rpoB,4.735768618057591,H,G,445,H445G,Rifampicin,2) Assoc w R - Interim,0.02371067,0.7857142857142857,Resistant,445,1.3290349882527728,446.0,40.87343617252496,1.197951316833496
rpoB,31.9274635740926,S,L,450,S450L,Rifampicin,1) Assoc w R,0.024894115,0.9796120884077584,Resistant,450,1.3288600377767423,449.0,37.32648951510237,0.5252366065979004
rpoB,13.125521337306507,S,M,450,S450M,Rifampicin,2) Assoc w R - Interim,0.028395299,0.8888888888888888,Resistant,450,1.3288600377767423,449.0,37.281280156388206,-0.5336220264434814
rpoB,232.44757417825804,S,Y,450,S450Y,Rifampicin,1) Assoc w R,0.030621467,1.0,Resistant,450,1.3288600377767423,449.0,32.88015694502548,-0.6295425891876221
rpoB,252.85158149354083,S,F,450,S450F,Rifampicin,1) Assoc w R,0.02987584,0.9951690821256038,Resistant,450,1.3288600377767423,449.0,38.08678371297432,-0.4542231559753418
rpoB,1.1154666924003322,H,T,445,H445T,Rifampicin,2) Assoc w R - Interim,0.019630952,1.0,Resistant,445,1.3290349882527728,446.0,26.264075155156284,0.8212692737579346
rpoB,4.081398544465628,K,E,446,K446E,Rifampicin,2) Assoc w R - Interim,0.027028305,0.6666666666666666,Resistant,446,1.3290349882527728,445.0,24.435330484711496,2.0492738485336304
rpoB,351.2643029979863,H,P,445,H445P,Rifampicin,2) Assoc w R - Interim,0.021609254,1.0,Resistant,445,1.3290349882527728,446.0,40.27416020911824,0.597400426864624
rpoB,63.48921306465809,S,V,450,S450V,Rifampicin,2) Assoc w R - Interim,0.029512346,0.5555555555555556,Resistant,450,1.3288600377767423,449.0,33.799953168217776,0.3050007820129394
rpoB,-0.721780112066881,K,T,446,K446T,Rifampicin,2) Assoc w R - Interim,0.018377952,1.0,Resistant,446,1.3290349882527728,445.0,29.637803707829963,0.7247741222381592
rpoB,2.923473723413736,H,D,445,H445D,Rifampicin,1) Assoc w R,0.023949377,0.9838187702265372,Resistant,445,1.3290349882527728,446.0,29.775078049524573,0.7890281677246094
rpoB,2.0230512315497435,S,C,450,S450C,Rifampicin,2) Assoc w R - Interim,0.058419757,0.375,Resistant,450,1.3288600377767423,449.0,32.719896973736354,-3.0227468013763428
rpoB,1.8085891207379063,A,V,451,A451V,Rifampicin,2) Assoc w R - Interim,0.022531576,0.5714285714285714,Resistant,451,1.328559370144946,452.0,27.72096759262996,0.080963134765625
rpoB,1.4687256109136797,R,L,448,R448L,Rifampicin,2) Assoc w R - Interim,0.027556442,1.0,Resistant,448,1.327701773742881,449.0,40.57857118014128,0.6830737590789795
rpoB,0.5420421545127283,R,Q,448,R448Q,Rifampicin,2) Assoc w R - Interim,0.017624287,1.0,Resistant,448,1.327701773742881,449.0,22.596164034846936,-0.7215547561645508
rpoB,2.7040144135348783,A,G,451,A451G,Rifampicin,2) Assoc w R - Interim,0.02966595,1.0,Resistant,451,1.328559370144946,452.0,34.52555545602958,0.0609946250915527
rpoB,8.486616753512408,S,Q,450,S450Q,Rifampicin,2) Assoc w R - Interim,0.02351942,1.0,Resistant,450,1.3288600377767423,449.0,24.28739299377468,-0.4039900302886963
rpoB,3.972853973932615,K,R,446,K446R,Rifampicin,2) Assoc w R - Interim,0.020858351,0.6666666666666666,Resistant,446,1.3290349882527728,445.0,22.54394404482823,0.57572340965271
rpoB,-3.2704782390260334,K,Q,446,K446Q,Rifampicin,2) Assoc w R - Interim,0.022164395,0.8333333333333334,Resistant,446,1.3290349882527728,445.0,20.152048757182733,1.4077370166778564
rpoB,73.77805130717161,S,W,450,S450W,Rifampicin,1) Assoc w R,0.038320974,0.9794238683127572,Resistant,450,1.3288600377767423,449.0,42.25434326887481,-1.7087008953094482
rpoB,18.800586315286186,L,M,449,L449M,Rifampicin,2) Assoc w R - Interim,0.024255415,1.0,Resistant,449,1.327701773742881,448.0,24.945776373708327,-0.8932504653930664
rpoB,1.689078306506417,R,K,448,R448K,Rifampicin,2) Assoc w R - Interim,0.017174784,1.0,Resistant,448,1.327701773742881,449.0,22.54394404482823,-0.7049908638000488
rpoB,5.880716528392895,L,M,452,L452M,Rifampicin,2) Assoc w R - Interim,0.022627207,0.0,Resistant,452,1.328559370144946,451.0,24.945776373708327,-1.3484209775924685
rpoB,83.88606161050939,L,P,452,L452P,Rifampicin,1) Assoc w R,0.033251934,0.7336814621409922,Resistant,452,1.328559370144946,451.0,49.27170475166683,-1.213974118232727
rpoB,474.9575764142765,G,R,453,G453R,Rifampicin,3) Uncertain significance,0.019922964,1.0,Unknown,453,1.3295991877253508,452.0,44.1492475965258,-0.2019338607788086
rpoB,35.76636022210596,G,A,453,G453A,Rifampicin,3) Uncertain significance,0.02042957,0.75,Unknown,453,1.3295991877253508,452.0,34.52555545602958,-0.0089399814605712
rpoB,4.458893084314241,P,R,454,P454R,Rifampicin,3) Uncertain significance,0.022164876,1.0,Unknown,454,4.756563675596047,452.0,42.60148692869801,1.0409483909606934
rpoB,4.09609108570703,P,S,454,P454S,Rifampicin,3) Uncertain significance,0.037498787,1.0,Unknown,454,4.756563675596047,452.0,33.197952790471106,1.1077945232391355
rpoB,8.45122241122408,L,V,452,L452V,Rifampicin,2) Assoc w R - Interim,0.014859588,1.0,Resistant,452,1.328559370144946,451.0,21.74847419041692,-0.3090490102767944
rpoB,3.138718090333441,L,M,457,L457M,Rifampicin,3) Uncertain significance,0.021474095,0.0,Unknown,457,3.376458795839202,452.0,24.945776373708327,-1.253591775894165
rpoB,5.287629506661688,P,H,454,P454H,Rifampicin,3) Uncertain significance,0.03199479,0.5,Unknown,454,4.756563675596047,452.0,40.27416020911824,-0.0345268249511718
rpoB,168.4499131651778,G,R,455,G455R,Rifampicin,3) Uncertain significance,0.018321907,1.0,Unknown,455,6.656259084500826,451.0,44.1492475965258,-0.2349629402160644
rpoB,5.458187437647212,P,L,454,P454L,Rifampicin,3) Uncertain significance,0.039806254,0.3571428571428571,Unknown,454,4.756563675596047,452.0,49.27170475166683,1.752995491027832
rpoB,0.3465189117059708,E,D,460,E460D,Rifampicin,3) Uncertain significance,0.015866395,1.0,Unknown,460,6.564811116856303,452.0,23.13284454741382,-0.6094224452972412
rpoB,11.803624537788892,G,S,456,G456S,Rifampicin,3) Uncertain significance,0.018307677,1.0,Unknown,456,4.338352798009863,451.0,26.911928800176504,-0.153146743774414
rpoB,2.349794431574992,E,G,460,E460G,Rifampicin,3) Uncertain significance,0.023436842,0.7777777777777778,Unknown,460,6.564811116856303,452.0,42.48882015717018,-0.8318910598754883
rpoB,1.720303964672894,R,H,459,R459H,Rifampicin,3) Uncertain significance,0.02275387,0.0,Unknown,459,3.1392142328933152,452.0,26.692906012304967,-1.1943514347076416
rpoB,-0.1191872169738417,S,T,458,S458T,Rifampicin,3) Uncertain significance,0.016336672,1.0,Unknown,458,4.135663550145251,452.0,17.12767927453449,-0.1294112205505371
rpoB,1.3094158383241847,E,Q,465,E465Q,Rifampicin,3) Uncertain significance,0.024334101,1.0,Unknown,465,9.78667379654599,451.0,21.817564078907125,-0.8301525115966797
rpoB,83.9380330837289,V,L,469,V469L,Rifampicin,3) Uncertain significance,0.014794009,1.0,Unknown,469,10.004268588957403,491.0,21.74847419041692,0.3348736763000488
rpoB,3.23645207841264,P,S,479,P479S,Rifampicin,3) Uncertain significance,0.02715763,1.0,Unknown,479,8.538957371951208,491.0,33.197952790471106,-0.1276469230651855
rpoB,1.0372223962040152,I,V,480,I480V,Rifampicin,3) Uncertain significance,0.016487839,0.9722222222222222,Unknown,480,7.530520167956522,491.0,15.178921907491468,0.4314513206481933
rpoB,3.898756714673709,I,T,480,I480T,Rifampicin,3) Uncertain significance,0.024540717,1.0,Unknown,480,7.530520167956522,491.0,31.61668122731128,0.2588021755218506
rpoB,0.4456762796717157,M,R,477,M477R,Rifampicin,3) Uncertain significance,0.025060542,0.0,Unknown,477,3.678426973585301,449.0,36.69003863107888,0.2884786128997803
rpoB,2.615112698273606,E,A,481,E481A,Rifampicin,3) Uncertain significance,0.020664513,0.875,Unknown,481,3.874784381097872,444.0,28.30103222386084,0.943394422531128
rpoB,4.7441399003309925,T,I,482,T482I,Rifampicin,3) Uncertain significance,0.020236488,1.0,Unknown,482,2.778022498109048,491.0,31.61668122731128,0.0755202770233154
rpoB,4.268906152235104,T,A,482,T482A,Rifampicin,3) Uncertain significance,0.015655493,1.0,Unknown,482,2.778022498109048,491.0,26.41694255168034,0.8217670917510986
rpoB,2.1958097407250534,P,S,483,P483S,Rifampicin,3) Uncertain significance,0.022527238,1.0,Unknown,483,3.1639668139852644,491.0,33.197952790471106,1.707841873168945
rpoB,90.33680263501084,I,V,488,I488V,Rifampicin,3) Uncertain significance,0.017244902,1.0,Unknown,488,4.877640105624836,491.0,15.178921907491468,1.088003635406494
rpoB,5.4220022561289625,P,L,483,P483L,Rifampicin,3) Uncertain significance,0.019707553,0.6666666666666666,Unknown,483,3.1639668139852644,491.0,49.27170475166683,1.7922635078430176
rpoB,0.9911383289304468,I,M,488,I488M,Rifampicin,3) Uncertain significance,0.023423638,1.0,Unknown,488,4.877640105624836,491.0,24.48735007204724,0.042936086654663
rpoB,6.526797116755006,P,T,483,P483T,Rifampicin,3) Uncertain significance,0.01690122,1.0,Unknown,483,3.1639668139852644,491.0,34.265110857459,1.590263605117798
rpoB,11.97768764618877,I,L,488,I488L,Rifampicin,3) Uncertain significance,0.016960934,1.0,Unknown,488,4.877640105624836,491.0,20.74950239789154,0.6708009243011475
rpoB,3.1010742531225333,N,S,487,N487S,Rifampicin,3) Uncertain significance,0.018845618,1.0,Unknown,487,3.270322766945162,491.0,19.57151835136661,0.7519421577453613
rpoB,1.8842929331531195,N,H,487,N487H,Rifampicin,3) Uncertain significance,0.02308181,0.75,Unknown,487,3.270322766945162,491.0,25.720699680937056,0.6124992370605469
rpoB,42.786414195083125,L,V,490,L490V,Rifampicin,3) Uncertain significance,0.01517169,1.0,Unknown,490,1.3286575932120603,491.0,21.74847419041692,0.2516582012176513
rpoB,34.7779905318539,I,F,491,I491F,Rifampicin,1) Assoc w R,0.024606025,0.5686274509803921,Resistant,491,3.4206513999529538,448.0,19.63118745944652,0.2111191749572754
rpoB,5.275367663621637,I,L,491,I491L,Rifampicin,3) Uncertain significance,0.01622407,1.0,Unknown,491,3.4206513999529538,448.0,20.74950239789154,0.942617416381836
rpoB,2.420980867361777,I,T,491,I491T,Rifampicin,3) Uncertain significance,0.020375706,1.0,Unknown,491,3.4206513999529538,448.0,31.61668122731128,2.375338554382324
rpoB,4.799132049594391,I,S,491,I491S,Rifampicin,3) Uncertain significance,0.024606712,0.6,Unknown,491,3.4206513999529538,448.0,38.25058504319116,2.4443447589874268
rpoB,4.786211313537024,I,M,491,I491M,Rifampicin,3) Uncertain significance,0.021908328,0.9,Unknown,491,3.4206513999529538,448.0,24.48735007204724,0.2822070121765136
rpoB,-0.5968526594479044,I,V,491,I491V,Rifampicin,3) Uncertain significance,0.016401794,1.0,Unknown,491,3.4206513999529538,448.0,15.178921907491468,1.0567996501922607
rpoB,35.8842357768026,I,Y,491,I491Y,Rifampicin,3) Uncertain significance,0.029242283,1.0,Unknown,491,3.4206513999529538,448.0,27.868250527953407,0.8007910251617432
rpoB,222.7997724007855,S,P,495,S495P,Rifampicin,3) Uncertain significance,0.02033204,1.0,Unknown,495,5.825592587883213,449.0,33.197952790471106,0.1498777866363525
rpoB,4.236634316444906,S,T,493,S493T,Rifampicin,3) Uncertain significance,0.015137329,0.6666666666666666,Unknown,493,3.3389622639377,448.0,17.12767927453449,-0.2601730823516845
rpoB,8.171302058069614,G,S,492,G492S,Rifampicin,3) Uncertain significance,0.019228319,0.0,Unknown,492,1.328429523911605,491.0,26.911928800176504,-0.4394629001617431
rpoB,2.6074901806364323,R,Q,499,R499Q,Rifampicin,3) Uncertain significance,0.020133838,0.0,Unknown,499,8.967460510088706,449.0,22.596164034846936,-0.6073849201202393
rpoB,53.04431573609872,L,P,494,L494P,Rifampicin,3) Uncertain significance,0.028030418,1.0,Unknown,494,4.0484292015546,449.0,49.27170475166683,1.1733067035675049
rpoB,2113.304202293534,S,W,493,S493W,Rifampicin,3) Uncertain significance,0.046535082,0.0,Unknown,493,3.3389622639377,448.0,42.25434326887481,-2.426081418991089
rpoB,93.62704275802888,S,R,493,S493R,Rifampicin,3) Uncertain significance,0.023867141,0.6666666666666666,Unknown,493,3.3389622639377,448.0,31.331509629069213,-0.0545430183410644
rpoB,10.166769721844958,V,G,496,V496G,Rifampicin,3) Uncertain significance,0.027190542,1.0,Unknown,496,9.205782258993532,443.0,42.97384860101139,0.8826651573181152
rpoB,5.546947619542607,V,A,496,V496A,Rifampicin,3) Uncertain significance,0.02003574,0.9772727272727272,Unknown,496,9.205782258993532,443.0,27.72096759262996,0.395327091217041
rpoB,42.529022073233136,V,M,496,V496M,Rifampicin,3) Uncertain significance,0.024409467,1.0,Unknown,496,9.205782258993532,443.0,26.61946259943389,-0.8351857662200928
rpoB,8.93840793128129,V,E,496,V496E,Rifampicin,3) Uncertain significance,0.03018149,1.0,Unknown,496,9.205782258993532,443.0,40.07063541729576,0.2193708419799804
rpoB,29.843669729725207,V,L,496,V496L,Rifampicin,3) Uncertain significance,0.013834676,1.0,Unknown,496,9.205782258993532,443.0,21.74847419041692,-0.0009355545043945
rpoB,83.29968868792639,S,L,493,S493L,Rifampicin,3) Uncertain significance,0.018517071,1.0,Unknown,493,3.3389622639377,448.0,37.32648951510237,-0.7033970355987549
rpoB,173.06514392709323,S,P,493,S493P,Rifampicin,3) Uncertain significance,0.014218541,1.0,Unknown,493,3.3389622639377,448.0,33.197952790471106,-0.1219866275787353
rpoB,54.83016607599711,R,W,499,R499W,Rifampicin,3) Uncertain significance,0.04874965,0.0,Unknown,499,8.967460510088706,449.0,38.45697518672335,-2.4001855850219727
rpoB,7.220838318001824,N,K,501,N501K,Rifampicin,3) Uncertain significance,0.031211516,1.0,Unknown,501,10.691852271706743,449.0,26.3028009866802,0.6037342548370361
rpoB,3.8409243397309183,A,G,498,A498G,Rifampicin,3) Uncertain significance,0.023306163,0.0,Unknown,498,7.47128188465675,449.0,34.52555545602958,0.658676266670227
rpoB,138.83094860197843,A,V,498,A498V,Rifampicin,3) Uncertain significance,0.024505526,1.0,Unknown,498,7.47128188465675,449.0,27.72096759262996,-0.579308271408081
rpoB,1.2710693193407678,F,S,503,F503S,Rifampicin,3) Uncertain significance,0.031257212,1.0,Unknown,503,12.732854707409516,449.0,38.08678371297432,1.0435187816619873
rpoB,1.7773527554791144,P,L,502,P502L,Rifampicin,3) Uncertain significance,0.027714364,0.0,Unknown,502,13.659827341515015,449.0,49.27170475166683,1.210292100906372
rpoB,21.20106915052429,F,V,503,F503V,Rifampicin,3) Uncertain significance,0.027463121,1.0,Unknown,503,12.732854707409516,449.0,23.46929055924925,0.8927669525146484
rpoB,10.015164858912158,E,K,507,E507K,Rifampicin,3) Uncertain significance,0.026651837,0.5,Unknown,507,9.755116298640424,449.0,24.435330484711496,0.1640870571136474
rpoB,2.3493424924827195,I,V,506,I506V,Rifampicin,3) Uncertain significance,0.017123848,0.0,Unknown,506,4.1062803119124895,449.0,15.178921907491468,0.8565006256103516
rpoB,2.926442626466724,Y,H,510,Y510H,Rifampicin,3) Uncertain significance,0.032220814,1.0,Unknown,510,14.050915770867045,449.0,25.616944290458218,-0.2799725532531738
rpoB,9.839168944599804,P,S,509,P509S,Rifampicin,3) Uncertain significance,0.023165027,0.75,Unknown,509,13.468723807399128,449.0,33.197952790471106,0.6899545192718506
rpoB,173.5078070498471,T,P,508,T508P,Rifampicin,3) Uncertain significance,0.01979011,1.0,Unknown,508,11.22344127262223,449.0,34.265110857459,-0.2704100608825683
rpoB,4.77148918484545,D,Y,515,D515Y,Rifampicin,3) Uncertain significance,0.042408325,0.0,Unknown,515,31.879034317243686,449.0,36.32517153463494,-1.4452166557312012
rpoB,2.971143374262283,D,A,515,D515A,Rifampicin,3) Uncertain significance,0.029479768,1.0,Unknown,515,31.879034317243686,449.0,32.79578065715211,-0.0302562713623046
rpoB,6.817345811690302,G,D,516,G516D,Rifampicin,3) Uncertain significance,0.024307853,0.0,Unknown,516,31.72018184058849,449.0,34.61903783109632,0.7925012111663818
rpoB,12.521515445891964,G,R,516,G516R,Rifampicin,3) Uncertain significance,0.02017974,0.0,Unknown,516,31.72018184058849,449.0,44.1492475965258,1.556623458862305
rpoB,2.9496980352259925,V,M,517,V517M,Rifampicin,3) Uncertain significance,0.022983057,0.0,Unknown,517,29.77085430416804,449.0,26.61946259943389,-1.760303020477295
rpoB,5.067589079052141,D,G,520,D520G,Rifampicin,3) Uncertain significance,0.058742926,1.0,Unknown,520,24.97793692441392,449.0,34.61903783109632,-0.1063177585601806
rpoB,4.8479268211817725,D,A,520,D520A,Rifampicin,3) Uncertain significance,0.04184221,1.0,Unknown,520,24.97793692441392,449.0,32.79578065715211,-0.469611644744873
rpoB,5.314956956939113,D,V,520,D520V,Rifampicin,3) Uncertain significance,0.042814855,0.0,Unknown,520,24.97793692441392,449.0,42.073261479334384,-0.6673059463500977
rpoB,13.908852745832974,V,L,523,V523L,Rifampicin,3) Uncertain significance,0.017315669,1.0,Unknown,523,17.746334410238074,449.0,21.74847419041692,-0.075526475906372
rpoB,186.24688936924804,L,P,525,L525P,Rifampicin,3) Uncertain significance,0.035547674,1.0,Unknown,525,13.108229819468388,449.0,49.27170475166683,0.4150824546813965
rpoB,4.119693177246063,T,N,526,T526N,Rifampicin,3) Uncertain significance,0.020064572,0.0,Unknown,526,11.840836161352806,449.0,24.234231473312622,-1.0588366985321045
rpoB,190.04464069459345,D,Y,531,D531Y,Rifampicin,3) Uncertain significance,0.028753076,1.0,Unknown,531,16.819764148168076,449.0,36.32517153463494,0.1923878192901611
rpoB,51.9264410859123,A,V,527,A527V,Rifampicin,3) Uncertain significance,0.02469134,0.0,Unknown,527,12.095229348796998,449.0,27.72096759262996,0.0144155025482177
rpoB,18.67142351048051,A,T,527,A527T,Rifampicin,3) Uncertain significance,0.018222198,1.0,Unknown,527,12.095229348796998,449.0,26.41694255168034,0.2719271183013916
rpoB,1.389779931609155,E,Q,530,E530Q,Rifampicin,3) Uncertain significance,0.030643271,1.0,Unknown,530,13.704287029977158,449.0,21.817564078907125,-0.4562296867370605
rpoB,8.379123341767809,V,G,534,V534G,Rifampicin,3) Uncertain significance,0.022436313,1.0,Unknown,534,22.270187538500885,449.0,42.97384860101139,-1.4078166484832764
rpoB,2.048825194105575,H,N,533,H533N,Rifampicin,3) Uncertain significance,0.03332023,1.0,Unknown,533,21.38653101837697,449.0,25.720699680937056,-0.1386933326721191
rpoB,1.2768855579124647,H,R,533,H533R,Rifampicin,3) Uncertain significance,0.03235781,0.0,Unknown,533,21.38653101837697,449.0,26.692906012304967,1.6616089344024658
rpoB,9.648666604486609,V,L,534,V534L,Rifampicin,3) Uncertain significance,0.019290432,1.0,Unknown,534,22.270187538500885,449.0,21.74847419041692,0.1708652973175048
rpoB,4.755575315162332,V,A,534,V534A,Rifampicin,3) Uncertain significance,0.02807938,1.0,Unknown,534,22.270187538500885,449.0,27.72096759262996,-0.543402910232544
rpoB,7.181813927456005,V,M,534,V534M,Rifampicin,3) Uncertain significance,0.0312505,0.9807692307692308,Unknown,534,22.270187538500885,449.0,26.61946259943389,-1.3461582660675049
rpoB,4.648148775918344,P,L,541,P541L,Rifampicin,3) Uncertain significance,0.03457368,0.0,Unknown,541,29.279742912122696,449.0,49.27170475166683,1.3920884132385254
rpoB,1.7379480344557123,N,K,539,N539K,Rifampicin,3) Uncertain significance,0.026840352,1.0,Unknown,539,22.12957991015646,449.0,26.3028009866802,0.3028607368469238
rpoB,1.3338467785906687,Q,K,537,Q537K,Rifampicin,3) Uncertain significance,0.025159089,1.0,Unknown,537,18.745957724266848,449.0,20.152048757182733,0.2357451915740966
rpoB,379.92242548184686,S,P,540,S540P,Rifampicin,3) Uncertain significance,0.025668094,1.0,Unknown,540,25.72258738929659,449.0,33.197952790471106,0.3328945636749267
rpoB,28.13209641711228,A,P,538,A538P,Rifampicin,3) Uncertain significance,0.020959584,1.0,Unknown,538,20.745292212933524,449.0,43.279408841284464,-0.2979753017425537
rpoB,7.417467444360682,D,G,543,D543G,Rifampicin,3) Uncertain significance,0.02197739,0.0,Unknown,543,32.67297751965682,443.0,34.61903783109632,-0.1706023216247558
rpoB,2.026591268762786,A,V,544,A544V,Rifampicin,3) Uncertain significance,0.03141187,0.0,Unknown,544,33.4049649154134,443.0,27.72096759262996,-0.043198823928833
rpoB,7.288745432268115,I,K,542,I542K,Rifampicin,3) Uncertain significance,0.037263475,1.0,Unknown,542,29.09921890704285,449.0,41.66098982429674,-0.8094925880432129
rpoB,0.8230502264636925,D,A,545,D545A,Rifampicin,3) Uncertain significance,0.02392808,0.0,Unknown,545,33.57793897784674,443.0,32.79578065715211,0.4704828262329101
rpoB,0.2388032010962888,D,E,545,D545E,Rifampicin,3) Uncertain significance,0.01975881,0.3333333333333333,Unknown,545,33.57793897784674,443.0,23.13284454741382,0.1536197662353515
rpoB,1.9700182472834056,R,S,547,R547S,Rifampicin,3) Uncertain significance,0.027059654,0.0,Unknown,547,32.627109540993665,449.0,31.331509629069213,-0.974398136138916
rpoB,0.318751299604628,E,K,550,E550K,Rifampicin,3) Uncertain significance,0.03025169,1.0,Unknown,550,31.68029775743909,449.0,24.435330484711496,-0.5953054428100586
rpoB,4.863697432807385,V,G,549,V549G,Rifampicin,3) Uncertain significance,0.022613972,1.0,Unknown,549,33.2057607050343,449.0,42.97384860101139,0.1669034957885742
rpoB,-0.6691072679282115,V,I,549,V549I,Rifampicin,3) Uncertain significance,0.0206371,0.0,Unknown,549,33.2057607050343,449.0,15.178921907491468,-0.5060713291168213
rpoB,19.06824555487537,F,L,548,F548L,Rifampicin,3) Uncertain significance,0.02269027,0.0,Unknown,548,27.334763690216903,449.0,22.8377240877722,0.9773647785186768
rpoB,4.486490610706824,E,G,550,E550G,Rifampicin,3) Uncertain significance,0.05513738,1.0,Unknown,550,31.68029775743909,449.0,42.48882015717018,1.1418181657791138
rpoB,1.7953978930058838,R,C,552,R552C,Rifampicin,3) Uncertain significance,0.05433918,1.0,Unknown,552,31.45443690483109,449.0,40.517919150720246,-2.499804973602295
rpoB,3.436461828400297,R,H,552,R552H,Rifampicin,3) Uncertain significance,0.02626837,1.0,Unknown,552,31.45443690483109,449.0,26.692906012304967,-0.969092845916748
rpoB,11.073063261072091,R,L,552,R552L,Rifampicin,3) Uncertain significance,0.022148563,1.0,Unknown,552,31.45443690483109,449.0,40.57857118014128,0.3303532600402832
rpoB,5.135462476810062,L,V,554,L554V,Rifampicin,3) Uncertain significance,0.01934006,1.0,Unknown,554,24.453325029533307,449.0,21.74847419041692,0.5545835494995117
rpoB,4.74419573555906,V,A,555,V555A,Rifampicin,3) Uncertain significance,0.025323546,1.0,Unknown,555,22.45061979099909,449.0,27.72096759262996,-0.0213594436645507
rpoB,3.0756685017613563,L,P,554,L554P,Rifampicin,3) Uncertain significance,0.03797337,1.0,Unknown,554,24.453325029533307,449.0,49.27170475166683,-1.4575183391571045
rpoB,48.26681555421601,G,D,560,G560D,Rifampicin,3) Uncertain significance,0.026084673,0.0,Unknown,560,17.97677599014907,449.0,34.61903783109632,-0.467132568359375
rpoB,11.086295312434231,A,V,559,A559V,Rifampicin,3) Uncertain significance,0.027497046,1.0,Unknown,559,18.65869904360966,449.0,27.72096759262996,-0.1069376468658447
rpoB,62.90452586894753,G,A,560,G560A,Rifampicin,3) Uncertain significance,0.024469791,0.0,Unknown,560,17.97677599014907,449.0,34.52555545602958,-0.581951379776001
rpoB,3.701832742748593,E,G,563,E563G,Rifampicin,3) Uncertain significance,0.02296049,1.0,Unknown,563,25.258565972754667,449.0,42.48882015717018,-1.0034422874450684
rpoB,2.2034398574260194,V,A,562,V562A,Rifampicin,3) Uncertain significance,0.024495825,1.0,Unknown,562,22.05993504070217,449.0,27.72096759262996,-0.449936032295227
rpoB,0.54559465529519,E,A,563,E563A,Rifampicin,3) Uncertain significance,0.024148194,1.0,Unknown,563,25.258565972754667,449.0,28.30103222386084,-0.3893003463745117
rpoB,6.057348130264472,E,K,563,E563K,Rifampicin,3) Uncertain significance,0.03208503,1.0,Unknown,563,25.258565972754667,449.0,24.435330484711496,-1.6048200130462646
rpoB,-1.0070703838432564,E,D,563,E563D,Rifampicin,3) Uncertain significance,0.018232102,0.0,Unknown,563,25.258565972754667,449.0,23.13284454741382,-1.148177146911621
rpoB,2.9076586248352214,V,M,562,V562M,Rifampicin,3) Uncertain significance,0.027148586,1.0,Unknown,562,22.05993504070217,449.0,26.61946259943389,-1.9905577898025515
rpoB,2.652178840806755,Y,C,564,Y564C,Rifampicin,3) Uncertain significance,0.058798086,0.0,Unknown,564,28.35215820709245,449.0,31.8876454197536,-2.0823185443878174
rpoB,-0.6360418082035721,Y,H,564,Y564H,Rifampicin,3) Uncertain significance,0.03479176,1.0,Unknown,564,28.35215820709245,449.0,25.616944290458218,-0.5762631893157959
rpoB,271.52281847559425,S,P,567,S567P,Rifampicin,3) Uncertain significance,0.022982616,1.0,Unknown,567,30.509603914177585,449.0,33.197952790471106,-0.5420613288879395
rpoB,4.139320687339932,D,A,571,D571A,Rifampicin,3) Uncertain significance,0.025459535,1.0,Unknown,571,24.2005185688241,449.0,32.79578065715211,0.5772559642791748
rpoB,2.758338980620465,D,Y,571,D571Y,Rifampicin,3) Uncertain significance,0.03529541,1.0,Unknown,571,24.2005185688241,449.0,36.32517153463494,-0.5687129497528076
rpoB,8.322527217705556,Y,C,572,Y572C,Rifampicin,3) Uncertain significance,0.07306435,0.2,Unknown,572,20.90779345124684,449.0,31.8876454197536,-1.6962754726409912
rpoB,4.712675083517297,Y,H,572,Y572H,Rifampicin,3) Uncertain significance,0.040171534,1.0,Unknown,572,20.90779345124684,449.0,25.616944290458218,-0.4095473289489746
rpoB,2.1490158383012385,V,A,575,V575A,Rifampicin,3) Uncertain significance,0.019283082,1.0,Unknown,575,17.22344596763377,449.0,27.72096759262996,-0.0155997276306152
rpoB,4.664764303161974,M,T,573,M573T,Rifampicin,3) Uncertain significance,0.030810853,0.0,Unknown,573,20.05282997484396,449.0,32.68277833750696,1.008012771606445
rpoB,242.0532304619396,S,L,576,S576L,Rifampicin,3) Uncertain significance,0.026671868,1.0,Unknown,576,16.021259906761383,443.0,37.32648951510237,0.0348453521728515
rpoB,173.1312686922829,R,H,578,R578H,Rifampicin,3) Uncertain significance,0.026871473,1.0,Unknown,578,11.680688121853091,443.0,26.692906012304967,-0.761843204498291
rpoB,261.0980886937382,P,L,577,P577L,Rifampicin,3) Uncertain significance,0.02717455,1.0,Unknown,577,15.734739591108582,443.0,49.27170475166683,0.2762212753295898
rpoB,4.989176341145594,P,A,577,P577A,Rifampicin,3) Uncertain significance,0.021934576,1.0,Unknown,577,15.734739591108582,443.0,43.279408841284464,0.980865716934204
rpoB,-1.1842399333363574,D,E,574,D574E,Rifampicin,3) Uncertain significance,0.01542475,1.0,Unknown,574,16.807872768438006,449.0,23.13284454741382,0.0657896995544433
rpoB,-1.6268979186547767,R,G,578,R578G,Rifampicin,3) Uncertain significance,0.03845246,1.0,Unknown,578,11.680688121853091,443.0,44.1492475965258,0.4838111400604248
rpoB,23.26062542927866,P,T,577,P577T,Rifampicin,3) Uncertain significance,0.02058119,1.0,Unknown,577,15.734739591108582,443.0,34.265110857459,0.2049715518951416
rpoB,5.061106720238058,V,M,581,V581M,Rifampicin,3) Uncertain significance,0.026043976,1.0,Unknown,581,9.398577392350392,444.0,26.61946259943389,-0.518909215927124
rpoB,0.8156405738513968,R,C,578,R578C,Rifampicin,3) Uncertain significance,0.058015984,1.0,Unknown,578,11.680688121853091,443.0,40.517919150720246,-2.8939454555511475
rpoB,1.6456321922660209,V,L,581,V581L,Rifampicin,3) Uncertain significance,0.018865881,1.0,Unknown,581,9.398577392350392,444.0,21.74847419041692,0.0339915752410888
rpoB,3.2392301293716628,S,A,582,S582A,Rifampicin,3) Uncertain significance,0.024025002,1.0,Unknown,582,5.601130778691026,444.0,26.48144300167584,0.5602524280548096
rpoB,5.039660911534156,A,G,584,A584G,Rifampicin,3) Uncertain significance,0.02984151,1.0,Unknown,584,4.20666007659282,444.0,34.52555545602958,0.050077199935913
rpoB,33.49394886448454,V,M,583,V583M,Rifampicin,3) Uncertain significance,0.02939484,1.0,Unknown,583,3.954233301159656,443.0,26.61946259943389,-0.5733346939086914
rpoB,36.553293039010896,S,T,582,S582T,Rifampicin,3) Uncertain significance,0.025863575,1.0,Unknown,582,5.601130778691026,444.0,17.12767927453449,-0.1464660167694091
rpoB,5.724442399632608,V,A,583,V583A,Rifampicin,3) Uncertain significance,0.022907237,0.0,Unknown,583,3.954233301159656,443.0,27.72096759262996,0.7975656986236572
rpoB,-0.1457489954573247,T,A,585,T585A,Rifampicin,3) Uncertain significance,0.018972188,1.0,Unknown,585,6.618329169813166,444.0,26.41694255168034,0.434373140335083
rpoB,10.739882266410405,F,C,590,F590C,Rifampicin,3) Uncertain significance,0.05990422,0.0,Unknown,590,17.511118782076704,444.0,31.49026810135259,-1.8185744285583496
rpoB,6.177406115598387,M,T,587,M587T,Rifampicin,3) Uncertain significance,0.026681565,1.0,Unknown,587,7.1240196518538665,443.0,32.68277833750696,0.6897187232971191
rpoB,60.58162859482536,A,D,584,A584D,Rifampicin,3) Uncertain significance,0.034405492,1.0,Unknown,584,4.20666007659282,444.0,32.79578065715211,0.0196876525878906
rpoB,1.77484538890576,I,V,588,I588V,Rifampicin,3) Uncertain significance,0.021654865,0.8888888888888888,Unknown,588,10.944905116080264,444.0,15.178921907491468,0.9141478538513184
rpoB,5.401888623276591,M,I,587,M587I,Rifampicin,3) Uncertain significance,0.02461303,0.0,Unknown,587,7.1240196518538665,443.0,24.48735007204724,0.0209083557128906
rpoB,4.275704938139825,E,D,592,E592D,Rifampicin,3) Uncertain significance,0.015396087,1.0,Unknown,592,17.82063222784196,444.0,23.13284454741382,0.1386950016021728
rpoB,4.038880025521848,D,E,595,D595E,Rifampicin,3) Uncertain significance,0.018602245,1.0,Unknown,595,15.771716139976634,491.0,23.13284454741382,0.5313928127288818
rpoB,-0.5386734265184714,H,Y,593,H593Y,Rifampicin,3) Uncertain significance,0.039457455,1.0,Unknown,593,19.925607468782463,444.0,25.616944290458218,0.2494945526123047
rpoB,2.2902332538237715,A,G,596,A596G,Rifampicin,3) Uncertain significance,0.025319338,1.0,Unknown,596,12.34501927904529,491.0,34.52555545602958,-0.6776793003082275
rpoB,1.757629163328602,D,A,594,D594A,Rifampicin,3) Uncertain significance,0.026751434,0.0,Unknown,594,16.665333750033323,444.0,32.79578065715211,0.7512624263763428
rpoB,20.29795412798694,A,T,599,A599T,Rifampicin,3) Uncertain significance,0.018185126,1.0,Unknown,599,11.086701448131471,448.0,26.41694255168034,-0.9883427619934082
rpoB,108.24113639235064,A,V,599,A599V,Rifampicin,3) Uncertain significance,0.02065294,1.0,Unknown,599,11.086701448131471,448.0,27.72096759262996,-0.150362491607666
rpoB,67.57599623563738,G,A,602,G602A,Rifampicin,3) Uncertain significance,0.028965518,1.0,Unknown,602,9.720810717219011,438.0,34.52555545602958,0.3076550960540771
rpoB,3.000317594733588,R,S,607,R607S,Rifampicin,3) Uncertain significance,0.028806409,1.0,Unknown,607,2.963627844382635,444.0,31.331509629069213,-0.0662131309509277
rpoB,5.929223205750077,V,F,613,V613F,Rifampicin,3) Uncertain significance,0.022585405,0.0,Unknown,613,10.920146244441968,437.0,23.46929055924925,-0.8668985366821289
rpoB,3.932682624561494,V,I,613,V613I,Rifampicin,3) Uncertain significance,0.021641731,0.0,Unknown,613,10.920146244441968,437.0,15.178921907491468,-0.7232224941253662
rpoB,1.8492636091987151,P,A,618,P618A,Rifampicin,3) Uncertain significance,0.028181367,1.0,Unknown,618,12.06143022199275,438.0,43.279408841284464,0.3287489414215088
rpoB,1.7504835617182837,E,D,625,E625D,Rifampicin,3) Uncertain significance,0.0148095805,0.0,Unknown,625,7.433473481488994,443.0,23.13284454741382,-0.2083332538604736
rpoB,8.778177648247947,M,T,624,M624T,Rifampicin,3) Uncertain significance,0.030367913,0.0,Unknown,624,6.348326157342572,443.0,32.68277833750696,0.6558065414428711
rpoB,5.317449265248342,A,G,628,A628G,Rifampicin,3) Uncertain significance,0.034084592,0.0,Unknown,628,3.490467876947159,443.0,34.52555545602958,-0.2351922988891601
rpoB,7.258558420648569,D,G,631,D631G,Rifampicin,3) Uncertain significance,0.037532255,1.0,Unknown,631,4.267214313811758,443.0,34.61903783109632,-0.1220431327819824
rpoB,341.2731114726912,A,P,628,A628P,Rifampicin,3) Uncertain significance,0.06177576,1.0,Unknown,628,3.490467876947159,443.0,43.279408841284464,-0.0289361476898193
rpoB,27.606107275013983,G,D,633,G633D,Rifampicin,3) Uncertain significance,0.050313763,1.0,Unknown,633,6.033529066806565,439.0,34.61903783109632,0.2569961547851562
rpoB,4.769237544393491,A,G,632,A632G,Rifampicin,3) Uncertain significance,0.035387944,0.0,Unknown,632,3.6140087160935273,439.0,34.52555545602958,1.3282023668289185
rpoB,4.640068098633492,D,G,634,D634G,Rifampicin,3) Uncertain significance,0.0473646,0.9047619047619048,Unknown,634,3.127955562344197,439.0,34.61903783109632,-0.1696853637695312
rpoB,-2.317487999118839,E,D,639,E639D,Rifampicin,5) Not assoc w R,0.062986664,0.0735294117647058,Susceptible,639,14.994757683937417,446.0,23.13284454741382,-0.7109532356262207
rpoB,1.160837658730543,E,Q,639,E639Q,Rifampicin,3) Uncertain significance,0.02487482,0.0,Unknown,639,14.994757683937417,446.0,21.817564078907125,-1.640012502670288
rpoB,1.5785604059669822,A,S,632,A632S,Rifampicin,3) Uncertain significance,0.025930181,0.0,Unknown,632,3.6140087160935273,439.0,26.48144300167584,0.0093677043914794
rpoB,6.177162741512348,A,G,638,A638G,Rifampicin,3) Uncertain significance,0.12117137,1.0,Unknown,638,15.613380767790176,439.0,34.52555545602958,-0.5251672267913818
rpoB,0.3361192830370783,E,K,639,E639K,Rifampicin,3) Uncertain significance,0.03678377,0.0,Unknown,639,14.994757683937417,446.0,24.435330484711496,-1.8666160106658936
rpoB,2.5196011771590747,E,G,639,E639G,Rifampicin,3) Uncertain significance,0.049994927,0.0,Unknown,639,14.994757683937417,446.0,42.48882015717018,-1.0035831928253174
rpoB,5.673393482511528,S,R,641,S641R,Rifampicin,3) Uncertain significance,0.08262876,0.0,Unknown,641,22.83128848751204,443.0,31.331509629069213,-0.8575692176818848
rpoB,300.3761485572564,G,S,642,G642S,Rifampicin,3) Uncertain significance,0.12845553,0.0,Unknown,642,24.22518728513775,439.0,26.911928800176504,3.0402274131774902
rpoB,4.233157975550967,E,G,645,E645G,Rifampicin,3) Uncertain significance,0.1148501,0.0,Unknown,645,25.07456183066815,439.0,42.48882015717018,-0.9303395748138428
rpoB,-0.5321086978374296,I,V,644,I644V,Rifampicin,3) Uncertain significance,0.019805264,0.0,Unknown,644,21.08996391651725,439.0,15.178921907491468,1.3188714981079102
rpoB,4.697073225335771,E,G,646,E646G,Rifampicin,3) Uncertain significance,0.0640671,0.0,Unknown,646,22.43991374760607,439.0,42.48882015717018,-1.370042324066162
rpoB,0.8696125288156509,Y,H,651,Y651H,Rifampicin,3) Uncertain significance,0.029384613,0.0,Unknown,651,18.735931415331343,439.0,25.616944290458218,-2.3801629543304443
rpoB,3.911089073663789,T,A,653,T653A,Rifampicin,3) Uncertain significance,0.06656427,0.5,Unknown,653,21.3866928252126,439.0,26.41694255168034,-0.3512897491455078
rpoB,-0.0506758321448614,M,T,655,M655T,Rifampicin,3) Uncertain significance,0.04120403,0.0,Unknown,655,25.36911661843984,439.0,32.68277833750696,0.6087806224822998
rpoB,1.0913010188828594,H,Q,656,H656Q,Rifampicin,3) Uncertain significance,0.04379819,0.3333333333333333,Unknown,656,23.052601371645668,446.0,22.559771492482422,1.011277198791504
rpoB,-0.7048961188475005,R,Q,661,R661Q,Rifampicin,3) Uncertain significance,0.024109757,0.0,Unknown,661,24.320415970949178,446.0,22.596164034846936,-1.3983352184295654
rpoB,19.4668638608282,G,D,659,G659D,Rifampicin,3) Uncertain significance,0.035039265,0.0,Unknown,659,30.22315948076905,446.0,34.61903783109632,0.2370448112487793
rpoB,0.5653330782829471,T,N,660,T660N,Rifampicin,3) Uncertain significance,0.027268512,0.0,Unknown,660,26.5482387739752,446.0,24.234231473312622,-2.233726024627685
rpoB,-1.5226266380377638,R,W,665,R665W,Rifampicin,3) Uncertain significance,0.04541841,1.0,Unknown,665,14.669530121990965,439.0,38.45697518672335,-0.7685718536376953
rpoB,3.0127319254461327,M,I,666,M666I,Rifampicin,3) Uncertain significance,0.026299877,0.0,Unknown,666,13.856684848837403,439.0,24.48735007204724,-0.1256146430969238
rpoB,47.65924546375709,F,L,669,F669L,Rifampicin,3) Uncertain significance,0.020027148,0.0,Unknown,669,10.846824327885098,436.0,22.8377240877722,0.7101743221282959
rpoB,5.945314640288416,N,T,673,N673T,Rifampicin,3) Uncertain significance,0.044354126,0.0,Unknown,673,2.671165101598913,436.0,24.234231473312622,0.8983054161071777
rpoB,4.040176396438255,S,A,672,S672A,Rifampicin,3) Uncertain significance,0.022385769,1.0,Unknown,672,3.019953807593753,436.0,26.48144300167584,0.302469253540039
rpoB,6.26854267084309,S,C,672,S672C,Rifampicin,3) Uncertain significance,0.088902935,1.0,Unknown,672,3.019953807593753,436.0,32.719896973736354,-1.3634624481201172
rpoB,2.124326936048874,T,A,676,T676A,Rifampicin,3) Uncertain significance,0.02330018,1.0,Unknown,676,2.945905293793411,437.0,26.41694255168034,0.3090062141418457
rpoB,1.919539327544044,N,S,673,N673S,Rifampicin,3) Uncertain significance,0.029697185,0.8333333333333334,Unknown,673,2.671165101598913,436.0,19.57151835136661,0.937706470489502
rpoB,54.64577696463357,S,F,672,S672F,Rifampicin,3) Uncertain significance,0.026487378,0.6666666666666666,Unknown,672,3.019953807593753,436.0,38.08678371297432,-0.5908398628234863
rpoB,97.28872467449172,S,Y,672,S672Y,Rifampicin,3) Uncertain significance,0.044518076,1.0,Unknown,672,3.019953807593753,436.0,32.88015694502548,-0.84444260597229
rpoB,213.8613333854364,S,P,672,S672P,Rifampicin,3) Uncertain significance,0.028655639,1.0,Unknown,672,3.019953807593753,436.0,33.197952790471106,0.0029945373535156
rpoB,4.135513954518501,H,D,674,H674D,Rifampicin,3) Uncertain significance,0.058341675,1.0,Unknown,674,3.139342765611928,436.0,29.775078049524573,0.5321228504180908
rpoB,0.4679898272088394,H,N,674,H674N,Rifampicin,3) Uncertain significance,0.052068777,1.0,Unknown,674,3.139342765611928,436.0,25.720699680937056,-0.1897003650665283
rpoB,1.4859260266557612,H,Q,674,H674Q,Rifampicin,3) Uncertain significance,0.037455875,1.0,Unknown,674,3.139342765611928,436.0,22.559771492482422,0.0173931121826171
rpoB,1.1364567643663577,H,R,674,H674R,Rifampicin,3) Uncertain significance,0.054174032,0.6666666666666666,Unknown,674,3.139342765611928,436.0,26.692906012304967,0.8714721202850342
rpoB,1.8286049772614208,H,Y,674,H674Y,Rifampicin,3) Uncertain significance,0.028497843,1.0,Unknown,674,3.139342765611928,436.0,25.616944290458218,0.854442834854126
rpoB,7.089688979410767,G,D,675,G675D,Rifampicin,3) Uncertain significance,0.030313902,0.5714285714285714,Unknown,675,5.411159210372574,436.0,34.61903783109632,-0.2703418731689453
rpoB,16.07649588743925,T,I,676,T676I,Rifampicin,3) Uncertain significance,0.037731897,1.0,Unknown,676,2.945905293793411,437.0,31.61668122731128,0.0144507884979248
rpoB,3.612589615736852,C,G,681,C681G,Rifampicin,3) Uncertain significance,0.054832585,0.0,Unknown,681,11.243632598053,439.0,41.869754062050006,0.5800971984863281
rpoB,-1.55393769403463,C,R,681,C681R,Rifampicin,3) Uncertain significance,0.0817685,1.0,Unknown,681,11.243632598053,439.0,40.517919150720246,0.9892401695251464
rpoB,137.0788760571645,T,P,676,T676P,Rifampicin,3) Uncertain significance,0.022003025,0.75,Unknown,676,2.945905293793411,437.0,34.265110857459,0.4577565193176269
rpoB,3.4683112313118727,N,S,679,N679S,Rifampicin,3) Uncertain significance,0.02567963,1.0,Unknown,679,8.741952241919408,439.0,19.57151835136661,0.5157370567321777
rpoB,0.8268024088956736,P,A,682,P682A,Rifampicin,3) Uncertain significance,0.030383132,0.0,Unknown,682,14.10918197487012,439.0,43.279408841284464,0.809457540512085
rpoB,5.077085324247037,P,T,682,P682T,Rifampicin,3) Uncertain significance,0.0261142,0.0,Unknown,682,14.10918197487012,439.0,34.265110857459,1.8830795288085935
rpoB,1.5989511385473634,A,T,686,A686T,Rifampicin,3) Uncertain significance,0.0780434,0.0,Unknown,686,23.864984307558213,439.0,26.41694255168034,-0.4719085693359375
rpoB,2.4633197786970413,A,T,692,A692T,Rifampicin,3) Uncertain significance,0.15835406,0.8617021276595744,Unknown,692,18.23325519483562,443.0,26.41694255168034,-0.986741065979004
rpoB,32.15659589172401,G,V,693,G693V,Rifampicin,3) Uncertain significance,0.16656393,0.0,Unknown,693,14.610285726158803,443.0,42.97384860101139,-0.2344765663146972
rpoB,50.95463131888255,V,L,695,V695L,Rifampicin,3) Uncertain significance,0.038051408,0.6395939086294417,Unknown,695,11.04311663435645,439.0,21.74847419041692,1.4352126121520996
rpoB,91.36204573788108,G,S,699,G699S,Rifampicin,3) Uncertain significance,0.03839324,1.0,Unknown,699,5.607079988728538,439.0,26.911928800176504,-0.187101125717163
rpoB,4.552263747902998,P,S,700,P700S,Rifampicin,3) Uncertain significance,0.03648263,1.0,Unknown,700,4.290661254398897,439.0,33.197952790471106,-0.5990285873413086
rpoB,9.640091933408712,P,R,700,P700R,Rifampicin,3) Uncertain significance,0.031230865,1.0,Unknown,700,4.290661254398897,439.0,42.60148692869801,-0.2073593139648437
rpoB,2060.9709695314764,C,W,701,C701W,Rifampicin,3) Uncertain significance,0.06197772,1.0,Unknown,701,3.906998080368079,438.0,34.54185018841475,-1.1132667064666748
rpoB,310.0995615997226,P,L,700,P700L,Rifampicin,3) Uncertain significance,0.089210995,0.6666666666666666,Unknown,700,4.290661254398897,439.0,49.27170475166683,0.554053783416748
rpoB,0.9384819855076784,C,S,701,C701S,Rifampicin,3) Uncertain significance,0.061709646,0.0,Unknown,701,3.906998080368079,438.0,32.719896973736354,0.2344911098480224
rpoB,8.782103026821005,D,G,703,D703G,Rifampicin,3) Uncertain significance,0.0691094,0.0,Unknown,703,8.483042143005063,439.0,34.61903783109632,0.0255420207977294
rpoB,4.286889380821776,M,T,707,M707T,Rifampicin,3) Uncertain significance,0.027919946,0.0,Unknown,707,3.615096264278448,439.0,32.68277833750696,1.0136935710906982
rpoB,2.063502743366371,A,S,708,A708S,Rifampicin,3) Uncertain significance,0.023887008,1.0,Unknown,708,6.944825771752656,438.0,26.48144300167584,-0.3862299919128418
rpoB,5.002895192026244,K,R,711,K711R,Rifampicin,3) Uncertain significance,0.02316842,0.0,Unknown,711,11.7210165941355,438.0,22.54394404482823,0.5635972023010254
rpoB,-4.683719841792936,P,S,719,P719S,Rifampicin,3) Uncertain significance,0.06295603,0.0,Unknown,719,29.10177745430681,438.0,33.197952790471106,-0.388756513595581
rpoB,1.6891838215287862,I,V,717,I717V,Rifampicin,3) Uncertain significance,0.016570766,1.0,Unknown,717,24.19018985043316,438.0,15.178921907491468,0.7383749485015869
rpoB,4.077044884473253,V,A,715,V715A,Rifampicin,3) Uncertain significance,0.029693432,0.0,Unknown,715,21.13845930998756,438.0,27.72096759262996,0.6407666206359863
rpoB,0.0273645796228265,E,K,721,E721K,Rifampicin,3) Uncertain significance,0.029375974,0.0,Unknown,721,31.341164528460027,437.0,24.435330484711496,-0.6035425662994385
rpoB,1.2337063008135374,E,G,721,E721G,Rifampicin,3) Uncertain significance,0.03908579,0.0,Unknown,721,31.341164528460027,437.0,42.48882015717018,0.4851014614105224
rpoB,0.188345474187372,E,D,721,E721D,Rifampicin,3) Uncertain significance,0.017818429,0.0,Unknown,721,31.341164528460027,437.0,23.13284454741382,-0.1934304237365722
rpoB,1.7618729663277009,H,D,723,H723D,Rifampicin,3) Uncertain significance,0.040878046,1.0,Unknown,723,24.73311233953381,437.0,29.775078049524573,1.1430962085723877
rpoB,5.447953543679887,N,S,724,N724S,Rifampicin,3) Uncertain significance,0.019781712,0.0,Unknown,724,24.54699837047292,438.0,19.57151835136661,0.7184062004089355
rpoB,155.48219286018457,L,P,731,L731P,Rifampicin,3) Uncertain significance,0.06697249,1.0,Unknown,731,17.510650330584532,438.0,49.27170475166683,-0.6850032806396484
rpoB,4.010932295745988,E,G,737,E737G,Rifampicin,3) Uncertain significance,0.023852581,0.0,Unknown,737,21.78042995443385,437.0,42.48882015717018,2.060253143310547
rpoB,37.61103003659218,V,L,736,V736L,Rifampicin,3) Uncertain significance,0.018649714,1.0,Unknown,736,20.029995631552183,437.0,21.74847419041692,0.0066547393798828
rpoB,-0.0445998747395606,N,S,733,N733S,Rifampicin,3) Uncertain significance,0.027608072,1.0,Unknown,733,23.17215831553029,437.0,19.57151835136661,0.6099865436553955
rpoB,4.332572950457234,R,H,734,R734H,Rifampicin,3) Uncertain significance,0.029179562,0.0,Unknown,734,20.53543476530263,438.0,26.692906012304967,-0.938560962677002
rpoB,2.5086905032312643,E,A,738,E738A,Rifampicin,3) Uncertain significance,0.034235287,0.0,Unknown,738,19.0526830394042,437.0,28.30103222386084,-0.052847146987915
rpoB,2.4207574608713003,V,T,740,V740T,Rifampicin,3) Uncertain significance,0.024349121,0.0,Unknown,740,13.692896333500803,438.0,27.280310339619216,-0.6303646564483643
rpoB,0.3664861580673459,T,A,742,T742A,Rifampicin,3) Uncertain significance,0.019903027,1.0,Unknown,742,11.620258559946064,437.0,26.41694255168034,0.3951921463012695
rpoB,9.157965510977192,T,N,742,T742N,Rifampicin,3) Uncertain significance,0.026466154,1.0,Unknown,742,11.620258559946064,437.0,24.234231473312622,-0.3950426578521728
rpoB,1.8692770571383333,E,K,750,E750K,Rifampicin,3) Uncertain significance,0.034676794,1.0,Unknown,750,14.979057413602488,436.0,24.435330484711496,-0.7182285785675049
rpoB,0.3219078825813994,E,Q,750,E750Q,Rifampicin,3) Uncertain significance,0.0271789,1.0,Unknown,750,14.979057413602488,436.0,21.817564078907125,-0.9302659034729004
rpoB,5.333872196853008,E,G,750,E750G,Rifampicin,3) Uncertain significance,0.026109485,1.0,Unknown,750,14.979057413602488,436.0,42.48882015717018,-0.2249188423156738
rpoB,-1.736492716734119,H,Y,749,H749Y,Rifampicin,3) Uncertain significance,0.03827093,0.2,Unknown,749,14.986439637218693,436.0,25.616944290458218,-0.061802864074707
rpoB,1.842874914339064,I,V,751,I751V,Rifampicin,3) Uncertain significance,0.02001089,0.0,Unknown,751,19.578398862011163,436.0,15.178921907491468,0.3857660293579101
rpoB,4.679481853573179,D,G,752,D752G,Rifampicin,3) Uncertain significance,0.02913675,1.0,Unknown,752,18.55311944121527,426.0,34.61903783109632,0.2743043899536133
rpoB,2.4683742344959683,D,N,752,D752N,Rifampicin,3) Uncertain significance,0.022449933,0.0,Unknown,752,18.55311944121527,426.0,20.632582370741144,-1.0521106719970703
rpoB,3.520082143062609,T,A,756,T756A,Rifampicin,3) Uncertain significance,0.02074381,1.0,Unknown,756,26.429269342908427,426.0,26.41694255168034,0.5047078132629395
rpoB,80.60186441084716,A,V,753,A753V,Rifampicin,3) Uncertain significance,0.024903364,1.0,Unknown,753,23.391285856061867,426.0,27.72096759262996,0.3027300834655761
rpoB,31.314497013481287,A,T,753,A753T,Rifampicin,3) Uncertain significance,0.01779643,0.5,Unknown,753,23.391285856061867,426.0,26.41694255168034,-0.2860481739044189
rpoB,5.212704704906628,E,D,761,E761D,Rifampicin,3) Uncertain significance,0.020701732,1.0,Unknown,761,24.842542120322552,426.0,23.13284454741382,-0.5329651832580566
rpoB,7.058891460743325,E,G,761,E761G,Rifampicin,3) Uncertain significance,0.024355408,1.0,Unknown,761,24.842542120322552,426.0,42.48882015717018,-0.1268212795257568
rpoB,3.57228413586472,E,A,761,E761A,Rifampicin,3) Uncertain significance,0.026917685,1.0,Unknown,761,24.842542120322552,426.0,28.30103222386084,0.2878315448760986
rpoB,1.3130794933299512,D,H,766,D766H,Rifampicin,3) Uncertain significance,0.037122384,1.0,Unknown,766,34.59796619745155,436.0,29.775078049524573,-0.5653557777404785
rpoB,8.135138154313609,N,T,769,N769T,Rifampicin,3) Uncertain significance,0.022603165,1.0,Unknown,769,37.56266622592174,437.0,24.234231473312622,1.4227869510650637
rpoB,-0.8678488705631935,I,V,770,I770V,Rifampicin,3) Uncertain significance,0.021528099,0.5,Unknown,770,33.712418438907626,436.0,15.178921907491468,0.4801552295684814
rpoB,5.705333208888987,P,L,768,P768L,Rifampicin,3) Uncertain significance,0.035350252,1.0,Unknown,768,36.28876043625629,436.0,49.27170475166683,0.3525950908660888
rpoB,8.721693946289633,A,V,776,A776V,Rifampicin,3) Uncertain significance,0.03214354,0.6666666666666666,Unknown,776,32.412621877904286,436.0,27.72096759262996,-0.7827577590942383
rpoB,-0.5013227359268058,D,N,777,D777N,Rifampicin,3) Uncertain significance,0.023248138,1.0,Unknown,777,28.276548162744337,436.0,20.632582370741144,-0.8480744361877441
rpoB,160.42634388931765,L,P,775,L775P,Rifampicin,3) Uncertain significance,0.037509903,1.0,Unknown,775,32.718238354165706,436.0,49.27170475166683,-1.304464340209961
rpoB,0.6105742375139016,D,H,777,D777H,Rifampicin,3) Uncertain significance,0.04019774,0.0,Unknown,777,28.276548162744337,436.0,29.775078049524573,-0.8581638336181641
rpoB,25.471066723021977,L,M,778,L778M,Rifampicin,3) Uncertain significance,0.029072197,0.0,Unknown,778,27.77593479975065,436.0,24.945776373708327,-1.0791869163513184
rpoB,23.59524020517256,L,V,778,L778V,Rifampicin,3) Uncertain significance,0.029593835,1.0,Unknown,778,27.77593479975065,436.0,21.74847419041692,0.4778215885162353
rpoB,2.085994705808844,I,V,783,I783V,Rifampicin,3) Uncertain significance,0.02131583,0.0,Unknown,783,23.58664984689431,436.0,15.178921907491468,0.868973970413208
rpoB,7.330329937360602,G,S,787,G787S,Rifampicin,3) Uncertain significance,0.02849635,1.0,Unknown,787,23.15387434102552,436.0,26.911928800176504,1.0890979766845703
rpoB,3.594130420441616,R,C,791,R791C,Rifampicin,3) Uncertain significance,0.06603481,0.0476190476190476,Unknown,791,23.388129232582948,437.0,40.517919150720246,-3.17673659324646
rpoB,2.794982730762058,E,K,789,E789K,Rifampicin,3) Uncertain significance,0.030688448,0.0,Unknown,789,24.35247028537352,437.0,24.435330484711496,-0.5494272708892822
rpoB,4.261651856869776,V,A,800,V800A,Rifampicin,3) Uncertain significance,0.02924864,1.0,Unknown,800,30.07754306787708,426.0,27.72096759262996,-0.498549222946167
rpoB,78.42457406709627,G,S,798,G798S,Rifampicin,3) Uncertain significance,0.03224094,1.0,Unknown,798,27.495691844359904,436.0,26.911928800176504,-0.0595560073852539
rpoB,114.73957299661652,V,L,797,V797L,Rifampicin,3) Uncertain significance,0.018137489,1.0,Unknown,797,23.005775905193893,436.0,21.74847419041692,-0.5716102123260498
rpoB,1.3848309153272569,K,Q,799,K799Q,Rifampicin,3) Uncertain significance,0.027306687,1.0,Unknown,799,25.40337058344817,426.0,20.152048757182733,-0.8058943748474121
rpoB,0.4429409059875979,E,A,805,E805A,Rifampicin,3) Uncertain significance,0.026827032,0.0,Unknown,805,38.85254404797709,426.0,28.30103222386084,-0.4271633625030517
rpoB,5.216469229281756,E,G,807,E807G,Rifampicin,3) Uncertain significance,0.0234263,1.0,Unknown,807,33.475241612272185,426.0,42.48882015717018,-1.9706742763519287
rpoB,5.3354924644741,K,T,803,K803T,Rifampicin,3) Uncertain significance,0.039135396,1.0,Unknown,803,33.5212312124719,426.0,29.637803707829963,0.199181318283081
rpoB,3.4169225287510017,E,A,807,E807A,Rifampicin,3) Uncertain significance,0.025190005,1.0,Unknown,807,33.475241612272185,426.0,28.30103222386084,-1.5155253410339355
rpoB,9.494673565699031,E,G,812,E812G,Rifampicin,3) Uncertain significance,0.029996034,1.0,Unknown,812,39.27103329427429,426.0,42.48882015717018,-1.4430913925170898
rpoB,2.5818649599277705,A,V,817,A817V,Rifampicin,3) Uncertain significance,0.030887825,1.0,Unknown,817,48.60222219199447,426.0,27.72096759262996,-0.470318078994751
rpoB,1.0111406811015513,E,V,821,E821V,Rifampicin,3) Uncertain significance,0.02953692,1.0,Unknown,821,45.23569584962741,426.0,40.07063541729576,-0.9486377239227296
rpoB,5.980476562593594,K,T,822,K822T,Rifampicin,3) Uncertain significance,0.030770523,0.0,Unknown,822,43.91077913223584,426.0,29.637803707829963,0.4546444416046142
rpoB,0.7236628594928334,R,C,824,R824C,Rifampicin,3) Uncertain significance,0.06052729,1.0,Unknown,824,33.07822858014013,426.0,40.517919150720246,-2.8473403453826904
rpoB,-0.6702603711587471,R,L,824,R824L,Rifampicin,3) Uncertain significance,0.026107356,1.0,Unknown,824,33.07822858014013,426.0,40.57857118014128,0.4192962646484375
rpoB,-0.61158921801416,R,S,824,R824S,Rifampicin,3) Uncertain significance,0.027558032,1.0,Unknown,824,33.07822858014013,426.0,31.331509629069213,-0.4128210544586181
rpoB,1.3761392845217415,R,H,824,R824H,Rifampicin,3) Uncertain significance,0.033137325,1.0,Unknown,824,33.07822858014013,426.0,26.692906012304967,-1.1280970573425293
rpoB,-0.4995725150110957,E,G,825,E825G,Rifampicin,3) Uncertain significance,0.01966552,0.0,Unknown,825,36.25149875522389,426.0,42.48882015717018,0.2792825698852539
rpoB,1.900731272244229,R,C,827,R827C,Rifampicin,3) Uncertain significance,0.054404594,0.9897959183673468,Unknown,827,27.917997743391258,426.0,40.517919150720246,-2.626950979232788
rpoB,0.5455489450050663,R,S,827,R827S,Rifampicin,3) Uncertain significance,0.024454203,1.0,Unknown,827,27.917997743391258,426.0,31.331509629069213,-0.1979081630706787
rpoB,0.8810569842949008,R,L,827,R827L,Rifampicin,3) Uncertain significance,0.022646539,1.0,Unknown,827,27.917997743391258,426.0,40.57857118014128,0.2127835750579834
rpoB,0.9517392998413924,R,H,827,R827H,Rifampicin,3) Uncertain significance,0.026917793,1.0,Unknown,827,27.917997743391258,426.0,26.692906012304967,-1.3165276050567627
rpoB,13.308938831341948,L,R,831,L831R,Rifampicin,3) Uncertain significance,0.023520265,1.0,Unknown,831,20.66342919265822,436.0,40.57857118014128,-0.1460371017456054
rpoB,5.332249216899072,K,E,832,K832E,Rifampicin,3) Uncertain significance,0.030996092,1.0,Unknown,832,22.078203980396594,437.0,24.435330484711496,0.0099720954895019
rpoB,2.786470362370892,K,Q,832,K832Q,Rifampicin,3) Uncertain significance,0.025038278,1.0,Unknown,832,22.078203980396594,437.0,20.152048757182733,-0.567197322845459
rpoB,0.440069511742422,H,D,835,H835D,Rifampicin,3) Uncertain significance,0.031227507,1.0,Unknown,835,18.446656011320886,437.0,29.775078049524573,1.6805219650268557
rpoB,5.747770259330991,K,N,832,K832N,Rifampicin,3) Uncertain significance,0.036931414,1.0,Unknown,832,22.078203980396594,437.0,26.3028009866802,-0.2526273727416992
rpoB,1.7148031893689222,V,M,833,V833M,Rifampicin,3) Uncertain significance,0.02860096,1.0,Unknown,833,20.55915883493292,437.0,26.61946259943389,-1.4935545921325684
rpoB,0.5139284558244981,H,R,835,H835R,Rifampicin,3) Uncertain significance,0.02998453,1.0,Unknown,835,18.446656011320886,437.0,26.692906012304967,0.8851256370544434
rpoB,9.148875015723206,H,P,835,H835P,Rifampicin,3) Uncertain significance,0.037704527,1.0,Unknown,835,18.446656011320886,437.0,40.27416020911824,1.909278154373169
rpoB,436.9496484468023,P,L,834,P834L,Rifampicin,3) Uncertain significance,0.029018734,0.0,Unknown,834,18.52194317559583,437.0,49.27170475166683,0.3160791397094726
rpoB,5.903585809174274,G,S,836,G836S,Rifampicin,3) Uncertain significance,0.018384064,1.0,Unknown,836,17.082888807224627,437.0,26.911928800176504,0.5869905948638916
rpoB,18.14124756525144,G,C,836,G836C,Rifampicin,3) Uncertain significance,0.059603013,1.0,Unknown,836,17.082888807224627,437.0,41.869754062050006,-0.9224505424499512
rpoB,7.77875965972089,P,T,834,P834T,Rifampicin,3) Uncertain significance,0.02834482,1.0,Unknown,834,18.52194317559583,437.0,34.265110857459,0.1928873062133789
rpoB,7.324683514046228,R,W,845,R845W,Rifampicin,3) Uncertain significance,0.057475775,1.0,Unknown,845,16.744688083090704,436.0,38.45697518672335,-3.269574880599976
rpoB,1.913944046002598,R,H,849,R849H,Rifampicin,3) Uncertain significance,0.030319244,0.0,Unknown,849,21.562161904595754,426.0,26.692906012304967,-0.936958074569702
rpoB,3.666988281469002,R,Q,845,R845Q,Rifampicin,3) Uncertain significance,0.02071618,1.0,Unknown,845,16.744688083090704,436.0,22.596164034846936,-1.6064131259918213
rpoB,121.24293568666552,D,P,851,D851P,Rifampicin,3) Uncertain significance,0.023467554,0.0,Unknown,851,25.939208796723168,426.0,35.54235793248025,0.3197329044342041
rpoB,2.0011168902251484,D,G,851,D851G,Rifampicin,3) Uncertain significance,0.02721009,0.0,Unknown,851,25.939208796723168,426.0,34.61903783109632,0.8113512992858887
rpoB,10.531817510621297,L,S,855,L855S,Rifampicin,3) Uncertain significance,0.035290252,1.0,Unknown,855,17.5897393954544,426.0,37.32648951510237,-0.6135275363922119
rpoB,6.32721058048719,P,L,856,P856L,Rifampicin,3) Uncertain significance,0.03384042,0.5,Unknown,856,15.78554481163066,426.0,49.27170475166683,0.1689314842224121
rpoB,1.949928762442596,L,R,862,L862R,Rifampicin,3) Uncertain significance,0.026026612,1.0,Unknown,862,18.3907149126944,436.0,40.57857118014128,0.3035886287689209
rpoB,3.132657882807507,Y,H,866,Y866H,Rifampicin,3) Uncertain significance,0.040861335,0.0,Unknown,866,11.509210268302516,436.0,25.616944290458218,0.0553374290466308
rpoB,43.71563348484415,A,V,868,A868V,Rifampicin,3) Uncertain significance,0.023722837,0.0,Unknown,868,14.76148386850048,437.0,27.72096759262996,-0.9067776203155518
rpoB,8.039564535999943,V,A,867,V867A,Rifampicin,3) Uncertain significance,0.029894534,0.0,Unknown,867,14.25408046841325,436.0,27.72096759262996,0.7893714904785156
rpoB,18.213372041993352,R,H,871,R871H,Rifampicin,3) Uncertain significance,0.02726434,1.0,Unknown,871,10.012831817223352,437.0,26.692906012304967,-1.2154781818389893
rpoB,9.233072509151045,R,L,871,R871L,Rifampicin,3) Uncertain significance,0.02676446,1.0,Unknown,871,10.012831817223352,437.0,40.57857118014128,-0.5693480968475342
rpoB,3.6845821895230975,D,A,875,D875A,Rifampicin,3) Uncertain significance,0.028556967,0.0,Unknown,875,17.763385657019338,437.0,32.79578065715211,-0.0365705490112304
rpoB,0.2175970327884897,S,T,874,S874T,Rifampicin,3) Uncertain significance,0.021994306,1.0,Unknown,874,16.29488533252076,437.0,17.12767927453449,0.4978656768798828
rpoB,16.039973165926313,S,Y,874,S874Y,Rifampicin,3) Uncertain significance,0.033565488,1.0,Unknown,874,16.29488533252076,437.0,32.88015694502548,-0.1639337539672851
rpoB,222.4259087747728,I,F,873,I873F,Rifampicin,3) Uncertain significance,0.027616821,1.0,Unknown,873,13.78344010035232,437.0,19.63118745944652,0.3660938739776611
rpoB,62.43566372536816,G,D,890,G890D,Rifampicin,3) Uncertain significance,0.0392032,0.0,Unknown,890,20.75593144139768,437.0,34.61903783109632,0.6225111484527588
rpoB,59.32429743598959,G,C,890,G890C,Rifampicin,3) Uncertain significance,0.05513926,1.0,Unknown,890,20.75593144139768,437.0,41.869754062050006,-1.7674946784973145
rpoB,2.59517755363413,K,E,891,K891E,Rifampicin,3) Uncertain significance,0.031361487,1.0,Unknown,891,22.72073777411288,437.0,24.435330484711496,-0.3284299373626709
rpoB,1.219148641136144,K,T,891,K891T,Rifampicin,3) Uncertain significance,0.051451188,1.0,Unknown,891,22.72073777411288,437.0,29.637803707829963,0.1179895401000976
rpoB,4.183509069006504,I,T,892,I892T,Rifampicin,3) Uncertain significance,0.07715681,0.0,Unknown,892,19.99265977802856,437.0,31.61668122731128,-0.2118537425994873
rpoB,78.05044026378755,V,F,895,V895F,Rifampicin,3) Uncertain significance,0.024588628,0.0,Unknown,895,27.58818415554021,438.0,23.46929055924925,-1.3752408027648926
rpoB,16.842289923235512,L,V,893,L893V,Rifampicin,3) Uncertain significance,0.022469683,0.0,Unknown,893,25.40820418683698,438.0,21.74847419041692,0.0960547924041748
rpoB,6.849927948033837,L,R,893,L893R,Rifampicin,3) Uncertain significance,0.022282291,0.0,Unknown,893,25.40820418683698,438.0,40.57857118014128,1.5187804698944092
rpoB,-0.2624531507067331,E,K,896,E896K,Rifampicin,3) Uncertain significance,0.027180202,1.0,Unknown,896,30.77280326847068,438.0,24.435330484711496,-0.918796181678772
rpoB,15.218710699688472,A,P,902,A902P,Rifampicin,3) Uncertain significance,0.022377165,0.0,Unknown,902,34.3483723486281,438.0,43.279408841284464,0.695144534111023
rpoB,4.2729751138117535,D,N,903,D903N,Rifampicin,3) Uncertain significance,0.019865286,0.0,Unknown,903,32.237963660876595,438.0,20.632582370741144,-1.0677388906478882
rpoB,104.72252585337084,P,L,906,P906L,Rifampicin,3) Uncertain significance,0.026749015,0.5,Unknown,906,26.12623576024682,438.0,49.27170475166683,1.1469690799713137
rpoB,3.331429017631308,T,I,905,T905I,Rifampicin,3) Uncertain significance,0.018490555,0.0,Unknown,905,27.81764537123874,438.0,31.61668122731128,-0.2835731506347656
rpoB,5.146638198162236,P,Q,906,P906Q,Rifampicin,3) Uncertain significance,0.021228861,1.0,Unknown,906,26.12623576024682,438.0,37.5005576758833,0.2724413871765136
rpoB,2.3955125938696256,I,V,909,I909V,Rifampicin,3) Uncertain significance,0.016099522,1.0,Unknown,909,17.615811335274913,438.0,15.178921907491468,0.693097710609436
rpoB,2.495457822635217,I,V,910,I910V,Rifampicin,3) Uncertain significance,0.018278345,0.0,Unknown,910,22.320382546004907,438.0,15.178921907491468,0.848393440246582
rpoB,-1.843773816099656,G,S,915,G915S,Rifampicin,3) Uncertain significance,0.021045165,1.0,Unknown,915,23.464656251477447,438.0,26.911928800176504,0.0308349132537841
rpoB,1.9424340678519911,V,M,916,V916M,Rifampicin,3) Uncertain significance,0.022234555,1.0,Unknown,916,23.63569008935428,438.0,26.61946259943389,-1.1913034915924072
rpoB,10.479836166459336,M,V,920,M920V,Rifampicin,3) Uncertain significance,0.023077514,1.0,Unknown,920,21.0662567628898,448.0,26.61946259943389,1.0525994300842283
rpoB,1.7130241344284514,I,V,925,I925V,Rifampicin,5) Not assoc w R,0.016598277,0.0975609756097561,Susceptible,925,22.002952779115805,438.0,15.178921907491468,0.9205987453460692
rpoB,4.61904151910403,T,N,928,T928N,Rifampicin,3) Uncertain significance,0.021845087,1.0,Unknown,928,21.277700486659736,438.0,24.234231473312622,-0.3954725265502929
rpoB,59.25565627330707,A,V,934,A934V,Rifampicin,3) Uncertain significance,0.016415456,0.0,Unknown,934,22.57558280532309,438.0,27.72096759262996,-0.4179093837738037
rpoB,3.3149897100402086,H,R,935,H935R,Rifampicin,3) Uncertain significance,0.02580703,0.0,Unknown,935,24.052002931149,438.0,26.692906012304967,0.56675124168396
rpoB,-1.3204457093825113,S,R,936,S936R,Rifampicin,3) Uncertain significance,0.022787718,0.0,Unknown,936,26.701097823872328,438.0,31.331509629069213,0.1713037490844726
rpoB,3.672049102217443,A,T,934,A934T,Rifampicin,3) Uncertain significance,0.016599834,1.0,Unknown,934,22.57558280532309,438.0,26.41694255168034,-0.8353595733642578
rpoB,0.4126883251078652,A,D,943,A943D,Rifampicin,3) Uncertain significance,0.019719264,0.0,Unknown,943,41.93042249966008,443.0,32.79578065715211,-0.4444172382354736
rpoB,2.166362666207988,A,T,942,A942T,Rifampicin,3) Uncertain significance,0.015000302,0.0,Unknown,942,38.62013249588872,443.0,26.41694255168034,-0.2698197364807129
rpoB,2.037733463283076,A,V,943,A943V,Rifampicin,3) Uncertain significance,0.020955523,1.0,Unknown,943,41.93042249966008,443.0,27.72096759262996,-0.1493153572082519
rpoB,-0.7433523524596239,A,T,943,A943T,Rifampicin,3) Uncertain significance,0.01681301,0.0,Unknown,943,41.93042249966008,443.0,26.41694255168034,0.5977708101272583
rpoB,0.0696759072193344,K,E,944,K944E,Rifampicin,5) Not assoc w R,0.02780796,0.037037037037037,Susceptible,944,44.23779928974768,443.0,24.435330484711496,0.4570841789245605
rpoB,25.83088961614203,G,R,945,G945R,Rifampicin,3) Uncertain significance,0.02371385,0.0,Unknown,945,40.10901798847735,443.0,44.1492475965258,0.058119773864746
rpoB,11.939510956884078,V,G,946,V946G,Rifampicin,3) Uncertain significance,0.021346629,0.0,Unknown,946,36.31654687604536,443.0,42.97384860101139,-0.4388043880462646
rpoB,-0.6319036284548929,K,N,944,K944N,Rifampicin,3) Uncertain significance,0.026647193,0.0,Unknown,944,44.23779928974768,443.0,26.3028009866802,-0.1205232143402099
rpoB,29.194662645022618,G,E,945,G945E,Rifampicin,3) Uncertain significance,0.019315021,0.1111111111111111,Unknown,945,40.10901798847735,443.0,42.48882015717018,-0.2483947277069091
rpoB,23.82998870365418,A,V,950,A950V,Rifampicin,3) Uncertain significance,0.018338913,0.0,Unknown,950,32.76811636331877,443.0,27.72096759262996,-0.2672405242919922
rpoB,2.972764407097202,A,T,951,A951T,Rifampicin,3) Uncertain significance,0.016711205,1.0,Unknown,951,32.94800632815284,443.0,26.41694255168034,-0.240018606185913
rpoB,0.0674367953174623,R,K,952,R952K,Rifampicin,3) Uncertain significance,0.02375613,0.5,Unknown,952,28.78389565364633,443.0,22.54394404482823,-0.3683562278747558
rpoB,0.3937099630547891,D,N,955,D955N,Rifampicin,3) Uncertain significance,0.022604963,0.0,Unknown,955,29.6869069624978,443.0,20.632582370741144,-1.032620191574097
rpoB,4.5427877641500345,P,R,954,P954R,Rifampicin,3) Uncertain significance,0.027056944,0.0,Unknown,954,25.971966637126275,443.0,42.60148692869801,0.0972442626953125
rpoB,1.8707143042370264,E,K,959,E959K,Rifampicin,3) Uncertain significance,0.036491178,0.5,Unknown,959,29.316747534472498,443.0,24.435330484711496,0.0137884616851806
rpoB,12.73692973887728,A,E,960,A960E,Rifampicin,3) Uncertain significance,0.02051036,0.6666666666666666,Unknown,960,27.411136751327906,439.0,28.30103222386084,-0.7832393646240234
rpoB,66.9591025549912,L,V,957,L957V,Rifampicin,3) Uncertain significance,0.015512184,1.0,Unknown,957,24.82211918833684,443.0,21.74847419041692,-0.3957316875457763
rpoB,1.341242559771672,N,D,963,N963D,Rifampicin,3) Uncertain significance,0.0376159,0.0,Unknown,963,21.55979512889676,439.0,20.632582370741144,1.069005012512207
rpoB,2.95391577693772,N,S,963,N963S,Rifampicin,3) Uncertain significance,0.023620363,0.0,Unknown,963,21.55979512889676,439.0,19.57151835136661,0.7333097457885742
rpoB,1.609247719252835,I,V,965,I965V,Rifampicin,3) Uncertain significance,0.018974643,0.0,Unknown,965,17.347973109271297,439.0,15.178921907491468,0.3761532306671142
rpoB,7.434664473752491,A,T,964,A964T,Rifampicin,3) Uncertain significance,0.01671891,0.0,Unknown,964,21.020628558632588,439.0,26.41694255168034,0.0107216835021972
rpoB,21.090635586571807,V,M,970,V970M,Rifampicin,3) Uncertain significance,0.021125961,1.0,Unknown,970,13.96717104498974,444.0,26.61946259943389,-1.2299067974090576
rpoB,8.581561045450144,P,S,969,P969S,Rifampicin,3) Uncertain significance,0.020775903,1.0,Unknown,969,16.46265744040128,443.0,33.197952790471106,0.2481489181518554
rpoB,5.621720789754818,F,L,971,F971L,Rifampicin,3) Uncertain significance,0.022942929,1.0,Unknown,971,15.923870415197438,444.0,22.8377240877722,0.641099214553833
rpoB,80.06894739970448,V,L,970,V970L,Rifampicin,3) Uncertain significance,0.012564958,1.0,Unknown,970,13.96717104498974,444.0,21.74847419041692,0.228424072265625
rpoB,1.424548567173133,V,A,970,V970A,Rifampicin,3) Uncertain significance,0.0129575655,1.0,Unknown,970,13.96717104498974,444.0,27.72096759262996,-0.1568593978881836
rpoB,0.448314554807439,Q,H,975,Q975H,Rifampicin,3) Uncertain significance,0.026286203,0.8378378378378378,Unknown,975,25.80528552448121,444.0,22.559771492482422,-0.3007645606994629
rpoB,5.971325951282779,A,G,974,A974G,Rifampicin,3) Uncertain significance,0.01895741,0.0,Unknown,974,22.761762277995963,443.0,34.52555545602958,0.0878632068634033
rpoB,0.4317799618220306,E,K,976,E976K,Rifampicin,3) Uncertain significance,0.022695288,1.0,Unknown,976,27.95048029998768,444.0,24.435330484711496,-0.6568572521209717
rpoB,35.6362833098583,G,D,973,G973D,Rifampicin,3) Uncertain significance,0.027974894,1.0,Unknown,973,20.957289089956262,443.0,34.61903783109632,-0.1376175880432129
rpoB,2.483892571623528,A,T,977,A977T,Rifampicin,3) Uncertain significance,0.015902264,0.0,Unknown,977,30.661993477267583,444.0,26.41694255168034,-0.5587868690490723
rpoB,53.10338126882471,A,V,974,A974V,Rifampicin,3) Uncertain significance,0.01848775,1.0,Unknown,974,22.761762277995963,443.0,27.72096759262996,-0.0934014320373535
rpoB,5.291460351687874,A,T,974,A974T,Rifampicin,3) Uncertain significance,0.016782572,1.0,Unknown,974,22.761762277995963,443.0,26.41694255168034,1.160033941268921
rpoB,0.0896842633906089,A,S,977,A977S,Rifampicin,3) Uncertain significance,0.023235189,1.0,Unknown,977,30.661993477267583,444.0,26.48144300167584,-0.8531601428985596
rpoB,0.8770958243503628,Q,K,980,Q980K,Rifampicin,3) Uncertain significance,0.022569759,1.0,Unknown,980,30.789767683436644,438.0,20.152048757182733,0.4692697525024414
rpoB,0.9234315894796056,Q,R,980,Q980R,Rifampicin,3) Uncertain significance,0.021900646,1.0,Unknown,980,30.789767683436644,438.0,22.596164034846936,1.0581974983215332
rpoB,8.22307370505223,G,D,981,G981D,Rifampicin,3) Uncertain significance,0.024263665,1.0,Unknown,981,32.83193218499332,438.0,34.61903783109632,-0.7682032585144043
rpoB,1.828950613499728,S,L,984,S984L,Rifampicin,3) Uncertain significance,0.0166176,0.0,Unknown,984,33.798901313504274,438.0,37.32648951510237,0.117518663406372
rpoB,2.1970156391103046,C,S,985,C985S,Rifampicin,3) Uncertain significance,0.057121232,0.0,Unknown,985,33.744253866399234,438.0,32.719896973736354,1.4440608024597168
rpoB,3.798544911100634,P,A,988,P988A,Rifampicin,3) Uncertain significance,0.017141478,0.0,Unknown,988,33.74597703430736,438.0,43.279408841284464,0.5015323162078857
rpoB,3.470562056330891,P,S,988,P988S,Rifampicin,3) Uncertain significance,0.018913446,0.0,Unknown,988,33.74597703430736,438.0,33.197952790471106,-0.1533279418945312
rpoB,2.31056259090974,R,L,990,R990L,Rifampicin,3) Uncertain significance,0.018816551,0.0,Unknown,990,34.82576717030077,438.0,40.57857118014128,-0.1690731048583984
rpoB,15.566339882622287,G,R,992,G992R,Rifampicin,3) Uncertain significance,0.017728975,1.0,Unknown,992,38.83419865273391,438.0,44.1492475965258,0.2030019760131836
rpoB,-1.7985408590943734,D,E,993,D993E,Rifampicin,3) Uncertain significance,0.011644422,0.0,Unknown,993,35.68353694632862,438.0,23.13284454741382,0.6476607322692871
rpoB,2.040239808399292,D,G,993,D993G,Rifampicin,3) Uncertain significance,0.022401752,0.0,Unknown,993,35.68353694632862,438.0,34.61903783109632,0.5460050106048584
rpoB,5.895093833248666,V,A,994,V994A,Rifampicin,3) Uncertain significance,0.020660946,0.0,Unknown,994,35.51914651283163,438.0,27.72096759262996,-1.0091646909713743
rpoB,4.6364947350757575,D,E,997,D997E,Rifampicin,3) Uncertain significance,0.02050937,0.0,Unknown,997,33.09353130144922,438.0,23.13284454741382,0.8478190898895264
rpoB,3.739721714660391,L,M,995,L995M,Rifampicin,3) Uncertain significance,0.022926308,0.0,Unknown,995,32.36365822956359,438.0,24.945776373708327,-1.8269072771072388
rpoB,0.5716981605387446,D,N,997,D997N,Rifampicin,3) Uncertain significance,0.01702157,0.0,Unknown,997,33.09353130144922,438.0,20.632582370741144,-1.3624441623687744
rpoB,5.265243616400767,A,V,998,A998V,Rifampicin,3) Uncertain significance,0.024358466,0.0,Unknown,998,33.933907953549934,438.0,27.72096759262996,-1.2566044330596924
rpoB,6.428990029041415,V,A,996,V996A,Rifampicin,3) Uncertain significance,0.023400232,1.0,Unknown,996,29.8965116694239,438.0,27.72096759262996,-0.0673999786376953
rpoB,2.503477773614577,A,G,998,A998G,Rifampicin,3) Uncertain significance,0.018312993,0.0,Unknown,998,33.933907953549934,438.0,34.52555545602958,-0.3900871276855469
rpoB,11.909472613456272,V,G,996,V996G,Rifampicin,3) Uncertain significance,0.033271167,1.0,Unknown,996,29.8965116694239,438.0,42.97384860101139,0.4696593284606933
rpoB,38.17341556622796,L,I,1004,L1004I,Rifampicin,3) Uncertain significance,0.01755436,0.0,Unknown,1004,30.236883768007587,438.0,20.74950239789154,0.0661695003509521
rpoB,390.0032051298176,A,P,1002,A1002P,Rifampicin,3) Uncertain significance,0.022883186,0.0,Unknown,1002,31.75187493676554,438.0,43.279408841284464,-0.920766830444336
rpoB,-0.2382846185614653,M,T,1003,M1003T,Rifampicin,3) Uncertain significance,0.025075942,0.0,Unknown,1003,34.271798464626855,438.0,32.68277833750696,0.8061683177947998
rpoB,8.12259749182931,D,G,1006,D1006G,Rifampicin,3) Uncertain significance,0.02920887,0.0,Unknown,1006,34.89200610455065,438.0,34.61903783109632,0.3168907165527344
rpoB,99.53055013207675,F,V,1005,F1005V,Rifampicin,3) Uncertain significance,0.027516851,0.75,Unknown,1005,33.712638312656566,438.0,23.46929055924925,0.9795732498168944
rpoB,7.709182924286324,R,C,1008,R1008C,Rifampicin,3) Uncertain significance,0.05446254,1.0,Unknown,1008,32.52190352670029,437.0,40.517919150720246,-2.218621015548706
rpoB,-0.3195589146016573,S,T,1009,S1009T,Rifampicin,3) Uncertain significance,0.021323849,0.0,Unknown,1009,38.12789556217336,438.0,17.12767927453449,-0.1013507843017578
rpoB,0.1763451693923343,E,A,1011,E1011A,Rifampicin,3) Uncertain significance,0.02298518,0.0,Unknown,1011,38.358146253436175,438.0,28.30103222386084,0.0107624530792236
rpoB,1.21696751192394,P,S,1014,P1014S,Rifampicin,3) Uncertain significance,0.017203206,0.0,Unknown,1014,38.41774135734686,438.0,33.197952790471106,0.4752111434936523
rpoB,2.813836700132015,P,Q,1014,P1014Q,Rifampicin,3) Uncertain significance,0.022128997,0.0,Unknown,1014,38.41774135734686,438.0,37.5005576758833,0.053112506866455
rpoB,3.19945759524444,P,R,1014,P1014R,Rifampicin,3) Uncertain significance,0.020457866,0.1111111111111111,Unknown,1014,38.41774135734686,438.0,42.60148692869801,0.6096680164337158
rpoB,-1.423241557370602,M,I,1022,M1022I,Rifampicin,3) Uncertain significance,0.025656039,0.0,Unknown,1022,16.16605561044499,438.0,24.48735007204724,-0.341071605682373
rpoB,9.23917241709205,H,R,1028,H1028R,Rifampicin,3) Uncertain significance,0.019871363,0.6666666666666666,Unknown,1028,2.7295915445355803,437.0,26.692906012304967,0.8454749584197998
rpoB,10.064635110835296,M,L,1025,M1025L,Rifampicin,3) Uncertain significance,0.023359677,1.0,Unknown,1025,7.211905573425099,438.0,24.945776373708327,0.6651303768157959
rpoB,2.180874535532439,H,Y,1028,H1028Y,Rifampicin,3) Uncertain significance,0.027073797,1.0,Unknown,1028,2.7295915445355803,437.0,25.616944290458218,-0.2746503353118896
rpoB,1.3282146976512197,H,D,1028,H1028D,Rifampicin,3) Uncertain significance,0.023673944,1.0,Unknown,1028,2.7295915445355803,437.0,29.775078049524573,0.9287588596343994
rpoB,0.0809545822171458,I,V,1035,I1035V,Rifampicin,3) Uncertain significance,0.017048784,1.0,Unknown,1035,15.878815195095648,437.0,15.178921907491468,0.3236570358276367
rpoB,0.9017758714262528,I,T,1035,I1035T,Rifampicin,3) Uncertain significance,0.023535317,1.0,Unknown,1035,15.878815195095648,437.0,31.61668122731128,-0.4325592517852783
rpoB,0.3192469592536326,I,V,1046,I1046V,Rifampicin,3) Uncertain significance,0.013747786,1.0,Unknown,1046,22.819001380428546,427.0,15.178921907491468,0.473325252532959
rpoB,-1.6397860180750286,Q,H,1056,Q1056H,Rifampicin,3) Uncertain significance,0.020365415,1.0,Unknown,1056,18.77719893913892,426.0,22.559771492482422,-0.3123054504394531
rpoB,2.925049710077019,K,R,1054,K1054R,Rifampicin,3) Uncertain significance,0.013921449,1.0,Unknown,1054,15.41708276555589,437.0,22.54394404482823,0.5037615299224854
rpoB,-0.7341689327631684,Q,R,1056,Q1056R,Rifampicin,3) Uncertain significance,0.015678203,1.0,Unknown,1056,18.77719893913892,426.0,22.596164034846936,0.866459846496582
rpoB,13.696915029885986,A,P,1055,A1055P,Rifampicin,3) Uncertain significance,0.013393042,1.0,Unknown,1055,16.447368968926334,437.0,43.279408841284464,-0.5547451972961426
rpoB,0.3413087563408226,C,G,1067,C1067G,Rifampicin,3) Uncertain significance,0.04892355,0.0,Unknown,1067,30.36948307100404,452.0,41.869754062050006,1.9583206176757808
rpoB,41.41915728659524,M,I,1070,M1070I,Rifampicin,3) Uncertain significance,0.020541186,0.0,Unknown,1070,34.329889265769566,452.0,24.48735007204724,0.1204423904418945
rpoB,5.193309453496568,M,T,1070,M1070T,Rifampicin,3) Uncertain significance,0.021836363,0.0,Unknown,1070,34.329889265769566,452.0,32.68277833750696,0.7826108932495117
rpoB,3.415645651281011,A,G,1072,A1072G,Rifampicin,3) Uncertain significance,0.015642686,1.0,Unknown,1072,36.13679212381752,452.0,34.52555545602958,-0.0931313037872314
rpoB,0.2602205355829028,Q,R,1080,Q1080R,Rifampicin,3) Uncertain significance,0.01968744,0.8,Unknown,1080,37.58626319548141,429.0,22.596164034846936,0.4310116767883301
rpoB,5.054906777492306,K,R,1095,K1095R,Rifampicin,3) Uncertain significance,0.021687208,1.0,Unknown,1095,41.80618206677096,437.0,22.54394404482823,0.6282310485839844
rpoB,0.1991317642182366,K,R,1102,K1102R,Rifampicin,3) Uncertain significance,0.023071688,0.0,Unknown,1102,43.927015924144,437.0,22.54394404482823,0.5674118995666504
rpoB,4.928933948579925,K,T,1102,K1102T,Rifampicin,3) Uncertain significance,0.025819322,1.0,Unknown,1102,43.927015924144,437.0,29.637803707829963,0.0321638584136962
rpoB,-0.6041496127668324,N,S,1105,N1105S,Rifampicin,3) Uncertain significance,0.020159127,0.0,Unknown,1105,45.621842323606366,437.0,19.57151835136661,0.102224588394165
rpoB,2.673461565876096,I,T,1106,I1106T,Rifampicin,3) Uncertain significance,0.021936035,1.0,Unknown,1106,41.578674028881686,437.0,31.61668122731128,0.0898580551147461
rpoB,0.2711023213473709,V,L,1117,V1117L,Rifampicin,3) Uncertain significance,0.011295813,0.0,Unknown,1117,28.54410072151513,429.0,21.74847419041692,0.5289509296417236
rpoB,0.9864750095111958,E,D,1121,E1121D,Rifampicin,3) Uncertain significance,0.016614772,1.0,Unknown,1121,25.91014258934136,429.0,23.13284454741382,0.1594266891479492
rpoB,-0.0073704462356545,S,A,1124,S1124A,Rifampicin,3) Uncertain significance,0.020814681,0.0,Unknown,1124,30.31061030398432,427.0,26.48144300167584,0.5090770721435547
rpoB,2.063342681819904,Q,R,1123,Q1123R,Rifampicin,3) Uncertain significance,0.024902012,1.0,Unknown,1123,33.631216956869125,429.0,22.596164034846936,1.209784984588623
rpoB,-0.8390008274059255,C,F,1126,C1126F,Rifampicin,3) Uncertain significance,0.050743252,0.0,Unknown,1126,33.74703579575545,429.0,31.49026810135259,1.4647364616394043
rpoB,7.534494642747632,E,V,1130,E1130V,Rifampicin,3) Uncertain significance,0.025923861,0.0,Unknown,1130,40.62408470353518,429.0,40.07063541729576,0.7107099294662476
rpoB,0.3807287733579869,S,N,1134,S1134N,Rifampicin,3) Uncertain significance,0.01620024,0.0,Unknown,1134,50.50334264184897,429.0,19.57151835136661,-0.8800630569458008
rpoB,2.448939230391716,S,A,1133,S1133A,Rifampicin,3) Uncertain significance,0.018236494,0.0,Unknown,1133,48.18506917085418,429.0,26.48144300167584,0.3534700870513916
rpoB,0.9243939464768118,S,R,1134,S1134R,Rifampicin,3) Uncertain significance,0.020765916,0.0,Unknown,1134,50.50334264184897,429.0,31.331509629069213,-0.0759508609771728
rpoB,-0.2667464519017812,S,K,1134,S1134K,Rifampicin,3) Uncertain significance,0.022802204,0.0,Unknown,1134,50.50334264184897,429.0,28.589114164715,-0.454017162322998
rpoB,2.046989423355172,E,D,1140,E1140D,Rifampicin,3) Uncertain significance,0.012756158,1.0,Unknown,1140,44.34795712318663,427.0,23.13284454741382,-0.3921329975128174
rpoB,0.9054041308418164,E,Q,1140,E1140Q,Rifampicin,3) Uncertain significance,0.021098496,1.0,Unknown,1140,44.34795712318663,427.0,21.817564078907125,-0.9464662075042723
rpoB,4.3897206974343135,D,G,1146,D1146G,Rifampicin,3) Uncertain significance,0.02136823,0.0,Unknown,1146,46.86481871297488,427.0,34.61903783109632,0.4953608512878418
rpoB,4.099405207154632,E,G,1145,E1145G,Rifampicin,3) Uncertain significance,0.018193912,0.0,Unknown,1145,44.29867665066308,427.0,42.48882015717018,-0.1481771469116211
rpoB,5.787001905312081,D,E,1148,D1148E,Rifampicin,3) Uncertain significance,0.009740718,0.0,Unknown,1148,49.060697121015295,426.0,23.13284454741382,0.4101824760437011
rpoB,237.59724108939645,A,V,1153,A1153V,Rifampicin,3) Uncertain significance,0.018158967,1.0,Unknown,1153,50.8016291274207,426.0,27.72096759262996,-1.110640525817871
rpoB,-0.5242368387939678,N,S,1155,N1155S,Rifampicin,3) Uncertain significance,0.019972714,0.6666666666666666,Unknown,1155,49.678906771385385,437.0,19.57151835136661,0.9280731678009032
