Filename,Mutation,Delta Z,RV,Gene
Rv0005_gyrB.fasta,Rv0005|gyrB|gyrB_p.A504V,0.1476518,Rv0005,gyrB
Rv0005_gyrB.fasta,Rv0005|gyrB|gyrB_p.A504V,0.1476518,Rv0005,gyrB
Rv0005_gyrB.fasta,Rv0005|gyrB|gyrB_p.A504V,0.1476518,Rv0005,gyrB
Rv0005_gyrB.fasta,Rv0005|gyrB|gyrB_p.A504V,0.1476518,Rv0005,gyrB
Rv0005_gyrB.fasta,Rv0005|gyrB|gyrB_p.A504V,0.1476518,Rv0005,gyrB
Rv0005_gyrB.fasta,Rv0005|gyrB|gyrB_p.N499D,0.028086413,Rv0005,gyrB
Rv0005_gyrB.fasta,Rv0005|gyrB|gyrB_p.N499D,0.028086413,Rv0005,gyrB
Rv0005_gyrB.fasta,Rv0005|gyrB|gyrB_p.N499T,0.03819847,Rv0005,gyrB
Rv0005_gyrB.fasta,Rv0005|gyrB|gyrB_p.N499T,0.03819847,Rv0005,gyrB
Rv0005_gyrB.fasta,Rv0005|gyrB|gyrB_p.N499T,0.03819847,Rv0005,gyrB
Rv0005_gyrB.fasta,Rv0005|gyrB|gyrB_p.N499T,0.03819847,Rv0005,gyrB
Rv0005_gyrB.fasta,Rv0005|gyrB|gyrB_p.D461N,0.053480115,Rv0005,gyrB
Rv0005_gyrB.fasta,Rv0005|gyrB|gyrB_p.D461N,0.053480115,Rv0005,gyrB
Rv0005_gyrB.fasta,Rv0005|gyrB|gyrB_p.D461H,0.043058295,Rv0005,gyrB
Rv0005_gyrB.fasta,Rv0005|gyrB|gyrB_p.D461H,0.043058295,Rv0005,gyrB
Rv0005_gyrB.fasta,Rv0005|gyrB|gyrB_p.E501D,0.033918615,Rv0005,gyrB
Rv0005_gyrB.fasta,Rv0005|gyrB|gyrB_p.E501D,0.033918615,Rv0005,gyrB
Rv0005_gyrB.fasta,Rv0005|gyrB|gyrB_p.E501V,0.058076542,Rv0005,gyrB
Rv0005_gyrB.fasta,Rv0005|gyrB|gyrB_p.E501V,0.058076542,Rv0005,gyrB
Rv0005_gyrB.fasta,Rv0005|gyrB|gyrB_p.E501V,0.058076542,Rv0005,gyrB
Rv0005_gyrB.fasta,Rv0005|gyrB|gyrB_p.E501V,0.058076542,Rv0005,gyrB
Rv0005_gyrB.fasta,Rv0005|gyrB|gyrB_p.S447F,0.041567035,Rv0005,gyrB
Rv0005_gyrB.fasta,Rv0005|gyrB|gyrB_p.S447F,0.041567035,Rv0005,gyrB
Rv0005_gyrB.fasta,Rv0005|gyrB|gyrB_p.A504V,0.1476518,Rv0005,gyrB
Rv0005_gyrB.fasta,Rv0005|gyrB|gyrB_p.A504V,0.1476518,Rv0005,gyrB
Rv0005_gyrB.fasta,Rv0005|gyrB|gyrB_p.A504V,0.1476518,Rv0005,gyrB
Rv0005_gyrB.fasta,Rv0005|gyrB|gyrB_p.A504V,0.1476518,Rv0005,gyrB
Rv0005_gyrB.fasta,Rv0005|gyrB|gyrB_p.A504V,0.1476518,Rv0005,gyrB
Rv0005_gyrB.fasta,Rv0005|gyrB|gyrB_p.N499D,0.028086413,Rv0005,gyrB
Rv0005_gyrB.fasta,Rv0005|gyrB|gyrB_p.N499D,0.028086413,Rv0005,gyrB
Rv0005_gyrB.fasta,Rv0005|gyrB|gyrB_p.N499T,0.03819847,Rv0005,gyrB
Rv0005_gyrB.fasta,Rv0005|gyrB|gyrB_p.N499T,0.03819847,Rv0005,gyrB
Rv0005_gyrB.fasta,Rv0005|gyrB|gyrB_p.N499T,0.03819847,Rv0005,gyrB
Rv0005_gyrB.fasta,Rv0005|gyrB|gyrB_p.N499T,0.03819847,Rv0005,gyrB
Rv0005_gyrB.fasta,Rv0005|gyrB|gyrB_p.D461N,0.053480115,Rv0005,gyrB
Rv0005_gyrB.fasta,Rv0005|gyrB|gyrB_p.D461N,0.053480115,Rv0005,gyrB
Rv0005_gyrB.fasta,Rv0005|gyrB|gyrB_p.D461H,0.043058295,Rv0005,gyrB
Rv0005_gyrB.fasta,Rv0005|gyrB|gyrB_p.D461H,0.043058295,Rv0005,gyrB
Rv0005_gyrB.fasta,Rv0005|gyrB|gyrB_p.E501D,0.033918615,Rv0005,gyrB
Rv0005_gyrB.fasta,Rv0005|gyrB|gyrB_p.E501D,0.033918615,Rv0005,gyrB
Rv0005_gyrB.fasta,Rv0005|gyrB|gyrB_p.E501V,0.058076542,Rv0005,gyrB
Rv0005_gyrB.fasta,Rv0005|gyrB|gyrB_p.E501V,0.058076542,Rv0005,gyrB
Rv0005_gyrB.fasta,Rv0005|gyrB|gyrB_p.E501V,0.058076542,Rv0005,gyrB
Rv0005_gyrB.fasta,Rv0005|gyrB|gyrB_p.E501V,0.058076542,Rv0005,gyrB
Rv0005_gyrB.fasta,Rv0005|gyrB|gyrB_p.S447F,0.041567035,Rv0005,gyrB
Rv0005_gyrB.fasta,Rv0005|gyrB|gyrB_p.S447F,0.041567035,Rv0005,gyrB
Rv0006_gyrA.fasta,Rv0006|gyrA|gyrA_p.A90V,0.019235695,Rv0006,gyrA
Rv0006_gyrA.fasta,Rv0006|gyrA|gyrA_p.A90V,0.019235695,Rv0006,gyrA
Rv0006_gyrA.fasta,Rv0006|gyrA|gyrA_p.A90V,0.019235695,Rv0006,gyrA
Rv0006_gyrA.fasta,Rv0006|gyrA|gyrA_p.A90V,0.019235695,Rv0006,gyrA
Rv0006_gyrA.fasta,Rv0006|gyrA|gyrA_p.A90V,0.019235695,Rv0006,gyrA
Rv0006_gyrA.fasta,Rv0006|gyrA|gyrA_p.A90V,0.019235695,Rv0006,gyrA
Rv0006_gyrA.fasta,Rv0006|gyrA|gyrA_p.A90V,0.019235695,Rv0006,gyrA
Rv0006_gyrA.fasta,Rv0006|gyrA|gyrA_p.D89N,0.019091131,Rv0006,gyrA
Rv0006_gyrA.fasta,Rv0006|gyrA|gyrA_p.D89N,0.019091131,Rv0006,gyrA
Rv0006_gyrA.fasta,Rv0006|gyrA|gyrA_p.D94A,0.022394208,Rv0006,gyrA
Rv0006_gyrA.fasta,Rv0006|gyrA|gyrA_p.D94A,0.022394208,Rv0006,gyrA
Rv0006_gyrA.fasta,Rv0006|gyrA|gyrA_p.D94A,0.022394208,Rv0006,gyrA
Rv0006_gyrA.fasta,Rv0006|gyrA|gyrA_p.D94A,0.022394208,Rv0006,gyrA
Rv0006_gyrA.fasta,Rv0006|gyrA|gyrA_p.D94A,0.022394208,Rv0006,gyrA
Rv0006_gyrA.fasta,Rv0006|gyrA|gyrA_p.D94A,0.022394208,Rv0006,gyrA
Rv0006_gyrA.fasta,Rv0006|gyrA|gyrA_p.D94N,0.023391752,Rv0006,gyrA
Rv0006_gyrA.fasta,Rv0006|gyrA|gyrA_p.D94N,0.023391752,Rv0006,gyrA
Rv0006_gyrA.fasta,Rv0006|gyrA|gyrA_p.D94G,0.026952859,Rv0006,gyrA
Rv0006_gyrA.fasta,Rv0006|gyrA|gyrA_p.D94G,0.026952859,Rv0006,gyrA
Rv0006_gyrA.fasta,Rv0006|gyrA|gyrA_p.D94G,0.026952859,Rv0006,gyrA
Rv0006_gyrA.fasta,Rv0006|gyrA|gyrA_p.D94G,0.026952859,Rv0006,gyrA
Rv0006_gyrA.fasta,Rv0006|gyrA|gyrA_p.D94G,0.026952859,Rv0006,gyrA
Rv0006_gyrA.fasta,Rv0006|gyrA|gyrA_p.D94H,0.03340395,Rv0006,gyrA
Rv0006_gyrA.fasta,Rv0006|gyrA|gyrA_p.D94H,0.03340395,Rv0006,gyrA
Rv0006_gyrA.fasta,Rv0006|gyrA|gyrA_p.D94Y,0.03306809,Rv0006,gyrA
Rv0006_gyrA.fasta,Rv0006|gyrA|gyrA_p.D94Y,0.03306809,Rv0006,gyrA
Rv0006_gyrA.fasta,Rv0006|gyrA|gyrA_p.G88A,0.01679099,Rv0006,gyrA
Rv0006_gyrA.fasta,Rv0006|gyrA|gyrA_p.G88A,0.01679099,Rv0006,gyrA
Rv0006_gyrA.fasta,Rv0006|gyrA|gyrA_p.G88A,0.01679099,Rv0006,gyrA
Rv0006_gyrA.fasta,Rv0006|gyrA|gyrA_p.G88A,0.01679099,Rv0006,gyrA
Rv0006_gyrA.fasta,Rv0006|gyrA|gyrA_p.G88C,0.06797354,Rv0006,gyrA
Rv0006_gyrA.fasta,Rv0006|gyrA|gyrA_p.G88C,0.06797354,Rv0006,gyrA
Rv0006_gyrA.fasta,Rv0006|gyrA|gyrA_p.S91P,0.021954851,Rv0006,gyrA
Rv0006_gyrA.fasta,Rv0006|gyrA|gyrA_p.S91P,0.021954851,Rv0006,gyrA
Rv0006_gyrA.fasta,Rv0006|gyrA|gyrA_p.S91P,0.021954851,Rv0006,gyrA
Rv0006_gyrA.fasta,Rv0006|gyrA|gyrA_p.S91P,0.021954851,Rv0006,gyrA
Rv0006_gyrA.fasta,Rv0006|gyrA|gyrA_p.S91P,0.021954851,Rv0006,gyrA
Rv0006_gyrA.fasta,Rv0006|gyrA|gyrA_p.S91P,0.021954851,Rv0006,gyrA
Rv0006_gyrA.fasta,Rv0006|gyrA|gyrA_p.S91P,0.021954851,Rv0006,gyrA
Rv0006_gyrA.fasta,Rv0006|gyrA|gyrA_p.A90V,0.019235695,Rv0006,gyrA
Rv0006_gyrA.fasta,Rv0006|gyrA|gyrA_p.A90V,0.019235695,Rv0006,gyrA
Rv0006_gyrA.fasta,Rv0006|gyrA|gyrA_p.A90V,0.019235695,Rv0006,gyrA
Rv0006_gyrA.fasta,Rv0006|gyrA|gyrA_p.A90V,0.019235695,Rv0006,gyrA
Rv0006_gyrA.fasta,Rv0006|gyrA|gyrA_p.A90V,0.019235695,Rv0006,gyrA
Rv0006_gyrA.fasta,Rv0006|gyrA|gyrA_p.A90V,0.019235695,Rv0006,gyrA
Rv0006_gyrA.fasta,Rv0006|gyrA|gyrA_p.A90V,0.019235695,Rv0006,gyrA
Rv0006_gyrA.fasta,Rv0006|gyrA|gyrA_p.D89N,0.019091131,Rv0006,gyrA
Rv0006_gyrA.fasta,Rv0006|gyrA|gyrA_p.D89N,0.019091131,Rv0006,gyrA
Rv0006_gyrA.fasta,Rv0006|gyrA|gyrA_p.D94A,0.022394208,Rv0006,gyrA
Rv0006_gyrA.fasta,Rv0006|gyrA|gyrA_p.D94A,0.022394208,Rv0006,gyrA
Rv0006_gyrA.fasta,Rv0006|gyrA|gyrA_p.D94A,0.022394208,Rv0006,gyrA
Rv0006_gyrA.fasta,Rv0006|gyrA|gyrA_p.D94A,0.022394208,Rv0006,gyrA
Rv0006_gyrA.fasta,Rv0006|gyrA|gyrA_p.D94A,0.022394208,Rv0006,gyrA
Rv0006_gyrA.fasta,Rv0006|gyrA|gyrA_p.D94A,0.022394208,Rv0006,gyrA
Rv0006_gyrA.fasta,Rv0006|gyrA|gyrA_p.D94N,0.023391752,Rv0006,gyrA
Rv0006_gyrA.fasta,Rv0006|gyrA|gyrA_p.D94N,0.023391752,Rv0006,gyrA
Rv0006_gyrA.fasta,Rv0006|gyrA|gyrA_p.D94G,0.026952859,Rv0006,gyrA
Rv0006_gyrA.fasta,Rv0006|gyrA|gyrA_p.D94G,0.026952859,Rv0006,gyrA
Rv0006_gyrA.fasta,Rv0006|gyrA|gyrA_p.D94G,0.026952859,Rv0006,gyrA
Rv0006_gyrA.fasta,Rv0006|gyrA|gyrA_p.D94G,0.026952859,Rv0006,gyrA
Rv0006_gyrA.fasta,Rv0006|gyrA|gyrA_p.D94G,0.026952859,Rv0006,gyrA
Rv0006_gyrA.fasta,Rv0006|gyrA|gyrA_p.D94H,0.03340395,Rv0006,gyrA
Rv0006_gyrA.fasta,Rv0006|gyrA|gyrA_p.D94H,0.03340395,Rv0006,gyrA
Rv0006_gyrA.fasta,Rv0006|gyrA|gyrA_p.D94Y,0.03306809,Rv0006,gyrA
Rv0006_gyrA.fasta,Rv0006|gyrA|gyrA_p.D94Y,0.03306809,Rv0006,gyrA
Rv0006_gyrA.fasta,Rv0006|gyrA|gyrA_p.G88A,0.01679099,Rv0006,gyrA
Rv0006_gyrA.fasta,Rv0006|gyrA|gyrA_p.G88A,0.01679099,Rv0006,gyrA
Rv0006_gyrA.fasta,Rv0006|gyrA|gyrA_p.G88A,0.01679099,Rv0006,gyrA
Rv0006_gyrA.fasta,Rv0006|gyrA|gyrA_p.G88A,0.01679099,Rv0006,gyrA
Rv0006_gyrA.fasta,Rv0006|gyrA|gyrA_p.G88C,0.06797354,Rv0006,gyrA
Rv0006_gyrA.fasta,Rv0006|gyrA|gyrA_p.G88C,0.06797354,Rv0006,gyrA
Rv0006_gyrA.fasta,Rv0006|gyrA|gyrA_p.S91P,0.021954851,Rv0006,gyrA
Rv0006_gyrA.fasta,Rv0006|gyrA|gyrA_p.S91P,0.021954851,Rv0006,gyrA
Rv0006_gyrA.fasta,Rv0006|gyrA|gyrA_p.S91P,0.021954851,Rv0006,gyrA
Rv0006_gyrA.fasta,Rv0006|gyrA|gyrA_p.S91P,0.021954851,Rv0006,gyrA
Rv0006_gyrA.fasta,Rv0006|gyrA|gyrA_p.S91P,0.021954851,Rv0006,gyrA
Rv0006_gyrA.fasta,Rv0006|gyrA|gyrA_p.S91P,0.021954851,Rv0006,gyrA
Rv0006_gyrA.fasta,Rv0006|gyrA|gyrA_p.S91P,0.021954851,Rv0006,gyrA
Rv0667_rpoB.fasta,Rv0667|rpoB|rpoB_p.A451G,0.02966595,Rv0667,rpoB
Rv0667_rpoB.fasta,Rv0667|rpoB|rpoB_p.A451G,0.02966595,Rv0667,rpoB
Rv0667_rpoB.fasta,Rv0667|rpoB|rpoB_p.A451G,0.02966595,Rv0667,rpoB
Rv0667_rpoB.fasta,Rv0667|rpoB|rpoB_p.A451G,0.02966595,Rv0667,rpoB
Rv0667_rpoB.fasta,Rv0667|rpoB|rpoB_p.A451G,0.02966595,Rv0667,rpoB
Rv0667_rpoB.fasta,Rv0667|rpoB|rpoB_p.A451G,0.02966595,Rv0667,rpoB
Rv0667_rpoB.fasta,Rv0667|rpoB|rpoB_p.A451V,0.022531576,Rv0667,rpoB
Rv0667_rpoB.fasta,Rv0667|rpoB|rpoB_p.A451V,0.022531576,Rv0667,rpoB
Rv0667_rpoB.fasta,Rv0667|rpoB|rpoB_p.A451V,0.022531576,Rv0667,rpoB
Rv0667_rpoB.fasta,Rv0667|rpoB|rpoB_p.A451V,0.022531576,Rv0667,rpoB
Rv0667_rpoB.fasta,Rv0667|rpoB|rpoB_p.R448Q,0.017624287,Rv0667,rpoB
Rv0667_rpoB.fasta,Rv0667|rpoB|rpoB_p.R448Q,0.017624287,Rv0667,rpoB
Rv0667_rpoB.fasta,Rv0667|rpoB|rpoB_p.R448L,0.027556442,Rv0667,rpoB
Rv0667_rpoB.fasta,Rv0667|rpoB|rpoB_p.R448L,0.027556442,Rv0667,rpoB
Rv0667_rpoB.fasta,Rv0667|rpoB|rpoB_p.R448L,0.027556442,Rv0667,rpoB
Rv0667_rpoB.fasta,Rv0667|rpoB|rpoB_p.R448L,0.027556442,Rv0667,rpoB
Rv0667_rpoB.fasta,Rv0667|rpoB|rpoB_p.R448L,0.027556442,Rv0667,rpoB
Rv0667_rpoB.fasta,Rv0667|rpoB|rpoB_p.R448L,0.027556442,Rv0667,rpoB
Rv0667_rpoB.fasta,Rv0667|rpoB|rpoB_p.R448K,0.017174784,Rv0667,rpoB
Rv0667_rpoB.fasta,Rv0667|rpoB|rpoB_p.R448K,0.017174784,Rv0667,rpoB
Rv0667_rpoB.fasta,Rv0667|rpoB|rpoB_p.N437D,0.017047374,Rv0667,rpoB
Rv0667_rpoB.fasta,Rv0667|rpoB|rpoB_p.N437D,0.017047374,Rv0667,rpoB
Rv0667_rpoB.fasta,Rv0667|rpoB|rpoB_p.N437H,0.027642053,Rv0667,rpoB
Rv0667_rpoB.fasta,Rv0667|rpoB|rpoB_p.N437H,0.027642053,Rv0667,rpoB
Rv0667_rpoB.fasta,Rv0667|rpoB|rpoB_p.N437I,0.023146907,Rv0667,rpoB
Rv0667_rpoB.fasta,Rv0667|rpoB|rpoB_p.N437I,0.023146907,Rv0667,rpoB
Rv0667_rpoB.fasta,Rv0667|rpoB|rpoB_p.N437I,0.023146907,Rv0667,rpoB
Rv0667_rpoB.fasta,Rv0667|rpoB|rpoB_p.N437S,0.020705566,Rv0667,rpoB
Rv0667_rpoB.fasta,Rv0667|rpoB|rpoB_p.N437S,0.020705566,Rv0667,rpoB
Rv0667_rpoB.fasta,Rv0667|rpoB|rpoB_p.N437S,0.020705566,Rv0667,rpoB
Rv0667_rpoB.fasta,Rv0667|rpoB|rpoB_p.N437S,0.020705566,Rv0667,rpoB
Rv0667_rpoB.fasta,Rv0667|rpoB|rpoB_p.N437S,0.020705566,Rv0667,rpoB
Rv0667_rpoB.fasta,Rv0667|rpoB|rpoB_p.N437S,0.020705566,Rv0667,rpoB
Rv0667_rpoB.fasta,Rv0667|rpoB|rpoB_p.N437Y,0.02924735,Rv0667,rpoB
Rv0667_rpoB.fasta,Rv0667|rpoB|rpoB_p.N437Y,0.02924735,Rv0667,rpoB
Rv0667_rpoB.fasta,Rv0667|rpoB|rpoB_p.N437Y,0.02924735,Rv0667,rpoB
Rv0667_rpoB.fasta,Rv0667|rpoB|rpoB_p.N438H,0.021448685,Rv0667,rpoB
Rv0667_rpoB.fasta,Rv0667|rpoB|rpoB_p.N438H,0.021448685,Rv0667,rpoB
Rv0667_rpoB.fasta,Rv0667|rpoB|rpoB_p.D435A,0.024133822,Rv0667,rpoB
Rv0667_rpoB.fasta,Rv0667|rpoB|rpoB_p.D435A,0.024133822,Rv0667,rpoB
Rv0667_rpoB.fasta,Rv0667|rpoB|rpoB_p.D435A,0.024133822,Rv0667,rpoB
Rv0667_rpoB.fasta,Rv0667|rpoB|rpoB_p.D435A,0.024133822,Rv0667,rpoB
Rv0667_rpoB.fasta,Rv0667|rpoB|rpoB_p.D435A,0.024133822,Rv0667,rpoB
Rv0667_rpoB.fasta,Rv0667|rpoB|rpoB_p.D435N,0.01715467,Rv0667,rpoB
Rv0667_rpoB.fasta,Rv0667|rpoB|rpoB_p.D435N,0.01715467,Rv0667,rpoB
Rv0667_rpoB.fasta,Rv0667|rpoB|rpoB_p.D435E,0.015337039,Rv0667,rpoB
Rv0667_rpoB.fasta,Rv0667|rpoB|rpoB_p.D435E,0.015337039,Rv0667,rpoB
Rv0667_rpoB.fasta,Rv0667|rpoB|rpoB_p.D435G,0.022276837,Rv0667,rpoB
Rv0667_rpoB.fasta,Rv0667|rpoB|rpoB_p.D435G,0.022276837,Rv0667,rpoB
Rv0667_rpoB.fasta,Rv0667|rpoB|rpoB_p.D435G,0.022276837,Rv0667,rpoB
Rv0667_rpoB.fasta,Rv0667|rpoB|rpoB_p.D435G,0.022276837,Rv0667,rpoB
Rv0667_rpoB.fasta,Rv0667|rpoB|rpoB_p.D435G,0.022276837,Rv0667,rpoB
Rv0667_rpoB.fasta,Rv0667|rpoB|rpoB_p.D435G,0.022276837,Rv0667,rpoB
Rv0667_rpoB.fasta,Rv0667|rpoB|rpoB_p.D435G,0.022276837,Rv0667,rpoB
Rv0667_rpoB.fasta,Rv0667|rpoB|rpoB_p.D435H,0.027572654,Rv0667,rpoB
Rv0667_rpoB.fasta,Rv0667|rpoB|rpoB_p.D435H,0.027572654,Rv0667,rpoB
Rv0667_rpoB.fasta,Rv0667|rpoB|rpoB_p.D435L,0.032628156,Rv0667,rpoB
Rv0667_rpoB.fasta,Rv0667|rpoB|rpoB_p.D435L,0.032628156,Rv0667,rpoB
Rv0667_rpoB.fasta,Rv0667|rpoB|rpoB_p.D435L,0.032628156,Rv0667,rpoB
Rv0667_rpoB.fasta,Rv0667|rpoB|rpoB_p.D435L,0.032628156,Rv0667,rpoB
Rv0667_rpoB.fasta,Rv0667|rpoB|rpoB_p.D435L,0.032628156,Rv0667,rpoB
Rv0667_rpoB.fasta,Rv0667|rpoB|rpoB_p.D435L,0.032628156,Rv0667,rpoB
Rv0667_rpoB.fasta,Rv0667|rpoB|rpoB_p.D435F,0.03514084,Rv0667,rpoB
Rv0667_rpoB.fasta,Rv0667|rpoB|rpoB_p.D435F,0.03514084,Rv0667,rpoB
Rv0667_rpoB.fasta,Rv0667|rpoB|rpoB_p.D435Y,0.03470979,Rv0667,rpoB
Rv0667_rpoB.fasta,Rv0667|rpoB|rpoB_p.D435Y,0.03470979,Rv0667,rpoB
Rv0667_rpoB.fasta,Rv0667|rpoB|rpoB_p.D435Y,0.03470979,Rv0667,rpoB
Rv0667_rpoB.fasta,Rv0667|rpoB|rpoB_p.D435Y,0.03470979,Rv0667,rpoB
Rv0667_rpoB.fasta,Rv0667|rpoB|rpoB_p.D435Y,0.03470979,Rv0667,rpoB
Rv0667_rpoB.fasta,Rv0667|rpoB|rpoB_p.D435Y,0.03470979,Rv0667,rpoB
Rv0667_rpoB.fasta,Rv0667|rpoB|rpoB_p.D435V,0.031565305,Rv0667,rpoB
Rv0667_rpoB.fasta,Rv0667|rpoB|rpoB_p.D435V,0.031565305,Rv0667,rpoB
Rv0667_rpoB.fasta,Rv0667|rpoB|rpoB_p.D435V,0.031565305,Rv0667,rpoB
Rv0667_rpoB.fasta,Rv0667|rpoB|rpoB_p.D435V,0.031565305,Rv0667,rpoB
Rv0667_rpoB.fasta,Rv0667|rpoB|rpoB_p.Q429H,0.024273561,Rv0667,rpoB
Rv0667_rpoB.fasta,Rv0667|rpoB|rpoB_p.Q429H,0.024273561,Rv0667,rpoB
Rv0667_rpoB.fasta,Rv0667|rpoB|rpoB_p.Q429H,0.024273561,Rv0667,rpoB
Rv0667_rpoB.fasta,Rv0667|rpoB|rpoB_p.Q429L,0.022510923,Rv0667,rpoB
Rv0667_rpoB.fasta,Rv0667|rpoB|rpoB_p.Q429L,0.022510923,Rv0667,rpoB
Rv0667_rpoB.fasta,Rv0667|rpoB|rpoB_p.Q429L,0.022510923,Rv0667,rpoB
Rv0667_rpoB.fasta,Rv0667|rpoB|rpoB_p.Q429L,0.022510923,Rv0667,rpoB
Rv0667_rpoB.fasta,Rv0667|rpoB|rpoB_p.Q429L,0.022510923,Rv0667,rpoB
Rv0667_rpoB.fasta,Rv0667|rpoB|rpoB_p.Q429L,0.022510923,Rv0667,rpoB
Rv0667_rpoB.fasta,Rv0667|rpoB|rpoB_p.Q429P,0.020367336,Rv0667,rpoB
Rv0667_rpoB.fasta,Rv0667|rpoB|rpoB_p.Q429P,0.020367336,Rv0667,rpoB
Rv0667_rpoB.fasta,Rv0667|rpoB|rpoB_p.Q429P,0.020367336,Rv0667,rpoB
Rv0667_rpoB.fasta,Rv0667|rpoB|rpoB_p.Q429P,0.020367336,Rv0667,rpoB
Rv0667_rpoB.fasta,Rv0667|rpoB|rpoB_p.Q432N,0.017896118,Rv0667,rpoB
Rv0667_rpoB.fasta,Rv0667|rpoB|rpoB_p.Q432N,0.017896118,Rv0667,rpoB
Rv0667_rpoB.fasta,Rv0667|rpoB|rpoB_p.Q432E,0.02141724,Rv0667,rpoB
Rv0667_rpoB.fasta,Rv0667|rpoB|rpoB_p.Q432E,0.02141724,Rv0667,rpoB
Rv0667_rpoB.fasta,Rv0667|rpoB|rpoB_p.Q432H,0.025633063,Rv0667,rpoB
Rv0667_rpoB.fasta,Rv0667|rpoB|rpoB_p.Q432H,0.025633063,Rv0667,rpoB
Rv0667_rpoB.fasta,Rv0667|rpoB|rpoB_p.Q432L,0.03499948,Rv0667,rpoB
Rv0667_rpoB.fasta,Rv0667|rpoB|rpoB_p.Q432L,0.03499948,Rv0667,rpoB
Rv0667_rpoB.fasta,Rv0667|rpoB|rpoB_p.Q432L,0.03499948,Rv0667,rpoB
Rv0667_rpoB.fasta,Rv0667|rpoB|rpoB_p.Q432L,0.03499948,Rv0667,rpoB
Rv0667_rpoB.fasta,Rv0667|rpoB|rpoB_p.Q432L,0.03499948,Rv0667,rpoB
Rv0667_rpoB.fasta,Rv0667|rpoB|rpoB_p.Q432L,0.03499948,Rv0667,rpoB
Rv0667_rpoB.fasta,Rv0667|rpoB|rpoB_p.Q432K,0.02408912,Rv0667,rpoB
Rv0667_rpoB.fasta,Rv0667|rpoB|rpoB_p.Q432K,0.02408912,Rv0667,rpoB
Rv0667_rpoB.fasta,Rv0667|rpoB|rpoB_p.Q432P,0.021499606,Rv0667,rpoB
Rv0667_rpoB.fasta,Rv0667|rpoB|rpoB_p.Q432P,0.021499606,Rv0667,rpoB
Rv0667_rpoB.fasta,Rv0667|rpoB|rpoB_p.Q432P,0.021499606,Rv0667,rpoB
Rv0667_rpoB.fasta,Rv0667|rpoB|rpoB_p.Q432P,0.021499606,Rv0667,rpoB
Rv0667_rpoB.fasta,Rv0667|rpoB|rpoB_p.Q436R,0.020239916,Rv0667,rpoB
Rv0667_rpoB.fasta,Rv0667|rpoB|rpoB_p.Q436R,0.020239916,Rv0667,rpoB
Rv0667_rpoB.fasta,Rv0667|rpoB|rpoB_p.Q436R,0.020239916,Rv0667,rpoB
Rv0667_rpoB.fasta,Rv0667|rpoB|rpoB_p.Q436R,0.020239916,Rv0667,rpoB
Rv0667_rpoB.fasta,Rv0667|rpoB|rpoB_p.Q436R,0.020239916,Rv0667,rpoB
Rv0667_rpoB.fasta,Rv0667|rpoB|rpoB_p.Q436R,0.020239916,Rv0667,rpoB
Rv0667_rpoB.fasta,Rv0667|rpoB|rpoB_p.Q436N,0.01904884,Rv0667,rpoB
Rv0667_rpoB.fasta,Rv0667|rpoB|rpoB_p.Q436N,0.01904884,Rv0667,rpoB
Rv0667_rpoB.fasta,Rv0667|rpoB|rpoB_p.Q436N,0.01904884,Rv0667,rpoB
Rv0667_rpoB.fasta,Rv0667|rpoB|rpoB_p.Q436P,0.026373811,Rv0667,rpoB
Rv0667_rpoB.fasta,Rv0667|rpoB|rpoB_p.Q436P,0.026373811,Rv0667,rpoB
Rv0667_rpoB.fasta,Rv0667|rpoB|rpoB_p.Q436P,0.026373811,Rv0667,rpoB
Rv0667_rpoB.fasta,Rv0667|rpoB|rpoB_p.Q436P,0.026373811,Rv0667,rpoB
Rv0667_rpoB.fasta,Rv0667|rpoB|rpoB_p.G426S,0.02339735,Rv0667,rpoB
Rv0667_rpoB.fasta,Rv0667|rpoB|rpoB_p.G426S,0.02339735,Rv0667,rpoB
Rv0667_rpoB.fasta,Rv0667|rpoB|rpoB_p.G426S,0.02339735,Rv0667,rpoB
Rv0667_rpoB.fasta,Rv0667|rpoB|rpoB_p.G426S,0.02339735,Rv0667,rpoB
Rv0667_rpoB.fasta,Rv0667|rpoB|rpoB_p.G426S,0.02339735,Rv0667,rpoB
Rv0667_rpoB.fasta,Rv0667|rpoB|rpoB_p.G426S,0.02339735,Rv0667,rpoB
Rv0667_rpoB.fasta,Rv0667|rpoB|rpoB_p.G442E,0.015802035,Rv0667,rpoB
Rv0667_rpoB.fasta,Rv0667|rpoB|rpoB_p.G442E,0.015802035,Rv0667,rpoB
Rv0667_rpoB.fasta,Rv0667|rpoB|rpoB_p.G442E,0.015802035,Rv0667,rpoB
Rv0667_rpoB.fasta,Rv0667|rpoB|rpoB_p.H445R,0.02241214,Rv0667,rpoB
Rv0667_rpoB.fasta,Rv0667|rpoB|rpoB_p.H445R,0.02241214,Rv0667,rpoB
Rv0667_rpoB.fasta,Rv0667|rpoB|rpoB_p.H445R,0.02241214,Rv0667,rpoB
Rv0667_rpoB.fasta,Rv0667|rpoB|rpoB_p.H445R,0.02241214,Rv0667,rpoB
Rv0667_rpoB.fasta,Rv0667|rpoB|rpoB_p.H445R,0.02241214,Rv0667,rpoB
Rv0667_rpoB.fasta,Rv0667|rpoB|rpoB_p.H445R,0.02241214,Rv0667,rpoB
Rv0667_rpoB.fasta,Rv0667|rpoB|rpoB_p.H445N,0.021869192,Rv0667,rpoB
Rv0667_rpoB.fasta,Rv0667|rpoB|rpoB_p.H445N,0.021869192,Rv0667,rpoB
Rv0667_rpoB.fasta,Rv0667|rpoB|rpoB_p.H445D,0.023949377,Rv0667,rpoB
Rv0667_rpoB.fasta,Rv0667|rpoB|rpoB_p.H445D,0.023949377,Rv0667,rpoB
Rv0667_rpoB.fasta,Rv0667|rpoB|rpoB_p.H445C,0.04710204,Rv0667,rpoB
Rv0667_rpoB.fasta,Rv0667|rpoB|rpoB_p.H445C,0.04710204,Rv0667,rpoB
Rv0667_rpoB.fasta,Rv0667|rpoB|rpoB_p.H445Q,0.02302697,Rv0667,rpoB
Rv0667_rpoB.fasta,Rv0667|rpoB|rpoB_p.H445Q,0.02302697,Rv0667,rpoB
Rv0667_rpoB.fasta,Rv0667|rpoB|rpoB_p.H445Q,0.02302697,Rv0667,rpoB
Rv0667_rpoB.fasta,Rv0667|rpoB|rpoB_p.H445G,0.02371067,Rv0667,rpoB
Rv0667_rpoB.fasta,Rv0667|rpoB|rpoB_p.H445G,0.02371067,Rv0667,rpoB
Rv0667_rpoB.fasta,Rv0667|rpoB|rpoB_p.H445G,0.02371067,Rv0667,rpoB
Rv0667_rpoB.fasta,Rv0667|rpoB|rpoB_p.H445G,0.02371067,Rv0667,rpoB
Rv0667_rpoB.fasta,Rv0667|rpoB|rpoB_p.H445L,0.029691312,Rv0667,rpoB
Rv0667_rpoB.fasta,Rv0667|rpoB|rpoB_p.H445L,0.029691312,Rv0667,rpoB
Rv0667_rpoB.fasta,Rv0667|rpoB|rpoB_p.H445L,0.029691312,Rv0667,rpoB
Rv0667_rpoB.fasta,Rv0667|rpoB|rpoB_p.H445L,0.029691312,Rv0667,rpoB
Rv0667_rpoB.fasta,Rv0667|rpoB|rpoB_p.H445L,0.029691312,Rv0667,rpoB
Rv0667_rpoB.fasta,Rv0667|rpoB|rpoB_p.H445L,0.029691312,Rv0667,rpoB
Rv0667_rpoB.fasta,Rv0667|rpoB|rpoB_p.H445F,0.030240735,Rv0667,rpoB
Rv0667_rpoB.fasta,Rv0667|rpoB|rpoB_p.H445F,0.030240735,Rv0667,rpoB
Rv0667_rpoB.fasta,Rv0667|rpoB|rpoB_p.H445P,0.021609254,Rv0667,rpoB
Rv0667_rpoB.fasta,Rv0667|rpoB|rpoB_p.H445P,0.021609254,Rv0667,rpoB
Rv0667_rpoB.fasta,Rv0667|rpoB|rpoB_p.H445P,0.021609254,Rv0667,rpoB
Rv0667_rpoB.fasta,Rv0667|rpoB|rpoB_p.H445P,0.021609254,Rv0667,rpoB
Rv0667_rpoB.fasta,Rv0667|rpoB|rpoB_p.H445P,0.021609254,Rv0667,rpoB
Rv0667_rpoB.fasta,Rv0667|rpoB|rpoB_p.H445S,0.02195852,Rv0667,rpoB
Rv0667_rpoB.fasta,Rv0667|rpoB|rpoB_p.H445S,0.02195852,Rv0667,rpoB
Rv0667_rpoB.fasta,Rv0667|rpoB|rpoB_p.H445S,0.02195852,Rv0667,rpoB
Rv0667_rpoB.fasta,Rv0667|rpoB|rpoB_p.H445S,0.02195852,Rv0667,rpoB
Rv0667_rpoB.fasta,Rv0667|rpoB|rpoB_p.H445S,0.02195852,Rv0667,rpoB
Rv0667_rpoB.fasta,Rv0667|rpoB|rpoB_p.H445S,0.02195852,Rv0667,rpoB
Rv0667_rpoB.fasta,Rv0667|rpoB|rpoB_p.H445S,0.02195852,Rv0667,rpoB
Rv0667_rpoB.fasta,Rv0667|rpoB|rpoB_p.H445S,0.02195852,Rv0667,rpoB
Rv0667_rpoB.fasta,Rv0667|rpoB|rpoB_p.H445T,0.019630952,Rv0667,rpoB
Rv0667_rpoB.fasta,Rv0667|rpoB|rpoB_p.H445T,0.019630952,Rv0667,rpoB
Rv0667_rpoB.fasta,Rv0667|rpoB|rpoB_p.H445T,0.019630952,Rv0667,rpoB
Rv0667_rpoB.fasta,Rv0667|rpoB|rpoB_p.H445T,0.019630952,Rv0667,rpoB
Rv0667_rpoB.fasta,Rv0667|rpoB|rpoB_p.H445Y,0.02732241,Rv0667,rpoB
Rv0667_rpoB.fasta,Rv0667|rpoB|rpoB_p.H445Y,0.02732241,Rv0667,rpoB
Rv0667_rpoB.fasta,Rv0667|rpoB|rpoB_p.H445Y,0.02732241,Rv0667,rpoB
Rv0667_rpoB.fasta,Rv0667|rpoB|rpoB_p.I491F,0.024606025,Rv0667,rpoB
Rv0667_rpoB.fasta,Rv0667|rpoB|rpoB_p.I491F,0.024606025,Rv0667,rpoB
Rv0667_rpoB.fasta,Rv0667|rpoB|rpoB_p.I491F,0.024606025,Rv0667,rpoB
Rv0667_rpoB.fasta,Rv0667|rpoB|rpoB_p.L430R,0.020983005,Rv0667,rpoB
Rv0667_rpoB.fasta,Rv0667|rpoB|rpoB_p.L430R,0.020983005,Rv0667,rpoB
Rv0667_rpoB.fasta,Rv0667|rpoB|rpoB_p.L430R,0.020983005,Rv0667,rpoB
Rv0667_rpoB.fasta,Rv0667|rpoB|rpoB_p.L430R,0.020983005,Rv0667,rpoB
Rv0667_rpoB.fasta,Rv0667|rpoB|rpoB_p.L430R,0.020983005,Rv0667,rpoB
Rv0667_rpoB.fasta,Rv0667|rpoB|rpoB_p.L430R,0.020983005,Rv0667,rpoB
Rv0667_rpoB.fasta,Rv0667|rpoB|rpoB_p.L430R,0.020983005,Rv0667,rpoB
Rv0667_rpoB.fasta,Rv0667|rpoB|rpoB_p.L430P,0.02377023,Rv0667,rpoB
Rv0667_rpoB.fasta,Rv0667|rpoB|rpoB_p.L430P,0.02377023,Rv0667,rpoB
Rv0667_rpoB.fasta,Rv0667|rpoB|rpoB_p.L430P,0.02377023,Rv0667,rpoB
Rv0667_rpoB.fasta,Rv0667|rpoB|rpoB_p.L430P,0.02377023,Rv0667,rpoB
Rv0667_rpoB.fasta,Rv0667|rpoB|rpoB_p.L430P,0.02377023,Rv0667,rpoB
Rv0667_rpoB.fasta,Rv0667|rpoB|rpoB_p.L430P,0.02377023,Rv0667,rpoB
Rv0667_rpoB.fasta,Rv0667|rpoB|rpoB_p.L443F,0.017079141,Rv0667,rpoB
Rv0667_rpoB.fasta,Rv0667|rpoB|rpoB_p.L443F,0.017079141,Rv0667,rpoB
Rv0667_rpoB.fasta,Rv0667|rpoB|rpoB_p.L443S,0.019325538,Rv0667,rpoB
Rv0667_rpoB.fasta,Rv0667|rpoB|rpoB_p.L443S,0.019325538,Rv0667,rpoB
Rv0667_rpoB.fasta,Rv0667|rpoB|rpoB_p.L443S,0.019325538,Rv0667,rpoB
Rv0667_rpoB.fasta,Rv0667|rpoB|rpoB_p.L443S,0.019325538,Rv0667,rpoB
Rv0667_rpoB.fasta,Rv0667|rpoB|rpoB_p.L443S,0.019325538,Rv0667,rpoB
Rv0667_rpoB.fasta,Rv0667|rpoB|rpoB_p.L443S,0.019325538,Rv0667,rpoB
Rv0667_rpoB.fasta,Rv0667|rpoB|rpoB_p.L443W,0.03933401,Rv0667,rpoB
Rv0667_rpoB.fasta,Rv0667|rpoB|rpoB_p.L443W,0.03933401,Rv0667,rpoB
Rv0667_rpoB.fasta,Rv0667|rpoB|rpoB_p.L449M,0.024255415,Rv0667,rpoB
Rv0667_rpoB.fasta,Rv0667|rpoB|rpoB_p.L452M,0.022627207,Rv0667,rpoB
Rv0667_rpoB.fasta,Rv0667|rpoB|rpoB_p.L452P,0.033251934,Rv0667,rpoB
Rv0667_rpoB.fasta,Rv0667|rpoB|rpoB_p.L452P,0.033251934,Rv0667,rpoB
Rv0667_rpoB.fasta,Rv0667|rpoB|rpoB_p.L452P,0.033251934,Rv0667,rpoB
Rv0667_rpoB.fasta,Rv0667|rpoB|rpoB_p.L452P,0.033251934,Rv0667,rpoB
Rv0667_rpoB.fasta,Rv0667|rpoB|rpoB_p.L452V,0.014859588,Rv0667,rpoB
Rv0667_rpoB.fasta,Rv0667|rpoB|rpoB_p.L452V,0.014859588,Rv0667,rpoB
Rv0667_rpoB.fasta,Rv0667|rpoB|rpoB_p.L452V,0.014859588,Rv0667,rpoB
Rv0667_rpoB.fasta,Rv0667|rpoB|rpoB_p.L452V,0.014859588,Rv0667,rpoB
Rv0667_rpoB.fasta,Rv0667|rpoB|rpoB_p.K446R,0.020858351,Rv0667,rpoB
Rv0667_rpoB.fasta,Rv0667|rpoB|rpoB_p.K446R,0.020858351,Rv0667,rpoB
Rv0667_rpoB.fasta,Rv0667|rpoB|rpoB_p.K446R,0.020858351,Rv0667,rpoB
Rv0667_rpoB.fasta,Rv0667|rpoB|rpoB_p.K446R,0.020858351,Rv0667,rpoB
Rv0667_rpoB.fasta,Rv0667|rpoB|rpoB_p.K446R,0.020858351,Rv0667,rpoB
Rv0667_rpoB.fasta,Rv0667|rpoB|rpoB_p.K446R,0.020858351,Rv0667,rpoB
Rv0667_rpoB.fasta,Rv0667|rpoB|rpoB_p.K446R,0.020858351,Rv0667,rpoB
Rv0667_rpoB.fasta,Rv0667|rpoB|rpoB_p.K446Q,0.022164395,Rv0667,rpoB
Rv0667_rpoB.fasta,Rv0667|rpoB|rpoB_p.K446Q,0.022164395,Rv0667,rpoB
Rv0667_rpoB.fasta,Rv0667|rpoB|rpoB_p.K446Q,0.022164395,Rv0667,rpoB
Rv0667_rpoB.fasta,Rv0667|rpoB|rpoB_p.K446Q,0.022164395,Rv0667,rpoB
Rv0667_rpoB.fasta,Rv0667|rpoB|rpoB_p.K446Q,0.022164395,Rv0667,rpoB
Rv0667_rpoB.fasta,Rv0667|rpoB|rpoB_p.K446E,0.027028305,Rv0667,rpoB
Rv0667_rpoB.fasta,Rv0667|rpoB|rpoB_p.K446E,0.027028305,Rv0667,rpoB
Rv0667_rpoB.fasta,Rv0667|rpoB|rpoB_p.K446T,0.018377952,Rv0667,rpoB
Rv0667_rpoB.fasta,Rv0667|rpoB|rpoB_p.K446T,0.018377952,Rv0667,rpoB
Rv0667_rpoB.fasta,Rv0667|rpoB|rpoB_p.K446T,0.018377952,Rv0667,rpoB
Rv0667_rpoB.fasta,Rv0667|rpoB|rpoB_p.K446T,0.018377952,Rv0667,rpoB
Rv0667_rpoB.fasta,Rv0667|rpoB|rpoB_p.M434R,0.026743518,Rv0667,rpoB
Rv0667_rpoB.fasta,Rv0667|rpoB|rpoB_p.M434R,0.026743518,Rv0667,rpoB
Rv0667_rpoB.fasta,Rv0667|rpoB|rpoB_p.M434R,0.026743518,Rv0667,rpoB
Rv0667_rpoB.fasta,Rv0667|rpoB|rpoB_p.M434R,0.026743518,Rv0667,rpoB
Rv0667_rpoB.fasta,Rv0667|rpoB|rpoB_p.M434R,0.026743518,Rv0667,rpoB
Rv0667_rpoB.fasta,Rv0667|rpoB|rpoB_p.M434R,0.026743518,Rv0667,rpoB
Rv0667_rpoB.fasta,Rv0667|rpoB|rpoB_p.M434R,0.026743518,Rv0667,rpoB
Rv0667_rpoB.fasta,Rv0667|rpoB|rpoB_p.M434I,0.024161162,Rv0667,rpoB
Rv0667_rpoB.fasta,Rv0667|rpoB|rpoB_p.M434I,0.024161162,Rv0667,rpoB
Rv0667_rpoB.fasta,Rv0667|rpoB|rpoB_p.M434I,0.024161162,Rv0667,rpoB
Rv0667_rpoB.fasta,Rv0667|rpoB|rpoB_p.M434I,0.024161162,Rv0667,rpoB
Rv0667_rpoB.fasta,Rv0667|rpoB|rpoB_p.M434I,0.024161162,Rv0667,rpoB
Rv0667_rpoB.fasta,Rv0667|rpoB|rpoB_p.M434I,0.024161162,Rv0667,rpoB
Rv0667_rpoB.fasta,Rv0667|rpoB|rpoB_p.M434I,0.024161162,Rv0667,rpoB
Rv0667_rpoB.fasta,Rv0667|rpoB|rpoB_p.M434I,0.024161162,Rv0667,rpoB
Rv0667_rpoB.fasta,Rv0667|rpoB|rpoB_p.M434I,0.024161162,Rv0667,rpoB
Rv0667_rpoB.fasta,Rv0667|rpoB|rpoB_p.M434L,0.024689833,Rv0667,rpoB
Rv0667_rpoB.fasta,Rv0667|rpoB|rpoB_p.M434L,0.024689833,Rv0667,rpoB
Rv0667_rpoB.fasta,Rv0667|rpoB|rpoB_p.M434L,0.024689833,Rv0667,rpoB
Rv0667_rpoB.fasta,Rv0667|rpoB|rpoB_p.M434L,0.024689833,Rv0667,rpoB
Rv0667_rpoB.fasta,Rv0667|rpoB|rpoB_p.M434L,0.024689833,Rv0667,rpoB
Rv0667_rpoB.fasta,Rv0667|rpoB|rpoB_p.M434L,0.024689833,Rv0667,rpoB
Rv0667_rpoB.fasta,Rv0667|rpoB|rpoB_p.M434T,0.02509406,Rv0667,rpoB
Rv0667_rpoB.fasta,Rv0667|rpoB|rpoB_p.M434T,0.02509406,Rv0667,rpoB
Rv0667_rpoB.fasta,Rv0667|rpoB|rpoB_p.M434T,0.02509406,Rv0667,rpoB
Rv0667_rpoB.fasta,Rv0667|rpoB|rpoB_p.M434T,0.02509406,Rv0667,rpoB
Rv0667_rpoB.fasta,Rv0667|rpoB|rpoB_p.M434T,0.02509406,Rv0667,rpoB
Rv0667_rpoB.fasta,Rv0667|rpoB|rpoB_p.M434V,0.024480639,Rv0667,rpoB
Rv0667_rpoB.fasta,Rv0667|rpoB|rpoB_p.M434V,0.024480639,Rv0667,rpoB
Rv0667_rpoB.fasta,Rv0667|rpoB|rpoB_p.M434V,0.024480639,Rv0667,rpoB
Rv0667_rpoB.fasta,Rv0667|rpoB|rpoB_p.M434V,0.024480639,Rv0667,rpoB
Rv0667_rpoB.fasta,Rv0667|rpoB|rpoB_p.P439A,0.022023283,Rv0667,rpoB
Rv0667_rpoB.fasta,Rv0667|rpoB|rpoB_p.P439A,0.022023283,Rv0667,rpoB
Rv0667_rpoB.fasta,Rv0667|rpoB|rpoB_p.P439A,0.022023283,Rv0667,rpoB
Rv0667_rpoB.fasta,Rv0667|rpoB|rpoB_p.P439A,0.022023283,Rv0667,rpoB
Rv0667_rpoB.fasta,Rv0667|rpoB|rpoB_p.P439L,0.022198033,Rv0667,rpoB
Rv0667_rpoB.fasta,Rv0667|rpoB|rpoB_p.P439L,0.022198033,Rv0667,rpoB
Rv0667_rpoB.fasta,Rv0667|rpoB|rpoB_p.P439L,0.022198033,Rv0667,rpoB
Rv0667_rpoB.fasta,Rv0667|rpoB|rpoB_p.P439L,0.022198033,Rv0667,rpoB
Rv0667_rpoB.fasta,Rv0667|rpoB|rpoB_p.P439L,0.022198033,Rv0667,rpoB
Rv0667_rpoB.fasta,Rv0667|rpoB|rpoB_p.P439L,0.022198033,Rv0667,rpoB
Rv0667_rpoB.fasta,Rv0667|rpoB|rpoB_p.P439S,0.021359334,Rv0667,rpoB
Rv0667_rpoB.fasta,Rv0667|rpoB|rpoB_p.P439S,0.021359334,Rv0667,rpoB
Rv0667_rpoB.fasta,Rv0667|rpoB|rpoB_p.P439S,0.021359334,Rv0667,rpoB
Rv0667_rpoB.fasta,Rv0667|rpoB|rpoB_p.P439S,0.021359334,Rv0667,rpoB
Rv0667_rpoB.fasta,Rv0667|rpoB|rpoB_p.P439S,0.021359334,Rv0667,rpoB
Rv0667_rpoB.fasta,Rv0667|rpoB|rpoB_p.P439S,0.021359334,Rv0667,rpoB
Rv0667_rpoB.fasta,Rv0667|rpoB|rpoB_p.S428R,0.020761684,Rv0667,rpoB
Rv0667_rpoB.fasta,Rv0667|rpoB|rpoB_p.S428R,0.020761684,Rv0667,rpoB
Rv0667_rpoB.fasta,Rv0667|rpoB|rpoB_p.S428R,0.020761684,Rv0667,rpoB
Rv0667_rpoB.fasta,Rv0667|rpoB|rpoB_p.S428R,0.020761684,Rv0667,rpoB
Rv0667_rpoB.fasta,Rv0667|rpoB|rpoB_p.S428R,0.020761684,Rv0667,rpoB
Rv0667_rpoB.fasta,Rv0667|rpoB|rpoB_p.S428R,0.020761684,Rv0667,rpoB
Rv0667_rpoB.fasta,Rv0667|rpoB|rpoB_p.S428G,0.019866819,Rv0667,rpoB
Rv0667_rpoB.fasta,Rv0667|rpoB|rpoB_p.S428G,0.019866819,Rv0667,rpoB
Rv0667_rpoB.fasta,Rv0667|rpoB|rpoB_p.S428G,0.019866819,Rv0667,rpoB
Rv0667_rpoB.fasta,Rv0667|rpoB|rpoB_p.S428G,0.019866819,Rv0667,rpoB
Rv0667_rpoB.fasta,Rv0667|rpoB|rpoB_p.S428I,0.02696938,Rv0667,rpoB
Rv0667_rpoB.fasta,Rv0667|rpoB|rpoB_p.S428I,0.02696938,Rv0667,rpoB
Rv0667_rpoB.fasta,Rv0667|rpoB|rpoB_p.S428I,0.02696938,Rv0667,rpoB
Rv0667_rpoB.fasta,Rv0667|rpoB|rpoB_p.S428T,0.017386897,Rv0667,rpoB
Rv0667_rpoB.fasta,Rv0667|rpoB|rpoB_p.S428T,0.017386897,Rv0667,rpoB
Rv0667_rpoB.fasta,Rv0667|rpoB|rpoB_p.S428T,0.017386897,Rv0667,rpoB
Rv0667_rpoB.fasta,Rv0667|rpoB|rpoB_p.S428T,0.017386897,Rv0667,rpoB
Rv0667_rpoB.fasta,Rv0667|rpoB|rpoB_p.S431R,0.019538555,Rv0667,rpoB
Rv0667_rpoB.fasta,Rv0667|rpoB|rpoB_p.S431R,0.019538555,Rv0667,rpoB
Rv0667_rpoB.fasta,Rv0667|rpoB|rpoB_p.S431R,0.019538555,Rv0667,rpoB
Rv0667_rpoB.fasta,Rv0667|rpoB|rpoB_p.S431R,0.019538555,Rv0667,rpoB
Rv0667_rpoB.fasta,Rv0667|rpoB|rpoB_p.S431R,0.019538555,Rv0667,rpoB
Rv0667_rpoB.fasta,Rv0667|rpoB|rpoB_p.S431R,0.019538555,Rv0667,rpoB
Rv0667_rpoB.fasta,Rv0667|rpoB|rpoB_p.S431N,0.020782767,Rv0667,rpoB
Rv0667_rpoB.fasta,Rv0667|rpoB|rpoB_p.S431N,0.020782767,Rv0667,rpoB
Rv0667_rpoB.fasta,Rv0667|rpoB|rpoB_p.S431G,0.019573048,Rv0667,rpoB
Rv0667_rpoB.fasta,Rv0667|rpoB|rpoB_p.S431G,0.019573048,Rv0667,rpoB
Rv0667_rpoB.fasta,Rv0667|rpoB|rpoB_p.S431G,0.019573048,Rv0667,rpoB
Rv0667_rpoB.fasta,Rv0667|rpoB|rpoB_p.S431G,0.019573048,Rv0667,rpoB
Rv0667_rpoB.fasta,Rv0667|rpoB|rpoB_p.S431G,0.019573048,Rv0667,rpoB
Rv0667_rpoB.fasta,Rv0667|rpoB|rpoB_p.S431T,0.016212756,Rv0667,rpoB
Rv0667_rpoB.fasta,Rv0667|rpoB|rpoB_p.S431T,0.016212756,Rv0667,rpoB
Rv0667_rpoB.fasta,Rv0667|rpoB|rpoB_p.S431T,0.016212756,Rv0667,rpoB
Rv0667_rpoB.fasta,Rv0667|rpoB|rpoB_p.S431T,0.016212756,Rv0667,rpoB
Rv0667_rpoB.fasta,Rv0667|rpoB|rpoB_p.S431T,0.016212756,Rv0667,rpoB
Rv0667_rpoB.fasta,Rv0667|rpoB|rpoB_p.S431T,0.016212756,Rv0667,rpoB
Rv0667_rpoB.fasta,Rv0667|rpoB|rpoB_p.S441A,0.017950844,Rv0667,rpoB
Rv0667_rpoB.fasta,Rv0667|rpoB|rpoB_p.S441A,0.017950844,Rv0667,rpoB
Rv0667_rpoB.fasta,Rv0667|rpoB|rpoB_p.S441A,0.017950844,Rv0667,rpoB
Rv0667_rpoB.fasta,Rv0667|rpoB|rpoB_p.S441A,0.017950844,Rv0667,rpoB
Rv0667_rpoB.fasta,Rv0667|rpoB|rpoB_p.S441A,0.017950844,Rv0667,rpoB
Rv0667_rpoB.fasta,Rv0667|rpoB|rpoB_p.S441A,0.017950844,Rv0667,rpoB
Rv0667_rpoB.fasta,Rv0667|rpoB|rpoB_p.S441A,0.017950844,Rv0667,rpoB
Rv0667_rpoB.fasta,Rv0667|rpoB|rpoB_p.S441A,0.017950844,Rv0667,rpoB
Rv0667_rpoB.fasta,Rv0667|rpoB|rpoB_p.S441A,0.017950844,Rv0667,rpoB
Rv0667_rpoB.fasta,Rv0667|rpoB|rpoB_p.S441A,0.017950844,Rv0667,rpoB
Rv0667_rpoB.fasta,Rv0667|rpoB|rpoB_p.S441A,0.017950844,Rv0667,rpoB
Rv0667_rpoB.fasta,Rv0667|rpoB|rpoB_p.S441A,0.017950844,Rv0667,rpoB
Rv0667_rpoB.fasta,Rv0667|rpoB|rpoB_p.S441A,0.017950844,Rv0667,rpoB
Rv0667_rpoB.fasta,Rv0667|rpoB|rpoB_p.S441A,0.017950844,Rv0667,rpoB
Rv0667_rpoB.fasta,Rv0667|rpoB|rpoB_p.S441A,0.017950844,Rv0667,rpoB
Rv0667_rpoB.fasta,Rv0667|rpoB|rpoB_p.S441A,0.017950844,Rv0667,rpoB
Rv0667_rpoB.fasta,Rv0667|rpoB|rpoB_p.S441Q,0.018675666,Rv0667,rpoB
Rv0667_rpoB.fasta,Rv0667|rpoB|rpoB_p.S441Q,0.018675666,Rv0667,rpoB
Rv0667_rpoB.fasta,Rv0667|rpoB|rpoB_p.S441L,0.01680848,Rv0667,rpoB
Rv0667_rpoB.fasta,Rv0667|rpoB|rpoB_p.S441L,0.01680848,Rv0667,rpoB
Rv0667_rpoB.fasta,Rv0667|rpoB|rpoB_p.S441L,0.01680848,Rv0667,rpoB
Rv0667_rpoB.fasta,Rv0667|rpoB|rpoB_p.S441L,0.01680848,Rv0667,rpoB
Rv0667_rpoB.fasta,Rv0667|rpoB|rpoB_p.S441L,0.01680848,Rv0667,rpoB
Rv0667_rpoB.fasta,Rv0667|rpoB|rpoB_p.S441L,0.01680848,Rv0667,rpoB
Rv0667_rpoB.fasta,Rv0667|rpoB|rpoB_p.S441K,0.021334356,Rv0667,rpoB
Rv0667_rpoB.fasta,Rv0667|rpoB|rpoB_p.S441K,0.021334356,Rv0667,rpoB
Rv0667_rpoB.fasta,Rv0667|rpoB|rpoB_p.S441M,0.023802381,Rv0667,rpoB
Rv0667_rpoB.fasta,Rv0667|rpoB|rpoB_p.S441W,0.035577703,Rv0667,rpoB
Rv0667_rpoB.fasta,Rv0667|rpoB|rpoB_p.S441V,0.018505648,Rv0667,rpoB
Rv0667_rpoB.fasta,Rv0667|rpoB|rpoB_p.S441V,0.018505648,Rv0667,rpoB
Rv0667_rpoB.fasta,Rv0667|rpoB|rpoB_p.S441V,0.018505648,Rv0667,rpoB
Rv0667_rpoB.fasta,Rv0667|rpoB|rpoB_p.S441V,0.018505648,Rv0667,rpoB
Rv0667_rpoB.fasta,Rv0667|rpoB|rpoB_p.S450A,0.020571684,Rv0667,rpoB
Rv0667_rpoB.fasta,Rv0667|rpoB|rpoB_p.S450A,0.020571684,Rv0667,rpoB
Rv0667_rpoB.fasta,Rv0667|rpoB|rpoB_p.S450A,0.020571684,Rv0667,rpoB
Rv0667_rpoB.fasta,Rv0667|rpoB|rpoB_p.S450A,0.020571684,Rv0667,rpoB
Rv0667_rpoB.fasta,Rv0667|rpoB|rpoB_p.S450C,0.058419757,Rv0667,rpoB
Rv0667_rpoB.fasta,Rv0667|rpoB|rpoB_p.S450C,0.058419757,Rv0667,rpoB
Rv0667_rpoB.fasta,Rv0667|rpoB|rpoB_p.S450Q,0.02351942,Rv0667,rpoB
Rv0667_rpoB.fasta,Rv0667|rpoB|rpoB_p.S450Q,0.02351942,Rv0667,rpoB
Rv0667_rpoB.fasta,Rv0667|rpoB|rpoB_p.S450Q,0.02351942,Rv0667,rpoB
Rv0667_rpoB.fasta,Rv0667|rpoB|rpoB_p.S450G,0.024605501,Rv0667,rpoB
Rv0667_rpoB.fasta,Rv0667|rpoB|rpoB_p.S450G,0.024605501,Rv0667,rpoB
Rv0667_rpoB.fasta,Rv0667|rpoB|rpoB_p.S450G,0.024605501,Rv0667,rpoB
Rv0667_rpoB.fasta,Rv0667|rpoB|rpoB_p.S450G,0.024605501,Rv0667,rpoB
Rv0667_rpoB.fasta,Rv0667|rpoB|rpoB_p.S450L,0.024894115,Rv0667,rpoB
Rv0667_rpoB.fasta,Rv0667|rpoB|rpoB_p.S450L,0.024894115,Rv0667,rpoB
Rv0667_rpoB.fasta,Rv0667|rpoB|rpoB_p.S450L,0.024894115,Rv0667,rpoB
Rv0667_rpoB.fasta,Rv0667|rpoB|rpoB_p.S450L,0.024894115,Rv0667,rpoB
Rv0667_rpoB.fasta,Rv0667|rpoB|rpoB_p.S450L,0.024894115,Rv0667,rpoB
Rv0667_rpoB.fasta,Rv0667|rpoB|rpoB_p.S450L,0.024894115,Rv0667,rpoB
Rv0667_rpoB.fasta,Rv0667|rpoB|rpoB_p.S450L,0.024894115,Rv0667,rpoB
Rv0667_rpoB.fasta,Rv0667|rpoB|rpoB_p.S450M,0.028395299,Rv0667,rpoB
Rv0667_rpoB.fasta,Rv0667|rpoB|rpoB_p.S450F,0.02987584,Rv0667,rpoB
Rv0667_rpoB.fasta,Rv0667|rpoB|rpoB_p.S450F,0.02987584,Rv0667,rpoB
Rv0667_rpoB.fasta,Rv0667|rpoB|rpoB_p.S450F,0.02987584,Rv0667,rpoB
Rv0667_rpoB.fasta,Rv0667|rpoB|rpoB_p.S450W,0.038320974,Rv0667,rpoB
Rv0667_rpoB.fasta,Rv0667|rpoB|rpoB_p.S450Y,0.030621467,Rv0667,rpoB
Rv0667_rpoB.fasta,Rv0667|rpoB|rpoB_p.S450Y,0.030621467,Rv0667,rpoB
Rv0667_rpoB.fasta,Rv0667|rpoB|rpoB_p.S450V,0.029512346,Rv0667,rpoB
Rv0667_rpoB.fasta,Rv0667|rpoB|rpoB_p.S450V,0.029512346,Rv0667,rpoB
Rv0667_rpoB.fasta,Rv0667|rpoB|rpoB_p.S450V,0.029512346,Rv0667,rpoB
Rv0667_rpoB.fasta,Rv0667|rpoB|rpoB_p.S450V,0.029512346,Rv0667,rpoB
Rv0667_rpoB.fasta,Rv0667|rpoB|rpoB_p.T427A,0.014663328,Rv0667,rpoB
Rv0667_rpoB.fasta,Rv0667|rpoB|rpoB_p.T427A,0.014663328,Rv0667,rpoB
Rv0667_rpoB.fasta,Rv0667|rpoB|rpoB_p.T427A,0.014663328,Rv0667,rpoB
Rv0667_rpoB.fasta,Rv0667|rpoB|rpoB_p.T427A,0.014663328,Rv0667,rpoB
Rv0667_rpoB.fasta,Rv0667|rpoB|rpoB_p.T427N,0.014090066,Rv0667,rpoB
Rv0667_rpoB.fasta,Rv0667|rpoB|rpoB_p.T427N,0.014090066,Rv0667,rpoB
Rv0667_rpoB.fasta,Rv0667|rpoB|rpoB_p.T427G,0.015717292,Rv0667,rpoB
Rv0667_rpoB.fasta,Rv0667|rpoB|rpoB_p.T427G,0.015717292,Rv0667,rpoB
Rv0667_rpoB.fasta,Rv0667|rpoB|rpoB_p.T427G,0.015717292,Rv0667,rpoB
Rv0667_rpoB.fasta,Rv0667|rpoB|rpoB_p.T427G,0.015717292,Rv0667,rpoB
Rv0667_rpoB.fasta,Rv0667|rpoB|rpoB_p.T427I,0.020941794,Rv0667,rpoB
Rv0667_rpoB.fasta,Rv0667|rpoB|rpoB_p.T427I,0.020941794,Rv0667,rpoB
Rv0667_rpoB.fasta,Rv0667|rpoB|rpoB_p.T427I,0.020941794,Rv0667,rpoB
Rv0667_rpoB.fasta,Rv0667|rpoB|rpoB_p.T427P,0.02076028,Rv0667,rpoB
Rv0667_rpoB.fasta,Rv0667|rpoB|rpoB_p.T427P,0.02076028,Rv0667,rpoB
Rv0667_rpoB.fasta,Rv0667|rpoB|rpoB_p.T427P,0.02076028,Rv0667,rpoB
Rv0667_rpoB.fasta,Rv0667|rpoB|rpoB_p.T427P,0.02076028,Rv0667,rpoB
Rv0667_rpoB.fasta,Rv0667|rpoB|rpoB_p.T427S,0.015878864,Rv0667,rpoB
Rv0667_rpoB.fasta,Rv0667|rpoB|rpoB_p.T427S,0.015878864,Rv0667,rpoB
Rv0667_rpoB.fasta,Rv0667|rpoB|rpoB_p.T427S,0.015878864,Rv0667,rpoB
Rv0667_rpoB.fasta,Rv0667|rpoB|rpoB_p.T427S,0.015878864,Rv0667,rpoB
Rv0667_rpoB.fasta,Rv0667|rpoB|rpoB_p.T427S,0.015878864,Rv0667,rpoB
Rv0667_rpoB.fasta,Rv0667|rpoB|rpoB_p.T427S,0.015878864,Rv0667,rpoB
Rv0667_rpoB.fasta,Rv0667|rpoB|rpoB_p.T444I,0.020829016,Rv0667,rpoB
Rv0667_rpoB.fasta,Rv0667|rpoB|rpoB_p.T444I,0.020829016,Rv0667,rpoB
Rv0667_rpoB.fasta,Rv0667|rpoB|rpoB_p.T444I,0.020829016,Rv0667,rpoB
Rv0667_rpoB.fasta,Rv0667|rpoB|rpoB_p.T444P,0.015372944,Rv0667,rpoB
Rv0667_rpoB.fasta,Rv0667|rpoB|rpoB_p.T444P,0.015372944,Rv0667,rpoB
Rv0667_rpoB.fasta,Rv0667|rpoB|rpoB_p.T444P,0.015372944,Rv0667,rpoB
Rv0667_rpoB.fasta,Rv0667|rpoB|rpoB_p.T444P,0.015372944,Rv0667,rpoB
Rv0667_rpoB.fasta,Rv0667|rpoB|rpoB_p.T444P,0.015372944,Rv0667,rpoB
Rv0667_rpoB.fasta,Rv0667|rpoB|rpoB_p.T444S,0.016315382,Rv0667,rpoB
Rv0667_rpoB.fasta,Rv0667|rpoB|rpoB_p.T444S,0.016315382,Rv0667,rpoB
Rv0667_rpoB.fasta,Rv0667|rpoB|rpoB_p.T444S,0.016315382,Rv0667,rpoB
Rv0667_rpoB.fasta,Rv0667|rpoB|rpoB_p.T444S,0.016315382,Rv0667,rpoB
Rv0667_rpoB.fasta,Rv0667|rpoB|rpoB_p.T444S,0.016315382,Rv0667,rpoB
Rv0667_rpoB.fasta,Rv0667|rpoB|rpoB_p.T444S,0.016315382,Rv0667,rpoB
Rv0667_rpoB.fasta,Rv0667|rpoB|rpoB_p.V170F,0.021239623,Rv0667,rpoB
Rv0667_rpoB.fasta,Rv0667|rpoB|rpoB_p.V170F,0.021239623,Rv0667,rpoB
Rv0678_Rv0678.fasta,Rv0678|Rv0678|Rv0678_p.A36V,0.107635416,Rv0678,Rv0678
Rv0678_Rv0678.fasta,Rv0678|Rv0678|Rv0678_p.A36V,0.107635416,Rv0678,Rv0678
Rv0678_Rv0678.fasta,Rv0678|Rv0678|Rv0678_p.A36V,0.107635416,Rv0678,Rv0678
Rv0678_Rv0678.fasta,Rv0678|Rv0678|Rv0678_p.A36V,0.107635416,Rv0678,Rv0678
Rv0678_Rv0678.fasta,Rv0678|Rv0678|Rv0678_p.N70D,0.12270204,Rv0678,Rv0678
Rv0678_Rv0678.fasta,Rv0678|Rv0678|Rv0678_p.N70D,0.12270204,Rv0678,Rv0678
Rv0678_Rv0678.fasta,Rv0678|Rv0678|Rv0678_p.C46R,0.22265162,Rv0678,Rv0678
Rv0678_Rv0678.fasta,Rv0678|Rv0678|Rv0678_p.C46R,0.22265162,Rv0678,Rv0678
Rv0678_Rv0678.fasta,Rv0678|Rv0678|Rv0678_p.C46R,0.22265162,Rv0678,Rv0678
Rv0678_Rv0678.fasta,Rv0678|Rv0678|Rv0678_p.C46R,0.22265162,Rv0678,Rv0678
Rv0678_Rv0678.fasta,Rv0678|Rv0678|Rv0678_p.C46R,0.22265162,Rv0678,Rv0678
Rv0678_Rv0678.fasta,Rv0678|Rv0678|Rv0678_p.C46R,0.22265162,Rv0678,Rv0678
Rv0678_Rv0678.fasta,Rv0678|Rv0678|Rv0678_p.G121R,0.08999687,Rv0678,Rv0678
Rv0678_Rv0678.fasta,Rv0678|Rv0678|Rv0678_p.G121R,0.08999687,Rv0678,Rv0678
Rv0678_Rv0678.fasta,Rv0678|Rv0678|Rv0678_p.G121R,0.08999687,Rv0678,Rv0678
Rv0678_Rv0678.fasta,Rv0678|Rv0678|Rv0678_p.G121R,0.08999687,Rv0678,Rv0678
Rv0678_Rv0678.fasta,Rv0678|Rv0678|Rv0678_p.G121R,0.08999687,Rv0678,Rv0678
Rv0678_Rv0678.fasta,Rv0678|Rv0678|Rv0678_p.G121R,0.08999687,Rv0678,Rv0678
Rv0678_Rv0678.fasta,Rv0678|Rv0678|Rv0678_p.I67S,0.17820233,Rv0678,Rv0678
Rv0678_Rv0678.fasta,Rv0678|Rv0678|Rv0678_p.I67S,0.17820233,Rv0678,Rv0678
Rv0678_Rv0678.fasta,Rv0678|Rv0678|Rv0678_p.I67S,0.17820233,Rv0678,Rv0678
Rv0678_Rv0678.fasta,Rv0678|Rv0678|Rv0678_p.I67S,0.17820233,Rv0678,Rv0678
Rv0678_Rv0678.fasta,Rv0678|Rv0678|Rv0678_p.I67S,0.17820233,Rv0678,Rv0678
Rv0678_Rv0678.fasta,Rv0678|Rv0678|Rv0678_p.I67S,0.17820233,Rv0678,Rv0678
Rv0678_Rv0678.fasta,Rv0678|Rv0678|Rv0678_p.L117R,0.10692629,Rv0678,Rv0678
Rv0678_Rv0678.fasta,Rv0678|Rv0678|Rv0678_p.L117R,0.10692629,Rv0678,Rv0678
Rv0678_Rv0678.fasta,Rv0678|Rv0678|Rv0678_p.L117R,0.10692629,Rv0678,Rv0678
Rv0678_Rv0678.fasta,Rv0678|Rv0678|Rv0678_p.L117R,0.10692629,Rv0678,Rv0678
Rv0678_Rv0678.fasta,Rv0678|Rv0678|Rv0678_p.L117R,0.10692629,Rv0678,Rv0678
Rv0678_Rv0678.fasta,Rv0678|Rv0678|Rv0678_p.L117R,0.10692629,Rv0678,Rv0678
Rv0678_Rv0678.fasta,Rv0678|Rv0678|Rv0678_p.L117R,0.10692629,Rv0678,Rv0678
Rv0678_Rv0678.fasta,Rv0678|Rv0678|Rv0678_p.L32S,0.14752342,Rv0678,Rv0678
Rv0678_Rv0678.fasta,Rv0678|Rv0678|Rv0678_p.L32S,0.14752342,Rv0678,Rv0678
Rv0678_Rv0678.fasta,Rv0678|Rv0678|Rv0678_p.L32S,0.14752342,Rv0678,Rv0678
Rv0678_Rv0678.fasta,Rv0678|Rv0678|Rv0678_p.L32S,0.14752342,Rv0678,Rv0678
Rv0678_Rv0678.fasta,Rv0678|Rv0678|Rv0678_p.L32S,0.14752342,Rv0678,Rv0678
Rv0678_Rv0678.fasta,Rv0678|Rv0678|Rv0678_p.L32S,0.14752342,Rv0678,Rv0678
Rv0678_Rv0678.fasta,Rv0678|Rv0678|Rv0678_p.M146T,0.15963092,Rv0678,Rv0678
Rv0678_Rv0678.fasta,Rv0678|Rv0678|Rv0678_p.M146T,0.15963092,Rv0678,Rv0678
Rv0678_Rv0678.fasta,Rv0678|Rv0678|Rv0678_p.M146T,0.15963092,Rv0678,Rv0678
Rv0678_Rv0678.fasta,Rv0678|Rv0678|Rv0678_p.M146T,0.15963092,Rv0678,Rv0678
Rv0678_Rv0678.fasta,Rv0678|Rv0678|Rv0678_p.A36V,0.107635416,Rv0678,Rv0678
Rv0678_Rv0678.fasta,Rv0678|Rv0678|Rv0678_p.A36V,0.107635416,Rv0678,Rv0678
Rv0678_Rv0678.fasta,Rv0678|Rv0678|Rv0678_p.A36V,0.107635416,Rv0678,Rv0678
Rv0678_Rv0678.fasta,Rv0678|Rv0678|Rv0678_p.A36V,0.107635416,Rv0678,Rv0678
Rv0678_Rv0678.fasta,Rv0678|Rv0678|Rv0678_p.N70D,0.12270204,Rv0678,Rv0678
Rv0678_Rv0678.fasta,Rv0678|Rv0678|Rv0678_p.N70D,0.12270204,Rv0678,Rv0678
Rv0678_Rv0678.fasta,Rv0678|Rv0678|Rv0678_p.C46R,0.22265162,Rv0678,Rv0678
Rv0678_Rv0678.fasta,Rv0678|Rv0678|Rv0678_p.C46R,0.22265162,Rv0678,Rv0678
Rv0678_Rv0678.fasta,Rv0678|Rv0678|Rv0678_p.C46R,0.22265162,Rv0678,Rv0678
Rv0678_Rv0678.fasta,Rv0678|Rv0678|Rv0678_p.C46R,0.22265162,Rv0678,Rv0678
Rv0678_Rv0678.fasta,Rv0678|Rv0678|Rv0678_p.C46R,0.22265162,Rv0678,Rv0678
Rv0678_Rv0678.fasta,Rv0678|Rv0678|Rv0678_p.C46R,0.22265162,Rv0678,Rv0678
Rv0678_Rv0678.fasta,Rv0678|Rv0678|Rv0678_p.G121R,0.08999687,Rv0678,Rv0678
Rv0678_Rv0678.fasta,Rv0678|Rv0678|Rv0678_p.G121R,0.08999687,Rv0678,Rv0678
Rv0678_Rv0678.fasta,Rv0678|Rv0678|Rv0678_p.G121R,0.08999687,Rv0678,Rv0678
Rv0678_Rv0678.fasta,Rv0678|Rv0678|Rv0678_p.G121R,0.08999687,Rv0678,Rv0678
Rv0678_Rv0678.fasta,Rv0678|Rv0678|Rv0678_p.G121R,0.08999687,Rv0678,Rv0678
Rv0678_Rv0678.fasta,Rv0678|Rv0678|Rv0678_p.G121R,0.08999687,Rv0678,Rv0678
Rv0678_Rv0678.fasta,Rv0678|Rv0678|Rv0678_p.I67S,0.17820233,Rv0678,Rv0678
Rv0678_Rv0678.fasta,Rv0678|Rv0678|Rv0678_p.I67S,0.17820233,Rv0678,Rv0678
Rv0678_Rv0678.fasta,Rv0678|Rv0678|Rv0678_p.I67S,0.17820233,Rv0678,Rv0678
Rv0678_Rv0678.fasta,Rv0678|Rv0678|Rv0678_p.I67S,0.17820233,Rv0678,Rv0678
Rv0678_Rv0678.fasta,Rv0678|Rv0678|Rv0678_p.I67S,0.17820233,Rv0678,Rv0678
Rv0678_Rv0678.fasta,Rv0678|Rv0678|Rv0678_p.I67S,0.17820233,Rv0678,Rv0678
Rv0678_Rv0678.fasta,Rv0678|Rv0678|Rv0678_p.L117R,0.10692629,Rv0678,Rv0678
Rv0678_Rv0678.fasta,Rv0678|Rv0678|Rv0678_p.L117R,0.10692629,Rv0678,Rv0678
Rv0678_Rv0678.fasta,Rv0678|Rv0678|Rv0678_p.L117R,0.10692629,Rv0678,Rv0678
Rv0678_Rv0678.fasta,Rv0678|Rv0678|Rv0678_p.L117R,0.10692629,Rv0678,Rv0678
Rv0678_Rv0678.fasta,Rv0678|Rv0678|Rv0678_p.L117R,0.10692629,Rv0678,Rv0678
Rv0678_Rv0678.fasta,Rv0678|Rv0678|Rv0678_p.L117R,0.10692629,Rv0678,Rv0678
Rv0678_Rv0678.fasta,Rv0678|Rv0678|Rv0678_p.L117R,0.10692629,Rv0678,Rv0678
Rv0678_Rv0678.fasta,Rv0678|Rv0678|Rv0678_p.L32S,0.14752342,Rv0678,Rv0678
Rv0678_Rv0678.fasta,Rv0678|Rv0678|Rv0678_p.L32S,0.14752342,Rv0678,Rv0678
Rv0678_Rv0678.fasta,Rv0678|Rv0678|Rv0678_p.L32S,0.14752342,Rv0678,Rv0678
Rv0678_Rv0678.fasta,Rv0678|Rv0678|Rv0678_p.L32S,0.14752342,Rv0678,Rv0678
Rv0678_Rv0678.fasta,Rv0678|Rv0678|Rv0678_p.L32S,0.14752342,Rv0678,Rv0678
Rv0678_Rv0678.fasta,Rv0678|Rv0678|Rv0678_p.L32S,0.14752342,Rv0678,Rv0678
Rv0678_Rv0678.fasta,Rv0678|Rv0678|Rv0678_p.M146T,0.15963092,Rv0678,Rv0678
Rv0678_Rv0678.fasta,Rv0678|Rv0678|Rv0678_p.M146T,0.15963092,Rv0678,Rv0678
Rv0678_Rv0678.fasta,Rv0678|Rv0678|Rv0678_p.M146T,0.15963092,Rv0678,Rv0678
Rv0678_Rv0678.fasta,Rv0678|Rv0678|Rv0678_p.M146T,0.15963092,Rv0678,Rv0678
Rv0682_rpsL.fasta,Rv0682|rpsL|rpsL_p.K43R,0.11663452,Rv0682,rpsL
Rv0682_rpsL.fasta,Rv0682|rpsL|rpsL_p.K43R,0.11663452,Rv0682,rpsL
Rv0682_rpsL.fasta,Rv0682|rpsL|rpsL_p.K43R,0.11663452,Rv0682,rpsL
Rv0682_rpsL.fasta,Rv0682|rpsL|rpsL_p.K43R,0.11663452,Rv0682,rpsL
Rv0682_rpsL.fasta,Rv0682|rpsL|rpsL_p.K43R,0.11663452,Rv0682,rpsL
Rv0682_rpsL.fasta,Rv0682|rpsL|rpsL_p.K43R,0.11663452,Rv0682,rpsL
Rv0682_rpsL.fasta,Rv0682|rpsL|rpsL_p.K43R,0.11663452,Rv0682,rpsL
Rv0682_rpsL.fasta,Rv0682|rpsL|rpsL_p.K88R,0.11599831,Rv0682,rpsL
Rv0682_rpsL.fasta,Rv0682|rpsL|rpsL_p.K88R,0.11599831,Rv0682,rpsL
Rv0682_rpsL.fasta,Rv0682|rpsL|rpsL_p.K88R,0.11599831,Rv0682,rpsL
Rv0682_rpsL.fasta,Rv0682|rpsL|rpsL_p.K88R,0.11599831,Rv0682,rpsL
Rv0682_rpsL.fasta,Rv0682|rpsL|rpsL_p.K88R,0.11599831,Rv0682,rpsL
Rv0682_rpsL.fasta,Rv0682|rpsL|rpsL_p.K88R,0.11599831,Rv0682,rpsL
Rv0682_rpsL.fasta,Rv0682|rpsL|rpsL_p.K88Q,0.14874129,Rv0682,rpsL
Rv0682_rpsL.fasta,Rv0682|rpsL|rpsL_p.K88Q,0.14874129,Rv0682,rpsL
Rv0682_rpsL.fasta,Rv0682|rpsL|rpsL_p.K88M,0.19912407,Rv0682,rpsL
Rv0701_rplC.fasta,Rv0701|rplC|rplC_p.C154R,0.3513001,Rv0701,rplC
Rv0701_rplC.fasta,Rv0701|rplC|rplC_p.C154R,0.3513001,Rv0701,rplC
Rv0701_rplC.fasta,Rv0701|rplC|rplC_p.C154R,0.3513001,Rv0701,rplC
Rv0701_rplC.fasta,Rv0701|rplC|rplC_p.C154R,0.3513001,Rv0701,rplC
Rv0701_rplC.fasta,Rv0701|rplC|rplC_p.C154R,0.3513001,Rv0701,rplC
Rv0701_rplC.fasta,Rv0701|rplC|rplC_p.C154R,0.3513001,Rv0701,rplC
Rv0701_rplC.fasta,Rv0701|rplC|rplC_p.C154R,0.3513001,Rv0701,rplC
Rv1305_atpE.fasta,Rv1305|atpE|atpE_p.A63P,0.35064,Rv1305,atpE
Rv1305_atpE.fasta,Rv1305|atpE|atpE_p.A63P,0.35064,Rv1305,atpE
Rv1305_atpE.fasta,Rv1305|atpE|atpE_p.A63P,0.35064,Rv1305,atpE
Rv1305_atpE.fasta,Rv1305|atpE|atpE_p.A63P,0.35064,Rv1305,atpE
Rv1305_atpE.fasta,Rv1305|atpE|atpE_p.D28A,0.3190414,Rv1305,atpE
Rv1305_atpE.fasta,Rv1305|atpE|atpE_p.D28A,0.3190414,Rv1305,atpE
Rv1305_atpE.fasta,Rv1305|atpE|atpE_p.D28A,0.3190414,Rv1305,atpE
Rv1305_atpE.fasta,Rv1305|atpE|atpE_p.D28A,0.3190414,Rv1305,atpE
Rv1305_atpE.fasta,Rv1305|atpE|atpE_p.D28G,0.3151775,Rv1305,atpE
Rv1305_atpE.fasta,Rv1305|atpE|atpE_p.D28G,0.3151775,Rv1305,atpE
Rv1305_atpE.fasta,Rv1305|atpE|atpE_p.D28G,0.3151775,Rv1305,atpE
Rv1305_atpE.fasta,Rv1305|atpE|atpE_p.D28G,0.3151775,Rv1305,atpE
Rv1305_atpE.fasta,Rv1305|atpE|atpE_p.D28G,0.3151775,Rv1305,atpE
Rv1305_atpE.fasta,Rv1305|atpE|atpE_p.D28V,0.36628494,Rv1305,atpE
Rv1305_atpE.fasta,Rv1305|atpE|atpE_p.D28V,0.36628494,Rv1305,atpE
Rv1305_atpE.fasta,Rv1305|atpE|atpE_p.D28V,0.36628494,Rv1305,atpE
Rv1305_atpE.fasta,Rv1305|atpE|atpE_p.D28V,0.36628494,Rv1305,atpE
Rv1305_atpE.fasta,Rv1305|atpE|atpE_p.E61D,0.10903399,Rv1305,atpE
Rv1305_atpE.fasta,Rv1305|atpE|atpE_p.E61D,0.10903399,Rv1305,atpE
Rv1305_atpE.fasta,Rv1305|atpE|atpE_p.I66M,0.16873163,Rv1305,atpE
Rv1484_inhA.fasta,Rv1484|inhA|inhA_p.S94A,0.0482173,Rv1484,inhA
Rv1484_inhA.fasta,Rv1484|inhA|inhA_p.S94A,0.0482173,Rv1484,inhA
Rv1484_inhA.fasta,Rv1484|inhA|inhA_p.S94A,0.0482173,Rv1484,inhA
Rv1484_inhA.fasta,Rv1484|inhA|inhA_p.S94A,0.0482173,Rv1484,inhA
Rv1484_inhA.fasta,Rv1484|inhA|inhA_p.S94A,0.0482173,Rv1484,inhA
Rv1484_inhA.fasta,Rv1484|inhA|inhA_p.S94A,0.0482173,Rv1484,inhA
Rv1484_inhA.fasta,Rv1484|inhA|inhA_p.S94A,0.0482173,Rv1484,inhA
Rv1484_inhA.fasta,Rv1484|inhA|inhA_p.S94A,0.0482173,Rv1484,inhA
Rv1694_tlyA.fasta,Rv1694|tlyA|tlyA_p.N236K,0.076076895,Rv1694,tlyA
Rv1694_tlyA.fasta,Rv1694|tlyA|tlyA_p.N236K,0.076076895,Rv1694,tlyA
Rv1694_tlyA.fasta,Rv1694|tlyA|tlyA_p.G232D,0.044708274,Rv1694,tlyA
Rv1694_tlyA.fasta,Rv1694|tlyA|tlyA_p.G232D,0.044708274,Rv1694,tlyA
Rv1908c_katG.fasta,Rv1908c|katG|katG_p.S315R,0.035421204,Rv1908c,katG
Rv1908c_katG.fasta,Rv1908c|katG|katG_p.S315R,0.035421204,Rv1908c,katG
Rv1908c_katG.fasta,Rv1908c|katG|katG_p.S315R,0.035421204,Rv1908c,katG
Rv1908c_katG.fasta,Rv1908c|katG|katG_p.S315R,0.035421204,Rv1908c,katG
Rv1908c_katG.fasta,Rv1908c|katG|katG_p.S315R,0.035421204,Rv1908c,katG
Rv1908c_katG.fasta,Rv1908c|katG|katG_p.S315R,0.035421204,Rv1908c,katG
Rv1908c_katG.fasta,Rv1908c|katG|katG_p.S315N,0.042994693,Rv1908c,katG
Rv1908c_katG.fasta,Rv1908c|katG|katG_p.S315N,0.042994693,Rv1908c,katG
Rv1908c_katG.fasta,Rv1908c|katG|katG_p.S315I,0.050359838,Rv1908c,katG
Rv1908c_katG.fasta,Rv1908c|katG|katG_p.S315I,0.050359838,Rv1908c,katG
Rv1908c_katG.fasta,Rv1908c|katG|katG_p.S315I,0.050359838,Rv1908c,katG
Rv1908c_katG.fasta,Rv1908c|katG|katG_p.S315T,0.028893515,Rv1908c,katG
Rv1908c_katG.fasta,Rv1908c|katG|katG_p.S315T,0.028893515,Rv1908c,katG
Rv1908c_katG.fasta,Rv1908c|katG|katG_p.S315T,0.028893515,Rv1908c,katG
Rv1908c_katG.fasta,Rv1908c|katG|katG_p.S315T,0.028893515,Rv1908c,katG
Rv1908c_katG.fasta,Rv1908c|katG|katG_p.S315T,0.028893515,Rv1908c,katG
Rv1908c_katG.fasta,Rv1908c|katG|katG_p.W328L,0.03853951,Rv1908c,katG
Rv1908c_katG.fasta,Rv1908c|katG|katG_p.W328L,0.03853951,Rv1908c,katG
Rv1908c_katG.fasta,Rv1908c|katG|katG_p.W328L,0.03853951,Rv1908c,katG
Rv1908c_katG.fasta,Rv1908c|katG|katG_p.W328L,0.03853951,Rv1908c,katG
Rv1908c_katG.fasta,Rv1908c|katG|katG_p.W328L,0.03853951,Rv1908c,katG
Rv1908c_katG.fasta,Rv1908c|katG|katG_p.W328L,0.03853951,Rv1908c,katG
Rv2043c_pncA.fasta,Rv2043c|pncA|pncA_p.A102P,0.05779315,Rv2043c,pncA
Rv2043c_pncA.fasta,Rv2043c|pncA|pncA_p.A102P,0.05779315,Rv2043c,pncA
Rv2043c_pncA.fasta,Rv2043c|pncA|pncA_p.A102P,0.05779315,Rv2043c,pncA
Rv2043c_pncA.fasta,Rv2043c|pncA|pncA_p.A102P,0.05779315,Rv2043c,pncA
Rv2043c_pncA.fasta,Rv2043c|pncA|pncA_p.A102T,0.052204993,Rv2043c,pncA
Rv2043c_pncA.fasta,Rv2043c|pncA|pncA_p.A102T,0.052204993,Rv2043c,pncA
Rv2043c_pncA.fasta,Rv2043c|pncA|pncA_p.A102T,0.052204993,Rv2043c,pncA
Rv2043c_pncA.fasta,Rv2043c|pncA|pncA_p.A102T,0.052204993,Rv2043c,pncA
Rv2043c_pncA.fasta,Rv2043c|pncA|pncA_p.A134V,0.07519244,Rv2043c,pncA
Rv2043c_pncA.fasta,Rv2043c|pncA|pncA_p.A134V,0.07519244,Rv2043c,pncA
Rv2043c_pncA.fasta,Rv2043c|pncA|pncA_p.A134V,0.07519244,Rv2043c,pncA
Rv2043c_pncA.fasta,Rv2043c|pncA|pncA_p.A134V,0.07519244,Rv2043c,pncA
Rv2043c_pncA.fasta,Rv2043c|pncA|pncA_p.A143G,0.11586071,Rv2043c,pncA
Rv2043c_pncA.fasta,Rv2043c|pncA|pncA_p.A143G,0.11586071,Rv2043c,pncA
Rv2043c_pncA.fasta,Rv2043c|pncA|pncA_p.A143G,0.11586071,Rv2043c,pncA
Rv2043c_pncA.fasta,Rv2043c|pncA|pncA_p.A143G,0.11586071,Rv2043c,pncA
Rv2043c_pncA.fasta,Rv2043c|pncA|pncA_p.A146E,0.18569763,Rv2043c,pncA
Rv2043c_pncA.fasta,Rv2043c|pncA|pncA_p.A146E,0.18569763,Rv2043c,pncA
Rv2043c_pncA.fasta,Rv2043c|pncA|pncA_p.A146T,0.11973139,Rv2043c,pncA
Rv2043c_pncA.fasta,Rv2043c|pncA|pncA_p.A146T,0.11973139,Rv2043c,pncA
Rv2043c_pncA.fasta,Rv2043c|pncA|pncA_p.A146T,0.11973139,Rv2043c,pncA
Rv2043c_pncA.fasta,Rv2043c|pncA|pncA_p.A146T,0.11973139,Rv2043c,pncA
Rv2043c_pncA.fasta,Rv2043c|pncA|pncA_p.A146V,0.07288668,Rv2043c,pncA
Rv2043c_pncA.fasta,Rv2043c|pncA|pncA_p.A146V,0.07288668,Rv2043c,pncA
Rv2043c_pncA.fasta,Rv2043c|pncA|pncA_p.A146V,0.07288668,Rv2043c,pncA
Rv2043c_pncA.fasta,Rv2043c|pncA|pncA_p.A146V,0.07288668,Rv2043c,pncA
Rv2043c_pncA.fasta,Rv2043c|pncA|pncA_p.A171E,0.06925163,Rv2043c,pncA
Rv2043c_pncA.fasta,Rv2043c|pncA|pncA_p.A171E,0.06925163,Rv2043c,pncA
Rv2043c_pncA.fasta,Rv2043c|pncA|pncA_p.A171P,0.09900117,Rv2043c,pncA
Rv2043c_pncA.fasta,Rv2043c|pncA|pncA_p.A171P,0.09900117,Rv2043c,pncA
Rv2043c_pncA.fasta,Rv2043c|pncA|pncA_p.A171P,0.09900117,Rv2043c,pncA
Rv2043c_pncA.fasta,Rv2043c|pncA|pncA_p.A171P,0.09900117,Rv2043c,pncA
Rv2043c_pncA.fasta,Rv2043c|pncA|pncA_p.A3E,0.17893803,Rv2043c,pncA
Rv2043c_pncA.fasta,Rv2043c|pncA|pncA_p.A3E,0.17893803,Rv2043c,pncA
Rv2043c_pncA.fasta,Rv2043c|pncA|pncA_p.A3E,0.17893803,Rv2043c,pncA
Rv2043c_pncA.fasta,Rv2043c|pncA|pncA_p.A46E,0.1095304,Rv2043c,pncA
Rv2043c_pncA.fasta,Rv2043c|pncA|pncA_p.A46E,0.1095304,Rv2043c,pncA
Rv2043c_pncA.fasta,Rv2043c|pncA|pncA_p.A46V,0.090143695,Rv2043c,pncA
Rv2043c_pncA.fasta,Rv2043c|pncA|pncA_p.A46V,0.090143695,Rv2043c,pncA
Rv2043c_pncA.fasta,Rv2043c|pncA|pncA_p.A46V,0.090143695,Rv2043c,pncA
Rv2043c_pncA.fasta,Rv2043c|pncA|pncA_p.A46V,0.090143695,Rv2043c,pncA
Rv2043c_pncA.fasta,Rv2043c|pncA|pncA_p.R121P,0.18864016,Rv2043c,pncA
Rv2043c_pncA.fasta,Rv2043c|pncA|pncA_p.R121P,0.18864016,Rv2043c,pncA
Rv2043c_pncA.fasta,Rv2043c|pncA|pncA_p.R121P,0.18864016,Rv2043c,pncA
Rv2043c_pncA.fasta,Rv2043c|pncA|pncA_p.R121P,0.18864016,Rv2043c,pncA
Rv2043c_pncA.fasta,Rv2043c|pncA|pncA_p.R140P,0.14560093,Rv2043c,pncA
Rv2043c_pncA.fasta,Rv2043c|pncA|pncA_p.R140P,0.14560093,Rv2043c,pncA
Rv2043c_pncA.fasta,Rv2043c|pncA|pncA_p.R140P,0.14560093,Rv2043c,pncA
Rv2043c_pncA.fasta,Rv2043c|pncA|pncA_p.R140P,0.14560093,Rv2043c,pncA
Rv2043c_pncA.fasta,Rv2043c|pncA|pncA_p.R154G,0.22058004,Rv2043c,pncA
Rv2043c_pncA.fasta,Rv2043c|pncA|pncA_p.R154G,0.22058004,Rv2043c,pncA
Rv2043c_pncA.fasta,Rv2043c|pncA|pncA_p.R154G,0.22058004,Rv2043c,pncA
Rv2043c_pncA.fasta,Rv2043c|pncA|pncA_p.R154G,0.22058004,Rv2043c,pncA
Rv2043c_pncA.fasta,Rv2043c|pncA|pncA_p.R154M,0.12178235,Rv2043c,pncA
Rv2043c_pncA.fasta,Rv2043c|pncA|pncA_p.D129N,0.14148016,Rv2043c,pncA
Rv2043c_pncA.fasta,Rv2043c|pncA|pncA_p.D129N,0.14148016,Rv2043c,pncA
Rv2043c_pncA.fasta,Rv2043c|pncA|pncA_p.D12A,0.1284872,Rv2043c,pncA
Rv2043c_pncA.fasta,Rv2043c|pncA|pncA_p.D12A,0.1284872,Rv2043c,pncA
Rv2043c_pncA.fasta,Rv2043c|pncA|pncA_p.D12A,0.1284872,Rv2043c,pncA
Rv2043c_pncA.fasta,Rv2043c|pncA|pncA_p.D12A,0.1284872,Rv2043c,pncA
Rv2043c_pncA.fasta,Rv2043c|pncA|pncA_p.D12N,0.11415503,Rv2043c,pncA
Rv2043c_pncA.fasta,Rv2043c|pncA|pncA_p.D12N,0.11415503,Rv2043c,pncA
Rv2043c_pncA.fasta,Rv2043c|pncA|pncA_p.D12E,0.08827882,Rv2043c,pncA
Rv2043c_pncA.fasta,Rv2043c|pncA|pncA_p.D12E,0.08827882,Rv2043c,pncA
Rv2043c_pncA.fasta,Rv2043c|pncA|pncA_p.D12G,0.11109672,Rv2043c,pncA
Rv2043c_pncA.fasta,Rv2043c|pncA|pncA_p.D12G,0.11109672,Rv2043c,pncA
Rv2043c_pncA.fasta,Rv2043c|pncA|pncA_p.D12G,0.11109672,Rv2043c,pncA
Rv2043c_pncA.fasta,Rv2043c|pncA|pncA_p.D12G,0.11109672,Rv2043c,pncA
Rv2043c_pncA.fasta,Rv2043c|pncA|pncA_p.D136G,0.1408662,Rv2043c,pncA
Rv2043c_pncA.fasta,Rv2043c|pncA|pncA_p.D136G,0.1408662,Rv2043c,pncA
Rv2043c_pncA.fasta,Rv2043c|pncA|pncA_p.D136G,0.1408662,Rv2043c,pncA
Rv2043c_pncA.fasta,Rv2043c|pncA|pncA_p.D136G,0.1408662,Rv2043c,pncA
Rv2043c_pncA.fasta,Rv2043c|pncA|pncA_p.D136V,0.16170631,Rv2043c,pncA
Rv2043c_pncA.fasta,Rv2043c|pncA|pncA_p.D136V,0.16170631,Rv2043c,pncA
Rv2043c_pncA.fasta,Rv2043c|pncA|pncA_p.D136V,0.16170631,Rv2043c,pncA
Rv2043c_pncA.fasta,Rv2043c|pncA|pncA_p.D136V,0.16170631,Rv2043c,pncA
Rv2043c_pncA.fasta,Rv2043c|pncA|pncA_p.D49A,0.08849822,Rv2043c,pncA
Rv2043c_pncA.fasta,Rv2043c|pncA|pncA_p.D49A,0.08849822,Rv2043c,pncA
Rv2043c_pncA.fasta,Rv2043c|pncA|pncA_p.D49A,0.08849822,Rv2043c,pncA
Rv2043c_pncA.fasta,Rv2043c|pncA|pncA_p.D49A,0.08849822,Rv2043c,pncA
Rv2043c_pncA.fasta,Rv2043c|pncA|pncA_p.D49N,0.086283095,Rv2043c,pncA
Rv2043c_pncA.fasta,Rv2043c|pncA|pncA_p.D49N,0.086283095,Rv2043c,pncA
Rv2043c_pncA.fasta,Rv2043c|pncA|pncA_p.D49E,0.04802532,Rv2043c,pncA
Rv2043c_pncA.fasta,Rv2043c|pncA|pncA_p.D49E,0.04802532,Rv2043c,pncA
Rv2043c_pncA.fasta,Rv2043c|pncA|pncA_p.D49G,0.09782244,Rv2043c,pncA
Rv2043c_pncA.fasta,Rv2043c|pncA|pncA_p.D49G,0.09782244,Rv2043c,pncA
Rv2043c_pncA.fasta,Rv2043c|pncA|pncA_p.D49G,0.09782244,Rv2043c,pncA
Rv2043c_pncA.fasta,Rv2043c|pncA|pncA_p.D49G,0.09782244,Rv2043c,pncA
Rv2043c_pncA.fasta,Rv2043c|pncA|pncA_p.D63A,0.0695531,Rv2043c,pncA
Rv2043c_pncA.fasta,Rv2043c|pncA|pncA_p.D63A,0.0695531,Rv2043c,pncA
Rv2043c_pncA.fasta,Rv2043c|pncA|pncA_p.D63A,0.0695531,Rv2043c,pncA
Rv2043c_pncA.fasta,Rv2043c|pncA|pncA_p.D63A,0.0695531,Rv2043c,pncA
Rv2043c_pncA.fasta,Rv2043c|pncA|pncA_p.D63G,0.06319559,Rv2043c,pncA
Rv2043c_pncA.fasta,Rv2043c|pncA|pncA_p.D63G,0.06319559,Rv2043c,pncA
Rv2043c_pncA.fasta,Rv2043c|pncA|pncA_p.D63G,0.06319559,Rv2043c,pncA
Rv2043c_pncA.fasta,Rv2043c|pncA|pncA_p.D63G,0.06319559,Rv2043c,pncA
Rv2043c_pncA.fasta,Rv2043c|pncA|pncA_p.D8A,0.37214765,Rv2043c,pncA
Rv2043c_pncA.fasta,Rv2043c|pncA|pncA_p.D8A,0.37214765,Rv2043c,pncA
Rv2043c_pncA.fasta,Rv2043c|pncA|pncA_p.D8A,0.37214765,Rv2043c,pncA
Rv2043c_pncA.fasta,Rv2043c|pncA|pncA_p.D8A,0.37214765,Rv2043c,pncA
Rv2043c_pncA.fasta,Rv2043c|pncA|pncA_p.D8N,0.29199973,Rv2043c,pncA
Rv2043c_pncA.fasta,Rv2043c|pncA|pncA_p.D8N,0.29199973,Rv2043c,pncA
Rv2043c_pncA.fasta,Rv2043c|pncA|pncA_p.D8E,0.23527507,Rv2043c,pncA
Rv2043c_pncA.fasta,Rv2043c|pncA|pncA_p.D8E,0.23527507,Rv2043c,pncA
Rv2043c_pncA.fasta,Rv2043c|pncA|pncA_p.D8G,0.48705465,Rv2043c,pncA
Rv2043c_pncA.fasta,Rv2043c|pncA|pncA_p.D8G,0.48705465,Rv2043c,pncA
Rv2043c_pncA.fasta,Rv2043c|pncA|pncA_p.D8G,0.48705465,Rv2043c,pncA
Rv2043c_pncA.fasta,Rv2043c|pncA|pncA_p.D8G,0.48705465,Rv2043c,pncA
Rv2043c_pncA.fasta,Rv2043c|pncA|pncA_p.D8H,0.3597401,Rv2043c,pncA
Rv2043c_pncA.fasta,Rv2043c|pncA|pncA_p.D8H,0.3597401,Rv2043c,pncA
Rv2043c_pncA.fasta,Rv2043c|pncA|pncA_p.D8Y,0.52296025,Rv2043c,pncA
Rv2043c_pncA.fasta,Rv2043c|pncA|pncA_p.D8Y,0.52296025,Rv2043c,pncA
Rv2043c_pncA.fasta,Rv2043c|pncA|pncA_p.C138R,0.14805748,Rv2043c,pncA
Rv2043c_pncA.fasta,Rv2043c|pncA|pncA_p.C138R,0.14805748,Rv2043c,pncA
Rv2043c_pncA.fasta,Rv2043c|pncA|pncA_p.C138R,0.14805748,Rv2043c,pncA
Rv2043c_pncA.fasta,Rv2043c|pncA|pncA_p.C138R,0.14805748,Rv2043c,pncA
Rv2043c_pncA.fasta,Rv2043c|pncA|pncA_p.C138R,0.14805748,Rv2043c,pncA
Rv2043c_pncA.fasta,Rv2043c|pncA|pncA_p.C138R,0.14805748,Rv2043c,pncA
Rv2043c_pncA.fasta,Rv2043c|pncA|pncA_p.C14R,0.11823758,Rv2043c,pncA
Rv2043c_pncA.fasta,Rv2043c|pncA|pncA_p.C14R,0.11823758,Rv2043c,pncA
Rv2043c_pncA.fasta,Rv2043c|pncA|pncA_p.C14R,0.11823758,Rv2043c,pncA
Rv2043c_pncA.fasta,Rv2043c|pncA|pncA_p.C14R,0.11823758,Rv2043c,pncA
Rv2043c_pncA.fasta,Rv2043c|pncA|pncA_p.C14R,0.11823758,Rv2043c,pncA
Rv2043c_pncA.fasta,Rv2043c|pncA|pncA_p.C14R,0.11823758,Rv2043c,pncA
Rv2043c_pncA.fasta,Rv2043c|pncA|pncA_p.C14W,0.11603834,Rv2043c,pncA
Rv2043c_pncA.fasta,Rv2043c|pncA|pncA_p.C72R,0.14315595,Rv2043c,pncA
Rv2043c_pncA.fasta,Rv2043c|pncA|pncA_p.C72R,0.14315595,Rv2043c,pncA
Rv2043c_pncA.fasta,Rv2043c|pncA|pncA_p.C72R,0.14315595,Rv2043c,pncA
Rv2043c_pncA.fasta,Rv2043c|pncA|pncA_p.C72R,0.14315595,Rv2043c,pncA
Rv2043c_pncA.fasta,Rv2043c|pncA|pncA_p.C72R,0.14315595,Rv2043c,pncA
Rv2043c_pncA.fasta,Rv2043c|pncA|pncA_p.C72R,0.14315595,Rv2043c,pncA
Rv2043c_pncA.fasta,Rv2043c|pncA|pncA_p.C72Y,0.1375825,Rv2043c,pncA
Rv2043c_pncA.fasta,Rv2043c|pncA|pncA_p.C72Y,0.1375825,Rv2043c,pncA
Rv2043c_pncA.fasta,Rv2043c|pncA|pncA_p.Q10R,0.22176777,Rv2043c,pncA
Rv2043c_pncA.fasta,Rv2043c|pncA|pncA_p.Q10R,0.22176777,Rv2043c,pncA
Rv2043c_pncA.fasta,Rv2043c|pncA|pncA_p.Q10R,0.22176777,Rv2043c,pncA
Rv2043c_pncA.fasta,Rv2043c|pncA|pncA_p.Q10R,0.22176777,Rv2043c,pncA
Rv2043c_pncA.fasta,Rv2043c|pncA|pncA_p.Q10R,0.22176777,Rv2043c,pncA
Rv2043c_pncA.fasta,Rv2043c|pncA|pncA_p.Q10R,0.22176777,Rv2043c,pncA
Rv2043c_pncA.fasta,Rv2043c|pncA|pncA_p.Q10H,0.2615674,Rv2043c,pncA
Rv2043c_pncA.fasta,Rv2043c|pncA|pncA_p.Q10H,0.2615674,Rv2043c,pncA
Rv2043c_pncA.fasta,Rv2043c|pncA|pncA_p.Q10H,0.2615674,Rv2043c,pncA
Rv2043c_pncA.fasta,Rv2043c|pncA|pncA_p.Q10H,0.2615674,Rv2043c,pncA
Rv2043c_pncA.fasta,Rv2043c|pncA|pncA_p.Q10P,0.30593136,Rv2043c,pncA
Rv2043c_pncA.fasta,Rv2043c|pncA|pncA_p.Q10P,0.30593136,Rv2043c,pncA
Rv2043c_pncA.fasta,Rv2043c|pncA|pncA_p.Q10P,0.30593136,Rv2043c,pncA
Rv2043c_pncA.fasta,Rv2043c|pncA|pncA_p.Q10P,0.30593136,Rv2043c,pncA
Rv2043c_pncA.fasta,Rv2043c|pncA|pncA_p.Q141P,0.13649213,Rv2043c,pncA
Rv2043c_pncA.fasta,Rv2043c|pncA|pncA_p.Q141P,0.13649213,Rv2043c,pncA
Rv2043c_pncA.fasta,Rv2043c|pncA|pncA_p.Q141P,0.13649213,Rv2043c,pncA
Rv2043c_pncA.fasta,Rv2043c|pncA|pncA_p.Q141P,0.13649213,Rv2043c,pncA
Rv2043c_pncA.fasta,Rv2043c|pncA|pncA_p.G105D,0.0887041,Rv2043c,pncA
Rv2043c_pncA.fasta,Rv2043c|pncA|pncA_p.G105D,0.0887041,Rv2043c,pncA
Rv2043c_pncA.fasta,Rv2043c|pncA|pncA_p.G105V,0.081643455,Rv2043c,pncA
Rv2043c_pncA.fasta,Rv2043c|pncA|pncA_p.G105V,0.081643455,Rv2043c,pncA
Rv2043c_pncA.fasta,Rv2043c|pncA|pncA_p.G105V,0.081643455,Rv2043c,pncA
Rv2043c_pncA.fasta,Rv2043c|pncA|pncA_p.G105V,0.081643455,Rv2043c,pncA
Rv2043c_pncA.fasta,Rv2043c|pncA|pncA_p.G108R,0.1061546,Rv2043c,pncA
Rv2043c_pncA.fasta,Rv2043c|pncA|pncA_p.G108R,0.1061546,Rv2043c,pncA
Rv2043c_pncA.fasta,Rv2043c|pncA|pncA_p.G108R,0.1061546,Rv2043c,pncA
Rv2043c_pncA.fasta,Rv2043c|pncA|pncA_p.G108R,0.1061546,Rv2043c,pncA
Rv2043c_pncA.fasta,Rv2043c|pncA|pncA_p.G108R,0.1061546,Rv2043c,pncA
Rv2043c_pncA.fasta,Rv2043c|pncA|pncA_p.G108R,0.1061546,Rv2043c,pncA
Rv2043c_pncA.fasta,Rv2043c|pncA|pncA_p.G108E,0.09137627,Rv2043c,pncA
Rv2043c_pncA.fasta,Rv2043c|pncA|pncA_p.G108E,0.09137627,Rv2043c,pncA
Rv2043c_pncA.fasta,Rv2043c|pncA|pncA_p.G132A,0.5000849,Rv2043c,pncA
Rv2043c_pncA.fasta,Rv2043c|pncA|pncA_p.G132A,0.5000849,Rv2043c,pncA
Rv2043c_pncA.fasta,Rv2043c|pncA|pncA_p.G132A,0.5000849,Rv2043c,pncA
Rv2043c_pncA.fasta,Rv2043c|pncA|pncA_p.G132A,0.5000849,Rv2043c,pncA
Rv2043c_pncA.fasta,Rv2043c|pncA|pncA_p.G132D,0.57630485,Rv2043c,pncA
Rv2043c_pncA.fasta,Rv2043c|pncA|pncA_p.G132D,0.57630485,Rv2043c,pncA
Rv2043c_pncA.fasta,Rv2043c|pncA|pncA_p.G132C,0.442343,Rv2043c,pncA
Rv2043c_pncA.fasta,Rv2043c|pncA|pncA_p.G132C,0.442343,Rv2043c,pncA
Rv2043c_pncA.fasta,Rv2043c|pncA|pncA_p.G132S,0.48500073,Rv2043c,pncA
Rv2043c_pncA.fasta,Rv2043c|pncA|pncA_p.G132S,0.48500073,Rv2043c,pncA
Rv2043c_pncA.fasta,Rv2043c|pncA|pncA_p.G132S,0.48500073,Rv2043c,pncA
Rv2043c_pncA.fasta,Rv2043c|pncA|pncA_p.G132S,0.48500073,Rv2043c,pncA
Rv2043c_pncA.fasta,Rv2043c|pncA|pncA_p.G132S,0.48500073,Rv2043c,pncA
Rv2043c_pncA.fasta,Rv2043c|pncA|pncA_p.G132S,0.48500073,Rv2043c,pncA
Rv2043c_pncA.fasta,Rv2043c|pncA|pncA_p.G162D,0.07940184,Rv2043c,pncA
Rv2043c_pncA.fasta,Rv2043c|pncA|pncA_p.G162D,0.07940184,Rv2043c,pncA
Rv2043c_pncA.fasta,Rv2043c|pncA|pncA_p.G17D,0.11648206,Rv2043c,pncA
Rv2043c_pncA.fasta,Rv2043c|pncA|pncA_p.G17D,0.11648206,Rv2043c,pncA
Rv2043c_pncA.fasta,Rv2043c|pncA|pncA_p.G24D,0.10495308,Rv2043c,pncA
Rv2043c_pncA.fasta,Rv2043c|pncA|pncA_p.G24D,0.10495308,Rv2043c,pncA
Rv2043c_pncA.fasta,Rv2043c|pncA|pncA_p.G78D,0.06194632,Rv2043c,pncA
Rv2043c_pncA.fasta,Rv2043c|pncA|pncA_p.G78D,0.06194632,Rv2043c,pncA
Rv2043c_pncA.fasta,Rv2043c|pncA|pncA_p.G78S,0.06528176,Rv2043c,pncA
Rv2043c_pncA.fasta,Rv2043c|pncA|pncA_p.G78S,0.06528176,Rv2043c,pncA
Rv2043c_pncA.fasta,Rv2043c|pncA|pncA_p.G78S,0.06528176,Rv2043c,pncA
Rv2043c_pncA.fasta,Rv2043c|pncA|pncA_p.G78S,0.06528176,Rv2043c,pncA
Rv2043c_pncA.fasta,Rv2043c|pncA|pncA_p.G78S,0.06528176,Rv2043c,pncA
Rv2043c_pncA.fasta,Rv2043c|pncA|pncA_p.G78S,0.06528176,Rv2043c,pncA
Rv2043c_pncA.fasta,Rv2043c|pncA|pncA_p.G78V,0.0647368,Rv2043c,pncA
Rv2043c_pncA.fasta,Rv2043c|pncA|pncA_p.G78V,0.0647368,Rv2043c,pncA
Rv2043c_pncA.fasta,Rv2043c|pncA|pncA_p.G78V,0.0647368,Rv2043c,pncA
Rv2043c_pncA.fasta,Rv2043c|pncA|pncA_p.G78V,0.0647368,Rv2043c,pncA
Rv2043c_pncA.fasta,Rv2043c|pncA|pncA_p.G97R,0.120745696,Rv2043c,pncA
Rv2043c_pncA.fasta,Rv2043c|pncA|pncA_p.G97R,0.120745696,Rv2043c,pncA
Rv2043c_pncA.fasta,Rv2043c|pncA|pncA_p.G97R,0.120745696,Rv2043c,pncA
Rv2043c_pncA.fasta,Rv2043c|pncA|pncA_p.G97R,0.120745696,Rv2043c,pncA
Rv2043c_pncA.fasta,Rv2043c|pncA|pncA_p.G97R,0.120745696,Rv2043c,pncA
Rv2043c_pncA.fasta,Rv2043c|pncA|pncA_p.G97R,0.120745696,Rv2043c,pncA
Rv2043c_pncA.fasta,Rv2043c|pncA|pncA_p.G97D,0.1048489,Rv2043c,pncA
Rv2043c_pncA.fasta,Rv2043c|pncA|pncA_p.G97D,0.1048489,Rv2043c,pncA
Rv2043c_pncA.fasta,Rv2043c|pncA|pncA_p.G97C,0.091669,Rv2043c,pncA
Rv2043c_pncA.fasta,Rv2043c|pncA|pncA_p.G97C,0.091669,Rv2043c,pncA
Rv2043c_pncA.fasta,Rv2043c|pncA|pncA_p.G97S,0.08147352,Rv2043c,pncA
Rv2043c_pncA.fasta,Rv2043c|pncA|pncA_p.G97S,0.08147352,Rv2043c,pncA
Rv2043c_pncA.fasta,Rv2043c|pncA|pncA_p.G97S,0.08147352,Rv2043c,pncA
Rv2043c_pncA.fasta,Rv2043c|pncA|pncA_p.G97S,0.08147352,Rv2043c,pncA
Rv2043c_pncA.fasta,Rv2043c|pncA|pncA_p.G97S,0.08147352,Rv2043c,pncA
Rv2043c_pncA.fasta,Rv2043c|pncA|pncA_p.G97S,0.08147352,Rv2043c,pncA
Rv2043c_pncA.fasta,Rv2043c|pncA|pncA_p.G97V,0.0950899,Rv2043c,pncA
Rv2043c_pncA.fasta,Rv2043c|pncA|pncA_p.G97V,0.0950899,Rv2043c,pncA
Rv2043c_pncA.fasta,Rv2043c|pncA|pncA_p.G97V,0.0950899,Rv2043c,pncA
Rv2043c_pncA.fasta,Rv2043c|pncA|pncA_p.G97V,0.0950899,Rv2043c,pncA
Rv2043c_pncA.fasta,Rv2043c|pncA|pncA_p.H137P,0.19437374,Rv2043c,pncA
Rv2043c_pncA.fasta,Rv2043c|pncA|pncA_p.H137P,0.19437374,Rv2043c,pncA
Rv2043c_pncA.fasta,Rv2043c|pncA|pncA_p.H137P,0.19437374,Rv2043c,pncA
Rv2043c_pncA.fasta,Rv2043c|pncA|pncA_p.H137P,0.19437374,Rv2043c,pncA
Rv2043c_pncA.fasta,Rv2043c|pncA|pncA_p.H43P,0.08235208,Rv2043c,pncA
Rv2043c_pncA.fasta,Rv2043c|pncA|pncA_p.H43P,0.08235208,Rv2043c,pncA
Rv2043c_pncA.fasta,Rv2043c|pncA|pncA_p.H43P,0.08235208,Rv2043c,pncA
Rv2043c_pncA.fasta,Rv2043c|pncA|pncA_p.H43P,0.08235208,Rv2043c,pncA
Rv2043c_pncA.fasta,Rv2043c|pncA|pncA_p.H51R,0.08050869,Rv2043c,pncA
Rv2043c_pncA.fasta,Rv2043c|pncA|pncA_p.H51R,0.08050869,Rv2043c,pncA
Rv2043c_pncA.fasta,Rv2043c|pncA|pncA_p.H51R,0.08050869,Rv2043c,pncA
Rv2043c_pncA.fasta,Rv2043c|pncA|pncA_p.H51R,0.08050869,Rv2043c,pncA
Rv2043c_pncA.fasta,Rv2043c|pncA|pncA_p.H51R,0.08050869,Rv2043c,pncA
Rv2043c_pncA.fasta,Rv2043c|pncA|pncA_p.H51R,0.08050869,Rv2043c,pncA
Rv2043c_pncA.fasta,Rv2043c|pncA|pncA_p.H51D,0.1022676,Rv2043c,pncA
Rv2043c_pncA.fasta,Rv2043c|pncA|pncA_p.H51D,0.1022676,Rv2043c,pncA
Rv2043c_pncA.fasta,Rv2043c|pncA|pncA_p.H51Q,0.06721053,Rv2043c,pncA
Rv2043c_pncA.fasta,Rv2043c|pncA|pncA_p.H51Q,0.06721053,Rv2043c,pncA
Rv2043c_pncA.fasta,Rv2043c|pncA|pncA_p.H51P,0.10141901,Rv2043c,pncA
Rv2043c_pncA.fasta,Rv2043c|pncA|pncA_p.H51P,0.10141901,Rv2043c,pncA
Rv2043c_pncA.fasta,Rv2043c|pncA|pncA_p.H51P,0.10141901,Rv2043c,pncA
Rv2043c_pncA.fasta,Rv2043c|pncA|pncA_p.H51P,0.10141901,Rv2043c,pncA
Rv2043c_pncA.fasta,Rv2043c|pncA|pncA_p.H51Y,0.08396867,Rv2043c,pncA
Rv2043c_pncA.fasta,Rv2043c|pncA|pncA_p.H51Y,0.08396867,Rv2043c,pncA
Rv2043c_pncA.fasta,Rv2043c|pncA|pncA_p.H57R,0.08490836,Rv2043c,pncA
Rv2043c_pncA.fasta,Rv2043c|pncA|pncA_p.H57R,0.08490836,Rv2043c,pncA
Rv2043c_pncA.fasta,Rv2043c|pncA|pncA_p.H57R,0.08490836,Rv2043c,pncA
Rv2043c_pncA.fasta,Rv2043c|pncA|pncA_p.H57R,0.08490836,Rv2043c,pncA
Rv2043c_pncA.fasta,Rv2043c|pncA|pncA_p.H57R,0.08490836,Rv2043c,pncA
Rv2043c_pncA.fasta,Rv2043c|pncA|pncA_p.H57R,0.08490836,Rv2043c,pncA
Rv2043c_pncA.fasta,Rv2043c|pncA|pncA_p.H57D,0.09393758,Rv2043c,pncA
Rv2043c_pncA.fasta,Rv2043c|pncA|pncA_p.H57D,0.09393758,Rv2043c,pncA
Rv2043c_pncA.fasta,Rv2043c|pncA|pncA_p.H57Q,0.065234676,Rv2043c,pncA
Rv2043c_pncA.fasta,Rv2043c|pncA|pncA_p.H57Q,0.065234676,Rv2043c,pncA
Rv2043c_pncA.fasta,Rv2043c|pncA|pncA_p.H57L,0.07371336,Rv2043c,pncA
Rv2043c_pncA.fasta,Rv2043c|pncA|pncA_p.H57L,0.07371336,Rv2043c,pncA
Rv2043c_pncA.fasta,Rv2043c|pncA|pncA_p.H57L,0.07371336,Rv2043c,pncA
Rv2043c_pncA.fasta,Rv2043c|pncA|pncA_p.H57L,0.07371336,Rv2043c,pncA
Rv2043c_pncA.fasta,Rv2043c|pncA|pncA_p.H57L,0.07371336,Rv2043c,pncA
Rv2043c_pncA.fasta,Rv2043c|pncA|pncA_p.H57L,0.07371336,Rv2043c,pncA
Rv2043c_pncA.fasta,Rv2043c|pncA|pncA_p.H57Y,0.09053527,Rv2043c,pncA
Rv2043c_pncA.fasta,Rv2043c|pncA|pncA_p.H57Y,0.09053527,Rv2043c,pncA
Rv2043c_pncA.fasta,Rv2043c|pncA|pncA_p.H71R,0.079203,Rv2043c,pncA
Rv2043c_pncA.fasta,Rv2043c|pncA|pncA_p.H71R,0.079203,Rv2043c,pncA
Rv2043c_pncA.fasta,Rv2043c|pncA|pncA_p.H71R,0.079203,Rv2043c,pncA
Rv2043c_pncA.fasta,Rv2043c|pncA|pncA_p.H71R,0.079203,Rv2043c,pncA
Rv2043c_pncA.fasta,Rv2043c|pncA|pncA_p.H71R,0.079203,Rv2043c,pncA
Rv2043c_pncA.fasta,Rv2043c|pncA|pncA_p.H71R,0.079203,Rv2043c,pncA
Rv2043c_pncA.fasta,Rv2043c|pncA|pncA_p.H71P,0.09542651,Rv2043c,pncA
Rv2043c_pncA.fasta,Rv2043c|pncA|pncA_p.H71P,0.09542651,Rv2043c,pncA
Rv2043c_pncA.fasta,Rv2043c|pncA|pncA_p.H71P,0.09542651,Rv2043c,pncA
Rv2043c_pncA.fasta,Rv2043c|pncA|pncA_p.H71P,0.09542651,Rv2043c,pncA
Rv2043c_pncA.fasta,Rv2043c|pncA|pncA_p.H71Y,0.088991135,Rv2043c,pncA
Rv2043c_pncA.fasta,Rv2043c|pncA|pncA_p.H71Y,0.088991135,Rv2043c,pncA
Rv2043c_pncA.fasta,Rv2043c|pncA|pncA_p.H82R,0.0698758,Rv2043c,pncA
Rv2043c_pncA.fasta,Rv2043c|pncA|pncA_p.H82R,0.0698758,Rv2043c,pncA
Rv2043c_pncA.fasta,Rv2043c|pncA|pncA_p.H82R,0.0698758,Rv2043c,pncA
Rv2043c_pncA.fasta,Rv2043c|pncA|pncA_p.H82R,0.0698758,Rv2043c,pncA
Rv2043c_pncA.fasta,Rv2043c|pncA|pncA_p.H82R,0.0698758,Rv2043c,pncA
Rv2043c_pncA.fasta,Rv2043c|pncA|pncA_p.H82R,0.0698758,Rv2043c,pncA
Rv2043c_pncA.fasta,Rv2043c|pncA|pncA_p.I133T,0.11835322,Rv2043c,pncA
Rv2043c_pncA.fasta,Rv2043c|pncA|pncA_p.I133T,0.11835322,Rv2043c,pncA
Rv2043c_pncA.fasta,Rv2043c|pncA|pncA_p.I133T,0.11835322,Rv2043c,pncA
Rv2043c_pncA.fasta,Rv2043c|pncA|pncA_p.I133T,0.11835322,Rv2043c,pncA
Rv2043c_pncA.fasta,Rv2043c|pncA|pncA_p.I31S,0.16725728,Rv2043c,pncA
Rv2043c_pncA.fasta,Rv2043c|pncA|pncA_p.I31S,0.16725728,Rv2043c,pncA
Rv2043c_pncA.fasta,Rv2043c|pncA|pncA_p.I31S,0.16725728,Rv2043c,pncA
Rv2043c_pncA.fasta,Rv2043c|pncA|pncA_p.I31S,0.16725728,Rv2043c,pncA
Rv2043c_pncA.fasta,Rv2043c|pncA|pncA_p.I31S,0.16725728,Rv2043c,pncA
Rv2043c_pncA.fasta,Rv2043c|pncA|pncA_p.I31S,0.16725728,Rv2043c,pncA
Rv2043c_pncA.fasta,Rv2043c|pncA|pncA_p.I31T,0.14826892,Rv2043c,pncA
Rv2043c_pncA.fasta,Rv2043c|pncA|pncA_p.I31T,0.14826892,Rv2043c,pncA
Rv2043c_pncA.fasta,Rv2043c|pncA|pncA_p.I31T,0.14826892,Rv2043c,pncA
Rv2043c_pncA.fasta,Rv2043c|pncA|pncA_p.I31T,0.14826892,Rv2043c,pncA
Rv2043c_pncA.fasta,Rv2043c|pncA|pncA_p.I5S,0.27652565,Rv2043c,pncA
Rv2043c_pncA.fasta,Rv2043c|pncA|pncA_p.I5S,0.27652565,Rv2043c,pncA
Rv2043c_pncA.fasta,Rv2043c|pncA|pncA_p.I5S,0.27652565,Rv2043c,pncA
Rv2043c_pncA.fasta,Rv2043c|pncA|pncA_p.I5S,0.27652565,Rv2043c,pncA
Rv2043c_pncA.fasta,Rv2043c|pncA|pncA_p.I5S,0.27652565,Rv2043c,pncA
Rv2043c_pncA.fasta,Rv2043c|pncA|pncA_p.I5S,0.27652565,Rv2043c,pncA
Rv2043c_pncA.fasta,Rv2043c|pncA|pncA_p.I6T,0.27887163,Rv2043c,pncA
Rv2043c_pncA.fasta,Rv2043c|pncA|pncA_p.I6T,0.27887163,Rv2043c,pncA
Rv2043c_pncA.fasta,Rv2043c|pncA|pncA_p.I6T,0.27887163,Rv2043c,pncA
Rv2043c_pncA.fasta,Rv2043c|pncA|pncA_p.I6T,0.27887163,Rv2043c,pncA
Rv2043c_pncA.fasta,Rv2043c|pncA|pncA_p.I90N,0.09594552,Rv2043c,pncA
Rv2043c_pncA.fasta,Rv2043c|pncA|pncA_p.I90N,0.09594552,Rv2043c,pncA
Rv2043c_pncA.fasta,Rv2043c|pncA|pncA_p.I90S,0.10008956,Rv2043c,pncA
Rv2043c_pncA.fasta,Rv2043c|pncA|pncA_p.I90S,0.10008956,Rv2043c,pncA
Rv2043c_pncA.fasta,Rv2043c|pncA|pncA_p.I90S,0.10008956,Rv2043c,pncA
Rv2043c_pncA.fasta,Rv2043c|pncA|pncA_p.I90S,0.10008956,Rv2043c,pncA
Rv2043c_pncA.fasta,Rv2043c|pncA|pncA_p.I90S,0.10008956,Rv2043c,pncA
Rv2043c_pncA.fasta,Rv2043c|pncA|pncA_p.I90S,0.10008956,Rv2043c,pncA
Rv2043c_pncA.fasta,Rv2043c|pncA|pncA_p.I90T,0.095910996,Rv2043c,pncA
Rv2043c_pncA.fasta,Rv2043c|pncA|pncA_p.I90T,0.095910996,Rv2043c,pncA
Rv2043c_pncA.fasta,Rv2043c|pncA|pncA_p.I90T,0.095910996,Rv2043c,pncA
Rv2043c_pncA.fasta,Rv2043c|pncA|pncA_p.I90T,0.095910996,Rv2043c,pncA
Rv2043c_pncA.fasta,Rv2043c|pncA|pncA_p.L116R,0.10042293,Rv2043c,pncA
Rv2043c_pncA.fasta,Rv2043c|pncA|pncA_p.L116R,0.10042293,Rv2043c,pncA
Rv2043c_pncA.fasta,Rv2043c|pncA|pncA_p.L116R,0.10042293,Rv2043c,pncA
Rv2043c_pncA.fasta,Rv2043c|pncA|pncA_p.L116R,0.10042293,Rv2043c,pncA
Rv2043c_pncA.fasta,Rv2043c|pncA|pncA_p.L116R,0.10042293,Rv2043c,pncA
Rv2043c_pncA.fasta,Rv2043c|pncA|pncA_p.L116R,0.10042293,Rv2043c,pncA
Rv2043c_pncA.fasta,Rv2043c|pncA|pncA_p.L116P,0.09967724,Rv2043c,pncA
Rv2043c_pncA.fasta,Rv2043c|pncA|pncA_p.L116P,0.09967724,Rv2043c,pncA
Rv2043c_pncA.fasta,Rv2043c|pncA|pncA_p.L116P,0.09967724,Rv2043c,pncA
Rv2043c_pncA.fasta,Rv2043c|pncA|pncA_p.L116P,0.09967724,Rv2043c,pncA
Rv2043c_pncA.fasta,Rv2043c|pncA|pncA_p.L120R,0.23592493,Rv2043c,pncA
Rv2043c_pncA.fasta,Rv2043c|pncA|pncA_p.L120R,0.23592493,Rv2043c,pncA
Rv2043c_pncA.fasta,Rv2043c|pncA|pncA_p.L120R,0.23592493,Rv2043c,pncA
Rv2043c_pncA.fasta,Rv2043c|pncA|pncA_p.L120R,0.23592493,Rv2043c,pncA
Rv2043c_pncA.fasta,Rv2043c|pncA|pncA_p.L120R,0.23592493,Rv2043c,pncA
Rv2043c_pncA.fasta,Rv2043c|pncA|pncA_p.L120R,0.23592493,Rv2043c,pncA
Rv2043c_pncA.fasta,Rv2043c|pncA|pncA_p.L120Q,0.19874503,Rv2043c,pncA
Rv2043c_pncA.fasta,Rv2043c|pncA|pncA_p.L120Q,0.19874503,Rv2043c,pncA
Rv2043c_pncA.fasta,Rv2043c|pncA|pncA_p.L120P,0.31588387,Rv2043c,pncA
Rv2043c_pncA.fasta,Rv2043c|pncA|pncA_p.L120P,0.31588387,Rv2043c,pncA
Rv2043c_pncA.fasta,Rv2043c|pncA|pncA_p.L120P,0.31588387,Rv2043c,pncA
Rv2043c_pncA.fasta,Rv2043c|pncA|pncA_p.L120P,0.31588387,Rv2043c,pncA
Rv2043c_pncA.fasta,Rv2043c|pncA|pncA_p.L151S,0.15603597,Rv2043c,pncA
Rv2043c_pncA.fasta,Rv2043c|pncA|pncA_p.L151S,0.15603597,Rv2043c,pncA
Rv2043c_pncA.fasta,Rv2043c|pncA|pncA_p.L151S,0.15603597,Rv2043c,pncA
Rv2043c_pncA.fasta,Rv2043c|pncA|pncA_p.L151S,0.15603597,Rv2043c,pncA
Rv2043c_pncA.fasta,Rv2043c|pncA|pncA_p.L151S,0.15603597,Rv2043c,pncA
Rv2043c_pncA.fasta,Rv2043c|pncA|pncA_p.L151S,0.15603597,Rv2043c,pncA
Rv2043c_pncA.fasta,Rv2043c|pncA|pncA_p.L159R,0.11891422,Rv2043c,pncA
Rv2043c_pncA.fasta,Rv2043c|pncA|pncA_p.L159R,0.11891422,Rv2043c,pncA
Rv2043c_pncA.fasta,Rv2043c|pncA|pncA_p.L159R,0.11891422,Rv2043c,pncA
Rv2043c_pncA.fasta,Rv2043c|pncA|pncA_p.L159R,0.11891422,Rv2043c,pncA
Rv2043c_pncA.fasta,Rv2043c|pncA|pncA_p.L159R,0.11891422,Rv2043c,pncA
Rv2043c_pncA.fasta,Rv2043c|pncA|pncA_p.L159R,0.11891422,Rv2043c,pncA
Rv2043c_pncA.fasta,Rv2043c|pncA|pncA_p.L159P,0.12798642,Rv2043c,pncA
Rv2043c_pncA.fasta,Rv2043c|pncA|pncA_p.L159P,0.12798642,Rv2043c,pncA
Rv2043c_pncA.fasta,Rv2043c|pncA|pncA_p.L159P,0.12798642,Rv2043c,pncA
Rv2043c_pncA.fasta,Rv2043c|pncA|pncA_p.L159P,0.12798642,Rv2043c,pncA
Rv2043c_pncA.fasta,Rv2043c|pncA|pncA_p.L159V,0.052354004,Rv2043c,pncA
Rv2043c_pncA.fasta,Rv2043c|pncA|pncA_p.L159V,0.052354004,Rv2043c,pncA
Rv2043c_pncA.fasta,Rv2043c|pncA|pncA_p.L159V,0.052354004,Rv2043c,pncA
Rv2043c_pncA.fasta,Rv2043c|pncA|pncA_p.L159V,0.052354004,Rv2043c,pncA
Rv2043c_pncA.fasta,Rv2043c|pncA|pncA_p.L172P,0.14035377,Rv2043c,pncA
Rv2043c_pncA.fasta,Rv2043c|pncA|pncA_p.L172P,0.14035377,Rv2043c,pncA
Rv2043c_pncA.fasta,Rv2043c|pncA|pncA_p.L172P,0.14035377,Rv2043c,pncA
Rv2043c_pncA.fasta,Rv2043c|pncA|pncA_p.L172P,0.14035377,Rv2043c,pncA
Rv2043c_pncA.fasta,Rv2043c|pncA|pncA_p.L182S,0.11316573,Rv2043c,pncA
Rv2043c_pncA.fasta,Rv2043c|pncA|pncA_p.L182S,0.11316573,Rv2043c,pncA
Rv2043c_pncA.fasta,Rv2043c|pncA|pncA_p.L182S,0.11316573,Rv2043c,pncA
Rv2043c_pncA.fasta,Rv2043c|pncA|pncA_p.L182S,0.11316573,Rv2043c,pncA
Rv2043c_pncA.fasta,Rv2043c|pncA|pncA_p.L182S,0.11316573,Rv2043c,pncA
Rv2043c_pncA.fasta,Rv2043c|pncA|pncA_p.L182S,0.11316573,Rv2043c,pncA
Rv2043c_pncA.fasta,Rv2043c|pncA|pncA_p.L182W,0.072666526,Rv2043c,pncA
Rv2043c_pncA.fasta,Rv2043c|pncA|pncA_p.L19P,0.109307125,Rv2043c,pncA
Rv2043c_pncA.fasta,Rv2043c|pncA|pncA_p.L19P,0.109307125,Rv2043c,pncA
Rv2043c_pncA.fasta,Rv2043c|pncA|pncA_p.L19P,0.109307125,Rv2043c,pncA
Rv2043c_pncA.fasta,Rv2043c|pncA|pncA_p.L19P,0.109307125,Rv2043c,pncA
Rv2043c_pncA.fasta,Rv2043c|pncA|pncA_p.L27P,0.14044605,Rv2043c,pncA
Rv2043c_pncA.fasta,Rv2043c|pncA|pncA_p.L27P,0.14044605,Rv2043c,pncA
Rv2043c_pncA.fasta,Rv2043c|pncA|pncA_p.L27P,0.14044605,Rv2043c,pncA
Rv2043c_pncA.fasta,Rv2043c|pncA|pncA_p.L27P,0.14044605,Rv2043c,pncA
Rv2043c_pncA.fasta,Rv2043c|pncA|pncA_p.L35P,0.18027063,Rv2043c,pncA
Rv2043c_pncA.fasta,Rv2043c|pncA|pncA_p.L35P,0.18027063,Rv2043c,pncA
Rv2043c_pncA.fasta,Rv2043c|pncA|pncA_p.L35P,0.18027063,Rv2043c,pncA
Rv2043c_pncA.fasta,Rv2043c|pncA|pncA_p.L35P,0.18027063,Rv2043c,pncA
Rv2043c_pncA.fasta,Rv2043c|pncA|pncA_p.L35P,0.18027063,Rv2043c,pncA
Rv2043c_pncA.fasta,Rv2043c|pncA|pncA_p.L4S,0.2811962,Rv2043c,pncA
Rv2043c_pncA.fasta,Rv2043c|pncA|pncA_p.L4S,0.2811962,Rv2043c,pncA
Rv2043c_pncA.fasta,Rv2043c|pncA|pncA_p.L4S,0.2811962,Rv2043c,pncA
Rv2043c_pncA.fasta,Rv2043c|pncA|pncA_p.L4S,0.2811962,Rv2043c,pncA
Rv2043c_pncA.fasta,Rv2043c|pncA|pncA_p.L4S,0.2811962,Rv2043c,pncA
Rv2043c_pncA.fasta,Rv2043c|pncA|pncA_p.L4S,0.2811962,Rv2043c,pncA
Rv2043c_pncA.fasta,Rv2043c|pncA|pncA_p.L4W,0.15395597,Rv2043c,pncA
Rv2043c_pncA.fasta,Rv2043c|pncA|pncA_p.L85R,0.073331945,Rv2043c,pncA
Rv2043c_pncA.fasta,Rv2043c|pncA|pncA_p.L85R,0.073331945,Rv2043c,pncA
Rv2043c_pncA.fasta,Rv2043c|pncA|pncA_p.L85R,0.073331945,Rv2043c,pncA
Rv2043c_pncA.fasta,Rv2043c|pncA|pncA_p.L85R,0.073331945,Rv2043c,pncA
Rv2043c_pncA.fasta,Rv2043c|pncA|pncA_p.L85R,0.073331945,Rv2043c,pncA
Rv2043c_pncA.fasta,Rv2043c|pncA|pncA_p.L85R,0.073331945,Rv2043c,pncA
Rv2043c_pncA.fasta,Rv2043c|pncA|pncA_p.L85P,0.06198031,Rv2043c,pncA
Rv2043c_pncA.fasta,Rv2043c|pncA|pncA_p.L85P,0.06198031,Rv2043c,pncA
Rv2043c_pncA.fasta,Rv2043c|pncA|pncA_p.L85P,0.06198031,Rv2043c,pncA
Rv2043c_pncA.fasta,Rv2043c|pncA|pncA_p.L85P,0.06198031,Rv2043c,pncA
Rv2043c_pncA.fasta,Rv2043c|pncA|pncA_p.K48E,0.13605897,Rv2043c,pncA
Rv2043c_pncA.fasta,Rv2043c|pncA|pncA_p.K48E,0.13605897,Rv2043c,pncA
Rv2043c_pncA.fasta,Rv2043c|pncA|pncA_p.K48T,0.12981245,Rv2043c,pncA
Rv2043c_pncA.fasta,Rv2043c|pncA|pncA_p.K48T,0.12981245,Rv2043c,pncA
Rv2043c_pncA.fasta,Rv2043c|pncA|pncA_p.K48T,0.12981245,Rv2043c,pncA
Rv2043c_pncA.fasta,Rv2043c|pncA|pncA_p.K48T,0.12981245,Rv2043c,pncA
Rv2043c_pncA.fasta,Rv2043c|pncA|pncA_p.K96R,0.10797323,Rv2043c,pncA
Rv2043c_pncA.fasta,Rv2043c|pncA|pncA_p.K96R,0.10797323,Rv2043c,pncA
Rv2043c_pncA.fasta,Rv2043c|pncA|pncA_p.K96R,0.10797323,Rv2043c,pncA
Rv2043c_pncA.fasta,Rv2043c|pncA|pncA_p.K96R,0.10797323,Rv2043c,pncA
Rv2043c_pncA.fasta,Rv2043c|pncA|pncA_p.K96R,0.10797323,Rv2043c,pncA
Rv2043c_pncA.fasta,Rv2043c|pncA|pncA_p.K96R,0.10797323,Rv2043c,pncA
Rv2043c_pncA.fasta,Rv2043c|pncA|pncA_p.K96N,0.116370924,Rv2043c,pncA
Rv2043c_pncA.fasta,Rv2043c|pncA|pncA_p.K96N,0.116370924,Rv2043c,pncA
Rv2043c_pncA.fasta,Rv2043c|pncA|pncA_p.K96Q,0.12832706,Rv2043c,pncA
Rv2043c_pncA.fasta,Rv2043c|pncA|pncA_p.K96Q,0.12832706,Rv2043c,pncA
Rv2043c_pncA.fasta,Rv2043c|pncA|pncA_p.K96E,0.14343262,Rv2043c,pncA
Rv2043c_pncA.fasta,Rv2043c|pncA|pncA_p.K96E,0.14343262,Rv2043c,pncA
Rv2043c_pncA.fasta,Rv2043c|pncA|pncA_p.K96T,0.2480569,Rv2043c,pncA
Rv2043c_pncA.fasta,Rv2043c|pncA|pncA_p.K96T,0.2480569,Rv2043c,pncA
Rv2043c_pncA.fasta,Rv2043c|pncA|pncA_p.K96T,0.2480569,Rv2043c,pncA
Rv2043c_pncA.fasta,Rv2043c|pncA|pncA_p.K96T,0.2480569,Rv2043c,pncA
Rv2043c_pncA.fasta,Rv2043c|pncA|pncA_p.M175R,0.12646419,Rv2043c,pncA
Rv2043c_pncA.fasta,Rv2043c|pncA|pncA_p.M175R,0.12646419,Rv2043c,pncA
Rv2043c_pncA.fasta,Rv2043c|pncA|pncA_p.M175R,0.12646419,Rv2043c,pncA
Rv2043c_pncA.fasta,Rv2043c|pncA|pncA_p.M175R,0.12646419,Rv2043c,pncA
Rv2043c_pncA.fasta,Rv2043c|pncA|pncA_p.M175R,0.12646419,Rv2043c,pncA
Rv2043c_pncA.fasta,Rv2043c|pncA|pncA_p.M175R,0.12646419,Rv2043c,pncA
Rv2043c_pncA.fasta,Rv2043c|pncA|pncA_p.M175I,0.06976552,Rv2043c,pncA
Rv2043c_pncA.fasta,Rv2043c|pncA|pncA_p.M175I,0.06976552,Rv2043c,pncA
Rv2043c_pncA.fasta,Rv2043c|pncA|pncA_p.M175I,0.06976552,Rv2043c,pncA
Rv2043c_pncA.fasta,Rv2043c|pncA|pncA_p.M175T,0.11533449,Rv2043c,pncA
Rv2043c_pncA.fasta,Rv2043c|pncA|pncA_p.M175T,0.11533449,Rv2043c,pncA
Rv2043c_pncA.fasta,Rv2043c|pncA|pncA_p.M175T,0.11533449,Rv2043c,pncA
Rv2043c_pncA.fasta,Rv2043c|pncA|pncA_p.M175T,0.11533449,Rv2043c,pncA
Rv2043c_pncA.fasta,Rv2043c|pncA|pncA_p.M175V,0.09246652,Rv2043c,pncA
Rv2043c_pncA.fasta,Rv2043c|pncA|pncA_p.M175V,0.09246652,Rv2043c,pncA
Rv2043c_pncA.fasta,Rv2043c|pncA|pncA_p.M175V,0.09246652,Rv2043c,pncA
Rv2043c_pncA.fasta,Rv2043c|pncA|pncA_p.M175V,0.09246652,Rv2043c,pncA
Rv2043c_pncA.fasta,Rv2043c|pncA|pncA_p.M175V,0.09246652,Rv2043c,pncA
Rv2043c_pncA.fasta,Rv2043c|pncA|pncA_p.F106L,0.049287833,Rv2043c,pncA
Rv2043c_pncA.fasta,Rv2043c|pncA|pncA_p.F106L,0.049287833,Rv2043c,pncA
Rv2043c_pncA.fasta,Rv2043c|pncA|pncA_p.F106L,0.049287833,Rv2043c,pncA
Rv2043c_pncA.fasta,Rv2043c|pncA|pncA_p.F106L,0.049287833,Rv2043c,pncA
Rv2043c_pncA.fasta,Rv2043c|pncA|pncA_p.F106L,0.049287833,Rv2043c,pncA
Rv2043c_pncA.fasta,Rv2043c|pncA|pncA_p.F106L,0.049287833,Rv2043c,pncA
Rv2043c_pncA.fasta,Rv2043c|pncA|pncA_p.F106S,0.071318075,Rv2043c,pncA
Rv2043c_pncA.fasta,Rv2043c|pncA|pncA_p.F106S,0.071318075,Rv2043c,pncA
Rv2043c_pncA.fasta,Rv2043c|pncA|pncA_p.F106S,0.071318075,Rv2043c,pncA
Rv2043c_pncA.fasta,Rv2043c|pncA|pncA_p.F106S,0.071318075,Rv2043c,pncA
Rv2043c_pncA.fasta,Rv2043c|pncA|pncA_p.F106S,0.071318075,Rv2043c,pncA
Rv2043c_pncA.fasta,Rv2043c|pncA|pncA_p.F106S,0.071318075,Rv2043c,pncA
Rv2043c_pncA.fasta,Rv2043c|pncA|pncA_p.F13I,0.07251838,Rv2043c,pncA
Rv2043c_pncA.fasta,Rv2043c|pncA|pncA_p.F13I,0.07251838,Rv2043c,pncA
Rv2043c_pncA.fasta,Rv2043c|pncA|pncA_p.F13I,0.07251838,Rv2043c,pncA
Rv2043c_pncA.fasta,Rv2043c|pncA|pncA_p.F13L,0.090431,Rv2043c,pncA
Rv2043c_pncA.fasta,Rv2043c|pncA|pncA_p.F13L,0.090431,Rv2043c,pncA
Rv2043c_pncA.fasta,Rv2043c|pncA|pncA_p.F13L,0.090431,Rv2043c,pncA
Rv2043c_pncA.fasta,Rv2043c|pncA|pncA_p.F13L,0.090431,Rv2043c,pncA
Rv2043c_pncA.fasta,Rv2043c|pncA|pncA_p.F13L,0.090431,Rv2043c,pncA
Rv2043c_pncA.fasta,Rv2043c|pncA|pncA_p.F13L,0.090431,Rv2043c,pncA
Rv2043c_pncA.fasta,Rv2043c|pncA|pncA_p.F13S,0.20615107,Rv2043c,pncA
Rv2043c_pncA.fasta,Rv2043c|pncA|pncA_p.F13S,0.20615107,Rv2043c,pncA
Rv2043c_pncA.fasta,Rv2043c|pncA|pncA_p.F13S,0.20615107,Rv2043c,pncA
Rv2043c_pncA.fasta,Rv2043c|pncA|pncA_p.F13S,0.20615107,Rv2043c,pncA
Rv2043c_pncA.fasta,Rv2043c|pncA|pncA_p.F13S,0.20615107,Rv2043c,pncA
Rv2043c_pncA.fasta,Rv2043c|pncA|pncA_p.F13S,0.20615107,Rv2043c,pncA
Rv2043c_pncA.fasta,Rv2043c|pncA|pncA_p.F58C,0.08646157,Rv2043c,pncA
Rv2043c_pncA.fasta,Rv2043c|pncA|pncA_p.F58C,0.08646157,Rv2043c,pncA
Rv2043c_pncA.fasta,Rv2043c|pncA|pncA_p.F58L,0.05064637,Rv2043c,pncA
Rv2043c_pncA.fasta,Rv2043c|pncA|pncA_p.F58L,0.05064637,Rv2043c,pncA
Rv2043c_pncA.fasta,Rv2043c|pncA|pncA_p.F58L,0.05064637,Rv2043c,pncA
Rv2043c_pncA.fasta,Rv2043c|pncA|pncA_p.F58L,0.05064637,Rv2043c,pncA
Rv2043c_pncA.fasta,Rv2043c|pncA|pncA_p.F58L,0.05064637,Rv2043c,pncA
Rv2043c_pncA.fasta,Rv2043c|pncA|pncA_p.F58L,0.05064637,Rv2043c,pncA
Rv2043c_pncA.fasta,Rv2043c|pncA|pncA_p.F58S,0.107472986,Rv2043c,pncA
Rv2043c_pncA.fasta,Rv2043c|pncA|pncA_p.F58S,0.107472986,Rv2043c,pncA
Rv2043c_pncA.fasta,Rv2043c|pncA|pncA_p.F58S,0.107472986,Rv2043c,pncA
Rv2043c_pncA.fasta,Rv2043c|pncA|pncA_p.F58S,0.107472986,Rv2043c,pncA
Rv2043c_pncA.fasta,Rv2043c|pncA|pncA_p.F58S,0.107472986,Rv2043c,pncA
Rv2043c_pncA.fasta,Rv2043c|pncA|pncA_p.F58S,0.107472986,Rv2043c,pncA
Rv2043c_pncA.fasta,Rv2043c|pncA|pncA_p.F94C,0.07098738,Rv2043c,pncA
Rv2043c_pncA.fasta,Rv2043c|pncA|pncA_p.F94C,0.07098738,Rv2043c,pncA
Rv2043c_pncA.fasta,Rv2043c|pncA|pncA_p.F94L,0.059521787,Rv2043c,pncA
Rv2043c_pncA.fasta,Rv2043c|pncA|pncA_p.F94L,0.059521787,Rv2043c,pncA
Rv2043c_pncA.fasta,Rv2043c|pncA|pncA_p.F94L,0.059521787,Rv2043c,pncA
Rv2043c_pncA.fasta,Rv2043c|pncA|pncA_p.F94L,0.059521787,Rv2043c,pncA
Rv2043c_pncA.fasta,Rv2043c|pncA|pncA_p.F94L,0.059521787,Rv2043c,pncA
Rv2043c_pncA.fasta,Rv2043c|pncA|pncA_p.F94L,0.059521787,Rv2043c,pncA
Rv2043c_pncA.fasta,Rv2043c|pncA|pncA_p.F94S,0.095859796,Rv2043c,pncA
Rv2043c_pncA.fasta,Rv2043c|pncA|pncA_p.F94S,0.095859796,Rv2043c,pncA
Rv2043c_pncA.fasta,Rv2043c|pncA|pncA_p.F94S,0.095859796,Rv2043c,pncA
Rv2043c_pncA.fasta,Rv2043c|pncA|pncA_p.F94S,0.095859796,Rv2043c,pncA
Rv2043c_pncA.fasta,Rv2043c|pncA|pncA_p.F94S,0.095859796,Rv2043c,pncA
Rv2043c_pncA.fasta,Rv2043c|pncA|pncA_p.F94S,0.095859796,Rv2043c,pncA
Rv2043c_pncA.fasta,Rv2043c|pncA|pncA_p.P54R,0.08534359,Rv2043c,pncA
Rv2043c_pncA.fasta,Rv2043c|pncA|pncA_p.P54R,0.08534359,Rv2043c,pncA
Rv2043c_pncA.fasta,Rv2043c|pncA|pncA_p.P54R,0.08534359,Rv2043c,pncA
Rv2043c_pncA.fasta,Rv2043c|pncA|pncA_p.P54R,0.08534359,Rv2043c,pncA
Rv2043c_pncA.fasta,Rv2043c|pncA|pncA_p.P54R,0.08534359,Rv2043c,pncA
Rv2043c_pncA.fasta,Rv2043c|pncA|pncA_p.P54R,0.08534359,Rv2043c,pncA
Rv2043c_pncA.fasta,Rv2043c|pncA|pncA_p.P54Q,0.073182,Rv2043c,pncA
Rv2043c_pncA.fasta,Rv2043c|pncA|pncA_p.P54Q,0.073182,Rv2043c,pncA
Rv2043c_pncA.fasta,Rv2043c|pncA|pncA_p.P54L,0.089257695,Rv2043c,pncA
Rv2043c_pncA.fasta,Rv2043c|pncA|pncA_p.P54L,0.089257695,Rv2043c,pncA
Rv2043c_pncA.fasta,Rv2043c|pncA|pncA_p.P54L,0.089257695,Rv2043c,pncA
Rv2043c_pncA.fasta,Rv2043c|pncA|pncA_p.P54L,0.089257695,Rv2043c,pncA
Rv2043c_pncA.fasta,Rv2043c|pncA|pncA_p.P54L,0.089257695,Rv2043c,pncA
Rv2043c_pncA.fasta,Rv2043c|pncA|pncA_p.P54L,0.089257695,Rv2043c,pncA
Rv2043c_pncA.fasta,Rv2043c|pncA|pncA_p.P54S,0.07658166,Rv2043c,pncA
Rv2043c_pncA.fasta,Rv2043c|pncA|pncA_p.P54S,0.07658166,Rv2043c,pncA
Rv2043c_pncA.fasta,Rv2043c|pncA|pncA_p.P54S,0.07658166,Rv2043c,pncA
Rv2043c_pncA.fasta,Rv2043c|pncA|pncA_p.P54S,0.07658166,Rv2043c,pncA
Rv2043c_pncA.fasta,Rv2043c|pncA|pncA_p.P54S,0.07658166,Rv2043c,pncA
Rv2043c_pncA.fasta,Rv2043c|pncA|pncA_p.P54S,0.07658166,Rv2043c,pncA
Rv2043c_pncA.fasta,Rv2043c|pncA|pncA_p.P54T,0.07729334,Rv2043c,pncA
Rv2043c_pncA.fasta,Rv2043c|pncA|pncA_p.P54T,0.07729334,Rv2043c,pncA
Rv2043c_pncA.fasta,Rv2043c|pncA|pncA_p.P54T,0.07729334,Rv2043c,pncA
Rv2043c_pncA.fasta,Rv2043c|pncA|pncA_p.P54T,0.07729334,Rv2043c,pncA
Rv2043c_pncA.fasta,Rv2043c|pncA|pncA_p.P62R,0.08296836,Rv2043c,pncA
Rv2043c_pncA.fasta,Rv2043c|pncA|pncA_p.P62R,0.08296836,Rv2043c,pncA
Rv2043c_pncA.fasta,Rv2043c|pncA|pncA_p.P62R,0.08296836,Rv2043c,pncA
Rv2043c_pncA.fasta,Rv2043c|pncA|pncA_p.P62R,0.08296836,Rv2043c,pncA
Rv2043c_pncA.fasta,Rv2043c|pncA|pncA_p.P62R,0.08296836,Rv2043c,pncA
Rv2043c_pncA.fasta,Rv2043c|pncA|pncA_p.P62R,0.08296836,Rv2043c,pncA
Rv2043c_pncA.fasta,Rv2043c|pncA|pncA_p.P62L,0.08030288,Rv2043c,pncA
Rv2043c_pncA.fasta,Rv2043c|pncA|pncA_p.P62L,0.08030288,Rv2043c,pncA
Rv2043c_pncA.fasta,Rv2043c|pncA|pncA_p.P62L,0.08030288,Rv2043c,pncA
Rv2043c_pncA.fasta,Rv2043c|pncA|pncA_p.P62L,0.08030288,Rv2043c,pncA
Rv2043c_pncA.fasta,Rv2043c|pncA|pncA_p.P62L,0.08030288,Rv2043c,pncA
Rv2043c_pncA.fasta,Rv2043c|pncA|pncA_p.P62L,0.08030288,Rv2043c,pncA
Rv2043c_pncA.fasta,Rv2043c|pncA|pncA_p.P62S,0.07095265,Rv2043c,pncA
Rv2043c_pncA.fasta,Rv2043c|pncA|pncA_p.P62S,0.07095265,Rv2043c,pncA
Rv2043c_pncA.fasta,Rv2043c|pncA|pncA_p.P62S,0.07095265,Rv2043c,pncA
Rv2043c_pncA.fasta,Rv2043c|pncA|pncA_p.P62S,0.07095265,Rv2043c,pncA
Rv2043c_pncA.fasta,Rv2043c|pncA|pncA_p.P62S,0.07095265,Rv2043c,pncA
Rv2043c_pncA.fasta,Rv2043c|pncA|pncA_p.P62S,0.07095265,Rv2043c,pncA
Rv2043c_pncA.fasta,Rv2043c|pncA|pncA_p.P62T,0.061464004,Rv2043c,pncA
Rv2043c_pncA.fasta,Rv2043c|pncA|pncA_p.P62T,0.061464004,Rv2043c,pncA
Rv2043c_pncA.fasta,Rv2043c|pncA|pncA_p.P62T,0.061464004,Rv2043c,pncA
Rv2043c_pncA.fasta,Rv2043c|pncA|pncA_p.P62T,0.061464004,Rv2043c,pncA
Rv2043c_pncA.fasta,Rv2043c|pncA|pncA_p.P69L,0.07023318,Rv2043c,pncA
Rv2043c_pncA.fasta,Rv2043c|pncA|pncA_p.P69L,0.07023318,Rv2043c,pncA
Rv2043c_pncA.fasta,Rv2043c|pncA|pncA_p.P69L,0.07023318,Rv2043c,pncA
Rv2043c_pncA.fasta,Rv2043c|pncA|pncA_p.P69L,0.07023318,Rv2043c,pncA
Rv2043c_pncA.fasta,Rv2043c|pncA|pncA_p.P69L,0.07023318,Rv2043c,pncA
Rv2043c_pncA.fasta,Rv2043c|pncA|pncA_p.P69L,0.07023318,Rv2043c,pncA
Rv2043c_pncA.fasta,Rv2043c|pncA|pncA_p.S104R,0.093962856,Rv2043c,pncA
Rv2043c_pncA.fasta,Rv2043c|pncA|pncA_p.S104R,0.093962856,Rv2043c,pncA
Rv2043c_pncA.fasta,Rv2043c|pncA|pncA_p.S104R,0.093962856,Rv2043c,pncA
Rv2043c_pncA.fasta,Rv2043c|pncA|pncA_p.S104R,0.093962856,Rv2043c,pncA
Rv2043c_pncA.fasta,Rv2043c|pncA|pncA_p.S104R,0.093962856,Rv2043c,pncA
Rv2043c_pncA.fasta,Rv2043c|pncA|pncA_p.S104R,0.093962856,Rv2043c,pncA
Rv2043c_pncA.fasta,Rv2043c|pncA|pncA_p.S104G,0.062895395,Rv2043c,pncA
Rv2043c_pncA.fasta,Rv2043c|pncA|pncA_p.S104G,0.062895395,Rv2043c,pncA
Rv2043c_pncA.fasta,Rv2043c|pncA|pncA_p.S104G,0.062895395,Rv2043c,pncA
Rv2043c_pncA.fasta,Rv2043c|pncA|pncA_p.S104G,0.062895395,Rv2043c,pncA
Rv2043c_pncA.fasta,Rv2043c|pncA|pncA_p.S104I,0.16643979,Rv2043c,pncA
Rv2043c_pncA.fasta,Rv2043c|pncA|pncA_p.S104I,0.16643979,Rv2043c,pncA
Rv2043c_pncA.fasta,Rv2043c|pncA|pncA_p.S104I,0.16643979,Rv2043c,pncA
Rv2043c_pncA.fasta,Rv2043c|pncA|pncA_p.S164P,0.08489523,Rv2043c,pncA
Rv2043c_pncA.fasta,Rv2043c|pncA|pncA_p.S164P,0.08489523,Rv2043c,pncA
Rv2043c_pncA.fasta,Rv2043c|pncA|pncA_p.S164P,0.08489523,Rv2043c,pncA
Rv2043c_pncA.fasta,Rv2043c|pncA|pncA_p.S164P,0.08489523,Rv2043c,pncA
Rv2043c_pncA.fasta,Rv2043c|pncA|pncA_p.S59P,0.07744016,Rv2043c,pncA
Rv2043c_pncA.fasta,Rv2043c|pncA|pncA_p.S59P,0.07744016,Rv2043c,pncA
Rv2043c_pncA.fasta,Rv2043c|pncA|pncA_p.S59P,0.07744016,Rv2043c,pncA
Rv2043c_pncA.fasta,Rv2043c|pncA|pncA_p.S59P,0.07744016,Rv2043c,pncA
Rv2043c_pncA.fasta,Rv2043c|pncA|pncA_p.S66P,0.07358969,Rv2043c,pncA
Rv2043c_pncA.fasta,Rv2043c|pncA|pncA_p.S66P,0.07358969,Rv2043c,pncA
Rv2043c_pncA.fasta,Rv2043c|pncA|pncA_p.S66P,0.07358969,Rv2043c,pncA
Rv2043c_pncA.fasta,Rv2043c|pncA|pncA_p.S66P,0.07358969,Rv2043c,pncA
Rv2043c_pncA.fasta,Rv2043c|pncA|pncA_p.S67P,0.059980102,Rv2043c,pncA
Rv2043c_pncA.fasta,Rv2043c|pncA|pncA_p.S67P,0.059980102,Rv2043c,pncA
Rv2043c_pncA.fasta,Rv2043c|pncA|pncA_p.S67P,0.059980102,Rv2043c,pncA
Rv2043c_pncA.fasta,Rv2043c|pncA|pncA_p.S67P,0.059980102,Rv2043c,pncA
Rv2043c_pncA.fasta,Rv2043c|pncA|pncA_p.T100P,0.067986645,Rv2043c,pncA
Rv2043c_pncA.fasta,Rv2043c|pncA|pncA_p.T100P,0.067986645,Rv2043c,pncA
Rv2043c_pncA.fasta,Rv2043c|pncA|pncA_p.T100P,0.067986645,Rv2043c,pncA
Rv2043c_pncA.fasta,Rv2043c|pncA|pncA_p.T100P,0.067986645,Rv2043c,pncA
Rv2043c_pncA.fasta,Rv2043c|pncA|pncA_p.T114P,0.08696723,Rv2043c,pncA
Rv2043c_pncA.fasta,Rv2043c|pncA|pncA_p.T114P,0.08696723,Rv2043c,pncA
Rv2043c_pncA.fasta,Rv2043c|pncA|pncA_p.T114P,0.08696723,Rv2043c,pncA
Rv2043c_pncA.fasta,Rv2043c|pncA|pncA_p.T114P,0.08696723,Rv2043c,pncA
Rv2043c_pncA.fasta,Rv2043c|pncA|pncA_p.T135N,0.109886825,Rv2043c,pncA
Rv2043c_pncA.fasta,Rv2043c|pncA|pncA_p.T135N,0.109886825,Rv2043c,pncA
Rv2043c_pncA.fasta,Rv2043c|pncA|pncA_p.T135P,0.24728239,Rv2043c,pncA
Rv2043c_pncA.fasta,Rv2043c|pncA|pncA_p.T135P,0.24728239,Rv2043c,pncA
Rv2043c_pncA.fasta,Rv2043c|pncA|pncA_p.T135P,0.24728239,Rv2043c,pncA
Rv2043c_pncA.fasta,Rv2043c|pncA|pncA_p.T135P,0.24728239,Rv2043c,pncA
Rv2043c_pncA.fasta,Rv2043c|pncA|pncA_p.T142A,0.10423686,Rv2043c,pncA
Rv2043c_pncA.fasta,Rv2043c|pncA|pncA_p.T142A,0.10423686,Rv2043c,pncA
Rv2043c_pncA.fasta,Rv2043c|pncA|pncA_p.T142A,0.10423686,Rv2043c,pncA
Rv2043c_pncA.fasta,Rv2043c|pncA|pncA_p.T142A,0.10423686,Rv2043c,pncA
Rv2043c_pncA.fasta,Rv2043c|pncA|pncA_p.T142K,0.12767883,Rv2043c,pncA
Rv2043c_pncA.fasta,Rv2043c|pncA|pncA_p.T142K,0.12767883,Rv2043c,pncA
Rv2043c_pncA.fasta,Rv2043c|pncA|pncA_p.T142M,0.112647794,Rv2043c,pncA
Rv2043c_pncA.fasta,Rv2043c|pncA|pncA_p.T142P,0.12469112,Rv2043c,pncA
Rv2043c_pncA.fasta,Rv2043c|pncA|pncA_p.T142P,0.12469112,Rv2043c,pncA
Rv2043c_pncA.fasta,Rv2043c|pncA|pncA_p.T142P,0.12469112,Rv2043c,pncA
Rv2043c_pncA.fasta,Rv2043c|pncA|pncA_p.T142P,0.12469112,Rv2043c,pncA
Rv2043c_pncA.fasta,Rv2043c|pncA|pncA_p.T160K,0.119127825,Rv2043c,pncA
Rv2043c_pncA.fasta,Rv2043c|pncA|pncA_p.T160K,0.119127825,Rv2043c,pncA
Rv2043c_pncA.fasta,Rv2043c|pncA|pncA_p.T160P,0.06805812,Rv2043c,pncA
Rv2043c_pncA.fasta,Rv2043c|pncA|pncA_p.T160P,0.06805812,Rv2043c,pncA
Rv2043c_pncA.fasta,Rv2043c|pncA|pncA_p.T160P,0.06805812,Rv2043c,pncA
Rv2043c_pncA.fasta,Rv2043c|pncA|pncA_p.T160P,0.06805812,Rv2043c,pncA
Rv2043c_pncA.fasta,Rv2043c|pncA|pncA_p.T168P,0.093006596,Rv2043c,pncA
Rv2043c_pncA.fasta,Rv2043c|pncA|pncA_p.T168P,0.093006596,Rv2043c,pncA
Rv2043c_pncA.fasta,Rv2043c|pncA|pncA_p.T168P,0.093006596,Rv2043c,pncA
Rv2043c_pncA.fasta,Rv2043c|pncA|pncA_p.T168P,0.093006596,Rv2043c,pncA
Rv2043c_pncA.fasta,Rv2043c|pncA|pncA_p.T168P,0.093006596,Rv2043c,pncA
Rv2043c_pncA.fasta,Rv2043c|pncA|pncA_p.T177P,0.07742261,Rv2043c,pncA
Rv2043c_pncA.fasta,Rv2043c|pncA|pncA_p.T177P,0.07742261,Rv2043c,pncA
Rv2043c_pncA.fasta,Rv2043c|pncA|pncA_p.T177P,0.07742261,Rv2043c,pncA
Rv2043c_pncA.fasta,Rv2043c|pncA|pncA_p.T177P,0.07742261,Rv2043c,pncA
Rv2043c_pncA.fasta,Rv2043c|pncA|pncA_p.T47A,0.05437764,Rv2043c,pncA
Rv2043c_pncA.fasta,Rv2043c|pncA|pncA_p.T47A,0.05437764,Rv2043c,pncA
Rv2043c_pncA.fasta,Rv2043c|pncA|pncA_p.T47A,0.05437764,Rv2043c,pncA
Rv2043c_pncA.fasta,Rv2043c|pncA|pncA_p.T47A,0.05437764,Rv2043c,pncA
Rv2043c_pncA.fasta,Rv2043c|pncA|pncA_p.T47P,0.09543708,Rv2043c,pncA
Rv2043c_pncA.fasta,Rv2043c|pncA|pncA_p.T47P,0.09543708,Rv2043c,pncA
Rv2043c_pncA.fasta,Rv2043c|pncA|pncA_p.T47P,0.09543708,Rv2043c,pncA
Rv2043c_pncA.fasta,Rv2043c|pncA|pncA_p.T47P,0.09543708,Rv2043c,pncA
Rv2043c_pncA.fasta,Rv2043c|pncA|pncA_p.T61P,0.070779495,Rv2043c,pncA
Rv2043c_pncA.fasta,Rv2043c|pncA|pncA_p.T61P,0.070779495,Rv2043c,pncA
Rv2043c_pncA.fasta,Rv2043c|pncA|pncA_p.T61P,0.070779495,Rv2043c,pncA
Rv2043c_pncA.fasta,Rv2043c|pncA|pncA_p.T61P,0.070779495,Rv2043c,pncA
Rv2043c_pncA.fasta,Rv2043c|pncA|pncA_p.T76I,0.081540816,Rv2043c,pncA
Rv2043c_pncA.fasta,Rv2043c|pncA|pncA_p.T76I,0.081540816,Rv2043c,pncA
Rv2043c_pncA.fasta,Rv2043c|pncA|pncA_p.T76I,0.081540816,Rv2043c,pncA
Rv2043c_pncA.fasta,Rv2043c|pncA|pncA_p.T76P,0.07689802,Rv2043c,pncA
Rv2043c_pncA.fasta,Rv2043c|pncA|pncA_p.T76P,0.07689802,Rv2043c,pncA
Rv2043c_pncA.fasta,Rv2043c|pncA|pncA_p.T76P,0.07689802,Rv2043c,pncA
Rv2043c_pncA.fasta,Rv2043c|pncA|pncA_p.T76P,0.07689802,Rv2043c,pncA
Rv2043c_pncA.fasta,Rv2043c|pncA|pncA_p.T76P,0.07689802,Rv2043c,pncA
Rv2043c_pncA.fasta,Rv2043c|pncA|pncA_p.W119R,0.1044616,Rv2043c,pncA
Rv2043c_pncA.fasta,Rv2043c|pncA|pncA_p.W119R,0.1044616,Rv2043c,pncA
Rv2043c_pncA.fasta,Rv2043c|pncA|pncA_p.W119R,0.1044616,Rv2043c,pncA
Rv2043c_pncA.fasta,Rv2043c|pncA|pncA_p.W119R,0.1044616,Rv2043c,pncA
Rv2043c_pncA.fasta,Rv2043c|pncA|pncA_p.W119R,0.1044616,Rv2043c,pncA
Rv2043c_pncA.fasta,Rv2043c|pncA|pncA_p.W119R,0.1044616,Rv2043c,pncA
Rv2043c_pncA.fasta,Rv2043c|pncA|pncA_p.W119C,0.104850635,Rv2043c,pncA
Rv2043c_pncA.fasta,Rv2043c|pncA|pncA_p.W119C,0.104850635,Rv2043c,pncA
Rv2043c_pncA.fasta,Rv2043c|pncA|pncA_p.W119G,0.12428017,Rv2043c,pncA
Rv2043c_pncA.fasta,Rv2043c|pncA|pncA_p.W119G,0.12428017,Rv2043c,pncA
Rv2043c_pncA.fasta,Rv2043c|pncA|pncA_p.W119G,0.12428017,Rv2043c,pncA
Rv2043c_pncA.fasta,Rv2043c|pncA|pncA_p.W119G,0.12428017,Rv2043c,pncA
Rv2043c_pncA.fasta,Rv2043c|pncA|pncA_p.W119L,0.10275766,Rv2043c,pncA
Rv2043c_pncA.fasta,Rv2043c|pncA|pncA_p.W119L,0.10275766,Rv2043c,pncA
Rv2043c_pncA.fasta,Rv2043c|pncA|pncA_p.W119L,0.10275766,Rv2043c,pncA
Rv2043c_pncA.fasta,Rv2043c|pncA|pncA_p.W119L,0.10275766,Rv2043c,pncA
Rv2043c_pncA.fasta,Rv2043c|pncA|pncA_p.W119L,0.10275766,Rv2043c,pncA
Rv2043c_pncA.fasta,Rv2043c|pncA|pncA_p.W119L,0.10275766,Rv2043c,pncA
Rv2043c_pncA.fasta,Rv2043c|pncA|pncA_p.W68R,0.09711328,Rv2043c,pncA
Rv2043c_pncA.fasta,Rv2043c|pncA|pncA_p.W68R,0.09711328,Rv2043c,pncA
Rv2043c_pncA.fasta,Rv2043c|pncA|pncA_p.W68R,0.09711328,Rv2043c,pncA
Rv2043c_pncA.fasta,Rv2043c|pncA|pncA_p.W68R,0.09711328,Rv2043c,pncA
Rv2043c_pncA.fasta,Rv2043c|pncA|pncA_p.W68R,0.09711328,Rv2043c,pncA
Rv2043c_pncA.fasta,Rv2043c|pncA|pncA_p.W68R,0.09711328,Rv2043c,pncA
Rv2043c_pncA.fasta,Rv2043c|pncA|pncA_p.W68C,0.08877981,Rv2043c,pncA
Rv2043c_pncA.fasta,Rv2043c|pncA|pncA_p.W68C,0.08877981,Rv2043c,pncA
Rv2043c_pncA.fasta,Rv2043c|pncA|pncA_p.W68G,0.0847715,Rv2043c,pncA
Rv2043c_pncA.fasta,Rv2043c|pncA|pncA_p.W68G,0.0847715,Rv2043c,pncA
Rv2043c_pncA.fasta,Rv2043c|pncA|pncA_p.W68G,0.0847715,Rv2043c,pncA
Rv2043c_pncA.fasta,Rv2043c|pncA|pncA_p.W68G,0.0847715,Rv2043c,pncA
Rv2043c_pncA.fasta,Rv2043c|pncA|pncA_p.W68L,0.0980346,Rv2043c,pncA
Rv2043c_pncA.fasta,Rv2043c|pncA|pncA_p.W68L,0.0980346,Rv2043c,pncA
Rv2043c_pncA.fasta,Rv2043c|pncA|pncA_p.W68L,0.0980346,Rv2043c,pncA
Rv2043c_pncA.fasta,Rv2043c|pncA|pncA_p.W68L,0.0980346,Rv2043c,pncA
Rv2043c_pncA.fasta,Rv2043c|pncA|pncA_p.W68L,0.0980346,Rv2043c,pncA
Rv2043c_pncA.fasta,Rv2043c|pncA|pncA_p.W68L,0.0980346,Rv2043c,pncA
Rv2043c_pncA.fasta,Rv2043c|pncA|pncA_p.Y103D,0.10567934,Rv2043c,pncA
Rv2043c_pncA.fasta,Rv2043c|pncA|pncA_p.Y103D,0.10567934,Rv2043c,pncA
Rv2043c_pncA.fasta,Rv2043c|pncA|pncA_p.Y103C,0.07418726,Rv2043c,pncA
Rv2043c_pncA.fasta,Rv2043c|pncA|pncA_p.Y103C,0.07418726,Rv2043c,pncA
Rv2043c_pncA.fasta,Rv2043c|pncA|pncA_p.Y103H,0.08186246,Rv2043c,pncA
Rv2043c_pncA.fasta,Rv2043c|pncA|pncA_p.Y103H,0.08186246,Rv2043c,pncA
Rv2043c_pncA.fasta,Rv2043c|pncA|pncA_p.Y34D,0.13851586,Rv2043c,pncA
Rv2043c_pncA.fasta,Rv2043c|pncA|pncA_p.Y34D,0.13851586,Rv2043c,pncA
Rv2043c_pncA.fasta,Rv2043c|pncA|pncA_p.Y34S,0.09893196,Rv2043c,pncA
Rv2043c_pncA.fasta,Rv2043c|pncA|pncA_p.Y34S,0.09893196,Rv2043c,pncA
Rv2043c_pncA.fasta,Rv2043c|pncA|pncA_p.Y34S,0.09893196,Rv2043c,pncA
Rv2043c_pncA.fasta,Rv2043c|pncA|pncA_p.Y34S,0.09893196,Rv2043c,pncA
Rv2043c_pncA.fasta,Rv2043c|pncA|pncA_p.Y34S,0.09893196,Rv2043c,pncA
Rv2043c_pncA.fasta,Rv2043c|pncA|pncA_p.Y34S,0.09893196,Rv2043c,pncA
Rv2043c_pncA.fasta,Rv2043c|pncA|pncA_p.Y64D,0.094978765,Rv2043c,pncA
Rv2043c_pncA.fasta,Rv2043c|pncA|pncA_p.Y64D,0.094978765,Rv2043c,pncA
Rv2043c_pncA.fasta,Rv2043c|pncA|pncA_p.Y95D,0.15290652,Rv2043c,pncA
Rv2043c_pncA.fasta,Rv2043c|pncA|pncA_p.Y95D,0.15290652,Rv2043c,pncA
Rv2043c_pncA.fasta,Rv2043c|pncA|pncA_p.V125G,0.37917012,Rv2043c,pncA
Rv2043c_pncA.fasta,Rv2043c|pncA|pncA_p.V125G,0.37917012,Rv2043c,pncA
Rv2043c_pncA.fasta,Rv2043c|pncA|pncA_p.V125G,0.37917012,Rv2043c,pncA
Rv2043c_pncA.fasta,Rv2043c|pncA|pncA_p.V125G,0.37917012,Rv2043c,pncA
Rv2043c_pncA.fasta,Rv2043c|pncA|pncA_p.V125F,0.24660169,Rv2043c,pncA
Rv2043c_pncA.fasta,Rv2043c|pncA|pncA_p.V125F,0.24660169,Rv2043c,pncA
Rv2043c_pncA.fasta,Rv2043c|pncA|pncA_p.V128G,0.64169645,Rv2043c,pncA
Rv2043c_pncA.fasta,Rv2043c|pncA|pncA_p.V128G,0.64169645,Rv2043c,pncA
Rv2043c_pncA.fasta,Rv2043c|pncA|pncA_p.V128G,0.64169645,Rv2043c,pncA
Rv2043c_pncA.fasta,Rv2043c|pncA|pncA_p.V128G,0.64169645,Rv2043c,pncA
Rv2043c_pncA.fasta,Rv2043c|pncA|pncA_p.V130G,0.32959402,Rv2043c,pncA
Rv2043c_pncA.fasta,Rv2043c|pncA|pncA_p.V130G,0.32959402,Rv2043c,pncA
Rv2043c_pncA.fasta,Rv2043c|pncA|pncA_p.V130G,0.32959402,Rv2043c,pncA
Rv2043c_pncA.fasta,Rv2043c|pncA|pncA_p.V130G,0.32959402,Rv2043c,pncA
Rv2043c_pncA.fasta,Rv2043c|pncA|pncA_p.V130M,0.11041785,Rv2043c,pncA
Rv2043c_pncA.fasta,Rv2043c|pncA|pncA_p.V131G,0.16966529,Rv2043c,pncA
Rv2043c_pncA.fasta,Rv2043c|pncA|pncA_p.V131G,0.16966529,Rv2043c,pncA
Rv2043c_pncA.fasta,Rv2043c|pncA|pncA_p.V131G,0.16966529,Rv2043c,pncA
Rv2043c_pncA.fasta,Rv2043c|pncA|pncA_p.V131G,0.16966529,Rv2043c,pncA
Rv2043c_pncA.fasta,Rv2043c|pncA|pncA_p.V131F,0.09788977,Rv2043c,pncA
Rv2043c_pncA.fasta,Rv2043c|pncA|pncA_p.V131F,0.09788977,Rv2043c,pncA
Rv2043c_pncA.fasta,Rv2043c|pncA|pncA_p.V139A,0.098894976,Rv2043c,pncA
Rv2043c_pncA.fasta,Rv2043c|pncA|pncA_p.V139A,0.098894976,Rv2043c,pncA
Rv2043c_pncA.fasta,Rv2043c|pncA|pncA_p.V139A,0.098894976,Rv2043c,pncA
Rv2043c_pncA.fasta,Rv2043c|pncA|pncA_p.V139A,0.098894976,Rv2043c,pncA
Rv2043c_pncA.fasta,Rv2043c|pncA|pncA_p.V139G,0.16367425,Rv2043c,pncA
Rv2043c_pncA.fasta,Rv2043c|pncA|pncA_p.V139G,0.16367425,Rv2043c,pncA
Rv2043c_pncA.fasta,Rv2043c|pncA|pncA_p.V139G,0.16367425,Rv2043c,pncA
Rv2043c_pncA.fasta,Rv2043c|pncA|pncA_p.V139G,0.16367425,Rv2043c,pncA
Rv2043c_pncA.fasta,Rv2043c|pncA|pncA_p.V139L,0.055355217,Rv2043c,pncA
Rv2043c_pncA.fasta,Rv2043c|pncA|pncA_p.V139L,0.055355217,Rv2043c,pncA
Rv2043c_pncA.fasta,Rv2043c|pncA|pncA_p.V139L,0.055355217,Rv2043c,pncA
Rv2043c_pncA.fasta,Rv2043c|pncA|pncA_p.V139L,0.055355217,Rv2043c,pncA
Rv2043c_pncA.fasta,Rv2043c|pncA|pncA_p.V139L,0.055355217,Rv2043c,pncA
Rv2043c_pncA.fasta,Rv2043c|pncA|pncA_p.V139L,0.055355217,Rv2043c,pncA
Rv2043c_pncA.fasta,Rv2043c|pncA|pncA_p.V139M,0.0859528,Rv2043c,pncA
Rv2043c_pncA.fasta,Rv2043c|pncA|pncA_p.V155A,0.1377345,Rv2043c,pncA
Rv2043c_pncA.fasta,Rv2043c|pncA|pncA_p.V155A,0.1377345,Rv2043c,pncA
Rv2043c_pncA.fasta,Rv2043c|pncA|pncA_p.V155A,0.1377345,Rv2043c,pncA
Rv2043c_pncA.fasta,Rv2043c|pncA|pncA_p.V155A,0.1377345,Rv2043c,pncA
Rv2043c_pncA.fasta,Rv2043c|pncA|pncA_p.V155G,0.20716496,Rv2043c,pncA
Rv2043c_pncA.fasta,Rv2043c|pncA|pncA_p.V155G,0.20716496,Rv2043c,pncA
Rv2043c_pncA.fasta,Rv2043c|pncA|pncA_p.V155G,0.20716496,Rv2043c,pncA
Rv2043c_pncA.fasta,Rv2043c|pncA|pncA_p.V155G,0.20716496,Rv2043c,pncA
Rv2043c_pncA.fasta,Rv2043c|pncA|pncA_p.V155M,0.10811973,Rv2043c,pncA
Rv2043c_pncA.fasta,Rv2043c|pncA|pncA_p.V163A,0.053480245,Rv2043c,pncA
Rv2043c_pncA.fasta,Rv2043c|pncA|pncA_p.V163A,0.053480245,Rv2043c,pncA
Rv2043c_pncA.fasta,Rv2043c|pncA|pncA_p.V163A,0.053480245,Rv2043c,pncA
Rv2043c_pncA.fasta,Rv2043c|pncA|pncA_p.V163A,0.053480245,Rv2043c,pncA
Rv2043c_pncA.fasta,Rv2043c|pncA|pncA_p.V180A,0.08486355,Rv2043c,pncA
Rv2043c_pncA.fasta,Rv2043c|pncA|pncA_p.V180A,0.08486355,Rv2043c,pncA
Rv2043c_pncA.fasta,Rv2043c|pncA|pncA_p.V180A,0.08486355,Rv2043c,pncA
Rv2043c_pncA.fasta,Rv2043c|pncA|pncA_p.V180A,0.08486355,Rv2043c,pncA
Rv2043c_pncA.fasta,Rv2043c|pncA|pncA_p.V180G,0.10929173,Rv2043c,pncA
Rv2043c_pncA.fasta,Rv2043c|pncA|pncA_p.V180G,0.10929173,Rv2043c,pncA
Rv2043c_pncA.fasta,Rv2043c|pncA|pncA_p.V180G,0.10929173,Rv2043c,pncA
Rv2043c_pncA.fasta,Rv2043c|pncA|pncA_p.V180G,0.10929173,Rv2043c,pncA
Rv2043c_pncA.fasta,Rv2043c|pncA|pncA_p.V180F,0.07253073,Rv2043c,pncA
Rv2043c_pncA.fasta,Rv2043c|pncA|pncA_p.V180F,0.07253073,Rv2043c,pncA
Rv2043c_pncA.fasta,Rv2043c|pncA|pncA_p.V21G,0.10762057,Rv2043c,pncA
Rv2043c_pncA.fasta,Rv2043c|pncA|pncA_p.V21G,0.10762057,Rv2043c,pncA
Rv2043c_pncA.fasta,Rv2043c|pncA|pncA_p.V21G,0.10762057,Rv2043c,pncA
Rv2043c_pncA.fasta,Rv2043c|pncA|pncA_p.V21G,0.10762057,Rv2043c,pncA
Rv2043c_pncA.fasta,Rv2043c|pncA|pncA_p.V44G,0.1413268,Rv2043c,pncA
Rv2043c_pncA.fasta,Rv2043c|pncA|pncA_p.V44G,0.1413268,Rv2043c,pncA
Rv2043c_pncA.fasta,Rv2043c|pncA|pncA_p.V44G,0.1413268,Rv2043c,pncA
Rv2043c_pncA.fasta,Rv2043c|pncA|pncA_p.V44G,0.1413268,Rv2043c,pncA
Rv2043c_pncA.fasta,Rv2043c|pncA|pncA_p.V7A,0.15229431,Rv2043c,pncA
Rv2043c_pncA.fasta,Rv2043c|pncA|pncA_p.V7A,0.15229431,Rv2043c,pncA
Rv2043c_pncA.fasta,Rv2043c|pncA|pncA_p.V7A,0.15229431,Rv2043c,pncA
Rv2043c_pncA.fasta,Rv2043c|pncA|pncA_p.V7A,0.15229431,Rv2043c,pncA
Rv2043c_pncA.fasta,Rv2043c|pncA|pncA_p.V7G,0.4267308,Rv2043c,pncA
Rv2043c_pncA.fasta,Rv2043c|pncA|pncA_p.V7G,0.4267308,Rv2043c,pncA
Rv2043c_pncA.fasta,Rv2043c|pncA|pncA_p.V7G,0.4267308,Rv2043c,pncA
Rv2043c_pncA.fasta,Rv2043c|pncA|pncA_p.V7G,0.4267308,Rv2043c,pncA
Rv2043c_pncA.fasta,Rv2043c|pncA|pncA_p.V7L,0.07015645,Rv2043c,pncA
Rv2043c_pncA.fasta,Rv2043c|pncA|pncA_p.V7L,0.07015645,Rv2043c,pncA
Rv2043c_pncA.fasta,Rv2043c|pncA|pncA_p.V7L,0.07015645,Rv2043c,pncA
Rv2043c_pncA.fasta,Rv2043c|pncA|pncA_p.V7L,0.07015645,Rv2043c,pncA
Rv2043c_pncA.fasta,Rv2043c|pncA|pncA_p.V7L,0.07015645,Rv2043c,pncA
Rv2043c_pncA.fasta,Rv2043c|pncA|pncA_p.V7L,0.07015645,Rv2043c,pncA
Rv2043c_pncA.fasta,Rv2043c|pncA|pncA_p.V7F,0.2485535,Rv2043c,pncA
Rv2043c_pncA.fasta,Rv2043c|pncA|pncA_p.V7F,0.2485535,Rv2043c,pncA
Rv2043c_pncA.fasta,Rv2043c|pncA|pncA_p.V93A,0.07738254,Rv2043c,pncA
Rv2043c_pncA.fasta,Rv2043c|pncA|pncA_p.V93A,0.07738254,Rv2043c,pncA
Rv2043c_pncA.fasta,Rv2043c|pncA|pncA_p.V93A,0.07738254,Rv2043c,pncA
Rv2043c_pncA.fasta,Rv2043c|pncA|pncA_p.V93A,0.07738254,Rv2043c,pncA
Rv2043c_pncA.fasta,Rv2043c|pncA|pncA_p.V93L,0.060658876,Rv2043c,pncA
Rv2043c_pncA.fasta,Rv2043c|pncA|pncA_p.V93L,0.060658876,Rv2043c,pncA
Rv2043c_pncA.fasta,Rv2043c|pncA|pncA_p.V93L,0.060658876,Rv2043c,pncA
Rv2043c_pncA.fasta,Rv2043c|pncA|pncA_p.V93L,0.060658876,Rv2043c,pncA
Rv2043c_pncA.fasta,Rv2043c|pncA|pncA_p.V93L,0.060658876,Rv2043c,pncA
Rv2043c_pncA.fasta,Rv2043c|pncA|pncA_p.V93L,0.060658876,Rv2043c,pncA
Rv2043c_pncA.fasta,Rv2043c|pncA|pncA_p.V9G,0.27167842,Rv2043c,pncA
Rv2043c_pncA.fasta,Rv2043c|pncA|pncA_p.V9G,0.27167842,Rv2043c,pncA
Rv2043c_pncA.fasta,Rv2043c|pncA|pncA_p.V9G,0.27167842,Rv2043c,pncA
Rv2043c_pncA.fasta,Rv2043c|pncA|pncA_p.V9G,0.27167842,Rv2043c,pncA
Rv3547_ddn.fasta,Rv3547|ddn|ddn_p.L49P,0.19700122,Rv3547,ddn
Rv3547_ddn.fasta,Rv3547|ddn|ddn_p.L49P,0.19700122,Rv3547,ddn
Rv3547_ddn.fasta,Rv3547|ddn|ddn_p.L49P,0.19700122,Rv3547,ddn
Rv3547_ddn.fasta,Rv3547|ddn|ddn_p.L49P,0.19700122,Rv3547,ddn
Rv3795_embB.fasta,Rv3795|embB|embB_p.D328Y,0.029852536,Rv3795,embB
Rv3795_embB.fasta,Rv3795|embB|embB_p.D328Y,0.029852536,Rv3795,embB
Rv3795_embB.fasta,Rv3795|embB|embB_p.D354A,0.025193622,Rv3795,embB
Rv3795_embB.fasta,Rv3795|embB|embB_p.D354A,0.025193622,Rv3795,embB
Rv3795_embB.fasta,Rv3795|embB|embB_p.D354A,0.025193622,Rv3795,embB
Rv3795_embB.fasta,Rv3795|embB|embB_p.D354A,0.025193622,Rv3795,embB
Rv3795_embB.fasta,Rv3795|embB|embB_p.D354A,0.025193622,Rv3795,embB
Rv3795_embB.fasta,Rv3795|embB|embB_p.Q497R,0.02046883,Rv3795,embB
Rv3795_embB.fasta,Rv3795|embB|embB_p.Q497R,0.02046883,Rv3795,embB
Rv3795_embB.fasta,Rv3795|embB|embB_p.Q497R,0.02046883,Rv3795,embB
Rv3795_embB.fasta,Rv3795|embB|embB_p.Q497R,0.02046883,Rv3795,embB
Rv3795_embB.fasta,Rv3795|embB|embB_p.Q497R,0.02046883,Rv3795,embB
Rv3795_embB.fasta,Rv3795|embB|embB_p.Q497R,0.02046883,Rv3795,embB
Rv3795_embB.fasta,Rv3795|embB|embB_p.Q497R,0.02046883,Rv3795,embB
Rv3795_embB.fasta,Rv3795|embB|embB_p.Q497K,0.022548094,Rv3795,embB
Rv3795_embB.fasta,Rv3795|embB|embB_p.Q497K,0.022548094,Rv3795,embB
Rv3795_embB.fasta,Rv3795|embB|embB_p.G406A,0.010349628,Rv3795,embB
Rv3795_embB.fasta,Rv3795|embB|embB_p.G406A,0.010349628,Rv3795,embB
Rv3795_embB.fasta,Rv3795|embB|embB_p.G406A,0.010349628,Rv3795,embB
Rv3795_embB.fasta,Rv3795|embB|embB_p.G406A,0.010349628,Rv3795,embB
Rv3795_embB.fasta,Rv3795|embB|embB_p.G406D,0.019391125,Rv3795,embB
Rv3795_embB.fasta,Rv3795|embB|embB_p.G406D,0.019391125,Rv3795,embB
Rv3795_embB.fasta,Rv3795|embB|embB_p.G406C,0.025676303,Rv3795,embB
Rv3795_embB.fasta,Rv3795|embB|embB_p.G406C,0.025676303,Rv3795,embB
Rv3795_embB.fasta,Rv3795|embB|embB_p.G406S,0.0097194,Rv3795,embB
Rv3795_embB.fasta,Rv3795|embB|embB_p.G406S,0.0097194,Rv3795,embB
Rv3795_embB.fasta,Rv3795|embB|embB_p.G406S,0.0097194,Rv3795,embB
Rv3795_embB.fasta,Rv3795|embB|embB_p.G406S,0.0097194,Rv3795,embB
Rv3795_embB.fasta,Rv3795|embB|embB_p.G406S,0.0097194,Rv3795,embB
Rv3795_embB.fasta,Rv3795|embB|embB_p.G406S,0.0097194,Rv3795,embB
Rv3795_embB.fasta,Rv3795|embB|embB_p.M306I,0.0171711,Rv3795,embB
Rv3795_embB.fasta,Rv3795|embB|embB_p.M306I,0.0171711,Rv3795,embB
Rv3795_embB.fasta,Rv3795|embB|embB_p.M306I,0.0171711,Rv3795,embB
Rv3795_embB.fasta,Rv3795|embB|embB_p.M306I,0.0171711,Rv3795,embB
Rv3795_embB.fasta,Rv3795|embB|embB_p.M306L,0.01683083,Rv3795,embB
Rv3795_embB.fasta,Rv3795|embB|embB_p.M306L,0.01683083,Rv3795,embB
Rv3795_embB.fasta,Rv3795|embB|embB_p.M306L,0.01683083,Rv3795,embB
Rv3795_embB.fasta,Rv3795|embB|embB_p.M306L,0.01683083,Rv3795,embB
Rv3795_embB.fasta,Rv3795|embB|embB_p.M306L,0.01683083,Rv3795,embB
Rv3795_embB.fasta,Rv3795|embB|embB_p.M306L,0.01683083,Rv3795,embB
Rv3795_embB.fasta,Rv3795|embB|embB_p.M306V,0.018260924,Rv3795,embB
Rv3795_embB.fasta,Rv3795|embB|embB_p.M306V,0.018260924,Rv3795,embB
Rv3795_embB.fasta,Rv3795|embB|embB_p.M306V,0.018260924,Rv3795,embB
Rv3795_embB.fasta,Rv3795|embB|embB_p.M306V,0.018260924,Rv3795,embB
Rv3795_embB.fasta,Rv3795|embB|embB_p.Y319C,0.06320422,Rv3795,embB
Rv3795_embB.fasta,Rv3795|embB|embB_p.Y319C,0.06320422,Rv3795,embB
Rv3795_embB.fasta,Rv3795|embB|embB_p.Y319S,0.02809287,Rv3795,embB
Rv3795_embB.fasta,Rv3795|embB|embB_p.Y319S,0.02809287,Rv3795,embB
Rv3795_embB.fasta,Rv3795|embB|embB_p.Y319S,0.02809287,Rv3795,embB
Rv3795_embB.fasta,Rv3795|embB|embB_p.Y319S,0.02809287,Rv3795,embB
Rv3795_embB.fasta,Rv3795|embB|embB_p.Y319S,0.02809287,Rv3795,embB
Rv3795_embB.fasta,Rv3795|embB|embB_p.Y319S,0.02809287,Rv3795,embB
Rv3854c_ethA.fasta,Rv3854c|ethA|ethA_p.A341V,0.087010615,Rv3854c,ethA
Rv3854c_ethA.fasta,Rv3854c|ethA|ethA_p.A341V,0.087010615,Rv3854c,ethA
Rv3854c_ethA.fasta,Rv3854c|ethA|ethA_p.A341V,0.087010615,Rv3854c,ethA
Rv3854c_ethA.fasta,Rv3854c|ethA|ethA_p.A341V,0.087010615,Rv3854c,ethA
Rv3854c_ethA.fasta,Rv3854c|ethA|ethA_p.R207G,0.043315433,Rv3854c,ethA
Rv3854c_ethA.fasta,Rv3854c|ethA|ethA_p.R207G,0.043315433,Rv3854c,ethA
Rv3854c_ethA.fasta,Rv3854c|ethA|ethA_p.R207G,0.043315433,Rv3854c,ethA
Rv3854c_ethA.fasta,Rv3854c|ethA|ethA_p.R207G,0.043315433,Rv3854c,ethA
Rv3854c_ethA.fasta,Rv3854c|ethA|ethA_p.N379D,0.04686356,Rv3854c,ethA
Rv3854c_ethA.fasta,Rv3854c|ethA|ethA_p.N379D,0.04686356,Rv3854c,ethA
Rv3854c_ethA.fasta,Rv3854c|ethA|ethA_p.C403Y,0.049021516,Rv3854c,ethA
Rv3854c_ethA.fasta,Rv3854c|ethA|ethA_p.C403Y,0.049021516,Rv3854c,ethA
Rv3854c_ethA.fasta,Rv3854c|ethA|ethA_p.L35R,0.06240039,Rv3854c,ethA
Rv3854c_ethA.fasta,Rv3854c|ethA|ethA_p.L35R,0.06240039,Rv3854c,ethA
Rv3854c_ethA.fasta,Rv3854c|ethA|ethA_p.L35R,0.06240039,Rv3854c,ethA
Rv3854c_ethA.fasta,Rv3854c|ethA|ethA_p.L35R,0.06240039,Rv3854c,ethA
Rv3854c_ethA.fasta,Rv3854c|ethA|ethA_p.L35R,0.06240039,Rv3854c,ethA
Rv3854c_ethA.fasta,Rv3854c|ethA|ethA_p.L35R,0.06240039,Rv3854c,ethA
Rv3854c_ethA.fasta,Rv3854c|ethA|ethA_p.S390F,0.03191056,Rv3854c,ethA
Rv3854c_ethA.fasta,Rv3854c|ethA|ethA_p.S390F,0.03191056,Rv3854c,ethA
Rv3854c_ethA.fasta,Rv3854c|ethA|ethA_p.S57Y,0.034045316,Rv3854c,ethA
Rv3854c_ethA.fasta,Rv3854c|ethA|ethA_p.S57Y,0.034045316,Rv3854c,ethA
Rv3854c_ethA.fasta,Rv3854c|ethA|ethA_p.T88I,0.04183272,Rv3854c,ethA
Rv3854c_ethA.fasta,Rv3854c|ethA|ethA_p.T88I,0.04183272,Rv3854c,ethA
Rv3854c_ethA.fasta,Rv3854c|ethA|ethA_p.T88I,0.04183272,Rv3854c,ethA
Rv3854c_ethA.fasta,Rv3854c|ethA|ethA_p.V202G,0.06681281,Rv3854c,ethA
Rv3854c_ethA.fasta,Rv3854c|ethA|ethA_p.V202G,0.06681281,Rv3854c,ethA
Rv3854c_ethA.fasta,Rv3854c|ethA|ethA_p.V202G,0.06681281,Rv3854c,ethA
Rv3854c_ethA.fasta,Rv3854c|ethA|ethA_p.V202G,0.06681281,Rv3854c,ethA
Rv3919c_gid.fasta,Rv3919c|gid|gid_p.A134E,0.21033575,Rv3919c,gid
Rv3919c_gid.fasta,Rv3919c|gid|gid_p.A134E,0.21033575,Rv3919c,gid
Rv3919c_gid.fasta,Rv3919c|gid|gid_p.A200E,0.07067988,Rv3919c,gid
Rv3919c_gid.fasta,Rv3919c|gid|gid_p.A200E,0.07067988,Rv3919c,gid
Rv3919c_gid.fasta,Rv3919c|gid|gid_p.D67H,0.10952591,Rv3919c,gid
Rv3919c_gid.fasta,Rv3919c|gid|gid_p.D67H,0.10952591,Rv3919c,gid
Rv3919c_gid.fasta,Rv3919c|gid|gid_p.G73A,0.09821946,Rv3919c,gid
Rv3919c_gid.fasta,Rv3919c|gid|gid_p.G73A,0.09821946,Rv3919c,gid
Rv3919c_gid.fasta,Rv3919c|gid|gid_p.G73A,0.09821946,Rv3919c,gid
Rv3919c_gid.fasta,Rv3919c|gid|gid_p.G73A,0.09821946,Rv3919c,gid
Rv3919c_gid.fasta,Rv3919c|gid|gid_p.G73E,0.17687939,Rv3919c,gid
Rv3919c_gid.fasta,Rv3919c|gid|gid_p.G73E,0.17687939,Rv3919c,gid
Rv3919c_gid.fasta,Rv3919c|gid|gid_p.H48Q,0.055231325,Rv3919c,gid
Rv3919c_gid.fasta,Rv3919c|gid|gid_p.H48Q,0.055231325,Rv3919c,gid
Rv3919c_gid.fasta,Rv3919c|gid|gid_p.P84L,0.10901623,Rv3919c,gid
Rv3919c_gid.fasta,Rv3919c|gid|gid_p.P84L,0.10901623,Rv3919c,gid
Rv3919c_gid.fasta,Rv3919c|gid|gid_p.P84L,0.10901623,Rv3919c,gid
Rv3919c_gid.fasta,Rv3919c|gid|gid_p.P84L,0.10901623,Rv3919c,gid
Rv3919c_gid.fasta,Rv3919c|gid|gid_p.P84L,0.10901623,Rv3919c,gid
Rv3919c_gid.fasta,Rv3919c|gid|gid_p.P84L,0.10901623,Rv3919c,gid
Rv3919c_gid.fasta,Rv3919c|gid|gid_p.S70N,0.085142575,Rv3919c,gid
Rv3919c_gid.fasta,Rv3919c|gid|gid_p.S70N,0.085142575,Rv3919c,gid
Rv3919c_gid.fasta,Rv3919c|gid|gid_p.V105E,0.071976,Rv3919c,gid
Rv3919c_gid.fasta,Rv3919c|gid|gid_p.V105E,0.071976,Rv3919c,gid
